file,activity,binary_class,Fall_Probability,Predicted_Class,Actual_Class
FallingForwards_p1_1_35sek_20260206_113359.parquet,Fall,Fall,0.0,0,1
FallingForwards_p1_1_35sek_20260206_113359.parquet,Fall,Fall,0.0,0,1
FallingForwards_p1_1_35sek_20260206_113359.parquet,Fall,Fall,0.0,0,1
FallingForwards_p1_1_35sek_20260206_113359.parquet,Fall,Fall,0.0,0,1
FallingForwards_p1_1_35sek_20260206_113359.parquet,Fall,Fall,0.0,0,1
FallingForwards_p1_1_35sek_20260206_113359.parquet,Fall,Fall,0.0,0,1
FallingForwards_p1_1_35sek_20260206_113359.parquet,Fall,Fall,0.0,0,1
FallingForwards_p1_1_35sek_20260206_113359.parquet,Fall,Fall,0.0,0,1
FallingForwards_p1_1_35sek_20260206_113359.parquet,Fall,Fall,0.0,0,1
FallingForwards_p1_1_35sek_20260206_113359.parquet,Fall,Fall,0.0,0,1
FallingForwards_p1_1_35sek_20260206_113359.parquet,Fall,Fall,0.0,0,1
FallingForwards_p1_1_35sek_20260206_113359.parquet,Fall,Fall,0.0,0,1
FallingForwards_p1_1_35sek_20260206_113359.parquet,Fall,Fall,0.0,0,1
FallingForwards_p1_1_35sek_20260206_113359.parquet,Fall,Fall,0.0,0,1
FallingForwards_p1_1_35sek_20260206_113359.parquet,Fall,Fall,0.0,0,1
FallingForwards_p1_1_35sek_20260206_113359.parquet,Fall,Fall,0.0,0,1
FallingForwards_p1_1_35sek_20260206_113359.parquet,Fall,Fall,0.0,0,1
FallingForwards_p1_1_35sek_20260206_113359.parquet,Fall,Fall,0.0,0,1
FallingForwards_p1_1_35sek_20260206_113359.parquet,Fall,Fall,0.0,0,1
FallingForwards_p1_1_35sek_20260206_113359.parquet,Fall,Fall,0.0,0,1
FallingForwards_p1_1_35sek_20260206_113359.parquet,Fall,Fall,0.0,0,1
FallingForwards_p1_1_35sek_20260206_113359.parquet,Fall,Fall,0.0,0,1
FallingForwards_p1_1_35sek_20260206_113359.parquet,Fall,Fall,0.0,0,1
FallingForwards_p1_1_35sek_20260206_113359.parquet,Fall,Fall,0.0,0,1
FallingForwards_p1_1_35sek_20260206_113359.parquet,Fall,Fall,0.0,0,1
FallingForwards_p1_1_35sek_20260206_113359.parquet,Fall,Fall,0.0,0,1
FallingForwards_p1_1_35sek_20260206_113359.parquet,Fall,Fall,0.0,0,1
FallingForwards_p1_1_35sek_20260206_113359.parquet,Fall,Fall,0.0,0,1
FallingForwards_p1_1_35sek_20260206_113359.parquet,Fall,Fall,0.0,0,1
FallingForwards_p1_1_35sek_20260206_113359.parquet,Fall,Fall,0.0,0,1
FallingForwards_p1_1_35sek_20260206_113359.parquet,Fall,Fall,0.0,0,1
FallingForwards_p1_1_35sek_20260206_113359.parquet,Fall,Fall,0.0,0,1
FallingForwards_p1_1_35sek_20260206_113359.parquet,Fall,Fall,0.0,0,1
FallingForwards_p1_1_35sek_20260206_113359.parquet,Fall,Fall,0.0,0,1
FallingForwards_p1_1_35sek_20260206_113359.parquet,Fall,Fall,0.0,0,1
FallingForwards_p1_1_35sek_20260206_113359.parquet,Fall,Fall,0.01,0,1
FallingForwards_p4_1_35sek_20260206_115209.parquet,Fall,Fall,0.0,0,1
FallingForwards_p4_1_35sek_20260206_115209.parquet,Fall,Fall,0.0,0,1
FallingForwards_p4_1_35sek_20260206_115209.parquet,Fall,Fall,0.0,0,1
FallingForwards_p4_1_35sek_20260206_115209.parquet,Fall,Fall,0.0,0,1
FallingForwards_p4_1_35sek_20260206_115209.parquet,Fall,Fall,0.0,0,1
FallingForwards_p4_1_35sek_20260206_115209.parquet,Fall,Fall,0.0,0,1
FallingForwards_p4_1_35sek_20260206_115209.parquet,Fall,Fall,0.0,0,1
FallingForwards_p4_1_35sek_20260206_115209.parquet,Fall,Fall,0.0,0,1
FallingForwards_p4_1_35sek_20260206_115209.parquet,Fall,Fall,0.0,0,1
FallingForwards_p4_1_35sek_20260206_115209.parquet,Fall,Fall,0.0,0,1
FallingForwards_p4_1_35sek_20260206_115209.parquet,Fall,Fall,0.0,0,1
FallingForwards_p4_1_35sek_20260206_115209.parquet,Fall,Fall,0.0,0,1
FallingForwards_p4_1_35sek_20260206_115209.parquet,Fall,Fall,0.0,0,1
FallingForwards_p4_1_35sek_20260206_115209.parquet,Fall,Fall,0.0,0,1
FallingForwards_p4_1_35sek_20260206_115209.parquet,Fall,Fall,0.0,0,1
FallingForwards_p4_1_35sek_20260206_115209.parquet,Fall,Fall,0.0,0,1
FallingForwards_p4_1_35sek_20260206_115209.parquet,Fall,Fall,0.0,0,1
FallingForwards_p4_1_35sek_20260206_115209.parquet,Fall,Fall,0.0,0,1
FallingForwards_p4_1_35sek_20260206_115209.parquet,Fall,Fall,0.0,0,1
FallingForwards_p4_1_35sek_20260206_115209.parquet,Fall,Fall,0.0,0,1
FallingForwards_p4_1_35sek_20260206_115209.parquet,Fall,Fall,0.0,0,1
FallingForwards_p4_1_35sek_20260206_115209.parquet,Fall,Fall,0.0,0,1
FallingForwards_p4_1_35sek_20260206_115209.parquet,Fall,Fall,0.0,0,1
FallingForwards_p4_1_35sek_20260206_115209.parquet,Fall,Fall,0.0,0,1
FallingForwards_p4_1_35sek_20260206_115209.parquet,Fall,Fall,0.0,0,1
FallingForwards_p4_1_35sek_20260206_115209.parquet,Fall,Fall,0.0,0,1
FallingForwards_p4_1_35sek_20260206_115209.parquet,Fall,Fall,0.0,0,1
FallingForwards_p4_1_35sek_20260206_115209.parquet,Fall,Fall,0.0,0,1
FallingForwards_p4_1_35sek_20260206_115209.parquet,Fall,Fall,0.05,0,1
FallingForwards_p4_1_35sek_20260206_115209.parquet,Fall,Fall,0.51,1,1
FallingForwards_p4_1_35sek_20260206_115209.parquet,Fall,Fall,0.95,1,1
FallingForwards_p4_1_35sek_20260206_115209.parquet,Fall,Fall,0.85,1,1
FallingForwards_p4_1_35sek_20260206_115209.parquet,Fall,Fall,0.96,1,1
FallingForwards_p4_1_35sek_20260206_115209.parquet,Fall,Fall,0.99,1,1
FallingForwards_p4_1_35sek_20260206_115209.parquet,Fall,Fall,0.98,1,1
FallingForwards_p4_1_35sek_20260206_115209.parquet,Fall,Fall,0.99,1,1
FallingForwards_p4_1_35sek_20260206_115209.parquet,Fall,Fall,0.99,1,1
FallingForwards_p4_1_35sek_20260206_115209.parquet,Fall,Fall,0.99,1,1
FallingForwards_p4_1_35sek_20260206_115209.parquet,Fall,Fall,0.96,1,1
FallingForwards_p4_1_35sek_20260206_115209.parquet,Fall,Fall,0.99,1,1
FallingForwards_p4_1_35sek_20260206_115209.parquet,Fall,Fall,1.0,1,1
FallingForwards_p4_1_35sek_20260206_115209.parquet,Fall,Fall,0.99,1,1
FallingForwards_p4_1_35sek_20260206_115209.parquet,Fall,Fall,0.98,1,1
FallingForwards_p4_1_35sek_20260206_115209.parquet,Fall,Fall,0.99,1,1
FallingForwards_p4_1_35sek_20260206_115209.parquet,Fall,Fall,0.92,1,1
FallingForwards_p4_1_35sek_20260206_115209.parquet,Fall,Fall,0.95,1,1
FallingForwards_p4_1_35sek_20260206_115209.parquet,Fall,Fall,0.87,1,1
FallingForwards_p4_1_35sek_20260206_115209.parquet,Fall,Fall,0.98,1,1
FallingForwards_p4_1_35sek_20260206_115209.parquet,Fall,Fall,0.99,1,1
FallingForwards_p4_1_35sek_20260206_115209.parquet,Fall,Fall,0.94,1,1
FallingForwards_p4_1_35sek_20260206_115209.parquet,Fall,Fall,0.97,1,1
FallingForwards_p4_1_35sek_20260206_115209.parquet,Fall,Fall,1.0,1,1
FallingForwards_p4_1_35sek_20260206_115209.parquet,Fall,Fall,0.99,1,1
FallingForwards_p4_1_35sek_20260206_115209.parquet,Fall,Fall,1.0,1,1
FallingForwards_p4_1_35sek_20260206_115209.parquet,Fall,Fall,0.93,1,1
FallingForwards_p4_2_35sek_20260206_115310.parquet,Fall,Fall,0.0,0,1
FallingForwards_p4_2_35sek_20260206_115310.parquet,Fall,Fall,0.0,0,1
FallingForwards_p4_2_35sek_20260206_115310.parquet,Fall,Fall,0.0,0,1
FallingForwards_p4_2_35sek_20260206_115310.parquet,Fall,Fall,0.0,0,1
FallingForwards_p4_2_35sek_20260206_115310.parquet,Fall,Fall,0.0,0,1
FallingForwards_p4_2_35sek_20260206_115310.parquet,Fall,Fall,0.0,0,1
FallingForwards_p4_2_35sek_20260206_115310.parquet,Fall,Fall,0.0,0,1
FallingForwards_p4_2_35sek_20260206_115310.parquet,Fall,Fall,0.0,0,1
FallingForwards_p4_2_35sek_20260206_115310.parquet,Fall,Fall,0.0,0,1
FallingForwards_p4_2_35sek_20260206_115310.parquet,Fall,Fall,0.0,0,1
FallingForwards_p4_2_35sek_20260206_115310.parquet,Fall,Fall,0.0,0,1
FallingForwards_p4_2_35sek_20260206_115310.parquet,Fall,Fall,0.0,0,1
FallingForwards_p4_2_35sek_20260206_115310.parquet,Fall,Fall,0.0,0,1
FallingForwards_p4_2_35sek_20260206_115310.parquet,Fall,Fall,0.79,1,1
FallingForwards_p4_2_35sek_20260206_115310.parquet,Fall,Fall,0.95,1,1
FallingForwards_p4_3_35sek_20260206_115411.parquet,Fall,Fall,0.0,0,1
FallingForwards_p4_3_35sek_20260206_115411.parquet,Fall,Fall,0.0,0,1
FallingForwards_p4_3_35sek_20260206_115411.parquet,Fall,Fall,0.0,0,1
FallingForwards_p4_3_35sek_20260206_115411.parquet,Fall,Fall,0.0,0,1
FallingForwards_p4_3_35sek_20260206_115411.parquet,Fall,Fall,0.0,0,1
FallingForwards_p4_3_35sek_20260206_115411.parquet,Fall,Fall,0.0,0,1
FallingForwards_p4_3_35sek_20260206_115411.parquet,Fall,Fall,0.0,0,1
FallingForwards_p4_3_35sek_20260206_115411.parquet,Fall,Fall,0.0,0,1
FallingForwards_p4_3_35sek_20260206_115411.parquet,Fall,Fall,0.0,0,1
FallingForwards_p4_3_35sek_20260206_115411.parquet,Fall,Fall,0.0,0,1
FallingForwards_p4_3_35sek_20260206_115411.parquet,Fall,Fall,0.0,0,1
FallingForwards_p4_3_35sek_20260206_115411.parquet,Fall,Fall,0.0,0,1
FallingForwards_p4_3_35sek_20260206_115411.parquet,Fall,Fall,0.0,0,1
FallingForwards_p4_3_35sek_20260206_115411.parquet,Fall,Fall,0.01,0,1
FallingForwards_p4_3_35sek_20260206_115411.parquet,Fall,Fall,0.01,0,1
FallingForwards_p4_3_35sek_20260206_115411.parquet,Fall,Fall,0.01,0,1
FallingForwards_p4_3_35sek_20260206_115411.parquet,Fall,Fall,0.0,0,1
FallingForwards_p4_3_35sek_20260206_115411.parquet,Fall,Fall,0.0,0,1
FallingForwards_p4_3_35sek_20260206_115411.parquet,Fall,Fall,0.0,0,1
FallingForwards_p4_3_35sek_20260206_115411.parquet,Fall,Fall,0.0,0,1
FallingForwards_p4_3_35sek_20260206_115411.parquet,Fall,Fall,0.0,0,1
FallingForwards_p4_3_35sek_20260206_115411.parquet,Fall,Fall,0.0,0,1
FallingForwards_p4_3_35sek_20260206_115411.parquet,Fall,Fall,0.0,0,1
FallingForwards_p4_3_35sek_20260206_115411.parquet,Fall,Fall,0.0,0,1
FallingForwards_p4_3_35sek_20260206_115411.parquet,Fall,Fall,0.0,0,1
Fallingbackwards_p1_1_35sek_20260205_113403.parquet,Fall,Fall,0.02,0,1
Fallingbackwards_p1_1_35sek_20260205_113403.parquet,Fall,Fall,0.0,0,1
Fallingbackwards_p1_1_35sek_20260205_113403.parquet,Fall,Fall,0.02,0,1
Fallingbackwards_p1_1_35sek_20260205_113403.parquet,Fall,Fall,0.0,0,1
Fallingbackwards_p1_1_35sek_20260205_113403.parquet,Fall,Fall,0.0,0,1
Fallingbackwards_p1_1_35sek_20260205_113403.parquet,Fall,Fall,0.0,0,1
Fallingbackwards_p1_1_35sek_20260205_113403.parquet,Fall,Fall,0.0,0,1
Fallingbackwards_p1_1_35sek_20260205_113403.parquet,Fall,Fall,0.0,0,1
Fallingbackwards_p1_1_35sek_20260205_113403.parquet,Fall,Fall,0.0,0,1
Fallingbackwards_p1_1_35sek_20260205_113403.parquet,Fall,Fall,0.0,0,1
Fallingbackwards_p1_1_35sek_20260205_113403.parquet,Fall,Fall,0.0,0,1
Fallingbackwards_p1_1_35sek_20260205_113403.parquet,Fall,Fall,0.0,0,1
Fallingbackwards_p1_1_35sek_20260205_113403.parquet,Fall,Fall,0.0,0,1
Fallingbackwards_p1_1_35sek_20260205_113403.parquet,Fall,Fall,0.0,0,1
Fallingbackwards_p1_1_35sek_20260205_113403.parquet,Fall,Fall,0.0,0,1
Fallingbackwards_p1_1_35sek_20260205_113403.parquet,Fall,Fall,0.0,0,1
Fallingbackwards_p1_1_35sek_20260205_113403.parquet,Fall,Fall,0.0,0,1
Fallingbackwards_p1_1_35sek_20260205_113403.parquet,Fall,Fall,0.0,0,1
Fallingbackwards_p1_1_35sek_20260205_113403.parquet,Fall,Fall,0.0,0,1
Fallingbackwards_p1_1_35sek_20260205_113403.parquet,Fall,Fall,0.0,0,1
Fallingbackwards_p1_1_35sek_20260205_113403.parquet,Fall,Fall,0.0,0,1
Fallingbackwards_p1_1_35sek_20260205_113403.parquet,Fall,Fall,0.0,0,1
Fallingbackwards_p1_1_35sek_20260205_113403.parquet,Fall,Fall,0.0,0,1
Fallingbackwards_p1_1_35sek_20260205_113403.parquet,Fall,Fall,0.0,0,1
Fallingbackwards_p1_1_35sek_20260205_113403.parquet,Fall,Fall,0.0,0,1
Fallingbackwards_p1_1_35sek_20260205_113403.parquet,Fall,Fall,0.0,0,1
Fallingbackwards_p1_1_35sek_20260205_113403.parquet,Fall,Fall,0.0,0,1
Fallingbackwards_p1_1_35sek_20260205_113403.parquet,Fall,Fall,0.0,0,1
Fallingbackwards_p1_1_35sek_20260205_113403.parquet,Fall,Fall,0.0,0,1
Fallingbackwards_p1_1_35sek_20260205_113403.parquet,Fall,Fall,0.0,0,1
Fallingbackwards_p1_1_35sek_20260205_113403.parquet,Fall,Fall,0.0,0,1
Fallingbackwards_p1_1_35sek_20260205_113403.parquet,Fall,Fall,0.0,0,1
Fallingbackwards_p1_1_35sek_20260205_113403.parquet,Fall,Fall,0.0,0,1
Fallingbackwards_p1_1_35sek_20260205_113403.parquet,Fall,Fall,0.0,0,1
Fallingbackwards_p1_1_35sek_20260205_113403.parquet,Fall,Fall,0.0,0,1
Fallingbackwards_p1_1_35sek_20260205_113403.parquet,Fall,Fall,0.0,0,1
Fallingbackwards_p1_1_35sek_20260205_113403.parquet,Fall,Fall,0.01,0,1
Fallingbackwards_p1_1_35sek_20260205_113403.parquet,Fall,Fall,0.0,0,1
Fallingbackwards_p1_1_35sek_20260205_113403.parquet,Fall,Fall,0.0,0,1
Fallingbackwards_p1_1_35sek_20260205_113403.parquet,Fall,Fall,0.0,0,1
Fallingbackwards_p1_1_35sek_20260205_113403.parquet,Fall,Fall,0.0,0,1
Fallingbackwards_p1_1_35sek_20260205_113403.parquet,Fall,Fall,0.0,0,1
Fallingbackwards_p1_1_35sek_20260205_113403.parquet,Fall,Fall,0.0,0,1
Fallingbackwards_p1_1_35sek_20260205_113403.parquet,Fall,Fall,0.0,0,1
Fallingbackwards_p1_1_35sek_20260205_113403.parquet,Fall,Fall,0.0,0,1
Fallingbackwards_p1_1_35sek_20260205_113403.parquet,Fall,Fall,0.0,0,1
Fallingbackwards_p1_1_35sek_20260205_113403.parquet,Fall,Fall,0.0,0,1
Fallingbackwards_p1_1_35sek_20260205_113403.parquet,Fall,Fall,0.0,0,1
Fallingbackwards_p1_1_35sek_20260205_113403.parquet,Fall,Fall,0.0,0,1
Fallingbackwards_p1_1_35sek_20260205_113403.parquet,Fall,Fall,0.0,0,1
Fallingbackwards_p1_1_35sek_20260205_113403.parquet,Fall,Fall,0.0,0,1
Fallingbackwards_p1_1_35sek_20260205_113403.parquet,Fall,Fall,0.0,0,1
Fallingbackwards_p1_1_35sek_20260205_113403.parquet,Fall,Fall,0.0,0,1
Fallingbackwards_p1_1_35sek_20260205_113403.parquet,Fall,Fall,0.0,0,1
Fallingbackwards_p1_1_35sek_20260205_113403.parquet,Fall,Fall,0.0,0,1
Fallingbackwards_p1_1_35sek_20260205_113403.parquet,Fall,Fall,0.0,0,1
Fallingbackwards_p1_1_35sek_20260205_113403.parquet,Fall,Fall,0.0,0,1
Fallingbackwards_p1_1_35sek_20260205_113403.parquet,Fall,Fall,0.0,0,1
Fallingbackwards_p1_1_35sek_20260205_113403.parquet,Fall,Fall,0.0,0,1
Fallingbackwards_p1_1_35sek_20260205_113403.parquet,Fall,Fall,0.0,0,1
Fallingbackwards_p1_1_35sek_20260205_113403.parquet,Fall,Fall,0.0,0,1
Fallingbackwards_p1_1_35sek_20260205_113403.parquet,Fall,Fall,0.0,0,1
Fallingbackwards_p1_2_35sek_20260205_113455.parquet,Fall,Fall,0.0,0,1
Fallingbackwards_p1_2_35sek_20260205_113455.parquet,Fall,Fall,0.0,0,1
Fallingbackwards_p1_2_35sek_20260205_113455.parquet,Fall,Fall,0.0,0,1
Fallingbackwards_p1_2_35sek_20260205_113455.parquet,Fall,Fall,0.0,0,1
Fallingbackwards_p1_2_35sek_20260205_113455.parquet,Fall,Fall,0.0,0,1
Fallingbackwards_p1_2_35sek_20260205_113455.parquet,Fall,Fall,0.0,0,1
Fallingbackwards_p1_2_35sek_20260205_113455.parquet,Fall,Fall,0.0,0,1
Fallingbackwards_p1_2_35sek_20260205_113455.parquet,Fall,Fall,0.0,0,1
Fallingbackwards_p1_2_35sek_20260205_113455.parquet,Fall,Fall,0.0,0,1
Fallingbackwards_p1_2_35sek_20260205_113455.parquet,Fall,Fall,0.0,0,1
Fallingbackwards_p1_2_35sek_20260205_113455.parquet,Fall,Fall,0.0,0,1
Fallingbackwards_p1_2_35sek_20260205_113455.parquet,Fall,Fall,0.0,0,1
Fallingbackwards_p1_2_35sek_20260205_113455.parquet,Fall,Fall,0.0,0,1
Fallingbackwards_p1_2_35sek_20260205_113455.parquet,Fall,Fall,0.0,0,1
Fallingbackwards_p1_2_35sek_20260205_113455.parquet,Fall,Fall,0.0,0,1
Fallingbackwards_p1_2_35sek_20260205_113455.parquet,Fall,Fall,0.0,0,1
Fallingbackwards_p1_2_35sek_20260205_113455.parquet,Fall,Fall,0.0,0,1
Fallingbackwards_p1_2_35sek_20260205_113455.parquet,Fall,Fall,0.0,0,1
Fallingbackwards_p1_2_35sek_20260205_113455.parquet,Fall,Fall,0.0,0,1
Fallingbackwards_p1_2_35sek_20260205_113455.parquet,Fall,Fall,0.0,0,1
Fallingbackwards_p1_2_35sek_20260205_113455.parquet,Fall,Fall,0.0,0,1
Fallingbackwards_p1_2_35sek_20260205_113455.parquet,Fall,Fall,0.0,0,1
Fallingbackwards_p1_2_35sek_20260205_113455.parquet,Fall,Fall,0.0,0,1
Fallingbackwards_p1_2_35sek_20260205_113455.parquet,Fall,Fall,0.0,0,1
Fallingbackwards_p1_2_35sek_20260205_113455.parquet,Fall,Fall,0.0,0,1
Fallingbackwards_p1_2_35sek_20260205_113455.parquet,Fall,Fall,0.0,0,1
Fallingbackwards_p1_2_35sek_20260205_113455.parquet,Fall,Fall,0.0,0,1
Fallingbackwards_p1_2_35sek_20260205_113455.parquet,Fall,Fall,0.0,0,1
Fallingbackwards_p1_2_35sek_20260205_113455.parquet,Fall,Fall,0.0,0,1
Fallingbackwards_p1_2_35sek_20260205_113455.parquet,Fall,Fall,0.0,0,1
Fallingbackwards_p1_2_35sek_20260205_113455.parquet,Fall,Fall,0.0,0,1
Fallingbackwards_p1_2_35sek_20260205_113455.parquet,Fall,Fall,0.0,0,1
Fallingbackwards_p1_2_35sek_20260205_113455.parquet,Fall,Fall,0.0,0,1
Fallingbackwards_p1_2_35sek_20260205_113455.parquet,Fall,Fall,0.0,0,1
Fallingbackwards_p1_2_35sek_20260205_113455.parquet,Fall,Fall,0.0,0,1
Fallingbackwards_p1_2_35sek_20260205_113455.parquet,Fall,Fall,0.0,0,1
Fallingbackwards_p1_2_35sek_20260205_113455.parquet,Fall,Fall,0.0,0,1
Fallingbackwards_p1_2_35sek_20260205_113455.parquet,Fall,Fall,0.0,0,1
Fallingbackwards_p1_2_35sek_20260205_113455.parquet,Fall,Fall,0.01,0,1
Fallingbackwards_p1_2_35sek_20260205_113455.parquet,Fall,Fall,0.01,0,1
Fallingbackwards_p1_2_35sek_20260205_113455.parquet,Fall,Fall,0.0,0,1
Fallingbackwards_p1_2_35sek_20260205_113455.parquet,Fall,Fall,0.0,0,1
Fallingbackwards_p1_2_35sek_20260205_113455.parquet,Fall,Fall,0.0,0,1
Fallingbackwards_p1_2_35sek_20260205_113455.parquet,Fall,Fall,0.0,0,1
Fallingbackwards_p1_2_35sek_20260205_113455.parquet,Fall,Fall,0.0,0,1
Fallingbackwards_p1_2_35sek_20260205_113455.parquet,Fall,Fall,0.0,0,1
Fallingbackwards_p1_2_35sek_20260205_113455.parquet,Fall,Fall,0.01,0,1
Fallingbackwards_p1_2_35sek_20260205_113455.parquet,Fall,Fall,0.0,0,1
Fallingbackwards_p1_3_35sek_20260205_113936.parquet,Fall,Fall,0.0,0,1
Fallingbackwards_p1_3_35sek_20260205_113936.parquet,Fall,Fall,0.0,0,1
Fallingbackwards_p1_3_35sek_20260205_113936.parquet,Fall,Fall,0.0,0,1
Fallingbackwards_p1_3_35sek_20260205_113936.parquet,Fall,Fall,0.0,0,1
Fallingbackwards_p1_3_35sek_20260205_113936.parquet,Fall,Fall,0.0,0,1
Fallingbackwards_p1_3_35sek_20260205_113936.parquet,Fall,Fall,0.0,0,1
Fallingbackwards_p1_3_35sek_20260205_113936.parquet,Fall,Fall,0.0,0,1
Fallingbackwards_p1_3_35sek_20260205_113936.parquet,Fall,Fall,0.0,0,1
Fallingbackwards_p1_3_35sek_20260205_113936.parquet,Fall,Fall,0.0,0,1
Fallingbackwards_p1_3_35sek_20260205_113936.parquet,Fall,Fall,0.0,0,1
Fallingbackwards_p1_3_35sek_20260205_113936.parquet,Fall,Fall,0.0,0,1
Fallingbackwards_p1_3_35sek_20260205_113936.parquet,Fall,Fall,0.0,0,1
Fallingbackwards_p1_3_35sek_20260205_113936.parquet,Fall,Fall,0.0,0,1
Fallingbackwards_p1_3_35sek_20260205_113936.parquet,Fall,Fall,0.0,0,1
Fallingbackwards_p1_3_35sek_20260205_113936.parquet,Fall,Fall,0.0,0,1
Fallingbackwards_p1_3_35sek_20260205_113936.parquet,Fall,Fall,0.0,0,1
Fallingbackwards_p1_3_35sek_20260205_113936.parquet,Fall,Fall,0.0,0,1
Fallingbackwards_p1_3_35sek_20260205_113936.parquet,Fall,Fall,0.0,0,1
Fallingbackwards_p1_3_35sek_20260205_113936.parquet,Fall,Fall,0.0,0,1
Fallingbackwards_p1_3_35sek_20260205_113936.parquet,Fall,Fall,0.0,0,1
Fallingbackwards_p1_3_35sek_20260205_113936.parquet,Fall,Fall,0.0,0,1
Fallingbackwards_p1_3_35sek_20260205_113936.parquet,Fall,Fall,0.0,0,1
Fallingbackwards_p1_3_35sek_20260205_113936.parquet,Fall,Fall,0.0,0,1
Fallingbackwards_p1_3_35sek_20260205_113936.parquet,Fall,Fall,0.0,0,1
Fallingbackwards_p1_3_35sek_20260205_113936.parquet,Fall,Fall,0.0,0,1
Fallingbackwards_p1_3_35sek_20260205_113936.parquet,Fall,Fall,0.0,0,1
Fallingbackwards_p1_3_35sek_20260205_113936.parquet,Fall,Fall,0.0,0,1
Fallingbackwards_p1_3_35sek_20260205_113936.parquet,Fall,Fall,0.0,0,1
Fallingbackwards_p1_3_35sek_20260205_113936.parquet,Fall,Fall,0.0,0,1
Fallingbackwards_p1_3_35sek_20260205_113936.parquet,Fall,Fall,0.0,0,1
Fallingbackwards_p1_3_35sek_20260205_113936.parquet,Fall,Fall,0.0,0,1
Fallingbackwards_p1_3_35sek_20260205_113936.parquet,Fall,Fall,0.2,0,1
Fallingbackwards_p1_3_35sek_20260205_113936.parquet,Fall,Fall,0.61,1,1
Fallingbackwards_p1_3_35sek_20260205_113936.parquet,Fall,Fall,0.0,0,1
Fallingbackwards_p1_3_35sek_20260205_113936.parquet,Fall,Fall,0.0,0,1
Fallingbackwards_p1_3_35sek_20260205_113936.parquet,Fall,Fall,0.0,0,1
Fallingbackwards_p1_3_35sek_20260205_113936.parquet,Fall,Fall,0.0,0,1
Fallingbackwards_p1_3_35sek_20260205_113936.parquet,Fall,Fall,0.0,0,1
Fallingbackwards_p1_3_35sek_20260205_113936.parquet,Fall,Fall,0.0,0,1
Fallingbackwards_p1_3_35sek_20260205_113936.parquet,Fall,Fall,0.0,0,1
Fallingbackwards_p1_3_35sek_20260205_113936.parquet,Fall,Fall,0.0,0,1
Fallingbackwards_p1_3_35sek_20260205_113936.parquet,Fall,Fall,0.0,0,1
Fallingbackwards_p1_3_35sek_20260205_113936.parquet,Fall,Fall,0.0,0,1
Fallingbackwards_p1_3_35sek_20260205_113936.parquet,Fall,Fall,0.0,0,1
Fallingbackwards_p1_3_35sek_20260205_113936.parquet,Fall,Fall,0.0,0,1
Fallingbackwards_p1_3_35sek_20260205_113936.parquet,Fall,Fall,0.0,0,1
Fallingbackwards_p1_3_35sek_20260205_113936.parquet,Fall,Fall,0.0,0,1
Fallingbackwards_p1_3_35sek_20260205_113936.parquet,Fall,Fall,0.0,0,1
Fallingbackwards_p1_3_35sek_20260205_113936.parquet,Fall,Fall,0.0,0,1
Fallingbackwards_p1_3_35sek_20260205_113936.parquet,Fall,Fall,0.0,0,1
Fallingbackwards_p1_3_35sek_20260205_113936.parquet,Fall,Fall,0.0,0,1
Fallingbackwards_p1_3_35sek_20260205_113936.parquet,Fall,Fall,0.0,0,1
Fallingbackwards_p2_1_35sek_20260205_114717.parquet,Fall,Fall,0.0,0,1
Fallingbackwards_p2_1_35sek_20260205_114717.parquet,Fall,Fall,0.0,0,1
Fallingbackwards_p2_1_35sek_20260205_114717.parquet,Fall,Fall,0.0,0,1
Fallingbackwards_p2_1_35sek_20260205_114717.parquet,Fall,Fall,0.0,0,1
Fallingbackwards_p2_1_35sek_20260205_114717.parquet,Fall,Fall,0.0,0,1
Fallingbackwards_p2_1_35sek_20260205_114717.parquet,Fall,Fall,0.0,0,1
Fallingbackwards_p2_1_35sek_20260205_114717.parquet,Fall,Fall,0.0,0,1
Fallingbackwards_p2_1_35sek_20260205_114717.parquet,Fall,Fall,0.0,0,1
Fallingbackwards_p2_1_35sek_20260205_114717.parquet,Fall,Fall,0.0,0,1
Fallingbackwards_p2_1_35sek_20260205_114717.parquet,Fall,Fall,0.0,0,1
Fallingbackwards_p2_1_35sek_20260205_114717.parquet,Fall,Fall,0.0,0,1
Fallingbackwards_p2_1_35sek_20260205_114717.parquet,Fall,Fall,0.0,0,1
Fallingbackwards_p2_1_35sek_20260205_114717.parquet,Fall,Fall,0.0,0,1
Fallingbackwards_p2_1_35sek_20260205_114717.parquet,Fall,Fall,0.0,0,1
Fallingbackwards_p2_1_35sek_20260205_114717.parquet,Fall,Fall,0.0,0,1
Fallingbackwards_p2_1_35sek_20260205_114717.parquet,Fall,Fall,0.0,0,1
Fallingbackwards_p2_1_35sek_20260205_114717.parquet,Fall,Fall,0.0,0,1
Fallingbackwards_p2_1_35sek_20260205_114717.parquet,Fall,Fall,0.0,0,1
Fallingbackwards_p2_1_35sek_20260205_114717.parquet,Fall,Fall,0.0,0,1
Fallingbackwards_p2_1_35sek_20260205_114717.parquet,Fall,Fall,0.0,0,1
Fallingbackwards_p2_1_35sek_20260205_114717.parquet,Fall,Fall,0.0,0,1
Fallingbackwards_p2_1_35sek_20260205_114717.parquet,Fall,Fall,0.0,0,1
Fallingbackwards_p2_1_35sek_20260205_114717.parquet,Fall,Fall,0.0,0,1
Fallingbackwards_p2_1_35sek_20260205_114717.parquet,Fall,Fall,0.0,0,1
Fallingbackwards_p2_1_35sek_20260205_114717.parquet,Fall,Fall,0.0,0,1
Fallingbackwards_p2_2_35sek_20260205_114828.parquet,Fall,Fall,0.0,0,1
Fallingbackwards_p2_2_35sek_20260205_114828.parquet,Fall,Fall,0.0,0,1
Fallingbackwards_p2_2_35sek_20260205_114828.parquet,Fall,Fall,0.0,0,1
Fallingbackwards_p2_2_35sek_20260205_114828.parquet,Fall,Fall,0.0,0,1
Fallingbackwards_p2_2_35sek_20260205_114828.parquet,Fall,Fall,0.0,0,1
Fallingbackwards_p2_2_35sek_20260205_114828.parquet,Fall,Fall,0.0,0,1
Fallingbackwards_p2_2_35sek_20260205_114828.parquet,Fall,Fall,0.0,0,1
Fallingbackwards_p2_2_35sek_20260205_114828.parquet,Fall,Fall,0.0,0,1
Fallingbackwards_p2_2_35sek_20260205_114828.parquet,Fall,Fall,0.0,0,1
Fallingbackwards_p2_2_35sek_20260205_114828.parquet,Fall,Fall,0.0,0,1
Fallingbackwards_p2_2_35sek_20260205_114828.parquet,Fall,Fall,0.0,0,1
Fallingbackwards_p2_2_35sek_20260205_114828.parquet,Fall,Fall,0.0,0,1
Fallingbackwards_p2_2_35sek_20260205_114828.parquet,Fall,Fall,0.0,0,1
Fallingbackwards_p2_2_35sek_20260205_114828.parquet,Fall,Fall,0.0,0,1
Fallingbackwards_p2_2_35sek_20260205_114828.parquet,Fall,Fall,0.0,0,1
Fallingbackwards_p2_2_35sek_20260205_114828.parquet,Fall,Fall,0.0,0,1
Fallingbackwards_p2_2_35sek_20260205_114828.parquet,Fall,Fall,0.0,0,1
Fallingbackwards_p2_2_35sek_20260205_114828.parquet,Fall,Fall,0.0,0,1
Fallingbackwards_p2_2_35sek_20260205_114828.parquet,Fall,Fall,0.0,0,1
Fallingbackwards_p2_2_35sek_20260205_114828.parquet,Fall,Fall,0.0,0,1
Fallingbackwards_p2_2_35sek_20260205_114828.parquet,Fall,Fall,0.0,0,1
Fallingbackwards_p2_2_35sek_20260205_114828.parquet,Fall,Fall,0.0,0,1
Fallingbackwards_p2_2_35sek_20260205_114828.parquet,Fall,Fall,0.0,0,1
Fallingbackwards_p2_2_35sek_20260205_114828.parquet,Fall,Fall,0.0,0,1
Fallingbackwards_p2_2_35sek_20260205_114828.parquet,Fall,Fall,0.0,0,1
Fallingbackwards_p2_2_35sek_20260205_114828.parquet,Fall,Fall,0.0,0,1
Fallingbackwards_p2_2_35sek_20260205_114828.parquet,Fall,Fall,0.0,0,1
Fallingbackwards_p2_2_35sek_20260205_114828.parquet,Fall,Fall,0.0,0,1
Fallingbackwards_p2_2_35sek_20260205_114828.parquet,Fall,Fall,0.0,0,1
Fallingbackwards_p2_2_35sek_20260205_114828.parquet,Fall,Fall,0.0,0,1
Fallingbackwards_p2_2_35sek_20260205_114828.parquet,Fall,Fall,0.0,0,1
Fallingbackwards_p2_2_35sek_20260205_114828.parquet,Fall,Fall,0.0,0,1
Fallingbackwards_p2_2_35sek_20260205_114828.parquet,Fall,Fall,0.0,0,1
Fallingbackwards_p2_2_35sek_20260205_114828.parquet,Fall,Fall,0.0,0,1
Fallingbackwards_p2_2_35sek_20260205_114828.parquet,Fall,Fall,0.0,0,1
Fallingbackwards_p2_2_35sek_20260205_114828.parquet,Fall,Fall,0.0,0,1
Fallingbackwards_p2_2_35sek_20260205_114828.parquet,Fall,Fall,0.0,0,1
Fallingbackwards_p2_2_35sek_20260205_114828.parquet,Fall,Fall,0.0,0,1
Fallingbackwards_p2_2_35sek_20260205_114828.parquet,Fall,Fall,0.02,0,1
Fallingbackwards_p2_3_35sek_20260205_115552.parquet,Fall,Fall,0.0,0,1
Fallingbackwards_p2_3_35sek_20260205_115552.parquet,Fall,Fall,0.0,0,1
Fallingbackwards_p2_3_35sek_20260205_115552.parquet,Fall,Fall,0.0,0,1
Fallingbackwards_p2_3_35sek_20260205_115552.parquet,Fall,Fall,0.0,0,1
Fallingbackwards_p2_3_35sek_20260205_115552.parquet,Fall,Fall,0.0,0,1
Fallingbackwards_p2_3_35sek_20260205_115552.parquet,Fall,Fall,0.0,0,1
Fallingbackwards_p2_3_35sek_20260205_115552.parquet,Fall,Fall,0.0,0,1
Fallingbackwards_p2_3_35sek_20260205_115552.parquet,Fall,Fall,0.0,0,1
Fallingbackwards_p2_3_35sek_20260205_115552.parquet,Fall,Fall,0.0,0,1
Fallingbackwards_p2_3_35sek_20260205_115552.parquet,Fall,Fall,0.0,0,1
Fallingbackwards_p2_3_35sek_20260205_115552.parquet,Fall,Fall,0.0,0,1
Fallingbackwards_p2_3_35sek_20260205_115552.parquet,Fall,Fall,0.0,0,1
Fallingbackwards_p2_3_35sek_20260205_115552.parquet,Fall,Fall,0.0,0,1
Fallingbackwards_p2_3_35sek_20260205_115552.parquet,Fall,Fall,0.0,0,1
Fallingbackwards_p2_3_35sek_20260205_115552.parquet,Fall,Fall,0.0,0,1
Fallingbackwards_p2_3_35sek_20260205_115552.parquet,Fall,Fall,0.0,0,1
Fallingbackwards_p2_3_35sek_20260205_115552.parquet,Fall,Fall,0.0,0,1
Fallingbackwards_p2_3_35sek_20260205_115552.parquet,Fall,Fall,0.0,0,1
Fallingbackwards_p2_3_35sek_20260205_115552.parquet,Fall,Fall,0.0,0,1
Fallingbackwards_p2_3_35sek_20260205_115552.parquet,Fall,Fall,0.0,0,1
Fallingbackwards_p2_3_35sek_20260205_115552.parquet,Fall,Fall,0.0,0,1
Fallingbackwards_p2_3_35sek_20260205_115552.parquet,Fall,Fall,0.0,0,1
Fallingbackwards_p2_3_35sek_20260205_115552.parquet,Fall,Fall,0.0,0,1
Fallingbackwards_p2_3_35sek_20260205_115552.parquet,Fall,Fall,0.0,0,1
Fallingbackwards_p2_3_35sek_20260205_115552.parquet,Fall,Fall,0.0,0,1
Fallingbackwards_p2_3_35sek_20260205_115552.parquet,Fall,Fall,0.0,0,1
Fallingbackwards_p2_3_35sek_20260205_115552.parquet,Fall,Fall,0.0,0,1
Fallingbackwards_p2_3_35sek_20260205_115552.parquet,Fall,Fall,0.0,0,1
Fallingbackwards_p2_3_35sek_20260205_115552.parquet,Fall,Fall,0.0,0,1
Fallingbackwards_p2_3_35sek_20260205_115552.parquet,Fall,Fall,0.0,0,1
Fallingbackwards_p2_3_35sek_20260205_115552.parquet,Fall,Fall,0.0,0,1
Fallingbackwards_p2_3_35sek_20260205_115552.parquet,Fall,Fall,0.0,0,1
Fallingbackwards_p2_3_35sek_20260205_115552.parquet,Fall,Fall,0.0,0,1
Fallingbackwards_p2_3_35sek_20260205_115552.parquet,Fall,Fall,0.0,0,1
Fallingbackwards_p2_3_35sek_20260205_115552.parquet,Fall,Fall,0.0,0,1
Fallingbackwards_p2_3_35sek_20260205_115552.parquet,Fall,Fall,0.0,0,1
Fallingbackwards_p2_3_35sek_20260205_115552.parquet,Fall,Fall,0.0,0,1
Fallingbackwards_p2_3_35sek_20260205_115552.parquet,Fall,Fall,0.0,0,1
Fallingbackwards_p2_3_35sek_20260205_115552.parquet,Fall,Fall,0.0,0,1
Fallingbackwards_p2_3_35sek_20260205_115552.parquet,Fall,Fall,0.01,0,1
Fallingbackwards_p2_3_35sek_20260205_115552.parquet,Fall,Fall,0.0,0,1
Fallingbackwards_p2_3_35sek_20260205_115552.parquet,Fall,Fall,0.0,0,1
Fallingbackwards_p2_3_35sek_20260205_115552.parquet,Fall,Fall,0.0,0,1
Fallingbackwards_p2_3_35sek_20260205_115552.parquet,Fall,Fall,0.0,0,1
Fallingbackwards_p2_3_35sek_20260205_115552.parquet,Fall,Fall,0.01,0,1
Fallingbackwards_p2_3_35sek_20260205_115552.parquet,Fall,Fall,0.0,0,1
Fallingbackwards_p3_1_35sek_20260205_114115.parquet,Fall,Fall,0.0,0,1
Fallingbackwards_p3_1_35sek_20260205_114115.parquet,Fall,Fall,0.0,0,1
Fallingbackwards_p3_1_35sek_20260205_114115.parquet,Fall,Fall,0.0,0,1
Fallingbackwards_p3_1_35sek_20260205_114115.parquet,Fall,Fall,0.0,0,1
Fallingbackwards_p3_1_35sek_20260205_114115.parquet,Fall,Fall,0.0,0,1
Fallingbackwards_p3_1_35sek_20260205_114115.parquet,Fall,Fall,0.0,0,1
Fallingbackwards_p3_1_35sek_20260205_114115.parquet,Fall,Fall,0.0,0,1
Fallingbackwards_p3_1_35sek_20260205_114115.parquet,Fall,Fall,0.0,0,1
Fallingbackwards_p3_1_35sek_20260205_114115.parquet,Fall,Fall,0.0,0,1
Fallingbackwards_p3_1_35sek_20260205_114115.parquet,Fall,Fall,0.0,0,1
Fallingbackwards_p3_1_35sek_20260205_114115.parquet,Fall,Fall,0.0,0,1
Fallingbackwards_p3_1_35sek_20260205_114115.parquet,Fall,Fall,0.0,0,1
Fallingbackwards_p3_1_35sek_20260205_114115.parquet,Fall,Fall,0.0,0,1
Fallingbackwards_p3_1_35sek_20260205_114115.parquet,Fall,Fall,0.0,0,1
Fallingbackwards_p3_1_35sek_20260205_114115.parquet,Fall,Fall,0.0,0,1
Fallingbackwards_p3_1_35sek_20260205_114115.parquet,Fall,Fall,0.0,0,1
Fallingbackwards_p3_1_35sek_20260205_114115.parquet,Fall,Fall,0.0,0,1
Fallingbackwards_p3_1_35sek_20260205_114115.parquet,Fall,Fall,0.0,0,1
Fallingbackwards_p3_1_35sek_20260205_114115.parquet,Fall,Fall,0.0,0,1
Fallingbackwards_p3_1_35sek_20260205_114115.parquet,Fall,Fall,0.0,0,1
Fallingbackwards_p3_1_35sek_20260205_114115.parquet,Fall,Fall,0.0,0,1
Fallingbackwards_p3_1_35sek_20260205_114115.parquet,Fall,Fall,0.0,0,1
Fallingbackwards_p3_1_35sek_20260205_114115.parquet,Fall,Fall,0.0,0,1
Fallingbackwards_p3_1_35sek_20260205_114115.parquet,Fall,Fall,0.0,0,1
Fallingbackwards_p3_1_35sek_20260205_114115.parquet,Fall,Fall,0.0,0,1
Fallingbackwards_p3_1_35sek_20260205_114115.parquet,Fall,Fall,0.0,0,1
Fallingbackwards_p3_1_35sek_20260205_114115.parquet,Fall,Fall,0.0,0,1
Fallingbackwards_p3_1_35sek_20260205_114115.parquet,Fall,Fall,0.0,0,1
Fallingbackwards_p3_1_35sek_20260205_114115.parquet,Fall,Fall,0.0,0,1
Fallingbackwards_p3_1_35sek_20260205_114115.parquet,Fall,Fall,0.0,0,1
Fallingbackwards_p3_1_35sek_20260205_114115.parquet,Fall,Fall,0.0,0,1
Fallingbackwards_p3_1_35sek_20260205_114115.parquet,Fall,Fall,0.0,0,1
Fallingbackwards_p3_1_35sek_20260205_114115.parquet,Fall,Fall,0.0,0,1
Fallingbackwards_p3_1_35sek_20260205_114115.parquet,Fall,Fall,0.0,0,1
Fallingbackwards_p3_1_35sek_20260205_114115.parquet,Fall,Fall,0.0,0,1
Fallingbackwards_p3_2_35sek_20260205_114211.parquet,Fall,Fall,0.0,0,1
Fallingbackwards_p3_2_35sek_20260205_114211.parquet,Fall,Fall,0.0,0,1
Fallingbackwards_p3_2_35sek_20260205_114211.parquet,Fall,Fall,0.0,0,1
Fallingbackwards_p3_2_35sek_20260205_114211.parquet,Fall,Fall,0.0,0,1
Fallingbackwards_p3_2_35sek_20260205_114211.parquet,Fall,Fall,0.0,0,1
Fallingbackwards_p3_2_35sek_20260205_114211.parquet,Fall,Fall,0.0,0,1
Fallingbackwards_p3_2_35sek_20260205_114211.parquet,Fall,Fall,0.0,0,1
Fallingbackwards_p3_2_35sek_20260205_114211.parquet,Fall,Fall,0.0,0,1
Fallingbackwards_p3_2_35sek_20260205_114211.parquet,Fall,Fall,0.0,0,1
Fallingbackwards_p3_2_35sek_20260205_114211.parquet,Fall,Fall,0.0,0,1
Fallingbackwards_p3_2_35sek_20260205_114211.parquet,Fall,Fall,0.0,0,1
Fallingbackwards_p3_2_35sek_20260205_114211.parquet,Fall,Fall,0.0,0,1
Fallingbackwards_p3_2_35sek_20260205_114211.parquet,Fall,Fall,0.0,0,1
Fallingbackwards_p3_2_35sek_20260205_114211.parquet,Fall,Fall,0.0,0,1
Fallingbackwards_p3_2_35sek_20260205_114211.parquet,Fall,Fall,0.0,0,1
Fallingbackwards_p3_2_35sek_20260205_114211.parquet,Fall,Fall,0.0,0,1
Fallingbackwards_p3_2_35sek_20260205_114211.parquet,Fall,Fall,0.0,0,1
Fallingbackwards_p3_2_35sek_20260205_114211.parquet,Fall,Fall,0.0,0,1
Fallingbackwards_p3_2_35sek_20260205_114211.parquet,Fall,Fall,0.0,0,1
Fallingbackwards_p3_2_35sek_20260205_114211.parquet,Fall,Fall,0.0,0,1
Fallingbackwards_p3_2_35sek_20260205_114211.parquet,Fall,Fall,0.0,0,1
Fallingbackwards_p3_2_35sek_20260205_114211.parquet,Fall,Fall,0.0,0,1
Fallingbackwards_p3_2_35sek_20260205_114211.parquet,Fall,Fall,0.0,0,1
Fallingbackwards_p3_2_35sek_20260205_114211.parquet,Fall,Fall,0.0,0,1
Fallingbackwards_p3_2_35sek_20260205_114211.parquet,Fall,Fall,0.0,0,1
Fallingbackwards_p3_2_35sek_20260205_114211.parquet,Fall,Fall,0.0,0,1
Fallingbackwards_p3_2_35sek_20260205_114211.parquet,Fall,Fall,0.0,0,1
Fallingbackwards_p3_2_35sek_20260205_114211.parquet,Fall,Fall,0.0,0,1
Fallingbackwards_p3_2_35sek_20260205_114211.parquet,Fall,Fall,0.0,0,1
Fallingbackwards_p3_2_35sek_20260205_114211.parquet,Fall,Fall,0.0,0,1
Fallingbackwards_p3_2_35sek_20260205_114211.parquet,Fall,Fall,0.0,0,1
Fallingbackwards_p3_2_35sek_20260205_114211.parquet,Fall,Fall,0.0,0,1
Fallingbackwards_p3_2_35sek_20260205_114211.parquet,Fall,Fall,0.0,0,1
Fallingbackwards_p3_2_35sek_20260205_114211.parquet,Fall,Fall,0.0,0,1
Fallingbackwards_p3_2_35sek_20260205_114211.parquet,Fall,Fall,0.02,0,1
Fallingbackwards_p3_2_35sek_20260205_114211.parquet,Fall,Fall,0.71,1,1
Fallingbackwards_p3_2_35sek_20260205_114211.parquet,Fall,Fall,0.0,0,1
Fallingbackwards_p3_2_35sek_20260205_114211.parquet,Fall,Fall,0.0,0,1
Fallingbackwards_p3_2_35sek_20260205_114211.parquet,Fall,Fall,0.0,0,1
Fallingbackwards_p3_2_35sek_20260205_114211.parquet,Fall,Fall,0.0,0,1
Fallingbackwards_p3_2_35sek_20260205_114211.parquet,Fall,Fall,0.0,0,1
Fallingbackwards_p3_2_35sek_20260205_114211.parquet,Fall,Fall,0.0,0,1
Fallingbackwards_p3_2_35sek_20260205_114211.parquet,Fall,Fall,0.0,0,1
Fallingbackwards_p3_2_35sek_20260205_114211.parquet,Fall,Fall,0.0,0,1
Fallingbackwards_p3_2_35sek_20260205_114211.parquet,Fall,Fall,0.0,0,1
Fallingbackwards_p3_2_35sek_20260205_114211.parquet,Fall,Fall,0.0,0,1
Fallingbackwards_p3_2_35sek_20260205_114211.parquet,Fall,Fall,0.0,0,1
Fallingbackwards_p3_2_35sek_20260205_114211.parquet,Fall,Fall,0.0,0,1
Fallingbackwards_p3_2_35sek_20260205_114211.parquet,Fall,Fall,0.0,0,1
Fallingbackwards_p3_2_35sek_20260205_114211.parquet,Fall,Fall,0.0,0,1
Fallingbackwards_p3_3_35sek_20260205_114313.parquet,Fall,Fall,0.0,0,1
Fallingbackwards_p3_3_35sek_20260205_114313.parquet,Fall,Fall,0.0,0,1
Fallingbackwards_p3_3_35sek_20260205_114313.parquet,Fall,Fall,0.0,0,1
Fallingbackwards_p3_3_35sek_20260205_114313.parquet,Fall,Fall,0.0,0,1
Fallingbackwards_p3_3_35sek_20260205_114313.parquet,Fall,Fall,0.0,0,1
Fallingbackwards_p3_3_35sek_20260205_114313.parquet,Fall,Fall,0.0,0,1
Fallingbackwards_p3_3_35sek_20260205_114313.parquet,Fall,Fall,0.0,0,1
Fallingbackwards_p3_3_35sek_20260205_114313.parquet,Fall,Fall,0.0,0,1
Fallingbackwards_p3_3_35sek_20260205_114313.parquet,Fall,Fall,0.0,0,1
Fallingbackwards_p3_3_35sek_20260205_114313.parquet,Fall,Fall,0.0,0,1
Fallingbackwards_p3_3_35sek_20260205_114313.parquet,Fall,Fall,0.0,0,1
Fallingbackwards_p3_3_35sek_20260205_114313.parquet,Fall,Fall,0.0,0,1
Fallingbackwards_p3_3_35sek_20260205_114313.parquet,Fall,Fall,0.0,0,1
Fallingbackwards_p3_3_35sek_20260205_114313.parquet,Fall,Fall,0.0,0,1
Fallingbackwards_p3_3_35sek_20260205_114313.parquet,Fall,Fall,0.0,0,1
Fallingbackwards_p3_3_35sek_20260205_114313.parquet,Fall,Fall,0.0,0,1
Fallingbackwards_p3_3_35sek_20260205_114313.parquet,Fall,Fall,0.0,0,1
Fallingbackwards_p3_3_35sek_20260205_114313.parquet,Fall,Fall,0.0,0,1
Fallingbackwards_p3_3_35sek_20260205_114313.parquet,Fall,Fall,0.0,0,1
Fallingbackwards_p3_3_35sek_20260205_114313.parquet,Fall,Fall,0.0,0,1
Fallingbackwards_p3_3_35sek_20260205_114313.parquet,Fall,Fall,0.0,0,1
Fallingbackwards_p3_3_35sek_20260205_114313.parquet,Fall,Fall,0.0,0,1
Fallingbackwards_p3_3_35sek_20260205_114313.parquet,Fall,Fall,0.0,0,1
Fallingbackwards_p3_3_35sek_20260205_114313.parquet,Fall,Fall,0.0,0,1
Fallingbackwards_p3_3_35sek_20260205_114313.parquet,Fall,Fall,0.0,0,1
Fallingbackwards_p3_3_35sek_20260205_114313.parquet,Fall,Fall,0.0,0,1
Fallingbackwards_p3_3_35sek_20260205_114313.parquet,Fall,Fall,0.0,0,1
Fallingbackwards_p3_3_35sek_20260205_114313.parquet,Fall,Fall,0.0,0,1
Fallingbackwards_p3_3_35sek_20260205_114313.parquet,Fall,Fall,0.0,0,1
Fallingbackwards_p3_3_35sek_20260205_114313.parquet,Fall,Fall,0.0,0,1
Fallingbackwards_p3_3_35sek_20260205_114313.parquet,Fall,Fall,0.0,0,1
Fallingbackwards_p3_3_35sek_20260205_114313.parquet,Fall,Fall,0.0,0,1
Fallingbackwards_p3_3_35sek_20260205_114313.parquet,Fall,Fall,0.0,0,1
Fallingbackwards_p3_3_35sek_20260205_114313.parquet,Fall,Fall,0.0,0,1
Fallingbackwards_p3_3_35sek_20260205_114313.parquet,Fall,Fall,0.03,0,1
Fallingbackwards_p3_3_35sek_20260205_114313.parquet,Fall,Fall,0.8,1,1
Fallingbackwards_p4_1_35sek_20260205_111038.parquet,Fall,Fall,0.0,0,1
Fallingbackwards_p4_1_35sek_20260205_111038.parquet,Fall,Fall,0.0,0,1
Fallingbackwards_p4_1_35sek_20260205_111038.parquet,Fall,Fall,0.0,0,1
Fallingbackwards_p4_1_35sek_20260205_111038.parquet,Fall,Fall,0.0,0,1
Fallingbackwards_p4_1_35sek_20260205_111038.parquet,Fall,Fall,0.0,0,1
Fallingbackwards_p4_1_35sek_20260205_111038.parquet,Fall,Fall,0.0,0,1
Fallingbackwards_p4_1_35sek_20260205_111038.parquet,Fall,Fall,0.0,0,1
Fallingbackwards_p4_1_35sek_20260205_111038.parquet,Fall,Fall,0.0,0,1
Fallingbackwards_p4_1_35sek_20260205_111038.parquet,Fall,Fall,0.0,0,1
Fallingbackwards_p4_1_35sek_20260205_111038.parquet,Fall,Fall,0.0,0,1
Fallingbackwards_p4_1_35sek_20260205_111038.parquet,Fall,Fall,0.0,0,1
Fallingbackwards_p4_1_35sek_20260205_111038.parquet,Fall,Fall,0.0,0,1
Fallingbackwards_p4_1_35sek_20260205_111038.parquet,Fall,Fall,0.0,0,1
Fallingbackwards_p4_1_35sek_20260205_111038.parquet,Fall,Fall,0.0,0,1
Fallingbackwards_p4_1_35sek_20260205_111038.parquet,Fall,Fall,0.0,0,1
Fallingbackwards_p4_1_35sek_20260205_111038.parquet,Fall,Fall,0.0,0,1
Fallingbackwards_p4_1_35sek_20260205_111038.parquet,Fall,Fall,0.0,0,1
Fallingbackwards_p4_1_35sek_20260205_111038.parquet,Fall,Fall,0.0,0,1
Fallingbackwards_p4_1_35sek_20260205_111038.parquet,Fall,Fall,0.0,0,1
Fallingbackwards_p4_1_35sek_20260205_111038.parquet,Fall,Fall,0.0,0,1
Fallingbackwards_p4_1_35sek_20260205_111038.parquet,Fall,Fall,0.0,0,1
Fallingbackwards_p4_1_35sek_20260205_111038.parquet,Fall,Fall,0.0,0,1
Fallingbackwards_p4_1_35sek_20260205_111038.parquet,Fall,Fall,0.0,0,1
Fallingbackwards_p4_1_35sek_20260205_111038.parquet,Fall,Fall,0.0,0,1
Fallingbackwards_p4_1_35sek_20260205_111038.parquet,Fall,Fall,0.0,0,1
Fallingbackwards_p4_1_35sek_20260205_111038.parquet,Fall,Fall,0.0,0,1
Fallingbackwards_p4_1_35sek_20260205_111038.parquet,Fall,Fall,0.0,0,1
Fallingbackwards_p4_1_35sek_20260205_111038.parquet,Fall,Fall,0.0,0,1
Fallingbackwards_p4_1_35sek_20260205_111038.parquet,Fall,Fall,0.0,0,1
Fallingbackwards_p4_1_35sek_20260205_111038.parquet,Fall,Fall,0.0,0,1
Fallingbackwards_p4_1_35sek_20260205_111038.parquet,Fall,Fall,0.0,0,1
Fallingbackwards_p4_1_35sek_20260205_111038.parquet,Fall,Fall,0.62,1,1
Fallingbackwards_p4_1_35sek_20260205_111038.parquet,Fall,Fall,0.0,0,1
Fallingbackwards_p4_1_35sek_20260205_111038.parquet,Fall,Fall,0.0,0,1
Fallingbackwards_p4_1_35sek_20260205_111038.parquet,Fall,Fall,0.0,0,1
Fallingbackwards_p4_1_35sek_20260205_111038.parquet,Fall,Fall,0.0,0,1
Fallingbackwards_p4_1_35sek_20260205_111038.parquet,Fall,Fall,0.0,0,1
Fallingbackwards_p4_1_35sek_20260205_111038.parquet,Fall,Fall,0.0,0,1
Fallingbackwards_p4_1_35sek_20260205_111038.parquet,Fall,Fall,0.0,0,1
Fallingbackwards_p4_1_35sek_20260205_111038.parquet,Fall,Fall,0.0,0,1
Fallingbackwards_p4_1_35sek_20260205_111038.parquet,Fall,Fall,0.0,0,1
Fallingbackwards_p4_1_35sek_20260205_111038.parquet,Fall,Fall,0.0,0,1
Fallingbackwards_p4_1_35sek_20260205_111038.parquet,Fall,Fall,0.0,0,1
Fallingbackwards_p4_1_35sek_20260205_111038.parquet,Fall,Fall,0.0,0,1
Fallingbackwards_p4_1_35sek_20260205_111038.parquet,Fall,Fall,0.0,0,1
Fallingbackwards_p4_1_35sek_20260205_111038.parquet,Fall,Fall,0.0,0,1
Fallingbackwards_p4_1_35sek_20260205_111038.parquet,Fall,Fall,0.0,0,1
Fallingbackwards_p4_1_35sek_20260205_111038.parquet,Fall,Fall,0.0,0,1
Fallingbackwards_p4_1_35sek_20260205_111038.parquet,Fall,Fall,0.0,0,1
Fallingbackwards_p4_1_35sek_20260205_111038.parquet,Fall,Fall,0.0,0,1
Fallingbackwards_p4_2_35sek_20260205_112600.parquet,Fall,Fall,0.0,0,1
Fallingbackwards_p4_2_35sek_20260205_112600.parquet,Fall,Fall,0.0,0,1
Fallingbackwards_p4_2_35sek_20260205_112600.parquet,Fall,Fall,0.0,0,1
Fallingbackwards_p4_2_35sek_20260205_112600.parquet,Fall,Fall,0.0,0,1
Fallingbackwards_p4_2_35sek_20260205_112600.parquet,Fall,Fall,0.0,0,1
Fallingbackwards_p4_2_35sek_20260205_112600.parquet,Fall,Fall,0.0,0,1
Fallingbackwards_p4_2_35sek_20260205_112600.parquet,Fall,Fall,0.0,0,1
Fallingbackwards_p4_2_35sek_20260205_112600.parquet,Fall,Fall,0.0,0,1
Fallingbackwards_p4_2_35sek_20260205_112600.parquet,Fall,Fall,0.0,0,1
Fallingbackwards_p4_2_35sek_20260205_112600.parquet,Fall,Fall,0.0,0,1
Fallingbackwards_p4_2_35sek_20260205_112600.parquet,Fall,Fall,0.0,0,1
Fallingbackwards_p4_2_35sek_20260205_112600.parquet,Fall,Fall,0.0,0,1
Fallingbackwards_p4_2_35sek_20260205_112600.parquet,Fall,Fall,0.66,1,1
Fallingbackwards_p4_2_35sek_20260205_112600.parquet,Fall,Fall,0.39,1,1
Fallingbackwards_p4_2_35sek_20260205_112600.parquet,Fall,Fall,0.69,1,1
Fallingbackwards_p4_2_35sek_20260205_112600.parquet,Fall,Fall,0.64,1,1
Fallingbackwards_p4_2_35sek_20260205_112600.parquet,Fall,Fall,0.01,0,1
Fallingbackwards_p4_2_35sek_20260205_112600.parquet,Fall,Fall,0.0,0,1
Fallingbackwards_p4_2_35sek_20260205_112600.parquet,Fall,Fall,0.0,0,1
Fallingbackwards_p4_2_35sek_20260205_112600.parquet,Fall,Fall,0.0,0,1
Fallingbackwards_p4_2_35sek_20260205_112600.parquet,Fall,Fall,0.0,0,1
Fallingbackwards_p4_2_35sek_20260205_112600.parquet,Fall,Fall,0.0,0,1
Fallingbackwards_p4_2_35sek_20260205_112600.parquet,Fall,Fall,0.0,0,1
Fallingbackwards_p4_2_35sek_20260205_112600.parquet,Fall,Fall,0.0,0,1
Fallingbackwards_p4_2_35sek_20260205_112600.parquet,Fall,Fall,0.0,0,1
Fallingbackwards_p4_2_35sek_20260205_112600.parquet,Fall,Fall,0.0,0,1
Fallingbackwards_p4_2_35sek_20260205_112600.parquet,Fall,Fall,0.0,0,1
Fallingbackwards_p4_2_35sek_20260205_112600.parquet,Fall,Fall,0.0,0,1
Fallingbackwards_p4_2_35sek_20260205_112600.parquet,Fall,Fall,0.0,0,1
Fallingbackwards_p4_2_35sek_20260205_112600.parquet,Fall,Fall,0.0,0,1
Fallingbackwards_p4_2_35sek_20260205_112600.parquet,Fall,Fall,0.0,0,1
Fallingbackwards_p4_2_35sek_20260205_112600.parquet,Fall,Fall,0.0,0,1
Fallingbackwards_p4_2_35sek_20260205_112600.parquet,Fall,Fall,0.0,0,1
Fallingbackwards_p4_2_35sek_20260205_112600.parquet,Fall,Fall,0.0,0,1
Fallingbackwards_p4_2_35sek_20260205_112600.parquet,Fall,Fall,0.0,0,1
Fallingbackwards_p4_2_35sek_20260205_112600.parquet,Fall,Fall,0.0,0,1
Fallingbackwards_p4_2_35sek_20260205_112600.parquet,Fall,Fall,0.0,0,1
Fallingbackwards_p4_2_35sek_20260205_112600.parquet,Fall,Fall,0.0,0,1
Fallingbackwards_p4_2_35sek_20260205_112600.parquet,Fall,Fall,0.0,0,1
Fallingbackwards_p4_2_35sek_20260205_112600.parquet,Fall,Fall,0.0,0,1
Fallingbackwards_p4_2_35sek_20260205_112600.parquet,Fall,Fall,0.0,0,1
Fallingbackwards_p4_2_35sek_20260205_112600.parquet,Fall,Fall,0.0,0,1
Fallingbackwards_p4_2_35sek_20260205_112600.parquet,Fall,Fall,0.03,0,1
Fallingbackwards_p4_2_35sek_20260205_112600.parquet,Fall,Fall,0.0,0,1
Fallingbackwards_p4_2_35sek_20260205_112600.parquet,Fall,Fall,0.0,0,1
Fallingbackwards_p4_2_35sek_20260205_112600.parquet,Fall,Fall,0.0,0,1
Fallingbackwards_p4_2_35sek_20260205_112600.parquet,Fall,Fall,0.0,0,1
Fallingbackwards_p4_2_35sek_20260205_112600.parquet,Fall,Fall,0.0,0,1
Fallingbackwards_p4_2_35sek_20260205_112600.parquet,Fall,Fall,0.0,0,1
Fallingbackwards_p4_2_35sek_20260205_112600.parquet,Fall,Fall,0.0,0,1
Fallingbackwards_p4_2_35sek_20260205_112600.parquet,Fall,Fall,0.0,0,1
Fallingbackwards_p4_2_35sek_20260205_112600.parquet,Fall,Fall,0.0,0,1
Fallingbackwards_p4_2_35sek_20260205_112600.parquet,Fall,Fall,0.0,0,1
Fallingbackwards_p4_2_35sek_20260205_112600.parquet,Fall,Fall,0.0,0,1
Fallingbackwards_p4_2_35sek_20260205_112600.parquet,Fall,Fall,0.0,0,1
Fallingbackwards_p4_2_35sek_20260205_112600.parquet,Fall,Fall,0.0,0,1
Fallingbackwards_p4_2_35sek_20260205_112600.parquet,Fall,Fall,0.0,0,1
Fallingbackwards_p4_3_35sek_20260205_112938.parquet,Fall,Fall,0.0,0,1
Fallingbackwards_p4_3_35sek_20260205_112938.parquet,Fall,Fall,0.0,0,1
Fallingbackwards_p4_3_35sek_20260205_112938.parquet,Fall,Fall,0.0,0,1
Fallingbackwards_p4_3_35sek_20260205_112938.parquet,Fall,Fall,0.0,0,1
Fallingbackwards_p4_3_35sek_20260205_112938.parquet,Fall,Fall,0.0,0,1
Fallingbackwards_p4_3_35sek_20260205_112938.parquet,Fall,Fall,0.0,0,1
Fallingbackwards_p4_3_35sek_20260205_112938.parquet,Fall,Fall,0.0,0,1
Fallingbackwards_p4_3_35sek_20260205_112938.parquet,Fall,Fall,0.0,0,1
Fallingbackwards_p4_3_35sek_20260205_112938.parquet,Fall,Fall,0.0,0,1
Fallingbackwards_p4_3_35sek_20260205_112938.parquet,Fall,Fall,0.0,0,1
Fallingbackwards_p4_3_35sek_20260205_112938.parquet,Fall,Fall,0.0,0,1
Fallingbackwards_p4_3_35sek_20260205_112938.parquet,Fall,Fall,0.01,0,1
Fallingbackwards_p4_3_35sek_20260205_112938.parquet,Fall,Fall,0.0,0,1
Fallingbackwards_p4_3_35sek_20260205_112938.parquet,Fall,Fall,0.0,0,1
Fallingbackwards_p4_3_35sek_20260205_112938.parquet,Fall,Fall,0.0,0,1
Fallingbackwards_p4_3_35sek_20260205_112938.parquet,Fall,Fall,0.0,0,1
Fallingbackwards_p4_3_35sek_20260205_112938.parquet,Fall,Fall,0.0,0,1
Fallingbackwards_p4_3_35sek_20260205_112938.parquet,Fall,Fall,0.0,0,1
Fallingbackwards_p4_3_35sek_20260205_112938.parquet,Fall,Fall,0.0,0,1
Fallingbackwards_p4_3_35sek_20260205_112938.parquet,Fall,Fall,0.0,0,1
Fallingbackwards_p4_3_35sek_20260205_112938.parquet,Fall,Fall,0.0,0,1
Fallingbackwards_p4_3_35sek_20260205_112938.parquet,Fall,Fall,0.0,0,1
Fallingbackwards_p4_3_35sek_20260205_112938.parquet,Fall,Fall,0.0,0,1
Fallingbackwards_p4_3_35sek_20260205_112938.parquet,Fall,Fall,0.0,0,1
Fallingbackwards_p4_3_35sek_20260205_112938.parquet,Fall,Fall,0.65,1,1
Fallingbackwards_p4_3_35sek_20260205_112938.parquet,Fall,Fall,0.0,0,1
Fallingbackwards_p4_3_35sek_20260205_112938.parquet,Fall,Fall,0.0,0,1
Fallingbackwards_p4_3_35sek_20260205_112938.parquet,Fall,Fall,0.0,0,1
Fallingbackwards_p4_3_35sek_20260205_112938.parquet,Fall,Fall,0.0,0,1
Fallingbackwards_p4_3_35sek_20260205_112938.parquet,Fall,Fall,0.0,0,1
Fallingbackwards_p4_3_35sek_20260205_112938.parquet,Fall,Fall,0.0,0,1
Fallingbackwards_p4_3_35sek_20260205_112938.parquet,Fall,Fall,0.0,0,1
Fallingbackwards_p4_3_35sek_20260205_112938.parquet,Fall,Fall,0.0,0,1
Fallingbackwards_p4_3_35sek_20260205_112938.parquet,Fall,Fall,0.0,0,1
Fallingbackwards_p4_3_35sek_20260205_112938.parquet,Fall,Fall,0.0,0,1
Fallingbackwards_p4_3_35sek_20260205_112938.parquet,Fall,Fall,0.0,0,1
Fallingbackwards_p4_3_35sek_20260205_112938.parquet,Fall,Fall,0.0,0,1
Fallingbackwards_p4_3_35sek_20260205_112938.parquet,Fall,Fall,0.0,0,1
Fallingbackwards_p4_3_35sek_20260205_112938.parquet,Fall,Fall,0.0,0,1
Fallingbackwards_p4_3_35sek_20260205_112938.parquet,Fall,Fall,0.0,0,1
Fallingbackwards_p4_3_35sek_20260205_112938.parquet,Fall,Fall,0.0,0,1
Fallingbackwards_p4_3_35sek_20260205_112938.parquet,Fall,Fall,0.0,0,1
Fallingbackwards_p4_3_35sek_20260205_112938.parquet,Fall,Fall,0.0,0,1
Fallingbackwards_p4_3_35sek_20260205_112938.parquet,Fall,Fall,0.0,0,1
Fallingbackwards_p4_3_35sek_20260205_112938.parquet,Fall,Fall,0.0,0,1
Fallingbackwards_p4_3_35sek_20260205_112938.parquet,Fall,Fall,0.0,0,1
Fallingbackwards_p4_3_35sek_20260205_112938.parquet,Fall,Fall,0.0,0,1
Fallingbackwards_p4_3_35sek_20260205_112938.parquet,Fall,Fall,0.0,0,1
Fallingbackwards_p4_3_35sek_20260205_112938.parquet,Fall,Fall,0.0,0,1
Fallingbackwards_p4_3_35sek_20260205_112938.parquet,Fall,Fall,0.0,0,1
Fallingbackwards_p4_3_35sek_20260205_112938.parquet,Fall,Fall,0.0,0,1
Fallingbackwards_p4_3_35sek_20260205_112938.parquet,Fall,Fall,0.0,0,1
Fallingbackwards_p4_3_35sek_20260205_112938.parquet,Fall,Fall,0.0,0,1
Fallingbackwards_p4_3_35sek_20260205_112938.parquet,Fall,Fall,0.0,0,1
Fallingbackwards_p4_3_35sek_20260205_112938.parquet,Fall,Fall,0.01,0,1
Fallingbackwardsleftside_p4_1_35sek_20260206_120044.parquet,Fall,Fall,0.0,0,1
Fallingbackwardsleftside_p4_1_35sek_20260206_120044.parquet,Fall,Fall,0.0,0,1
Fallingbackwardsleftside_p4_1_35sek_20260206_120044.parquet,Fall,Fall,0.0,0,1
Fallingbackwardsleftside_p4_1_35sek_20260206_120044.parquet,Fall,Fall,0.0,0,1
Fallingbackwardsleftside_p4_1_35sek_20260206_120044.parquet,Fall,Fall,0.0,0,1
Fallingbackwardsleftside_p4_1_35sek_20260206_120044.parquet,Fall,Fall,0.0,0,1
Fallingbackwardsleftside_p4_1_35sek_20260206_120044.parquet,Fall,Fall,0.0,0,1
Fallingbackwardsleftside_p4_1_35sek_20260206_120044.parquet,Fall,Fall,0.0,0,1
Fallingbackwardsleftside_p4_1_35sek_20260206_120044.parquet,Fall,Fall,0.0,0,1
Fallingbackwardsleftside_p4_1_35sek_20260206_120044.parquet,Fall,Fall,0.0,0,1
Fallingbackwardsleftside_p4_1_35sek_20260206_120044.parquet,Fall,Fall,0.0,0,1
Fallingbackwardsleftside_p4_1_35sek_20260206_120044.parquet,Fall,Fall,0.0,0,1
Fallingbackwardsleftside_p4_1_35sek_20260206_120044.parquet,Fall,Fall,0.0,0,1
Fallingbackwardsleftside_p4_1_35sek_20260206_120044.parquet,Fall,Fall,0.0,0,1
Fallingbackwardsleftside_p4_1_35sek_20260206_120044.parquet,Fall,Fall,0.0,0,1
Fallingbackwardsleftside_p4_1_35sek_20260206_120044.parquet,Fall,Fall,0.0,0,1
Fallingbackwardsleftside_p4_1_35sek_20260206_120044.parquet,Fall,Fall,0.0,0,1
Fallingbackwardsleftside_p4_1_35sek_20260206_120044.parquet,Fall,Fall,0.0,0,1
Fallingbackwardsleftside_p4_1_35sek_20260206_120044.parquet,Fall,Fall,0.0,0,1
Fallingbackwardsleftside_p4_1_35sek_20260206_120044.parquet,Fall,Fall,0.0,0,1
Fallingbackwardsleftside_p4_1_35sek_20260206_120044.parquet,Fall,Fall,0.0,0,1
Fallingbackwardsleftside_p4_1_35sek_20260206_120044.parquet,Fall,Fall,0.0,0,1
Fallingbackwardsleftside_p4_1_35sek_20260206_120044.parquet,Fall,Fall,0.01,0,1
Fallingbackwardsleftside_p4_1_35sek_20260206_120044.parquet,Fall,Fall,0.03,0,1
Fallingbackwardsleftside_p4_1_35sek_20260206_120044.parquet,Fall,Fall,0.0,0,1
Fallingbackwardsleftside_p4_1_35sek_20260206_120044.parquet,Fall,Fall,0.0,0,1
Fallingbackwardsleftside_p4_1_35sek_20260206_120044.parquet,Fall,Fall,0.0,0,1
Fallingbackwardsleftside_p4_1_35sek_20260206_120044.parquet,Fall,Fall,0.0,0,1
Fallingbackwardsleftside_p4_1_35sek_20260206_120044.parquet,Fall,Fall,0.0,0,1
Fallingbackwardsleftside_p4_1_35sek_20260206_120044.parquet,Fall,Fall,0.0,0,1
Fallingbackwardsleftside_p4_1_35sek_20260206_120044.parquet,Fall,Fall,0.0,0,1
Fallingbackwardsleftside_p4_1_35sek_20260206_120044.parquet,Fall,Fall,0.0,0,1
Fallingbackwardsleftside_p4_1_35sek_20260206_120044.parquet,Fall,Fall,0.0,0,1
Fallingbackwardsleftside_p4_1_35sek_20260206_120044.parquet,Fall,Fall,0.0,0,1
Fallingbackwardsleftside_p4_1_35sek_20260206_120044.parquet,Fall,Fall,0.0,0,1
Fallingbackwardsleftside_p4_1_35sek_20260206_120044.parquet,Fall,Fall,0.0,0,1
Fallingbackwardsleftside_p4_1_35sek_20260206_120044.parquet,Fall,Fall,0.0,0,1
Fallingbackwardsleftside_p4_1_35sek_20260206_120044.parquet,Fall,Fall,0.0,0,1
Fallingbackwardsleftside_p4_2_35sek_20260206_120314.parquet,Fall,Fall,0.02,0,1
Fallingbackwardsleftside_p4_2_35sek_20260206_120314.parquet,Fall,Fall,0.0,0,1
Fallingbackwardsleftside_p4_2_35sek_20260206_120314.parquet,Fall,Fall,0.0,0,1
Fallingbackwardsleftside_p4_2_35sek_20260206_120314.parquet,Fall,Fall,0.0,0,1
Fallingbackwardsleftside_p4_2_35sek_20260206_120314.parquet,Fall,Fall,0.0,0,1
Fallingbackwardsleftside_p4_2_35sek_20260206_120314.parquet,Fall,Fall,0.0,0,1
Fallingbackwardsleftside_p4_2_35sek_20260206_120314.parquet,Fall,Fall,0.01,0,1
Fallingbackwardsleftside_p4_2_35sek_20260206_120314.parquet,Fall,Fall,0.0,0,1
Fallingbackwardsleftside_p4_2_35sek_20260206_120314.parquet,Fall,Fall,0.0,0,1
Fallingbackwardsleftside_p4_2_35sek_20260206_120314.parquet,Fall,Fall,0.0,0,1
Fallingbackwardsleftside_p4_2_35sek_20260206_120314.parquet,Fall,Fall,0.0,0,1
Fallingbackwardsleftside_p4_2_35sek_20260206_120314.parquet,Fall,Fall,0.0,0,1
Fallingbackwardsleftside_p4_2_35sek_20260206_120314.parquet,Fall,Fall,0.0,0,1
Fallingbackwardsleftside_p4_2_35sek_20260206_120314.parquet,Fall,Fall,0.0,0,1
Fallingbackwardsleftside_p4_2_35sek_20260206_120314.parquet,Fall,Fall,0.0,0,1
Fallingbackwardsleftside_p4_2_35sek_20260206_120314.parquet,Fall,Fall,0.0,0,1
Fallingbackwardsleftside_p4_2_35sek_20260206_120314.parquet,Fall,Fall,0.0,0,1
Fallingbackwardsleftside_p4_2_35sek_20260206_120314.parquet,Fall,Fall,0.0,0,1
Fallingbackwardsleftside_p4_2_35sek_20260206_120314.parquet,Fall,Fall,0.0,0,1
Fallingbackwardsleftside_p4_2_35sek_20260206_120314.parquet,Fall,Fall,0.0,0,1
Fallingbackwardsleftside_p4_2_35sek_20260206_120314.parquet,Fall,Fall,0.0,0,1
Fallingbackwardsleftside_p4_2_35sek_20260206_120314.parquet,Fall,Fall,0.0,0,1
Fallingbackwardsleftside_p4_2_35sek_20260206_120314.parquet,Fall,Fall,0.0,0,1
Fallingbackwardsleftside_p4_2_35sek_20260206_120314.parquet,Fall,Fall,0.0,0,1
Fallingbackwardsleftside_p4_2_35sek_20260206_120314.parquet,Fall,Fall,0.0,0,1
Fallingbackwardsleftside_p4_2_35sek_20260206_120314.parquet,Fall,Fall,0.0,0,1
Fallingbackwardsleftside_p4_2_35sek_20260206_120314.parquet,Fall,Fall,0.0,0,1
Fallingbackwardsleftside_p4_2_35sek_20260206_120314.parquet,Fall,Fall,0.0,0,1
Fallingbackwardsleftside_p4_2_35sek_20260206_120314.parquet,Fall,Fall,0.0,0,1
Fallingbackwardsleftside_p4_2_35sek_20260206_120314.parquet,Fall,Fall,0.0,0,1
Fallingbackwardsleftside_p4_2_35sek_20260206_120314.parquet,Fall,Fall,0.0,0,1
Fallingbackwardsleftside_p4_2_35sek_20260206_120314.parquet,Fall,Fall,0.0,0,1
Fallingbackwardsleftside_p4_2_35sek_20260206_120314.parquet,Fall,Fall,0.0,0,1
Fallingbackwardsleftside_p4_2_35sek_20260206_120314.parquet,Fall,Fall,0.0,0,1
Fallingbackwardsleftside_p4_2_35sek_20260206_120314.parquet,Fall,Fall,0.0,0,1
Fallingbackwardsleftside_p4_2_35sek_20260206_120314.parquet,Fall,Fall,0.0,0,1
Fallingbackwardsleftside_p4_2_35sek_20260206_120314.parquet,Fall,Fall,0.0,0,1
Fallingbackwardsleftside_p4_2_35sek_20260206_120314.parquet,Fall,Fall,0.0,0,1
Fallingbackwardsleftside_p4_2_35sek_20260206_120314.parquet,Fall,Fall,0.0,0,1
Fallingbackwardsleftside_p4_2_35sek_20260206_120314.parquet,Fall,Fall,0.0,0,1
Fallingbackwardsleftside_p4_2_35sek_20260206_120314.parquet,Fall,Fall,0.0,0,1
Fallingbackwardsleftside_p4_2_35sek_20260206_120314.parquet,Fall,Fall,0.0,0,1
Fallingbackwardsleftside_p4_2_35sek_20260206_120314.parquet,Fall,Fall,0.0,0,1
Fallingbackwardsleftside_p4_2_35sek_20260206_120314.parquet,Fall,Fall,0.0,0,1
Fallingbackwardsleftside_p4_3_35sek_20260206_120405.parquet,Fall,Fall,0.0,0,1
Fallingbackwardsleftside_p4_3_35sek_20260206_120405.parquet,Fall,Fall,0.0,0,1
Fallingbackwardsleftside_p4_3_35sek_20260206_120405.parquet,Fall,Fall,0.0,0,1
Fallingbackwardsleftside_p4_3_35sek_20260206_120405.parquet,Fall,Fall,0.0,0,1
Fallingbackwardsleftside_p4_3_35sek_20260206_120405.parquet,Fall,Fall,0.0,0,1
Fallingbackwardsleftside_p4_3_35sek_20260206_120405.parquet,Fall,Fall,0.0,0,1
Fallingbackwardsleftside_p4_3_35sek_20260206_120405.parquet,Fall,Fall,0.0,0,1
Fallingbackwardsleftside_p4_3_35sek_20260206_120405.parquet,Fall,Fall,0.0,0,1
Fallingbackwardsleftside_p4_3_35sek_20260206_120405.parquet,Fall,Fall,0.0,0,1
Fallingbackwardsleftside_p4_3_35sek_20260206_120405.parquet,Fall,Fall,0.0,0,1
Fallingbackwardsleftside_p4_3_35sek_20260206_120405.parquet,Fall,Fall,0.0,0,1
Fallingbackwardsleftside_p4_3_35sek_20260206_120405.parquet,Fall,Fall,0.0,0,1
Fallingbackwardsleftside_p4_3_35sek_20260206_120405.parquet,Fall,Fall,0.0,0,1
Fallingbackwardsleftside_p4_3_35sek_20260206_120405.parquet,Fall,Fall,0.0,0,1
Fallingbackwardsleftside_p4_3_35sek_20260206_120405.parquet,Fall,Fall,0.0,0,1
Fallingbackwardsleftside_p4_3_35sek_20260206_120405.parquet,Fall,Fall,0.0,0,1
Fallingbackwardsleftside_p4_3_35sek_20260206_120405.parquet,Fall,Fall,0.0,0,1
Fallingbackwardsleftside_p4_3_35sek_20260206_120405.parquet,Fall,Fall,0.0,0,1
Fallingbackwardsleftside_p4_3_35sek_20260206_120405.parquet,Fall,Fall,0.0,0,1
Fallingbackwardsleftside_p4_3_35sek_20260206_120405.parquet,Fall,Fall,0.0,0,1
Fallingbackwardsleftside_p4_3_35sek_20260206_120405.parquet,Fall,Fall,0.0,0,1
Fallingbackwardsleftside_p4_3_35sek_20260206_120405.parquet,Fall,Fall,0.0,0,1
Fallingbackwardsleftside_p4_3_35sek_20260206_120405.parquet,Fall,Fall,0.0,0,1
Fallingbackwardsleftside_p4_3_35sek_20260206_120405.parquet,Fall,Fall,0.0,0,1
Fallingbackwardsleftside_p4_3_35sek_20260206_120405.parquet,Fall,Fall,0.0,0,1
Fallingbackwardsleftside_p4_3_35sek_20260206_120405.parquet,Fall,Fall,0.0,0,1
Fallingbackwardsleftside_p4_3_35sek_20260206_120405.parquet,Fall,Fall,0.0,0,1
Fallingbackwardsleftside_p4_3_35sek_20260206_120405.parquet,Fall,Fall,0.0,0,1
Fallingbackwardsleftside_p4_3_35sek_20260206_120405.parquet,Fall,Fall,0.0,0,1
Fallingbackwardsleftside_p4_3_35sek_20260206_120405.parquet,Fall,Fall,0.0,0,1
Fallingbackwardsleftside_p4_3_35sek_20260206_120405.parquet,Fall,Fall,0.0,0,1
Fallingbackwardsleftside_p4_3_35sek_20260206_120405.parquet,Fall,Fall,0.0,0,1
Fallingbackwardsrightside_p4_1_35sek_20260206_115716.parquet,Fall,Fall,0.0,0,1
Fallingbackwardsrightside_p4_1_35sek_20260206_115716.parquet,Fall,Fall,0.0,0,1
Fallingbackwardsrightside_p4_1_35sek_20260206_115716.parquet,Fall,Fall,0.0,0,1
Fallingbackwardsrightside_p4_1_35sek_20260206_115716.parquet,Fall,Fall,0.0,0,1
Fallingbackwardsrightside_p4_1_35sek_20260206_115716.parquet,Fall,Fall,0.0,0,1
Fallingbackwardsrightside_p4_1_35sek_20260206_115716.parquet,Fall,Fall,0.0,0,1
Fallingbackwardsrightside_p4_1_35sek_20260206_115716.parquet,Fall,Fall,0.0,0,1
Fallingbackwardsrightside_p4_1_35sek_20260206_115716.parquet,Fall,Fall,0.0,0,1
Fallingbackwardsrightside_p4_1_35sek_20260206_115716.parquet,Fall,Fall,0.0,0,1
Fallingbackwardsrightside_p4_1_35sek_20260206_115716.parquet,Fall,Fall,0.0,0,1
Fallingbackwardsrightside_p4_1_35sek_20260206_115716.parquet,Fall,Fall,0.0,0,1
Fallingbackwardsrightside_p4_1_35sek_20260206_115716.parquet,Fall,Fall,0.0,0,1
Fallingbackwardsrightside_p4_1_35sek_20260206_115716.parquet,Fall,Fall,0.0,0,1
Fallingbackwardsrightside_p4_1_35sek_20260206_115716.parquet,Fall,Fall,0.0,0,1
Fallingbackwardsrightside_p4_1_35sek_20260206_115716.parquet,Fall,Fall,0.0,0,1
Fallingbackwardsrightside_p4_1_35sek_20260206_115716.parquet,Fall,Fall,0.0,0,1
Fallingbackwardsrightside_p4_1_35sek_20260206_115716.parquet,Fall,Fall,0.0,0,1
Fallingbackwardsrightside_p4_1_35sek_20260206_115716.parquet,Fall,Fall,0.6,1,1
Fallingbackwardsrightside_p4_1_35sek_20260206_115716.parquet,Fall,Fall,0.03,0,1
Fallingbackwardsrightside_p4_1_35sek_20260206_115716.parquet,Fall,Fall,0.01,0,1
Fallingbackwardsrightside_p4_1_35sek_20260206_115716.parquet,Fall,Fall,0.04,0,1
Fallingbackwardsrightside_p4_1_35sek_20260206_115716.parquet,Fall,Fall,0.0,0,1
Fallingbackwardsrightside_p4_1_35sek_20260206_115716.parquet,Fall,Fall,0.0,0,1
Fallingbackwardsrightside_p4_1_35sek_20260206_115716.parquet,Fall,Fall,0.0,0,1
Fallingbackwardsrightside_p4_1_35sek_20260206_115716.parquet,Fall,Fall,0.0,0,1
Fallingbackwardsrightside_p4_1_35sek_20260206_115716.parquet,Fall,Fall,0.0,0,1
Fallingbackwardsrightside_p4_1_35sek_20260206_115716.parquet,Fall,Fall,0.0,0,1
Fallingbackwardsrightside_p4_1_35sek_20260206_115716.parquet,Fall,Fall,0.0,0,1
Fallingbackwardsrightside_p4_1_35sek_20260206_115716.parquet,Fall,Fall,0.66,1,1
Fallingbackwardsrightside_p4_1_35sek_20260206_115716.parquet,Fall,Fall,0.94,1,1
Fallingbackwardsrightside_p4_1_35sek_20260206_115716.parquet,Fall,Fall,0.87,1,1
Fallingbackwardsrightside_p4_1_35sek_20260206_115716.parquet,Fall,Fall,0.68,1,1
Fallingbackwardsrightside_p4_1_35sek_20260206_115716.parquet,Fall,Fall,0.05,0,1
Fallingbackwardsrightside_p4_1_35sek_20260206_115716.parquet,Fall,Fall,0.0,0,1
Fallingbackwardsrightside_p4_1_35sek_20260206_115716.parquet,Fall,Fall,0.0,0,1
Fallingbackwardsrightside_p4_1_35sek_20260206_115716.parquet,Fall,Fall,0.0,0,1
Fallingbackwardsrightside_p4_1_35sek_20260206_115716.parquet,Fall,Fall,0.0,0,1
Fallingbackwardsrightside_p4_1_35sek_20260206_115716.parquet,Fall,Fall,0.0,0,1
Fallingbackwardsrightside_p4_1_35sek_20260206_115716.parquet,Fall,Fall,0.0,0,1
Fallingbackwardsrightside_p4_1_35sek_20260206_115716.parquet,Fall,Fall,0.0,0,1
Fallingbackwardsrightside_p4_1_35sek_20260206_115716.parquet,Fall,Fall,0.0,0,1
Fallingbackwardsrightside_p4_1_35sek_20260206_115716.parquet,Fall,Fall,0.0,0,1
Fallingbackwardsrightside_p4_1_35sek_20260206_115716.parquet,Fall,Fall,0.0,0,1
Fallingbackwardsrightside_p4_1_35sek_20260206_115716.parquet,Fall,Fall,0.0,0,1
Fallingbackwardsrightside_p4_1_35sek_20260206_115716.parquet,Fall,Fall,0.06,0,1
Fallingbackwardsrightside_p4_1_35sek_20260206_115716.parquet,Fall,Fall,0.0,0,1
Fallingbackwardsrightside_p4_1_35sek_20260206_115716.parquet,Fall,Fall,0.0,0,1
Fallingbackwardsrightside_p4_1_35sek_20260206_115716.parquet,Fall,Fall,0.0,0,1
Fallingbackwardsrightside_p4_1_35sek_20260206_115716.parquet,Fall,Fall,0.0,0,1
Fallingbackwardsrightside_p4_1_35sek_20260206_115716.parquet,Fall,Fall,0.0,0,1
Fallingbackwardsrightside_p4_1_35sek_20260206_115716.parquet,Fall,Fall,0.0,0,1
Fallingbackwardsrightside_p4_1_35sek_20260206_115716.parquet,Fall,Fall,0.0,0,1
Fallingbackwardsrightside_p4_1_35sek_20260206_115716.parquet,Fall,Fall,0.0,0,1
Fallingbackwardsrightside_p4_1_35sek_20260206_115716.parquet,Fall,Fall,0.0,0,1
Fallingbackwardsrightside_p4_1_35sek_20260206_115716.parquet,Fall,Fall,0.0,0,1
Fallingbackwardsrightside_p4_1_35sek_20260206_115716.parquet,Fall,Fall,0.0,0,1
Fallingbackwardsrightside_p4_1_35sek_20260206_115716.parquet,Fall,Fall,0.0,0,1
Fallingbackwardsrightside_p4_1_35sek_20260206_115716.parquet,Fall,Fall,0.0,0,1
Fallingbackwardsrightside_p4_1_35sek_20260206_115716.parquet,Fall,Fall,0.0,0,1
Fallingbackwardsrightside_p4_1_35sek_20260206_115716.parquet,Fall,Fall,0.0,0,1
Fallingbackwardsrightside_p4_1_35sek_20260206_115716.parquet,Fall,Fall,0.0,0,1
Fallingbackwardsrightside_p4_1_35sek_20260206_115716.parquet,Fall,Fall,0.0,0,1
Fallingbackwardsrightside_p4_1_35sek_20260206_115716.parquet,Fall,Fall,0.0,0,1
Fallingbackwardsrightside_p4_1_35sek_20260206_115716.parquet,Fall,Fall,0.0,0,1
Fallingbackwardsrightside_p4_1_35sek_20260206_115716.parquet,Fall,Fall,0.0,0,1
Fallingbackwardsrightside_p4_1_35sek_20260206_115716.parquet,Fall,Fall,0.0,0,1
Fallingbackwardsrightside_p4_1_35sek_20260206_115716.parquet,Fall,Fall,0.0,0,1
Fallingbackwardsrightside_p4_1_35sek_20260206_115716.parquet,Fall,Fall,0.0,0,1
Fallingbackwardsrightside_p4_1_35sek_20260206_115716.parquet,Fall,Fall,0.0,0,1
Fallingbackwardsrightside_p4_2_35sek_20260206_115814.parquet,Fall,Fall,0.0,0,1
Fallingbackwardsrightside_p4_2_35sek_20260206_115814.parquet,Fall,Fall,0.0,0,1
Fallingbackwardsrightside_p4_2_35sek_20260206_115814.parquet,Fall,Fall,0.0,0,1
Fallingbackwardsrightside_p4_2_35sek_20260206_115814.parquet,Fall,Fall,0.0,0,1
Fallingbackwardsrightside_p4_2_35sek_20260206_115814.parquet,Fall,Fall,0.0,0,1
Fallingbackwardsrightside_p4_2_35sek_20260206_115814.parquet,Fall,Fall,0.0,0,1
Fallingbackwardsrightside_p4_2_35sek_20260206_115814.parquet,Fall,Fall,0.0,0,1
Fallingbackwardsrightside_p4_2_35sek_20260206_115814.parquet,Fall,Fall,0.0,0,1
Fallingbackwardsrightside_p4_2_35sek_20260206_115814.parquet,Fall,Fall,0.0,0,1
Fallingbackwardsrightside_p4_2_35sek_20260206_115814.parquet,Fall,Fall,0.0,0,1
Fallingbackwardsrightside_p4_2_35sek_20260206_115814.parquet,Fall,Fall,0.0,0,1
Fallingbackwardsrightside_p4_2_35sek_20260206_115814.parquet,Fall,Fall,0.0,0,1
Fallingbackwardsrightside_p4_2_35sek_20260206_115814.parquet,Fall,Fall,0.0,0,1
Fallingbackwardsrightside_p4_2_35sek_20260206_115814.parquet,Fall,Fall,0.0,0,1
Fallingbackwardsrightside_p4_2_35sek_20260206_115814.parquet,Fall,Fall,0.0,0,1
Fallingbackwardsrightside_p4_2_35sek_20260206_115814.parquet,Fall,Fall,0.0,0,1
Fallingbackwardsrightside_p4_2_35sek_20260206_115814.parquet,Fall,Fall,0.0,0,1
Fallingbackwardsrightside_p4_2_35sek_20260206_115814.parquet,Fall,Fall,0.0,0,1
Fallingbackwardsrightside_p4_2_35sek_20260206_115814.parquet,Fall,Fall,0.0,0,1
Fallingbackwardsrightside_p4_2_35sek_20260206_115814.parquet,Fall,Fall,0.0,0,1
Fallingbackwardsrightside_p4_2_35sek_20260206_115814.parquet,Fall,Fall,0.0,0,1
Fallingbackwardsrightside_p4_2_35sek_20260206_115814.parquet,Fall,Fall,0.0,0,1
Fallingbackwardsrightside_p4_2_35sek_20260206_115814.parquet,Fall,Fall,0.0,0,1
Fallingbackwardsrightside_p4_2_35sek_20260206_115814.parquet,Fall,Fall,0.0,0,1
Fallingbackwardsrightside_p4_2_35sek_20260206_115814.parquet,Fall,Fall,0.0,0,1
Fallingbackwardsrightside_p4_2_35sek_20260206_115814.parquet,Fall,Fall,0.0,0,1
Fallingbackwardsrightside_p4_2_35sek_20260206_115814.parquet,Fall,Fall,0.0,0,1
Fallingbackwardsrightside_p4_2_35sek_20260206_115814.parquet,Fall,Fall,0.0,0,1
Fallingbackwardsrightside_p4_2_35sek_20260206_115814.parquet,Fall,Fall,0.0,0,1
Fallingbackwardsrightside_p4_2_35sek_20260206_115814.parquet,Fall,Fall,0.0,0,1
Fallingbackwardsrightside_p4_2_35sek_20260206_115814.parquet,Fall,Fall,0.01,0,1
Fallingbackwardsrightside_p4_2_35sek_20260206_115814.parquet,Fall,Fall,0.02,0,1
Fallingbackwardsrightside_p4_2_35sek_20260206_115814.parquet,Fall,Fall,0.01,0,1
Fallingbackwardsrightside_p4_2_35sek_20260206_115814.parquet,Fall,Fall,0.0,0,1
Fallingbackwardsrightside_p4_2_35sek_20260206_115814.parquet,Fall,Fall,0.0,0,1
Fallingbackwardsrightside_p4_2_35sek_20260206_115814.parquet,Fall,Fall,0.0,0,1
Fallingbackwardsrightside_p4_2_35sek_20260206_115814.parquet,Fall,Fall,0.0,0,1
Fallingbackwardsrightside_p4_2_35sek_20260206_115814.parquet,Fall,Fall,0.0,0,1
Fallingbackwardsrightside_p4_2_35sek_20260206_115814.parquet,Fall,Fall,0.04,0,1
Fallingbackwardsrightside_p4_2_35sek_20260206_115814.parquet,Fall,Fall,0.07,0,1
Fallingbackwardsrightside_p4_2_35sek_20260206_115814.parquet,Fall,Fall,0.11,0,1
Fallingbackwardsrightside_p4_2_35sek_20260206_115814.parquet,Fall,Fall,0.08,0,1
Fallingbackwardsrightside_p4_2_35sek_20260206_115814.parquet,Fall,Fall,0.0,0,1
Fallingbackwardsrightside_p4_2_35sek_20260206_115814.parquet,Fall,Fall,0.0,0,1
Fallingbackwardsrightside_p4_2_35sek_20260206_115814.parquet,Fall,Fall,0.0,0,1
Fallingbackwardsrightside_p4_2_35sek_20260206_115814.parquet,Fall,Fall,0.0,0,1
Fallingbackwardsrightside_p4_2_35sek_20260206_115814.parquet,Fall,Fall,0.0,0,1
Fallingbackwardsrightside_p4_3_35sek_20260206_115904.parquet,Fall,Fall,0.0,0,1
Fallingbackwardsrightside_p4_3_35sek_20260206_115904.parquet,Fall,Fall,0.6,1,1
Fallingbackwardsrightside_p4_3_35sek_20260206_115904.parquet,Fall,Fall,0.79,1,1
Fallingbackwardsrightside_p4_3_35sek_20260206_115904.parquet,Fall,Fall,0.74,1,1
Fallingbackwardsrightside_p4_3_35sek_20260206_115904.parquet,Fall,Fall,0.9,1,1
Fallingbackwardsrightside_p4_3_35sek_20260206_115904.parquet,Fall,Fall,0.88,1,1
Fallingbackwardsrightside_p4_3_35sek_20260206_115904.parquet,Fall,Fall,0.0,0,1
Fallingbackwardsrightside_p4_3_35sek_20260206_115904.parquet,Fall,Fall,0.0,0,1
Fallingbackwardsrightside_p4_3_35sek_20260206_115904.parquet,Fall,Fall,0.0,0,1
Fallingbackwardsrightside_p4_3_35sek_20260206_115904.parquet,Fall,Fall,0.0,0,1
Fallingbackwardsrightside_p4_3_35sek_20260206_115904.parquet,Fall,Fall,0.0,0,1
Fallingbackwardsrightside_p4_3_35sek_20260206_115904.parquet,Fall,Fall,0.0,0,1
Fallingbackwardsrightside_p4_3_35sek_20260206_115904.parquet,Fall,Fall,0.0,0,1
Fallingbackwardsrightside_p4_3_35sek_20260206_115904.parquet,Fall,Fall,0.0,0,1
Fallingbackwardsrightside_p4_3_35sek_20260206_115904.parquet,Fall,Fall,0.0,0,1
Fallingbackwardsrightside_p4_3_35sek_20260206_115904.parquet,Fall,Fall,0.0,0,1
Fallingbackwardsrightside_p4_3_35sek_20260206_115904.parquet,Fall,Fall,0.0,0,1
Fallingbackwardsrightside_p4_3_35sek_20260206_115904.parquet,Fall,Fall,0.0,0,1
Fallingbackwardsrightside_p4_3_35sek_20260206_115904.parquet,Fall,Fall,0.0,0,1
Fallingbackwardsrightside_p4_3_35sek_20260206_115904.parquet,Fall,Fall,0.0,0,1
Fallingbackwardsrightside_p4_3_35sek_20260206_115904.parquet,Fall,Fall,0.0,0,1
Fallingbackwardsrightside_p4_3_35sek_20260206_115904.parquet,Fall,Fall,0.0,0,1
Fallingbackwardsrightside_p4_3_35sek_20260206_115904.parquet,Fall,Fall,0.0,0,1
Fallingbackwardsrightside_p4_3_35sek_20260206_115904.parquet,Fall,Fall,0.0,0,1
Fallingbackwardsrightside_p4_3_35sek_20260206_115904.parquet,Fall,Fall,0.0,0,1
Fallingbackwardsrightside_p4_3_35sek_20260206_115904.parquet,Fall,Fall,0.0,0,1
Fallingbackwardsrightside_p4_3_35sek_20260206_115904.parquet,Fall,Fall,0.0,0,1
Fallingbackwardsrightside_p4_3_35sek_20260206_115904.parquet,Fall,Fall,0.0,0,1
Fallingbackwardsrightside_p4_3_35sek_20260206_115904.parquet,Fall,Fall,0.0,0,1
Fallingbackwardsrightside_p4_3_35sek_20260206_115904.parquet,Fall,Fall,0.0,0,1
Fallingbackwardsrightside_p4_3_35sek_20260206_115904.parquet,Fall,Fall,0.0,0,1
Fallingbackwardsrightside_p4_3_35sek_20260206_115904.parquet,Fall,Fall,0.0,0,1
Fallingbackwardsrightside_p4_3_35sek_20260206_115904.parquet,Fall,Fall,0.0,0,1
Fallingbackwardsrightside_p4_3_35sek_20260206_115904.parquet,Fall,Fall,0.0,0,1
Fallingbackwardsrightside_p4_3_35sek_20260206_115904.parquet,Fall,Fall,0.0,0,1
Fallingbackwardsrightside_p4_3_35sek_20260206_115904.parquet,Fall,Fall,0.0,0,1
Fallingbackwardsrightside_p4_3_35sek_20260206_115904.parquet,Fall,Fall,0.0,0,1
Fallingbackwardsrightside_p4_3_35sek_20260206_115904.parquet,Fall,Fall,0.0,0,1
Fallingbackwardsrightside_p4_3_35sek_20260206_115904.parquet,Fall,Fall,0.0,0,1
Fallingbackwardsrightside_p4_3_35sek_20260206_115904.parquet,Fall,Fall,0.68,1,1
Fallingbackwardsrightside_p4_3_35sek_20260206_115904.parquet,Fall,Fall,0.01,0,1
Fallingbackwardsrightside_p4_3_35sek_20260206_115904.parquet,Fall,Fall,0.0,0,1
Fallingbackwardsrightside_p4_3_35sek_20260206_115904.parquet,Fall,Fall,0.01,0,1
Fallingbackwardsrightside_p4_3_35sek_20260206_115904.parquet,Fall,Fall,0.0,0,1
Fallingbackwardsrightside_p4_3_35sek_20260206_115904.parquet,Fall,Fall,0.0,0,1
Fallingbackwardsrightside_p4_3_35sek_20260206_115904.parquet,Fall,Fall,0.0,0,1
Fallingfromchair_p1_1_35sek_20260204_154003.parquet,Fall,Fall,0.0,0,1
Fallingfromchair_p1_1_35sek_20260204_154003.parquet,Fall,Fall,0.0,0,1
Fallingfromchair_p1_1_35sek_20260204_154003.parquet,Fall,Fall,0.0,0,1
Fallingfromchair_p1_1_35sek_20260204_154003.parquet,Fall,Fall,0.0,0,1
Fallingfromchair_p1_1_35sek_20260204_154003.parquet,Fall,Fall,0.0,0,1
Fallingfromchair_p1_1_35sek_20260204_154003.parquet,Fall,Fall,0.0,0,1
Fallingfromchair_p1_1_35sek_20260204_154003.parquet,Fall,Fall,0.0,0,1
Fallingfromchair_p1_1_35sek_20260204_154003.parquet,Fall,Fall,0.0,0,1
Fallingfromchair_p1_1_35sek_20260204_154003.parquet,Fall,Fall,0.0,0,1
Fallingfromchair_p1_1_35sek_20260204_154003.parquet,Fall,Fall,0.0,0,1
Fallingfromchair_p1_1_35sek_20260204_154003.parquet,Fall,Fall,0.0,0,1
Fallingfromchair_p1_1_35sek_20260204_154003.parquet,Fall,Fall,0.0,0,1
Fallingfromchair_p1_1_35sek_20260204_154003.parquet,Fall,Fall,0.0,0,1
Fallingfromchair_p1_1_35sek_20260204_154003.parquet,Fall,Fall,0.0,0,1
Fallingfromchair_p1_1_35sek_20260204_154003.parquet,Fall,Fall,0.0,0,1
Fallingfromchair_p1_1_35sek_20260204_154003.parquet,Fall,Fall,0.0,0,1
Fallingfromchair_p1_1_35sek_20260204_154003.parquet,Fall,Fall,0.0,0,1
Fallingfromchair_p1_1_35sek_20260204_154003.parquet,Fall,Fall,0.0,0,1
Fallingfromchair_p1_1_35sek_20260204_154003.parquet,Fall,Fall,0.0,0,1
Fallingfromchair_p1_1_35sek_20260204_154003.parquet,Fall,Fall,0.0,0,1
Fallingfromchair_p1_1_35sek_20260204_154003.parquet,Fall,Fall,0.0,0,1
Fallingfromchair_p1_1_35sek_20260204_154003.parquet,Fall,Fall,0.0,0,1
Fallingfromchair_p1_1_35sek_20260204_154003.parquet,Fall,Fall,0.0,0,1
Fallingfromchair_p1_1_35sek_20260204_154003.parquet,Fall,Fall,0.0,0,1
Fallingfromchair_p1_1_35sek_20260204_154003.parquet,Fall,Fall,0.01,0,1
Fallingfromchair_p1_1_35sek_20260204_154003.parquet,Fall,Fall,0.0,0,1
Fallingfromchair_p1_1_35sek_20260204_154003.parquet,Fall,Fall,0.0,0,1
Fallingfromchair_p1_1_35sek_20260204_154003.parquet,Fall,Fall,0.0,0,1
Fallingfromchair_p1_1_35sek_20260204_154003.parquet,Fall,Fall,0.68,1,1
Fallingfromchair_p1_1_35sek_20260204_154003.parquet,Fall,Fall,0.81,1,1
Fallingfromchair_p1_1_35sek_20260204_154003.parquet,Fall,Fall,0.33,1,1
Fallingfromchair_p1_1_35sek_20260204_154003.parquet,Fall,Fall,0.77,1,1
Fallingfromchair_p1_1_35sek_20260204_154003.parquet,Fall,Fall,0.01,0,1
Fallingfromchair_p1_1_35sek_20260204_154003.parquet,Fall,Fall,0.07,0,1
Fallingfromchair_p1_1_35sek_20260204_154003.parquet,Fall,Fall,0.02,0,1
Fallingfromchair_p1_1_35sek_20260204_154003.parquet,Fall,Fall,0.0,0,1
Fallingfromchair_p1_1_35sek_20260204_154003.parquet,Fall,Fall,0.0,0,1
Fallingfromchair_p1_1_35sek_20260204_154003.parquet,Fall,Fall,0.0,0,1
Fallingfromchair_p1_1_35sek_20260204_154003.parquet,Fall,Fall,0.0,0,1
Fallingfromchair_p1_1_35sek_20260204_154003.parquet,Fall,Fall,0.0,0,1
Fallingfromchair_p1_1_35sek_20260204_154003.parquet,Fall,Fall,0.0,0,1
Fallingfromchair_p1_1_35sek_20260204_154003.parquet,Fall,Fall,0.0,0,1
Fallingfromchair_p1_1_35sek_20260204_154003.parquet,Fall,Fall,0.0,0,1
Fallingfromchair_p1_1_35sek_20260204_154003.parquet,Fall,Fall,0.0,0,1
Fallingfromchair_p1_1_35sek_20260204_154003.parquet,Fall,Fall,0.0,0,1
Fallingfromchair_p1_1_35sek_20260204_154003.parquet,Fall,Fall,0.0,0,1
Fallingfromchair_p1_1_35sek_20260204_154003.parquet,Fall,Fall,0.0,0,1
Fallingfromchair_p1_1_35sek_20260204_154003.parquet,Fall,Fall,0.0,0,1
Fallingfromchair_p1_1_35sek_20260204_154003.parquet,Fall,Fall,0.0,0,1
Fallingfromchair_p1_1_35sek_20260204_154003.parquet,Fall,Fall,0.0,0,1
Fallingfromchair_p1_1_35sek_20260204_154003.parquet,Fall,Fall,0.0,0,1
Fallingfromchair_p1_1_35sek_20260204_154003.parquet,Fall,Fall,0.0,0,1
Fallingfromchair_p1_1_35sek_20260204_154003.parquet,Fall,Fall,0.0,0,1
Fallingfromchair_p1_1_35sek_20260204_154003.parquet,Fall,Fall,0.0,0,1
Fallingfromchair_p1_2_35sek_20260204_154120.parquet,Fall,Fall,0.0,0,1
Fallingfromchair_p1_2_35sek_20260204_154120.parquet,Fall,Fall,0.0,0,1
Fallingfromchair_p1_2_35sek_20260204_154120.parquet,Fall,Fall,0.0,0,1
Fallingfromchair_p1_2_35sek_20260204_154120.parquet,Fall,Fall,0.0,0,1
Fallingfromchair_p1_2_35sek_20260204_154120.parquet,Fall,Fall,0.0,0,1
Fallingfromchair_p1_2_35sek_20260204_154120.parquet,Fall,Fall,0.0,0,1
Fallingfromchair_p1_2_35sek_20260204_154120.parquet,Fall,Fall,0.0,0,1
Fallingfromchair_p1_2_35sek_20260204_154120.parquet,Fall,Fall,0.0,0,1
Fallingfromchair_p1_2_35sek_20260204_154120.parquet,Fall,Fall,0.0,0,1
Fallingfromchair_p1_2_35sek_20260204_154120.parquet,Fall,Fall,0.0,0,1
Fallingfromchair_p1_2_35sek_20260204_154120.parquet,Fall,Fall,0.0,0,1
Fallingfromchair_p1_2_35sek_20260204_154120.parquet,Fall,Fall,0.0,0,1
Fallingfromchair_p1_2_35sek_20260204_154120.parquet,Fall,Fall,0.0,0,1
Fallingfromchair_p1_2_35sek_20260204_154120.parquet,Fall,Fall,0.0,0,1
Fallingfromchair_p1_2_35sek_20260204_154120.parquet,Fall,Fall,0.0,0,1
Fallingfromchair_p1_2_35sek_20260204_154120.parquet,Fall,Fall,0.0,0,1
Fallingfromchair_p1_2_35sek_20260204_154120.parquet,Fall,Fall,0.0,0,1
Fallingfromchair_p1_2_35sek_20260204_154120.parquet,Fall,Fall,0.0,0,1
Fallingfromchair_p1_2_35sek_20260204_154120.parquet,Fall,Fall,0.0,0,1
Fallingfromchair_p1_2_35sek_20260204_154120.parquet,Fall,Fall,0.0,0,1
Fallingfromchair_p1_2_35sek_20260204_154120.parquet,Fall,Fall,0.0,0,1
Fallingfromchair_p1_2_35sek_20260204_154120.parquet,Fall,Fall,0.0,0,1
Fallingfromchair_p1_2_35sek_20260204_154120.parquet,Fall,Fall,0.0,0,1
Fallingfromchair_p1_2_35sek_20260204_154120.parquet,Fall,Fall,0.0,0,1
Fallingfromchair_p1_2_35sek_20260204_154120.parquet,Fall,Fall,0.0,0,1
Fallingfromchair_p1_2_35sek_20260204_154120.parquet,Fall,Fall,0.0,0,1
Fallingfromchair_p1_2_35sek_20260204_154120.parquet,Fall,Fall,0.0,0,1
Fallingfromchair_p1_2_35sek_20260204_154120.parquet,Fall,Fall,0.0,0,1
Fallingfromchair_p1_2_35sek_20260204_154120.parquet,Fall,Fall,0.0,0,1
Fallingfromchair_p1_2_35sek_20260204_154120.parquet,Fall,Fall,0.0,0,1
Fallingfromchair_p1_2_35sek_20260204_154120.parquet,Fall,Fall,0.0,0,1
Fallingfromchair_p1_2_35sek_20260204_154120.parquet,Fall,Fall,0.02,0,1
Fallingfromchair_p1_2_35sek_20260204_154120.parquet,Fall,Fall,0.0,0,1
Fallingfromchair_p1_2_35sek_20260204_154120.parquet,Fall,Fall,0.0,0,1
Fallingfromchair_p1_2_35sek_20260204_154120.parquet,Fall,Fall,0.0,0,1
Fallingfromchair_p1_2_35sek_20260204_154120.parquet,Fall,Fall,0.01,0,1
Fallingfromchair_p1_2_35sek_20260204_154120.parquet,Fall,Fall,0.01,0,1
Fallingfromchair_p1_2_35sek_20260204_154120.parquet,Fall,Fall,0.01,0,1
Fallingfromchair_p1_2_35sek_20260204_154120.parquet,Fall,Fall,0.0,0,1
Fallingfromchair_p1_2_35sek_20260204_154120.parquet,Fall,Fall,0.0,0,1
Fallingfromchair_p1_2_35sek_20260204_154120.parquet,Fall,Fall,0.0,0,1
Fallingfromchair_p1_2_35sek_20260204_154120.parquet,Fall,Fall,0.0,0,1
Fallingfromchair_p1_2_35sek_20260204_154120.parquet,Fall,Fall,0.0,0,1
Fallingfromchair_p1_2_35sek_20260204_154120.parquet,Fall,Fall,0.0,0,1
Fallingfromchair_p1_2_35sek_20260204_154120.parquet,Fall,Fall,0.0,0,1
Fallingfromchair_p1_2_35sek_20260204_154120.parquet,Fall,Fall,0.0,0,1
Fallingfromchair_p1_2_35sek_20260204_154120.parquet,Fall,Fall,0.0,0,1
Fallingfromchair_p1_2_35sek_20260204_154120.parquet,Fall,Fall,0.0,0,1
Fallingfromchair_p1_2_35sek_20260204_154120.parquet,Fall,Fall,0.0,0,1
Fallingfromchair_p1_2_35sek_20260204_154120.parquet,Fall,Fall,0.0,0,1
Fallingfromchair_p1_2_35sek_20260204_154120.parquet,Fall,Fall,0.0,0,1
Fallingfromchair_p1_3_35sek_20260204_154248.parquet,Fall,Fall,0.0,0,1
Fallingfromchair_p1_3_35sek_20260204_154248.parquet,Fall,Fall,0.0,0,1
Fallingfromchair_p1_3_35sek_20260204_154248.parquet,Fall,Fall,0.0,0,1
Fallingfromchair_p1_3_35sek_20260204_154248.parquet,Fall,Fall,0.0,0,1
Fallingfromchair_p1_3_35sek_20260204_154248.parquet,Fall,Fall,0.0,0,1
Fallingfromchair_p1_3_35sek_20260204_154248.parquet,Fall,Fall,0.0,0,1
Fallingfromchair_p1_3_35sek_20260204_154248.parquet,Fall,Fall,0.0,0,1
Fallingfromchair_p1_3_35sek_20260204_154248.parquet,Fall,Fall,0.0,0,1
Fallingfromchair_p1_3_35sek_20260204_154248.parquet,Fall,Fall,0.0,0,1
Fallingfromchair_p1_3_35sek_20260204_154248.parquet,Fall,Fall,0.0,0,1
Fallingfromchair_p1_3_35sek_20260204_154248.parquet,Fall,Fall,0.0,0,1
Fallingfromchair_p1_3_35sek_20260204_154248.parquet,Fall,Fall,0.0,0,1
Fallingfromchair_p1_3_35sek_20260204_154248.parquet,Fall,Fall,0.0,0,1
Fallingfromchair_p1_3_35sek_20260204_154248.parquet,Fall,Fall,0.0,0,1
Fallingfromchair_p1_3_35sek_20260204_154248.parquet,Fall,Fall,0.0,0,1
Fallingfromchair_p1_3_35sek_20260204_154248.parquet,Fall,Fall,0.0,0,1
Fallingfromchair_p1_3_35sek_20260204_154248.parquet,Fall,Fall,0.0,0,1
Fallingfromchair_p1_3_35sek_20260204_154248.parquet,Fall,Fall,0.0,0,1
Fallingfromchair_p1_3_35sek_20260204_154248.parquet,Fall,Fall,0.0,0,1
Fallingfromchair_p1_3_35sek_20260204_154248.parquet,Fall,Fall,0.0,0,1
Fallingfromchair_p1_3_35sek_20260204_154248.parquet,Fall,Fall,0.0,0,1
Fallingfromchair_p1_3_35sek_20260204_154248.parquet,Fall,Fall,0.0,0,1
Fallingfromchair_p1_3_35sek_20260204_154248.parquet,Fall,Fall,0.0,0,1
Fallingfromchair_p1_3_35sek_20260204_154248.parquet,Fall,Fall,0.0,0,1
Fallingfromchair_p1_3_35sek_20260204_154248.parquet,Fall,Fall,0.0,0,1
Fallingfromchair_p1_3_35sek_20260204_154248.parquet,Fall,Fall,0.0,0,1
Fallingfromchair_p1_3_35sek_20260204_154248.parquet,Fall,Fall,0.0,0,1
Fallingfromchair_p1_3_35sek_20260204_154248.parquet,Fall,Fall,0.0,0,1
Fallingfromchair_p1_3_35sek_20260204_154248.parquet,Fall,Fall,0.0,0,1
Fallingfromchair_p1_3_35sek_20260204_154248.parquet,Fall,Fall,0.0,0,1
Fallingfromchair_p1_3_35sek_20260204_154248.parquet,Fall,Fall,0.01,0,1
Fallingfromchair_p1_3_35sek_20260204_154248.parquet,Fall,Fall,0.02,0,1
Fallingfromchair_p1_3_35sek_20260204_154248.parquet,Fall,Fall,0.03,0,1
Fallingfromchair_p1_3_35sek_20260204_154248.parquet,Fall,Fall,0.02,0,1
Fallingfromchair_p1_3_35sek_20260204_154248.parquet,Fall,Fall,0.0,0,1
Fallingfromchair_p1_3_35sek_20260204_154248.parquet,Fall,Fall,0.0,0,1
Fallingfromchair_p1_3_35sek_20260204_154248.parquet,Fall,Fall,0.0,0,1
Fallingfromchair_p1_3_35sek_20260204_154248.parquet,Fall,Fall,0.0,0,1
Fallingfromchair_p1_3_35sek_20260204_154248.parquet,Fall,Fall,0.0,0,1
Fallingfromchair_p1_3_35sek_20260204_154248.parquet,Fall,Fall,0.0,0,1
Fallingfromchair_p1_3_35sek_20260204_154248.parquet,Fall,Fall,0.0,0,1
Fallingfromchair_p1_3_35sek_20260204_154248.parquet,Fall,Fall,0.0,0,1
Fallingfromchair_p1_3_35sek_20260204_154248.parquet,Fall,Fall,0.0,0,1
Fallingfromchair_p1_3_35sek_20260204_154248.parquet,Fall,Fall,0.0,0,1
Fallingfromchair_p1_3_35sek_20260204_154248.parquet,Fall,Fall,0.0,0,1
Fallingfromchair_p1_3_35sek_20260204_154248.parquet,Fall,Fall,0.0,0,1
Fallingfromchair_p1_3_35sek_20260204_154248.parquet,Fall,Fall,0.0,0,1
Fallingfromchair_p4_1_35sek_20260204_152131.parquet,Fall,Fall,0.0,0,1
Fallingfromchair_p4_1_35sek_20260204_152131.parquet,Fall,Fall,0.0,0,1
Fallingfromchair_p4_1_35sek_20260204_152131.parquet,Fall,Fall,0.0,0,1
Fallingfromchair_p4_1_35sek_20260204_152131.parquet,Fall,Fall,0.0,0,1
Fallingfromchair_p4_1_35sek_20260204_152131.parquet,Fall,Fall,0.0,0,1
Fallingfromchair_p4_1_35sek_20260204_152131.parquet,Fall,Fall,0.0,0,1
Fallingfromchair_p4_1_35sek_20260204_152131.parquet,Fall,Fall,0.0,0,1
Fallingfromchair_p4_1_35sek_20260204_152131.parquet,Fall,Fall,0.0,0,1
Fallingfromchair_p4_1_35sek_20260204_152131.parquet,Fall,Fall,0.0,0,1
Fallingfromchair_p4_1_35sek_20260204_152131.parquet,Fall,Fall,0.0,0,1
Fallingfromchair_p4_1_35sek_20260204_152131.parquet,Fall,Fall,0.0,0,1
Fallingfromchair_p4_1_35sek_20260204_152131.parquet,Fall,Fall,0.0,0,1
Fallingfromchair_p4_1_35sek_20260204_152131.parquet,Fall,Fall,0.0,0,1
Fallingfromchair_p4_1_35sek_20260204_152131.parquet,Fall,Fall,0.0,0,1
Fallingfromchair_p4_1_35sek_20260204_152131.parquet,Fall,Fall,0.0,0,1
Fallingfromchair_p4_1_35sek_20260204_152131.parquet,Fall,Fall,0.0,0,1
Fallingfromchair_p4_1_35sek_20260204_152131.parquet,Fall,Fall,0.0,0,1
Fallingfromchair_p4_1_35sek_20260204_152131.parquet,Fall,Fall,0.0,0,1
Fallingfromchair_p4_1_35sek_20260204_152131.parquet,Fall,Fall,0.0,0,1
Fallingfromchair_p4_1_35sek_20260204_152131.parquet,Fall,Fall,0.0,0,1
Fallingfromchair_p4_1_35sek_20260204_152131.parquet,Fall,Fall,0.0,0,1
Fallingfromchair_p4_1_35sek_20260204_152131.parquet,Fall,Fall,0.0,0,1
Fallingfromchair_p4_1_35sek_20260204_152131.parquet,Fall,Fall,0.0,0,1
Fallingfromchair_p4_1_35sek_20260204_152131.parquet,Fall,Fall,0.0,0,1
Fallingfromchair_p4_1_35sek_20260204_152131.parquet,Fall,Fall,0.0,0,1
Fallingfromchair_p4_1_35sek_20260204_152131.parquet,Fall,Fall,0.0,0,1
Fallingfromchair_p4_1_35sek_20260204_152131.parquet,Fall,Fall,0.0,0,1
Fallingfromchair_p4_1_35sek_20260204_152131.parquet,Fall,Fall,0.0,0,1
Fallingfromchair_p4_1_35sek_20260204_152131.parquet,Fall,Fall,0.0,0,1
Fallingfromchair_p4_1_35sek_20260204_152131.parquet,Fall,Fall,0.0,0,1
Fallingfromchair_p4_1_35sek_20260204_152131.parquet,Fall,Fall,0.0,0,1
Fallingfromchair_p4_1_35sek_20260204_152131.parquet,Fall,Fall,0.06,0,1
Fallingfromchair_p4_1_35sek_20260204_152131.parquet,Fall,Fall,0.14,0,1
Fallingfromchair_p4_1_35sek_20260204_152131.parquet,Fall,Fall,0.03,0,1
Fallingfromchair_p4_1_35sek_20260204_152131.parquet,Fall,Fall,0.0,0,1
Fallingfromchair_p4_1_35sek_20260204_152131.parquet,Fall,Fall,0.0,0,1
Fallingfromchair_p4_1_35sek_20260204_152131.parquet,Fall,Fall,0.0,0,1
Fallingfromchair_p4_1_35sek_20260204_152131.parquet,Fall,Fall,0.0,0,1
Fallingfromchair_p4_1_35sek_20260204_152131.parquet,Fall,Fall,0.0,0,1
Fallingfromchair_p4_1_35sek_20260204_152131.parquet,Fall,Fall,0.0,0,1
Fallingfromchair_p4_1_35sek_20260204_152131.parquet,Fall,Fall,0.0,0,1
Fallingfromchair_p4_1_35sek_20260204_152131.parquet,Fall,Fall,0.0,0,1
Fallingfromchair_p4_1_35sek_20260204_152131.parquet,Fall,Fall,0.0,0,1
Fallingfromchair_p4_1_35sek_20260204_152131.parquet,Fall,Fall,0.0,0,1
Fallingfromchair_p4_1_35sek_20260204_152131.parquet,Fall,Fall,0.0,0,1
Fallingfromchair_p4_1_35sek_20260204_152131.parquet,Fall,Fall,0.0,0,1
Fallingfromchair_p4_1_35sek_20260204_152131.parquet,Fall,Fall,0.0,0,1
Fallingfromchair_p4_1_35sek_20260204_152131.parquet,Fall,Fall,0.02,0,1
Fallingfromchair_p4_1_35sek_20260204_152131.parquet,Fall,Fall,0.02,0,1
Fallingfromchair_p4_1_35sek_20260204_152131.parquet,Fall,Fall,0.01,0,1
Fallingfromchair_p4_1_35sek_20260204_152131.parquet,Fall,Fall,0.01,0,1
Fallingfromchair_p4_1_35sek_20260204_152131.parquet,Fall,Fall,0.0,0,1
Fallingfromchair_p4_1_35sek_20260204_152131.parquet,Fall,Fall,0.0,0,1
Fallingfromchair_p4_1_35sek_20260204_152131.parquet,Fall,Fall,0.0,0,1
Fallingfromchair_p4_1_35sek_20260204_152131.parquet,Fall,Fall,0.0,0,1
Fallingfromchair_p4_1_35sek_20260204_152131.parquet,Fall,Fall,0.0,0,1
Fallingfromchair_p4_1_35sek_20260204_152131.parquet,Fall,Fall,0.0,0,1
Fallingfromchair_p4_1_35sek_20260204_152131.parquet,Fall,Fall,0.0,0,1
Fallingfromchair_p4_1_35sek_20260204_152131.parquet,Fall,Fall,0.0,0,1
Fallingfromchair_p4_1_35sek_20260204_152131.parquet,Fall,Fall,0.0,0,1
Fallingfromchair_p4_1_35sek_20260204_152131.parquet,Fall,Fall,0.0,0,1
Fallingfromchair_p4_1_35sek_20260204_152131.parquet,Fall,Fall,0.04,0,1
Fallingfromchair_p4_1_35sek_20260204_152131.parquet,Fall,Fall,0.02,0,1
Fallingfromchair_p4_1_35sek_20260204_152131.parquet,Fall,Fall,0.03,0,1
Fallingfromchair_p4_1_35sek_20260204_152131.parquet,Fall,Fall,0.0,0,1
Fallingfromchair_p4_1_35sek_20260204_152131.parquet,Fall,Fall,0.0,0,1
Fallingfromchair_p4_2_35sek_20260204_152255.parquet,Fall,Fall,0.0,0,1
Fallingfromchair_p4_2_35sek_20260204_152255.parquet,Fall,Fall,0.01,0,1
Fallingfromchair_p4_2_35sek_20260204_152255.parquet,Fall,Fall,0.0,0,1
Fallingfromchair_p4_2_35sek_20260204_152255.parquet,Fall,Fall,0.01,0,1
Fallingfromchair_p4_2_35sek_20260204_152255.parquet,Fall,Fall,0.18,0,1
Fallingfromchair_p4_2_35sek_20260204_152255.parquet,Fall,Fall,0.6,1,1
Fallingfromchair_p4_2_35sek_20260204_152255.parquet,Fall,Fall,0.59,1,1
Fallingfromchair_p4_2_35sek_20260204_152255.parquet,Fall,Fall,0.86,1,1
Fallingfromchair_p4_2_35sek_20260204_152255.parquet,Fall,Fall,0.47,1,1
Fallingfromchair_p4_2_35sek_20260204_152255.parquet,Fall,Fall,0.0,0,1
Fallingfromchair_p4_2_35sek_20260204_152255.parquet,Fall,Fall,0.0,0,1
Fallingfromchair_p4_2_35sek_20260204_152255.parquet,Fall,Fall,0.0,0,1
Fallingfromchair_p4_2_35sek_20260204_152255.parquet,Fall,Fall,0.0,0,1
Fallingfromchair_p4_2_35sek_20260204_152255.parquet,Fall,Fall,0.01,0,1
Fallingfromchair_p4_2_35sek_20260204_152255.parquet,Fall,Fall,0.0,0,1
Fallingfromchair_p4_2_35sek_20260204_152255.parquet,Fall,Fall,0.0,0,1
Fallingfromchair_p4_2_35sek_20260204_152255.parquet,Fall,Fall,0.0,0,1
Fallingfromchair_p4_2_35sek_20260204_152255.parquet,Fall,Fall,0.0,0,1
Fallingfromchair_p4_2_35sek_20260204_152255.parquet,Fall,Fall,0.0,0,1
Fallingfromchair_p4_2_35sek_20260204_152255.parquet,Fall,Fall,0.0,0,1
Fallingfromchair_p4_2_35sek_20260204_152255.parquet,Fall,Fall,0.0,0,1
Fallingfromchair_p4_2_35sek_20260204_152255.parquet,Fall,Fall,0.0,0,1
Fallingfromchair_p4_2_35sek_20260204_152255.parquet,Fall,Fall,0.0,0,1
Fallingfromchair_p4_2_35sek_20260204_152255.parquet,Fall,Fall,0.01,0,1
Fallingfromchair_p4_2_35sek_20260204_152255.parquet,Fall,Fall,0.0,0,1
Fallingfromchair_p4_2_35sek_20260204_152255.parquet,Fall,Fall,0.0,0,1
Fallingfromchair_p4_2_35sek_20260204_152255.parquet,Fall,Fall,0.0,0,1
Fallingfromchair_p4_2_35sek_20260204_152255.parquet,Fall,Fall,0.0,0,1
Fallingfromchair_p4_2_35sek_20260204_152255.parquet,Fall,Fall,0.0,0,1
Fallingfromchair_p4_2_35sek_20260204_152255.parquet,Fall,Fall,0.0,0,1
Fallingfromchair_p4_2_35sek_20260204_152255.parquet,Fall,Fall,0.0,0,1
Fallingfromchair_p4_2_35sek_20260204_152255.parquet,Fall,Fall,0.0,0,1
Fallingfromchair_p4_2_35sek_20260204_152255.parquet,Fall,Fall,0.0,0,1
Fallingfromchair_p4_2_35sek_20260204_152255.parquet,Fall,Fall,0.0,0,1
Fallingfromchair_p4_2_35sek_20260204_152255.parquet,Fall,Fall,0.0,0,1
Fallingfromchair_p4_2_35sek_20260204_152255.parquet,Fall,Fall,0.0,0,1
Fallingfromchair_p4_2_35sek_20260204_152255.parquet,Fall,Fall,0.0,0,1
Fallingfromchair_p4_2_35sek_20260204_152255.parquet,Fall,Fall,0.01,0,1
Fallingfromchair_p4_2_35sek_20260204_152255.parquet,Fall,Fall,0.02,0,1
Fallingfromchair_p4_2_35sek_20260204_152255.parquet,Fall,Fall,0.0,0,1
Fallingfromchair_p4_2_35sek_20260204_152255.parquet,Fall,Fall,0.08,0,1
Fallingfromchair_p4_2_35sek_20260204_152255.parquet,Fall,Fall,0.66,1,1
Fallingfromchair_p4_2_35sek_20260204_152255.parquet,Fall,Fall,0.0,0,1
Fallingfromchair_p4_2_35sek_20260204_152255.parquet,Fall,Fall,0.01,0,1
Fallingfromchair_p4_2_35sek_20260204_152255.parquet,Fall,Fall,0.0,0,1
Fallingfromchair_p4_2_35sek_20260204_152255.parquet,Fall,Fall,0.01,0,1
Fallingfromchair_p4_2_35sek_20260204_152255.parquet,Fall,Fall,0.0,0,1
Fallingfromchair_p4_2_35sek_20260204_152255.parquet,Fall,Fall,0.0,0,1
Fallingfromchair_p4_2_35sek_20260204_152255.parquet,Fall,Fall,0.0,0,1
Fallingfromchair_p4_2_35sek_20260204_152255.parquet,Fall,Fall,0.0,0,1
Fallingfromchair_p4_2_35sek_20260204_152255.parquet,Fall,Fall,0.0,0,1
Fallingfromchair_p4_3_35sek_20260204_152408.parquet,Fall,Fall,0.0,0,1
Fallingfromchair_p4_3_35sek_20260204_152408.parquet,Fall,Fall,0.0,0,1
Fallingfromchair_p4_3_35sek_20260204_152408.parquet,Fall,Fall,0.0,0,1
Fallingfromchair_p4_3_35sek_20260204_152408.parquet,Fall,Fall,0.0,0,1
Fallingfromchair_p4_3_35sek_20260204_152408.parquet,Fall,Fall,0.0,0,1
Fallingfromchair_p4_3_35sek_20260204_152408.parquet,Fall,Fall,0.0,0,1
Fallingfromchair_p4_3_35sek_20260204_152408.parquet,Fall,Fall,0.0,0,1
Fallingfromchair_p4_3_35sek_20260204_152408.parquet,Fall,Fall,0.0,0,1
Fallingfromchair_p4_3_35sek_20260204_152408.parquet,Fall,Fall,0.0,0,1
Fallingfromchair_p4_3_35sek_20260204_152408.parquet,Fall,Fall,0.0,0,1
Fallingfromchair_p4_3_35sek_20260204_152408.parquet,Fall,Fall,0.0,0,1
Fallingfromchair_p4_3_35sek_20260204_152408.parquet,Fall,Fall,0.0,0,1
Fallingfromchair_p4_3_35sek_20260204_152408.parquet,Fall,Fall,0.0,0,1
Fallingfromchair_p4_3_35sek_20260204_152408.parquet,Fall,Fall,0.0,0,1
Fallingfromchair_p4_3_35sek_20260204_152408.parquet,Fall,Fall,0.0,0,1
Fallingfromchair_p4_3_35sek_20260204_152408.parquet,Fall,Fall,0.0,0,1
Fallingfromchair_p4_3_35sek_20260204_152408.parquet,Fall,Fall,0.0,0,1
Fallingfromchair_p4_3_35sek_20260204_152408.parquet,Fall,Fall,0.0,0,1
Fallingfromchair_p4_3_35sek_20260204_152408.parquet,Fall,Fall,0.0,0,1
Fallingfromchair_p4_3_35sek_20260204_152408.parquet,Fall,Fall,0.0,0,1
Fallingfromchair_p4_3_35sek_20260204_152408.parquet,Fall,Fall,0.0,0,1
Fallingfromchair_p4_3_35sek_20260204_152408.parquet,Fall,Fall,0.0,0,1
Fallingfromchair_p4_3_35sek_20260204_152408.parquet,Fall,Fall,0.72,1,1
Fallingfromchair_p4_3_35sek_20260204_152408.parquet,Fall,Fall,0.69,1,1
Fallingfromchair_p4_3_35sek_20260204_152408.parquet,Fall,Fall,0.0,0,1
Fallingfromchair_p4_3_35sek_20260204_152408.parquet,Fall,Fall,0.01,0,1
Fallingfromchair_p4_3_35sek_20260204_152408.parquet,Fall,Fall,0.0,0,1
Fallingfromchair_p4_3_35sek_20260204_152408.parquet,Fall,Fall,0.0,0,1
Fallingfromchair_p4_3_35sek_20260204_152408.parquet,Fall,Fall,0.01,0,1
Fallingfromchair_p4_3_35sek_20260204_152408.parquet,Fall,Fall,0.0,0,1
Fallingfromchair_p4_3_35sek_20260204_152408.parquet,Fall,Fall,0.0,0,1
Fallingfromchair_p4_3_35sek_20260204_152408.parquet,Fall,Fall,0.0,0,1
Fallingfromchair_p4_3_35sek_20260204_152408.parquet,Fall,Fall,0.0,0,1
Fallingfromchair_p4_3_35sek_20260204_152408.parquet,Fall,Fall,0.0,0,1
Fallingfromchair_p4_3_35sek_20260204_152408.parquet,Fall,Fall,0.0,0,1
Fallingfromchair_p4_3_35sek_20260204_152408.parquet,Fall,Fall,0.0,0,1
Fallingfromchair_p4_3_35sek_20260204_152408.parquet,Fall,Fall,0.0,0,1
Fallingfromchair_p4_3_35sek_20260204_152408.parquet,Fall,Fall,0.0,0,1
Fallingfromchair_p4_3_35sek_20260204_152408.parquet,Fall,Fall,0.0,0,1
Fallingfromchair_p4_3_35sek_20260204_152408.parquet,Fall,Fall,0.0,0,1
Fallingfromchair_p4_3_35sek_20260204_152408.parquet,Fall,Fall,0.0,0,1
Fallingfromchair_p4_3_35sek_20260204_152408.parquet,Fall,Fall,0.0,0,1
SittingToStanding_Xiaoye_1_35sek_20260202_163705.parquet,Sit-Stand,Non-Fall,0.0,0,0
SittingToStanding_Xiaoye_1_35sek_20260202_163705.parquet,Sit-Stand,Non-Fall,0.0,0,0
SittingToStanding_Xiaoye_1_35sek_20260202_163705.parquet,Sit-Stand,Non-Fall,0.0,0,0
SittingToStanding_Xiaoye_1_35sek_20260202_163705.parquet,Sit-Stand,Non-Fall,0.0,0,0
SittingToStanding_Xiaoye_1_35sek_20260202_163705.parquet,Sit-Stand,Non-Fall,0.0,0,0
SittingToStanding_Xiaoye_1_35sek_20260202_163705.parquet,Sit-Stand,Non-Fall,0.0,0,0
SittingToStanding_Xiaoye_1_35sek_20260202_163705.parquet,Sit-Stand,Non-Fall,0.0,0,0
SittingToStanding_Xiaoye_1_35sek_20260202_163705.parquet,Sit-Stand,Non-Fall,0.0,0,0
SittingToStanding_Xiaoye_1_35sek_20260202_163705.parquet,Sit-Stand,Non-Fall,0.0,0,0
SittingToStanding_Xiaoye_1_35sek_20260202_163705.parquet,Sit-Stand,Non-Fall,0.0,0,0
SittingToStanding_Xiaoye_1_35sek_20260202_163705.parquet,Sit-Stand,Non-Fall,0.0,0,0
SittingToStanding_Xiaoye_1_35sek_20260202_163705.parquet,Sit-Stand,Non-Fall,0.0,0,0
SittingToStanding_Xiaoye_1_35sek_20260202_163705.parquet,Sit-Stand,Non-Fall,0.0,0,0
SittingToStanding_Xiaoye_1_35sek_20260202_163705.parquet,Sit-Stand,Non-Fall,0.0,0,0
SittingToStanding_Xiaoye_1_35sek_20260202_163705.parquet,Sit-Stand,Non-Fall,0.0,0,0
SittingToStanding_Xiaoye_1_35sek_20260202_163705.parquet,Sit-Stand,Non-Fall,0.0,0,0
SittingToStanding_Xiaoye_1_35sek_20260202_163705.parquet,Sit-Stand,Non-Fall,0.0,0,0
SittingToStanding_Xiaoye_1_35sek_20260202_163705.parquet,Sit-Stand,Non-Fall,0.0,0,0
SittingToStanding_Xiaoye_1_35sek_20260202_163705.parquet,Sit-Stand,Non-Fall,0.0,0,0
SittingToStanding_Xiaoye_1_35sek_20260202_163705.parquet,Sit-Stand,Non-Fall,0.0,0,0
SittingToStanding_Xiaoye_1_35sek_20260202_163705.parquet,Sit-Stand,Non-Fall,0.0,0,0
SittingToStanding_Xiaoye_1_35sek_20260202_163705.parquet,Sit-Stand,Non-Fall,0.0,0,0
SittingToStanding_Xiaoye_1_35sek_20260202_163705.parquet,Sit-Stand,Non-Fall,0.0,0,0
SittingToStanding_Xiaoye_1_35sek_20260202_163705.parquet,Sit-Stand,Non-Fall,0.0,0,0
SittingToStanding_Xiaoye_1_35sek_20260202_163705.parquet,Sit-Stand,Non-Fall,0.0,0,0
SittingToStanding_Xiaoye_1_35sek_20260202_163705.parquet,Sit-Stand,Non-Fall,0.0,0,0
SittingToStanding_Xiaoye_1_35sek_20260202_163705.parquet,Sit-Stand,Non-Fall,0.0,0,0
SittingToStanding_Xiaoye_1_35sek_20260202_163705.parquet,Sit-Stand,Non-Fall,0.0,0,0
SittingToStanding_Xiaoye_1_35sek_20260202_163705.parquet,Sit-Stand,Non-Fall,0.0,0,0
SittingToStanding_Xiaoye_1_35sek_20260202_163705.parquet,Sit-Stand,Non-Fall,0.0,0,0
SittingToStanding_Xiaoye_1_35sek_20260202_163705.parquet,Sit-Stand,Non-Fall,0.0,0,0
SittingToStanding_Xiaoye_1_35sek_20260202_163705.parquet,Sit-Stand,Non-Fall,0.0,0,0
SittingToStanding_Xiaoye_1_35sek_20260202_163705.parquet,Sit-Stand,Non-Fall,0.0,0,0
SittingToStanding_Xiaoye_1_35sek_20260202_163705.parquet,Sit-Stand,Non-Fall,0.0,0,0
SittingToStanding_Xiaoye_1_35sek_20260202_163705.parquet,Sit-Stand,Non-Fall,0.01,0,0
SittingToStanding_Xiaoye_1_35sek_20260202_163705.parquet,Sit-Stand,Non-Fall,0.0,0,0
SittingToStanding_Xiaoye_1_35sek_20260202_163705.parquet,Sit-Stand,Non-Fall,0.03,0,0
SittingToStanding_Xiaoye_2_35sek_20260202_163924.parquet,Sit-Stand,Non-Fall,0.0,0,0
SittingToStanding_Xiaoye_2_35sek_20260202_163924.parquet,Sit-Stand,Non-Fall,0.0,0,0
SittingToStanding_Xiaoye_2_35sek_20260202_163924.parquet,Sit-Stand,Non-Fall,0.0,0,0
SittingToStanding_Xiaoye_2_35sek_20260202_163924.parquet,Sit-Stand,Non-Fall,0.0,0,0
SittingToStanding_Xiaoye_2_35sek_20260202_163924.parquet,Sit-Stand,Non-Fall,0.0,0,0
SittingToStanding_Xiaoye_2_35sek_20260202_163924.parquet,Sit-Stand,Non-Fall,0.0,0,0
SittingToStanding_Xiaoye_2_35sek_20260202_163924.parquet,Sit-Stand,Non-Fall,0.0,0,0
SittingToStanding_Xiaoye_2_35sek_20260202_163924.parquet,Sit-Stand,Non-Fall,0.0,0,0
SittingToStanding_Xiaoye_2_35sek_20260202_163924.parquet,Sit-Stand,Non-Fall,0.0,0,0
SittingToStanding_Xiaoye_2_35sek_20260202_163924.parquet,Sit-Stand,Non-Fall,0.0,0,0
SittingToStanding_Xiaoye_2_35sek_20260202_163924.parquet,Sit-Stand,Non-Fall,0.0,0,0
SittingToStanding_Xiaoye_2_35sek_20260202_163924.parquet,Sit-Stand,Non-Fall,0.0,0,0
SittingToStanding_Xiaoye_2_35sek_20260202_163924.parquet,Sit-Stand,Non-Fall,0.0,0,0
SittingToStanding_Xiaoye_2_35sek_20260202_163924.parquet,Sit-Stand,Non-Fall,0.0,0,0
SittingToStanding_Xiaoye_2_35sek_20260202_163924.parquet,Sit-Stand,Non-Fall,0.0,0,0
SittingToStanding_Xiaoye_2_35sek_20260202_163924.parquet,Sit-Stand,Non-Fall,0.0,0,0
SittingToStanding_Xiaoye_2_35sek_20260202_163924.parquet,Sit-Stand,Non-Fall,0.0,0,0
SittingToStanding_Xiaoye_2_35sek_20260202_163924.parquet,Sit-Stand,Non-Fall,0.0,0,0
SittingToStanding_Xiaoye_2_35sek_20260202_163924.parquet,Sit-Stand,Non-Fall,0.0,0,0
SittingToStanding_Xiaoye_2_35sek_20260202_163924.parquet,Sit-Stand,Non-Fall,0.0,0,0
SittingToStanding_Xiaoye_2_35sek_20260202_163924.parquet,Sit-Stand,Non-Fall,0.0,0,0
SittingToStanding_Xiaoye_2_35sek_20260202_163924.parquet,Sit-Stand,Non-Fall,0.0,0,0
SittingToStanding_Xiaoye_2_35sek_20260202_163924.parquet,Sit-Stand,Non-Fall,0.0,0,0
SittingToStanding_Xiaoye_2_35sek_20260202_163924.parquet,Sit-Stand,Non-Fall,0.0,0,0
SittingToStanding_Xiaoye_2_35sek_20260202_163924.parquet,Sit-Stand,Non-Fall,0.0,0,0
SittingToStanding_Xiaoye_2_35sek_20260202_163924.parquet,Sit-Stand,Non-Fall,0.0,0,0
SittingToStanding_Xiaoye_2_35sek_20260202_163924.parquet,Sit-Stand,Non-Fall,0.0,0,0
SittingToStanding_Xiaoye_2_35sek_20260202_163924.parquet,Sit-Stand,Non-Fall,0.0,0,0
SittingToStanding_Xiaoye_2_35sek_20260202_163924.parquet,Sit-Stand,Non-Fall,0.0,0,0
SittingToStanding_Xiaoye_2_35sek_20260202_163924.parquet,Sit-Stand,Non-Fall,0.0,0,0
SittingToStanding_Xiaoye_2_35sek_20260202_163924.parquet,Sit-Stand,Non-Fall,0.0,0,0
SittingToStanding_Xiaoye_2_35sek_20260202_163924.parquet,Sit-Stand,Non-Fall,0.0,0,0
SittingToStanding_Xiaoye_2_35sek_20260202_163924.parquet,Sit-Stand,Non-Fall,0.0,0,0
SittingToStanding_Xiaoye_2_35sek_20260202_163924.parquet,Sit-Stand,Non-Fall,0.0,0,0
SittingToStanding_Xiaoye_2_35sek_20260202_163924.parquet,Sit-Stand,Non-Fall,0.13,0,0
SittingToStanding_Xiaoye_2_35sek_20260202_163924.parquet,Sit-Stand,Non-Fall,0.04,0,0
SittingToStanding_Xiaoye_2_35sek_20260202_163924.parquet,Sit-Stand,Non-Fall,0.01,0,0
SittingToStanding_Xiaoye_2_35sek_20260202_163924.parquet,Sit-Stand,Non-Fall,0.11,0,0
SittingToStanding_Xiaoye_2_35sek_20260202_163924.parquet,Sit-Stand,Non-Fall,0.0,0,0
SittingToStanding_Xiaoye_2_35sek_20260202_163924.parquet,Sit-Stand,Non-Fall,0.0,0,0
SittingToStanding_Xiaoye_2_35sek_20260202_163924.parquet,Sit-Stand,Non-Fall,0.0,0,0
SittingToStanding_Xiaoye_2_35sek_20260202_163924.parquet,Sit-Stand,Non-Fall,0.0,0,0
SittingToStanding_Xiaoye_2_35sek_20260202_163924.parquet,Sit-Stand,Non-Fall,0.0,0,0
SittingToStanding_Xiaoye_2_35sek_20260202_163924.parquet,Sit-Stand,Non-Fall,0.0,0,0
SittingToStanding_Xiaoye_2_35sek_20260202_163924.parquet,Sit-Stand,Non-Fall,0.0,0,0
SittingToStanding_Xiaoye_2_35sek_20260202_163924.parquet,Sit-Stand,Non-Fall,0.0,0,0
SittingToStanding_Xiaoye_2_35sek_20260202_163924.parquet,Sit-Stand,Non-Fall,0.0,0,0
SittingToStanding_Xiaoye_2_35sek_20260202_163924.parquet,Sit-Stand,Non-Fall,0.0,0,0
SittingToStanding_Xiaoye_2_35sek_20260202_163924.parquet,Sit-Stand,Non-Fall,0.0,0,0
SittingToStanding_Xiaoye_2_35sek_20260202_163924.parquet,Sit-Stand,Non-Fall,0.0,0,0
SittingToStanding_Xiaoye_2_35sek_20260202_163924.parquet,Sit-Stand,Non-Fall,0.0,0,0
SittingToStanding_Xiaoye_2_35sek_20260202_163924.parquet,Sit-Stand,Non-Fall,0.0,0,0
SittingToStanding_Xiaoye_2_35sek_20260202_163924.parquet,Sit-Stand,Non-Fall,0.0,0,0
SittingToStanding_Xiaoye_2_35sek_20260202_163924.parquet,Sit-Stand,Non-Fall,0.0,0,0
SittingToStanding_Xiaoye_2_35sek_20260202_163924.parquet,Sit-Stand,Non-Fall,0.0,0,0
SittingToStanding_Xiaoye_2_35sek_20260202_163924.parquet,Sit-Stand,Non-Fall,0.0,0,0
SittingToStanding_Xiaoye_2_35sek_20260202_163924.parquet,Sit-Stand,Non-Fall,0.0,0,0
SittingToStanding_Xiaoye_2_35sek_20260202_163924.parquet,Sit-Stand,Non-Fall,0.0,0,0
SittingToStanding_Xiaoye_2_35sek_20260202_163924.parquet,Sit-Stand,Non-Fall,0.0,0,0
SittingToStanding_Xiaoye_2_35sek_20260202_163924.parquet,Sit-Stand,Non-Fall,0.0,0,0
SittingToStanding_Xiaoye_2_35sek_20260202_163924.parquet,Sit-Stand,Non-Fall,0.0,0,0
SittingToStanding_Xiaoye_2_35sek_20260202_163924.parquet,Sit-Stand,Non-Fall,0.0,0,0
SittingToStanding_Xiaoye_2_35sek_20260202_163924.parquet,Sit-Stand,Non-Fall,0.0,0,0
SittingToStanding_Xiaoye_2_35sek_20260202_163924.parquet,Sit-Stand,Non-Fall,0.0,0,0
SittingToStanding_Xiaoye_2_35sek_20260202_163924.parquet,Sit-Stand,Non-Fall,0.0,0,0
SittingToStanding_Xiaoye_2_35sek_20260202_163924.parquet,Sit-Stand,Non-Fall,0.0,0,0
SittingToStanding_Xiaoye_2_35sek_20260202_163924.parquet,Sit-Stand,Non-Fall,0.0,0,0
SittingToStanding_Xiaoye_2_35sek_20260202_163924.parquet,Sit-Stand,Non-Fall,0.0,0,0
SittingToStanding_Xiaoye_2_35sek_20260202_163924.parquet,Sit-Stand,Non-Fall,0.0,0,0
SittingToStanding_Xiaoye_2_35sek_20260202_163924.parquet,Sit-Stand,Non-Fall,0.0,0,0
SittingToStanding_Xiaoye_3_35sek_20260202_164139.parquet,Sit-Stand,Non-Fall,0.0,0,0
SittingToStanding_Xiaoye_3_35sek_20260202_164139.parquet,Sit-Stand,Non-Fall,0.0,0,0
SittingToStanding_Xiaoye_3_35sek_20260202_164139.parquet,Sit-Stand,Non-Fall,0.0,0,0
SittingToStanding_Xiaoye_3_35sek_20260202_164139.parquet,Sit-Stand,Non-Fall,0.0,0,0
SittingToStanding_Xiaoye_3_35sek_20260202_164139.parquet,Sit-Stand,Non-Fall,0.0,0,0
SittingToStanding_Xiaoye_3_35sek_20260202_164139.parquet,Sit-Stand,Non-Fall,0.0,0,0
SittingToStanding_Xiaoye_3_35sek_20260202_164139.parquet,Sit-Stand,Non-Fall,0.0,0,0
SittingToStanding_Xiaoye_3_35sek_20260202_164139.parquet,Sit-Stand,Non-Fall,0.0,0,0
SittingToStanding_Xiaoye_3_35sek_20260202_164139.parquet,Sit-Stand,Non-Fall,0.0,0,0
SittingToStanding_Xiaoye_3_35sek_20260202_164139.parquet,Sit-Stand,Non-Fall,0.0,0,0
SittingToStanding_Xiaoye_3_35sek_20260202_164139.parquet,Sit-Stand,Non-Fall,0.0,0,0
SittingToStanding_Xiaoye_3_35sek_20260202_164139.parquet,Sit-Stand,Non-Fall,0.0,0,0
SittingToStanding_Xiaoye_3_35sek_20260202_164139.parquet,Sit-Stand,Non-Fall,0.0,0,0
SittingToStanding_Xiaoye_3_35sek_20260202_164139.parquet,Sit-Stand,Non-Fall,0.0,0,0
SittingToStanding_Xiaoye_3_35sek_20260202_164139.parquet,Sit-Stand,Non-Fall,0.0,0,0
SittingToStanding_Xiaoye_3_35sek_20260202_164139.parquet,Sit-Stand,Non-Fall,0.0,0,0
SittingToStanding_Xiaoye_3_35sek_20260202_164139.parquet,Sit-Stand,Non-Fall,0.0,0,0
SittingToStanding_Xiaoye_3_35sek_20260202_164139.parquet,Sit-Stand,Non-Fall,0.0,0,0
SittingToStanding_Xiaoye_3_35sek_20260202_164139.parquet,Sit-Stand,Non-Fall,0.0,0,0
SittingToStanding_Xiaoye_3_35sek_20260202_164139.parquet,Sit-Stand,Non-Fall,0.0,0,0
Sittingtostanding_Ahmed_1_20sek_20260202_102903.parquet,Sit-Stand,Non-Fall,0.0,0,0
Sittingtostanding_Ahmed_1_20sek_20260202_102903.parquet,Sit-Stand,Non-Fall,0.0,0,0
Sittingtostanding_Ahmed_1_20sek_20260202_102903.parquet,Sit-Stand,Non-Fall,0.0,0,0
Sittingtostanding_Ahmed_1_20sek_20260202_102903.parquet,Sit-Stand,Non-Fall,0.0,0,0
Sittingtostanding_Ahmed_1_20sek_20260202_102903.parquet,Sit-Stand,Non-Fall,0.0,0,0
Sittingtostanding_Ahmed_1_20sek_20260202_102903.parquet,Sit-Stand,Non-Fall,0.0,0,0
Sittingtostanding_Ahmed_1_20sek_20260202_102903.parquet,Sit-Stand,Non-Fall,0.0,0,0
Sittingtostanding_Ahmed_1_20sek_20260202_102903.parquet,Sit-Stand,Non-Fall,0.0,0,0
Sittingtostanding_Ahmed_1_20sek_20260202_102903.parquet,Sit-Stand,Non-Fall,0.0,0,0
Sittingtostanding_Ahmed_1_20sek_20260202_102903.parquet,Sit-Stand,Non-Fall,0.0,0,0
Sittingtostanding_Ahmed_1_20sek_20260202_102903.parquet,Sit-Stand,Non-Fall,0.0,0,0
Sittingtostanding_Ahmed_1_20sek_20260202_102903.parquet,Sit-Stand,Non-Fall,0.0,0,0
Sittingtostanding_Ahmed_1_20sek_20260202_102903.parquet,Sit-Stand,Non-Fall,0.0,0,0
Sittingtostanding_Ahmed_1_20sek_20260202_102903.parquet,Sit-Stand,Non-Fall,0.06,0,0
Sittingtostanding_Ahmed_1_20sek_20260202_102903.parquet,Sit-Stand,Non-Fall,0.01,0,0
Sittingtostanding_Ahmed_1_20sek_20260202_102903.parquet,Sit-Stand,Non-Fall,0.01,0,0
Sittingtostanding_Ahmed_1_20sek_20260202_102903.parquet,Sit-Stand,Non-Fall,0.01,0,0
Sittingtostanding_Ahmed_1_20sek_20260202_102903.parquet,Sit-Stand,Non-Fall,0.0,0,0
Sittingtostanding_Ahmed_1_20sek_20260202_102903.parquet,Sit-Stand,Non-Fall,0.0,0,0
Sittingtostanding_Ahmed_1_20sek_20260202_102903.parquet,Sit-Stand,Non-Fall,0.0,0,0
Sittingtostanding_Ahmed_1_20sek_20260202_102903.parquet,Sit-Stand,Non-Fall,0.0,0,0
Sittingtostanding_Ahmed_1_20sek_20260202_102903.parquet,Sit-Stand,Non-Fall,0.0,0,0
Sittingtostanding_Ahmed_1_20sek_20260202_102903.parquet,Sit-Stand,Non-Fall,0.0,0,0
Sittingtostanding_Ahmed_1_20sek_20260202_102903.parquet,Sit-Stand,Non-Fall,0.0,0,0
Sittingtostanding_Ahmed_1_20sek_20260202_102903.parquet,Sit-Stand,Non-Fall,0.0,0,0
Sittingtostanding_Ahmed_1_20sek_20260202_102903.parquet,Sit-Stand,Non-Fall,0.0,0,0
Sittingtostanding_Ahmed_1_20sek_20260202_102903.parquet,Sit-Stand,Non-Fall,0.0,0,0
Sittingtostanding_Ahmed_1_20sek_20260202_102903.parquet,Sit-Stand,Non-Fall,0.0,0,0
Sittingtostanding_Ahmed_1_20sek_20260202_102903.parquet,Sit-Stand,Non-Fall,0.0,0,0
Sittingtostanding_Ahmed_1_20sek_20260202_102903.parquet,Sit-Stand,Non-Fall,0.0,0,0
Sittingtostanding_Ahmed_1_20sek_20260202_102903.parquet,Sit-Stand,Non-Fall,0.0,0,0
Sittingtostanding_Ahmed_1_20sek_20260202_102903.parquet,Sit-Stand,Non-Fall,0.0,0,0
Sittingtostanding_Ahmed_1_20sek_20260202_102903.parquet,Sit-Stand,Non-Fall,0.0,0,0
Sittingtostanding_Ahmed_1_20sek_20260202_102903.parquet,Sit-Stand,Non-Fall,0.0,0,0
Sittingtostanding_Ahmed_1_20sek_20260202_102903.parquet,Sit-Stand,Non-Fall,0.0,0,0
Sittingtostanding_Ahmed_2_20sek_20260202_102953.parquet,Sit-Stand,Non-Fall,0.0,0,0
Sittingtostanding_Ahmed_2_20sek_20260202_102953.parquet,Sit-Stand,Non-Fall,0.0,0,0
Sittingtostanding_Ahmed_2_20sek_20260202_102953.parquet,Sit-Stand,Non-Fall,0.0,0,0
Sittingtostanding_Ahmed_2_20sek_20260202_102953.parquet,Sit-Stand,Non-Fall,0.0,0,0
Sittingtostanding_Ahmed_2_20sek_20260202_102953.parquet,Sit-Stand,Non-Fall,0.0,0,0
Sittingtostanding_Ahmed_2_20sek_20260202_102953.parquet,Sit-Stand,Non-Fall,0.0,0,0
Sittingtostanding_Ahmed_2_20sek_20260202_102953.parquet,Sit-Stand,Non-Fall,0.0,0,0
Sittingtostanding_Ahmed_2_20sek_20260202_102953.parquet,Sit-Stand,Non-Fall,0.0,0,0
Sittingtostanding_Ahmed_2_20sek_20260202_102953.parquet,Sit-Stand,Non-Fall,0.0,0,0
Sittingtostanding_Ahmed_2_20sek_20260202_102953.parquet,Sit-Stand,Non-Fall,0.0,0,0
Sittingtostanding_Ahmed_2_20sek_20260202_102953.parquet,Sit-Stand,Non-Fall,0.0,0,0
Sittingtostanding_Ahmed_2_20sek_20260202_102953.parquet,Sit-Stand,Non-Fall,0.0,0,0
Sittingtostanding_Ahmed_2_20sek_20260202_102953.parquet,Sit-Stand,Non-Fall,0.0,0,0
Sittingtostanding_Ahmed_2_20sek_20260202_102953.parquet,Sit-Stand,Non-Fall,0.0,0,0
Sittingtostanding_Ahmed_2_20sek_20260202_102953.parquet,Sit-Stand,Non-Fall,0.09,0,0
Sittingtostanding_Ahmed_2_20sek_20260202_102953.parquet,Sit-Stand,Non-Fall,0.06,0,0
Sittingtostanding_Ahmed_3_20sek_20260202_103024.parquet,Sit-Stand,Non-Fall,0.0,0,0
Sittingtostanding_Ahmed_3_20sek_20260202_103024.parquet,Sit-Stand,Non-Fall,0.0,0,0
Sittingtostanding_Ahmed_3_20sek_20260202_103024.parquet,Sit-Stand,Non-Fall,0.0,0,0
Sittingtostanding_Ahmed_3_20sek_20260202_103024.parquet,Sit-Stand,Non-Fall,0.0,0,0
Sittingtostanding_Ahmed_3_20sek_20260202_103024.parquet,Sit-Stand,Non-Fall,0.0,0,0
Sittingtostanding_Ahmed_3_20sek_20260202_103024.parquet,Sit-Stand,Non-Fall,0.0,0,0
Sittingtostanding_Ahmed_3_20sek_20260202_103024.parquet,Sit-Stand,Non-Fall,0.0,0,0
Sittingtostanding_Ahmed_3_20sek_20260202_103024.parquet,Sit-Stand,Non-Fall,0.0,0,0
Sittingtostanding_Ahmed_3_20sek_20260202_103024.parquet,Sit-Stand,Non-Fall,0.0,0,0
Sittingtostanding_Ahmed_3_20sek_20260202_103024.parquet,Sit-Stand,Non-Fall,0.0,0,0
Sittingtostanding_Ahmed_3_20sek_20260202_103024.parquet,Sit-Stand,Non-Fall,0.0,0,0
Sittingtostanding_Ahmed_3_20sek_20260202_103024.parquet,Sit-Stand,Non-Fall,0.0,0,0
Sittingtostanding_Ahmed_3_20sek_20260202_103024.parquet,Sit-Stand,Non-Fall,0.0,0,0
Sittingtostanding_Ahmed_3_20sek_20260202_103024.parquet,Sit-Stand,Non-Fall,0.0,0,0
Sittingtostanding_Ahmed_3_20sek_20260202_103024.parquet,Sit-Stand,Non-Fall,0.0,0,0
Sittingtostanding_Ahmed_3_20sek_20260202_103024.parquet,Sit-Stand,Non-Fall,0.38,1,0
Sittingtostanding_Chrysi_1_20sek_20260202_103906.parquet,Sit-Stand,Non-Fall,0.0,0,0
Sittingtostanding_Chrysi_1_20sek_20260202_103906.parquet,Sit-Stand,Non-Fall,0.0,0,0
Sittingtostanding_Chrysi_1_20sek_20260202_103906.parquet,Sit-Stand,Non-Fall,0.0,0,0
Sittingtostanding_Chrysi_1_20sek_20260202_103906.parquet,Sit-Stand,Non-Fall,0.0,0,0
Sittingtostanding_Chrysi_1_20sek_20260202_103906.parquet,Sit-Stand,Non-Fall,0.0,0,0
Sittingtostanding_Chrysi_1_20sek_20260202_103906.parquet,Sit-Stand,Non-Fall,0.0,0,0
Sittingtostanding_Chrysi_1_20sek_20260202_103906.parquet,Sit-Stand,Non-Fall,0.0,0,0
Sittingtostanding_Chrysi_1_20sek_20260202_103906.parquet,Sit-Stand,Non-Fall,0.0,0,0
Sittingtostanding_Chrysi_1_20sek_20260202_103906.parquet,Sit-Stand,Non-Fall,0.0,0,0
Sittingtostanding_Chrysi_1_20sek_20260202_103906.parquet,Sit-Stand,Non-Fall,0.0,0,0
Sittingtostanding_Chrysi_1_20sek_20260202_103906.parquet,Sit-Stand,Non-Fall,0.0,0,0
Sittingtostanding_Chrysi_1_20sek_20260202_103906.parquet,Sit-Stand,Non-Fall,0.0,0,0
Sittingtostanding_Chrysi_1_20sek_20260202_103906.parquet,Sit-Stand,Non-Fall,0.0,0,0
Sittingtostanding_Chrysi_1_20sek_20260202_103906.parquet,Sit-Stand,Non-Fall,0.0,0,0
Sittingtostanding_Chrysi_1_20sek_20260202_103906.parquet,Sit-Stand,Non-Fall,0.0,0,0
Sittingtostanding_Chrysi_1_20sek_20260202_103906.parquet,Sit-Stand,Non-Fall,0.03,0,0
Sittingtostanding_Chrysi_1_20sek_20260202_103906.parquet,Sit-Stand,Non-Fall,0.0,0,0
Sittingtostanding_Chrysi_1_20sek_20260202_103906.parquet,Sit-Stand,Non-Fall,0.0,0,0
Sittingtostanding_Chrysi_1_20sek_20260202_103906.parquet,Sit-Stand,Non-Fall,0.0,0,0
Sittingtostanding_Chrysi_1_20sek_20260202_103906.parquet,Sit-Stand,Non-Fall,0.0,0,0
Sittingtostanding_Chrysi_1_20sek_20260202_103906.parquet,Sit-Stand,Non-Fall,0.0,0,0
Sittingtostanding_Chrysi_1_20sek_20260202_103906.parquet,Sit-Stand,Non-Fall,0.0,0,0
Sittingtostanding_Chrysi_1_20sek_20260202_103906.parquet,Sit-Stand,Non-Fall,0.0,0,0
Sittingtostanding_Chrysi_1_20sek_20260202_103906.parquet,Sit-Stand,Non-Fall,0.0,0,0
Sittingtostanding_Chrysi_1_20sek_20260202_103906.parquet,Sit-Stand,Non-Fall,0.0,0,0
Sittingtostanding_Chrysi_1_20sek_20260202_103906.parquet,Sit-Stand,Non-Fall,0.0,0,0
Sittingtostanding_Chrysi_1_20sek_20260202_103906.parquet,Sit-Stand,Non-Fall,0.0,0,0
Sittingtostanding_Chrysi_1_20sek_20260202_103906.parquet,Sit-Stand,Non-Fall,0.0,0,0
Sittingtostanding_Chrysi_1_20sek_20260202_103906.parquet,Sit-Stand,Non-Fall,0.0,0,0
Sittingtostanding_Chrysi_2_20sek_20260202_103939.parquet,Sit-Stand,Non-Fall,0.0,0,0
Sittingtostanding_Chrysi_2_20sek_20260202_103939.parquet,Sit-Stand,Non-Fall,0.0,0,0
Sittingtostanding_Chrysi_2_20sek_20260202_103939.parquet,Sit-Stand,Non-Fall,0.0,0,0
Sittingtostanding_Chrysi_2_20sek_20260202_103939.parquet,Sit-Stand,Non-Fall,0.0,0,0
Sittingtostanding_Chrysi_2_20sek_20260202_103939.parquet,Sit-Stand,Non-Fall,0.0,0,0
Sittingtostanding_Chrysi_2_20sek_20260202_103939.parquet,Sit-Stand,Non-Fall,0.0,0,0
Sittingtostanding_Chrysi_2_20sek_20260202_103939.parquet,Sit-Stand,Non-Fall,0.0,0,0
Sittingtostanding_Chrysi_2_20sek_20260202_103939.parquet,Sit-Stand,Non-Fall,0.0,0,0
Sittingtostanding_Chrysi_2_20sek_20260202_103939.parquet,Sit-Stand,Non-Fall,0.0,0,0
Sittingtostanding_Chrysi_2_20sek_20260202_103939.parquet,Sit-Stand,Non-Fall,0.0,0,0
Sittingtostanding_Chrysi_2_20sek_20260202_103939.parquet,Sit-Stand,Non-Fall,0.0,0,0
Sittingtostanding_Chrysi_2_20sek_20260202_103939.parquet,Sit-Stand,Non-Fall,0.0,0,0
Sittingtostanding_Chrysi_2_20sek_20260202_103939.parquet,Sit-Stand,Non-Fall,0.0,0,0
Sittingtostanding_Chrysi_2_20sek_20260202_103939.parquet,Sit-Stand,Non-Fall,0.0,0,0
Sittingtostanding_Chrysi_2_20sek_20260202_103939.parquet,Sit-Stand,Non-Fall,0.0,0,0
Sittingtostanding_Chrysi_2_20sek_20260202_103939.parquet,Sit-Stand,Non-Fall,0.01,0,0
Sittingtostanding_Chrysi_2_20sek_20260202_103939.parquet,Sit-Stand,Non-Fall,0.0,0,0
Sittingtostanding_Chrysi_2_20sek_20260202_103939.parquet,Sit-Stand,Non-Fall,0.0,0,0
Sittingtostanding_Chrysi_2_20sek_20260202_103939.parquet,Sit-Stand,Non-Fall,0.0,0,0
Sittingtostanding_Chrysi_2_20sek_20260202_103939.parquet,Sit-Stand,Non-Fall,0.0,0,0
Sittingtostanding_Chrysi_2_20sek_20260202_103939.parquet,Sit-Stand,Non-Fall,0.0,0,0
Sittingtostanding_Chrysi_2_20sek_20260202_103939.parquet,Sit-Stand,Non-Fall,0.0,0,0
Sittingtostanding_Chrysi_2_20sek_20260202_103939.parquet,Sit-Stand,Non-Fall,0.0,0,0
Sittingtostanding_Chrysi_2_20sek_20260202_103939.parquet,Sit-Stand,Non-Fall,0.0,0,0
Sittingtostanding_Chrysi_2_20sek_20260202_103939.parquet,Sit-Stand,Non-Fall,0.0,0,0
Sittingtostanding_Chrysi_2_20sek_20260202_103939.parquet,Sit-Stand,Non-Fall,0.0,0,0
Sittingtostanding_Chrysi_2_20sek_20260202_103939.parquet,Sit-Stand,Non-Fall,0.0,0,0
Sittingtostanding_Chrysi_2_20sek_20260202_103939.parquet,Sit-Stand,Non-Fall,0.0,0,0
Sittingtostanding_Chrysi_2_20sek_20260202_103939.parquet,Sit-Stand,Non-Fall,0.0,0,0
Sittingtostanding_Chrysi_2_20sek_20260202_103939.parquet,Sit-Stand,Non-Fall,0.0,0,0
Sittingtostanding_Chrysi_2_20sek_20260202_103939.parquet,Sit-Stand,Non-Fall,0.0,0,0
Sittingtostanding_Chrysi_2_20sek_20260202_103939.parquet,Sit-Stand,Non-Fall,0.0,0,0
Sittingtostanding_Chrysi_3_20sek_20260202_104033.parquet,Sit-Stand,Non-Fall,0.0,0,0
Sittingtostanding_Chrysi_3_20sek_20260202_104033.parquet,Sit-Stand,Non-Fall,0.0,0,0
Sittingtostanding_Chrysi_3_20sek_20260202_104033.parquet,Sit-Stand,Non-Fall,0.0,0,0
Sittingtostanding_Chrysi_3_20sek_20260202_104033.parquet,Sit-Stand,Non-Fall,0.0,0,0
Sittingtostanding_Chrysi_3_20sek_20260202_104033.parquet,Sit-Stand,Non-Fall,0.0,0,0
Sittingtostanding_Chrysi_3_20sek_20260202_104033.parquet,Sit-Stand,Non-Fall,0.0,0,0
Sittingtostanding_Chrysi_3_20sek_20260202_104033.parquet,Sit-Stand,Non-Fall,0.0,0,0
Sittingtostanding_Chrysi_3_20sek_20260202_104033.parquet,Sit-Stand,Non-Fall,0.0,0,0
Sittingtostanding_Chrysi_3_20sek_20260202_104033.parquet,Sit-Stand,Non-Fall,0.08,0,0
Sittingtostanding_Chrysi_3_20sek_20260202_104033.parquet,Sit-Stand,Non-Fall,0.04,0,0
Sittingtostanding_Chrysi_3_20sek_20260202_104033.parquet,Sit-Stand,Non-Fall,0.01,0,0
Sittingtostanding_Chrysi_3_20sek_20260202_104033.parquet,Sit-Stand,Non-Fall,0.02,0,0
Sittingtostanding_Chrysi_3_20sek_20260202_104033.parquet,Sit-Stand,Non-Fall,0.0,0,0
Sittingtostanding_Chrysi_3_20sek_20260202_104033.parquet,Sit-Stand,Non-Fall,0.0,0,0
Sittingtostanding_Chrysi_3_20sek_20260202_104033.parquet,Sit-Stand,Non-Fall,0.0,0,0
Sittingtostanding_Xiaoye_1_20sek_20260202_095705.parquet,Sit-Stand,Non-Fall,0.0,0,0
Sittingtostanding_Xiaoye_1_20sek_20260202_095705.parquet,Sit-Stand,Non-Fall,0.0,0,0
Sittingtostanding_Xiaoye_1_20sek_20260202_095705.parquet,Sit-Stand,Non-Fall,0.0,0,0
Sittingtostanding_Xiaoye_1_20sek_20260202_095705.parquet,Sit-Stand,Non-Fall,0.0,0,0
Sittingtostanding_Xiaoye_1_20sek_20260202_095705.parquet,Sit-Stand,Non-Fall,0.0,0,0
Sittingtostanding_Xiaoye_1_20sek_20260202_095705.parquet,Sit-Stand,Non-Fall,0.0,0,0
Sittingtostanding_Xiaoye_1_20sek_20260202_095705.parquet,Sit-Stand,Non-Fall,0.0,0,0
Sittingtostanding_Xiaoye_1_20sek_20260202_095705.parquet,Sit-Stand,Non-Fall,0.0,0,0
Sittingtostanding_Xiaoye_1_20sek_20260202_095705.parquet,Sit-Stand,Non-Fall,0.0,0,0
Sittingtostanding_Xiaoye_1_20sek_20260202_095705.parquet,Sit-Stand,Non-Fall,0.0,0,0
Sittingtostanding_Xiaoye_1_20sek_20260202_095705.parquet,Sit-Stand,Non-Fall,0.01,0,0
Sittingtostanding_Xiaoye_1_20sek_20260202_095705.parquet,Sit-Stand,Non-Fall,0.02,0,0
Sittingtostanding_Xiaoye_1_20sek_20260202_095705.parquet,Sit-Stand,Non-Fall,0.02,0,0
Sittingtostanding_Xiaoye_1_20sek_20260202_095705.parquet,Sit-Stand,Non-Fall,0.0,0,0
Sittingtostanding_Xiaoye_1_20sek_20260202_095705.parquet,Sit-Stand,Non-Fall,0.0,0,0
Sittingtostanding_Xiaoye_1_20sek_20260202_095705.parquet,Sit-Stand,Non-Fall,0.0,0,0
Sittingtostanding_Xiaoye_1_20sek_20260202_095705.parquet,Sit-Stand,Non-Fall,0.0,0,0
Sittingtostanding_Xiaoye_1_20sek_20260202_095705.parquet,Sit-Stand,Non-Fall,0.0,0,0
Sittingtostanding_Xiaoye_1_20sek_20260202_095705.parquet,Sit-Stand,Non-Fall,0.0,0,0
Sittingtostanding_Xiaoye_1_20sek_20260202_095705.parquet,Sit-Stand,Non-Fall,0.0,0,0
Sittingtostanding_Xiaoye_1_20sek_20260202_095705.parquet,Sit-Stand,Non-Fall,0.0,0,0
Sittingtostanding_Xiaoye_1_20sek_20260202_095705.parquet,Sit-Stand,Non-Fall,0.0,0,0
Sittingtostanding_Xiaoye_1_20sek_20260202_095705.parquet,Sit-Stand,Non-Fall,0.0,0,0
Sittingtostanding_Xiaoye_1_20sek_20260202_095705.parquet,Sit-Stand,Non-Fall,0.0,0,0
Sittingtostanding_Xiaoye_1_20sek_20260202_095705.parquet,Sit-Stand,Non-Fall,0.0,0,0
Sittingtostanding_Xiaoye_1_20sek_20260202_095705.parquet,Sit-Stand,Non-Fall,0.0,0,0
Sittingtostanding_Xiaoye_1_20sek_20260202_095705.parquet,Sit-Stand,Non-Fall,0.02,0,0
Sittingtostanding_Xiaoye_1_20sek_20260202_095705.parquet,Sit-Stand,Non-Fall,0.04,0,0
Sittingtostanding_Xiaoye_2_20sek_20260202_095843.parquet,Sit-Stand,Non-Fall,0.0,0,0
Sittingtostanding_Xiaoye_2_20sek_20260202_095843.parquet,Sit-Stand,Non-Fall,0.0,0,0
Sittingtostanding_Xiaoye_2_20sek_20260202_095843.parquet,Sit-Stand,Non-Fall,0.0,0,0
Sittingtostanding_Xiaoye_2_20sek_20260202_095843.parquet,Sit-Stand,Non-Fall,0.0,0,0
Sittingtostanding_Xiaoye_2_20sek_20260202_095843.parquet,Sit-Stand,Non-Fall,0.0,0,0
Sittingtostanding_Xiaoye_2_20sek_20260202_095843.parquet,Sit-Stand,Non-Fall,0.0,0,0
Sittingtostanding_Xiaoye_2_20sek_20260202_095843.parquet,Sit-Stand,Non-Fall,0.0,0,0
Sittingtostanding_Xiaoye_2_20sek_20260202_095843.parquet,Sit-Stand,Non-Fall,0.0,0,0
Sittingtostanding_Xiaoye_2_20sek_20260202_095843.parquet,Sit-Stand,Non-Fall,0.0,0,0
Sittingtostanding_Xiaoye_2_20sek_20260202_095843.parquet,Sit-Stand,Non-Fall,0.0,0,0
Sittingtostanding_Xiaoye_2_20sek_20260202_095843.parquet,Sit-Stand,Non-Fall,0.0,0,0
Sittingtostanding_Xiaoye_2_20sek_20260202_095843.parquet,Sit-Stand,Non-Fall,0.06,0,0
Sittingtostanding_Xiaoye_2_20sek_20260202_095843.parquet,Sit-Stand,Non-Fall,0.01,0,0
Sittingtostanding_Xiaoye_2_20sek_20260202_095843.parquet,Sit-Stand,Non-Fall,0.01,0,0
Sittingtostanding_Xiaoye_3_20sek_20260202_100018.parquet,Sit-Stand,Non-Fall,0.0,0,0
Sittingtostanding_Xiaoye_3_20sek_20260202_100018.parquet,Sit-Stand,Non-Fall,0.0,0,0
Sittingtostanding_Xiaoye_3_20sek_20260202_100018.parquet,Sit-Stand,Non-Fall,0.0,0,0
Sittingtostanding_Xiaoye_3_20sek_20260202_100018.parquet,Sit-Stand,Non-Fall,0.0,0,0
Sittingtostanding_Xiaoye_3_20sek_20260202_100018.parquet,Sit-Stand,Non-Fall,0.0,0,0
Sittingtostanding_Xiaoye_3_20sek_20260202_100018.parquet,Sit-Stand,Non-Fall,0.0,0,0
Sittingtostanding_Xiaoye_3_20sek_20260202_100018.parquet,Sit-Stand,Non-Fall,0.0,0,0
Sittingtostanding_Xiaoye_3_20sek_20260202_100018.parquet,Sit-Stand,Non-Fall,0.07,0,0
Sittingtostanding_Xiaoye_3_20sek_20260202_100018.parquet,Sit-Stand,Non-Fall,0.04,0,0
Sittingtostanding_p1_1_35sek_20260204_153540.parquet,Sit-Stand,Non-Fall,0.0,0,0
Sittingtostanding_p1_1_35sek_20260204_153540.parquet,Sit-Stand,Non-Fall,0.0,0,0
Sittingtostanding_p1_1_35sek_20260204_153540.parquet,Sit-Stand,Non-Fall,0.0,0,0
Sittingtostanding_p1_1_35sek_20260204_153540.parquet,Sit-Stand,Non-Fall,0.0,0,0
Sittingtostanding_p1_1_35sek_20260204_153540.parquet,Sit-Stand,Non-Fall,0.0,0,0
Sittingtostanding_p1_1_35sek_20260204_153540.parquet,Sit-Stand,Non-Fall,0.0,0,0
Sittingtostanding_p1_1_35sek_20260204_153540.parquet,Sit-Stand,Non-Fall,0.0,0,0
Sittingtostanding_p1_1_35sek_20260204_153540.parquet,Sit-Stand,Non-Fall,0.0,0,0
Sittingtostanding_p1_1_35sek_20260204_153540.parquet,Sit-Stand,Non-Fall,0.0,0,0
Sittingtostanding_p1_1_35sek_20260204_153540.parquet,Sit-Stand,Non-Fall,0.0,0,0
Sittingtostanding_p1_1_35sek_20260204_153540.parquet,Sit-Stand,Non-Fall,0.0,0,0
Sittingtostanding_p1_1_35sek_20260204_153540.parquet,Sit-Stand,Non-Fall,0.0,0,0
Sittingtostanding_p1_1_35sek_20260204_153540.parquet,Sit-Stand,Non-Fall,0.01,0,0
Sittingtostanding_p1_1_35sek_20260204_153540.parquet,Sit-Stand,Non-Fall,0.0,0,0
Sittingtostanding_p1_1_35sek_20260204_153540.parquet,Sit-Stand,Non-Fall,0.0,0,0
Sittingtostanding_p1_1_35sek_20260204_153540.parquet,Sit-Stand,Non-Fall,0.0,0,0
Sittingtostanding_p1_1_35sek_20260204_153540.parquet,Sit-Stand,Non-Fall,0.0,0,0
Sittingtostanding_p1_1_35sek_20260204_153540.parquet,Sit-Stand,Non-Fall,0.0,0,0
Sittingtostanding_p1_1_35sek_20260204_153540.parquet,Sit-Stand,Non-Fall,0.0,0,0
Sittingtostanding_p1_1_35sek_20260204_153540.parquet,Sit-Stand,Non-Fall,0.0,0,0
Sittingtostanding_p1_1_35sek_20260204_153540.parquet,Sit-Stand,Non-Fall,0.0,0,0
Sittingtostanding_p1_1_35sek_20260204_153540.parquet,Sit-Stand,Non-Fall,0.0,0,0
Sittingtostanding_p1_1_35sek_20260204_153540.parquet,Sit-Stand,Non-Fall,0.0,0,0
Sittingtostanding_p1_1_35sek_20260204_153540.parquet,Sit-Stand,Non-Fall,0.0,0,0
Sittingtostanding_p1_1_35sek_20260204_153540.parquet,Sit-Stand,Non-Fall,0.0,0,0
Sittingtostanding_p1_1_35sek_20260204_153540.parquet,Sit-Stand,Non-Fall,0.0,0,0
Sittingtostanding_p1_1_35sek_20260204_153540.parquet,Sit-Stand,Non-Fall,0.0,0,0
Sittingtostanding_p1_1_35sek_20260204_153540.parquet,Sit-Stand,Non-Fall,0.0,0,0
Sittingtostanding_p1_1_35sek_20260204_153540.parquet,Sit-Stand,Non-Fall,0.0,0,0
Sittingtostanding_p1_1_35sek_20260204_153540.parquet,Sit-Stand,Non-Fall,0.0,0,0
Sittingtostanding_p1_1_35sek_20260204_153540.parquet,Sit-Stand,Non-Fall,0.0,0,0
Sittingtostanding_p1_1_35sek_20260204_153540.parquet,Sit-Stand,Non-Fall,0.0,0,0
Sittingtostanding_p1_1_35sek_20260204_153540.parquet,Sit-Stand,Non-Fall,0.0,0,0
Sittingtostanding_p1_1_35sek_20260204_153540.parquet,Sit-Stand,Non-Fall,0.0,0,0
Sittingtostanding_p1_1_35sek_20260204_153540.parquet,Sit-Stand,Non-Fall,0.0,0,0
Sittingtostanding_p1_1_35sek_20260204_153540.parquet,Sit-Stand,Non-Fall,0.03,0,0
Sittingtostanding_p1_1_35sek_20260204_153540.parquet,Sit-Stand,Non-Fall,0.0,0,0
Sittingtostanding_p1_1_35sek_20260204_153540.parquet,Sit-Stand,Non-Fall,0.01,0,0
Sittingtostanding_p1_1_35sek_20260204_153540.parquet,Sit-Stand,Non-Fall,0.0,0,0
Sittingtostanding_p1_1_35sek_20260204_153540.parquet,Sit-Stand,Non-Fall,0.0,0,0
Sittingtostanding_p1_1_35sek_20260204_153540.parquet,Sit-Stand,Non-Fall,0.0,0,0
Sittingtostanding_p1_1_35sek_20260204_153540.parquet,Sit-Stand,Non-Fall,0.0,0,0
Sittingtostanding_p1_1_35sek_20260204_153540.parquet,Sit-Stand,Non-Fall,0.0,0,0
Sittingtostanding_p1_1_35sek_20260204_153540.parquet,Sit-Stand,Non-Fall,0.0,0,0
Sittingtostanding_p1_1_35sek_20260204_153540.parquet,Sit-Stand,Non-Fall,0.0,0,0
Sittingtostanding_p1_1_35sek_20260204_153540.parquet,Sit-Stand,Non-Fall,0.0,0,0
Sittingtostanding_p1_1_35sek_20260204_153540.parquet,Sit-Stand,Non-Fall,0.0,0,0
Sittingtostanding_p1_1_35sek_20260204_153540.parquet,Sit-Stand,Non-Fall,0.0,0,0
Sittingtostanding_p1_1_35sek_20260204_153540.parquet,Sit-Stand,Non-Fall,0.0,0,0
Sittingtostanding_p1_1_35sek_20260204_153540.parquet,Sit-Stand,Non-Fall,0.0,0,0
Sittingtostanding_p1_1_35sek_20260204_153540.parquet,Sit-Stand,Non-Fall,0.0,0,0
Sittingtostanding_p1_1_35sek_20260204_153540.parquet,Sit-Stand,Non-Fall,0.0,0,0
Sittingtostanding_p1_1_35sek_20260204_153540.parquet,Sit-Stand,Non-Fall,0.0,0,0
Sittingtostanding_p1_1_35sek_20260204_153540.parquet,Sit-Stand,Non-Fall,0.0,0,0
Sittingtostanding_p1_2_35sek_20260204_153654.parquet,Sit-Stand,Non-Fall,0.06,0,0
Sittingtostanding_p1_2_35sek_20260204_153654.parquet,Sit-Stand,Non-Fall,0.04,0,0
Sittingtostanding_p1_2_35sek_20260204_153654.parquet,Sit-Stand,Non-Fall,0.0,0,0
Sittingtostanding_p1_2_35sek_20260204_153654.parquet,Sit-Stand,Non-Fall,0.0,0,0
Sittingtostanding_p1_2_35sek_20260204_153654.parquet,Sit-Stand,Non-Fall,0.0,0,0
Sittingtostanding_p1_2_35sek_20260204_153654.parquet,Sit-Stand,Non-Fall,0.0,0,0
Sittingtostanding_p1_2_35sek_20260204_153654.parquet,Sit-Stand,Non-Fall,0.0,0,0
Sittingtostanding_p1_2_35sek_20260204_153654.parquet,Sit-Stand,Non-Fall,0.0,0,0
Sittingtostanding_p1_2_35sek_20260204_153654.parquet,Sit-Stand,Non-Fall,0.0,0,0
Sittingtostanding_p1_2_35sek_20260204_153654.parquet,Sit-Stand,Non-Fall,0.0,0,0
Sittingtostanding_p1_2_35sek_20260204_153654.parquet,Sit-Stand,Non-Fall,0.0,0,0
Sittingtostanding_p1_2_35sek_20260204_153654.parquet,Sit-Stand,Non-Fall,0.0,0,0
Sittingtostanding_p1_2_35sek_20260204_153654.parquet,Sit-Stand,Non-Fall,0.0,0,0
Sittingtostanding_p1_2_35sek_20260204_153654.parquet,Sit-Stand,Non-Fall,0.0,0,0
Sittingtostanding_p1_2_35sek_20260204_153654.parquet,Sit-Stand,Non-Fall,0.0,0,0
Sittingtostanding_p1_2_35sek_20260204_153654.parquet,Sit-Stand,Non-Fall,0.0,0,0
Sittingtostanding_p1_2_35sek_20260204_153654.parquet,Sit-Stand,Non-Fall,0.0,0,0
Sittingtostanding_p1_2_35sek_20260204_153654.parquet,Sit-Stand,Non-Fall,0.0,0,0
Sittingtostanding_p1_2_35sek_20260204_153654.parquet,Sit-Stand,Non-Fall,0.0,0,0
Sittingtostanding_p1_2_35sek_20260204_153654.parquet,Sit-Stand,Non-Fall,0.0,0,0
Sittingtostanding_p1_2_35sek_20260204_153654.parquet,Sit-Stand,Non-Fall,0.0,0,0
Sittingtostanding_p1_2_35sek_20260204_153654.parquet,Sit-Stand,Non-Fall,0.0,0,0
Sittingtostanding_p1_2_35sek_20260204_153654.parquet,Sit-Stand,Non-Fall,0.0,0,0
Sittingtostanding_p1_2_35sek_20260204_153654.parquet,Sit-Stand,Non-Fall,0.0,0,0
Sittingtostanding_p1_2_35sek_20260204_153654.parquet,Sit-Stand,Non-Fall,0.0,0,0
Sittingtostanding_p1_2_35sek_20260204_153654.parquet,Sit-Stand,Non-Fall,0.0,0,0
Sittingtostanding_p1_2_35sek_20260204_153654.parquet,Sit-Stand,Non-Fall,0.0,0,0
Sittingtostanding_p1_2_35sek_20260204_153654.parquet,Sit-Stand,Non-Fall,0.0,0,0
Sittingtostanding_p1_2_35sek_20260204_153654.parquet,Sit-Stand,Non-Fall,0.0,0,0
Sittingtostanding_p1_2_35sek_20260204_153654.parquet,Sit-Stand,Non-Fall,0.0,0,0
Sittingtostanding_p1_2_35sek_20260204_153654.parquet,Sit-Stand,Non-Fall,0.0,0,0
Sittingtostanding_p1_2_35sek_20260204_153654.parquet,Sit-Stand,Non-Fall,0.0,0,0
Sittingtostanding_p1_2_35sek_20260204_153654.parquet,Sit-Stand,Non-Fall,0.0,0,0
Sittingtostanding_p1_2_35sek_20260204_153654.parquet,Sit-Stand,Non-Fall,0.0,0,0
Sittingtostanding_p1_2_35sek_20260204_153654.parquet,Sit-Stand,Non-Fall,0.07,0,0
Sittingtostanding_p1_2_35sek_20260204_153654.parquet,Sit-Stand,Non-Fall,0.0,0,0
Sittingtostanding_p1_2_35sek_20260204_153654.parquet,Sit-Stand,Non-Fall,0.0,0,0
Sittingtostanding_p1_2_35sek_20260204_153654.parquet,Sit-Stand,Non-Fall,0.0,0,0
Sittingtostanding_p1_2_35sek_20260204_153654.parquet,Sit-Stand,Non-Fall,0.0,0,0
Sittingtostanding_p1_2_35sek_20260204_153654.parquet,Sit-Stand,Non-Fall,0.0,0,0
Sittingtostanding_p1_2_35sek_20260204_153654.parquet,Sit-Stand,Non-Fall,0.0,0,0
Sittingtostanding_p1_2_35sek_20260204_153654.parquet,Sit-Stand,Non-Fall,0.0,0,0
Sittingtostanding_p1_2_35sek_20260204_153654.parquet,Sit-Stand,Non-Fall,0.0,0,0
Sittingtostanding_p1_2_35sek_20260204_153654.parquet,Sit-Stand,Non-Fall,0.0,0,0
Sittingtostanding_p1_2_35sek_20260204_153654.parquet,Sit-Stand,Non-Fall,0.0,0,0
Sittingtostanding_p1_2_35sek_20260204_153654.parquet,Sit-Stand,Non-Fall,0.0,0,0
Sittingtostanding_p1_2_35sek_20260204_153654.parquet,Sit-Stand,Non-Fall,0.0,0,0
Sittingtostanding_p1_2_35sek_20260204_153654.parquet,Sit-Stand,Non-Fall,0.0,0,0
Sittingtostanding_p1_2_35sek_20260204_153654.parquet,Sit-Stand,Non-Fall,0.0,0,0
Sittingtostanding_p1_2_35sek_20260204_153654.parquet,Sit-Stand,Non-Fall,0.0,0,0
Sittingtostanding_p1_2_35sek_20260204_153654.parquet,Sit-Stand,Non-Fall,0.0,0,0
Sittingtostanding_p1_3_35sek_20260204_153830.parquet,Sit-Stand,Non-Fall,0.0,0,0
Sittingtostanding_p1_3_35sek_20260204_153830.parquet,Sit-Stand,Non-Fall,0.0,0,0
Sittingtostanding_p1_3_35sek_20260204_153830.parquet,Sit-Stand,Non-Fall,0.0,0,0
Sittingtostanding_p1_3_35sek_20260204_153830.parquet,Sit-Stand,Non-Fall,0.0,0,0
Sittingtostanding_p1_3_35sek_20260204_153830.parquet,Sit-Stand,Non-Fall,0.0,0,0
Sittingtostanding_p1_3_35sek_20260204_153830.parquet,Sit-Stand,Non-Fall,0.0,0,0
Sittingtostanding_p1_3_35sek_20260204_153830.parquet,Sit-Stand,Non-Fall,0.0,0,0
Sittingtostanding_p1_3_35sek_20260204_153830.parquet,Sit-Stand,Non-Fall,0.0,0,0
Sittingtostanding_p1_3_35sek_20260204_153830.parquet,Sit-Stand,Non-Fall,0.0,0,0
Sittingtostanding_p1_3_35sek_20260204_153830.parquet,Sit-Stand,Non-Fall,0.0,0,0
Sittingtostanding_p1_3_35sek_20260204_153830.parquet,Sit-Stand,Non-Fall,0.0,0,0
Sittingtostanding_p1_3_35sek_20260204_153830.parquet,Sit-Stand,Non-Fall,0.0,0,0
Sittingtostanding_p1_3_35sek_20260204_153830.parquet,Sit-Stand,Non-Fall,0.0,0,0
Sittingtostanding_p1_3_35sek_20260204_153830.parquet,Sit-Stand,Non-Fall,0.0,0,0
Sittingtostanding_p1_3_35sek_20260204_153830.parquet,Sit-Stand,Non-Fall,0.0,0,0
Sittingtostanding_p1_3_35sek_20260204_153830.parquet,Sit-Stand,Non-Fall,0.0,0,0
Sittingtostanding_p1_3_35sek_20260204_153830.parquet,Sit-Stand,Non-Fall,0.0,0,0
Sittingtostanding_p1_3_35sek_20260204_153830.parquet,Sit-Stand,Non-Fall,0.0,0,0
Sittingtostanding_p1_3_35sek_20260204_153830.parquet,Sit-Stand,Non-Fall,0.0,0,0
Sittingtostanding_p1_3_35sek_20260204_153830.parquet,Sit-Stand,Non-Fall,0.0,0,0
Sittingtostanding_p1_3_35sek_20260204_153830.parquet,Sit-Stand,Non-Fall,0.0,0,0
Sittingtostanding_p1_3_35sek_20260204_153830.parquet,Sit-Stand,Non-Fall,0.0,0,0
Sittingtostanding_p1_3_35sek_20260204_153830.parquet,Sit-Stand,Non-Fall,0.0,0,0
Sittingtostanding_p1_3_35sek_20260204_153830.parquet,Sit-Stand,Non-Fall,0.0,0,0
Sittingtostanding_p1_3_35sek_20260204_153830.parquet,Sit-Stand,Non-Fall,0.0,0,0
Sittingtostanding_p1_3_35sek_20260204_153830.parquet,Sit-Stand,Non-Fall,0.0,0,0
Sittingtostanding_p1_3_35sek_20260204_153830.parquet,Sit-Stand,Non-Fall,0.0,0,0
Sittingtostanding_p1_3_35sek_20260204_153830.parquet,Sit-Stand,Non-Fall,0.0,0,0
Sittingtostanding_p1_3_35sek_20260204_153830.parquet,Sit-Stand,Non-Fall,0.0,0,0
Sittingtostanding_p1_3_35sek_20260204_153830.parquet,Sit-Stand,Non-Fall,0.0,0,0
Sittingtostanding_p1_3_35sek_20260204_153830.parquet,Sit-Stand,Non-Fall,0.0,0,0
Sittingtostanding_p1_3_35sek_20260204_153830.parquet,Sit-Stand,Non-Fall,0.0,0,0
Sittingtostanding_p1_3_35sek_20260204_153830.parquet,Sit-Stand,Non-Fall,0.04,0,0
Sittingtostanding_p1_3_35sek_20260204_153830.parquet,Sit-Stand,Non-Fall,0.01,0,0
Sittingtostanding_p1_3_35sek_20260204_153830.parquet,Sit-Stand,Non-Fall,0.0,0,0
Sittingtostanding_p1_3_35sek_20260204_153830.parquet,Sit-Stand,Non-Fall,0.0,0,0
Sittingtostanding_p1_3_35sek_20260204_153830.parquet,Sit-Stand,Non-Fall,0.0,0,0
Sittingtostanding_p1_3_35sek_20260204_153830.parquet,Sit-Stand,Non-Fall,0.0,0,0
Sittingtostanding_p1_3_35sek_20260204_153830.parquet,Sit-Stand,Non-Fall,0.0,0,0
Sittingtostanding_p1_3_35sek_20260204_153830.parquet,Sit-Stand,Non-Fall,0.0,0,0
Sittingtostanding_p1_3_35sek_20260204_153830.parquet,Sit-Stand,Non-Fall,0.0,0,0
Sittingtostanding_p1_3_35sek_20260204_153830.parquet,Sit-Stand,Non-Fall,0.0,0,0
Sittingtostanding_p1_3_35sek_20260204_153830.parquet,Sit-Stand,Non-Fall,0.01,0,0
Sittingtostanding_p1_3_35sek_20260204_153830.parquet,Sit-Stand,Non-Fall,0.0,0,0
Sittingtostanding_p1_3_35sek_20260204_153830.parquet,Sit-Stand,Non-Fall,0.0,0,0
Sittingtostanding_p2_1_35sek_20260204_155433.parquet,Sit-Stand,Non-Fall,0.0,0,0
Sittingtostanding_p2_1_35sek_20260204_155433.parquet,Sit-Stand,Non-Fall,0.0,0,0
Sittingtostanding_p2_1_35sek_20260204_155433.parquet,Sit-Stand,Non-Fall,0.0,0,0
Sittingtostanding_p2_1_35sek_20260204_155433.parquet,Sit-Stand,Non-Fall,0.0,0,0
Sittingtostanding_p2_1_35sek_20260204_155433.parquet,Sit-Stand,Non-Fall,0.0,0,0
Sittingtostanding_p2_1_35sek_20260204_155433.parquet,Sit-Stand,Non-Fall,0.0,0,0
Sittingtostanding_p2_1_35sek_20260204_155433.parquet,Sit-Stand,Non-Fall,0.0,0,0
Sittingtostanding_p2_1_35sek_20260204_155433.parquet,Sit-Stand,Non-Fall,0.0,0,0
Sittingtostanding_p2_1_35sek_20260204_155433.parquet,Sit-Stand,Non-Fall,0.0,0,0
Sittingtostanding_p2_1_35sek_20260204_155433.parquet,Sit-Stand,Non-Fall,0.0,0,0
Sittingtostanding_p2_1_35sek_20260204_155433.parquet,Sit-Stand,Non-Fall,0.0,0,0
Sittingtostanding_p2_1_35sek_20260204_155433.parquet,Sit-Stand,Non-Fall,0.0,0,0
Sittingtostanding_p2_1_35sek_20260204_155433.parquet,Sit-Stand,Non-Fall,0.0,0,0
Sittingtostanding_p2_1_35sek_20260204_155433.parquet,Sit-Stand,Non-Fall,0.0,0,0
Sittingtostanding_p2_1_35sek_20260204_155433.parquet,Sit-Stand,Non-Fall,0.0,0,0
Sittingtostanding_p2_1_35sek_20260204_155433.parquet,Sit-Stand,Non-Fall,0.0,0,0
Sittingtostanding_p2_1_35sek_20260204_155433.parquet,Sit-Stand,Non-Fall,0.0,0,0
Sittingtostanding_p2_1_35sek_20260204_155433.parquet,Sit-Stand,Non-Fall,0.0,0,0
Sittingtostanding_p2_1_35sek_20260204_155433.parquet,Sit-Stand,Non-Fall,0.0,0,0
Sittingtostanding_p2_1_35sek_20260204_155433.parquet,Sit-Stand,Non-Fall,0.0,0,0
Sittingtostanding_p2_1_35sek_20260204_155433.parquet,Sit-Stand,Non-Fall,0.0,0,0
Sittingtostanding_p2_1_35sek_20260204_155433.parquet,Sit-Stand,Non-Fall,0.0,0,0
Sittingtostanding_p2_1_35sek_20260204_155433.parquet,Sit-Stand,Non-Fall,0.0,0,0
Sittingtostanding_p2_1_35sek_20260204_155433.parquet,Sit-Stand,Non-Fall,0.0,0,0
Sittingtostanding_p2_1_35sek_20260204_155433.parquet,Sit-Stand,Non-Fall,0.0,0,0
Sittingtostanding_p2_1_35sek_20260204_155433.parquet,Sit-Stand,Non-Fall,0.0,0,0
Sittingtostanding_p2_1_35sek_20260204_155433.parquet,Sit-Stand,Non-Fall,0.0,0,0
Sittingtostanding_p2_1_35sek_20260204_155433.parquet,Sit-Stand,Non-Fall,0.0,0,0
Sittingtostanding_p2_1_35sek_20260204_155433.parquet,Sit-Stand,Non-Fall,0.0,0,0
Sittingtostanding_p2_1_35sek_20260204_155433.parquet,Sit-Stand,Non-Fall,0.0,0,0
Sittingtostanding_p2_1_35sek_20260204_155433.parquet,Sit-Stand,Non-Fall,0.0,0,0
Sittingtostanding_p2_1_35sek_20260204_155433.parquet,Sit-Stand,Non-Fall,0.0,0,0
Sittingtostanding_p2_1_35sek_20260204_155433.parquet,Sit-Stand,Non-Fall,0.0,0,0
Sittingtostanding_p2_1_35sek_20260204_155433.parquet,Sit-Stand,Non-Fall,0.02,0,0
Sittingtostanding_p2_1_35sek_20260204_155433.parquet,Sit-Stand,Non-Fall,0.0,0,0
Sittingtostanding_p2_1_35sek_20260204_155433.parquet,Sit-Stand,Non-Fall,0.0,0,0
Sittingtostanding_p2_1_35sek_20260204_155433.parquet,Sit-Stand,Non-Fall,0.0,0,0
Sittingtostanding_p2_1_35sek_20260204_155433.parquet,Sit-Stand,Non-Fall,0.0,0,0
Sittingtostanding_p2_1_35sek_20260204_155433.parquet,Sit-Stand,Non-Fall,0.0,0,0
Sittingtostanding_p2_1_35sek_20260204_155433.parquet,Sit-Stand,Non-Fall,0.0,0,0
Sittingtostanding_p2_1_35sek_20260204_155433.parquet,Sit-Stand,Non-Fall,0.0,0,0
Sittingtostanding_p2_1_35sek_20260204_155433.parquet,Sit-Stand,Non-Fall,0.0,0,0
Sittingtostanding_p2_1_35sek_20260204_155433.parquet,Sit-Stand,Non-Fall,0.0,0,0
Sittingtostanding_p2_1_35sek_20260204_155433.parquet,Sit-Stand,Non-Fall,0.0,0,0
Sittingtostanding_p2_1_35sek_20260204_155433.parquet,Sit-Stand,Non-Fall,0.0,0,0
Sittingtostanding_p2_1_35sek_20260204_155433.parquet,Sit-Stand,Non-Fall,0.0,0,0
Sittingtostanding_p2_1_35sek_20260204_155433.parquet,Sit-Stand,Non-Fall,0.0,0,0
Sittingtostanding_p2_1_35sek_20260204_155433.parquet,Sit-Stand,Non-Fall,0.0,0,0
Sittingtostanding_p2_1_35sek_20260204_155433.parquet,Sit-Stand,Non-Fall,0.0,0,0
Sittingtostanding_p2_1_35sek_20260204_155433.parquet,Sit-Stand,Non-Fall,0.0,0,0
Sittingtostanding_p2_1_35sek_20260204_155433.parquet,Sit-Stand,Non-Fall,0.0,0,0
Sittingtostanding_p2_1_35sek_20260204_155433.parquet,Sit-Stand,Non-Fall,0.0,0,0
Sittingtostanding_p2_1_35sek_20260204_155433.parquet,Sit-Stand,Non-Fall,0.0,0,0
Sittingtostanding_p2_1_35sek_20260204_155433.parquet,Sit-Stand,Non-Fall,0.0,0,0
Sittingtostanding_p2_1_35sek_20260204_155433.parquet,Sit-Stand,Non-Fall,0.0,0,0
Sittingtostanding_p2_1_35sek_20260204_155433.parquet,Sit-Stand,Non-Fall,0.0,0,0
Sittingtostanding_p2_1_35sek_20260204_155433.parquet,Sit-Stand,Non-Fall,0.0,0,0
Sittingtostanding_p2_1_35sek_20260204_155433.parquet,Sit-Stand,Non-Fall,0.0,0,0
Sittingtostanding_p2_1_35sek_20260204_155433.parquet,Sit-Stand,Non-Fall,0.0,0,0
Sittingtostanding_p2_1_35sek_20260204_155433.parquet,Sit-Stand,Non-Fall,0.0,0,0
Sittingtostanding_p2_1_35sek_20260204_155433.parquet,Sit-Stand,Non-Fall,0.0,0,0
Sittingtostanding_p2_1_35sek_20260204_155433.parquet,Sit-Stand,Non-Fall,0.0,0,0
Sittingtostanding_p2_1_35sek_20260204_155433.parquet,Sit-Stand,Non-Fall,0.0,0,0
Sittingtostanding_p2_1_35sek_20260204_155433.parquet,Sit-Stand,Non-Fall,0.0,0,0
Sittingtostanding_p2_1_35sek_20260204_155433.parquet,Sit-Stand,Non-Fall,0.0,0,0
Sittingtostanding_p2_1_35sek_20260204_155433.parquet,Sit-Stand,Non-Fall,0.0,0,0
Sittingtostanding_p2_1_35sek_20260204_155433.parquet,Sit-Stand,Non-Fall,0.0,0,0
Sittingtostanding_p2_2_35sek_20260204_155524.parquet,Sit-Stand,Non-Fall,0.0,0,0
Sittingtostanding_p2_2_35sek_20260204_155524.parquet,Sit-Stand,Non-Fall,0.0,0,0
Sittingtostanding_p2_2_35sek_20260204_155524.parquet,Sit-Stand,Non-Fall,0.0,0,0
Sittingtostanding_p2_2_35sek_20260204_155524.parquet,Sit-Stand,Non-Fall,0.0,0,0
Sittingtostanding_p2_2_35sek_20260204_155524.parquet,Sit-Stand,Non-Fall,0.0,0,0
Sittingtostanding_p2_2_35sek_20260204_155524.parquet,Sit-Stand,Non-Fall,0.0,0,0
Sittingtostanding_p2_2_35sek_20260204_155524.parquet,Sit-Stand,Non-Fall,0.0,0,0
Sittingtostanding_p2_2_35sek_20260204_155524.parquet,Sit-Stand,Non-Fall,0.0,0,0
Sittingtostanding_p2_2_35sek_20260204_155524.parquet,Sit-Stand,Non-Fall,0.0,0,0
Sittingtostanding_p2_2_35sek_20260204_155524.parquet,Sit-Stand,Non-Fall,0.0,0,0
Sittingtostanding_p2_2_35sek_20260204_155524.parquet,Sit-Stand,Non-Fall,0.0,0,0
Sittingtostanding_p2_2_35sek_20260204_155524.parquet,Sit-Stand,Non-Fall,0.0,0,0
Sittingtostanding_p2_2_35sek_20260204_155524.parquet,Sit-Stand,Non-Fall,0.0,0,0
Sittingtostanding_p2_2_35sek_20260204_155524.parquet,Sit-Stand,Non-Fall,0.0,0,0
Sittingtostanding_p2_2_35sek_20260204_155524.parquet,Sit-Stand,Non-Fall,0.0,0,0
Sittingtostanding_p2_2_35sek_20260204_155524.parquet,Sit-Stand,Non-Fall,0.0,0,0
StandingToSitting_Xiaoye_1_35sek_20260202_163124.parquet,Sit-Stand,Non-Fall,0.0,0,0
StandingToSitting_Xiaoye_1_35sek_20260202_163124.parquet,Sit-Stand,Non-Fall,0.0,0,0
StandingToSitting_Xiaoye_1_35sek_20260202_163124.parquet,Sit-Stand,Non-Fall,0.0,0,0
StandingToSitting_Xiaoye_1_35sek_20260202_163124.parquet,Sit-Stand,Non-Fall,0.0,0,0
StandingToSitting_Xiaoye_1_35sek_20260202_163124.parquet,Sit-Stand,Non-Fall,0.0,0,0
StandingToSitting_Xiaoye_1_35sek_20260202_163124.parquet,Sit-Stand,Non-Fall,0.0,0,0
StandingToSitting_Xiaoye_1_35sek_20260202_163124.parquet,Sit-Stand,Non-Fall,0.0,0,0
StandingToSitting_Xiaoye_1_35sek_20260202_163124.parquet,Sit-Stand,Non-Fall,0.0,0,0
StandingToSitting_Xiaoye_1_35sek_20260202_163124.parquet,Sit-Stand,Non-Fall,0.0,0,0
StandingToSitting_Xiaoye_1_35sek_20260202_163124.parquet,Sit-Stand,Non-Fall,0.0,0,0
StandingToSitting_Xiaoye_1_35sek_20260202_163124.parquet,Sit-Stand,Non-Fall,0.0,0,0
StandingToSitting_Xiaoye_1_35sek_20260202_163124.parquet,Sit-Stand,Non-Fall,0.0,0,0
StandingToSitting_Xiaoye_1_35sek_20260202_163124.parquet,Sit-Stand,Non-Fall,0.0,0,0
StandingToSitting_Xiaoye_1_35sek_20260202_163124.parquet,Sit-Stand,Non-Fall,0.0,0,0
StandingToSitting_Xiaoye_1_35sek_20260202_163124.parquet,Sit-Stand,Non-Fall,0.0,0,0
StandingToSitting_Xiaoye_1_35sek_20260202_163124.parquet,Sit-Stand,Non-Fall,0.0,0,0
StandingToSitting_Xiaoye_1_35sek_20260202_163124.parquet,Sit-Stand,Non-Fall,0.0,0,0
StandingToSitting_Xiaoye_1_35sek_20260202_163124.parquet,Sit-Stand,Non-Fall,0.0,0,0
StandingToSitting_Xiaoye_1_35sek_20260202_163124.parquet,Sit-Stand,Non-Fall,0.0,0,0
StandingToSitting_Xiaoye_1_35sek_20260202_163124.parquet,Sit-Stand,Non-Fall,0.0,0,0
StandingToSitting_Xiaoye_1_35sek_20260202_163124.parquet,Sit-Stand,Non-Fall,0.0,0,0
StandingToSitting_Xiaoye_1_35sek_20260202_163124.parquet,Sit-Stand,Non-Fall,0.0,0,0
StandingToSitting_Xiaoye_1_35sek_20260202_163124.parquet,Sit-Stand,Non-Fall,0.0,0,0
StandingToSitting_Xiaoye_1_35sek_20260202_163124.parquet,Sit-Stand,Non-Fall,0.0,0,0
StandingToSitting_Xiaoye_1_35sek_20260202_163124.parquet,Sit-Stand,Non-Fall,0.0,0,0
StandingToSitting_Xiaoye_1_35sek_20260202_163124.parquet,Sit-Stand,Non-Fall,0.0,0,0
StandingToSitting_Xiaoye_1_35sek_20260202_163124.parquet,Sit-Stand,Non-Fall,0.0,0,0
StandingToSitting_Xiaoye_1_35sek_20260202_163124.parquet,Sit-Stand,Non-Fall,0.0,0,0
StandingToSitting_Xiaoye_1_35sek_20260202_163124.parquet,Sit-Stand,Non-Fall,0.0,0,0
StandingToSitting_Xiaoye_1_35sek_20260202_163124.parquet,Sit-Stand,Non-Fall,0.0,0,0
StandingToSitting_Xiaoye_1_35sek_20260202_163124.parquet,Sit-Stand,Non-Fall,0.0,0,0
StandingToSitting_Xiaoye_1_35sek_20260202_163124.parquet,Sit-Stand,Non-Fall,0.0,0,0
StandingToSitting_Xiaoye_1_35sek_20260202_163124.parquet,Sit-Stand,Non-Fall,0.02,0,0
StandingToSitting_Xiaoye_1_35sek_20260202_163124.parquet,Sit-Stand,Non-Fall,0.12,0,0
StandingToSitting_Xiaoye_1_35sek_20260202_163124.parquet,Sit-Stand,Non-Fall,0.0,0,0
StandingToSitting_Xiaoye_1_35sek_20260202_163124.parquet,Sit-Stand,Non-Fall,0.01,0,0
StandingToSitting_Xiaoye_1_35sek_20260202_163124.parquet,Sit-Stand,Non-Fall,0.0,0,0
StandingToSitting_Xiaoye_1_35sek_20260202_163124.parquet,Sit-Stand,Non-Fall,0.0,0,0
StandingToSitting_Xiaoye_1_35sek_20260202_163124.parquet,Sit-Stand,Non-Fall,0.0,0,0
StandingToSitting_Xiaoye_1_35sek_20260202_163124.parquet,Sit-Stand,Non-Fall,0.0,0,0
StandingToSitting_Xiaoye_1_35sek_20260202_163124.parquet,Sit-Stand,Non-Fall,0.01,0,0
StandingToSitting_Xiaoye_1_35sek_20260202_163124.parquet,Sit-Stand,Non-Fall,0.0,0,0
StandingToSitting_Xiaoye_1_35sek_20260202_163124.parquet,Sit-Stand,Non-Fall,0.0,0,0
StandingToSitting_Xiaoye_1_35sek_20260202_163124.parquet,Sit-Stand,Non-Fall,0.0,0,0
StandingToSitting_Xiaoye_1_35sek_20260202_163124.parquet,Sit-Stand,Non-Fall,0.0,0,0
StandingToSitting_Xiaoye_1_35sek_20260202_163124.parquet,Sit-Stand,Non-Fall,0.0,0,0
StandingToSitting_Xiaoye_1_35sek_20260202_163124.parquet,Sit-Stand,Non-Fall,0.0,0,0
StandingToSitting_Xiaoye_1_35sek_20260202_163124.parquet,Sit-Stand,Non-Fall,0.0,0,0
StandingToSitting_Xiaoye_1_35sek_20260202_163124.parquet,Sit-Stand,Non-Fall,0.0,0,0
StandingToSitting_Xiaoye_2_35sek_20260202_163245.parquet,Sit-Stand,Non-Fall,0.0,0,0
StandingToSitting_Xiaoye_2_35sek_20260202_163245.parquet,Sit-Stand,Non-Fall,0.0,0,0
StandingToSitting_Xiaoye_2_35sek_20260202_163245.parquet,Sit-Stand,Non-Fall,0.0,0,0
StandingToSitting_Xiaoye_2_35sek_20260202_163245.parquet,Sit-Stand,Non-Fall,0.0,0,0
StandingToSitting_Xiaoye_2_35sek_20260202_163245.parquet,Sit-Stand,Non-Fall,0.0,0,0
StandingToSitting_Xiaoye_2_35sek_20260202_163245.parquet,Sit-Stand,Non-Fall,0.0,0,0
StandingToSitting_Xiaoye_2_35sek_20260202_163245.parquet,Sit-Stand,Non-Fall,0.0,0,0
StandingToSitting_Xiaoye_2_35sek_20260202_163245.parquet,Sit-Stand,Non-Fall,0.0,0,0
StandingToSitting_Xiaoye_2_35sek_20260202_163245.parquet,Sit-Stand,Non-Fall,0.0,0,0
StandingToSitting_Xiaoye_2_35sek_20260202_163245.parquet,Sit-Stand,Non-Fall,0.0,0,0
StandingToSitting_Xiaoye_2_35sek_20260202_163245.parquet,Sit-Stand,Non-Fall,0.0,0,0
StandingToSitting_Xiaoye_2_35sek_20260202_163245.parquet,Sit-Stand,Non-Fall,0.0,0,0
StandingToSitting_Xiaoye_2_35sek_20260202_163245.parquet,Sit-Stand,Non-Fall,0.0,0,0
StandingToSitting_Xiaoye_2_35sek_20260202_163245.parquet,Sit-Stand,Non-Fall,0.01,0,0
StandingToSitting_Xiaoye_2_35sek_20260202_163245.parquet,Sit-Stand,Non-Fall,0.01,0,0
StandingToSitting_Xiaoye_2_35sek_20260202_163245.parquet,Sit-Stand,Non-Fall,0.0,0,0
StandingToSitting_Xiaoye_2_35sek_20260202_163245.parquet,Sit-Stand,Non-Fall,0.0,0,0
StandingToSitting_Xiaoye_2_35sek_20260202_163245.parquet,Sit-Stand,Non-Fall,0.0,0,0
StandingToSitting_Xiaoye_2_35sek_20260202_163245.parquet,Sit-Stand,Non-Fall,0.0,0,0
StandingToSitting_Xiaoye_2_35sek_20260202_163245.parquet,Sit-Stand,Non-Fall,0.0,0,0
StandingToSitting_Xiaoye_2_35sek_20260202_163245.parquet,Sit-Stand,Non-Fall,0.0,0,0
StandingToSitting_Xiaoye_2_35sek_20260202_163245.parquet,Sit-Stand,Non-Fall,0.0,0,0
StandingToSitting_Xiaoye_2_35sek_20260202_163245.parquet,Sit-Stand,Non-Fall,0.0,0,0
StandingToSitting_Xiaoye_2_35sek_20260202_163245.parquet,Sit-Stand,Non-Fall,0.04,0,0
StandingToSitting_Xiaoye_2_35sek_20260202_163245.parquet,Sit-Stand,Non-Fall,0.19,0,0
StandingToSitting_Xiaoye_2_35sek_20260202_163245.parquet,Sit-Stand,Non-Fall,0.0,0,0
StandingToSitting_Xiaoye_2_35sek_20260202_163245.parquet,Sit-Stand,Non-Fall,0.0,0,0
StandingToSitting_Xiaoye_2_35sek_20260202_163245.parquet,Sit-Stand,Non-Fall,0.0,0,0
StandingToSitting_Xiaoye_2_35sek_20260202_163245.parquet,Sit-Stand,Non-Fall,0.0,0,0
StandingToSitting_Xiaoye_2_35sek_20260202_163245.parquet,Sit-Stand,Non-Fall,0.0,0,0
StandingToSitting_Xiaoye_2_35sek_20260202_163245.parquet,Sit-Stand,Non-Fall,0.01,0,0
StandingToSitting_Xiaoye_2_35sek_20260202_163245.parquet,Sit-Stand,Non-Fall,0.0,0,0
StandingToSitting_Xiaoye_2_35sek_20260202_163245.parquet,Sit-Stand,Non-Fall,0.0,0,0
StandingToSitting_Xiaoye_2_35sek_20260202_163245.parquet,Sit-Stand,Non-Fall,0.0,0,0
StandingToSitting_Xiaoye_2_35sek_20260202_163245.parquet,Sit-Stand,Non-Fall,0.0,0,0
StandingToSitting_Xiaoye_2_35sek_20260202_163245.parquet,Sit-Stand,Non-Fall,0.0,0,0
StandingToSitting_Xiaoye_2_35sek_20260202_163245.parquet,Sit-Stand,Non-Fall,0.0,0,0
StandingToSitting_Xiaoye_2_35sek_20260202_163245.parquet,Sit-Stand,Non-Fall,0.0,0,0
StandingToSitting_Xiaoye_2_35sek_20260202_163245.parquet,Sit-Stand,Non-Fall,0.0,0,0
StandingToSitting_Xiaoye_2_35sek_20260202_163245.parquet,Sit-Stand,Non-Fall,0.0,0,0
StandingToSitting_Xiaoye_3_35sek_20260202_163524.parquet,Sit-Stand,Non-Fall,0.0,0,0
StandingToSitting_Xiaoye_3_35sek_20260202_163524.parquet,Sit-Stand,Non-Fall,0.0,0,0
StandingToSitting_Xiaoye_3_35sek_20260202_163524.parquet,Sit-Stand,Non-Fall,0.0,0,0
StandingToSitting_Xiaoye_3_35sek_20260202_163524.parquet,Sit-Stand,Non-Fall,0.0,0,0
StandingToSitting_Xiaoye_3_35sek_20260202_163524.parquet,Sit-Stand,Non-Fall,0.0,0,0
StandingToSitting_Xiaoye_3_35sek_20260202_163524.parquet,Sit-Stand,Non-Fall,0.0,0,0
StandingToSitting_Xiaoye_3_35sek_20260202_163524.parquet,Sit-Stand,Non-Fall,0.0,0,0
StandingToSitting_Xiaoye_3_35sek_20260202_163524.parquet,Sit-Stand,Non-Fall,0.0,0,0
StandingToSitting_Xiaoye_3_35sek_20260202_163524.parquet,Sit-Stand,Non-Fall,0.0,0,0
StandingToSitting_Xiaoye_3_35sek_20260202_163524.parquet,Sit-Stand,Non-Fall,0.0,0,0
StandingToSitting_Xiaoye_3_35sek_20260202_163524.parquet,Sit-Stand,Non-Fall,0.0,0,0
StandingToSitting_Xiaoye_3_35sek_20260202_163524.parquet,Sit-Stand,Non-Fall,0.0,0,0
StandingToSitting_Xiaoye_3_35sek_20260202_163524.parquet,Sit-Stand,Non-Fall,0.0,0,0
StandingToSitting_Xiaoye_3_35sek_20260202_163524.parquet,Sit-Stand,Non-Fall,0.0,0,0
StandingToSitting_Xiaoye_3_35sek_20260202_163524.parquet,Sit-Stand,Non-Fall,0.0,0,0
StandingToSitting_Xiaoye_3_35sek_20260202_163524.parquet,Sit-Stand,Non-Fall,0.0,0,0
StandingToSitting_Xiaoye_3_35sek_20260202_163524.parquet,Sit-Stand,Non-Fall,0.0,0,0
StandingToSitting_Xiaoye_3_35sek_20260202_163524.parquet,Sit-Stand,Non-Fall,0.0,0,0
StandingToSitting_Xiaoye_3_35sek_20260202_163524.parquet,Sit-Stand,Non-Fall,0.0,0,0
StandingToSitting_Xiaoye_3_35sek_20260202_163524.parquet,Sit-Stand,Non-Fall,0.0,0,0
StandingToSitting_Xiaoye_3_35sek_20260202_163524.parquet,Sit-Stand,Non-Fall,0.0,0,0
StandingToSitting_Xiaoye_3_35sek_20260202_163524.parquet,Sit-Stand,Non-Fall,0.0,0,0
StandingToSitting_Xiaoye_3_35sek_20260202_163524.parquet,Sit-Stand,Non-Fall,0.0,0,0
StandingToSitting_Xiaoye_3_35sek_20260202_163524.parquet,Sit-Stand,Non-Fall,0.12,0,0
StandingToSitting_Xiaoye_3_35sek_20260202_163524.parquet,Sit-Stand,Non-Fall,0.02,0,0
StandingToSitting_Xiaoye_3_35sek_20260202_163524.parquet,Sit-Stand,Non-Fall,0.1,0,0
StandingToSitting_Xiaoye_3_35sek_20260202_163524.parquet,Sit-Stand,Non-Fall,0.02,0,0
StandingToSitting_Xiaoye_3_35sek_20260202_163524.parquet,Sit-Stand,Non-Fall,0.0,0,0
StandingToSitting_Xiaoye_3_35sek_20260202_163524.parquet,Sit-Stand,Non-Fall,0.0,0,0
StandingToSitting_Xiaoye_3_35sek_20260202_163524.parquet,Sit-Stand,Non-Fall,0.0,0,0
StandingToSitting_Xiaoye_3_35sek_20260202_163524.parquet,Sit-Stand,Non-Fall,0.0,0,0
StandingToSitting_Xiaoye_3_35sek_20260202_163524.parquet,Sit-Stand,Non-Fall,0.0,0,0
StandingToSitting_Xiaoye_3_35sek_20260202_163524.parquet,Sit-Stand,Non-Fall,0.0,0,0
StandingToSitting_Xiaoye_3_35sek_20260202_163524.parquet,Sit-Stand,Non-Fall,0.0,0,0
StandingToSitting_Xiaoye_3_35sek_20260202_163524.parquet,Sit-Stand,Non-Fall,0.0,0,0
StandingToSitting_Xiaoye_3_35sek_20260202_163524.parquet,Sit-Stand,Non-Fall,0.0,0,0
Standing_Ahmed_1_20sek_20260202_102034.parquet,Sit-Stand,Non-Fall,0.0,0,0
Standing_Ahmed_1_20sek_20260202_102034.parquet,Sit-Stand,Non-Fall,0.0,0,0
Standing_Ahmed_1_20sek_20260202_102034.parquet,Sit-Stand,Non-Fall,0.0,0,0
Standing_Ahmed_1_20sek_20260202_102034.parquet,Sit-Stand,Non-Fall,0.0,0,0
Standing_Ahmed_1_20sek_20260202_102034.parquet,Sit-Stand,Non-Fall,0.0,0,0
Standing_Ahmed_1_20sek_20260202_102034.parquet,Sit-Stand,Non-Fall,0.0,0,0
Standing_Ahmed_1_20sek_20260202_102034.parquet,Sit-Stand,Non-Fall,0.0,0,0
Standing_Ahmed_1_20sek_20260202_102034.parquet,Sit-Stand,Non-Fall,0.0,0,0
Standing_Ahmed_1_20sek_20260202_102034.parquet,Sit-Stand,Non-Fall,0.0,0,0
Standing_Ahmed_1_20sek_20260202_102034.parquet,Sit-Stand,Non-Fall,0.0,0,0
Standing_Ahmed_1_20sek_20260202_102034.parquet,Sit-Stand,Non-Fall,0.0,0,0
Standing_Ahmed_1_20sek_20260202_102034.parquet,Sit-Stand,Non-Fall,0.0,0,0
Standing_Ahmed_1_20sek_20260202_102034.parquet,Sit-Stand,Non-Fall,0.0,0,0
Standing_Ahmed_1_20sek_20260202_102034.parquet,Sit-Stand,Non-Fall,0.0,0,0
Standing_Ahmed_1_20sek_20260202_102034.parquet,Sit-Stand,Non-Fall,0.0,0,0
Standing_Ahmed_1_20sek_20260202_102034.parquet,Sit-Stand,Non-Fall,0.0,0,0
Standing_Ahmed_1_20sek_20260202_102034.parquet,Sit-Stand,Non-Fall,0.0,0,0
Standing_Ahmed_1_20sek_20260202_102034.parquet,Sit-Stand,Non-Fall,0.0,0,0
Standing_Ahmed_1_20sek_20260202_102034.parquet,Sit-Stand,Non-Fall,0.0,0,0
Standing_Ahmed_1_20sek_20260202_102034.parquet,Sit-Stand,Non-Fall,0.0,0,0
Standing_Ahmed_1_20sek_20260202_102034.parquet,Sit-Stand,Non-Fall,0.0,0,0
Standing_Ahmed_1_20sek_20260202_102034.parquet,Sit-Stand,Non-Fall,0.0,0,0
Standing_Ahmed_1_20sek_20260202_102034.parquet,Sit-Stand,Non-Fall,0.0,0,0
Standing_Ahmed_2_20sek_20260202_102535.parquet,Sit-Stand,Non-Fall,0.0,0,0
Standing_Ahmed_2_20sek_20260202_102535.parquet,Sit-Stand,Non-Fall,0.0,0,0
Standing_Ahmed_2_20sek_20260202_102535.parquet,Sit-Stand,Non-Fall,0.0,0,0
Standing_Ahmed_2_20sek_20260202_102535.parquet,Sit-Stand,Non-Fall,0.0,0,0
Standing_Ahmed_2_20sek_20260202_102535.parquet,Sit-Stand,Non-Fall,0.0,0,0
Standing_Ahmed_2_20sek_20260202_102535.parquet,Sit-Stand,Non-Fall,0.0,0,0
Standing_Ahmed_2_20sek_20260202_102535.parquet,Sit-Stand,Non-Fall,0.0,0,0
Standing_Ahmed_2_20sek_20260202_102535.parquet,Sit-Stand,Non-Fall,0.0,0,0
Standing_Ahmed_2_20sek_20260202_102535.parquet,Sit-Stand,Non-Fall,0.0,0,0
Standing_Ahmed_2_20sek_20260202_102535.parquet,Sit-Stand,Non-Fall,0.0,0,0
Standing_Ahmed_2_20sek_20260202_102535.parquet,Sit-Stand,Non-Fall,0.0,0,0
Standing_Ahmed_2_20sek_20260202_102535.parquet,Sit-Stand,Non-Fall,0.0,0,0
Standing_Ahmed_2_20sek_20260202_102535.parquet,Sit-Stand,Non-Fall,0.0,0,0
Standing_Ahmed_2_20sek_20260202_102535.parquet,Sit-Stand,Non-Fall,0.0,0,0
Standing_Ahmed_2_20sek_20260202_102535.parquet,Sit-Stand,Non-Fall,0.0,0,0
Standing_Ahmed_2_20sek_20260202_102535.parquet,Sit-Stand,Non-Fall,0.0,0,0
Standing_Ahmed_3_20sek_20260202_102602.parquet,Sit-Stand,Non-Fall,0.0,0,0
Standing_Ahmed_3_20sek_20260202_102602.parquet,Sit-Stand,Non-Fall,0.0,0,0
Standing_Ahmed_3_20sek_20260202_102602.parquet,Sit-Stand,Non-Fall,0.0,0,0
Standing_Ahmed_3_20sek_20260202_102602.parquet,Sit-Stand,Non-Fall,0.0,0,0
Standing_Ahmed_3_20sek_20260202_102602.parquet,Sit-Stand,Non-Fall,0.0,0,0
Standing_Ahmed_3_20sek_20260202_102602.parquet,Sit-Stand,Non-Fall,0.0,0,0
Standing_Ahmed_3_20sek_20260202_102602.parquet,Sit-Stand,Non-Fall,0.0,0,0
Standing_Ahmed_3_20sek_20260202_102602.parquet,Sit-Stand,Non-Fall,0.0,0,0
Standing_Ahmed_3_20sek_20260202_102602.parquet,Sit-Stand,Non-Fall,0.0,0,0
Standing_Ahmed_3_20sek_20260202_102602.parquet,Sit-Stand,Non-Fall,0.0,0,0
Standing_Ahmed_3_20sek_20260202_102602.parquet,Sit-Stand,Non-Fall,0.0,0,0
Standing_Chrysi_1_20sek_20260202_103532.parquet,Sit-Stand,Non-Fall,0.0,0,0
Standing_Chrysi_1_20sek_20260202_103532.parquet,Sit-Stand,Non-Fall,0.0,0,0
Standing_Chrysi_1_20sek_20260202_103532.parquet,Sit-Stand,Non-Fall,0.0,0,0
Standing_Chrysi_1_20sek_20260202_103532.parquet,Sit-Stand,Non-Fall,0.0,0,0
Standing_Chrysi_1_20sek_20260202_103532.parquet,Sit-Stand,Non-Fall,0.0,0,0
Standing_Chrysi_1_20sek_20260202_103532.parquet,Sit-Stand,Non-Fall,0.0,0,0
Standing_Chrysi_1_20sek_20260202_103532.parquet,Sit-Stand,Non-Fall,0.0,0,0
Standing_Chrysi_1_20sek_20260202_103532.parquet,Sit-Stand,Non-Fall,0.0,0,0
Standing_Chrysi_1_20sek_20260202_103532.parquet,Sit-Stand,Non-Fall,0.0,0,0
Standing_Chrysi_1_20sek_20260202_103532.parquet,Sit-Stand,Non-Fall,0.0,0,0
Standing_Chrysi_1_20sek_20260202_103532.parquet,Sit-Stand,Non-Fall,0.0,0,0
Standing_Chrysi_1_20sek_20260202_103532.parquet,Sit-Stand,Non-Fall,0.01,0,0
Standing_Chrysi_1_20sek_20260202_103532.parquet,Sit-Stand,Non-Fall,0.0,0,0
Standing_Chrysi_1_20sek_20260202_103532.parquet,Sit-Stand,Non-Fall,0.0,0,0
Standing_Chrysi_1_20sek_20260202_103532.parquet,Sit-Stand,Non-Fall,0.0,0,0
Standing_Chrysi_1_20sek_20260202_103532.parquet,Sit-Stand,Non-Fall,0.0,0,0
Standing_Chrysi_2_20sek_20260202_103607.parquet,Sit-Stand,Non-Fall,0.0,0,0
Standing_Chrysi_2_20sek_20260202_103607.parquet,Sit-Stand,Non-Fall,0.0,0,0
Standing_Chrysi_2_20sek_20260202_103607.parquet,Sit-Stand,Non-Fall,0.0,0,0
Standing_Chrysi_2_20sek_20260202_103607.parquet,Sit-Stand,Non-Fall,0.0,0,0
Standing_Chrysi_2_20sek_20260202_103607.parquet,Sit-Stand,Non-Fall,0.0,0,0
Standing_Chrysi_2_20sek_20260202_103607.parquet,Sit-Stand,Non-Fall,0.0,0,0
Standing_Chrysi_2_20sek_20260202_103607.parquet,Sit-Stand,Non-Fall,0.0,0,0
Standing_Chrysi_2_20sek_20260202_103607.parquet,Sit-Stand,Non-Fall,0.0,0,0
Standing_Chrysi_2_20sek_20260202_103607.parquet,Sit-Stand,Non-Fall,0.0,0,0
Standing_Chrysi_2_20sek_20260202_103607.parquet,Sit-Stand,Non-Fall,0.0,0,0
Standing_Chrysi_2_20sek_20260202_103607.parquet,Sit-Stand,Non-Fall,0.0,0,0
Standing_Chrysi_2_20sek_20260202_103607.parquet,Sit-Stand,Non-Fall,0.04,0,0
Standing_Chrysi_2_20sek_20260202_103607.parquet,Sit-Stand,Non-Fall,0.02,0,0
Standing_Chrysi_2_20sek_20260202_103607.parquet,Sit-Stand,Non-Fall,0.03,0,0
Standing_Chrysi_2_20sek_20260202_103607.parquet,Sit-Stand,Non-Fall,0.01,0,0
Standing_Chrysi_2_20sek_20260202_103607.parquet,Sit-Stand,Non-Fall,0.0,0,0
Standing_Chrysi_2_20sek_20260202_103607.parquet,Sit-Stand,Non-Fall,0.0,0,0
Standing_Chrysi_2_20sek_20260202_103607.parquet,Sit-Stand,Non-Fall,0.0,0,0
Standing_Chrysi_2_20sek_20260202_103607.parquet,Sit-Stand,Non-Fall,0.0,0,0
Standing_Chrysi_2_20sek_20260202_103607.parquet,Sit-Stand,Non-Fall,0.0,0,0
Standing_Chrysi_2_20sek_20260202_103607.parquet,Sit-Stand,Non-Fall,0.0,0,0
Standing_Chrysi_2_20sek_20260202_103607.parquet,Sit-Stand,Non-Fall,0.0,0,0
Standing_Chrysi_2_20sek_20260202_103607.parquet,Sit-Stand,Non-Fall,0.0,0,0
Standing_Chrysi_2_20sek_20260202_103607.parquet,Sit-Stand,Non-Fall,0.0,0,0
Standing_Chrysi_2_20sek_20260202_103607.parquet,Sit-Stand,Non-Fall,0.0,0,0
Standing_Chrysi_2_20sek_20260202_103607.parquet,Sit-Stand,Non-Fall,0.01,0,0
Standing_Chrysi_2_20sek_20260202_103607.parquet,Sit-Stand,Non-Fall,0.0,0,0
Standing_Chrysi_2_20sek_20260202_103607.parquet,Sit-Stand,Non-Fall,0.01,0,0
Standing_Chrysi_2_20sek_20260202_103607.parquet,Sit-Stand,Non-Fall,0.0,0,0
Standing_Chrysi_2_20sek_20260202_103607.parquet,Sit-Stand,Non-Fall,0.0,0,0
Standing_Chrysi_2_20sek_20260202_103607.parquet,Sit-Stand,Non-Fall,0.0,0,0
Standing_Chrysi_2_20sek_20260202_103607.parquet,Sit-Stand,Non-Fall,0.0,0,0
Standing_Chrysi_3_20sek_20260202_103636.parquet,Sit-Stand,Non-Fall,0.0,0,0
Standing_Chrysi_3_20sek_20260202_103636.parquet,Sit-Stand,Non-Fall,0.05,0,0
Standing_Chrysi_3_20sek_20260202_103636.parquet,Sit-Stand,Non-Fall,0.13,0,0
Standing_Chrysi_3_20sek_20260202_103636.parquet,Sit-Stand,Non-Fall,0.1,0,0
Standing_Chrysi_3_20sek_20260202_103636.parquet,Sit-Stand,Non-Fall,0.01,0,0
Standing_Chrysi_3_20sek_20260202_103636.parquet,Sit-Stand,Non-Fall,0.0,0,0
Standing_Chrysi_3_20sek_20260202_103636.parquet,Sit-Stand,Non-Fall,0.0,0,0
Standing_Chrysi_3_20sek_20260202_103636.parquet,Sit-Stand,Non-Fall,0.0,0,0
Standing_Chrysi_3_20sek_20260202_103636.parquet,Sit-Stand,Non-Fall,0.01,0,0
Standing_Chrysi_3_20sek_20260202_103636.parquet,Sit-Stand,Non-Fall,0.02,0,0
Standing_Chrysi_3_20sek_20260202_103636.parquet,Sit-Stand,Non-Fall,0.01,0,0
Standing_Chrysi_3_20sek_20260202_103636.parquet,Sit-Stand,Non-Fall,0.0,0,0
Standing_Chrysi_3_20sek_20260202_103636.parquet,Sit-Stand,Non-Fall,0.0,0,0
Standing_Chrysi_3_20sek_20260202_103636.parquet,Sit-Stand,Non-Fall,0.05,0,0
Standing_Chrysi_3_20sek_20260202_103636.parquet,Sit-Stand,Non-Fall,0.0,0,0
Standing_Chrysi_3_20sek_20260202_103636.parquet,Sit-Stand,Non-Fall,0.0,0,0
Standing_Chrysi_3_20sek_20260202_103636.parquet,Sit-Stand,Non-Fall,0.0,0,0
Standing_Chrysi_3_20sek_20260202_103636.parquet,Sit-Stand,Non-Fall,0.0,0,0
Standing_Chrysi_3_20sek_20260202_103636.parquet,Sit-Stand,Non-Fall,0.02,0,0
Standing_Chrysi_3_20sek_20260202_103636.parquet,Sit-Stand,Non-Fall,0.0,0,0
Standing_Chrysi_3_20sek_20260202_103636.parquet,Sit-Stand,Non-Fall,0.01,0,0
Standing_Chrysi_3_20sek_20260202_103636.parquet,Sit-Stand,Non-Fall,0.0,0,0
Standing_Chrysi_3_20sek_20260202_103636.parquet,Sit-Stand,Non-Fall,0.0,0,0
Standing_Chrysi_3_20sek_20260202_103636.parquet,Sit-Stand,Non-Fall,0.0,0,0
Standing_Chrysi_3_20sek_20260202_103636.parquet,Sit-Stand,Non-Fall,0.0,0,0
Standing_Chrysi_3_20sek_20260202_103636.parquet,Sit-Stand,Non-Fall,0.0,0,0
Standing_Chrysi_3_20sek_20260202_103636.parquet,Sit-Stand,Non-Fall,0.0,0,0
Standing_Chrysi_3_20sek_20260202_103636.parquet,Sit-Stand,Non-Fall,0.0,0,0
Standing_Chrysi_3_20sek_20260202_103636.parquet,Sit-Stand,Non-Fall,0.0,0,0
Standing_Chrysi_3_20sek_20260202_103636.parquet,Sit-Stand,Non-Fall,0.0,0,0
Standing_Chrysi_3_20sek_20260202_103636.parquet,Sit-Stand,Non-Fall,0.0,0,0
Standing_Edith_1_35sek_20260202_105305.parquet,Sit-Stand,Non-Fall,0.0,0,0
Standing_Edith_1_35sek_20260202_105305.parquet,Sit-Stand,Non-Fall,0.0,0,0
Standing_Edith_1_35sek_20260202_105305.parquet,Sit-Stand,Non-Fall,0.0,0,0
Standing_Edith_1_35sek_20260202_105305.parquet,Sit-Stand,Non-Fall,0.0,0,0
Standing_Edith_1_35sek_20260202_105305.parquet,Sit-Stand,Non-Fall,0.0,0,0
Standing_Edith_1_35sek_20260202_105305.parquet,Sit-Stand,Non-Fall,0.0,0,0
Standing_Edith_1_35sek_20260202_105305.parquet,Sit-Stand,Non-Fall,0.0,0,0
Standing_Edith_1_35sek_20260202_105305.parquet,Sit-Stand,Non-Fall,0.0,0,0
Standing_Edith_1_35sek_20260202_105305.parquet,Sit-Stand,Non-Fall,0.0,0,0
Standing_Edith_1_35sek_20260202_105305.parquet,Sit-Stand,Non-Fall,0.0,0,0
Standing_Edith_1_35sek_20260202_105305.parquet,Sit-Stand,Non-Fall,0.0,0,0
Standing_Edith_1_35sek_20260202_105305.parquet,Sit-Stand,Non-Fall,0.0,0,0
Standing_Edith_1_35sek_20260202_105305.parquet,Sit-Stand,Non-Fall,0.0,0,0
Standing_Edith_1_35sek_20260202_105305.parquet,Sit-Stand,Non-Fall,0.0,0,0
Standing_Edith_1_35sek_20260202_105305.parquet,Sit-Stand,Non-Fall,0.0,0,0
Standing_Edith_1_35sek_20260202_105305.parquet,Sit-Stand,Non-Fall,0.0,0,0
Standing_Edith_1_35sek_20260202_105305.parquet,Sit-Stand,Non-Fall,0.0,0,0
Standing_Edith_1_35sek_20260202_105305.parquet,Sit-Stand,Non-Fall,0.0,0,0
Standing_Edith_1_35sek_20260202_105305.parquet,Sit-Stand,Non-Fall,0.0,0,0
Standing_Edith_1_35sek_20260202_105305.parquet,Sit-Stand,Non-Fall,0.0,0,0
Standing_Edith_1_35sek_20260202_105305.parquet,Sit-Stand,Non-Fall,0.0,0,0
Standing_Edith_1_35sek_20260202_105305.parquet,Sit-Stand,Non-Fall,0.0,0,0
Standing_Edith_1_35sek_20260202_105305.parquet,Sit-Stand,Non-Fall,0.0,0,0
Standing_Edith_1_35sek_20260202_105305.parquet,Sit-Stand,Non-Fall,0.0,0,0
Standing_Edith_1_35sek_20260202_105305.parquet,Sit-Stand,Non-Fall,0.0,0,0
Standing_Edith_1_35sek_20260202_105305.parquet,Sit-Stand,Non-Fall,0.0,0,0
Standing_Edith_1_35sek_20260202_105305.parquet,Sit-Stand,Non-Fall,0.0,0,0
Standing_Edith_1_35sek_20260202_105305.parquet,Sit-Stand,Non-Fall,0.0,0,0
Standing_Edith_1_35sek_20260202_105305.parquet,Sit-Stand,Non-Fall,0.0,0,0
Standing_Edith_1_35sek_20260202_105305.parquet,Sit-Stand,Non-Fall,0.0,0,0
Standing_Edith_1_35sek_20260202_105305.parquet,Sit-Stand,Non-Fall,0.0,0,0
Standing_Edith_1_35sek_20260202_105305.parquet,Sit-Stand,Non-Fall,0.0,0,0
Standing_Edith_1_35sek_20260202_105305.parquet,Sit-Stand,Non-Fall,0.0,0,0
Standing_Edith_1_35sek_20260202_105305.parquet,Sit-Stand,Non-Fall,0.0,0,0
Standing_Edith_1_35sek_20260202_105305.parquet,Sit-Stand,Non-Fall,0.0,0,0
Standing_Edith_1_35sek_20260202_105305.parquet,Sit-Stand,Non-Fall,0.0,0,0
Standing_Edith_1_35sek_20260202_105305.parquet,Sit-Stand,Non-Fall,0.0,0,0
Standing_Edith_1_35sek_20260202_105305.parquet,Sit-Stand,Non-Fall,0.0,0,0
Standing_Edith_1_35sek_20260202_105305.parquet,Sit-Stand,Non-Fall,0.0,0,0
Standing_Edith_1_35sek_20260202_105305.parquet,Sit-Stand,Non-Fall,0.0,0,0
Standing_Edith_1_35sek_20260202_105305.parquet,Sit-Stand,Non-Fall,0.0,0,0
Standing_Edith_1_35sek_20260202_105305.parquet,Sit-Stand,Non-Fall,0.0,0,0
Standing_Edith_1_35sek_20260202_105305.parquet,Sit-Stand,Non-Fall,0.0,0,0
Standing_Edith_1_35sek_20260202_105305.parquet,Sit-Stand,Non-Fall,0.0,0,0
Standing_Edith_1_35sek_20260202_105305.parquet,Sit-Stand,Non-Fall,0.0,0,0
Standing_Edith_1_35sek_20260202_105305.parquet,Sit-Stand,Non-Fall,0.0,0,0
Standing_Edith_1_35sek_20260202_105305.parquet,Sit-Stand,Non-Fall,0.0,0,0
Standing_Edith_1_35sek_20260202_105305.parquet,Sit-Stand,Non-Fall,0.0,0,0
Standing_Edith_1_35sek_20260202_105305.parquet,Sit-Stand,Non-Fall,0.0,0,0
Standing_Edith_1_35sek_20260202_105305.parquet,Sit-Stand,Non-Fall,0.0,0,0
Standing_Edith_2_35sek_20260202_112321.parquet,Sit-Stand,Non-Fall,0.0,0,0
Standing_Edith_2_35sek_20260202_112321.parquet,Sit-Stand,Non-Fall,0.0,0,0
Standing_Edith_2_35sek_20260202_112321.parquet,Sit-Stand,Non-Fall,0.0,0,0
Standing_Edith_2_35sek_20260202_112321.parquet,Sit-Stand,Non-Fall,0.0,0,0
Standing_Edith_2_35sek_20260202_112321.parquet,Sit-Stand,Non-Fall,0.0,0,0
Standing_Edith_2_35sek_20260202_112321.parquet,Sit-Stand,Non-Fall,0.0,0,0
Standing_Edith_2_35sek_20260202_112321.parquet,Sit-Stand,Non-Fall,0.0,0,0
Standing_Edith_2_35sek_20260202_112321.parquet,Sit-Stand,Non-Fall,0.0,0,0
Standing_Edith_2_35sek_20260202_112321.parquet,Sit-Stand,Non-Fall,0.0,0,0
Standing_Edith_2_35sek_20260202_112321.parquet,Sit-Stand,Non-Fall,0.0,0,0
Standing_Edith_2_35sek_20260202_112321.parquet,Sit-Stand,Non-Fall,0.0,0,0
Standing_Edith_2_35sek_20260202_112321.parquet,Sit-Stand,Non-Fall,0.0,0,0
Standing_Edith_2_35sek_20260202_112321.parquet,Sit-Stand,Non-Fall,0.0,0,0
Standing_Edith_2_35sek_20260202_112321.parquet,Sit-Stand,Non-Fall,0.0,0,0
Standing_Edith_2_35sek_20260202_112321.parquet,Sit-Stand,Non-Fall,0.0,0,0
Standing_Edith_2_35sek_20260202_112321.parquet,Sit-Stand,Non-Fall,0.0,0,0
Standing_Edith_2_35sek_20260202_112321.parquet,Sit-Stand,Non-Fall,0.0,0,0
Standing_Edith_2_35sek_20260202_112321.parquet,Sit-Stand,Non-Fall,0.0,0,0
Standing_Edith_2_35sek_20260202_112321.parquet,Sit-Stand,Non-Fall,0.0,0,0
Standing_Edith_2_35sek_20260202_112321.parquet,Sit-Stand,Non-Fall,0.0,0,0
Standing_Edith_2_35sek_20260202_112321.parquet,Sit-Stand,Non-Fall,0.0,0,0
Standing_Edith_2_35sek_20260202_112321.parquet,Sit-Stand,Non-Fall,0.0,0,0
Standing_Edith_2_35sek_20260202_112321.parquet,Sit-Stand,Non-Fall,0.0,0,0
Standing_Edith_2_35sek_20260202_112321.parquet,Sit-Stand,Non-Fall,0.0,0,0
Standing_Edith_2_35sek_20260202_112321.parquet,Sit-Stand,Non-Fall,0.0,0,0
Standing_Edith_2_35sek_20260202_112321.parquet,Sit-Stand,Non-Fall,0.0,0,0
Standing_Edith_2_35sek_20260202_112321.parquet,Sit-Stand,Non-Fall,0.0,0,0
Standing_Edith_2_35sek_20260202_112321.parquet,Sit-Stand,Non-Fall,0.0,0,0
Standing_Edith_2_35sek_20260202_112321.parquet,Sit-Stand,Non-Fall,0.0,0,0
Standing_Edith_2_35sek_20260202_112321.parquet,Sit-Stand,Non-Fall,0.0,0,0
Standing_Edith_2_35sek_20260202_112321.parquet,Sit-Stand,Non-Fall,0.0,0,0
Standing_Edith_2_35sek_20260202_112321.parquet,Sit-Stand,Non-Fall,0.0,0,0
Standing_Edith_2_35sek_20260202_112321.parquet,Sit-Stand,Non-Fall,0.0,0,0
Standing_Edith_2_35sek_20260202_112321.parquet,Sit-Stand,Non-Fall,0.0,0,0
Standing_Edith_2_35sek_20260202_112321.parquet,Sit-Stand,Non-Fall,0.0,0,0
Standing_Edith_2_35sek_20260202_112321.parquet,Sit-Stand,Non-Fall,0.0,0,0
Standing_Edith_2_35sek_20260202_112321.parquet,Sit-Stand,Non-Fall,0.0,0,0
Standing_Edith_2_35sek_20260202_112321.parquet,Sit-Stand,Non-Fall,0.0,0,0
Standing_Edith_2_35sek_20260202_112321.parquet,Sit-Stand,Non-Fall,0.0,0,0
Standing_Edith_2_35sek_20260202_112321.parquet,Sit-Stand,Non-Fall,0.0,0,0
Standing_Edith_2_35sek_20260202_112321.parquet,Sit-Stand,Non-Fall,0.0,0,0
Standing_Edith_2_35sek_20260202_112321.parquet,Sit-Stand,Non-Fall,0.0,0,0
Standing_Edith_2_35sek_20260202_112321.parquet,Sit-Stand,Non-Fall,0.0,0,0
Standing_Edith_2_35sek_20260202_112321.parquet,Sit-Stand,Non-Fall,0.0,0,0
Standing_Edith_2_35sek_20260202_112321.parquet,Sit-Stand,Non-Fall,0.0,0,0
Standing_Edith_2_35sek_20260202_112321.parquet,Sit-Stand,Non-Fall,0.0,0,0
Standing_Edith_2_35sek_20260202_112321.parquet,Sit-Stand,Non-Fall,0.0,0,0
Standing_Edith_2_35sek_20260202_112321.parquet,Sit-Stand,Non-Fall,0.0,0,0
Standing_Edith_2_35sek_20260202_112321.parquet,Sit-Stand,Non-Fall,0.0,0,0
Standing_Edith_2_35sek_20260202_112321.parquet,Sit-Stand,Non-Fall,0.0,0,0
Standing_Edith_2_35sek_20260202_112321.parquet,Sit-Stand,Non-Fall,0.0,0,0
Standing_Edith_2_35sek_20260202_112321.parquet,Sit-Stand,Non-Fall,0.0,0,0
Standing_Edith_3_35sek_20260202_112408.parquet,Sit-Stand,Non-Fall,0.0,0,0
Standing_Edith_3_35sek_20260202_112408.parquet,Sit-Stand,Non-Fall,0.0,0,0
Standing_Edith_3_35sek_20260202_112408.parquet,Sit-Stand,Non-Fall,0.0,0,0
Standing_Edith_3_35sek_20260202_112408.parquet,Sit-Stand,Non-Fall,0.0,0,0
Standing_Edith_3_35sek_20260202_112408.parquet,Sit-Stand,Non-Fall,0.0,0,0
Standing_Edith_3_35sek_20260202_112408.parquet,Sit-Stand,Non-Fall,0.0,0,0
Standing_Edith_3_35sek_20260202_112408.parquet,Sit-Stand,Non-Fall,0.0,0,0
Standing_Edith_3_35sek_20260202_112408.parquet,Sit-Stand,Non-Fall,0.0,0,0
Standing_Edith_3_35sek_20260202_112408.parquet,Sit-Stand,Non-Fall,0.0,0,0
Standing_Edith_3_35sek_20260202_112408.parquet,Sit-Stand,Non-Fall,0.0,0,0
Standing_Edith_3_35sek_20260202_112408.parquet,Sit-Stand,Non-Fall,0.0,0,0
Standing_Edith_3_35sek_20260202_112408.parquet,Sit-Stand,Non-Fall,0.0,0,0
Standing_Edith_3_35sek_20260202_112408.parquet,Sit-Stand,Non-Fall,0.0,0,0
Standing_Edith_3_35sek_20260202_112408.parquet,Sit-Stand,Non-Fall,0.0,0,0
Standing_Edith_3_35sek_20260202_112408.parquet,Sit-Stand,Non-Fall,0.0,0,0
Standing_Edith_3_35sek_20260202_112408.parquet,Sit-Stand,Non-Fall,0.0,0,0
Standing_Edith_3_35sek_20260202_112408.parquet,Sit-Stand,Non-Fall,0.0,0,0
Standing_Edith_3_35sek_20260202_112408.parquet,Sit-Stand,Non-Fall,0.0,0,0
Standing_Edith_3_35sek_20260202_112408.parquet,Sit-Stand,Non-Fall,0.0,0,0
Standing_Edith_3_35sek_20260202_112408.parquet,Sit-Stand,Non-Fall,0.0,0,0
Standing_Edith_3_35sek_20260202_112408.parquet,Sit-Stand,Non-Fall,0.0,0,0
Standing_Edith_3_35sek_20260202_112408.parquet,Sit-Stand,Non-Fall,0.0,0,0
Standing_Edith_3_35sek_20260202_112408.parquet,Sit-Stand,Non-Fall,0.0,0,0
Standing_Edith_3_35sek_20260202_112408.parquet,Sit-Stand,Non-Fall,0.0,0,0
Standing_Edith_3_35sek_20260202_112408.parquet,Sit-Stand,Non-Fall,0.0,0,0
Standing_Edith_3_35sek_20260202_112408.parquet,Sit-Stand,Non-Fall,0.0,0,0
Standing_Edith_3_35sek_20260202_112408.parquet,Sit-Stand,Non-Fall,0.0,0,0
Standing_Edith_3_35sek_20260202_112408.parquet,Sit-Stand,Non-Fall,0.0,0,0
Standing_Edith_3_35sek_20260202_112408.parquet,Sit-Stand,Non-Fall,0.0,0,0
Standing_Edith_3_35sek_20260202_112408.parquet,Sit-Stand,Non-Fall,0.0,0,0
Standing_Edith_3_35sek_20260202_112408.parquet,Sit-Stand,Non-Fall,0.0,0,0
Standing_Edith_3_35sek_20260202_112408.parquet,Sit-Stand,Non-Fall,0.0,0,0
Standing_Edith_3_35sek_20260202_112408.parquet,Sit-Stand,Non-Fall,0.0,0,0
Standing_Edith_3_35sek_20260202_112408.parquet,Sit-Stand,Non-Fall,0.0,0,0
Standing_Edith_3_35sek_20260202_112408.parquet,Sit-Stand,Non-Fall,0.0,0,0
Standing_Edith_3_35sek_20260202_112408.parquet,Sit-Stand,Non-Fall,0.0,0,0
Standing_Edith_3_35sek_20260202_112408.parquet,Sit-Stand,Non-Fall,0.0,0,0
Standing_Edith_3_35sek_20260202_112408.parquet,Sit-Stand,Non-Fall,0.0,0,0
Standing_Edith_3_35sek_20260202_112408.parquet,Sit-Stand,Non-Fall,0.0,0,0
Standing_Edith_3_35sek_20260202_112408.parquet,Sit-Stand,Non-Fall,0.0,0,0
Standing_Edith_3_35sek_20260202_112408.parquet,Sit-Stand,Non-Fall,0.0,0,0
Standing_Edith_3_35sek_20260202_112408.parquet,Sit-Stand,Non-Fall,0.0,0,0
Standing_Edith_3_35sek_20260202_112408.parquet,Sit-Stand,Non-Fall,0.0,0,0
Standing_Edith_3_35sek_20260202_112408.parquet,Sit-Stand,Non-Fall,0.0,0,0
Standing_Edith_3_35sek_20260202_112408.parquet,Sit-Stand,Non-Fall,0.0,0,0
Standing_Edith_3_35sek_20260202_112408.parquet,Sit-Stand,Non-Fall,0.0,0,0
Standing_Edith_3_35sek_20260202_112408.parquet,Sit-Stand,Non-Fall,0.0,0,0
Standing_Edith_3_35sek_20260202_112408.parquet,Sit-Stand,Non-Fall,0.0,0,0
Standing_Edith_3_35sek_20260202_112408.parquet,Sit-Stand,Non-Fall,0.0,0,0
Standing_Edith_3_35sek_20260202_112408.parquet,Sit-Stand,Non-Fall,0.0,0,0
Standing_Edith_3_35sek_20260202_112408.parquet,Sit-Stand,Non-Fall,0.0,0,0
Standing_Xiaoye_1_1min_20260129_105129.parquet,Sit-Stand,Non-Fall,0.0,0,0
Standing_Xiaoye_1_1min_20260129_105129.parquet,Sit-Stand,Non-Fall,0.0,0,0
Standing_Xiaoye_1_1min_20260129_105129.parquet,Sit-Stand,Non-Fall,0.0,0,0
Standing_Xiaoye_1_1min_20260129_105129.parquet,Sit-Stand,Non-Fall,0.0,0,0
Standing_Xiaoye_1_1min_20260129_105129.parquet,Sit-Stand,Non-Fall,0.0,0,0
Standing_Xiaoye_1_1min_20260129_105129.parquet,Sit-Stand,Non-Fall,0.0,0,0
Standing_Xiaoye_1_1min_20260129_105129.parquet,Sit-Stand,Non-Fall,0.0,0,0
Standing_Xiaoye_1_1min_20260129_105129.parquet,Sit-Stand,Non-Fall,0.0,0,0
Standing_Xiaoye_1_1min_20260129_105129.parquet,Sit-Stand,Non-Fall,0.0,0,0
Standing_Xiaoye_1_1min_20260129_105129.parquet,Sit-Stand,Non-Fall,0.0,0,0
Standing_Xiaoye_1_1min_20260129_105129.parquet,Sit-Stand,Non-Fall,0.0,0,0
Standing_Xiaoye_1_1min_20260129_105129.parquet,Sit-Stand,Non-Fall,0.0,0,0
Standing_Xiaoye_1_1min_20260129_105129.parquet,Sit-Stand,Non-Fall,0.0,0,0
Standing_Xiaoye_1_1min_20260129_105129.parquet,Sit-Stand,Non-Fall,0.0,0,0
Standing_Xiaoye_1_1min_20260129_105129.parquet,Sit-Stand,Non-Fall,0.0,0,0
Standing_Xiaoye_1_1min_20260129_105129.parquet,Sit-Stand,Non-Fall,0.0,0,0
Standing_Xiaoye_1_1min_20260129_105129.parquet,Sit-Stand,Non-Fall,0.0,0,0
Standing_Xiaoye_1_1min_20260129_105129.parquet,Sit-Stand,Non-Fall,0.0,0,0
Standing_Xiaoye_1_1min_20260129_105129.parquet,Sit-Stand,Non-Fall,0.0,0,0
Standing_Xiaoye_1_1min_20260129_105129.parquet,Sit-Stand,Non-Fall,0.0,0,0
Standing_Xiaoye_1_1min_20260129_105129.parquet,Sit-Stand,Non-Fall,0.0,0,0
Standing_Xiaoye_1_1min_20260129_105129.parquet,Sit-Stand,Non-Fall,0.0,0,0
Standing_Xiaoye_1_1min_20260129_105129.parquet,Sit-Stand,Non-Fall,0.0,0,0
Standing_Xiaoye_1_1min_20260129_105129.parquet,Sit-Stand,Non-Fall,0.0,0,0
Standing_Xiaoye_1_1min_20260129_105129.parquet,Sit-Stand,Non-Fall,0.0,0,0
Standing_Xiaoye_1_1min_20260129_105129.parquet,Sit-Stand,Non-Fall,0.0,0,0
Standing_Xiaoye_1_1min_20260129_105129.parquet,Sit-Stand,Non-Fall,0.0,0,0
Standing_Xiaoye_1_1min_20260129_105129.parquet,Sit-Stand,Non-Fall,0.0,0,0
Standing_Xiaoye_1_1min_20260129_105129.parquet,Sit-Stand,Non-Fall,0.0,0,0
Standing_Xiaoye_1_1min_20260129_105129.parquet,Sit-Stand,Non-Fall,0.0,0,0
Standing_Xiaoye_1_1min_20260129_105129.parquet,Sit-Stand,Non-Fall,0.0,0,0
Standing_Xiaoye_1_1min_20260129_105129.parquet,Sit-Stand,Non-Fall,0.08,0,0
Standing_Xiaoye_1_1min_20260129_105129.parquet,Sit-Stand,Non-Fall,0.02,0,0
Standing_Xiaoye_1_1min_20260129_105129.parquet,Sit-Stand,Non-Fall,0.02,0,0
Standing_Xiaoye_1_1min_20260129_105129.parquet,Sit-Stand,Non-Fall,0.13,0,0
Standing_Xiaoye_1_1min_20260129_105129.parquet,Sit-Stand,Non-Fall,0.0,0,0
Standing_Xiaoye_1_1min_20260129_105129.parquet,Sit-Stand,Non-Fall,0.0,0,0
Standing_Xiaoye_1_1min_20260129_105129.parquet,Sit-Stand,Non-Fall,0.0,0,0
Standing_Xiaoye_1_1min_20260129_105129.parquet,Sit-Stand,Non-Fall,0.0,0,0
Standing_Xiaoye_1_1min_20260129_105129.parquet,Sit-Stand,Non-Fall,0.0,0,0
Standing_Xiaoye_1_1min_20260129_105129.parquet,Sit-Stand,Non-Fall,0.0,0,0
Standing_Xiaoye_1_1min_20260129_105129.parquet,Sit-Stand,Non-Fall,0.0,0,0
Standing_Xiaoye_1_1min_20260129_105129.parquet,Sit-Stand,Non-Fall,0.0,0,0
Standing_Xiaoye_1_1min_20260129_105129.parquet,Sit-Stand,Non-Fall,0.0,0,0
Standing_Xiaoye_1_1min_20260129_105129.parquet,Sit-Stand,Non-Fall,0.0,0,0
Standing_Xiaoye_1_1min_20260129_105129.parquet,Sit-Stand,Non-Fall,0.0,0,0
Standing_Xiaoye_1_1min_20260129_105129.parquet,Sit-Stand,Non-Fall,0.0,0,0
Standing_Xiaoye_1_1min_20260129_105129.parquet,Sit-Stand,Non-Fall,0.0,0,0
Standing_Xiaoye_1_1min_20260129_105129.parquet,Sit-Stand,Non-Fall,0.0,0,0
Standing_Xiaoye_1_1min_20260129_105129.parquet,Sit-Stand,Non-Fall,0.0,0,0
Standing_Xiaoye_1_1min_20260129_105129.parquet,Sit-Stand,Non-Fall,0.0,0,0
Standing_Xiaoye_1_1min_20260129_105129.parquet,Sit-Stand,Non-Fall,0.0,0,0
Standing_Xiaoye_1_1min_20260129_105129.parquet,Sit-Stand,Non-Fall,0.0,0,0
Standing_Xiaoye_1_1min_20260129_105129.parquet,Sit-Stand,Non-Fall,0.0,0,0
Standing_Xiaoye_1_1min_20260129_105129.parquet,Sit-Stand,Non-Fall,0.0,0,0
Standing_Xiaoye_1_1min_20260129_105129.parquet,Sit-Stand,Non-Fall,0.0,0,0
Standing_Xiaoye_1_1min_20260129_105129.parquet,Sit-Stand,Non-Fall,0.0,0,0
Standing_Xiaoye_1_1min_20260129_105129.parquet,Sit-Stand,Non-Fall,0.01,0,0
Standing_Xiaoye_1_1min_20260129_105129.parquet,Sit-Stand,Non-Fall,0.01,0,0
Standing_Xiaoye_1_1min_20260129_105129.parquet,Sit-Stand,Non-Fall,0.02,0,0
Standing_Xiaoye_1_1min_20260129_105129.parquet,Sit-Stand,Non-Fall,0.0,0,0
Standing_Xiaoye_1_1min_20260129_105129.parquet,Sit-Stand,Non-Fall,0.0,0,0
Standing_Xiaoye_1_1min_20260129_105129.parquet,Sit-Stand,Non-Fall,0.0,0,0
Standing_Xiaoye_1_1min_20260129_105129.parquet,Sit-Stand,Non-Fall,0.0,0,0
Standing_Xiaoye_1_1min_20260129_105129.parquet,Sit-Stand,Non-Fall,0.0,0,0
Standing_Xiaoye_1_1min_20260129_105129.parquet,Sit-Stand,Non-Fall,0.0,0,0
Standing_Xiaoye_1_1min_20260129_105129.parquet,Sit-Stand,Non-Fall,0.0,0,0
Standing_Xiaoye_1_1min_20260129_105129.parquet,Sit-Stand,Non-Fall,0.0,0,0
Standing_Xiaoye_1_1min_20260129_105129.parquet,Sit-Stand,Non-Fall,0.0,0,0
Standing_Xiaoye_1_1min_20260129_105129.parquet,Sit-Stand,Non-Fall,0.0,0,0
Standing_Xiaoye_1_1min_20260129_105129.parquet,Sit-Stand,Non-Fall,0.0,0,0
Standing_Xiaoye_1_1min_20260129_105129.parquet,Sit-Stand,Non-Fall,0.0,0,0
Standing_Xiaoye_1_1min_20260129_105129.parquet,Sit-Stand,Non-Fall,0.0,0,0
Standing_Xiaoye_1_1min_20260129_105129.parquet,Sit-Stand,Non-Fall,0.0,0,0
Standing_Xiaoye_1_1min_20260129_105129.parquet,Sit-Stand,Non-Fall,0.0,0,0
Standing_Xiaoye_1_1min_20260129_105129.parquet,Sit-Stand,Non-Fall,0.0,0,0
Standing_Xiaoye_1_1min_20260129_105129.parquet,Sit-Stand,Non-Fall,0.0,0,0
Standing_Xiaoye_1_1min_20260129_105129.parquet,Sit-Stand,Non-Fall,0.0,0,0
Standing_Xiaoye_1_20sek_20260202_095036.parquet,Sit-Stand,Non-Fall,0.0,0,0
Standing_Xiaoye_1_20sek_20260202_095036.parquet,Sit-Stand,Non-Fall,0.0,0,0
Standing_Xiaoye_1_20sek_20260202_095036.parquet,Sit-Stand,Non-Fall,0.0,0,0
Standing_Xiaoye_1_20sek_20260202_095036.parquet,Sit-Stand,Non-Fall,0.0,0,0
Standing_Xiaoye_1_20sek_20260202_095036.parquet,Sit-Stand,Non-Fall,0.0,0,0
Standing_Xiaoye_1_20sek_20260202_095036.parquet,Sit-Stand,Non-Fall,0.0,0,0
Standing_Xiaoye_1_20sek_20260202_095036.parquet,Sit-Stand,Non-Fall,0.0,0,0
Standing_Xiaoye_1_20sek_20260202_095036.parquet,Sit-Stand,Non-Fall,0.0,0,0
Standing_Xiaoye_1_20sek_20260202_095036.parquet,Sit-Stand,Non-Fall,0.0,0,0
Standing_Xiaoye_1_2min_20260129_105252.parquet,Sit-Stand,Non-Fall,0.01,0,0
Standing_Xiaoye_1_2min_20260129_105252.parquet,Sit-Stand,Non-Fall,0.08,0,0
Standing_Xiaoye_1_2min_20260129_105252.parquet,Sit-Stand,Non-Fall,0.0,0,0
Standing_Xiaoye_1_2min_20260129_105252.parquet,Sit-Stand,Non-Fall,0.0,0,0
Standing_Xiaoye_1_2min_20260129_105252.parquet,Sit-Stand,Non-Fall,0.0,0,0
Standing_Xiaoye_1_2min_20260129_105252.parquet,Sit-Stand,Non-Fall,0.0,0,0
Standing_Xiaoye_1_2min_20260129_105252.parquet,Sit-Stand,Non-Fall,0.0,0,0
Standing_Xiaoye_1_2min_20260129_105252.parquet,Sit-Stand,Non-Fall,0.0,0,0
Standing_Xiaoye_1_2min_20260129_105252.parquet,Sit-Stand,Non-Fall,0.0,0,0
Standing_Xiaoye_1_2min_20260129_105252.parquet,Sit-Stand,Non-Fall,0.0,0,0
Standing_Xiaoye_1_2min_20260129_105252.parquet,Sit-Stand,Non-Fall,0.0,0,0
Standing_Xiaoye_1_2min_20260129_105252.parquet,Sit-Stand,Non-Fall,0.0,0,0
Standing_Xiaoye_1_2min_20260129_105252.parquet,Sit-Stand,Non-Fall,0.0,0,0
Standing_Xiaoye_1_2min_20260129_105252.parquet,Sit-Stand,Non-Fall,0.0,0,0
Standing_Xiaoye_1_2min_20260129_105252.parquet,Sit-Stand,Non-Fall,0.0,0,0
Standing_Xiaoye_1_2min_20260129_105252.parquet,Sit-Stand,Non-Fall,0.03,0,0
Standing_Xiaoye_1_2min_20260129_105252.parquet,Sit-Stand,Non-Fall,0.04,0,0
Standing_Xiaoye_1_2min_20260129_105252.parquet,Sit-Stand,Non-Fall,0.0,0,0
Standing_Xiaoye_1_2min_20260129_105252.parquet,Sit-Stand,Non-Fall,0.0,0,0
Standing_Xiaoye_1_2min_20260129_105252.parquet,Sit-Stand,Non-Fall,0.0,0,0
Standing_Xiaoye_1_2min_20260129_105252.parquet,Sit-Stand,Non-Fall,0.0,0,0
Standing_Xiaoye_1_2min_20260129_105252.parquet,Sit-Stand,Non-Fall,0.0,0,0
Standing_Xiaoye_1_2min_20260129_105252.parquet,Sit-Stand,Non-Fall,0.0,0,0
Standing_Xiaoye_1_2min_20260129_105252.parquet,Sit-Stand,Non-Fall,0.0,0,0
Standing_Xiaoye_1_2min_20260129_105252.parquet,Sit-Stand,Non-Fall,0.0,0,0
Standing_Xiaoye_1_2min_20260129_105252.parquet,Sit-Stand,Non-Fall,0.0,0,0
Standing_Xiaoye_1_2min_20260129_105252.parquet,Sit-Stand,Non-Fall,0.0,0,0
Standing_Xiaoye_1_2min_20260129_105252.parquet,Sit-Stand,Non-Fall,0.0,0,0
Standing_Xiaoye_1_2min_20260129_105252.parquet,Sit-Stand,Non-Fall,0.0,0,0
Standing_Xiaoye_1_2min_20260129_105252.parquet,Sit-Stand,Non-Fall,0.0,0,0
Standing_Xiaoye_1_2min_20260129_105252.parquet,Sit-Stand,Non-Fall,0.0,0,0
Standing_Xiaoye_1_2min_20260129_105252.parquet,Sit-Stand,Non-Fall,0.0,0,0
Standing_Xiaoye_1_2min_20260129_105252.parquet,Sit-Stand,Non-Fall,0.0,0,0
Standing_Xiaoye_1_2min_20260129_105252.parquet,Sit-Stand,Non-Fall,0.0,0,0
Standing_Xiaoye_1_2min_20260129_105252.parquet,Sit-Stand,Non-Fall,0.0,0,0
Standing_Xiaoye_1_2min_20260129_105252.parquet,Sit-Stand,Non-Fall,0.0,0,0
Standing_Xiaoye_1_2min_20260129_105252.parquet,Sit-Stand,Non-Fall,0.0,0,0
Standing_Xiaoye_1_2min_20260129_105252.parquet,Sit-Stand,Non-Fall,0.0,0,0
Standing_Xiaoye_1_2min_20260129_105252.parquet,Sit-Stand,Non-Fall,0.0,0,0
Standing_Xiaoye_1_2min_20260129_105252.parquet,Sit-Stand,Non-Fall,0.0,0,0
Standing_Xiaoye_1_2min_20260129_105252.parquet,Sit-Stand,Non-Fall,0.0,0,0
Standing_Xiaoye_1_2min_20260129_105252.parquet,Sit-Stand,Non-Fall,0.0,0,0
Standing_Xiaoye_1_2min_20260129_105252.parquet,Sit-Stand,Non-Fall,0.0,0,0
Standing_Xiaoye_1_2min_20260129_105252.parquet,Sit-Stand,Non-Fall,0.0,0,0
Standing_Xiaoye_1_2min_20260129_105252.parquet,Sit-Stand,Non-Fall,0.0,0,0
Standing_Xiaoye_1_2min_20260129_105252.parquet,Sit-Stand,Non-Fall,0.0,0,0
Standing_Xiaoye_1_2min_20260129_105252.parquet,Sit-Stand,Non-Fall,0.0,0,0
Standing_Xiaoye_1_2min_20260129_105252.parquet,Sit-Stand,Non-Fall,0.0,0,0
Standing_Xiaoye_1_2min_20260129_105252.parquet,Sit-Stand,Non-Fall,0.0,0,0
Standing_Xiaoye_1_2min_20260129_105252.parquet,Sit-Stand,Non-Fall,0.0,0,0
Standing_Xiaoye_1_2min_20260129_105252.parquet,Sit-Stand,Non-Fall,0.0,0,0
Standing_Xiaoye_1_2min_20260129_105252.parquet,Sit-Stand,Non-Fall,0.0,0,0
Standing_Xiaoye_1_2min_20260129_105252.parquet,Sit-Stand,Non-Fall,0.0,0,0
Standing_Xiaoye_1_2min_20260129_105252.parquet,Sit-Stand,Non-Fall,0.0,0,0
Standing_Xiaoye_1_2min_20260129_105252.parquet,Sit-Stand,Non-Fall,0.0,0,0
Standing_Xiaoye_1_2min_20260129_105252.parquet,Sit-Stand,Non-Fall,0.0,0,0
Standing_Xiaoye_1_2min_20260129_105252.parquet,Sit-Stand,Non-Fall,0.0,0,0
Standing_Xiaoye_1_2min_20260129_105252.parquet,Sit-Stand,Non-Fall,0.0,0,0
Standing_Xiaoye_1_2min_20260129_105252.parquet,Sit-Stand,Non-Fall,0.0,0,0
Standing_Xiaoye_1_2min_20260129_105252.parquet,Sit-Stand,Non-Fall,0.0,0,0
Standing_Xiaoye_1_2min_20260129_105252.parquet,Sit-Stand,Non-Fall,0.0,0,0
Standing_Xiaoye_1_2min_20260129_105252.parquet,Sit-Stand,Non-Fall,0.0,0,0
Standing_Xiaoye_1_2min_20260129_105252.parquet,Sit-Stand,Non-Fall,0.0,0,0
Standing_Xiaoye_1_2min_20260129_105252.parquet,Sit-Stand,Non-Fall,0.0,0,0
Standing_Xiaoye_1_2min_20260129_105252.parquet,Sit-Stand,Non-Fall,0.0,0,0
Standing_Xiaoye_1_2min_20260129_105252.parquet,Sit-Stand,Non-Fall,0.0,0,0
Standing_Xiaoye_1_2min_20260129_105252.parquet,Sit-Stand,Non-Fall,0.0,0,0
Standing_Xiaoye_1_2min_20260129_105252.parquet,Sit-Stand,Non-Fall,0.0,0,0
Standing_Xiaoye_1_2min_20260129_105252.parquet,Sit-Stand,Non-Fall,0.0,0,0
Standing_Xiaoye_1_2min_20260129_105252.parquet,Sit-Stand,Non-Fall,0.0,0,0
Standing_Xiaoye_1_2min_20260129_105252.parquet,Sit-Stand,Non-Fall,0.0,0,0
Standing_Xiaoye_1_2min_20260129_105252.parquet,Sit-Stand,Non-Fall,0.0,0,0
Standing_Xiaoye_1_2min_20260129_105252.parquet,Sit-Stand,Non-Fall,0.0,0,0
Standing_Xiaoye_1_2min_20260129_105252.parquet,Sit-Stand,Non-Fall,0.0,0,0
Standing_Xiaoye_1_2min_20260129_105252.parquet,Sit-Stand,Non-Fall,0.0,0,0
Standing_Xiaoye_1_2min_20260129_105252.parquet,Sit-Stand,Non-Fall,0.0,0,0
Standing_Xiaoye_1_2min_20260129_105252.parquet,Sit-Stand,Non-Fall,0.0,0,0
Standing_Xiaoye_1_2min_20260129_105252.parquet,Sit-Stand,Non-Fall,0.0,0,0
Standing_Xiaoye_1_2min_20260129_105252.parquet,Sit-Stand,Non-Fall,0.0,0,0
Standing_Xiaoye_1_2min_20260129_105252.parquet,Sit-Stand,Non-Fall,0.0,0,0
Standing_Xiaoye_1_2min_20260129_105252.parquet,Sit-Stand,Non-Fall,0.0,0,0
Standing_Xiaoye_1_2min_20260129_105252.parquet,Sit-Stand,Non-Fall,0.0,0,0
Standing_Xiaoye_1_2min_20260129_105252.parquet,Sit-Stand,Non-Fall,0.0,0,0
Standing_Xiaoye_1_2min_20260129_105252.parquet,Sit-Stand,Non-Fall,0.0,0,0
Standing_Xiaoye_1_2min_20260129_105252.parquet,Sit-Stand,Non-Fall,0.0,0,0
Standing_Xiaoye_1_2min_20260129_105252.parquet,Sit-Stand,Non-Fall,0.0,0,0
Standing_Xiaoye_1_2min_20260129_105252.parquet,Sit-Stand,Non-Fall,0.0,0,0
Standing_Xiaoye_1_2min_20260129_105252.parquet,Sit-Stand,Non-Fall,0.0,0,0
Standing_Xiaoye_1_2min_20260129_105252.parquet,Sit-Stand,Non-Fall,0.0,0,0
Standing_Xiaoye_1_2min_20260129_105252.parquet,Sit-Stand,Non-Fall,0.0,0,0
Standing_Xiaoye_1_2min_20260129_105252.parquet,Sit-Stand,Non-Fall,0.0,0,0
Standing_Xiaoye_1_2min_20260129_105252.parquet,Sit-Stand,Non-Fall,0.0,0,0
Standing_Xiaoye_1_2min_20260129_105252.parquet,Sit-Stand,Non-Fall,0.0,0,0
Standing_Xiaoye_1_2min_20260129_105252.parquet,Sit-Stand,Non-Fall,0.0,0,0
Standing_Xiaoye_1_2min_20260129_105252.parquet,Sit-Stand,Non-Fall,0.0,0,0
Standing_Xiaoye_1_2min_20260129_105252.parquet,Sit-Stand,Non-Fall,0.0,0,0
Standing_Xiaoye_1_2min_20260129_105252.parquet,Sit-Stand,Non-Fall,0.0,0,0
Standing_Xiaoye_1_2min_20260129_105252.parquet,Sit-Stand,Non-Fall,0.0,0,0
Standing_Xiaoye_1_2min_20260129_105252.parquet,Sit-Stand,Non-Fall,0.0,0,0
Standing_Xiaoye_1_2min_20260129_105252.parquet,Sit-Stand,Non-Fall,0.0,0,0
Standing_Xiaoye_1_2min_20260129_105252.parquet,Sit-Stand,Non-Fall,0.0,0,0
Standing_Xiaoye_1_2min_20260129_105252.parquet,Sit-Stand,Non-Fall,0.0,0,0
Standing_Xiaoye_1_2min_20260129_105252.parquet,Sit-Stand,Non-Fall,0.0,0,0
Standing_Xiaoye_1_2min_20260129_105252.parquet,Sit-Stand,Non-Fall,0.0,0,0
Standing_Xiaoye_1_2min_20260129_105252.parquet,Sit-Stand,Non-Fall,0.0,0,0
Standing_Xiaoye_1_2min_20260129_105252.parquet,Sit-Stand,Non-Fall,0.0,0,0
Standing_Xiaoye_1_2min_20260129_105252.parquet,Sit-Stand,Non-Fall,0.0,0,0
Standing_Xiaoye_1_2min_20260129_105252.parquet,Sit-Stand,Non-Fall,0.0,0,0
Standing_Xiaoye_1_2min_20260129_105252.parquet,Sit-Stand,Non-Fall,0.0,0,0
Standing_Xiaoye_1_2min_20260129_105252.parquet,Sit-Stand,Non-Fall,0.0,0,0
Standing_Xiaoye_1_2min_20260129_105252.parquet,Sit-Stand,Non-Fall,0.0,0,0
Standing_Xiaoye_1_2min_20260129_105252.parquet,Sit-Stand,Non-Fall,0.0,0,0
Standing_Xiaoye_1_2min_20260129_105252.parquet,Sit-Stand,Non-Fall,0.0,0,0
Standing_Xiaoye_1_2min_20260129_105252.parquet,Sit-Stand,Non-Fall,0.0,0,0
Standing_Xiaoye_1_2min_20260129_105252.parquet,Sit-Stand,Non-Fall,0.0,0,0
Standing_Xiaoye_1_2min_20260129_105252.parquet,Sit-Stand,Non-Fall,0.0,0,0
Standing_Xiaoye_1_2min_20260129_105252.parquet,Sit-Stand,Non-Fall,0.0,0,0
Standing_Xiaoye_1_2min_20260129_105252.parquet,Sit-Stand,Non-Fall,0.0,0,0
Standing_Xiaoye_1_2min_20260129_105252.parquet,Sit-Stand,Non-Fall,0.0,0,0
Standing_Xiaoye_1_2min_20260129_105252.parquet,Sit-Stand,Non-Fall,0.1,0,0
Standing_Xiaoye_1_2min_20260129_105252.parquet,Sit-Stand,Non-Fall,0.03,0,0
Standing_Xiaoye_1_2min_20260129_105252.parquet,Sit-Stand,Non-Fall,0.0,0,0
Standing_Xiaoye_1_2min_20260129_105252.parquet,Sit-Stand,Non-Fall,0.0,0,0
Standing_Xiaoye_1_2min_20260129_105252.parquet,Sit-Stand,Non-Fall,0.0,0,0
Standing_Xiaoye_1_2min_20260129_105252.parquet,Sit-Stand,Non-Fall,0.0,0,0
Standing_Xiaoye_1_2min_20260129_105252.parquet,Sit-Stand,Non-Fall,0.0,0,0
Standing_Xiaoye_1_2min_20260129_105252.parquet,Sit-Stand,Non-Fall,0.0,0,0
Standing_Xiaoye_1_2min_20260129_105252.parquet,Sit-Stand,Non-Fall,0.0,0,0
Standing_Xiaoye_1_2min_20260129_105252.parquet,Sit-Stand,Non-Fall,0.0,0,0
Standing_Xiaoye_1_2min_20260129_105252.parquet,Sit-Stand,Non-Fall,0.0,0,0
Standing_Xiaoye_1_2min_20260129_105252.parquet,Sit-Stand,Non-Fall,0.0,0,0
Standing_Xiaoye_1_2min_20260129_105252.parquet,Sit-Stand,Non-Fall,0.0,0,0
Standing_Xiaoye_1_2min_20260129_105252.parquet,Sit-Stand,Non-Fall,0.0,0,0
Standing_Xiaoye_1_2min_20260129_105252.parquet,Sit-Stand,Non-Fall,0.0,0,0
Standing_Xiaoye_1_2min_20260129_105252.parquet,Sit-Stand,Non-Fall,0.0,0,0
Standing_Xiaoye_1_2min_20260129_105252.parquet,Sit-Stand,Non-Fall,0.0,0,0
Standing_Xiaoye_1_2min_20260129_105252.parquet,Sit-Stand,Non-Fall,0.0,0,0
Standing_Xiaoye_1_2min_20260129_105252.parquet,Sit-Stand,Non-Fall,0.0,0,0
Standing_Xiaoye_1_2min_20260129_105252.parquet,Sit-Stand,Non-Fall,0.0,0,0
Standing_Xiaoye_1_2min_20260129_105252.parquet,Sit-Stand,Non-Fall,0.0,0,0
Standing_Xiaoye_1_2min_20260129_105252.parquet,Sit-Stand,Non-Fall,0.0,0,0
Standing_Xiaoye_1_2min_20260129_105252.parquet,Sit-Stand,Non-Fall,0.0,0,0
Standing_Xiaoye_1_2min_20260129_105252.parquet,Sit-Stand,Non-Fall,0.0,0,0
Standing_Xiaoye_1_2min_20260129_105252.parquet,Sit-Stand,Non-Fall,0.0,0,0
Standing_Xiaoye_1_2min_20260129_105252.parquet,Sit-Stand,Non-Fall,0.0,0,0
Standing_Xiaoye_1_2min_20260129_105252.parquet,Sit-Stand,Non-Fall,0.0,0,0
Standing_Xiaoye_1_2min_20260129_105252.parquet,Sit-Stand,Non-Fall,0.0,0,0
Standing_Xiaoye_1_2min_20260129_105252.parquet,Sit-Stand,Non-Fall,0.0,0,0
Standing_Xiaoye_1_2min_20260129_105252.parquet,Sit-Stand,Non-Fall,0.0,0,0
Standing_Xiaoye_1_2min_20260129_105252.parquet,Sit-Stand,Non-Fall,0.0,0,0
Standing_Xiaoye_1_2min_20260129_105252.parquet,Sit-Stand,Non-Fall,0.0,0,0
Standing_Xiaoye_1_2min_20260129_105252.parquet,Sit-Stand,Non-Fall,0.0,0,0
Standing_Xiaoye_1_2min_20260129_105252.parquet,Sit-Stand,Non-Fall,0.0,0,0
Standing_Xiaoye_1_2min_20260129_105252.parquet,Sit-Stand,Non-Fall,0.0,0,0
Standing_Xiaoye_1_2min_20260129_105252.parquet,Sit-Stand,Non-Fall,0.0,0,0
Standing_Xiaoye_1_2min_20260129_105252.parquet,Sit-Stand,Non-Fall,0.0,0,0
Standing_Xiaoye_1_2min_20260129_105252.parquet,Sit-Stand,Non-Fall,0.0,0,0
Standing_Xiaoye_1_2min_20260129_105252.parquet,Sit-Stand,Non-Fall,0.0,0,0
Standing_Xiaoye_1_2min_20260129_105252.parquet,Sit-Stand,Non-Fall,0.0,0,0
Standing_Xiaoye_1_2min_20260129_105252.parquet,Sit-Stand,Non-Fall,0.0,0,0
Standing_Xiaoye_1_2min_20260129_105252.parquet,Sit-Stand,Non-Fall,0.0,0,0
Standing_Xiaoye_1_2min_20260129_105252.parquet,Sit-Stand,Non-Fall,0.0,0,0
Standing_Xiaoye_1_2min_20260129_105252.parquet,Sit-Stand,Non-Fall,0.01,0,0
Standing_Xiaoye_1_2min_20260129_105252.parquet,Sit-Stand,Non-Fall,0.02,0,0
Standing_Xiaoye_1_2min_20260129_105252.parquet,Sit-Stand,Non-Fall,0.01,0,0
Standing_Xiaoye_1_2min_20260129_105252.parquet,Sit-Stand,Non-Fall,0.0,0,0
Standing_Xiaoye_1_2min_20260129_105252.parquet,Sit-Stand,Non-Fall,0.0,0,0
Standing_Xiaoye_1_2min_20260129_105252.parquet,Sit-Stand,Non-Fall,0.0,0,0
Standing_Xiaoye_1_2min_20260129_105252.parquet,Sit-Stand,Non-Fall,0.0,0,0
Standing_Xiaoye_1_2min_20260129_105252.parquet,Sit-Stand,Non-Fall,0.0,0,0
Standing_Xiaoye_1_2min_20260129_105252.parquet,Sit-Stand,Non-Fall,0.0,0,0
Standing_Xiaoye_1_2min_20260129_105252.parquet,Sit-Stand,Non-Fall,0.0,0,0
Standing_Xiaoye_1_2min_20260129_105252.parquet,Sit-Stand,Non-Fall,0.0,0,0
Standing_Xiaoye_1_2min_20260129_105252.parquet,Sit-Stand,Non-Fall,0.0,0,0
Standing_Xiaoye_1_2min_20260129_105252.parquet,Sit-Stand,Non-Fall,0.0,0,0
Standing_Xiaoye_1_2min_20260129_105252.parquet,Sit-Stand,Non-Fall,0.0,0,0
Standing_Xiaoye_1_2min_20260129_105252.parquet,Sit-Stand,Non-Fall,0.0,0,0
Standing_Xiaoye_1_2min_20260129_105252.parquet,Sit-Stand,Non-Fall,0.0,0,0
Standing_Xiaoye_1_2min_20260129_105252.parquet,Sit-Stand,Non-Fall,0.0,0,0
Standing_Xiaoye_1_2min_20260129_105252.parquet,Sit-Stand,Non-Fall,0.0,0,0
Standing_Xiaoye_1_2min_20260129_105252.parquet,Sit-Stand,Non-Fall,0.0,0,0
Standing_Xiaoye_1_2min_20260129_105252.parquet,Sit-Stand,Non-Fall,0.0,0,0
Standing_Xiaoye_1_2min_20260129_105252.parquet,Sit-Stand,Non-Fall,0.0,0,0
Standing_Xiaoye_1_2min_20260129_105252.parquet,Sit-Stand,Non-Fall,0.0,0,0
Standing_Xiaoye_1_2min_20260129_105252.parquet,Sit-Stand,Non-Fall,0.0,0,0
Standing_Xiaoye_1_2min_20260129_105252.parquet,Sit-Stand,Non-Fall,0.0,0,0
Standing_Xiaoye_1_2min_20260129_105252.parquet,Sit-Stand,Non-Fall,0.0,0,0
Standing_Xiaoye_1_2min_20260129_105252.parquet,Sit-Stand,Non-Fall,0.0,0,0
Standing_Xiaoye_1_2min_20260129_105252.parquet,Sit-Stand,Non-Fall,0.0,0,0
Standing_Xiaoye_1_2min_20260129_105252.parquet,Sit-Stand,Non-Fall,0.0,0,0
Standing_Xiaoye_1_2min_20260129_105252.parquet,Sit-Stand,Non-Fall,0.0,0,0
Standing_Xiaoye_1_2min_20260129_105252.parquet,Sit-Stand,Non-Fall,0.0,0,0
Standing_Xiaoye_1_2min_20260129_105252.parquet,Sit-Stand,Non-Fall,0.0,0,0
Standing_Xiaoye_1_2min_20260129_105252.parquet,Sit-Stand,Non-Fall,0.0,0,0
Standing_Xiaoye_1_2min_20260129_105252.parquet,Sit-Stand,Non-Fall,0.0,0,0
Standing_Xiaoye_1_2min_20260129_105252.parquet,Sit-Stand,Non-Fall,0.0,0,0
Standing_Xiaoye_1_2min_20260129_105252.parquet,Sit-Stand,Non-Fall,0.0,0,0
Standing_Xiaoye_1_2min_20260129_105252.parquet,Sit-Stand,Non-Fall,0.0,0,0
Standing_Xiaoye_1_2min_20260129_105252.parquet,Sit-Stand,Non-Fall,0.0,0,0
Standing_Xiaoye_1_2min_20260129_105252.parquet,Sit-Stand,Non-Fall,0.0,0,0
Standing_Xiaoye_1_2min_20260129_105252.parquet,Sit-Stand,Non-Fall,0.02,0,0
Standing_Xiaoye_1_2min_20260129_105252.parquet,Sit-Stand,Non-Fall,0.0,0,0
Standing_Xiaoye_1_2min_20260129_105252.parquet,Sit-Stand,Non-Fall,0.1,0,0
Standing_Xiaoye_1_2min_20260129_105252.parquet,Sit-Stand,Non-Fall,0.03,0,0
Standing_Xiaoye_1_2min_20260129_105252.parquet,Sit-Stand,Non-Fall,0.0,0,0
Standing_Xiaoye_1_2min_20260129_105252.parquet,Sit-Stand,Non-Fall,0.06,0,0
Standing_Xiaoye_1_2min_20260129_105252.parquet,Sit-Stand,Non-Fall,0.27,0,0
Standing_Xiaoye_1_2min_20260129_105252.parquet,Sit-Stand,Non-Fall,0.01,0,0
Standing_Xiaoye_1_2min_20260129_105252.parquet,Sit-Stand,Non-Fall,0.04,0,0
Standing_Xiaoye_1_2min_20260129_105252.parquet,Sit-Stand,Non-Fall,0.02,0,0
Standing_Xiaoye_1_2min_20260129_105252.parquet,Sit-Stand,Non-Fall,0.01,0,0
Standing_Xiaoye_1_2min_20260129_105252.parquet,Sit-Stand,Non-Fall,0.0,0,0
Standing_Xiaoye_1_2min_20260129_105252.parquet,Sit-Stand,Non-Fall,0.0,0,0
Standing_Xiaoye_1_2min_20260129_105252.parquet,Sit-Stand,Non-Fall,0.0,0,0
Standing_Xiaoye_1_2min_20260129_105252.parquet,Sit-Stand,Non-Fall,0.0,0,0
Standing_Xiaoye_1_2min_20260129_105252.parquet,Sit-Stand,Non-Fall,0.12,0,0
Standing_Xiaoye_1_2min_20260129_105252.parquet,Sit-Stand,Non-Fall,0.0,0,0
Standing_Xiaoye_1_2min_20260129_105252.parquet,Sit-Stand,Non-Fall,0.02,0,0
Standing_Xiaoye_1_2min_20260129_105252.parquet,Sit-Stand,Non-Fall,0.0,0,0
Standing_Xiaoye_1_35sek_20260202_162659.parquet,Sit-Stand,Non-Fall,0.0,0,0
Standing_Xiaoye_1_35sek_20260202_162659.parquet,Sit-Stand,Non-Fall,0.0,0,0
Standing_Xiaoye_1_35sek_20260202_162659.parquet,Sit-Stand,Non-Fall,0.0,0,0
Standing_Xiaoye_1_35sek_20260202_162659.parquet,Sit-Stand,Non-Fall,0.0,0,0
Standing_Xiaoye_1_35sek_20260202_162659.parquet,Sit-Stand,Non-Fall,0.0,0,0
Standing_Xiaoye_1_35sek_20260202_162659.parquet,Sit-Stand,Non-Fall,0.0,0,0
Standing_Xiaoye_1_35sek_20260202_162659.parquet,Sit-Stand,Non-Fall,0.0,0,0
Standing_Xiaoye_1_35sek_20260202_162659.parquet,Sit-Stand,Non-Fall,0.0,0,0
Standing_Xiaoye_1_35sek_20260202_162659.parquet,Sit-Stand,Non-Fall,0.0,0,0
Standing_Xiaoye_1_35sek_20260202_162659.parquet,Sit-Stand,Non-Fall,0.0,0,0
Standing_Xiaoye_1_35sek_20260202_162659.parquet,Sit-Stand,Non-Fall,0.0,0,0
Standing_Xiaoye_1_35sek_20260202_162659.parquet,Sit-Stand,Non-Fall,0.0,0,0
Standing_Xiaoye_1_35sek_20260202_162659.parquet,Sit-Stand,Non-Fall,0.0,0,0
Standing_Xiaoye_1_35sek_20260202_162659.parquet,Sit-Stand,Non-Fall,0.0,0,0
Standing_Xiaoye_1_35sek_20260202_162659.parquet,Sit-Stand,Non-Fall,0.0,0,0
Standing_Xiaoye_1_35sek_20260202_162659.parquet,Sit-Stand,Non-Fall,0.0,0,0
Standing_Xiaoye_1_35sek_20260202_162659.parquet,Sit-Stand,Non-Fall,0.0,0,0
Standing_Xiaoye_1_35sek_20260202_162659.parquet,Sit-Stand,Non-Fall,0.0,0,0
Standing_Xiaoye_1_35sek_20260202_162659.parquet,Sit-Stand,Non-Fall,0.0,0,0
Standing_Xiaoye_1_35sek_20260202_162659.parquet,Sit-Stand,Non-Fall,0.0,0,0
Standing_Xiaoye_1_35sek_20260202_162659.parquet,Sit-Stand,Non-Fall,0.0,0,0
Standing_Xiaoye_1_35sek_20260202_162659.parquet,Sit-Stand,Non-Fall,0.0,0,0
Standing_Xiaoye_1_35sek_20260202_162659.parquet,Sit-Stand,Non-Fall,0.0,0,0
Standing_Xiaoye_1_35sek_20260202_162659.parquet,Sit-Stand,Non-Fall,0.0,0,0
Standing_Xiaoye_1_35sek_20260202_162659.parquet,Sit-Stand,Non-Fall,0.0,0,0
Standing_Xiaoye_1_35sek_20260202_162659.parquet,Sit-Stand,Non-Fall,0.0,0,0
Standing_Xiaoye_1_35sek_20260202_162659.parquet,Sit-Stand,Non-Fall,0.0,0,0
Standing_Xiaoye_1_35sek_20260202_162659.parquet,Sit-Stand,Non-Fall,0.01,0,0
Standing_Xiaoye_1_35sek_20260202_162659.parquet,Sit-Stand,Non-Fall,0.0,0,0
Standing_Xiaoye_1_35sek_20260202_162659.parquet,Sit-Stand,Non-Fall,0.0,0,0
Standing_Xiaoye_1_35sek_20260202_162659.parquet,Sit-Stand,Non-Fall,0.01,0,0
Standing_Xiaoye_1_35sek_20260202_162659.parquet,Sit-Stand,Non-Fall,0.0,0,0
Standing_Xiaoye_1_35sek_20260202_162659.parquet,Sit-Stand,Non-Fall,0.0,0,0
Standing_Xiaoye_1_35sek_20260202_162659.parquet,Sit-Stand,Non-Fall,0.0,0,0
Standing_Xiaoye_1_35sek_20260202_162659.parquet,Sit-Stand,Non-Fall,0.0,0,0
Standing_Xiaoye_1_35sek_20260202_162659.parquet,Sit-Stand,Non-Fall,0.0,0,0
Standing_Xiaoye_1_35sek_20260202_162659.parquet,Sit-Stand,Non-Fall,0.0,0,0
Standing_Xiaoye_1_35sek_20260202_162659.parquet,Sit-Stand,Non-Fall,0.0,0,0
Standing_Xiaoye_1_35sek_20260202_162659.parquet,Sit-Stand,Non-Fall,0.0,0,0
Standing_Xiaoye_1_35sek_20260202_162659.parquet,Sit-Stand,Non-Fall,0.0,0,0
Standing_Xiaoye_1_35sek_20260202_162659.parquet,Sit-Stand,Non-Fall,0.0,0,0
Standing_Xiaoye_1_35sek_20260202_162659.parquet,Sit-Stand,Non-Fall,0.0,0,0
Standing_Xiaoye_1_35sek_20260202_162659.parquet,Sit-Stand,Non-Fall,0.0,0,0
Standing_Xiaoye_1_35sek_20260202_162659.parquet,Sit-Stand,Non-Fall,0.0,0,0
Standing_Xiaoye_1_35sek_20260202_162659.parquet,Sit-Stand,Non-Fall,0.0,0,0
Standing_Xiaoye_1_35sek_20260202_162659.parquet,Sit-Stand,Non-Fall,0.0,0,0
Standing_Xiaoye_1_35sek_20260202_162659.parquet,Sit-Stand,Non-Fall,0.0,0,0
Standing_Xiaoye_1_35sek_20260202_162659.parquet,Sit-Stand,Non-Fall,0.0,0,0
Standing_Xiaoye_1_35sek_20260202_162659.parquet,Sit-Stand,Non-Fall,0.0,0,0
Standing_Xiaoye_1_35sek_20260202_162659.parquet,Sit-Stand,Non-Fall,0.0,0,0
Standing_Xiaoye_1_35sek_20260202_162659.parquet,Sit-Stand,Non-Fall,0.0,0,0
Standing_Xiaoye_2_1min_20260129_110010.parquet,Sit-Stand,Non-Fall,0.0,0,0
Standing_Xiaoye_2_1min_20260129_110010.parquet,Sit-Stand,Non-Fall,0.05,0,0
Standing_Xiaoye_2_1min_20260129_110010.parquet,Sit-Stand,Non-Fall,0.09,0,0
Standing_Xiaoye_2_1min_20260129_110010.parquet,Sit-Stand,Non-Fall,0.0,0,0
Standing_Xiaoye_2_1min_20260129_110010.parquet,Sit-Stand,Non-Fall,0.0,0,0
Standing_Xiaoye_2_1min_20260129_110010.parquet,Sit-Stand,Non-Fall,0.0,0,0
Standing_Xiaoye_2_1min_20260129_110010.parquet,Sit-Stand,Non-Fall,0.01,0,0
Standing_Xiaoye_2_1min_20260129_110010.parquet,Sit-Stand,Non-Fall,0.0,0,0
Standing_Xiaoye_2_1min_20260129_110010.parquet,Sit-Stand,Non-Fall,0.0,0,0
Standing_Xiaoye_2_1min_20260129_110010.parquet,Sit-Stand,Non-Fall,0.0,0,0
Standing_Xiaoye_2_1min_20260129_110010.parquet,Sit-Stand,Non-Fall,0.14,0,0
Standing_Xiaoye_2_1min_20260129_110010.parquet,Sit-Stand,Non-Fall,0.16,0,0
Standing_Xiaoye_2_1min_20260129_110010.parquet,Sit-Stand,Non-Fall,0.05,0,0
Standing_Xiaoye_2_1min_20260129_110010.parquet,Sit-Stand,Non-Fall,0.06,0,0
Standing_Xiaoye_2_1min_20260129_110010.parquet,Sit-Stand,Non-Fall,0.09,0,0
Standing_Xiaoye_2_1min_20260129_110010.parquet,Sit-Stand,Non-Fall,0.03,0,0
Standing_Xiaoye_2_1min_20260129_110010.parquet,Sit-Stand,Non-Fall,0.0,0,0
Standing_Xiaoye_2_1min_20260129_110010.parquet,Sit-Stand,Non-Fall,0.0,0,0
Standing_Xiaoye_2_1min_20260129_110010.parquet,Sit-Stand,Non-Fall,0.0,0,0
Standing_Xiaoye_2_1min_20260129_110010.parquet,Sit-Stand,Non-Fall,0.0,0,0
Standing_Xiaoye_2_1min_20260129_110010.parquet,Sit-Stand,Non-Fall,0.0,0,0
Standing_Xiaoye_2_1min_20260129_110010.parquet,Sit-Stand,Non-Fall,0.0,0,0
Standing_Xiaoye_2_1min_20260129_110010.parquet,Sit-Stand,Non-Fall,0.0,0,0
Standing_Xiaoye_2_1min_20260129_110010.parquet,Sit-Stand,Non-Fall,0.0,0,0
Standing_Xiaoye_2_1min_20260129_110010.parquet,Sit-Stand,Non-Fall,0.0,0,0
Standing_Xiaoye_2_1min_20260129_110010.parquet,Sit-Stand,Non-Fall,0.15,0,0
Standing_Xiaoye_2_1min_20260129_110010.parquet,Sit-Stand,Non-Fall,0.06,0,0
Standing_Xiaoye_2_1min_20260129_110010.parquet,Sit-Stand,Non-Fall,0.0,0,0
Standing_Xiaoye_2_1min_20260129_110010.parquet,Sit-Stand,Non-Fall,0.09,0,0
Standing_Xiaoye_2_1min_20260129_110010.parquet,Sit-Stand,Non-Fall,0.0,0,0
Standing_Xiaoye_2_1min_20260129_110010.parquet,Sit-Stand,Non-Fall,0.0,0,0
Standing_Xiaoye_2_1min_20260129_110010.parquet,Sit-Stand,Non-Fall,0.05,0,0
Standing_Xiaoye_2_1min_20260129_110010.parquet,Sit-Stand,Non-Fall,0.08,0,0
Standing_Xiaoye_2_1min_20260129_110010.parquet,Sit-Stand,Non-Fall,0.0,0,0
Standing_Xiaoye_2_1min_20260129_110010.parquet,Sit-Stand,Non-Fall,0.0,0,0
Standing_Xiaoye_2_1min_20260129_110010.parquet,Sit-Stand,Non-Fall,0.0,0,0
Standing_Xiaoye_2_1min_20260129_110010.parquet,Sit-Stand,Non-Fall,0.0,0,0
Standing_Xiaoye_2_1min_20260129_110010.parquet,Sit-Stand,Non-Fall,0.0,0,0
Standing_Xiaoye_2_1min_20260129_110010.parquet,Sit-Stand,Non-Fall,0.0,0,0
Standing_Xiaoye_2_1min_20260129_110010.parquet,Sit-Stand,Non-Fall,0.0,0,0
Standing_Xiaoye_2_1min_20260129_110010.parquet,Sit-Stand,Non-Fall,0.0,0,0
Standing_Xiaoye_2_1min_20260129_110010.parquet,Sit-Stand,Non-Fall,0.0,0,0
Standing_Xiaoye_2_1min_20260129_110010.parquet,Sit-Stand,Non-Fall,0.0,0,0
Standing_Xiaoye_2_1min_20260129_110010.parquet,Sit-Stand,Non-Fall,0.0,0,0
Standing_Xiaoye_2_1min_20260129_110010.parquet,Sit-Stand,Non-Fall,0.0,0,0
Standing_Xiaoye_2_1min_20260129_110010.parquet,Sit-Stand,Non-Fall,0.0,0,0
Standing_Xiaoye_2_1min_20260129_110010.parquet,Sit-Stand,Non-Fall,0.0,0,0
Standing_Xiaoye_2_1min_20260129_110010.parquet,Sit-Stand,Non-Fall,0.0,0,0
Standing_Xiaoye_2_1min_20260129_110010.parquet,Sit-Stand,Non-Fall,0.01,0,0
Standing_Xiaoye_2_1min_20260129_110010.parquet,Sit-Stand,Non-Fall,0.02,0,0
Standing_Xiaoye_2_1min_20260129_110010.parquet,Sit-Stand,Non-Fall,0.04,0,0
Standing_Xiaoye_2_1min_20260129_110010.parquet,Sit-Stand,Non-Fall,0.15,0,0
Standing_Xiaoye_2_1min_20260129_110010.parquet,Sit-Stand,Non-Fall,0.0,0,0
Standing_Xiaoye_2_1min_20260129_110010.parquet,Sit-Stand,Non-Fall,0.0,0,0
Standing_Xiaoye_2_1min_20260129_110010.parquet,Sit-Stand,Non-Fall,0.0,0,0
Standing_Xiaoye_2_1min_20260129_110010.parquet,Sit-Stand,Non-Fall,0.05,0,0
Standing_Xiaoye_2_1min_20260129_110010.parquet,Sit-Stand,Non-Fall,0.01,0,0
Standing_Xiaoye_2_1min_20260129_110010.parquet,Sit-Stand,Non-Fall,0.01,0,0
Standing_Xiaoye_2_1min_20260129_110010.parquet,Sit-Stand,Non-Fall,0.0,0,0
Standing_Xiaoye_2_1min_20260129_110010.parquet,Sit-Stand,Non-Fall,0.0,0,0
Standing_Xiaoye_2_1min_20260129_110010.parquet,Sit-Stand,Non-Fall,0.0,0,0
Standing_Xiaoye_2_1min_20260129_110010.parquet,Sit-Stand,Non-Fall,0.0,0,0
Standing_Xiaoye_2_1min_20260129_110010.parquet,Sit-Stand,Non-Fall,0.0,0,0
Standing_Xiaoye_2_1min_20260129_110010.parquet,Sit-Stand,Non-Fall,0.03,0,0
Standing_Xiaoye_2_1min_20260129_110010.parquet,Sit-Stand,Non-Fall,0.03,0,0
Standing_Xiaoye_2_1min_20260129_110010.parquet,Sit-Stand,Non-Fall,0.06,0,0
Standing_Xiaoye_2_1min_20260129_110010.parquet,Sit-Stand,Non-Fall,0.08,0,0
Standing_Xiaoye_2_1min_20260129_110010.parquet,Sit-Stand,Non-Fall,0.0,0,0
Standing_Xiaoye_2_1min_20260129_110010.parquet,Sit-Stand,Non-Fall,0.0,0,0
Standing_Xiaoye_2_1min_20260129_110010.parquet,Sit-Stand,Non-Fall,0.0,0,0
Standing_Xiaoye_2_1min_20260129_110010.parquet,Sit-Stand,Non-Fall,0.0,0,0
Standing_Xiaoye_2_1min_20260129_110010.parquet,Sit-Stand,Non-Fall,0.01,0,0
Standing_Xiaoye_2_1min_20260129_110010.parquet,Sit-Stand,Non-Fall,0.12,0,0
Standing_Xiaoye_2_1min_20260129_110010.parquet,Sit-Stand,Non-Fall,0.03,0,0
Standing_Xiaoye_2_1min_20260129_110010.parquet,Sit-Stand,Non-Fall,0.0,0,0
Standing_Xiaoye_2_1min_20260129_110010.parquet,Sit-Stand,Non-Fall,0.01,0,0
Standing_Xiaoye_2_1min_20260129_110010.parquet,Sit-Stand,Non-Fall,0.05,0,0
Standing_Xiaoye_2_1min_20260129_110010.parquet,Sit-Stand,Non-Fall,0.01,0,0
Standing_Xiaoye_2_1min_20260129_110010.parquet,Sit-Stand,Non-Fall,0.0,0,0
Standing_Xiaoye_2_1min_20260129_110010.parquet,Sit-Stand,Non-Fall,0.0,0,0
Standing_Xiaoye_2_1min_20260129_110010.parquet,Sit-Stand,Non-Fall,0.0,0,0
Standing_Xiaoye_2_1min_20260129_110010.parquet,Sit-Stand,Non-Fall,0.03,0,0
Standing_Xiaoye_2_1min_20260129_110010.parquet,Sit-Stand,Non-Fall,0.0,0,0
Standing_Xiaoye_2_1min_20260129_110010.parquet,Sit-Stand,Non-Fall,0.0,0,0
Standing_Xiaoye_2_1min_20260129_110010.parquet,Sit-Stand,Non-Fall,0.0,0,0
Standing_Xiaoye_2_1min_20260129_110010.parquet,Sit-Stand,Non-Fall,0.0,0,0
Standing_Xiaoye_2_1min_20260129_110010.parquet,Sit-Stand,Non-Fall,0.0,0,0
Standing_Xiaoye_2_1min_20260129_110010.parquet,Sit-Stand,Non-Fall,0.0,0,0
Standing_Xiaoye_2_1min_20260129_110010.parquet,Sit-Stand,Non-Fall,0.0,0,0
Standing_Xiaoye_2_1min_20260129_110010.parquet,Sit-Stand,Non-Fall,0.0,0,0
Standing_Xiaoye_2_1min_20260129_110010.parquet,Sit-Stand,Non-Fall,0.0,0,0
Standing_Xiaoye_2_1min_20260129_110010.parquet,Sit-Stand,Non-Fall,0.0,0,0
Standing_Xiaoye_2_1min_20260129_110010.parquet,Sit-Stand,Non-Fall,0.0,0,0
Standing_Xiaoye_2_1min_20260129_110010.parquet,Sit-Stand,Non-Fall,0.0,0,0
Standing_Xiaoye_2_1min_20260129_110010.parquet,Sit-Stand,Non-Fall,0.0,0,0
Standing_Xiaoye_2_1min_20260129_110010.parquet,Sit-Stand,Non-Fall,0.0,0,0
Standing_Xiaoye_2_1min_20260129_110010.parquet,Sit-Stand,Non-Fall,0.0,0,0
Standing_Xiaoye_2_1min_20260129_110010.parquet,Sit-Stand,Non-Fall,0.0,0,0
Standing_Xiaoye_2_1min_20260129_110010.parquet,Sit-Stand,Non-Fall,0.02,0,0
Standing_Xiaoye_2_1min_20260129_110010.parquet,Sit-Stand,Non-Fall,0.0,0,0
Standing_Xiaoye_2_1min_20260129_110010.parquet,Sit-Stand,Non-Fall,0.0,0,0
Standing_Xiaoye_2_1min_20260129_110010.parquet,Sit-Stand,Non-Fall,0.0,0,0
Standing_Xiaoye_2_1min_20260129_110010.parquet,Sit-Stand,Non-Fall,0.02,0,0
Standing_Xiaoye_2_1min_20260129_110010.parquet,Sit-Stand,Non-Fall,0.02,0,0
Standing_Xiaoye_2_1min_20260129_110010.parquet,Sit-Stand,Non-Fall,0.01,0,0
Standing_Xiaoye_2_1min_20260129_110010.parquet,Sit-Stand,Non-Fall,0.0,0,0
Standing_Xiaoye_2_1min_20260129_110010.parquet,Sit-Stand,Non-Fall,0.0,0,0
Standing_Xiaoye_2_1min_20260129_110010.parquet,Sit-Stand,Non-Fall,0.0,0,0
Standing_Xiaoye_2_1min_20260129_110010.parquet,Sit-Stand,Non-Fall,0.0,0,0
Standing_Xiaoye_2_1min_20260129_110010.parquet,Sit-Stand,Non-Fall,0.0,0,0
Standing_Xiaoye_2_1min_20260129_110010.parquet,Sit-Stand,Non-Fall,0.0,0,0
Standing_Xiaoye_2_1min_20260129_110010.parquet,Sit-Stand,Non-Fall,0.0,0,0
Standing_Xiaoye_2_1min_20260129_110010.parquet,Sit-Stand,Non-Fall,0.0,0,0
Standing_Xiaoye_2_1min_20260129_110010.parquet,Sit-Stand,Non-Fall,0.0,0,0
Standing_Xiaoye_2_1min_20260129_110010.parquet,Sit-Stand,Non-Fall,0.0,0,0
Standing_Xiaoye_2_1min_20260129_110010.parquet,Sit-Stand,Non-Fall,0.0,0,0
Standing_Xiaoye_2_1min_20260129_110010.parquet,Sit-Stand,Non-Fall,0.0,0,0
Standing_Xiaoye_2_1min_20260129_110010.parquet,Sit-Stand,Non-Fall,0.0,0,0
Standing_Xiaoye_2_1min_20260129_110010.parquet,Sit-Stand,Non-Fall,0.0,0,0
Standing_Xiaoye_2_1min_20260129_110010.parquet,Sit-Stand,Non-Fall,0.0,0,0
Standing_Xiaoye_2_1min_20260129_110010.parquet,Sit-Stand,Non-Fall,0.0,0,0
Standing_Xiaoye_2_1min_20260129_110010.parquet,Sit-Stand,Non-Fall,0.02,0,0
Standing_Xiaoye_2_1min_20260129_110010.parquet,Sit-Stand,Non-Fall,0.01,0,0
Standing_Xiaoye_2_20sek_20260202_095120.parquet,Sit-Stand,Non-Fall,0.0,0,0
Standing_Xiaoye_2_20sek_20260202_095120.parquet,Sit-Stand,Non-Fall,0.0,0,0
Standing_Xiaoye_2_20sek_20260202_095120.parquet,Sit-Stand,Non-Fall,0.0,0,0
Standing_Xiaoye_2_20sek_20260202_095120.parquet,Sit-Stand,Non-Fall,0.0,0,0
Standing_Xiaoye_2_20sek_20260202_095120.parquet,Sit-Stand,Non-Fall,0.0,0,0
Standing_Xiaoye_2_20sek_20260202_095120.parquet,Sit-Stand,Non-Fall,0.0,0,0
Standing_Xiaoye_2_20sek_20260202_095120.parquet,Sit-Stand,Non-Fall,0.0,0,0
Standing_Xiaoye_2_20sek_20260202_095120.parquet,Sit-Stand,Non-Fall,0.0,0,0
Standing_Xiaoye_2_2min_20260129_105714.parquet,Sit-Stand,Non-Fall,0.0,0,0
Standing_Xiaoye_2_2min_20260129_105714.parquet,Sit-Stand,Non-Fall,0.0,0,0
Standing_Xiaoye_2_2min_20260129_105714.parquet,Sit-Stand,Non-Fall,0.0,0,0
Standing_Xiaoye_2_2min_20260129_105714.parquet,Sit-Stand,Non-Fall,0.0,0,0
Standing_Xiaoye_2_2min_20260129_105714.parquet,Sit-Stand,Non-Fall,0.0,0,0
Standing_Xiaoye_2_2min_20260129_105714.parquet,Sit-Stand,Non-Fall,0.0,0,0
Standing_Xiaoye_2_2min_20260129_105714.parquet,Sit-Stand,Non-Fall,0.0,0,0
Standing_Xiaoye_2_2min_20260129_105714.parquet,Sit-Stand,Non-Fall,0.0,0,0
Standing_Xiaoye_2_2min_20260129_105714.parquet,Sit-Stand,Non-Fall,0.0,0,0
Standing_Xiaoye_2_2min_20260129_105714.parquet,Sit-Stand,Non-Fall,0.0,0,0
Standing_Xiaoye_2_2min_20260129_105714.parquet,Sit-Stand,Non-Fall,0.0,0,0
Standing_Xiaoye_2_2min_20260129_105714.parquet,Sit-Stand,Non-Fall,0.0,0,0
Standing_Xiaoye_2_2min_20260129_105714.parquet,Sit-Stand,Non-Fall,0.0,0,0
Standing_Xiaoye_2_2min_20260129_105714.parquet,Sit-Stand,Non-Fall,0.0,0,0
Standing_Xiaoye_2_2min_20260129_105714.parquet,Sit-Stand,Non-Fall,0.0,0,0
Standing_Xiaoye_2_2min_20260129_105714.parquet,Sit-Stand,Non-Fall,0.02,0,0
Standing_Xiaoye_2_2min_20260129_105714.parquet,Sit-Stand,Non-Fall,0.01,0,0
Standing_Xiaoye_2_2min_20260129_105714.parquet,Sit-Stand,Non-Fall,0.0,0,0
Standing_Xiaoye_2_2min_20260129_105714.parquet,Sit-Stand,Non-Fall,0.01,0,0
Standing_Xiaoye_2_2min_20260129_105714.parquet,Sit-Stand,Non-Fall,0.01,0,0
Standing_Xiaoye_2_2min_20260129_105714.parquet,Sit-Stand,Non-Fall,0.05,0,0
Standing_Xiaoye_2_2min_20260129_105714.parquet,Sit-Stand,Non-Fall,0.0,0,0
Standing_Xiaoye_2_2min_20260129_105714.parquet,Sit-Stand,Non-Fall,0.0,0,0
Standing_Xiaoye_2_2min_20260129_105714.parquet,Sit-Stand,Non-Fall,0.0,0,0
Standing_Xiaoye_2_2min_20260129_105714.parquet,Sit-Stand,Non-Fall,0.0,0,0
Standing_Xiaoye_2_2min_20260129_105714.parquet,Sit-Stand,Non-Fall,0.0,0,0
Standing_Xiaoye_2_2min_20260129_105714.parquet,Sit-Stand,Non-Fall,0.0,0,0
Standing_Xiaoye_2_2min_20260129_105714.parquet,Sit-Stand,Non-Fall,0.0,0,0
Standing_Xiaoye_2_2min_20260129_105714.parquet,Sit-Stand,Non-Fall,0.0,0,0
Standing_Xiaoye_2_2min_20260129_105714.parquet,Sit-Stand,Non-Fall,0.06,0,0
Standing_Xiaoye_2_2min_20260129_105714.parquet,Sit-Stand,Non-Fall,0.0,0,0
Standing_Xiaoye_2_2min_20260129_105714.parquet,Sit-Stand,Non-Fall,0.0,0,0
Standing_Xiaoye_2_2min_20260129_105714.parquet,Sit-Stand,Non-Fall,0.0,0,0
Standing_Xiaoye_2_2min_20260129_105714.parquet,Sit-Stand,Non-Fall,0.0,0,0
Standing_Xiaoye_2_2min_20260129_105714.parquet,Sit-Stand,Non-Fall,0.0,0,0
Standing_Xiaoye_2_2min_20260129_105714.parquet,Sit-Stand,Non-Fall,0.04,0,0
Standing_Xiaoye_2_2min_20260129_105714.parquet,Sit-Stand,Non-Fall,0.01,0,0
Standing_Xiaoye_2_2min_20260129_105714.parquet,Sit-Stand,Non-Fall,0.0,0,0
Standing_Xiaoye_2_2min_20260129_105714.parquet,Sit-Stand,Non-Fall,0.0,0,0
Standing_Xiaoye_2_2min_20260129_105714.parquet,Sit-Stand,Non-Fall,0.01,0,0
Standing_Xiaoye_2_2min_20260129_105714.parquet,Sit-Stand,Non-Fall,0.01,0,0
Standing_Xiaoye_2_2min_20260129_105714.parquet,Sit-Stand,Non-Fall,0.01,0,0
Standing_Xiaoye_2_2min_20260129_105714.parquet,Sit-Stand,Non-Fall,0.05,0,0
Standing_Xiaoye_2_2min_20260129_105714.parquet,Sit-Stand,Non-Fall,0.0,0,0
Standing_Xiaoye_2_2min_20260129_105714.parquet,Sit-Stand,Non-Fall,0.01,0,0
Standing_Xiaoye_2_2min_20260129_105714.parquet,Sit-Stand,Non-Fall,0.0,0,0
Standing_Xiaoye_2_2min_20260129_105714.parquet,Sit-Stand,Non-Fall,0.0,0,0
Standing_Xiaoye_2_2min_20260129_105714.parquet,Sit-Stand,Non-Fall,0.01,0,0
Standing_Xiaoye_2_2min_20260129_105714.parquet,Sit-Stand,Non-Fall,0.01,0,0
Standing_Xiaoye_2_2min_20260129_105714.parquet,Sit-Stand,Non-Fall,0.01,0,0
Standing_Xiaoye_2_2min_20260129_105714.parquet,Sit-Stand,Non-Fall,0.0,0,0
Standing_Xiaoye_2_2min_20260129_105714.parquet,Sit-Stand,Non-Fall,0.0,0,0
Standing_Xiaoye_2_2min_20260129_105714.parquet,Sit-Stand,Non-Fall,0.0,0,0
Standing_Xiaoye_2_2min_20260129_105714.parquet,Sit-Stand,Non-Fall,0.01,0,0
Standing_Xiaoye_2_2min_20260129_105714.parquet,Sit-Stand,Non-Fall,0.01,0,0
Standing_Xiaoye_2_2min_20260129_105714.parquet,Sit-Stand,Non-Fall,0.15,0,0
Standing_Xiaoye_2_2min_20260129_105714.parquet,Sit-Stand,Non-Fall,0.0,0,0
Standing_Xiaoye_2_2min_20260129_105714.parquet,Sit-Stand,Non-Fall,0.0,0,0
Standing_Xiaoye_2_2min_20260129_105714.parquet,Sit-Stand,Non-Fall,0.0,0,0
Standing_Xiaoye_2_2min_20260129_105714.parquet,Sit-Stand,Non-Fall,0.0,0,0
Standing_Xiaoye_2_2min_20260129_105714.parquet,Sit-Stand,Non-Fall,0.0,0,0
Standing_Xiaoye_2_2min_20260129_105714.parquet,Sit-Stand,Non-Fall,0.0,0,0
Standing_Xiaoye_2_2min_20260129_105714.parquet,Sit-Stand,Non-Fall,0.0,0,0
Standing_Xiaoye_2_2min_20260129_105714.parquet,Sit-Stand,Non-Fall,0.0,0,0
Standing_Xiaoye_2_2min_20260129_105714.parquet,Sit-Stand,Non-Fall,0.0,0,0
Standing_Xiaoye_2_2min_20260129_105714.parquet,Sit-Stand,Non-Fall,0.0,0,0
Standing_Xiaoye_2_2min_20260129_105714.parquet,Sit-Stand,Non-Fall,0.0,0,0
Standing_Xiaoye_2_2min_20260129_105714.parquet,Sit-Stand,Non-Fall,0.0,0,0
Standing_Xiaoye_2_2min_20260129_105714.parquet,Sit-Stand,Non-Fall,0.0,0,0
Standing_Xiaoye_2_2min_20260129_105714.parquet,Sit-Stand,Non-Fall,0.0,0,0
Standing_Xiaoye_2_2min_20260129_105714.parquet,Sit-Stand,Non-Fall,0.0,0,0
Standing_Xiaoye_2_2min_20260129_105714.parquet,Sit-Stand,Non-Fall,0.16,0,0
Standing_Xiaoye_2_2min_20260129_105714.parquet,Sit-Stand,Non-Fall,0.02,0,0
Standing_Xiaoye_2_2min_20260129_105714.parquet,Sit-Stand,Non-Fall,0.0,0,0
Standing_Xiaoye_2_2min_20260129_105714.parquet,Sit-Stand,Non-Fall,0.0,0,0
Standing_Xiaoye_2_2min_20260129_105714.parquet,Sit-Stand,Non-Fall,0.0,0,0
Standing_Xiaoye_2_2min_20260129_105714.parquet,Sit-Stand,Non-Fall,0.0,0,0
Standing_Xiaoye_2_2min_20260129_105714.parquet,Sit-Stand,Non-Fall,0.0,0,0
Standing_Xiaoye_2_2min_20260129_105714.parquet,Sit-Stand,Non-Fall,0.0,0,0
Standing_Xiaoye_2_2min_20260129_105714.parquet,Sit-Stand,Non-Fall,0.0,0,0
Standing_Xiaoye_2_2min_20260129_105714.parquet,Sit-Stand,Non-Fall,0.0,0,0
Standing_Xiaoye_2_2min_20260129_105714.parquet,Sit-Stand,Non-Fall,0.0,0,0
Standing_Xiaoye_2_2min_20260129_105714.parquet,Sit-Stand,Non-Fall,0.0,0,0
Standing_Xiaoye_2_2min_20260129_105714.parquet,Sit-Stand,Non-Fall,0.0,0,0
Standing_Xiaoye_2_2min_20260129_105714.parquet,Sit-Stand,Non-Fall,0.0,0,0
Standing_Xiaoye_2_2min_20260129_105714.parquet,Sit-Stand,Non-Fall,0.0,0,0
Standing_Xiaoye_2_2min_20260129_105714.parquet,Sit-Stand,Non-Fall,0.09,0,0
Standing_Xiaoye_2_2min_20260129_105714.parquet,Sit-Stand,Non-Fall,0.0,0,0
Standing_Xiaoye_2_2min_20260129_105714.parquet,Sit-Stand,Non-Fall,0.0,0,0
Standing_Xiaoye_2_2min_20260129_105714.parquet,Sit-Stand,Non-Fall,0.02,0,0
Standing_Xiaoye_2_2min_20260129_105714.parquet,Sit-Stand,Non-Fall,0.0,0,0
Standing_Xiaoye_2_2min_20260129_105714.parquet,Sit-Stand,Non-Fall,0.0,0,0
Standing_Xiaoye_2_2min_20260129_105714.parquet,Sit-Stand,Non-Fall,0.0,0,0
Standing_Xiaoye_2_2min_20260129_105714.parquet,Sit-Stand,Non-Fall,0.0,0,0
Standing_Xiaoye_2_2min_20260129_105714.parquet,Sit-Stand,Non-Fall,0.0,0,0
Standing_Xiaoye_2_2min_20260129_105714.parquet,Sit-Stand,Non-Fall,0.0,0,0
Standing_Xiaoye_2_2min_20260129_105714.parquet,Sit-Stand,Non-Fall,0.0,0,0
Standing_Xiaoye_2_2min_20260129_105714.parquet,Sit-Stand,Non-Fall,0.0,0,0
Standing_Xiaoye_2_2min_20260129_105714.parquet,Sit-Stand,Non-Fall,0.0,0,0
Standing_Xiaoye_2_2min_20260129_105714.parquet,Sit-Stand,Non-Fall,0.0,0,0
Standing_Xiaoye_2_2min_20260129_105714.parquet,Sit-Stand,Non-Fall,0.0,0,0
Standing_Xiaoye_2_2min_20260129_105714.parquet,Sit-Stand,Non-Fall,0.0,0,0
Standing_Xiaoye_2_2min_20260129_105714.parquet,Sit-Stand,Non-Fall,0.0,0,0
Standing_Xiaoye_2_2min_20260129_105714.parquet,Sit-Stand,Non-Fall,0.0,0,0
Standing_Xiaoye_2_2min_20260129_105714.parquet,Sit-Stand,Non-Fall,0.0,0,0
Standing_Xiaoye_2_2min_20260129_105714.parquet,Sit-Stand,Non-Fall,0.0,0,0
Standing_Xiaoye_2_2min_20260129_105714.parquet,Sit-Stand,Non-Fall,0.0,0,0
Standing_Xiaoye_2_2min_20260129_105714.parquet,Sit-Stand,Non-Fall,0.0,0,0
Standing_Xiaoye_2_2min_20260129_105714.parquet,Sit-Stand,Non-Fall,0.0,0,0
Standing_Xiaoye_2_2min_20260129_105714.parquet,Sit-Stand,Non-Fall,0.0,0,0
Standing_Xiaoye_2_2min_20260129_105714.parquet,Sit-Stand,Non-Fall,0.0,0,0
Standing_Xiaoye_2_2min_20260129_105714.parquet,Sit-Stand,Non-Fall,0.0,0,0
Standing_Xiaoye_2_2min_20260129_105714.parquet,Sit-Stand,Non-Fall,0.0,0,0
Standing_Xiaoye_2_2min_20260129_105714.parquet,Sit-Stand,Non-Fall,0.0,0,0
Standing_Xiaoye_2_2min_20260129_105714.parquet,Sit-Stand,Non-Fall,0.0,0,0
Standing_Xiaoye_2_2min_20260129_105714.parquet,Sit-Stand,Non-Fall,0.0,0,0
Standing_Xiaoye_2_2min_20260129_105714.parquet,Sit-Stand,Non-Fall,0.0,0,0
Standing_Xiaoye_2_2min_20260129_105714.parquet,Sit-Stand,Non-Fall,0.0,0,0
Standing_Xiaoye_2_2min_20260129_105714.parquet,Sit-Stand,Non-Fall,0.0,0,0
Standing_Xiaoye_2_2min_20260129_105714.parquet,Sit-Stand,Non-Fall,0.0,0,0
Standing_Xiaoye_2_2min_20260129_105714.parquet,Sit-Stand,Non-Fall,0.0,0,0
Standing_Xiaoye_2_2min_20260129_105714.parquet,Sit-Stand,Non-Fall,0.0,0,0
Standing_Xiaoye_2_2min_20260129_105714.parquet,Sit-Stand,Non-Fall,0.0,0,0
Standing_Xiaoye_2_2min_20260129_105714.parquet,Sit-Stand,Non-Fall,0.0,0,0
Standing_Xiaoye_2_2min_20260129_105714.parquet,Sit-Stand,Non-Fall,0.0,0,0
Standing_Xiaoye_2_2min_20260129_105714.parquet,Sit-Stand,Non-Fall,0.0,0,0
Standing_Xiaoye_2_2min_20260129_105714.parquet,Sit-Stand,Non-Fall,0.0,0,0
Standing_Xiaoye_2_2min_20260129_105714.parquet,Sit-Stand,Non-Fall,0.0,0,0
Standing_Xiaoye_2_2min_20260129_105714.parquet,Sit-Stand,Non-Fall,0.0,0,0
Standing_Xiaoye_2_2min_20260129_105714.parquet,Sit-Stand,Non-Fall,0.0,0,0
Standing_Xiaoye_2_2min_20260129_105714.parquet,Sit-Stand,Non-Fall,0.0,0,0
Standing_Xiaoye_2_2min_20260129_105714.parquet,Sit-Stand,Non-Fall,0.0,0,0
Standing_Xiaoye_2_2min_20260129_105714.parquet,Sit-Stand,Non-Fall,0.0,0,0
Standing_Xiaoye_2_2min_20260129_105714.parquet,Sit-Stand,Non-Fall,0.0,0,0
Standing_Xiaoye_2_2min_20260129_105714.parquet,Sit-Stand,Non-Fall,0.0,0,0
Standing_Xiaoye_2_2min_20260129_105714.parquet,Sit-Stand,Non-Fall,0.01,0,0
Standing_Xiaoye_2_2min_20260129_105714.parquet,Sit-Stand,Non-Fall,0.08,0,0
Standing_Xiaoye_2_2min_20260129_105714.parquet,Sit-Stand,Non-Fall,0.02,0,0
Standing_Xiaoye_2_2min_20260129_105714.parquet,Sit-Stand,Non-Fall,0.04,0,0
Standing_Xiaoye_2_2min_20260129_105714.parquet,Sit-Stand,Non-Fall,0.0,0,0
Standing_Xiaoye_2_2min_20260129_105714.parquet,Sit-Stand,Non-Fall,0.0,0,0
Standing_Xiaoye_2_2min_20260129_105714.parquet,Sit-Stand,Non-Fall,0.0,0,0
Standing_Xiaoye_2_2min_20260129_105714.parquet,Sit-Stand,Non-Fall,0.0,0,0
Standing_Xiaoye_2_2min_20260129_105714.parquet,Sit-Stand,Non-Fall,0.0,0,0
Standing_Xiaoye_2_2min_20260129_105714.parquet,Sit-Stand,Non-Fall,0.0,0,0
Standing_Xiaoye_2_2min_20260129_105714.parquet,Sit-Stand,Non-Fall,0.0,0,0
Standing_Xiaoye_2_2min_20260129_105714.parquet,Sit-Stand,Non-Fall,0.0,0,0
Standing_Xiaoye_2_2min_20260129_105714.parquet,Sit-Stand,Non-Fall,0.0,0,0
Standing_Xiaoye_2_2min_20260129_105714.parquet,Sit-Stand,Non-Fall,0.0,0,0
Standing_Xiaoye_2_2min_20260129_105714.parquet,Sit-Stand,Non-Fall,0.0,0,0
Standing_Xiaoye_2_2min_20260129_105714.parquet,Sit-Stand,Non-Fall,0.01,0,0
Standing_Xiaoye_2_2min_20260129_105714.parquet,Sit-Stand,Non-Fall,0.02,0,0
Standing_Xiaoye_2_2min_20260129_105714.parquet,Sit-Stand,Non-Fall,0.0,0,0
Standing_Xiaoye_2_2min_20260129_105714.parquet,Sit-Stand,Non-Fall,0.0,0,0
Standing_Xiaoye_2_2min_20260129_105714.parquet,Sit-Stand,Non-Fall,0.0,0,0
Standing_Xiaoye_2_2min_20260129_105714.parquet,Sit-Stand,Non-Fall,0.01,0,0
Standing_Xiaoye_2_2min_20260129_105714.parquet,Sit-Stand,Non-Fall,0.0,0,0
Standing_Xiaoye_2_2min_20260129_105714.parquet,Sit-Stand,Non-Fall,0.0,0,0
Standing_Xiaoye_2_2min_20260129_105714.parquet,Sit-Stand,Non-Fall,0.0,0,0
Standing_Xiaoye_2_2min_20260129_105714.parquet,Sit-Stand,Non-Fall,0.0,0,0
Standing_Xiaoye_2_2min_20260129_105714.parquet,Sit-Stand,Non-Fall,0.0,0,0
Standing_Xiaoye_2_2min_20260129_105714.parquet,Sit-Stand,Non-Fall,0.0,0,0
Standing_Xiaoye_2_2min_20260129_105714.parquet,Sit-Stand,Non-Fall,0.0,0,0
Standing_Xiaoye_2_2min_20260129_105714.parquet,Sit-Stand,Non-Fall,0.0,0,0
Standing_Xiaoye_2_2min_20260129_105714.parquet,Sit-Stand,Non-Fall,0.0,0,0
Standing_Xiaoye_2_2min_20260129_105714.parquet,Sit-Stand,Non-Fall,0.0,0,0
Standing_Xiaoye_2_2min_20260129_105714.parquet,Sit-Stand,Non-Fall,0.0,0,0
Standing_Xiaoye_2_2min_20260129_105714.parquet,Sit-Stand,Non-Fall,0.0,0,0
Standing_Xiaoye_2_2min_20260129_105714.parquet,Sit-Stand,Non-Fall,0.05,0,0
Standing_Xiaoye_2_2min_20260129_105714.parquet,Sit-Stand,Non-Fall,0.0,0,0
Standing_Xiaoye_2_2min_20260129_105714.parquet,Sit-Stand,Non-Fall,0.09,0,0
Standing_Xiaoye_2_2min_20260129_105714.parquet,Sit-Stand,Non-Fall,0.06,0,0
Standing_Xiaoye_2_2min_20260129_105714.parquet,Sit-Stand,Non-Fall,0.02,0,0
Standing_Xiaoye_2_2min_20260129_105714.parquet,Sit-Stand,Non-Fall,0.01,0,0
Standing_Xiaoye_2_2min_20260129_105714.parquet,Sit-Stand,Non-Fall,0.0,0,0
Standing_Xiaoye_2_2min_20260129_105714.parquet,Sit-Stand,Non-Fall,0.0,0,0
Standing_Xiaoye_2_2min_20260129_105714.parquet,Sit-Stand,Non-Fall,0.0,0,0
Standing_Xiaoye_2_2min_20260129_105714.parquet,Sit-Stand,Non-Fall,0.0,0,0
Standing_Xiaoye_2_2min_20260129_105714.parquet,Sit-Stand,Non-Fall,0.0,0,0
Standing_Xiaoye_2_2min_20260129_105714.parquet,Sit-Stand,Non-Fall,0.0,0,0
Standing_Xiaoye_2_2min_20260129_105714.parquet,Sit-Stand,Non-Fall,0.0,0,0
Standing_Xiaoye_2_2min_20260129_105714.parquet,Sit-Stand,Non-Fall,0.0,0,0
Standing_Xiaoye_2_2min_20260129_105714.parquet,Sit-Stand,Non-Fall,0.0,0,0
Standing_Xiaoye_2_2min_20260129_105714.parquet,Sit-Stand,Non-Fall,0.0,0,0
Standing_Xiaoye_2_2min_20260129_105714.parquet,Sit-Stand,Non-Fall,0.1,0,0
Standing_Xiaoye_2_2min_20260129_105714.parquet,Sit-Stand,Non-Fall,0.13,0,0
Standing_Xiaoye_2_2min_20260129_105714.parquet,Sit-Stand,Non-Fall,0.0,0,0
Standing_Xiaoye_2_2min_20260129_105714.parquet,Sit-Stand,Non-Fall,0.0,0,0
Standing_Xiaoye_2_2min_20260129_105714.parquet,Sit-Stand,Non-Fall,0.0,0,0
Standing_Xiaoye_2_35sek_20260202_162827.parquet,Sit-Stand,Non-Fall,0.0,0,0
Standing_Xiaoye_2_35sek_20260202_162827.parquet,Sit-Stand,Non-Fall,0.0,0,0
Standing_Xiaoye_2_35sek_20260202_162827.parquet,Sit-Stand,Non-Fall,0.0,0,0
Standing_Xiaoye_2_35sek_20260202_162827.parquet,Sit-Stand,Non-Fall,0.0,0,0
Standing_Xiaoye_2_35sek_20260202_162827.parquet,Sit-Stand,Non-Fall,0.01,0,0
Standing_Xiaoye_2_35sek_20260202_162827.parquet,Sit-Stand,Non-Fall,0.09,0,0
Standing_Xiaoye_2_35sek_20260202_162827.parquet,Sit-Stand,Non-Fall,0.0,0,0
Standing_Xiaoye_2_35sek_20260202_162827.parquet,Sit-Stand,Non-Fall,0.0,0,0
Standing_Xiaoye_2_35sek_20260202_162827.parquet,Sit-Stand,Non-Fall,0.0,0,0
Standing_Xiaoye_2_35sek_20260202_162827.parquet,Sit-Stand,Non-Fall,0.0,0,0
Standing_Xiaoye_2_35sek_20260202_162827.parquet,Sit-Stand,Non-Fall,0.0,0,0
Standing_Xiaoye_2_35sek_20260202_162827.parquet,Sit-Stand,Non-Fall,0.0,0,0
Standing_Xiaoye_2_35sek_20260202_162827.parquet,Sit-Stand,Non-Fall,0.0,0,0
Standing_Xiaoye_2_35sek_20260202_162827.parquet,Sit-Stand,Non-Fall,0.0,0,0
Standing_Xiaoye_2_35sek_20260202_162827.parquet,Sit-Stand,Non-Fall,0.0,0,0
Standing_Xiaoye_2_35sek_20260202_162827.parquet,Sit-Stand,Non-Fall,0.0,0,0
Standing_Xiaoye_2_35sek_20260202_162827.parquet,Sit-Stand,Non-Fall,0.0,0,0
Standing_Xiaoye_2_35sek_20260202_162827.parquet,Sit-Stand,Non-Fall,0.0,0,0
Standing_Xiaoye_2_35sek_20260202_162827.parquet,Sit-Stand,Non-Fall,0.0,0,0
Standing_Xiaoye_2_35sek_20260202_162827.parquet,Sit-Stand,Non-Fall,0.0,0,0
Standing_Xiaoye_2_35sek_20260202_162827.parquet,Sit-Stand,Non-Fall,0.0,0,0
Standing_Xiaoye_2_35sek_20260202_162827.parquet,Sit-Stand,Non-Fall,0.0,0,0
Standing_Xiaoye_2_35sek_20260202_162827.parquet,Sit-Stand,Non-Fall,0.0,0,0
Standing_Xiaoye_2_35sek_20260202_162827.parquet,Sit-Stand,Non-Fall,0.0,0,0
Standing_Xiaoye_2_35sek_20260202_162827.parquet,Sit-Stand,Non-Fall,0.0,0,0
Standing_Xiaoye_2_35sek_20260202_162827.parquet,Sit-Stand,Non-Fall,0.0,0,0
Standing_Xiaoye_2_35sek_20260202_162827.parquet,Sit-Stand,Non-Fall,0.0,0,0
Standing_Xiaoye_2_35sek_20260202_162827.parquet,Sit-Stand,Non-Fall,0.0,0,0
Standing_Xiaoye_2_35sek_20260202_162827.parquet,Sit-Stand,Non-Fall,0.0,0,0
Standing_Xiaoye_2_35sek_20260202_162827.parquet,Sit-Stand,Non-Fall,0.0,0,0
Standing_Xiaoye_2_35sek_20260202_162827.parquet,Sit-Stand,Non-Fall,0.0,0,0
Standing_Xiaoye_2_35sek_20260202_162827.parquet,Sit-Stand,Non-Fall,0.0,0,0
Standing_Xiaoye_2_35sek_20260202_162827.parquet,Sit-Stand,Non-Fall,0.0,0,0
Standing_Xiaoye_2_35sek_20260202_162827.parquet,Sit-Stand,Non-Fall,0.0,0,0
Standing_Xiaoye_2_35sek_20260202_162827.parquet,Sit-Stand,Non-Fall,0.0,0,0
Standing_Xiaoye_2_35sek_20260202_162827.parquet,Sit-Stand,Non-Fall,0.0,0,0
Standing_Xiaoye_2_35sek_20260202_162827.parquet,Sit-Stand,Non-Fall,0.0,0,0
Standing_Xiaoye_2_35sek_20260202_162827.parquet,Sit-Stand,Non-Fall,0.0,0,0
Standing_Xiaoye_2_35sek_20260202_162827.parquet,Sit-Stand,Non-Fall,0.0,0,0
Standing_Xiaoye_2_35sek_20260202_162827.parquet,Sit-Stand,Non-Fall,0.0,0,0
Standing_Xiaoye_2_35sek_20260202_162827.parquet,Sit-Stand,Non-Fall,0.0,0,0
Standing_Xiaoye_2_35sek_20260202_162827.parquet,Sit-Stand,Non-Fall,0.0,0,0
Standing_Xiaoye_2_35sek_20260202_162827.parquet,Sit-Stand,Non-Fall,0.0,0,0
Standing_Xiaoye_2_35sek_20260202_162827.parquet,Sit-Stand,Non-Fall,0.0,0,0
Standing_Xiaoye_2_35sek_20260202_162827.parquet,Sit-Stand,Non-Fall,0.0,0,0
Standing_Xiaoye_2_35sek_20260202_162827.parquet,Sit-Stand,Non-Fall,0.0,0,0
Standing_Xiaoye_2_35sek_20260202_162827.parquet,Sit-Stand,Non-Fall,0.0,0,0
Standing_Xiaoye_2_35sek_20260202_162827.parquet,Sit-Stand,Non-Fall,0.0,0,0
Standing_Xiaoye_2_35sek_20260202_162827.parquet,Sit-Stand,Non-Fall,0.0,0,0
Standing_Xiaoye_2_35sek_20260202_162827.parquet,Sit-Stand,Non-Fall,0.0,0,0
Standing_Xiaoye_2_35sek_20260202_162827.parquet,Sit-Stand,Non-Fall,0.0,0,0
Standing_Xiaoye_2_35sek_20260202_162827.parquet,Sit-Stand,Non-Fall,0.0,0,0
Standing_Xiaoye_2_35sek_20260202_162827.parquet,Sit-Stand,Non-Fall,0.0,0,0
Standing_Xiaoye_2_35sek_20260202_162827.parquet,Sit-Stand,Non-Fall,0.0,0,0
Standing_Xiaoye_2_35sek_20260202_162827.parquet,Sit-Stand,Non-Fall,0.0,0,0
Standing_Xiaoye_2_35sek_20260202_162827.parquet,Sit-Stand,Non-Fall,0.0,0,0
Standing_Xiaoye_2_35sek_20260202_162827.parquet,Sit-Stand,Non-Fall,0.0,0,0
Standing_Xiaoye_3_20sek_20260202_095326.parquet,Sit-Stand,Non-Fall,0.0,0,0
Standing_Xiaoye_3_20sek_20260202_095326.parquet,Sit-Stand,Non-Fall,0.0,0,0
Standing_Xiaoye_3_20sek_20260202_095326.parquet,Sit-Stand,Non-Fall,0.0,0,0
Standing_Xiaoye_3_20sek_20260202_095326.parquet,Sit-Stand,Non-Fall,0.0,0,0
Standing_Xiaoye_3_20sek_20260202_095326.parquet,Sit-Stand,Non-Fall,0.0,0,0
Standing_Xiaoye_3_20sek_20260202_095326.parquet,Sit-Stand,Non-Fall,0.0,0,0
Standing_Xiaoye_3_20sek_20260202_095326.parquet,Sit-Stand,Non-Fall,0.0,0,0
Standing_Xiaoye_3_20sek_20260202_095326.parquet,Sit-Stand,Non-Fall,0.0,0,0
Standing_Xiaoye_3_20sek_20260202_095326.parquet,Sit-Stand,Non-Fall,0.0,0,0
Standing_Xiaoye_3_20sek_20260202_095326.parquet,Sit-Stand,Non-Fall,0.0,0,0
Standing_Xiaoye_3_20sek_20260202_095326.parquet,Sit-Stand,Non-Fall,0.0,0,0
Standing_Xiaoye_3_20sek_20260202_095326.parquet,Sit-Stand,Non-Fall,0.0,0,0
Standing_Xiaoye_3_20sek_20260202_095326.parquet,Sit-Stand,Non-Fall,0.0,0,0
Standing_Xiaoye_3_20sek_20260202_095326.parquet,Sit-Stand,Non-Fall,0.0,0,0
Standing_Xiaoye_3_20sek_20260202_095326.parquet,Sit-Stand,Non-Fall,0.0,0,0
Standing_Xiaoye_3_20sek_20260202_095326.parquet,Sit-Stand,Non-Fall,0.0,0,0
Standing_Xiaoye_3_20sek_20260202_095326.parquet,Sit-Stand,Non-Fall,0.0,0,0
Standing_Xiaoye_3_20sek_20260202_095326.parquet,Sit-Stand,Non-Fall,0.0,0,0
Standing_Xiaoye_3_20sek_20260202_095326.parquet,Sit-Stand,Non-Fall,0.0,0,0
Standing_Xiaoye_3_20sek_20260202_095326.parquet,Sit-Stand,Non-Fall,0.0,0,0
Standing_Xiaoye_3_20sek_20260202_095326.parquet,Sit-Stand,Non-Fall,0.0,0,0
Standing_Xiaoye_3_20sek_20260202_095326.parquet,Sit-Stand,Non-Fall,0.0,0,0
Standing_Xiaoye_3_35sek_20260202_162956.parquet,Sit-Stand,Non-Fall,0.0,0,0
Standing_Xiaoye_3_35sek_20260202_162956.parquet,Sit-Stand,Non-Fall,0.0,0,0
Standing_Xiaoye_3_35sek_20260202_162956.parquet,Sit-Stand,Non-Fall,0.0,0,0
Standing_Xiaoye_3_35sek_20260202_162956.parquet,Sit-Stand,Non-Fall,0.0,0,0
Standing_Xiaoye_3_35sek_20260202_162956.parquet,Sit-Stand,Non-Fall,0.0,0,0
Standing_Xiaoye_3_35sek_20260202_162956.parquet,Sit-Stand,Non-Fall,0.0,0,0
Standing_Xiaoye_3_35sek_20260202_162956.parquet,Sit-Stand,Non-Fall,0.0,0,0
Standing_Xiaoye_3_35sek_20260202_162956.parquet,Sit-Stand,Non-Fall,0.0,0,0
Standing_Xiaoye_3_35sek_20260202_162956.parquet,Sit-Stand,Non-Fall,0.0,0,0
Standing_Xiaoye_3_35sek_20260202_162956.parquet,Sit-Stand,Non-Fall,0.0,0,0
Standing_Xiaoye_3_35sek_20260202_162956.parquet,Sit-Stand,Non-Fall,0.0,0,0
Standing_Xiaoye_3_35sek_20260202_162956.parquet,Sit-Stand,Non-Fall,0.0,0,0
Standing_Xiaoye_3_35sek_20260202_162956.parquet,Sit-Stand,Non-Fall,0.0,0,0
Standing_Xiaoye_3_35sek_20260202_162956.parquet,Sit-Stand,Non-Fall,0.0,0,0
Standing_Xiaoye_3_35sek_20260202_162956.parquet,Sit-Stand,Non-Fall,0.0,0,0
Standing_Xiaoye_3_35sek_20260202_162956.parquet,Sit-Stand,Non-Fall,0.01,0,0
Standing_Xiaoye_3_35sek_20260202_162956.parquet,Sit-Stand,Non-Fall,0.0,0,0
Standing_Xiaoye_3_35sek_20260202_162956.parquet,Sit-Stand,Non-Fall,0.01,0,0
Standing_Xiaoye_3_35sek_20260202_162956.parquet,Sit-Stand,Non-Fall,0.0,0,0
Standing_Xiaoye_3_35sek_20260202_162956.parquet,Sit-Stand,Non-Fall,0.0,0,0
Standing_Xiaoye_3_35sek_20260202_162956.parquet,Sit-Stand,Non-Fall,0.0,0,0
Standing_Xiaoye_3_35sek_20260202_162956.parquet,Sit-Stand,Non-Fall,0.0,0,0
Standing_Xiaoye_3_35sek_20260202_162956.parquet,Sit-Stand,Non-Fall,0.0,0,0
Standing_Xiaoye_3_35sek_20260202_162956.parquet,Sit-Stand,Non-Fall,0.0,0,0
Standing_Xiaoye_3_35sek_20260202_162956.parquet,Sit-Stand,Non-Fall,0.0,0,0
Standing_Xiaoye_3_35sek_20260202_162956.parquet,Sit-Stand,Non-Fall,0.0,0,0
Standing_Xiaoye_3_35sek_20260202_162956.parquet,Sit-Stand,Non-Fall,0.0,0,0
Standing_Xiaoye_3_35sek_20260202_162956.parquet,Sit-Stand,Non-Fall,0.0,0,0
Standing_Xiaoye_3_35sek_20260202_162956.parquet,Sit-Stand,Non-Fall,0.0,0,0
Standing_Xiaoye_3_35sek_20260202_162956.parquet,Sit-Stand,Non-Fall,0.0,0,0
Standing_Xiaoye_3_35sek_20260202_162956.parquet,Sit-Stand,Non-Fall,0.0,0,0
Standing_Xiaoye_3_35sek_20260202_162956.parquet,Sit-Stand,Non-Fall,0.0,0,0
Standing_Xiaoye_3_35sek_20260202_162956.parquet,Sit-Stand,Non-Fall,0.0,0,0
Standing_Xiaoye_3_35sek_20260202_162956.parquet,Sit-Stand,Non-Fall,0.0,0,0
Standing_Xiaoye_3_35sek_20260202_162956.parquet,Sit-Stand,Non-Fall,0.0,0,0
Standing_Xiaoye_3_35sek_20260202_162956.parquet,Sit-Stand,Non-Fall,0.0,0,0
Standing_Xiaoye_3_35sek_20260202_162956.parquet,Sit-Stand,Non-Fall,0.0,0,0
Standing_Xiaoye_3_35sek_20260202_162956.parquet,Sit-Stand,Non-Fall,0.0,0,0
Standing_Xiaoye_3_35sek_20260202_162956.parquet,Sit-Stand,Non-Fall,0.0,0,0
Standing_Xiaoye_3_35sek_20260202_162956.parquet,Sit-Stand,Non-Fall,0.0,0,0
Standing_Xiaoye_3_35sek_20260202_162956.parquet,Sit-Stand,Non-Fall,0.0,0,0
Standing_Xiaoye_3_35sek_20260202_162956.parquet,Sit-Stand,Non-Fall,0.0,0,0
Standing_Xiaoye_3_35sek_20260202_162956.parquet,Sit-Stand,Non-Fall,0.0,0,0
Standing_Xiaoye_3_35sek_20260202_162956.parquet,Sit-Stand,Non-Fall,0.0,0,0
Standing_Xiaoye_3_35sek_20260202_162956.parquet,Sit-Stand,Non-Fall,0.0,0,0
Standing_Xiaoye_3_35sek_20260202_162956.parquet,Sit-Stand,Non-Fall,0.0,0,0
Standing_Xiaoye_3_35sek_20260202_162956.parquet,Sit-Stand,Non-Fall,0.0,0,0
Standing_Xiaoye_3_35sek_20260202_162956.parquet,Sit-Stand,Non-Fall,0.0,0,0
Standing_Xiaoye_3_35sek_20260202_162956.parquet,Sit-Stand,Non-Fall,0.0,0,0
Standing_Xiaoye_3_35sek_20260202_162956.parquet,Sit-Stand,Non-Fall,0.0,0,0
Standing_Xiaoye_3_35sek_20260202_162956.parquet,Sit-Stand,Non-Fall,0.0,0,0
Standing_Xiaoye_3_35sek_20260202_162956.parquet,Sit-Stand,Non-Fall,0.0,0,0
Standing_Xiaoye_3_35sek_20260202_162956.parquet,Sit-Stand,Non-Fall,0.0,0,0
Standing_Xiaoye_3_35sek_20260202_162956.parquet,Sit-Stand,Non-Fall,0.0,0,0
Standing_Xiaoye_3_35sek_20260202_162956.parquet,Sit-Stand,Non-Fall,0.0,0,0
Standing_Xiaoye_3_35sek_20260202_162956.parquet,Sit-Stand,Non-Fall,0.0,0,0
Standing_p1_1_35sek_20260204_152857.parquet,Sit-Stand,Non-Fall,0.0,0,0
Standing_p1_1_35sek_20260204_152857.parquet,Sit-Stand,Non-Fall,0.0,0,0
Standing_p1_1_35sek_20260204_152857.parquet,Sit-Stand,Non-Fall,0.0,0,0
Standing_p1_1_35sek_20260204_152857.parquet,Sit-Stand,Non-Fall,0.0,0,0
Standing_p1_1_35sek_20260204_152857.parquet,Sit-Stand,Non-Fall,0.0,0,0
Standing_p1_1_35sek_20260204_152857.parquet,Sit-Stand,Non-Fall,0.0,0,0
Standing_p1_1_35sek_20260204_152857.parquet,Sit-Stand,Non-Fall,0.0,0,0
Standing_p1_1_35sek_20260204_152857.parquet,Sit-Stand,Non-Fall,0.0,0,0
Standing_p1_1_35sek_20260204_152857.parquet,Sit-Stand,Non-Fall,0.0,0,0
Standing_p1_1_35sek_20260204_152857.parquet,Sit-Stand,Non-Fall,0.0,0,0
Standing_p1_1_35sek_20260204_152857.parquet,Sit-Stand,Non-Fall,0.0,0,0
Standing_p1_1_35sek_20260204_152857.parquet,Sit-Stand,Non-Fall,0.0,0,0
Standing_p1_1_35sek_20260204_152857.parquet,Sit-Stand,Non-Fall,0.0,0,0
Standing_p1_1_35sek_20260204_152857.parquet,Sit-Stand,Non-Fall,0.0,0,0
Standing_p1_1_35sek_20260204_152857.parquet,Sit-Stand,Non-Fall,0.0,0,0
Standing_p1_1_35sek_20260204_152857.parquet,Sit-Stand,Non-Fall,0.0,0,0
Standing_p1_1_35sek_20260204_152857.parquet,Sit-Stand,Non-Fall,0.0,0,0
Standing_p1_1_35sek_20260204_152857.parquet,Sit-Stand,Non-Fall,0.0,0,0
Standing_p1_1_35sek_20260204_152857.parquet,Sit-Stand,Non-Fall,0.15,0,0
Standing_p1_1_35sek_20260204_152857.parquet,Sit-Stand,Non-Fall,0.01,0,0
Standing_p1_1_35sek_20260204_152857.parquet,Sit-Stand,Non-Fall,0.0,0,0
Standing_p1_1_35sek_20260204_152857.parquet,Sit-Stand,Non-Fall,0.25,0,0
Standing_p1_1_35sek_20260204_152857.parquet,Sit-Stand,Non-Fall,0.0,0,0
Standing_p1_1_35sek_20260204_152857.parquet,Sit-Stand,Non-Fall,0.0,0,0
Standing_p1_1_35sek_20260204_152857.parquet,Sit-Stand,Non-Fall,0.0,0,0
Standing_p1_1_35sek_20260204_152857.parquet,Sit-Stand,Non-Fall,0.01,0,0
Standing_p1_1_35sek_20260204_152857.parquet,Sit-Stand,Non-Fall,0.01,0,0
Standing_p1_1_35sek_20260204_152857.parquet,Sit-Stand,Non-Fall,0.0,0,0
Standing_p1_1_35sek_20260204_152857.parquet,Sit-Stand,Non-Fall,0.0,0,0
Standing_p1_1_35sek_20260204_152857.parquet,Sit-Stand,Non-Fall,0.0,0,0
Standing_p1_1_35sek_20260204_152857.parquet,Sit-Stand,Non-Fall,0.0,0,0
Standing_p1_1_35sek_20260204_152857.parquet,Sit-Stand,Non-Fall,0.0,0,0
Standing_p1_1_35sek_20260204_152857.parquet,Sit-Stand,Non-Fall,0.0,0,0
Standing_p1_1_35sek_20260204_152857.parquet,Sit-Stand,Non-Fall,0.0,0,0
Standing_p1_1_35sek_20260204_152857.parquet,Sit-Stand,Non-Fall,0.0,0,0
Standing_p1_1_35sek_20260204_152857.parquet,Sit-Stand,Non-Fall,0.0,0,0
Standing_p1_1_35sek_20260204_152857.parquet,Sit-Stand,Non-Fall,0.0,0,0
Standing_p1_1_35sek_20260204_152857.parquet,Sit-Stand,Non-Fall,0.0,0,0
Standing_p1_1_35sek_20260204_152857.parquet,Sit-Stand,Non-Fall,0.0,0,0
Standing_p1_1_35sek_20260204_152857.parquet,Sit-Stand,Non-Fall,0.0,0,0
Standing_p1_1_35sek_20260204_152857.parquet,Sit-Stand,Non-Fall,0.0,0,0
Standing_p1_1_35sek_20260204_152857.parquet,Sit-Stand,Non-Fall,0.0,0,0
Standing_p1_1_35sek_20260204_152857.parquet,Sit-Stand,Non-Fall,0.0,0,0
Standing_p1_1_35sek_20260204_152857.parquet,Sit-Stand,Non-Fall,0.0,0,0
Standing_p1_1_35sek_20260204_152857.parquet,Sit-Stand,Non-Fall,0.0,0,0
Standing_p1_1_35sek_20260204_152857.parquet,Sit-Stand,Non-Fall,0.0,0,0
Standing_p1_1_35sek_20260204_152857.parquet,Sit-Stand,Non-Fall,0.0,0,0
Standing_p1_1_35sek_20260204_152857.parquet,Sit-Stand,Non-Fall,0.0,0,0
Standing_p1_1_35sek_20260204_152857.parquet,Sit-Stand,Non-Fall,0.0,0,0
Standing_p1_2_35sek_20260204_152944.parquet,Sit-Stand,Non-Fall,0.0,0,0
Standing_p1_2_35sek_20260204_152944.parquet,Sit-Stand,Non-Fall,0.0,0,0
Standing_p1_2_35sek_20260204_152944.parquet,Sit-Stand,Non-Fall,0.0,0,0
Standing_p1_2_35sek_20260204_152944.parquet,Sit-Stand,Non-Fall,0.0,0,0
Standing_p1_2_35sek_20260204_152944.parquet,Sit-Stand,Non-Fall,0.0,0,0
Standing_p1_2_35sek_20260204_152944.parquet,Sit-Stand,Non-Fall,0.0,0,0
Standing_p1_2_35sek_20260204_152944.parquet,Sit-Stand,Non-Fall,0.0,0,0
Standing_p1_2_35sek_20260204_152944.parquet,Sit-Stand,Non-Fall,0.0,0,0
Standing_p1_2_35sek_20260204_152944.parquet,Sit-Stand,Non-Fall,0.0,0,0
Standing_p1_2_35sek_20260204_152944.parquet,Sit-Stand,Non-Fall,0.0,0,0
Standing_p1_2_35sek_20260204_152944.parquet,Sit-Stand,Non-Fall,0.0,0,0
Standing_p1_2_35sek_20260204_152944.parquet,Sit-Stand,Non-Fall,0.0,0,0
Standing_p1_2_35sek_20260204_152944.parquet,Sit-Stand,Non-Fall,0.0,0,0
Standing_p1_2_35sek_20260204_152944.parquet,Sit-Stand,Non-Fall,0.0,0,0
Standing_p1_2_35sek_20260204_152944.parquet,Sit-Stand,Non-Fall,0.0,0,0
Standing_p1_2_35sek_20260204_152944.parquet,Sit-Stand,Non-Fall,0.0,0,0
Standing_p1_2_35sek_20260204_152944.parquet,Sit-Stand,Non-Fall,0.0,0,0
Standing_p1_2_35sek_20260204_152944.parquet,Sit-Stand,Non-Fall,0.0,0,0
Standing_p1_2_35sek_20260204_152944.parquet,Sit-Stand,Non-Fall,0.0,0,0
Standing_p1_2_35sek_20260204_152944.parquet,Sit-Stand,Non-Fall,0.0,0,0
Standing_p1_2_35sek_20260204_152944.parquet,Sit-Stand,Non-Fall,0.0,0,0
Standing_p1_2_35sek_20260204_152944.parquet,Sit-Stand,Non-Fall,0.0,0,0
Standing_p1_2_35sek_20260204_152944.parquet,Sit-Stand,Non-Fall,0.0,0,0
Standing_p1_2_35sek_20260204_152944.parquet,Sit-Stand,Non-Fall,0.0,0,0
Standing_p1_2_35sek_20260204_152944.parquet,Sit-Stand,Non-Fall,0.0,0,0
Standing_p1_2_35sek_20260204_152944.parquet,Sit-Stand,Non-Fall,0.0,0,0
Standing_p1_2_35sek_20260204_152944.parquet,Sit-Stand,Non-Fall,0.0,0,0
Standing_p1_2_35sek_20260204_152944.parquet,Sit-Stand,Non-Fall,0.0,0,0
Standing_p1_2_35sek_20260204_152944.parquet,Sit-Stand,Non-Fall,0.0,0,0
Standing_p1_2_35sek_20260204_152944.parquet,Sit-Stand,Non-Fall,0.0,0,0
Standing_p1_2_35sek_20260204_152944.parquet,Sit-Stand,Non-Fall,0.0,0,0
Standing_p1_2_35sek_20260204_152944.parquet,Sit-Stand,Non-Fall,0.0,0,0
Standing_p1_2_35sek_20260204_152944.parquet,Sit-Stand,Non-Fall,0.0,0,0
Standing_p1_2_35sek_20260204_152944.parquet,Sit-Stand,Non-Fall,0.0,0,0
Standing_p1_2_35sek_20260204_152944.parquet,Sit-Stand,Non-Fall,0.0,0,0
Standing_p1_2_35sek_20260204_152944.parquet,Sit-Stand,Non-Fall,0.0,0,0
Standing_p1_2_35sek_20260204_152944.parquet,Sit-Stand,Non-Fall,0.0,0,0
Standing_p1_2_35sek_20260204_152944.parquet,Sit-Stand,Non-Fall,0.0,0,0
Standing_p1_2_35sek_20260204_152944.parquet,Sit-Stand,Non-Fall,0.0,0,0
Standing_p1_2_35sek_20260204_152944.parquet,Sit-Stand,Non-Fall,0.0,0,0
Standing_p1_2_35sek_20260204_152944.parquet,Sit-Stand,Non-Fall,0.0,0,0
Standing_p1_2_35sek_20260204_152944.parquet,Sit-Stand,Non-Fall,0.0,0,0
Standing_p1_2_35sek_20260204_152944.parquet,Sit-Stand,Non-Fall,0.0,0,0
Standing_p1_2_35sek_20260204_152944.parquet,Sit-Stand,Non-Fall,0.0,0,0
Standing_p1_2_35sek_20260204_152944.parquet,Sit-Stand,Non-Fall,0.0,0,0
Standing_p1_2_35sek_20260204_152944.parquet,Sit-Stand,Non-Fall,0.0,0,0
Standing_p1_2_35sek_20260204_152944.parquet,Sit-Stand,Non-Fall,0.0,0,0
Standing_p1_2_35sek_20260204_152944.parquet,Sit-Stand,Non-Fall,0.0,0,0
Standing_p1_2_35sek_20260204_152944.parquet,Sit-Stand,Non-Fall,0.0,0,0
Standing_p1_2_35sek_20260204_152944.parquet,Sit-Stand,Non-Fall,0.0,0,0
Standing_p1_2_35sek_20260204_152944.parquet,Sit-Stand,Non-Fall,0.0,0,0
Standing_p1_2_35sek_20260204_152944.parquet,Sit-Stand,Non-Fall,0.0,0,0
Standing_p1_2_35sek_20260204_152944.parquet,Sit-Stand,Non-Fall,0.0,0,0
Standing_p1_2_35sek_20260204_152944.parquet,Sit-Stand,Non-Fall,0.0,0,0
Standing_p1_2_35sek_20260204_152944.parquet,Sit-Stand,Non-Fall,0.0,0,0
Standing_p1_2_35sek_20260204_152944.parquet,Sit-Stand,Non-Fall,0.0,0,0
Standing_p1_2_35sek_20260204_152944.parquet,Sit-Stand,Non-Fall,0.0,0,0
Standing_p1_2_35sek_20260204_152944.parquet,Sit-Stand,Non-Fall,0.0,0,0
Standing_p1_2_35sek_20260204_152944.parquet,Sit-Stand,Non-Fall,0.0,0,0
Standing_p1_2_35sek_20260204_152944.parquet,Sit-Stand,Non-Fall,0.0,0,0
Standing_p1_2_35sek_20260204_152944.parquet,Sit-Stand,Non-Fall,0.0,0,0
Standing_p1_2_35sek_20260204_152944.parquet,Sit-Stand,Non-Fall,0.0,0,0
Standing_p1_2_35sek_20260204_152944.parquet,Sit-Stand,Non-Fall,0.0,0,0
Standing_p1_2_35sek_20260204_152944.parquet,Sit-Stand,Non-Fall,0.0,0,0
Standing_p1_2_35sek_20260204_152944.parquet,Sit-Stand,Non-Fall,0.0,0,0
Standing_p1_2_35sek_20260204_152944.parquet,Sit-Stand,Non-Fall,0.0,0,0
Standing_p1_2_35sek_20260204_152944.parquet,Sit-Stand,Non-Fall,0.0,0,0
Standing_p1_2_35sek_20260204_152944.parquet,Sit-Stand,Non-Fall,0.0,0,0
Standing_p1_2_35sek_20260204_152944.parquet,Sit-Stand,Non-Fall,0.0,0,0
Standing_p1_2_35sek_20260204_152944.parquet,Sit-Stand,Non-Fall,0.0,0,0
Standing_p1_2_35sek_20260204_152944.parquet,Sit-Stand,Non-Fall,0.0,0,0
Standing_p1_2_35sek_20260204_152944.parquet,Sit-Stand,Non-Fall,0.0,0,0
Standing_p1_3_35sek_20260204_153104.parquet,Sit-Stand,Non-Fall,0.16,0,0
Standing_p1_3_35sek_20260204_153104.parquet,Sit-Stand,Non-Fall,0.39,1,0
Standing_p1_3_35sek_20260204_153104.parquet,Sit-Stand,Non-Fall,0.0,0,0
Standing_p1_3_35sek_20260204_153104.parquet,Sit-Stand,Non-Fall,0.0,0,0
Standing_p1_3_35sek_20260204_153104.parquet,Sit-Stand,Non-Fall,0.0,0,0
Standing_p1_3_35sek_20260204_153104.parquet,Sit-Stand,Non-Fall,0.0,0,0
Standing_p1_3_35sek_20260204_153104.parquet,Sit-Stand,Non-Fall,0.0,0,0
Standing_p1_3_35sek_20260204_153104.parquet,Sit-Stand,Non-Fall,0.0,0,0
Standing_p1_3_35sek_20260204_153104.parquet,Sit-Stand,Non-Fall,0.0,0,0
Standing_p1_3_35sek_20260204_153104.parquet,Sit-Stand,Non-Fall,0.0,0,0
Standing_p1_3_35sek_20260204_153104.parquet,Sit-Stand,Non-Fall,0.0,0,0
Standing_p1_3_35sek_20260204_153104.parquet,Sit-Stand,Non-Fall,0.0,0,0
Standing_p1_3_35sek_20260204_153104.parquet,Sit-Stand,Non-Fall,0.0,0,0
Standing_p1_3_35sek_20260204_153104.parquet,Sit-Stand,Non-Fall,0.0,0,0
Standing_p1_3_35sek_20260204_153104.parquet,Sit-Stand,Non-Fall,0.0,0,0
Standing_p1_3_35sek_20260204_153104.parquet,Sit-Stand,Non-Fall,0.0,0,0
Standing_p1_3_35sek_20260204_153104.parquet,Sit-Stand,Non-Fall,0.0,0,0
Standing_p1_3_35sek_20260204_153104.parquet,Sit-Stand,Non-Fall,0.0,0,0
Standing_p1_3_35sek_20260204_153104.parquet,Sit-Stand,Non-Fall,0.0,0,0
Standing_p1_3_35sek_20260204_153104.parquet,Sit-Stand,Non-Fall,0.0,0,0
Standing_p1_3_35sek_20260204_153104.parquet,Sit-Stand,Non-Fall,0.0,0,0
Standing_p1_3_35sek_20260204_153104.parquet,Sit-Stand,Non-Fall,0.0,0,0
Standing_p1_3_35sek_20260204_153104.parquet,Sit-Stand,Non-Fall,0.0,0,0
Standing_p1_3_35sek_20260204_153104.parquet,Sit-Stand,Non-Fall,0.0,0,0
Standing_p1_3_35sek_20260204_153104.parquet,Sit-Stand,Non-Fall,0.0,0,0
Standing_p1_3_35sek_20260204_153104.parquet,Sit-Stand,Non-Fall,0.0,0,0
Standing_p1_3_35sek_20260204_153104.parquet,Sit-Stand,Non-Fall,0.0,0,0
Standing_p1_3_35sek_20260204_153104.parquet,Sit-Stand,Non-Fall,0.0,0,0
Standing_p1_3_35sek_20260204_153104.parquet,Sit-Stand,Non-Fall,0.0,0,0
Standing_p1_3_35sek_20260204_153104.parquet,Sit-Stand,Non-Fall,0.0,0,0
Standing_p1_3_35sek_20260204_153104.parquet,Sit-Stand,Non-Fall,0.0,0,0
Standing_p1_3_35sek_20260204_153104.parquet,Sit-Stand,Non-Fall,0.0,0,0
Standing_p1_3_35sek_20260204_153104.parquet,Sit-Stand,Non-Fall,0.0,0,0
Standing_p1_3_35sek_20260204_153104.parquet,Sit-Stand,Non-Fall,0.0,0,0
Standing_p1_3_35sek_20260204_153104.parquet,Sit-Stand,Non-Fall,0.0,0,0
Standing_p1_3_35sek_20260204_153104.parquet,Sit-Stand,Non-Fall,0.0,0,0
Standing_p1_3_35sek_20260204_153104.parquet,Sit-Stand,Non-Fall,0.0,0,0
Standing_p1_3_35sek_20260204_153104.parquet,Sit-Stand,Non-Fall,0.0,0,0
Standing_p1_3_35sek_20260204_153104.parquet,Sit-Stand,Non-Fall,0.0,0,0
Standing_p1_3_35sek_20260204_153104.parquet,Sit-Stand,Non-Fall,0.0,0,0
Standing_p1_3_35sek_20260204_153104.parquet,Sit-Stand,Non-Fall,0.0,0,0
Standing_p1_3_35sek_20260204_153104.parquet,Sit-Stand,Non-Fall,0.0,0,0
Standing_p1_3_35sek_20260204_153104.parquet,Sit-Stand,Non-Fall,0.0,0,0
Standing_p1_3_35sek_20260204_153104.parquet,Sit-Stand,Non-Fall,0.0,0,0
Standing_p1_3_35sek_20260204_153104.parquet,Sit-Stand,Non-Fall,0.0,0,0
Standing_p1_3_35sek_20260204_153104.parquet,Sit-Stand,Non-Fall,0.0,0,0
Standing_p1_3_35sek_20260204_153104.parquet,Sit-Stand,Non-Fall,0.0,0,0
Standing_p1_3_35sek_20260204_153104.parquet,Sit-Stand,Non-Fall,0.0,0,0
Standing_p1_3_35sek_20260204_153104.parquet,Sit-Stand,Non-Fall,0.0,0,0
Standing_p1_3_35sek_20260204_153104.parquet,Sit-Stand,Non-Fall,0.0,0,0
Standing_p1_3_35sek_20260204_153104.parquet,Sit-Stand,Non-Fall,0.0,0,0
Standing_p2_1_35sek_20260204_154843.parquet,Sit-Stand,Non-Fall,0.0,0,0
Standing_p2_1_35sek_20260204_154843.parquet,Sit-Stand,Non-Fall,0.0,0,0
Standing_p2_1_35sek_20260204_154843.parquet,Sit-Stand,Non-Fall,0.0,0,0
Standing_p2_1_35sek_20260204_154843.parquet,Sit-Stand,Non-Fall,0.0,0,0
Standing_p2_1_35sek_20260204_154843.parquet,Sit-Stand,Non-Fall,0.01,0,0
Standing_p2_1_35sek_20260204_154843.parquet,Sit-Stand,Non-Fall,0.01,0,0
Standing_p2_1_35sek_20260204_154843.parquet,Sit-Stand,Non-Fall,0.0,0,0
Standing_p2_1_35sek_20260204_154843.parquet,Sit-Stand,Non-Fall,0.0,0,0
Standing_p2_1_35sek_20260204_154843.parquet,Sit-Stand,Non-Fall,0.0,0,0
Standing_p2_1_35sek_20260204_154843.parquet,Sit-Stand,Non-Fall,0.0,0,0
Standing_p2_1_35sek_20260204_154843.parquet,Sit-Stand,Non-Fall,0.0,0,0
Standing_p2_1_35sek_20260204_154843.parquet,Sit-Stand,Non-Fall,0.0,0,0
Standing_p2_1_35sek_20260204_154843.parquet,Sit-Stand,Non-Fall,0.0,0,0
Standing_p2_1_35sek_20260204_154843.parquet,Sit-Stand,Non-Fall,0.0,0,0
Standing_p2_1_35sek_20260204_154843.parquet,Sit-Stand,Non-Fall,0.0,0,0
Standing_p2_1_35sek_20260204_154843.parquet,Sit-Stand,Non-Fall,0.0,0,0
Standing_p2_1_35sek_20260204_154843.parquet,Sit-Stand,Non-Fall,0.0,0,0
Standing_p2_1_35sek_20260204_154843.parquet,Sit-Stand,Non-Fall,0.0,0,0
Standing_p2_1_35sek_20260204_154843.parquet,Sit-Stand,Non-Fall,0.0,0,0
Standing_p2_1_35sek_20260204_154843.parquet,Sit-Stand,Non-Fall,0.0,0,0
Standing_p2_1_35sek_20260204_154843.parquet,Sit-Stand,Non-Fall,0.0,0,0
Standing_p2_1_35sek_20260204_154843.parquet,Sit-Stand,Non-Fall,0.0,0,0
Standing_p2_1_35sek_20260204_154843.parquet,Sit-Stand,Non-Fall,0.0,0,0
Standing_p2_1_35sek_20260204_154843.parquet,Sit-Stand,Non-Fall,0.0,0,0
Standing_p2_1_35sek_20260204_154843.parquet,Sit-Stand,Non-Fall,0.0,0,0
Standing_p2_1_35sek_20260204_154843.parquet,Sit-Stand,Non-Fall,0.0,0,0
Standing_p2_1_35sek_20260204_154843.parquet,Sit-Stand,Non-Fall,0.0,0,0
Standing_p2_1_35sek_20260204_154843.parquet,Sit-Stand,Non-Fall,0.0,0,0
Standing_p2_1_35sek_20260204_154843.parquet,Sit-Stand,Non-Fall,0.0,0,0
Standing_p2_1_35sek_20260204_154843.parquet,Sit-Stand,Non-Fall,0.0,0,0
Standing_p2_1_35sek_20260204_154843.parquet,Sit-Stand,Non-Fall,0.0,0,0
Standing_p2_1_35sek_20260204_154843.parquet,Sit-Stand,Non-Fall,0.0,0,0
Standing_p2_1_35sek_20260204_154843.parquet,Sit-Stand,Non-Fall,0.0,0,0
Standing_p2_1_35sek_20260204_154843.parquet,Sit-Stand,Non-Fall,0.0,0,0
Standing_p2_1_35sek_20260204_154843.parquet,Sit-Stand,Non-Fall,0.0,0,0
Standing_p2_1_35sek_20260204_154843.parquet,Sit-Stand,Non-Fall,0.0,0,0
Standing_p2_1_35sek_20260204_154843.parquet,Sit-Stand,Non-Fall,0.0,0,0
Standing_p2_1_35sek_20260204_154843.parquet,Sit-Stand,Non-Fall,0.0,0,0
Standing_p2_1_35sek_20260204_154843.parquet,Sit-Stand,Non-Fall,0.0,0,0
Standing_p2_1_35sek_20260204_154843.parquet,Sit-Stand,Non-Fall,0.0,0,0
Standing_p2_1_35sek_20260204_154843.parquet,Sit-Stand,Non-Fall,0.0,0,0
Standing_p2_1_35sek_20260204_154843.parquet,Sit-Stand,Non-Fall,0.0,0,0
Standing_p2_1_35sek_20260204_154843.parquet,Sit-Stand,Non-Fall,0.0,0,0
Standing_p2_1_35sek_20260204_154843.parquet,Sit-Stand,Non-Fall,0.0,0,0
Standing_p2_1_35sek_20260204_154843.parquet,Sit-Stand,Non-Fall,0.0,0,0
Standing_p2_1_35sek_20260204_154843.parquet,Sit-Stand,Non-Fall,0.0,0,0
Standing_p2_1_35sek_20260204_154843.parquet,Sit-Stand,Non-Fall,0.0,0,0
Standing_p2_1_35sek_20260204_154843.parquet,Sit-Stand,Non-Fall,0.0,0,0
Standing_p2_1_35sek_20260204_154843.parquet,Sit-Stand,Non-Fall,0.0,0,0
Standing_p2_1_35sek_20260204_154843.parquet,Sit-Stand,Non-Fall,0.0,0,0
Standing_p2_1_35sek_20260204_154843.parquet,Sit-Stand,Non-Fall,0.0,0,0
Standing_p2_1_35sek_20260204_154843.parquet,Sit-Stand,Non-Fall,0.0,0,0
Standing_p2_1_35sek_20260204_154843.parquet,Sit-Stand,Non-Fall,0.0,0,0
Standing_p2_1_35sek_20260204_154843.parquet,Sit-Stand,Non-Fall,0.0,0,0
Standing_p2_1_35sek_20260204_154843.parquet,Sit-Stand,Non-Fall,0.0,0,0
Standing_p2_1_35sek_20260204_154843.parquet,Sit-Stand,Non-Fall,0.0,0,0
Standing_p2_2_35sek_20260204_154943.parquet,Sit-Stand,Non-Fall,0.0,0,0
Standing_p2_2_35sek_20260204_154943.parquet,Sit-Stand,Non-Fall,0.0,0,0
Standing_p2_2_35sek_20260204_154943.parquet,Sit-Stand,Non-Fall,0.0,0,0
Standing_p2_2_35sek_20260204_154943.parquet,Sit-Stand,Non-Fall,0.0,0,0
Standing_p2_2_35sek_20260204_154943.parquet,Sit-Stand,Non-Fall,0.0,0,0
Standing_p2_2_35sek_20260204_154943.parquet,Sit-Stand,Non-Fall,0.0,0,0
Standing_p2_2_35sek_20260204_154943.parquet,Sit-Stand,Non-Fall,0.0,0,0
Standing_p2_2_35sek_20260204_154943.parquet,Sit-Stand,Non-Fall,0.0,0,0
Standing_p2_2_35sek_20260204_154943.parquet,Sit-Stand,Non-Fall,0.0,0,0
Standing_p2_2_35sek_20260204_154943.parquet,Sit-Stand,Non-Fall,0.0,0,0
Standing_p2_2_35sek_20260204_154943.parquet,Sit-Stand,Non-Fall,0.0,0,0
Standing_p2_2_35sek_20260204_154943.parquet,Sit-Stand,Non-Fall,0.0,0,0
Standing_p2_2_35sek_20260204_154943.parquet,Sit-Stand,Non-Fall,0.0,0,0
Standing_p2_2_35sek_20260204_154943.parquet,Sit-Stand,Non-Fall,0.0,0,0
Standing_p2_2_35sek_20260204_154943.parquet,Sit-Stand,Non-Fall,0.0,0,0
Standing_p2_2_35sek_20260204_154943.parquet,Sit-Stand,Non-Fall,0.0,0,0
Standing_p2_2_35sek_20260204_154943.parquet,Sit-Stand,Non-Fall,0.0,0,0
Standing_p2_2_35sek_20260204_154943.parquet,Sit-Stand,Non-Fall,0.0,0,0
Standing_p2_2_35sek_20260204_154943.parquet,Sit-Stand,Non-Fall,0.0,0,0
Standing_p2_2_35sek_20260204_154943.parquet,Sit-Stand,Non-Fall,0.0,0,0
Standing_p2_2_35sek_20260204_154943.parquet,Sit-Stand,Non-Fall,0.0,0,0
Standing_p2_2_35sek_20260204_154943.parquet,Sit-Stand,Non-Fall,0.0,0,0
Standing_p2_2_35sek_20260204_154943.parquet,Sit-Stand,Non-Fall,0.0,0,0
Standing_p2_2_35sek_20260204_154943.parquet,Sit-Stand,Non-Fall,0.0,0,0
Standing_p2_2_35sek_20260204_154943.parquet,Sit-Stand,Non-Fall,0.0,0,0
Standing_p2_2_35sek_20260204_154943.parquet,Sit-Stand,Non-Fall,0.0,0,0
Standing_p2_2_35sek_20260204_154943.parquet,Sit-Stand,Non-Fall,0.0,0,0
Standing_p2_2_35sek_20260204_154943.parquet,Sit-Stand,Non-Fall,0.0,0,0
Standing_p2_2_35sek_20260204_154943.parquet,Sit-Stand,Non-Fall,0.0,0,0
Standing_p2_2_35sek_20260204_154943.parquet,Sit-Stand,Non-Fall,0.0,0,0
Standing_p2_2_35sek_20260204_154943.parquet,Sit-Stand,Non-Fall,0.0,0,0
Standing_p2_2_35sek_20260204_154943.parquet,Sit-Stand,Non-Fall,0.0,0,0
Standing_p2_2_35sek_20260204_154943.parquet,Sit-Stand,Non-Fall,0.0,0,0
Standing_p2_2_35sek_20260204_154943.parquet,Sit-Stand,Non-Fall,0.0,0,0
Standing_p2_2_35sek_20260204_154943.parquet,Sit-Stand,Non-Fall,0.0,0,0
Standing_p2_2_35sek_20260204_154943.parquet,Sit-Stand,Non-Fall,0.0,0,0
Standing_p2_2_35sek_20260204_154943.parquet,Sit-Stand,Non-Fall,0.0,0,0
Standing_p2_2_35sek_20260204_154943.parquet,Sit-Stand,Non-Fall,0.0,0,0
Standing_p2_2_35sek_20260204_154943.parquet,Sit-Stand,Non-Fall,0.0,0,0
Standing_p2_2_35sek_20260204_154943.parquet,Sit-Stand,Non-Fall,0.0,0,0
Standing_p2_2_35sek_20260204_154943.parquet,Sit-Stand,Non-Fall,0.0,0,0
Standing_p2_2_35sek_20260204_154943.parquet,Sit-Stand,Non-Fall,0.0,0,0
Standing_p2_2_35sek_20260204_154943.parquet,Sit-Stand,Non-Fall,0.0,0,0
Standing_p2_2_35sek_20260204_154943.parquet,Sit-Stand,Non-Fall,0.0,0,0
Standing_p2_2_35sek_20260204_154943.parquet,Sit-Stand,Non-Fall,0.0,0,0
Standing_p2_2_35sek_20260204_154943.parquet,Sit-Stand,Non-Fall,0.0,0,0
Standing_p2_2_35sek_20260204_154943.parquet,Sit-Stand,Non-Fall,0.0,0,0
Standing_p2_2_35sek_20260204_154943.parquet,Sit-Stand,Non-Fall,0.0,0,0
Standing_p2_2_35sek_20260204_154943.parquet,Sit-Stand,Non-Fall,0.0,0,0
Standing_p2_2_35sek_20260204_154943.parquet,Sit-Stand,Non-Fall,0.0,0,0
Standing_p2_2_35sek_20260204_154943.parquet,Sit-Stand,Non-Fall,0.0,0,0
Standing_p2_2_35sek_20260204_154943.parquet,Sit-Stand,Non-Fall,0.0,0,0
Standing_p2_2_35sek_20260204_154943.parquet,Sit-Stand,Non-Fall,0.0,0,0
Standing_p2_2_35sek_20260204_154943.parquet,Sit-Stand,Non-Fall,0.0,0,0
Standing_p2_2_35sek_20260204_154943.parquet,Sit-Stand,Non-Fall,0.0,0,0
Standing_p2_2_35sek_20260204_154943.parquet,Sit-Stand,Non-Fall,0.0,0,0
Standing_p2_2_35sek_20260204_154943.parquet,Sit-Stand,Non-Fall,0.0,0,0
Standing_p2_2_35sek_20260204_154943.parquet,Sit-Stand,Non-Fall,0.0,0,0
Standing_p2_2_35sek_20260204_154943.parquet,Sit-Stand,Non-Fall,0.0,0,0
Standing_p2_2_35sek_20260204_154943.parquet,Sit-Stand,Non-Fall,0.0,0,0
Standing_p2_2_35sek_20260204_154943.parquet,Sit-Stand,Non-Fall,0.0,0,0
Standing_p2_2_35sek_20260204_154943.parquet,Sit-Stand,Non-Fall,0.0,0,0
Standing_p2_2_35sek_20260204_154943.parquet,Sit-Stand,Non-Fall,0.0,0,0
Standing_p2_2_35sek_20260204_154943.parquet,Sit-Stand,Non-Fall,0.0,0,0
Standing_p2_2_35sek_20260204_154943.parquet,Sit-Stand,Non-Fall,0.0,0,0
Standing_p2_2_35sek_20260204_154943.parquet,Sit-Stand,Non-Fall,0.0,0,0
Standing_p2_2_35sek_20260204_154943.parquet,Sit-Stand,Non-Fall,0.0,0,0
Standing_p2_2_35sek_20260204_154943.parquet,Sit-Stand,Non-Fall,0.0,0,0
Standing_p2_2_35sek_20260204_154943.parquet,Sit-Stand,Non-Fall,0.0,0,0
Standing_p2_2_35sek_20260204_154943.parquet,Sit-Stand,Non-Fall,0.0,0,0
Standing_p2_2_35sek_20260204_154943.parquet,Sit-Stand,Non-Fall,0.0,0,0
Standing_p2_3_35sek_20260204_155033.parquet,Sit-Stand,Non-Fall,0.0,0,0
Standing_p2_3_35sek_20260204_155033.parquet,Sit-Stand,Non-Fall,0.0,0,0
Standing_p2_3_35sek_20260204_155033.parquet,Sit-Stand,Non-Fall,0.0,0,0
Standing_p2_3_35sek_20260204_155033.parquet,Sit-Stand,Non-Fall,0.0,0,0
Standing_p2_3_35sek_20260204_155033.parquet,Sit-Stand,Non-Fall,0.0,0,0
Standing_p2_3_35sek_20260204_155033.parquet,Sit-Stand,Non-Fall,0.0,0,0
Standing_p2_3_35sek_20260204_155033.parquet,Sit-Stand,Non-Fall,0.0,0,0
Standing_p2_3_35sek_20260204_155033.parquet,Sit-Stand,Non-Fall,0.0,0,0
Standing_p2_3_35sek_20260204_155033.parquet,Sit-Stand,Non-Fall,0.0,0,0
Standing_p2_3_35sek_20260204_155033.parquet,Sit-Stand,Non-Fall,0.0,0,0
Standing_p2_3_35sek_20260204_155033.parquet,Sit-Stand,Non-Fall,0.0,0,0
Standing_p2_3_35sek_20260204_155033.parquet,Sit-Stand,Non-Fall,0.0,0,0
Standing_p2_3_35sek_20260204_155033.parquet,Sit-Stand,Non-Fall,0.0,0,0
Standing_p2_3_35sek_20260204_155033.parquet,Sit-Stand,Non-Fall,0.0,0,0
Standing_p2_3_35sek_20260204_155033.parquet,Sit-Stand,Non-Fall,0.0,0,0
Standing_p2_3_35sek_20260204_155033.parquet,Sit-Stand,Non-Fall,0.0,0,0
Standing_p2_3_35sek_20260204_155033.parquet,Sit-Stand,Non-Fall,0.0,0,0
Standing_p2_3_35sek_20260204_155033.parquet,Sit-Stand,Non-Fall,0.0,0,0
Standing_p2_3_35sek_20260204_155033.parquet,Sit-Stand,Non-Fall,0.0,0,0
Standing_p2_3_35sek_20260204_155033.parquet,Sit-Stand,Non-Fall,0.0,0,0
Standing_p2_3_35sek_20260204_155033.parquet,Sit-Stand,Non-Fall,0.0,0,0
Standing_p2_3_35sek_20260204_155033.parquet,Sit-Stand,Non-Fall,0.0,0,0
Standing_p2_3_35sek_20260204_155033.parquet,Sit-Stand,Non-Fall,0.0,0,0
Standing_p2_3_35sek_20260204_155033.parquet,Sit-Stand,Non-Fall,0.0,0,0
Standing_p2_3_35sek_20260204_155033.parquet,Sit-Stand,Non-Fall,0.0,0,0
Standing_p2_3_35sek_20260204_155033.parquet,Sit-Stand,Non-Fall,0.0,0,0
Standing_p2_3_35sek_20260204_155033.parquet,Sit-Stand,Non-Fall,0.0,0,0
Standing_p2_3_35sek_20260204_155033.parquet,Sit-Stand,Non-Fall,0.0,0,0
Standing_p2_3_35sek_20260204_155033.parquet,Sit-Stand,Non-Fall,0.0,0,0
Standing_p2_3_35sek_20260204_155033.parquet,Sit-Stand,Non-Fall,0.0,0,0
Standing_p2_3_35sek_20260204_155033.parquet,Sit-Stand,Non-Fall,0.0,0,0
Standing_p2_3_35sek_20260204_155033.parquet,Sit-Stand,Non-Fall,0.0,0,0
Standing_p2_3_35sek_20260204_155033.parquet,Sit-Stand,Non-Fall,0.0,0,0
Standing_p2_3_35sek_20260204_155033.parquet,Sit-Stand,Non-Fall,0.0,0,0
Standing_p2_3_35sek_20260204_155033.parquet,Sit-Stand,Non-Fall,0.0,0,0
Standing_p2_3_35sek_20260204_155033.parquet,Sit-Stand,Non-Fall,0.0,0,0
Standing_p2_3_35sek_20260204_155033.parquet,Sit-Stand,Non-Fall,0.0,0,0
Standing_p2_3_35sek_20260204_155033.parquet,Sit-Stand,Non-Fall,0.0,0,0
Standing_p2_3_35sek_20260204_155033.parquet,Sit-Stand,Non-Fall,0.0,0,0
Standing_p2_3_35sek_20260204_155033.parquet,Sit-Stand,Non-Fall,0.0,0,0
Standing_p2_3_35sek_20260204_155033.parquet,Sit-Stand,Non-Fall,0.0,0,0
Standing_p2_3_35sek_20260204_155033.parquet,Sit-Stand,Non-Fall,0.0,0,0
Standing_p2_3_35sek_20260204_155033.parquet,Sit-Stand,Non-Fall,0.0,0,0
Standing_p2_3_35sek_20260204_155033.parquet,Sit-Stand,Non-Fall,0.0,0,0
Standing_p2_3_35sek_20260204_155033.parquet,Sit-Stand,Non-Fall,0.0,0,0
Standing_p2_3_35sek_20260204_155033.parquet,Sit-Stand,Non-Fall,0.0,0,0
Standing_p2_3_35sek_20260204_155033.parquet,Sit-Stand,Non-Fall,0.0,0,0
Standing_p2_3_35sek_20260204_155033.parquet,Sit-Stand,Non-Fall,0.0,0,0
Standing_p2_3_35sek_20260204_155033.parquet,Sit-Stand,Non-Fall,0.0,0,0
Standing_p2_3_35sek_20260204_155033.parquet,Sit-Stand,Non-Fall,0.0,0,0
Standing_p2_3_35sek_20260204_155033.parquet,Sit-Stand,Non-Fall,0.0,0,0
Standing_p2_3_35sek_20260204_155033.parquet,Sit-Stand,Non-Fall,0.0,0,0
Standing_p2_3_35sek_20260204_155033.parquet,Sit-Stand,Non-Fall,0.0,0,0
Standing_p2_3_35sek_20260204_155033.parquet,Sit-Stand,Non-Fall,0.0,0,0
Standing_p2_3_35sek_20260204_155033.parquet,Sit-Stand,Non-Fall,0.0,0,0
Standing_p2_3_35sek_20260204_155033.parquet,Sit-Stand,Non-Fall,0.0,0,0
Standing_p2_3_35sek_20260204_155033.parquet,Sit-Stand,Non-Fall,0.0,0,0
Standing_p2_3_35sek_20260204_155033.parquet,Sit-Stand,Non-Fall,0.0,0,0
Standing_p2_3_35sek_20260204_155033.parquet,Sit-Stand,Non-Fall,0.0,0,0
Standing_p2_3_35sek_20260204_155033.parquet,Sit-Stand,Non-Fall,0.0,0,0
Standing_p2_3_35sek_20260204_155033.parquet,Sit-Stand,Non-Fall,0.0,0,0
Standing_p2_3_35sek_20260204_155033.parquet,Sit-Stand,Non-Fall,0.0,0,0
Standing_p2_3_35sek_20260204_155033.parquet,Sit-Stand,Non-Fall,0.0,0,0
Standing_p2_3_35sek_20260204_155033.parquet,Sit-Stand,Non-Fall,0.0,0,0
Standing_p2_3_35sek_20260204_155033.parquet,Sit-Stand,Non-Fall,0.0,0,0
Standing_p2_3_35sek_20260204_155033.parquet,Sit-Stand,Non-Fall,0.0,0,0
Standing_p2_3_35sek_20260204_155033.parquet,Sit-Stand,Non-Fall,0.0,0,0
Standing_p2_3_35sek_20260204_155033.parquet,Sit-Stand,Non-Fall,0.0,0,0
Standing_p2_3_35sek_20260204_155033.parquet,Sit-Stand,Non-Fall,0.0,0,0
Standing_p2_3_35sek_20260204_155033.parquet,Sit-Stand,Non-Fall,0.0,0,0
Standing_p2_3_35sek_20260204_155033.parquet,Sit-Stand,Non-Fall,0.0,0,0
Standing_p2_3_35sek_20260204_155033.parquet,Sit-Stand,Non-Fall,0.0,0,0
Standingtositting_Ahmed_1_20sek_20260202_102654.parquet,Sit-Stand,Non-Fall,0.0,0,0
Standingtositting_Ahmed_1_20sek_20260202_102654.parquet,Sit-Stand,Non-Fall,0.0,0,0
Standingtositting_Ahmed_1_20sek_20260202_102654.parquet,Sit-Stand,Non-Fall,0.0,0,0
Standingtositting_Ahmed_1_20sek_20260202_102654.parquet,Sit-Stand,Non-Fall,0.0,0,0
Standingtositting_Ahmed_1_20sek_20260202_102654.parquet,Sit-Stand,Non-Fall,0.0,0,0
Standingtositting_Ahmed_1_20sek_20260202_102654.parquet,Sit-Stand,Non-Fall,0.0,0,0
Standingtositting_Ahmed_1_20sek_20260202_102654.parquet,Sit-Stand,Non-Fall,0.0,0,0
Standingtositting_Ahmed_1_20sek_20260202_102654.parquet,Sit-Stand,Non-Fall,0.0,0,0
Standingtositting_Ahmed_2_20sek_20260202_102748.parquet,Sit-Stand,Non-Fall,0.0,0,0
Standingtositting_Ahmed_2_20sek_20260202_102748.parquet,Sit-Stand,Non-Fall,0.0,0,0
Standingtositting_Ahmed_2_20sek_20260202_102748.parquet,Sit-Stand,Non-Fall,0.0,0,0
Standingtositting_Ahmed_2_20sek_20260202_102748.parquet,Sit-Stand,Non-Fall,0.0,0,0
Standingtositting_Ahmed_2_20sek_20260202_102748.parquet,Sit-Stand,Non-Fall,0.0,0,0
Standingtositting_Ahmed_2_20sek_20260202_102748.parquet,Sit-Stand,Non-Fall,0.0,0,0
Standingtositting_Ahmed_2_20sek_20260202_102748.parquet,Sit-Stand,Non-Fall,0.0,0,0
Standingtositting_Ahmed_2_20sek_20260202_102748.parquet,Sit-Stand,Non-Fall,0.0,0,0
Standingtositting_Ahmed_2_20sek_20260202_102748.parquet,Sit-Stand,Non-Fall,0.0,0,0
Standingtositting_Ahmed_2_20sek_20260202_102748.parquet,Sit-Stand,Non-Fall,0.0,0,0
Standingtositting_Ahmed_2_20sek_20260202_102748.parquet,Sit-Stand,Non-Fall,0.0,0,0
Standingtositting_Ahmed_2_20sek_20260202_102748.parquet,Sit-Stand,Non-Fall,0.0,0,0
Standingtositting_Ahmed_2_20sek_20260202_102748.parquet,Sit-Stand,Non-Fall,0.07,0,0
Standingtositting_Ahmed_2_20sek_20260202_102748.parquet,Sit-Stand,Non-Fall,0.19,0,0
Standingtositting_Ahmed_2_20sek_20260202_102748.parquet,Sit-Stand,Non-Fall,0.0,0,0
Standingtositting_Ahmed_2_20sek_20260202_102748.parquet,Sit-Stand,Non-Fall,0.0,0,0
Standingtositting_Ahmed_2_20sek_20260202_102748.parquet,Sit-Stand,Non-Fall,0.0,0,0
Standingtositting_Ahmed_2_20sek_20260202_102748.parquet,Sit-Stand,Non-Fall,0.0,0,0
Standingtositting_Ahmed_2_20sek_20260202_102748.parquet,Sit-Stand,Non-Fall,0.0,0,0
Standingtositting_Ahmed_2_20sek_20260202_102748.parquet,Sit-Stand,Non-Fall,0.0,0,0
Standingtositting_Ahmed_2_20sek_20260202_102748.parquet,Sit-Stand,Non-Fall,0.0,0,0
Standingtositting_Ahmed_2_20sek_20260202_102748.parquet,Sit-Stand,Non-Fall,0.0,0,0
Standingtositting_Ahmed_2_20sek_20260202_102748.parquet,Sit-Stand,Non-Fall,0.0,0,0
Standingtositting_Ahmed_2_20sek_20260202_102748.parquet,Sit-Stand,Non-Fall,0.0,0,0
Standingtositting_Ahmed_2_20sek_20260202_102748.parquet,Sit-Stand,Non-Fall,0.0,0,0
Standingtositting_Ahmed_2_20sek_20260202_102748.parquet,Sit-Stand,Non-Fall,0.0,0,0
Standingtositting_Ahmed_2_20sek_20260202_102748.parquet,Sit-Stand,Non-Fall,0.0,0,0
Standingtositting_Ahmed_2_20sek_20260202_102748.parquet,Sit-Stand,Non-Fall,0.0,0,0
Standingtositting_Ahmed_2_20sek_20260202_102748.parquet,Sit-Stand,Non-Fall,0.0,0,0
Standingtositting_Ahmed_2_20sek_20260202_102748.parquet,Sit-Stand,Non-Fall,0.0,0,0
Standingtositting_Ahmed_3_20sek_20260202_102821.parquet,Sit-Stand,Non-Fall,0.0,0,0
Standingtositting_Ahmed_3_20sek_20260202_102821.parquet,Sit-Stand,Non-Fall,0.0,0,0
Standingtositting_Ahmed_3_20sek_20260202_102821.parquet,Sit-Stand,Non-Fall,0.0,0,0
Standingtositting_Ahmed_3_20sek_20260202_102821.parquet,Sit-Stand,Non-Fall,0.0,0,0
Standingtositting_Ahmed_3_20sek_20260202_102821.parquet,Sit-Stand,Non-Fall,0.0,0,0
Standingtositting_Ahmed_3_20sek_20260202_102821.parquet,Sit-Stand,Non-Fall,0.0,0,0
Standingtositting_Ahmed_3_20sek_20260202_102821.parquet,Sit-Stand,Non-Fall,0.0,0,0
Standingtositting_Ahmed_3_20sek_20260202_102821.parquet,Sit-Stand,Non-Fall,0.0,0,0
Standingtositting_Ahmed_3_20sek_20260202_102821.parquet,Sit-Stand,Non-Fall,0.0,0,0
Standingtositting_Ahmed_3_20sek_20260202_102821.parquet,Sit-Stand,Non-Fall,0.0,0,0
Standingtositting_Ahmed_3_20sek_20260202_102821.parquet,Sit-Stand,Non-Fall,0.0,0,0
Standingtositting_Ahmed_3_20sek_20260202_102821.parquet,Sit-Stand,Non-Fall,0.05,0,0
Standingtositting_Chrysi_1_20sek_20260202_103730.parquet,Sit-Stand,Non-Fall,0.0,0,0
Standingtositting_Chrysi_1_20sek_20260202_103730.parquet,Sit-Stand,Non-Fall,0.0,0,0
Standingtositting_Chrysi_1_20sek_20260202_103730.parquet,Sit-Stand,Non-Fall,0.0,0,0
Standingtositting_Chrysi_1_20sek_20260202_103730.parquet,Sit-Stand,Non-Fall,0.0,0,0
Standingtositting_Chrysi_1_20sek_20260202_103730.parquet,Sit-Stand,Non-Fall,0.0,0,0
Standingtositting_Chrysi_1_20sek_20260202_103730.parquet,Sit-Stand,Non-Fall,0.0,0,0
Standingtositting_Chrysi_1_20sek_20260202_103730.parquet,Sit-Stand,Non-Fall,0.0,0,0
Standingtositting_Chrysi_1_20sek_20260202_103730.parquet,Sit-Stand,Non-Fall,0.0,0,0
Standingtositting_Chrysi_1_20sek_20260202_103730.parquet,Sit-Stand,Non-Fall,0.0,0,0
Standingtositting_Chrysi_1_20sek_20260202_103730.parquet,Sit-Stand,Non-Fall,0.0,0,0
Standingtositting_Chrysi_1_20sek_20260202_103730.parquet,Sit-Stand,Non-Fall,0.0,0,0
Standingtositting_Chrysi_1_20sek_20260202_103730.parquet,Sit-Stand,Non-Fall,0.0,0,0
Standingtositting_Chrysi_2_20sek_20260202_103758.parquet,Sit-Stand,Non-Fall,0.0,0,0
Standingtositting_Chrysi_2_20sek_20260202_103758.parquet,Sit-Stand,Non-Fall,0.0,0,0
Standingtositting_Chrysi_2_20sek_20260202_103758.parquet,Sit-Stand,Non-Fall,0.0,0,0
Standingtositting_Chrysi_2_20sek_20260202_103758.parquet,Sit-Stand,Non-Fall,0.0,0,0
Standingtositting_Chrysi_2_20sek_20260202_103758.parquet,Sit-Stand,Non-Fall,0.0,0,0
Standingtositting_Chrysi_2_20sek_20260202_103758.parquet,Sit-Stand,Non-Fall,0.0,0,0
Standingtositting_Chrysi_2_20sek_20260202_103758.parquet,Sit-Stand,Non-Fall,0.0,0,0
Standingtositting_Chrysi_2_20sek_20260202_103758.parquet,Sit-Stand,Non-Fall,0.0,0,0
Standingtositting_Chrysi_2_20sek_20260202_103758.parquet,Sit-Stand,Non-Fall,0.0,0,0
Standingtositting_Chrysi_2_20sek_20260202_103758.parquet,Sit-Stand,Non-Fall,0.0,0,0
Standingtositting_Chrysi_2_20sek_20260202_103758.parquet,Sit-Stand,Non-Fall,0.0,0,0
Standingtositting_Chrysi_2_20sek_20260202_103758.parquet,Sit-Stand,Non-Fall,0.28,0,0
Standingtositting_Chrysi_2_20sek_20260202_103758.parquet,Sit-Stand,Non-Fall,0.06,0,0
Standingtositting_Chrysi_2_20sek_20260202_103758.parquet,Sit-Stand,Non-Fall,0.07,0,0
Standingtositting_Chrysi_2_20sek_20260202_103758.parquet,Sit-Stand,Non-Fall,0.04,0,0
Standingtositting_Chrysi_3_20sek_20260202_103826.parquet,Sit-Stand,Non-Fall,0.0,0,0
Standingtositting_Chrysi_3_20sek_20260202_103826.parquet,Sit-Stand,Non-Fall,0.0,0,0
Standingtositting_Chrysi_3_20sek_20260202_103826.parquet,Sit-Stand,Non-Fall,0.0,0,0
Standingtositting_Chrysi_3_20sek_20260202_103826.parquet,Sit-Stand,Non-Fall,0.0,0,0
Standingtositting_Chrysi_3_20sek_20260202_103826.parquet,Sit-Stand,Non-Fall,0.0,0,0
Standingtositting_Chrysi_3_20sek_20260202_103826.parquet,Sit-Stand,Non-Fall,0.0,0,0
Standingtositting_Chrysi_3_20sek_20260202_103826.parquet,Sit-Stand,Non-Fall,0.0,0,0
Standingtositting_Chrysi_3_20sek_20260202_103826.parquet,Sit-Stand,Non-Fall,0.0,0,0
Standingtositting_Chrysi_3_20sek_20260202_103826.parquet,Sit-Stand,Non-Fall,0.0,0,0
Standingtositting_Chrysi_3_20sek_20260202_103826.parquet,Sit-Stand,Non-Fall,0.0,0,0
Standingtositting_Chrysi_3_20sek_20260202_103826.parquet,Sit-Stand,Non-Fall,0.0,0,0
Standingtositting_Chrysi_3_20sek_20260202_103826.parquet,Sit-Stand,Non-Fall,0.0,0,0
Standingtositting_Chrysi_3_20sek_20260202_103826.parquet,Sit-Stand,Non-Fall,0.0,0,0
Standingtositting_Chrysi_3_20sek_20260202_103826.parquet,Sit-Stand,Non-Fall,0.0,0,0
Standingtositting_Chrysi_3_20sek_20260202_103826.parquet,Sit-Stand,Non-Fall,0.01,0,0
Standingtositting_Chrysi_3_20sek_20260202_103826.parquet,Sit-Stand,Non-Fall,0.21,0,0
Standingtositting_Chrysi_3_20sek_20260202_103826.parquet,Sit-Stand,Non-Fall,0.0,0,0
Standingtositting_Chrysi_3_20sek_20260202_103826.parquet,Sit-Stand,Non-Fall,0.0,0,0
Standingtositting_Chrysi_3_20sek_20260202_103826.parquet,Sit-Stand,Non-Fall,0.0,0,0
Standingtositting_Chrysi_3_20sek_20260202_103826.parquet,Sit-Stand,Non-Fall,0.0,0,0
Standingtositting_Chrysi_3_20sek_20260202_103826.parquet,Sit-Stand,Non-Fall,0.0,0,0
Standingtositting_Chrysi_3_20sek_20260202_103826.parquet,Sit-Stand,Non-Fall,0.0,0,0
Standingtositting_Chrysi_3_20sek_20260202_103826.parquet,Sit-Stand,Non-Fall,0.0,0,0
Standingtositting_Chrysi_3_20sek_20260202_103826.parquet,Sit-Stand,Non-Fall,0.0,0,0
Standingtositting_Chrysi_3_20sek_20260202_103826.parquet,Sit-Stand,Non-Fall,0.0,0,0
Standingtositting_Chrysi_3_20sek_20260202_103826.parquet,Sit-Stand,Non-Fall,0.0,0,0
Standingtositting_Chrysi_3_20sek_20260202_103826.parquet,Sit-Stand,Non-Fall,0.0,0,0
Standingtositting_Xiaoye_1_20sek_20260202_095501.parquet,Sit-Stand,Non-Fall,0.0,0,0
Standingtositting_Xiaoye_1_20sek_20260202_095501.parquet,Sit-Stand,Non-Fall,0.0,0,0
Standingtositting_Xiaoye_1_20sek_20260202_095501.parquet,Sit-Stand,Non-Fall,0.0,0,0
Standingtositting_Xiaoye_1_20sek_20260202_095501.parquet,Sit-Stand,Non-Fall,0.0,0,0
Standingtositting_Xiaoye_1_20sek_20260202_095501.parquet,Sit-Stand,Non-Fall,0.0,0,0
Standingtositting_Xiaoye_1_20sek_20260202_095501.parquet,Sit-Stand,Non-Fall,0.0,0,0
Standingtositting_Xiaoye_1_20sek_20260202_095501.parquet,Sit-Stand,Non-Fall,0.02,0,0
Standingtositting_Xiaoye_1_20sek_20260202_095501.parquet,Sit-Stand,Non-Fall,0.1,0,0
Standingtositting_Xiaoye_1_20sek_20260202_095501.parquet,Sit-Stand,Non-Fall,0.0,0,0
Standingtositting_Xiaoye_1_20sek_20260202_095501.parquet,Sit-Stand,Non-Fall,0.0,0,0
Standingtositting_Xiaoye_1_20sek_20260202_095501.parquet,Sit-Stand,Non-Fall,0.0,0,0
Standingtositting_Xiaoye_1_20sek_20260202_095501.parquet,Sit-Stand,Non-Fall,0.0,0,0
Standingtositting_Xiaoye_1_20sek_20260202_095501.parquet,Sit-Stand,Non-Fall,0.0,0,0
Standingtositting_Xiaoye_2_20sek_20260202_095540.parquet,Sit-Stand,Non-Fall,0.0,0,0
Standingtositting_Xiaoye_2_20sek_20260202_095540.parquet,Sit-Stand,Non-Fall,0.0,0,0
Standingtositting_Xiaoye_2_20sek_20260202_095540.parquet,Sit-Stand,Non-Fall,0.0,0,0
Standingtositting_Xiaoye_2_20sek_20260202_095540.parquet,Sit-Stand,Non-Fall,0.0,0,0
Standingtositting_Xiaoye_2_20sek_20260202_095540.parquet,Sit-Stand,Non-Fall,0.0,0,0
Standingtositting_Xiaoye_2_20sek_20260202_095540.parquet,Sit-Stand,Non-Fall,0.0,0,0
Standingtositting_Xiaoye_2_20sek_20260202_095540.parquet,Sit-Stand,Non-Fall,0.0,0,0
Standingtositting_Xiaoye_2_20sek_20260202_095540.parquet,Sit-Stand,Non-Fall,0.09,0,0
Standingtositting_Xiaoye_2_20sek_20260202_095540.parquet,Sit-Stand,Non-Fall,0.03,0,0
Standingtositting_Xiaoye_2_20sek_20260202_095540.parquet,Sit-Stand,Non-Fall,0.06,0,0
Standingtositting_Xiaoye_2_20sek_20260202_095540.parquet,Sit-Stand,Non-Fall,0.04,0,0
Standingtositting_Xiaoye_2_20sek_20260202_095540.parquet,Sit-Stand,Non-Fall,0.0,0,0
Standingtositting_Xiaoye_2_20sek_20260202_095540.parquet,Sit-Stand,Non-Fall,0.0,0,0
Standingtositting_Xiaoye_2_20sek_20260202_095540.parquet,Sit-Stand,Non-Fall,0.0,0,0
Standingtositting_Xiaoye_2_20sek_20260202_095540.parquet,Sit-Stand,Non-Fall,0.01,0,0
Standingtositting_Xiaoye_2_20sek_20260202_095540.parquet,Sit-Stand,Non-Fall,0.0,0,0
Standingtositting_Xiaoye_3_20sek_20260202_095613.parquet,Sit-Stand,Non-Fall,0.0,0,0
Standingtositting_Xiaoye_3_20sek_20260202_095613.parquet,Sit-Stand,Non-Fall,0.0,0,0
Standingtositting_Xiaoye_3_20sek_20260202_095613.parquet,Sit-Stand,Non-Fall,0.0,0,0
Standingtositting_Xiaoye_3_20sek_20260202_095613.parquet,Sit-Stand,Non-Fall,0.0,0,0
Standingtositting_Xiaoye_3_20sek_20260202_095613.parquet,Sit-Stand,Non-Fall,0.0,0,0
Standingtositting_Xiaoye_3_20sek_20260202_095613.parquet,Sit-Stand,Non-Fall,0.0,0,0
Standingtositting_Xiaoye_3_20sek_20260202_095613.parquet,Sit-Stand,Non-Fall,0.0,0,0
Standingtositting_Xiaoye_3_20sek_20260202_095613.parquet,Sit-Stand,Non-Fall,0.0,0,0
Standingtositting_Xiaoye_3_20sek_20260202_095613.parquet,Sit-Stand,Non-Fall,0.0,0,0
Standingtositting_Xiaoye_3_20sek_20260202_095613.parquet,Sit-Stand,Non-Fall,0.0,0,0
Standingtositting_Xiaoye_3_20sek_20260202_095613.parquet,Sit-Stand,Non-Fall,0.0,0,0
Standingtositting_Xiaoye_3_20sek_20260202_095613.parquet,Sit-Stand,Non-Fall,0.0,0,0
Standingtositting_Xiaoye_3_20sek_20260202_095613.parquet,Sit-Stand,Non-Fall,0.0,0,0
Standingtositting_Xiaoye_3_20sek_20260202_095613.parquet,Sit-Stand,Non-Fall,0.0,0,0
Standingtositting_p1_1_35sek_20260204_153210.parquet,Sit-Stand,Non-Fall,0.0,0,0
Standingtositting_p1_1_35sek_20260204_153210.parquet,Sit-Stand,Non-Fall,0.0,0,0
Standingtositting_p1_1_35sek_20260204_153210.parquet,Sit-Stand,Non-Fall,0.0,0,0
Standingtositting_p1_1_35sek_20260204_153210.parquet,Sit-Stand,Non-Fall,0.0,0,0
Standingtositting_p1_1_35sek_20260204_153210.parquet,Sit-Stand,Non-Fall,0.0,0,0
Standingtositting_p1_1_35sek_20260204_153210.parquet,Sit-Stand,Non-Fall,0.0,0,0
Standingtositting_p1_1_35sek_20260204_153210.parquet,Sit-Stand,Non-Fall,0.0,0,0
Standingtositting_p1_1_35sek_20260204_153210.parquet,Sit-Stand,Non-Fall,0.0,0,0
Standingtositting_p1_1_35sek_20260204_153210.parquet,Sit-Stand,Non-Fall,0.0,0,0
Standingtositting_p1_1_35sek_20260204_153210.parquet,Sit-Stand,Non-Fall,0.0,0,0
Standingtositting_p1_1_35sek_20260204_153210.parquet,Sit-Stand,Non-Fall,0.0,0,0
Standingtositting_p1_1_35sek_20260204_153210.parquet,Sit-Stand,Non-Fall,0.0,0,0
Standingtositting_p1_1_35sek_20260204_153210.parquet,Sit-Stand,Non-Fall,0.0,0,0
Standingtositting_p1_1_35sek_20260204_153210.parquet,Sit-Stand,Non-Fall,0.0,0,0
Standingtositting_p1_1_35sek_20260204_153210.parquet,Sit-Stand,Non-Fall,0.0,0,0
Standingtositting_p1_1_35sek_20260204_153210.parquet,Sit-Stand,Non-Fall,0.0,0,0
Standingtositting_p1_1_35sek_20260204_153210.parquet,Sit-Stand,Non-Fall,0.0,0,0
Standingtositting_p1_1_35sek_20260204_153210.parquet,Sit-Stand,Non-Fall,0.0,0,0
Standingtositting_p1_1_35sek_20260204_153210.parquet,Sit-Stand,Non-Fall,0.0,0,0
Standingtositting_p1_1_35sek_20260204_153210.parquet,Sit-Stand,Non-Fall,0.0,0,0
Standingtositting_p1_1_35sek_20260204_153210.parquet,Sit-Stand,Non-Fall,0.0,0,0
Standingtositting_p1_1_35sek_20260204_153210.parquet,Sit-Stand,Non-Fall,0.0,0,0
Standingtositting_p1_1_35sek_20260204_153210.parquet,Sit-Stand,Non-Fall,0.0,0,0
Standingtositting_p1_1_35sek_20260204_153210.parquet,Sit-Stand,Non-Fall,0.0,0,0
Standingtositting_p1_1_35sek_20260204_153210.parquet,Sit-Stand,Non-Fall,0.0,0,0
Standingtositting_p1_1_35sek_20260204_153210.parquet,Sit-Stand,Non-Fall,0.0,0,0
Standingtositting_p1_1_35sek_20260204_153210.parquet,Sit-Stand,Non-Fall,0.0,0,0
Standingtositting_p1_1_35sek_20260204_153210.parquet,Sit-Stand,Non-Fall,0.0,0,0
Standingtositting_p1_1_35sek_20260204_153210.parquet,Sit-Stand,Non-Fall,0.0,0,0
Standingtositting_p1_1_35sek_20260204_153210.parquet,Sit-Stand,Non-Fall,0.0,0,0
Standingtositting_p1_1_35sek_20260204_153210.parquet,Sit-Stand,Non-Fall,0.0,0,0
Standingtositting_p1_1_35sek_20260204_153210.parquet,Sit-Stand,Non-Fall,0.01,0,0
Standingtositting_p1_1_35sek_20260204_153210.parquet,Sit-Stand,Non-Fall,0.01,0,0
Standingtositting_p1_1_35sek_20260204_153210.parquet,Sit-Stand,Non-Fall,0.01,0,0
Standingtositting_p1_1_35sek_20260204_153210.parquet,Sit-Stand,Non-Fall,0.0,0,0
Standingtositting_p1_1_35sek_20260204_153210.parquet,Sit-Stand,Non-Fall,0.0,0,0
Standingtositting_p1_1_35sek_20260204_153210.parquet,Sit-Stand,Non-Fall,0.0,0,0
Standingtositting_p1_1_35sek_20260204_153210.parquet,Sit-Stand,Non-Fall,0.0,0,0
Standingtositting_p1_1_35sek_20260204_153210.parquet,Sit-Stand,Non-Fall,0.0,0,0
Standingtositting_p1_1_35sek_20260204_153210.parquet,Sit-Stand,Non-Fall,0.0,0,0
Standingtositting_p1_1_35sek_20260204_153210.parquet,Sit-Stand,Non-Fall,0.0,0,0
Standingtositting_p1_1_35sek_20260204_153210.parquet,Sit-Stand,Non-Fall,0.0,0,0
Standingtositting_p1_1_35sek_20260204_153210.parquet,Sit-Stand,Non-Fall,0.0,0,0
Standingtositting_p1_1_35sek_20260204_153210.parquet,Sit-Stand,Non-Fall,0.0,0,0
Standingtositting_p1_1_35sek_20260204_153210.parquet,Sit-Stand,Non-Fall,0.0,0,0
Standingtositting_p1_1_35sek_20260204_153210.parquet,Sit-Stand,Non-Fall,0.0,0,0
Standingtositting_p1_1_35sek_20260204_153210.parquet,Sit-Stand,Non-Fall,0.0,0,0
Standingtositting_p1_2_35sek_20260204_153257.parquet,Sit-Stand,Non-Fall,0.0,0,0
Standingtositting_p1_2_35sek_20260204_153257.parquet,Sit-Stand,Non-Fall,0.0,0,0
Standingtositting_p1_2_35sek_20260204_153257.parquet,Sit-Stand,Non-Fall,0.0,0,0
Standingtositting_p1_2_35sek_20260204_153257.parquet,Sit-Stand,Non-Fall,0.0,0,0
Standingtositting_p1_2_35sek_20260204_153257.parquet,Sit-Stand,Non-Fall,0.0,0,0
Standingtositting_p1_2_35sek_20260204_153257.parquet,Sit-Stand,Non-Fall,0.0,0,0
Standingtositting_p1_2_35sek_20260204_153257.parquet,Sit-Stand,Non-Fall,0.0,0,0
Standingtositting_p1_2_35sek_20260204_153257.parquet,Sit-Stand,Non-Fall,0.0,0,0
Standingtositting_p1_2_35sek_20260204_153257.parquet,Sit-Stand,Non-Fall,0.0,0,0
Standingtositting_p1_2_35sek_20260204_153257.parquet,Sit-Stand,Non-Fall,0.0,0,0
Standingtositting_p1_2_35sek_20260204_153257.parquet,Sit-Stand,Non-Fall,0.0,0,0
Standingtositting_p1_2_35sek_20260204_153257.parquet,Sit-Stand,Non-Fall,0.0,0,0
Standingtositting_p1_2_35sek_20260204_153257.parquet,Sit-Stand,Non-Fall,0.0,0,0
Standingtositting_p1_2_35sek_20260204_153257.parquet,Sit-Stand,Non-Fall,0.0,0,0
Standingtositting_p1_2_35sek_20260204_153257.parquet,Sit-Stand,Non-Fall,0.0,0,0
Standingtositting_p1_2_35sek_20260204_153257.parquet,Sit-Stand,Non-Fall,0.0,0,0
Standingtositting_p1_2_35sek_20260204_153257.parquet,Sit-Stand,Non-Fall,0.0,0,0
Standingtositting_p1_2_35sek_20260204_153257.parquet,Sit-Stand,Non-Fall,0.0,0,0
Standingtositting_p1_2_35sek_20260204_153257.parquet,Sit-Stand,Non-Fall,0.0,0,0
Standingtositting_p1_2_35sek_20260204_153257.parquet,Sit-Stand,Non-Fall,0.0,0,0
Standingtositting_p1_2_35sek_20260204_153257.parquet,Sit-Stand,Non-Fall,0.0,0,0
Standingtositting_p1_2_35sek_20260204_153257.parquet,Sit-Stand,Non-Fall,0.0,0,0
Standingtositting_p1_2_35sek_20260204_153257.parquet,Sit-Stand,Non-Fall,0.0,0,0
Standingtositting_p1_2_35sek_20260204_153257.parquet,Sit-Stand,Non-Fall,0.0,0,0
Standingtositting_p1_2_35sek_20260204_153257.parquet,Sit-Stand,Non-Fall,0.0,0,0
Standingtositting_p1_2_35sek_20260204_153257.parquet,Sit-Stand,Non-Fall,0.0,0,0
Standingtositting_p1_2_35sek_20260204_153257.parquet,Sit-Stand,Non-Fall,0.0,0,0
Standingtositting_p1_2_35sek_20260204_153257.parquet,Sit-Stand,Non-Fall,0.0,0,0
Standingtositting_p1_2_35sek_20260204_153257.parquet,Sit-Stand,Non-Fall,0.0,0,0
Standingtositting_p1_2_35sek_20260204_153257.parquet,Sit-Stand,Non-Fall,0.0,0,0
Standingtositting_p1_2_35sek_20260204_153257.parquet,Sit-Stand,Non-Fall,0.0,0,0
Standingtositting_p1_2_35sek_20260204_153257.parquet,Sit-Stand,Non-Fall,0.0,0,0
Standingtositting_p1_2_35sek_20260204_153257.parquet,Sit-Stand,Non-Fall,0.0,0,0
Standingtositting_p1_2_35sek_20260204_153257.parquet,Sit-Stand,Non-Fall,0.02,0,0
Standingtositting_p1_2_35sek_20260204_153257.parquet,Sit-Stand,Non-Fall,0.05,0,0
Standingtositting_p1_2_35sek_20260204_153257.parquet,Sit-Stand,Non-Fall,0.0,0,0
Standingtositting_p1_2_35sek_20260204_153257.parquet,Sit-Stand,Non-Fall,0.0,0,0
Standingtositting_p1_2_35sek_20260204_153257.parquet,Sit-Stand,Non-Fall,0.0,0,0
Standingtositting_p1_2_35sek_20260204_153257.parquet,Sit-Stand,Non-Fall,0.0,0,0
Standingtositting_p1_2_35sek_20260204_153257.parquet,Sit-Stand,Non-Fall,0.0,0,0
Standingtositting_p1_2_35sek_20260204_153257.parquet,Sit-Stand,Non-Fall,0.0,0,0
Standingtositting_p1_2_35sek_20260204_153257.parquet,Sit-Stand,Non-Fall,0.0,0,0
Standingtositting_p1_2_35sek_20260204_153257.parquet,Sit-Stand,Non-Fall,0.0,0,0
Standingtositting_p1_2_35sek_20260204_153257.parquet,Sit-Stand,Non-Fall,0.0,0,0
Standingtositting_p1_2_35sek_20260204_153257.parquet,Sit-Stand,Non-Fall,0.0,0,0
Standingtositting_p1_2_35sek_20260204_153257.parquet,Sit-Stand,Non-Fall,0.0,0,0
Standingtositting_p1_2_35sek_20260204_153257.parquet,Sit-Stand,Non-Fall,0.0,0,0
Standingtositting_p1_2_35sek_20260204_153257.parquet,Sit-Stand,Non-Fall,0.0,0,0
Standingtositting_p1_2_35sek_20260204_153257.parquet,Sit-Stand,Non-Fall,0.0,0,0
Standingtositting_p1_2_35sek_20260204_153257.parquet,Sit-Stand,Non-Fall,0.0,0,0
Standingtositting_p1_2_35sek_20260204_153257.parquet,Sit-Stand,Non-Fall,0.0,0,0
Standingtositting_p1_2_35sek_20260204_153257.parquet,Sit-Stand,Non-Fall,0.0,0,0
Standingtositting_p1_3_35sek_20260204_153407.parquet,Sit-Stand,Non-Fall,0.0,0,0
Standingtositting_p1_3_35sek_20260204_153407.parquet,Sit-Stand,Non-Fall,0.0,0,0
Standingtositting_p1_3_35sek_20260204_153407.parquet,Sit-Stand,Non-Fall,0.0,0,0
Standingtositting_p1_3_35sek_20260204_153407.parquet,Sit-Stand,Non-Fall,0.0,0,0
Standingtositting_p1_3_35sek_20260204_153407.parquet,Sit-Stand,Non-Fall,0.0,0,0
Standingtositting_p1_3_35sek_20260204_153407.parquet,Sit-Stand,Non-Fall,0.0,0,0
Standingtositting_p1_3_35sek_20260204_153407.parquet,Sit-Stand,Non-Fall,0.0,0,0
Standingtositting_p1_3_35sek_20260204_153407.parquet,Sit-Stand,Non-Fall,0.0,0,0
Standingtositting_p1_3_35sek_20260204_153407.parquet,Sit-Stand,Non-Fall,0.0,0,0
Standingtositting_p1_3_35sek_20260204_153407.parquet,Sit-Stand,Non-Fall,0.0,0,0
Standingtositting_p1_3_35sek_20260204_153407.parquet,Sit-Stand,Non-Fall,0.0,0,0
Standingtositting_p1_3_35sek_20260204_153407.parquet,Sit-Stand,Non-Fall,0.0,0,0
Standingtositting_p1_3_35sek_20260204_153407.parquet,Sit-Stand,Non-Fall,0.0,0,0
Standingtositting_p1_3_35sek_20260204_153407.parquet,Sit-Stand,Non-Fall,0.0,0,0
Standingtositting_p1_3_35sek_20260204_153407.parquet,Sit-Stand,Non-Fall,0.0,0,0
Standingtositting_p1_3_35sek_20260204_153407.parquet,Sit-Stand,Non-Fall,0.0,0,0
Standingtositting_p1_3_35sek_20260204_153407.parquet,Sit-Stand,Non-Fall,0.0,0,0
Standingtositting_p1_3_35sek_20260204_153407.parquet,Sit-Stand,Non-Fall,0.0,0,0
Standingtositting_p1_3_35sek_20260204_153407.parquet,Sit-Stand,Non-Fall,0.0,0,0
Standingtositting_p1_3_35sek_20260204_153407.parquet,Sit-Stand,Non-Fall,0.0,0,0
Standingtositting_p1_3_35sek_20260204_153407.parquet,Sit-Stand,Non-Fall,0.0,0,0
Standingtositting_p1_3_35sek_20260204_153407.parquet,Sit-Stand,Non-Fall,0.0,0,0
Standingtositting_p1_3_35sek_20260204_153407.parquet,Sit-Stand,Non-Fall,0.0,0,0
Standingtositting_p1_3_35sek_20260204_153407.parquet,Sit-Stand,Non-Fall,0.0,0,0
Standingtositting_p1_3_35sek_20260204_153407.parquet,Sit-Stand,Non-Fall,0.0,0,0
Standingtositting_p1_3_35sek_20260204_153407.parquet,Sit-Stand,Non-Fall,0.0,0,0
Standingtositting_p1_3_35sek_20260204_153407.parquet,Sit-Stand,Non-Fall,0.0,0,0
Standingtositting_p1_3_35sek_20260204_153407.parquet,Sit-Stand,Non-Fall,0.0,0,0
Standingtositting_p1_3_35sek_20260204_153407.parquet,Sit-Stand,Non-Fall,0.0,0,0
Standingtositting_p1_3_35sek_20260204_153407.parquet,Sit-Stand,Non-Fall,0.0,0,0
Standingtositting_p1_3_35sek_20260204_153407.parquet,Sit-Stand,Non-Fall,0.0,0,0
Standingtositting_p1_3_35sek_20260204_153407.parquet,Sit-Stand,Non-Fall,0.0,0,0
Standingtositting_p1_3_35sek_20260204_153407.parquet,Sit-Stand,Non-Fall,0.0,0,0
Standingtositting_p1_3_35sek_20260204_153407.parquet,Sit-Stand,Non-Fall,0.0,0,0
Standingtositting_p1_3_35sek_20260204_153407.parquet,Sit-Stand,Non-Fall,0.0,0,0
Standingtositting_p1_3_35sek_20260204_153407.parquet,Sit-Stand,Non-Fall,0.03,0,0
Standingtositting_p1_3_35sek_20260204_153407.parquet,Sit-Stand,Non-Fall,0.02,0,0
Standingtositting_p1_3_35sek_20260204_153407.parquet,Sit-Stand,Non-Fall,0.08,0,0
Standingtositting_p1_3_35sek_20260204_153407.parquet,Sit-Stand,Non-Fall,0.0,0,0
Standingtositting_p1_3_35sek_20260204_153407.parquet,Sit-Stand,Non-Fall,0.0,0,0
Standingtositting_p1_3_35sek_20260204_153407.parquet,Sit-Stand,Non-Fall,0.0,0,0
Standingtositting_p1_3_35sek_20260204_153407.parquet,Sit-Stand,Non-Fall,0.0,0,0
Standingtositting_p1_3_35sek_20260204_153407.parquet,Sit-Stand,Non-Fall,0.0,0,0
Standingtositting_p1_3_35sek_20260204_153407.parquet,Sit-Stand,Non-Fall,0.0,0,0
Standingtositting_p1_3_35sek_20260204_153407.parquet,Sit-Stand,Non-Fall,0.0,0,0
Standingtositting_p1_3_35sek_20260204_153407.parquet,Sit-Stand,Non-Fall,0.0,0,0
Standingtositting_p1_3_35sek_20260204_153407.parquet,Sit-Stand,Non-Fall,0.0,0,0
Standingtositting_p1_3_35sek_20260204_153407.parquet,Sit-Stand,Non-Fall,0.0,0,0
Standingtositting_p1_3_35sek_20260204_153407.parquet,Sit-Stand,Non-Fall,0.0,0,0
Standingtositting_p1_3_35sek_20260204_153407.parquet,Sit-Stand,Non-Fall,0.0,0,0
Standingtositting_p1_3_35sek_20260204_153407.parquet,Sit-Stand,Non-Fall,0.0,0,0
Standingtositting_p1_3_35sek_20260204_153407.parquet,Sit-Stand,Non-Fall,0.0,0,0
Standingtositting_p1_3_35sek_20260204_153407.parquet,Sit-Stand,Non-Fall,0.0,0,0
Standingtositting_p1_3_35sek_20260204_153407.parquet,Sit-Stand,Non-Fall,0.0,0,0
Standingtositting_p2_1_35sek_20260204_155152.parquet,Sit-Stand,Non-Fall,0.0,0,0
Standingtositting_p2_1_35sek_20260204_155152.parquet,Sit-Stand,Non-Fall,0.0,0,0
Standingtositting_p2_1_35sek_20260204_155152.parquet,Sit-Stand,Non-Fall,0.0,0,0
Standingtositting_p2_1_35sek_20260204_155152.parquet,Sit-Stand,Non-Fall,0.0,0,0
Standingtositting_p2_1_35sek_20260204_155152.parquet,Sit-Stand,Non-Fall,0.0,0,0
Standingtositting_p2_1_35sek_20260204_155152.parquet,Sit-Stand,Non-Fall,0.0,0,0
Standingtositting_p2_1_35sek_20260204_155152.parquet,Sit-Stand,Non-Fall,0.0,0,0
Standingtositting_p2_1_35sek_20260204_155152.parquet,Sit-Stand,Non-Fall,0.0,0,0
Standingtositting_p2_1_35sek_20260204_155152.parquet,Sit-Stand,Non-Fall,0.0,0,0
Standingtositting_p2_1_35sek_20260204_155152.parquet,Sit-Stand,Non-Fall,0.0,0,0
Standingtositting_p2_1_35sek_20260204_155152.parquet,Sit-Stand,Non-Fall,0.0,0,0
Standingtositting_p2_1_35sek_20260204_155152.parquet,Sit-Stand,Non-Fall,0.0,0,0
Standingtositting_p2_1_35sek_20260204_155152.parquet,Sit-Stand,Non-Fall,0.0,0,0
Standingtositting_p2_1_35sek_20260204_155152.parquet,Sit-Stand,Non-Fall,0.0,0,0
Standingtositting_p2_1_35sek_20260204_155152.parquet,Sit-Stand,Non-Fall,0.0,0,0
Standingtositting_p2_1_35sek_20260204_155152.parquet,Sit-Stand,Non-Fall,0.0,0,0
Standingtositting_p2_1_35sek_20260204_155152.parquet,Sit-Stand,Non-Fall,0.0,0,0
Standingtositting_p2_1_35sek_20260204_155152.parquet,Sit-Stand,Non-Fall,0.0,0,0
Standingtositting_p2_1_35sek_20260204_155152.parquet,Sit-Stand,Non-Fall,0.0,0,0
Standingtositting_p2_1_35sek_20260204_155152.parquet,Sit-Stand,Non-Fall,0.0,0,0
Standingtositting_p2_1_35sek_20260204_155152.parquet,Sit-Stand,Non-Fall,0.0,0,0
Standingtositting_p2_1_35sek_20260204_155152.parquet,Sit-Stand,Non-Fall,0.0,0,0
Standingtositting_p2_1_35sek_20260204_155152.parquet,Sit-Stand,Non-Fall,0.0,0,0
Standingtositting_p2_1_35sek_20260204_155152.parquet,Sit-Stand,Non-Fall,0.0,0,0
Standingtositting_p2_1_35sek_20260204_155152.parquet,Sit-Stand,Non-Fall,0.0,0,0
Standingtositting_p2_1_35sek_20260204_155152.parquet,Sit-Stand,Non-Fall,0.0,0,0
Standingtositting_p2_1_35sek_20260204_155152.parquet,Sit-Stand,Non-Fall,0.0,0,0
Standingtositting_p2_1_35sek_20260204_155152.parquet,Sit-Stand,Non-Fall,0.0,0,0
Standingtositting_p2_1_35sek_20260204_155152.parquet,Sit-Stand,Non-Fall,0.0,0,0
Standingtositting_p2_1_35sek_20260204_155152.parquet,Sit-Stand,Non-Fall,0.0,0,0
Standingtositting_p2_1_35sek_20260204_155152.parquet,Sit-Stand,Non-Fall,0.0,0,0
Standingtositting_p2_1_35sek_20260204_155152.parquet,Sit-Stand,Non-Fall,0.0,0,0
Standingtositting_p2_1_35sek_20260204_155152.parquet,Sit-Stand,Non-Fall,0.02,0,0
Standingtositting_p2_1_35sek_20260204_155152.parquet,Sit-Stand,Non-Fall,0.07,0,0
Standingtositting_p2_1_35sek_20260204_155152.parquet,Sit-Stand,Non-Fall,0.0,0,0
Standingtositting_p2_1_35sek_20260204_155152.parquet,Sit-Stand,Non-Fall,0.0,0,0
Standingtositting_p2_1_35sek_20260204_155152.parquet,Sit-Stand,Non-Fall,0.0,0,0
Standingtositting_p2_1_35sek_20260204_155152.parquet,Sit-Stand,Non-Fall,0.0,0,0
Standingtositting_p2_1_35sek_20260204_155152.parquet,Sit-Stand,Non-Fall,0.0,0,0
Standingtositting_p2_1_35sek_20260204_155152.parquet,Sit-Stand,Non-Fall,0.0,0,0
Standingtositting_p2_1_35sek_20260204_155152.parquet,Sit-Stand,Non-Fall,0.0,0,0
Standingtositting_p2_1_35sek_20260204_155152.parquet,Sit-Stand,Non-Fall,0.0,0,0
Standingtositting_p2_1_35sek_20260204_155152.parquet,Sit-Stand,Non-Fall,0.0,0,0
Standingtositting_p2_1_35sek_20260204_155152.parquet,Sit-Stand,Non-Fall,0.0,0,0
Standingtositting_p2_1_35sek_20260204_155152.parquet,Sit-Stand,Non-Fall,0.0,0,0
Standingtositting_p2_1_35sek_20260204_155152.parquet,Sit-Stand,Non-Fall,0.0,0,0
Standingtositting_p2_1_35sek_20260204_155152.parquet,Sit-Stand,Non-Fall,0.0,0,0
Standingtositting_p2_1_35sek_20260204_155152.parquet,Sit-Stand,Non-Fall,0.0,0,0
Standingtositting_p2_1_35sek_20260204_155152.parquet,Sit-Stand,Non-Fall,0.0,0,0
Standingtositting_p2_1_35sek_20260204_155152.parquet,Sit-Stand,Non-Fall,0.0,0,0
Standingtositting_p2_1_35sek_20260204_155152.parquet,Sit-Stand,Non-Fall,0.0,0,0
Standingtositting_p2_1_35sek_20260204_155152.parquet,Sit-Stand,Non-Fall,0.0,0,0
Standingtositting_p2_1_35sek_20260204_155152.parquet,Sit-Stand,Non-Fall,0.0,0,0
Standingtositting_p2_1_35sek_20260204_155152.parquet,Sit-Stand,Non-Fall,0.0,0,0
Standingtositting_p2_1_35sek_20260204_155152.parquet,Sit-Stand,Non-Fall,0.0,0,0
Standingtositting_p2_1_35sek_20260204_155152.parquet,Sit-Stand,Non-Fall,0.0,0,0
Standingtositting_p2_1_35sek_20260204_155152.parquet,Sit-Stand,Non-Fall,0.0,0,0
Standingtositting_p2_1_35sek_20260204_155152.parquet,Sit-Stand,Non-Fall,0.0,0,0
Standingtositting_p2_1_35sek_20260204_155152.parquet,Sit-Stand,Non-Fall,0.0,0,0
Standingtositting_p2_1_35sek_20260204_155152.parquet,Sit-Stand,Non-Fall,0.0,0,0
Standingtositting_p2_1_35sek_20260204_155152.parquet,Sit-Stand,Non-Fall,0.0,0,0
Standingtositting_p2_1_35sek_20260204_155152.parquet,Sit-Stand,Non-Fall,0.0,0,0
Standingtositting_p2_1_35sek_20260204_155152.parquet,Sit-Stand,Non-Fall,0.0,0,0
Standingtositting_p2_1_35sek_20260204_155152.parquet,Sit-Stand,Non-Fall,0.0,0,0
Standingtositting_p2_1_35sek_20260204_155152.parquet,Sit-Stand,Non-Fall,0.0,0,0
Standingtositting_p2_1_35sek_20260204_155152.parquet,Sit-Stand,Non-Fall,0.0,0,0
Standingtositting_p2_1_35sek_20260204_155152.parquet,Sit-Stand,Non-Fall,0.0,0,0
Standingtositting_p2_2_35sek_20260204_155241.parquet,Sit-Stand,Non-Fall,0.0,0,0
Standingtositting_p2_2_35sek_20260204_155241.parquet,Sit-Stand,Non-Fall,0.0,0,0
Standingtositting_p2_2_35sek_20260204_155241.parquet,Sit-Stand,Non-Fall,0.0,0,0
Standingtositting_p2_2_35sek_20260204_155241.parquet,Sit-Stand,Non-Fall,0.0,0,0
Standingtositting_p2_2_35sek_20260204_155241.parquet,Sit-Stand,Non-Fall,0.0,0,0
Standingtositting_p2_2_35sek_20260204_155241.parquet,Sit-Stand,Non-Fall,0.0,0,0
Standingtositting_p2_2_35sek_20260204_155241.parquet,Sit-Stand,Non-Fall,0.0,0,0
Standingtositting_p2_2_35sek_20260204_155241.parquet,Sit-Stand,Non-Fall,0.0,0,0
Standingtositting_p2_2_35sek_20260204_155241.parquet,Sit-Stand,Non-Fall,0.0,0,0
Standingtositting_p2_2_35sek_20260204_155241.parquet,Sit-Stand,Non-Fall,0.0,0,0
Standingtositting_p2_2_35sek_20260204_155241.parquet,Sit-Stand,Non-Fall,0.0,0,0
Standingtositting_p2_2_35sek_20260204_155241.parquet,Sit-Stand,Non-Fall,0.0,0,0
Standingtositting_p2_2_35sek_20260204_155241.parquet,Sit-Stand,Non-Fall,0.0,0,0
Standingtositting_p2_2_35sek_20260204_155241.parquet,Sit-Stand,Non-Fall,0.0,0,0
Standingtositting_p2_2_35sek_20260204_155241.parquet,Sit-Stand,Non-Fall,0.0,0,0
Standingtositting_p2_2_35sek_20260204_155241.parquet,Sit-Stand,Non-Fall,0.0,0,0
Standingtositting_p2_2_35sek_20260204_155241.parquet,Sit-Stand,Non-Fall,0.0,0,0
Standingtositting_p2_2_35sek_20260204_155241.parquet,Sit-Stand,Non-Fall,0.0,0,0
Standingtositting_p2_2_35sek_20260204_155241.parquet,Sit-Stand,Non-Fall,0.0,0,0
Standingtositting_p2_2_35sek_20260204_155241.parquet,Sit-Stand,Non-Fall,0.0,0,0
Standingtositting_p2_2_35sek_20260204_155241.parquet,Sit-Stand,Non-Fall,0.0,0,0
Standingtositting_p2_2_35sek_20260204_155241.parquet,Sit-Stand,Non-Fall,0.0,0,0
Standingtositting_p2_2_35sek_20260204_155241.parquet,Sit-Stand,Non-Fall,0.0,0,0
Standingtositting_p2_2_35sek_20260204_155241.parquet,Sit-Stand,Non-Fall,0.0,0,0
Standingtositting_p2_2_35sek_20260204_155241.parquet,Sit-Stand,Non-Fall,0.0,0,0
Standingtositting_p2_2_35sek_20260204_155241.parquet,Sit-Stand,Non-Fall,0.0,0,0
Standingtositting_p2_2_35sek_20260204_155241.parquet,Sit-Stand,Non-Fall,0.0,0,0
Standingtositting_p2_2_35sek_20260204_155241.parquet,Sit-Stand,Non-Fall,0.0,0,0
Standingtositting_p2_2_35sek_20260204_155241.parquet,Sit-Stand,Non-Fall,0.0,0,0
Standingtositting_p2_2_35sek_20260204_155241.parquet,Sit-Stand,Non-Fall,0.0,0,0
Standingtositting_p2_2_35sek_20260204_155241.parquet,Sit-Stand,Non-Fall,0.0,0,0
Standingtositting_p2_2_35sek_20260204_155241.parquet,Sit-Stand,Non-Fall,0.0,0,0
Standingtositting_p2_2_35sek_20260204_155241.parquet,Sit-Stand,Non-Fall,0.0,0,0
Standingtositting_p2_2_35sek_20260204_155241.parquet,Sit-Stand,Non-Fall,0.0,0,0
Standingtositting_p2_2_35sek_20260204_155241.parquet,Sit-Stand,Non-Fall,0.0,0,0
Standingtositting_p2_2_35sek_20260204_155241.parquet,Sit-Stand,Non-Fall,0.0,0,0
Standingtositting_p2_2_35sek_20260204_155241.parquet,Sit-Stand,Non-Fall,0.0,0,0
Standingtositting_p2_2_35sek_20260204_155241.parquet,Sit-Stand,Non-Fall,0.36,1,0
Standingtositting_p2_2_35sek_20260204_155241.parquet,Sit-Stand,Non-Fall,0.0,0,0
Standingtositting_p2_2_35sek_20260204_155241.parquet,Sit-Stand,Non-Fall,0.0,0,0
Standingtositting_p2_2_35sek_20260204_155241.parquet,Sit-Stand,Non-Fall,0.0,0,0
Standingtositting_p2_2_35sek_20260204_155241.parquet,Sit-Stand,Non-Fall,0.0,0,0
Standingtositting_p2_2_35sek_20260204_155241.parquet,Sit-Stand,Non-Fall,0.0,0,0
Standingtositting_p2_2_35sek_20260204_155241.parquet,Sit-Stand,Non-Fall,0.0,0,0
Standingtositting_p2_2_35sek_20260204_155241.parquet,Sit-Stand,Non-Fall,0.0,0,0
Standingtositting_p2_2_35sek_20260204_155241.parquet,Sit-Stand,Non-Fall,0.0,0,0
Standingtositting_p2_2_35sek_20260204_155241.parquet,Sit-Stand,Non-Fall,0.0,0,0
Standingtositting_p2_2_35sek_20260204_155241.parquet,Sit-Stand,Non-Fall,0.0,0,0
Standingtositting_p2_2_35sek_20260204_155241.parquet,Sit-Stand,Non-Fall,0.0,0,0
Standingtositting_p2_2_35sek_20260204_155241.parquet,Sit-Stand,Non-Fall,0.0,0,0
Standingtositting_p2_2_35sek_20260204_155241.parquet,Sit-Stand,Non-Fall,0.0,0,0
Standingtositting_p2_2_35sek_20260204_155241.parquet,Sit-Stand,Non-Fall,0.0,0,0
Standingtositting_p2_2_35sek_20260204_155241.parquet,Sit-Stand,Non-Fall,0.0,0,0
Standingtositting_p2_2_35sek_20260204_155241.parquet,Sit-Stand,Non-Fall,0.0,0,0
Standingtositting_p2_2_35sek_20260204_155241.parquet,Sit-Stand,Non-Fall,0.0,0,0
Standingtositting_p2_2_35sek_20260204_155241.parquet,Sit-Stand,Non-Fall,0.0,0,0
Standingtositting_p2_2_35sek_20260204_155241.parquet,Sit-Stand,Non-Fall,0.0,0,0
Standingtositting_p2_2_35sek_20260204_155241.parquet,Sit-Stand,Non-Fall,0.0,0,0
Standingtositting_p2_2_35sek_20260204_155241.parquet,Sit-Stand,Non-Fall,0.0,0,0
Standingtositting_p2_2_35sek_20260204_155241.parquet,Sit-Stand,Non-Fall,0.0,0,0
Standingtositting_p2_2_35sek_20260204_155241.parquet,Sit-Stand,Non-Fall,0.0,0,0
Standingtositting_p2_2_35sek_20260204_155241.parquet,Sit-Stand,Non-Fall,0.0,0,0
Standingtositting_p2_2_35sek_20260204_155241.parquet,Sit-Stand,Non-Fall,0.0,0,0
Standingtositting_p2_2_35sek_20260204_155241.parquet,Sit-Stand,Non-Fall,0.0,0,0
Standingtositting_p2_2_35sek_20260204_155241.parquet,Sit-Stand,Non-Fall,0.0,0,0
Standingtositting_p2_2_35sek_20260204_155241.parquet,Sit-Stand,Non-Fall,0.0,0,0
Standingtositting_p2_2_35sek_20260204_155241.parquet,Sit-Stand,Non-Fall,0.0,0,0
Standingtositting_p2_2_35sek_20260204_155241.parquet,Sit-Stand,Non-Fall,0.0,0,0
Standingtositting_p2_2_35sek_20260204_155241.parquet,Sit-Stand,Non-Fall,0.0,0,0
Standingtositting_p2_2_35sek_20260204_155241.parquet,Sit-Stand,Non-Fall,0.0,0,0
Standingtositting_p2_2_35sek_20260204_155241.parquet,Sit-Stand,Non-Fall,0.0,0,0
Standingtositting_p2_2_35sek_20260204_155241.parquet,Sit-Stand,Non-Fall,0.0,0,0
Standingtositting_p2_3_35sek_20260204_155335.parquet,Sit-Stand,Non-Fall,0.0,0,0
Standingtositting_p2_3_35sek_20260204_155335.parquet,Sit-Stand,Non-Fall,0.0,0,0
Standingtositting_p2_3_35sek_20260204_155335.parquet,Sit-Stand,Non-Fall,0.0,0,0
Standingtositting_p2_3_35sek_20260204_155335.parquet,Sit-Stand,Non-Fall,0.0,0,0
Standingtositting_p2_3_35sek_20260204_155335.parquet,Sit-Stand,Non-Fall,0.0,0,0
Standingtositting_p2_3_35sek_20260204_155335.parquet,Sit-Stand,Non-Fall,0.0,0,0
Standingtositting_p2_3_35sek_20260204_155335.parquet,Sit-Stand,Non-Fall,0.0,0,0
Standingtositting_p2_3_35sek_20260204_155335.parquet,Sit-Stand,Non-Fall,0.0,0,0
Standingtositting_p2_3_35sek_20260204_155335.parquet,Sit-Stand,Non-Fall,0.0,0,0
Standingtositting_p2_3_35sek_20260204_155335.parquet,Sit-Stand,Non-Fall,0.0,0,0
Standingtositting_p2_3_35sek_20260204_155335.parquet,Sit-Stand,Non-Fall,0.0,0,0
Standingtositting_p2_3_35sek_20260204_155335.parquet,Sit-Stand,Non-Fall,0.0,0,0
Standingtositting_p2_3_35sek_20260204_155335.parquet,Sit-Stand,Non-Fall,0.0,0,0
Standingtositting_p2_3_35sek_20260204_155335.parquet,Sit-Stand,Non-Fall,0.0,0,0
Standingtositting_p2_3_35sek_20260204_155335.parquet,Sit-Stand,Non-Fall,0.0,0,0
Standingtositting_p2_3_35sek_20260204_155335.parquet,Sit-Stand,Non-Fall,0.0,0,0
Standingtositting_p2_3_35sek_20260204_155335.parquet,Sit-Stand,Non-Fall,0.0,0,0
Standingtositting_p2_3_35sek_20260204_155335.parquet,Sit-Stand,Non-Fall,0.0,0,0
Standingtositting_p2_3_35sek_20260204_155335.parquet,Sit-Stand,Non-Fall,0.0,0,0
Standingtositting_p2_3_35sek_20260204_155335.parquet,Sit-Stand,Non-Fall,0.0,0,0
Standingtositting_p2_3_35sek_20260204_155335.parquet,Sit-Stand,Non-Fall,0.0,0,0
Standingtositting_p2_3_35sek_20260204_155335.parquet,Sit-Stand,Non-Fall,0.0,0,0
Standingtositting_p2_3_35sek_20260204_155335.parquet,Sit-Stand,Non-Fall,0.0,0,0
Standingtositting_p2_3_35sek_20260204_155335.parquet,Sit-Stand,Non-Fall,0.0,0,0
Standingtositting_p2_3_35sek_20260204_155335.parquet,Sit-Stand,Non-Fall,0.0,0,0
Standingtositting_p2_3_35sek_20260204_155335.parquet,Sit-Stand,Non-Fall,0.0,0,0
Standingtositting_p2_3_35sek_20260204_155335.parquet,Sit-Stand,Non-Fall,0.0,0,0
Standingtositting_p2_3_35sek_20260204_155335.parquet,Sit-Stand,Non-Fall,0.0,0,0
Standingtositting_p2_3_35sek_20260204_155335.parquet,Sit-Stand,Non-Fall,0.0,0,0
Standingtositting_p2_3_35sek_20260204_155335.parquet,Sit-Stand,Non-Fall,0.0,0,0
Standingtositting_p2_3_35sek_20260204_155335.parquet,Sit-Stand,Non-Fall,0.0,0,0
Standingtositting_p2_3_35sek_20260204_155335.parquet,Sit-Stand,Non-Fall,0.0,0,0
Standingtositting_p2_3_35sek_20260204_155335.parquet,Sit-Stand,Non-Fall,0.01,0,0
Standingtositting_p2_3_35sek_20260204_155335.parquet,Sit-Stand,Non-Fall,0.07,0,0
Standingtositting_p2_3_35sek_20260204_155335.parquet,Sit-Stand,Non-Fall,0.0,0,0
Standingtositting_p2_3_35sek_20260204_155335.parquet,Sit-Stand,Non-Fall,0.08,0,0
Standingtositting_p2_3_35sek_20260204_155335.parquet,Sit-Stand,Non-Fall,0.0,0,0
Standingtositting_p2_3_35sek_20260204_155335.parquet,Sit-Stand,Non-Fall,0.0,0,0
Standingtositting_p2_3_35sek_20260204_155335.parquet,Sit-Stand,Non-Fall,0.0,0,0
Standingtositting_p2_3_35sek_20260204_155335.parquet,Sit-Stand,Non-Fall,0.0,0,0
Standingtositting_p2_3_35sek_20260204_155335.parquet,Sit-Stand,Non-Fall,0.0,0,0
Standingtositting_p2_3_35sek_20260204_155335.parquet,Sit-Stand,Non-Fall,0.0,0,0
Standingtositting_p2_3_35sek_20260204_155335.parquet,Sit-Stand,Non-Fall,0.0,0,0
Standingtositting_p2_3_35sek_20260204_155335.parquet,Sit-Stand,Non-Fall,0.0,0,0
Standingtositting_p2_3_35sek_20260204_155335.parquet,Sit-Stand,Non-Fall,0.0,0,0
Standingtositting_p2_3_35sek_20260204_155335.parquet,Sit-Stand,Non-Fall,0.0,0,0
Standingtositting_p2_3_35sek_20260204_155335.parquet,Sit-Stand,Non-Fall,0.0,0,0
Standingtositting_p2_3_35sek_20260204_155335.parquet,Sit-Stand,Non-Fall,0.0,0,0
Standingtositting_p2_3_35sek_20260204_155335.parquet,Sit-Stand,Non-Fall,0.0,0,0
Standingtositting_p2_3_35sek_20260204_155335.parquet,Sit-Stand,Non-Fall,0.0,0,0
Standingtositting_p2_3_35sek_20260204_155335.parquet,Sit-Stand,Non-Fall,0.0,0,0
Standingtositting_p2_3_35sek_20260204_155335.parquet,Sit-Stand,Non-Fall,0.0,0,0
Standingtositting_p2_3_35sek_20260204_155335.parquet,Sit-Stand,Non-Fall,0.0,0,0
Standingtositting_p2_3_35sek_20260204_155335.parquet,Sit-Stand,Non-Fall,0.0,0,0
Walking_Ahmed_2_20sek_20260202_102356.parquet,Walking,Non-Fall,0.0,0,0
Walking_Ahmed_2_20sek_20260202_102356.parquet,Walking,Non-Fall,0.0,0,0
Walking_Ahmed_2_20sek_20260202_102356.parquet,Walking,Non-Fall,0.0,0,0
Walking_Ahmed_2_20sek_20260202_102356.parquet,Walking,Non-Fall,0.0,0,0
Walking_Ahmed_2_20sek_20260202_102356.parquet,Walking,Non-Fall,0.0,0,0
Walking_Ahmed_2_20sek_20260202_102356.parquet,Walking,Non-Fall,0.22,0,0
Walking_Ahmed_2_20sek_20260202_102356.parquet,Walking,Non-Fall,0.0,0,0
Walking_Ahmed_2_20sek_20260202_102356.parquet,Walking,Non-Fall,0.0,0,0
Walking_Ahmed_2_20sek_20260202_102356.parquet,Walking,Non-Fall,0.0,0,0
Walking_Ahmed_2_20sek_20260202_102356.parquet,Walking,Non-Fall,0.0,0,0
Walking_Ahmed_2_20sek_20260202_102356.parquet,Walking,Non-Fall,0.0,0,0
Walking_Ahmed_3_20sek_20260202_102449.parquet,Walking,Non-Fall,0.0,0,0
Walking_Ahmed_3_20sek_20260202_102449.parquet,Walking,Non-Fall,0.01,0,0
Walking_Ahmed_3_20sek_20260202_102449.parquet,Walking,Non-Fall,0.0,0,0
Walking_Ahmed_3_20sek_20260202_102449.parquet,Walking,Non-Fall,0.0,0,0
Walking_Chrysi_1_20sek_20260202_103211.parquet,Walking,Non-Fall,0.01,0,0
Walking_Chrysi_1_20sek_20260202_103211.parquet,Walking,Non-Fall,0.01,0,0
Walking_Chrysi_1_20sek_20260202_103211.parquet,Walking,Non-Fall,0.01,0,0
Walking_Chrysi_2_20sek_20260202_103257.parquet,Walking,Non-Fall,0.01,0,0
Walking_Chrysi_2_20sek_20260202_103257.parquet,Walking,Non-Fall,0.0,0,0
Walking_Chrysi_2_20sek_20260202_103257.parquet,Walking,Non-Fall,0.0,0,0
Walking_Chrysi_3_20sek_20260202_103326.parquet,Walking,Non-Fall,0.0,0,0
Walking_Chrysi_3_20sek_20260202_103326.parquet,Walking,Non-Fall,0.0,0,0
Walking_Chrysi_3_20sek_20260202_103326.parquet,Walking,Non-Fall,0.0,0,0
Walking_Edith_1_35sek_20260202_105555.parquet,Walking,Non-Fall,0.03,0,0
Walking_Edith_1_35sek_20260202_105555.parquet,Walking,Non-Fall,0.0,0,0
Walking_Edith_1_35sek_20260202_105555.parquet,Walking,Non-Fall,0.01,0,0
Walking_Edith_1_35sek_20260202_105555.parquet,Walking,Non-Fall,0.0,0,0
Walking_Edith_1_35sek_20260202_105555.parquet,Walking,Non-Fall,0.0,0,0
Walking_Edith_1_35sek_20260202_105555.parquet,Walking,Non-Fall,0.0,0,0
Walking_Edith_1_35sek_20260202_105555.parquet,Walking,Non-Fall,0.0,0,0
Walking_Edith_1_35sek_20260202_105555.parquet,Walking,Non-Fall,0.0,0,0
Walking_Edith_1_35sek_20260202_105555.parquet,Walking,Non-Fall,0.01,0,0
Walking_Edith_2_35sek_20260202_105841.parquet,Walking,Non-Fall,0.0,0,0
Walking_Edith_2_35sek_20260202_105841.parquet,Walking,Non-Fall,0.0,0,0
Walking_Edith_2_35sek_20260202_105841.parquet,Walking,Non-Fall,0.0,0,0
Walking_Edith_2_35sek_20260202_105841.parquet,Walking,Non-Fall,0.0,0,0
Walking_Edith_2_35sek_20260202_105841.parquet,Walking,Non-Fall,0.0,0,0
Walking_Edith_2_35sek_20260202_105841.parquet,Walking,Non-Fall,0.0,0,0
Walking_Edith_2_35sek_20260202_105841.parquet,Walking,Non-Fall,0.01,0,0
Walking_Edith_2_35sek_20260202_105841.parquet,Walking,Non-Fall,0.0,0,0
Walking_Edith_2_35sek_20260202_105841.parquet,Walking,Non-Fall,0.0,0,0
Walking_Edith_2_35sek_20260202_105841.parquet,Walking,Non-Fall,0.01,0,0
Walking_Edith_2_35sek_20260202_105841.parquet,Walking,Non-Fall,0.0,0,0
Walking_Edith_2_35sek_20260202_105841.parquet,Walking,Non-Fall,0.01,0,0
Walking_Edith_2_35sek_20260202_105841.parquet,Walking,Non-Fall,0.04,0,0
Walking_Edith_2_35sek_20260202_105841.parquet,Walking,Non-Fall,0.0,0,0
Walking_Edith_2_35sek_20260202_105841.parquet,Walking,Non-Fall,0.0,0,0
Walking_Edith_3_35sek_20260202_105944.parquet,Walking,Non-Fall,0.0,0,0
Walking_Edith_3_35sek_20260202_105944.parquet,Walking,Non-Fall,0.0,0,0
Walking_Edith_3_35sek_20260202_105944.parquet,Walking,Non-Fall,0.0,0,0
Walking_Edith_3_35sek_20260202_105944.parquet,Walking,Non-Fall,0.0,0,0
Walking_Edith_3_35sek_20260202_105944.parquet,Walking,Non-Fall,0.0,0,0
Walking_Edith_3_35sek_20260202_105944.parquet,Walking,Non-Fall,0.0,0,0
Walking_Xiaoye_1_20sek_20260202_094820.parquet,Walking,Non-Fall,0.0,0,0
Walking_Xiaoye_1_20sek_20260202_094820.parquet,Walking,Non-Fall,0.02,0,0
Walking_Xiaoye_1_20sek_20260202_094820.parquet,Walking,Non-Fall,0.04,0,0
Walking_Xiaoye_1_2min_20260129_110230.parquet,Walking,Non-Fall,0.0,0,0
Walking_Xiaoye_1_2min_20260129_110230.parquet,Walking,Non-Fall,0.0,0,0
Walking_Xiaoye_1_2min_20260129_110230.parquet,Walking,Non-Fall,0.0,0,0
Walking_Xiaoye_1_2min_20260129_110230.parquet,Walking,Non-Fall,0.0,0,0
Walking_Xiaoye_1_4min_20260129_111200.parquet,Walking,Non-Fall,0.0,0,0
Walking_Xiaoye_1_4min_20260129_111200.parquet,Walking,Non-Fall,0.0,0,0
Walking_Xiaoye_1_4min_20260129_111200.parquet,Walking,Non-Fall,0.0,0,0
Walking_Xiaoye_2_2min_20260129_110830.parquet,Walking,Non-Fall,0.0,0,0
Walking_Xiaoye_2_2min_20260129_110830.parquet,Walking,Non-Fall,0.0,0,0
Walking_Xiaoye_2_2min_20260129_110830.parquet,Walking,Non-Fall,0.0,0,0
Walking_Xiaoye_2_2min_20260129_110830.parquet,Walking,Non-Fall,0.01,0,0
Walking_Xiaoye_2_2min_20260129_110830.parquet,Walking,Non-Fall,0.0,0,0
Walking_Xiaoye_2_2min_20260129_110830.parquet,Walking,Non-Fall,0.0,0,0
Walking_Xiaoye_2_2min_20260129_110830.parquet,Walking,Non-Fall,0.01,0,0
Walking_Xiaoye_2_2min_20260129_110830.parquet,Walking,Non-Fall,0.01,0,0
Walking_Xiaoye_2_2min_20260129_110830.parquet,Walking,Non-Fall,0.0,0,0
Walking_Xiaoye_3_20sek_20260202_094945.parquet,Walking,Non-Fall,0.0,0,0
Walking_p1_1_35sek_20260204_152601.parquet,Walking,Non-Fall,0.0,0,0
Walking_p1_1_35sek_20260204_152601.parquet,Walking,Non-Fall,0.0,0,0
Walking_p1_1_35sek_20260204_152601.parquet,Walking,Non-Fall,0.08,0,0
Walking_p1_1_35sek_20260204_152601.parquet,Walking,Non-Fall,0.0,0,0
Walking_p1_1_35sek_20260204_152601.parquet,Walking,Non-Fall,0.04,0,0
Walking_p1_1_35sek_20260204_152601.parquet,Walking,Non-Fall,0.0,0,0
Walking_p1_1_35sek_20260204_152601.parquet,Walking,Non-Fall,0.01,0,0
Walking_p1_1_35sek_20260204_152601.parquet,Walking,Non-Fall,0.0,0,0
Walking_p1_1_35sek_20260204_152601.parquet,Walking,Non-Fall,0.02,0,0
Walking_p1_1_35sek_20260204_152601.parquet,Walking,Non-Fall,0.0,0,0
Walking_p1_1_35sek_20260204_152601.parquet,Walking,Non-Fall,0.0,0,0
Walking_p1_1_35sek_20260204_152601.parquet,Walking,Non-Fall,0.01,0,0
Walking_p1_1_35sek_20260204_152601.parquet,Walking,Non-Fall,0.0,0,0
Walking_p1_2_35sek_20260204_152703.parquet,Walking,Non-Fall,0.03,0,0
Walking_p1_2_35sek_20260204_152703.parquet,Walking,Non-Fall,0.14,0,0
Walking_p1_2_35sek_20260204_152703.parquet,Walking,Non-Fall,0.0,0,0
Walking_p1_2_35sek_20260204_152703.parquet,Walking,Non-Fall,0.0,0,0
Walking_p1_2_35sek_20260204_152703.parquet,Walking,Non-Fall,0.0,0,0
Walking_p1_2_35sek_20260204_152703.parquet,Walking,Non-Fall,0.0,0,0
Walking_p1_2_35sek_20260204_152703.parquet,Walking,Non-Fall,0.0,0,0
Walking_p1_2_35sek_20260204_152703.parquet,Walking,Non-Fall,0.0,0,0
Walking_p1_2_35sek_20260204_152703.parquet,Walking,Non-Fall,0.0,0,0
Walking_p1_3_35sek_20260204_152758.parquet,Walking,Non-Fall,0.0,0,0
Walking_p1_3_35sek_20260204_152758.parquet,Walking,Non-Fall,0.0,0,0
Walking_p1_3_35sek_20260204_152758.parquet,Walking,Non-Fall,0.0,0,0
Walking_p1_3_35sek_20260204_152758.parquet,Walking,Non-Fall,0.01,0,0
Walking_p1_3_35sek_20260204_152758.parquet,Walking,Non-Fall,0.0,0,0
Walking_p1_3_35sek_20260204_152758.parquet,Walking,Non-Fall,0.0,0,0
Walking_p1_3_35sek_20260204_152758.parquet,Walking,Non-Fall,0.0,0,0
Walking_p1_3_35sek_20260204_152758.parquet,Walking,Non-Fall,0.0,0,0
Walking_p1_3_35sek_20260204_152758.parquet,Walking,Non-Fall,0.01,0,0
Walking_p1_3_35sek_20260204_152758.parquet,Walking,Non-Fall,0.0,0,0
Walking_p1_3_35sek_20260204_152758.parquet,Walking,Non-Fall,0.0,0,0
Walking_p1_3_35sek_20260204_152758.parquet,Walking,Non-Fall,0.0,0,0
Walking_p1_3_35sek_20260204_152758.parquet,Walking,Non-Fall,0.0,0,0
Walking_p1_3_35sek_20260204_152758.parquet,Walking,Non-Fall,0.0,0,0
Walking_p1_3_35sek_20260204_152758.parquet,Walking,Non-Fall,0.0,0,0
Walking_p1_3_35sek_20260204_152758.parquet,Walking,Non-Fall,0.0,0,0
Walking_p1_3_35sek_20260204_152758.parquet,Walking,Non-Fall,0.0,0,0
Walking_p1_3_35sek_20260204_152758.parquet,Walking,Non-Fall,0.0,0,0
Walking_p2_1_35sek_20260204_154526.parquet,Walking,Non-Fall,0.02,0,0
Walking_p2_1_35sek_20260204_154526.parquet,Walking,Non-Fall,0.0,0,0
Walking_p2_1_35sek_20260204_154526.parquet,Walking,Non-Fall,0.0,0,0
Walking_p2_1_35sek_20260204_154526.parquet,Walking,Non-Fall,0.0,0,0
Walking_p2_1_35sek_20260204_154526.parquet,Walking,Non-Fall,0.06,0,0
Walking_p2_1_35sek_20260204_154526.parquet,Walking,Non-Fall,0.0,0,0
Walking_p2_1_35sek_20260204_154526.parquet,Walking,Non-Fall,0.0,0,0
Walking_p2_1_35sek_20260204_154526.parquet,Walking,Non-Fall,0.0,0,0
Walking_p2_1_35sek_20260204_154526.parquet,Walking,Non-Fall,0.0,0,0
Walking_p2_1_35sek_20260204_154526.parquet,Walking,Non-Fall,0.0,0,0
Walking_p2_1_35sek_20260204_154526.parquet,Walking,Non-Fall,0.0,0,0
Walking_p2_1_35sek_20260204_154526.parquet,Walking,Non-Fall,0.0,0,0
Walking_p2_1_35sek_20260204_154526.parquet,Walking,Non-Fall,0.0,0,0
Walking_p2_1_35sek_20260204_154526.parquet,Walking,Non-Fall,0.0,0,0
Walking_p2_1_35sek_20260204_154526.parquet,Walking,Non-Fall,0.0,0,0
Walking_p2_1_35sek_20260204_154526.parquet,Walking,Non-Fall,0.0,0,0
Walking_p2_1_35sek_20260204_154526.parquet,Walking,Non-Fall,0.0,0,0
Walking_p2_1_35sek_20260204_154526.parquet,Walking,Non-Fall,0.03,0,0
Walking_p2_2_35sek_20260204_154615.parquet,Walking,Non-Fall,0.0,0,0
Walking_p2_2_35sek_20260204_154615.parquet,Walking,Non-Fall,0.05,0,0
Walking_p2_2_35sek_20260204_154615.parquet,Walking,Non-Fall,0.11,0,0
Walking_p2_2_35sek_20260204_154615.parquet,Walking,Non-Fall,0.03,0,0
Walking_p2_2_35sek_20260204_154615.parquet,Walking,Non-Fall,0.0,0,0
Walking_p2_2_35sek_20260204_154615.parquet,Walking,Non-Fall,0.0,0,0
Walking_p2_2_35sek_20260204_154615.parquet,Walking,Non-Fall,0.0,0,0
Walking_p2_2_35sek_20260204_154615.parquet,Walking,Non-Fall,0.0,0,0
Walking_p2_2_35sek_20260204_154615.parquet,Walking,Non-Fall,0.0,0,0
Walking_p2_2_35sek_20260204_154615.parquet,Walking,Non-Fall,0.0,0,0
Walking_p2_2_35sek_20260204_154615.parquet,Walking,Non-Fall,0.0,0,0
Walking_p2_2_35sek_20260204_154615.parquet,Walking,Non-Fall,0.0,0,0
Walking_p2_2_35sek_20260204_154615.parquet,Walking,Non-Fall,0.0,0,0
Walking_p2_2_35sek_20260204_154615.parquet,Walking,Non-Fall,0.0,0,0
Walking_p2_2_35sek_20260204_154615.parquet,Walking,Non-Fall,0.0,0,0
Walking_p2_2_35sek_20260204_154615.parquet,Walking,Non-Fall,0.0,0,0
Walking_p2_3_35sek_20260204_154745.parquet,Walking,Non-Fall,0.0,0,0
Walking_p2_3_35sek_20260204_154745.parquet,Walking,Non-Fall,0.0,0,0
Walking_p2_3_35sek_20260204_154745.parquet,Walking,Non-Fall,0.0,0,0
Walking_p2_3_35sek_20260204_154745.parquet,Walking,Non-Fall,0.02,0,0
Walking_p2_3_35sek_20260204_154745.parquet,Walking,Non-Fall,0.01,0,0
Walking_p2_3_35sek_20260204_154745.parquet,Walking,Non-Fall,0.0,0,0
Walking_p4_1_35sek_20260204_143622.parquet,Walking,Non-Fall,0.01,0,0
Walking_p4_1_35sek_20260204_143622.parquet,Walking,Non-Fall,0.0,0,0
Walking_p4_1_35sek_20260204_143622.parquet,Walking,Non-Fall,0.01,0,0
Walking_p4_2_35sek_20260204_151801.parquet,Walking,Non-Fall,0.0,0,0
Walking_p4_2_35sek_20260204_151801.parquet,Walking,Non-Fall,0.0,0,0
Walking_p4_2_35sek_20260204_151801.parquet,Walking,Non-Fall,0.01,0,0
Walking_p4_2_35sek_20260204_151801.parquet,Walking,Non-Fall,0.0,0,0
Walking_p4_2_35sek_20260204_151801.parquet,Walking,Non-Fall,0.0,0,0
Walking_p4_2_35sek_20260204_151801.parquet,Walking,Non-Fall,0.0,0,0
Walking_p4_2_35sek_20260204_151801.parquet,Walking,Non-Fall,0.0,0,0
Walking_p4_2_35sek_20260204_151801.parquet,Walking,Non-Fall,0.01,0,0
Walking_p4_2_35sek_20260204_151801.parquet,Walking,Non-Fall,0.0,0,0
Walking_p4_2_35sek_20260204_151801.parquet,Walking,Non-Fall,0.0,0,0
Walking_p4_2_35sek_20260204_151801.parquet,Walking,Non-Fall,0.0,0,0
Walking_p4_2_35sek_20260204_151801.parquet,Walking,Non-Fall,0.0,0,0
Walking_p4_3_35sek_20260204_151856.parquet,Walking,Non-Fall,0.0,0,0
Walking_p4_3_35sek_20260204_151856.parquet,Walking,Non-Fall,0.0,0,0
Walking_p4_3_35sek_20260204_151856.parquet,Walking,Non-Fall,0.0,0,0
Walking_p4_3_35sek_20260204_151856.parquet,Walking,Non-Fall,0.0,0,0
Walking_p4_3_35sek_20260204_151856.parquet,Walking,Non-Fall,0.0,0,0
Walking_p4_3_35sek_20260204_151856.parquet,Walking,Non-Fall,0.0,0,0
Walking_p4_3_35sek_20260204_151856.parquet,Walking,Non-Fall,0.0,0,0
Walking_p4_4_35sek_20260205_105347.parquet,Walking,Non-Fall,0.02,0,0
Walking_p4_4_35sek_20260205_105347.parquet,Walking,Non-Fall,0.0,0,0
Walking_p4_4_35sek_20260205_105347.parquet,Walking,Non-Fall,0.0,0,0
Walking_p4_4_35sek_20260205_105347.parquet,Walking,Non-Fall,0.0,0,0
Walking_p4_4_35sek_20260205_105347.parquet,Walking,Non-Fall,0.0,0,0
Walking_p4_4_35sek_20260205_105347.parquet,Walking,Non-Fall,0.0,0,0
Walking_p4_4_35sek_20260205_105347.parquet,Walking,Non-Fall,0.0,0,0
Walking_p4_4_35sek_20260205_105347.parquet,Walking,Non-Fall,0.0,0,0
Walking_p4_4_35sek_20260205_105347.parquet,Walking,Non-Fall,0.02,0,0
Walking_p4_4_35sek_20260205_105347.parquet,Walking,Non-Fall,0.0,0,0
Walking_p4_4_35sek_20260205_105347.parquet,Walking,Non-Fall,0.01,0,0
Walking_p4_4_35sek_20260205_105347.parquet,Walking,Non-Fall,0.0,0,0
Walking_p4_4_35sek_20260205_105347.parquet,Walking,Non-Fall,0.01,0,0
Walking_p4_4_35sek_20260205_105347.parquet,Walking,Non-Fall,0.0,0,0
Walking_p4_4_35sek_20260205_105347.parquet,Walking,Non-Fall,0.0,0,0
Walking_p4_4_35sek_20260205_105347.parquet,Walking,Non-Fall,0.0,0,0
Walking_p4_4_35sek_20260205_105347.parquet,Walking,Non-Fall,0.0,0,0
Walking_p4_4_35sek_20260205_105347.parquet,Walking,Non-Fall,0.01,0,0
Walking_p4_4_35sek_20260205_105347.parquet,Walking,Non-Fall,0.01,0,0
Walking_p4_4_35sek_20260205_105347.parquet,Walking,Non-Fall,0.02,0,0
Walking_p4_4_35sek_20260205_105347.parquet,Walking,Non-Fall,0.0,0,0
Walking_p4_4_35sek_20260205_105347.parquet,Walking,Non-Fall,0.0,0,0
Walking_p4_4_35sek_20260205_105347.parquet,Walking,Non-Fall,0.0,0,0
Walking_p4_4_35sek_20260205_105347.parquet,Walking,Non-Fall,0.0,0,0
Walking_p4_4_35sek_20260205_105347.parquet,Walking,Non-Fall,0.0,0,0
Walking_slow_Chrysi_4_20sek_20260202_103424.parquet,Walking,Non-Fall,0.01,0,0
Walking_slow_Chrysi_4_20sek_20260202_103424.parquet,Walking,Non-Fall,0.01,0,0
Walking_slow_Chrysi_4_20sek_20260202_103424.parquet,Walking,Non-Fall,0.0,0,0
Walking_slow_Chrysi_4_20sek_20260202_103424.parquet,Walking,Non-Fall,0.02,0,0
Walking_slow_Chrysi_4_20sek_20260202_103424.parquet,Walking,Non-Fall,0.01,0,0
Walking_slow_Chrysi_4_20sek_20260202_103424.parquet,Walking,Non-Fall,0.0,0,0
Walking_slow_Chrysi_4_20sek_20260202_103424.parquet,Walking,Non-Fall,0.0,0,0
Walking_slow_Chrysi_4_20sek_20260202_103424.parquet,Walking,Non-Fall,0.0,0,0
Walking_slow_Chrysi_4_20sek_20260202_103424.parquet,Walking,Non-Fall,0.0,0,0
Walking_slow_Chrysi_4_20sek_20260202_103424.parquet,Walking,Non-Fall,0.0,0,0
Walking_slow_Chrysi_4_20sek_20260202_103424.parquet,Walking,Non-Fall,0.01,0,0
Walking_slow_Chrysi_4_20sek_20260202_103424.parquet,Walking,Non-Fall,0.01,0,0
Walking_slow_Chrysi_4_20sek_20260202_103424.parquet,Walking,Non-Fall,0.02,0,0
