acc_mean,acc_std,acc_max,acc_min,acc_range,acc_energy,gyro_mean,gyro_std,gyro_max,gyro_min,gyro_range,gyro_energy,label,activity,file
0.9659529965880399,0.015078311988892746,1.002496882788171,0.9357350052231668,0.06676187756500429,46.6644,13.092566562268264,4.777092747149926,19.63330333896973,4.588442001376938,15.04486133759279,9688.975099999998,0.0,Fallingbackwards,Fallingbackwards_p1_1_35sek_20260205_113403.csv
0.9750073111577108,0.031048730445158303,1.044270080008041,0.8820997676000147,0.16217031240802615,47.57920000000001,16.19043620257236,17.506189680015698,69.69790599436973,1.8563135511006754,67.84159244326906,28123.3784,0.0,Fallingbackwards,Fallingbackwards_p1_1_35sek_20260205_113403.csv
0.9903952331038005,0.09140224088078584,1.2758134659894447,0.8155366331440913,0.46027683284535337,49.4535,18.45341672001489,8.501826535892322,39.68872257959432,4.736781607800808,34.95194097179351,20568.2011,0.0,Fallingbackwards,Fallingbackwards_p1_1_35sek_20260205_113403.csv
0.9785016734501504,0.04206985269005122,1.0915585188161008,0.9168424073961675,0.17471611141993326,47.959999999999994,24.965408752529523,10.805505674268813,53.938199821647736,6.070831903454418,47.86736791819332,36884.770399999994,0.0,Fallingbackwards,Fallingbackwards_p1_1_35sek_20260205_113403.csv
0.9583356773438024,0.018809722030168067,0.9995999199679839,0.9222797840135064,0.07732013595447751,45.9377,8.656067270196331,3.464747158345187,16.74541429765176,3.0599836600870924,13.685430637564668,4334.5942000000005,0.0,Fallingbackwards,Fallingbackwards_p1_1_35sek_20260205_113403.csv
0.9637076999976775,0.01405052708672293,0.9979979959899719,0.9308061022576077,0.06719189373236412,46.446299999999994,9.776345970659296,2.5102592479283796,14.570590241990885,4.441452465128947,10.129137776861938,5087.615700000001,0.0,Fallingbackwards,Fallingbackwards_p1_1_35sek_20260205_113403.csv
0.9663916786990485,0.028804820692683645,1.0315037566582101,0.8677557259966654,0.16374803066154475,46.7363,6.960516552120488,3.692797088162791,18.5021431191092,1.8813027401245128,16.620840378984685,3090.6403,0.0,Fallingbackwards,Fallingbackwards_p1_1_35sek_20260205_113403.csv
0.961164734118043,0.014581015326458825,1.000949549178179,0.9334880824091971,0.0674614667689819,46.2023,11.019375879323057,4.9811398611687,22.511847991668745,1.2176616935750257,21.29418629809372,7287.1082000000015,0.0,Fallingbackwards,Fallingbackwards_p1_1_35sek_20260205_113403.csv
0.9601908923988125,0.016765189712434632,0.9922701245124737,0.931933474020544,0.0603366504919296,46.1121,8.937613883080347,3.024541131830094,16.14039032985262,2.898930837395056,13.241459492457565,4442.291699999999,0.0,Fallingbackwards,Fallingbackwards_p1_1_35sek_20260205_113403.csv
0.9651033837798357,0.014479352530604292,1.0036433629531958,0.9372833082905084,0.06636005466268735,46.58149999999999,11.375711199762083,4.046529213173787,17.933368339494955,5.430257820766892,12.503110518728063,7272.6858,0.0,Fallingbackwards,Fallingbackwards_p1_1_35sek_20260205_113403.csv
0.9635666067645094,0.009550848254309297,0.9863569333664157,0.9423905772024677,0.04396635616394806,46.427499999999995,5.136638670622704,3.2763981541867886,11.79490567999592,0.9810708435174292,10.813834836478492,1845.2573,0.0,Fallingbackwards,Fallingbackwards_p1_1_35sek_20260205_113403.csv
0.9641483105348359,0.005717435990732566,0.9741663102366043,0.9523129737644027,0.021853336472201557,46.4807,6.4374831525248,1.802480903960487,10.41005763672805,4.057215794113002,6.352841842615048,2231.2574000000004,0.0,Fallingbackwards,Fallingbackwards_p1_1_35sek_20260205_113403.csv
0.9616789652968349,0.005492825154005119,0.9749358953285082,0.9509994742374992,0.02393642109100902,46.2428,4.456541401242974,0.9481403597802376,6.411279123544692,2.8072228269234345,3.6040562966212577,1037.0876,0.0,Fallingbackwards,Fallingbackwards_p1_1_35sek_20260205_113403.csv
0.9638345036554319,0.00525372203218007,0.9734474818910366,0.9515250916292224,0.021922390261814195,46.450199999999995,4.666685246268812,0.7053749995982044,6.440644377700107,3.7486664295453123,2.6919779481547943,1113.2776999999999,0.0,Fallingbackwards,Fallingbackwards_p1_1_35sek_20260205_113403.csv
0.9634167448912848,0.004537335264994485,0.9743202758846805,0.9515250916292224,0.022795184255458123,46.409600000000005,4.589659086316376,0.8661546919584021,5.908612358244532,2.319439587486598,3.5891727707579335,1090.0095,0.0,Fallingbackwards,Fallingbackwards_p1_1_35sek_20260205_113403.csv
0.962033447904209,0.006030967155969218,0.9734474818910366,0.9502105029939418,0.02323697889709475,46.27719999999999,5.575478260495195,1.9423429379272323,9.21264891331478,2.5989613309935953,6.613687582321185,1739.1600000000003,0.0,Fallingbackwards,Fallingbackwards_p1_1_35sek_20260205_113403.csv
0.9625645352454946,0.0054879727145386425,0.9720082304178294,0.9495261976375375,0.022482032780291816,46.327999999999996,5.094085219235215,1.3565915343201522,7.47709836768248,1.7070442290696513,5.770054138612829,1387.6618999999998,0.0,Fallingbackwards,Fallingbackwards_p1_1_35sek_20260205_113403.csv
0.9621960423076124,0.00502810139519209,0.97205966895042,0.9508417323613851,0.021217936589034814,46.2923,4.720563139825549,1.038126080050971,6.720066963952071,2.813201023745015,3.906865940207056,1166.9933999999998,0.0,Fallingbackwards,Fallingbackwards_p1_1_35sek_20260205_113403.csv
0.9631247581877395,0.00611957096405047,0.98254770876533,0.9502105029939418,0.03233720577138821,46.3823,5.537610155650974,1.651637333576737,9.50294164982612,3.3782835878593733,6.124658061966747,1666.9236999999998,0.0,Fallingbackwards,Fallingbackwards_p1_1_35sek_20260205_113403.csv
0.937068845523922,0.04662024991904575,1.0389417693018217,0.828613299434664,0.2103284698671577,44.011399999999995,12.797171321963146,10.569254224087514,39.5129864728041,1.7665786141578868,37.746407858646215,13662.127300000002,0.0,Fallingbackwards,Fallingbackwards_p1_1_35sek_20260205_113403.csv
0.9563810345135948,0.07158067250473817,1.1625833303466895,0.8465222974027323,0.31606103294395715,45.984300000000005,71.30869781770936,48.34686343099117,175.91254219071476,12.941074143980476,162.9714680467343,368780.06019999995,0.0,Fallingbackwards,Fallingbackwards_p1_1_35sek_20260205_113403.csv
0.986622362883991,0.15820521759633746,1.463078945238431,0.698856208386246,0.764222736852185,49.8976,64.60385017006058,65.51402703210691,199.9112775708264,6.5963171542914765,193.31496041653492,418995.17199999996,0.0,Fallingbackwards,Fallingbackwards_p1_1_35sek_20260205_113403.csv
0.9218481905110417,0.06782265026747636,1.07,0.608769250208977,0.4612307497910231,42.715599999999995,17.049395792630616,9.347189532111441,40.736487330156486,2.664094592915199,38.07239273724129,18815.222499999996,0.0,Fallingbackwards,Fallingbackwards_p1_1_35sek_20260205_113403.csv
0.9231725444000858,0.05808555675854796,1.063296760081587,0.759473501841901,0.30382325823968603,42.7777,10.873909756215626,9.232433436359827,53.08620630634666,1.6585837331892532,51.42762257315741,10088.749200000002,0.0,Fallingbackwards,Fallingbackwards_p1_1_35sek_20260205_113403.csv
0.9239331817965137,0.026524451087250135,1.0048382954485762,0.8584287972802405,0.1464094981683357,42.7171,7.30323019037722,4.720006570641687,22.887511878751695,3.017300117654855,19.87021176109684,3758.5031999999997,0.0,Fallingbackwards,Fallingbackwards_p1_1_35sek_20260205_113403.csv
0.9217493504539978,0.01212750868779685,0.9577577981932593,0.8937561188601731,0.0640016793330862,42.4883,7.469760709712723,3.7392194617724757,24.942916830234587,2.5083460686276924,22.434570761606896,3474.9725999999996,0.0,Fallingbackwards,Fallingbackwards_p1_1_35sek_20260205_113403.csv
0.9195005666690907,0.011548826922534497,0.9398936110007344,0.8896066546513689,0.05028695634936553,42.2806,4.101661552240535,1.2747382728053864,7.2535991066504355,1.81738823590338,5.436210870747056,920.8043,0.0,Fallingbackwards,Fallingbackwards_p1_1_35sek_20260205_113403.csv
0.9199216902717291,0.01755701405291159,0.9728309205612248,0.8853247991556544,0.08750612140557035,42.32789999999999,5.679189995229442,2.4679941037218716,14.357141080312612,2.579728667902886,11.777412412409726,1911.1187000000002,0.0,Fallingbackwards,Fallingbackwards_p1_1_35sek_20260205_113403.csv
0.9199548658665968,0.01992446881405738,0.9831581764904365,0.8778382538941899,0.10531992259624656,42.3353,6.460021671938418,3.2174825369530633,18.64329370041678,2.8936136576951665,15.749680042721614,2593.8515,0.0,Fallingbackwards,Fallingbackwards_p1_1_35sek_20260205_113403.csv
0.9200627433297356,0.007460668061186564,0.943610088966836,0.903603895520598,0.0400061934462379,42.328500000000005,4.337426827227748,0.4046572225983913,5.477818909018443,3.5169589136070383,1.9608599954114045,948.6872,0.0,Fallingbackwards,Fallingbackwards_p1_1_35sek_20260205_113403.csv
0.919294582456534,0.006016191254544247,0.9315578350268973,0.9064215354899727,0.025136299536924533,42.2569,4.620252823820257,0.3101577017914419,5.212734407199354,3.795115281516492,1.4176191256828625,1072.0504999999998,0.0,Fallingbackwards,Fallingbackwards_p1_1_35sek_20260205_113403.csv
0.9190158363804565,0.007552029186021222,0.9342911751697112,0.903603895520598,0.03068727964911311,42.2323,4.7489386350150395,0.4393778542874677,6.231933889251394,3.510170936008673,2.721762953242721,1137.0805,0.0,Fallingbackwards,Fallingbackwards_p1_1_35sek_20260205_113403.csv
0.9183087008808418,0.006786081684823688,0.9391485505499116,0.9017760254076397,0.03737252514227196,42.1668,4.699078640124716,0.3833977179459724,5.644129693761475,3.320015060206806,2.3241146335546694,1111.2697,0.0,Fallingbackwards,Fallingbackwards_p1_1_35sek_20260205_113403.csv
0.9200294520530161,0.013620488581948365,0.9550916186418976,0.8746999485537884,0.08039167008810921,42.3318,5.634020704704845,1.6902471437926188,9.93282437174845,2.2821700199590738,7.6506543517893775,1727.0993,0.0,Fallingbackwards,Fallingbackwards_p1_1_35sek_20260205_113403.csv
0.9170700988957485,0.007452825196529081,0.9342911751697112,0.898943824718764,0.03534735045094717,42.053599999999996,4.514554069056907,0.7337098614420206,5.7309074325101435,2.688903122092724,3.0420043104174193,1045.4381,0.0,Fallingbackwards,Fallingbackwards_p1_1_35sek_20260205_113403.csv
0.9199382407475649,0.007116609651654444,0.9342911751697112,0.903603895520598,0.03068727964911311,42.316799999999986,4.7057190733170895,0.4018909424358653,5.957591795348184,3.207693875668313,2.7498979196798707,1115.1039,0.0,Fallingbackwards,Fallingbackwards_p1_1_35sek_20260205_113403.csv
0.9195262022953807,0.005852201071567718,0.9315578350268973,0.9105492847726585,0.021008550254238756,42.2781,4.633922523638778,0.40192400148868845,6.062384019509157,3.1854983911469805,2.876885628362176,1081.5775,0.0,Fallingbackwards,Fallingbackwards_p1_1_35sek_20260205_113403.csv
0.918629573015332,0.0063008907901079105,0.9364293886887575,0.9064215354899727,0.03000785319878474,39.664199999999994,4.709703007564673,0.42381769781677436,5.824396964493406,3.354847239443251,2.4695497250501552,1050.7838000000002,0.0,Fallingbackwards,Fallingbackwards_p1_1_35sek_20260205_113403.csv
0.9665707640256954,0.02201479397725029,1.031649165171959,0.907028114227999,0.12462105094396003,46.7367,6.917589065179051,3.9131840896780505,17.1438443763352,2.938537050983023,14.205307325352177,3142.9894,0.0,Fallingbackwards,Fallingbackwards_p1_2_35sek_20260205_113455.csv
0.9639512388203797,0.008921950496880271,0.9888882646689665,0.9433451118228154,0.04554315284615107,46.464,6.255345563207096,2.692498249078561,12.050518661036959,2.5453486990980236,9.505169961938936,2311.6952,0.0,Fallingbackwards,Fallingbackwards_p1_2_35sek_20260205_113455.csv
0.9648082407419242,0.0064727526612399725,0.987674035297071,0.9532051195833979,0.034468915713673054,46.544799999999995,4.659419602014835,1.9694070827307677,9.865525834946661,1.8916923639957952,7.973833470950866,1275.5592000000001,0.0,Fallingbackwards,Fallingbackwards_p1_2_35sek_20260205_113455.csv
0.9629002747609485,0.0061495698613572725,0.9743202758846805,0.951892851112981,0.022427424771699456,46.360699999999994,5.07989269210813,1.830918202975254,8.458333169129718,3.0374166655235166,5.420916503606201,1454.5263,0.0,Fallingbackwards,Fallingbackwards_p1_2_35sek_20260205_113455.csv
0.9639293316941828,0.004764183936172187,0.9752948272189287,0.9532051195833979,0.022089707635530753,46.4591,4.435355252294151,0.9491348294290926,7.318107678901698,3.386532149559487,3.931575529342211,1027.7608,0.0,Fallingbackwards,Fallingbackwards_p1_2_35sek_20260205_113455.csv
0.9640599168693837,0.006426720828617456,0.9752948272189287,0.9528903399657276,0.0224044872532011,46.4726,4.951586318501188,0.6759912830254389,6.428327931896443,3.7579116540972595,2.6704162777991836,1248.3016,0.0,Fallingbackwards,Fallingbackwards_p1_2_35sek_20260205_113455.csv
0.9623196697751227,0.006765244606835958,0.9749871794028884,0.9505787710652915,0.024408408337596832,46.30519999999999,4.403780730754324,1.472389171684853,7.402925097554344,1.5823400393088711,5.820585058245473,1075.8927999999999,0.0,Fallingbackwards,Fallingbackwards_p1_2_35sek_20260205_113455.csv
0.9631776136889652,0.007205757932238047,0.9824968193332739,0.9505787710652915,0.03191804826798239,46.3881,6.544442924725371,1.8158460121409483,9.900979749499541,2.608256122392891,7.29272362710665,2303.0542,0.0,Fallingbackwards,Fallingbackwards_p1_2_35sek_20260205_113455.csv
0.9623103343188052,0.004825576335374372,0.9752948272189287,0.949789450352024,0.025505376866904683,46.30319999999999,4.250912373298396,1.366589675566852,7.743984762381703,2.2925967809451357,5.451387981436567,995.0235999999999,0.0,Fallingbackwards,Fallingbackwards_p1_2_35sek_20260205_113455.csv
0.9622710988896241,0.006254161206980473,0.973909646733207,0.9505787710652915,0.023330875667915474,46.3002,5.6563373494763445,1.7605761432098646,8.606050197390207,3.132091952673165,5.473958244717042,1751.5894,0.0,Fallingbackwards,Fallingbackwards_p1_2_35sek_20260205_113455.csv
0.9598667136436896,0.005522868862541508,0.9714422267947795,0.9495788540189803,0.021863372775799195,46.06870000000001,4.457104063681308,0.938443873434797,5.958556872263618,2.6447117045152577,3.3138451677483607,1036.442,0.0,Fallingbackwards,Fallingbackwards_p1_2_35sek_20260205_113455.csv
0.9609674597806108,0.005105143744622013,0.9714422267947795,0.9485778829384544,0.022864343856325187,46.1742,4.878665008378618,0.33544934229627493,5.73607880001661,4.112918671697752,1.6231601283188581,1195.5823999999998,0.0,Fallingbackwards,Fallingbackwards_p1_2_35sek_20260205_113455.csv
0.9618177029220938,0.005777008058585369,0.9714422267947795,0.9485778829384544,0.022864343856325187,46.2563,4.522661247957299,0.5009269328621287,5.780769844925501,3.6444203928745655,2.136349452050936,1035.0186999999999,0.0,Fallingbackwards,Fallingbackwards_p1_2_35sek_20260205_113455.csv
0.9596208297463743,0.005332143276268405,0.9703607576566563,0.9486832980505138,0.021677459606142535,46.044999999999995,5.027924387617494,0.5722604234491304,6.4425616023442105,4.078480109060236,2.364081493283974,1280.0477999999998,0.0,Fallingbackwards,Fallingbackwards_p1_2_35sek_20260205_113455.csv
0.960071482173937,0.006288077180824628,0.9737042672187485,0.9486832980505138,0.025020969168234708,46.08879999999999,5.016818181740955,0.594957837087317,6.448364133638857,3.756101702563444,2.692262431075413,1275.7679999999998,0.0,Fallingbackwards,Fallingbackwards_p1_2_35sek_20260205_113455.csv
0.9620084161813375,0.004928798780909004,0.9725224933131367,0.9516827202382104,0.020839773074926238,46.2742,4.847530068599185,0.4614067155668426,6.063579800744772,4.288274711349542,1.7753050893952294,1185.3593,0.0,Fallingbackwards,Fallingbackwards_p1_2_35sek_20260205_113455.csv
0.9617194037685164,0.005695362876505941,0.9726253132630263,0.9516827202382104,0.020942593024815825,46.2468,4.999097335052703,0.32484193121339894,5.512150215659948,4.163303976411043,1.3488462392489051,1254.7193000000002,0.0,Fallingbackwards,Fallingbackwards_p1_2_35sek_20260205_113455.csv
0.9629922230215309,0.004735708904327097,0.9737042672187485,0.9516827202382104,0.022021546980538043,46.36879999999999,4.435014528007732,0.5658009821378119,6.012678271785378,3.4984710946354842,2.514207177149894,999.1540999999999,0.0,Fallingbackwards,Fallingbackwards_p1_2_35sek_20260205_113455.csv
0.9633859317966116,0.004688937956200853,0.9737042672187485,0.9505787710652915,0.023125496153456937,46.406699999999994,4.939525950917817,0.8144770327936846,5.860742273807986,2.372951748350564,3.487790525457422,1252.4510999999998,0.0,Fallingbackwards,Fallingbackwards_p1_2_35sek_20260205_113455.csv
0.9567875883478217,0.01210122204821635,0.9813256340277675,0.9095603333479314,0.07176530067983611,45.7793,6.400481784749306,3.913823867838407,16.868461696313627,2.132533704305749,14.735927992007879,2798.8912,0.0,Fallingbackwards,Fallingbackwards_p1_2_35sek_20260205_113455.csv
0.9083829873410373,0.0671758908812267,1.0547985589675406,0.7539893898457722,0.30080916912176836,41.4791,23.181993399553207,11.74898944951296,45.51817658913854,9.170419837717354,36.34775675142119,33634.1398,0.0,Fallingbackwards,Fallingbackwards_p1_2_35sek_20260205_113455.csv
1.0105758974400443,0.38310540393437936,1.9533048917155766,0.40718546143004664,1.54611943028553,58.2549,74.86247341195357,27.557686594734648,124.95594223565361,23.977418543287765,100.97852369236584,317431.3747,0.0,Fallingbackwards,Fallingbackwards_p1_2_35sek_20260205_113455.csv
0.94014715485197,0.09766314045648124,1.4346428126889283,0.7846018098373212,0.6500410028516072,44.66120000000001,25.02204796342157,18.717687414833563,69.3799084750045,5.832940939183253,63.546967535821246,48472.383499999996,0.0,Fallingbackwards,Fallingbackwards_p1_2_35sek_20260205_113455.csv
0.925435819254824,0.07646891085066186,1.095582037092613,0.5654201977290871,0.5301618393635259,43.1081,6.709202861984968,5.6407903047332075,32.85354470981785,1.0078194282707593,31.845725281547086,3809.7773999999995,0.0,Fallingbackwards,Fallingbackwards_p1_2_35sek_20260205_113455.csv
0.9338807054853758,0.05778944824715919,1.0513800454640558,0.79724525711979,0.25413478834426584,43.770300000000006,9.280706108060395,9.112159858202624,48.04038925737384,1.0841586599755593,46.95623059739828,8375.116699999999,0.0,Fallingbackwards,Fallingbackwards_p1_2_35sek_20260205_113455.csv
0.9190876516571302,0.06249806994066339,1.0673331251301068,0.7366817494685205,0.3306513756615863,42.4275,8.460677737645188,6.8663362642377805,40.40036881019776,1.5582682695864662,38.8421005406113,5889.335500000001,0.0,Fallingbackwards,Fallingbackwards_p1_2_35sek_20260205_113455.csv
0.9246848667187371,0.02989603177120411,1.0030453628824572,0.8514105942493316,0.15163476863312553,42.795899999999996,12.547136755713522,11.16508009391301,45.00211217265252,2.582789190003706,42.41932298264881,13979.823699999999,0.0,Fallingbackwards,Fallingbackwards_p1_2_35sek_20260205_113455.csv
0.9229456390339011,0.01556249377685947,0.9521554494934112,0.8866791979064356,0.06547625158697568,42.603300000000004,6.814380737489831,1.8809455840970588,12.353032016472715,3.112249989959033,9.240782026513683,2495.1491,0.0,Fallingbackwards,Fallingbackwards_p1_2_35sek_20260205_113455.csv
0.9205071778637995,0.012877247012107906,0.9489994731294639,0.8922443611477743,0.05675511198168959,40.6798,4.5252124004106955,1.6062142029863247,8.184192079857363,0.3764306044943742,7.807761475362988,1104.1787,0.0,Fallingbackwards,Fallingbackwards_p1_2_35sek_20260205_113455.csv
0.9594241903210823,0.005270540646822503,0.9693296652842107,0.9483142938920619,0.02101537139214882,46.02610000000001,4.385964135866759,0.24303900520613184,5.312344115359998,3.902281384011153,1.4100627313488454,964.7284,0.0,Fallingbackwards,Fallingbackwards_p1_3_35sek_20260205_113936.csv
0.9571856738288611,0.004470517569130623,0.9628083921528727,0.9489467845985885,0.013861607554284228,45.8112,4.552069213948301,0.8540132576900068,6.158327695080865,2.492649193127665,3.6656785019531997,1071.8043000000002,0.0,Fallingbackwards,Fallingbackwards_p1_3_35sek_20260205_113936.csv
0.9564015824937845,0.005534032314506591,0.9687620966986683,0.94847245611035,0.02028964058831828,45.7367,4.565898001496944,0.6636136692123878,5.319332664912019,2.615224655741835,2.704108009170184,1063.9499999999998,0.0,Fallingbackwards,Fallingbackwards_p1_3_35sek_20260205_113936.csv
0.9570902380149877,0.005178083367534621,0.970051545022222,0.94847245611035,0.02157908891187199,45.802400000000006,4.857495648970762,0.29927125814067584,5.494888533901301,3.7275997639231604,1.767288769978141,1184.1517999999999,0.0,Fallingbackwards,Fallingbackwards_p1_3_35sek_20260205_113936.csv
0.9585500947917781,0.005318026206011748,0.9706183596038146,0.94847245611035,0.02214590349346457,45.942299999999996,5.8014484824293895,0.7081317081154617,6.951280457584775,3.85507457774814,3.096205879836635,1707.4113000000002,0.0,Fallingbackwards,Fallingbackwards_p1_3_35sek_20260205_113936.csv
0.9580152307613155,0.009732002192610988,0.9788769074812216,0.9257429448826494,0.05313396259857217,45.8943,2.693348020066289,0.6510560046797743,5.025395506823319,1.8447222013083706,3.180673305514948,383.47600000000006,0.0,Fallingbackwards,Fallingbackwards_p1_3_35sek_20260205_113936.csv
0.9487238846725675,0.009090848268322784,0.9646761114488115,0.9259049627256569,0.03877114872315457,45.0079,2.8934550194111557,0.9533346686518097,4.851649204136671,0.9609370426828181,3.890712161453853,463.13759999999996,0.0,Fallingbackwards,Fallingbackwards_p1_3_35sek_20260205_113936.csv
0.94881497816379,0.00808987853687892,0.9646761114488115,0.9334880824091971,0.031188029039614373,45.0157,6.370956487248294,1.6626292914552492,10.719813431212318,3.308383290974611,7.411430140237707,2164.9068,0.0,Fallingbackwards,Fallingbackwards_p1_3_35sek_20260205_113936.csv
0.9533546627576207,0.007882232558442068,0.972111104761179,0.9346657156438338,0.037445389117345185,45.447300000000006,5.906696194856278,1.0745962989821278,8.594381885860088,4.527107244146089,4.067274641713999,1801.0361000000003,0.0,Fallingbackwards,Fallingbackwards_p1_3_35sek_20260205_113936.csv
0.9506527537148963,0.008165498240444206,0.9618211892030659,0.931074647920348,0.03074654128271792,45.1903,6.653562740986388,2.0940447268671525,11.95631214045535,3.979912059329955,7.976400081125394,2428.3610000000003,0.0,Fallingbackwards,Fallingbackwards_p1_3_35sek_20260205_113936.csv
0.9522429083351014,0.007656098376757111,0.9703607576566562,0.9377632963600143,0.03259746129664187,45.3412,6.928938173637469,1.8792904072020076,10.906044195765942,4.353722545133072,6.552321650632869,2573.5641,0.0,Fallingbackwards,Fallingbackwards_p1_3_35sek_20260205_113936.csv
0.9528474149375417,0.007680072733246572,0.9689685237405805,0.9291931984253867,0.03977532531519379,45.398799999999994,6.349853014483702,1.2581102991992705,8.60644525922288,3.7119401934837257,4.894505065739155,2093.5909,0.0,Fallingbackwards,Fallingbackwards_p1_3_35sek_20260205_113936.csv
0.9531147906061014,0.006561788572715273,0.9692264957170744,0.939095309327014,0.030131186390060405,45.4235,5.217650753946688,1.630856357567999,9.659389214644992,2.7164867016055867,6.942902513039406,1491.5189,0.0,Fallingbackwards,Fallingbackwards_p1_3_35sek_20260205_113936.csv
0.951413766018305,0.006376441883031962,0.9689685237405805,0.9392550239418472,0.02971349979873328,45.2614,6.899201360423441,2.5169990611455333,11.16445699530434,3.5863491185326617,7.5781078767716785,2690.3779,0.0,Fallingbackwards,Fallingbackwards_p1_3_35sek_20260205_113936.csv
0.9530002608315746,0.005000291312989688,0.9603124491539199,0.9404786015641186,0.019833847589801334,45.411699999999996,5.793126030976156,0.5570135282371881,7.347931681772769,4.474617302071765,2.8733143797010037,1693.2184,0.0,Fallingbackwards,Fallingbackwards_p1_3_35sek_20260205_113936.csv
0.9535418623585845,0.005706846025041109,0.9675226095549395,0.9390420650854786,0.02848054446946091,45.463699999999996,3.61513717811421,1.0132264002581217,5.497372099467163,1.66910155472937,3.828270544737793,703.7656000000001,0.0,Fallingbackwards,Fallingbackwards_p1_3_35sek_20260205_113936.csv
0.933649875333555,0.05054711168434685,0.9950879358127099,0.7519308478842984,0.2431570879284115,43.71029999999999,14.628648728109187,10.224283039061783,33.162499905767056,2.214068652955459,30.9484312528116,15822.1304,0.0,Fallingbackwards,Fallingbackwards_p1_3_35sek_20260205_113936.csv
0.8803942996951553,0.23065097995756506,1.3961017154921054,0.3312099032335839,1.0648918122585216,41.36149999999999,60.904020969266064,25.067322410497617,110.70999412880484,19.372859881803716,91.33713424700112,216255.1505,0.0,Fallingbackwards,Fallingbackwards_p1_3_35sek_20260205_113936.csv
1.0457677648349624,0.23797140548532314,1.6726326554267676,0.6836665854054884,0.9889660700212792,57.4564,27.356063953322842,30.77288590828287,110.26691434877462,3.9378801403801007,106.32903420839452,83819.26659999999,0.0,Fallingbackwards,Fallingbackwards_p1_3_35sek_20260205_113936.csv
0.9318793948292519,0.026356920104885353,0.9839207285142436,0.8251666498350501,0.15875407867919356,43.45399999999999,12.517928908456959,6.136990208498102,26.676388436218275,4.086318636621476,22.590069799596797,9680.397,0.0,Fallingbackwards,Fallingbackwards_p1_3_35sek_20260205_113936.csv
0.9275912894219752,0.024419793503893887,0.9940824915468535,0.8734414691323054,0.1206410224145481,43.0505,8.769375203554803,4.459485252083379,19.295934805030825,3.2525989608311687,16.043335844199657,4819.5605000000005,0.0,Fallingbackwards,Fallingbackwards_p1_3_35sek_20260205_113936.csv
0.9258192329261393,0.00660457046873662,0.9406912352095134,0.9093404203047393,0.031350814904774094,42.8592,5.472997285949698,0.6456342459774009,7.455736046829984,3.854568717768565,3.6011673290614192,1518.1102999999998,0.0,Fallingbackwards,Fallingbackwards_p1_3_35sek_20260205_113936.csv
0.9252771007268368,0.005739842006919835,0.9360555539069249,0.9114274518577986,0.024628102049126244,42.808499999999995,5.0120134725306125,0.44590077505599274,5.849393130915377,3.9118921253020256,1.9375010056133517,1265.7565000000002,0.0,Fallingbackwards,Fallingbackwards_p1_3_35sek_20260205_113936.csv
0.9243224492738622,0.006701337695288266,0.9374966666607407,0.9093404203047393,0.028156246356001446,42.7208,5.118728293482773,0.5016794829075099,6.311053794731906,3.8367434107586607,2.4743103839732457,1322.4014,0.0,Fallingbackwards,Fallingbackwards_p1_3_35sek_20260205_113936.csv
0.924448106305091,0.007804940150069638,0.9356815697661252,0.908955444452587,0.02672612531353813,42.7332,4.903685976552219,0.3675232095476865,5.698920950495804,3.572576101358794,2.12634484913701,1208.9253999999999,0.0,Fallingbackwards,Fallingbackwards_p1_3_35sek_20260205_113936.csv
0.9237230354776702,0.0071252445657299796,0.9434511116109833,0.9107140056021977,0.032737106008785544,42.6657,4.830043723528261,0.47300777575397424,5.784124825762321,3.4745215497964606,2.3096032759658605,1177.4291999999998,0.0,Fallingbackwards,Fallingbackwards_p1_3_35sek_20260205_113936.csv
0.9233456074867408,0.007751835525978089,0.9417536832951597,0.9028842672236569,0.03886941607150285,42.631299999999996,4.965439063203652,0.349873023047453,5.770225298894316,4.153949927478664,1.616275371415652,1238.7774000000002,0.0,Fallingbackwards,Fallingbackwards_p1_3_35sek_20260205_113936.csv
0.9228830553518027,0.00542726906568909,0.9356815697661252,0.9107140056021977,0.024967564163927425,42.5871,4.746815518166767,0.4096743810154264,5.615986111093937,3.2197204847626137,2.3962656263313233,1134.8367,0.0,Fallingbackwards,Fallingbackwards_p1_3_35sek_20260205_113936.csv
0.9245140819765422,0.006365742744165234,0.9356815697661252,0.9121951545584969,0.023486415207628286,42.738299999999995,4.770729776684354,0.569940381645173,6.100917963716608,2.564800187149088,3.5361177765675196,1153.9099,0.0,Fallingbackwards,Fallingbackwards_p1_3_35sek_20260205_113936.csv
0.9225298696604987,0.006444215146425679,0.9340770846134703,0.9078546139112804,0.02622247070218986,41.70399999999999,4.914031404414025,0.4723670991489542,6.11445009792377,3.5563604991620292,2.558089598761741,1193.9478,0.0,Fallingbackwards,Fallingbackwards_p1_3_35sek_20260205_113936.csv
0.9671378625839577,0.004985157207271738,0.972111104761179,0.9579144011862437,0.014196703574935299,46.769,4.120461896863003,0.24028842469199205,4.640086206095745,3.562667539920053,1.0774186661756922,851.7395000000001,0.0,Fallingbackwards,Fallingbackwards_p2_1_35sek_20260205_114717.csv
0.9684327184855251,0.0045254120045990715,0.9742176348229383,0.9598437372822725,0.01437389754066587,46.89409999999999,4.832308422475547,0.358157572881169,5.602909958227064,4.100865762250699,1.5020441959763655,1173.8458,0.0,Fallingbackwards,Fallingbackwards_p2_1_35sek_20260205_114717.csv
0.9683794195859108,0.004875984720493291,0.9742176348229383,0.9598437372822725,0.01437389754066587,46.8891,5.084079446893756,0.4414102835699528,6.297880595883031,4.254385972146862,2.0434946237361693,1301.9405000000002,0.0,Fallingbackwards,Fallingbackwards_p2_1_35sek_20260205_114717.csv
0.9688244839956647,0.004857059929339097,0.978008179924892,0.9603124491539199,0.017695730770972085,46.932199999999995,3.8217590607059377,0.7412494153985147,5.414028075287383,2.6137712218172426,2.80025685347014,757.2152000000001,0.0,Fallingbackwards,Fallingbackwards_p2_1_35sek_20260205_114717.csv
0.9689439936157491,0.005672817027158672,0.9831073186585481,0.9546203433826456,0.028486975275902493,46.9442,7.925351949481591,3.139295461848732,11.677319897990293,2.913863414781139,8.763456483209154,3623.4638,0.0,Fallingbackwards,Fallingbackwards_p2_1_35sek_20260205_114717.csv
0.9725316608543639,0.011256228926479768,1.0046890066085126,0.950105257326787,0.0545837492817256,47.29709999999999,10.621637540791017,3.3701120238237494,15.199299325955785,2.0373021376320204,13.161997188323765,6197.4843,0.0,Fallingbackwards,Fallingbackwards_p2_1_35sek_20260205_114717.csv
0.9709111175434841,0.006969454526027737,0.9847842403288144,0.9576011695899291,0.027183070738885262,47.1358,6.0594828227472535,1.3750517321737583,8.64838135144375,3.339266386498687,5.309114964945062,1928.5142,0.0,Fallingbackwards,Fallingbackwards_p2_1_35sek_20260205_114717.csv
0.9708649624198634,0.005822611227572434,0.9802550688468793,0.9576533819707421,0.022601686876137173,47.13060000000001,5.615536704679303,0.5440771238843,7.317656728762289,4.486825158171421,2.8308315705908678,1591.2176000000002,0.0,Fallingbackwards,Fallingbackwards_p2_1_35sek_20260205_114717.csv
0.9728609367515528,0.004694519480608893,0.9839715443040007,0.9622369770487934,0.021734567255207282,47.324000000000005,5.289206336987467,0.4709113231349953,6.187285349812145,4.262053495675529,1.9252318541366158,1409.6513,0.0,Fallingbackwards,Fallingbackwards_p2_1_35sek_20260205_114717.csv
0.9705010289233025,0.004923170831082606,0.981580358401695,0.9598958276813168,0.021684530720378237,47.0948,5.098341624824287,0.4676086325647047,6.332961392587199,4.422227945278262,1.910733447308937,1310.3685999999998,0.0,Fallingbackwards,Fallingbackwards_p2_1_35sek_20260205_114717.csv
0.9719860871339079,0.004170647935205157,0.981580358401695,0.9664884893261791,0.015091869075515851,47.2387,4.719585429020995,0.4794420419662884,5.654847478049254,3.493322201000074,2.1615252770491797,1124.9877,0.0,Fallingbackwards,Fallingbackwards_p2_1_35sek_20260205_114717.csv
0.9723054287469892,0.004754506898760045,0.981580358401695,0.9598958276813168,0.021684530720378237,47.27000000000001,4.768528759728932,0.5452199215875763,5.389369165310537,2.940901222414653,2.448467942895884,1151.5093,0.0,Fallingbackwards,Fallingbackwards_p2_1_35sek_20260205_114717.csv
0.9718577263085294,0.0043518485886279165,0.981580358401695,0.9664884893261791,0.015091869075515851,47.226299999999995,5.027050394519772,0.6199015153500351,5.911641058115759,3.889395839973093,2.022245218142666,1282.3914,0.0,Fallingbackwards,Fallingbackwards_p2_1_35sek_20260205_114717.csv
0.9716077172675094,0.004994256519563054,0.981580358401695,0.9567653839891994,0.024814974412495583,47.2023,5.022876252669886,0.5562264903217388,6.286891123599962,3.5857216846821784,2.7011694389177836,1276.6243,0.0,Fallingbackwards,Fallingbackwards_p2_1_35sek_20260205_114717.csv
0.9723147575925185,0.00494997091331156,0.981580358401695,0.9613532129243654,0.020227145477329622,47.271,5.276386538886227,0.41739362846342565,5.994422407538528,4.063963582513997,1.9304588250245311,1400.5494,0.0,Fallingbackwards,Fallingbackwards_p2_1_35sek_20260205_114717.csv
0.9718888263696256,0.004749777424640122,0.9831073186585481,0.9613532129243654,0.021754105734182683,47.22950000000001,4.636485970919549,0.41320282298734246,5.469268689687863,3.6745339840583866,1.7947347056294762,1083.2161999999998,0.0,Fallingbackwards,Fallingbackwards_p2_1_35sek_20260205_114717.csv
0.9715331199185164,0.00600993237369108,0.9904039579888602,0.9567653839891994,0.03363857399966075,47.1956,4.386377113384592,0.5380518706273317,5.308351909962263,3.453954255632231,1.854397654330032,976.2007,0.0,Fallingbackwards,Fallingbackwards_p2_1_35sek_20260205_114717.csv
0.969174432876488,0.005795728418065948,0.9818859404228171,0.9604165762834375,0.02146936413937961,46.96660000000001,4.190527983170893,0.6856958496492529,5.48826930826103,2.8357362359711806,2.6525330722898492,901.065,0.0,Fallingbackwards,Fallingbackwards_p2_1_35sek_20260205_114717.csv
0.974950279173925,0.01634928503353315,1.0268885041717042,0.9567653839891994,0.07012312018250477,47.539500000000004,7.2628159778578905,4.955618752092823,21.76604235960226,4.454278841743071,17.311763517859188,3840.7745,0.0,Fallingbackwards,Fallingbackwards_p2_1_35sek_20260205_114717.csv
0.8615014670894087,0.12976911287326653,1.1515641536623134,0.5924525297439449,0.5591116239183684,37.934400000000004,61.98318338650859,37.87219917945365,115.16902100825551,14.232490997713647,100.93653001054187,262376.6212,0.0,Fallingbackwards,Fallingbackwards_p2_1_35sek_20260205_114717.csv
1.0857426240782864,0.698062153144439,2.881405906844782,0.27331300737432895,2.608092899470453,82.81910000000002,74.23797063235915,58.511660763431415,219.29726628483084,5.796809467284568,213.50045681754628,443320.92199999996,0.0,Fallingbackwards,Fallingbackwards_p2_1_35sek_20260205_114717.csv
0.9455653364712583,0.021193820431569477,1.0125709851659783,0.9144397191723465,0.09813126599363187,44.726699999999994,6.547832716231089,4.255132401625243,23.305231172421355,3.009933554083877,20.29529761833748,3030.9070999999994,0.0,Fallingbackwards,Fallingbackwards_p2_1_35sek_20260205_114717.csv
0.9377023879689605,0.008585203057580726,0.9543060305792896,0.9153687781435415,0.03893725243574819,43.96789999999999,4.865609128313047,1.2687716261258322,7.666811592833099,2.285563387876171,5.381248204956928,1262.5869,0.0,Fallingbackwards,Fallingbackwards_p2_1_35sek_20260205_114717.csv
0.9405384480855338,0.007532838969613418,0.9557196241576292,0.9244457799135652,0.031273844244063986,30.078699999999998,5.1831246970353275,0.6544422735244464,6.013160566623845,3.317981313991988,2.6951792526318568,927.5363,0.0,Fallingbackwards,Fallingbackwards_p2_1_35sek_20260205_114717.csv
0.9716180739687286,0.005562111008962182,0.9836157786453,0.9613012014972208,0.022314577148079273,47.2036,5.322160055801328,0.5782488875491631,6.239399009520067,4.104570623098109,2.134828386421958,1432.6536000000003,0.0,Fallingbackwards,Fallingbackwards_p2_2_35sek_20260205_114828.csv
0.9722121385826736,0.005491885712368706,0.9836157786453,0.9593226777263217,0.024293100918978294,47.261300000000006,4.733539173018706,0.34857274223608575,5.525223977360556,3.949253093940676,1.5759708834198798,1126.2732999999998,0.0,Fallingbackwards,Fallingbackwards_p2_2_35sek_20260205_114828.csv
0.9720215542590682,0.006396591549740771,0.9836157786453,0.9593226777263217,0.024293100918978294,47.2433,4.850096489727419,0.5328437764828348,5.993037627113649,4.077192661623927,1.9158449654897218,1190.084,0.0,Fallingbackwards,Fallingbackwards_p2_2_35sek_20260205_114828.csv
0.9735056788873123,0.005949890596910975,0.9841747812253675,0.9613012014972208,0.022873579728146742,47.3874,4.572076683626429,0.7655522210153801,6.71944194111386,2.9932089803420006,3.72623296077186,1073.9117,0.0,Fallingbackwards,Fallingbackwards_p2_2_35sek_20260205_114828.csv
0.9728192929459257,0.004359281932638528,0.9811218069128828,0.9593226777263217,0.021799129186561017,47.3198,4.8499165358565675,0.42513574689839273,5.86144180215073,4.1015484880713045,1.7598933140794255,1184.9408,0.0,Fallingbackwards,Fallingbackwards_p2_2_35sek_20260205_114828.csv
0.9737677623781096,0.005378049977529494,0.9928242543370907,0.9617692030835673,0.03105505125352337,47.4126,5.018911651422416,0.5522383351345316,6.039254920931885,3.526528037602991,2.5127268833288943,1274.4171,0.0,Fallingbackwards,Fallingbackwards_p2_2_35sek_20260205_114828.csv
0.9737216582384559,0.005163873462259821,0.9884331034521254,0.9643132271207318,0.024119876331393675,47.40799999999999,4.434307442318231,0.352885347341759,5.334510286802342,3.795694929785585,1.5388153570167566,989.2560000000001,0.0,Fallingbackwards,Fallingbackwards_p2_2_35sek_20260205_114828.csv
0.9747771190070382,0.0058526341826726225,0.9884331034521254,0.9573400649716902,0.03109303848043521,47.5112,5.1042444890193615,0.36670095183543683,5.806728855388376,4.382921400162225,1.423807455226151,1309.2546000000002,0.0,Fallingbackwards,Fallingbackwards_p2_2_35sek_20260205_114828.csv
0.9749307274320869,0.005539902447167086,0.9888882646689665,0.9664884893261793,0.022399775342787254,47.525999999999996,4.651578262953691,0.5879761757778771,5.9742279835975465,3.5806982559271874,2.393529727670359,1098.7991000000002,0.0,Fallingbackwards,Fallingbackwards_p2_2_35sek_20260205_114828.csv
0.9728671405848985,0.00650955108045685,0.9884331034521254,0.9617692030835673,0.026663900368558147,47.325599999999994,4.455831067007737,0.769619242122758,5.836694269875714,2.7654656027511892,3.071228667124525,1021.7449,0.0,Fallingbackwards,Fallingbackwards_p2_2_35sek_20260205_114828.csv
0.9726645069998322,0.005510363406361352,0.9857484466130292,0.9638464608017193,0.021901985811309865,47.3053,5.188093901856952,0.55862592492168,6.452759099795993,4.10600779346557,2.3467513063304235,1361.107,0.0,Fallingbackwards,Fallingbackwards_p2_2_35sek_20260205_114828.csv
0.9734755892686604,0.006489952834212579,0.9888882646689665,0.9601041610158764,0.028784103653090143,47.3848,4.77801086106515,0.9406045665180208,6.93970460466438,3.4298688021555575,3.5098358025088223,1184.8215,0.0,Fallingbackwards,Fallingbackwards_p2_2_35sek_20260205_114828.csv
0.973696317004663,0.0054848819639226635,0.9862048468751307,0.9638464608017193,0.02235838607341134,47.4057,4.214582288305922,0.3834112928537388,5.824757505682103,3.603415046868734,2.2213424588133694,895.3384,0.0,Fallingbackwards,Fallingbackwards_p2_2_35sek_20260205_114828.csv
0.9714186437814527,0.0060456185689095965,0.9841747812253675,0.9593226777263217,0.024852103499045763,47.1845,3.6378254752440085,0.595849429399763,4.700085105612451,2.2555930484021274,2.4444920572103235,679.0855,0.0,Fallingbackwards,Fallingbackwards_p2_2_35sek_20260205_114828.csv
0.9701210529954359,0.005988299392887072,0.9879777325425912,0.9565040512198577,0.03147368132273354,47.0585,3.033614361521747,0.6679193290903139,3.9560839222645416,1.4927826365549675,2.463301285709574,482.0005,0.0,Fallingbackwards,Fallingbackwards_p2_2_35sek_20260205_114828.csv
0.9696533449927703,0.005189328171195376,0.9764220398987314,0.9623408959407264,0.014081143958005082,47.0127,4.519346304120488,0.4227569662135856,5.4395404217635885,3.76570046604878,1.6738399557148087,1029.982,0.0,Fallingbackwards,Fallingbackwards_p2_2_35sek_20260205_114828.csv
0.9687981175338649,0.004970059626745734,0.9747820269167872,0.9623408959407264,0.01244113097606081,46.9297,4.717899579137546,0.5114919764903859,5.474869861467028,3.7028232471993583,1.77204661426767,1125.7484,0.0,Fallingbackwards,Fallingbackwards_p2_2_35sek_20260205_114828.csv
0.9693231400138855,0.005592472493718841,0.986154146165801,0.9618731725128838,0.024280973652917148,46.9809,5.329749401630065,0.526725847275128,6.170210693323202,4.042684751498687,2.1275259418245156,1433.9060000000002,0.0,Fallingbackwards,Fallingbackwards_p2_2_35sek_20260205_114828.csv
0.9699528900483769,0.00600943873244695,0.9799489782636644,0.9542536350467836,0.025695343216880828,47.042199999999994,4.940517392758313,0.4314189826897971,6.242163086623098,3.9758646858262168,2.266298400796881,1229.5556000000001,0.0,Fallingbackwards,Fallingbackwards_p2_2_35sek_20260205_114828.csv
0.9724830033239706,0.006452989023441577,0.9884331034521253,0.9565040512198577,0.03192905223226761,47.2882,4.814647885017055,0.5445591207768189,5.934020559452081,3.096191208565776,2.8378293508863055,1173.5724,0.0,Fallingbackwards,Fallingbackwards_p2_2_35sek_20260205_114828.csv
0.9625082890108136,0.011148056729916363,0.9874208829065749,0.9366963221877195,0.05072456071885545,46.327200000000005,10.261647665551864,3.6111636979146637,15.295296662699943,4.516292727448033,10.779003935251911,5904.0553,0.0,Fallingbackwards,Fallingbackwards_p2_2_35sek_20260205_114828.csv
0.9174515014894965,0.06523694970493789,0.9925220400575495,0.722564875980005,0.26995716407754455,42.2944,22.249115198092554,17.34390132482635,84.54038679826347,6.262571356878897,78.27781544138458,39490.8911,0.0,Fallingbackwards,Fallingbackwards_p2_2_35sek_20260205_114828.csv
1.0273199448341856,0.6006813571286564,2.548980188232149,0.3861346915261565,2.1628454967059922,70.4494,97.36190160631746,55.38806535046247,230.18098118654373,9.1084027139779,221.07257847256582,624291.0456000001,0.0,Fallingbackwards,Fallingbackwards_p2_2_35sek_20260205_114828.csv
0.9434847162034217,0.01090732250524639,0.9788258272031853,0.9091204540653565,0.06970537313782887,44.513999999999996,6.549562099543914,5.24472643828706,23.017519414567676,2.983186216111894,20.034333198455784,3492.6888,0.0,Fallingbackwards,Fallingbackwards_p2_2_35sek_20260205_114828.csv
0.9418788347417483,0.004964675090706467,0.9523129737644027,0.9338629449764028,0.01845002878799995,10.6459,3.8038745007208923,0.33272502886761934,4.496898931486007,3.4778585365135255,1.0190403949724818,174.8513,0.0,Fallingbackwards,Fallingbackwards_p2_2_35sek_20260205_114828.csv
0.9648488348518923,0.008848260808363512,0.9792343948207701,0.9439279633531364,0.03530643146763368,46.5505,5.161365480966465,0.7121413324871341,6.6229298652484605,3.9001923029512273,2.722737562297233,1356.8348,0.0,Fallingbackwards,Fallingbackwards_p2_3_35sek_20260205_115552.csv
0.9661152226665222,0.005088656052922482,0.9765244492586962,0.9537819457297354,0.02274250352896079,46.670199999999994,4.597107584403972,0.33582043521750654,5.393412648778137,3.7335907649339397,1.659821883844197,1062.1959,0.0,Fallingbackwards,Fallingbackwards_p2_3_35sek_20260205_115552.csv
0.9646334875586459,0.004543966670882459,0.9757561170702441,0.9537819457297354,0.02197417134050872,46.5269,4.92089551211798,0.5013770413256842,5.865611647560722,3.951721144008013,1.9138905035527087,1223.0782000000002,0.0,Fallingbackwards,Fallingbackwards_p2_3_35sek_20260205_115552.csv
0.9648952210172816,0.005821534443470715,0.9774456506629922,0.9544631999192006,0.02298245074379157,46.55279999999999,4.916129365800402,0.4076488819236643,5.675491168172144,4.147686101912728,1.5278050662594156,1216.5591,0.0,Fallingbackwards,Fallingbackwards_p2_3_35sek_20260205_115552.csv
0.9664953878478483,0.005408352274375768,0.9782126558167197,0.9554056729996949,0.022806982817024757,46.707100000000004,4.874376520620797,0.5706097125906142,5.860315691155213,3.6330840893103478,2.2272316018448652,1203.9315,0.0,Fallingbackwards,Fallingbackwards_p2_3_35sek_20260205_115552.csv
0.9648857278669013,0.004229652221944473,0.9767804256842988,0.9554056729996949,0.02137475268460387,46.551100000000005,5.615766927651322,0.3615327550261032,6.409516362409882,4.768542754343302,1.64097360806658,1583.2465,0.0,Fallingbackwards,Fallingbackwards_p2_3_35sek_20260205_115552.csv
0.9672770490103165,0.004641258834060033,0.9785703858180055,0.9548298277703728,0.023740558047632643,46.78229999999999,4.888391684330382,0.37479346771033156,5.919603027230796,4.22310312448086,1.6964999027499355,1201.7016999999998,0.0,Fallingbackwards,Fallingbackwards_p2_3_35sek_20260205_115552.csv
0.9667602967000323,0.004348202122651968,0.9785703858180055,0.9554056729996949,0.023164712818310562,46.732200000000006,4.81217422940836,0.6364018639722937,5.72783554233185,3.803800730848029,1.9240348114838213,1177.6964,0.0,Fallingbackwards,Fallingbackwards_p2_3_35sek_20260205_115552.csv
0.9653036727782495,0.005231314739156977,0.9767804256842988,0.9532051195833979,0.02357530610090086,46.591899999999995,5.031224803597002,0.4763862432153111,5.978804228271736,4.117207791695726,1.8615964365760096,1276.7813999999998,0.0,Fallingbackwards,Fallingbackwards_p2_3_35sek_20260205_115552.csv
0.9659846121697668,0.005123878794724945,0.9767804256842988,0.9565563234854495,0.020224102198849292,46.657599999999995,4.884169088530464,0.450922314051653,5.769558041999405,3.9511517308248236,1.8184063111745812,1202.7186,0.0,Fallingbackwards,Fallingbackwards_p2_3_35sek_20260205_115552.csv
0.966333146710541,0.004974380127892483,0.9785703858180055,0.9571311299921239,0.021439255825881576,46.6912,4.962985553149886,0.36953417895208956,5.938055237196771,4.326025889890166,1.6120293473066054,1238.2525,0.0,Fallingbackwards,Fallingbackwards_p2_3_35sek_20260205_115552.csv
0.9669515868557502,0.004587991996254271,0.978008179924892,0.9565563234854495,0.021451856439442474,46.75079999999999,4.791337701988469,0.31051804230314833,5.434436493326608,4.097023309672524,1.3374131836540837,1152.5705,0.0,Fallingbackwards,Fallingbackwards_p2_3_35sek_20260205_115552.csv
0.9674225884258614,0.004464760364112256,0.9785703858180055,0.9554056729996949,0.023164712818310562,46.7963,4.887152512611008,0.3128707082510924,5.575930415634685,4.37359120174714,1.2023392138875453,1199.0095000000001,0.0,Fallingbackwards,Fallingbackwards_p2_3_35sek_20260205_115552.csv
0.9675371614671231,0.005330043854598524,0.9804590761474953,0.9565563234854495,0.02390275266204578,46.80779999999999,5.159002715276973,0.38318613764924203,6.014033588200185,4.2573583358697915,1.7566752523303935,1337.9602,0.0,Fallingbackwards,Fallingbackwards_p2_3_35sek_20260205_115552.csv
0.967847253265613,0.004249171132646536,0.9726767191621274,0.9583840566286566,0.014292662533470835,46.83729999999999,4.93558202958367,0.4244035782066862,5.830008576323022,3.9614517540921788,1.8685568222308429,1226.8242999999998,0.0,Fallingbackwards,Fallingbackwards_p2_3_35sek_20260205_115552.csv
0.9672334902474782,0.006008101985746392,0.9824459272652108,0.9583840566286566,0.024061870636554294,46.77879999999999,5.024535179443506,0.502786349049404,6.527488031394619,3.8748677396783493,2.65262029171627,1274.6846,0.0,Fallingbackwards,Fallingbackwards_p2_3_35sek_20260205_115552.csv
0.9676645181567082,0.005836225764053145,0.9798979538707079,0.9603124491539199,0.019585504716787994,46.82039999999999,4.793485621652048,0.5206977216795984,5.7882639884511145,3.7693102817359034,2.018953706715211,1162.1604,0.0,Fallingbackwards,Fallingbackwards_p2_3_35sek_20260205_115552.csv
0.9677481875723197,0.004891209366953717,0.978008179924892,0.9583840566286566,0.01962412329623542,46.82799999999999,5.001153877179335,0.29590038446172634,5.630426271606796,4.246457347012919,1.3839689245938764,1254.8673000000001,0.0,Fallingbackwards,Fallingbackwards_p2_3_35sek_20260205_115552.csv
0.9678528390687269,0.0048320683242880635,0.9742176348229383,0.9603124491539199,0.013905185669018438,46.8381,5.129595099989034,0.6582165996149529,6.408876656638042,4.1091726661214905,2.2997039905165515,1336.8664999999999,0.0,Fallingbackwards,Fallingbackwards_p2_3_35sek_20260205_115552.csv
0.9694325176765908,0.005401593796025672,0.9818859404228171,0.9525754563287887,0.029310484094028366,46.9914,4.826610722486577,0.3519753782808208,5.529538859615691,4.208788424238025,1.3207504353776658,1170.8790000000001,0.0,Fallingbackwards,Fallingbackwards_p2_3_35sek_20260205_115552.csv
0.9683981064752533,0.015223081801471694,1.011632344283238,0.9357350052231668,0.07589733906007123,46.9011,5.94934765142694,1.3529870666458552,9.505756150880371,4.048765243873742,5.456990907006629,1859.435,0.0,Fallingbackwards,Fallingbackwards_p2_3_35sek_20260205_115552.csv
0.94846509188038,0.017141948914709295,0.9922701245124737,0.9121951545584969,0.08007496995397678,44.9937,18.588406812243136,4.656297270139782,25.563573693832403,6.372197423181425,19.191376270650977,18338.8175,0.0,Fallingbackwards,Fallingbackwards_p2_3_35sek_20260205_115552.csv
0.9857495554843733,0.7976328587831443,3.3579904705046437,0.12083045973594572,3.237160010768698,79.75980000000001,91.5985913504119,53.51000824393095,294.65088851045397,24.853122540236267,269.7977659702177,559817.825,0.0,Fallingbackwards,Fallingbackwards_p2_3_35sek_20260205_115552.csv
0.9140433467421846,0.12301800215177881,1.088760763437037,0.47085029467974215,0.6179104687572949,42.5153,21.51209292958289,16.98294023331522,59.432513828711635,2.139392437118538,57.2931213915931,37271.099799999996,0.0,Fallingbackwards,Fallingbackwards_p2_3_35sek_20260205_115552.csv
0.936948787493801,0.0067740210450306345,0.9531526635329726,0.9266606714434362,0.026491992089536343,43.89589999999999,4.637285485202175,0.7393221721398413,6.646359905993656,3.3178004762191473,3.3285594297745082,1102.0040999999999,0.0,Fallingbackwards,Fallingbackwards_p2_3_35sek_20260205_115552.csv
0.9373537385328439,0.006996271492513063,0.9531526635329726,0.9282241108697834,0.024928552663189163,43.934,4.649289441661109,0.3678060819742897,5.432071428101806,3.8868238961908212,1.5452475319109849,1087.4234000000001,0.0,Fallingbackwards,Fallingbackwards_p2_3_35sek_20260205_115552.csv
0.9371261061726157,0.004808700633949109,0.9503683496413378,0.9297849213662265,0.020583428275111282,43.91139999999999,4.820703241740066,0.3613752855649752,5.697718841782209,3.9807285765296787,1.7169902652525306,1168.358,0.0,Fallingbackwards,Fallingbackwards_p2_3_35sek_20260205_115552.csv
0.9352100107450283,0.0059105407642794025,0.9487360012142473,0.9203260291874831,0.028409972026764208,43.7326,4.509225784658433,0.3522099660359536,5.19302416709185,3.794496013965491,1.398528153126359,1022.7344,0.0,Fallingbackwards,Fallingbackwards_p2_3_35sek_20260205_115552.csv
0.9359431174375401,0.005198206254521351,0.9487360012142473,0.9203260291874831,0.028409972026764208,43.800799999999995,4.760209620423585,0.5515676819596964,6.18600840607253,3.4398837189649303,2.7461246871076,1147.8869,0.0,Fallingbackwards,Fallingbackwards_p2_3_35sek_20260205_115552.csv
0.9376182740146756,0.007557415181492264,0.954044024141444,0.9187491496594705,0.03529487448197344,43.95920000000001,5.316517755774928,1.0824098928090713,7.980733049037538,3.6367705454152586,4.343962503622279,1470.677,0.0,Fallingbackwards,Fallingbackwards_p2_3_35sek_20260205_115552.csv
0.9356794026569715,0.005894951445429326,0.9472064188971695,0.9187491496594705,0.02845726923769898,43.7765,4.624767535865527,0.4327996652129735,5.577113948988312,3.822368375758674,1.7547455732296378,1078.6022,0.0,Fallingbackwards,Fallingbackwards_p2_3_35sek_20260205_115552.csv
0.933972782818156,0.005424900536080114,0.94451045520947,0.9254728521139883,0.019037603095481637,43.61670000000001,4.1150594333066275,0.4282520957382692,4.808877207831367,3.0569919855962984,1.7518852222350687,855.6723,0.0,Fallingbackwards,Fallingbackwards_p2_3_35sek_20260205_115552.csv
0.9368211791382589,0.005540050652014893,0.9487360012142473,0.9243916918709298,0.02434430934331744,43.8832,4.613826025000692,0.5977247771428942,6.046445236665921,3.7819571652783166,2.2644880713876043,1081.8759999999997,0.0,Fallingbackwards,Fallingbackwards_p2_3_35sek_20260205_115552.csv
0.9379648513652881,0.006273536554968227,0.9460443964212251,0.9270382947861431,0.019006101635081984,7.038500000000001,6.099623089905338,0.5098858820152515,6.726128158160533,5.314442586010315,1.4116855721502182,299.46309999999994,0.0,Fallingbackwards,Fallingbackwards_p2_3_35sek_20260205_115552.csv
0.9543134761658715,0.0051298653571410875,0.9633794683301072,0.9418067742376882,0.02157269409241902,45.53699999999999,4.967925039480104,0.8189233861318675,6.067833221175413,3.542160357747797,2.525672863427616,1266.8751000000002,0.0,Fallingbackwards,Fallingbackwards_p3_1_35sek_20260205_114115.csv
0.9555022121386433,0.004899250063301691,0.9646761114488116,0.9430800602281866,0.021596051220625023,45.650400000000005,5.037290006450936,0.4808234761467085,5.8413183443465915,3.9763425405767046,1.864975803769887,1280.0429,0.0,Fallingbackwards,Fallingbackwards_p3_1_35sek_20260205_114115.csv
0.9596046087718912,0.008511386355899094,0.9787236586493656,0.9438749917229505,0.034848666926415084,46.045599999999986,7.582844232031141,2.974068770864021,12.955929144604026,2.7318308878845334,10.224098256719493,3308.3855,0.0,Fallingbackwards,Fallingbackwards_p3_1_35sek_20260205_114115.csv
0.9580359244134925,0.004862133275063213,0.9667471230885561,0.9466255859631092,0.020121537125446953,45.892799999999994,8.026782522591866,2.58279518237426,12.42804892169322,3.436698997584746,8.991349924108473,3548.3325999999997,0.0,Fallingbackwards,Fallingbackwards_p3_1_35sek_20260205_114115.csv
0.9566906138771003,0.005057760198098539,0.9656603957913983,0.9430800602281866,0.022580335563211706,45.76409999999999,5.191285613854421,0.6827896525136531,7.338651102212177,3.8874284559333048,3.451222646278872,1370.3162,0.0,Fallingbackwards,Fallingbackwards_p3_1_35sek_20260205_114115.csv
0.9567097189813558,0.004346427880651199,0.9656603957913983,0.945515732285825,0.020144663505573313,45.765600000000006,5.258851720761077,0.4775966394869586,6.498145889405685,4.4224540698575945,2.0756918195480907,1393.9529,0.0,Fallingbackwards,Fallingbackwards_p3_1_35sek_20260205_114115.csv
0.9568635979901825,0.004523728965979898,0.9660227740586658,0.9438749917229505,0.022147782335715238,45.7804,4.726855188923496,0.5042351481598806,5.834432277437111,3.8926212248303846,1.9418110526067265,1129.6164,0.0,Fallingbackwards,Fallingbackwards_p3_1_35sek_20260205_114115.csv
0.9558933220006278,0.004944276695809776,0.9650388593212192,0.9430800602281866,0.021958799093032666,45.687799999999996,4.753268731202158,0.260584838658363,5.184380387278696,4.207077370336799,0.9773030169418968,1133.0055000000002,0.0,Fallingbackwards,Fallingbackwards_p3_1_35sek_20260205_114115.csv
0.9563072640693788,0.005571125279194173,0.9658674857349738,0.9436100889668358,0.022257396768137983,45.72769999999999,6.38304672573658,3.487403644644115,17.336865345269313,4.150012048175282,13.186853297094032,2633.1014999999998,0.0,Fallingbackwards,Fallingbackwards_p3_1_35sek_20260205_114115.csv
0.9586938974612085,0.006389641700370312,0.9770363350459388,0.9445104552094699,0.03252587983646893,45.9567,13.134350240284537,6.340962696942626,24.762748231971344,4.318159330084985,20.44458890188636,10595.7404,0.0,Fallingbackwards,Fallingbackwards_p3_1_35sek_20260205_114115.csv
0.9633883887488931,0.010142476039700036,0.9831073186585481,0.9365361712181757,0.046571147440372385,46.410900000000005,9.69526273770322,3.633986741816399,18.419828989434183,5.0655897978419056,13.354239191592278,5346.993099999999,0.0,Fallingbackwards,Fallingbackwards_p3_1_35sek_20260205_114115.csv
0.9644426042547716,0.006264827169498569,0.9767292357659824,0.9519453765841819,0.024783859181800483,46.5094,7.21114167374461,3.1508929348554893,11.766210095013601,1.4012494424619764,10.364960652551625,3086.5064,0.0,Fallingbackwards,Fallingbackwards_p3_1_35sek_20260205_114115.csv
0.961474706791999,0.005568515652409893,0.9716995420396163,0.9489467845985885,0.022752757441027782,46.22319999999999,6.5842851227894865,2.4152866525725125,11.102022338294946,3.2803810754240126,7.8216412628709335,2453.4873999999995,0.0,Fallingbackwards,Fallingbackwards_p3_1_35sek_20260205_114115.csv
0.9589326706202895,0.005726167739330334,0.9773944955850733,0.9443516294262428,0.03304286615883045,45.979200000000006,6.014909202746918,1.6145541125516958,9.498173508627856,3.6863803384892337,5.811793170138622,1936.6891,0.0,Fallingbackwards,Fallingbackwards_p3_1_35sek_20260205_114115.csv
0.962402641183703,0.005454472292730031,0.9716480844420988,0.9476286192385707,0.024019465203528156,46.31239999999999,6.023649935140758,1.7470790371706566,9.939486908286563,4.019626848352966,5.919860059933597,1963.7799,0.0,Fallingbackwards,Fallingbackwards_p3_1_35sek_20260205_114115.csv
0.9623615461474917,0.005912154257842944,0.9732420048477152,0.9489994731294639,0.024242531718251303,46.3087,5.160490923476542,0.6454909764906426,6.486724905528212,4.1789352710947805,2.3077896344334317,1351.9495999999997,0.0,Fallingbackwards,Fallingbackwards_p3_1_35sek_20260205_114115.csv
0.9591614528594191,0.00466285239497098,0.9675226095549395,0.95524865872714,0.012273950827799474,46.000600000000006,4.480981913407792,0.38346312878154987,4.946008491703183,3.323010683100492,1.6229978086026908,1011.1651,0.0,Fallingbackwards,Fallingbackwards_p3_1_35sek_20260205_114115.csv
0.9600976960922614,0.0051916296772433,0.9702061636580134,0.95524865872714,0.014957504930873333,46.0907,4.062568476959484,0.3497190855399734,4.913868130098731,3.2689600792912725,1.6449080508074583,831.2160000000001,0.0,Fallingbackwards,Fallingbackwards_p3_1_35sek_20260205_114115.csv
0.9275741389644648,0.03399004542646765,0.9950879358127099,0.8213403679352429,0.17374756787746704,43.076299999999996,21.16103966036209,6.373470083933763,31.337121756791895,6.565020944368722,24.772100812423172,24379.914900000003,0.0,Fallingbackwards,Fallingbackwards_p3_1_35sek_20260205_114115.csv
1.0140726885698772,0.329833882581268,2.172233873228203,0.6800735254367721,1.492160347791431,56.747899999999994,70.35283073544822,46.25561655371881,188.75673497917896,24.34457229034842,164.41216268883053,352315.56070000003,0.0,Fallingbackwards,Fallingbackwards_p3_1_35sek_20260205_114115.csv
0.9419586480090869,0.13291820962490736,1.2736561545409342,0.599666574022598,0.6739895805183361,45.230000000000004,30.348080438759176,36.215635529684995,122.77101856708691,2.1855891654197044,120.58542940166721,110317.3399,0.0,Fallingbackwards,Fallingbackwards_p3_1_35sek_20260205_114115.csv
0.9206472045415265,0.005022883336565172,0.9340770846134703,0.9122499657440388,0.02182711886943145,42.380799999999994,5.329329760254828,0.5567253989709932,5.986985886069885,2.5654044515436545,3.4215814345262303,1435.275,0.0,Fallingbackwards,Fallingbackwards_p3_1_35sek_20260205_114115.csv
0.92118066991622,0.011787808156159311,0.9590099061010788,0.8789197915623473,0.0800901145387315,42.435500000000005,5.662519048435965,3.572037951740337,20.44981662509471,3.592227721066692,16.857588904028017,2228.4193999999998,0.0,Fallingbackwards,Fallingbackwards_p3_1_35sek_20260205_114115.csv
0.9222979016155551,0.007862379783549658,0.9373366524360391,0.8980534505250787,0.039283201910960464,42.534699999999994,4.812913956651943,0.591997005874371,6.802279029854627,3.7998157850085312,3.0024632448460955,1175.3795999999998,0.0,Fallingbackwards,Fallingbackwards_p3_1_35sek_20260205_114115.csv
0.9220886773343462,0.016139886251345558,0.9669539802906858,0.8954328562209452,0.07152112406974065,17.0099,4.384315052183457,1.4821859827890689,7.908533365928224,2.5645857365274414,5.343947629400782,426.1850000000001,0.0,Fallingbackwards,Fallingbackwards_p3_1_35sek_20260205_114115.csv
0.9465092529242876,0.007159561090407646,0.9627045237246993,0.9321480569094162,0.030556466815283123,44.79650000000001,8.322133884223817,4.7315549082785555,16.757150712457054,3.4166796747719856,13.340471037685068,4559.888600000001,0.0,Fallingbackwards,Fallingbackwards_p3_2_35sek_20260205_114211.csv
0.9502966231344362,0.00591849912781197,0.9633275663033836,0.9328451104015072,0.03048245590187637,45.1549,4.346256087238618,1.004707300325734,6.153665574273598,2.179403588140572,3.9742619861330257,993.9594999999999,0.0,Fallingbackwards,Fallingbackwards_p3_2_35sek_20260205_114211.csv
0.950078352848755,0.006477862474712421,0.9635351576356723,0.9334880824091972,0.030047075226475095,45.1345,4.885164075754519,1.39782044369575,7.917076480620861,2.143361845326169,5.7737146352946915,1288.9826000000003,0.0,Fallingbackwards,Fallingbackwards_p3_2_35sek_20260205_114211.csv
0.9485330538208498,0.010740245184588165,0.9741149829460586,0.9153687781435415,0.05874620480251713,44.9914,5.29991148460229,1.9568764822326044,9.452269568733215,1.6988525539316235,7.753417014801591,1592.0919999999999,0.0,Fallingbackwards,Fallingbackwards_p3_2_35sek_20260205_114211.csv
0.9476056169422549,0.007927911136522825,0.9751922887307918,0.9345587193964862,0.04063356933430562,44.90089999999999,6.803101817685116,3.117593207321349,13.470553069566224,1.5380832227158583,11.932469846850365,2790.3597,0.0,Fallingbackwards,Fallingbackwards_p3_2_35sek_20260205_114211.csv
0.9496237832232697,0.0342361298702737,1.072846680565308,0.8200609733428363,0.25278570722247173,45.1467,7.22539959213101,3.7636107735970445,19.306706088817947,3.585763517021166,15.720942571796781,3304.3935,0.0,Fallingbackwards,Fallingbackwards_p3_2_35sek_20260205_114211.csv
0.9467672686951376,0.020447516878065706,1.0143963722332607,0.8892693630166284,0.12512700921663233,44.8389,6.886884194836094,2.227851551982359,10.438879250187732,3.09163387224296,7.3472453779447715,2614.6615,0.0,Fallingbackwards,Fallingbackwards_p3_2_35sek_20260205_114211.csv
0.9485099403010399,0.03668527411448598,1.0133607452432722,0.8176796438703853,0.19568110137288697,45.0495,10.594979644845846,7.909593524303006,32.99037890052189,3.2571152881038765,29.733263612418014,8678.201500000001,0.0,Fallingbackwards,Fallingbackwards_p3_2_35sek_20260205_114211.csv
0.9494901265412702,0.02638992542470056,1.0217631819555841,0.8924684868386109,0.12929469511697322,45.1107,8.294631238634532,4.189774312643333,16.485126629783586,1.0145442326483356,15.470582397135251,4300.201599999999,0.0,Fallingbackwards,Fallingbackwards_p3_2_35sek_20260205_114211.csv
0.9519562285463613,0.014823414042167943,0.9914635646356349,0.9109335870413386,0.08052997759429625,45.321799999999996,7.638960248887217,5.3229382629277,21.951915633948673,0.8872992730753249,21.064616360873348,4306.035599999999,0.0,Fallingbackwards,Fallingbackwards_p3_2_35sek_20260205_114211.csv
0.9501326445212263,0.006385395893395427,0.9654014708917735,0.934826187052973,0.030575283838800482,45.1396,6.203474658757623,1.2527594676667047,8.204175766035245,3.253259903542906,4.950915862492339,2001.0557999999999,0.0,Fallingbackwards,Fallingbackwards_p3_2_35sek_20260205_114211.csv
0.9521355428203148,0.0072778738109731235,0.9663332758422427,0.9355746896961248,0.030758586146117928,45.33069999999999,6.572780108666787,1.7000521129810247,9.060209710597212,2.830282671395209,6.2299270392020025,2301.6906,0.0,Fallingbackwards,Fallingbackwards_p3_2_35sek_20260205_114211.csv
0.9505956649368905,0.0051390663798083405,0.9554580053565933,0.9326842981416595,0.02277370721493377,45.182900000000004,7.408387717444047,2.6933530100525944,10.474406904450486,2.3854978516024703,8.088909052848017,3099.6637999999994,0.0,Fallingbackwards,Fallingbackwards_p3_2_35sek_20260205_114211.csv
0.9475433631418996,0.006819462374672004,0.9637945839233586,0.9334880824091972,0.030306501514161366,44.8942,4.897249844078027,1.4578107589309524,7.249668957959391,1.5291827882892222,5.720486169670169,1303.2882,0.0,Fallingbackwards,Fallingbackwards_p3_2_35sek_20260205_114211.csv
0.9483847774014741,0.00905279262113342,0.9646242791885346,0.9139474820797966,0.05067679710873796,44.9757,4.844367247255034,1.6433390515935922,8.246732686343119,1.8832418856854263,6.363490800657693,1305.7223000000001,0.0,Fallingbackwards,Fallingbackwards_p3_2_35sek_20260205_114211.csv
0.9492418612297223,0.005334608714320095,0.9633794683301072,0.9432391001225511,0.02014036820755616,45.0544,4.1590775223472285,0.8214299149715958,6.083354337863281,2.6876383685310046,3.3957159693322767,897.9589000000001,0.0,Fallingbackwards,Fallingbackwards_p3_2_35sek_20260205_114211.csv
0.9493591632348091,0.00506883053199507,0.9561380653441217,0.9434511116109833,0.01268695373313844,45.0654,3.9029275505307486,0.40369282031202997,4.876750967601278,3.223957195745626,1.6527937718556518,769.6275999999999,0.0,Fallingbackwards,Fallingbackwards_p3_2_35sek_20260205_114211.csv
0.9493365679140036,0.004957042121267378,0.9560857702110204,0.9442457307290301,0.011840039481990305,45.063199999999995,4.144202391160968,0.415818029636929,5.012923298834722,3.337499063670281,1.6754242351644413,867.193,0.0,Fallingbackwards,Fallingbackwards_p3_2_35sek_20260205_114211.csv
0.9230223153529162,0.05604121443043953,1.0575916035975323,0.7780745465570763,0.27951705704045604,42.7524,12.741341988415408,10.252748876508056,34.786829404244365,1.9535096621209733,32.83331974212339,13267.9139,0.0,Fallingbackwards,Fallingbackwards_p3_2_35sek_20260205_114211.csv
0.9874771049917301,0.3291841602265095,1.9052296449509702,0.6014981296729026,1.3037315152780677,54.06530000000001,83.77053109662647,65.9501956162804,227.0191659309848,14.401798498798684,212.61736743218611,563997.0808,0.0,Fallingbackwards,Fallingbackwards_p3_2_35sek_20260205_114211.csv
0.9878571618970262,0.1821140808886307,1.6107762104029224,0.7370888684548152,0.8736873419481072,50.418200000000006,29.525294040605434,39.154074902169285,159.76190565964092,4.642014648835136,155.1198910108058,118706.1869,0.0,Fallingbackwards,Fallingbackwards_p3_2_35sek_20260205_114211.csv
0.9324217679522601,0.017602372543638244,1.0188719252192593,0.8896066546513689,0.1292652705678904,43.4857,5.3234183747242545,1.8473093526908146,12.639355205072764,2.7289558442745094,9.910399360798255,1584.1542000000002,0.0,Fallingbackwards,Fallingbackwards_p3_2_35sek_20260205_114211.csv
0.9300651532581011,0.03742762669179524,1.0054352291420865,0.7886063656856949,0.21682886345639163,43.319700000000005,5.927244420755516,2.7395008439686044,14.325707661403678,2.1854747767933627,12.140232884610315,2124.3496999999998,0.0,Fallingbackwards,Fallingbackwards_p3_2_35sek_20260205_114211.csv
0.9344281453923949,0.07810276523449378,1.1177656283854858,0.6612866246946176,0.45647900369086813,43.956700000000005,8.029447950258309,6.413107083415951,28.945108395029376,1.861531627450901,27.083576767578474,5238.8709,0.0,Fallingbackwards,Fallingbackwards_p3_2_35sek_20260205_114211.csv
0.9315182069870415,0.013318318351876446,0.9633794683301072,0.9008329478876758,0.06254652044243147,43.394999999999996,7.254837310196238,2.812888268453021,14.504430357652796,3.703660351598132,10.800770006054663,3019.3379,0.0,Fallingbackwards,Fallingbackwards_p3_2_35sek_20260205_114211.csv
0.932200999124507,0.007908741693496958,0.952732911156112,0.9211405973031478,0.03159231385296424,43.453,5.178356073040395,1.9805483627391276,11.125956138687586,2.6758363178640057,8.45011982082358,1532.9745999999998,0.0,Fallingbackwards,Fallingbackwards_p3_2_35sek_20260205_114211.csv
0.9286149465175332,0.03423032883992066,1.0021476937058729,0.8343260753446461,0.16782161836122678,43.1737,5.819945480281221,2.293641300389232,10.935748716937491,1.1032225523438144,9.832526164593677,1951.367,0.0,Fallingbackwards,Fallingbackwards_p3_2_35sek_20260205_114211.csv
0.9329127588310716,0.020795025165443917,0.9754486147409304,0.8824397996464123,0.09300881509451808,43.537499999999994,5.080403710642495,1.554827287767259,10.061535668077711,3.1033208019797116,6.958214866098,1408.9820000000002,0.0,Fallingbackwards,Fallingbackwards_p3_2_35sek_20260205_114211.csv
0.9306575731311172,0.017216555087497903,0.9636389365317282,0.8766983517721475,0.08694058475958066,43.3207,4.756714097986534,2.1658596328008146,10.611889558415127,0.5862593282839942,10.025630230131133,1361.1729000000003,0.0,Fallingbackwards,Fallingbackwards_p3_2_35sek_20260205_114211.csv
0.932117599341469,0.01015772683171443,0.9471008394041259,0.9211405973031478,0.025960242100978137,11.2962,4.783092169570894,0.568959640196082,5.831809324729333,4.145961890804111,1.6858474339252218,301.2982,0.0,Fallingbackwards,Fallingbackwards_p3_2_35sek_20260205_114211.csv
0.9482812190531749,0.00541441679301897,0.9613012014972206,0.9317188417113825,0.02958235978583812,44.9633,9.227913933349496,11.080792189626514,49.31171970231823,3.376773608046592,45.93494609427164,10274.1336,0.0,Fallingbackwards,Fallingbackwards_p3_3_35sek_20260205_114313.csv
0.9553857052964273,0.02714575389144609,1.039759587597056,0.9022194854911969,0.1375401021058591,45.67419999999999,37.90415652363688,28.24242748845157,85.2056066230386,1.0809255293497326,84.12468109368888,110920.3549,0.0,Fallingbackwards,Fallingbackwards_p3_3_35sek_20260205_114313.csv
0.9540856181561818,0.023530987549133235,1.0144456614328832,0.8956003573022959,0.11884530413058725,45.5411,45.12640556811286,32.164808988196036,101.9680616663865,3.100548338600771,98.86751332778573,152513.7959,0.0,Fallingbackwards,Fallingbackwards_p3_3_35sek_20260205_114313.csv
0.9448632350355426,0.014758846470921488,0.9840731680114034,0.903935838431025,0.08013732958037845,44.649,8.611683547547482,7.377372083200062,28.302821414127603,1.1682465493208187,27.134574864806783,6374.91,0.0,Fallingbackwards,Fallingbackwards_p3_3_35sek_20260205_114313.csv
0.944935153899554,0.013153525360695677,0.9840731680114034,0.9118662182579197,0.07220694975348374,44.6536,38.20060958344264,9.542577917931073,51.993591912850185,12.98261915023313,39.01097276261706,77426.30750000002,0.0,Fallingbackwards,Fallingbackwards_p3_3_35sek_20260205_114313.csv
0.9481974435493512,0.02088862708032809,0.9917156850630123,0.8929165694509202,0.09879911561209209,44.97529999999999,12.37608253188097,9.836627676443287,31.684142721557105,1.2223338332877807,30.461808888269324,12399.5739,0.0,Fallingbackwards,Fallingbackwards_p3_3_35sek_20260205_114313.csv
0.9450207631588714,0.006527586564038574,0.9633794683301072,0.9334880824091972,0.029891385920910007,44.6553,6.563488118450738,1.7942429814508702,9.958212691040496,3.1298722018638396,6.8283404891766555,2311.7149,0.0,Fallingbackwards,Fallingbackwards_p3_3_35sek_20260205_114313.csv
0.9457211225774715,0.0037195444650403213,0.9544631999192007,0.942761899951414,0.011701299967786682,44.7201,4.849062893370345,0.6766522153586847,6.0858277990754885,3.432040209554661,2.6537875895208276,1198.1056000000003,0.0,Fallingbackwards,Fallingbackwards_p3_3_35sek_20260205_114313.csv
0.9442571499484067,0.005572781091511589,0.9550916186418976,0.9339700209321496,0.021121597709747975,44.5826,3.9528363291031705,1.34956567288546,6.119746726785349,1.473431369287352,4.646315357497997,870.4907999999999,0.0,Fallingbackwards,Fallingbackwards_p3_3_35sek_20260205_114313.csv
0.9436079624611083,0.004950075241150327,0.9550916186418976,0.9342911751697113,0.020800443472186347,44.521,5.836956879955323,0.573044484456079,7.220886372184511,4.946483599487619,2.2744027726968916,1719.5938999999998,0.0,Fallingbackwards,Fallingbackwards_p3_3_35sek_20260205_114313.csv
0.9451467043068186,0.003456336676795089,0.95420123663722,0.942761899951414,0.01143933668580599,44.6657,5.118257686520033,0.889350975447369,7.529369163482423,4.104777704090685,3.4245914593917384,1348.5843999999997,0.0,Fallingbackwards,Fallingbackwards_p3_3_35sek_20260205_114313.csv
0.9447392905622984,0.00345124465049543,0.9546727187890098,0.9334880824091972,0.021184636379812605,44.627199999999995,4.182641334682244,0.3006175029317347,4.64850513606256,3.548154449851359,1.1003506862112014,879.1526,0.0,Fallingbackwards,Fallingbackwards_p3_3_35sek_20260205_114313.csv
0.9441120415265101,0.004097416389202409,0.9560857702110204,0.9352005132590552,0.020885256951965192,44.568200000000004,4.937575572356638,0.6371952791270966,6.128082897611618,4.1161268202036725,2.0119560774079455,1238.8775,0.0,Fallingbackwards,Fallingbackwards_p3_3_35sek_20260205_114313.csv
0.9430232050420999,0.005074420860259172,0.9550916186418976,0.9334880824091972,0.021603536232700393,44.46589999999999,6.847501872771426,2.165616305358009,10.303179121028617,4.317696144936556,5.985482976092061,2574.2189,0.0,Fallingbackwards,Fallingbackwards_p3_3_35sek_20260205_114313.csv
0.9434935320401414,0.005340927690081507,0.9550916186418976,0.9339164844888435,0.021175134153054165,44.510400000000004,5.271594796335307,1.200404822553927,8.026767718079302,3.9913030453725256,4.035464672706777,1460.0932,0.0,Fallingbackwards,Fallingbackwards_p3_3_35sek_20260205_114313.csv
0.9442635112270348,0.00519235753063518,0.954725091322104,0.9342911751697113,0.02043391615239276,44.583,4.880491004841159,0.533346722300143,5.706881810586233,3.6954702001233892,2.0114116104628437,1204.8980999999999,0.0,Fallingbackwards,Fallingbackwards_p3_3_35sek_20260205_114313.csv
0.9440976556033119,0.004696577600023599,0.9550916186418976,0.9339164844888435,0.021175134153054165,44.567099999999996,4.84145010847526,0.3590901869903276,5.7992585733005555,4.176385997486343,1.6228725758142124,1178.3002999999997,0.0,Fallingbackwards,Fallingbackwards_p3_3_35sek_20260205_114313.csv
0.9441590241506586,0.00652601660517175,0.9633794683301072,0.9259049627256569,0.037474505604450314,44.573899999999995,4.512017853688257,1.2256005974574997,7.02745330827605,1.986076534275555,5.041376774000495,1091.5180000000003,0.0,Fallingbackwards,Fallingbackwards_p3_3_35sek_20260205_114313.csv
0.9060908164949949,0.10828643169491568,1.0989540481748998,0.6083584469702052,0.4905956012046946,41.6246,17.832556008863243,20.53278652895481,81.99537608914298,4.098804703813052,77.89657138532993,36558.1735,0.0,Fallingbackwards,Fallingbackwards_p3_3_35sek_20260205_114313.csv
1.0568857539515422,0.4453988158922799,2.2769497139814043,0.4447471191587417,1.8322025948226626,65.571,59.02056793912376,54.87680919934488,187.9523931744419,8.29573987056007,179.65665330388185,321733.1172,0.0,Fallingbackwards,Fallingbackwards_p3_3_35sek_20260205_114313.csv
0.9063933477531321,0.19601410598154612,1.2935996289424327,0.4308131845707603,0.8627864443716724,42.960100000000004,49.8001630885957,49.199397710239055,138.31874674099674,2.510796686312932,135.8079500546838,242611.26820000005,0.0,Fallingbackwards,Fallingbackwards_p3_3_35sek_20260205_114313.csv
0.9318979869047734,0.024581019781547635,1.0042410069301093,0.891403387922662,0.11283761900744727,43.451299999999996,7.106011897796773,5.62683157558231,25.066978278204974,2.9496101437308626,22.117368134474113,4076.1706999999997,0.0,Fallingbackwards,Fallingbackwards_p3_3_35sek_20260205_114313.csv
0.9238095815967301,0.007496287880752957,0.9387757985802574,0.9080748867797193,0.030700911800538133,40.967000000000006,5.1759281639165255,0.6596057303151228,6.025553916446188,3.137483067683394,2.8880708487627937,1306.3799,0.0,Fallingbackwards,Fallingbackwards_p3_3_35sek_20260205_114313.csv
0.9781943602633624,0.005695822757865746,0.9926731586982696,0.9609890738192605,0.03168408487900909,47.8448,4.544803289175529,0.9123355667888045,6.849138631974096,2.8190423906000417,4.030096241374054,1073.5472999999997,0.0,Fallingbackwards,Fallingbackwards_p4_1_35sek_20260205_111038.csv
0.9795578759349914,0.016047369093544147,1.0136074190730848,0.9489994731294639,0.06460794594362096,47.9893,12.115139530842262,10.283129841391752,34.470842751519726,0.7018546858146636,33.76898806570506,12520.2255,0.0,Fallingbackwards,Fallingbackwards_p4_1_35sek_20260205_111038.csv
0.9842464256279646,0.033304005375579336,1.0502380682492898,0.8974408058473828,0.15279726240190694,48.4914,27.1141367564164,11.116144352226614,49.6903562072159,5.294402704743945,44.395953502471954,42813.68520000001,0.0,Fallingbackwards,Fallingbackwards_p4_1_35sek_20260205_111038.csv
0.9775595548076528,0.022886516934909677,1.0471389592599447,0.9319871243745806,0.11515183488536407,47.80680000000001,13.669108382222774,8.208139566174737,40.51639914898657,2.322713929867387,38.19368521911919,12643.530400000001,0.0,Fallingbackwards,Fallingbackwards_p4_1_35sek_20260205_111038.csv
0.9788920158827298,0.015921402648358084,1.0153817016275208,0.9282241108697834,0.08715759075773744,47.923899999999996,9.453981865277921,3.566750778125858,21.064548416711904,4.111702810272163,16.95284560643974,5092.2525000000005,0.0,Fallingbackwards,Fallingbackwards_p4_1_35sek_20260205_111038.csv
0.9861832376918458,0.03295980383752877,1.0468046618161384,0.854049178911847,0.19275548290429145,48.68110000000001,49.19677824668536,22.493072995980715,94.20616964933878,10.766401441521674,83.4397682078171,145807.12780000002,0.0,Fallingbackwards,Fallingbackwards_p4_1_35sek_20260205_111038.csv
0.9926350475749364,0.03919681273360888,1.1428910709249591,0.9290855719469546,0.2138054989780045,49.3415,27.61425472850756,4.617754975015831,37.3387479704395,19.22133710229338,18.11741086814612,39172.21259999999,0.0,Fallingbackwards,Fallingbackwards_p4_1_35sek_20260205_111038.csv
0.9834425329148163,0.045251952873521906,1.1058480908334563,0.8982761268117949,0.20757196402166134,48.4583,31.930126871487346,14.619327156224957,59.852828671667645,9.304649375446663,50.54817929622098,61449.1617,0.0,Fallingbackwards,Fallingbackwards_p4_1_35sek_20260205_111038.csv
0.9889581652238565,0.027769963164295898,1.0465658125507444,0.9190212184710428,0.12754459407970165,48.9397,15.347102673458496,5.260920181241186,25.790909251129552,5.284515114937226,20.506394136192327,13132.864800000001,0.0,Fallingbackwards,Fallingbackwards_p4_1_35sek_20260205_111038.csv
0.9872715142666937,0.05075910612533426,1.1036303729057115,0.8792041856133306,0.22442618729238095,48.86150000000001,16.22069605064344,7.008966242493148,34.63170945824073,7.60484713850318,27.026862319737546,15562.703800000001,0.0,Fallingbackwards,Fallingbackwards_p4_1_35sek_20260205_111038.csv
0.9843915970782036,0.048625847685008605,1.2240098038823055,0.8920201791439473,0.33198962473835825,48.5672,13.246868242403018,6.303100773073908,30.05455206786486,2.8070447092983755,27.247507358566487,10720.700799999999,0.0,Fallingbackwards,Fallingbackwards_p4_1_35sek_20260205_111038.csv
0.9809299380783307,0.010616534161118567,1.0046890066085128,0.9573922915921144,0.04729671501639843,48.1167,7.591032319588785,3.0009883275005262,11.978781240176314,1.8053808462482368,10.173400393928077,3322.4792000000007,0.0,Fallingbackwards,Fallingbackwards_p4_1_35sek_20260205_111038.csv
0.9817109115809152,0.013158611790528097,1.0173003489628814,0.9449338601193208,0.07236648884356056,48.1963,5.992873492333815,2.2795352428400166,9.949778892015642,1.8358649187780673,8.113913973237574,2050.3444,0.0,Fallingbackwards,Fallingbackwards_p4_1_35sek_20260205_111038.csv
0.9838646954350491,0.0103144972524009,1.0132620588969075,0.9646242791885347,0.0486377797083728,48.404700000000005,5.295786216519402,1.2399828623417095,8.100308636095294,2.25619148123558,5.844117154859713,1477.6079,0.0,Fallingbackwards,Fallingbackwards_p4_1_35sek_20260205_111038.csv
0.9801323552039335,0.025001352665243944,1.0433599570617995,0.9021640649017229,0.14119589216007666,48.0636,6.648115926713623,3.207274993297153,13.628682988462238,0.7588148654316149,12.869868123030622,2713.9163000000003,0.0,Fallingbackwards,Fallingbackwards_p4_1_35sek_20260205_111038.csv
0.9763871316575122,0.023650713705759656,1.0458011283222064,0.9152595260361949,0.13054160228601153,47.694,9.355851037546657,3.317927703884035,15.146867662985638,2.1570581818764185,12.98980948110922,4916.021,0.0,Fallingbackwards,Fallingbackwards_p4_1_35sek_20260205_111038.csv
0.9949671009329667,0.07951683213575451,1.291394595001853,0.7368174807915459,0.5545771142103072,49.8078,17.8922884010465,20.20170279178286,79.0386930559963,2.7868620346188653,76.25183102137744,36004.0302,0.0,Fallingbackwards,Fallingbackwards_p4_1_35sek_20260205_111038.csv
0.9614548951463355,0.27803700495002565,1.8419826274967959,0.29,1.5519826274967958,50.00769999999999,69.59921180950946,27.956732632493626,127.38176714114152,10.852879802153895,116.52888733898763,280499.8803000001,0.0,Fallingbackwards,Fallingbackwards_p4_1_35sek_20260205_111038.csv
1.0270499182951136,0.1728585163168595,1.5876397576276553,0.6512296062065974,0.9364101514210579,54.20569999999999,74.4207269607029,51.73709935465238,171.05244634321951,8.082066567407125,162.97037977581238,408081.8751,0.0,Fallingbackwards,Fallingbackwards_p4_1_35sek_20260205_111038.csv
0.9515673910663258,0.0767682721666646,1.1949058540320237,0.7661592523751182,0.4287466016569055,45.562799999999996,12.532562738556955,7.877396182525229,34.2686591508918,2.282739582168759,31.98591956872304,10893.8716,0.0,Fallingbackwards,Fallingbackwards_p4_1_35sek_20260205_111038.csv
0.9316173186009787,0.007637961230436594,0.9475230867899737,0.9153687781435415,0.032154308646432206,43.39840000000001,4.8517069279226614,1.0608919454620098,7.537161269337415,2.355185767620041,5.181975501717374,1232.1021,0.0,Fallingbackwards,Fallingbackwards_p4_1_35sek_20260205_111038.csv
0.9329957807099657,0.0070619111567256,0.9491575211733825,0.9233092656309694,0.0258482555424131,43.526500000000006,4.535607047873933,0.8389368316058168,6.004506640849021,2.1722338732282025,3.8322727676208186,1063.0735,0.0,Fallingbackwards,Fallingbackwards_p4_1_35sek_20260205_111038.csv
0.9342963874197872,0.00744095494852399,0.9509994742374993,0.9150409826887537,0.03595849154874564,43.6482,3.6375171084704188,0.768039702939124,5.075135466172307,1.7975817088522013,3.2775537573201063,690.4809,0.0,Fallingbackwards,Fallingbackwards_p4_1_35sek_20260205_111038.csv
0.9332652353589564,0.012205739298728535,0.9529428104561155,0.8857764955111419,0.0671663149449736,43.55650000000001,5.697749967274891,1.2521871927685777,10.034988789231406,3.2602760619309525,6.774712727300454,1700.0484000000001,0.0,Fallingbackwards,Fallingbackwards_p4_1_35sek_20260205_111038.csv
0.9349225457372579,0.029551640587163232,1.0352294431670692,0.863481325796916,0.17174811737015316,43.74679999999999,9.871276171129972,5.126181571437801,25.314709162856285,2.4683192662214504,22.846389896634836,6159.7138,0.0,Fallingbackwards,Fallingbackwards_p4_1_35sek_20260205_111038.csv
0.9307213091725045,0.05132772505583532,1.0532805893967665,0.7731752712031082,0.28010531819365825,43.4412,9.63615769001422,6.041261438520171,27.382890643611752,1.6587646005386056,25.724126043073145,6431.121900000001,0.0,Fallingbackwards,Fallingbackwards_p4_1_35sek_20260205_111038.csv
0.9326482807108554,0.023499554643747034,1.0149876846543509,0.8904493247793498,0.12453835987500106,43.518699999999995,8.14638088302802,3.336002818453583,15.779965145715627,3.1218744369368863,12.65809070877874,3863.4929,0.0,Fallingbackwards,Fallingbackwards_p4_1_35sek_20260205_111038.csv
0.9292239834616959,0.006607707279204013,0.9473119866232033,0.9150956234186677,0.03221636320453558,43.175000000000004,4.255008147516298,0.7863968882744067,5.721887800367987,2.380273093575609,3.341614706792378,935.5572999999999,0.0,Fallingbackwards,Fallingbackwards_p4_1_35sek_20260205_111038.csv
0.927592145537598,0.0073409347786389115,0.9470480452437459,0.9062560344626678,0.04079201078107808,43.02400000000001,5.204754385661272,1.5032155279293493,7.418038824379392,2.000899797591074,5.417139026788318,1465.1966,0.0,Fallingbackwards,Fallingbackwards_p4_1_35sek_20260205_111038.csv
0.931072075146125,0.006619127741887063,0.940850678907126,0.9167878707749137,0.024062808132212288,32.0767,4.5238049316917355,0.7416384035824024,5.735939330223081,2.54483791232369,3.191101417899391,776.999,0.0,Fallingbackwards,Fallingbackwards_p4_1_35sek_20260205_111038.csv
0.9946381377160118,0.015810581603357857,1.0422091920531118,0.9601041610158764,0.08210503103723543,49.477500000000006,8.885522750418286,3.6186277492372807,18.108652627956616,3.517783392990535,14.590869234966082,4589.2546,0.0,Fallingbackwards,Fallingbackwards_p4_2_35sek_20260205_112600.csv
1.001728193588604,0.012148157234602377,1.0267424214475604,0.9700515450222219,0.05669087642533854,50.18019999999999,9.026703642850592,3.6460119874179977,16.329448857815137,3.4233317104832244,12.906117147331912,4725.445699999999,0.0,Fallingbackwards,Fallingbackwards_p4_2_35sek_20260205_112600.csv
0.9946453414460313,0.007995198795733542,1.0173003489628811,0.9808159868191382,0.036484362143742954,49.4691,6.650697272980877,1.338126844588698,8.844619833548528,3.6956460869515086,5.148973746597019,2299.3272999999995,0.0,Fallingbackwards,Fallingbackwards_p4_2_35sek_20260205_112600.csv
1.0007631724052546,0.007631350307834286,1.0185283501208986,0.981580358401695,0.0369479917192036,50.0792,4.190328449199,1.8284864622652395,7.287214831470251,0.19390719429665315,7.093307637173599,1041.7674,0.0,Fallingbackwards,Fallingbackwards_p4_2_35sek_20260205_112600.csv
0.9971891079943797,0.007551381639581721,1.0173003489628811,0.9805100713404222,0.0367902776224589,49.7221,5.888728542953723,0.9966864220404158,8.070340761083141,4.074677901380672,3.9956628597024695,1782.5320000000002,0.0,Fallingbackwards,Fallingbackwards_p4_2_35sek_20260205_112600.csv
0.9990524693453676,0.007703927895790539,1.014051280754578,0.9855962662266938,0.028455014527884237,49.90820000000001,5.827081124094101,1.7122677328637474,8.793867181166656,2.971514765233382,5.822352415933274,1841.4049,0.0,Fallingbackwards,Fallingbackwards_p4_2_35sek_20260205_112600.csv
0.9977816943558336,0.013081003846571924,1.0387492478938312,0.9684007434941384,0.07034850439969276,49.78679999999999,5.177444483632746,2.1123641410004392,11.068694593311355,1.258133538222394,9.81056105508896,1558.9386,0.0,Fallingbackwards,Fallingbackwards_p4_2_35sek_20260205_112600.csv
0.9911669126679513,0.05352999571365623,1.2465552534885889,0.841011296000238,0.4055439574883508,49.260999999999996,21.753590424656508,20.6974731681729,73.83417636840001,1.8704812215042417,71.96369514689577,44651.81919999999,0.0,Fallingbackwards,Fallingbackwards_p4_2_35sek_20260205_112600.csv
1.0238973417181683,0.08135481385396172,1.3043389130130252,0.7877182237323191,0.516620689280706,52.7426,19.233664180697797,19.29594586224041,100.37612514936009,1.2506398362438325,99.12548531311626,36741.0347,0.0,Fallingbackwards,Fallingbackwards_p4_2_35sek_20260205_112600.csv
1.0040400172854453,0.01353919817368357,1.0304853225543777,0.9660745312862772,0.06441079126810056,50.41380000000001,8.219160375130446,2.661934375654548,14.392379928281493,2.920068492347397,11.472311435934095,3724.9386999999997,0.0,Fallingbackwards,Fallingbackwards_p4_2_35sek_20260205_112600.csv
1.0005520370462915,0.008057267129013257,1.023132444994293,0.9845811292118086,0.038551315782484274,50.058400000000006,7.170637584283141,3.5131671615460234,16.8431202572445,3.7111992670833507,13.131920990161149,3175.6769999999997,0.0,Fallingbackwards,Fallingbackwards_p4_2_35sek_20260205_112600.csv
0.9995018986698341,0.008078350723057915,1.0259629622944486,0.9849365461794987,0.04102641611494995,49.953399999999995,5.563626362231717,1.627849370469841,10.759298304257578,2.093131625101489,8.66616667915609,1677.5417,0.0,Fallingbackwards,Fallingbackwards_p4_2_35sek_20260205_112600.csv
0.9984062955337174,0.019400953023061895,1.0393748120865733,0.9180413934022801,0.12133341868429326,49.859199999999994,13.435035813618427,8.64419297154904,30.776806202073665,4.8207572019341525,25.95604900013951,12686.3909,0.0,Fallingbackwards,Fallingbackwards_p4_2_35sek_20260205_112600.csv
1.0255426179953198,0.026732588751046067,1.082450922675019,0.9757561170702442,0.10669480560477473,52.6219,16.032465184941962,6.4618434292156826,25.89674303845949,4.286000466635532,21.61074257182396,14898.0126,0.0,Fallingbackwards,Fallingbackwards_p4_2_35sek_20260205_112600.csv
1.0061116650039523,0.02297553141607662,1.0564090116995406,0.956869897112455,0.09953911458708564,50.6389,9.51772944676738,5.169363456859993,17.35322736553636,0.5438749856354859,16.809352379900872,5838.7523,0.0,Fallingbackwards,Fallingbackwards_p4_2_35sek_20260205_112600.csv
1.0031129114701516,0.04148379130081445,1.1621531740695803,0.9178235124467012,0.24432966162287906,50.3961,17.60102582689991,12.475203071464932,48.56284999873875,4.711952886012338,43.85089711272641,23115.7094,0.0,Fallingbackwards,Fallingbackwards_p4_2_35sek_20260205_112600.csv
0.999465511556059,0.013041973447808814,1.0222524150130436,0.9656086163658648,0.056643798647178834,49.954899999999995,14.719954466749218,8.738899576782625,32.5167095506295,3.181493360043362,29.335216190586138,14575.9029,0.0,Fallingbackwards,Fallingbackwards_p4_2_35sek_20260205_112600.csv
1.0030521481586618,0.0171544030848519,1.0459923517884824,0.9428679653058535,0.1031243864826289,50.3201,5.915994949854545,3.492106807121222,14.807332642984692,1.8842505141302204,12.923082128854471,2347.4955,0.0,Fallingbackwards,Fallingbackwards_p4_2_35sek_20260205_112600.csv
0.9985353114094713,0.007641980483121467,1.0148398888494676,0.9813256340277675,0.03351425482170012,49.856500000000004,8.077591584107456,3.5927799196978505,19.249168813224117,2.979463038871266,16.26970577435285,3894.8696,0.0,Fallingbackwards,Fallingbackwards_p4_2_35sek_20260205_112600.csv
1.0015178463238923,0.024536592721894953,1.1005907504608605,0.9521554494934112,0.14843530096744928,50.1814,9.564292955504143,4.028716342542267,19.78871648187421,1.9429359227725447,17.845780559101666,5369.082200000001,0.0,Fallingbackwards,Fallingbackwards_p4_2_35sek_20260205_112600.csv
0.9982897174417306,0.009238343461232498,1.017152889196113,0.9689685237405805,0.04818436545553251,49.833299999999994,6.878159561094905,2.7290330671785252,12.682720528340914,1.9396391416962073,10.743081386644707,2730.3874,0.0,Fallingbackwards,Fallingbackwards_p4_2_35sek_20260205_112600.csv
1.0044954749403734,0.034535412531010896,1.093663568013491,0.8771544903835355,0.21650907762995542,50.50899999999999,10.914819360391009,8.216124535179912,37.68815994447063,1.5501290268877619,36.13803091758287,9264.394500000002,0.0,Fallingbackwards,Fallingbackwards_p4_2_35sek_20260205_112600.csv
0.9783728814890448,0.05909612341669588,1.0705138952858109,0.8062877898120497,0.26422610547376113,48.0318,24.163932521317246,9.572475694599634,41.159351306841565,5.656359253088509,35.502992053753054,33684.764,0.0,Fallingbackwards,Fallingbackwards_p4_2_35sek_20260205_112600.csv
0.9437968554509557,0.5053221801544121,2.084850114516629,0.3757658845611187,1.7090842299555102,57.049800000000005,101.98751278008741,67.44388660009169,345.2307917900719,31.97156705574502,313.2592247343269,742957.8523,0.0,Fallingbackwards,Fallingbackwards_p4_2_35sek_20260205_112600.csv
0.9731141736915384,0.2243102920124,1.640579166026437,0.33256578296631784,1.3080133830601193,49.812999999999995,40.3552117529299,59.32191659192215,299.05004831967506,0.9585927185202274,298.09145560115485,253862.5554,0.0,Fallingbackwards,Fallingbackwards_p4_2_35sek_20260205_112600.csv
0.9116695311688965,0.00594755465824876,0.9252567211320327,0.8972736483370054,0.02798307279502732,41.5588,4.675686801972271,0.492093538750422,6.302388436140698,3.6136546597592862,2.688733776381412,1104.9679999999998,0.0,Fallingbackwards,Fallingbackwards_p4_2_35sek_20260205_112600.csv
0.9130729428035687,0.006210682044679273,0.9273618495495705,0.8961026726887941,0.031259176860776394,41.687,4.685764726874962,0.370213568222916,5.574396828357306,3.719650521218358,1.8547463071389485,1104.5354,0.0,Fallingbackwards,Fallingbackwards_p4_2_35sek_20260205_112600.csv
0.9129362933375365,0.0069491085259521515,0.926390846241477,0.8972736483370054,0.029117197904471648,41.675000000000004,4.634025512632136,0.3498477048754348,5.193476677525374,3.561263820612003,1.632212856913371,1079.7069,0.0,Fallingbackwards,Fallingbackwards_p4_2_35sek_20260205_112600.csv
0.9134640422720244,0.005664378134094758,0.9273618495495705,0.9049309365912959,0.022430912958274596,41.72240000000001,4.697115613164633,0.37894444771512253,5.466946131068057,3.5490984770783696,1.9178476539896874,1110.1811,0.0,Fallingbackwards,Fallingbackwards_p4_2_35sek_20260205_112600.csv
0.9137182633294471,0.007209351793682475,0.926390846241477,0.8961026726887941,0.030288173552682984,41.7466,4.6090968782307735,0.396672340860062,5.256805113374472,3.5101139582640335,1.746691155110439,1069.8988000000002,0.0,Fallingbackwards,Fallingbackwards_p4_2_35sek_20260205_112600.csv
0.9122838046837631,0.005912604291487927,0.9284934033152847,0.9018314698434514,0.02666193347183332,41.6148,4.699657774173416,0.297411975746975,5.618487340913033,3.9087721857381252,1.7097151551749077,1108.6734,0.0,Fallingbackwards,Fallingbackwards_p4_2_35sek_20260205_112600.csv
0.9121355505405337,0.011725492901945462,0.9555103348473004,0.8770404779712279,0.07846985687607255,41.60630000000001,5.253506671433882,1.897376183263621,12.55747586101602,3.381005767519482,9.176470093496537,1556.3684,0.0,Fallingbackwards,Fallingbackwards_p4_2_35sek_20260205_112600.csv
0.9129293481972971,0.004949252681021164,0.9232551110067033,0.9018314698434514,0.021423641163251905,41.67320000000001,4.69539880068586,0.28936965716458485,5.268415321517468,3.853686546671901,1.414728774845567,1106.4415,0.0,Fallingbackwards,Fallingbackwards_p4_2_35sek_20260205_112600.csv
0.9137582993346614,0.005323264019758898,0.9232551110067033,0.9018314698434514,0.021423641163251905,41.74910000000001,4.723089559399337,0.2613251432660731,5.169313300623208,3.804865306420189,1.3644479942030188,1118.7250000000001,0.0,Fallingbackwards,Fallingbackwards_p4_2_35sek_20260205_112600.csv
0.912848809065919,0.0056289871975877285,0.9232551110067033,0.9007774419910837,0.02247766901561965,41.6662,4.879881495409125,0.32609406237139565,6.093471916731873,4.189618121022487,1.9038537957093853,1195.8727000000001,0.0,Fallingbackwards,Fallingbackwards_p4_2_35sek_20260205_112600.csv
0.9125457915519182,0.008816630903747891,0.9398936110007345,0.8932524839036273,0.046641127097107216,41.640800000000006,4.716092471251188,0.6300370920469417,6.458157632018592,3.5460682452541716,2.9120893867644204,1131.5268,0.0,Fallingbackwards,Fallingbackwards_p4_2_35sek_20260205_112600.csv
0.9127129794332205,0.028446461960945864,0.9931767214348108,0.7874642849044012,0.2057124365304096,41.691900000000004,6.8663737378709495,3.9560098548034706,20.813274610209703,3.3095165810130034,17.5037580291967,3124.2050999999997,0.0,Fallingbackwards,Fallingbackwards_p4_2_35sek_20260205_112600.csv
0.912775561775417,0.01198527266222909,0.9450925880568528,0.8843076387773657,0.06078494927948708,41.665000000000006,4.550227027886394,1.3186008334022608,9.17229524165026,2.7601811534752567,6.412114088175004,1120.4250000000002,0.0,Fallingbackwards,Fallingbackwards_p4_2_35sek_20260205_112600.csv
0.9183191949052539,0.04393706385467422,1.0265476121447072,0.8405950273467004,0.1859525847980068,42.2601,7.325754804930147,5.4523693162943605,23.271798383451163,1.0404806581575652,22.231317725293597,4140.0224,0.0,Fallingbackwards,Fallingbackwards_p4_2_35sek_20260205_112600.csv
0.9117301417490201,0.010304047620400422,0.922496612459905,0.9,0.022496612459904974,5.8194,4.82974560812903,0.9728139189406952,6.80201440751194,4.0118449621090795,2.790169445402861,168.96330000000003,0.0,Fallingbackwards,Fallingbackwards_p4_2_35sek_20260205_112600.csv
1.000386956918061,0.0083260366285579,1.0220567498920987,0.9796427920420789,0.04241395785001978,50.0421,5.9431231621842775,2.2533184325066493,10.972825524904694,2.655974397466964,8.31685112743773,2014.8304,0.0,Fallingbackwards,Fallingbackwards_p4_3_35sek_20260205_112938.csv
0.9979915313051723,0.010541629969086993,1.0212737145349429,0.9689685237405805,0.052305190794362355,49.80479999999999,10.553190341729872,8.1940988977521,23.850218028353538,0.48836461788299124,23.361853410470548,8858.510900000001,0.0,Fallingbackwards,Fallingbackwards_p4_3_35sek_20260205_112938.csv
1.0020727698005472,0.008339971630384753,1.0196568050084303,0.9780593029055038,0.041597502102926454,50.2109,9.046503397815336,6.655445390063532,23.694965710040606,2.6101724080987445,21.08479330194186,6262.4139,0.0,Fallingbackwards,Fallingbackwards_p4_3_35sek_20260205_112938.csv
1.0028453410102833,0.00694159409210449,1.0208329931972222,0.9743715923609431,0.04646140083627914,50.287299999999995,5.965601539128618,1.7150219479604287,9.453951554773273,2.4080282390370757,7.0459233157361965,1923.5438,0.0,Fallingbackwards,Fallingbackwards_p4_3_35sek_20260205_112938.csv
1.0000274120099897,0.0063225566872839945,1.0117806086301515,0.982496819333274,0.02928378929687747,50.004699999999985,4.463535202625495,1.2007521005870716,7.2070937277102205,1.1271645842555558,6.079929143454665,1066.8057999999999,0.0,Fallingbackwards,Fallingbackwards_p4_3_35sek_20260205_112938.csv
1.0014786990965812,0.006095771018154009,1.016267681273,0.9860020283954796,0.030265652877520477,50.1498,4.556866493643603,1.2712543055164616,7.038138958559997,1.2900387591076479,5.748100199452349,1117.4399,0.0,Fallingbackwards,Fallingbackwards_p4_3_35sek_20260205_112938.csv
1.0065746731967153,0.014407597164240499,1.0325211862233143,0.9750384607798812,0.057482725443433136,50.6698,53.95847709824862,29.597868567044152,84.14399384388643,4.586262094560231,79.55773174932621,188501.51989999998,0.0,Fallingbackwards,Fallingbackwards_p4_3_35sek_20260205_112938.csv
1.0024864895394388,0.016624247440162106,1.0360019305001318,0.9596874491208063,0.0763144813793255,50.262499999999996,31.594357217412803,17.936653215979888,79.55277619291485,9.99265230056565,69.5601238923492,65674.6233,0.0,Fallingbackwards,Fallingbackwards_p4_3_35sek_20260205_112938.csv
1.0134726252304207,0.02783401803107754,1.0712609392673664,0.9334880824091971,0.1377728568581693,51.394299999999994,75.13287629728063,32.37323206578596,112.79937677132796,21.99238504573799,90.80699172558997,333600.7366,0.0,Fallingbackwards,Fallingbackwards_p4_3_35sek_20260205_112938.csv
1.0064034576964511,0.012457287705063174,1.0332473082471592,0.9774968030638258,0.055750505183333354,50.65,14.044213282080728,7.796108872931369,42.25879908374113,4.2962658204538515,37.96253326328728,12840.1827,0.0,Fallingbackwards,Fallingbackwards_p4_3_35sek_20260205_112938.csv
1.0072367943292748,0.021571905133948212,1.0644716999526105,0.9523654760647301,0.11210622388788039,50.749100000000006,22.878248978736643,8.592293157298288,33.881195374425616,5.685375977013306,28.195819397412308,29788.2614,0.0,Fallingbackwards,Fallingbackwards_p4_3_35sek_20260205_112938.csv
1.00735484090867,0.01196186533592401,1.040096149401583,0.9814784765851975,0.058617672816385524,50.745200000000004,24.05671301871907,15.49425518078023,51.962361378212975,4.049802464318477,47.9125589138945,40699.7973,0.0,Fallingbackwards,Fallingbackwards_p4_3_35sek_20260205_112938.csv
1.0070346535776502,0.01055628711695944,1.0311643903859364,0.9814784765851975,0.049685913800738946,50.711400000000005,8.252914691418887,3.7949718474073815,15.609458670946921,2.0117156856772778,13.597742985269644,4111.2188,0.0,Fallingbackwards,Fallingbackwards_p4_3_35sek_20260205_112938.csv
1.007084405419061,0.008978452762956085,1.0259629622944486,0.986458311334037,0.03950465096041156,50.7149,5.309175210413989,1.2293280830772624,9.193677175102463,2.3810501884672655,6.812626986635198,1483.4181999999998,0.0,Fallingbackwards,Fallingbackwards_p4_3_35sek_20260205_112938.csv
1.0064441660463121,0.007432734502645699,1.0268885041717042,0.9898484732523459,0.03704003091935826,50.64920000000001,7.405391919466622,2.749590789423794,13.055684585650804,4.440033783655255,8.61565080199555,3112.4437000000003,0.0,Fallingbackwards,Fallingbackwards_p4_3_35sek_20260205_112938.csv
1.0045018794675562,0.012287962674137115,1.0599056561788884,0.986458311334037,0.07344734484485138,50.458600000000004,9.978676912929718,4.8350488112855405,18.20586169342171,2.202498581157318,16.003363112264392,6124.2068,0.0,Fallingbackwards,Fallingbackwards_p4_3_35sek_20260205_112938.csv
1.0054161095077345,0.012874858522344754,1.034117981663601,0.9766780431646859,0.057439938498915155,50.5512,6.673613949006235,1.3954850153954612,9.637644940544345,4.235280392134622,5.4023645484097225,2322.2777000000006,0.0,Fallingbackwards,Fallingbackwards_p4_3_35sek_20260205_112938.csv
1.0095970729080137,0.016590825334393704,1.0487134975769121,0.9759098319004681,0.07280366567644403,50.977799999999995,17.77754360688068,6.816982493133574,27.717411495303814,6.871462726377842,20.84594876892597,18079.144099999998,0.0,Fallingbackwards,Fallingbackwards_p4_3_35sek_20260205_112938.csv
0.9870712117518246,0.11064017303202199,1.2459133196173802,0.6232976816898969,0.6226156379274833,49.31529999999999,28.89675724779527,26.21070949841296,101.59346189593107,3.996911307497328,97.59655058843374,75414.1923,0.0,Fallingbackwards,Fallingbackwards_p4_3_35sek_20260205_112938.csv
0.9867335281480131,0.5319303932794812,2.416319515295939,0.2780287754891569,2.138290739806782,62.5467,105.23464318749022,64.25682073858174,307.83211317209907,25.378364801539128,282.45374837055994,756034.5179000001,0.0,Fallingbackwards,Fallingbackwards_p4_3_35sek_20260205_112938.csv
0.9522666310234977,0.11674262393846713,1.3304886320446336,0.6667083320313314,0.6637803000133022,46.0084,55.330088110656085,56.71092652580578,177.11893207672634,2.776418556341965,174.3425135203844,310661.26269999996,0.0,Fallingbackwards,Fallingbackwards_p4_3_35sek_20260205_112938.csv
0.9094915354166168,0.06143809731393266,1.239072233568326,0.6954135460285484,0.5436586875397775,41.5437,8.872058285049109,7.448824163248272,38.39181813876493,2.9352171980962503,35.45660094066868,6654.435000000001,0.0,Fallingbackwards,Fallingbackwards_p4_3_35sek_20260205_112938.csv
0.9095571575089936,0.007678303926224155,0.9267685795278129,0.8940917178902844,0.032676861637528476,41.367599999999996,4.608289822823403,0.8651347122082161,6.622069163033561,2.9144810858881893,3.7075880771453713,1098.4912,0.0,Fallingbackwards,Fallingbackwards_p4_3_35sek_20260205_112938.csv
0.9095565286560912,0.006919447533212859,0.9267685795278129,0.8954886933959579,0.03127988613185495,41.367,4.722633335847754,0.7933733037618252,6.031799068271423,2.4841497539399673,3.5476493143314554,1146.0058999999999,0.0,Fallingbackwards,Fallingbackwards_p4_3_35sek_20260205_112938.csv
0.9120184402177623,0.007309813278251267,0.9267685795278129,0.8983317872590282,0.028436792268784705,41.59149999999999,4.840863398361818,0.6792249172138387,6.223672549226863,2.760470974308551,3.463201574918312,1194.3039,0.0,Fallingbackwards,Fallingbackwards_p4_3_35sek_20260205_112938.csv
0.910350928346288,0.008641809797923342,0.9296235797353679,0.8954886933959579,0.034134886339409976,41.440599999999996,5.0387255758116085,1.021662596398425,6.456454135204555,2.9160589843142746,3.5403951508902805,1320.5837,0.0,Fallingbackwards,Fallingbackwards_p4_3_35sek_20260205_112938.csv
0.9099503096867206,0.013031903593348349,0.9362691920596341,0.881816307401944,0.05445288465769005,41.4088,4.450386120604191,1.4715129578900608,7.06777192614476,1.860698793464434,5.207073132680326,1096.3990000000001,0.0,Fallingbackwards,Fallingbackwards_p4_3_35sek_20260205_112938.csv
0.9114839225375515,0.007763004596545617,0.9282241108697834,0.8942594701763018,0.033964640693481596,41.543099999999995,4.7176845783777175,0.8244145844650228,6.3935436183700185,2.482861252667978,3.9106823657020406,1146.1307000000002,0.0,Fallingbackwards,Fallingbackwards_p4_3_35sek_20260205_112938.csv
0.9101034730998375,0.005684588152418824,0.9240129869217207,0.8954886933959579,0.0285242935257628,41.41599999999999,4.62948449496007,0.6611641795891151,5.326208782990017,2.7312268305653413,2.5949819524246758,1093.0261,0.0,Fallingbackwards,Fallingbackwards_p4_3_35sek_20260205_112938.csv
0.9103115396185406,0.006460305587805086,0.9240129869217207,0.8940917178902844,0.029921269031436326,41.4354,4.62530632355692,0.4937790686502464,5.560656436069396,2.883296724237726,2.6773597118316705,1081.62,0.0,Fallingbackwards,Fallingbackwards_p4_3_35sek_20260205_112938.csv
0.9109184167877072,0.007534814230390894,0.9254728521139883,0.8954886933959579,0.029984158718030396,41.4914,5.655788992595138,0.887976874606767,7.152433152431415,3.0004166377354995,4.152016514695916,1638.0341000000003,0.0,Fallingbackwards,Fallingbackwards_p4_3_35sek_20260205_112938.csv
0.9106375513960634,0.007371344641126623,0.9267685795278129,0.8956561840349231,0.0311123954928898,41.4657,4.0646122901685695,0.7357371221217389,5.734178232318908,2.6086969927532784,3.1254812395656297,852.5778,0.0,Fallingbackwards,Fallingbackwards_p4_3_35sek_20260205_112938.csv
0.9107681399740507,0.00665438387095047,0.9267685795278129,0.8969949832635632,0.02977359626424969,41.47709999999999,4.2246215265414175,0.6995005196733809,5.679586252536359,2.758060913032923,2.9215253395034364,916.3471,0.0,Fallingbackwards,Fallingbackwards_p4_3_35sek_20260205_112938.csv
0.9106974000375316,0.04692857756990481,0.991312261600753,0.7537904218017101,0.23752183979904296,41.57639999999999,7.217658421388896,6.115500456113833,36.377424317837566,1.339290857132983,35.038133460704586,4437.2976,0.0,Fallingbackwards,Fallingbackwards_p4_3_35sek_20260205_112938.csv
0.9097012369955121,0.026947784143411924,0.9737042672187486,0.8615103017375938,0.11219396548115479,41.413399999999996,6.278768260301767,2.876955791447975,15.408484675658409,1.2012077255828817,14.207276950075528,2376.7134,0.0,Fallingbackwards,Fallingbackwards_p4_3_35sek_20260205_112938.csv
0.9028599862588221,0.04544390141970956,0.9553009996854395,0.6811754546370561,0.2741255450483834,40.858999999999995,6.266126495375282,3.851735991328294,21.14099335414493,2.4522846490568746,18.688708705088054,2690.1746999999996,0.0,Fallingbackwards,Fallingbackwards_p4_3_35sek_20260205_112938.csv
0.9239027778517199,0.04827279072482373,1.1140017953306898,0.850411665018772,0.2635901303119178,42.794,7.578327769640531,6.761010386383902,29.246006564999604,1.015332457867865,28.23067410713174,5111.404400000001,0.0,Fallingbackwards,Fallingbackwards_p4_3_35sek_20260205_112938.csv
0.9293070694567337,0.1613601961949067,1.4668674105044395,0.6212889826803627,0.8455784278240768,44.456399999999995,83.96252142155105,27.254783862721364,120.60653920911585,8.944797370538922,111.66174183857693,388883.5891,0.0,Fallingbackwards,Fallingbackwards_p4_3_35sek_20260205_112938.csv
0.9553282594900173,0.18109282277145766,1.2270696801730536,0.4131585652022719,0.8139111149707817,44.403200000000005,112.4058034142273,42.996220274652984,193.2534217032133,24.137632443965998,169.1157892592473,678887.0861999999,0.0,Fallingbackwards,Fallingbackwards_p4_3_35sek_20260205_112938.csv
1.00453192604645,0.02671866949152871,1.0641898326896382,0.9432391001225511,0.1209507325670871,50.4892,24.722601830491882,16.703840898005378,69.18829814354449,6.056418083322848,63.13188006022164,44232.2488,0.0,Fallingfromchair,Fallingfromchair_p1_1_35sek_20260204_154003.csv
0.976315385460181,0.017907589137353533,1.0159232254457027,0.9394679345246435,0.07645529092105918,47.6753,5.768730965096641,2.3343484543796102,13.273511215951865,1.8143869488066762,11.459124267145189,1930.9227999999998,0.0,Fallingfromchair,Fallingfromchair_p1_1_35sek_20260204_154003.csv
0.9779423854620718,0.010627780152594522,0.9976472322419383,0.9479978902930112,0.04964934194892712,47.824099999999994,7.785565164270978,2.6802404462823852,13.62457338781659,2.8719505566774655,10.752622831139124,3382.7520000000004,0.0,Fallingfromchair,Fallingfromchair_p1_1_35sek_20260204_154003.csv
0.9748980909371593,0.02207853069002967,1.034842983258813,0.8877499647986475,0.14709301846016554,47.545199999999994,5.961849863473154,3.881781387482984,24.205265955985695,0.5457105459856901,23.659555410000003,2515.5258,0.0,Fallingfromchair,Fallingfromchair_p1_1_35sek_20260204_154003.csv
0.9760821180415045,0.014558076502040813,1.0251341375644458,0.9514725429564429,0.07366159460800292,47.647200000000005,7.9022105318495655,5.090007689173234,25.84818949172262,2.807935184437134,23.040254307285487,4391.747299999999,0.0,Fallingfromchair,Fallingfromchair_p1_1_35sek_20260204_154003.csv
0.9716219766910885,0.016185607454640476,1.0296601381038308,0.9125787637239867,0.11708137437984412,47.2153,6.468213895985806,2.102969473847594,12.064298570575913,2.6307603463637657,9.433538224212146,2308.5911000000006,0.0,Fallingfromchair,Fallingfromchair_p1_1_35sek_20260204_154003.csv
0.9795877997990587,0.034012939987170115,1.0619322012256713,0.944351629426243,0.11758057179942838,48.0363,27.728078721548624,19.29756123990173,57.88502656127921,2.102974084481309,55.7820524767979,56689.715099999994,0.0,Fallingfromchair,Fallingfromchair_p1_1_35sek_20260204_154003.csv
0.9918718304115266,0.026035141794365828,1.0431203190428224,0.9365361712181756,0.10658414782464687,49.223699999999994,16.911299461507316,7.060605463661896,30.005324527490117,4.123627044241513,25.881697483248605,16742.357799999998,0.0,Fallingfromchair,Fallingfromchair_p1_1_35sek_20260204_154003.csv
0.9958074876179434,0.04156931271050694,1.1022703842524302,0.934986630920464,0.1672837533319662,49.66629999999999,14.676318780479285,7.543051881533163,37.94402588023574,4.465713828717644,33.478312051518095,13557.700599999998,0.0,Fallingfromchair,Fallingfromchair_p1_1_35sek_20260204_154003.csv
0.9866741085642421,0.03362766549572222,1.0991815136727874,0.9370699013414101,0.16211161233137727,48.73170000000001,9.725546253026906,5.055494089605392,20.302891419696852,2.103235602589496,18.199655817107356,5981.6555,0.0,Fallingfromchair,Fallingfromchair_p1_1_35sek_20260204_154003.csv
0.987514865917177,0.04629529874950812,1.0883473710171767,0.9089004345911602,0.1794469364260165,48.86429999999999,13.436009425833008,4.938430791514453,26.879921874886467,2.75296204114768,24.126959833738788,10221.3343,0.0,Fallingfromchair,Fallingfromchair_p1_1_35sek_20260204_154003.csv
0.984076632937465,0.011831318972744403,1.0117806086301517,0.9604165762834376,0.05136403234671416,48.427200000000006,4.570986562068205,1.0811916372791355,6.794247566875967,2.2150846484954023,4.579162918380565,1101.9757,0.0,Fallingfromchair,Fallingfromchair_p1_1_35sek_20260204_154003.csv
0.9766511199294847,0.0088404185700254,0.9974467404327912,0.9602603813549739,0.03718635907781731,47.6962,5.622523488984013,2.638746922739732,11.97302802134865,3.048196187911795,8.924831833436855,1921.8248,0.0,Fallingfromchair,Fallingfromchair_p1_1_35sek_20260204_154003.csv
0.9746018955159585,0.04539110378428408,1.1718788333270636,0.8874119674649423,0.2844668658621212,47.5934,8.439240996979885,5.313468773122981,25.279600471526447,2.048096677405635,23.231503794120812,4944.454000000001,0.0,Fallingfromchair,Fallingfromchair_p1_1_35sek_20260204_154003.csv
0.9732883852349645,0.04744189966250316,1.2062338081814816,0.8824397996464121,0.32379400853506957,47.474799999999995,8.234594795711587,4.961397572035079,26.06337852236352,1.5295097253695382,24.533868796993982,4596.5854,0.0,Fallingfromchair,Fallingfromchair_p1_1_35sek_20260204_154003.csv
0.9736783036747754,0.08639350500561269,1.2218837915284742,0.7867019766086774,0.4351818149197968,47.76819999999999,8.671967078007327,6.57510696723395,33.17831822139272,2.7591484193497093,30.41916980204301,5878.520200000001,0.0,Fallingfromchair,Fallingfromchair_p1_1_35sek_20260204_154003.csv
0.9672364581917654,0.07142595669963586,1.234868414042565,0.8644651525654461,0.3704032614771189,47.02729999999999,14.553772532153388,10.704040486520928,51.677526063076975,4.2555963154415855,47.42192974763539,16204.8624,0.0,Fallingfromchair,Fallingfromchair_p1_1_35sek_20260204_154003.csv
0.9745927477639442,0.042438142329904366,1.079907403437906,0.9091754506144565,0.17073195282344944,47.579800000000006,11.071578581911256,5.276114033109153,21.130475621717558,2.586445437274871,18.544030184442686,7493.024200000001,0.0,Fallingfromchair,Fallingfromchair_p1_1_35sek_20260204_154003.csv
0.9725161371751136,0.07344554371663578,1.1732433677630572,0.8422588675698226,0.33098450019323455,47.5537,46.75642398986995,37.35917175150817,135.26317643763952,5.439466885642379,129.82370955199713,177697.83720000004,0.0,Fallingfromchair,Fallingfromchair_p1_1_35sek_20260204_154003.csv
1.0101602263318967,0.5524124430918858,3.10871356030111,0.21656407827707716,2.8921494820240325,65.97400000000002,57.554195918720225,52.95132017538264,224.7236316011291,10.28232463988567,214.44130696124344,303012.5465,0.0,Fallingfromchair,Fallingfromchair_p1_1_35sek_20260204_154003.csv
0.9760986417688935,0.16795723926448689,1.4525150601628887,0.4635730794599704,0.9889419807029183,49.020700000000005,27.09123493142377,19.559342250595318,90.09124263767262,4.612244572873386,85.47899806479924,55442.5761,0.0,Fallingfromchair,Fallingfromchair_p1_1_35sek_20260204_154003.csv
0.9544453649974456,0.04567012638222202,1.0270832488167645,0.8646386528486915,0.16244459596807304,45.65050000000001,8.538137440181167,3.3764751957517993,15.566932902791095,2.685609800399157,12.881323102391939,4203.6182,0.0,Fallingfromchair,Fallingfromchair_p1_1_35sek_20260204_154003.csv
0.9518242524750784,0.021866767261476013,1.0144456614328832,0.9102197536858888,0.10422590774699436,45.3219,6.024181411044168,2.8969551796829247,12.10719207743893,1.1157508682497181,10.991441209189212,2225.7632000000003,0.0,Fallingfromchair,Fallingfromchair_p1_1_35sek_20260204_154003.csv
0.9530076123368558,0.02600021247961538,0.9985489472229191,0.8810788840960836,0.1174700631268355,45.4443,11.16108888080029,6.068975218177543,27.34773299562507,2.4475906520494806,24.900142343575588,8033.285800000001,0.0,Fallingfromchair,Fallingfromchair_p1_1_35sek_20260204_154003.csv
0.9555065386816298,0.017474603631919362,0.9874208829065749,0.9187491496594705,0.0686717332471044,45.6646,9.261517745384918,4.874048421196035,20.322376829495116,1.0298543586352393,19.292522470859875,5452.8466,0.0,Fallingfromchair,Fallingfromchair_p1_1_35sek_20260204_154003.csv
0.9631377624639154,0.044626002715565403,1.0431203190428224,0.8604068804931769,0.1827134385496455,46.479299999999995,44.050120816476834,34.53670198105723,124.36545943307571,5.613065116315684,118.75239431676003,155467.0626,0.0,Fallingfromchair,Fallingfromchair_p1_1_35sek_20260204_154003.csv
0.9786279779423239,0.032281933857655855,1.0452272480183435,0.9234717104492156,0.12175553756912794,47.9367,17.633122151742494,7.8120636160069115,33.394539972875805,3.5977909889263997,29.796748983949406,18536.738400000002,0.0,Fallingfromchair,Fallingfromchair_p1_1_35sek_20260204_154003.csv
0.9463612473732766,0.019804902250682068,1.000199980003999,0.9021640649017229,0.09803591510227605,44.7992,11.651186896822662,6.700363673903012,23.240253871246757,0.3436568055487917,22.896597065697964,8987.356600000001,0.0,Fallingfromchair,Fallingfromchair_p1_1_35sek_20260204_154003.csv
0.9505352081174943,0.04658564779676748,1.1212047092302102,0.8105553651663778,0.3106493440638324,45.2822,9.55996086301003,8.386964758171624,36.94863055649019,0.8604068804931768,36.08822367599701,8016.360299999999,0.0,Fallingfromchair,Fallingfromchair_p1_1_35sek_20260204_154003.csv
0.944003608347411,0.006160061213248578,0.9606247966818262,0.9356281312572854,0.02499666542454082,44.559000000000005,5.5757623531524105,1.349758928274765,8.886675418850404,3.0641475160311717,5.822527902819232,1643.7268999999997,0.0,Fallingfromchair,Fallingfromchair_p1_1_35sek_20260204_154003.csv
0.9433376059395482,0.005166732303488879,0.9494208761134337,0.9283856957105706,0.02103518040286312,44.4956,4.852562657241509,0.5227670273095479,6.154494292791244,3.5606319663790025,2.593862326412242,1190.7592000000002,0.0,Fallingfromchair,Fallingfromchair_p1_1_35sek_20260204_154003.csv
0.9447853268306549,0.0038711657123529923,0.9494208761134337,0.93552124508212,0.013899631031313753,44.63170000000001,4.772611673808148,0.6774862081811721,5.914439956580843,3.2595245052001065,2.6549154513807363,1161.3814999999997,0.0,Fallingfromchair,Fallingfromchair_p1_1_35sek_20260204_154003.csv
0.9447026199563102,0.004398497851582899,0.9508417323613851,0.93552124508212,0.01532048727926516,44.6241,4.4494535536399304,0.6405586480827962,6.119828428967597,3.402704806473815,2.717123622493782,1009.9873000000001,0.0,Fallingfromchair,Fallingfromchair_p1_1_35sek_20260204_154003.csv
0.9447964697937357,0.005114072750427809,0.959218431849597,0.9356281312572854,0.023590300592311597,44.633300000000006,5.115334313213697,0.7217148399914156,6.630256405298365,3.695808436594083,2.9344479687042817,1333.8549999999998,0.0,Fallingfromchair,Fallingfromchair_p1_1_35sek_20260204_154003.csv
0.9433643318698521,0.02059664515349119,0.9957409301620578,0.900499861188218,0.09524106897383977,44.517599999999995,8.01852660402541,7.212945780836174,33.52469090088677,2.69581156611511,30.828879334771656,5764.1412,0.0,Fallingfromchair,Fallingfromchair_p1_1_35sek_20260204_154003.csv
0.9402183237490684,0.013337972017837041,0.9743715923609433,0.9126883367283708,0.06168325563257249,39.7883,8.173879317987632,3.6034619095386837,16.251959881811178,3.3086099800369335,12.943349901774244,3577.890900000001,0.0,Fallingfromchair,Fallingfromchair_p1_1_35sek_20260204_154003.csv
0.9721926856170144,0.029474687043345188,1.0420172743289815,0.883911760301898,0.1581055140270835,47.30049999999999,6.777642352437407,2.4164648116970664,11.428499464059138,2.8238448965904626,8.604654567468675,2582.947600000001,0.0,Fallingfromchair,Fallingfromchair_p1_2_35sek_20260204_154120.csv
0.9722274659775956,0.01150662625351848,0.9962429422585637,0.946255779374689,0.049987162883874725,47.267799999999994,5.188453381577647,1.6060280283203299,9.408698103350963,2.7500727263110702,6.658625377039892,1472.3894000000003,0.0,Fallingfromchair,Fallingfromchair_p1_2_35sek_20260204_154120.csv
0.9734999378402628,0.016346722351501294,1.02469507659596,0.938669270829721,0.08602580576623897,47.398199999999996,6.833590968932353,2.6218801614385563,12.8459565622806,1.3419388957773002,11.5040176665033,2671.7368,0.0,Fallingfromchair,Fallingfromchair_p1_2_35sek_20260204_154120.csv
0.9734994732249482,0.017343340507157957,1.02469507659596,0.938296328459192,0.08639874813676796,47.399800000000006,6.6862904034725466,2.369140600326031,12.650256914387155,0.3661966684720111,12.284060245915144,2510.3525000000004,0.0,Fallingfromchair,Fallingfromchair_p1_2_35sek_20260204_154120.csv
0.9711690207437401,0.023662877747883358,1.0128672173587216,0.9023303164584464,0.11053690090027524,47.1859,8.370709125226416,5.114911847231604,21.06601291179705,0.7814729681825213,20.28453994361453,4785.3924,0.0,Fallingfromchair,Fallingfromchair_p1_2_35sek_20260204_154120.csv
0.9725961238438537,0.012728719091299058,1.0058826969383656,0.944351629426243,0.06153106751212267,47.3051,4.466187242568458,1.5640259126457259,7.608534681527055,1.0324243313676793,6.576110350159375,1117.2041,0.0,Fallingfromchair,Fallingfromchair_p1_2_35sek_20260204_154120.csv
0.9686333311445762,0.013304510350830134,0.9976973488989535,0.9430800602281866,0.05461728867076687,46.92119999999999,5.2583929713973285,1.4200479146699052,8.56893809056875,2.3027809274874587,6.266157163081291,1481.3451,0.0,Fallingfromchair,Fallingfromchair_p1_2_35sek_20260204_154120.csv
0.9716319887834953,0.00790752500235098,0.9905553997631833,0.9557196241576292,0.034835775605554065,47.2065,5.158085408487975,1.020843448162629,7.45274446093518,3.165706872090339,4.287037588844841,1381.3562,0.0,Fallingfromchair,Fallingfromchair_p1_2_35sek_20260204_154120.csv
0.9709225687480043,0.005474010559801674,0.982344135219425,0.9594790253048787,0.022865109914546267,47.135999999999996,4.563794443440062,0.36717381473931415,5.342377747782349,3.793573513193069,1.54880423458928,1048.0169999999998,0.0,Fallingfromchair,Fallingfromchair_p1_2_35sek_20260204_154120.csv
0.9712779260936985,0.00599236615763875,0.992622788374315,0.9609890738192605,0.03163371455505448,47.1708,5.082430424315377,0.9712904218959204,7.430921880897416,3.5038692897994927,3.9270525910979233,1337.7818000000002,0.0,Fallingfromchair,Fallingfromchair_p1_2_35sek_20260204_154120.csv
0.9688662559556337,0.004757171869531912,0.9808669634563089,0.9575489543621256,0.023318009094183245,46.9362,4.679539527031245,0.45921385235651413,5.689824250361341,3.9924303375262546,1.6973939128350866,1105.2375,0.0,Fallingfromchair,Fallingfromchair_p1_2_35sek_20260204_154120.csv
0.9699958511821538,0.005537321371244582,0.9808669634563089,0.9580709785814411,0.02279598487486778,47.0461,4.866623397545586,0.47044345824982703,5.911235065534106,3.9406090899758124,1.9706259755582933,1195.0457000000001,0.0,Fallingfromchair,Fallingfromchair_p1_2_35sek_20260204_154120.csv
0.9708953155120024,0.005372484399393525,0.982344135219425,0.9575489543621256,0.02479518085729937,47.1333,4.725191333407385,0.3429090179383002,5.768344649897404,3.9587245420716,1.809620107825804,1122.1334000000002,0.0,Fallingfromchair,Fallingfromchair_p1_2_35sek_20260204_154120.csv
0.9700913221167994,0.00388964529100144,0.982344135219425,0.9594790253048787,0.022865109914546267,47.05459999999999,4.748178988523473,0.270057236836134,5.3594309399412925,4.124984848457022,1.23444609148427,1130.8337999999999,0.0,Fallingfromchair,Fallingfromchair_p1_2_35sek_20260204_154120.csv
0.9714983312730525,0.004843713964876635,0.982344135219425,0.9594790253048787,0.022865109914546267,47.1916,4.984314259999196,1.114963785249103,7.713844696388436,2.7820855486487113,4.931759147739724,1303.0835000000002,0.0,Fallingfromchair,Fallingfromchair_p1_2_35sek_20260204_154120.csv
0.96431441537075,0.028315069690907222,0.9929249719893241,0.8613361713059542,0.13158880068336987,46.5344,19.06231270239791,14.307975670647327,49.99409265103228,2.837974629907744,47.15611802112454,28199.778499999997,0.0,Fallingfromchair,Fallingfromchair_p1_2_35sek_20260204_154120.csv
0.9356058629931105,0.055380586122782,1.0892658077806354,0.8296384754819415,0.25962733229869395,43.9182,22.87020606570801,11.818230405194246,53.114910335987574,8.88586518016113,44.22904515582644,32996.1742,0.0,Fallingfromchair,Fallingfromchair_p1_2_35sek_20260204_154120.csv
0.9839587321622636,0.07778314571143322,1.135341358358798,0.6637017402418047,0.4716396181169932,48.705200000000005,55.00435016861932,24.41532344463263,138.7165404701256,27.125829019589425,111.59071145053619,180483.21979999996,0.0,Fallingfromchair,Fallingfromchair_p1_2_35sek_20260204_154120.csv
0.9780417443549316,0.08535846561534924,1.1269871339105872,0.7664202502543889,0.3605668836561984,48.185300000000005,43.13193647382692,17.38352668528803,87.76565501379227,11.257250996579938,76.50840401721233,107825.3602,0.0,Fallingfromchair,Fallingfromchair_p1_2_35sek_20260204_154120.csv
0.8890518259724085,0.15215074002088966,1.1344602240713422,0.4901020301937138,0.6443581938776284,40.655,51.80072689259614,33.67834030217112,123.05346602188823,8.229623320662983,114.82384270122525,189743.065,0.0,Fallingfromchair,Fallingfromchair_p1_2_35sek_20260204_154120.csv
1.0661900034558203,0.42134487853083114,2.888217443337672,0.51,2.3782174433376717,65.5371,91.9394291638872,73.58844746996203,284.6113058190064,7.289135751239648,277.32217006776676,687990.6522,0.0,Fallingfromchair,Fallingfromchair_p1_2_35sek_20260204_154120.csv
0.974118374656183,0.022573963627901747,1.0756393447619885,0.9421252570651102,0.13351408769687834,47.470299999999995,14.457488559403242,11.472752928121427,58.384472250762016,4.705719923667366,53.67875232709465,16900.5277,0.0,Fallingfromchair,Fallingfromchair_p1_2_35sek_20260204_154120.csv
0.9551117318479123,0.04985263678451958,1.0856334556377674,0.783709129715866,0.3019243259219013,45.7337,13.733263197613057,15.729160555500119,70.92645839177366,2.149720912118594,68.77673747965507,21553.043999999998,0.0,Fallingfromchair,Fallingfromchair_p1_2_35sek_20260204_154120.csv
0.9464472158648762,0.029720939873492506,1.0182828683622247,0.8657944328765345,0.15248843548569024,44.831399999999995,11.898447337975322,7.8751262345197,34.260639223458746,1.203245610837621,33.05739361262113,10117.5155,0.0,Fallingfromchair,Fallingfromchair_p1_2_35sek_20260204_154120.csv
0.9434333549260348,0.03735522820833337,1.0377379245262264,0.8614522621712708,0.17628566235495557,44.57170000000001,8.308625739724327,3.1565530019747654,17.789856660468065,3.6955107901344304,14.094345870333633,3939.8905999999997,0.0,Fallingfromchair,Fallingfromchair_p1_2_35sek_20260204_154120.csv
0.943071649966699,0.030836352604139902,1.016366075781753,0.8761849119906139,0.1401811637911391,44.5158,9.41956297963207,3.239721780814939,16.96814662831507,1.8941488853836175,15.07399774293145,4950.7024,0.0,Fallingfromchair,Fallingfromchair_p1_2_35sek_20260204_154120.csv
0.9385954610297789,0.02091187862555119,1.010643359449811,0.898943824718764,0.11169953473104699,44.069500000000005,11.889203251272162,4.663418870438587,20.130740175164945,1.7381024135533558,18.39263776161159,8133.284,0.0,Fallingfromchair,Fallingfromchair_p1_2_35sek_20260204_154120.csv
0.9455660568018017,0.029637817545650886,0.9998999949994999,0.8823264701911645,0.11757352480833538,44.747800000000005,23.44440076592465,11.689097254240526,55.26474282940254,6.657154046587776,48.607588782814766,34177.11109999999,0.0,Fallingfromchair,Fallingfromchair_p1_2_35sek_20260204_154120.csv
0.9513355039845847,0.02067135596779863,0.9996499387285531,0.8981091247727082,0.10154081395584491,45.2729,14.391342889912167,10.338980421102129,43.940374372551716,3.4992141975020625,40.44116017504965,15593.3688,0.0,Fallingfromchair,Fallingfromchair_p1_2_35sek_20260204_154120.csv
0.9444401385699132,0.012889825842428917,0.9819877799646999,0.903935838431025,0.0780519415336749,44.6065,9.626858953708465,5.324689574683005,23.85848695957059,2.2093211627103924,21.6491657968602,6023.0842999999995,0.0,Fallingfromchair,Fallingfromchair_p1_2_35sek_20260204_154120.csv
0.961007279999796,0.03515284102366051,1.029465880930495,0.8936442245099555,0.13582165642053956,46.237300000000005,28.203172345809826,11.337633901400759,46.86890440366619,9.624983116868309,37.243921286797885,46069.5017,0.0,Fallingfromchair,Fallingfromchair_p1_3_35sek_20260204_154248.csv
0.962405158393513,0.025996685376574798,1.0354226190305098,0.905317623820502,0.13010499521000785,46.3443,26.525829709005833,11.518314797057142,50.30837107281451,7.058795931318599,43.24957514149591,41681.88929999999,0.0,Fallingfromchair,Fallingfromchair_p1_3_35sek_20260204_154248.csv
0.9700173582429759,0.027410796087699404,1.0188719252192593,0.8750999942863672,0.1437719309328921,47.0835,7.861709744749544,2.8393697003409666,16.917487993198044,4.484194465007065,12.43329352819098,3485.363,0.0,Fallingfromchair,Fallingfromchair_p1_3_35sek_20260204_154248.csv
0.9712833549680144,0.013195715216677395,1.0081170566953026,0.9508943158942533,0.05722274080104928,47.1781,5.623824854753512,1.5206671478491247,8.661212386265563,2.463534046852205,6.197678339413358,1694.6793000000002,0.0,Fallingfromchair,Fallingfromchair_p1_3_35sek_20260204_154248.csv
0.9705947315054156,0.007815942233035614,0.9916148445843275,0.9475230867899737,0.044091757794353814,47.1057,7.320661536259251,1.6461100316380863,11.448340491093022,3.9744936784450924,7.473846812647929,2812.3785,0.0,Fallingfromchair,Fallingfromchair_p1_3_35sek_20260204_154248.csv
0.9712521323092915,0.005277550128763395,0.982344135219425,0.9606768447297979,0.021667290489627122,47.167899999999996,4.279267748916613,0.40150168765008776,5.1016271913968785,3.611135555472821,1.4904916359240574,923.5056,0.0,Fallingfromchair,Fallingfromchair_p1_3_35sek_20260204_154248.csv
0.9711091942959474,0.005043965264304985,0.9839207285142436,0.9606768447297979,0.02324388378444575,47.1539,4.363631546325322,0.3465599572864263,5.0333785869930345,3.654982900096798,1.3783956868962366,957.9491,0.0,Fallingfromchair,Fallingfromchair_p1_3_35sek_20260204_154248.csv
0.9707205072824876,0.012024496307926453,1.0110390694725897,0.9362691920596341,0.0747698774129556,47.12199999999999,5.519358616536504,3.185214961198876,16.342175497772626,3.012806001056158,13.329369496716467,2020.3001000000002,0.0,Fallingfromchair,Fallingfromchair_p1_3_35sek_20260204_154248.csv
0.9696157383965093,0.02644439398544476,1.0519980988575977,0.9021086409075129,0.1498894579500848,47.041999999999994,7.663475798082008,3.6200530907443196,16.489175237106313,2.3411535618152004,14.148021675291112,3578.5775,0.0,Fallingfromchair,Fallingfromchair_p1_3_35sek_20260204_154248.csv
0.9734771362831336,0.025679840699592837,1.0288828893513586,0.9174420962654809,0.11144079308587773,47.4152,7.670588731012425,3.8913030344321435,16.307228458570144,0.6760917097554148,15.631136748814729,3683.8663,0.0,Fallingfromchair,Fallingfromchair_p1_3_35sek_20260204_154248.csv
0.975249413743632,0.015138172884047186,1.0285912696499033,0.9475230867899737,0.08106818285992967,47.5668,5.122028697895071,1.140941259259629,8.13938572620809,3.053276928154405,5.086108798053685,1375.5445,0.0,Fallingfromchair,Fallingfromchair_p1_3_35sek_20260204_154248.csv
0.97154335544775,0.01095018802034197,1.0032447358446492,0.9518403227432635,0.05140441310138577,47.2007,5.079350484643874,1.2220502403530682,7.356887929009113,2.641779703154674,4.715108225854438,1363.167,0.0,Fallingfromchair,Fallingfromchair_p1_3_35sek_20260204_154248.csv
0.9714039041446848,0.008947409410954813,1.0000499987500624,0.9470480452437459,0.053001953506316535,47.1852,4.410328615343107,1.1960127229059103,7.167551883314134,2.2594247055390007,4.908127177775134,1042.6418,0.0,Fallingfromchair,Fallingfromchair_p1_3_35sek_20260204_154248.csv
0.9706284414181157,0.004565700679361195,0.982344135219425,0.9575489543621256,0.02479518085729937,47.107,4.808107082721998,0.41188006115136283,5.6473268012396804,3.5202840794458616,2.127042721793819,1164.2072999999998,0.0,Fallingfromchair,Fallingfromchair_p1_3_35sek_20260204_154248.csv
0.9709885802815692,0.004648563831587602,0.9839207285142436,0.9590620417887469,0.024858686725496737,47.141999999999996,4.758496422821525,0.3388633370831376,5.9297639076104875,4.157439115609512,1.7723247920009753,1137.791,0.0,Fallingfromchair,Fallingfromchair_p1_3_35sek_20260204_154248.csv
0.9695030865251131,0.005511140690773477,0.9860020283954795,0.9609890738192605,0.025012954576218993,46.99830000000001,4.8204312021759845,0.38062653114626543,5.525558795271299,3.9949217764557043,1.5306370188155944,1168.9268000000002,0.0,Fallingfromchair,Fallingfromchair_p1_3_35sek_20260204_154248.csv
0.9710646130037003,0.004685776564693223,0.9785703858180054,0.9609890738192605,0.01758131199874491,47.1494,4.942104075555375,0.43783710788345714,5.714052852398199,4.1927795076774546,1.5212733447207443,1230.613,0.0,Fallingfromchair,Fallingfromchair_p1_3_35sek_20260204_154248.csv
0.9684009263993815,0.05917498910460506,1.084158659975559,0.7736278174936575,0.31053084248190155,47.061600000000006,28.596713930402693,37.630632257032204,150.93699513373122,2.8851516424617962,148.0518434912694,110275.76210000002,0.0,Fallingfromchair,Fallingfromchair_p1_3_35sek_20260204_154248.csv
0.9435354079641877,0.058089778491204454,1.0793979803575695,0.8349251463454672,0.2444728340121023,44.6783,34.64929076781015,16.610403283255767,61.73453166583513,7.890563984912612,53.84396768092252,73548.03689999999,0.0,Fallingfromchair,Fallingfromchair_p1_3_35sek_20260204_154248.csv
0.9575730318132122,0.4356438921404017,2.5397834553363006,0.425205832509386,2.1145776228269146,55.14679999999999,43.10874819612493,42.946929126433645,163.26843020008494,2.793564031841762,160.47486616824318,183295.7059,0.0,Fallingfromchair,Fallingfromchair_p1_3_35sek_20260204_154248.csv
0.9668527354296361,0.061923158374648866,1.1095945205344158,0.7003570517957252,0.4092374687386906,46.9281,21.50638265599835,23.94366745674857,83.28274130934933,4.573532551540439,78.7092087578089,51217.88610000001,0.0,Fallingfromchair,Fallingfromchair_p1_3_35sek_20260204_154248.csv
0.9677332175888205,0.02356968771036063,1.02230132544177,0.9007774419910837,0.12152388345068643,46.8526,10.584007314349513,8.833766916121531,42.878725494118875,2.1978853473281994,40.68084014679067,9424.797,0.0,Fallingfromchair,Fallingfromchair_p1_3_35sek_20260204_154248.csv
0.9644191982501553,0.02514468431931538,1.0429285689825551,0.8882004278314664,0.1547281411510888,46.5362,14.348844377347824,14.075603624083044,45.39693932414387,1.7939899665271264,43.602949357616744,20002.475,0.0,Fallingfromchair,Fallingfromchair_p1_3_35sek_20260204_154248.csv
0.9613937616370052,0.02687907701299532,1.0619322012256716,0.905869747811461,0.15606245341421054,46.2493,15.915434705868533,9.865589037889519,40.38289117931008,1.8474035834110532,38.53548759589903,17434.2156,0.0,Fallingfromchair,Fallingfromchair_p1_3_35sek_20260204_154248.csv
0.965777833918752,0.006322579491944895,0.979438614717635,0.9567131231461183,0.02272549157151671,46.638299999999994,4.342915558337822,2.17284034302402,17.00915341808639,1.804826861502233,15.204326556584158,1174.3863000000001,0.0,Fallingfromchair,Fallingfromchair_p1_3_35sek_20260204_154248.csv
0.9673690316610736,0.008639998530601607,0.9936297097007516,0.9438749917229505,0.049754717977801066,46.793800000000005,7.902425793573715,3.900571462195601,23.99041058423136,2.7985889301574822,21.191821654073877,3867.9251000000004,0.0,Fallingfromchair,Fallingfromchair_p1_3_35sek_20260204_154248.csv
0.968912338515407,0.014245667891630577,1.0084641788382966,0.9437160589923221,0.0647481198459745,46.94949999999999,15.309931433851975,4.3046829614648425,27.5728743514346,10.272808768783735,17.300065582650866,12627.684500000001,0.0,Fallingfromchair,Fallingfromchair_p1_3_35sek_20260204_154248.csv
0.958192387920464,0.028055115785062392,1.0222035022440492,0.9084602357836032,0.11374326646044597,45.94520000000001,25.09429971008309,13.991523529408937,54.560561763970135,8.577039116151914,45.98352264781822,41078.5677,0.0,Fallingfromchair,Fallingfromchair_p1_3_35sek_20260204_154248.csv
0.9510310102771807,0.016365950586715906,0.9822932352408826,0.9144397191723466,0.06785351606853607,21.7132,29.193518775501925,4.593706829934994,37.7000610079082,21.34434117043672,16.355719837471476,20939.6262,0.0,Fallingfromchair,Fallingfromchair_p1_3_35sek_20260204_154248.csv
0.9329939949876572,0.0047600931404362026,0.9466255859631092,0.9215747392371385,0.025050846725970688,43.52499999999999,5.0757967570872005,0.6302423252315927,5.708108268069203,3.6231202022566134,2.084988065812589,1307.6487000000004,0.0,Fallingfromchair,Fallingfromchair_p4_1_35sek_20260204_152131.csv
0.9366833170373687,0.022139713690982527,0.9942333730065592,0.8857764955111419,0.10845687749541733,43.8928,8.985502676189851,3.6615650796950057,16.684813454156448,3.2791157344625694,13.405697719693878,4693.908799999999,0.0,Fallingfromchair,Fallingfromchair_p4_1_35sek_20260204_152131.csv
0.9247256541694493,0.014086631413339852,0.9703607576566562,0.8999444427296609,0.0704163149269953,42.76559999999999,6.1580103358308005,2.1976431493856947,12.670394626845685,2.8873690446494713,9.783025582196213,2132.7066999999997,0.0,Fallingfromchair,Fallingfromchair_p4_1_35sek_20260204_152131.csv
0.9286685586013115,0.0050212065956042546,0.9385094565320052,0.9165696918401786,0.02193976469182668,43.122499999999995,4.7590325812542025,0.48848254262558805,5.540478318701373,3.674751692291603,1.8657266264097703,1144.1117000000002,0.0,Fallingfromchair,Fallingfromchair_p4_1_35sek_20260204_152131.csv
0.9306250528524219,0.02012742578678884,0.9679359482941007,0.8773254812211941,0.09061046707290654,43.32299999999999,6.222781347846089,2.3289110832254223,12.721552578203653,2.8959627069422007,9.825589871261453,2201.9178999999995,0.0,Fallingfromchair,Fallingfromchair_p4_1_35sek_20260204_152131.csv
0.9298100233150218,0.018275682039218116,0.9805100713404223,0.8877499647986475,0.0927601065417748,43.243700000000004,7.703260266430859,1.9401165722465443,12.909275734912475,4.063213014352066,8.846062720560408,3151.4494999999997,0.0,Fallingfromchair,Fallingfromchair_p4_1_35sek_20260204_152131.csv
0.9322728079239387,0.01516614131755862,0.9661262857411551,0.9038252043398657,0.062301081401289427,43.4679,6.887345208571019,2.315438420594497,11.56064012068536,2.0119890655766497,9.54865105510871,2634.4777,0.0,Fallingfromchair,Fallingfromchair_p4_1_35sek_20260204_152131.csv
0.9331253169170618,0.009429812063018888,0.9576533819707421,0.907909687138539,0.04974369483220309,43.540499999999994,5.029701057925467,1.6056409705884025,8.277058656310224,1.8275666882497066,6.449491968060517,1391.2207,0.0,Fallingfromchair,Fallingfromchair_p4_1_35sek_20260204_152131.csv
0.9314243782838056,0.006278204818345867,0.9445104552094699,0.9172785836374902,0.027231871571979704,43.37949999999999,5.373468746092967,1.1850004885739427,8.035633142447457,2.4959366979152335,5.539696444532224,1512.5154,0.0,Fallingfromchair,Fallingfromchair_p4_1_35sek_20260204_152131.csv
0.9331350956068113,0.004833276117476734,0.9418067742376883,0.9221713506718803,0.019635423565808052,43.538199999999996,4.64827978684963,0.5729987562450132,6.27418520606461,3.7370175273873145,2.5371676786772954,1096.4133000000002,0.0,Fallingfromchair,Fallingfromchair_p4_1_35sek_20260204_152131.csv
0.9330825511360886,0.004623891523916173,0.940850678907126,0.9237965143904798,0.01705416451664621,43.5332,4.445091206723385,0.373232110183303,5.1992884128503585,3.4587570021613256,1.7405314106890328,994.7676,0.0,Fallingfromchair,Fallingfromchair_p4_1_35sek_20260204_152131.csv
0.9331138505516045,0.00558258121469409,0.9502105029939418,0.9237965143904798,0.026413988603462002,43.53659999999999,4.732614990217302,0.608778766131288,5.92466032781627,3.561249780624774,2.3634105471914966,1138.0422,0.0,Fallingfromchair,Fallingfromchair_p4_1_35sek_20260204_152131.csv
0.9338257914681749,0.008168580225153337,0.9532051195833979,0.9108786966440701,0.04232642293932787,43.604800000000004,5.906416330206644,2.514640018516117,13.961067294444218,3.4842215773397647,10.476845717104453,2054.1349999999998,0.0,Fallingfromchair,Fallingfromchair_p4_1_35sek_20260204_152131.csv
0.9321097856847765,0.007238462366304803,0.9438749917229505,0.9098351499035415,0.034039841819409,43.443999999999996,4.201748319303666,0.5834215240486751,5.590778121156303,3.280609699430885,2.310168421725418,899.4130999999999,0.0,Fallingfromchair,Fallingfromchair_p4_1_35sek_20260204_152131.csv
0.9315373900924666,0.0055412055451395745,0.9420191080864548,0.9202716990106781,0.02174740907577677,43.389599999999994,4.8164888831147525,0.5516347124239284,5.901626894340238,3.720725735659644,2.1809011586805935,1174.8390000000002,0.0,Fallingfromchair,Fallingfromchair_p4_1_35sek_20260204_152131.csv
0.9310097883710469,0.008003440414468694,0.957601169589929,0.9154780172128656,0.04212315237706343,43.34209999999999,4.73755532267487,1.3512230153982137,7.317321914471168,2.18929212303886,5.128029791432308,1211.6859,0.0,Fallingfromchair,Fallingfromchair_p4_1_35sek_20260204_152131.csv
0.9316939154512149,0.008598048614886023,0.9513674369033239,0.9137833441248532,0.037584092778470746,43.4063,4.318551907227755,0.6117334224833356,5.519429318326307,3.1706466217476836,2.3487826965786236,950.8312,0.0,Fallingfromchair,Fallingfromchair_p4_1_35sek_20260204_152131.csv
0.932019119854038,0.024668417934107026,0.994836670011716,0.8675252157718529,0.12731145423986312,43.462799999999994,8.440129542582552,3.7752366197534934,19.53489953903014,2.639355982053198,16.89554355697694,4260.157500000001,0.0,Fallingfromchair,Fallingfromchair_p4_1_35sek_20260204_152131.csv
0.8632272235480833,0.1283758851308528,0.9774456506629922,0.4665833258915282,0.510862324771464,38.065599999999996,16.48102940647344,9.152544404953781,39.075713685101135,3.008870219866586,36.06684346523455,17685.9009,0.0,Fallingfromchair,Fallingfromchair_p4_1_35sek_20260204_152131.csv
1.025883153891594,0.3058173300328227,2.12419396477817,0.5030904491242106,1.6211035156539593,57.20450000000001,61.198446926865735,33.37138890866646,135.61317487618967,12.78446713789824,122.82870773829143,241831.32559999998,0.0,Fallingfromchair,Fallingfromchair_p4_1_35sek_20260204_152131.csv
0.9258726494577099,0.03989574405925242,1.0807867504739312,0.8364209466530593,0.24436580382087192,42.940000000000005,27.29783819276653,14.738912747593023,54.68583088881433,3.843201790174437,50.84262909863989,47903.140400000004,0.0,Fallingfromchair,Fallingfromchair_p4_1_35sek_20260204_152131.csv
0.9393509226480227,0.02203531766970164,0.9817331613019904,0.881873006730561,0.09986015457142938,44.1428,30.60777896982159,23.606136320330513,81.44010559914568,6.399796871776479,75.04030872736921,74147.04060000001,0.0,Fallingfromchair,Fallingfromchair_p4_1_35sek_20260204_152131.csv
0.9400471002861479,0.019098275475228944,0.9922701245124737,0.8922443611477744,0.10002576336469926,44.2023,10.436045598928606,8.500268318519085,36.624540952754614,1.2984221193433203,35.32611883341129,8986.0259,0.0,Fallingfromchair,Fallingfromchair_p4_1_35sek_20260204_152131.csv
0.9364988742627438,0.00879810419130207,0.9537819457297354,0.9171150418568,0.036666903872935364,43.8553,5.7296747651816915,2.4228026200991537,12.377277568189218,2.00723690679501,10.370040661394208,1929.0873000000001,0.0,Fallingfromchair,Fallingfromchair_p4_1_35sek_20260204_152131.csv
0.935677566365152,0.0217004608477994,0.9976472322419383,0.8644651525654462,0.1331820796764921,43.7977,10.171376815815416,9.486818442121047,50.31341570595262,3.710283008073643,46.603132697878976,9582.8318,0.0,Fallingfromchair,Fallingfromchair_p4_1_35sek_20260204_152131.csv
0.9347231228770612,0.00993260755344573,0.9525754563287887,0.9103845341392833,0.042190922189505375,43.6902,7.049872572405442,4.773761054445893,20.307779297599232,0.18,20.127779297599233,3601.6861,0.0,Fallingfromchair,Fallingfromchair_p4_1_35sek_20260204_152131.csv
0.9443258225997593,0.019606870185137407,0.9856977224281286,0.8896066546513689,0.09609106777675969,44.60640000000001,21.828524864259737,10.16614229858585,44.249700563958626,8.283169683158736,35.966530880799894,28888.396900000003,0.0,Fallingfromchair,Fallingfromchair_p4_1_35sek_20260204_152131.csv
0.9234770101613538,0.03220171917465735,1.024255827418131,0.8646386528486915,0.15961717456943958,42.691300000000005,21.701670786973278,9.689452031316016,41.092629509438794,5.48457837941988,35.608051130018914,28148.514300000003,0.0,Fallingfromchair,Fallingfromchair_p4_1_35sek_20260204_152131.csv
0.9209600224878473,0.10666865049848248,1.4355835050598764,0.6661080993352355,0.7694754057246409,42.965900000000005,28.318729890544365,15.471116913705355,80.19294607382872,10.227692799453845,69.96525327437487,51825.9406,0.0,Fallingfromchair,Fallingfromchair_p4_1_35sek_20260204_152131.csv
0.9321941497955437,0.039461516864254406,1.037014946854673,0.8426743143112884,0.19434063254338463,43.5256,12.547118092493237,8.638941236445826,33.73713236183538,2.722517217576411,31.01461514425897,11528.4426,0.0,Fallingfromchair,Fallingfromchair_p4_1_35sek_20260204_152131.csv
0.9269673392826793,0.030963307830827264,0.9953893710503442,0.8622064717919948,0.13318289925834936,43.0104,5.585908418921418,2.3589627466807044,12.491481097131755,1.549483785007123,10.941997312124633,1832.7891999999997,0.0,Fallingfromchair,Fallingfromchair_p4_1_35sek_20260204_152131.csv
0.9264673903684786,0.018299508854263978,1.022154587134451,0.8949860334105779,0.12716855372387315,42.9335,4.185764900418224,2.0835262981612206,8.346598109409605,1.3399626860476377,7.006635423361967,1088.7444000000003,0.0,Fallingfromchair,Fallingfromchair_p4_1_35sek_20260204_152131.csv
0.9235975741894994,0.01765661555130925,0.9625487000666512,0.8716650732936361,0.09088362677301509,42.66689999999999,4.878701109778544,2.374456217327606,11.607514807227256,1.1463856244737196,10.461129182753536,1466.3502999999998,0.0,Fallingfromchair,Fallingfromchair_p4_1_35sek_20260204_152131.csv
0.9219413628658528,0.00958971797663136,0.9440868604106298,0.8972179222463181,0.0468689381643117,42.503299999999996,4.870042406505605,1.671131523920826,7.883558841031124,2.455626193051377,5.4279326479797465,1322.707,0.0,Fallingfromchair,Fallingfromchair_p4_1_35sek_20260204_152131.csv
0.924358093605418,0.02364954126830246,0.9907572861200667,0.8832893070789435,0.10746797904112326,42.74929999999999,6.0883967909577,3.0077597799243563,13.937646860212809,2.033174857212237,11.90447200300057,2296.7130999999995,0.0,Fallingfromchair,Fallingfromchair_p4_1_35sek_20260204_152131.csv
0.925038995334125,0.08164668227029992,1.2632497773599645,0.6765352910233139,0.5867144863366506,43.1115,13.91272923233047,20.570583199590693,107.36743873260644,1.0959470790143109,106.27149165359214,30412.497500000005,0.0,Fallingfromchair,Fallingfromchair_p4_1_35sek_20260204_152131.csv
0.9225329105984555,0.008980072197682787,0.9483670175622938,0.9049309365912959,0.04343608097099794,42.5573,5.29231024515803,1.5190989102013193,9.01322361866164,3.0551104726343365,5.958113146027303,1513.5028000000002,0.0,Fallingfromchair,Fallingfromchair_p4_1_35sek_20260204_152131.csv
0.921376553135208,0.009858557490774234,0.9447751055145346,0.8984987479123162,0.046276357602218376,42.45149999999999,4.502160091991376,1.1177329945119363,7.5745362894371295,1.8803723035611857,5.694163985875944,1074.6893000000002,0.0,Fallingfromchair,Fallingfromchair_p4_1_35sek_20260204_152131.csv
0.9200412851836783,0.007736995770099981,0.9391485505499116,0.9077444574328174,0.031404093117094245,20.3168,4.452683740366925,1.3677700067044778,7.422573677640391,2.4124054385612714,5.010168239079119,518.8617,0.0,Fallingfromchair,Fallingfromchair_p4_1_35sek_20260204_152131.csv
0.9481759331584297,0.03823130167408882,1.0132620588969075,0.8298192574289899,0.18344280146791758,45.0235,18.57720666996439,10.942217360140571,39.68463934572166,3.462917844823928,36.221721500897736,23122.5043,0.0,Fallingfromchair,Fallingfromchair_p4_2_35sek_20260204_152255.csv
0.9511302559042835,0.03480611463187977,1.0410571550111933,0.8615103017375938,0.17954685327359954,45.29180000000001,25.454522134659474,14.380210356389469,55.51430266156642,5.6910280266398265,49.82327463492659,42529.3669,0.0,Fallingfromchair,Fallingfromchair_p4_2_35sek_20260204_152255.csv
0.927070510343222,0.06427197354703416,1.1089183919477574,0.7642643521714197,0.3446540397763377,43.1754,42.22741353057018,19.945772160019423,77.2299404376308,7.191446307941122,70.03849412968968,108651.5802,0.0,Fallingfromchair,Fallingfromchair_p4_2_35sek_20260204_152255.csv
0.916798977769117,0.029095801673126944,1.0195096860746347,0.8649277426467485,0.15458194342788611,42.067499999999995,10.565220813005702,17.75489536324063,119.10404065353954,1.923122460999299,117.18091819254025,21027.773699999998,0.0,Fallingfromchair,Fallingfromchair_p4_2_35sek_20260204_152255.csv
0.9579618770143035,0.157230631938007,1.6315943123215402,0.7273238618387272,0.904270450482813,47.0959,32.26412681386011,30.052844799621823,102.15308756958842,1.4024264686606567,100.75066110092777,96304.1945,0.0,Fallingfromchair,Fallingfromchair_p4_2_35sek_20260204_152255.csv
0.9081235208235008,0.007261228260122551,0.9239588735436226,0.8886506625215558,0.03530821102206683,41.237000000000016,4.0704762351826735,1.1475027094419514,7.138389174036394,2.012684774126341,5.125704399910053,892.9602,0.0,Fallingfromchair,Fallingfromchair_p4_2_35sek_20260204_152255.csv
0.9090309857641711,0.006598308427256136,0.9194563611178074,0.895823643358446,0.023632717759361377,41.318999999999996,4.725655568202288,0.672858242885603,6.361147695188345,3.64516117613474,2.715986519053605,1138.7752,0.0,Fallingfromchair,Fallingfromchair_p4_2_35sek_20260204_152255.csv
0.9060146988359885,0.0496864196648881,1.0517128885774862,0.7864477096412704,0.2652651789362158,41.1641,10.137459894385476,8.21195860761547,35.81261509580109,3.248784388044242,32.56383070775685,8442.7816,0.0,Fallingfromchair,Fallingfromchair_p4_2_35sek_20260204_152255.csv
0.9160182507284347,0.08524014296008464,1.1152578177264663,0.7762087348130012,0.339049082913465,42.3105,9.48784944955568,9.323227676547475,68.32902823837027,1.4333178293735134,66.89571040899676,8760.170500000002,0.0,Fallingfromchair,Fallingfromchair_p4_2_35sek_20260204_152255.csv
0.9146872466768784,0.06856577928121457,1.067988763985839,0.7917701686727026,0.2762185953131364,42.063,7.965318808856877,3.8631767980155107,17.33001442584512,0.8235289915965315,16.50648543424859,3903.5978000000005,0.0,Fallingfromchair,Fallingfromchair_p4_2_35sek_20260204_152255.csv
0.9081259960799895,0.06180264213795334,1.07060730429042,0.7946068210127573,0.2760004832776628,41.421800000000005,8.360545334182454,5.486842863361816,21.1591351430062,0.41484937025383084,20.74428577275237,4970.1027,0.0,Fallingfromchair,Fallingfromchair_p4_2_35sek_20260204_152255.csv
0.9131596765066718,0.012912784450919762,0.9410632284814873,0.8866791979064357,0.05438403057505159,41.7012,5.61205827596438,1.459430244985799,8.128579211645784,2.0740781084616846,6.0545011031841,1679.1268,0.0,Fallingfromchair,Fallingfromchair_p4_2_35sek_20260204_152255.csv
0.9101848665264052,0.05550793973645194,1.0601886624558856,0.7167984374982971,0.34339022495758853,41.572799999999994,8.174655869855924,6.656841762767123,36.738424027168065,2.149604614807105,34.58881941236096,5512.6134999999995,0.0,Fallingfromchair,Fallingfromchair_p4_2_35sek_20260204_152255.csv
0.9121651610527113,0.012318849074976962,0.9394679345246435,0.8705170877128146,0.06895084681182895,41.6097,7.430523645721402,3.9336928112189744,16.77681137761285,1.2106609764917675,15.566150401121083,3518.8571,0.0,Fallingfromchair,Fallingfromchair_p4_2_35sek_20260204_152255.csv
0.9055997981494699,0.024681762076967095,0.965090669315583,0.8394045508573323,0.12568611845825062,41.0354,7.695008014001427,4.592151652598495,16.046027545782163,0.7676587783644502,15.278368767417714,3993.9623999999994,0.0,Fallingfromchair,Fallingfromchair_p4_2_35sek_20260204_152255.csv
0.9143590630600907,0.024692058540600297,0.9613012014972206,0.867928568489366,0.0933726330078547,41.83249999999999,6.075880434152334,2.6335242449732834,14.24816128488164,2.1067985190805505,12.14136276580109,2185.6531999999997,0.0,Fallingfromchair,Fallingfromchair_p4_2_35sek_20260204_152255.csv
0.9063148051148211,0.015762071165696796,0.9354143466934853,0.8544588931013591,0.08095545359212619,41.0825,4.499659329415905,1.5526888853515695,7.625778648767613,2.4080282390370757,5.217750409730538,1130.4779999999998,0.0,Fallingfromchair,Fallingfromchair_p4_2_35sek_20260204_152255.csv
0.9125098334694777,0.04179400188273064,1.0263040485158381,0.8164557550780078,0.2098482934378303,41.7193,7.445879337871243,3.6610226191907946,17.590784519173667,0.9426558226627575,16.64812869651091,3428.8072,0.0,Fallingfromchair,Fallingfromchair_p4_2_35sek_20260204_152255.csv
0.9107332634797379,0.022966763730918435,0.9613012014972206,0.8631338250816034,0.09816737641561724,41.4976,7.287428645440668,3.4152888152306513,15.421517435064553,0.8865100112237876,14.535007423840765,3226.8765,0.0,Fallingfromchair,Fallingfromchair_p4_2_35sek_20260204_152255.csv
0.9107473619450396,0.016389478648155154,0.9401063769595438,0.8315046602394962,0.10860171672004759,41.4862,4.872173089354827,2.2466722301123054,14.311062154850703,2.097164752707808,12.213897402142894,1434.2327999999998,0.0,Fallingfromchair,Fallingfromchair_p4_2_35sek_20260204_152255.csv
0.923560845690454,0.09202575231596771,1.1580587204455566,0.6588626564011654,0.4991960640443912,43.06320000000001,43.511413164667445,38.95412438426122,100.33644253211293,3.894175137304433,96.4422673948085,169015.92030000003,0.0,Fallingfromchair,Fallingfromchair_p4_2_35sek_20260204_152255.csv
0.947992971375314,0.10050548884900996,1.1826242006656214,0.7598684096605148,0.4227557910051065,45.4295,29.54391556159313,15.764882029289135,68.07879185179478,4.785666097838419,63.29312575395636,55820.1911,0.0,Fallingfromchair,Fallingfromchair_p4_2_35sek_20260204_152255.csv
0.8520982012731768,0.2520784122155625,1.5846766231632243,0.2565151067676132,1.328161516395611,39.4172,43.748732345195286,40.083541996283465,233.52073269840514,10.415056408872685,223.10567628953245,174425.4057,0.0,Fallingfromchair,Fallingfromchair_p4_2_35sek_20260204_152255.csv
1.0153640825603516,0.37635439747172034,2.874038969812344,0.35440090293338705,2.5196380668789566,58.48870000000001,66.3692463735826,85.69604293845121,334.1159352679845,10.338210676901491,323.77772459108303,580090.6202,0.0,Fallingfromchair,Fallingfromchair_p4_2_35sek_20260204_152255.csv
0.9192518226076564,0.027922754829111045,1.0058826969383656,0.8508818954473059,0.15500080149105977,42.2894,12.610509778408634,6.380714815744188,25.381414460191138,3.6421284985568536,21.739285961634284,9946.2104,0.0,Fallingfromchair,Fallingfromchair_p4_2_35sek_20260204_152255.csv
0.9283952501822718,0.07698568273331999,1.2428193754524428,0.7190966555338719,0.5237227199185709,43.3863,15.465112600923849,6.716222383364212,42.01642535961383,8.001087426094031,34.015337933519795,14168.7599,0.0,Fallingfromchair,Fallingfromchair_p4_2_35sek_20260204_152255.csv
0.9143760914723107,0.008827331386598785,0.9353608929178086,0.8982761268117949,0.037084766106013634,41.808,4.507405219676539,1.4827560472119374,7.876299892716123,2.129483505453846,5.746816387262276,1123.5647999999999,0.0,Fallingfromchair,Fallingfromchair_p4_2_35sek_20260204_152255.csv
0.9133609131687755,0.014492865785418436,0.9502105029939418,0.8824964589164084,0.06771404407753345,41.7217,7.207317919060581,3.0798506479804444,16.405444218307533,2.0048940121612415,14.400550206146292,3062.0601,0.0,Fallingfromchair,Fallingfromchair_p4_2_35sek_20260204_152255.csv
0.9138465354478733,0.008950524435597084,0.9375499986667378,0.8989994438263018,0.03855055484043601,41.75970000000001,7.887933765498916,3.763960803421845,15.481052935766352,2.5653654710391653,12.915687464727187,3805.1776000000004,0.0,Fallingfromchair,Fallingfromchair_p4_2_35sek_20260204_152255.csv
0.9119528331115417,0.007000741930998624,0.9299462350050136,0.8991106717195609,0.030835563285452672,41.585300000000004,4.118486661155189,1.323678247900941,6.691905558209858,1.7243549518588104,4.967550606351048,933.9507,0.0,Fallingfromchair,Fallingfromchair_p4_2_35sek_20260204_152255.csv
0.9703226588390816,0.04485734467032573,1.1010449582101542,0.926390846241477,0.1746541119686772,47.1749,10.426588432411709,8.075141349688396,35.74929090205846,4.684154139223003,31.065136762835458,8630.8748,0.0,Fallingfromchair,Fallingfromchair_p4_3_35sek_20260204_152408.csv
0.9493361603586792,0.05978579651334142,1.050047617967871,0.7416872656315464,0.30836035233632464,45.2371,22.439481054065674,17.076497813537248,56.73332001566628,2.438708674688307,54.29461134097797,39465.24760000001,0.0,Fallingfromchair,Fallingfromchair_p4_3_35sek_20260204_152408.csv
0.9750892868667852,0.026895159977753994,1.0435037134576954,0.9150409826887537,0.12846273076894177,47.5754,14.470463723385683,13.292270027341997,41.25584807030393,1.5713051899615174,39.684542880342406,19127.2537,0.0,Fallingfromchair,Fallingfromchair_p4_3_35sek_20260204_152408.csv
0.9685955571029727,0.01163416679975513,0.9962429422585637,0.9486832980505138,0.04755964420804992,46.9155,5.65390444702708,2.4881237304129993,10.81936689460155,1.7839843048636947,9.035382589737855,1901.6790000000003,0.0,Fallingfromchair,Fallingfromchair_p4_3_35sek_20260204_152408.csv
0.969927566708136,0.015068393046875973,1.0070749723828907,0.940744386111339,0.06633058627155164,47.0491,6.139797726056169,2.0456264653724383,12.699708658075586,2.6362473328578258,10.06346132521776,2089.9006,0.0,Fallingfromchair,Fallingfromchair_p4_3_35sek_20260204_152408.csv
0.9712313447323843,0.017545131580250676,1.0171037311896953,0.9381364506296512,0.0789672805600441,47.1796,5.570768830532511,2.7322142169518306,12.93037895809709,1.5791770008456938,11.351201957251398,1917.4579999999999,0.0,Fallingfromchair,Fallingfromchair_p4_3_35sek_20260204_152408.csv
0.970034794738551,0.012636883033135019,1.0100495037373167,0.944351629426243,0.06569787431107377,47.056200000000004,5.169517482403503,1.9203175224065916,11.059353507325822,2.561971896801368,8.497381610524453,1516.8888999999997,0.0,Fallingfromchair,Fallingfromchair_p4_3_35sek_20260204_152408.csv
0.9700335574245803,0.008742195949193909,0.9867117106835207,0.9486832980505138,0.038028412633006936,47.05199999999999,5.010582203213042,1.4386721431778176,8.33265263886597,2.307834482799839,6.0248181560661305,1356.7158,0.0,Fallingfromchair,Fallingfromchair_p4_3_35sek_20260204_152408.csv
0.969491960338521,0.008531982984312693,0.9932774033471213,0.9511046209539727,0.04217278239314859,46.9993,4.787380082215083,0.786678595529055,6.560998399634006,2.0858091954922435,4.475189204141763,1176.2747,0.0,Fallingfromchair,Fallingfromchair_p4_3_35sek_20260204_152408.csv
0.9731301838664667,0.0241095553928677,1.039759587597056,0.9087353850269065,0.13102420257014946,47.3776,8.8711486354916,7.130051083697668,24.53243363386519,1.908507270093567,22.623926363771623,6425.9077,0.0,Fallingfromchair,Fallingfromchair_p4_3_35sek_20260204_152408.csv
0.9703269675260792,0.010953337560655753,0.9949371839468059,0.9438220171197533,0.05111516682705253,47.0826,4.576644142161274,1.3442828283029944,7.537698587765367,1.4183793568717784,6.119319230893589,1135.8312999999998,0.0,Fallingfromchair,Fallingfromchair_p4_3_35sek_20260204_152408.csv
0.9661752276259038,0.029021974820515994,1.0186265262597474,0.90515192095029,0.11347460530945741,46.716,15.313568894359166,7.031490807592701,27.1356241866665,2.137030650224746,24.998593536441756,14147.9209,0.0,Fallingfromchair,Fallingfromchair_p4_3_35sek_20260204_152408.csv
0.938987804288974,0.03548358914403218,1.017152889196113,0.8331266410336428,0.18402624816247026,44.1466,22.591219140016168,5.521647728765266,36.92115518236123,13.463762475623225,23.457392706738005,27012.1002,0.0,Fallingfromchair,Fallingfromchair_p4_3_35sek_20260204_152408.csv
0.9424824625357135,0.1618855977150798,1.333641631023867,0.5304714883949938,0.8031701426288732,45.697799999999994,39.35127942003307,21.32377838227572,116.30974206832374,16.83839956765488,99.47134250066887,99706.6323,0.0,Fallingfromchair,Fallingfromchair_p4_3_35sek_20260204_152408.csv
0.9614490541196138,0.13076586153643938,1.4498620624045586,0.8173126696681019,0.6325493927364567,47.057100000000005,34.395391469358444,12.453951248646243,60.861509182733876,9.915770267609068,50.94573891512481,66752.0919,0.0,Fallingfromchair,Fallingfromchair_p4_3_35sek_20260204_152408.csv
0.9260059556026348,0.04226942481191504,1.042401074443038,0.8132650244538984,0.22913604998913972,42.96189999999999,14.423698142589826,7.835127852221943,28.68857960931492,2.5042963083469174,26.184283300968005,13410.2256,0.0,Fallingfromchair,Fallingfromchair_p4_3_35sek_20260204_152408.csv
0.9224839936988763,0.058477986171767825,1.051617801294748,0.7910752176626443,0.2605425836321036,42.7164,14.790706788622435,11.131659423619983,48.152925144792604,1.218605760695394,46.93431938409721,17010.028599999998,0.0,Fallingfromchair,Fallingfromchair_p4_3_35sek_20260204_152408.csv
0.941892667830606,0.04917899716532938,1.0395191195932858,0.7761443164772902,0.2633748031159956,44.4766,53.37269979670651,10.437465014515224,70.4338519463475,28.44376381564156,41.99008813070594,147770.3473,0.0,Fallingfromchair,Fallingfromchair_p4_3_35sek_20260204_152408.csv
1.0332315607425502,0.572627796880948,2.9161790068512596,0.1661324772583615,2.750046529592898,69.4456,84.91176113654814,68.47713196932746,246.16019905744307,19.155516176809225,227.00468288063385,590267.1215,0.0,Fallingfromchair,Fallingfromchair_p4_3_35sek_20260204_152408.csv
0.9402474048617567,0.08230615848912251,1.298961123359741,0.7602631123499285,0.5386980110098124,44.5352,27.726756786580037,17.824272378252086,86.17631519158846,9.286985517378609,76.88932967420985,54006.18170000001,0.0,Fallingfromchair,Fallingfromchair_p4_3_35sek_20260204_152408.csv
0.9225826739096893,0.04628229486540481,1.0279105019407089,0.8302409288875128,0.1976695730531961,42.6629,24.002360380836304,8.579202317021537,49.6247206541256,8.714246955417318,40.91047369870829,32412.1981,0.0,Fallingfromchair,Fallingfromchair_p4_3_35sek_20260204_152408.csv
0.9133594934174175,0.09384331157208159,1.3315780112332884,0.5475399528801529,0.7840380583531356,42.1428,16.112665036602905,36.90255269388189,199.73580249920144,1.6317475294910055,198.10405496971043,79709.02010000001,0.0,Fallingfromchair,Fallingfromchair_p4_3_35sek_20260204_152408.csv
0.9086228819802004,0.07134608338430752,1.0558882516630252,0.7612489737267303,0.29463927793629496,41.529199999999996,9.213446945216875,10.456318731561012,53.82588410792711,1.8622566955175648,51.963627412409544,9601.7757,0.0,Fallingfromchair,Fallingfromchair_p4_3_35sek_20260204_152408.csv
0.9100305611929673,0.06339363335390534,1.0477117924314874,0.7153320907103218,0.3323797017211656,41.6047,6.823027459499167,4.251850291934178,24.317395008511912,2.3779192585115245,21.939475750000387,3213.5185,0.0,Fallingfromchair,Fallingfromchair_p4_3_35sek_20260204_152408.csv
0.9083935322782248,0.06459600129067153,1.0689246933250256,0.7941662294507366,0.27475846387428904,41.46340000000001,7.831920901813349,5.098570526732017,23.20805679069232,1.7053152201279387,21.502741570564382,4340.724900000001,0.0,Fallingfromchair,Fallingfromchair_p4_3_35sek_20260204_152408.csv
0.9070712718153447,0.05225240788605479,1.0072735477515529,0.8151686941977101,0.19210485355384277,41.27269999999999,5.592644806736726,2.0768751216919097,11.356892180521923,2.4849144854501533,8.87197769507177,1775.2409,0.0,Fallingfromchair,Fallingfromchair_p4_3_35sek_20260204_152408.csv
0.907956564210931,0.041142826218756555,0.9960923651951158,0.8135723692456621,0.18251999594945367,41.3022,8.05385563989688,6.361250465225195,24.161496228503733,1.8033579788827285,22.358138249621003,5226.039400000001,0.0,Fallingfromchair,Fallingfromchair_p4_3_35sek_20260204_152408.csv
0.9068299278849037,0.06456670251557604,1.0439827584783188,0.7770456872024964,0.26693707127582234,41.3213,5.550861396821652,2.5764236708882815,14.347079842253613,1.820412041269778,12.526667800983835,1865.8631000000003,0.0,Fallingfromchair,Fallingfromchair_p4_3_35sek_20260204_152408.csv
0.9049552519532315,0.09437444932875433,1.0249390225764652,0.7965550828411052,0.22838393973535998,9.9253,5.795539570581138,2.27176449303456,10.502923402557975,1.8644570255170807,8.638466377040896,459.82939999999996,0.0,Fallingfromchair,Fallingfromchair_p4_3_35sek_20260204_152408.csv
0.9274807813013313,0.014048034094141413,0.9638983348880732,0.8860586888011425,0.07783964608693072,43.0207,5.414600076365522,1.0785052075331034,8.781491900582726,3.859365232781163,4.922126667801562,1522.8901999999998,0.0,Sittingtostanding,Sittingtostanding_Ahmed_1_20sek_20260202_102903.csv
0.9264049791952946,0.006045281695779081,0.9434511116109833,0.9118113840043893,0.03163972760659395,42.9131,4.377976301787111,0.3223217763994225,5.0005899651941075,3.442034282223232,1.5585556829708755,963.4245,0.0,Sittingtostanding,Sittingtostanding_Ahmed_1_20sek_20260202_102903.csv
0.9275898106473267,0.004419712713048751,0.9378166132032424,0.9154780172128657,0.022338595990376686,43.02209999999999,4.741348862026051,0.30045708132551946,5.636239881339332,4.081641826520303,1.5545980548190288,1128.4429000000002,0.0,Sittingtostanding,Sittingtostanding_Ahmed_1_20sek_20260202_102903.csv
0.9261602358502078,0.0044282868442418735,0.9341306118525396,0.9154780172128657,0.018652594639673947,42.889599999999994,4.591845881405167,0.40471128714335647,5.35795670008633,3.525634694633011,1.8323220054533191,1062.2781999999997,0.0,Sittingtostanding,Sittingtostanding_Ahmed_1_20sek_20260202_102903.csv
0.9267512756022954,0.005158030149047007,0.9378166132032424,0.9154780172128657,0.022338595990376686,42.94469999999999,4.619328612092964,0.2597235058462692,5.076406209120779,3.647793853824528,1.4286123552962509,1070.2151999999999,0.0,Sittingtostanding,Sittingtostanding_Ahmed_1_20sek_20260202_102903.csv
0.9273267917015502,0.004167585376060643,0.9378166132032424,0.9155326318597279,0.022283981343514503,42.99759999999999,5.274622861775503,0.4593092262757564,6.573499828858292,4.233780816244507,2.3397190126137852,1401.4195999999997,0.0,Sittingtostanding,Sittingtostanding_Ahmed_1_20sek_20260202_102903.csv
0.9259291470972042,0.004652688036281022,0.9434511116109833,0.9192932067626737,0.024157904848309597,42.8683,4.304068124299888,0.2858920543142933,4.953200985221577,3.555235575879607,1.3979654093419702,930.2551,0.0,Sittingtostanding,Sittingtostanding_Ahmed_1_20sek_20260202_102903.csv
0.9284479785403694,0.01533141180919397,0.9958413528268446,0.8956003573022957,0.1002409955245489,43.1123,7.883882369923042,5.40842452985331,27.072489726657945,2.867856342287737,24.204633384370208,4541.0818,0.0,Sittingtostanding,Sittingtostanding_Ahmed_1_20sek_20260202_102903.csv
1.0051547867080708,0.1035091179945679,1.2500399993600204,0.910439454329611,0.3396005450304094,51.0418,49.24318013914096,18.979388653411824,82.0721225508394,6.443151402846281,75.62897114799311,138895.182,0.0,Sittingtostanding,Sittingtostanding_Ahmed_1_20sek_20260202_102903.csv
0.9317474569158871,0.011722842292088401,0.9633794683301071,0.9047651629014017,0.05861430542870538,43.4144,16.487784096427898,14.32829011223555,44.778947062207706,2.2546396607883934,42.524307401419314,23652.0462,0.0,Sittingtostanding,Sittingtostanding_Ahmed_1_20sek_20260202_102903.csv
0.9677506528909164,0.015736148077959783,0.9976973488989535,0.9304837451562494,0.06721360374270402,46.8392,10.2652378320048,2.205436754462959,13.571300600900416,4.8885171575847,8.682783443315717,5507.089,0.0,Sittingtostanding,Sittingtostanding_Ahmed_1_20sek_20260202_102903.csv
0.9688371316152421,0.005942960468717343,0.9814275317108238,0.9557196241576292,0.02570790755319452,46.934,6.094094960562904,2.7497381344043945,12.426238368870926,3.0937679292409768,9.33247043962995,2227.3915999999995,0.0,Sittingtostanding,Sittingtostanding_Ahmed_1_20sek_20260202_102903.csv
0.9684253923192103,0.005912587004426653,0.9810708435174292,0.9496841580230767,0.03138668549435253,46.8941,5.040608562329896,0.5117709561889026,6.326539338374495,3.9943710393502503,2.3321682990242447,1283.2202999999997,0.0,Sittingtostanding,Sittingtostanding_Ahmed_1_20sek_20260202_102903.csv
0.9687120379024965,0.005438676946710018,0.9810708435174292,0.9594790253048786,0.02159181821255063,46.921600000000005,4.7329653017157325,0.5168383601922676,5.967997989275801,3.963130076088848,2.004867913186953,1133.137,0.0,Sittingtostanding,Sittingtostanding_Ahmed_1_20sek_20260202_102903.csv
0.9692697799718409,0.0062346655425822885,0.9853425800197615,0.9598437372822725,0.025498842737489036,46.97609999999999,5.0506674547146195,0.5776485248415119,6.89734006701134,4.260387306337301,2.6369527606740393,1291.8123,0.0,Sittingtostanding,Sittingtostanding_Ahmed_1_20sek_20260202_102903.csv
0.9680320665312192,0.005142675323875782,0.9810708435174292,0.9575489543621255,0.023521889155303732,46.855599999999995,4.458643188587406,0.3604063988185012,5.182296788104672,3.771657460586791,1.410639327517881,1000.3397,0.0,Sittingtostanding,Sittingtostanding_Ahmed_1_20sek_20260202_102903.csv
0.9682346163819338,0.005866511647281833,0.979438614717635,0.959218431849597,0.02022018286803806,46.8756,5.113898387456835,0.4832471826690075,6.001583124476408,3.8618648345067697,2.1397182899696383,1319.0406999999998,0.0,Sittingtostanding,Sittingtostanding_Ahmed_1_20sek_20260202_102903.csv
0.9694270156155649,0.005647953819416258,0.9829038610159184,0.9594790253048786,0.023424835711039815,46.991,5.127475114390287,0.5882549004178574,6.380368327925904,3.974393035420629,2.405975292505275,1331.5062000000003,0.0,Sittingtostanding,Sittingtostanding_Ahmed_1_20sek_20260202_102903.csv
0.970592618526237,0.005529961285476049,0.9823950325607311,0.9604686356149273,0.021926396945803783,47.104,13.989789684626173,5.3765272704340905,24.06648083954112,6.397038377249273,17.669442462291848,11202.155999999999,0.0,Sittingtostanding,Sittingtostanding_Ahmed_1_20sek_20260202_102903.csv
0.9708963736209778,0.0065645685960342755,0.9851395840184273,0.9604686356149273,0.024670948403499926,47.1341,4.171353892369104,1.5199673414245,8.672537114362786,1.7757533612526262,6.89678375311016,983.2144000000001,0.0,Sittingtostanding,Sittingtostanding_Ahmed_1_20sek_20260202_102903.csv
0.924550128029669,0.0056298004751930515,0.9364293886887574,0.9129074432821763,0.023521945406581035,42.74119999999999,4.715322206732797,0.340744213559114,5.673244221783511,3.7536648758246915,1.9195793459588195,1117.4024000000002,0.0,Sittingtostanding,Sittingtostanding_Ahmed_2_20sek_20260202_102953.csv
0.9252453941254661,0.004398590870197642,0.9312894286955049,0.917877987534291,0.013411441161213955,42.80489999999999,4.652460627966321,0.33625807815684416,5.244606753608892,3.6469576361674396,1.5976491174414522,1087.8099,0.0,Sittingtostanding,Sittingtostanding_Ahmed_2_20sek_20260202_102953.csv
0.9256122562464785,0.005340553963391882,0.9402659198333203,0.9179324593890337,0.022333460444286635,42.83929999999998,4.58768714897821,0.3543528494861563,5.084348532506402,3.4516228067388828,1.6327257257675192,1058.4964,0.0,Sittingtostanding,Sittingtostanding_Ahmed_2_20sek_20260202_102953.csv
0.9238395441284009,0.005392427100012796,0.9352539762011172,0.9087904048789247,0.02646357132219246,42.67539999999999,4.835852073926919,0.39287885536974887,5.836548637679634,3.960921609928679,1.875627027750955,1176.8366,0.0,Sittingtostanding,Sittingtostanding_Ahmed_2_20sek_20260202_102953.csv
0.9251595720645728,0.004924555019429333,0.9312894286955049,0.9179324593890337,0.013356969306471234,42.79719999999999,4.744273442431794,0.3869154622589734,5.825967730772288,3.869612383689095,1.9563553470831931,1132.742,0.0,Sittingtostanding,Sittingtostanding_Ahmed_2_20sek_20260202_102953.csv
0.92391224551169,0.005166867912681838,0.9312894286955049,0.908955444452587,0.02233398424291788,42.68199999999999,4.6892736940082225,0.27568878986942724,5.2416505034197005,4.041311668258215,1.2003388351614852,1103.1885999999997,0.0,Sittingtostanding,Sittingtostanding_Ahmed_2_20sek_20260202_102953.csv
0.9250688381284705,0.0053112052940065225,0.9354143466934853,0.9179324593890337,0.01748188730445166,42.788999999999994,4.723198840839076,0.37982636996774327,5.287305551980139,3.732412088716893,1.5548934632632458,1122.4995,0.0,Sittingtostanding,Sittingtostanding_Ahmed_2_20sek_20260202_102953.csv
0.9250541058238108,0.005040782506267397,0.9354143466934853,0.9179324593890337,0.01748188730445166,42.787499999999994,4.6797665868937495,0.2947304063744787,5.3722341721112645,3.7619675703014774,1.610266601809787,1099.2672,0.0,Sittingtostanding,Sittingtostanding_Ahmed_2_20sek_20260202_102953.csv
0.9765684304016145,0.11143818979974388,1.309427355755179,0.8874119674649423,0.42201538829023666,48.29279999999999,34.54271728335194,27.70557865216766,87.46668908790363,5.258174588200737,82.2085144997029,97272.32119999999,0.0,Sittingtostanding,Sittingtostanding_Ahmed_2_20sek_20260202_102953.csv
0.9503276802091243,0.04516749133858473,1.0624499988234741,0.8712060605849801,0.19124393823849406,45.256099999999996,29.004924815685058,21.175303396049653,67.82935057922936,3.4711525463453774,64.35819803288398,64035.56339999999,0.0,Sittingtostanding,Sittingtostanding_Ahmed_2_20sek_20260202_102953.csv
0.919938545221886,0.00505813297811566,0.9298386956886662,0.9078546139112804,0.021984081777385756,42.3156,4.030776934589654,0.3943598579098112,4.990280553235459,3.2739883933819924,1.7162921598534662,819.9785999999999,0.0,Sittingtostanding,Sittingtostanding_Ahmed_3_20sek_20260202_103024.csv
0.9180165340511093,0.005499833836842491,0.9324162160752032,0.9044888059008801,0.027927410174323097,42.1392,4.634075997553672,0.4894808254326851,5.376104537674095,3.690392933008625,1.68571160466547,1085.4729999999997,0.0,Sittingtostanding,Sittingtostanding_Ahmed_3_20sek_20260202_103024.csv
0.9183561117229718,0.005537632024024207,0.9324162160752032,0.9047651629014017,0.027651053173801454,42.1704,4.837635218940473,0.31035774036891467,5.358245981662282,4.111082582483597,1.2471633991786852,1174.8555,0.0,Sittingtostanding,Sittingtostanding_Ahmed_3_20sek_20260202_103024.csv
0.9180045894449766,0.006024927636125601,0.9301075206662938,0.9047651629014017,0.02534235776489202,42.1384,4.648434074495231,0.29657682191569024,5.087445331401606,3.688305844151214,1.3991394872503924,1084.7069,0.0,Sittingtostanding,Sittingtostanding_Ahmed_3_20sek_20260202_103024.csv
0.9174061398967049,0.0047352865382567135,0.9269843580125827,0.9044888059008801,0.02249555211170262,42.082800000000006,4.6084234695552295,0.31047876994124884,5.121367005009502,3.9650725087947634,1.156294496214739,1066.6018,0.0,Sittingtostanding,Sittingtostanding_Ahmed_3_20sek_20260202_103024.csv
0.9175911712198291,0.005573488577244347,0.9327915093953204,0.9047651629014017,0.028026346493918664,42.1002,4.846026625085118,0.4180761928484735,5.669409140289665,3.7242583154233544,1.9451508248663107,1182.7633,0.0,Sittingtostanding,Sittingtostanding_Ahmed_3_20sek_20260202_103024.csv
0.9171467074091798,0.005142568295501863,0.9324162160752032,0.9078546139112804,0.02456160216392278,42.059200000000004,4.7063837933402715,0.3872161103391212,5.38721634984154,3.532293872259215,1.854922477582325,1114.8492999999999,0.0,Sittingtostanding,Sittingtostanding_Ahmed_3_20sek_20260202_103024.csv
0.9172802864475001,0.004149759618337241,0.9269843580125827,0.9047651629014017,0.022219195111180978,42.071,4.654528661188763,0.24546694813118966,5.067800311772357,3.866729884540683,1.2010704272316746,1086.1843,0.0,Sittingtostanding,Sittingtostanding_Ahmed_3_20sek_20260202_103024.csv
0.919092190183164,0.00666593107194276,0.943610088966836,0.9026073343375844,0.041002754629251514,42.2387,6.414222849909309,2.0952714576703104,15.219796319267877,4.721916983598928,10.497879335668948,2272.2307,0.0,Sittingtostanding,Sittingtostanding_Ahmed_3_20sek_20260202_103024.csv
0.9945454118669196,0.10144700617692175,1.2413702106946178,0.8860022573334676,0.35536795336115024,48.960899999999995,46.19874722564319,15.063636806530663,70.32515979363289,15.608033188073378,54.717126605559514,115473.7194,0.0,Sittingtostanding,Sittingtostanding_Ahmed_3_20sek_20260202_103024.csv
0.9171294345293769,0.0051110444462692155,0.9270382947861432,0.9071934744033381,0.019844820382805106,42.057599999999994,4.626870908087049,0.16793341701014625,5.029363776860846,4.2922488278290665,0.7371149490317794,1071.7785999999999,0.0,Sittingtostanding,Sittingtostanding_Chrysi_1_20sek_20260202_103906.csv
0.9167044255584241,0.005050374970871881,0.9293546147730692,0.9071934744033381,0.022161140369731158,42.0186,4.628258084260658,0.20662769801655595,5.219731793876003,4.263378941637725,0.956352852238278,1073.1307,0.0,Sittingtostanding,Sittingtostanding_Chrysi_1_20sek_20260202_103906.csv
0.9174839779647234,0.005453904988125914,0.9293546147730692,0.9071934744033381,0.022161140369731158,42.0903,4.745688688858914,0.3691480379398739,5.288648220481298,3.902832304878087,1.3858159156032115,1132.7552999999998,0.0,Sittingtostanding,Sittingtostanding_Chrysi_1_20sek_20260202_103906.csv
0.9175256696960655,0.004807036592600387,0.9293546147730692,0.9046546302318913,0.024699984541177944,42.093799999999995,4.647198872685609,0.5430287677101683,5.736139816984938,3.7816927426748994,1.9544470743100386,1094.2720000000002,0.0,Sittingtostanding,Sittingtostanding_Chrysi_1_20sek_20260202_103906.csv
0.9173300525061816,0.004904680085465279,0.9270382947861432,0.9046546302318913,0.022383664554251892,42.075900000000004,4.795235937359677,0.37502694468402076,5.345437306713081,3.8682424949839946,1.4771948117290865,1156.6059999999998,0.0,Sittingtostanding,Sittingtostanding_Chrysi_1_20sek_20260202_103906.csv
0.9170614265220065,0.005564096404481584,0.9293546147730692,0.9071934744033381,0.022161140369731158,42.05159999999999,4.642778810846405,0.2968867604426994,5.254759747124505,4.042882634952442,1.211877112172063,1082.0887,0.0,Sittingtostanding,Sittingtostanding_Chrysi_1_20sek_20260202_103906.csv
0.9175481357966437,0.005478948217990652,0.9293546147730692,0.9071934744033381,0.022161140369731158,42.0962,5.334356764561022,0.5698656379251265,6.712622438361926,4.468747027971039,2.2438754103908867,1438.6807,0.0,Sittingtostanding,Sittingtostanding_Chrysi_1_20sek_20260202_103906.csv
0.9170620755154126,0.005263432898878942,0.929623579735368,0.9018869108707588,0.027736668864609237,42.0515,4.541605010561779,0.9289097889242698,6.588550675224408,2.603401620956705,3.9851490542677026,1073.5896,0.0,Sittingtostanding,Sittingtostanding_Chrysi_1_20sek_20260202_103906.csv
0.9160385821958156,0.005830595646386082,0.9270382947861432,0.900499861188218,0.026538433597925182,41.958,4.096407538038802,1.3770951689649535,9.233780374256256,2.8688848007544676,6.364895573501788,931.9509,0.0,Sittingtostanding,Sittingtostanding_Chrysi_1_20sek_20260202_103906.csv
0.9936844980202652,0.15255349812447414,1.3519245541079576,0.8538149682454623,0.4981095858624953,50.51079999999999,74.6595153238654,32.38569717066639,111.46437547485743,11.419058630202404,100.04531684465503,330094.99710000004,0.0,Sittingtostanding,Sittingtostanding_Chrysi_1_20sek_20260202_103906.csv
0.9558174002779019,0.13131632367401394,1.235273249123448,0.6307931515164064,0.6044800976070416,46.5243,39.973205091480004,17.965336882465834,92.36735408140693,17.69065855190247,74.67669552950446,95707.76939999999,0.0,Sittingtostanding,Sittingtostanding_Chrysi_1_20sek_20260202_103906.csv
0.9588444073414137,0.0386692214011164,1.1087380213558116,0.7877816956492453,0.3209563257065663,46.04240000000001,14.452220116413953,8.748010252291884,30.836360031625006,6.5542276432849045,24.282132388340102,14193.1898,0.0,Sittingtostanding,Sittingtostanding_Chrysi_1_20sek_20260202_103906.csv
0.9561864957246163,0.007380710786396054,0.973139250056229,0.936055553906925,0.03708369614930407,45.7173,6.972076374568056,3.832824533590842,15.32502854809739,2.5098406323908296,12.81518791570656,3150.3290999999995,0.0,Sittingtostanding,Sittingtostanding_Chrysi_1_20sek_20260202_103906.csv
0.9594189431556746,0.004661119473192353,0.9687620966986683,0.9485778829384544,0.020184213760213954,46.0253,4.626110467375405,0.724010897172269,6.479459854031044,3.5649824684000904,2.914477385630954,1095.7303,0.0,Sittingtostanding,Sittingtostanding_Chrysi_1_20sek_20260202_103906.csv
0.957189815326337,0.003997120843015291,0.9655568341635825,0.9537295214053091,0.011827312758273423,45.8114,4.538852710157912,0.5047974694826539,5.522915896516984,3.3433217015417465,2.179594194975237,1042.5454,0.0,Sittingtostanding,Sittingtostanding_Chrysi_1_20sek_20260202_103906.csv
0.957797547489537,0.004722722216101933,0.966385016440135,0.952732911156112,0.013652105284022942,45.8699,4.833266095033918,0.32034237837545887,5.7132127564094795,4.265313587533747,1.4478991688757326,1173.0514,0.0,Sittingtostanding,Sittingtostanding_Chrysi_1_20sek_20260202_103906.csv
0.9561321630268731,0.004199954512985527,0.9655568341635825,0.952102935611481,0.01345389855210155,45.7103,4.321866807632861,0.410638250205673,5.282556199417096,3.617982863419892,1.6645733359972037,942.1892,0.0,Sittingtostanding,Sittingtostanding_Chrysi_1_20sek_20260202_103906.csv
0.9577055283689541,0.00516275234522281,0.9652978814852957,0.9438749917229505,0.021422889762345187,45.8613,5.563951174509848,1.642447566233704,9.66464691543359,3.7041868203426245,5.960460095090966,1680.0616999999997,0.0,Sittingtostanding,Sittingtostanding_Chrysi_1_20sek_20260202_103906.csv
0.9580863731847886,0.006445154619523784,0.9646761114488115,0.9428679653058535,0.021808146142958007,36.718799999999995,4.961731870233757,0.9046273338991937,6.503114638386748,3.763482429877945,2.739632208508803,1016.6669999999999,0.0,Sittingtostanding,Sittingtostanding_Chrysi_1_20sek_20260202_103906.csv
0.9235608344016025,0.003962214312873185,0.9323089616645331,0.9099999999999999,0.022308961664533222,42.648999999999994,4.47921253819568,0.24029539149574247,4.892627106166993,3.9025760722886624,0.9900510338783302,1005.9966,0.0,Sittingtostanding,Sittingtostanding_Chrysi_2_20sek_20260202_103939.csv
0.9242226738658954,0.0029362464194206818,0.9280624978954811,0.9137286249209882,0.014333872974492956,42.709799999999994,4.975316720990105,0.6725518915085341,6.118896959420056,3.725560360536385,2.393336598883671,1259.8528,0.0,Sittingtostanding,Sittingtostanding_Chrysi_2_20sek_20260202_103939.csv
0.9243097851363764,0.004451679475041502,0.9366429415737888,0.9143303560529968,0.02231258552079196,42.71839999999999,4.332719366921173,0.2654162835580003,4.878872820642079,3.7500266665718525,1.1288461540702266,942.0747000000001,0.0,Sittingtostanding,Sittingtostanding_Chrysi_2_20sek_20260202_103939.csv
0.9224100843812666,0.004476267548766647,0.9315578350268973,0.9143303560529968,0.017227478973900423,42.54299999999999,4.612849803797122,0.3219562139212451,5.066468197867229,3.6446261811055467,1.421842016761682,1068.9983,0.0,Sittingtostanding,Sittingtostanding_Chrysi_2_20sek_20260202_103939.csv
0.923279239124485,0.00548156481007106,0.9366429415737888,0.9137286249209882,0.022914316652800637,42.62369999999999,4.713980256474014,0.18343141289850665,5.156597715548499,4.303080292069856,0.8535174234786433,1112.7292,0.0,Sittingtostanding,Sittingtostanding_Chrysi_2_20sek_20260202_103939.csv
0.9242814896975149,0.005319180017963776,0.932148056909416,0.9143303560529968,0.017817700856419205,42.716199999999986,4.6401260461101455,0.18303082212339045,5.084142012178653,4.217368847990414,0.8667731641882384,1078.18,0.0,Sittingtostanding,Sittingtostanding_Chrysi_2_20sek_20260202_103939.csv
0.9236412277919797,0.004832112282037942,0.9328451104015071,0.9143303560529968,0.018514754348510243,42.65679999999999,4.708471071545341,0.4052061309907896,5.669506151332759,4.1265239609143185,1.5429821904184404,1116.5304,0.0,Sittingtostanding,Sittingtostanding_Chrysi_2_20sek_20260202_103939.csv
0.9235696795137318,0.015287953203953155,0.9590620417887469,0.8929725639682329,0.066089477820514,42.660500000000006,12.93391977476374,8.964764999138069,27.552714929748753,2.1336353952819587,25.419079534466793,12302.2976,0.0,Sittingtostanding,Sittingtostanding_Chrysi_2_20sek_20260202_103939.csv
0.9913082457744938,0.10966536232267045,1.2609916732476865,0.8969392398596462,0.3640524333880403,49.72389999999999,55.680639134957204,19.032077259696457,79.06568788039475,21.254103133277585,57.811584747117166,172765.457,0.0,Sittingtostanding,Sittingtostanding_Chrysi_2_20sek_20260202_103939.csv
0.9620671989263763,0.11492102323590912,1.1928537211242627,0.697853852894716,0.49499986822954667,46.9258,34.43499793887432,14.779704608551619,61.660393284506384,4.593745748297352,57.06664753620903,69991.9979,0.0,Sittingtostanding,Sittingtostanding_Chrysi_2_20sek_20260202_103939.csv
0.9659940658211239,0.015368427693475488,1.0365809182114052,0.9328451104015071,0.1037358078098981,46.668800000000005,8.793454488283258,2.363650359708481,14.00820830798857,2.875308679081256,11.132899628907314,4139.9974,0.0,Sittingtostanding,Sittingtostanding_Chrysi_2_20sek_20260202_103939.csv
0.9643304479830112,0.009834710130560104,0.9914635646356349,0.9447751055145346,0.04668845912110031,46.50139999999999,6.421381372190042,2.9247991860057554,11.89546552262668,1.4017489076150549,10.493716615011625,2480.8749999999995,0.0,Sittingtostanding,Sittingtostanding_Chrysi_2_20sek_20260202_103939.csv
0.9634977180044874,0.008580197903708186,0.9774456506629922,0.942019108086455,0.03542654257653721,46.42,4.556131748330322,1.4833523436337583,7.459932975570223,1.3572030061858837,6.102729969384339,1145.7332000000004,0.0,Sittingtostanding,Sittingtostanding_Chrysi_2_20sek_20260202_103939.csv
0.9614534881417657,0.006160285909024284,0.9761659694949419,0.9509994742374992,0.025166495257442745,46.22149999999999,5.5995676499688845,1.08973884412264,8.36666002655779,3.8101574770604953,4.556502549497295,1625.9469000000001,0.0,Sittingtostanding,Sittingtostanding_Chrysi_2_20sek_20260202_103939.csv
0.9595710312662158,0.005663700626520626,0.9726253132630263,0.942443632266673,0.03018168099635321,46.0404,5.663403606839565,2.083690208190943,10.644172114354408,3.1562952967046667,7.487876817649742,1816.4535000000003,0.0,Sittingtostanding,Sittingtostanding_Chrysi_2_20sek_20260202_103939.csv
0.9635912863962909,0.006046822503514218,0.9761659694949419,0.9516827202382104,0.02448324925673151,46.4272,7.446585598760362,3.0299516599388343,14.115700478545158,3.046276415560479,11.069424062984679,3222.4316000000003,0.0,Sittingtostanding,Sittingtostanding_Chrysi_2_20sek_20260202_103939.csv
0.9573613003188786,0.006950308446089148,0.9693812459502195,0.9369631796394137,0.03241806631080579,45.8294,7.829748103624614,2.588211231993064,12.111589491061856,3.952227220188637,8.15936227087322,3393.4907999999996,0.0,Sittingtostanding,Sittingtostanding_Chrysi_2_20sek_20260202_103939.csv
0.9625361037074,0.007576080765999185,0.9806630410084801,0.9447751055145346,0.03588793549394553,46.3266,6.498784189253007,2.3587384343216304,11.433092320103079,1.2701574705523722,10.162934849550707,2384.3285,0.0,Sittingtostanding,Sittingtostanding_Chrysi_2_20sek_20260202_103939.csv
0.9634109976247046,0.0134640892089717,0.9880283396745257,0.9345587193964862,0.05346962027803959,37.1335,7.540438802529375,3.270809147174498,15.739081930023746,2.9991665508937646,12.73991537912998,2691.5582000000004,0.0,Sittingtostanding,Sittingtostanding_Chrysi_2_20sek_20260202_103939.csv
0.954093618697147,0.008291055014196521,0.9802550688468792,0.9401063769595438,0.040148691887335386,45.518100000000004,5.949478442006843,2.1883901146677074,11.610654589643083,1.9585709075752147,9.652083682067868,2004.4781999999998,0.0,Sittingtostanding,Sittingtostanding_Chrysi_3_20sek_20260202_104033.csv
0.9481135353890278,0.00612155876832729,0.9606768447297978,0.9309672389509741,0.029709605778823645,44.947799999999994,4.532552240734845,1.6661069694600037,8.15630431016401,1.0922453936730518,7.064058916490959,1163.2212,0.0,Sittingtostanding,Sittingtostanding_Chrysi_3_20sek_20260202_104033.csv
0.9479813281025753,0.0064997306755482905,0.9626006440887104,0.9319871243745806,0.030613519714129733,44.935500000000005,4.87421260451968,1.4171203504626515,7.932754880872093,1.9030501832584448,6.0297046976136475,1286.3007,0.0,Sittingtostanding,Sittingtostanding_Chrysi_3_20sek_20260202_104033.csv
0.9504206250909842,0.010909432431726365,0.97205966895042,0.9210863151735564,0.05097335377686352,45.1708,8.227376809417425,2.494123058814573,14.788833625408056,3.842499186727305,10.94633443868075,3689.2983,0.0,Sittingtostanding,Sittingtostanding_Chrysi_3_20sek_20260202_104033.csv
0.9535610269956056,0.010270216254991724,0.9800510190801293,0.9315578350268973,0.048493184053232,45.4691,7.776843781614966,2.6040319593395673,13.110793263567235,3.8519215983713893,9.258871665195846,3356.2331000000004,0.0,Sittingtostanding,Sittingtostanding_Chrysi_3_20sek_20260202_104033.csv
0.9499541575377597,0.00953503618377781,0.9627564593395361,0.9200543462209175,0.0427021131186186,45.1251,15.413628848131097,14.730459271144182,45.58396538257724,2.2681710693860815,43.31579431319116,22511.3328,0.0,Sittingtostanding,Sittingtostanding_Chrysi_3_20sek_20260202_104033.csv
0.9954715662225734,0.14180455377671325,1.3336791218280355,0.7624303246854758,0.5712487971425597,50.533500000000004,39.90698854181842,13.996689824528323,61.183621991510115,4.528421358486862,56.655200633023256,89227.8457,0.0,Sittingtostanding,Sittingtostanding_Chrysi_3_20sek_20260202_104033.csv
0.950633022582373,0.04101836791026866,1.0248902380255165,0.8410112960002379,0.18387894202527855,45.2676,15.29662959006486,11.45146203945923,45.66438656108281,1.8755799103210717,43.788806650761735,18125.006999999998,0.0,Sittingtostanding,Sittingtostanding_Chrysi_3_20sek_20260202_104033.csv
0.9579108594174387,0.009410448499570548,0.9840731680114034,0.9419129471453294,0.04216022086607407,45.884,7.122011877437586,1.9493580360446363,10.379007659694638,3.051212873596334,7.327794786098304,2722.3525,0.0,Sittingtostanding,Sittingtostanding_Chrysi_3_20sek_20260202_104033.csv
0.9556762165422328,0.005890471897907602,0.9633794683301071,0.9405317644821997,0.022847703847907463,44.7542,6.083776535629834,0.776338765207571,7.759123661857696,4.854863540821719,2.9042601210359775,1842.5342,0.0,Sittingtostanding,Sittingtostanding_Chrysi_3_20sek_20260202_104033.csv
0.9999953092628365,0.014893549224191798,1.0348912986396204,0.9757561170702441,0.05913518156937625,50.0104,14.365723768815105,7.077383682829437,25.361857187516847,2.4071975407099435,22.954659646806903,12773.079600000001,0.0,Sittingtostanding,Sittingtostanding_p1_1_35sek_20260204_153540.csv
0.9934875842699624,0.005926411089538129,1.008860743611327,0.9847842403288144,0.02407650328251265,49.352599999999995,6.1034189762407065,3.333310054411633,15.26981335838785,2.5883392358807993,12.681474122507051,2407.023,0.0,Sittingtostanding,Sittingtostanding_p1_1_35sek_20260204_153540.csv
0.9931338905849691,0.007631525081137304,1.010247494428964,0.9761659694949419,0.03408152493402217,49.318599999999996,6.680664822291473,3.300498653140904,15.977800224060882,3.035144148141897,12.942656075918986,2765.3354000000004,0.0,Sittingtostanding,Sittingtostanding_p1_1_35sek_20260204_153540.csv
0.994221142244335,0.007165700214280247,1.0107917688624102,0.9747820269167872,0.03600974194562301,49.4263,4.881198359970563,1.8786845622154953,8.478307614140926,1.2887978895078933,7.189509724633032,1364.2482000000002,0.0,Sittingtostanding,Sittingtostanding_p1_1_35sek_20260204_153540.csv
0.9971009148029616,0.005511185203169837,1.0048880534666536,0.9819877799646999,0.022900273501953672,49.712,4.937362646862585,3.167127407231806,11.234504884506483,1.4012137595670404,9.833291124939443,1710.3815999999997,0.0,Sittingtostanding,Sittingtostanding_p1_1_35sek_20260204_153540.csv
0.9926756537825662,0.012081626603332613,1.0218121158021176,0.9555626614722866,0.06624945432983098,49.27740000000001,6.117403195437729,2.815630959201971,12.678663178742466,1.8409236811991962,10.83773949754327,2259.5922,0.0,Sittingtostanding,Sittingtostanding_p1_1_35sek_20260204_153540.csv
0.9920276487919877,0.006156466008611516,1.0085137579626766,0.9808669634563089,0.027646794506367756,49.20779999999999,5.258140311495493,2.8761014686171467,12.329695859995898,2.6410225292488514,9.688673330747047,1787.7279999999998,0.0,Sittingtostanding,Sittingtostanding_p1_1_35sek_20260204_153540.csv
0.9939863157244098,0.027538547243813383,1.0664895686315923,0.8969949832635631,0.1694945853680292,49.437599999999996,9.87944276904832,4.194899547956762,22.816498416715916,1.3029965464267355,21.51350187028918,5742.4314,0.0,Sittingtostanding,Sittingtostanding_p1_1_35sek_20260204_153540.csv
1.0105847888966728,0.03985156707885842,1.1325634640054392,0.9612491872558332,0.17131427674960598,51.1419,20.973572137727615,14.827350823130192,54.77494043812371,2.729029131394533,52.045911306729174,32767.202700000005,0.0,Sittingtostanding,Sittingtostanding_p1_1_35sek_20260204_153540.csv
1.0106190702621785,0.012821172795288572,1.0444615837837214,0.9828021163998376,0.06165946738388384,51.0756,5.494598451167896,1.4803770411977721,9.090225519754721,1.978610623644784,7.111614896109938,1616.9149,0.0,Sittingtostanding,Sittingtostanding_p1_1_35sek_20260204_153540.csv
1.0077197423922142,0.021874428108426908,1.064612605598863,0.9553009996854394,0.10931160591342359,50.7984,12.73979846354429,7.464175741382257,25.36835233120196,2.426211037811839,22.942141293390122,10845.1053,0.0,Sittingtostanding,Sittingtostanding_p1_1_35sek_20260204_153540.csv
0.9756428241161436,0.042941342890746394,1.0700467279516348,0.8532877591996736,0.2167589687519612,47.68429999999999,23.088321006189172,7.276130329130557,46.15479498383673,11.132501964967263,35.02229301886947,29247.689899999998,0.0,Sittingtostanding,Sittingtostanding_p1_1_35sek_20260204_153540.csv
0.9504574909756723,0.013192369788720444,0.9833107342035883,0.9222255689363639,0.061085165267224406,45.177,17.188188154894164,7.027546669775543,35.65586347292686,8.88146947300952,26.77439399991734,17191.6248,0.0,Sittingtostanding,Sittingtostanding_p1_1_35sek_20260204_153540.csv
0.9821996922186835,0.015641539589765666,1.0177426000713539,0.9381364506296512,0.07960614944170263,48.247800000000005,14.060675954035554,7.0624040333451985,30.103599452557162,2.4956161563830284,27.607983296174133,12329.1304,0.0,Sittingtostanding,Sittingtostanding_p1_1_35sek_20260204_153540.csv
0.9808730407860654,0.00990144594150007,1.0084641788382966,0.9633794683301072,0.04508471050818941,48.1104,6.5082101043213605,3.589699441401936,16.343497177776854,1.9230444612644815,14.420452716512372,2749.2511,0.0,Sittingtostanding,Sittingtostanding_p1_1_35sek_20260204_153540.csv
0.9826957490070781,0.006629008869341666,0.9951884243699782,0.9627045237246993,0.03248390064527895,48.2867,4.925510006583542,1.094547327477044,7.221419528042945,2.583176339315611,4.638243188727334,1271.7360999999999,0.0,Sittingtostanding,Sittingtostanding_p1_1_35sek_20260204_153540.csv
0.9798887426148358,0.011250945389572808,1.0045894683899488,0.9373366524360391,0.06725281595390964,48.0153,5.347339060478465,2.4859960785021027,10.414129824426043,1.1894536560959406,9.224676168330102,1732.5303999999996,0.0,Sittingtostanding,Sittingtostanding_p1_1_35sek_20260204_153540.csv
0.9819288486556569,0.013692548911358187,1.0246950765959597,0.9506839643120105,0.07401111228394919,48.2184,8.364428071917004,3.514406941829937,15.671381560028458,2.241628872048181,13.429752687980276,4103.3846,0.0,Sittingtostanding,Sittingtostanding_p1_1_35sek_20260204_153540.csv
0.9747654059015103,0.03091138515676862,1.0611785900591852,0.9049309365912959,0.15624765346788938,47.5552,7.955751592554183,4.678157953111107,23.586850150030635,0.7475961476626267,22.83925400236801,4237.072099999999,0.0,Sittingtostanding,Sittingtostanding_p1_1_35sek_20260204_153540.csv
1.0507733529312822,0.13061612539739526,1.4494136745594752,0.9343982020530648,0.5150154725064104,56.0422,31.531633034770042,16.732212735350302,65.60805514569076,3.1074587688334656,62.50059637685729,63430.57430000001,0.0,Sittingtostanding,Sittingtostanding_p1_1_35sek_20260204_153540.csv
0.9424816926333414,0.08977442849283923,1.1474319151914854,0.7640026177965623,0.38342929739492304,44.8085,36.57917369491074,6.167415510498093,50.655719321711345,18.06168596781596,32.594033353895384,68765.6111,0.0,Sittingtostanding,Sittingtostanding_p1_1_35sek_20260204_153540.csv
0.9543328361663963,0.03488812754321374,1.0966767983321248,0.9122499657440388,0.184426832588086,45.597199999999994,9.951986651931728,5.409522186430364,23.388426625149457,1.306636904422954,22.0817897207265,6385.985500000001,0.0,Sittingtostanding,Sittingtostanding_p1_1_35sek_20260204_153540.csv
0.9502911455597713,0.027640894553765217,1.0111874208078342,0.899166280506559,0.11202114030127519,45.190099999999994,17.752896829125117,14.571424375855115,61.57161358938062,1.1331813623599711,60.43843222702065,26162.261300000002,0.0,Sittingtostanding,Sittingtostanding_p1_1_35sek_20260204_153540.csv
0.9536043850108922,0.01239967445251193,0.9774968030638258,0.9328451104015072,0.04465169266231861,45.47559999999999,9.63680732013943,3.8803598447833694,19.759984817807933,4.717032965752943,15.04295185205499,5381.205199999999,0.0,Sittingtostanding,Sittingtostanding_p1_1_35sek_20260204_153540.csv
0.9486670058863408,0.02492666678448763,1.022399139279763,0.862902080192185,0.15949705908757794,45.0289,10.684620285823682,5.5602366844870295,25.162336934394627,1.8420097719610502,23.32032716243358,7222.9509,0.0,Sittingtostanding,Sittingtostanding_p1_1_35sek_20260204_153540.csv
0.9559100075246881,0.032982022223470166,1.0220078277586724,0.8670063436907482,0.15500148406792413,45.7415,31.057478450260046,13.563820134627372,62.66409977012356,11.48656171358514,51.177538056538424,57243.231999999996,0.0,Sittingtostanding,Sittingtostanding_p1_1_35sek_20260204_153540.csv
0.9690294794629061,0.05318304866357493,1.1536897329871667,0.8672369918309527,0.286452741156214,47.089499999999994,26.81486919850909,13.478194629711199,57.428217802749195,6.177523775753517,51.250694026995674,44853.285299999996,0.0,Sittingtostanding,Sittingtostanding_p1_1_35sek_20260204_153540.csv
0.9660427355760453,0.04795228326320092,1.124544352171136,0.8518215775618742,0.27272277460926186,46.77459999999999,9.668135853249368,7.678939069146693,34.78897957687175,1.4808443537387714,33.30813522313298,7562.981699999999,0.0,Sittingtostanding,Sittingtostanding_p1_1_35sek_20260204_153540.csv
0.9582136753783034,0.007038691755986711,0.9716480844420988,0.9409569596958196,0.03069112474627922,45.911100000000005,10.077734085115752,5.844325672044164,21.14745847613845,3.9024351371931862,17.245023338945263,6751.687199999999,0.0,Sittingtostanding,Sittingtostanding_p1_1_35sek_20260204_153540.csv
0.9581691654592227,0.013009037799391164,0.9918165152889923,0.9254728521139883,0.06634366317500395,45.912699999999994,7.570365218702072,3.21128502085525,16.765446609022973,2.2573878709694526,14.50805873805352,3370.8267,0.0,Sittingtostanding,Sittingtostanding_p1_1_35sek_20260204_153540.csv
1.01701823102175,0.352362171302034,1.9155155963865187,0.5107837115648853,1.4047318848216332,57.8001,74.89586492047235,43.0510027119514,145.43633830649065,9.017632727052039,136.4187055794386,371285.582,0.0,Sittingtostanding,Sittingtostanding_p1_2_35sek_20260204_153654.csv
1.0382336355473298,0.1387146462338049,1.4426018161641139,0.776273147803014,0.6663286683610998,54.839299999999994,22.65911699749363,14.269159511233864,66.41713860141823,4.989649286272533,61.4274893151457,35648.6159,0.0,Sittingtostanding,Sittingtostanding_p1_2_35sek_20260204_153654.csv
1.0042416502248235,0.006120220227704199,1.0164152694642088,0.9878258955909185,0.028589373873290302,50.426899999999996,4.892334933574171,4.030512563966985,15.7787863918617,0.788606365685695,14.990180026176006,1992.7535999999998,0.0,Sittingtostanding,Sittingtostanding_p1_2_35sek_20260204_153654.csv
1.0031201173545192,0.006853433420458135,1.0202940752547767,0.9911609354691093,0.02913313978566734,50.314800000000005,5.405486381901776,1.9901171576307681,9.591183451482928,2.824553061990516,6.766630389492413,1655.0319,0.0,Sittingtostanding,Sittingtostanding_p1_2_35sek_20260204_153654.csv
1.0022750404664114,0.009935673618763286,1.019460641712077,0.9737042672187485,0.04575637449332859,50.23259999999999,4.7267854063140184,2.1198564936644773,9.508317411613897,1.6943730403898665,7.81394437122403,1337.3208,0.0,Sittingtostanding,Sittingtostanding_p1_2_35sek_20260204_153654.csv
0.9899198840090357,0.042625843022810875,1.113822247937255,0.8792610533851708,0.23456119455208424,49.0861,11.66772171875366,6.673798133312717,25.6281037144772,0.5530822723609933,25.075021442116206,8989.226,0.0,Sittingtostanding,Sittingtostanding_p1_2_35sek_20260204_153654.csv
1.004715151227852,0.05342804519598246,1.1412712210513327,0.91498633869583,0.2262848823555027,50.612500000000004,8.809296771390269,4.9010290874357,19.40149736489429,1.8360010893242957,17.565496275569995,5057.169700000001,0.0,Sittingtostanding,Sittingtostanding_p1_2_35sek_20260204_153654.csv
0.9897829084283868,0.033712381650892194,1.0485704554296769,0.9011104260855048,0.14746002934417202,49.0392,8.458029378026795,4.481913886062205,20.75323589226509,2.4558908770545975,18.297345015210492,4561.203100000001,0.0,Sittingtostanding,Sittingtostanding_p1_2_35sek_20260204_153654.csv
0.996091561289301,0.023981317733769256,1.0772186407596185,0.9330058949438637,0.14421274581575483,49.638099999999994,9.437830834065338,4.0502631745641136,18.981246007572842,3.9961106090797838,14.985135398493059,5257.459499999999,0.0,Sittingtostanding,Sittingtostanding_p1_2_35sek_20260204_153654.csv
0.9959782181253033,0.007784667029559662,1.0161200716450787,0.9757561170702441,0.04036395457483455,49.6016,3.8870049687059534,0.7652533082389401,5.39126144793591,1.5613135495473036,3.829947898388606,784.1354,0.0,Sittingtostanding,Sittingtostanding_p1_2_35sek_20260204_153654.csv
0.99534248290536,0.0052820183790013115,1.006429331846007,0.9873702446397704,0.019059087206236502,49.5367,4.636674986284062,0.3468621315946429,5.258669033129961,3.672138341620588,1.586530691509373,1080.8331,0.0,Sittingtostanding,Sittingtostanding_p1_2_35sek_20260204_153654.csv
0.994454254581485,0.004816589612267112,1.0016985574512924,0.9836157786453001,0.018082778805992294,49.448100000000004,4.790426045256336,0.18598415811882216,5.158972765968047,4.347746542750624,0.8112262232174228,1149.1039999999998,0.0,Sittingtostanding,Sittingtostanding_p1_2_35sek_20260204_153654.csv
0.9952209405420949,0.005078918664865477,1.0055844071981228,0.9873702446397704,0.018214162558352398,49.5245,4.674885646080618,0.18487777559121263,5.06933920743128,4.276458815421937,0.7928803920093435,1094.4026000000003,0.0,Sittingtostanding,Sittingtostanding_p1_2_35sek_20260204_153654.csv
0.9950896268491063,0.00559104032765754,1.0104949282406122,0.9873702446397704,0.023124683600841744,49.511700000000005,4.787798366703109,0.13223664546222635,5.071883279414068,4.485365091048887,0.5865181883651802,1147.0074999999997,0.0,Sittingtostanding,Sittingtostanding_p1_2_35sek_20260204_153654.csv
0.9952440211317106,0.005281697468254264,1.006429331846007,0.9873702446397704,0.019059087206236502,49.52690000000001,4.893848973572701,0.18328694983831703,5.346625103745352,4.488485267882696,0.858139835862656,1199.134,0.0,Sittingtostanding,Sittingtostanding_p1_2_35sek_20260204_153654.csv
0.9972059137582143,0.01364138233034289,1.030582359639442,0.9676776322722356,0.06290472736720631,49.7301,7.750787534950839,3.2155287418786425,16.863184752590477,2.381869014030788,14.48131573855969,3510.3770000000004,0.0,Sittingtostanding,Sittingtostanding_p1_2_35sek_20260204_153654.csv
0.9934690884769356,0.016449373190912074,1.0526632889960588,0.9598437372822723,0.09281955171378642,49.362300000000005,7.1866831343457385,3.9020909526254943,16.212994788132143,2.145996272130965,14.066998516001178,3328.5100999999995,0.0,Sittingtostanding,Sittingtostanding_p1_2_35sek_20260204_153654.csv
0.9930884300634983,0.027652546733221244,1.076522178127325,0.9328451104015071,0.143677067725818,49.3487,14.006162680422024,6.736884231794806,30.054731740609498,4.6230076789899455,25.43172406161955,12032.5245,0.0,Sittingtostanding,Sittingtostanding_p1_2_35sek_20260204_153654.csv
0.9926619861145395,0.016726531629267877,1.023132444994293,0.9502631214563679,0.07286932353792497,49.2826,4.483213554233949,1.5653617392237207,7.924594626856316,1.0750348831549608,6.849559743701356,1125.0277,0.0,Sittingtostanding,Sittingtostanding_p1_2_35sek_20260204_153654.csv
1.1052533362281434,0.2750937924591351,2.018539075668341,0.8654478609367522,1.1530912147315888,64.7874,37.42130287680979,39.04623385902331,134.17957705999822,1.593988707613702,132.58558835238452,144723.506,0.0,Sittingtostanding,Sittingtostanding_p1_2_35sek_20260204_153654.csv
0.8960086383598376,0.16906863714440673,1.3896042602122376,0.6122091146005587,0.7773951456116789,41.5422,44.31779764268679,24.486031630337784,99.77151346952697,13.436260640520487,86.33525282900648,127582.0809,0.0,Sittingtostanding,Sittingtostanding_p1_2_35sek_20260204_153654.csv
0.9583775754814163,0.05345628401198067,1.0713076122197585,0.8469356528095862,0.2243719594101723,46.0644,19.10113787802036,7.1007885279904395,39.15581566000126,3.206867630570367,35.948948029430895,20713.312099999996,0.0,Sittingtostanding,Sittingtostanding_p1_2_35sek_20260204_153654.csv
0.9547017330816407,0.035378432997211044,1.057071426158138,0.8897190567814088,0.16735236937672915,45.634100000000004,11.078951749406095,6.213897700064669,25.420177025347407,1.9043634106966036,23.515813614650803,8029.1723,0.0,Sittingtostanding,Sittingtostanding_p1_2_35sek_20260204_153654.csv
0.9485161825332109,0.02323463882769556,1.0000499987500624,0.9008329478876758,0.09921705086238664,45.010600000000004,10.359610201723592,4.169884800976249,20.769768896162518,4.466911684822076,16.30285721134044,6218.0851999999995,0.0,Sittingtostanding,Sittingtostanding_p1_2_35sek_20260204_153654.csv
0.9611139983116669,0.024114570270856683,1.0012991560967182,0.8969949832635632,0.10430417283315496,46.2155,15.542167271664066,9.949905163101235,38.065392418836296,1.69723304233685,36.36815937649945,16928.978199999998,0.0,Sittingtostanding,Sittingtostanding_p1_2_35sek_20260204_153654.csv
0.9675300565481758,0.022937129597386533,1.0239628899525608,0.9181503144910425,0.10581257546151834,46.83149999999999,9.258225057486797,3.6661995538008285,16.94974631078589,3.4272729684108914,13.522473342375,4944.3465,0.0,Sittingtostanding,Sittingtostanding_p1_2_35sek_20260204_153654.csv
0.9592992203220457,0.01881721664759619,0.9949371839468057,0.9044888059008801,0.09044837804592565,46.030100000000004,9.273071184056272,4.066808759350232,19.61866967966992,2.9065959471519256,16.712073732517997,5109.9002,0.0,Sittingtostanding,Sittingtostanding_p1_2_35sek_20260204_153654.csv
0.9629526036609083,0.047383402573759094,1.104671896990233,0.8789766777338294,0.22569521925640357,46.4739,14.678547509425739,4.526272175833655,22.581782480574912,3.9969738553060363,18.584808625268877,11776.8577,0.0,Sittingtostanding,Sittingtostanding_p1_2_35sek_20260204_153654.csv
0.9620626005571112,0.03710922391095661,1.0409130607308181,0.878521485223896,0.16239157550692218,46.3457,10.689723085514125,4.723054221433243,22.84665621048297,2.48987951515731,20.35677669532566,6806.5638,0.0,Sittingtostanding,Sittingtostanding_p1_2_35sek_20260204_153654.csv
0.957489025664135,0.07217301867907706,1.1416654501210064,0.8362415918859812,0.30542385823502516,46.09450000000001,12.544082333995323,5.836507412264181,22.38922285386431,2.4392826814455106,19.9499401724188,9536.876199999999,0.0,Sittingtostanding,Sittingtostanding_p1_2_35sek_20260204_153654.csv
0.9237322077895479,0.014171266281020655,0.957183368012629,0.8980534505250787,0.059129917487550365,42.6739,6.682954054169619,3.1570793642383848,13.867562871680086,2.4491018761987013,11.418460995481384,2721.4841,0.0,Sittingtostanding,Sittingtostanding_p1_3_35sek_20260204_153830.csv
0.9332339604883524,0.004987227689279318,0.9451454914456292,0.9184770002564027,0.02666849118922654,43.54749999999999,4.267825144687812,0.45763872032116787,5.004138287457692,3.471973502203034,1.5321647852546576,920.9787999999999,0.0,Sittingtostanding,Sittingtostanding_p1_3_35sek_20260204_153830.csv
0.933860482822346,0.004802064056097565,0.9433981132056604,0.9215747392371385,0.021823373968521853,43.60589999999999,4.726609717975055,0.5500524779637435,6.5512899493153265,3.8444505459168026,2.706839403398524,1131.8673000000001,0.0,Sittingtostanding,Sittingtostanding_p1_3_35sek_20260204_153830.csv
0.9315352338571747,0.021431144670697927,1.0057832768544126,0.8422588675698226,0.16352440928459,43.410399999999996,7.389860230383522,6.815789874075268,32.76603424279478,1.996922632452244,30.769111610342538,5006.796300000001,0.0,Sittingtostanding,Sittingtostanding_p1_3_35sek_20260204_153830.csv
0.9334361660308274,0.01438976200925465,0.9684523736353792,0.9057041459549581,0.0627482276804211,43.57529999999999,7.617918776667408,4.926553366560595,20.07899648886866,0.7481310045707236,19.330865484297938,4090.9098000000004,0.0,Sittingtostanding,Sittingtostanding_p1_3_35sek_20260204_153830.csv
0.9299253339028395,0.011989509261820326,0.955928867646542,0.8956003573022958,0.06032851034424613,43.24509999999999,5.402822224645136,2.4605304739310725,12.312956590518786,0.6182232606429493,11.694733329875836,1756.1807000000001,0.0,Sittingtostanding,Sittingtostanding_p1_3_35sek_20260204_153830.csv
0.9346653097721983,0.024259622716088263,0.9932774033471214,0.8954886933959579,0.09778870995116351,43.70880000000001,7.1538648837159124,2.7386323909930392,13.963215961948022,2.843677196870278,11.119538765077744,2926.3944,0.0,Sittingtostanding,Sittingtostanding_p1_3_35sek_20260204_153830.csv
0.9310633779540798,0.010350304774090383,0.9550916186418976,0.9047651629014016,0.05032645574049599,43.349199999999996,4.547306366462548,1.3484597447432514,9.939119679327742,2.7284427793157033,7.210676900012039,1122.9986,0.0,Sittingtostanding,Sittingtostanding_p1_3_35sek_20260204_153830.csv
0.9311794419134033,0.009521562952810248,0.9568698971124548,0.9132907532653551,0.04357914384709971,43.359199999999994,5.111091619997816,1.0694898898435905,7.414371180349686,2.700611041968095,4.713760138381591,1362.2095000000002,0.0,Sittingtostanding,Sittingtostanding_p1_3_35sek_20260204_153830.csv
0.9302389349045852,0.006020711496264299,0.9458858282054976,0.9113725912051557,0.03451323700034192,43.269,4.420967736985249,0.8220161057409298,6.075302461606336,2.9095188605678435,3.1657836010384925,1010.3576,0.0,Sittingtostanding,Sittingtostanding_p1_3_35sek_20260204_153830.csv
0.931856632554136,0.004652886405642259,0.9421252570651102,0.9183681179135086,0.023757139151601603,43.4189,6.2656543685748565,1.4617529780840426,8.654160848978947,3.2999090896568655,5.354251759322081,2067.6205999999997,0.0,Sittingtostanding,Sittingtostanding_p1_3_35sek_20260204_153830.csv
0.9305782571390694,0.005723861620370859,0.9409569596958194,0.9140568910084317,0.0269000686873877,43.300399999999996,4.2406925860327656,0.933060790923018,7.9011707993182885,2.6376504696414953,5.263520329676793,941.8332,0.0,Sittingtostanding,Sittingtostanding_p1_3_35sek_20260204_153830.csv
0.9309537248209413,0.005264653216024622,0.9442986815621423,0.9188035698668132,0.02549511169532903,43.3351,4.354976803476943,0.3917165796245963,4.948181484141421,3.5504788409452606,1.3977026431961606,955.8097999999999,0.0,Sittingtostanding,Sittingtostanding_p1_3_35sek_20260204_153830.csv
0.9315372399073084,0.0049867851770587866,0.9385627309881849,0.9240129869217207,0.014549744066464143,43.38929999999999,4.683414436076576,0.35066877788767375,5.142382716212398,3.810538019755216,1.3318446964571824,1102.7439999999997,0.0,Sittingtostanding,Sittingtostanding_p1_3_35sek_20260204_153830.csv
0.931196040856285,0.004730868408428973,0.9385627309881849,0.9240129869217207,0.014549744066464143,43.3574,4.703541514427955,0.247009092728571,5.0378169875453,4.022809963197367,1.0150070243479332,1109.1548,0.0,Sittingtostanding,Sittingtostanding_p1_3_35sek_20260204_153830.csv
0.931418663612013,0.005078272566248983,0.9402659198333203,0.9205976319760985,0.019668287857221856,43.378299999999996,4.817307070306136,0.42497609822165827,6.3239465525888185,4.0061203177138855,2.317826234874933,1169.172,0.0,Sittingtostanding,Sittingtostanding_p1_3_35sek_20260204_153830.csv
0.9307736099668164,0.006887358231494244,0.9458858282054976,0.9191844211038391,0.02670140710165847,43.31929999999999,5.087609183395091,1.4052825981441885,9.269660187946481,2.8436244477778705,6.4260357401686115,1390.9545,0.0,Sittingtostanding,Sittingtostanding_p1_3_35sek_20260204_153830.csv
0.9314280094857036,0.009250656099190152,0.95524865872714,0.9140568910084317,0.04119176771870836,43.382099999999994,5.069213348334607,1.780789789547714,8.519330959647007,2.5444449296457567,5.974886030001251,1440.2356,0.0,Sittingtostanding,Sittingtostanding_p1_3_35sek_20260204_153830.csv
0.9357934300373111,0.014451053877404725,0.974268956705488,0.9026073343375846,0.07166162236790341,43.7957,33.095993464613564,22.68706047171382,75.3299714589087,1.6891121928397772,73.64085926606893,79987.6721,0.0,Sittingtostanding,Sittingtostanding_p1_3_35sek_20260204_153830.csv
1.0927397459956827,0.18554895806242677,1.600656115472652,0.8562125904236634,0.7444435250489886,61.39099999999999,98.86890107411092,44.353130602961194,172.8277356213406,15.761617937255044,157.06611768408555,585145.7895000001,0.0,Sittingtostanding,Sittingtostanding_p1_3_35sek_20260204_153830.csv
0.9522974290034532,0.04092809415594471,1.0119782606360672,0.8469356528095863,0.16504260782648095,45.4256,45.00589813169966,18.95130013737879,80.65395216602842,16.77237013662649,63.881582029401926,118874.9804,0.0,Sittingtostanding,Sittingtostanding_p1_3_35sek_20260204_153830.csv
0.9529053435673234,0.01736188062444739,1.0133607452432722,0.9242294087508793,0.08913133649239291,45.416199999999996,13.646544581314652,7.024576898449928,28.63213753808821,3.4361751992586176,25.19596233882959,11729.298299999999,0.0,Sittingtostanding,Sittingtostanding_p1_3_35sek_20260204_153830.csv
0.954142077912413,0.015215967612690529,0.9815294188153506,0.9174965939991276,0.06403282481622297,45.530699999999996,6.966761511992685,3.9840142348499645,18.63231064575728,1.9140010449317941,16.718309600825485,3204.5344000000005,0.0,Sittingtostanding,Sittingtostanding_p1_3_35sek_20260204_153830.csv
0.9517255741972714,0.01108554026345685,0.9802550688468792,0.9308061022576076,0.04944896658927156,45.2951,8.712784329628175,3.6296664862510446,15.694671070143523,1.7100584785322401,13.984612591611283,4441.18,0.0,Sittingtostanding,Sittingtostanding_p1_3_35sek_20260204_153830.csv
0.9534738207763792,0.005313929912551078,0.9604686356149272,0.9404786015641186,0.01999003405080868,45.457,5.02214192993377,0.715386605627567,7.12391044300811,3.3984849565652047,3.725425486442905,1286.1725999999999,0.0,Sittingtostanding,Sittingtostanding_p1_3_35sek_20260204_153830.csv
0.9553499761539367,0.007313885499138972,0.9706183596038146,0.9377632963600143,0.032855063243800275,45.637299999999996,5.730351629822967,1.558447094223986,8.225958910668105,3.2318879931086717,4.9940709175594336,1760.8556,0.0,Sittingtostanding,Sittingtostanding_p1_3_35sek_20260204_153830.csv
0.9589501937106526,0.04013403540970296,1.1539930675701653,0.8810788840960836,0.2729141834740817,46.05819999999999,11.679902933738683,18.915704075499804,100.25450463694885,0.6476881965884511,99.6068164403604,24353.395800000002,0.0,Sittingtostanding,Sittingtostanding_p1_3_35sek_20260204_153830.csv
0.9531698121837907,0.02538095745924206,0.9974968671630001,0.87,0.12749686716300013,45.4582,10.335443645109622,7.064910463401551,26.956284981428727,1.59081739995513,25.365467581473595,7786.804800000001,0.0,Sittingtostanding,Sittingtostanding_p1_3_35sek_20260204_153830.csv
0.9509350636716236,0.014945576083068684,0.9787236586493656,0.9143850392476902,0.0643386194016754,24.421300000000002,12.686808858249742,8.181815406141114,29.045896439944833,2.675313065792488,26.370583374152346,6086.2829,0.0,Sittingtostanding,Sittingtostanding_p1_3_35sek_20260204_153830.csv
0.9522564321572864,0.004000945688632424,0.9617692030835672,0.9415412895885129,0.02022791349505426,45.34039999999999,5.368716608742817,0.23167089387847842,5.96508172617945,4.916136694600751,1.0489450315786994,1443.7858000000003,0.0,Sittingtostanding,Sittingtostanding_p2_1_35sek_20260204_155433.csv
0.9515552639838564,0.004354165799496862,0.9617692030835672,0.9409038208021051,0.020865382281462064,45.2738,4.542417518493024,0.25030815230406883,5.171585830284555,3.9495949159375825,1.2219909143469727,1034.7478999999998,0.0,Sittingtostanding,Sittingtostanding_p2_1_35sek_20260204_155433.csv
0.9503490010296454,0.00460437258407527,0.9615092303249095,0.9409038208021051,0.02060540952280443,45.1592,4.867342818113158,0.3245843353857572,5.517363500803622,4.142233696932127,1.375129803871495,1189.7137,0.0,Sittingtostanding,Sittingtostanding_p2_1_35sek_20260204_155433.csv
0.9509859786485303,0.0034505861520543325,0.9613012014972206,0.9413288479590965,0.0199723535381241,45.21929999999999,4.723274370871352,0.2923745456930542,5.466333323170112,4.205627182716033,1.2607061404540785,1119.6546999999998,0.0,Sittingtostanding,Sittingtostanding_p2_1_35sek_20260204_155433.csv
0.950896791047095,0.003950300471276987,0.9610411021387171,0.9410632284814873,0.019977873657229805,45.211,4.642975900580568,0.22353556679077252,5.025027363109578,4.071080937539808,0.9539464255697698,1080.3097,0.0,Sittingtostanding,Sittingtostanding_p2_1_35sek_20260204_155433.csv
0.9511308881960673,0.004289702829734332,0.9615092303249095,0.9413819628609844,0.020127267463925125,45.23339999999999,4.938067624667764,0.6316258048521906,6.625179242858264,4.008266458208586,2.6169127846496787,1238.7742,0.0,Sittingtostanding,Sittingtostanding_p2_1_35sek_20260204_155433.csv
0.9509071139381643,0.002795890167259861,0.9608850087289321,0.9413288479590965,0.019556160769835573,45.21159999999999,4.693121786353092,0.3251403126594636,5.2700664132437645,3.967291267351062,1.3027751458927024,1106.4497,0.0,Sittingtostanding,Sittingtostanding_p2_1_35sek_20260204_155433.csv
0.9506936467783949,0.003128208588970773,0.9613012014972206,0.9413288479590965,0.0199723535381241,45.19139999999999,5.116157522638177,0.5164342062059629,6.090730662244063,3.9483287603744452,2.1424019018696177,1321.8219000000001,0.0,Sittingtostanding,Sittingtostanding_p2_1_35sek_20260204_155433.csv
0.9521210889531398,0.0027538416000654803,0.9613532129243653,0.9508417323613851,0.010511480562980124,45.327099999999994,4.5629123203680235,0.4552227046740042,5.96222273988485,3.856708441145117,2.105514298739733,1051.1626,0.0,Sittingtostanding,Sittingtostanding_p2_1_35sek_20260204_155433.csv
0.9512393755283329,0.003996228383482178,0.9613532129243653,0.9413288479590965,0.020024364965268715,45.243599999999994,4.913290297939311,0.36939339156248446,5.607147224748071,4.062142291943994,1.5450049328040771,1213.7072,0.0,Sittingtostanding,Sittingtostanding_p2_1_35sek_20260204_155433.csv
0.9515522295821279,0.003827182221503615,0.9613532129243653,0.940850678907126,0.020502534017239227,45.27329999999999,4.738678649259696,0.6128943204260565,5.975098325550802,3.730576362976638,2.244521962574164,1141.1600999999998,0.0,Sittingtostanding,Sittingtostanding_p2_1_35sek_20260204_155433.csv
0.9518415760261104,0.004239530698160695,0.9615092303249095,0.9413288479590965,0.020180382365812988,45.301,4.7436414409189265,0.2507130240029388,5.346858890975149,4.114523058630247,1.2323358323449023,1128.1867,0.0,Sittingtostanding,Sittingtostanding_p2_1_35sek_20260204_155433.csv
0.9515672277319939,0.004263167650447489,0.9615092303249095,0.9413288479590965,0.020180382365812988,45.27489999999999,4.818779084773158,0.4616365433055162,5.687090644609069,4.094838214142287,1.5922524304667816,1171.4739,0.0,Sittingtostanding,Sittingtostanding_p2_1_35sek_20260204_155433.csv
0.9518888037642111,0.0031469564725172617,0.9613532129243653,0.9413819628609844,0.019971250063380852,45.30509999999999,4.669929163364968,0.25408822417952365,5.1141079378519185,4.008116764766217,1.1059911730857017,1093.5753999999997,0.0,Sittingtostanding,Sittingtostanding_p2_1_35sek_20260204_155433.csv
0.9527349183716467,0.004537296166408548,0.9615092303249095,0.9413288479590965,0.020180382365812988,45.38619999999999,5.0236589772536675,0.3499744600865777,5.501536149113264,4.072480816406629,1.4290553327066347,1267.8591,0.0,Sittingtostanding,Sittingtostanding_p2_1_35sek_20260204_155433.csv
0.9525645734653694,0.005222926181432191,0.9619251530134764,0.9413288479590965,0.020596305054379815,45.37029999999999,4.508552650210683,0.26023341225778696,4.9039677812971,3.7514397236261177,1.152528057670982,1019.6707,0.0,Sittingtostanding,Sittingtostanding_p2_1_35sek_20260204_155433.csv
0.9527067694188571,0.005697430810601649,0.9613532129243653,0.9409038208021051,0.020449392122260157,45.38409999999999,4.778936262886321,0.29065758532730307,5.4266472153623555,3.9765562991110786,1.450090916251277,1146.0511999999999,0.0,Sittingtostanding,Sittingtostanding_p2_1_35sek_20260204_155433.csv
0.9533244499601287,0.004344021016254301,0.9617692030835672,0.9415412895885129,0.02022791349505426,45.44229999999999,4.89087595183611,0.5597269959098103,5.725958435056964,4.016727523743676,1.7092309113132877,1211.3847999999998,0.0,Sittingtostanding,Sittingtostanding_p2_1_35sek_20260204_155433.csv
0.9512995567820965,0.009749582209070098,0.976012295004525,0.9309135298189624,0.04509876518556266,45.2532,13.227695659306532,11.103919309201979,43.27486452896184,3.7983943976369803,39.47647013132486,14790.150800000001,0.0,Sittingtostanding,Sittingtostanding_p2_1_35sek_20260204_155433.csv
1.0874690879034972,0.12438822888045378,1.3093509842666327,0.8958236433584458,0.4135273409081869,59.887600000000006,68.31760937951125,38.334761715500484,134.05232336666157,16.277865339165327,117.77445802749624,305372.93139999994,0.0,Sittingtostanding,Sittingtostanding_p2_1_35sek_20260204_155433.csv
0.9653485683744583,0.04576048488513058,1.042928568982555,0.8490583018850943,0.19387026709746058,46.697500000000005,30.11350882340629,21.674603881290395,68.35050914221488,4.975520073318969,63.37498906889591,68360.8049,0.0,Sittingtostanding,Sittingtostanding_p2_1_35sek_20260204_155433.csv
1.0098767907146524,0.009414902205835685,1.0304368005850721,0.9932774033471214,0.0371593972379507,50.996900000000004,8.291439519407438,2.965289106600402,14.10231541272567,3.8737836800730108,10.228531732652659,3868.2524999999996,0.0,Sittingtostanding,Sittingtostanding_p2_1_35sek_20260204_155433.csv
1.0088219957624975,0.009698562157853497,1.0346496991735898,0.9879777325425914,0.046671966630998485,50.890699999999995,5.436117181022532,2.966003632009492,11.427165002746746,0.9816822296446034,10.445482773102142,1908.6302,0.0,Sittingtostanding,Sittingtostanding_p2_1_35sek_20260204_155433.csv
1.005947944782494,0.006603368642219713,1.0239140588936162,0.9954396013822234,0.02847445751139277,50.598699999999994,4.149034716441468,1.07285853231956,6.387033740321089,2.47196278289136,3.9150709574297284,917.1247000000001,0.0,Sittingtostanding,Sittingtostanding_p2_1_35sek_20260204_155433.csv
1.0057298601718603,0.005292308501579716,1.0182828683622247,0.9981482855768475,0.020134582785377164,50.57599999999999,4.3297510160512305,0.6920983613910281,5.482845976315585,3.1054468277528113,2.3773991485627737,960.8081999999999,0.0,Sittingtostanding,Sittingtostanding_p2_1_35sek_20260204_155433.csv
1.0045176986159878,0.003527322977463711,1.0135580891098448,0.9988993943335835,0.01465869477626125,50.4534,4.797135243751862,0.2682890863050051,5.403582145207011,4.344951092935339,1.0586310522716715,1154.1523,0.0,Sittingtostanding,Sittingtostanding_p2_1_35sek_20260204_155433.csv
1.005058591828058,0.00546108614087056,1.0182828683622247,0.9934284070832683,0.024854461278956408,50.508599999999994,4.734483195382454,0.25924315400629133,5.234625105965087,4.201809134170661,1.0328159717944256,1124.0596999999998,0.0,Sittingtostanding,Sittingtostanding_p2_1_35sek_20260204_155433.csv
1.004543068174781,0.004868074043763494,1.0127191120937729,0.9981482855768475,0.014570826516925317,50.45649999999999,4.57142765005612,0.335098584797133,5.32162569145933,4.025282598774899,1.296343092684431,1050.3998000000001,0.0,Sittingtostanding,Sittingtostanding_p2_1_35sek_20260204_155433.csv
1.005002410453508,0.006239683946609552,1.0182828683622247,0.9906058752097122,0.027676993152512486,50.5034,5.043413060375797,0.3197842104544372,5.747599498921267,3.9670265943146887,1.7805729046065784,1276.8116000000002,0.0,Sittingtostanding,Sittingtostanding_p2_1_35sek_20260204_155433.csv
1.005117642605515,0.005202484015387505,1.0135580891098448,0.9934284070832683,0.0201296820265765,50.514399999999995,4.669985589950292,0.3415639146819825,5.524210350810331,3.926346902656463,1.597863448153868,1096.1549,0.0,Sittingtostanding,Sittingtostanding_p2_1_35sek_20260204_155433.csv
1.0050293383396771,0.005347999483990721,1.0182828683622247,0.9961927524329817,0.022090115929243037,50.5056,4.75891962852236,0.3795136109314864,5.637783252307595,4.03452599446329,1.6032572578443052,1139.4233000000002,0.0,Sittingtostanding,Sittingtostanding_p2_1_35sek_20260204_155433.csv
1.0061781450432588,0.0044653355687453294,1.0182828683622247,0.9961927524329817,0.022090115929243037,50.62070000000001,4.892626648900686,0.2414380270059628,5.432651286434645,4.46271217982966,0.9699391066049845,1199.7461,0.0,Sittingtostanding,Sittingtostanding_p2_1_35sek_20260204_155433.csv
1.0048549196247796,0.00520895087929882,1.0119782606360672,0.9954396013822234,0.01653865925384379,50.488,4.8049038835581195,0.35221843548285126,5.715470234372671,4.208681503749125,1.506788730623546,1160.4338999999998,0.0,Sittingtostanding,Sittingtostanding_p2_1_35sek_20260204_155433.csv
1.0049380287480516,0.006190708638664957,1.0210288928331068,0.9906058752097122,0.03042301762339461,50.4969,4.61382054038227,0.39523697508732913,5.453842681999546,3.86640660044957,1.5874360815499755,1072.0214,0.0,Sittingtostanding,Sittingtostanding_p2_1_35sek_20260204_155433.csv
1.0061621698743697,0.004916435752654231,1.0182828683622247,0.9988993943335835,0.019383474028641157,50.619299999999996,4.998851255068082,0.29305242566478623,5.607191810523339,4.427098372523475,1.1800934379998642,1253.6338,0.0,Sittingtostanding,Sittingtostanding_p2_1_35sek_20260204_155433.csv
1.004521609979487,0.004773981803966446,1.0157263410978372,0.9954396013822234,0.02028673971561379,50.4543,4.786986912481221,0.23026670369402064,5.2689467638229175,4.326719311441407,0.9422274523815108,1148.3603,0.0,Sittingtostanding,Sittingtostanding_p2_1_35sek_20260204_155433.csv
1.0065265397927299,0.0045540622003632444,1.0182828683622247,0.9954396013822234,0.022843266980001276,50.6558,4.877857125941722,0.4180443523237223,5.618273756235094,3.9112785633345015,1.7069951929005929,1198.2378,0.0,Sittingtostanding,Sittingtostanding_p2_1_35sek_20260204_155433.csv
1.007622985492992,0.004729316534913487,1.0157263410978372,0.9961927524329817,0.01953358866485555,50.7663,4.747684613750823,0.21408754730701918,5.341731928878498,4.336184959154764,1.005546969723734,1129.2713,0.0,Sittingtostanding,Sittingtostanding_p2_1_35sek_20260204_155433.csv
1.0044519049725806,0.006357025593254071,1.0149876846543509,0.9954396013822234,0.019548083272127426,10.089599999999999,4.7346982824793225,0.1382114880550551,4.9804618259755795,4.58664365304304,0.39381817293253985,224.3456,0.0,Sittingtostanding,Sittingtostanding_p2_1_35sek_20260204_155433.csv
0.970321649077416,0.005705111535859996,0.9876234100101111,0.9558765610684259,0.031746848941685224,47.077799999999996,4.743950248347126,0.7178511308968231,5.803386942122677,3.193195891266303,2.610191050856374,1150.5034,0.0,Sittingtostanding,Sittingtostanding_p2_2_35sek_20260204_155524.csv
0.9709576459692097,0.0058248004196751165,0.9803060746521975,0.9582275303913993,0.02207854426079825,47.1396,4.80395686734862,0.3865683885611006,5.7986722618199416,3.7040113390755165,2.094660922744425,1161.2224,0.0,Sittingtostanding,Sittingtostanding_p2_2_35sek_20260204_155524.csv
0.9707013094651795,0.00614184398504772,0.98254770876533,0.9461500938011896,0.0363976149641404,47.1149,4.8958888228556425,0.5160630342739857,6.902311207124756,4.204818664342137,2.6974925427826184,1211.5361000000003,0.0,Sittingtostanding,Sittingtostanding_p2_2_35sek_20260204_155524.csv
0.9708923816621661,0.00903413201093858,0.9922197337283712,0.9561380653441218,0.03608166838424942,47.1356,6.0460216436742895,1.9291063502126211,9.813796411175444,2.621163863630048,7.192632547545395,2010.07,0.0,Sittingtostanding,Sittingtostanding_p2_2_35sek_20260204_155524.csv
0.9741567288349013,0.016246433382047405,1.0139526616169021,0.9426027795418387,0.07134988207506343,47.462,6.9476612678385266,2.102732650472623,12.543308973313222,2.5488232578976517,9.99448571541557,2630.1526000000003,0.0,Sittingtostanding,Sittingtostanding_p2_2_35sek_20260204_155524.csv
0.9778299266682402,0.006898277808163394,0.9916148445843275,0.9621330469326995,0.02948179765162795,47.809900000000006,5.2339172408240815,1.668887664566822,8.781719649362532,3.2748435077114753,5.506876141651057,1506.1686,0.0,Sittingtostanding,Sittingtostanding_p2_2_35sek_20260204_155524.csv
0.9749274571975328,0.006264021199267401,0.9871676655968833,0.9590099061010788,0.028157759495804457,47.52610000000001,4.661779953280734,0.5159236488263008,5.540342949673784,3.4349526925417764,2.1053902571320076,1099.6523,0.0,Sittingtostanding,Sittingtostanding_p2_2_35sek_20260204_155524.csv
0.9762748318685314,0.006810305821200043,0.9940824915468535,0.965090669315583,0.028991822231270503,47.6579,4.930182106747226,0.625345940431178,6.232318990552393,3.8598575103234056,2.3724614802289876,1234.4966000000002,0.0,Sittingtostanding,Sittingtostanding_p2_2_35sek_20260204_155524.csv
0.9761657127947216,0.0062679264524195,0.9878258955909184,0.9621330469326995,0.02569284865821886,47.6469,5.30310491515026,1.2279359897019286,7.376760806749803,2.876073712546325,4.500687094203478,1480.0295999999998,0.0,Sittingtostanding,Sittingtostanding_p2_2_35sek_20260204_155524.csv
0.9785678496705356,0.008509513954341338,0.9937806599043876,0.9559288676465421,0.03785179225784552,47.8833,5.6697063354273824,2.091858384311641,10.711465819391854,2.4095435252346036,8.30192229415725,1821.6961999999999,0.0,Sittingtostanding,Sittingtostanding_p2_2_35sek_20260204_155524.csv
0.9634666451553767,0.022223899459527754,1.0536128321162381,0.9102197536858888,0.14339307843034932,46.437599999999996,12.548952636173032,9.799865041505434,43.876437868177035,3.664860161042983,40.211577707134055,12579.641000000001,0.0,Sittingtostanding,Sittingtostanding_Xiaoye_1_20sek_20260202_095705.csv
0.9636182978017258,0.01067976064588286,0.986610358753647,0.9411163583744574,0.0454940003791896,46.4336,5.841712582276395,3.6570764650884335,16.990862250044874,1.1222299229658779,15.868632327078995,2361.6164999999996,0.0,Sittingtostanding,Sittingtostanding_Xiaoye_1_20sek_20260202_095705.csv
0.9623052627665658,0.007040788726315562,0.9775479527879949,0.9430270409696638,0.03452091181833106,46.304,4.732567101397782,1.2337873625082636,8.075958147489374,2.352976837965049,5.722981309524325,1194.4489,0.0,Sittingtostanding,Sittingtostanding_Xiaoye_1_20sek_20260202_095705.csv
0.959559606675717,0.013826964057391183,1.0032945728947207,0.9124143795447329,0.09088019334998776,46.0471,6.249410325494761,2.589217552521453,11.387488748622323,2.1325102578885757,9.254978490733746,2281.2548,0.0,Sittingtostanding,Sittingtostanding_Xiaoye_1_20sek_20260202_095705.csv
0.9542269758965561,0.009942614493822364,0.9813256340277675,0.9343982020530648,0.04692743197470273,45.5323,6.984574757049295,3.4352862019006754,17.458006759077623,2.739306481575218,14.718700277502405,3017.4725999999996,0.0,Sittingtostanding,Sittingtostanding_Xiaoye_1_20sek_20260202_095705.csv
0.955325059833771,0.012618016500619654,1.0042410069301093,0.9244457799135654,0.07979522701654396,45.640100000000004,5.730080339021387,4.593942918576962,29.584713958394122,1.2153188881935473,28.369395070200575,2675.8023,0.0,Sittingtostanding,Sittingtostanding_Xiaoye_1_20sek_20260202_095705.csv
0.9482254088534701,0.059987872963825566,1.1584903970253702,0.7951100552753688,0.36338034175000133,45.1329,22.204733941548035,24.59951008689751,92.36089053273578,2.2165288177689004,90.14436171496688,54304.16940000001,0.0,Sittingtostanding,Sittingtostanding_Xiaoye_1_20sek_20260202_095705.csv
1.0964962048619713,0.2986433145233356,1.6530577727351212,0.32171415884290827,1.331343613892213,64.4854,75.65541883974073,55.370609571042095,204.4520569717996,6.979319451063979,197.47273752073562,436416.43580000004,0.0,Sittingtostanding,Sittingtostanding_Xiaoye_1_20sek_20260202_095705.csv
1.0061395863171594,0.19768335029850181,1.6253614982520044,0.5629387178015028,1.0624227804505015,52.5307,51.678265136877215,29.401596556028913,167.01391858165596,11.410232250046446,155.6036863316095,175890.3945,0.0,Sittingtostanding,Sittingtostanding_Xiaoye_1_20sek_20260202_095705.csv
0.9991690973801985,0.1387668535101278,1.42765542061101,0.7551158851461145,0.6725395354648954,50.86050000000001,55.64676218131067,41.17789151633773,143.24322287633717,4.948322948232057,138.2948999281051,237913.4258,0.0,Sittingtostanding,Sittingtostanding_Xiaoye_1_20sek_20260202_095705.csv
0.9981472617106671,0.12576315583999012,1.2898449519225168,0.7481978348003956,0.5416471171221212,50.58989999999999,41.50725552083479,27.088014088773694,121.7799265067934,9.016268629538496,112.7636578772549,122096.87789999999,0.0,Sittingtostanding,Sittingtostanding_Xiaoye_1_20sek_20260202_095705.csv
0.98778409546155,0.05334313980726658,1.1321660655575223,0.8691950298983537,0.2629710356591686,48.9253,29.41128009580752,11.565570965636754,55.89941502377284,4.6455354912001265,51.25387953257271,49805.529,0.0,Sittingtostanding,Sittingtostanding_Xiaoye_1_20sek_20260202_095705.csv
0.9964449473888215,0.04289839470961673,1.1458184847522752,0.8882004278314665,0.25761805692080875,49.735299999999995,14.626484456061338,12.059955598481405,57.29501025394794,3.8705296795141617,53.42448057443378,17823.386300000002,0.0,Sittingtostanding,Sittingtostanding_Xiaoye_1_20sek_20260202_095705.csv
0.99298430067319,0.015191922416524018,1.0282995672468214,0.9580187889597991,0.07028077828702228,49.3122,7.949089753808185,2.960236491845678,13.578700232349192,2.6770506158830845,10.901649616466107,3588.7884000000004,0.0,Sittingtostanding,Sittingtostanding_Xiaoye_1_20sek_20260202_095705.csv
0.9837577447313548,0.04996631192744843,1.1308403954581743,0.8532877591996735,0.2775526362585008,48.5113,17.016909141887822,8.658823578996067,38.157872058069486,2.071786668554463,36.08608538951502,18152.5459,0.0,Sittingtostanding,Sittingtostanding_Xiaoye_1_20sek_20260202_095705.csv
0.9984971983392534,0.036774893119363716,1.139034679015525,0.9063112048297758,0.23272347418574924,49.91610000000001,18.619407881335476,9.512392462234402,38.865112890611805,2.9329507326240583,35.93216215798775,21767.9124,0.0,Sittingtostanding,Sittingtostanding_Xiaoye_1_20sek_20260202_095705.csv
0.9938627900535727,0.030718513777558784,1.063437821407533,0.8665448632355973,0.19689295817193575,49.4344,11.01209269473672,5.739183480512348,27.447597344758613,1.3409697983176208,26.106627546440993,7677.282400000001,0.0,Sittingtostanding,Sittingtostanding_Xiaoye_1_20sek_20260202_095705.csv
0.997996373530999,0.041591286604324824,1.078563859954523,0.874414089547967,0.20414977040655613,49.88459999999999,23.21790396573459,16.50370513248236,60.34479016452042,2.2469757453074566,58.09781441921296,40299.7951,0.0,Sittingtostanding,Sittingtostanding_Xiaoye_1_20sek_20260202_095705.csv
1.016628230560502,0.14177101696916766,1.5682793118574256,0.7782030583337488,0.7900762535236768,52.6615,46.87683341021287,27.24578341147958,100.22588238573907,8.699206860398252,91.52667552534082,146246.1785,0.0,Sittingtostanding,Sittingtostanding_Xiaoye_1_20sek_20260202_095705.csv
0.9845024171800384,0.2040677245511081,1.5009996668887038,0.5370288632839021,0.9639708036048017,49.4919,35.42255951762843,11.856109697626627,56.73592336430245,8.75091995163937,47.98500341266308,68230.36060000001,0.0,Sittingtostanding,Sittingtostanding_Xiaoye_1_20sek_20260202_095705.csv
0.9486760740135733,0.006678215742505489,0.9638464608017192,0.9381897462667134,0.025656714535005842,45.0015,4.87902057652213,1.5278677331742971,8.457014839764678,2.2703303724348136,6.186684467329865,1304.6267000000003,0.0,Sittingtostanding,Sittingtostanding_Xiaoye_2_20sek_20260202_095843.csv
0.9505215325408989,0.0069117008229757524,0.9608850087289321,0.9342911751697112,0.02659383355922096,45.1769,4.643855965047967,1.0356974264087995,7.3348892288841006,2.6803171454139525,4.654572083470148,1130.8307,0.0,Sittingtostanding,Sittingtostanding_Xiaoye_2_20sek_20260202_095843.csv
0.9497506274399445,0.007405574116271366,0.9681941953967705,0.924824307639024,0.04336988775774653,45.104,5.34557602647509,0.7634768384380798,7.869402772764907,3.9008845150811626,3.9685182576837446,1457.3211000000001,0.0,Sittingtostanding,Sittingtostanding_Xiaoye_2_20sek_20260202_095843.csv
0.9516535892156233,0.014758122392528926,0.9778547949465708,0.906697303403953,0.07115749154261775,45.292899999999996,16.330121600824892,6.412880255047958,33.05746663009735,5.886476025603095,27.170990604494257,15348.770199999999,0.0,Sittingtostanding,Sittingtostanding_Xiaoye_2_20sek_20260202_095843.csv
0.9525825812708121,0.009498971987159193,0.973498844375277,0.9339164844888435,0.03958235988643355,45.3751,6.154097833285215,6.073103622577628,22.16381284887598,1.0032945728947207,21.16051827598126,3700.8927999999996,0.0,Sittingtostanding,Sittingtostanding_Xiaoye_2_20sek_20260202_095843.csv
0.9502354951063388,0.012637159329932623,1.000649788887201,0.9267685795278129,0.07388120935938813,45.15520000000001,8.53842100989468,4.004958490165418,17.602070900891178,1.9906029237394385,15.61146797715174,4431.1766,0.0,Sittingtostanding,Sittingtostanding_Xiaoye_2_20sek_20260202_095843.csv
0.9492756897761564,0.021751490683202795,1.017152889196113,0.8946507698538017,0.12250211934231137,45.0794,10.284899883763938,7.435655165193306,30.453416885466236,1.3266876045248934,29.126729280941344,7998.117700000002,0.0,Sittingtostanding,Sittingtostanding_Xiaoye_2_20sek_20260202_095843.csv
1.0341522389162836,0.1567630043573431,1.3494443300855357,0.776530746332687,0.5729135837528486,54.677699999999994,45.89623041002103,19.00969828073962,91.59742518215236,12.825088693650427,78.77233648850194,123030.2611,0.0,Sittingtostanding,Sittingtostanding_Xiaoye_2_20sek_20260202_095843.csv
0.9277237224196587,0.14187050311065247,1.2202458768625282,0.5413871073455665,0.6788587695169617,44.019800000000004,35.422145766703295,20.23744794354712,115.442273453012,7.712833461186621,107.72943999182539,82804.58119999999,0.0,Sittingtostanding,Sittingtostanding_Xiaoye_2_20sek_20260202_095843.csv
0.9859673815445553,0.023480833047083524,1.0593394168065304,0.9374966666607408,0.1218427501457896,48.6336,11.254710087479289,5.73993732160118,25.677542717324027,2.9039628096792147,22.773579907644812,7947.8221,0.0,Sittingtostanding,Sittingtostanding_Xiaoye_2_20sek_20260202_095843.csv
1.0192970012945297,0.007799996858955789,1.0375451797391764,1.0013490899781154,0.03619608976106092,51.95130000000001,4.897693166199836,0.48383844681013816,5.838707048653837,3.943817947116728,1.894889101537109,1210.8408000000002,0.0,Sittingtostanding,Sittingtostanding_Xiaoye_3_20sek_20260202_100018.csv
1.0179196049654458,0.006033733993910332,1.0375451797391764,1.0013490899781154,0.03619608976106092,51.80980000000001,4.598199629245638,0.3514055881062804,5.282149183807667,3.883374820951488,1.3987743628561793,1063.2228,0.0,Sittingtostanding,Sittingtostanding_Xiaoye_3_20sek_20260202_100018.csv
1.0204841534145246,0.006234583422311635,1.0339729203417274,1.007670581092849,0.02630233924887837,52.071300000000015,4.698675886575455,0.31326931901983046,5.393931775616003,3.861191525941183,1.53274024967482,1108.6865,0.0,Sittingtostanding,Sittingtostanding_Xiaoye_3_20sek_20260202_100018.csv
1.0203386394806275,0.007218229673173806,1.0312128781197412,1.0013490899781154,0.029863788141625713,52.05710000000001,4.831975535805377,0.5130922872973479,5.998008002662217,3.556711964722474,2.441296037939743,1180.2993,0.0,Sittingtostanding,Sittingtostanding_Xiaoye_3_20sek_20260202_100018.csv
1.0211058447697916,0.010919640466998906,1.0494760597555335,0.9898484732523458,0.05962758650318767,52.1387,5.455704280480393,1.5374570854962952,10.108125444413519,3.544065462149366,6.564059982264153,1604.0604,0.0,Sittingtostanding,Sittingtostanding_Xiaoye_3_20sek_20260202_100018.csv
1.0221466011297542,0.012629969173281843,1.049809506529637,0.9977975746613138,0.05201193186832309,52.247,7.263453938287249,2.268290934076067,13.331961596104303,3.8174991814013532,9.514462414702951,2890.0002000000004,0.0,Sittingtostanding,Sittingtostanding_Xiaoye_3_20sek_20260202_100018.csv
1.037154232267355,0.056848334654345314,1.3012686117785213,0.9794896630388704,0.32177894873965085,53.942800000000005,7.893367845258117,8.277500365784126,36.53746159765344,3.293402495899947,33.24405910175349,6472.596399999999,0.0,Sittingtostanding,Sittingtostanding_Xiaoye_3_20sek_20260202_100018.csv
1.039065128019464,0.1456010054556231,1.2739309243440164,0.7126008700527947,0.5613300542912217,55.02160000000001,53.47589520688089,33.053546288833424,136.61581680025193,4.644921958440206,131.97089484181174,196517.8776,0.0,Sittingtostanding,Sittingtostanding_Xiaoye_3_20sek_20260202_100018.csv
0.9952852417086487,0.04214716498107847,1.0485227703774487,0.9509468965194638,0.09757587385798483,3.9677,15.434651656724835,2.014481979918171,17.28972527254265,13.27547362620257,4.01425164634008,965.0883000000001,,Sittingtostanding,Sittingtostanding_Xiaoye_3_20sek_20260202_100018.csv
0.9741836929244259,0.004962352154575249,0.9812746812182611,0.9655568341635826,0.01571784705467849,47.4529,4.107505745059338,0.7700175947529467,5.392791484936164,2.597883754135277,2.794907730800887,872.6336000000001,0.0,Standingtositting,Standingtositting_Ahmed_1_20sek_20260202_102654.csv
0.9767743180558776,0.0051440064663306655,0.9881801455200362,0.9681941953967707,0.01998595012326554,47.7057,4.896858511277833,0.7274043316897842,6.251503819082253,3.6613248968098966,2.5901789222723566,1224.8879,0.0,Standingtositting,Standingtositting_Ahmed_1_20sek_20260202_102654.csv
0.9745858599692628,0.004781079629165528,0.9821405194777374,0.9663332758422428,0.015807243635494572,47.492,4.706532682458072,0.39902957405873757,5.483156025502101,3.59784657816311,1.885309447338991,1115.3745000000001,0.0,Standingtositting,Standingtositting_Ahmed_1_20sek_20260202_102654.csv
0.9760662682138631,0.005771150546972691,0.9936297097007516,0.9681941953967707,0.025435514303980944,47.6369,4.880889753237248,0.4184461254958407,5.653184943021057,3.830717948374691,1.822466994646366,1199.7340000000002,0.0,Standingtositting,Standingtositting_Ahmed_1_20sek_20260202_102654.csv
0.9744419397058857,0.005615770635242705,0.9908582138732059,0.9663332758422428,0.024524938030963117,47.4784,4.195105172763935,0.36074835687644186,4.904793573637937,3.4668429442361535,1.4379506294017834,886.3222000000002,0.0,Standingtositting,Standingtositting_Ahmed_1_20sek_20260202_102654.csv
0.9724685044218395,0.014321665746183555,0.9892926766129425,0.9158602513484249,0.07343242526451765,47.294799999999995,5.522731489375818,3.4602398902707865,19.850647344608184,3.177735042447686,16.672912302160498,2111.7179,0.0,Standingtositting,Standingtositting_Ahmed_1_20sek_20260202_102654.csv
0.9331421720984286,0.06145918382931839,1.0662551289442879,0.8160882305241266,0.25016689842016127,43.7228,36.22978733862582,24.206311147832118,101.94939921353142,2.8742129357443233,99.0751862777871,94341.20400000001,0.0,Standingtositting,Standingtositting_Ahmed_1_20sek_20260202_102654.csv
1.0069710852316118,0.3115878254470251,2.070555481024355,0.6825686778632609,1.3879868031610942,55.456799999999994,37.79883219703689,45.24446434219879,162.99232435915505,4.0288335780967675,158.96349078105828,171743.6019,0.0,Standingtositting,Standingtositting_Ahmed_1_20sek_20260202_102654.csv
0.9362927859535002,0.012609478595160603,0.9708243919473799,0.9100549433962765,0.060769448551103444,43.84,6.876111855134201,2.6945916648896473,12.493490304954815,2.320301704520341,10.173188600434473,2719.8260999999998,0.0,Standingtositting,Standingtositting_Ahmed_1_20sek_20260202_102654.csv
0.9308663393111459,0.005785856062066149,0.9401063769595439,0.9178235124467012,0.02228286451284267,32.9287,4.6604557443755,0.4582188099782585,5.387893837112977,3.6513285253452614,1.7365653117677158,833.1228999999998,0.0,Standingtositting,Standingtositting_Ahmed_1_20sek_20260202_102654.csv
0.9776524125383321,0.004923937570990518,0.9853425800197616,0.9695359714832659,0.015806608536495736,47.7914,5.016820665750291,0.4607961252901868,5.764885081248368,4.213953013501692,1.5509320677466754,1268.8287999999998,0.0,Standingtositting,Standingtositting_Ahmed_2_20sek_20260202_102748.csv
0.9796496969932136,0.005197250166287385,0.9942333730065592,0.96591925128346,0.028314121723099217,47.987,4.6498914833830405,0.24442183501168538,5.193091564761785,4.137740929541143,1.055350635220642,1084.0019000000002,0.0,Standingtositting,Standingtositting_Ahmed_2_20sek_20260202_102748.csv
0.9788745568418469,0.0052100734138216375,0.9916148445843275,0.9695359714832659,0.022078873101061602,47.911100000000005,4.589272467148275,0.6793185528150661,5.566767464157273,3.152316608464321,2.414450855692952,1075.6833000000001,0.0,Standingtositting,Standingtositting_Ahmed_2_20sek_20260202_102748.csv
0.978876983779006,0.00493329253338418,0.9853425800197616,0.9689685237405805,0.016374056279181093,47.9112,4.583439726196369,0.5441640999538013,5.504361906706353,3.2640772049692695,2.2402847017370835,1064.9056,0.0,Standingtositting,Standingtositting_Ahmed_2_20sek_20260202_102748.csv
0.978790884892706,0.004781304039686611,0.9886354231970449,0.9689685237405805,0.019666899456464382,47.9027,4.855281735845051,0.7650605321986158,6.323677727398827,3.707290115434723,2.6163876119641043,1207.3686,0.0,Standingtositting,Standingtositting_Ahmed_2_20sek_20260202_102748.csv
0.978999867230535,0.005998295897034094,0.9947864092356711,0.9689685237405805,0.025817885495090565,47.92380000000001,4.699448615329553,0.31620955315627713,5.452293095569973,4.120970759420648,1.3313223361493254,1109.1403,0.0,Standingtositting,Standingtositting_Ahmed_2_20sek_20260202_102748.csv
0.9800623351786858,0.005698116776374196,0.9942333730065592,0.9689685237405805,0.025264849265978717,48.02770000000001,4.524616794473334,0.33665652448666444,5.2063518897592775,3.84184851341122,1.3645033763480576,1029.1614,0.0,Standingtositting,Standingtositting_Ahmed_2_20sek_20260202_102748.csv
0.9541977599232275,0.03802033501949188,1.0080178569846865,0.8460496439334987,0.1619682130511878,45.5955,16.41648191881831,12.520223127091409,42.37374776910818,2.8977577538503803,39.4759900152578,21156.0873,0.0,Standingtositting,Standingtositting_Ahmed_2_20sek_20260202_102748.csv
1.0035589049427152,0.2633758940013279,1.9771191162901645,0.718679344353238,1.2584397719369265,53.7555,56.94416509591204,21.16910425667831,98.70263218374676,9.405854559794129,89.29677762395264,184090.31470000002,0.0,Standingtositting,Standingtositting_Ahmed_2_20sek_20260202_102748.csv
0.911334140688759,0.014849036768095349,0.9454099639838793,0.8668333173107734,0.07857664667310593,41.53730000000001,13.754574266142672,7.9800673081125,30.006377655425187,3.9784670414620757,26.027910613963112,12579.807900000002,0.0,Standingtositting,Standingtositting_Ahmed_2_20sek_20260202_102748.csv
0.9132268745561689,0.00459320576009206,0.9198912979260104,0.9052623929005337,0.014628905025476757,41.70020000000001,4.736422688392183,0.8569500478880127,6.214289983578173,3.114369920224635,3.0999200633535375,1157.6688,0.0,Standingtositting,Standingtositting_Ahmed_2_20sek_20260202_102748.csv
0.9116559268409575,0.004457401063328666,0.9198912979260104,0.9054280755532159,0.014463222372794515,41.55680000000001,4.594575526739791,0.3229357190787545,5.305223840706441,3.852907992672548,1.4523158480338934,1060.6163,0.0,Standingtositting,Standingtositting_Ahmed_2_20sek_20260202_102748.csv
0.9120167580436279,0.005094319324311149,0.9198912979260104,0.8984987479123163,0.02139255001369411,41.59,4.766755865077405,0.368929121490598,5.4495687902805665,3.960315643985969,1.4892531462945975,1142.7674,0.0,Standingtositting,Standingtositting_Ahmed_2_20sek_20260202_102748.csv
0.9114082799027571,0.005434895254369349,0.9198912979260104,0.8983317872590283,0.02155951066698214,41.5347,4.8961563730324125,0.5235794881606309,6.035072493350846,3.499742847696099,2.535329645654747,1212.05,0.0,Standingtositting,Standingtositting_Ahmed_2_20sek_20260202_102748.csv
0.9124841326635594,0.004596764304743138,0.9198912979260104,0.8983317872590283,0.02155951066698214,41.6324,4.639909209569458,0.35548834900471227,5.28494087005711,3.515366268257121,1.7695746017999885,1082.6301,0.0,Standingtositting,Standingtositting_Ahmed_2_20sek_20260202_102748.csv
0.9127567989619704,0.005978357966575842,0.9270382947861432,0.8989438247187641,0.028094470067379085,41.65800000000001,5.180946426872221,0.5915373622163947,7.1491677837353915,4.343846221955837,2.8053215617795546,1359.2562,0.0,Standingtositting,Standingtositting_Ahmed_2_20sek_20260202_102748.csv
0.9117627983607369,0.005767566370249152,0.9267685795278129,0.8987769467448529,0.02799163278296002,41.56720000000001,4.615014816961498,0.34315498852386134,5.242957180828392,3.7802909940902696,1.4626661867381223,1070.6881,0.0,Standingtositting,Standingtositting_Ahmed_2_20sek_20260202_102748.csv
0.9145593533481895,0.01026134033400712,0.9403722667114338,0.8919641248391104,0.04840814187232345,41.826100000000004,21.26277587452846,11.41533814697426,36.00405810460815,4.5913614538609355,31.412696650747215,28990.469199999992,0.0,Standingtositting,Standingtositting_Ahmed_2_20sek_20260202_102748.csv
0.9197231396136646,0.008303727090756205,0.9416474924301557,0.90515192095029,0.03649557147986571,23.6868,6.702921928140086,3.030592494981593,15.634161314250278,3.4382262869101563,12.195935027340122,1505.9978,0.0,Standingtositting,Standingtositting_Ahmed_2_20sek_20260202_102748.csv
0.9727091564523611,0.004152323388966006,0.9811218069128828,0.9588534820294496,0.02226832488343311,47.309,4.546099070657399,0.6478640256115206,5.75500651606929,3.596887543418615,2.158118972650675,1053.9175,0.0,Standingtositting,Standingtositting_Ahmed_3_20sek_20260202_102821.csv
0.9726722441134819,0.004813409335590553,0.9836157786453,0.9613012014972208,0.022314577148079273,47.305699999999995,4.532034552235818,0.5644003656949735,5.830660339961504,3.6066189152723083,2.224041424689196,1042.5757,0.0,Standingtositting,Standingtositting_Ahmed_3_20sek_20260202_102821.csv
0.9735191214868518,0.0052020501716032565,0.9862048468751307,0.9643132271207318,0.021891619754398906,47.38829999999999,5.610269268028637,0.7552636654171819,7.098126513383655,3.918124551363828,3.180001962019827,1601.7067999999997,0.0,Standingtositting,Standingtositting_Ahmed_3_20sek_20260202_102821.csv
0.9745998571516222,0.0048569789927847395,0.9888882646689665,0.9643132271207318,0.024575037548234757,47.493399999999994,4.815064156261064,0.4160003570077053,5.643155145838186,3.9861133952761554,1.6570417505620307,1167.7219,0.0,Standingtositting,Standingtositting_Ahmed_3_20sek_20260202_102821.csv
0.97573905280734,0.00546797976304662,0.9888882646689665,0.9601041610158764,0.028784103653090143,47.6048,5.133896659020106,0.9726584097950761,7.745540652530332,3.5465476170495727,4.198993035480759,1364.2019,0.0,Standingtositting,Standingtositting_Ahmed_3_20sek_20260202_102821.csv
0.9744780300385539,0.005206841278663339,0.9867623827447011,0.9669539802906858,0.019808402454015273,47.4817,4.433057070757847,0.4045720936786472,5.584711272751708,3.6670151349564946,1.9176961377952133,990.62,0.0,Standingtositting,Standingtositting_Ahmed_3_20sek_20260202_102821.csv
0.9727552594478277,0.011482249681320616,0.996393496566492,0.9340770846134703,0.06231641195302173,47.3191,4.216571114954363,1.4599049565557476,8.903628473830205,1.9990247622278219,6.904603711602383,993.4083999999999,0.0,Standingtositting,Standingtositting_Ahmed_3_20sek_20260202_102821.csv
0.984856923425342,0.277879801465342,2.0944927786936867,0.751398695766768,1.3430940829269187,52.2808,40.5313592685161,38.248038549768346,125.42088582050438,1.3538463723776046,124.06703944812678,153822.2644,0.0,Standingtositting,Standingtositting_Ahmed_3_20sek_20260202_102821.csv
0.9155493149876253,0.06600442027320667,1.114136436887332,0.7747257579298626,0.33941067895746946,42.12500000000001,20.1386688429654,22.319076338537947,79.52655971434952,2.430905181203084,77.09565453314643,44687.21639999999,0.0,Standingtositting,Standingtositting_Ahmed_3_20sek_20260202_102821.csv
0.9188715585323608,0.011296510221037084,0.9462557793746891,0.8944830909525344,0.051772688422154656,42.2225,5.113345356450624,1.0274275711424656,9.78217256032626,3.4555607359732514,6.326611824353008,1359.0398,0.0,Standingtositting,Standingtositting_Ahmed_3_20sek_20260202_102821.csv
0.9564125749565878,0.0660162817340503,1.1110355529864921,0.8810788840960836,0.22995666889040856,45.949799999999996,8.104443896217767,3.2295679772142147,18.618219571162005,4.362717043311427,14.255502527850577,3795.1758999999997,0.0,Standingtositting,Standingtositting_Chrysi_1_20sek_20260202_103730.csv
0.9538898735588499,0.021808749458411214,1.0178899744078433,0.9183681179135086,0.09952185649433476,45.51859999999999,9.914942364409088,6.230862448120149,22.774165187773622,1.4964624953536256,21.277702692419997,6817.662800000001,0.0,Standingtositting,Standingtositting_Chrysi_1_20sek_20260202_103730.csv
0.9528451597710225,0.004959170122173612,0.9590620417887468,0.9464142856064673,0.012647756182279424,45.3969,5.217072695530246,1.8266486792765677,8.647329067405726,1.935303593754737,6.712025473650989,1524.388,0.0,Standingtositting,Standingtositting_Chrysi_1_20sek_20260202_103730.csv
0.9551017766159133,0.0055875504038991365,0.9688137075826291,0.9464142856064673,0.022399421976161737,45.6125,4.338986973573549,0.6060444207797108,5.247151608253758,3.0478517024291056,2.1992999058246525,959.3376000000001,0.0,Standingtositting,Standingtositting_Chrysi_1_20sek_20260202_103730.csv
0.9526991061477562,0.006731978608551414,0.9688137075826291,0.9404786015641186,0.028335106018510525,45.38399999999999,4.10928451993331,1.2008979354057108,7.642656606180863,2.3891421054428723,5.253514500737991,914.9766000000001,0.0,Standingtositting,Standingtositting_Chrysi_1_20sek_20260202_103730.csv
0.9520352570017052,0.006613948286445521,0.9689685237405805,0.939095309327014,0.029873214413566496,45.320699999999995,4.927633855044211,0.960888508165551,7.106679956210214,3.552858004480337,3.553821951729877,1259.3208,0.0,Standingtositting,Standingtositting_Chrysi_1_20sek_20260202_103730.csv
0.9531212265426925,0.006695072339104588,0.9675226095549395,0.9377632963600143,0.029759313194925197,45.4242,5.666537565195589,0.5843713019983466,6.890362835148814,4.6122554135693745,2.2781074215794392,1622.2154000000003,0.0,Standingtositting,Standingtositting_Chrysi_1_20sek_20260202_103730.csv
0.9509402358323557,0.015993234382829815,0.9787236586493656,0.9156964562561111,0.06302720239325454,45.2269,5.349481073721643,2.8826263963108536,16.825195392624718,0.9902524930541705,15.834942899570548,1838.0146,0.0,Standingtositting,Standingtositting_Chrysi_1_20sek_20260202_103730.csv
0.9156154503276284,0.03455325499801301,1.0021476937058729,0.8675252157718529,0.13462247793401994,20.1479,38.92478353842386,11.076281623133752,53.5967340422903,17.73571255969153,35.86102148259877,39185.062900000004,0.0,Standingtositting,Standingtositting_Chrysi_1_20sek_20260202_103730.csv
0.9510849823291481,0.04186173046488307,1.0546089322587782,0.899499861033897,0.15510907122488116,45.31399999999999,7.695113813325013,3.154057218686682,15.174432444081722,1.5538983235720412,13.620534120509681,3448.1946,0.0,Standingtositting,Standingtositting_Chrysi_2_20sek_20260202_103758.csv
0.9500222886964867,0.0193688941633586,0.9945350672550466,0.9047098982546836,0.08982516900036297,45.1455,8.648194210959693,2.153169208950067,14.540942197808228,5.099754896070986,9.44118730173724,3966.7339,0.0,Standingtositting,Standingtositting_Chrysi_2_20sek_20260202_103758.csv
0.957133057368686,0.04710291047890128,1.086370102681402,0.804114419718985,0.2822556829624171,45.9139,8.82821761265576,8.833237543135809,43.26404165123735,2.7503636123247412,40.51367803891261,7720.1495,0.0,Standingtositting,Standingtositting_Chrysi_2_20sek_20260202_103758.csv
0.952965996141713,0.006044916706848461,0.9662815324738437,0.9434511116109832,0.02283042086286058,45.40899999999999,5.264652983540662,2.456962402612924,10.50565561971265,2.1548549835197726,8.350800636192877,1681.6251,0.0,Standingtositting,Standingtositting_Chrysi_2_20sek_20260202_103758.csv
0.9526009610098014,0.006807040413181967,0.9654014708917735,0.9354143466934854,0.029987124198288084,45.37469999999999,5.202705310364393,1.9837542879616619,9.357382112535536,1.7470832836473478,7.6102988288881885,1546.2359000000004,0.0,Standingtositting,Standingtositting_Chrysi_2_20sek_20260202_103758.csv
0.9541761348308591,0.0053360268834056,0.9656603957913983,0.9443516294262428,0.02130876636515544,45.52400000000001,5.446652193485664,0.9942794966953548,7.406254113922908,3.669727510320078,3.73652660360283,1531.742,0.0,Standingtositting,Standingtositting_Chrysi_2_20sek_20260202_103758.csv
0.946853827369012,0.04840127334989088,1.0967679791095288,0.8654478609367523,0.23132011817277653,44.9414,26.32630868765631,13.885703221711935,53.983158484845994,4.898336452307048,49.084822032538945,44101.5514,0.0,Standingtositting,Standingtositting_Chrysi_2_20sek_20260202_103758.csv
1.0476802411108064,0.19332248722626538,1.6503635963023422,0.7032780389006897,0.9470855574016525,56.712999999999994,49.31853569283356,22.769388444072085,104.37666501665973,19.418581307603294,84.95808370905644,147019.70560000004,0.0,Standingtositting,Standingtositting_Chrysi_2_20sek_20260202_103758.csv
0.9420004289440643,0.09215776108257993,1.140219277156811,0.6801470429252781,0.4600722342315329,44.784400000000005,15.844926696663807,16.644732879501237,66.46458530676318,2.553801088573658,63.91078421818953,26128.3946,0.0,Standingtositting,Standingtositting_Chrysi_2_20sek_20260202_103758.csv
0.9619484819284696,0.01741211505025529,1.0246462804304712,0.9282779756085997,0.09636830482187153,46.28210000000001,6.508342726056972,2.3683579432011106,11.169641892200483,2.596555410539124,8.57308648166136,2392.7731000000003,0.0,Standingtositting,Standingtositting_Chrysi_2_20sek_20260202_103758.csv
0.9506158358517749,0.008177409638724977,0.9644169222903546,0.9326842981416595,0.03173262414869504,45.18679999999999,6.923037345651725,3.824624819630041,13.006959675496807,2.6818090908936827,10.325150584603124,3113.1822999999995,0.0,Standingtositting,Standingtositting_Chrysi_3_20sek_20260202_103826.csv
0.9525462580636913,0.014200684406463656,0.9859513172565875,0.9053728513711906,0.08057846588539685,45.3771,7.042046690080973,3.2852301529538437,15.148524680641348,2.040343108401134,13.108181572240214,3008.3651999999997,0.0,Standingtositting,Standingtositting_Chrysi_3_20sek_20260202_103826.csv
0.9537701672742172,0.007032578540636247,0.9746281342132496,0.9433981132056604,0.031230021007589204,45.48629999999999,4.735643513695944,1.7406275291087874,8.538073553208593,1.334241357476225,7.203832195732367,1269.7754,0.0,Standingtositting,Standingtositting_Chrysi_3_20sek_20260202_103826.csv
0.9544924455171951,0.006075330729565365,0.9660745312862771,0.9433981132056604,0.02267641808061671,45.5546,6.56666854738423,1.926083100755256,9.039695791341654,2.588435821108957,6.451259970232696,2337.8368,0.0,Standingtositting,Standingtositting_Chrysi_3_20sek_20260202_103826.csv
0.9551785687772326,0.009029529146632808,0.9859513172565875,0.9354143466934854,0.050536970563102024,45.622299999999996,5.431495878394302,2.0127523350452994,9.74439839087052,2.3656077443227987,7.3787906465477215,1673.5648,0.0,Standingtositting,Standingtositting_Chrysi_3_20sek_20260202_103826.csv
0.953832487774581,0.00739451435904662,0.9644169222903546,0.9235258523723091,0.040891069918045475,45.49249999999999,5.506034391127074,1.4530640686065448,10.187865330872802,3.092668750448389,7.095196580424412,1619.2791,0.0,Standingtositting,Standingtositting_Chrysi_3_20sek_20260202_103826.csv
0.956358703445358,0.008331789644918475,0.9758073580374356,0.9417005893594843,0.03410676867795126,45.7345,6.99053116688706,3.5064052184393373,13.774911977940185,2.072703548508566,11.70220842943162,3045.8253000000004,0.0,Standingtositting,Standingtositting_Chrysi_3_20sek_20260202_103826.csv
0.9542191170086072,0.006216890694903551,0.9660745312862771,0.9419660291114537,0.02410850217482341,45.5286,4.642394431014663,2.0636484302708205,7.28838116456597,0.9792854537876073,6.3090957107783625,1286.2649,0.0,Standingtositting,Standingtositting_Chrysi_3_20sek_20260202_103826.csv
0.9503260386370704,0.01051821977901974,0.9633794683301072,0.9183681179135086,0.04501135041659865,45.16140000000001,9.847251466956592,5.489065433494568,27.579838650724554,5.614365502886323,21.96547314783823,6324.7802,0.0,Standingtositting,Standingtositting_Chrysi_3_20sek_20260202_103826.csv
0.9483511820546678,0.05707170119293233,1.0768936809174803,0.7865112840894274,0.2903823968280529,45.1281,38.997925985011186,12.909897597864047,63.26166453706384,6.645727951097607,56.61593658596623,84208.5189,0.0,Standingtositting,Standingtositting_Chrysi_3_20sek_20260202_103826.csv
1.0024338682280363,0.3608469909065363,2.317282891664287,0.2353720459187964,2.0819108457454907,56.623999999999995,54.865750640609974,36.58231699854515,172.6516611562136,19.751144270649235,152.90051688556437,216087.5596,0.0,Standingtositting,Standingtositting_Chrysi_3_20sek_20260202_103826.csv
0.9221631415901697,0.026169391150982855,0.9767804256842988,0.876013698523031,0.10076672716126778,42.552800000000005,16.350760438205796,11.51726242506262,37.722053231498414,1.9448907424325923,35.77716248906582,19867.0877,0.0,Standingtositting,Standingtositting_Chrysi_3_20sek_20260202_103826.csv
0.918420408133344,0.009255661487612926,0.934986630920464,0.8938120607823549,0.0411745701381091,42.179,9.428036769262759,6.521900990354669,25.008072696631384,1.4964959071110084,23.511576789520376,6528.6183,0.0,Standingtositting,Standingtositting_Chrysi_3_20sek_20260202_103826.csv
0.9201773974114029,0.010952461897197058,0.9492101980067429,0.8926925562588723,0.05651764174787055,42.3422,11.10293537178303,8.505259125136856,26.995362564707296,1.2180722474467598,25.777290317260537,9708.3909,0.0,Standingtositting,Standingtositting_Chrysi_3_20sek_20260202_103826.csv
0.9142695297958177,0.012004543652320574,0.9409569596958194,0.892972563968233,0.04798439572758639,41.801500000000004,9.423592063436317,5.889120774086364,19.281563733266033,0.7218032973047436,18.55976043596129,6139.6098,0.0,Standingtositting,Standingtositting_Chrysi_3_20sek_20260202_103826.csv
0.9204369402083122,0.006839195259387683,0.9334345183246654,0.9034932207825358,0.029941297542129597,42.362500000000004,4.846615857452858,1.077474716918438,9.594045028036923,3.670326960912338,5.923718067124586,1231.3709,0.0,Standingtositting,Standingtositting_Chrysi_3_20sek_20260202_103826.csv
0.9189121334170545,0.006584696149796497,0.9368564457802487,0.9062560344626678,0.030600411317580956,42.222100000000005,4.517233793693408,0.6782035492374154,5.853768017268877,3.1233635715363013,2.7304044457325753,1042.8081,0.0,Standingtositting,Standingtositting_Chrysi_3_20sek_20260202_103826.csv
0.9188409211674369,0.006337577288987236,0.9322553298319083,0.9056489386070079,0.026606391224900383,42.21540000000001,4.773139267574926,1.2241279829774583,7.760090205661272,2.873238590858754,4.886851614802518,1212.5689,0.0,Standingtositting,Standingtositting_Chrysi_3_20sek_20260202_103826.csv
0.9096668113995177,0.008866775109310754,0.9194563611178075,0.8972736483370053,0.022182712780802194,6.6205,5.067938383138972,0.7981768831579312,6.5828641182998755,4.005159172866916,2.5777049454329592,209.9316,0.0,Standingtositting,Standingtositting_Chrysi_3_20sek_20260202_103826.csv
0.942703925583997,0.003952355087415252,0.9523654760647301,0.9298386956886662,0.022526780376063926,44.4353,5.546356972861101,0.7269760751719995,7.0090441573726725,4.115179218454526,2.8938649389181466,1564.0000000000002,0.0,Standingtositting,Standingtositting_p1_1_35sek_20260204_153210.csv
0.9419019257558674,0.005026689723857529,0.9579144011862437,0.9312894286955049,0.026624972490738807,44.36019999999999,4.210969684625647,1.6471144574319696,8.073784738274858,2.091267558204832,5.982517180070026,1019.5496,0.0,Standingtositting,Standingtositting_p1_1_35sek_20260204_153210.csv
0.9414520853417708,0.005147914738437822,0.9539916142189092,0.931396800509858,0.022594813709051254,44.3179,4.255546653232148,0.3145140115055767,4.915424701895046,3.611384775955063,1.3040399259399829,910.3308999999999,0.0,Standingtositting,Standingtositting_p1_1_35sek_20260204_153210.csv
0.9410622214689403,0.004273234680650148,0.9523654760647301,0.9312894286955049,0.021076047369225193,44.2808,5.662011352309519,0.8436131272614737,7.369246908606062,3.758257574994029,3.610989333612033,1637.7911000000001,0.0,Standingtositting,Standingtositting_p1_1_35sek_20260204_153210.csv
0.9420546073394785,0.0050625465944828,0.9523654760647301,0.9298386956886662,0.022526780376063926,44.374599999999994,4.7439753443576596,0.8297847840761554,6.433925706751672,3.34702853289302,3.086897173858652,1159.0037,0.0,Standingtositting,Standingtositting_p1_1_35sek_20260204_153210.csv
0.9418198205532811,0.006808279247484581,0.9539916142189092,0.9250945897582582,0.02889702446065101,44.353500000000004,4.506950845440896,1.2177136810263622,7.154809571190556,2.6139051245215463,4.5409044466690105,1088.2887999999998,0.0,Standingtositting,Standingtositting_p1_1_35sek_20260204_153210.csv
0.9386115143103774,0.006732892453919881,0.9572356031824141,0.9232551110067033,0.03398049217571075,44.051800000000014,5.333453437030182,0.9833078467398441,7.016516229582883,3.3141062143510123,3.7024100152318704,1469.6641,0.0,Standingtositting,Standingtositting_p1_1_35sek_20260204_153210.csv
0.9390311913613283,0.005751809877036026,0.9539916142189092,0.9276313923105449,0.02636022190836429,44.090599999999995,6.173118319142171,2.121199174194493,11.924822849837225,2.5147962144078395,9.410026635429386,2125.8443,0.0,Standingtositting,Standingtositting_p1_1_35sek_20260204_153210.csv
0.9414452173887153,0.00461835909483075,0.950946896519464,0.931396800509858,0.019550096009606,44.317,4.178767512670129,0.7757090732873414,5.987620562460517,2.3845754339085183,3.6030451285519987,902.5894000000001,0.0,Standingtositting,Standingtositting_p1_1_35sek_20260204_153210.csv
0.9385862548458246,0.006214057014578478,0.9555103348473003,0.9250945897582582,0.0304157450890421,44.0491,6.022213130883838,2.0846780709256367,10.277757537517608,3.2946168214224856,6.983140716095123,2026.3008,0.0,Standingtositting,Standingtositting_p1_1_35sek_20260204_153210.csv
0.9412489996667753,0.008226427442362369,0.9621330469326993,0.9233092656309694,0.03882378130172992,44.3008,7.530909475875322,4.179693434975689,19.475227854892996,3.1754999606361203,16.299727894256876,3691.7518999999998,0.0,Standingtositting,Standingtositting_p1_1_35sek_20260204_153210.csv
0.9396215613511473,0.00723663046182957,0.9567131231461183,0.9249324299644812,0.03178069318163712,44.147,7.207814444236772,1.7670022283378024,12.773018437315432,4.66139464109187,8.111623796223562,2750.6219999999994,0.0,Standingtositting,Standingtositting_p1_1_35sek_20260204_153210.csv
0.9354611440511198,0.004994688052849843,0.9481033698917013,0.924824307639024,0.023279062252677285,43.7556,6.972102737655714,2.0578682787356026,10.85836543868367,3.093299209581899,7.765066229101771,2638.0171000000005,0.0,Standingtositting,Standingtositting_p1_1_35sek_20260204_153210.csv
0.9380544602244811,0.00727237244488385,0.9555103348473004,0.9239047569960879,0.03160557785121254,43.99990000000001,8.995916160314152,1.5460695513959772,13.1138438300904,6.5912138487535055,6.522629981336894,4163.4516,0.0,Standingtositting,Standingtositting_p1_1_35sek_20260204_153210.csv
0.9396043255704808,0.010959636950357721,0.9665402216152207,0.9185858696931932,0.04795435192202746,44.1487,8.803198937033523,2.783365763693641,13.511454399878646,4.525903224771825,8.98555117510682,4254.4247,0.0,Standingtositting,Standingtositting_p1_1_35sek_20260204_153210.csv
0.9400148739126303,0.005154433698957076,0.9494208761134337,0.9300537618869137,0.019367114226520044,44.1827,3.874867325152126,1.177992590526402,6.597158479224218,1.7006469357276954,4.896511543496523,818.7254999999999,0.0,Standingtositting,Standingtositting_p1_1_35sek_20260204_153210.csv
0.9393257360749836,0.005264585879235465,0.9525754563287887,0.9317188417113824,0.02085661461740629,44.118,4.133176681194217,0.6553629015179858,5.524907239040307,3.118300819356593,2.4066064196837145,875.203,0.0,Standingtositting,Standingtositting_p1_1_35sek_20260204_153210.csv
0.9401260559920402,0.009948789530084452,0.9606247966818262,0.9237423883312923,0.03688240835053391,44.1967,5.656411336370305,2.2930117424028698,9.633550747258251,1.2972663566130127,8.336284390645238,1857.3867,0.0,Standingtositting,Standingtositting_p1_1_35sek_20260204_153210.csv
0.9128386950321867,0.06574158479502788,1.1337548235840056,0.8093207028119322,0.32443412077207334,41.8755,53.920131413683386,25.63683833723864,89.80439688567593,10.754831472412759,79.04956541326317,177574.1551,0.0,Standingtositting,Standingtositting_p1_1_35sek_20260204_153210.csv
1.0370838020797806,0.35778112603473095,2.1165301793265314,0.4888762624632127,1.6276539168633186,60.049499999999995,62.00518786526364,35.912360725109274,143.8692420220528,6.103556340364198,137.76568568168858,255427.35109999997,0.0,Standingtositting,Standingtositting_p1_1_35sek_20260204_153210.csv
0.9329757317229308,0.049551910690953764,1.1187046080176841,0.8013738203859669,0.3173307876317172,43.6425,6.230765282977301,3.732919193137547,18.49293108190262,0.8286132994346639,17.664317782467954,2623.9213999999997,0.0,Standingtositting,Standingtositting_p1_1_35sek_20260204_153210.csv
0.9302860200926046,0.008325080146832142,0.9434511116109832,0.9074690077352504,0.03598210387573275,43.275000000000006,4.312413358422586,1.0750002496907354,6.627608920266796,2.8486663546298296,3.778942565636966,986.4711000000002,0.0,Standingtositting,Standingtositting_p1_1_35sek_20260204_153210.csv
0.9294231749891075,0.0065901745948350856,0.9502105029939418,0.9121951545584968,0.03801534843544507,43.19349999999999,4.621588055790684,1.0863784822551632,7.903505551336066,2.994010688023675,4.909494863312391,1125.7845000000002,0.0,Standingtositting,Standingtositting_p1_1_35sek_20260204_153210.csv
0.930046823115555,0.011732860389606081,0.9687620966986683,0.900499861188218,0.0682622355104503,43.256099999999996,4.688243718102073,1.2247485538174805,7.628984204990858,2.7179036038829634,4.911080601107894,1172.4819,0.0,Standingtositting,Standingtositting_p1_1_35sek_20260204_153210.csv
0.9292347575182839,0.007054121673727034,0.9467840302835699,0.9140568910084317,0.03272713927513826,43.1763,5.282589916225481,1.2545841562425217,9.35993589721639,3.939720802290436,5.420215094925954,1472.4129000000003,0.0,Standingtositting,Standingtositting_p1_1_35sek_20260204_153210.csv
0.9288656764123873,0.006742734786886292,0.9453570753953239,0.9155326318597278,0.0298244435355961,43.1418,4.190472109622774,1.0948131414853575,6.565713974884986,1.923356441224559,4.642357533660427,936.735,0.0,Standingtositting,Standingtositting_p1_1_35sek_20260204_153210.csv
0.9291845669835215,0.010974947335907717,0.9695359714832659,0.9082400563727632,0.0612959151105027,43.1751,4.417758315732106,1.5835266324548183,8.302445422885958,2.044260257403641,6.258185165482317,1098.6996999999997,0.0,Standingtositting,Standingtositting_p1_1_35sek_20260204_153210.csv
0.928624245826066,0.012164269523107143,0.970103087305674,0.9063112048297759,0.06379188247589807,43.1244,7.183286666409167,2.636317520629846,14.45805657756256,3.182671833538607,11.275384744023953,2920.5387,0.0,Standingtositting,Standingtositting_p1_1_35sek_20260204_153210.csv
0.933522047989986,0.010534523506923705,0.9614052215377239,0.9159148432032314,0.04549037833449254,20.0461,7.890569210610933,2.2042077864522787,12.58897930731479,4.116564101286412,8.47241520602838,1538.8925999999997,0.0,Standingtositting,Standingtositting_p1_1_35sek_20260204_153210.csv
0.9518597312233585,0.007357633506207684,0.9675226095549395,0.9377632963600143,0.029759313194925197,45.304500000000004,6.4198725987329945,2.1135736774084664,10.610951889439514,3.348074073254652,7.2628778161848615,2279.6307,0.0,Standingtositting,Standingtositting_p1_2_35sek_20260204_153257.csv
0.9538885463282933,0.0061146514989839215,0.9689685237405805,0.9464671151181112,0.0225014086224693,45.496999999999986,5.31901541784289,2.2250335894620354,9.215340471192587,1.8938320939301878,7.321508377262399,1657.1842000000001,0.0,Standingtositting,Standingtositting_p1_2_35sek_20260204_153257.csv
0.9538559640109626,0.008005095361839314,0.9709788875150684,0.9390420650854786,0.03193682242958984,45.4952,5.2387174504077505,1.5197520859832114,9.107700038978008,2.4481421527354166,6.659557886242592,1485.3806999999997,0.0,Standingtositting,Standingtositting_p1_2_35sek_20260204_153257.csv
0.9567988834544191,0.007817864183074973,0.9750897394599125,0.9405317644821998,0.034557974977712735,45.776199999999996,5.04422850220104,2.422244029900879,10.563697269422292,1.7366058850527946,8.827091384369497,1559.7080999999998,0.0,Standingtositting,Standingtositting_p1_2_35sek_20260204_153257.csv
0.9543928539977595,0.004318947104697465,0.9626006440887104,0.9504209593648489,0.01217968472386144,45.5442,4.179076837059562,0.8549023037346831,5.19611393254613,1.9446850644770222,3.2514288680691075,909.0462,0.0,Standingtositting,Standingtositting_p1_2_35sek_20260204_153257.csv
0.9547468937901706,0.005380311615699504,0.9652978814852957,0.9476813810558905,0.017616500429405213,45.5785,4.9776080053167115,2.565818591859849,11.30674577409433,0.6592419889539803,10.64750378514035,1561.4169000000002,0.0,Standingtositting,Standingtositting_p1_2_35sek_20260204_153257.csv
0.9495863343284452,0.02649207922954954,0.9978977903573091,0.8429709366283039,0.15492685372900517,45.1201,15.15451793489838,16.333244180818713,62.34519067257715,1.6908577704821892,60.65433290209496,24554.9391,0.0,Standingtositting,Standingtositting_p1_2_35sek_20260204_153257.csv
0.962114754374725,0.012338731720564483,0.9882307422864358,0.9442457307290301,0.04398501155740575,46.2907,9.0434491751798,9.168961562724215,43.98658431840327,2.716376262596918,41.27020805580635,8208.6216,0.0,Standingtositting,Standingtositting_p1_2_35sek_20260204_153257.csv
0.9587721596597606,0.0065423160536048144,0.9707728879609278,0.9396275858019496,0.03114530215897815,45.964299999999994,7.022525833025508,4.290191105168478,15.190220538227877,1.9521526579650477,13.238067880262829,3367.6747,0.0,Standingtositting,Standingtositting_p1_2_35sek_20260204_153257.csv
0.959681610538846,0.004651792891855228,0.9729337079164233,0.9489994731294639,0.02393423478695944,46.0505,4.150741720611018,2.3632123521180124,12.483252781226534,1.0488088481701516,11.434443933056382,1135.0867,0.0,Standingtositting,Standingtositting_p1_2_35sek_20260204_153257.csv
0.961792298683126,0.017887807779934203,1.0052860289489753,0.916351460958076,0.08893456799089938,46.2679,27.79652971796363,11.413059635489038,45.008990213067435,5.890925224444798,39.118064988622635,45014.9918,0.0,Standingtositting,Standingtositting_p1_2_35sek_20260204_153257.csv
0.9553935904065655,0.012334099491121749,0.986610358753647,0.9120307012376283,0.0745796575160187,45.6463,10.477265177592708,7.3289387542588145,27.965212318164152,1.7826384939184952,26.182573824245658,8120.6080999999995,0.0,Standingtositting,Standingtositting_p1_2_35sek_20260204_153257.csv
0.9549856560777331,0.016048290829644485,0.9934284070832683,0.9309135298189624,0.06251487726430593,45.6125,17.665021405694752,6.426144997343578,29.124616735675684,2.7770127835499787,26.347603952125706,17626.120700000003,0.0,Standingtositting,Standingtositting_p1_2_35sek_20260204_153257.csv
0.9550029979097695,0.014331141464167524,0.991766101457395,0.9102197536858888,0.08154634777150616,45.611599999999996,8.971523780226814,3.6982551126703824,19.477443364055766,2.9181500989496754,16.559293265106092,4694.5894,0.0,Standingtositting,Standingtositting_p1_2_35sek_20260204_153257.csv
0.9524874360589224,0.010864853929915225,0.9815294188153506,0.9305912099305473,0.05093820888480327,45.367399999999996,8.680250553428888,3.2116580258803236,14.681423636691369,1.5469647701224485,13.13445886656892,4272.7600999999995,0.0,Standingtositting,Standingtositting_p1_2_35sek_20260204_153257.csv
0.9518106043781387,0.008723261964919862,0.9688137075826291,0.9267685795278129,0.042045128054816194,45.3009,6.557144601264458,2.0911647662731916,9.940668991571945,2.897913042173626,7.04275594939832,2364.0828,0.0,Standingtositting,Standingtositting_p1_2_35sek_20260204_153257.csv
0.9515967179626831,0.00636366941459566,0.9604686356149272,0.9381897462667134,0.02227888934821387,45.2788,4.139112085958154,1.7608466017727464,7.948641393345154,1.0651760417883984,6.883465351556755,1008.5409,0.0,Standingtositting,Standingtositting_p1_2_35sek_20260204_153257.csv
0.9482262645365174,0.017983871547557755,0.9770363350459388,0.8971621926942753,0.07987414235166346,44.972500000000004,14.598097175377637,10.606154973633283,54.58177901094834,4.129370412060415,50.45240859888792,16167.257700000002,0.0,Standingtositting,Standingtositting_p1_2_35sek_20260204_153257.csv
0.9899819661146746,0.09352347063118126,1.1879393923933999,0.7952358140828417,0.39270357831055813,49.4318,59.89697241457107,29.439954968357046,108.32071547031067,13.44146569388919,94.87924977642149,221851.2017,0.0,Standingtositting,Standingtositting_p1_2_35sek_20260204_153257.csv
1.0325550544318904,0.2375857730553794,1.5984367363145782,0.5442425929675111,1.054194143347067,56.0744,42.311186788718,39.9604995337898,132.01627513303046,3.448318430771729,128.56795670225873,167757.06100000002,0.0,Standingtositting,Standingtositting_p1_2_35sek_20260204_153257.csv
0.9901408161961213,0.034569718117053914,1.082866566110525,0.9268225288586808,0.15604403725184424,49.07749999999999,16.741186549241107,6.632489061162277,31.10388078680858,4.585248084891372,26.51863270191721,16168.872,0.0,Standingtositting,Standingtositting_p1_2_35sek_20260204_153257.csv
1.0037088225759951,0.01774534958079256,1.0382196299434914,0.9521029356114811,0.0861166943320103,50.387,4.492094199082349,2.1307495343501484,9.648865218252352,0.8837986195961158,8.765066598656237,1231.4101,0.0,Standingtositting,Standingtositting_p1_2_35sek_20260204_153257.csv
0.9993497130071988,0.010109154894584272,1.0261091559868276,0.9689685237405805,0.0571406322462471,49.94,4.951891621921109,1.0702104336023601,7.936605067659597,2.9955466946786187,4.9410583729809785,1282.1837,0.0,Standingtositting,Standingtositting_p1_2_35sek_20260204_153257.csv
0.9925844588390711,0.013480600995979567,1.0151847122568385,0.9517877914745493,0.0633969207822892,49.27009999999999,9.878514850554756,5.452178215468917,20.449276270812128,2.1357434302837035,18.313532840528424,6335.8389,0.0,Standingtositting,Standingtositting_p1_2_35sek_20260204_153257.csv
0.9720330003098023,0.019893756294735714,1.0128178513434685,0.9188579868510695,0.09395986449239901,47.26180000000001,12.03111426773076,5.271555696957768,23.860228414665276,1.69729196074217,22.162936453923106,8599.061199999998,0.0,Standingtositting,Standingtositting_p1_2_35sek_20260204_153257.csv
0.9906211873665204,0.012843768462233627,1.0203430795570674,0.9560334722173696,0.06430960733969782,49.074600000000004,8.228228506765243,7.056197568302215,23.928430788499274,1.8155164554473198,22.112914333051954,5824.893500000001,0.0,Standingtositting,Standingtositting_p1_2_35sek_20260204_153257.csv
0.9869700655487275,0.008456956485670882,1.0030952098380292,0.9671607932500159,0.03593441658801333,48.708999999999996,6.689468494106912,3.777625221300158,18.51873915794485,1.1883181392203015,17.33042101872455,2936.7015999999994,0.0,Standingtositting,Standingtositting_p1_2_35sek_20260204_153257.csv
0.987751884167633,0.007573808473068915,1.0030952098380292,0.9691749068150702,0.03392030302295901,48.7855,5.060470311703774,1.1586543146168808,8.1041841045228,2.646563809924106,5.457620294598693,1346.1995,0.0,Standingtositting,Standingtositting_p1_2_35sek_20260204_153257.csv
0.9869137855726394,0.02206622330396217,1.0466613587975817,0.910274683818022,0.1363866749795597,48.723800000000004,6.1847514428399935,3.5259894530108125,21.935042739871744,1.0722872749408154,20.862755464930927,2521.7549999999997,0.0,Standingtositting,Standingtositting_p1_2_35sek_20260204_153257.csv
0.9873208779016791,0.02266625783724999,1.0636728820459793,0.9441927769264071,0.11948010511957219,48.765299999999996,6.062778823875775,2.3751311312378025,14.097283426249186,2.2900436677059237,11.807239758543263,2114.2855,0.0,Standingtositting,Standingtositting_p1_2_35sek_20260204_153257.csv
0.9528842148941387,0.02947972332515025,1.0410091258005378,0.899944442729661,0.14106468307087683,45.442,23.51037125564255,13.263161327136517,47.527277430965896,3.7074519551843155,43.81982547578158,36256.538799999995,0.0,Standingtositting,Standingtositting_p1_3_35sek_20260204_153407.csv
0.9510531741489363,0.011151093166553083,0.9833107342035883,0.9226592003551474,0.06065153384844091,45.2312,28.744059504678166,16.834739264799932,52.92872943874621,5.391576763804815,47.537152674941396,55198.0617,0.0,Standingtositting,Standingtositting_p1_3_35sek_20260204_153407.csv
0.9554778905202952,0.01484617475940514,1.0289314845994362,0.9354143466934854,0.09351713790595073,45.657700000000006,33.01531551554708,26.618932486930273,74.75274510009649,1.5683430747129279,73.18440202538356,89220.3637,0.0,Standingtositting,Standingtositting_p1_3_35sek_20260204_153407.csv
0.9504383631996398,0.005240906448075801,0.957601169589929,0.9442986815621421,0.013302488027786885,45.168000000000006,6.332875286621032,2.415449973735102,10.631730809233273,2.85268294768276,7.779047861550513,2291.151,0.0,Standingtositting,Standingtositting_p1_3_35sek_20260204_153407.csv
0.9505941386909718,0.005604616024755695,0.9642613753542137,0.9434511116109832,0.020810263743230584,45.18299999999999,5.262722651365799,1.0746030566628442,7.161578038393494,2.6362473328578258,4.525330705535668,1441.3962999999999,0.0,Standingtositting,Standingtositting_p1_3_35sek_20260204_153407.csv
0.9522051436916564,0.0050874322089904805,0.9642613753542137,0.9433981132056604,0.020863262148553385,45.336,5.221091065104003,1.7746629717087796,8.734534904618561,2.281534571291875,6.4530003333266865,1517.3116,0.0,Standingtositting,Standingtositting_p1_3_35sek_20260204_153407.csv
0.951414038258353,0.005083768180332879,0.9656603957913983,0.9433981132056604,0.022262282585737925,45.2607,6.80844222153451,4.70636764872069,13.022783880568701,0.7220803279414278,12.300703552627272,3403.0892000000003,0.0,Standingtositting,Standingtositting_p1_3_35sek_20260204_153407.csv
0.9485442437614686,0.005327788814937406,0.9565563234854495,0.9362157870918436,0.02034053639360589,44.988200000000006,5.659425945575735,0.9934992612921111,8.275004531720814,4.081102792138418,4.193901739582396,1649.8201,0.0,Standingtositting,Standingtositting_p1_3_35sek_20260204_153407.csv
0.9503304720556881,0.005532269196495144,0.9580187889597991,0.9352005132590552,0.022818275700743906,45.157900000000005,7.6771077721143195,3.474149470916193,12.510179854822232,2.149255685115198,10.360924169707033,3538.3152,0.0,Standingtositting,Standingtositting_p1_3_35sek_20260204_153407.csv
0.9483808124213574,0.00781381762804303,0.9741663102366043,0.9280624978954812,0.04610381234112304,44.9743,4.428308431269259,2.58056243623275,11.643964101627933,1.593172934743746,10.050791166884187,1306.8015999999998,0.0,Standingtositting,Standingtositting_p1_3_35sek_20260204_153407.csv
0.9483683362154787,0.004683760904327878,0.9656603957913983,0.9373366524360393,0.028323743355359032,44.9712,10.296835566157148,6.463376678271639,21.601532353053106,1.4608559134972894,20.140676439555815,7348.2278,0.0,Standingtositting,Standingtositting_p1_3_35sek_20260204_153407.csv
0.9479478963177431,0.004821917093266488,0.9594269122762817,0.9362157870918436,0.02321112518443813,44.9314,4.373692284278068,1.3698584026507068,6.325741063306338,2.0173993159511086,4.308341747355229,1048.4083,0.0,Standingtositting,Standingtositting_p1_3_35sek_20260204_153407.csv
0.9471426717340466,0.003608292672734706,0.9571311299921239,0.9372833082905084,0.019847821701615476,44.8546,5.249311322066278,1.1473655023338036,6.7078610599802975,2.3631546711969573,4.34470638878334,1442.2694000000001,0.0,Standingtositting,Standingtositting_p1_3_35sek_20260204_153407.csv
0.9492660412027075,0.005712769382689215,0.957653381970742,0.9362157870918436,0.021437594878898403,45.056900000000006,5.3132441576287075,0.6611635703512363,6.913899044678046,3.911495877538413,3.002403167139633,1432.9479,0.0,Standingtositting,Standingtositting_p1_3_35sek_20260204_153407.csv
0.9499798897295513,0.006078492481405049,0.9596874491208063,0.9366963221877195,0.022991126933086803,45.1249,16.202828374981866,10.026671810872307,27.56522628240153,3.6405494090864914,23.924676873315036,18052.755599999997,0.0,Standingtositting,Standingtositting_p1_3_35sek_20260204_153407.csv
0.9497162641410491,0.009846662439260117,0.9810708435174292,0.9340235543068494,0.04704728921057988,45.10280000000001,12.752063752118731,6.7127417724786,22.9349013514338,1.0466613587975817,21.88823999263622,10338.740699999998,0.0,Standingtositting,Standingtositting_p1_3_35sek_20260204_153407.csv
0.948480301215137,0.00736221786426012,0.9626006440887104,0.9261209424259879,0.03647970166272252,44.9834,10.364023552504841,4.952375414696129,17.900139664259605,2.0943017929610814,15.805837871298523,6572.4243,0.0,Standingtositting,Standingtositting_p1_3_35sek_20260204_153407.csv
0.952795458934348,0.010729200765490507,0.9706183596038146,0.9201086892318755,0.0505096703719391,45.3966,9.214812999061058,2.3267748091697906,16.772349268960504,4.507216435894775,12.265132833065728,4510.9191,0.0,Standingtositting,Standingtositting_p1_3_35sek_20260204_153407.csv
0.9527415123510923,0.03184161445619442,1.002297361066066,0.8811923740024082,0.12110498706365769,45.4355,36.269329881867236,8.234013572402137,49.350919950898586,20.62668417366204,28.724235777236547,69095.3645,0.0,Standingtositting,Standingtositting_p1_3_35sek_20260204_153407.csv
1.0460088384697341,0.23631851094551962,1.6651126088045818,0.5470831746635972,1.1180294341409844,57.4432,58.474233803008126,30.182000906594208,130.74412376852734,4.131513040037511,126.61261072848984,215598.5067,0.0,Standingtositting,Standingtositting_p1_3_35sek_20260204_153407.csv
0.9732311057733979,0.09449767708563342,1.2308127396155761,0.7028513356322232,0.5279614039833529,47.79650000000001,15.509005960122073,11.1029258935127,42.542667993439245,3.278810760016503,39.26385723342274,18066.9365,0.0,Standingtositting,Standingtositting_p1_3_35sek_20260204_153407.csv
0.9781108142007986,0.01225724040299681,1.0005498488331304,0.9481561052906847,0.05239374354244564,47.842400000000005,10.172094992433491,4.298234742655276,21.215979826536415,5.054532619342762,16.161447207193653,6078.8421,0.0,Standingtositting,Standingtositting_p1_3_35sek_20260204_153407.csv
0.997068518423619,0.014155462222902829,1.044892338951722,0.9726253132630263,0.0722670256886957,49.7171,10.468684514715028,7.134239410811876,22.11268866510809,1.4719035294474976,20.640785135660593,7973.638999999999,0.0,Standingtositting,Standingtositting_p1_3_35sek_20260204_153407.csv
0.9962572530322552,0.019935758576623674,1.0458011283222064,0.9378166132032424,0.10798451511896401,49.6459,7.715648103760652,2.876502329561746,14.415800359327955,1.8876970095860193,12.528103349741937,3382.0003000000006,0.0,Standingtositting,Standingtositting_p1_3_35sek_20260204_153407.csv
0.9961480418562649,0.027238154248520198,1.0689246933250256,0.9304300081145276,0.13849468521049801,49.6519,8.452218700254134,3.3657565852111446,16.664240156694817,2.1469513268819114,14.517288829812905,4127.087600000001,0.0,Standingtositting,Standingtositting_p1_3_35sek_20260204_153407.csv
0.9889980061335147,0.017111395651890387,1.0308734160894828,0.9335416434203672,0.09733177266911563,48.9202,5.288300052179868,2.9652935563999305,14.469820316783482,1.108061370141564,13.361758946641917,1829.1612,0.0,Standingtositting,Standingtositting_p1_3_35sek_20260204_153407.csv
0.9903534554473383,0.028428809825217786,1.0772186407596185,0.9339164844888433,0.14330215627077514,49.0796,9.23942141410219,5.192067726657056,23.79450776965138,2.398291058232924,21.396216711418454,5589.266199999999,0.0,Standingtositting,Standingtositting_p1_3_35sek_20260204_153407.csv
0.988316770243789,0.032292692907056504,1.0919706955774957,0.9304300081145276,0.16154068746296812,48.88960000000001,7.6112278625958165,4.329572777109878,24.76333378202539,1.3121356637177424,23.451198118307648,3815.0543000000007,0.0,Standingtositting,Standingtositting_p1_3_35sek_20260204_153407.csv
0.9907338216967558,0.019859058133236795,1.0469479452198185,0.9537295214053091,0.0932184238145094,49.097,8.781417886975415,6.0920069658317955,21.841490333766146,1.7862250698050344,20.05526526396111,5674.1799,0.0,Standingtositting,Standingtositting_p1_3_35sek_20260204_153407.csv
0.9923768824568805,0.01237686968613486,1.0202450685987168,0.9633794683301071,0.05686560026860965,49.2481,4.854968068178568,1.4787505264085397,9.780981545836799,2.8414960848116615,6.9394854610251375,1285.6842000000001,0.0,Standingtositting,Standingtositting_p1_3_35sek_20260204_153407.csv
0.99848578320886,0.00453340546295672,1.007422453591342,0.985291834940288,0.022130618651054035,49.8497,7.518283742587394,1.573045131475665,9.262990877680924,4.648644963857747,4.614345913823176,2947.4786,0.0,Standingtositting,Standingtositting_p2_1_35sek_20260204_155152.csv
0.9979983448239986,0.006002017395450852,1.0121264743103997,0.985291834940288,0.026834639370111657,49.8018,4.900457507977623,0.392246554732787,5.773915482581988,4.192767582397098,1.5811479001848907,1208.2632,0.0,Standingtositting,Standingtositting_p2_1_35sek_20260204_155152.csv
0.9990776106532421,0.004277121315054848,1.0097029266076234,0.9910600385445878,0.0186428880630356,49.90869999999999,4.2838261219185805,0.359321578965443,5.0291251724330746,3.3769512877742254,1.6521738846588492,923.8847999999999,0.0,Standingtositting,Standingtositting_p2_1_35sek_20260204_155152.csv
0.9972310083015111,0.0055619041255273735,1.008265837961398,0.9813256340277675,0.026940203933630502,49.724999999999994,4.4414823259672165,0.32650397397470243,5.082450196509553,3.703592850192904,1.3788573463166491,991.5618999999999,0.0,Standingtositting,Standingtositting_p2_1_35sek_20260204_155152.csv
0.998157443031335,0.005122870005077082,1.008265837961398,0.986154146165801,0.02211169179559702,49.81719999999999,5.032859363445266,0.27523390383028323,5.7120049019586805,4.645115714382151,1.0668891875765292,1270.1955999999998,0.0,Standingtositting,Standingtositting_p2_1_35sek_20260204_155152.csv
0.9993889186955794,0.004715280033677187,1.01316336293808,0.9910600385445878,0.022103324393492274,49.93999999999998,4.804284453812414,0.1996039109886964,5.191252257403795,4.338029506584758,0.8532227508190369,1156.0097,0.0,Standingtositting,Standingtositting_p2_1_35sek_20260204_155152.csv
0.9995172234373044,0.0048781114802545315,1.011830025251277,0.986154146165801,0.025675879085476083,49.95289999999999,5.246519622681856,0.19258141351349212,5.711934873578304,4.715177621256701,0.9967572523216033,1378.1157,0.0,Standingtositting,Standingtositting_p2_1_35sek_20260204_155152.csv
1.00044663957205,0.004347338969457918,1.0096038827183658,0.9910600385445878,0.018543844173777968,50.045599999999986,5.356523303856388,0.33258127017139283,5.9011524298225,4.7048166808070215,1.1963357490154785,1440.037,0.0,Standingtositting,Standingtositting_p2_1_35sek_20260204_155152.csv
0.9998784115866254,0.004646926020017469,1.0096038827183658,0.9896969233053117,0.019906959413054093,49.988899999999994,4.602822802565,0.4821933816783075,5.4624262008744795,3.6337446250390246,1.8286815758354549,1070.6919,0.0,Standingtositting,Standingtositting_p2_1_35sek_20260204_155152.csv
1.0001512757346458,0.00529011847023192,1.0096038827183658,0.9896969233053117,0.019906959413054093,50.01649999999999,4.6922881068275695,0.2594545348173628,5.275547364966028,4.051839088611492,1.223708276354536,1104.1769,0.0,Standingtositting,Standingtositting_p2_1_35sek_20260204_155152.csv
1.0011505131135177,0.005311721015218684,1.0146920715172656,0.9946858800646564,0.02000619145260918,50.11649999999999,4.799793232279299,0.1948178829475526,5.2902646436638685,4.38521379182361,0.9050508518402589,1153.7604999999996,0.0,Standingtositting,Standingtositting_p2_1_35sek_20260204_155152.csv
1.001849338071696,0.004938789129554013,1.0096038827183658,0.9910600385445878,0.018543844173777968,50.18629999999999,4.504972403632072,0.22353295541507473,4.929310296583083,4.010224432622194,0.9190858639608885,1017.1872,0.0,Standingtositting,Standingtositting_p2_1_35sek_20260204_155152.csv
1.0005185097358997,0.005021553123248497,1.0096038827183658,0.986154146165801,0.02344973655256477,50.05309999999999,4.964041338509868,0.26102933912265913,5.580403211238414,4.58664365304304,0.9937595581953742,1235.4240000000002,0.0,Standingtositting,Standingtositting_p2_1_35sek_20260204_155152.csv
1.0005951159474842,0.00467450117830253,1.0096038827183658,0.9875221516502807,0.022081731068085086,50.060599999999994,4.855354021762204,0.30448907248512525,5.613385787561728,4.217262145041496,1.396123642520232,1183.2661,0.0,Standingtositting,Standingtositting_p2_1_35sek_20260204_155152.csv
1.0019303703174856,0.003430510681604482,1.0062305898749053,0.9960421677820673,0.01018842209283799,50.19379999999999,4.85599031745834,0.2998877966208234,5.477307732819107,4.323123870536212,1.1541838622828955,1183.4388000000001,0.0,Standingtositting,Standingtositting_p2_1_35sek_20260204_155152.csv
1.0025628775981184,0.004247023228822512,1.0096038827183658,0.9926227883743148,0.01698109434405093,50.25749999999999,4.725813963933846,0.2432819358146935,5.192590875468623,4.261689805699143,0.9309010697694804,1119.566,0.0,Standingtositting,Standingtositting_p2_1_35sek_20260204_155152.csv
1.0016328005634543,0.004921095303976112,1.010099005048515,0.9926227883743148,0.017476216674200185,50.16459999999999,4.818219310239841,0.4233451315897273,5.740017421576349,4.051308430618434,1.688708990957915,1169.5437,0.0,Standingtositting,Standingtositting_p2_1_35sek_20260204_155152.csv
1.001872617977556,0.005076692117418094,1.0114346246792225,0.9912618221237011,0.020172802555521452,50.1887,4.88396177375133,0.24446817024100323,5.602410195621166,4.464582847254602,1.1378273483665646,1195.5826000000002,0.0,Standingtositting,Standingtositting_p2_1_35sek_20260204_155152.csv
1.0026575715201196,0.014975976455381953,1.0989540481748998,0.9890399385262457,0.10991410964865411,50.2771,5.743636409046235,6.570867118925011,49.180754365910246,3.9179331285768524,45.26282123733339,3765.1063999999997,0.0,Standingtositting,Standingtositting_p2_1_35sek_20260204_155152.csv
1.046304834426047,0.32599642144129837,2.252243326108438,0.6316644678941503,1.6205788582142877,59.9451,75.35942591898117,37.55962282147435,146.53094860813533,21.911563157383362,124.61938545075196,353077.69180000003,0.0,Standingtositting,Standingtositting_p2_1_35sek_20260204_155152.csv
0.9529892295094478,0.08218650044935129,1.1748191350161097,0.6480740698407861,0.5267450651753236,45.7404,16.659801733989685,15.025986136410015,64.10606679558495,2.7459424611597383,61.360124334425215,24940.682399999998,0.0,Standingtositting,Standingtositting_p2_1_35sek_20260204_155152.csv
0.9497578191634564,0.027665733204638103,1.0148398888494676,0.8814760348415605,0.13336385400790718,45.1395,6.148646216036532,1.543770136618116,9.941981693807326,4.113502157529518,5.828479536277809,2007.0706,0.0,Standingtositting,Standingtositting_p2_1_35sek_20260204_155152.csv
0.9483888745681317,0.02255475413464518,0.9956907150315303,0.9037698822156003,0.09192083281593,44.997,5.141007579621786,1.0312876171352399,7.73623939650267,3.599458292576815,4.1367811039258555,1373.6121,0.0,Standingtositting,Standingtositting_p2_1_35sek_20260204_155152.csv
0.947274857079666,0.02031248597357638,0.9964436762808021,0.8976079322287654,0.09883574405203666,44.886700000000005,5.00106527549111,1.8267954853186648,11.734061530433527,2.8127211024202166,8.92134042801331,1414.0546,0.0,Standingtositting,Standingtositting_p2_1_35sek_20260204_155152.csv
0.9466694425408657,0.008746227137988475,0.9658674857349738,0.9287626176801045,0.037104868054869344,44.81289999999999,5.568540827657631,1.0288734927044552,8.75637482066637,3.365635155509284,5.390739665157086,1602.3028000000002,0.0,Standingtositting,Standingtositting_p2_1_35sek_20260204_155152.csv
0.947806833618181,0.006716272250049461,0.9758073580374356,0.9345587193964862,0.04124863864094941,44.91909999999999,4.908225006950587,0.6065924237205893,7.070431387122005,4.199118955209532,2.8713124319124725,1222.5634,0.0,Standingtositting,Standingtositting_p2_1_35sek_20260204_155152.csv
0.9465795332291307,0.028556911878595406,1.0164152694642086,0.8863972021616494,0.13001806730255916,44.8406,5.222353774757271,1.6281569182005047,9.85803733001656,3.1144341380096643,6.743603192006895,1493.5428000000002,0.0,Standingtositting,Standingtositting_p2_1_35sek_20260204_155152.csv
0.9475681519803423,0.008606911826105918,0.9660745312862771,0.9342911751697113,0.0317833561165658,44.89789999999999,4.587006419647329,0.6677758591591213,6.287018371215405,2.9272683512107327,3.359750020004672,1073.8817000000001,0.0,Standingtositting,Standingtositting_p2_1_35sek_20260204_155152.csv
0.9463453902771499,0.0078507962152369,0.9666436778875657,0.9278469701410896,0.038796707746476033,44.7815,5.040065124380315,0.7179047901779535,7.039126366247448,4.103376658314467,2.935749707932981,1295.3668000000002,0.0,Standingtositting,Standingtositting_p2_1_35sek_20260204_155152.csv
0.9466944655733003,0.015172102920287972,0.9968450230602548,0.9121951545584969,0.08464986850175793,44.82280000000001,5.365915329626381,1.9056876939889782,13.216270275686707,3.4528104494744567,9.76345982621225,1617.6029999999998,0.0,Standingtositting,Standingtositting_p2_1_35sek_20260204_155152.csv
0.9474088199311645,0.006105193225822125,0.957601169589929,0.9353608929178086,0.022240276672120474,44.881,5.485808053971018,1.298422903256379,8.508877716831991,3.8224337796749337,4.686443937157057,1587.3137,0.0,Standingtositting,Standingtositting_p2_1_35sek_20260204_155152.csv
0.9470208721242045,0.004893536043727891,0.9561380653441217,0.9347726996441434,0.021365365699978267,44.843599999999995,4.778357500244283,0.27913422975995184,5.493750995449284,4.1914436653735425,1.3023073300757417,1145.4528999999998,0.0,Standingtositting,Standingtositting_p2_1_35sek_20260204_155152.csv
0.9479834080305379,0.005096827625431655,0.9568176419778223,0.9353608929178086,0.021456749060013713,44.93489999999999,4.792055044431624,0.18142984008955984,5.167175243786493,4.367298936413673,0.7998763073728199,1149.8025,0.0,Standingtositting,Standingtositting_p2_1_35sek_20260204_155152.csv
0.9474233387972153,0.004405134103073721,0.9568176419778223,0.9353608929178086,0.021456749060013713,44.8815,4.7655649896039405,0.1934707958270469,5.147853921781386,4.3041491609840845,0.8437047607973014,1137.3645999999997,0.0,Standingtositting,Standingtositting_p2_1_35sek_20260204_155152.csv
0.946769074906137,0.004323500256368899,0.9561380653441217,0.9356815697661252,0.02045649557799656,44.81949999999999,4.740649498530389,0.2022029998454846,5.186347462328378,4.232918614856657,0.953428847471721,1125.6913,0.0,Standingtositting,Standingtositting_p2_1_35sek_20260204_155152.csv
0.94764395355648,0.005797368143548221,0.9561380653441217,0.9353608929178086,0.020777172426313162,44.9031,4.628486468424068,0.1772148805635817,5.085754614607354,4.134440711873856,0.9513139027334976,1072.6832,0.0,Standingtositting,Standingtositting_p2_1_35sek_20260204_155152.csv
0.9473317097405476,0.003863978077389503,0.9568176419778223,0.9447221813845591,0.012095460593263163,44.8726,4.820539484717359,0.37401445497672,5.429189626454394,4.0142371628990725,1.4149524635553217,1168.7345,0.0,Standingtositting,Standingtositting_p2_1_35sek_20260204_155152.csv
0.9488487874756987,0.004735720307713191,0.9561380653441217,0.9442457307290301,0.011892334615091649,45.016799999999996,4.869307949142613,0.4611875713148272,5.818487776046282,3.913808886494076,1.9046788895522058,1195.9299999999998,0.0,Standingtositting,Standingtositting_p2_1_35sek_20260204_155152.csv
0.9484546876688419,0.005261051294820534,0.9561380653441217,0.9447221813845591,0.011415883959562612,10.7951,5.022436537186371,0.13583906227074716,5.259980988558799,4.721588715676113,0.5383922728826862,302.90139999999997,0.0,Standingtositting,Standingtositting_p2_1_35sek_20260204_155152.csv
1.0027510742830612,0.004549391545629443,1.0153817016275208,0.9951884243699782,0.020193277257542608,50.276500000000006,4.845305865665719,0.46327479849851844,5.780138406647371,4.119975728083844,1.6601626785635268,1184.3660000000002,0.0,Standingtositting,Standingtositting_p2_2_35sek_20260204_155241.csv
1.00424272314156,0.00500540699726426,1.0153817016275208,0.993327740476425,0.022053961151095813,50.4264,4.7346857541691145,0.3857312288184106,5.408243707526502,3.982135105693929,1.4261086018325728,1128.1530999999998,0.0,Standingtositting,Standingtositting_p2_2_35sek_20260204_155241.csv
1.0036957493942789,0.005789033250579789,1.0141498903022177,0.993327740476425,0.02082214982579267,50.3719,4.874283413385481,0.3175274469820368,5.687187354044177,4.200059523387734,1.4871278306564433,1192.8722999999998,0.0,Standingtositting,Standingtositting_p2_2_35sek_20260204_155241.csv
1.0050557854655175,0.005612313565936465,1.013755394560246,0.993327740476425,0.020427654083820967,50.508399999999995,4.687292188537019,0.26105347657613304,5.278996116687339,4.1986902719776795,1.0803058447096596,1101.8746999999998,0.0,Standingtositting,Standingtositting_p2_2_35sek_20260204_155241.csv
1.0030924826837149,0.005666873253483106,1.0124228365658292,0.9880283396745257,0.024394496891303463,50.31129999999999,4.736320281225922,0.3206660696304692,5.300669769000895,4.085351882029258,1.2153178869716372,1126.675,0.0,Standingtositting,Standingtositting_p2_2_35sek_20260204_155241.csv
1.0046367075640594,0.00598346487283144,1.0220567498920987,0.993327740476425,0.02872900941567369,50.466499999999996,4.79783952421197,0.3857009255747848,5.559955035789408,4.097779886719149,1.4621751490702595,1158.2527,0.0,Standingtositting,Standingtositting_p2_2_35sek_20260204_155241.csv
1.004875879834005,0.006425882599139481,1.0207350292803712,0.993327740476425,0.02740728880394616,50.49079999999999,4.601117077612192,0.36801125496519604,5.405876432180078,3.991916832801004,1.4139595993790737,1065.1501,0.0,Standingtositting,Standingtositting_p2_2_35sek_20260204_155241.csv
1.0020082553743705,0.0056655206373382744,1.0133607452432722,0.9912618221237011,0.02209892311957118,50.2026,4.445143458410043,0.8307014703313177,5.9124022190645995,3.0489834371475357,2.863418781917064,1021.7782,0.0,Standingtositting,Standingtositting_p2_2_35sek_20260204_155241.csv
1.0030441168813782,0.005758719179429098,1.0133607452432722,0.9912618221237011,0.02209892311957118,50.30649999999999,4.987709103232854,0.329371543707412,6.199564500833909,4.533629892260726,1.665934608573183,1249.1779,0.0,Standingtositting,Standingtositting_p2_2_35sek_20260204_155241.csv
1.0031224879164893,0.005078389210407435,1.0114346246792225,0.9951884243699782,0.016246200309244285,50.31399999999999,4.809556739519442,0.29276996845946657,5.318101164889589,4.188054440906899,1.13004672398269,1160.7918,0.0,Standingtositting,Standingtositting_p2_2_35sek_20260204_155241.csv
1.0038044674931101,0.004583804773073072,1.0153817016275208,0.9951884243699782,0.020193277257542608,50.3822,4.939232023396262,0.29324194067750653,5.388534123488503,4.225008875730322,1.163525247758181,1224.0142,0.0,Standingtositting,Standingtositting_p2_2_35sek_20260204_155241.csv
1.0027112325045409,0.004757830197537429,1.0141498903022177,0.993327740476425,0.02082214982579267,50.2726,4.959655436475044,0.27778267721136024,5.58829133098839,4.273452936443784,1.3148383945446067,1233.6901,0.0,Standingtositting,Standingtositting_p2_2_35sek_20260204_155241.csv
1.0034804865245084,0.004835367632238614,1.0124228365658292,0.9920685460188726,0.020354290546956588,50.3498,4.902215410197668,0.4238430495279717,5.852657516034917,4.032604617365804,1.820052898669113,1210.3883,0.0,Standingtositting,Standingtositting_p2_2_35sek_20260204_155241.csv
1.005105344474734,0.005272813244994054,1.0167103815738285,0.993327740476425,0.02338264109740351,50.5132,4.6164597014,0.1614090549195475,4.969959758388391,4.274119792425102,0.6958399659632892,1066.8616000000002,0.0,Standingtositting,Standingtositting_p2_2_35sek_20260204_155241.csv
1.0041505877468624,0.0039894155409797,1.0153817016275208,0.993327740476425,0.022053961151095813,50.416700000000006,4.911489007950794,0.35707674356420255,5.577033261510998,4.29313405334611,1.283899208164888,1212.3839,0.0,Standingtositting,Standingtositting_p2_2_35sek_20260204_155241.csv
1.0038679284276892,0.00506914176809449,1.0178899744078433,0.9986991538997118,0.01919082050813159,50.3888,4.807904029233757,0.247907252402342,5.346428714571999,4.419524861339735,0.9269038532322647,1158.8085,0.0,Standingtositting,Standingtositting_p2_2_35sek_20260204_155241.csv
1.0050857668392665,0.005942006903777246,1.0153817016275208,0.9920685460188726,0.023313155608648217,50.51159999999999,4.899479369687041,0.31814177626840606,5.476066106248171,4.190799446406378,1.2852666598417928,1205.2043999999999,0.0,Standingtositting,Standingtositting_p2_2_35sek_20260204_155241.csv
1.004168540359742,0.005105274561902185,1.013755394560246,0.9920685460188726,0.02168684854137337,50.41899999999999,4.831240818182774,0.22097224113376343,5.414582163011288,4.295776996074167,1.118805166937121,1169.4370000000001,0.0,Standingtositting,Standingtositting_p2_2_35sek_20260204_155241.csv
1.0059684276297396,0.00584865344256962,1.0178899744078433,0.9946356116689166,0.02325436273892678,50.600300000000004,5.36667499289363,0.827609984459891,7.374408450852177,4.432617736733002,2.9417907141191746,1473.622,0.0,Standingtositting,Standingtositting_p2_2_35sek_20260204_155241.csv
0.9803631085645137,0.058100681137981475,1.0542770034483346,0.795989949685296,0.2582870537630386,48.221,7.836044947588436,9.719087446631978,49.388601923925734,2.1739595212422884,47.214642402683445,7698.752399999999,0.0,Standingtositting,Standingtositting_p2_2_35sek_20260204_155241.csv
1.0303465377293866,0.2847698895403844,2.1048515387076594,0.7614459928320589,1.3434055458756005,57.0543,48.554574746283606,22.55781861847548,99.19701104368015,12.657938220737215,86.53907282294293,142811.24029999998,0.0,Standingtositting,Standingtositting_p2_2_35sek_20260204_155241.csv
0.9617271573997282,0.04482249252964074,1.0857716150277645,0.8820997676000147,0.2036718474277498,46.34440000000001,15.193284206580527,7.2387093658846124,33.355222979317645,3.901102408294353,29.454120571023292,14109.341000000002,0.0,Standingtositting,Standingtositting_p2_2_35sek_20260204_155241.csv
0.9598080965222671,0.03695581821998116,1.0354226190305098,0.8962700485902672,0.13915257044024265,46.128499999999995,14.270963072410934,4.590458714560587,20.72556151229684,3.463452035181085,17.262109477115754,11215.5626,0.0,Standingtositting,Standingtositting_p2_2_35sek_20260204_155241.csv
0.9554665451319729,0.01665009448926759,0.9968450230602548,0.9153141537199128,0.08153086934034204,45.6594,5.479563812438082,4.296450650153344,16.985199439512037,1.7380736463107656,15.247125793201272,2405.7959000000005,0.0,Standingtositting,Standingtositting_p2_2_35sek_20260204_155241.csv
0.9511261703743656,0.00580359046089417,0.9635351576356723,0.9423905772024675,0.021144580433204774,45.233699999999985,4.316914985384644,0.42964034432408527,5.114577206377865,3.5037408579973492,1.6108363483805155,940.8327,0.0,Standingtositting,Standingtositting_p2_2_35sek_20260204_155241.csv
0.9501277218364826,0.004877289919066134,0.954725091322104,0.9430800602281866,0.011645031093917457,45.1383,4.983626446622945,0.5500718325265743,5.69762231110487,3.711347464196798,1.986274846908072,1256.653,0.0,Standingtositting,Standingtositting_p2_2_35sek_20260204_155241.csv
0.9500970959335785,0.00510185026264375,0.9635351576356723,0.942814934120159,0.02072022351551328,45.13549999999999,4.469808708609211,0.19744828421653896,5.0468802244555,4.122656910294622,0.9242233141608782,1000.8698,0.0,Standingtositting,Standingtositting_p2_2_35sek_20260204_155241.csv
0.9498072339327983,0.005733749790491529,0.964157663455516,0.9430800602281866,0.021077603227329433,45.10829999999999,4.599627158413884,0.2356276974758593,5.014339438051636,3.9722160062111427,1.0421234318404937,1060.549,0.0,Standingtositting,Standingtositting_p2_2_35sek_20260204_155241.csv
0.9504442294712344,0.004924601385652983,0.9635351576356723,0.9430800602281866,0.020455097407485745,45.1684,4.971238938661951,0.27545401247943185,5.460897362155784,4.2487645263064415,1.2121328358493422,1239.3786999999998,0.0,Standingtositting,Standingtositting_p2_2_35sek_20260204_155241.csv
0.9495191927574441,0.004876284263223825,0.9546727187890098,0.942814934120159,0.01185778466885079,45.080499999999994,4.454026843972714,0.2867034184901639,5.148145297094867,3.7899208435005605,1.3582244535943069,995.9455000000002,0.0,Standingtositting,Standingtositting_p2_2_35sek_20260204_155241.csv
0.9492636318467853,0.005005838738923115,0.95420123663722,0.9430800602281866,0.011121176409033429,45.05630000000001,4.806270657534587,0.3020277837639302,5.350710233230725,4.243418433291725,1.1072917999389995,1159.4817,0.0,Standingtositting,Standingtositting_p2_2_35sek_20260204_155241.csv
0.9493999795966341,0.004915483856314787,0.95420123663722,0.942814934120159,0.011386302517060964,45.069199999999995,4.588269196899087,0.37367968492483006,5.467952084647414,3.6769960565657396,1.7909560280816743,1059.4529,0.0,Standingtositting,Standingtositting_p2_2_35sek_20260204_155241.csv
0.9486457150604285,0.005468583509497021,0.9546727187890098,0.9327915093953204,0.021881209393689427,44.9979,4.753869302492621,0.29943595754644575,5.700850813694391,4.208277557386157,1.4925732563082343,1134.3571,0.0,Standingtositting,Standingtositting_p2_2_35sek_20260204_155241.csv
0.951393275062749,0.003619133588988014,0.95420123663722,0.942814934120159,0.011386302517060964,45.2581,5.146358866943384,0.44266633289508245,6.031368004026946,4.300848753443906,1.7305192505830407,1333.8521999999998,0.0,Standingtositting,Standingtositting_p2_2_35sek_20260204_155241.csv
0.9497012811289136,0.005098681512278437,0.9633794683301072,0.9423905772024675,0.020988891127639686,45.097899999999996,4.751118297854255,0.6732050357791876,6.122376989372674,3.633345565728644,2.4890314236440294,1150.8633,0.0,Standingtositting,Standingtositting_p2_2_35sek_20260204_155241.csv
0.9501602749441997,0.005482059605010887,0.9635351576356723,0.9421252570651102,0.021409900570562135,45.1417,4.7771284969315495,0.684462640268249,5.861006739460381,3.58438279205779,2.2766239474025904,1164.0038000000002,0.0,Standingtositting,Standingtositting_p2_2_35sek_20260204_155241.csv
0.9512625388941923,0.004470092974339477,0.9637945839233586,0.942814934120159,0.02097964980319955,45.245999999999995,4.600560959147649,0.3725516827130383,5.45286163404134,3.964202315725069,1.4886593183162709,1065.059,0.0,Standingtositting,Standingtositting_p2_2_35sek_20260204_155241.csv
0.9505014987184771,0.004391658829438924,0.95420123663722,0.9430800602281866,0.011121176409033429,45.17359999999999,4.707711244185104,0.26425258744729807,5.205285775055967,3.8479864864627578,1.3572992885932091,1111.5489,0.0,Standingtositting,Standingtositting_p2_2_35sek_20260204_155241.csv
0.9514821357588006,0.0047105322580628835,0.9635351576356723,0.942814934120159,0.02072022351551328,45.267,5.155166375965031,0.5584048309461962,6.467750768234656,4.296766225895936,2.1709845423387204,1344.066,0.0,Standingtositting,Standingtositting_p2_2_35sek_20260204_155241.csv
0.950739060715784,0.00419407128551696,0.9538343671728337,0.942814934120159,0.01101943305267461,45.19609999999999,4.487108136739823,0.2875025629047598,4.915902765515201,3.7956554111246716,1.120247354390529,1010.7572,0.0,Standingtositting,Standingtositting_p2_2_35sek_20260204_155241.csv
1.0163943006060168,0.01566960191222224,1.0618851161966627,0.9989494481704267,0.06293566802623596,51.6649,7.25888572929441,1.650817351374132,10.364000192975682,3.8329492561211924,6.53105093685449,2768.1058,0.0,Standingtositting,Standingtositting_p2_3_35sek_20260204_155335.csv
1.0064440071680876,0.0062646103061704565,1.0234256201600582,0.9958915603618699,0.02753405979818835,50.648399999999995,4.452516067800122,0.6405678810129669,5.508493441949441,3.175484215045006,2.333009226904435,1011.351,0.0,Standingtositting,Standingtositting_p2_3_35sek_20260204_155335.csv
1.00527030409705,0.006195431218581674,1.0178899744078433,0.993327740476425,0.02456223393141832,50.5303,4.07064136160052,0.5017936249778646,5.126538793377068,3.3187497645950956,1.8077890287819725,840.8441,0.0,Standingtositting,Standingtositting_p2_3_35sek_20260204_155335.csv
1.007107410929664,0.005408124137108661,1.0192153844992726,0.9986991538997118,0.02051623059956087,50.71469999999999,4.8136023593056185,0.45551980454647906,5.915885394427447,3.8432538297645653,2.072631564662882,1168.7058,0.0,Standingtositting,Standingtositting_p2_3_35sek_20260204_155335.csv
1.0047156315261316,0.004791549432648754,1.0178899744078433,0.9958915603618699,0.02199841404597347,50.4738,4.890458592931723,0.42088191036163786,5.8496153719710495,3.985423440489103,1.8641919314819466,1204.5092,0.0,Standingtositting,Standingtositting_p2_3_35sek_20260204_155335.csv
1.0057797803515625,0.005442972998708797,1.0178899744078433,0.9946356116689166,0.02325436273892678,50.58109999999999,4.725547061676733,0.20010958191420064,5.250085713586017,4.379817347789745,0.8702683657962726,1118.5019,0.0,Standingtositting,Standingtositting_p2_3_35sek_20260204_155335.csv
1.0048041111527644,0.005776289546226021,1.0178899744078433,0.9946356116689166,0.02325436273892678,50.4832,5.118957919687813,0.23738330423172818,5.576647738561223,4.7122075506072525,0.8644401879539707,1312.9477000000002,0.0,Standingtositting,Standingtositting_p2_3_35sek_20260204_155335.csv
1.0058887032424253,0.005142528687119071,1.0140019723846694,0.9891410415102591,0.024860930874410325,50.5919,4.623849546475338,0.3617352898999501,5.6805809562050955,4.000149997187605,1.6804309590174906,1075.411,0.0,Standingtositting,Standingtositting_p2_3_35sek_20260204_155335.csv
1.0060935272276539,0.005132377280463138,1.0195096860746344,0.9946356116689166,0.024874074405717872,50.612500000000004,4.759359549718044,0.29823062659705024,5.4997818138540735,4.142402684433275,1.3573791294207984,1136.9333000000001,0.0,Standingtositting,Standingtositting_p2_3_35sek_20260204_155335.csv
1.0050587480452267,0.004835347924692786,1.0166612021711068,0.9946356116689166,0.022025590502190218,50.5083,4.9404852486920126,0.3352116411216856,5.783156577510244,4.2142021783488275,1.5689543991614165,1225.9256999999998,0.0,Standingtositting,Standingtositting_p2_3_35sek_20260204_155335.csv
1.0054784723028913,0.004848914821119185,1.0166612021711068,0.9891410415102591,0.027520160660847726,50.5505,4.612324529141941,0.29386661884084914,5.284344803284509,3.82242069898121,1.461924104303299,1067.9084,0.0,Standingtositting,Standingtositting_p2_3_35sek_20260204_155335.csv
1.0059432951760872,0.005540840048641363,1.0222035022440492,0.9934787365615834,0.028724765682465847,50.5976,4.611027898004683,0.2690947102493761,5.445888357283869,4.1269601403454335,1.3189282169384358,1066.6271000000002,0.0,Standingtositting,Standingtositting_p2_3_35sek_20260204_155335.csv
1.006339796737842,0.00536556496434446,1.0178899744078433,0.9946356116689166,0.02325436273892678,50.6374,4.834502129228062,0.33353267209745513,5.592852581643825,3.9911151323909464,1.6017374492528789,1174.0714999999998,0.0,Standingtositting,Standingtositting_p2_3_35sek_20260204_155335.csv
1.0059693315555192,0.004003056197519704,1.0166612021711068,0.9958915603618699,0.020769641809236905,50.5995,4.861025271871036,0.3434805437128942,5.470548418577428,4.026685982293628,1.4438624362837995,1187.2593000000002,0.0,Standingtositting,Standingtositting_p2_3_35sek_20260204_155335.csv
1.0079478070927765,0.005644048415224057,1.0222035022440492,0.9946356116689166,0.027567890575132648,50.79950000000001,5.005103466974072,0.21905941064460865,5.4810947811545825,4.5470649874397,0.9340297937148829,1254.9044000000001,0.0,Standingtositting,Standingtositting_p2_3_35sek_20260204_155335.csv
1.0071756921615265,0.005261054343558004,1.0178899744078433,0.9958915603618699,0.02199841404597347,50.72149999999999,4.570995469783557,0.4547755840580125,5.82609646332774,3.5299575068263924,2.296138956501348,1054.8341999999998,0.0,Standingtositting,Standingtositting_p2_3_35sek_20260204_155335.csv
1.007087759848366,0.005368460768236626,1.0178899744078433,0.9946356116689166,0.02325436273892678,50.7127,4.028953837002564,0.44502577235885715,4.658808860642385,2.831130516242584,1.8276783443998013,821.3278000000001,0.0,Standingtositting,Standingtositting_p2_3_35sek_20260204_155335.csv
0.9846906229123217,0.04013214331537227,1.0513800454640558,0.8907300376657341,0.16065000779832173,48.5597,17.547067603481814,21.67192335151445,67.97362061858998,2.132932253964012,65.84068836462596,38408.9199,0.0,Standingtositting,Standingtositting_p2_3_35sek_20260204_155335.csv
1.0435562153233475,0.2605966964957565,2.0588589072590673,0.7790378681424928,1.2798210391165745,57.7781,47.83177464934047,26.3772529919771,103.67286289092243,8.033959173408837,95.6389037175136,148486.14760000003,0.0,Standingtositting,Standingtositting_p2_3_35sek_20260204_155335.csv
0.954559433429526,0.035229394769409,1.0553672346628922,0.8876936408468858,0.16767359381600633,45.62,10.443964484240425,6.914746284241618,28.68124997276095,1.6023420358962066,27.07890793686474,7796.6918000000005,0.0,Standingtositting,Standingtositting_p2_3_35sek_20260204_155335.csv
0.9447210341843234,0.005548264088005578,0.95524865872714,0.9331130692472377,0.02213558947990235,44.626400000000004,4.3593373382473075,1.1250813899641865,6.019709295306543,1.6762458053638791,4.343463489942664,1012.2157,0.0,Standingtositting,Standingtositting_p2_3_35sek_20260204_155335.csv
0.945763008957866,0.004773533214560089,0.9561380653441217,0.9362691920596342,0.019868873284487498,44.72449999999999,4.851962519932441,0.49120396151393103,6.051057758772428,3.941015097662022,2.110042661110406,1188.8998000000001,0.0,Standingtositting,Standingtositting_p2_3_35sek_20260204_155335.csv
0.9447304101011724,0.004995123138991817,0.9571311299921239,0.9353608929178086,0.021770237074315357,44.626999999999995,4.83145846127539,0.5880781019996163,5.818530742378182,3.778610855856951,2.039919886521231,1184.0955,0.0,Standingtositting,Standingtositting_p2_3_35sek_20260204_155335.csv
0.9453622643433551,0.004538852188390079,0.9571311299921239,0.9356815697661252,0.021449560225998754,44.686499999999995,4.586843814545679,0.2492761376876094,5.052286611030692,3.982273220159561,1.0700133908711313,1055.0016,0.0,Standingtositting,Standingtositting_p2_3_35sek_20260204_155335.csv
0.9437608902797398,0.005475546603287458,0.9561380653441217,0.9345587193964862,0.021579345947635553,44.535700000000006,5.433067992375798,0.5083227624633598,6.844603713875625,4.527968639467372,2.3166350744082527,1488.5726,0.0,Standingtositting,Standingtositting_p2_3_35sek_20260204_155335.csv
0.9439822163356923,0.004904729283118573,0.9555626614722866,0.9347726996441434,0.02078996182814319,44.55630000000001,4.50240234868889,0.27616744868840626,5.043342145839404,3.6015829852996584,1.4417591605397453,1017.3185000000001,0.0,Standingtositting,Standingtositting_p2_3_35sek_20260204_155335.csv
0.9453912115057306,0.0034192145724920844,0.95524865872714,0.9347726996441434,0.020475959082996598,44.68879999999999,4.72434095237195,0.2877118841957178,5.150563076014117,3.959570683798939,1.1909923922151777,1120.0259999999998,0.0,Standingtositting,Standingtositting_p2_3_35sek_20260204_155335.csv
0.9450178830967534,0.003380711694616235,0.9546727187890098,0.9347726996441434,0.019900019144866388,44.653499999999994,5.123686754698259,0.521919572865813,5.870766559828453,3.3374541195348293,2.5333124402936233,1325.9558999999997,0.0,Standingtositting,Standingtositting_p2_3_35sek_20260204_155335.csv
0.9455084038688935,0.003478536711068648,0.95524865872714,0.9353608929178086,0.019887765809331492,44.69989999999999,4.531886176398106,0.30358686376181265,5.15553101047797,3.951721144008013,1.2038098664699572,1031.4157,0.0,Standingtositting,Standingtositting_p2_3_35sek_20260204_155335.csv
0.9451797190173812,0.003683770005466744,0.9555626614722866,0.9353608929178086,0.020201768554478083,44.668899999999994,4.912384419494222,0.3705667406774917,5.7758289448355375,4.074174763065522,1.7016541817700155,1213.3047000000004,0.0,Standingtositting,Standingtositting_p2_3_35sek_20260204_155335.csv
0.986075902604074,0.015196478632136908,1.0167103815738285,0.9571311299921239,0.05957925158170463,48.6286,6.212290186623204,2.307174399869524,11.364176168997028,2.527231687044146,8.836944481952882,2190.4571,0.0,Standingtositting,Standingtositting_Xiaoye_1_20sek_20260202_095501.csv
0.98653162847905,0.010754496471774483,1.0122252713699653,0.96591925128346,0.046306020086505306,48.667899999999996,12.238338543347423,4.057017565773759,20.115740105698325,3.5166034749456756,16.59913663075265,8295.3567,0.0,Standingtositting,Standingtositting_Xiaoye_1_20sek_20260202_095501.csv
0.9894684214252628,0.013024427685286164,1.0173494974687902,0.9539916142189091,0.06335788324988112,48.960699999999996,10.24229552612047,4.936601982981837,20.153056840092525,3.588885620913545,16.56417121917898,6439.362800000001,0.0,Standingtositting,Standingtositting_Xiaoye_1_20sek_20260202_095501.csv
0.9920465679109195,0.023938848457573776,1.042544963059148,0.9205976319760985,0.12194733108304945,49.2359,18.244442311808424,9.683297566760142,39.35325653614959,2.930955475608594,36.422301060540995,21237.530099999996,0.0,Standingtositting,Standingtositting_Xiaoye_1_20sek_20260202_095501.csv
0.9701698559312751,0.16795422919467096,1.5067182882012151,0.49608467019249847,1.0106336180087165,48.4437,57.25250554955428,28.772628296348838,151.8798749011863,8.615718194091542,143.26415670709474,204457.81240000002,0.0,Standingtositting,Standingtositting_Xiaoye_1_20sek_20260202_095501.csv
1.0443461222361368,0.2604454131580067,1.6240073891457514,0.4884669896727925,1.135540399472959,57.8567,60.91807843993693,28.541403101561215,122.74716901012421,11.217722585266584,111.52944642485762,225466.5869,0.0,Standingtositting,Standingtositting_Xiaoye_1_20sek_20260202_095501.csv
0.9583756528563268,0.03322938231735741,1.0296115772464878,0.8900561780022652,0.13955539924422256,45.9783,15.691094246099128,6.454866646849251,32.58481394760449,3.5604774960670658,29.024336451537422,14352.1218,0.0,Standingtositting,Standingtositting_Xiaoye_1_20sek_20260202_095501.csv
0.955866826188135,0.03995674438002979,1.0798611021793498,0.8598837130682263,0.21997738911112352,45.7623,13.521533164183356,5.515276270199169,25.553023304493735,3.3236275362922365,22.2293957682015,10632.0883,0.0,Standingtositting,Standingtositting_Xiaoye_1_20sek_20260202_095501.csv
0.9612345758488964,0.03359558693979436,1.0547511554864493,0.8646386528486915,0.1901125026377578,46.253899999999994,9.610834683568704,6.28376176534284,26.506069116336356,1.973676771915807,24.53239234442055,6553.204600000001,0.0,Standingtositting,Standingtositting_Xiaoye_1_20sek_20260202_095501.csv
0.9551111732419679,0.012315857885694257,0.978417088975862,0.9235258523723091,0.054891236603552884,45.61929999999999,6.426965764134843,2.72610641583332,12.957623238850557,1.4989996664442593,11.458623572406298,2429.4455999999996,0.0,Standingtositting,Standingtositting_Xiaoye_1_20sek_20260202_095501.csv
0.9905449925285115,0.02344376198939781,1.03435970532499,0.9259589623736033,0.10840074295138669,49.0859,8.399555081972965,3.22950214538449,15.263515322493701,2.69581156611511,12.567703756378592,4038.6808000000005,0.0,Standingtositting,Standingtositting_Xiaoye_2_20sek_20260202_095540.csv
0.9849872370098777,0.010108741804210794,1.0072239075796403,0.9654014708917735,0.04182243668786678,48.515,6.152801991050174,1.355492100914592,9.035314050989042,3.7600664887738353,5.275247562215206,1982.8791999999999,0.0,Standingtositting,Standingtositting_Xiaoye_2_20sek_20260202_095540.csv
0.9863500608228993,0.009010057569800093,1.008265837961398,0.9685556256612213,0.039710212300176684,48.648300000000006,6.424595248368104,1.8329166827669188,9.1454086841431,2.810231307205868,6.3351773769372315,2228.3907999999997,0.0,Standingtositting,Standingtositting_Xiaoye_2_20sek_20260202_095540.csv
0.9862410657135796,0.0176866229902317,1.0493331215586403,0.9360555539069249,0.11327756765171548,48.6489,6.967572370698793,2.841173812301704,15.015558597667955,2.569396816375392,12.446161781292563,2822.8944,0.0,Standingtositting,Standingtositting_Xiaoye_2_20sek_20260202_095540.csv
0.9887821288129817,0.00978867213213007,1.0084145972763385,0.9669539802906858,0.04146061698565273,48.8892,11.532674217246536,6.4405308913240225,23.125570263238917,1.4114531518970086,21.714117111341906,8682.6702,0.0,Standingtositting,Standingtositting_Xiaoye_2_20sek_20260202_095540.csv
0.993364372874603,0.06415242295396108,1.215072014326723,0.9076342875850384,0.3074377267416847,49.5403,31.239479677654423,15.446689608675104,60.73250036018606,2.726022743852296,58.00647761633376,60486.6653,0.0,Standingtositting,Standingtositting_Xiaoye_2_20sek_20260202_095540.csv
0.9833756124792167,0.029972858149296032,1.0703737664946764,0.9319334740205439,0.13844029247413248,48.39540000000001,10.856802005775828,8.143185845958467,32.191696134251764,2.0897128989409044,30.10198323531086,9142.7698,0.0,Standingtositting,Standingtositting_Xiaoye_2_20sek_20260202_095540.csv
0.9870653822993691,0.02010003214029575,1.050761628534274,0.9394147114027968,0.11134691713147726,48.734700000000004,16.441207257062775,11.931181747340359,40.186670675735265,3.3820112359363916,36.804659439798876,20490.9666,0.0,Standingtositting,Standingtositting_Xiaoye_2_20sek_20260202_095540.csv
0.9314013701965156,0.12809231204149576,1.190546093185812,0.5532630477449221,0.63728304544089,44.1794,45.86258118075501,19.028146001214285,90.41904500712225,10.784275589950399,79.63476941717185,122910.2643,0.0,Standingtositting,Standingtositting_Xiaoye_2_20sek_20260202_095540.csv
1.042248465101486,0.16345172473851785,1.5195064988344078,0.830120473184465,0.6893860256499428,55.6232,28.126118864339002,15.125904919095051,87.22942450801793,3.9514680816121994,83.27795642640572,50764.7851,0.0,Standingtositting,Standingtositting_Xiaoye_2_20sek_20260202_095540.csv
0.9859356971643097,0.005959134398744855,1.0008995953640905,0.9753460924205315,0.02555350294355896,48.605199999999996,5.276405727963528,2.0213706690126285,8.123139787052787,2.166841018625963,5.956298768426825,1592.2338999999997,0.0,Standingtositting,Standingtositting_Xiaoye_3_20sek_20260202_095613.csv
0.9866445314852829,0.00539921481314274,0.9954898291795854,0.9778036612735709,0.017686167906014516,48.67479999999999,4.9892536557342995,1.3178213153248124,7.745204968236799,3.1212337304341697,4.62397123780263,1329.7286000000001,0.0,Standingtositting,Standingtositting_Xiaoye_3_20sek_20260202_095613.csv
0.9854424216085829,0.010843680291182435,1.0096534058774824,0.9608850087289321,0.0487683971485503,48.5606,11.0810881092365,5.902554645421002,21.46596142733887,4.043105242261201,17.422856185077666,7846.6930999999995,0.0,Standingtositting,Standingtositting_Xiaoye_3_20sek_20260202_095613.csv
0.991439277446061,0.01702816206460902,1.0409130607308181,0.9626525853079084,0.0782604754229097,49.1618,17.67494799477332,5.749642347533421,36.30861743443283,7.388775270638565,28.919842163794268,17240.0503,0.0,Standingtositting,Standingtositting_Xiaoye_3_20sek_20260202_095613.csv
0.997466431562693,0.04632095115501948,1.1871815362445626,0.9211405973031479,0.2660409389414147,49.85209999999999,20.289606364575768,11.039812903738795,41.13425093519997,6.024591272443302,35.10965966275667,26555.402299999998,0.0,Standingtositting,Standingtositting_Xiaoye_3_20sek_20260202_095613.csv
0.993441880528964,0.027278421072330736,1.0789810007595129,0.9278469701410895,0.15113403061842334,49.3828,14.921196609611195,7.787371890211523,32.15579730002041,3.1902664465527018,28.96553085346771,14103.620299999999,0.0,Standingtositting,Standingtositting_Xiaoye_3_20sek_20260202_095613.csv
0.987407838736662,0.014133474571501178,1.0249878048055012,0.9640539403996022,0.060933864405898985,48.758500000000005,10.758190122131095,3.027650010790167,16.234201551046482,5.254835868036222,10.97936568301026,6236.0993,0.0,Standingtositting,Standingtositting_Xiaoye_3_20sek_20260202_095613.csv
1.000219027126356,0.029552750733634853,1.0876580344942983,0.9413288479590965,0.14632918653520177,50.0647,20.624063070894948,9.792649078114106,39.05594577013851,3.2140006222774753,35.84194514786103,25966.501699999997,0.0,Standingtositting,Standingtositting_Xiaoye_3_20sek_20260202_095613.csv
1.0117980769389043,0.2924817306395277,1.873205808233575,0.5027922035990614,1.3704136046345137,55.378499999999995,40.66990769510153,22.54094053213816,102.44264492876,8.788037323543865,93.65460760521614,107598.67559999999,0.0,Standingtositting,Standingtositting_Xiaoye_3_20sek_20260202_095613.csv
1.0462111366207687,0.06132611850998221,1.1459057552870568,0.9569221493935648,0.18898360589349206,15.3727,58.50453120554425,33.50316402724353,112.3024082555668,21.555120041419393,90.7472882141474,62510.928400000004,0.0,Standingtositting,Standingtositting_Xiaoye_3_20sek_20260202_095613.csv
0.975412428337519,0.005009648313863317,0.9841747812253675,0.9656603957913984,0.018514385433969105,47.5727,4.307136569753198,0.42861496147314365,5.021742725389265,3.421593196158772,1.6001495292304928,936.5731000000001,0.0,Standing,Standing_Ahmed_1_20sek_20260202_102034.csv
0.9761477399835052,0.0051099867301811165,0.9841747812253675,0.9681941953967707,0.01598058582859685,47.64450000000001,4.672989611961172,0.3760130350853029,5.409260577934845,3.9879568703786155,1.4213037075562291,1098.7694999999999,0.0,Standing,Standing_Ahmed_1_20sek_20260202_102034.csv
0.9736918770383616,0.004751862096015175,0.9937303457175894,0.9635351576356723,0.030195188081917124,47.404900000000005,5.21733391252407,0.35184186676758106,5.848333095848764,4.388211480774371,1.4601216150743932,1367.0945000000002,0.0,Standing,Standing_Ahmed_1_20sek_20260202_102034.csv
0.9751992947060514,0.004325482728713264,0.9841747812253675,0.9668505572217456,0.01732422400362188,47.5516,5.454440574889454,0.5521220796308688,7.3138840570520385,4.657273880716057,2.656610176335981,1502.4832,0.0,Standing,Standing_Ahmed_1_20sek_20260202_102034.csv
0.9757985820378268,0.006155078620387175,0.9908582138732059,0.9613532129243653,0.029505000948840676,47.611,11.757576846808435,2.7573702147921058,16.030555199368486,7.096569593824894,8.933985605543592,7284.5821000000005,0.0,Standing,Standing_Ahmed_1_20sek_20260202_102034.csv
0.975631060755097,0.006391423612937393,0.9869650449737316,0.9602603813549739,0.026704663618757674,47.5948,6.022623674104562,1.9686844462983948,9.561992470191555,3.029933992680369,6.532058477511186,2003.5099999999998,0.0,Standing,Standing_Ahmed_1_20sek_20260202_102034.csv
0.9745350090694974,0.006963175582906477,0.9910600385445879,0.9596874491208063,0.03137258942378163,47.488299999999995,3.9023937600996446,0.6539042408950781,5.239561050317097,2.858548582760139,2.381012467556958,782.3858,0.0,Standing,Standing_Ahmed_1_20sek_20260202_102034.csv
0.9744582843449561,0.005253965604754058,0.9831073186585481,0.9612491872558333,0.021858131402714753,47.4798,4.800620627845678,0.4570776599742338,5.825375524376089,3.817970665157081,2.0074048592190086,1162.535,0.0,Standing,Standing_Ahmed_1_20sek_20260202_102034.csv
0.9753028252591701,0.006094413758667859,0.9841747812253675,0.9623408959407265,0.02183388528464103,47.5626,4.862926048527743,0.6300941349742433,6.470077279291183,3.4056717399068277,3.0644055393843552,1201.8564000000001,0.0,Standing,Standing_Ahmed_1_20sek_20260202_102034.csv
0.9752263163838544,0.006029843499719675,0.985900603509299,0.9602603813549739,0.025640222154325043,47.555099999999996,5.004659571017142,0.6964227679073303,6.398851459441764,4.238926750959493,2.1599247084822712,1276.0961000000002,0.0,Standing,Standing_Ahmed_1_20sek_20260202_102034.csv
0.9745315714415852,0.005733562449418417,0.9849365461794988,0.9593747964169165,0.025561749762582298,47.4872,5.650027114894504,0.38354628935561297,6.568972522396482,4.938380301272878,1.630592221123604,1603.3486,0.0,Standing,Standing_Ahmed_1_20sek_20260202_102034.csv
0.9748463634227582,0.0064339438997981615,0.9862048468751307,0.9606768447297979,0.025528002145332795,47.518299999999996,5.467182266548415,1.3650798228654684,8.699850573429408,3.464520168796828,5.235330404632581,1585.8128000000002,0.0,Standing,Standing_Ahmed_1_20sek_20260202_102034.csv
0.9761777881766394,0.005043268959774515,0.9879777325425912,0.96591925128346,0.022058481259131235,47.64739999999999,6.063056676285304,1.7196670715257665,9.38327767893501,4.120679555607302,5.262598123327707,1982.9382999999998,0.0,Standing,Standing_Ahmed_1_20sek_20260202_102034.csv
0.9739604276167044,0.005983432627393284,0.9875221516502807,0.9624967532412773,0.02502539840900342,47.431700000000006,5.171946041468809,0.470110868529218,6.318180117723774,4.465725025121901,1.8524550926018728,1348.2805,0.0,Standing,Standing_Ahmed_1_20sek_20260202_102034.csv
0.9766712632394579,0.004870104788883297,0.9879777325425912,0.96591925128346,0.022058481259131235,47.6955,4.5214714910454274,0.2664114426961128,5.23130958747425,4.154744276125788,1.0765653113484621,1025.663,0.0,Standing,Standing_Ahmed_1_20sek_20260202_102034.csv
0.9796296291190079,0.008794116316646351,1.0093066927351666,0.9655568341635826,0.04374985857158398,47.98749999999999,4.056190129028649,1.402363761497632,7.7323993688893236,2.606626171893469,5.125773196995855,918.9985000000001,0.0,Standing,Standing_Ahmed_1_20sek_20260202_102034.csv
0.9708834417063312,0.01275125525910297,1.0000999950004998,0.9291393867445292,0.07096060825597061,47.1387,5.090522310243258,1.2591666376387571,8.20454142533268,3.0886242892265163,5.115917136106164,1373.3604,0.0,Standing,Standing_Ahmed_1_20sek_20260202_102034.csv
0.9705027119880327,0.011922936496508671,1.0029456615390486,0.951262319236918,0.051683342302130675,39.564600000000006,5.585323367430601,1.8435017117604706,10.936297362453162,3.143421702540084,7.792875659913078,1449.5636,0.0,Standing,Standing_Ahmed_1_20sek_20260202_102034.csv
0.9727783614282576,0.006409458647766687,0.9913626985114984,0.9593226777263217,0.03204002078517665,47.316900000000004,4.117948670158616,0.5990338734748554,4.88352331826111,3.04,1.8435233182611102,865.4583,0.0,Standing,Standing_Ahmed_2_20sek_20260202_102535.csv
0.9705168031255945,0.004643939530513641,0.9811218069128828,0.9593226777263217,0.021799129186561017,47.096199999999996,4.594015199586583,0.21068969824453346,4.972182619333284,4.094154369341732,0.8780282499915524,1057.4238999999998,0.0,Standing,Standing_Ahmed_2_20sek_20260202_102535.csv
0.9704880596920065,0.0039026410791468532,0.9792854537876073,0.9593226777263217,0.019962776061285603,47.0931,4.860187130765278,0.2709413935114536,5.459771057471183,4.1808252773824455,1.2789457800887378,1184.6680000000001,0.0,Standing,Standing_Ahmed_2_20sek_20260202_102535.csv
0.9697676231142758,0.004374923822971599,0.9811218069128828,0.9617692030835673,0.019352603829315473,47.023399999999995,4.4151182207253115,0.5102931300646496,5.215419446219067,3.228776858192588,1.9866425880264789,987.4229999999999,0.0,Standing,Standing_Ahmed_2_20sek_20260202_102535.csv
0.9708736758749502,0.00477081829523137,0.9787236586493656,0.9644687656943588,0.014254892955006815,47.1309,4.918160459981009,0.3202098958932146,5.549567550719606,4.285720476186005,1.2638470745336008,1214.4393,0.0,Standing,Standing_Ahmed_2_20sek_20260202_102535.csv
0.9705454863994469,0.0052933178574106066,0.9816822296446035,0.9569743988216195,0.024707830822984,47.0993,4.765912939651143,0.31134312665630326,5.45226558414023,4.222333478066364,1.229932106073866,1140.4461,0.0,Standing,Standing_Ahmed_2_20sek_20260202_102535.csv
0.9704172645971392,0.0051836252980410015,0.9811218069128828,0.9575489543621256,0.02357285255075714,47.0868,4.80833880164673,0.4293991632579423,5.712486323834833,3.8770736387125795,1.8354126851222534,1165.0409,0.0,Standing,Standing_Ahmed_2_20sek_20260202_102535.csv
0.9718934460217425,0.004858149053546641,0.9841747812253675,0.9598958276813168,0.02427895354405074,47.230000000000004,4.890078227846066,0.4072267151057203,5.837687898474875,4.139794680899041,1.6978932175758334,1203.7691000000002,0.0,Standing,Standing_Ahmed_2_20sek_20260202_102535.csv
0.9715482346665552,0.004520668667834781,0.9816822296446035,0.9593226777263217,0.02235955191828176,47.1963,4.727858894256727,0.3144809069146048,5.169700184730252,4.171822143859922,0.9978780408703303,1122.4785000000004,0.0,Standing,Standing_Ahmed_2_20sek_20260202_102535.csv
0.9721433003885248,0.003964576528149531,0.9816822296446035,0.9617692030835673,0.019913026561036218,47.2539,4.683095559154342,0.3284129801632036,5.384013372940301,3.9902506186955224,1.3937627542447788,1101.8541,0.0,Standing,Standing_Ahmed_2_20sek_20260202_102535.csv
0.9785325937216574,0.024618787921844344,1.0161200716450787,0.9289779329994874,0.08714213864559128,47.906,14.460555701591815,6.513493435621013,29.675899312405008,3.7438215769451406,25.932077735459867,12534.2378,0.0,Standing,Standing_Ahmed_3_20sek_20260202_102602.csv
0.9756538450494042,0.012518339212765649,1.01202766760598,0.9525754563287887,0.05945221127719136,47.6027,9.173159741030853,5.326981605567247,18.806730178316485,1.3531075345293144,17.45362264378717,5597.8029,0.0,Standing,Standing_Ahmed_3_20sek_20260202_102602.csv
0.9748139635641193,0.011327068915492738,1.0164152694642086,0.9360021367496979,0.08041313271451067,47.5194,7.414249405482959,4.524183290068866,18.272914381674315,1.4434680460612905,16.829446335613024,3751.4982,0.0,Standing,Standing_Ahmed_3_20sek_20260202_102602.csv
0.970431523558728,0.008728213897661255,0.986154146165801,0.9516301802696255,0.03452396589617546,47.090599999999995,8.072980613234659,5.762267660404207,19.07332692531641,1.0108906963663282,18.062436228950084,4885.6335,0.0,Standing,Standing_Ahmed_3_20sek_20260202_102602.csv
0.9699258620130196,0.006045929504428753,0.985190336940025,0.9576533819707421,0.02753695496928288,47.03959999999999,5.357182029084246,0.6584712561380286,7.14199551946093,4.358199169381776,2.783796350079154,1456.2156,0.0,Standing,Standing_Ahmed_3_20sek_20260202_102602.csv
0.9703734005783066,0.00529376318571808,0.9776502442080194,0.9629122493768578,0.01473799483116156,47.082600000000006,6.864036814175124,1.1974763487283988,8.687698199177962,4.87534614155754,3.812352057620422,2426.0135999999998,0.0,Standing,Standing_Ahmed_3_20sek_20260202_102602.csv
0.9671483011363956,0.015719596796759275,0.9956907150315303,0.9369098142297368,0.058780900801793434,46.7809,12.606251329950508,6.85813723490399,24.74272620387657,2.419752053413738,22.32297415046283,10250.546900000001,0.0,Standing,Standing_Ahmed_3_20sek_20260202_102602.csv
0.9694176511639371,0.019043923767018918,1.019901956072249,0.925526876973327,0.09437507909892207,47.0063,52.060673784467916,13.86812484960013,67.13218751091014,20.37602021985648,46.756167291053664,144939.60720000003,0.0,Standing,Standing_Ahmed_3_20sek_20260202_102602.csv
0.9685180841059945,0.016248100663053548,1.0068763578513502,0.9370699013414101,0.0698064565099401,46.9143,37.529050562129456,13.82053315317063,50.87588525028336,7.931052893531855,42.944832356751505,79780.8315,0.0,Standing,Standing_Ahmed_3_20sek_20260202_102602.csv
0.9687292139296896,0.01742945194396572,1.0165628362280414,0.9393614852653903,0.07720135096265113,46.9367,33.955426250257965,14.025246338674496,52.06156067579995,10.800324069211998,41.26123660658796,67287.21780000001,0.0,Standing,Standing_Ahmed_3_20sek_20260202_102602.csv
0.9700099084817153,0.010039587320492203,0.9897474425326898,0.9485251709891519,0.04122227154353786,47.0509,30.430743443757354,13.580819587701356,49.659482478173295,4.286467076742804,45.37301540143049,55339.0017,0.0,Standing,Standing_Ahmed_3_20sek_20260202_102602.csv
0.9683164675324896,0.015623722981313431,1.0075713374247999,0.9439279633531364,0.06364337407166343,46.893800000000006,33.80758769512701,16.12769073377787,54.27350458557104,5.349700926220082,48.92380365935096,69892.6673,0.0,Standing,Standing_Ahmed_3_20sek_20260202_102602.csv
0.9732937358924292,0.01849720532003125,1.021077861869505,0.936055553906925,0.08502230796258015,47.3818,45.32005914316059,12.719507164612933,58.28105953051986,11.287563953307197,46.99349557721266,110622.89530000002,0.0,Standing,Standing_Ahmed_3_20sek_20260202_102602.csv
0.9738407012456856,0.01310310200213799,0.9944847912361455,0.9430270409696638,0.051457750266481694,32.250099999999996,36.13281698739876,15.154355452411393,53.552637656795206,9.661935623879927,43.89070203291528,51968.3339,0.0,Standing,Standing_Ahmed_3_20sek_20260202_102602.csv
0.9545254902392295,0.006315552842997369,0.9615092303249095,0.9405317644821997,0.020977465842709875,45.557900000000004,4.633531929526543,1.253552445138327,7.116241985767488,2.8509998246229338,4.265242161144554,1150.4791999999998,0.0,Standing,Standing_Chrysi_1_20sek_20260202_103532.csv
0.9535792243848114,0.0055936207891065706,0.9619251530134764,0.9413819628609844,0.020543190152491952,45.46719999999999,4.891137945234929,1.0130050268238775,7.46627751962114,3.242051819450146,4.224225700170994,1246.4442999999999,0.0,Standing,Standing_Chrysi_1_20sek_20260202_103532.csv
0.9535437564432666,0.006086497942846054,0.9620810776644555,0.9405317644821997,0.021549313182255836,45.464099999999995,4.0131485707869965,0.5592675136523002,5.201509396319495,3.1319003815574975,2.0696090147619977,820.5943,0.0,Standing,Standing_Chrysi_1_20sek_20260202_103532.csv
0.948487315880321,0.008795384581874352,0.9727281223445737,0.9302150289046076,0.04251309343996612,44.9852,5.711812699310762,3.215122698644499,15.16813765760319,2.690018587296378,12.47811907030681,2137.7538999999997,0.0,Standing,Standing_Chrysi_1_20sek_20260202_103532.csv
0.952605521319175,0.015343706820807679,0.9824968193332739,0.9110982383914481,0.07139858094182583,45.38439999999999,10.002662616631547,4.548053696513389,21.262401087365465,3.2123822935634547,18.05001879380201,6016.2178,0.0,Standing,Standing_Chrysi_1_20sek_20260202_103532.csv
0.9578001835799145,0.011375247666371307,0.9851395840184273,0.9331130692472377,0.05202651477118958,45.87539999999999,8.867737988249463,4.316479453112245,20.52788591160814,3.8965240920594857,16.631361819548655,4844.806600000001,0.0,Standing,Standing_Chrysi_1_20sek_20260202_103532.csv
0.9671901086157091,0.10062708380873384,1.3923361663046752,0.7713624310270757,0.6209737352775995,47.269,12.857156606708825,6.8085505957480335,37.85392714105103,4.864617148347853,32.98930999270318,10536.785500000002,0.0,Standing,Standing_Chrysi_1_20sek_20260202_103532.csv
0.9583862213181733,0.011945914999561599,0.9822932352408826,0.9309672389509741,0.051325996289908526,45.932199999999995,3.8563901813766073,2.1621216830767676,8.421733788240994,0.9769851585361979,7.444748629704796,972.6510000000001,0.0,Standing,Standing_Chrysi_1_20sek_20260202_103532.csv
0.9554169449825303,0.007590356411783029,0.973755616158387,0.9409038208021051,0.03285179535628191,45.6439,7.236386048710382,2.968216834663765,11.596771102337064,0.664304147209695,10.932466955127369,3049.9694,0.0,Standing,Standing_Chrysi_1_20sek_20260202_103532.csv
0.9573151805329785,0.040351075664170205,1.0212737145349429,0.7613146524269713,0.2599590621079716,45.90239999999999,12.01800154835646,7.991204143108753,26.69821155058893,2.284513077222365,24.413698473366566,10350.725900000001,0.0,Standing,Standing_Chrysi_1_20sek_20260202_103532.csv
0.9577404479377121,0.036578603984569066,1.0530906893520615,0.9143303560529968,0.13876033329906468,45.928900000000006,16.40759354362622,8.846482415613007,35.10724996350469,2.5909650711655687,32.51628489233912,17295.208599999994,0.0,Standing,Standing_Chrysi_2_20sek_20260202_103607.csv
0.9522393439778796,0.008095840490186851,0.9725739046468397,0.9334345183246654,0.039139386322174285,45.3412,9.756411239635787,5.498213598859373,18.31286433084677,2.5464681423493207,15.76639618849745,6240.665300000001,0.0,Standing,Standing_Chrysi_2_20sek_20260202_103607.csv
0.9620124836126647,0.05712483084771307,1.1689311356961964,0.7862569554541313,0.3826741802420651,46.4333,16.735876187181464,9.668655661114233,43.094734017046676,3.402161077903279,39.692572939143396,18585.139799999997,0.0,Standing,Standing_Chrysi_2_20sek_20260202_103607.csv
0.9526347621025018,0.015085133711422182,0.9906058752097122,0.9115920140062659,0.07901386120344633,45.3868,12.307213825134088,5.081977746783674,21.675296999118604,3.511182137115647,18.164114862002958,8838.874,0.0,Standing,Standing_Chrysi_2_20sek_20260202_103607.csv
0.9485182993432001,0.06862375838870406,1.0730330842988953,0.6407807737440318,0.4322523105548636,45.2151,10.009544629770446,4.632268838977825,27.598860483722873,2.162984049871843,25.435876433851032,6060.987,0.0,Standing,Standing_Chrysi_2_20sek_20260202_103607.csv
0.9494126717519353,0.012680481419600941,0.9808669634563089,0.9240129869217207,0.056853976534588124,45.077099999999994,9.533974560349378,3.4934973241272975,15.20576864219629,3.0989998386576274,12.106768803538662,5142.8552,0.0,Standing,Standing_Chrysi_2_20sek_20260202_103607.csv
0.9489823140259177,0.024255604570406562,1.0139526616169021,0.8828363381737296,0.13111632344317248,45.0572,11.645892435614792,6.137116368831684,26.421648321026453,2.558202493939837,23.863445827086615,8626.8862,0.0,Standing,Standing_Chrysi_2_20sek_20260202_103607.csv
0.9572226798739639,0.10262245614390056,1.2299593489217437,0.759670981412348,0.47028836750939573,46.3298,12.70490015259896,5.225042340663418,30.64506811870386,4.975399481448701,25.66966863725516,9408.4767,0.0,Standing,Standing_Chrysi_2_20sek_20260202_103607.csv
0.9604589582536635,0.124591534707224,1.3029965464267357,0.8070315978944071,0.49596494853232853,46.8847,18.60106363613292,8.531348411529784,37.971906720627025,1.8515128949051367,36.12039382572189,20866.389799999997,0.0,Standing,Standing_Chrysi_2_20sek_20260202_103607.csv
0.948980923543662,0.0852320167771269,1.1830469136936201,0.834805366537614,0.3482415471560062,45.38419999999999,15.77588261202633,6.458679321907067,28.231404499245162,3.1447893411165078,25.086615158128655,14487.936000000002,0.0,Standing,Standing_Chrysi_2_20sek_20260202_103607.csv
0.9615525994600236,0.08072754930004448,1.2325988804148735,0.7705841939723393,0.4620146864425342,46.5485,13.921051942835659,7.314529069952142,31.490006351221968,3.365263734092768,28.1247426171292,12311.398799999999,0.0,Standing,Standing_Chrysi_2_20sek_20260202_103607.csv
0.9530070735824272,0.11609952495929247,1.2777323663428113,0.7713624310270756,0.5063699353157357,46.0716,14.752034492392795,4.2701434205294655,23.799749998686963,2.5973832986296035,21.20236670005736,11774.5982,0.0,Standing,Standing_Chrysi_2_20sek_20260202_103607.csv
0.9483932359580564,0.09732268014401788,1.2617844506887854,0.8191458966508959,0.44263855403788954,45.4366,12.3277957331342,4.590398626827722,23.256940899439034,3.2668639396216057,19.99007695981743,8631.2436,0.0,Standing,Standing_Chrysi_2_20sek_20260202_103607.csv
0.9503575625840618,0.06694883242097487,1.1100900864344299,0.8563877626402656,0.25370232379416424,45.3786,12.25695005984264,2.8855366335916592,18.90583507809163,6.259081402250653,12.646753675840976,7919.630999999999,0.0,Standing,Standing_Chrysi_2_20sek_20260202_103607.csv
0.9549009875697378,0.09024967600337085,1.2080562900792329,0.8231646250902671,0.38489166498896576,45.990899999999996,14.177136450596855,5.251252723345817,29.048956952014645,2.732105415242977,26.31685153677167,11400.766999999998,0.0,Standing,Standing_Chrysi_2_20sek_20260202_103607.csv
0.9593730699549369,0.06962957855271315,1.1513470371699404,0.8423775875461075,0.3089694496238329,46.257400000000004,10.254644721954767,4.678502903149774,18.23345825673232,0.2776688675382964,17.955789389194024,6330.418,0.0,Standing,Standing_Chrysi_2_20sek_20260202_103607.csv
0.9525123497987916,0.02680662956351939,1.045083728703112,0.8801704380402696,0.16491329066284244,45.3992,6.1802824987271325,3.1940177238603096,15.492459456135427,3.031072417478672,12.461387038656754,2409.6803000000004,0.0,Standing,Standing_Chrysi_2_20sek_20260202_103607.csv
0.9487229794813865,0.008494187926547084,0.9644169222903546,0.9358418669839473,0.02857505530640725,45.00730000000001,5.649403429418307,1.8879177850042563,8.94164973592681,2.4116591799008416,6.529990556025968,1770.4353999999998,0.0,Standing,Standing_Chrysi_2_20sek_20260202_103607.csv
0.9498106161110067,0.12390694282656255,1.3777155003846042,0.7262231062146123,0.6514923941699919,33.0144,13.239576550932922,7.638727379182502,31.60710363193692,3.1247399891831003,28.482363642753818,8352.565400000001,0.0,Standing,Standing_Chrysi_2_20sek_20260202_103607.csv
0.951871055474152,0.004459998000815883,0.9633794683301071,0.9434511116109832,0.019928356719123963,45.3039,4.331811893002466,0.5700892551335903,5.101225342993583,3.2218938530001267,1.8793314899934566,954.1548,0.0,Standing,Standing_Chrysi_3_20sek_20260202_103636.csv
0.9502045639196111,0.005276701422265191,0.9633794683301071,0.9433981132056604,0.019981355124446765,45.145799999999994,4.958736819309198,0.7492480290314093,6.721086221735292,3.929503785467066,2.791582436268226,1256.9607999999998,0.0,Standing,Standing_Chrysi_3_20sek_20260202_103636.csv
0.9679533289292311,0.12047674436790451,1.4052757736472936,0.772916554357584,0.6323592192897096,47.5579,6.309833963571473,3.5023880121880104,17.29261113886506,1.273459854098275,16.019151284766785,2591.7696,0.0,Standing,Standing_Chrysi_3_20sek_20260202_103636.csv
0.939772186512005,0.08582277335873506,1.213136430909566,0.759012516365837,0.454123914543729,44.5195,9.952106389694508,5.136567623145313,22.03733423080024,1.7896927110540513,20.24764151974619,6245.0531,0.0,Standing,Standing_Chrysi_3_20sek_20260202_103636.csv
0.9616908802119143,0.07426270878135528,1.118436408563312,0.8134494452638098,0.30498696329950226,46.512699999999995,35.966688724592274,20.063962724051535,71.08449971688624,7.990075093514453,63.094424623371786,84405.70230000002,0.0,Standing,Standing_Chrysi_3_20sek_20260202_103636.csv
0.9449984311204812,0.07514587975879884,1.0630616162763098,0.7553145040312678,0.30774711224504203,44.9278,19.72372135776164,10.009048345218224,42.43940739454311,4.938633414214908,37.500773980328205,24360.130599999997,0.0,Standing,Standing_Chrysi_3_20sek_20260202_103636.csv
0.9535245916937081,0.06763386601390468,1.0909170454255448,0.7965550828411052,0.2943619625844396,45.6846,22.483807288246165,16.47767505844321,64.45356623182305,2.212555084060056,62.24101114776299,38580.2545,0.0,Standing,Standing_Chrysi_3_20sek_20260202_103636.csv
0.9968837532052813,0.28677798885761074,2.1654791617561227,0.3495711658589707,1.815907995897152,53.7187,32.636716989314145,11.263882779251007,55.6507205703574,15.708723690994123,39.94199687936327,59474.6425,0.0,Standing,Standing_Chrysi_3_20sek_20260202_103636.csv
0.9610611357099847,0.11500440731498915,1.1967455869983394,0.6611353870426238,0.5356101999557157,46.83,28.374436744682136,12.989693929797921,49.79994578310301,7.262740529579727,42.53720525352328,48523.3083,0.0,Standing,Standing_Chrysi_3_20sek_20260202_103636.csv
0.9633916140769964,0.07906725325225748,1.1456875664857324,0.760723339986358,0.38496422649937445,46.7125,12.824838380400545,7.876045088839562,38.33744514179316,3.146855573425638,35.19058956836752,11263.396200000001,0.0,Standing,Standing_Chrysi_3_20sek_20260202_103636.csv
0.9525452016583594,0.053544172091217056,1.0435037134576954,0.7874642849044012,0.2560394285532942,45.507600000000004,17.663191674494463,11.267414361690534,46.32220525838553,3.568599164938534,42.753606093447,21820.193700000003,0.0,Standing,Standing_Chrysi_3_20sek_20260202_103636.csv
0.949538784007987,0.1061193862948013,1.2436237373096415,0.7509993342207435,0.492624403088898,45.633,19.471062567591364,11.36072982389661,43.54904935816624,2.868815086407627,40.680234271758614,25280.3568,0.0,Standing,Standing_Chrysi_3_20sek_20260202_103636.csv
0.9578820768064734,0.08716584552119909,1.221024160285127,0.7742092740338363,0.44681488625129073,46.249199999999995,19.21110781506599,7.4389751679171585,39.22300090508119,4.596291983762563,34.62670892131863,21164.912399999997,0.0,Standing,Standing_Chrysi_3_20sek_20260202_103636.csv
0.949207940071721,0.07065500043542988,1.0879797792238604,0.6537583651472461,0.4342214140766143,45.294399999999996,17.30176675550252,8.925608373376319,39.18286742952843,3.67611207663749,35.50675535289094,18871.2144,0.0,Standing,Standing_Chrysi_3_20sek_20260202_103636.csv
0.9597860083539489,0.049039947980732246,1.1512167476196653,0.8845337754998392,0.26668297211982606,46.1773,14.912676871133469,8.380587051253247,31.730184367570256,3.9058161759099725,27.824368191660284,14560.874300000001,0.0,Standing,Standing_Chrysi_3_20sek_20260202_103636.csv
0.9513147805911659,0.015458576273063917,1.0149876846543509,0.9273618495495705,0.08762583510478039,45.261700000000005,11.201213676712625,3.73168509409022,15.623527130580982,2.534935896625396,13.088591233955587,6955.707600000001,0.0,Standing,Standing_Chrysi_3_20sek_20260202_103636.csv
0.9492561672849834,0.00812710703753868,0.9663332758422427,0.9291931984253867,0.03714007741685599,45.0576,6.734442957634586,2.6260500427265256,15.408549574830202,3.7445827537924705,11.663966821037732,2605.5469,0.0,Standing,Standing_Chrysi_3_20sek_20260202_103636.csv
0.9469936725092125,0.013438606718133638,0.9798979538707079,0.9111531155629113,0.06874483830779654,44.8487,6.654632230876285,3.1733639319618008,15.280922747007132,1.6894081803992782,13.591514566607854,2707.6482,0.0,Standing,Standing_Chrysi_3_20sek_20260202_103636.csv
0.9506237495905597,0.00768177461471099,0.9660227740586658,0.9309135298189624,0.03510924423970341,39.764700000000005,7.290721723894252,2.172210730967491,11.047112744966443,3.082807162311649,7.964305582654793,2541.6988999999994,0.0,Standing,Standing_Chrysi_3_20sek_20260202_103636.csv
1.0215523523671513,0.0061271704308879385,1.0324243313676795,1.0045396955820112,0.027884635785668355,52.1803,4.392199631189523,0.46218911203565655,5.086029885873657,3.4542871913030044,1.6317426945706526,975.0382000000001,0.0,Standing,Standing_Edith_1_35sek_20260202_105305.csv
1.0182755105321124,0.015285869510751374,1.040384544291196,0.9757561170702442,0.06462842722095186,51.855700000000006,11.195059208321451,6.7809605395516215,25.371947106992003,2.075403575211337,23.296543531780667,8519.557400000002,0.0,Standing,Standing_Edith_1_35sek_20260202_105305.csv
0.985020903803307,0.021848716174772454,1.0298543586352393,0.931289428695505,0.09856492993973431,48.5367,15.76215445535354,4.297077664491533,23.63523217571598,7.368263024621203,16.266969151094777,13327.0546,0.0,Standing,Standing_Edith_1_35sek_20260202_105305.csv
0.9691885420425825,0.02108219999202414,1.0225947388873073,0.9034378783292186,0.11915686055808872,46.9881,10.743368721639227,4.614840359290744,25.9164523035079,3.1123142514855404,22.80413805202236,6814.5394,0.0,Standing,Standing_Edith_1_35sek_20260202_105305.csv
0.959568086225364,0.035672659996372265,1.0487134975769121,0.8481155581640982,0.2005979394128139,46.100899999999996,9.770809005271637,6.33981002922291,31.916636727575167,4.558091705966434,27.358545021608734,6742.9018,0.0,Standing,Standing_Edith_1_35sek_20260202_105305.csv
0.9640062314709956,0.00979304652776442,0.9964436762808021,0.9451983918733675,0.05124528440743459,46.47010000000001,4.379456618555524,2.183205779514221,10.317897072562799,0.7862569554541313,9.531640117108667,1192.535,0.0,Standing,Standing_Edith_1_35sek_20260202_105305.csv
0.957335624688963,0.007319369145409423,0.9693812459502195,0.9332738076256079,0.03610743832461161,45.8272,5.458181404864709,2.222932828216905,11.687305078588476,1.1946966142079753,10.4926084643805,1731.7173000000003,0.0,Standing,Standing_Edith_1_35sek_20260202_105305.csv
0.9599261599283977,0.006370170048657531,0.9729337079164233,0.945621488757526,0.027312219158897255,46.0749,6.320113908817412,1.8681137981475568,11.065807697588099,3.201390322969069,7.8644173746190305,2168.1946,0.0,Standing,Standing_Edith_1_35sek_20260202_105305.csv
0.9646878686922565,0.005082583104282353,0.9758073580374356,0.9529428104561154,0.02286454758132017,46.5324,6.421624885022214,1.1579476196532517,9.091320036166366,4.189940333704049,4.901379702462316,2127.5645999999997,0.0,Standing,Standing_Edith_1_35sek_20260202_105305.csv
0.9641051322310196,0.015560743575443806,0.9978476837674174,0.9270382947861432,0.0708093889812742,46.486799999999995,10.765718653309492,7.350472418372107,28.704649449174607,1.4992331373072034,27.205416311867403,8442.4777,0.0,Standing,Standing_Edith_1_35sek_20260202_105305.csv
0.9647344114948794,0.010667291109778121,0.9940321926376429,0.9390420650854785,0.05499012755216437,46.5412,6.078542100892713,3.975470954988086,16.981310314578202,1.5462535367784935,15.435056777799709,2621.8478,0.0,Standing,Standing_Edith_1_35sek_20260202_105305.csv
0.9655858234607083,0.005891669292039783,0.984377976185977,0.957653381970742,0.026724594215234987,46.6195,4.908863207162437,1.2077783675278668,7.41849715238875,2.3633450869477355,5.055152065441014,1276.3246000000001,0.0,Standing,Standing_Edith_1_35sek_20260202_105305.csv
0.9618635744335802,0.006099864322374141,0.9729337079164232,0.9451454914456292,0.02778821647079399,46.26089999999999,6.242875739919773,1.8975156948400773,9.658876746288877,3.244456811239749,6.414419935049128,2125.1025999999997,0.0,Standing,Standing_Edith_1_35sek_20260202_105305.csv
0.9627296033805907,0.005317546489073738,0.9714422267947795,0.9512097560475291,0.02023247074725043,46.343799999999995,4.10400621183725,0.9527334537418356,5.584075572554512,1.2130539971493437,4.371021575405168,886.6207,0.0,Standing,Standing_Edith_1_35sek_20260202_105305.csv
0.9636709997873603,0.006243704488857413,0.9805100713404223,0.9489467845985885,0.03156328674183384,46.434999999999995,4.6002410702240875,0.975800088166036,6.600553007135083,2.5381095327034253,4.062443474431658,1104.768,0.0,Standing,Standing_Edith_1_35sek_20260202_105305.csv
0.9622277557379049,0.00448877143263709,0.9714422267947795,0.9582275303913993,0.013214696403380244,46.295100000000005,4.517622300467868,0.7015396699297303,5.949882351778058,3.0809414145679566,2.8689409372101013,1044.5612999999998,0.0,Standing,Standing_Edith_1_35sek_20260202_105305.csv
0.9613363338026649,0.004786600221935931,0.9720082304178294,0.94847245611035,0.02353577430747933,46.209500000000006,4.853873155213419,0.4190701479180391,5.475600423697843,3.8809534910895285,1.5946469326083146,1186.6095999999998,0.0,Standing,Standing_Edith_1_35sek_20260202_105305.csv
0.9606212647733097,0.011640256735311418,0.9880283396745257,0.9156964562561111,0.07233188341841468,46.146300000000004,6.644549130240838,2.93729516972634,15.609295307604377,3.1069760217935385,12.502319285810838,2630.2590999999998,0.0,Standing,Standing_Edith_1_35sek_20260202_105305.csv
0.9645690278673378,0.02209881516491275,1.0180864403379508,0.9235258523723091,0.09456058796564171,46.5436,17.594310573591667,7.545326397776312,34.334219082425626,3.939911166511245,30.394307915914382,18267.653799999996,0.0,Standing,Standing_Edith_1_35sek_20260202_105305.csv
0.9664006506011039,0.022080153563574272,1.0058826969383656,0.9239588735436226,0.08192382339474302,46.7204,31.703463158085196,20.297243398438212,72.9634387895746,7.11702887446721,65.84640991510739,70442.4052,0.0,Standing,Standing_Edith_1_35sek_20260202_105305.csv
0.9709663320837205,0.01379078218786656,0.9973464794142505,0.9497894503520241,0.047557029062226364,47.14810000000001,26.552624387069876,18.681541095783587,60.4770410982548,6.347361656625531,54.12967944162927,52353.09199999999,0.0,Standing,Standing_Edith_1_35sek_20260202_105305.csv
0.9546987915497076,0.01152713805604593,0.9716480844420988,0.9239588735436226,0.04768921089847622,45.57900000000001,11.809295099967656,3.961423322066473,19.81171623055408,7.08003531064641,12.73168091990767,7741.9234,0.0,Standing,Standing_Edith_1_35sek_20260202_105305.csv
0.9670759737128606,0.012779969472457641,1.000299955013495,0.94847245611035,0.051827498903144975,46.769800000000004,8.773202693027784,5.353579243971234,21.282326000698326,1.1371015785759864,20.14522442212234,5252.834,0.0,Standing,Standing_Edith_1_35sek_20260202_105305.csv
0.9661575799855568,0.02127398134093149,1.0292715870944849,0.9185858696931932,0.11068571740129163,46.69519999999999,13.147859171022903,3.468367730390372,21.568052763288577,7.452019860413685,14.116032902874892,9232.7592,0.0,Standing,Standing_Edith_1_35sek_20260202_105305.csv
0.9714576717950395,0.02281227539585153,1.038315944209661,0.9249324299644812,0.11338351424517978,47.211999999999996,7.308715357206738,5.71835746248033,21.294069596955865,1.0469479452198185,20.247121651736045,4273.147,0.0,Standing,Standing_Edith_1_35sek_20260202_105305.csv
0.9681936102521338,0.008519669135765373,0.9853425800197615,0.9487887014504337,0.03655387856932779,46.87349999999999,5.706131482462201,2.306416848365052,9.691031936795998,1.8372533848111423,7.853778551984855,1888.6552000000001,0.0,Standing,Standing_Edith_1_35sek_20260202_105305.csv
0.9650130642615237,0.005513046176749269,0.9771898484941398,0.9537295214053091,0.023460327088830724,46.564,4.5980814715103255,1.0905853050098926,6.323124227784869,2.5745096620521744,3.748614565732695,1115.3971000000001,0.0,Standing,Standing_Edith_1_35sek_20260202_105305.csv
0.9627128963321739,0.03356199313784595,1.076057619275102,0.8843641783790205,0.19169344089608142,46.396,27.82221753253832,22.40214666217479,77.27450032190437,3.1790092796341445,74.09549104227023,63294.742,0.0,Standing,Standing_Edith_1_35sek_20260202_105305.csv
1.020809671777222,0.046482752954083065,1.1044002897500524,0.9443516294262428,0.1600486603238096,20.882099999999998,39.33209578049156,17.254511126818798,64.11262200222356,16.96621937851801,47.146402623705555,36596.920099999996,0.0,Standing,Standing_Edith_1_35sek_20260202_105305.csv
0.9855085876286301,0.005423278455599612,0.9944847912361456,0.9771386800244887,0.017346111211656967,48.562799999999996,4.805258836935078,0.3620681946947784,5.571480952134719,4.154623930032657,1.4168570221020618,1160.9492,0.0,Standing,Standing_Edith_2_35sek_20260202_112321.csv
0.9836620977353765,0.008010036996941411,1.0033942395688746,0.968039255402383,0.03535498416649163,48.38270000000001,4.019938234237222,2.1033963286128854,8.252278473246042,0.9274696760541554,7.324808797191887,1024.7847,0.0,Standing,Standing_Edith_2_35sek_20260202_112321.csv
0.9809692294828086,0.005088082103749195,0.9938812806366765,0.9714936952960632,0.022387585340613247,48.1163,5.84272917376823,1.683676674690103,8.3074544837754,2.438811185803444,5.868643297971956,1845.7778,0.0,Standing,Standing_Edith_2_35sek_20260202_112321.csv
0.9825360544595994,0.005040821823503027,0.9918165152889924,0.9750384607798812,0.016778054509111184,48.2701,5.825834527469815,0.8154115391031771,6.93998559076314,3.8930450806534465,3.0469405101096934,1729.5973000000001,0.0,Standing,Standing_Edith_2_35sek_20260202_112321.csv
0.9822020385207588,0.006157418428160931,1.000949549178179,0.9714422267947797,0.02950732238339937,48.237899999999996,3.397921403084192,1.0968852648045124,5.5136285692817575,1.6942254867637898,3.819403082517968,636.2482,0.0,Standing,Standing_Edith_2_35sek_20260202_112321.csv
0.9813877316711986,0.006071018915530717,0.9976973488989535,0.9681941953967707,0.0295031535021828,48.157900000000005,3.3426772292069864,1.2923285980934223,6.076627354050929,1.6032778923193571,4.473349461731572,640.5101,0.0,Standing,Standing_Edith_2_35sek_20260202_112321.csv
0.9833797915737253,0.005362903989479094,0.9949371839468057,0.9727281223445737,0.022209061602232016,48.3532,4.3607231359676915,0.5359044723700512,6.463884281142415,3.6120492798410155,2.8518350013013998,964.8677999999999,0.0,Standing,Standing_Edith_2_35sek_20260202_112321.csv
0.9824350091633751,0.003970910829439682,0.988736567544662,0.9722653958667871,0.01647117167787493,48.259699999999995,6.851852112114671,0.8416811612806824,8.351371144907882,5.002429409796805,3.348941735111077,2382.1068,0.0,Standing,Standing_Edith_2_35sek_20260202_112321.csv
0.9804860071074789,0.004649979858751626,0.9906563480844405,0.9716480844420988,0.01900826364234165,48.0687,6.790603920604469,1.0190233386760725,8.049844718999243,4.334731825615052,3.71511289338419,2356.4971,0.0,Standing,Standing_Edith_2_35sek_20260202_112321.csv
0.9806435798462811,0.004536620412353341,0.9938812806366765,0.9684523736353792,0.025428907001297296,48.0841,4.1823615344036895,0.3467075394311146,4.766182959140364,3.2098130786698467,1.5563698804705175,880.4975000000001,0.0,Standing,Standing_Edith_2_35sek_20260202_112321.csv
0.9805033868937113,0.0041782099918384165,0.9906563480844405,0.9716480844420988,0.01900826364234165,48.07020000000001,4.658513264525428,0.5237698554422845,5.961300193749682,3.786423114233273,2.1748770795164085,1098.5296999999998,0.0,Standing,Standing_Edith_2_35sek_20260202_112321.csv
0.9803246561265564,0.004904037315165533,0.9906563480844405,0.971905345185425,0.018751002899015434,48.053000000000004,4.57265685273951,0.47092538849046117,5.448100586442949,3.7421117033033635,1.705988883139585,1056.3263,0.0,Standing,Standing_Edith_2_35sek_20260202_112321.csv
0.9790898200473275,0.004180162052842022,0.9906563480844405,0.9684523736353792,0.022203974449061303,47.931700000000006,4.941786411500597,0.38656396242929286,5.806186355948283,4.180215305459756,1.625971050488527,1228.3848,0.0,Standing,Standing_Edith_2_35sek_20260202_112321.csv
0.9818315759751186,0.004135019459887332,0.9906563480844405,0.9716480844420988,0.01900826364234165,48.2005,6.206972408208336,0.5400278939700295,7.195130297638813,5.147591669897682,2.0475386277411314,1940.6152,0.0,Standing,Standing_Edith_2_35sek_20260202_112321.csv
0.9821394065972601,0.004967856760983247,0.9918165152889924,0.9716480844420988,0.02016843084689357,48.23109999999999,4.020393530094712,0.926631965321561,5.763904926349844,2.5009998000799603,3.262905126269884,850.2518999999999,0.0,Standing,Standing_Edith_2_35sek_20260202_112321.csv
0.9822191166364347,0.005111702653940025,0.9941327879111522,0.9716480844420988,0.022484703469053402,48.239000000000004,4.138990888429561,0.6824912539598661,5.428692291887615,2.52422265262001,2.9044696392676053,879.3861999999999,0.0,Standing,Standing_Edith_2_35sek_20260202_112321.csv
0.9820957721082831,0.0047266512108318556,0.9941327879111522,0.9684523736353792,0.025680414275773056,48.22670000000001,5.487878157781905,0.2345932766497468,5.950243692488568,4.890184045616279,1.060059646872289,1508.537,0.0,Standing,Standing_Edith_2_35sek_20260202_112321.csv
0.9815841116123265,0.004119618349619548,0.9904039579888603,0.9714936952960632,0.018910262692797053,48.176199999999994,5.056458189143297,0.4816305017860796,6.086074268360517,4.322267923208833,1.7638063451516839,1289.7549000000001,0.0,Standing,Standing_Edith_2_35sek_20260202_112321.csv
0.9834861459693652,0.003642252936497321,0.9944847912361456,0.9751922887307918,0.01929250250535386,48.362899999999996,4.15013346584694,0.48681410739672826,5.00385851118914,3.044568935005414,1.9592895761837261,872.7927999999999,0.0,Standing,Standing_Edith_2_35sek_20260202_112321.csv
0.98096426445188,0.003367289890462866,0.9910095862301233,0.971905345185425,0.01910424104469821,48.115100000000005,3.8731536618175704,0.4095327251995067,4.997009105454982,3.3054197917964974,1.6915893136584845,758.2841,0.0,Standing,Standing_Edith_2_35sek_20260202_112321.csv
0.9820502936335331,0.004867716882091765,0.9897474425326898,0.9688137075826292,0.020933734950060567,48.2223,4.306864549207799,0.5365362786839196,5.4495596152349774,3.4632354814537227,1.9863241337812547,941.5598000000001,0.0,Standing,Standing_Edith_2_35sek_20260202_112321.csv
0.983244981543379,0.005468487624391452,0.9941327879111522,0.9722653958667871,0.021867392044365164,48.339999999999996,5.471655013037616,1.2592763626183592,8.603911900990154,3.7445827537924705,4.859329147197683,1574.6535000000001,0.0,Standing,Standing_Edith_2_35sek_20260202_112321.csv
0.9787869959780684,0.009368668159908316,1.0000999950004998,0.9586448768965492,0.04145511810395064,47.9055,7.983613009924774,1.4585110200726545,11.19222051248098,5.241679120281973,5.950541392199006,3291.1393000000003,0.0,Standing,Standing_Edith_2_35sek_20260202_112321.csv
0.9782587841885217,0.010289243342765073,0.9974968671630001,0.9523654760647301,0.045131391098270024,47.85470000000001,4.893733964271879,1.3897143616849115,8.27438215216097,3.2004530929229382,5.073929059238031,1292.0656,0.0,Standing,Standing_Edith_2_35sek_20260202_112321.csv
0.9819726647858582,0.008552694608235021,1.0021476937058729,0.9643132271207318,0.03783446658514111,48.2171,24.131862103980794,12.448249093930704,42.18717933211463,3.6481502162054675,38.539029115909166,36710.324799999995,0.0,Standing,Standing_Edith_2_35sek_20260202_112321.csv
0.9851364175557191,0.006565121622800522,1.000499875062461,0.9657121724406295,0.03478770262183151,48.5268,7.56656310789627,3.0002007984199914,12.918223562084687,3.3906489054456816,9.527574656639006,3303.7029,0.0,Standing,Standing_Edith_2_35sek_20260202_112321.csv
0.9860716914667013,0.015604136290954857,1.0242070103255494,0.9417536832951597,0.08245332703038966,48.6288,24.71240846040225,12.162211386186508,41.74552071779677,3.4271270767218427,38.31839364107493,37783.2065,0.0,Standing,Standing_Edith_2_35sek_20260202_112321.csv
0.9961604379776564,0.01271275304421031,1.0167595585978033,0.9626006440887104,0.05415891450909294,49.624700000000004,12.071113067147047,8.209560337736145,28.777819583839218,1.811767093199344,26.966052490639875,10588.035699999999,0.0,Standing,Standing_Edith_2_35sek_20260202_112321.csv
0.9908243811209075,0.00692862859848273,1.0018981984213766,0.9749871794028884,0.026911019018488247,49.08899999999999,6.254606659987618,1.8231240089132905,11.66252545549205,2.844608936216013,8.817916519276036,2118.8705,0.0,Standing,Standing_Edith_2_35sek_20260202_112321.csv
0.9933151884892443,0.005111140794750507,1.0062305898749055,0.9884331034521254,0.017797486422780118,21.7074,3.6964274285385,2.552928606261757,10.623229264211519,1.00269636480841,9.62053289940311,437.46500000000003,0.0,Standing,Standing_Edith_2_35sek_20260202_112321.csv
0.9785014870536634,0.004611413720282232,0.9870157040290697,0.9677293009927931,0.0192864030362766,47.8743,4.956222677628712,0.8421987560261072,6.134191063212818,3.4803591768666635,2.653831886346154,1262.9628,0.0,Standing,Standing_Edith_3_35sek_20260202_112408.csv
0.9798145332656631,0.004223404346764357,0.9872689603142601,0.9708758932015976,0.01639306711266253,48.002700000000004,4.067658946983369,0.5931726277848757,5.849059753498849,2.5275482191246126,3.321511534374236,844.5333,0.0,Standing,Standing_Edith_3_35sek_20260202_112408.csv
0.9750996311682344,0.007333825433097906,0.9869143833180262,0.9468896451012653,0.04002473821676089,47.5436,4.104331003117323,0.9972886799073659,6.884504339456836,2.5755193650990083,4.308984974357827,891.0112999999999,0.0,Standing,Standing_Edith_3_35sek_20260202_112408.csv
0.9765219274389751,0.005043204244327654,0.9871676655968833,0.968607247546703,0.018560418050180272,47.681000000000004,5.55418053581796,1.152137576615703,7.035431756473799,2.527864711569826,4.507567044903974,1607.4897,0.0,Standing,Standing_Edith_3_35sek_20260202_112408.csv
0.9781202707675831,0.0076087968389700385,0.9966945369570358,0.9648315915225827,0.031862945434453116,47.8388,6.651249688328029,1.8661281491082495,10.37052554116714,3.389985250705377,6.980540290461763,2382.5954,0.0,Standing,Standing_Edith_3_35sek_20260202_112408.csv
0.9758480428521606,0.013724596630176323,1.0058826969383656,0.9438749917229505,0.0620077052154151,47.623200000000004,9.885660521777316,4.313802485730106,19.076965167447362,3.206820855613859,15.870144311833503,5798.1499,0.0,Standing,Standing_Edith_3_35sek_20260202_112408.csv
0.9728449960150423,0.010232687145442456,0.9912113800799505,0.9460443964212251,0.0451669836587254,47.3265,11.630984164720532,4.964910069681088,21.690922064310683,5.490409820769303,16.200512243541382,7971.8559,0.0,Standing,Standing_Edith_3_35sek_20260202_112408.csv
0.981942641683041,0.009930803681791833,1.0065783625729294,0.9618211892030659,0.04475717336986351,48.2154,11.223651622781873,6.680697465301323,22.67860004497632,1.1166915420114902,21.56190850296483,8485.472000000002,0.0,Standing,Standing_Edith_3_35sek_20260202_112408.csv
0.9803906209830157,0.006080269910182505,0.9974467404327912,0.9681941953967707,0.029252545036020594,48.060100000000006,4.512785448889006,2.2413005272303215,9.413256609696774,1.6517869111964778,7.761469698500296,1264.4096000000002,0.0,Standing,Standing_Edith_3_35sek_20260202_112408.csv
0.9783753452892082,0.006201031038557459,0.9876234100101112,0.9618211892030659,0.025802220807045306,47.86280000000001,5.769854990201607,2.051711926323469,10.57144266408327,3.1811004385275234,7.390342225555746,1870.8279000000002,0.0,Standing,Standing_Edith_3_35sek_20260202_112408.csv
0.9768411093698155,0.006958114126101399,0.9950879358127099,0.9596353474106715,0.035452588402038465,47.7133,2.453251405618923,1.3634797697356367,5.3046866071427825,0.6604543890383348,4.644232218104448,392.0169,0.0,Standing,Standing_Edith_3_35sek_20260202_112408.csv
0.9750681245151885,0.005727890450502355,0.9849873095629201,0.9624967532412773,0.022490556321642874,47.539500000000004,5.253888741513057,0.44224738183181594,6.216840033328829,4.2118285815070875,2.0050114518217415,1389.7509,0.0,Standing,Standing_Edith_3_35sek_20260202_112408.csv
0.9799007866838754,0.009060356365586405,1.002496882788171,0.9654532614269838,0.03704362136118722,48.014300000000006,18.477071838579953,12.887908360558699,39.446342035732535,4.372585047772084,35.07375698796045,25208.9201,0.0,Standing,Standing_Edith_3_35sek_20260202_112408.csv
0.9791771612859237,0.018408261677842513,1.0197058399362042,0.9445104552094699,0.07519538472673437,47.956,14.116224868014019,5.562261274461132,25.72580610981899,4.9023463769913285,20.82345973282766,11479.389000000001,0.0,Standing,Standing_Edith_3_35sek_20260202_112408.csv
0.9793481539131613,0.010935498592759432,1.0081170566953026,0.9537819457297355,0.05433511096556709,47.96200000000001,10.77077756890857,4.626067065112036,19.540204707218393,2.910412341919956,16.62979236529844,6849.1068000000005,0.0,Standing,Standing_Edith_3_35sek_20260202_112408.csv
0.9762782969699131,0.01189610060987543,0.9986991538997116,0.948314293892062,0.050384860007649634,47.66290000000001,8.064489935386682,5.059218710559206,17.235155931989706,1.3813399291991817,15.853816002790523,4505.9889,0.0,Standing,Standing_Edith_3_35sek_20260202_112408.csv
0.9758050519812365,0.00539278882611526,0.9871676655968833,0.9624967532412773,0.024670912355606034,47.61119999999999,5.510125086479021,1.4721764851481012,10.47595819006548,3.557316404257569,6.918641785807911,1624.2718,0.0,Standing,Standing_Edith_3_35sek_20260202_112408.csv
0.9771908825942844,0.00428321053092159,0.9871676655968833,0.965090669315583,0.022076996281300332,47.74600000000001,4.602600697353985,0.7994812225568665,6.29402891636192,3.114032755126381,3.1799961612355387,1090.516,0.0,Standing,Standing_Edith_3_35sek_20260202_112408.csv
0.9788656613715131,0.004739864342985178,0.9906058752097122,0.9685040010242602,0.022101874185452064,47.91000000000001,3.908728113849874,0.7934209912696772,6.638026815251652,3.050016393398567,3.588010421853085,794.7541,0.0,Standing,Standing_Edith_3_35sek_20260202_112408.csv
0.9791688694149534,0.0051828965822122595,0.9910600385445878,0.9689685237405805,0.022091514804007284,47.9399,5.814530897229348,0.9057111565771098,7.9078315611803465,4.863630331347151,3.0442012298331953,1730.6338,0.0,Standing,Standing_Edith_3_35sek_20260202_112408.csv
0.9779788663950181,0.004879871685683395,0.9902524930541705,0.9681425514871248,0.02210994156704571,47.82330000000001,5.1511399909982165,0.4106724117025237,5.7999396548584885,3.8555155297314,1.9444241251270884,1334.9760999999999,0.0,Standing,Standing_Edith_3_35sek_20260202_112408.csv
0.9787667126246608,0.004708032423507865,0.9879777325425912,0.9685040010242602,0.019473731518331094,47.9003,4.58432819573434,0.4718926220335907,5.487312639170471,3.725989801381641,1.7613228377888306,1061.7147,0.0,Standing,Standing_Edith_3_35sek_20260202_112408.csv
0.9777397546280392,0.00524620561635363,0.9847842403288144,0.9685040010242602,0.016280239304554245,47.800100000000015,4.65641926314443,0.3185548455284845,5.318928463515936,3.999712489667226,1.3192159738487104,1089.0844000000002,0.0,Standing,Standing_Edith_3_35sek_20260202_112408.csv
0.9788976964856851,0.004437757180751667,0.9853425800197616,0.9685040010242602,0.016838578995501452,47.91300000000001,4.896126490004719,0.7040679132030573,6.119918300108262,3.320015060206806,2.799903239901456,1222.8926000000001,0.0,Standing,Standing_Edith_3_35sek_20260202_112408.csv
0.9785838585918321,0.00530995441019305,0.9847842403288144,0.9712878049270464,0.013496435401768037,47.88270000000001,5.5113309243459305,0.6998756758023703,7.024201022180387,4.181602563611229,2.8425984585691584,1542.7398999999998,0.0,Standing,Standing_Edith_3_35sek_20260202_112408.csv
0.9769904748216207,0.004696080413411956,0.9879777325425912,0.96591925128346,0.022058481259131235,47.726600000000005,3.0936713917532392,0.4504072078749296,4.549472496894557,2.400562434097476,2.148910062797081,488.48060000000004,0.0,Standing,Standing_Edith_3_35sek_20260202_112408.csv
0.9787485837797327,0.0048665611593803,0.9947864092356711,0.9664884893261793,0.02829791990949182,47.8986,5.766922481278124,1.070410513912709,7.303156851663533,3.6881567211820054,3.6150001304815276,1719.0129000000002,0.0,Standing,Standing_Edith_3_35sek_20260202_112408.csv
0.9788048502797011,0.005255227614227445,0.9902524930541706,0.9692780818733084,0.020974411180862185,47.904300000000006,13.541938462032569,9.450057482306706,29.216936868877955,5.27805835511507,23.938878513762884,13545.080599999998,0.0,Standing,Standing_Edith_3_35sek_20260202_112408.csv
0.9763618167376982,0.007218702868637082,0.9931767214348108,0.9614052215377239,0.03177149989708694,15.2533,15.640126079940382,5.444870364279263,24.153978968277666,7.701921838086907,16.45205713019076,4358.515899999999,0.0,Standing,Standing_Edith_3_35sek_20260202_112408.csv
0.9437138996974074,0.005158262434051148,0.9553009996854395,0.9345052166788584,0.020795783006581026,44.531099999999995,4.767291390269088,0.9026258746897394,6.765101625252942,3.8304829982653623,2.93461862698758,1176.2753,0.0,Standing,Standing_p1_1_35sek_20260204_152857.csv
0.9449775972499593,0.005085061725145868,0.9546203433826455,0.9345052166788584,0.020115126703787012,44.6504,6.013659484104962,1.3330820546856583,8.090772521830038,3.608392994118019,4.48237952771202,1895.2833,0.0,Standing,Standing_p1_1_35sek_20260204_152857.csv
0.9441308951948522,0.00438605612523928,0.95420123663722,0.9345052166788584,0.019696019958361566,44.570100000000004,3.5168785413098136,0.43663991337672436,4.490768308430084,2.564078781940992,1.9266895264890924,627.7638000000001,0.0,Standing,Standing_p1_1_35sek_20260204_152857.csv
0.9448213770627867,0.005938927717027484,0.95420123663722,0.932148056909416,0.022053179727803962,44.6361,6.510521897155782,2.6366124344013593,10.504118240004725,1.8678597377747614,8.636258502229964,2459.9793,0.0,Standing,Standing_p1_1_35sek_20260204_152857.csv
0.9458465103138052,0.010019314368001174,0.9652460826131334,0.9133454987024352,0.051900583910698184,44.7362,5.332317743088038,1.724469598062347,9.291657548575497,1.8544271352630708,7.437230413312426,1567.3966000000003,0.0,Standing,Standing_p1_1_35sek_20260204_152857.csv
0.9429543144773693,0.008873303719162798,0.9665402216152207,0.9288164511893617,0.03772377042585895,44.462,6.647034733930698,1.9811615964745921,9.423168257014197,2.198772384763825,7.224395872250372,2401.4786,0.0,Standing,Standing_p1_1_35sek_20260204_152857.csv
0.9421145543145435,0.010008493775883903,0.9640539403996023,0.9246621004453465,0.03939183995425588,44.3839,9.381042799115054,5.845024921052614,23.86721181872738,1.542595215861893,22.324616602865486,6074.2496999999985,0.0,Standing,Standing_p1_1_35sek_20260204_152857.csv
0.9455531770409522,0.016449967054177422,0.9778547949465708,0.9093954035511727,0.06845939139539814,44.7168,8.236947840751565,5.484558683038405,23.83990352329472,0.9306449376641986,22.90925858563052,4866.3043,0.0,Standing,Standing_p1_1_35sek_20260204_152857.csv
0.9531658780335708,0.06211254558355649,1.1121600604229591,0.8119729059519166,0.3001871544710425,45.615300000000005,8.842742120425234,4.194923048071596,21.006844122809117,2.3888281646028875,18.61801595820623,4771.976000000001,0.0,Standing,Standing_p1_1_35sek_20260204_152857.csv
0.9426695276834337,0.07559398513684287,1.095673308974897,0.8455175929571187,0.2501557160177782,44.7113,14.706542358299217,6.281952434663805,27.280986052560493,2.6454867227034047,24.63549932985709,12747.8028,0.0,Standing,Standing_p1_1_35sek_20260204_152857.csv
0.9427719987328554,0.05029462588705468,1.072194012294417,0.8401785524517987,0.23201545984261818,44.5649,12.397771686567445,6.939084895833038,26.94362447778695,3.251368942461006,23.692255535325945,10044.6312,0.0,Standing,Standing_p1_1_35sek_20260204_152857.csv
0.9610727963904495,0.12164300410293041,1.2377802712921224,0.7406753674856482,0.4971049038064742,46.908100000000005,35.51863000930922,17.684801334092644,68.48460045878927,5.505687967911005,62.97891249087827,78403.51159999998,0.0,Standing,Standing_p1_1_35sek_20260204_152857.csv
0.9718466685409638,0.1496596575834317,1.3371611720357424,0.7360706487831177,0.6010905232526247,48.3218,18.670971073138915,10.63014682957754,45.94964200078168,2.4097095260632555,43.53993247471843,22967.259100000003,0.0,Standing,Standing_p1_1_35sek_20260204_152857.csv
0.9507782466175015,0.082231168422641,1.1395613191048564,0.8124653838779842,0.3270959352268722,45.5303,11.850022198720476,5.938286350921683,31.077647916147065,5.328048423203378,25.749599492943688,8749.0503,0.0,Standing,Standing_p1_1_35sek_20260204_152857.csv
0.9603184553183334,0.0949675797258737,1.1360457737256893,0.7973079706111059,0.33873780311458335,46.552499999999995,9.595698820602664,3.733518904804868,16.683614716241802,3.141162205299179,13.542452510942624,5286.8908,0.0,Standing,Standing_p1_1_35sek_20260204_152857.csv
0.9471134693296257,0.07861087460733868,1.098271369015873,0.8044874144447508,0.29378395457112216,45.153999999999996,10.772311490335994,4.502820562212625,18.09914362614983,1.6966437457521835,16.402499880397645,6795.629000000001,0.0,Standing,Standing_p1_1_35sek_20260204_152857.csv
0.950776839075575,0.07436398539573531,1.1517378173872732,0.8213403679352428,0.3303974494520304,45.46979999999999,9.552520696078886,4.104115698207102,19.11718075449411,2.7972128985831595,16.319967855910953,5387.8771,0.0,Standing,Standing_p1_1_35sek_20260204_152857.csv
0.9484977359916426,0.041894483816045096,1.1048076755707303,0.8252272414311104,0.27958043413961997,45.068400000000004,7.019565103853921,3.258151747376876,14.30772169145039,2.293120145129775,12.014601546320614,2983.8768,0.0,Standing,Standing_p1_1_35sek_20260204_152857.csv
0.9454160295586459,0.010128312185150177,0.9720082304178294,0.9226592003551474,0.04934903006268199,44.6956,9.385611477096203,4.2196088900150315,19.488609493753014,3.0838450025901105,16.404764491162904,5276.9349999999995,0.0,Standing,Standing_p1_1_35sek_20260204_152857.csv
0.9470516253304494,0.010162905686571052,0.9780593029055038,0.9219002115196634,0.05615909138584041,44.85039999999999,4.540454506323587,1.9089635172548545,11.137014860365412,2.119056393775305,9.017958466590107,1209.3493,0.0,Standing,Standing_p1_1_35sek_20260204_152857.csv
0.9429923060180454,0.013979240832541668,0.9750384607798812,0.9003332716277901,0.07470518915209112,44.4713,8.318950013406749,4.971259918571937,19.99145067272508,3.6479309203985752,16.343519752326504,4671.204299999999,0.0,Standing,Standing_p1_1_35sek_20260204_152857.csv
0.945045827105059,0.01744918778634556,0.9889893831583836,0.9091204540653565,0.07986892909302712,44.6705,32.52816319205852,13.299967137860634,49.00017346908071,3.4544319359338953,45.54574153314681,61571.6372,0.0,Standing,Standing_p1_1_35sek_20260204_152857.csv
0.946216332560611,0.03936552925359415,1.0525207836427743,0.8616843969807042,0.19083638666207015,44.8422,13.19541494722549,9.919101875207915,45.4180602844287,1.0505712731652241,44.36748901126347,13526.9893,0.0,Standing,Standing_p1_1_35sek_20260204_152857.csv
0.9505404636177253,0.04417990846111753,1.0485227703774487,0.8576129663198895,0.1909098040575592,45.272000000000006,12.676536378544329,5.194555768895501,21.468439626577428,2.91171770609721,18.556721920480218,9356.915799999999,0.0,Standing,Standing_p1_1_35sek_20260204_152857.csv
0.9467592487759362,0.00885972642188257,0.9709788875150684,0.9261209424259879,0.044857945089080586,44.82150000000001,5.526417877699664,2.299631612255146,10.92770332686608,0.7335529974037323,10.194150329462348,1786.1916999999999,0.0,Standing,Standing_p1_1_35sek_20260204_152857.csv
0.9463068324634585,0.005285601637404151,0.9588534820294495,0.9384028985462481,0.02045058348320139,44.77620000000001,6.042896762579581,2.3461146162663042,10.839344998661128,3.3019085390119454,7.537436459649182,2095.5385,0.0,Standing,Standing_p1_1_35sek_20260204_152857.csv
0.9464500892317129,0.0059099184429782375,0.9588534820294495,0.9384028985462481,0.02045058348320139,44.7901,4.207448390971062,1.3554485805087142,8.106059461908727,2.3687127305775175,5.737346731331209,975.1559,0.0,Standing,Standing_p1_1_35sek_20260204_152857.csv
0.944171639492524,0.006220044786217979,0.9596874491208062,0.9270382947861432,0.03264915433466298,44.5749,4.89002209347735,2.5434124444443693,14.254546643089004,2.8582162269499487,11.396330416139055,1512.5941999999998,0.0,Standing,Standing_p1_1_35sek_20260204_152857.csv
0.9453443461626958,0.009255898485471736,0.9596874491208062,0.9256889326334198,0.03399851648738639,14.3001,14.929564483476327,3.7051519927398022,21.963783827018514,10.501971243533283,11.46181258348523,3772.1926000000003,0.0,Standing,Standing_p1_1_35sek_20260204_152857.csv
0.947167940421336,0.005238460398954618,0.9585927185202274,0.9396807968666807,0.018911921653546715,44.8577,9.977033058727129,3.072756082728489,14.753541947613801,2.1486274688740252,12.604914478739776,5439.7091,0.0,Standing,Standing_p1_2_35sek_20260204_152944.csv
0.9439322730002072,0.030234862778031203,1.0354226190305098,0.8769834662067467,0.15843915282376309,44.595200000000006,14.090595308021566,8.126491565795133,37.78542973157776,2.5413579047430526,35.244071826834706,13163.1972,0.0,Standing,Standing_p1_2_35sek_20260204_152944.csv
0.9497880910424583,0.060815731332217716,1.1606032913963324,0.8281304245105358,0.3324728668857967,45.2861,17.304250568013,8.718471844625782,31.55939955068854,2.8136453223531923,28.745754228335347,18696.4302,0.0,Standing,Standing_p1_2_35sek_20260204_152944.csv
0.9466724405346332,0.0345420526345127,1.03,0.8789766777338294,0.15102332226617066,44.867900000000006,17.254202489555052,7.661199648256208,33.964755261888754,4.1749011964356715,29.789854065453085,17761.380199999996,0.0,Standing,Standing_p1_2_35sek_20260204_152944.csv
0.9459202898684259,0.01929378707318222,0.9841747812253675,0.9064766957842877,0.07769808544107981,44.756499999999996,13.733629716775972,6.7799446751767105,31.07868240450357,4.775887352105365,26.302795052398206,11683.044100000001,0.0,Standing,Standing_p1_2_35sek_20260204_152944.csv
0.9455768261666596,0.029597052676402922,1.02435345462394,0.8903931715820825,0.13396028304185736,44.74870000000001,18.282599817601994,9.180232751785695,44.69012754513014,8.18106350054808,36.50906404458206,20842.2298,0.0,Standing,Standing_p1_2_35sek_20260204_152944.csv
0.9448133546854092,0.03792749269521947,1.0133607452432722,0.8748714191239763,0.13848932611929599,44.7041,14.057551749139959,7.1284648446263335,29.547861174711105,1.2925556080881007,28.255305566623004,12370.6736,0.0,Standing,Standing_p1_2_35sek_20260204_152944.csv
0.9541815836036524,0.025142563140043296,1.0394710193170371,0.916078599247903,0.12339242006913409,45.5541,10.928054202326173,6.254020368238998,27.524966848299748,2.8416544476765644,24.683312400623183,7887.644200000002,0.0,Standing,Standing_p1_2_35sek_20260204_152944.csv
0.945610263166073,0.007904415905463326,0.9688137075826291,0.9272540105062905,0.04155969707633855,44.711999999999996,9.961304344648433,4.785137465588617,20.516417815983374,1.6085086260259844,18.90790918995739,6083.358700000001,0.0,Standing,Standing_p1_2_35sek_20260204_152944.csv
0.9467924572322667,0.026264800066573984,1.055035544424926,0.875728268357257,0.17930727606766894,44.854600000000005,17.07997346095374,7.059103586288765,42.10404968646127,6.2916929359275,35.81235675053377,17027.9909,0.0,Standing,Standing_p1_2_35sek_20260204_152944.csv
0.9461697990030031,0.02076868361251035,1.0454185764563397,0.9080748867797193,0.13734368967662047,44.782999999999994,15.755814145374076,14.140504083343398,49.858383447520644,1.5970284906663375,48.261354956854305,22210.022900000004,0.0,Standing,Standing_p1_2_35sek_20260204_152944.csv
0.9457181228652303,0.009542177278243942,0.96591925128346,0.9244457799135654,0.041473471369894654,44.723600000000005,13.854058782875468,10.97811818195498,38.75519191024604,1.7585505395068974,36.99664137073914,15502.182100000002,0.0,Standing,Standing_p1_2_35sek_20260204_152944.csv
0.9422285869769753,0.00582831611596951,0.9553009996854395,0.9288164511893617,0.02648454849607773,44.3914,11.752211372117438,7.297097120974354,33.45924237038251,2.1782561832805616,31.280986187101952,9514.8573,0.0,Standing,Standing_p1_2_35sek_20260204_152944.csv
0.9458984546080045,0.0042992132869705746,0.9552486587271399,0.9364293886887575,0.018819270038382463,44.7371,5.313283103121114,2.3057768326813997,10.551710761767497,2.3442909375757948,8.207419824191703,1672.0626000000002,0.0,Standing,Standing_p1_2_35sek_20260204_152944.csv
0.9436662332846695,0.024454041824503968,1.03440804327886,0.8817028978062847,0.1527051454725753,44.5546,7.261146835781887,7.719391605852419,37.46585111805149,1.9241101839551706,35.54174093409632,5556.0740000000005,0.0,Standing,Standing_p1_2_35sek_20260204_152944.csv
0.9326571194457064,0.0333915782373527,1.0167103815738285,0.8765272385955841,0.1401831429782444,43.5471,12.247744067217905,6.895506912144849,42.54792709404302,2.70482901492867,39.84309807911435,9830.2145,0.0,Standing,Standing_p1_2_35sek_20260204_152944.csv
0.9469460632343893,0.020730371214863895,1.0113851887386922,0.8963258336118624,0.11505935512682985,44.856399999999994,10.171365465975846,13.22205001848736,55.60276701747855,1.7935718552653528,53.80919516221319,13739.141500000002,0.0,Standing,Standing_p1_2_35sek_20260204_152944.csv
0.9422164439555887,0.0038028909096398658,0.951262319236918,0.9370699013414101,0.014192417895507847,44.3893,5.154173485087484,1.248743730192483,8.320757177084307,3.51,4.810757177084307,1404.6838999999998,0.0,Standing,Standing_p1_2_35sek_20260204_152944.csv
0.9423912327029572,0.006449531275561343,0.9552486587271399,0.9288164511893617,0.026432207537778196,44.40709999999999,5.314819365943035,1.9982990489865335,10.932419677271815,2.224904492332199,8.707515184939616,1608.0319999999997,0.0,Standing,Standing_p1_2_35sek_20260204_152944.csv
0.9442081836842061,0.006136696559708979,0.9578100020358944,0.9304837451562493,0.027326256879645072,44.5783,7.067787148173465,1.7767198704566551,11.487057934910924,3.093186059712542,8.393871875198382,2652.3607,0.0,Standing,Standing_p1_2_35sek_20260204_152944.csv
0.950216685983415,0.005736535139245761,0.9642095207992918,0.9413288479590967,0.022880672840195126,45.1472,5.9091267705406025,2.827428125664084,11.744347576600413,2.3217881040267216,9.422559472573692,2137.6121000000003,0.0,Standing,Standing_p1_2_35sek_20260204_152944.csv
0.9438767791713134,0.038869558693771046,1.074290463515338,0.7930952023559341,0.28119526115940396,44.6192,9.106527262196261,13.46485467622709,65.89643161810811,1.3298120167903433,64.56661960131777,13030.2552,0.0,Standing,Standing_p1_2_35sek_20260204_152944.csv
0.9402475591527829,0.015000935591024287,0.984733466477097,0.9091754506144565,0.07555801586264055,44.214299999999994,7.984015640013147,4.844780302934226,17.668919038809364,2.3403204908729913,15.328598547936373,4337.348199999999,0.0,Standing,Standing_p1_2_35sek_20260204_152944.csv
0.9410070230698334,0.004492912019895739,0.9475230867899737,0.9360555539069249,0.011467532883048803,44.27569999999999,4.578711272872568,0.831181283591933,6.170162072425651,3.0756787868696565,3.0944832855559943,1082.0821,0.0,Standing,Standing_p1_2_35sek_20260204_152944.csv
0.9399076529791582,0.004695185463988916,0.9475230867899737,0.9343982020530648,0.01312488473690887,44.172399999999996,4.936527363655306,0.9769964321590062,6.9925960844310175,3.523492585489574,3.4691034989414438,1265.2366999999997,0.0,Standing,Standing_p1_2_35sek_20260204_152944.csv
0.9427963613391392,0.004846737349777855,0.9555103348473003,0.9343982020530648,0.021112132794235516,44.444399999999995,4.6145236142637325,0.4437730314832248,5.374253436524929,3.840846260916987,1.5334071756079415,1074.3412,0.0,Standing,Standing_p1_2_35sek_20260204_152944.csv
0.9403712975597142,0.004718907459532323,0.9491575211733825,0.9360555539069249,0.013101967266457626,44.21599999999999,4.5334142157421535,0.3580410826201896,5.1877258986958825,3.8805927382295606,1.3071331604663219,1033.8737,0.0,Standing,Standing_p1_2_35sek_20260204_152944.csv
0.9415088502106661,0.01669305657284536,0.9840223574695851,0.9037698822156002,0.08025247525398493,44.3356,14.301649363549073,10.523389085217456,38.37382701790375,2.46983805137098,35.90398896653277,15653.202899999998,0.0,Standing,Standing_p1_2_35sek_20260204_152944.csv
0.9442689933442486,0.010403502581268521,0.9706183596038146,0.9230926280715278,0.047525731532286786,44.5875,9.725969069248766,8.208135937929319,36.95453152185805,1.4811144452742333,35.473417076583814,8031.025000000001,0.0,Standing,Standing_p1_2_35sek_20260204_152944.csv
0.9432722644092842,0.003968652187454513,0.9523654760647301,0.9328451104015071,0.019520365663223016,44.4889,5.082936380460787,1.379295055153762,7.467456059462285,2.750181812171697,4.717274247290588,1385.0324,0.0,Standing,Standing_p1_2_35sek_20260204_152944.csv
0.941779624351719,0.003661598281358523,0.9457801012920498,0.931396800509858,0.014383300782191855,44.348099999999995,4.501035880283496,0.3660378094675098,5.371070656768536,3.748533046406287,1.622537610362249,1019.5314,0.0,Standing,Standing_p1_2_35sek_20260204_152944.csv
0.9425645604828415,0.0032022507689600625,0.9523654760647301,0.9298386956886662,0.022526780376063926,44.421899999999994,4.961646531589733,0.3233588004684223,5.669894178906693,4.285440467443224,1.3844537114634692,1236.0203,0.0,Standing,Standing_p1_2_35sek_20260204_152944.csv
0.9421143748174423,0.002576337049319759,0.9457801012920498,0.9328451104015071,0.01293499089054273,44.37929999999999,4.847471892366859,0.7004184264826192,7.033263822721283,4.149337296484826,2.883926526236457,1198.9379000000001,0.0,Standing,Standing_p1_2_35sek_20260204_152944.csv
0.9432487089875381,0.003480703855413088,0.9539916142189092,0.9328451104015071,0.02114650381740213,44.48649999999999,4.55372099616357,0.31041954674126493,5.0835519078691425,3.8768286008024653,1.2067233070666772,1041.5404,0.0,Standing,Standing_p1_2_35sek_20260204_152944.csv
0.9413923616261143,0.005571563369023112,0.9539916142189092,0.9328451104015071,0.02114650381740213,44.31249999999999,4.635958743488596,0.2625085589890058,5.331922730122783,4.1150212636145636,1.2169014665082196,1077.9823,0.0,Standing,Standing_p1_2_35sek_20260204_152944.csv
0.9420615767611288,0.003497169458316549,0.9442457307290301,0.9328451104015071,0.011400620327522981,44.374599999999994,4.683607043400144,0.36504271907204433,5.426656429146773,3.8476616275343134,1.5789948016124593,1103.3383000000001,0.0,Standing,Standing_p1_2_35sek_20260204_152944.csv
0.941877302863432,0.004182855033526693,0.9523654760647301,0.9328451104015071,0.019520365663223016,44.357499999999995,4.675571435706998,0.2706827150848642,5.122606758282349,3.8702196320105657,1.2523871262717834,1096.6386,0.0,Standing,Standing_p1_2_35sek_20260204_152944.csv
0.9426661735172719,0.004343104587028099,0.9555103348473003,0.9328451104015071,0.02266522444579322,44.4319,4.583833618965416,0.33010720837763674,5.132377616660723,3.696809435175148,1.4355681814855754,1055.9161,0.0,Standing,Standing_p1_2_35sek_20260204_152944.csv
0.9425488374926383,0.004191337090521069,0.9523654760647301,0.9328451104015071,0.019520365663223016,17.7683,5.583917025811349,0.5173623883692138,6.461060284504393,4.810124738507308,1.6509355459970854,628.6882,0.0,Standing,Standing_p1_2_35sek_20260204_152944.csv
0.9443356503713756,0.019540106261883697,0.9893937537704591,0.913454979733539,0.07593877403692018,44.607200000000006,14.74743023530343,8.15909467859916,27.82557816110925,2.0890189084831183,25.73655925262613,14136.305400000001,0.0,Standing,Standing_p1_3_35sek_20260204_153104.csv
0.9461079349101208,0.09956935589207157,1.3264237633576985,0.764591394144611,0.5618323692130875,45.2418,19.89126630495919,8.449392369482238,37.22250528913926,8.61921690178406,28.603288387355196,23281.3431,0.0,Standing,Standing_p1_3_35sek_20260204_153104.csv
0.9448462040491927,0.06431468151994041,1.1627553482998907,0.8695976080923865,0.2931577402075042,44.8394,21.543692853680383,13.521605923909751,47.24380382653369,1.9438878568477145,45.299915969685976,32165.3926,0.0,Standing,Standing_p1_3_35sek_20260204_153104.csv
0.9438240115558014,0.03292284131603537,1.0561723344227494,0.8621484790916237,0.19402385533112565,44.593300000000006,9.081804857297051,4.323933221507569,15.822120591121784,2.111539722572133,13.710580868549652,5040.082500000001,0.0,Standing,Standing_p1_3_35sek_20260204_153104.csv
0.9450683367241757,0.01511314205098346,0.9863569333664157,0.9120307012376283,0.07432623212878742,44.66890000000001,9.73435646098766,5.87282293926411,20.023748400337038,1.4409024949662625,18.582845905370775,6427.8972,0.0,Standing,Standing_p1_3_35sek_20260204_153104.csv
0.9492326339054002,0.05267736540039212,1.0675204916066015,0.8171903083125742,0.25033018329402723,45.188100000000006,9.561983549061631,4.273063782493766,17.505284916276,2.402998127340094,15.102286788935906,5466.271099999999,0.0,Standing,Standing_p1_3_35sek_20260204_153104.csv
0.9517556050663348,0.028379142686256485,1.0053357648069623,0.9034378783292186,0.10189788647774367,45.331399999999995,10.941504601188626,2.428065296454153,17.148017378111092,6.176690052123386,10.971327325987705,6274.7057,0.0,Standing,Standing_p1_3_35sek_20260204_153104.csv
0.9435947467224207,0.03095345349910136,1.0286884854026508,0.8756140702387096,0.15307441516394116,44.5655,15.599897159761348,5.977909555859013,27.337106650119356,3.9770969311798274,23.36000971893953,13918.874299999998,0.0,Standing,Standing_p1_3_35sek_20260204_153104.csv
0.9461945247175018,0.0093634871960368,0.9669539802906858,0.9276852914647294,0.039268688825956355,44.768499999999996,8.034804996545974,4.877731852822648,22.1383332705965,2.6320714276022223,19.506261842994277,4393.7257,0.0,Standing,Standing_p1_3_35sek_20260204_153104.csv
0.9456250171586494,0.005653870238823895,0.9585927185202274,0.9372299611087985,0.0213627574114289,44.71190000000001,5.228650157963866,3.046113201834804,12.423948647672365,0.30610455730027936,12.117844090372085,1821.6006,0.0,Standing,Standing_p1_3_35sek_20260204_153104.csv
0.9439968157869174,0.00515195466777246,0.9517877914745493,0.9304837451562493,0.021304046318299963,44.5578,5.503316603948413,0.8244827424251129,7.259462790041698,4.620432880153114,2.639029909888584,1547.6334999999997,0.0,Standing,Standing_p1_3_35sek_20260204_153104.csv
0.9451859981321808,0.005093907412566484,0.951262319236918,0.9374966666607407,0.013765652576177234,44.6701,4.647840250610419,0.3530840866573984,5.462819784689954,3.985799794269652,1.4770199904203025,1086.2296999999999,0.0,Standing,Standing_p1_3_35sek_20260204_153104.csv
0.9449104980439776,0.0053595886114526925,0.9598437372822723,0.9374966666607407,0.02234707062153163,44.6442,4.751870319451291,0.2470942708597522,5.298311051646553,4.170911171434846,1.1273998802117067,1132.0053000000003,0.0,Standing,Standing_p1_3_35sek_20260204_153104.csv
0.9454275067156998,0.005423827375877244,0.9578100020358944,0.9374966666607407,0.020313335375153674,44.6931,6.686095323042341,2.0613021768971533,10.631679077173088,4.095485319226526,6.536193757946561,2443.3929,0.0,Standing,Standing_p1_3_35sek_20260204_153104.csv
0.9473034089037317,0.010214609353998186,0.9675742865537508,0.9106591019695569,0.05691518458419387,44.874300000000005,7.72208336399025,2.8832462075678005,14.384943517442117,1.9647137196039528,12.420229797838164,3388.8709,0.0,Standing,Standing_p1_3_35sek_20260204_153104.csv
0.9422411213420443,0.00818592944662992,0.9587491851365507,0.9184225606985055,0.040326624438045244,44.394200000000005,8.021216718786972,2.7881876108538193,13.393084036173295,4.579224825229702,8.813859210943594,3597.9213999999997,0.0,Standing,Standing_p1_3_35sek_20260204_153104.csv
0.9470654530164734,0.004632152792384833,0.9577577981932592,0.9372299611087985,0.02052783708446071,44.847699999999996,4.535930172472531,1.4376076607255726,9.890126389485626,2.9192807333314144,6.9708456561542125,1130.0022,0.0,Standing,Standing_p1_3_35sek_20260204_153104.csv
0.9456999895652112,0.004899993373545955,0.9517877914745493,0.9386160024205852,0.0131717890539641,44.718599999999995,4.487426602875702,0.37221960245597163,5.252475606797237,3.7090834447340217,1.5433921620632152,1013.6387000000001,0.0,Standing,Standing_p1_3_35sek_20260204_153104.csv
0.9438873819871318,0.004803286022155497,0.9517877914745493,0.9386160024205852,0.0131717890539641,44.54729999999999,4.548827483040709,0.20786212447031074,5.125319502235934,4.082033806817381,1.043285695418553,1036.7087,0.0,Standing,Standing_p1_3_35sek_20260204_153104.csv
0.9451891495758847,0.004893928351531318,0.9517877914745493,0.9381364506296512,0.013651340844898052,44.6703,4.995940359832614,0.2951857267226529,5.547972602672079,4.232387033341824,1.3155855693302554,1252.2405999999999,0.0,Standing,Standing_p1_3_35sek_20260204_153104.csv
0.9434901319880816,0.004559229382644671,0.951262319236918,0.9386160024205852,0.01264631681633277,44.50969999999999,4.339548836163079,0.3604813937790413,5.057014929778238,3.4532593299664014,1.6037555998118367,947.9516,0.0,Standing,Standing_p1_3_35sek_20260204_153104.csv
0.9437199590992698,0.0050141430253133916,0.9529952780575569,0.9386160024205852,0.014379275636971722,44.531600000000005,4.614932934056746,0.23300173897570983,5.087917059072406,3.9243598204038324,1.1635572386685733,1067.5405,0.0,Standing,Standing_p1_3_35sek_20260204_153104.csv
0.9444029085324003,0.004859910508001263,0.9517877914745493,0.9364827814754524,0.015305009999096897,44.596,5.683438520640505,0.6823822183633224,6.872794191593401,4.131706669162273,2.741087522431129,1637.8903,0.0,Standing,Standing_p1_3_35sek_20260204_153104.csv
0.9436703137267348,0.007308018442580021,0.9594269122762816,0.9281163720137686,0.03131054026251301,44.5283,4.4648217354841355,1.1956335825079738,8.212849688141139,2.4418026128252057,5.771047075315933,1066.7791,0.0,Standing,Standing_p1_3_35sek_20260204_153104.csv
0.9441696353949486,0.007402398823113972,0.9636389365317282,0.9284395510748128,0.035199385456915366,44.5755,9.00214110798975,4.51746017136154,16.939622191772756,0.9104943712072029,16.029127820565552,5051.8921,0.0,Standing,Standing_p1_3_35sek_20260204_153104.csv
0.9456144428037996,0.008882771725674218,0.9673675619949224,0.9304837451562493,0.036883816838673034,44.7132,15.113475176106128,9.13549380395308,32.903847799307606,1.9551214796017153,30.94872631970589,15510.2617,0.0,Standing,Standing_p1_3_35sek_20260204_153104.csv
0.9415072436052644,0.02000281201704497,0.9817331613019904,0.8613361713059541,0.12039698999603632,44.34140000000001,10.682215014889685,4.469057835198871,20.90103107504508,1.4545102268461367,19.446520848198944,6684.1373,0.0,Standing,Standing_p1_3_35sek_20260204_153104.csv
0.941967526276961,0.02169311561214676,1.0081170566953026,0.8969392398596462,0.11117781683565642,44.3882,23.020021602648207,8.997015344875676,41.69310374630318,8.010149811333118,33.68295393497006,30462.4377,0.0,Standing,Standing_p1_3_35sek_20260204_153104.csv
0.937974779706608,0.006829568849831092,0.947839648885823,0.931074647920348,0.016765000965474952,7.0387,11.571315413637109,6.348870279540111,21.355629234466495,3.6336345440894298,17.721994690377066,1353.3198000000002,0.0,Standing,Standing_p1_3_35sek_20260204_153104.csv
1.0002832974953448,0.005083461764348979,1.0141991914806479,0.9922197337283712,0.02197945775227661,50.02959999999999,4.823191821467742,0.5391571779900965,5.790690805076714,3.876712524807585,1.9139782802691294,1177.4027999999996,0.0,Standing,Standing_p2_1_35sek_20260204_154843.csv
1.0006705581948792,0.00538648743493165,1.0141991914806479,0.9905553997631833,0.023643791717464557,50.068499999999986,4.645946215997601,0.34467636115101336,5.269354799214037,3.9545543364581555,1.3148004627558816,1085.0620999999999,0.0,Standing,Standing_p2_1_35sek_20260204_154843.csv
1.0012424561676558,0.004688671470960163,1.0141991914806479,0.9922197337283712,0.02197945775227661,50.125399999999985,4.607835871806264,0.24212195125809563,5.101813403095021,4.131646161035574,0.9701672420594472,1064.4801,0.0,Standing,Standing_p2_1_35sek_20260204_154843.csv
0.9996836851696361,0.004794725594450849,1.0092076099594176,0.9855455342093534,0.023662075750064182,49.96949999999998,4.553702185396665,0.3083769339319502,5.224509546359352,4.023791744114002,1.2007178022453502,1041.4698999999998,0.0,Standing,Standing_p2_1_35sek_20260204_154843.csv
1.0008120555814,0.0056450631251226185,1.017742600071354,0.9872183142547548,0.030524285816599273,50.08279999999999,4.8563770394072625,0.18414737642121506,5.366264995320302,4.438772352802068,0.9274926425182342,1180.8815000000002,0.0,Standing,Standing_p2_1_35sek_20260204_154843.csv
1.0014227191295888,0.005203767385337656,1.0125709851659783,0.9872183142547548,0.025352670911223507,50.14369999999999,4.7447703885181,0.3856480898777105,5.602544064976196,4.131706669162273,1.4708373958139234,1132.9298000000003,0.0,Standing,Standing_p2_1_35sek_20260204_154843.csv
0.9997648527087089,0.004070712760835095,1.0125709851659783,0.9855455342093534,0.027025450956624897,49.97729999999999,4.780394166886703,0.4492120189339134,5.766636801464091,3.979560277216567,1.787076524247524,1152.4961999999998,0.0,Standing,Standing_p2_1_35sek_20260204_154843.csv
1.0008199423940054,0.005291782854154589,1.0125709851659783,0.9855455342093534,0.027025450956624897,50.0834,4.932780322742538,0.374637631127949,5.708879049340597,4.263988742949493,1.4448903063911036,1223.4933999999998,0.0,Standing,Standing_p2_1_35sek_20260204_154843.csv
1.0016274097046436,0.004577242771936177,1.0125709851659783,0.9905553997631833,0.022015585402795024,50.163899999999984,4.763535194496262,0.24088792125719521,5.269478152530856,4.272060392831543,0.9974177596993128,1137.4066999999998,0.0,Standing,Standing_p2_1_35sek_20260204_154843.csv
1.0010584227077788,0.005154186510592003,1.0092076099594176,0.9855455342093534,0.023662075750064182,50.1072,4.484245268022472,0.25807840965225454,5.035404651068274,4.0774747086891905,0.9579299423790832,1008.6864,0.0,Standing,Standing_p2_1_35sek_20260204_154843.csv
1.0006257217522572,0.004965695357344298,1.0125709851659783,0.9889893831583835,0.02358160200759485,50.06379999999999,4.8556161128732365,0.2322124388154506,5.618700917471938,4.423448880681226,1.1952520367907118,1181.4925999999998,0.0,Standing,Standing_p2_1_35sek_20260204_154843.csv
1.000475821839607,0.004962092461307422,1.0125709851659783,0.9905553997631833,0.022015585402795024,50.04879999999999,4.735072599782676,0.259940092759481,5.333019782449714,4.220485754033533,1.1125340284161807,1124.3565,0.0,Standing,Standing_p2_1_35sek_20260204_154843.csv
1.0011916729224495,0.005271609631744543,1.0125709851659783,0.9855455342093534,0.027025450956624897,50.120599999999996,5.309683394811661,0.42953492512169006,6.132699242584785,4.431376761233466,1.701322481351319,1418.6773999999998,0.0,Standing,Standing_p2_1_35sek_20260204_154843.csv
1.0028649697492575,0.0051361513643457994,1.0125709851659783,0.9940824915468534,0.018488493619124968,50.288199999999996,4.886833685735897,0.29700636967833405,5.502817460174379,4.382522104907173,1.1202953552672055,1198.3796,0.0,Standing,Standing_p2_1_35sek_20260204_154843.csv
1.0013414750282843,0.010063593111101183,1.0246950765959597,0.9704638066409278,0.05423126995503191,50.1392,5.241971053077499,1.2377924221385637,8.745427376635176,3.4061855498489804,5.339241826786195,1448.9874,0.0,Standing,Standing_p2_1_35sek_20260204_154843.csv
1.0005386190817103,0.005930870988097454,1.0161200716450787,0.9889893831583835,0.027130688486695198,50.05559999999999,4.802350801384618,0.5629140475590388,6.017424698324026,3.473859525081577,2.5435651732424494,1168.6554,0.0,Standing,Standing_p2_1_35sek_20260204_154843.csv
1.0034875073034204,0.00523164292764684,1.0161200716450787,0.9889893831583835,0.027130688486695198,50.3507,4.79233981356512,0.5239947726396758,5.721450864946758,3.3978522628272114,2.3235986021195463,1161.78,0.0,Standing,Standing_p2_1_35sek_20260204_154843.csv
1.000503218767851,0.010464187477310425,1.0245974819410792,0.9754486147409304,0.04914886720014888,50.055699999999995,5.081028487708851,1.3246183536196514,9.246864333383506,2.990668821518023,6.256195511865483,1376.8185999999998,0.0,Standing,Standing_p2_1_35sek_20260204_154843.csv
0.9995260371926321,0.00667778635516186,1.0195587280779856,0.9875221516502807,0.032036576427704966,49.9548,5.072654234351662,0.5734829310078126,6.249167944614707,3.776413642597961,2.4727543020167464,1302.7063,0.0,Standing,Standing_p2_1_35sek_20260204_154843.csv
1.0007258759918443,0.00568933125761649,1.0110390694725895,0.9875221516502807,0.023516917822308803,50.07419999999999,4.73159478514289,0.2828333128645467,5.274362520722291,4.065820950312495,1.2085415704097962,1123.3192,0.0,Standing,Standing_p2_1_35sek_20260204_154843.csv
1.001918918333814,0.005931676020175812,1.017644338656684,0.9875221516502807,0.030122187006403345,50.19379999999999,4.882670844313328,0.2520759241241281,5.339241519167306,4.357177985806868,0.9820635333604377,1195.1373,0.0,Standing,Standing_p2_1_35sek_20260204_154843.csv
1.0014624698166288,0.006302052530726204,1.0146920715172656,0.9889893831583835,0.02570268835888212,50.1483,5.329749734697863,1.3331532994692614,9.877803399541824,3.745584066604299,6.132219332937525,1507.3991999999998,0.0,Standing,Standing_p2_1_35sek_20260204_154843.csv
1.0005697229284367,0.005734745418198694,1.0110390694725895,0.9875221516502807,0.023516917822308803,50.058599999999984,4.838676623665796,1.1474988469115963,9.340765493255894,3.3849815361387128,5.955783957117181,1235.1605,0.0,Standing,Standing_p2_1_35sek_20260204_154843.csv
0.9985398604635755,0.009590974997944974,1.0181355508968342,0.9689685237405805,0.04916702715625365,49.858599999999996,5.227614752051455,1.2241331810855796,7.636923464327766,3.2405400784437153,4.39638338588405,1439.8244000000002,0.0,Standing,Standing_p2_1_35sek_20260204_154843.csv
0.9992517185909171,0.006546762176716189,1.011830025251277,0.9775479527879949,0.03428207246328219,49.92729999999999,5.439533744837421,0.5301565409703574,6.691076146629928,4.351769754938788,2.3393063916911396,1493.1986,0.0,Standing,Standing_p2_1_35sek_20260204_154843.csv
0.9983847359190284,0.005883137776167057,1.0155786527886455,0.986154146165801,0.02942450662284446,49.8403,4.807748950305098,1.0521794828462918,6.865296788923258,2.7241512439657236,4.141145544957535,1209.9695,0.0,Standing,Standing_p2_1_35sek_20260204_154843.csv
0.9988083095750586,0.007556638101813406,1.0181355508968342,0.9824968193332739,0.03563873156356023,49.88369999999999,5.532855779957195,1.0669721216421169,7.5197140903095505,3.9282820672655365,3.591432023044014,1586.4076999999997,0.0,Standing,Standing_p2_1_35sek_20260204_154843.csv
0.9993150198568612,0.010473050375331045,1.0230347012687302,0.9775479527879949,0.045486748480735306,49.936899999999994,5.786056346224572,2.9496537254940245,13.257963644542098,2.6096359899418924,10.648327654600205,2100.2448,0.0,Standing,Standing_p2_1_35sek_20260204_154843.csv
0.9969471722022769,0.006876152065542504,1.011236866416568,0.9813256340277675,0.029911232388800557,49.69749999999999,4.110896910387009,2.138554392567546,11.117607656326069,0.7702596964660685,10.34734795986,1069.0710000000001,0.0,Standing,Standing_p2_1_35sek_20260204_154843.csv
0.9927014747004573,0.009022767547809842,1.010247494428964,0.9702576977277737,0.039989796701190405,49.276799999999994,4.823784256103378,1.4549561500402606,7.169051541173351,1.708127629891865,5.460923911281486,1267.1727,0.0,Standing,Standing_p2_1_35sek_20260204_154843.csv
0.996431877328923,0.004685392275284552,1.007422453591342,0.9839207285142436,0.023501725077098468,49.6449,4.752703976958695,0.15391790616352552,5.064395324221837,4.404577164723079,0.6598181594987578,1130.5706,0.0,Standing,Standing_p2_2_35sek_20260204_154943.csv
0.9970537026245729,0.004728774556451371,1.007422453591342,0.9880789442144793,0.0193435093768628,49.7069,4.773448089061333,0.29231542412318307,5.3806505182923745,4.12933408675055,1.2513164315418246,1143.4773,0.0,Standing,Standing_p2_2_35sek_20260204_154943.csv
0.9957109391979557,0.0042529175489451464,1.006081507632458,0.9880789442144793,0.01800256341797879,49.572900000000004,4.864772588644212,0.22002240325609293,5.4104805701527106,4.445492098744524,0.9649884714081862,1185.6727,0.0,Standing,Standing_p2_2_35sek_20260204_154943.csv
0.9960320617738109,0.004752219525626155,1.0107917688624102,0.9839207285142436,0.026871040348166564,49.6051,4.679000109247183,0.20830211983413932,5.0250373132943,4.221480782853335,0.8035565304409653,1096.7782,0.0,Standing,Standing_p2_2_35sek_20260204_154943.csv
0.9952144512423265,0.005170169384442518,1.0107917688624102,0.9826494797230597,0.028142289139350463,49.5239,4.684249690300873,0.21352923356754175,5.055956882727542,4.1762423301336336,0.8797145525939083,1099.3439,0.0,Standing,Standing_p2_2_35sek_20260204_154943.csv
0.9969614284055203,0.005141891935683489,1.006081507632458,0.9839207285142436,0.022160779118214458,49.697900000000004,4.790334114305543,0.2651281425268169,5.226365850186915,4.049135710247311,1.1772301399396037,1150.8094000000003,0.0,Standing,Standing_p2_2_35sek_20260204_154943.csv
0.9945988068399856,0.00564361952145131,1.0121264743103997,0.9839207285142436,0.02820574579615609,49.4629,4.835713059007127,0.2957198256001688,5.546296061336791,4.267657437049041,1.2786386242877494,1173.4911000000002,0.0,Standing,Standing_p2_2_35sek_20260204_154943.csv
0.9960831354756604,0.005568426020339003,1.007422453591342,0.9839207285142436,0.023501725077098468,49.6106,4.6133137277769185,0.2636255250428419,5.089852650126524,3.942638710305574,1.1472139398209498,1067.5386,0.0,Standing,Standing_p2_2_35sek_20260204_154943.csv
0.9960420488214419,0.004070423382736466,1.006081507632458,0.985291834940288,0.020789672692170025,49.6058,4.596620441930383,0.4111240351441411,5.625735507469223,3.984695722385839,1.6410397850833838,1064.7281,0.0,Standing,Standing_p2_2_35sek_20260204_154943.csv
0.9960407078584274,0.0041537159270570966,1.0034440691936946,0.9839207285142436,0.01952334067945094,49.6057,4.6268406598067005,0.42506363120233426,5.688110406804706,3.8200654444655786,1.8680449623391278,1079.236,0.0,Standing,Standing_p2_2_35sek_20260204_154943.csv
0.9967146125434035,0.0053434245738849485,1.007422453591342,0.985291834940288,0.022130618651054035,49.673399999999994,4.879056345014441,0.2476402554033698,5.461400919178156,4.283654981438164,1.1777459377399921,1193.2645,0.0,Standing,Standing_p2_2_35sek_20260204_154943.csv
0.9972743771302521,0.004718258009130953,1.007422453591342,0.9839207285142436,0.023501725077098468,49.728899999999996,4.768105310934616,0.37975790332777587,5.320498096983026,3.8196727608526886,1.5008253361303372,1143.8079999999998,0.0,Standing,Standing_p2_2_35sek_20260204_154943.csv
0.9960069362845281,0.005362651749274821,1.0107917688624102,0.985291834940288,0.02549993392212213,49.6029,4.631632431706797,0.23588093148568087,5.201970780386987,4.1957120968913015,1.0062586834956857,1075.3273,0.0,Standing,Standing_p2_2_35sek_20260204_154943.csv
0.9964497496220338,0.004505832748946443,1.0034440691936946,0.985291834940288,0.018152234253406507,49.64659999999999,4.666265282892812,0.37321590521762293,5.43176766808007,4.146166904503484,1.2856007635765865,1095.5267999999999,0.0,Standing,Standing_p2_2_35sek_20260204_154943.csv
0.9975185381557544,0.0056030272071778435,1.0135580891098448,0.985291834940288,0.028266254169556748,49.753699999999995,4.763943596629623,0.2976873584813515,5.550756705170926,4.033038556721222,1.5177181484497035,1139.1002000000003,0.0,Standing,Standing_p2_2_35sek_20260204_154943.csv
0.9982320875196864,0.005950428392171447,1.008265837961398,0.9886354231970448,0.019630414764353232,49.8251,4.561422846043406,0.28839743621888553,5.193467050054328,4.0660791925391715,1.1273878575151564,1044.4044,0.0,Standing,Standing_p2_2_35sek_20260204_154943.csv
0.995950784451147,0.005893177579598458,1.008265837961398,0.985291834940288,0.022974003021109968,49.5976,4.738610684935988,0.4347915012998044,5.277584674829955,3.487764326900543,1.7898203479294117,1131.9847,0.0,Standing,Standing_p2_2_35sek_20260204_154943.csv
0.9970381695597484,0.004616788457273896,1.008265837961398,0.9886354231970448,0.019630414764353232,49.70529999999999,4.998051972625803,0.29122976224917935,5.545286286568079,4.32255711356137,1.2227291730067096,1253.1821,0.0,Standing,Standing_p2_2_35sek_20260204_154943.csv
0.9984731564639796,0.003958434659876932,1.008265837961398,0.9896969233053117,0.018568914656086344,49.84819999999999,4.7045535617192975,0.2628644892495734,5.231701444081075,4.060652656901351,1.171048787179724,1110.027,0.0,Standing,Standing_p2_2_35sek_20260204_154943.csv
1.0000557010147195,0.005209378116899313,1.0110390694725895,0.986154146165801,0.024884923306788487,50.00689999999999,4.29717514795655,0.4254046666321884,5.231156659860226,3.4745215497964606,1.7566351100637658,932.1532,0.0,Standing,Standing_p2_2_35sek_20260204_154943.csv
0.9989286529870003,0.0063524253424761005,1.0121264743103997,0.987623410010111,0.0245030643002887,49.8949,4.428596369024941,1.9416693323485243,8.488421525819746,1.5109599597606813,6.977461566059064,1165.3572000000004,0.0,Standing,Standing_p2_2_35sek_20260204_154943.csv
0.9991255228087011,0.00555029620825162,1.008860743611327,0.9828021163998376,0.026058627211489438,49.914100000000005,4.537359215144861,0.7707505967482349,5.989966610925307,3.1843837708416993,2.8055828400836074,1058.4902,0.0,Standing,Standing_p2_2_35sek_20260204_154943.csv
0.9978331143964151,0.0056311645540967565,1.007422453591342,0.984377976185977,0.023044477405365082,49.7851,4.94569535390969,0.4142407196207848,5.77707538465615,4.102267665572299,1.6748077190838506,1231.4032999999997,0.0,Standing,Standing_p2_2_35sek_20260204_154943.csv
0.9984126358366724,0.004970176532416394,1.0048880534666536,0.9899999999999999,0.014888053466653672,49.8426,4.787996461366779,0.16219755508865039,5.154376780950341,4.5155951988636005,0.6387815820867404,1147.5346,0.0,Standing,Standing_p2_2_35sek_20260204_154943.csv
0.9977177061126464,0.0050888944028783635,1.0048880534666536,0.987623410010111,0.01726464345654255,49.77329999999999,4.8677024264431585,0.2716711089312622,5.560386677201506,4.2014878317091435,1.3588988454923623,1188.3427999999997,0.0,Standing,Standing_p2_2_35sek_20260204_154943.csv
0.9967638870022738,0.00551006204994599,1.0097029266076234,0.985291834940288,0.02441109166733535,49.67839999999999,4.69180550127989,0.4532638306362213,5.845545312458026,3.8547243740635984,1.9908209383944278,1110.7188999999998,0.0,Standing,Standing_p2_2_35sek_20260204_154943.csv
0.996069715729139,0.005635293961512793,1.0048880534666536,0.9813256340277675,0.02356241943888604,49.60929999999999,4.762399652498034,0.22942596931144485,5.190472040190564,4.238325140901768,0.9521468992887963,1136.6017000000002,0.0,Standing,Standing_p2_2_35sek_20260204_154943.csv
0.9966984515839528,0.005170225802390251,1.008265837961398,0.9813256340277675,0.026940203933630502,49.67169999999999,4.61827167155482,0.36256845618820777,5.637357537002598,3.8763384785129382,1.7610190584896595,1072.863,0.0,Standing,Standing_p2_2_35sek_20260204_154943.csv
0.9975375618360626,0.005422245013214048,1.008265837961398,0.9899999999999999,0.018265837961398135,49.75549999999999,4.874682707212146,0.2735714360441254,5.454264386697806,4.3594839144100535,1.094780472287753,1191.7938,0.0,Standing,Standing_p2_2_35sek_20260204_154943.csv
0.9969362489470762,0.005356241384439624,1.0097029266076234,0.9813256340277675,0.028377292579855884,49.695499999999996,4.807073554794326,0.1690122528979369,5.297716489205515,4.469876955800909,0.8278395334046058,1156.7975000000001,0.0,Standing,Standing_p2_2_35sek_20260204_154943.csv
0.9976879404579706,0.004376824952675972,1.008265837961398,0.986154146165801,0.02211169179559702,49.76999999999999,4.828597036710285,0.265869112098443,5.392327883205916,4.258051197437626,1.13427668576829,1169.2311,0.0,Standing,Standing_p2_2_35sek_20260204_154943.csv
0.996992065690806,0.004609323911117941,1.0097029266076234,0.986154146165801,0.023548780441822403,49.70069999999999,4.548479035579227,0.3642975668887838,5.1979034234968235,3.778491762595229,1.4194116609015945,1040.936,0.0,Standing,Standing_p2_2_35sek_20260204_154943.csv
0.9990983626774336,0.00519631887675869,1.0145935146648632,0.9899999999999999,0.02459351466486337,49.9112,4.622225602992067,0.18740024569446767,5.054552403526944,4.27085471539363,0.783697688133314,1069.9693,0.0,Standing,Standing_p2_2_35sek_20260204_154943.csv
0.9968538250164686,0.0047864125328466465,1.008265837961398,0.9899999999999999,0.018265837961398135,49.68699999999999,4.756546375698304,0.22703181434734238,5.222595140349288,4.170923159205885,1.0516719811434028,1133.7622999999999,0.0,Standing,Standing_p2_2_35sek_20260204_154943.csv
0.997893803145202,0.005146590351832154,1.008265837961398,0.9899999999999999,0.018265837961398135,49.79089999999999,4.659849947806797,0.3223486259597658,5.583959168905159,4.059322603587944,1.5246365653172154,1090.8016,0.0,Standing,Standing_p2_2_35sek_20260204_154943.csv
0.9971970014940287,0.004753109757333788,1.008265837961398,0.9899999999999999,0.018265837961398135,49.721199999999996,4.69891122061957,0.24353129274578636,5.123153325833613,4.0968890636677,1.0262642621659133,1106.8944000000001,0.0,Standing,Standing_p2_2_35sek_20260204_154943.csv
0.9978996786473803,0.004762883222035523,1.008265837961398,0.987623410010111,0.020642427951287012,49.7913,4.953264278522203,0.19399396980927477,5.359888058532566,4.404100362162515,0.9557876963700513,1228.5853999999997,0.0,Standing,Standing_p2_2_35sek_20260204_154943.csv
0.9987790299095489,0.0038398305845905524,1.008265837961398,0.9910600385445878,0.01720579941681022,49.87869999999998,4.6632431678634125,0.2515323596157809,5.08571528892446,4.111508239077237,0.9742070498472231,1090.3919999999998,0.0,Standing,Standing_p2_2_35sek_20260204_154943.csv
0.9994120089024054,0.004547405022133747,1.008265837961398,0.994786409235671,0.01347942872572705,15.981499999999997,4.565452607360206,0.18090141682996652,4.840702428367189,4.181028581581332,0.6596738467858572,333.9846,0.0,Standing,Standing_p2_2_35sek_20260204_154943.csv
0.9979748407563127,0.0055528276867028315,1.008265837961398,0.9824968193332739,0.025769018628124085,49.7992,4.373853057899397,0.5508226018217129,5.772330551865512,3.5393078419374597,2.233022709928052,971.3964000000001,0.0,Standing,Standing_p2_3_35sek_20260204_155033.csv
0.997969125556322,0.004474922910072999,1.0097029266076234,0.986154146165801,0.023548780441822403,49.79809999999999,4.847626411029011,0.22359351578253556,5.364326611980296,4.385042759198592,0.9792838527817036,1177.4238,0.0,Standing,Standing_p2_3_35sek_20260204_155033.csv
0.9988741299015822,0.005576244562928472,1.0097029266076234,0.986154146165801,0.023548780441822403,49.888999999999996,4.620768569587723,0.41174073761341684,5.32271547238813,4.048975178980479,1.2737402934076512,1075.8821,0.0,Standing,Standing_p2_3_35sek_20260204_155033.csv
1.0004135590338088,0.0062849757121293546,1.0145935146648632,0.986154146165801,0.028439368499062256,50.04329999999999,4.872753351726265,0.26319228099616804,5.376262642393878,4.158485301164355,1.2177773412295227,1190.5805,0.0,Standing,Standing_p2_3_35sek_20260204_155033.csv
0.9991716239507952,0.005720165861270155,1.01316336293808,0.9847842403288144,0.028379122609265672,49.91879999999998,4.574312523643119,0.281201750585534,5.151863740434136,4.024959627126711,1.1269041133074245,1050.0914,0.0,Standing,Standing_p2_3_35sek_20260204_155033.csv
0.9983587211263506,0.004723362577490929,1.008265837961398,0.986154146165801,0.02211169179559702,49.83709999999999,4.662262628000093,0.22899333283600343,4.960937411417322,4.141183405742856,0.8197540056744659,1089.4041000000002,0.0,Standing,Standing_p2_3_35sek_20260204_155033.csv
0.9988446386965876,0.005286462020804488,1.008265837961398,0.986154146165801,0.02211169179559702,49.8859,4.715185286550997,0.4698563756812914,5.57776837095267,3.6966336036994525,1.8811347672532177,1122.4660999999999,0.0,Standing,Standing_p2_3_35sek_20260204_155033.csv
0.9991125734090996,0.004745100141584976,1.01316336293808,0.987623410010111,0.025539952927969067,49.91239999999999,4.8385380674038885,0.3218685406063889,5.382044221297331,4.102791732467052,1.279252488830279,1175.6489,0.0,Standing,Standing_p2_3_35sek_20260204_155033.csv
0.9998975067916711,0.0056221057678529415,1.01316336293808,0.9824968193332739,0.03066654360480614,49.99129999999999,4.843198597583486,0.5141521099923134,6.076462786852232,3.9546049107338144,2.1218578761184173,1185.7819,0.0,Standing,Standing_p2_3_35sek_20260204_155033.csv
1.0003367955357723,0.0053733561532261385,1.0096038827183658,0.9910600385445878,0.018543844173777968,50.03509999999999,4.526264066984548,0.34049123565168904,5.650115043076556,3.8729058857658805,1.7772091573106756,1030.0340999999999,0.0,Standing,Standing_p2_3_35sek_20260204_155033.csv
0.998944810041265,0.004658379724085045,1.0060318086422515,0.9910600385445878,0.014971770097663706,49.89559999999999,4.593309986643844,0.18879685280889338,5.057865162299208,4.238466703891868,0.8193984584073402,1056.6714,0.0,Standing,Standing_p2_3_35sek_20260204_155033.csv
0.9988431319515308,0.006259503245016328,1.01316336293808,0.9847842403288144,0.028379122609265672,49.88629999999999,4.828904508623172,0.29159527199842417,5.344090193849651,4.248858670278407,1.0952315235712433,1170.0823,0.0,Standing,Standing_p2_3_35sek_20260204_155033.csv
0.9997728472817999,0.005175870038534474,1.01316336293808,0.9910600385445878,0.022103324393492274,49.978599999999986,4.694431971681606,0.1757504702973423,5.047781691000512,4.326638417986879,0.7211432730136336,1103.3981,0.0,Standing,Standing_p2_3_35sek_20260204_155033.csv
0.9980479767462491,0.0049729998254302455,1.0060318086422515,0.986154146165801,0.01987766247645051,49.80619999999999,4.474465492821721,0.20504492675366992,5.027892202503948,4.094532940397476,0.9333592621064719,1003.1022,0.0,Standing,Standing_p2_3_35sek_20260204_155033.csv
0.9987715833224509,0.004204510159122985,1.008265837961398,0.986154146165801,0.02211169179559702,49.87809999999999,4.6145489108311,0.22821925893866887,5.149271793176196,4.078933684187572,1.0703381089886248,1067.2552000000003,0.0,Standing,Standing_p2_3_35sek_20260204_155033.csv
0.9990326879936918,0.005686389057110659,1.01316336293808,0.986154146165801,0.027009216772279077,49.9049,4.320155990459409,0.2771911189526171,4.9981896722713515,3.7567006801181275,1.241488992153224,936.9522999999999,0.0,Standing,Standing_p2_3_35sek_20260204_155033.csv
0.9968586722195123,0.005957983903534413,1.008265837961398,0.9813256340277675,0.026940203933630502,49.6881,4.175789811783716,0.6985491143115349,5.3673922904889295,2.638086427697167,2.7293058627917626,895.7716,0.0,Standing,Standing_p2_3_35sek_20260204_155033.csv
0.9941546960489059,0.004993906890221344,1.0040916292848974,0.9805100713404222,0.02358155794447514,49.4184,4.415505482758928,0.660880158117729,5.461172035378486,3.1424353613081686,2.3187366740703177,996.2357999999999,0.0,Standing,Standing_p2_3_35sek_20260204_155033.csv
0.9940910987346618,0.00461667524516744,1.0070749723828907,0.9849365461794988,0.022138426203391903,49.41189999999999,4.838770129389003,0.3692292509096155,5.471169893176413,3.9861008517096,1.4850690414668124,1177.365,0.0,Standing,Standing_p2_3_35sek_20260204_155033.csv
0.9942794737902865,0.0045544326144600555,1.0070749723828907,0.9849365461794988,0.022138426203391903,49.4306,4.694662673717214,0.3889892449149871,5.502553952484246,3.9568927203046584,1.5456612321795875,1109.4072000000003,0.0,Standing,Standing_p2_3_35sek_20260204_155033.csv
0.9946732242389981,0.005266081492122718,1.0070749723828907,0.9849365461794988,0.022138426203391903,49.4701,4.895415123261676,0.2839530913776569,5.502681164668729,4.400374984021248,1.1023061806474814,1202.2053000000003,0.0,Standing,Standing_p2_3_35sek_20260204_155033.csv
0.9937840536332168,0.00465709293703135,1.0027960909377338,0.9849365461794988,0.017859544758235035,49.3814,4.696135565111483,0.28970208852714746,5.278257288158659,3.8438002029241845,1.4344570852344742,1106.7968999999998,0.0,Standing,Standing_p2_3_35sek_20260204_155033.csv
0.9966497323955404,0.005468921086892572,1.0042410069301093,0.9849365461794988,0.01930446075061054,49.666999999999994,4.760195993359649,0.2571033795147397,5.336534455992953,4.2601525794271735,1.0763818765657795,1136.2123,0.0,Standing,Standing_p2_3_35sek_20260204_155033.csv
0.9938207710031759,0.00407520159175052,1.0042410069301093,0.9894442884771228,0.014796718452986468,49.38479999999999,4.742083432195161,0.22008978246868288,5.262043329354102,4.222333478066364,1.0397098512877374,1126.7413000000001,0.0,Standing,Standing_p2_3_35sek_20260204_155033.csv
0.9955251874605011,0.005495929080977308,1.0042410069301093,0.9806630410084801,0.023577965921629196,49.55499999999999,4.7115534669173735,0.2198560019901656,5.185450800075149,4.189809064862025,0.9956417352131233,1112.3053,0.0,Standing,Standing_p2_3_35sek_20260204_155033.csv
0.9942850988207019,0.005815379250194498,1.008860743611327,0.9849365461794988,0.023924197431828276,49.431799999999996,4.716026471343841,0.29048221973785826,5.396035581795212,4.091185647217687,1.3048499345775255,1116.1799,0.0,Standing,Standing_p2_3_35sek_20260204_155033.csv
0.9960482930247772,0.005130735956622752,1.0027960909377338,0.9806630410084801,0.02213304992925369,49.606899999999996,4.794748148773047,0.24095937043715793,5.4412866125577315,4.332135731945619,1.1091508806121126,1152.3255,0.0,Standing,Standing_p2_3_35sek_20260204_155033.csv
0.9949089189463775,0.0049737064722605705,1.0027960909377338,0.9849365461794988,0.017859544758235035,49.493399999999994,4.405599464706222,0.22703806338309482,5.00009999900002,3.845217809175444,1.1548821898245762,972.9911000000002,0.0,Standing,Standing_p2_3_35sek_20260204_155033.csv
0.9955633486494077,0.005857040589545784,1.0070749723828907,0.9835649444749441,0.02351002790794654,49.559,4.5066353618138555,0.22169503701628826,4.903692486280109,3.915226685646694,0.9884658006334148,1017.8964,0.0,Standing,Standing_p2_3_35sek_20260204_155033.csv
0.9954105378341391,0.006215613056065342,1.0115829180052418,0.9849365461794988,0.02664637182574303,49.54399999999999,4.682276515918868,0.40959739874146955,5.292985924787634,3.8120466943624916,1.4809392304251423,1104.4064000000003,0.0,Standing,Standing_p2_3_35sek_20260204_155033.csv
0.9948726293258852,0.005754449759979285,1.006081507632458,0.9849365461794988,0.0211449614529593,49.490199999999994,5.013618471328588,0.2683088076794371,5.587172809212187,4.509079728725141,1.0780930804870454,1260.346,0.0,Standing,Standing_p2_3_35sek_20260204_155033.csv
0.9946810110627864,0.005119613257964767,1.007422453591342,0.985291834940288,0.022130618651054035,49.470800000000004,4.9057269663156795,0.22496015965455468,5.451917094013811,4.363633806817433,1.0882832871963775,1205.7875999999999,0.0,Standing,Standing_p2_3_35sek_20260204_155033.csv
0.9971628948540362,0.0053605823547570805,1.008265837961398,0.9806630410084801,0.027602796952917896,49.71809999999999,5.251705413310661,0.2270580520112935,5.6810298362180776,4.653353629373121,1.0276762068449568,1381.5467,0.0,Standing,Standing_p2_3_35sek_20260204_155033.csv
0.9973289940733449,0.004615588123369505,1.007422453591342,0.9886354231970448,0.0187870303942973,49.7343,4.5665627515747085,0.29060569388221,5.047781691000512,3.802065228267395,1.2457164627331174,1046.8129,0.0,Standing,Standing_p2_3_35sek_20260204_155033.csv
0.9981029301496831,0.006106272002822967,1.0135580891098448,0.985291834940288,0.028266254169556748,49.8123,4.581423872588326,0.23310963453282924,5.0832568300254115,4.106105210537109,0.9771516194883025,1052.1349,0.0,Standing,Standing_p2_3_35sek_20260204_155033.csv
0.9978578661312899,0.004915510635197875,1.007422453591342,0.985291834940288,0.022130618651054035,49.7872,4.636982096602934,0.24488447043674094,5.078040960843069,4.002674106144541,1.0753668546985278,1078.0186,0.0,Standing,Standing_p2_3_35sek_20260204_155033.csv
0.9969892374387764,0.006425430283925427,1.0121264743103997,0.9839207285142436,0.02820574579615609,49.7014,4.616410525945515,0.30073694509037613,5.6504601582526,3.9137322340701846,1.7367279241824156,1069.994,0.0,Standing,Standing_p2_3_35sek_20260204_155033.csv
0.9970178816268428,0.005085364787588797,1.007422453591342,0.9886354231970448,0.0187870303942973,49.7035,4.936542758773962,0.20244825692254498,5.753094819312471,4.640064654721958,1.113030164590513,1220.4810000000002,0.0,Standing,Standing_p2_3_35sek_20260204_155033.csv
0.997204475190666,0.006585992490649612,1.007422453591342,0.985291834940288,0.022130618651054035,23.866999999999997,4.46305706747076,0.2028191205272514,4.781024994705633,4.061662221307922,0.7193627733977106,478.9992,0.0,Standing,Standing_p2_3_35sek_20260204_155033.csv
0.9943550470455748,0.011430375526928613,1.0321821544669332,0.9675742865537508,0.0646078679131824,49.44349999999999,4.953324851224714,1.6376267417035286,9.868500392663519,0.32403703492039304,9.544463357743126,1358.1806,0.0,Standing,Standing_Xiaoye_1_1min_20260129_105129.csv
0.9942460904209653,0.027231278583482645,1.0712142642814275,0.9400531899844816,0.1311610742969459,49.462599999999995,7.416622354334494,3.439859817561666,18.37983949875515,1.6925129246183026,16.687326574136847,3330.1135,0.0,Standing,Standing_Xiaoye_1_1min_20260129_105129.csv
0.9945251547964262,0.020842374349255597,1.0401922899156675,0.9362691920596342,0.10392309785603326,49.475300000000004,10.476276333174308,8.247654594932927,32.23104869531862,1.093663568013491,31.13738512730513,8820.784800000001,0.0,Standing,Standing_Xiaoye_1_1min_20260129_105129.csv
1.0004217951630598,0.07945112579775862,1.2949903474543738,0.8234682750416072,0.47152207241276656,50.35150000000001,17.251837684315248,9.664878374502116,37.235560959921095,3.6270373585062505,33.608523601414845,19458.379,0.0,Standing,Standing_Xiaoye_1_1min_20260129_105129.csv
1.0036504072375747,0.039793600806589446,1.1018620603324176,0.9137286249209882,0.18813343541142946,50.4433,18.821273898680673,9.017887486842394,35.373088640942846,2.0760298649104256,33.29705877603242,21696.81,0.0,Standing,Standing_Xiaoye_1_1min_20260129_105129.csv
0.998788537909566,0.055819100495016864,1.1452074047961793,0.8488816171881685,0.29632578760801087,50.0316,18.884623577962326,8.836065723387875,37.55269630798833,2.89297424807066,34.65972205991767,21657.177200000002,0.0,Standing,Standing_Xiaoye_1_1min_20260129_105129.csv
1.0233262440895685,0.0691153882680673,1.1875184209097558,0.8958236433584459,0.2916947775513099,52.593900000000005,25.439096286649473,13.058517281467472,55.742262243292565,2.7477445296096943,52.99451771368287,40713.09980000001,0.0,Standing,Standing_Xiaoye_1_1min_20260129_105129.csv
1.0068741486542543,0.06805196672599502,1.2355565547557912,0.8274055837375042,0.408150971018287,50.9167,22.68543235446807,15.424897607931033,66.71432454878038,1.0911003620199198,65.62322418676047,37389.887899999994,0.0,Standing,Standing_Xiaoye_1_1min_20260129_105129.csv
1.0116234645593178,0.08615343427721178,1.1621101496846158,0.8290355842785037,0.33307456540611213,51.532799999999995,29.45385693025013,10.033659674395398,49.380062778412906,8.87753344122116,40.502529337191746,48309.5264,0.0,Standing,Standing_Xiaoye_1_1min_20260129_105129.csv
1.0028576850959716,0.053742236686145285,1.134063490286148,0.8043631020876081,0.32970038819853986,50.4277,21.022168709946968,9.024482840659283,44.32683724336759,5.766116544087538,38.560720699280054,26087.202100000002,0.0,Standing,Standing_Xiaoye_1_1min_20260129_105129.csv
1.0154207879738313,0.032049441247690935,1.103177229641729,0.938829057922687,0.16434817171904204,51.6043,10.571647292851658,6.003262677158267,25.4034761400876,2.061091943606592,23.34238419648101,7353.905300000001,0.0,Standing,Standing_Xiaoye_1_1min_20260129_105129.csv
1.0056586907591512,0.012396415734045341,1.0294658809304948,0.9598958276813166,0.0695700532491782,50.575,4.618324169941356,2.60939000247878,10.341276516948959,0.3712142238654117,9.970062293083547,1400.0828,0.0,Standing,Standing_Xiaoye_1_1min_20260129_105129.csv
1.0025721844837405,0.013590771910492482,1.0242070103255494,0.9615092303249096,0.06269778000063975,50.266600000000004,9.094062849535494,4.727981500608938,16.85836587573066,2.9739199720234573,13.884445903707201,5230.4356,0.0,Standing,Standing_Xiaoye_1_1min_20260129_105129.csv
1.0074885559796862,0.03124638052453354,1.0628734637763801,0.9153687781435415,0.1475046856328387,50.7995,17.94632243793034,10.124581470505134,32.900021276588866,0.8539906322671226,32.046030644321746,21126.3748,0.0,Standing,Standing_Xiaoye_1_1min_20260129_105129.csv
1.0136665815212624,0.04738101646678994,1.1631852818876278,0.9153687781435413,0.24781650374408648,51.486000000000004,15.903204623866595,7.719473169307695,29.43120282965003,2.5456040540508256,26.885598775599203,15565.5189,0.0,Standing,Standing_Xiaoye_1_1min_20260129_105129.csv
1.0105460531878727,0.024880825877372056,1.0737318100903968,0.961977130705299,0.11175467938509775,51.0905,8.722520788260915,6.3854232195055145,32.10815161294714,2.02677083065649,30.08138078229065,5802.0263,0.0,Standing,Standing_Xiaoye_1_1min_20260129_105129.csv
1.0014397791507892,0.02458572537598834,1.0515702544290608,0.9457801012920499,0.1057901531370109,50.1737,36.56284165562583,15.947740549632748,59.3084361621515,7.437654200082173,51.87078196206933,79304.2605,0.0,Standing,Standing_Xiaoye_1_1min_20260129_105129.csv
1.0054055434468083,0.029687027442905977,1.077311468424986,0.9331130692472377,0.14419839917774835,50.5852,18.033269304358985,7.165457118054483,34.926741903590155,3.453490987392323,31.473250916197834,18775.785099999997,0.0,Standing,Standing_Xiaoye_1_1min_20260129_105129.csv
0.9978759584492319,0.027021751424132642,1.0670051546267243,0.8883692925805124,0.17863586204621185,49.82359999999999,13.738976210195629,8.060735438650553,41.359968568653436,2.533239033332623,38.826729535320816,12621.770700000001,0.0,Standing,Standing_Xiaoye_1_1min_20260129_105129.csv
1.0101495107237735,0.03700477057664021,1.1153923076657826,0.9416474924301556,0.17374481523562701,51.0872,13.073218288791901,8.369069119815043,44.03468405700215,5.156801334160547,38.877882722841605,11977.4764,0.0,Standing,Standing_Xiaoye_1_1min_20260129_105129.csv
1.0060688846758792,0.056472851406246805,1.2345444503945575,0.9222255689363639,0.31231888145819364,50.765,14.328195994648302,9.187661509836492,41.01837393169066,5.037320716412645,35.98105321527802,14401.1031,0.0,Standing,Standing_Xiaoye_1_1min_20260129_105129.csv
1.0099465157357095,0.02482665111142756,1.0722872749408154,0.9264987857520376,0.14578848918877785,51.0298,9.07358126305333,4.360920734877588,24.16788985410187,2.5816854959502717,21.586204358151598,5048.3577000000005,0.0,Standing,Standing_Xiaoye_1_1min_20260129_105129.csv
1.0048093376781282,0.030675971365646277,1.0729864864013898,0.9409038208021051,0.13208266559928472,50.5282,14.88330740650571,8.35614906444328,38.50105063501514,2.641628285735902,35.859422349279235,14497.0781,0.0,Standing,Standing_Xiaoye_1_1min_20260129_105129.csv
1.0080621687372229,0.011187819579593831,1.0481412118603104,0.9886354231970448,0.05950578866326561,50.8156,6.443329771859559,2.870858765615342,12.979152514706035,0.8923003978481686,12.086852116857866,2479.6746,0.0,Standing,Standing_Xiaoye_1_1min_20260129_105129.csv
1.006358865768735,0.008196146970913176,1.0164152694642088,0.9679876032264051,0.0484276662378037,50.64120000000001,4.9973031758861115,3.887498929493728,17.03020258247094,0.6252199612936234,16.404982621177318,1989.1716999999999,0.0,Standing,Standing_Xiaoye_1_1min_20260129_105129.csv
1.007431499437491,0.005694066113652536,1.0195096860746347,0.9961927524329818,0.02331693364165288,50.7475,5.253164954773423,1.1920356272669967,7.956544476090107,3.5259750424527967,4.43056943363731,1449.4136,0.0,Standing,Standing_Xiaoye_1_1min_20260129_105129.csv
1.0075084729677863,0.03459203780804818,1.1122050170719426,0.888031530971733,0.2241734861002096,50.8123,11.363073898760879,6.484501898270421,26.08150685830863,2.704237415612764,23.377269442695866,8516.3619,0.0,Standing,Standing_Xiaoye_1_1min_20260129_105129.csv
1.012903224634157,0.020330371512682344,1.057260611202366,0.965090669315583,0.09216994188678296,51.3189,8.258425709345152,3.262278345465465,13.89242599404438,2.3346948408732136,11.557731153171167,3931.5603000000006,0.0,Standing,Standing_Xiaoye_1_1min_20260129_105129.csv
1.0312032389032586,0.031133027207307762,1.092977584399607,0.9422313940853382,0.15074619031426884,53.2165,17.583345007444738,13.337993314678805,49.21046738245838,3.0096511425745014,46.20081623988388,24175.9023,0.0,Standing,Standing_Xiaoye_1_1min_20260129_105129.csv
1.0164980040760876,0.029447423041864186,1.1236992480196826,0.9489994731294639,0.1746997748902187,51.70590000000001,11.23398461863432,4.30446251453871,21.005532604530647,2.7483267636873165,18.25720584084333,7218.011999999999,0.0,Standing,Standing_Xiaoye_1_1min_20260129_105129.csv
1.0094200674409268,0.017875060940529944,1.0433599570617995,0.9658674857349738,0.07749247132682568,50.962100000000014,12.904011372688572,6.810037796467076,29.64252013577793,3.546801375887858,26.09571875989007,10598.129599999998,0.0,Standing,Standing_Xiaoye_1_1min_20260129_105129.csv
1.0117963706597795,0.009588700817397326,1.0352777405121778,0.9924212815130479,0.04285645899912993,51.1911,6.1688100062452165,3.0447899808355947,13.431906044936438,1.2421352583354197,12.189770786601018,2356.9773999999993,0.0,Standing,Standing_Xiaoye_1_1min_20260129_105129.csv
1.013896044188355,0.0093028182697595,1.031746092796091,0.9936297097007517,0.03811638309533938,51.40349999999999,6.085883970546486,2.209210380925529,8.725835203577937,0.7457211275000863,7.98011407607785,2091.0491,0.0,Standing,Standing_Xiaoye_1_1min_20260129_105129.csv
1.0138530666489651,0.008449081974563727,1.0354709073653399,0.9905553997631834,0.04491550760215646,51.398399999999995,4.891957135443922,1.9321077063027237,9.647699207583123,1.0789810007595129,8.568718206823611,1379.4812000000002,0.0,Standing,Standing_Xiaoye_1_1min_20260129_105129.csv
1.0111722356908233,0.008613573058788208,1.0385566907973778,0.988736567544662,0.04982012325271579,51.1271,4.6445372615131895,2.00972371601416,11.42212764768456,0.7867655305108378,10.635362117173722,1276.4968,0.0,Standing,Standing_Xiaoye_1_1min_20260129_105129.csv
1.0161832626604776,0.017887878939839046,1.0661144403862093,0.9835649444749441,0.08254949591126515,51.6471,11.854910000994147,6.463392271985367,26.965008807712262,3.4235799976048464,23.541428810107416,9073.941100000002,0.0,Standing,Standing_Xiaoye_1_1min_20260129_105129.csv
1.031865065874419,0.04111315678958689,1.1202231920470134,0.9372833082905083,0.18293988375650505,53.32009999999999,29.82718557755939,11.65645299612408,57.39751301232484,6.306702783547041,51.090810228777805,51140.821899999995,0.0,Standing,Standing_Xiaoye_1_1min_20260129_105129.csv
1.0300495432599401,0.050060559549787005,1.142322196230118,0.9118662182579197,0.2304559779721983,53.172900000000006,19.276007963333807,8.204417239654408,37.631412410378644,3.3353410620204946,34.29607134835815,21876.5348,0.0,Standing,Standing_Xiaoye_1_1min_20260129_105129.csv
1.0299013960274745,0.05668670128622107,1.1264546151532249,0.8249848483457136,0.30146976680751125,53.192299999999996,14.342122494215547,6.149594839890898,30.51269571833993,4.6168062554107685,25.895889462929162,12137.8822,0.0,Standing,Standing_Xiaoye_1_1min_20260129_105129.csv
1.0251957167126384,0.02385633946593275,1.0670051546267243,0.9706183596038146,0.0963867950229097,52.5792,6.600780383294257,2.6673847031521203,14.385019986082746,1.00069975517135,13.384320230911396,2527.1472000000003,0.0,Standing,Standing_Xiaoye_1_1min_20260129_105129.csv
1.0249093611873623,0.03217936578237648,1.110585431202841,0.9340770846134703,0.17650834658937065,52.5727,9.164173784290865,4.8573416819932085,21.85058809277224,1.3526270735128734,20.497961019259368,5355.198700000001,0.0,Standing,Standing_Xiaoye_1_1min_20260129_105129.csv
1.0184554021182282,0.03127550218521078,1.0830512453249845,0.9526804291051643,0.13037081621982027,51.9105,12.40020131370382,8.335518383033897,30.79661507373822,3.1403980639403026,27.656217009797917,11092.812100000001,0.0,Standing,Standing_Xiaoye_1_1min_20260129_105129.csv
1.0241224903516928,0.02891092505609588,1.0967679791095288,0.9562949335848224,0.1404730455247064,52.4823,12.990131434112977,7.498129652805118,39.53263082568627,2.053436144612245,37.47919468107403,11192.0512,0.0,Standing,Standing_Xiaoye_1_1min_20260129_105129.csv
1.0194135121145953,0.04497268239069288,1.1236992480196826,0.8751571287488893,0.24854211927079328,52.0593,12.929671825179243,4.182210685452894,24.286444778929667,3.7345950248989515,20.551849754030716,9215.874099999999,0.0,Standing,Standing_Xiaoye_1_1min_20260129_105129.csv
1.0137172060932662,0.0096587736610166,1.0393748120865736,0.9860020283954795,0.053372783691094106,51.38569999999999,10.954695781095511,8.419573910861367,26.518868754153146,1.527285173109462,24.991583581043685,9473.84,0.0,Standing,Standing_Xiaoye_1_1min_20260129_105129.csv
1.011354650161324,0.006041657856860031,1.02230132544177,1.000449898795537,0.021851426646233074,51.1437,6.008966953201521,1.2498139271025943,8.687375898394174,2.8321899653801474,5.8551859330140275,1881.9238999999998,0.0,Standing,Standing_Xiaoye_1_1min_20260129_105129.csv
1.0112804037299705,0.005527762191407908,1.02230132544177,1.000449898795537,0.021851426646233074,51.13590000000001,5.648389877521201,2.523740702647566,11.331076736127066,2.303605869067016,9.02747086706005,1907.3095,0.0,Standing,Standing_Xiaoye_1_1min_20260129_105129.csv
1.012071196133393,0.005072369164048493,1.0259629622944486,1.0030453628824572,0.02291759941199145,38.923899999999996,5.366741169173518,0.9113605878134253,7.293380560480853,3.8085430285084088,3.484837531972444,1125.2040000000002,0.0,Standing,Standing_Xiaoye_1_1min_20260129_105129.csv
0.9630167328063076,0.0076112386736828875,0.9774968030638259,0.9438749917229505,0.033621811340875385,46.3729,9.129376549570967,4.32678862580454,15.840233584136316,1.889682513016406,13.950551071119909,5084.6097,0.0,Standing,Standing_Xiaoye_1_20sek_20260202_095036.csv
0.9705585357169662,0.00959000047556108,0.9904544411531506,0.9466255859631093,0.043828855190041316,47.103699999999996,10.614610029698238,3.586912707731723,17.674642853534554,4.699968084998025,12.974674768536529,6263.9285,0.0,Standing,Standing_Xiaoye_1_20sek_20260202_095036.csv
0.9690694392630873,0.005751830793301406,0.9785703858180054,0.9555103348473003,0.02306005097070507,46.9564,4.758929530324005,1.350738167579968,9.786122827759725,2.836018335624789,6.950104492134935,1221.7707,0.0,Standing,Standing_Xiaoye_1_20sek_20260202_095036.csv
0.9671432540827218,0.01324517941895097,1.0029456615390486,0.9416474924301557,0.061298169108892964,46.7769,12.3975806615518,6.81706021237152,24.882385335815375,1.665322791533221,23.217062544282154,9962.1435,0.0,Standing,Standing_Xiaoye_1_20sek_20260202_095036.csv
0.9623869953324572,0.01712115337299336,1.0010993956645864,0.916078599247903,0.08502079641668336,46.3238,9.02319554819971,6.337205501666806,27.200790429691562,0.9881801455200362,26.212610284171525,6038.751400000001,0.0,Standing,Standing_Xiaoye_1_20sek_20260202_095036.csv
0.9646766362193041,0.00851094928686099,0.9832598842625483,0.9447751055145346,0.038484778748013704,46.53359999999999,7.681739939651574,4.283775216044106,18.407916775126946,3.056959273526554,15.350957501600393,3849.6422000000002,0.0,Standing,Standing_Xiaoye_1_20sek_20260202_095036.csv
0.9660463562601107,0.013032046707680494,0.9986991538997116,0.9379232377972091,0.06077591610250255,46.67059999999999,21.449239030437376,16.475353237523787,55.587585844323186,4.398920322079044,51.18866552224414,36303.9187,0.0,Standing,Standing_Xiaoye_1_20sek_20260202_095036.csv
0.9672025257557573,0.01562553416829062,1.0112863096077194,0.9265527507918802,0.08473355881583922,46.786,11.356874611023237,7.140718470503911,26.250506661777024,1.0577806956075537,25.19272596616947,8947.433199999998,0.0,Standing,Standing_Xiaoye_1_20sek_20260202_095036.csv
0.9599146666142745,0.004294619704765807,0.9658674857349738,0.9561380653441218,0.009729420390852006,3.6858000000000004,5.7022890963342325,0.8779134823187086,6.313240055629122,4.404940408223475,1.9082996474056468,132.3766,,Standing,Standing_Xiaoye_1_20sek_20260202_095036.csv
1.0420918316837595,0.06455984676462877,1.2365273955719704,0.972111104761179,0.26441629081079143,54.502,32.604985021058035,12.048981825753083,53.495702631145996,3.297665841167052,50.19803678997894,60267.9726,0.0,Standing,Standing_Xiaoye_1_2min_20260129_105252.csv
1.0202447038529523,0.05149543530396007,1.2257650672131262,0.9158056562393574,0.3099594109737688,52.174899999999994,11.767623087291224,5.929429789449467,22.74553582573952,1.2538341198101126,21.491701705929408,8646.596399999999,0.0,Standing,Standing_Xiaoye_1_2min_20260129_105252.csv
1.02282768704797,0.013306535455038057,1.056976820937905,0.9972462083156797,0.05973061262222523,52.31749999999999,7.311375432477114,3.3236618122508172,13.767665016261834,2.9446901364999336,10.822974879761901,3214.1002000000003,0.0,Standing,Standing_Xiaoye_1_2min_20260129_105252.csv
1.0198671921258282,0.011557770836691005,1.0462313319720453,0.9880789442144793,0.05815238775756604,52.01299999999999,6.591649419071149,2.1801095123352114,11.701085419737778,3.956842175270578,7.744243244467199,2405.3831,0.0,Standing,Standing_Xiaoye_1_2min_20260129_105252.csv
1.0193511770771704,0.009854957904181595,1.0423531071570709,0.9974968671630001,0.044856239994070735,51.9586,6.603552689947825,2.0772145475648713,13.371615459621921,3.137610555821101,10.23400490380082,2391.7715999999996,0.0,Standing,Standing_Xiaoye_1_2min_20260129_105252.csv
1.0124661613599268,0.029036783517384306,1.0750813922675808,0.9509468965194638,0.12413449574811697,51.2957,24.634517900571677,13.582611250193807,58.315729438977264,8.198536454758251,50.11719298421902,39382.852699999996,0.0,Standing,Standing_Xiaoye_1_2min_20260129_105252.csv
1.000224951831688,0.021993638535220728,1.0458011283222064,0.9515250916292224,0.09427603669298401,50.0462,39.90506659481966,19.702285272583307,72.88079719651809,10.497113889064938,62.383683307453154,98641.53919999998,0.0,Standing,Standing_Xiaoye_1_2min_20260129_105252.csv
1.0069292367972096,0.024149028860116103,1.0894952959971878,0.9677809669548166,0.12171432904237112,50.7239,38.20069006664718,17.85834785739939,70.74084605092025,11.480047909307697,59.260798141612554,88591.7449,0.0,Standing,Standing_Xiaoye_1_2min_20260129_105252.csv
1.0113244649176518,0.07620345122497914,1.3720787149431333,0.8996666049153987,0.47241211002773453,51.4234,19.105525961444467,14.174997237035736,47.820870966556015,1.28296531519757,46.53790565135844,28096.6529,0.0,Standing,Standing_Xiaoye_1_2min_20260129_105252.csv
1.0328906568871519,0.023752355741980067,1.0932977636490435,0.9982985525382675,0.09499921111077603,53.370799999999996,9.852680720198535,8.102981853880358,32.928290268399905,2.46063000062992,30.467660267769986,8071.023299999999,0.0,Standing,Standing_Xiaoye_1_2min_20260129_105252.csv
1.0125093778674112,0.011373067476469543,1.0419692893746917,0.9835649444749441,0.05840434489974755,51.265100000000004,13.001279594297133,7.8125413899908045,28.783186064089566,2.9287881452914957,25.85439791879807,11442.4179,0.0,Standing,Standing_Xiaoye_1_2min_20260129_105252.csv
1.0114925590854784,0.006452567493267584,1.0254754994635416,0.9946858800646564,0.030789619398885137,51.157900000000005,4.569753170166204,2.027258620412468,10.298781481320981,1.8879883474216677,8.410793133899313,1245.5113000000001,0.0,Standing,Standing_Xiaoye_1_2min_20260129_105252.csv
1.0105702316453098,0.005697019659858243,1.0233279044372825,0.9971960689854329,0.026131835451849605,51.06420000000001,5.165628824994533,0.9710633990030012,7.30487508448981,3.0662517835298524,4.238623300959958,1380.3913,0.0,Standing,Standing_Xiaoye_1_2min_20260129_105252.csv
1.0105855127504482,0.006770390133914801,1.0336827366266694,0.9928746144403129,0.040808122186356544,51.06640000000001,4.56177194031789,1.0941984133995426,6.8262068530040905,1.8792285651298515,4.946978287874239,1099.1544,0.0,Standing,Standing_Xiaoye_1_2min_20260129_105252.csv
1.0102896952452503,0.0055998980730142004,1.024255827418131,0.9990995946350895,0.025156232783041577,51.0358,6.01214811747011,1.6769442002084833,9.550047120302601,3.411304735727959,6.138742384574642,1945.0912,0.0,Standing,Standing_Xiaoye_1_2min_20260129_105252.csv
1.0108662047071835,0.0065087210642909175,1.024255827418131,0.9984487968844472,0.025807030533683828,51.09460000000001,8.020007746959886,4.145095422291439,15.30738710557749,1.9290152928372548,13.378371812740236,4057.9352,0.0,Standing,Standing_Xiaoye_1_2min_20260129_105252.csv
1.0082874045898973,0.006429344824031296,1.0233279044372825,0.9948366700117162,0.028491234425566336,50.83420000000001,6.4987258196068804,2.5474402361407913,11.930708277382362,2.2698458097412697,9.660862467641092,2429.655,0.0,Standing,Standing_Xiaoye_1_2min_20260129_105252.csv
1.0094008091502782,0.0053458439668461815,1.0214695296483396,0.9954898291795853,0.025979700468754308,50.94590000000001,8.32834975742339,2.5897108651995144,14.205724198364546,4.184459343810142,10.021264854554405,3796.6940000000004,0.0,Standing,Standing_Xiaoye_1_2min_20260129_105252.csv
1.0084928259742818,0.0062449946003589885,1.0233279044372825,0.9954898291795853,0.027838075257697215,50.854800000000004,5.316459779472719,1.7980730653155164,8.178153825894936,1.6021235907382427,6.5760302351566935,1571.6575,0.0,Standing,Standing_Xiaoye_1_2min_20260129_105252.csv
1.0090397403411766,0.00542127443889958,1.0266937225872184,1.000649788887201,0.02604393370001734,50.90950000000001,7.803304530663207,3.199057323160752,14.242966685350353,2.846857917072786,11.396108768277568,3546.0425,0.0,Standing,Standing_Xiaoye_1_2min_20260129_105252.csv
1.0083236250632168,0.007246895139072313,1.0249390225764652,0.9869143833180263,0.03802463925843891,50.83840000000001,5.605719346607157,2.439861280573773,10.130182624217591,0.22226110770892868,9.907921516508662,1862.8977,0.0,Standing,Standing_Xiaoye_1_2min_20260129_105252.csv
1.0090466305419508,0.022335507375703046,1.082774214691133,0.9728309205612248,0.10994329412990822,50.93320000000001,12.78578902206568,7.4787270473114935,29.788804944139667,2.742954611363447,27.04585033277622,10914.4566,0.0,Standing,Standing_Xiaoye_1_2min_20260129_105252.csv
0.9843089085877728,0.0888703049206072,1.1463856244737196,0.7798076685952761,0.36657795587844355,48.830200000000005,13.573140169952119,9.568138983042019,42.93157695682748,4.756101344588864,38.175475612238614,13697.4216,0.0,Standing,Standing_Xiaoye_1_2min_20260129_105252.csv
1.0143811505516676,0.04614618967924798,1.1277411050414008,0.8725250712730265,0.2552160337683743,51.5528,10.071373167210467,6.235786984259008,27.402826496549583,1.5058552387264852,25.896971257823097,6976.9947999999995,0.0,Standing,Standing_Xiaoye_1_2min_20260129_105252.csv
1.0025273876460492,0.032683345000105515,1.0593394168065304,0.9065870063044142,0.1527524105021162,50.3054,9.850797967742047,4.4893796897459275,21.546203841976435,2.641306494899825,18.90489734707661,5839.483,0.0,Standing,Standing_Xiaoye_1_2min_20260129_105252.csv
1.007611576338672,0.04908251307847388,1.1357376457615553,0.9070832376358854,0.22865440812566995,50.8821,17.093122192261166,11.189307200764963,47.348087606576044,1.555313473226539,45.7927741333495,20743.570499999998,0.0,Standing,Standing_Xiaoye_1_2min_20260129_105252.csv
1.0103500448641145,0.0138794681381442,1.0516653460107925,0.9790301323248433,0.07263521368594927,51.049800000000005,11.114380608809984,3.7977635312502636,20.329163780146,4.636237698824338,15.692926081321662,6883.200199999999,0.0,Standing,Standing_Xiaoye_1_2min_20260129_105252.csv
1.0039461113134311,0.009269523172019942,1.0249390225764652,0.9788769074812216,0.046062115095243605,50.39960000000001,6.877630191023247,4.224550085394378,19.98816149624572,1.0812030336620408,18.906958462583678,3239.5842000000002,0.0,Standing,Standing_Xiaoye_1_2min_20260129_105252.csv
1.0063764239294246,0.00745690742808423,1.0214695296483396,0.9884331034521254,0.033036426196214164,50.64240000000001,8.768692722383335,3.818016893680556,19.24764141394992,5.212398680070433,14.035242733879489,4558.784,0.0,Standing,Standing_Xiaoye_1_2min_20260129_105252.csv
1.009617724745003,0.004953856539645177,1.0214695296483396,0.9971960689854329,0.0242734606629067,50.96760000000002,5.785347127713375,1.4026071248908256,9.24234818647296,4.117304943770865,5.125043242702095,1769.9101000000003,0.0,Standing,Standing_Xiaoye_1_2min_20260129_105252.csv
1.0097883130200862,0.0051073064957565485,1.018920997918877,1.0024470060806208,0.016473991838256152,50.98490000000001,5.056482318113668,1.1529644872152063,6.968371402271839,2.315728826957077,4.652642575314762,1343.5376999999999,0.0,Standing,Standing_Xiaoye_1_2min_20260129_105252.csv
1.0097026216592653,0.006594355533690704,1.027277956543408,0.9958413528268447,0.031436603716563316,50.97710000000001,6.257157095329086,2.6085200050425192,13.839067887686657,1.7242389625571044,12.114828925129553,2291.0151999999994,0.0,Standing,Standing_Xiaoye_1_2min_20260129_105252.csv
1.0085956325869583,0.004828690458511289,1.017152889196113,0.9954898291795853,0.021663060016527735,50.864399999999996,4.649225569703873,1.0870337855983794,7.501906424369741,2.740748073063265,4.7611583513064755,1138.6653999999999,0.0,Standing,Standing_Xiaoye_1_2min_20260129_105252.csv
1.0084980788075482,0.007929860994514959,1.0249390225764652,0.985393322486001,0.03954570009046421,50.8565,4.670317618673849,1.266084813833989,7.945445236108547,3.3302252176091636,4.615220018499384,1169.1389,0.0,Standing,Standing_Xiaoye_1_2min_20260129_105252.csv
1.0084177610934864,0.012105788428257455,1.034117981663601,0.9766780431646859,0.057439938498915155,50.852500000000006,7.407094031598934,3.3578087496211086,14.25250153481837,2.5010797668207227,11.751421767997646,3295.7212000000004,0.0,Standing,Standing_Xiaoye_1_2min_20260129_105252.csv
1.0068906153112744,0.0073740304159006995,1.0276672613253768,0.9964436762808022,0.031223585044574564,50.6941,5.92331943803056,2.235140692062949,9.90782519022212,1.2366891282775958,8.671136061944523,1999.0825000000002,0.0,Standing,Standing_Xiaoye_1_2min_20260129_105252.csv
1.0077662015772417,0.00600025157456086,1.019803902718557,0.9898484732523459,0.029955429466211103,50.781400000000005,6.420099471131042,2.650188822842112,13.2931373272076,3.3481636758079794,9.94497365139962,2405.0354,0.0,Standing,Standing_Xiaoye_1_2min_20260129_105252.csv
1.0086339163833637,0.006823034303009378,1.023376763464952,0.9926731586982697,0.030703604766682324,50.8694,6.176368095689286,2.679277458674775,10.541940049156038,1.3000384609695206,9.241901588186517,2259.124,0.0,Standing,Standing_Xiaoye_1_2min_20260129_105252.csv
1.006648472509629,0.005610921750310722,1.019803902718557,0.9904039579888602,0.02939994472969687,50.668600000000005,4.334653506063223,2.2002418657339424,9.574246706660531,1.9034705146127164,7.670776192047815,1176.6732000000002,0.0,Standing,Standing_Xiaoye_1_2min_20260129_105252.csv
1.008888050595196,0.009524477929064223,1.0327632836231158,0.9898484732523459,0.04291481037076983,50.897200000000005,7.640273071114405,2.7933867599414857,11.728495214647104,0.9259049627256568,10.802590251921448,3301.0361000000003,0.0,Standing,Standing_Xiaoye_1_2min_20260129_105252.csv
1.0075525959241511,0.005127601032807762,1.018920997918877,0.9954898291795853,0.02343116873929163,50.75940000000001,5.702101865031985,1.4514392297129637,8.504786887394651,3.0729301977103223,5.431856689684329,1728.9254,0.0,Standing,Standing_Xiaoye_1_2min_20260129_105252.csv
1.0089405799988063,0.005794616755135017,1.0266937225872184,0.9920181449953424,0.034675577591876006,50.899699999999996,5.074448832394961,1.0311797520441968,7.243183001968126,2.8774120316701253,4.365770970298001,1339.6047999999998,0.0,Standing,Standing_Xiaoye_1_2min_20260129_105252.csv
1.0057613344422283,0.005902104518170101,1.0208329931972224,0.991463564635635,0.02936942856158742,50.5795,4.584744322543804,1.6159850401226983,7.256652120640757,1.1907980517283356,6.065854068912421,1178.953,0.0,Standing,Standing_Xiaoye_1_2min_20260129_105252.csv
1.0066484895819128,0.005607795453738877,1.0191663259743229,0.993327740476425,0.02583858549789786,50.66860000000001,5.6090879084656,1.7217127314679952,9.442107815525091,1.7684456451924102,7.673662170332681,1718.3437999999999,0.0,Standing,Standing_Xiaoye_1_2min_20260129_105252.csv
1.0070811286215986,0.006670095786669726,1.0266937225872184,0.9948366700117162,0.0318570525755022,50.7128,7.735806032183968,3.4062965454488667,13.182693199797983,2.478225171367606,10.704468028430377,3560.6747,0.0,Standing,Standing_Xiaoye_1_2min_20260129_105252.csv
1.0083688580461594,0.006247131805923758,1.018086440337951,0.9948366700117162,0.023249770326234875,50.842300000000016,5.711601130896051,1.2599661971279414,8.422072191569008,2.109739320390081,6.312332871178927,1708.9076,0.0,Standing,Standing_Xiaoye_1_2min_20260129_105252.csv
1.0081376939113873,0.007978933680886384,1.023376763464952,0.9905553997631834,0.03282136370176858,50.8202,5.595139489063936,2.0628215514137205,10.329675696748664,2.265678706260003,8.063996990488661,1773.7857000000001,0.0,Standing,Standing_Xiaoye_1_2min_20260129_105252.csv
1.0087764640493626,0.005537034871490978,1.019803902718557,0.9982985525382675,0.02150535018028954,50.883,4.649938556114,0.8553382338288394,5.961618907645809,2.810907326825273,3.150711580820536,1116.945,0.0,Standing,Standing_Xiaoye_1_2min_20260129_105252.csv
1.0064742694708844,0.005673505651463276,1.0191663259743229,0.991463564635635,0.027702761338687876,50.65110000000002,7.728683482924078,3.7829892646295735,14.9456113959918,2.556501515743732,12.389109880248068,3687.8668000000002,0.0,Standing,Standing_Xiaoye_1_2min_20260129_105252.csv
1.0062383772180612,0.0060884813932882385,1.0208329931972224,0.9944847912361456,0.02634820196107679,50.62760000000001,6.108710974901481,2.630384511567094,11.263498568384513,2.2439474147136336,9.019551153670879,2204.8447,0.0,Standing,Standing_Xiaoye_1_2min_20260129_105252.csv
1.0032144846415862,0.014452519211107233,1.0707007051459339,0.959218431849597,0.11148227329633686,50.33220000000001,7.640098104880841,3.560531510969726,13.563764226791912,1.3040705502387515,12.25969367655316,3539.7468,0.0,Standing,Standing_Xiaoye_1_2min_20260129_105252.csv
1.0049601758774824,0.005444047516965899,1.017693470549949,0.9956907150315303,0.022002755518418682,50.4987,5.955853762264868,0.7690160440693934,7.643166882909203,4.475243010161571,3.1679238727476324,1802.5876,0.0,Standing,Standing_Xiaoye_1_2min_20260129_105252.csv
1.0065221277826415,0.004190159013122974,1.0191663259743229,0.9982985525382675,0.020867773436055392,50.655200000000015,4.7767120234569544,0.44515560792502873,5.774867963858568,3.4579473680205144,2.316920595838053,1150.5588999999998,0.0,Standing,Standing_Xiaoye_1_2min_20260129_105252.csv
1.0052188508131408,0.005254926736788516,1.0191663259743229,0.9898484732523459,0.029317852721976956,50.524600000000014,4.617989824800435,0.6019068153179238,5.89129866837525,3.4441980198589044,2.447100648516346,1084.0438,0.0,Standing,Standing_Xiaoye_1_2min_20260129_105252.csv
1.0055352691910087,0.006610320700300988,1.0191663259743229,0.9884331034521254,0.030733222522197456,50.5572,5.1490373901343185,1.070832193545491,7.411059303500411,2.7265729405244232,4.6844863629759885,1381.8166999999999,0.0,Standing,Standing_Xiaoye_1_2min_20260129_105252.csv
1.0043397944987729,0.00666832186479729,1.016070863670443,0.9895958771134812,0.026474986556961788,50.43710000000001,5.809140080879878,2.767319767321276,11.456216652979291,1.9225243821600806,9.533692270819211,2062.5503,0.0,Standing,Standing_Xiaoye_1_2min_20260129_105252.csv
1.006073433552287,0.0055554992347398545,1.01734949746879,0.9916652661054536,0.02568423136333642,50.610699999999994,4.994220347688741,0.813940477397873,6.7989263858347515,3.639629101982783,3.1592972838519686,1279.5743,0.0,Standing,Standing_Xiaoye_1_2min_20260129_105252.csv
1.004507503542077,0.005594761367513578,1.01734949746879,0.9881801455200363,0.029169351948753697,50.4533,4.796249351317726,0.6746564961067799,5.921646730428962,3.2340222633742024,2.6876244670547593,1172.5033,0.0,Standing,Standing_Xiaoye_1_2min_20260129_105252.csv
1.0034600058863967,0.006852422964337807,1.0222035022440492,0.9815294188153506,0.040674083428698604,50.3489,5.915004213271422,3.0991689401142204,18.2331045080096,3.0070916181586487,15.226012889850951,2220.0013,0.0,Standing,Standing_Xiaoye_1_2min_20260129_105252.csv
0.9985593605872441,0.022749823582951065,1.054134716248355,0.9334880824091971,0.12064663383915786,49.88139999999999,11.151028447211013,5.0045245415759005,22.946559654989677,1.4906709898565813,21.455888665133095,7444.4898,0.0,Standing,Standing_Xiaoye_1_2min_20260129_105252.csv
1.0056656897433365,0.0317920615341446,1.1070682002478438,0.9458329662260667,0.16123523402177709,50.6177,18.881498915341346,8.133749211443433,33.141988473837834,3.2042783899031,29.937710083934736,21067.286,0.0,Standing,Standing_Xiaoye_1_2min_20260129_105252.csv
0.9989509295965461,0.006147859939295881,1.0133607452432722,0.9845811292118086,0.028779616031463617,49.897,7.835888531536037,2.509773735907487,12.220188214589822,3.7676252467569014,8.45256296783292,3378.7066999999997,0.0,Standing,Standing_Xiaoye_1_2min_20260129_105252.csv
0.9997080287799275,0.005331576417281054,1.0151847122568385,0.9863569333664157,0.02882777889042276,49.972199999999994,4.486991975953606,2.283533559659184,9.588618252907976,1.654508990607183,7.934109262300793,1262.1665999999998,0.0,Standing,Standing_Xiaoye_1_2min_20260129_105252.csv
0.9935385382754123,0.006637321930190202,1.0105938848023968,0.9780593029055038,0.032534581896892956,49.35809999999999,4.0870638815128935,2.028083147581188,8.126825948671474,0.6691786009728643,7.45764734769861,1036.7475,0.0,Standing,Standing_Xiaoye_1_2min_20260129_105252.csv
0.9948499332067944,0.018227877238142256,1.0377379245262264,0.9509994742374992,0.08673845028872718,49.502599999999994,11.592389050360321,4.421284108543037,20.87756930296245,4.402556075736004,16.475013227226444,7677.0140999999985,0.0,Standing,Standing_Xiaoye_1_2min_20260129_105252.csv
1.0014696724504994,0.012142653859199501,1.042784733298297,0.9764220398987314,0.06636269339956546,50.15429999999999,10.59614985006632,4.743111477145793,19.11645103046065,3.5742132001323035,15.542237830328345,6716.277800000001,0.0,Standing,Standing_Xiaoye_1_2min_20260129_105252.csv
1.0026161717045385,0.013355891329270026,1.0370631610466163,0.9646761114488117,0.07238704959780462,50.2707,12.531253240343133,7.695477748784046,29.264396457128584,5.091522365658428,24.172874091470156,10753.4139,0.0,Standing,Standing_Xiaoye_1_2min_20260129_105252.csv
1.007869300329467,0.041545075758579124,1.1298672488394377,0.9432391001225512,0.1866281487168865,50.874599999999994,15.529941893890804,3.9945080630396745,21.854155211309358,7.847662072235273,14.006493139074085,12840.8034,0.0,Standing,Standing_Xiaoye_1_2min_20260129_105252.csv
1.0024119448820834,0.02365338043147151,1.0627323275406653,0.9725224933131367,0.0902098342275286,50.268899999999995,9.651827991402989,4.530825534587172,19.383193751288772,0.5906775770248943,18.792516174263877,5663.7798,0.0,Standing,Standing_Xiaoye_1_2min_20260129_105252.csv
1.0023590402553963,0.026270850189398644,1.0705606008068855,0.9659710140578753,0.1045895867490102,50.269999999999996,13.083747358285159,3.8925180801968393,22.523094813990372,5.912173881069466,16.610920932920905,9301.6554,0.0,Standing,Standing_Xiaoye_1_2min_20260129_105252.csv
1.003773247862285,0.013897102766606259,1.0486658190291127,0.9788258272031855,0.06983999182592726,50.3875,5.801347187769571,5.2471273780408465,25.043102842898683,0.8155366331440913,24.227566209754592,3031.8664000000003,0.0,Standing,Standing_Xiaoye_1_2min_20260129_105252.csv
1.0016929201841478,0.010065786309830245,1.0276672613253766,0.981580358401695,0.04608690292368156,50.1744,6.438408497532366,1.7694182195330002,11.603762320902648,3.9917540004363996,7.6120083204662485,2226.0664,0.0,Standing,Standing_Xiaoye_1_2min_20260129_105252.csv
1.0020590376656584,0.006975542739069651,1.016070863670443,0.9869650449737316,0.02910581869671136,50.2085,6.401378964524967,1.561003520939321,9.556364371454238,3.1381682555274186,6.41819611592682,2168.2825,0.0,Standing,Standing_Xiaoye_1_2min_20260129_105252.csv
1.0098998482364272,0.03645372425812397,1.127741105041401,0.9179324593890337,0.20980864565236734,51.06,17.35532333776663,10.605496064640977,65.16922970236797,3.374803697994892,61.79442600437308,20571.7132,0.0,Standing,Standing_Xiaoye_1_2min_20260129_105252.csv
1.0072010866739511,0.023689552567074133,1.0621675950620977,0.9483670175622938,0.11380057749980388,50.75019999999999,14.71211466399805,4.942087895692318,30.00614770342904,7.550245029136471,22.455902674292567,12019.103299999999,0.0,Standing,Standing_Xiaoye_1_2min_20260129_105252.csv
1.0125544861870333,0.017537496345679433,1.063202708800161,0.9774456506629922,0.08575705813716883,51.278400000000005,5.062856599487904,2.113198333560055,9.869685911922426,0.6705967491719595,9.199089162750466,1500.4406,0.0,Standing,Standing_Xiaoye_1_2min_20260129_105252.csv
1.0108454677856373,0.024524878190124704,1.0883933112620638,0.9496315074806648,0.13876180378139902,51.11990000000001,13.769670000897568,5.481112287161344,30.25635800951595,2.202498581157318,28.05385942835863,10952.2776,0.0,Standing,Standing_Xiaoye_1_2min_20260129_105252.csv
1.006565947098517,0.00839060101380102,1.0226925246622272,0.9881801455200363,0.03451237914219085,50.662200000000006,8.825737417337173,4.34207782483843,17.041015227972775,1.398356177803066,15.642659050169708,4818.5104,0.0,Standing,Standing_Xiaoye_1_2min_20260129_105252.csv
1.0092214184002346,0.045402155866937216,1.100227249253535,0.8275868534480233,0.2726403958055117,51.02739999999999,17.80667245024414,13.85452089515926,53.78074562517704,1.8246643526961335,51.95608127248091,25259.3189,0.0,Standing,Standing_Xiaoye_1_2min_20260129_105252.csv
1.0029949797271593,0.03342781809461555,1.1016351483136329,0.9093404203047393,0.19229472800889358,50.354699999999994,12.560699655010037,4.620192391151676,24.209966955780835,4.721482817929131,19.488484137851707,8934.5215,0.0,Standing,Standing_Xiaoye_1_2min_20260129_105252.csv
1.009203303326385,0.016619774155270675,1.057260611202366,0.9708758932015977,0.08638471800076819,50.938100000000006,10.239647376820187,6.60196458070452,24.973828300843266,2.1138826835943383,22.85994561724893,7378.2298,0.0,Standing,Standing_Xiaoye_1_2min_20260129_105252.csv
1.0109170391642817,0.008849070475947605,1.0270345661174214,0.9842763839491426,0.04275818216827876,51.101499999999994,4.499625839342386,1.751903718443527,7.649607833085302,0.6041522986797286,7.045455534405573,1162.7208,0.0,Standing,Standing_Xiaoye_1_2min_20260129_105252.csv
1.0087715346139041,0.006545831568814171,1.0237675517420937,0.9970456358662828,0.026721915875810853,50.8831,3.743332015485826,1.465451599211469,7.15947623782634,1.794825896849051,5.364650340977288,805.8566000000001,0.0,Standing,Standing_Xiaoye_1_2min_20260129_105252.csv
1.0078312519531367,0.006863656621489849,1.0265476121447072,0.9943842315724843,0.0321633805722229,50.7885,5.644112179027895,0.8555101775113523,7.53961537480527,4.433835811123367,3.105779563681903,1628.6631,0.0,Standing,Standing_Xiaoye_1_2min_20260129_105252.csv
1.009691905041788,0.005912361064083602,1.0265476121447072,0.9970456358662828,0.029501976278424435,50.97560000000001,5.628826482965937,1.0058971143991084,7.351578061885761,3.7513064390955853,3.600271622790176,1633.7639999999997,0.0,Standing,Standing_Xiaoye_1_2min_20260129_105252.csv
1.0093688994403678,0.0045652684545475705,1.0186756107809787,0.9970456358662828,0.02162997491469587,50.9423,4.929596614790484,0.37659757042118336,5.942751887804167,4.172361441677842,1.7703904461263251,1221.9955999999997,0.0,Standing,Standing_Xiaoye_1_2min_20260129_105252.csv
1.008446267423978,0.00845912854624892,1.0265476121447072,0.9916652661054536,0.034882346039253664,50.8517,4.810261974957983,1.712455490937548,8.931371675168378,2.630361191927831,6.301010483240548,1300.6236999999999,0.0,Standing,Standing_Xiaoye_1_2min_20260129_105252.csv
1.011124644893259,0.008745406344085448,1.0348912986396206,0.9790301323248433,0.05586116631477733,51.1224,6.420212243144306,2.173923555576361,12.215031723249842,3.5268824760686313,8.688149247181212,2292.5274999999997,0.0,Standing,Standing_Xiaoye_1_2min_20260129_105252.csv
1.011779300140498,0.005771835841703521,1.0242070103255494,1.0001999800039991,0.02400703032155027,51.1865,4.683172423206795,0.9400781852609233,6.369003061704397,2.909398563277297,3.4596044984271,1139.9088,0.0,Standing,Standing_Xiaoye_1_2min_20260129_105252.csv
1.0154186394839462,0.051438358082426076,1.1837651794169315,0.8058535847162313,0.37791159470070024,51.683400000000006,15.684218274716159,11.940404443593673,52.524072576295914,2.9652150006365474,49.55885757565937,19285.8248,0.0,Standing,Standing_Xiaoye_1_2min_20260129_105252.csv
1.012933949382128,0.013806763690179875,1.0435516278555652,0.9863569333664158,0.05719469448914938,51.3111,9.652253553760884,3.6855525066807013,16.331702299515506,1.881993623793662,14.449708675721844,5323.8815,0.0,Standing,Standing_Xiaoye_1_2min_20260129_105252.csv
1.0084969198036304,0.007420513939907989,1.0237675517420934,0.9892421341612984,0.03452541758079508,50.856,5.82442616949655,1.3033527394189042,8.444767610775326,3.0265161489739323,5.418251461801393,1779.4347000000002,0.0,Standing,Standing_Xiaoye_1_2min_20260129_105252.csv
1.0073019157309215,0.005789730952786716,1.0186756107809787,0.9945350672550466,0.02414054352593209,50.734500000000004,4.636780636999187,0.9136210331386245,6.561112710508789,3.0142494919963077,3.5468632185124815,1115.8872000000001,0.0,Standing,Standing_Xiaoye_1_2min_20260129_105252.csv
1.009586225066937,0.027136355520039752,1.0663489110042736,0.8824964589164084,0.18385245208786527,50.999300000000005,18.608447537474916,13.659702772823477,58.460494353024416,1.9541238445912275,56.506370508433186,26456.5025,0.0,Standing,Standing_Xiaoye_1_2min_20260129_105252.csv
1.011136707584751,0.016430390416993818,1.045657687773585,0.9567653839891992,0.08889230378438584,51.1331,10.061331497118928,3.739433344756957,17.26829175106791,1.8051315741518676,15.463160176916041,5746.7043,0.0,Standing,Standing_Xiaoye_1_2min_20260129_105252.csv
1.0087799141036338,0.016995944926478632,1.0456098698845568,0.9571311299921239,0.08847873989243293,50.89600000000001,6.613856594936578,4.348407513056481,19.47602115422963,0.7864477096412704,18.689573444588362,3113.6787000000004,0.0,Standing,Standing_Xiaoye_1_2min_20260129_105252.csv
1.0074456096246178,0.006495182522615526,1.0240117186829456,0.9943842315724843,0.02962748711046126,50.7494,5.961770540564917,1.6970556800758914,11.255603049148455,2.8535591810929732,8.402043868055483,1918.2553,0.0,Standing,Standing_Xiaoye_1_2min_20260129_105252.csv
1.008815848747665,0.00786255109507637,1.02112682855755,0.9840223574695851,0.037104471087964996,50.8885,5.407159171622939,1.9760927467115648,10.393541263688714,0.8534049449118513,9.540136318776863,1653.2107,0.0,Standing,Standing_Xiaoye_1_2min_20260129_105252.csv
1.0057341930119745,0.008732592395829238,1.021420579389313,0.9899494936611666,0.031471085728146386,50.5788,5.632669415404236,2.3480611317289926,9.39771780806383,1.0210288928331068,8.376688915230723,1856.5044,0.0,Standing,Standing_Xiaoye_1_2min_20260129_105252.csv
1.007536439652748,0.00834967748763656,1.0237675517420934,0.9840223574695852,0.03974519427250822,50.75990000000001,6.353389015291657,3.2061751674636456,14.091795485316979,0.8601162712098871,13.231679214107093,2521.976,0.0,Standing,Standing_Xiaoye_1_2min_20260129_105252.csv
1.0053938089499703,0.04253796533651205,1.1092790451459904,0.8982761268117949,0.2110029183341955,50.6295,12.059699070193583,8.780399689682909,34.13318912729955,0.7489993324429602,33.38418979485659,11049.492600000001,0.0,Standing,Standing_Xiaoye_1_2min_20260129_105252.csv
1.004816675409508,0.016395893555797424,1.0279105019407089,0.9392550239418472,0.08865547799886164,50.496,9.428536318641958,4.410791137335048,22.024515885712447,3.1523324697753567,18.87218341593709,5398.163699999999,0.0,Standing,Standing_Xiaoye_1_2min_20260129_105252.csv
1.003428460752147,0.008164392111339742,1.0220567498920987,0.9873702446397703,0.034686505252328415,50.3467,6.9987122586341695,3.107422437478149,12.52187685612664,2.851297950057132,9.670578906069508,2922.2463,0.0,Standing,Standing_Xiaoye_1_2min_20260129_105252.csv
1.0005932971386982,0.011296275397936309,1.031212878119741,0.9629641737884126,0.06824870433132835,50.065599999999996,8.92508031979519,5.610892766571454,25.732069485371753,3.1035624691634616,22.628507016208292,5525.476699999999,0.0,Standing,Standing_Xiaoye_1_2min_20260129_105252.csv
1.0069929922930434,0.01274208328458923,1.032666451474047,0.9767292357659825,0.055937215708064425,50.709700000000005,11.109456764695583,6.685890748080236,29.601435775988975,2.5427937391774424,27.058642036811534,8361.357100000001,0.0,Standing,Standing_Xiaoye_1_2min_20260129_105252.csv
1.0023759356569972,0.013111905158947737,1.027326627709026,0.9688137075826292,0.05851292012639686,50.2463,9.189202223776816,3.90334347661905,17.436091878629224,2.2533974349856707,15.182694443643554,4968.640299999999,0.0,Standing,Standing_Xiaoye_1_2min_20260129_105252.csv
1.0024795267182731,0.016250541928395264,1.0538026380684384,0.9417005893594843,0.11210204870895413,50.2612,5.324440659616866,3.0196012140777646,20.104143851455103,0.9930256794262673,19.111118172028835,1864.2649999999999,0.0,Standing,Standing_Xiaoye_1_2min_20260129_105252.csv
1.004189419465175,0.047138634380080376,1.1051244273836318,0.9003332716277901,0.20479115575584173,50.5287,17.573956848140828,11.266478303668126,38.32478832296403,1.1113055385446433,37.21348278441939,21661.941100000004,0.0,Standing,Standing_Xiaoye_1_2min_20260129_105252.csv
1.0107554628733812,0.06544505618609142,1.2084287318663025,0.8631338250816034,0.3452949067846991,51.2912,19.12430422926792,13.25952640774007,57.26220219306973,3.361502640189354,53.900699552880376,26901.887600000002,0.0,Standing,Standing_Xiaoye_1_2min_20260129_105252.csv
0.9995578564798093,0.07164318864393529,1.138902980942626,0.7553806987208503,0.38352228222177576,50.2073,25.59303308559232,11.661814342325748,62.77436897333179,10.378530724529364,52.39583824880243,39414.064900000005,0.0,Standing,Standing_Xiaoye_1_2min_20260129_105252.csv
1.0008658699225994,0.07254492221275922,1.3221951444472937,0.8658521813797088,0.45634296306758493,50.3445,17.531384462868804,11.853741199450633,59.147660139687694,3.144089693377083,56.00357044631061,22252.5199,0.0,Standing,Standing_Xiaoye_1_2min_20260129_105252.csv
1.004480823634037,0.0985210790223144,1.295453588516393,0.7998749902328488,0.4955785982835441,50.924699999999994,16.76724694353105,9.734099852236731,35.95902807362847,1.3550645741070793,34.603963499521385,18699.910799999998,0.0,Standing,Standing_Xiaoye_1_2min_20260129_105252.csv
1.0038962479156743,0.027743788067919762,1.0658799181896617,0.9402127418834527,0.12566717630620894,50.4281,11.664880694884154,3.4916814226478703,17.292842449984906,3.594996522946858,13.697845927038049,7400.872200000001,0.0,Standing,Standing_Xiaoye_1_2min_20260129_105252.csv
0.9944065535348,0.054880261934888576,1.1497825881443848,0.8295179322956194,0.3202646558487654,49.5898,16.88138918100301,14.154805462208728,61.01442616299854,1.2262952336203545,59.788130929378184,24066.6324,0.0,Standing,Standing_Xiaoye_1_2min_20260129_105252.csv
1.0021710389346912,0.04548164824524185,1.193440404879942,0.9493682109698008,0.24407219391014123,50.3187,15.127774418788158,9.164741617334814,39.062250319202036,3.108874394374916,35.95337592482712,15558.1099,0.0,Standing,Standing_Xiaoye_1_2min_20260129_105252.csv
1.0059657204715657,0.07507118551084509,1.2732635233917604,0.8478797084492588,0.42538381494250166,50.87449999999999,20.02646378468451,13.628966162324854,67.62659314204731,6.292352501251022,61.33424064079629,29154.649799999996,0.0,Standing,Standing_Xiaoye_1_2min_20260129_105252.csv
1.013847193350962,0.05056687362837261,1.135077089893017,0.87960218280766,0.2554749070853569,51.5196,19.837376806456554,9.692579395886886,50.566266423377556,6.0791117772253545,44.4871546461522,24279.4346,0.0,Standing,Standing_Xiaoye_1_2min_20260129_105252.csv
1.0139375449645969,0.047831487442268256,1.1225417586887358,0.9093404203047393,0.21320133838399657,41.212,19.495041344562466,6.812520372026938,39.53253343766372,8.467951346104913,31.064582091558812,17012.2724,0.0,Standing,Standing_Xiaoye_1_2min_20260129_105252.csv
0.9928367653016871,0.017989721137772075,1.0312128781197412,0.95420123663722,0.07701164148252115,49.302099999999996,21.129068278741265,12.431870320494887,49.05253816062937,5.226633715882527,43.82590444474684,29894.8949,0.0,Standing,Standing_Xiaoye_2_1min_20260129_110010.csv
0.9991239814040821,0.13877477636206959,1.4345382532369082,0.7315736463268753,0.7029646069100329,50.856100000000005,50.743116441970486,27.4036831607006,114.75851558816888,16.825557940228908,97.93295764793997,165540.324,0.0,Standing,Standing_Xiaoye_2_1min_20260129_110010.csv
1.0021643606603816,0.028114093752407338,1.0664426848171449,0.9384028985462481,0.12803978627089674,50.255399999999995,17.5041506843524,8.220075774235216,30.442256815157446,2.2307173734025563,28.21153944175489,18630.677200000002,0.0,Standing,Standing_Xiaoye_2_1min_20260129_110010.csv
0.9949444123568373,0.053543957908221314,1.2046991325638114,0.8768124086713189,0.3278867238924925,49.636199999999995,10.398337615753023,4.069630032427072,24.24988453580759,4.693069358106697,19.55681517770089,6217.8038,0.0,Standing,Standing_Xiaoye_2_1min_20260129_110010.csv
1.0055910272887778,0.040991360915375086,1.13251931550857,0.9445104552094699,0.18800886029910013,50.643,13.35076662237807,5.947361324939266,28.6832721285421,5.351354968603746,23.331917159938353,10645.3327,0.0,Standing,Standing_Xiaoye_2_1min_20260129_110010.csv
0.9984885256086813,0.041559696771224335,1.1125196627475848,0.8904493247793498,0.22207033796823505,49.93359999999999,19.486363924761942,12.770576233612418,49.428265193105865,1.351480669488099,48.07678452361777,26977.212199999998,0.0,Standing,Standing_Xiaoye_2_1min_20260129_110010.csv
1.0048809406865429,0.021002794880301243,1.0619322012256713,0.9563472172804185,0.10558498394525284,50.5109,48.11651600528704,26.475384437920255,98.10101018847868,3.682023899976751,94.41898628850193,150106.30869999997,0.0,Standing,Standing_Xiaoye_2_1min_20260129_110010.csv
1.001805472368911,0.0529130547113015,1.216305882580529,0.8466994744299775,0.36960640815055157,50.3179,63.747158156352164,25.912110142356536,113.92313549055784,5.304384978487138,108.6187505120707,236085.44379999998,0.0,Standing,Standing_Xiaoye_2_1min_20260129_110010.csv
1.001053973130816,0.03756549218456564,1.1737546592026802,0.9137286249209883,0.2600260342816919,50.1746,64.33362046201641,31.95655060836387,104.87280915470892,3.9722285936234836,100.90058056108543,256980.57129999998,0.0,Standing,Standing_Xiaoye_2_1min_20260129_110010.csv
1.0048531698485446,0.02587463980489612,1.0804628637764464,0.9716995420396164,0.10876332173683001,50.5193,74.5320023798974,42.063823120991344,136.01273984447192,4.584026614233386,131.42871323023854,364449.8645,0.0,Standing,Standing_Xiaoye_2_1min_20260129_110010.csv
1.0003307712977216,0.026922943612472355,1.0737783756436894,0.9515250916292224,0.122253284014467,50.068599999999996,87.00025960638395,42.97145669192888,143.60470570284247,2.384659304806454,141.220046398036,468933.017,0.0,Standing,Standing_Xiaoye_2_1min_20260129_110010.csv
1.0040155805176312,0.020866780499449684,1.0435037134576954,0.9582275303913992,0.08527618306629625,50.4237,58.24608234918005,32.1638142945139,110.71595639292468,7.847158721473652,102.86879767145103,220321.34199999998,0.0,Standing,Standing_Xiaoye_2_1min_20260129_110010.csv
1.0035078184629205,0.12504716776933708,1.4879180084937476,0.7606576102294645,0.727260398264283,51.1176,15.684671752054788,7.839596774192745,36.3830001511695,2.777570881183773,33.60542926998573,15311.951000000001,0.0,Standing,Standing_Xiaoye_2_1min_20260129_110010.csv
0.9956423387501145,0.024292715129634716,1.1072488428533127,0.9304300081145277,0.176818834738785,49.5941,8.018768767803106,6.224360589118606,24.303468888206066,1.2421352583354197,23.061333629870646,5113.4232,0.0,Standing,Standing_Xiaoye_2_1min_20260129_110010.csv
1.000283954304055,0.022990920165233335,1.0756393447619885,0.9584883932526257,0.11715095150936283,50.0543,7.633316761199494,2.3809591668645615,14.534620738086014,3.6925059241658635,10.842114813920151,3191.1556000000005,0.0,Standing,Standing_Xiaoye_2_1min_20260129_110010.csv
0.997667441203284,0.0800744345229822,1.3709121051329296,0.8333666660000266,0.537545439132903,50.081199999999995,33.75524397281794,19.955585385988766,60.660150840564185,1.6711971756797581,58.98895366488443,76483.86880000001,0.0,Standing,Standing_Xiaoye_2_1min_20260129_110010.csv
1.0026689393957597,0.014463111803583834,1.0470434565957614,0.9752948272189287,0.07174862937683268,50.277499999999996,58.25032025411666,34.23032180554352,104.15670741723741,7.483214549911021,96.67349286732639,227069.0221,0.0,Standing,Standing_Xiaoye_2_1min_20260129_110010.csv
0.9842608786790925,0.04893271830039634,1.0741042779916667,0.8984987479123162,0.17560553007935054,48.5558,34.29301409633385,14.694676468674917,80.99428683555402,20.67890229194964,60.31538454360438,69381.2831,0.0,Standing,Standing_Xiaoye_2_1min_20260129_110010.csv
0.9971389324868534,0.01684107342360532,1.056692954457443,0.9727281223445736,0.08396483211286943,49.7282,17.471900184627497,7.27909572893738,28.60490167785934,4.298569529506299,24.30633214835304,17859.641300000003,0.0,Standing,Standing_Xiaoye_2_1min_20260129_110010.csv
0.9922011623257301,0.0157419716976154,1.031746092796091,0.9438749917229505,0.08787110107314056,49.235299999999995,6.190707604415479,2.3421822539779753,13.961131759280835,2.5564623994887934,11.404669359792042,2185.0481,0.0,Standing,Standing_Xiaoye_2_1min_20260129_110010.csv
1.0051369125235359,0.09810337676818351,1.4146377628212814,0.8257723657279893,0.5888653970932921,50.9866,23.538551350385163,22.930841060905088,96.74034422101256,3.1832530530889307,93.55709116792363,53468.5201,0.0,Standing,Standing_Xiaoye_2_1min_20260129_110010.csv
0.9999326412424533,0.05679099686023279,1.1101351269102335,0.8429709366283039,0.2671641902819296,50.1513,27.349029637511716,17.589722065262116,65.02996616945146,5.051197877731578,59.978768291719874,52558.988900000004,0.0,Standing,Standing_Xiaoye_2_1min_20260129_110010.csv
1.0021442481674594,0.06519128733007985,1.1180787092150535,0.8144323176298935,0.30364639158515994,50.4229,33.782596390163874,13.348406430123502,65.56570597499886,7.077351199424824,58.48835477557404,65794.0087,0.0,Standing,Standing_Xiaoye_2_1min_20260129_110010.csv
0.9975749574699794,0.07177206145058435,1.237659080684176,0.8815327560561775,0.35612632462799854,50.0102,14.718285118307248,6.382031470465788,31.29414641750115,4.540693779589194,26.753452637911955,12827.181799999998,0.0,Standing,Standing_Xiaoye_2_1min_20260129_110010.csv
1.0012783879904212,0.020642480058433145,1.0454664030948102,0.9638983348880731,0.08156806820673712,50.14880000000001,18.856993807702878,6.52102083972266,41.50364803243204,9.516191465076773,31.987456567355267,19862.972700000002,0.0,Standing,Standing_Xiaoye_2_1min_20260129_110010.csv
0.9986453106896052,0.0276557451990015,1.081387996974259,0.9297849213662265,0.15160307560803254,49.9021,27.42823822046704,16.936933019994697,60.50259663849147,4.021405227031964,56.481191411459506,51671.537899999996,0.0,Standing,Standing_Xiaoye_2_1min_20260129_110010.csv
0.9947769226951741,0.020325767127109044,1.0394229168149025,0.9402659198333204,0.09915699698158209,49.4993,16.274426326409596,11.390109823083545,37.91946597725237,1.1448143954370946,36.77465158181528,19599.843100000002,0.0,Standing,Standing_Xiaoye_2_1min_20260129_110010.csv
0.9961562547755574,0.023619346781452413,1.0311159003720192,0.9429209935090003,0.0881949068630189,49.643699999999995,14.36096512362016,7.605841922171846,27.672146646041032,3.3214605221197497,24.35068612392128,13146.458700000001,0.0,Standing,Standing_Xiaoye_2_1min_20260129_110010.csv
1.0001691665626153,0.03633234149084418,1.1118003417880389,0.9521029356114811,0.1596974061765578,50.0816,13.725293954505709,7.349042271519512,28.736182766679363,2.797784838045985,25.93839792863338,12065.5974,0.0,Standing,Standing_Xiaoye_2_1min_20260129_110010.csv
0.998405309192762,0.03626487837812796,1.1195534824205586,0.9334880824091971,0.18606540001136151,49.90510000000001,12.068323624774314,6.780280146499442,25.29498566910051,2.2713872413131146,23.023598427787395,9534.8595,0.0,Standing,Standing_Xiaoye_2_1min_20260129_110010.csv
1.0134240934134033,0.027285469131694124,1.062591172558854,0.955928867646542,0.10666230491231199,51.3879,21.64815044496594,14.282403698976287,54.26546231259805,3.096191208565776,51.169271104032276,33427.4866,0.0,Standing,Standing_Xiaoye_2_1min_20260129_110010.csv
0.9908103540201494,0.02858646687212549,1.0465658125507444,0.9224424101265075,0.12412340242423692,49.125299999999996,20.769258806734072,10.277816740828777,37.80654176197553,3.127443045044945,34.67909871693058,26744.1479,0.0,Standing,Standing_Xiaoye_2_1min_20260129_110010.csv
1.00349549360267,0.059938695885228335,1.2561846997953765,0.9312894286955049,0.3248952710998716,50.52619999999999,16.185507234458587,12.291525351751245,48.912496358292735,4.032542622217402,44.879953736075336,20501.530399999996,0.0,Standing,Standing_Xiaoye_2_1min_20260129_110010.csv
0.9953841709820143,0.02395472256383653,1.051142235855833,0.9482615672903758,0.1028806685654573,49.5676,11.898895909319615,5.225375695816083,24.269404607447623,3.51937494450364,20.750029662943984,8417.109199999999,0.0,Standing,Standing_Xiaoye_2_1min_20260129_110010.csv
0.9911049512424813,0.0308547555729734,1.0602829810951415,0.9413288479590965,0.11895413313604497,49.16109999999999,15.414840047449404,7.965641800727677,32.447092319651695,4.998589801133916,27.448502518517778,14989.985699999997,0.0,Standing,Standing_Xiaoye_2_1min_20260129_110010.csv
0.9945469840005633,0.02134021343789602,1.078424777163433,0.9423905772024675,0.13603419996096544,49.478500000000004,7.577920738476752,5.476175419568075,22.75768221941769,0.500499750249688,22.257182469168,4340.6805,0.0,Standing,Standing_Xiaoye_2_1min_20260129_110010.csv
0.9983843909260648,0.120604802232843,1.6000937472535788,0.7035623639735145,0.8965313832800643,50.551300000000005,12.69877427752861,5.835575085625863,30.691381526415523,4.096681583916427,26.594699942499098,9731.5863,0.0,Standing,Standing_Xiaoye_2_1min_20260129_110010.csv
1.0023522306897479,0.03020348728490842,1.079907403437906,0.9498420921395303,0.13006531129837562,50.2802,20.03124271546678,7.817165783830921,37.62035353369237,4.776368913725153,32.843984619967216,23056.830199999997,0.0,Standing,Standing_Xiaoye_2_1min_20260129_110010.csv
1.0220625204989369,0.04757597781079839,1.2093386622447826,0.9082400563727632,0.3010986058720194,52.3415,14.217407924141273,5.720693007698599,25.69576618822642,5.321174682342236,20.374591505884183,11710.3245,0.0,Standing,Standing_Xiaoye_2_1min_20260129_110010.csv
1.0030869491561654,0.0646542802265149,1.2310564568694646,0.8938679992034617,0.3371884576660029,50.514,15.82170442674658,12.099168846165767,52.9358026292225,1.8722446421341414,51.06355798708836,19689.421000000002,0.0,Standing,Standing_Xiaoye_2_1min_20260129_110010.csv
1.0009088883231432,0.020137214907078597,1.0517604289951206,0.9579144011862438,0.09384602780887674,50.1108,7.182559749772312,2.124929156310261,11.707134576829636,3.7412698379026335,7.965864738927003,2800.7091,0.0,Standing,Standing_Xiaoye_2_1min_20260129_110010.csv
1.0046603441827286,0.03749275884701851,1.1349449325848369,0.9288164511893617,0.20612848139547513,50.53600000000001,7.463862402419835,3.8573338626971068,16.729868499184327,2.693510720231126,14.036357778953201,3514.5343000000003,0.0,Standing,Standing_Xiaoye_2_1min_20260129_110010.csv
0.9978858452258501,0.014279995208464992,1.0435516278555652,0.9750897394599125,0.0684618883956527,49.7988,8.563812675544703,6.270559365259592,23.4442189036018,2.2946241522306,21.1495947513712,5593.620200000001,0.0,Standing,Standing_Xiaoye_2_1min_20260129_110010.csv
0.9954567664907463,0.06630038359684956,1.2035779991342481,0.8656211642514294,0.3379568348828187,49.7621,8.66507522883562,4.149089066316099,21.9874828027221,1.3676987972503303,20.619784005471768,4597.708500000001,0.0,Standing,Standing_Xiaoye_2_1min_20260129_110010.csv
0.9942926427122616,0.03197800022251717,1.0778682665335315,0.9365895579174476,0.14127870861608394,49.481,38.55368259156389,22.433916210954923,69.30276617855885,4.490044543208898,64.81272163534996,98980.0713,0.0,Standing,Standing_Xiaoye_2_1min_20260129_110010.csv
0.995474245140863,0.027498186604940918,1.0654576481493763,0.9492101980067428,0.11624745014263349,49.5855,33.93462416587579,12.354740010840699,53.08723198660861,15.627914128251408,37.459317858357196,65057.2763,0.0,Standing,Standing_Xiaoye_2_1min_20260129_110010.csv
0.9949262303681756,0.0963719205303382,1.2678327965469265,0.8271033792700886,0.4407294172768379,49.949,31.628175682061148,9.482218322254246,46.98960523349819,7.5174131188860445,39.47219211461214,54422.7856,0.0,Standing,Standing_Xiaoye_2_1min_20260129_110010.csv
1.0038884549313725,0.09643634918633874,1.209214621148785,0.7808969202141856,0.42831770093459953,50.8453,33.22878376495821,18.21797036964982,93.92957202074328,5.7748246726632315,88.15474734808005,71470.4313,0.0,Standing,Standing_Xiaoye_2_1min_20260129_110010.csv
0.9989919894347565,0.09539929536591592,1.2126829758844642,0.7687002016391046,0.4439827742453596,50.3452,35.481223169394276,21.050055077819223,78.7478221921089,2.8273662656260155,75.92045592648289,84657.996,0.0,Standing,Standing_Xiaoye_2_1min_20260129_110010.csv
1.0084055552682067,0.06326358936228207,1.1226308386998818,0.8309632964216891,0.2916675422781927,51.0402,44.90292036806886,22.19790821223577,94.37042439239107,10.073534632888299,84.29688975950278,124958.2222,0.0,Standing,Standing_Xiaoye_2_1min_20260129_110010.csv
0.9920100211377216,0.0547547217453009,1.12942463227964,0.8302409288875128,0.2991837033921272,49.3511,22.668944079149398,15.362547498686057,70.94890626359225,2.626575717545565,68.32233054604669,37258.4367,0.0,Standing,Standing_Xiaoye_2_1min_20260129_110010.csv
0.9878217194163444,0.032011647263888325,1.0734057946554976,0.8801136290275251,0.19329216562797247,48.8398,9.7706944868931,7.584673001157432,41.62324590898696,1.616292052817188,40.00695385616977,7592.159499999999,0.0,Standing,Standing_Xiaoye_2_1min_20260129_110010.csv
0.9859786438023661,0.007150992912834446,0.9964938534682489,0.9683491106000977,0.028144742868151273,48.61019999999999,3.7026902199868568,1.3842522238369848,6.590986269140606,0.7068946173228369,5.884091651817769,779.3873000000001,0.0,Standing,Standing_Xiaoye_2_1min_20260129_110010.csv
0.9845902035807323,0.005544901395132216,0.9954898291795853,0.9688653157173086,0.026624513462276678,48.4724,5.658130250172636,1.2037179105780018,9.018031936071196,3.48650254553184,5.531529390539356,1671.7197999999999,0.0,Standing,Standing_Xiaoye_2_1min_20260129_110010.csv
0.9850529971515258,0.009824625598923246,1.011236866416568,0.9628083921528727,0.04842847426369534,48.52119999999999,15.337750456211655,12.824951165240162,37.0220542379809,2.736512378923216,34.28554185905769,19821.8187,0.0,Standing,Standing_Xiaoye_2_1min_20260129_110010.csv
0.9889122872179879,0.05451538061651279,1.1392102527628516,0.8805679985100526,0.25864225425279896,49.043,16.3899821425964,7.661863774257322,34.114192061369415,5.943046356877927,28.171145704491487,16308.0794,0.0,Standing,Standing_Xiaoye_2_1min_20260129_110010.csv
0.9905276204885416,0.011113195379294165,1.0182337649086284,0.9573400649716902,0.06089369993693816,49.0633,8.15940014604883,2.139458079547516,12.140218284693237,5.675658552097721,6.464559732595516,3553.0773,0.0,Standing,Standing_Xiaoye_2_1min_20260129_110010.csv
0.9920573324448633,0.010214492624376716,1.0133607452432722,0.9697937925146768,0.043566952728595454,49.214000000000006,9.767983079112382,2.9374670760072727,16.047345574891818,5.676856524521296,10.370489050370523,5193.481600000001,0.0,Standing,Standing_Xiaoye_2_1min_20260129_110010.csv
0.9893049839146855,0.01048073069406676,1.0116323442832382,0.9644169222903546,0.047215421992883644,48.9416,14.22478694493284,6.8108085146877455,25.89361504309508,5.8366171709304355,20.056997872164647,12390.196699999999,0.0,Standing,Standing_Xiaoye_2_1min_20260129_110010.csv
0.9911346876642946,0.05083015845712688,1.224622390780113,0.9420721840708386,0.28255020670927444,49.244,16.671707337463,12.019490992906203,41.48384866426933,1.2643970895252805,40.21945157474405,20976.2313,0.0,Standing,Standing_Xiaoye_2_1min_20260129_110010.csv
0.9946478307191668,0.01361619854854092,1.0455620498086184,0.9728309205612247,0.07273112924739378,49.4753,28.330606836590604,19.10606400880882,57.49625466062985,5.341497917251302,52.15475674337855,58018.2066,0.0,Standing,Standing_Xiaoye_2_1min_20260129_110010.csv
0.9994584467877979,0.018757669030883842,1.0445094542415592,0.9513674369033239,0.09314201733823524,49.9631,25.66721701765226,16.983461179676354,58.97830279009392,3.628801455026163,55.34950133506776,47073.76120000001,0.0,Standing,Standing_Xiaoye_2_1min_20260129_110010.csv
0.9883620981482661,0.023826818708169453,1.0623558725775464,0.9500526301210896,0.11230324245645673,48.8708,46.44118310512376,13.760851517478423,74.85072678337866,26.83737878407651,48.013347999302155,117117.86510000001,0.0,Standing,Standing_Xiaoye_2_1min_20260129_110010.csv
0.9860841524823087,0.04010247362779658,1.089954127475097,0.8847033401089882,0.2052507873661088,48.6969,40.166037387058175,24.70556759157503,91.92817304830984,7.057938792593769,84.87023425571607,110573.41639999999,0.0,Standing,Standing_Xiaoye_2_1min_20260129_110010.csv
0.9914040130308989,0.0549590102010097,1.230447073221762,0.8511756575466665,0.3792714156750956,49.29209999999999,30.23416100969474,18.036168255668667,76.90181987443471,3.8048915884687173,73.09692828596599,61645.089499999995,0.0,Standing,Standing_Xiaoye_2_1min_20260129_110010.csv
0.9833878056167521,0.01648820742068655,1.0167103815738285,0.9386692708297208,0.07804111074410769,48.365899999999996,32.04402791775785,11.736102106710643,57.01800592795227,10.589168994779525,46.42883693317274,58090.0548,0.0,Standing,Standing_Xiaoye_2_1min_20260129_110010.csv
0.9890765095696044,0.018229215662833,1.0276672613253768,0.9608850087289321,0.06678225259644466,48.929899999999996,11.816639440418182,5.786057514965011,27.782967804034186,2.2413611935607345,25.54160661047345,8622.093,0.0,Standing,Standing_Xiaoye_2_1min_20260129_110010.csv
0.997065229629417,0.04719615887213133,1.1323427043081966,0.9242294087508793,0.20811329555731728,49.8161,53.76454798987575,26.98074656393506,92.39814879097958,5.761996181880026,86.63615260909955,180201.40460000004,0.0,Standing,Standing_Xiaoye_2_1min_20260129_110010.csv
0.9981999421427978,0.06943559272341641,1.2539936203984452,0.8866791979064356,0.36731442249200963,50.056400000000004,47.173032189613025,25.04374377123593,104.4158215980701,8.593305533960724,95.82251606410938,141997.01429999998,0.0,Standing,Standing_Xiaoye_2_1min_20260129_110010.csv
0.999434188678011,0.03247137674444212,1.0755928597754822,0.9002777349240622,0.1753151248514201,49.99510000000001,35.76283195472353,16.609781313547842,61.877499949496986,3.356784175367847,58.52071577412914,77467.3644,0.0,Standing,Standing_Xiaoye_2_1min_20260129_110010.csv
0.9644714377018981,0.05455614835843951,1.120446339634344,0.866314030822542,0.25413230881180204,46.6561,13.500420971623896,8.404616417872331,37.77384941993601,3.1069921145699744,34.66685730536604,12574.3096,0.0,Standing,Standing_Xiaoye_2_20sek_20260202_095120.csv
0.9617603186988966,0.025933379644629932,1.03,0.8951536181013848,0.1348463818986152,46.28209999999999,13.458145862618395,5.7778201825361295,29.815656960731218,2.286022747043432,27.529634213687785,10691.861600000002,0.0,Standing,Standing_Xiaoye_2_20sek_20260202_095120.csv
0.9669146642562069,0.013703568964101194,1.0018482919085105,0.9342376571301331,0.06761063477837748,46.75540000000001,14.945644917844131,6.944412523434399,30.41823137527887,3.3512684165849804,27.066962958693892,13531.633500000002,0.0,Standing,Standing_Xiaoye_2_20sek_20260202_095120.csv
0.9641382726565548,0.012263734442830168,0.9839715443040007,0.9379232377972091,0.04604830650679159,46.4855,10.824738081866796,4.040310588559155,16.561720925072976,2.7913258498426874,13.770395075230288,6658.6291,0.0,Standing,Standing_Xiaoye_2_20sek_20260202_095120.csv
0.9674120684067752,0.03619518939911494,1.086922260329597,0.9118113840043893,0.1751108763252076,46.8585,22.697200716463225,12.19073659845203,43.876464078136465,5.746242250375458,38.130221827761005,33040.234899999996,0.0,Standing,Standing_Xiaoye_2_20sek_20260202_095120.csv
0.9649378494388882,0.02310019701863659,1.0452272480183435,0.9152595260361949,0.12996772198214868,46.581399999999995,7.43095952752557,4.0948450047013365,17.319009786936437,1.669011683602005,15.649998103334433,3582.5780000000004,0.0,Standing,Standing_Xiaoye_2_20sek_20260202_095120.csv
0.9648004990210026,0.01010137840786585,0.9836157786453001,0.9432391001225512,0.040376678522748954,46.547000000000004,11.426885829159499,4.836463989928103,22.447062168577876,2.3641065965814656,20.08295557199641,7674.8638,0.0,Standing,Standing_Xiaoye_2_20sek_20260202_095120.csv
0.9624890810181739,0.007611009801264777,0.9800510190801293,0.9409038208021052,0.03914719827802404,46.3221,5.957041433840084,2.2079890554281043,9.680470029910738,1.6596385148579795,8.020831515052759,2013.2027,0.0,Standing,Standing_Xiaoye_2_20sek_20260202_095120.csv
0.9657845354013156,0.0063434802651690676,0.9769851585361979,0.9561380653441218,0.020847093192076116,26.1178,6.971178898675986,3.4487008469337956,10.858568045557389,0.4903060268852505,10.368262018672139,1681.8508999999997,0.0,Standing,Standing_Xiaoye_2_20sek_20260202_095120.csv
0.977175020792457,0.005048614607031808,0.986154146165801,0.96591925128346,0.02023489488234098,47.744800000000005,5.047861391610048,0.35574206875532627,5.729755666692952,4.366211172172047,1.3635444945209052,1280.2463,0.0,Standing,Standing_Xiaoye_2_2min_20260129_105714.csv
0.9782820432363087,0.0271850026442612,1.0529957264870549,0.9047651629014016,0.14823056358565323,47.888,11.05755810369371,7.10670700626496,31.12093346929041,2.0797355601133525,29.041197909177058,8588.238500000001,0.0,Standing,Standing_Xiaoye_2_2min_20260129_105714.csv
0.9811939870353796,0.02470973958219284,1.0432641084595982,0.8920762299265685,0.15118787853302962,48.166999999999994,8.794093547596061,4.934292401779044,21.540218197594935,1.746797068923577,19.79342112867136,5059.818899999998,0.0,Standing,Standing_Xiaoye_2_2min_20260129_105714.csv
0.977571221028628,0.01465618963057405,1.0098514742277698,0.9466784036831092,0.06317307054466059,47.79279999999999,5.903780964725964,3.4519752287845575,16.601090325638253,0.8751571287488894,15.725933196889365,2326.622,0.0,Standing,Standing_Xiaoye_2_2min_20260129_105714.csv
0.983101073165745,0.021195878025356846,1.036243214694311,0.9366963221877195,0.09954689250659154,48.3464,9.96613929402327,5.741999898005865,30.26244041712433,3.18505886915768,27.077381547966652,6581.7542,0.0,Standing,Standing_Xiaoye_2_2min_20260129_105714.csv
0.9826486878718386,0.011847510017993706,1.0053357648069623,0.937336652436039,0.06799911237092326,48.2868,6.003496163437086,2.767667517116577,12.665488541702606,1.6390546055577282,11.026433936144878,2177.4375000000005,0.0,Standing,Standing_Xiaoye_2_2min_20260129_105714.csv
0.9850565309395622,0.004910510729815364,0.9988493379884676,0.9776502442080194,0.021199093780448264,48.518,4.715974886036928,0.8791013931613055,6.316470533454581,2.48959836118198,3.826872172272601,1149.8890999999999,0.0,Standing,Standing_Xiaoye_2_2min_20260129_105714.csv
0.9840757099021136,0.0066237960516584106,0.9988493379884676,0.9716995420396163,0.027149795948851363,48.4224,4.950535179876342,1.087046848025778,7.2213987564737065,3.090275068662982,4.1311236878107245,1283.2918,0.0,Standing,Standing_Xiaoye_2_2min_20260129_105714.csv
0.9849654557971926,0.005980485802796811,1.0000499987500624,0.9746281342132496,0.025421864536812833,48.5096,4.744287524292191,0.9030514522177135,6.538264295667467,2.933751864081214,3.604512431586253,1165.3728,0.0,Standing,Standing_Xiaoye_2_2min_20260129_105714.csv
0.9756661991520891,0.028810921825671267,1.1009995458672996,0.9095603333479313,0.19143921251936835,47.636900000000004,11.308906707869603,10.871698000824173,45.08741509556741,2.693789152847713,42.393625942719694,12186.0656,0.0,Standing,Standing_Xiaoye_2_2min_20260129_105714.csv
1.0202907407821433,0.05623206538782812,1.131812705353673,0.8758995376183275,0.25591316773534556,52.2046,19.624455338681045,17.367693050548613,72.10475851148799,4.658304412551845,67.44645409893614,34036.16369999999,0.0,Standing,Standing_Xiaoye_2_2min_20260129_105714.csv
1.0148654605454077,0.24165690173272236,2.217227999101581,0.4636809247747852,1.7535470743267956,54.35909999999999,25.969710168873668,20.696304899043778,88.38950673015435,1.5144966160411188,86.87501011411324,54709.8071,0.0,Standing,Standing_Xiaoye_2_2min_20260129_105714.csv
0.9995434806246082,0.042315992307189965,1.1364858116140297,0.9131812525451889,0.22330455906884084,50.0421,18.31388614510462,9.271074958265658,37.79309460734858,5.925656081819127,31.86743852552945,20981.610000000004,0.0,Standing,Standing_Xiaoye_2_2min_20260129_105714.csv
0.966713213438812,0.019313814523145914,1.0251341375644458,0.9044888059008801,0.12064533166356572,46.74499999999999,12.32524600127598,5.884737523669183,24.78533639069682,2.374215659960148,22.411120730736673,9292.4611,0.0,Standing,Standing_Xiaoye_2_2min_20260129_105714.csv
0.9905964165569046,0.027081500286634818,1.053612832116238,0.9413819628609844,0.1122308692552535,49.099999999999994,20.29171977404054,11.925201346514466,61.0927016917733,7.715471469715897,53.377230222057406,27556.005500000003,0.0,Standing,Standing_Xiaoye_2_2min_20260129_105714.csv
1.0040502173186197,0.07589709132681076,1.1421033228215387,0.8007496487667041,0.34135367405483463,50.6881,22.593442475513772,29.501980167122266,163.01141739154346,3.8864508230517982,159.12496656849166,68171.15699999999,0.0,Standing,Standing_Xiaoye_2_2min_20260129_105714.csv
1.004924760423871,0.04438038138712748,1.1765202930676546,0.8910667763978186,0.285453516669836,50.590199999999996,24.76741758178735,15.147894186825969,57.76313184030104,1.5761027885261798,56.187029051774864,41914.7249,0.0,Standing,Standing_Xiaoye_2_2min_20260129_105714.csv
1.0121328133579046,0.11052365211921066,1.3119070088996398,0.7789736837660178,0.532933325133622,51.819199999999995,32.36315718334339,14.772291116230488,64.82906986838543,5.894488951554664,58.93458091683077,63061.50579999999,0.0,Standing,Standing_Xiaoye_2_2min_20260129_105714.csv
0.9815455082761193,0.20432670713329087,1.802720166858961,0.2823118842698621,1.520408282589099,50.2173,45.94719471194928,45.05225818370535,239.5690787643514,5.988063125919766,233.5810156384316,205012.82749999998,0.0,Standing,Standing_Xiaoye_2_2min_20260129_105714.csv
1.0085247376545614,0.05781615425338354,1.1180787092150535,0.8358229477586745,0.282255761456379,51.01990000000001,22.259904398800714,11.429405512253174,58.13367526657849,4.336519341591825,53.79715592498667,31176.1014,0.0,Standing,Standing_Xiaoye_2_2min_20260129_105714.csv
1.0067056384687267,0.020745234891105933,1.041585330157832,0.9259589623736033,0.11562636778422863,50.693900000000006,18.91222681244284,8.299167095823911,31.29520889848796,3.0456198055568264,28.249589092931135,21258.548700000003,0.0,Standing,Standing_Xiaoye_2_2min_20260129_105714.csv
0.9868481133480762,0.09070473055043714,1.3423859355639867,0.8750428560933459,0.4673430794706408,49.0966,27.08788671828328,10.711158454918861,39.635989958622204,4.855728575610462,34.78026138301174,42309.3972,0.0,Standing,Standing_Xiaoye_2_2min_20260129_105714.csv
1.0117551378022716,0.026679142864540307,1.1244998888394786,0.9584883932526256,0.16601149558685302,51.2173,19.59737049275093,11.347105527260727,49.08083638244157,4.921981308375723,44.15885507406585,25511.9299,0.0,Standing,Standing_Xiaoye_2_2min_20260129_105714.csv
1.0243191237036264,0.05885239938440041,1.1141813137905339,0.8622064717919948,0.25197484199853903,52.6312,42.23860636041418,15.30192260595884,86.37937543187032,20.24638239291158,66.13299303895873,100678.2863,0.0,Standing,Standing_Xiaoye_2_2min_20260129_105714.csv
1.0005301904653792,0.07892994806370032,1.1895377253370318,0.8271638289964087,0.3623738963406231,50.3583,37.45772344080479,14.692332674582183,76.55766780669327,12.830124707110215,63.72754309958306,80731.4196,0.0,Standing,Standing_Xiaoye_2_2min_20260129_105714.csv
1.0092415040779947,0.05001618560870075,1.1455566332573872,0.9233092656309694,0.22224736762641784,51.051,31.514165529742687,14.305181841356047,55.327813078053246,8.008782679034312,47.319030399018935,59684.4046,0.0,Standing,Standing_Xiaoye_2_2min_20260129_105714.csv
1.0109763612892873,0.04236379030315012,1.1148094007497424,0.9243916918709298,0.1904177088788126,51.19160000000001,30.86207456527747,15.338638204436043,55.50983156162519,3.8502986897122673,51.65953287191292,59151.799600000006,0.0,Standing,Standing_Xiaoye_2_2min_20260129_105714.csv
1.0009898015550642,0.0823594485041703,1.246515142306743,0.8618004409374598,0.3847147013692833,50.431400000000004,18.24274965425953,7.789308544671714,38.43103043115029,6.293067614446868,32.13796281670342,19612.888799999997,0.0,Standing,Standing_Xiaoye_2_2min_20260129_105714.csv
1.0031953629125383,0.07751934472709816,1.2302032352420473,0.8112336284942828,0.4189696067477645,50.6145,27.9388100814168,16.251691818823147,61.805708474217816,5.631003462971765,56.174705011246054,51970.61230000001,0.0,Standing,Standing_Xiaoye_2_2min_20260129_105714.csv
1.0028704762346272,0.11759845157652424,1.2340988615179904,0.7180529228406497,0.5160459386773407,50.9651,36.329634077103364,16.742320805151916,78.29080150311403,5.607878386698485,72.68292311641554,79727.07560000001,0.0,Standing,Standing_Xiaoye_2_2min_20260129_105714.csv
1.004555739891734,0.055931494637810726,1.2318279100588687,0.8866228059327146,0.3452051041261541,50.6099,39.277250196926495,19.076373649098983,69.95414855460683,1.592513736204495,68.36163481840234,94966.61270000001,0.0,Standing,Standing_Xiaoye_2_2min_20260129_105714.csv
0.9913938659568376,0.03245408912879525,1.0519030373565808,0.911756546453054,0.1401464909035267,49.19469999999999,23.46400200883834,11.403059727646609,50.04726765768537,6.077631117466739,43.96963654021863,33899.4283,0.0,Standing,Standing_Xiaoye_2_2min_20260129_105714.csv
0.9949667002778785,0.05183633327206261,1.1474319151914854,0.8787491109526085,0.2686828042388768,49.6296,52.42367243921807,26.591606316954337,87.18526653053256,12.079416376630123,75.10585015390244,172060.63439999998,0.0,Standing,Standing_Xiaoye_2_2min_20260129_105714.csv
1.0008310843804167,0.07005202540385902,1.2607140833670416,0.8839683252243826,0.376745758142659,50.3236,22.02537635624409,12.897656026794715,69.5294081666168,5.387411252169264,64.14199691444755,32406.987199999996,0.0,Standing,Standing_Xiaoye_2_2min_20260129_105714.csv
1.0048771054144234,0.020603224780510767,1.0556514576317317,0.9651424765287248,0.09050898110300698,50.5097,9.892445268252185,3.585432916484018,16.408811657155432,3.2017963707893733,13.207015286366058,5522.9348,0.0,Standing,Standing_Xiaoye_2_2min_20260129_105714.csv
1.0020471997335691,0.02279924600688663,1.067988763985839,0.9663332758422428,0.10165548814359615,50.2304,28.347524577132575,9.61742807641231,42.74654722898681,6.179911002595426,36.56663622639139,44711.358700000004,0.0,Standing,Standing_Xiaoye_2_2min_20260129_105714.csv
1.006716816142769,0.024016407983179455,1.07266024443903,0.968607247546703,0.10405299689232705,50.702200000000005,27.998025277730616,12.228968724669137,47.069677075586576,9.96689520362284,37.102781871963735,46522.3071,0.0,Standing,Standing_Xiaoye_2_2min_20260129_105714.csv
1.014764883283858,0.03050981196969508,1.0920164833920778,0.9476813810558905,0.1443351023361873,51.533,16.913887773059354,5.252456607010063,27.564110723910538,3.962486593037256,23.601624130873283,15655.8067,0.0,Standing,Standing_Xiaoye_2_2min_20260129_105714.csv
1.0075030655179893,0.08255840833983089,1.2546712716883255,0.8183520025025905,0.43631926918573494,51.0871,41.73932672135649,21.674325751532074,91.52833004048527,4.806838878098578,86.7214911623867,110127.61319999999,0.0,Standing,Standing_Xiaoye_2_2min_20260129_105714.csv
1.0127540520766827,0.03939892780913984,1.182201336490532,0.9554580053565934,0.22674333113393852,51.3596,15.471479975754129,7.945494767594814,34.079260555358296,5.007534323397095,29.0717262319612,15061.7481,0.0,Standing,Standing_Xiaoye_2_2min_20260129_105714.csv
1.0011758572524097,0.007207058253947315,1.0196568050084303,0.980866963456309,0.038789841552121285,50.1202,34.506894484533234,23.98136715123082,77.30811406314346,0.5821511831131154,76.72596288003035,87716.4809,0.0,Standing,Standing_Xiaoye_2_2min_20260129_105714.csv
1.000760200823037,0.015017691901069214,1.0494760597555335,0.9615612304996495,0.08791482925588401,50.08709999999999,35.49917514590084,14.805762941719133,60.48707299911279,10.610829373804858,49.876243625307936,73750.892,0.0,Standing,Standing_Xiaoye_2_2min_20260129_105714.csv
1.0055295969918643,0.04290746537702443,1.0966312051004201,0.8528774824088159,0.24375372269160422,50.64469999999999,38.96076281725992,23.030930725856486,84.7726889982853,12.944257414004095,71.8284315842812,101887.81669999998,0.0,Standing,Standing_Xiaoye_2_2min_20260129_105714.csv
0.9859060989355606,0.020828847775551374,1.028591269649903,0.947734139935879,0.08085712971402415,48.6218,13.628987420474484,7.810203418693764,40.3402838363837,5.77197539842297,34.56830843796073,12276.429499999998,0.0,Standing,Standing_Xiaoye_2_2min_20260129_105714.csv
1.001055281166596,0.07854755512938329,1.23227432010896,0.8594184079946158,0.3728559121143443,50.4079,29.651081498036188,19.38590346251564,93.0804963459048,9.503104755815334,83.57739159008948,62374.181099999994,0.0,Standing,Standing_Xiaoye_2_2min_20260129_105714.csv
1.0113888086524303,0.0898449783534048,1.2951447795516917,0.8095677859203638,0.4855769936313279,51.5409,20.963870604272284,14.32750121652477,78.14424866872801,4.138961222335865,74.00528744639215,32032.780799999997,0.0,Standing,Standing_Xiaoye_2_2min_20260129_105714.csv
0.9889581845983585,0.02103711772952289,1.0729864864013898,0.9461500938011896,0.1268363926002002,48.92359999999999,9.321235488102912,4.086487810808765,17.733372493691096,2.917413237784459,14.815959255906638,5162.5413,0.0,Standing,Standing_Xiaoye_2_2min_20260129_105714.csv
1.0122390128006031,0.058206011370419225,1.1899579824514814,0.8823264701911645,0.30763151226031693,51.3974,28.591073513904306,14.892474380916166,55.9459712579914,6.733580028484105,49.2123912295073,51739.9781,0.0,Standing,Standing_Xiaoye_2_2min_20260129_105714.csv
0.9956023595085918,0.03096973079368366,1.0771258050942796,0.9008329478876758,0.17629285720660381,49.6082,41.25705099553213,25.531378116398468,87.10661283737304,4.239775937475942,82.8668368998971,117047.925,0.0,Standing,Standing_Xiaoye_2_2min_20260129_105714.csv
0.9909265829665911,0.008482104219794596,1.0151354589413177,0.9762171889492625,0.03891826999205528,49.1003,16.922384781441668,7.230684707241922,27.69549782906962,5.199403811976908,22.496094017092712,16880.212600000003,0.0,Standing,Standing_Xiaoye_2_2min_20260129_105714.csv
0.9923920901821168,0.010199006752824029,1.0151354589413177,0.9646242791885346,0.050511179752783186,49.24719999999999,9.222146905981274,3.9654264053214305,14.906324161241093,1.4239382009062052,13.482385960334888,5022.905400000001,0.0,Standing,Standing_Xiaoye_2_2min_20260129_105714.csv
0.992465224500216,0.006450609663924824,1.0074720839804943,0.9763708311906905,0.0311012527898038,49.2514,6.030700302931272,2.727136095221855,10.981807683619305,2.1842389979120873,8.797568685707217,2182.8936,0.0,Standing,Standing_Xiaoye_2_2min_20260129_105714.csv
0.9861847996185423,0.007252093387795617,1.0000499987500624,0.9657121724406293,0.03433782630943305,48.6306,6.8132355180915285,2.4679057830675,10.203318087759492,1.7947144619688116,8.408603625790679,2619.4463000000005,0.0,Standing,Standing_Xiaoye_2_2min_20260129_105714.csv
0.9990183926871975,0.013180500156524796,1.040480658157565,0.9769851585361979,0.06349549962136702,49.9104,12.381979512348606,12.730440513555006,66.85651277175621,1.8234856730997366,65.03302709865648,15606.8125,0.0,Standing,Standing_Xiaoye_2_2min_20260129_105714.csv
0.9994192814781315,0.0395781300376939,1.1108105148944172,0.9278469701410896,0.18296354475332754,50.01869999999999,30.0159288300046,16.96432067581656,64.49741467686903,7.519108989767338,56.97830568710169,59149.4198,0.0,Standing,Standing_Xiaoye_2_2min_20260129_105714.csv
1.016205914302759,0.27693943148331096,1.546673850558029,0.28053520278211075,1.2661386477759184,55.391799999999996,40.87339916341809,27.200879840734846,126.76413136214833,13.07633740769945,113.68779395444888,119786.2433,0.0,Standing,Standing_Xiaoye_2_2min_20260129_105714.csv
1.0249058911624216,0.10929231660991393,1.343800580443393,0.8383913167489273,0.5054092636944657,53.1069,43.374106835587135,18.35994126016216,80.6240826304399,17.57346010323522,63.05062252720468,110582.9419,0.0,Standing,Standing_Xiaoye_2_2min_20260129_105714.csv
1.0603127483178119,0.156866236253229,1.614527794743714,0.8302409288875127,0.7842868658562013,57.4189,76.11255254869677,52.17804924469202,212.81735878447512,7.0094578962998275,205.80790088817528,423060.92510000005,0.0,Standing,Standing_Xiaoye_2_2min_20260129_105714.csv
1.03229843674288,0.09268080783542332,1.2557467897629682,0.8831760866327847,0.3725707031301835,53.70290000000001,113.87754987416979,64.36226915254994,228.8259613767634,12.866988769716091,215.9589726070473,851387.4011,0.0,Standing,Standing_Xiaoye_2_2min_20260129_105714.csv
1.006626700418539,0.14280958495702223,1.4335271186831453,0.6766091929614909,0.7569179257216544,51.6642,32.22199744220535,24.8011783960185,92.82498639913716,4.596324618649122,88.22866178048804,82052.68,0.0,Standing,Standing_Xiaoye_2_2min_20260129_105714.csv
1.0079811123956595,0.04110808368799573,1.1771151175649728,0.935147047260483,0.24196807030448975,50.884100000000004,9.509060581294742,8.938451154540628,31.494012129292134,0.6794850991743675,30.814527030117766,8436.0112,0.0,Standing,Standing_Xiaoye_2_2min_20260129_105714.csv
1.0002339624401468,0.023387166838623012,1.0602358228243374,0.9276313923105449,0.13260443051379245,50.0502,7.434221565939477,3.7772403419071723,16.524614972821606,2.8936136576951665,13.63100131512644,3462.4922,0.0,Standing,Standing_Xiaoye_2_2min_20260129_105714.csv
1.0021217419099502,0.0396414335827711,1.1147196957082977,0.9322553298319082,0.18246436587638948,50.2894,11.810339884319278,7.334467818490079,35.41422595511583,1.7297976760303502,33.68442827908548,9610.132899999999,0.0,Standing,Standing_Xiaoye_2_2min_20260129_105714.csv
1.0066124963259186,0.04908636953352337,1.120089282155668,0.9016096716428901,0.21847961051277798,50.7815,22.04759901115114,11.919102993381006,59.73567359626909,4.795091240007848,54.94058235626124,31266.016900000006,0.0,Standing,Standing_Xiaoye_2_2min_20260129_105714.csv
0.9984144324467181,0.034650162441791664,1.063202708800161,0.9283856957105705,0.1348170130895905,49.9004,20.704675228464847,8.353690842840008,34.357259785960814,5.351915544924079,29.005344241036735,24853.602199999998,0.0,Standing,Standing_Xiaoye_2_2min_20260129_105714.csv
0.9999747026086504,0.030482416188266498,1.0973149046650192,0.9088454214001411,0.1884694832648781,50.043,12.323909972321555,5.515433355234568,27.097368875962847,2.8038188243893365,24.29355005157351,9084.518100000001,0.0,Standing,Standing_Xiaoye_2_2min_20260129_105714.csv
1.0005101826394196,0.016268613667066802,1.0531381675734672,0.9725739046468397,0.08056426292662755,50.06399999999999,9.93690391869035,5.658005211213465,22.323221093740035,2.2446826056260156,20.07853848811402,6505.7411,0.0,Standing,Standing_Xiaoye_2_2min_20260129_105714.csv
1.0010651436222684,0.008242388234164387,1.0255730105653131,0.9835649444749441,0.042008066090369,50.109899999999996,5.128844863650328,1.784110812829959,8.595173063993533,1.7731328207441202,6.822040243249413,1471.222,0.0,Standing,Standing_Xiaoye_2_2min_20260129_105714.csv
1.0065976246342827,0.03882485634255438,1.0837435120913066,0.917605579756357,0.16613793233494956,50.7358,19.827722443124884,11.52984612878555,47.46490071621346,2.005666971358904,45.45923374485455,26170.8591,0.0,Standing,Standing_Xiaoye_2_2min_20260129_105714.csv
1.0141607763788079,0.02436792083980633,1.0815266986995744,0.9630680142129111,0.1184586844866633,51.4552,12.604481956193826,6.711308809366309,27.105733710785252,3.009551461596894,24.09618224918836,10150.689900000001,0.0,Standing,Standing_Xiaoye_2_2min_20260129_105714.csv
1.0119716809611172,0.05884359182362161,1.1591807451816993,0.8945948803788226,0.2645858648028767,51.374,16.871913599242255,8.413682824611794,36.93420907505669,3.9088617268969745,33.02534734815972,17701.7863,0.0,Standing,Standing_Xiaoye_2_2min_20260129_105714.csv
1.0032429930704203,0.028740514941211735,1.098999545040852,0.9516301802696255,0.14736936477122653,50.365300000000005,12.694986015986863,4.456378832628112,25.464604846727937,6.191760654288892,19.272844192439045,9031.2398,0.0,Standing,Standing_Xiaoye_2_2min_20260129_105714.csv
1.0092177325142957,0.025784989675287622,1.0722406446316048,0.9652978814852957,0.10694276314630913,50.9586,9.823177877466472,4.746183040801215,20.046261496847734,2.795728885281976,17.25053261156576,5928.5276,0.0,Standing,Standing_Xiaoye_2_2min_20260129_105714.csv
1.0064377428690547,0.020330677750600327,1.0594338110519221,0.9734988443752771,0.08593496667664502,50.666100000000014,7.44554063857409,3.4875821399648457,15.875651167747419,1.9071444622786182,13.968506705468801,3367.802,0.0,Standing,Standing_Xiaoye_2_2min_20260129_105714.csv
1.0089019120179217,0.016254730130467982,1.051142235855833,0.9788769074812216,0.07226532837461153,50.9071,9.898184398100335,4.134109930758372,21.47576075486035,4.112067606448123,17.363693148412224,5736.1551,0.0,Standing,Standing_Xiaoye_2_2min_20260129_105714.csv
1.0079131686848617,0.017233225847294153,1.0456576877735848,0.965090669315583,0.08056701845800185,50.809000000000005,8.796400378249878,3.3850054088410357,17.668803015484663,2.8065102885968547,14.862292726887809,4430.2878,0.0,Standing,Standing_Xiaoye_2_2min_20260129_105714.csv
1.0032676421545423,0.02445400108460721,1.0668645649753299,0.931074647920348,0.1357899170549819,50.3566,10.866224264516973,5.976060765989459,19.543451588703565,1.3479243302203576,18.195527258483207,7653.693299999999,0.0,Standing,Standing_Xiaoye_2_2min_20260129_105714.csv
1.0053029164517424,0.027665018315354725,1.0530906893520615,0.9502105029939419,0.10288018635811957,50.569199999999995,19.81548679713285,12.97294512030883,51.463320918883575,1.0879797792238604,50.37534113965972,27879.243800000004,0.0,Standing,Standing_Xiaoye_2_2min_20260129_105714.csv
0.9960455610583012,0.03373426006445082,1.1047624178980746,0.9179869280115049,0.18677548988656967,49.66109999999999,17.02764310269167,8.600437718295652,38.591581983639905,2.600038461253987,35.99154352238592,18121.4404,0.0,Standing,Standing_Xiaoye_2_2min_20260129_105714.csv
1.0072712375821318,0.06220976644042417,1.1849472562101657,0.8642337646724987,0.32071349153766704,50.9194,17.778186820511475,7.286876614216012,37.068005071759664,4.249847056071547,32.81815801568812,18405.0263,0.0,Standing,Standing_Xiaoye_2_2min_20260129_105714.csv
1.0071008113366091,0.020302704282100334,1.0564563407921785,0.9563994981178107,0.10005684267436787,50.7328,12.762269272180827,7.4786826997008715,26.437993494212076,1.8404347312523746,24.5975587629597,10884.379900000002,0.0,Standing,Standing_Xiaoye_2_2min_20260129_105714.csv
1.0094747152053969,0.05406722347285884,1.0914210919713803,0.8750428560933459,0.2163782358780344,51.0952,6.898589170392308,3.36310950900156,19.365735204220883,1.8202747045432455,17.545460499677638,2933.7414000000003,0.0,Standing,Standing_Xiaoye_2_2min_20260129_105714.csv
0.994674367728381,0.02480335280466049,1.0689246933250256,0.9398404119849284,0.1290842813400972,49.49899999999999,12.065255220919973,6.2197183522806965,24.353203074749736,2.8156704352604907,21.537532639489246,9174.0791,0.0,Standing,Standing_Xiaoye_2_2min_20260129_105714.csv
1.005941196846702,0.13871976039889736,1.6876314763596938,0.7107038764492565,0.9769275999104373,51.538799999999995,15.008463664277599,9.422925064624557,41.23247870308066,1.8208239892971534,39.411654713783506,15613.483400000003,0.0,Standing,Standing_Xiaoye_2_2min_20260129_105714.csv
1.0020586614573759,0.013341625755808415,1.051142235855833,0.9726253132630263,0.07851692259280685,50.2148,5.305774992871668,2.919946834331771,12.021938279661894,0.6110646446980875,11.410873634963806,1825.3408,0.0,Standing,Standing_Xiaoye_2_2min_20260129_105714.csv
1.002320786890242,0.008020392868258891,1.0195096860746347,0.985190336940025,0.034319349134609656,50.235499999999995,6.040908451531034,2.4733198956762332,10.337282041233083,2.5184519054371477,7.818830135795935,2124.3770000000004,0.0,Standing,Standing_Xiaoye_2_2min_20260129_105714.csv
1.0160082519754274,0.022251620391272025,1.0807867504739312,0.98254770876533,0.0982390417086012,51.6379,16.8216820311771,4.539209186943257,24.58944895681886,5.350869088288369,19.23857986853049,15158.0659,0.0,Standing,Standing_Xiaoye_2_2min_20260129_105714.csv
0.9949365265949142,0.035128162538251115,1.0656922632730332,0.9087904048789247,0.15690185839410853,49.5554,19.611642621827396,9.151278915513036,32.20098911524303,6.4394409695252275,25.761548145717803,23334.375700000004,0.0,Standing,Standing_Xiaoye_2_2min_20260129_105714.csv
1.0028381273276965,0.042398623123079265,1.1449454135459909,0.942814934120159,0.20213047942583184,50.3723,12.841270095654863,7.789352513661309,30.62484938738475,1.1062549434917794,29.51859444389297,11217.9375,0.0,Standing,Standing_Xiaoye_2_2min_20260129_105714.csv
1.0000735421196487,0.019349375148368087,1.068363234110946,0.9555626614722867,0.11280057263865917,50.02569999999999,10.305166618890302,8.195528706090665,34.3077454811592,1.533166657607711,32.774578823551494,8600.9908,0.0,Standing,Standing_Xiaoye_2_2min_20260129_105714.csv
1.0095886993091476,0.040866360439549415,1.0909170454255448,0.9113725912051557,0.17954445422038912,51.045300000000005,50.98807940652434,17.741241369779743,83.17866853947591,19.69356493883218,63.485103600643725,145412.04270000002,0.0,Standing,Standing_Xiaoye_2_2min_20260129_105714.csv
1.0071671442679266,0.03175710602127957,1.1567194992737004,0.931074647920348,0.22564485135335244,50.768699999999995,65.22828221698356,35.99841491722377,113.46141767138289,1.8950725579776622,111.56634511340523,276234.848,0.0,Standing,Standing_Xiaoye_2_2min_20260129_105714.csv
1.0110076072561043,0.045328934651270976,1.1451637437502113,0.8756711711595855,0.26949257259062587,51.2075,61.86649443754879,36.83088017822545,116.35351004589418,3.2615487118851987,113.09196133400899,257842.32969999997,0.0,Standing,Standing_Xiaoye_2_2min_20260129_105714.csv
1.0007805420438802,0.03417103837506219,1.14564392373896,0.9360555539069249,0.2095883698320351,50.13530000000001,45.36325830025421,20.328287378409463,66.40609158804634,4.637736516879759,61.76835507116658,123139.9843,0.0,Standing,Standing_Xiaoye_2_2min_20260129_105714.csv
1.0081708721135316,0.0346924184777865,1.1637869220780925,0.8921883209278184,0.2715986011502741,50.87939999999999,64.98246467003099,37.83058040371322,132.9638526066389,2.5266776604861967,130.4371749461527,281262.5236,0.0,Standing,Standing_Xiaoye_2_2min_20260129_105714.csv
1.0043923487678554,0.022497386165425202,1.0872902096496593,0.957183368012629,0.13010684163703023,50.465,64.28849480310173,33.138889817221106,120.20428694518345,9.241644875237307,110.96264206994614,260461.6431,0.0,Standing,Standing_Xiaoye_2_2min_20260129_105714.csv
1.001097694681054,0.06391484852137033,1.169144986731757,0.879431634636826,0.2897133520949309,50.309999999999995,32.396382331610205,20.383403859065577,69.0349107336281,1.8548315287378527,67.18007920489025,72834.9539,0.0,Standing,Standing_Xiaoye_2_2min_20260129_105714.csv
1.0191207359346715,0.09501302589523719,1.2839392508993561,0.8021845174272563,0.48175473347209985,52.3727,20.560470504154733,9.056727832299606,44.01414658947734,4.834656140823254,39.179490448654086,25155.839,0.0,Standing,Standing_Xiaoye_2_2min_20260129_105714.csv
1.0105489484391754,0.19528843871147122,1.8547506570965273,0.6912307863514183,1.1635198707451089,52.92920000000001,20.853661970082488,12.581374411371662,66.81467952478707,3.21,63.604679524787066,29500.019,0.0,Standing,Standing_Xiaoye_2_2min_20260129_105714.csv
0.9923865967255496,0.03153945762415261,1.0562196741208714,0.9355746896961247,0.12064498442474669,49.29030000000001,11.861749604098895,8.247966745715473,25.923435343333644,1.9167159413955948,24.00671940193805,10368.473999999998,0.0,Standing,Standing_Xiaoye_2_2min_20260129_105714.csv
1.0034400095290095,0.018130684229616747,1.0551303237041385,0.9554056729996949,0.09972465070444358,50.36070000000001,9.706385473878,5.020773888686531,23.428685409130406,2.159143348645476,21.26954206048493,5945.896299999999,0.0,Standing,Standing_Xiaoye_2_2min_20260129_105714.csv
1.0146890477614903,0.04644654984748441,1.1126095451684748,0.9314504817756015,0.18115906339287324,51.58539999999999,31.60856633652604,10.187855122115616,50.97322826739543,12.061347354255247,38.91188091314018,55040.9005,0.0,Standing,Standing_Xiaoye_2_2min_20260129_105714.csv
1.0207817097188712,0.04401647538739264,1.1076551810017412,0.9374966666607407,0.1701585143410005,52.1947,43.22682500271626,26.593907814410652,82.03066316932956,1.3661991070118586,80.6644640623177,128082.48069999999,0.0,Standing,Standing_Xiaoye_2_2min_20260129_105714.csv
1.0077820028615725,0.019097887165906012,1.0547985589675406,0.9553009996854395,0.09949755928210113,50.7991,40.19320058642698,22.73408487090689,72.22620992409888,2.373710176074577,69.8524997480243,106099.76080000002,0.0,Standing,Standing_Xiaoye_2_2min_20260129_105714.csv
1.0002768626329281,0.014292786864458628,1.0304853225543777,0.9671090941563936,0.06337622839798418,50.03769999999999,15.072460385591958,12.486839272821063,54.55827984825034,2.3733731270072136,52.18490672124313,18999.0897,0.0,Standing,Standing_Xiaoye_2_2min_20260129_105714.csv
0.9998383673861206,0.01793523219061964,1.0498095065296371,0.973139250056229,0.07667025647340808,49.9996,12.2183459751761,7.369815966390705,29.451139196981835,2.3533805472128813,27.097758649768952,10125.7941,0.0,Standing,Standing_Xiaoye_2_2min_20260129_105714.csv
1.0013154198085195,0.01888283027710984,1.0487134975769121,0.9496841580230767,0.09902933955383542,50.1491,11.809125385567945,4.735925186850361,26.876880399332062,3.2169706246716023,23.65990977466046,8071.7925000000005,0.0,Standing,Standing_Xiaoye_2_2min_20260129_105714.csv
1.0012837982068723,0.051850997751009605,1.1759676866308868,0.8665448632355973,0.3094228233952895,50.2602,12.08656214087609,7.870734842047289,37.98114927171109,4.097779886719149,33.88336938499194,10339.7241,0.0,Standing,Standing_Xiaoye_2_2min_20260129_105714.csv
0.9981047432467315,0.010445265912164268,1.0180864403379508,0.9677809669548166,0.05030547338313418,49.815999999999995,6.245509522717802,4.299595472386274,19.426018634810376,0.9976472322419382,18.428371402568438,2856.1589999999997,0.0,Standing,Standing_Xiaoye_2_2min_20260129_105714.csv
1.0038061878638254,0.025973636679162238,1.1165572085656874,0.944351629426243,0.17220557913944445,50.4144,12.928193393368986,5.6302330382453585,24.148345699032884,4.167373273418161,19.980972425614723,9910.185900000002,0.0,Standing,Standing_Xiaoye_2_2min_20260129_105714.csv
1.005976082860161,0.017673937728274462,1.0499999999999998,0.9759098319004681,0.07409016809953173,50.6147,16.120398809242694,6.409328360413334,24.006442885192296,2.430349769066173,21.576093116126124,15006.257899999999,0.0,Standing,Standing_Xiaoye_2_2min_20260129_105714.csv
1.09270077570723,0.3434919937409019,1.8789890899097845,0.7395268757793728,1.1394622141304116,65.4811,26.427859771932127,14.044438723431272,57.23034335035917,5.6092958559876305,51.62104749437154,44586.65529999999,0.0,Standing,Standing_Xiaoye_2_2min_20260129_105714.csv
1.0300034374348555,0.053441927975099494,1.1592238782909883,0.9233092656309694,0.2359146126600189,53.1853,13.818133020585288,8.388892670073371,38.05794792155773,2.9343823881696123,35.12356553338812,12995.342499999999,0.0,Standing,Standing_Xiaoye_2_2min_20260129_105714.csv
1.0209470553168045,0.029573675552064613,1.1113055385446433,0.950105257326787,0.16120028121785634,52.159499999999994,9.154771615694706,4.497811788204659,18.02785344959294,0.9207062506576134,17.107147198935326,5181.777400000001,0.0,Standing,Standing_Xiaoye_2_2min_20260129_105714.csv
1.0118280645217044,0.08819023874823746,1.4007854939283173,0.8286132994346639,0.5721721944936534,51.57089999999999,10.059658303225248,6.092541176060373,21.512633497552084,1.9812117504194247,19.531421747132658,6878.6701,0.0,Standing,Standing_Xiaoye_2_2min_20260129_105714.csv
1.0180548537723197,0.018634911021967557,1.058772874605314,0.9796938297243685,0.07907904488094553,51.8388,35.35049068049737,15.856630450153114,62.20690717275695,2.8091635765828946,59.39774359617405,74803.0633,0.0,Standing,Standing_Xiaoye_2_2min_20260129_105714.csv
1.0063999356367748,0.03532891442118263,1.147606204235582,0.9244457799135652,0.22316042432201666,50.703199999999995,43.86056497091338,21.533567162149957,83.94979511589054,6.804020870044417,77.14577424584613,118908.48919999998,0.0,Standing,Standing_Xiaoye_2_2min_20260129_105714.csv
1.0105961976667859,0.017241539227501164,1.0556514576317317,0.9602603813549739,0.0953910762767578,51.0798,12.778792155982922,10.650476037755565,36.54104130973828,2.14795251344158,34.3930887962967,13723.0758,0.0,Standing,Standing_Xiaoye_2_2min_20260129_105714.csv
0.9979234293175123,0.027420185086531695,1.0699532700076204,0.9408506789071261,0.12910259110049427,49.8294,34.346874182988024,28.31699049820621,87.42710620854382,4.638329440649941,82.78877676789388,98276.13390000002,0.0,Standing,Standing_Xiaoye_2_2min_20260129_105714.csv
1.0012846979531285,0.029570973856269847,1.0723339032223127,0.9246080250571049,0.14772587816520777,50.1714,14.579671332450712,7.456730957269195,33.73555246323973,4.499444410146657,29.23610805309307,13352.879799999999,0.0,Standing,Standing_Xiaoye_2_2min_20260129_105714.csv
1.0015832516145893,0.03802510026481318,1.110180165558726,0.8943153806124547,0.21586478494627126,50.2293,32.25062443357698,14.364223117160163,57.016281885089626,3.7595478451537225,53.25673403993591,62115.353200000005,0.0,Standing,Standing_Xiaoye_2_2min_20260129_105714.csv
1.003909909284036,0.034918184861169335,1.1372774507568504,0.9610931276416453,0.17618432311520504,50.451499999999996,17.47965063741321,8.742832726038497,31.69986435302208,3.9495442775084824,27.750320075513596,19022.3284,0.0,Standing,Standing_Xiaoye_2_2min_20260129_105714.csv
1.009913829448225,0.017322189651078214,1.0579697538209683,0.975602378020882,0.08236737580008624,51.011,7.68968241992316,5.314305134442695,18.618864089949206,1.3253678734600443,17.29349621648916,4340.410900000001,0.0,Standing,Standing_Xiaoye_2_2min_20260129_105714.csv
1.0104491372539663,0.007595717289232118,1.0257680049601858,0.9958413528268446,0.029926652133341225,51.053200000000004,5.897768441721331,1.0435845837813391,7.647705538264402,3.539336095936638,4.108369442327764,1792.5479999999998,0.0,Standing,Standing_Xiaoye_2_2min_20260129_105714.csv
1.0029991760312784,0.028259960869465427,1.057638879769461,0.9268225288586807,0.13081635091078025,50.3395,7.755080869054478,2.3387866892867653,13.664472181537052,5.305186141880414,8.359286039656638,3275.0901999999996,0.0,Standing,Standing_Xiaoye_2_2min_20260129_105714.csv
1.015605896047643,0.06214420288578604,1.2339367893048656,0.9229301165310404,0.3110066727738252,51.76200000000001,5.642092171757114,2.367208794106469,13.587711359901636,1.3629746879527882,12.224736671948849,1866.2404,0.0,Standing,Standing_Xiaoye_2_2min_20260129_105714.csv
1.008098384189818,0.005500259166261243,1.0207350292803712,0.9926731586982697,0.028061870582101522,50.814600000000006,4.460700559122002,1.1954533431982752,7.277533922971435,2.145157336886971,5.132376586084464,1064.9188000000001,0.0,Standing,Standing_Xiaoye_2_2min_20260129_105714.csv
1.0061236321448885,0.006486787165586357,1.0200980345045274,0.9909086738948247,0.029189360609702675,50.61630000000001,5.0659412122845415,2.0215082350978455,8.450846111484932,2.381806037443016,6.069040074041916,1483.4263,0.0,Standing,Standing_Xiaoye_2_2min_20260129_105714.csv
1.0048254047713774,0.008684135549497703,1.0208329931972222,0.9829547293746544,0.03787826382256776,50.4874,4.960314362083579,1.4566523786938579,7.003470568225442,2.404599758795629,4.598870809429813,1334.2059,0.0,Standing,Standing_Xiaoye_2_2min_20260129_105714.csv
1.0028202712841725,0.006348991687456143,1.015332457867865,0.9896464014990406,0.025686056368824484,50.284400000000005,5.514593227645536,1.076367442385043,9.015603141221336,4.233792626003309,4.781810515218027,1577.3067,0.0,Standing,Standing_Xiaoye_2_2min_20260129_105714.csv
1.0058926490212858,0.03608350073716686,1.0811105401391663,0.9192932067626737,0.16181733337649262,50.654799999999994,10.202943692185928,5.4488369863822115,25.71759903256912,3.836482764199521,21.8811162683696,6659.804400000001,0.0,Standing,Standing_Xiaoye_2_2min_20260129_105714.csv
1.0039014858617965,0.03542463521447646,1.1454693361238442,0.9681941953967707,0.1772751407270735,50.452400000000004,8.379342270315096,5.8127192622160395,21.492754593118118,0.6425729530566937,20.850181640061425,5166.2663999999995,0.0,Standing,Standing_Xiaoye_2_2min_20260129_105714.csv
1.0046878450201124,0.02408179236080101,1.0640018796975876,0.9398404119849284,0.12416146771265923,50.4983,13.514471822739145,5.90514073450203,26.490090600071564,2.863441984744933,23.62664861532663,10840.711099999999,0.0,Standing,Standing_Xiaoye_2_2min_20260129_105714.csv
1.0091483061039264,0.040123486525921,1.107113363662457,0.937336652436039,0.16977671122641802,50.997899999999994,33.86464149377222,21.539962303092686,82.33662125688666,5.988238472205327,76.34838278468133,80075.22600000001,0.0,Standing,Standing_Xiaoye_2_2min_20260129_105714.csv
1.0136178314440831,0.03497744866923968,1.1002272492535348,0.9692264957170743,0.13100075353646046,14.399799999999997,11.498279203005293,6.646830101497791,24.967921419293194,5.152688618575743,19.815232800717453,2425.2905,0.0,Standing,Standing_Xiaoye_2_2min_20260129_105714.csv
1.0040954496152035,0.02774387341897081,1.0670988707706517,0.9615092303249095,0.10558964044574215,50.4481,13.084229146406585,4.905219174233689,24.871212274434875,5.084535377003488,19.786676897431388,9738.850199999999,0.0,Standing,Standing_Xiaoye_3_20sek_20260202_095326.csv
0.9845960810308828,0.017858777600238934,1.0234256201600584,0.9334880824091971,0.08993753775086133,48.487100000000005,11.812859909313707,3.7496523325814692,20.553924199529394,4.286012132507326,16.267912067022067,7666.117699999999,0.0,Standing,Standing_Xiaoye_3_20sek_20260202_095326.csv
0.9846474529509658,0.011129726566466592,1.0046890066085128,0.960937042682818,0.0437519639256948,48.4826,6.562120538605809,3.935671251619512,17.105759264060744,2.0849220608934043,15.02083720316734,2912.0572,0.0,Standing,Standing_Xiaoye_3_20sek_20260202_095326.csv
0.9857531011897314,0.018812270605481737,1.0186265262597476,0.9226592003551474,0.09596732590460022,48.6028,8.91253779315688,5.873567396808113,20.326568820142764,2.1452738752895866,18.181294944853178,5662.1074,0.0,Standing,Standing_Xiaoye_3_20sek_20260202_095326.csv
0.9771252437012656,0.021339293108011973,1.0334408546211051,0.9342911751697112,0.09914967945139397,47.761,12.525941322477763,3.6389185971911617,18.443958360395417,5.615166961008372,12.828791399387045,8493.804999999998,0.0,Standing,Standing_Xiaoye_3_20sek_20260202_095326.csv
0.9788447311989035,0.007490960821349042,0.9936297097007516,0.9609890738192605,0.03264063588149113,47.9096,8.196517346437762,3.5835988907437226,15.664242720284948,3.3194276615103395,12.344815058774609,3988.4117,0.0,Standing,Standing_Xiaoye_3_20sek_20260202_095326.csv
0.9860973621301798,0.02938124488375517,1.0630616162763096,0.8429116205154606,0.22014999576084893,48.66170000000001,6.46175321324995,4.654727617697193,22.819750217739017,1.2500399993600204,21.569710218378997,3149.3706999999995,0.0,Standing,Standing_Xiaoye_3_20sek_20260202_095326.csv
0.9854697582535882,0.021931143814092037,1.0226436329435586,0.911756546453054,0.1108870864905046,48.581100000000006,11.638624249468148,5.424619574707331,22.747136083472135,1.6309506430300091,21.116185440442127,8214.777100000001,0.0,Standing,Standing_Xiaoye_3_20sek_20260202_095326.csv
0.9880016580215616,0.012235935142910577,1.014347080638575,0.9618731725128838,0.05247390812569119,48.814699999999995,8.724535317112512,5.387933371977972,19.703692547337415,1.187097300140136,18.51659524719728,5228.3373,0.0,Standing,Standing_Xiaoye_3_20sek_20260202_095326.csv
0.9857073673170487,0.008016947412128383,1.005186549850325,0.9710303805751909,0.034156169275134096,48.5841,4.985920223472514,1.5255930680738212,9.275807242499168,2.7027763503479156,6.573030892151252,1357.0142999999998,0.0,Standing,Standing_Xiaoye_3_20sek_20260202_095326.csv
0.9856708190327496,0.006147548649397589,0.9962429422585637,0.9675742865537508,0.028668655704812918,48.57920000000001,5.759151058879271,1.372814434079905,8.532256442465851,3.716745888542826,4.8155105539230245,1750.7374,0.0,Standing,Standing_Xiaoye_3_20sek_20260202_095326.csv
0.9873294935022696,0.00499706654269827,0.9998999949995,0.9782126558167196,0.02168733918278043,48.742200000000004,5.027750450665115,1.0793882459743933,7.091043646741993,3.1630523233105077,3.9279913234314856,1321.0025999999998,0.0,Standing,Standing_Xiaoye_3_20sek_20260202_095326.csv
0.9871380960347524,0.004987674285623618,0.9976472322419383,0.9759098319004681,0.021737400341470203,48.72330000000001,4.640696100490365,1.7791862686247273,7.415463572832113,1.1998749934889053,6.215588579343208,1231.9127,0.0,Standing,Standing_Xiaoye_3_20sek_20260202_095326.csv
0.9885306734799382,0.005812336396646149,1.0022474744293446,0.9782126558167196,0.02403481861262502,48.8613,4.273834209856998,0.9608707502201201,6.066184962560901,2.1421951358361357,3.9239898267247653,958.5233000000001,0.0,Standing,Standing_Xiaoye_3_20sek_20260202_095326.csv
0.987178462978081,0.005018560676034208,0.9985990186255943,0.9745768312452333,0.024022187380360993,48.7273,5.334357758680354,1.0338274943964842,6.95771514220006,2.782265264132807,4.175449878067253,1475.1398000000002,0.0,Standing,Standing_Xiaoye_3_20sek_20260202_095326.csv
0.9853812521143165,0.004715149447007152,0.9939818911831342,0.972265395866787,0.02171649531634723,48.5499,6.132025495737273,1.4580114076805377,9.246458781609315,3.7656075207063204,5.480851260902995,1984.2509,0.0,Standing,Standing_Xiaoye_3_20sek_20260202_095326.csv
0.9867855165269006,0.004396637717832125,0.9962429422585637,0.9778036612735709,0.018439280984992812,46.7407,3.948464587969776,0.6339325939457022,5.220201145549853,2.581181899828061,2.6390192457217925,767.2257999999999,0.0,Standing,Standing_Xiaoye_3_20sek_20260202_095326.csv
1.0456534059861329,0.25495688821157625,1.461163919620246,0.6606814663663572,0.8004824532538888,57.8547,37.08877604739529,10.272795821288137,61.61701956440282,21.57430416027363,40.04271540412918,73949.8518,0.0,Walking,Walking_Ahmed_1_20sek_20260202_101039.csv
0.9524799039302458,0.08819061341734864,1.0907795377618705,0.7958643100428615,0.294915227719009,45.742000000000004,77.52825867132188,30.38376599625042,107.64771293436753,22.860102799418904,84.78761013494864,345767.03319999995,0.0,Walking,Walking_Ahmed_1_20sek_20260202_101039.csv
1.0362108672223729,0.18486906190945882,1.345399568901373,0.6339558344238185,0.7114437344775544,55.3613,45.966749394882555,15.953067329272772,79.42573512407675,14.133003926978864,65.2927311970979,118117.62000000001,0.0,Walking,Walking_Ahmed_1_20sek_20260202_101039.csv
1.005199494167316,0.21534020763967385,1.4727185746095552,0.6086871117413281,0.8640314628682272,52.793499999999995,41.9077437566053,16.509100929509277,78.04440402745094,12.117792703293782,65.92661132415715,101167.9196,0.0,Walking,Walking_Ahmed_1_20sek_20260202_101039.csv
1.0032176746418984,0.2020110556837695,1.5084760521798148,0.5931273050534767,0.9153487471263382,52.3219,74.70965011142448,35.87819425057754,147.04734475671432,32.45428168978633,114.593063066928,342151.5873,0.0,Walking,Walking_Ahmed_1_20sek_20260202_101039.csv
1.0124121682147145,0.18873261955600168,1.4768886213929608,0.647533782902483,0.8293548384904779,52.9943,45.55701487141307,21.525999135498413,83.28471528437856,5.5980889596361365,77.68662632474243,126477.14349999999,0.0,Walking,Walking_Ahmed_1_20sek_20260202_101039.csv
0.9733752032346008,0.17812720096169604,1.490872227925653,0.5887274411814011,0.9021447867442519,48.9277,42.413794423889556,18.72161602805901,80.05575432159765,10.521031318269136,69.53472300332851,107120.9443,0.0,Walking,Walking_Ahmed_1_20sek_20260202_101039.csv
1.0081438479274842,0.24103091063935803,1.548967397978408,0.5446099521676041,1.004357445810804,53.66439999999999,42.22720765234969,15.85357655795431,78.51637918294502,7.982267848174477,70.53411133477054,101472.3119,0.0,Walking,Walking_Ahmed_1_20sek_20260202_101039.csv
1.0045277776978399,0.20802262394974752,1.6004374402018968,0.5133225107084239,1.087114929493473,52.574200000000005,62.91578861519436,32.99329778767663,130.23363659208783,17.702821808965936,112.5308147831219,251259.1501,0.0,Walking,Walking_Ahmed_1_20sek_20260202_101039.csv
1.0113671250772862,0.1529723808368113,1.3465882815471104,0.6363961030678927,0.7101921784792177,52.2898,44.576233995902896,21.639634242413127,77.62445555364623,8.136614775199819,69.48784077844641,122297.4466,0.0,Walking,Walking_Ahmed_1_20sek_20260202_101039.csv
0.9772333826763725,0.09740990490900878,1.1970380110923797,0.7278736154031138,0.46916439568926593,48.2142,45.89251964732434,13.442856399724755,79.43227681490693,33.48351982692381,45.94875698798312,114160.977,0.0,Walking,Walking_Ahmed_1_20sek_20260202_101039.csv
0.9918772268691256,0.1832572821127721,1.4415616532080757,0.6232976816898969,0.8182639715181789,50.836600000000004,46.04939650731564,24.906932059250245,81.0779803645848,9.471140374843992,71.6068399897408,136424.7539,0.0,Walking,Walking_Ahmed_1_20sek_20260202_101039.csv
1.0073361825576153,0.12751876736727027,1.33285408053545,0.8440971508067067,0.4887569297287434,51.5331,65.6844336748907,16.08777241365494,96.7747591058743,32.117376916554065,64.65738218932023,228404.246,0.0,Walking,Walking_Ahmed_1_20sek_20260202_101039.csv
1.021879350437057,0.2113152013800226,1.4709180806557516,0.5937171043518958,0.8772009763038557,31.533200000000004,39.063263323248584,16.52348847379056,68.8507378319216,7.330607068995037,61.52013076292657,51896.93650000002,0.0,Walking,Walking_Ahmed_1_20sek_20260202_101039.csv
0.9675370352645786,0.028644289088356856,1.0530906893520615,0.9069729874698584,0.14611770188220308,46.8466,11.512708693509886,6.219196461843116,23.425176626868794,1.3163586137523469,22.108818013116448,8522.364899999999,0.0,Walking,Walking_Ahmed_2_20sek_20260202_102356.csv
0.9693269694337512,0.00828240872359511,0.9889893831583836,0.9555626614722867,0.03342672168609684,46.98310000000001,5.242289537646124,1.1745126664098333,9.05325355880415,2.6231469650021517,6.430106593801998,1441.6744999999999,0.0,Walking,Walking_Ahmed_2_20sek_20260202_102356.csv
0.970462567544171,0.0068812815885535665,0.9889893831583836,0.9582275303913993,0.030761852766984288,47.0922,6.047349757603347,1.0743972725201445,8.778188879262055,3.9375753961035462,4.840613483158509,1885.0841,0.0,Walking,Walking_Ahmed_2_20sek_20260202_102356.csv
0.9693968869433843,0.01615219655484273,1.0008496390567367,0.9317725044236925,0.06907713463304421,46.9993,22.102377163757566,20.371869402939353,59.153226454691385,1.8870877033142897,57.2661387513771,44761.3939,0.0,Walking,Walking_Ahmed_2_20sek_20260202_102356.csv
0.9982217851401645,0.14230345440033718,1.3629746879527882,0.7425631286294789,0.6204115593233093,50.81459999999999,40.537725667764455,18.411128391769886,70.77265079110715,8.344015819735723,62.42863497137143,98774.87289999999,0.0,Walking,Walking_Ahmed_2_20sek_20260202_102356.csv
0.9612110995299897,0.16809017908990914,1.325669642105453,0.7003570517957252,0.6253125903097279,47.580799999999996,41.23247593412881,14.069715644164283,70.43980834726909,9.91964213064161,60.52016621662749,94705.74160000001,0.0,Walking,Walking_Ahmed_2_20sek_20260202_102356.csv
1.0138434958768898,0.18194349276441002,1.4438143925034133,0.6839590631024638,0.7598553294009495,53.016000000000005,31.86621390184102,12.68378233205912,59.484916575548795,8.911105430865467,50.573811144683326,58655.8178,0.0,Walking,Walking_Ahmed_2_20sek_20260202_102356.csv
0.938479792271648,0.1886895720212313,1.4497586005952854,0.6794115100585212,0.7703470905367642,45.781800000000004,61.02130669362471,23.128591092433883,106.39921146324346,22.184438239450643,84.21477322379282,212391.6481,0.0,Walking,Walking_Ahmed_2_20sek_20260202_102356.csv
0.994812971411883,0.20525532111887454,1.4391664254004817,0.6524568951279464,0.7867095302725353,51.547000000000004,27.062384725034317,13.375653064133742,46.22515116254353,2.412840649524954,43.81231051301858,45385.13,0.0,Walking,Walking_Ahmed_2_20sek_20260202_102356.csv
0.9933939081495207,0.13844081934398625,1.4376021702821682,0.7526619427073485,0.6849402275748196,50.2807,44.1215335755388,10.095345813011479,65.51436483703402,25.50734992115018,40.00701491588384,102329.37060000001,0.0,Walking,Walking_Ahmed_2_20sek_20260202_102356.csv
0.995907091103572,0.1558815153446506,1.4422551785311781,0.6316644678941502,0.8105907106370279,50.782199999999996,48.69936270661366,13.017826786940365,79.4210639566104,25.1483617756704,54.27270218094,126885.1233,0.0,Walking,Walking_Ahmed_2_20sek_20260202_102356.csv
0.9668341183099439,0.14234833558819027,1.3095800853708794,0.7014271166700073,0.6081529687008721,47.7313,23.893400312369273,11.158693577658337,48.83240317657938,5.230391954720028,43.60201122185936,34646.034600000006,0.0,Walking,Walking_Ahmed_2_20sek_20260202_102356.csv
0.9925782489812796,0.1676622566207441,1.4030680667736688,0.7200000000000001,0.6830680667736687,50.638,26.344707990747192,11.096697011892132,47.84901357394946,9.331993356191377,38.51702021775809,40735.8795,0.0,Walking,Walking_Ahmed_2_20sek_20260202_102356.csv
0.9689774719688802,0.14358620683286685,1.3691603266235843,0.7343704787094864,0.634789847914098,47.956100000000006,29.945494503273245,11.1907269809278,50.63876084581849,7.360074727881504,43.278686117936985,50973.01819999999,0.0,Walking,Walking_Ahmed_2_20sek_20260202_102356.csv
0.9939488408952094,0.11443606932395058,1.2943724348115577,0.7894935085230277,0.50487892628853,50.038399999999996,30.55209177861544,6.247146936643876,45.343825378986274,16.213728750660657,29.130096628325617,48583.831,0.0,Walking,Walking_Ahmed_2_20sek_20260202_102356.csv
0.9644563835954788,0.10066232141899512,1.1216059914247962,0.7731106001084191,0.3484953913163771,45.1247,57.33205114286391,23.768650219957305,102.5551490662463,23.92247896853501,78.6326700977113,184326.86669999998,0.0,Walking,Walking_Ahmed_2_20sek_20260202_102356.csv
0.9708759811259617,0.005328903925029599,0.9811218069128828,0.9588534820294496,0.02226832488343311,47.1314,4.523716304977137,0.738061990707101,5.486082390923417,2.7353975945006606,2.7506847964227563,1049.8925,0.0,Walking,Walking_Ahmed_3_20sek_20260202_102449.csv
0.9734298196402519,0.007026642820966396,0.9913626985114984,0.9576533819707421,0.03370931654075626,47.3807,9.720866364279889,9.351967987138382,32.31235212732122,3.5671557297095964,28.745196397611622,9010.268100000001,0.0,Walking,Walking_Ahmed_3_20sek_20260202_102449.csv
0.9777953246494313,0.04882604580228904,1.0798611021793498,0.8962700485902672,0.18359105358908268,47.92100000000001,43.1757539509221,8.94513838826081,55.8565501978058,28.775270632958435,27.081279564847367,97128.04600000002,0.0,Walking,Walking_Ahmed_3_20sek_20260202_102449.csv
0.9791391996254305,0.12195862361620267,1.3060245020672467,0.7816009211867652,0.5244235808804816,48.664500000000004,31.6310970310589,8.817821738732205,44.610355300086994,12.345416153374499,32.26493914671249,53836.259999999995,0.0,Walking,Walking_Ahmed_3_20sek_20260202_102449.csv
1.005510307631157,0.17183588886355144,1.3429445260322557,0.7282856582413251,0.6146588677909306,51.9994,31.55857196284397,13.860234326213583,66.0150058698778,2.506990227344335,63.508015642533465,59210.3719,0.0,Walking,Walking_Ahmed_3_20sek_20260202_102449.csv
0.9610813629523566,0.16067654726963268,1.2895347998406248,0.7034912934784624,0.5860435063621624,47.4489,35.95251015568591,18.629085047293326,89.60159261977434,8.414612290533652,81.18698032924068,81634.247,0.0,Walking,Walking_Ahmed_3_20sek_20260202_102449.csv
1.0143024485706507,0.16952678081005115,1.3797463535012513,0.6715653356152326,0.7081810178860187,52.848699999999994,47.632579051602605,14.664860363551993,86.37087993068035,16.462141415988384,69.90873851469196,123980.9777,0.0,Walking,Walking_Ahmed_3_20sek_20260202_102449.csv
0.9645549433906265,0.14477907582464425,1.36106575888162,0.7211795892841117,0.6398861695975082,47.5454,36.65972188505468,17.58693860512545,74.32219924087285,15.95171777583844,58.37048146503441,82352.4805,0.0,Walking,Walking_Ahmed_3_20sek_20260202_102449.csv
0.9882647260207534,0.17727768861517812,1.512117720285031,0.6007495318350236,0.9113681884500076,50.3733,77.56135305146944,36.05244086991738,127.22577765531638,7.954338438864667,119.27143921645171,364477.3205,0.0,Walking,Walking_Ahmed_3_20sek_20260202_102449.csv
0.9585083168198792,0.20395029052998992,1.3283448347473634,0.7247758274114832,0.6035690073358803,47.975100000000005,29.083666327500023,6.852167462141154,44.385359072559055,13.609188072769072,30.776170999789983,44593.640100000004,0.0,Walking,Walking_Ahmed_3_20sek_20260202_102449.csv
1.0002417617911012,0.16667338820504213,1.3716413525408164,0.7195832127002408,0.6520581398405756,51.385400000000004,31.47932123856529,13.530817446655117,66.91726981878445,15.167511331790724,51.74975848699373,58518.45130000001,0.0,Walking,Walking_Ahmed_3_20sek_20260202_102449.csv
0.9611249335618475,0.16474117636318023,1.3307516672918356,0.7203471385380801,0.6104045287537555,47.5179,31.290200119791777,11.815625095237534,59.301327135233656,11.214330118201442,48.08699701703222,55794.672,0.0,Walking,Walking_Ahmed_3_20sek_20260202_102449.csv
0.9997728468207372,0.1636080893413191,1.4623611045155707,0.611310068623117,0.8510510358924537,51.2889,92.4459717357766,38.653135018562956,138.38635265083042,25.645654602680743,112.74069804814968,500522.06200000003,0.0,Walking,Walking_Ahmed_3_20sek_20260202_102449.csv
0.9769602464358391,0.07000493338318502,1.1354734695271396,0.8602325267042626,0.2752409428228769,47.9627,95.95942676658919,30.748069603048027,156.9700372682634,40.731409256248426,116.23862801201498,506737.32469999994,0.0,Walking,Walking_Ahmed_3_20sek_20260202_102449.csv
0.9988662928153741,0.16899501585836987,1.3944891537763928,0.7335529974037324,0.6609361563726605,51.2861,33.070233636068366,14.174635627028758,62.904290791646325,8.49273218699377,54.411558604652555,64527.1121,0.0,Walking,Walking_Ahmed_3_20sek_20260202_102449.csv
0.9625706436923511,0.17358099885930084,1.2758134659894447,0.6967065379340143,0.5791069280554304,47.80349999999999,32.62405663074004,11.07082334540526,58.107221582175136,9.52512992037379,48.58209166180134,59222.0469,0.0,Walking,Walking_Ahmed_3_20sek_20260202_102449.csv
1.0088243873218878,0.2037413586471489,1.4173919711921612,0.6694027188471825,0.7479892523449787,48.68339999999999,36.47085179515462,12.544542495931047,74.21581031020277,8.83946265335173,65.37634765685104,68267.10900000001,0.0,Walking,Walking_Ahmed_3_20sek_20260202_102449.csv
0.9658515392223127,0.1298539374973291,1.2306502346320827,0.7529276193632426,0.4777226152688401,47.4697,35.97996488316014,13.874981044538007,61.44173988421878,11.575344487314405,49.86639539690437,74161.1335,0.0,Walking,Walking_Chrysi_1_20sek_20260202_103211.csv
0.9726133788979453,0.1272359819018679,1.382678559897419,0.7608547824650903,0.6218237774323286,48.0921,57.9697331156689,29.074214231193714,123.1797808083778,20.716266555535533,102.46351425284226,209444.6846,0.0,Walking,Walking_Chrysi_1_20sek_20260202_103211.csv
0.9666764465987323,0.1440048454090136,1.34320512208672,0.5706137047074842,0.7725914173792359,47.73929999999999,124.55660143783676,45.32057763758047,187.46304115745053,18.822999229665818,168.64004192778472,876361.1312000001,0.0,Walking,Walking_Chrysi_1_20sek_20260202_103211.csv
0.9697340725978824,0.11184824103752786,1.2304877081872863,0.810246875958186,0.42024083222910025,47.6322,49.965022620382435,33.48796391371681,114.7084678652801,8.845501681645874,105.86296618363423,179775.91689999998,0.0,Walking,Walking_Chrysi_1_20sek_20260202_103211.csv
0.9477960124311262,0.1645548070092558,1.2860404348231045,0.63608175575157,0.6499586790715345,46.242700000000006,28.741598154887487,10.64765757045758,45.57580498466264,7.466518599722363,38.109286384940276,46859.2312,0.0,Walking,Walking_Chrysi_1_20sek_20260202_103211.csv
0.9593465986729557,0.14018975338342302,1.284562182223967,0.7084490101623405,0.5761131720616265,46.98029999999999,25.22370869248414,12.700753785950129,52.63517550079984,4.835638530742346,47.799536970057495,39715.9222,0.0,Walking,Walking_Chrysi_1_20sek_20260202_103211.csv
0.9821147876174511,0.11447548504663282,1.2267844146385296,0.7465922581972037,0.48019215644132596,48.8696,32.343647474572556,11.264106441212077,56.410280091486875,10.79341929140159,45.616860800085284,58522.70120000001,0.0,Walking,Walking_Chrysi_1_20sek_20260202_103211.csv
0.9443526742384791,0.15061109080036092,1.3422741895752894,0.5539855593785817,0.7882886301967077,45.7016,41.60905980586578,37.408162484697314,131.06041431339975,5.534347296655676,125.52606701674407,155134.8533,0.0,Walking,Walking_Chrysi_1_20sek_20260202_103211.csv
0.9557457295127516,0.05142956862265602,1.0778682665335315,0.8584287972802405,0.21943946925329105,45.8021,126.33767300403177,55.49234813887098,192.7903361167255,31.73449070018298,161.05584541654252,948951.0154,0.0,Walking,Walking_Chrysi_1_20sek_20260202_103211.csv
0.9784633896432453,0.18259857591552658,1.3806158046321215,0.6142475071174485,0.7663682975146731,49.5033,40.769029311894506,18.69407640998434,72.49048558259214,7.7403036116162784,64.75018197097586,100229.6437,0.0,Walking,Walking_Chrysi_1_20sek_20260202_103211.csv
0.9421532421854967,0.22950983314347972,1.5775931034332014,0.510098029794274,1.0674950736389275,46.9637,85.84493588733794,38.09170098830569,159.33517722085102,28.58247015217544,130.7527070686756,439565.55740000005,0.0,Walking,Walking_Chrysi_2_20sek_20260202_103257.csv
0.9698768701677379,0.15575640555384584,1.4205984654363106,0.708660708661063,0.7119377567752476,48.2218,79.58184067855582,32.34116430156109,159.7024001071994,19.324230903195087,140.3781692040043,367915.06279999996,0.0,Walking,Walking_Chrysi_2_20sek_20260202_103257.csv
0.9456161177531252,0.1459737110994672,1.3448419981544302,0.6558963332722634,0.6889456648821668,45.7536,25.39331742986441,10.648724744293993,44.988047301477756,8.678571310993533,36.30947599048422,37797.40009999999,0.0,Walking,Walking_Chrysi_2_20sek_20260202_103257.csv
0.9781587559554252,0.13426081892230804,1.1898739429031966,0.573149195236284,0.6167247476669125,48.723,32.80386659789805,18.288630744745813,68.3505918043143,6.657890056166443,61.69270174814786,70193.90989999998,0.0,Walking,Walking_Chrysi_2_20sek_20260202_103257.csv
0.9680195096551476,0.18369292512735655,1.5146286673637204,0.6398437309218556,0.8747849364418647,48.506499999999996,30.48392245198267,13.694372296435295,67.21562169615036,10.609330798876996,56.60629089727337,55652.732200000006,0.0,Walking,Walking_Chrysi_2_20sek_20260202_103257.csv
0.982600815068476,0.24025419834673264,1.5279070652366262,0.5200961449578337,1.0078109202787924,51.10359999999999,42.06529756402365,22.506421823925635,100.82322252338496,13.730560804278898,87.09266171910606,113294.8751,0.0,Walking,Walking_Chrysi_2_20sek_20260202_103257.csv
0.9463492954439847,0.07716276867813342,1.0734989520255713,0.6235382907247958,0.4499606613007755,45.070600000000006,132.99309902478862,41.02295474615235,189.57217016218388,52.24005455586738,137.3321156063165,966819.4774000001,0.0,Walking,Walking_Chrysi_2_20sek_20260202_103257.csv
0.9762246746532512,0.11652005432259592,1.2355160864998884,0.7872102641607259,0.4483058223391625,48.315999999999995,38.42462532034071,20.97824152159078,85.99624701113414,6.623171445765238,79.37307556536891,95386.83580000002,0.0,Walking,Walking_Chrysi_2_20sek_20260202_103257.csv
0.9556041173166673,0.15968965746554226,1.3761903938045783,0.7119691004531025,0.6642212933514758,46.9085,37.41403161357575,16.31271584948611,81.04120927034592,4.9548158391609265,76.08639343118499,83029.6183,0.0,Walking,Walking_Chrysi_2_20sek_20260202_103257.csv
0.994410088891185,0.2122085125389094,1.3852436608770313,0.6004165220911231,0.7848271387859083,29.937600000000003,39.266128075313176,19.580333877588913,71.8826029022322,6.60523277409661,65.27737012813559,55447.9409,0.0,Walking,Walking_Chrysi_2_20sek_20260202_103257.csv
0.9948022110875812,0.13289769279511618,1.267951103158162,0.7609204951898719,0.5070306079682901,50.34700000000001,38.99576198777732,13.51075523926507,78.39087893371268,10.040662328751027,68.35021660496166,84977.9575,0.0,Walking,Walking_Chrysi_3_20sek_20260202_103326.csv
0.9509333904425243,0.12748624152051163,1.2649505919204909,0.7258787777583803,0.5390718141621106,46.0101,33.91713673685227,15.88049630302125,64.17482138658433,10.476397281508563,53.698424105075766,69875.9262,0.0,Walking,Walking_Chrysi_3_20sek_20260202_103326.csv
0.9846668629156397,0.15636550938874244,1.4562280041257276,0.587281874401041,0.8689461297246867,49.6765,123.44470055622897,50.65062741701947,177.9124419482797,19.503217683243964,158.40922426503573,887638.5216,0.0,Walking,Walking_Chrysi_3_20sek_20260202_103326.csv
0.9465941580300068,0.1401074659821561,1.528692251566678,0.6779380502671317,0.8507542012995464,45.7639,66.09763960811472,42.01001178334174,148.59278481810614,15.157080853515296,133.43570396459086,304922.1115,0.0,Walking,Walking_Chrysi_3_20sek_20260202_103326.csv
0.9897870931750085,0.1615849753831045,1.2977673135042351,0.5936328831862332,0.7041344303180019,50.263299999999994,33.39208259448121,14.773266464943697,68.76258502994197,8.559357452519436,60.20322757742254,66445.7797,0.0,Walking,Walking_Chrysi_3_20sek_20260202_103326.csv
0.9840343856056141,0.17836081278271804,1.5190128373387766,0.6393746945258313,0.8796381428129453,49.97500000000001,30.54234395306349,15.57589096782582,60.14913715091847,4.434625125081037,55.714512025837436,58529.5493,0.0,Walking,Walking_Chrysi_3_20sek_20260202_103326.csv
0.9494187130572875,0.13500607430266365,1.1866338946785566,0.7739509028355739,0.41268299184298274,45.9629,27.08188451762291,11.988665096245496,51.79665626273573,5.215141417066271,46.58151484566946,43714.0999,0.0,Walking,Walking_Chrysi_3_20sek_20260202_103326.csv
0.985890172419714,0.1524914448126434,1.3077079184588585,0.6836665854054885,0.62404133305337,49.73839999999999,69.68704983597135,40.20723834669834,157.43670029570615,12.069689308345929,145.36701098736023,322028.72449999995,0.0,Walking,Walking_Chrysi_3_20sek_20260202_103326.csv
0.9949573832251148,0.08396917295026284,1.2043255373859678,0.7677239087067693,0.4366016286791985,49.842499999999994,126.23838468750247,56.0310086478191,200.4820243812397,25.69063837276139,174.79138600847833,950640.7109999999,0.0,Walking,Walking_Chrysi_3_20sek_20260202_103326.csv
0.9548749925571142,0.18348594059761308,1.777104386354386,0.5978294071054049,1.1792749792489812,47.239,34.59006760240666,15.662989043489318,86.60764227249233,5.832203700146283,80.77543857234605,71844.7709,0.0,Walking,Walking_Chrysi_3_20sek_20260202_103326.csv
1.0021911636641976,0.15990708869113607,1.2874004815907132,0.7105631569396206,0.5768373246510926,51.4723,37.557130107235864,16.546303185000458,80.0564432135228,7.158086336444958,72.89835687707784,83942.1284,0.0,Walking,Walking_Chrysi_3_20sek_20260202_103326.csv
0.9849367228677997,0.1761251061222405,1.3781872151489434,0.6278534860936905,0.7503337290552529,50.02499999999999,35.65520647681461,16.072821307771328,71.79430687735622,8.029221631017542,63.76508524633868,76223.1311,0.0,Walking,Walking_Chrysi_3_20sek_20260202_103326.csv
0.9436144702648588,0.12355173875654425,1.2830042868205858,0.7584853327520579,0.5245189540685279,45.2684,39.37280067337477,17.408095499306018,75.61485039329247,16.130089894355827,59.484760498936645,92359.9193,0.0,Walking,Walking_Chrysi_3_20sek_20260202_103326.csv
0.9927342593618382,0.1526590515151074,1.5132085117392116,0.5718391382198319,0.9413693735193797,50.41799999999999,108.57214105020569,60.257321528000396,177.6514505992,6.4023277017034985,171.24912289749648,767311.7857,0.0,Walking,Walking_Chrysi_3_20sek_20260202_103326.csv
0.9488723156502704,0.11580828894452812,1.4150971698084904,0.7308214556237385,0.684275714184752,45.6751,71.95012739078689,46.838110272812024,169.14975731581762,8.812014525634874,160.33774279018274,366337.66169999994,0.0,Walking,Walking_Chrysi_3_20sek_20260202_103326.csv
0.9716546538280879,0.1963577370832843,1.365357096147378,0.5329165037789692,0.8324405923684088,49.0949,40.382226958339736,19.72821898632999,78.49424947090074,3.5222294076337506,74.972020063267,100607.1413,0.0,Walking,Walking_Chrysi_3_20sek_20260202_103326.csv
0.9666542326456309,0.1444468495862561,1.335102992281869,0.7293833011524188,0.6057196911294501,47.7434,26.4402319813413,10.312952069144217,53.12949086900796,8.387085310165862,44.742405558842094,40165.78539999999,0.0,Walking,Walking_Chrysi_3_20sek_20260202_103326.csv
0.986853257824245,0.17868181594288562,1.42541222107852,0.540092584655631,0.885319636422889,50.258399999999995,39.85049990831214,19.659625701214427,75.22263090320624,15.182058490204811,60.04057241300143,98341.6604,0.0,Walking,Walking_Chrysi_3_20sek_20260202_103326.csv
0.943924646030364,0.14087874713925208,1.2510395677195825,0.6621933252457322,0.5888462424738503,43.7005,48.262651942154186,26.257613939540217,98.52611531974657,9.08169037129102,89.44442494845555,144210.3391,0.0,Walking,Walking_Chrysi_3_20sek_20260202_103326.csv
0.9758760753217085,0.03422443354876247,1.0560776486603625,0.8971621926942753,0.15891545596608714,47.6741,20.20683894033862,8.098881759496228,34.449294622676966,11.67927223760111,22.770022385075855,23629.819400000004,0.0,Walking,Walking_Edith_1_35sek_20260202_105555.csv
0.9879802587143857,0.08432812728674471,1.1788977903109326,0.8464632301523795,0.3324345601585531,49.15369999999999,19.789391328512266,11.990763403000585,48.610562638175665,1.1134181604410807,47.49714447773459,26626.142399999997,0.0,Walking,Walking_Edith_1_35sek_20260202_105555.csv
0.978420774625147,0.0960377677723786,1.2091732712891068,0.8278284846512591,0.38134478663784765,48.3173,44.27667748133619,22.991282048161175,108.60390094282985,9.4688383659243,99.13506257690555,123922.56189999999,0.0,Walking,Walking_Edith_1_35sek_20260202_105555.csv
1.022886793032164,0.1641322532953569,1.4387842089764538,0.788606365685695,0.6501778432907588,53.634899999999995,38.76811062191758,22.422959461839735,97.05604720984674,6.969426088280153,90.08662112156658,99784.9865,0.0,Walking,Walking_Edith_1_35sek_20260202_105555.csv
0.9846380091806385,0.1690911808028277,1.5906602402776024,0.7402702209328699,0.8503900193447326,49.876599999999996,23.138587064014438,10.34545688918294,52.70675193938629,6.086517887922453,46.62023405146383,32014.106,0.0,Walking,Walking_Edith_1_35sek_20260202_105555.csv
1.0139931757089273,0.11774167337310243,1.2986146464598343,0.8765842800324449,0.42203036642738934,52.08840000000001,31.05441636194557,24.29963643842685,113.62338579711485,11.325197570020578,102.29818822709427,77151.98300000001,0.0,Walking,Walking_Edith_1_35sek_20260202_105555.csv
0.9818996406183578,0.1096613328013825,1.270196835140129,0.7978721702127478,0.4723246649273811,48.79559999999999,25.265012101320124,15.477156686620166,71.48918309786453,4.8580448742266675,66.63113822363786,43653.6184,0.0,Walking,Walking_Edith_1_35sek_20260202_105555.csv
1.0024549882375071,0.20012750159748785,1.6080733814101893,0.6024118192731613,1.005661562137028,52.208299999999994,54.858011077923464,20.199117796820303,116.63670520037849,20.513639365066357,96.12306583531213,170462.28259999998,0.0,Walking,Walking_Edith_1_35sek_20260202_105555.csv
0.9882295673939356,0.10719199886563893,1.210413152605341,0.7718160402582988,0.43859711234704224,49.3929,41.19765235906918,14.526881770734555,93.41377468018301,14.750135592597108,78.6636390875859,95202.8124,0.0,Walking,Walking_Edith_1_35sek_20260202_105555.csv
1.0142229700607774,0.1497472939386026,1.3441354098453029,0.7545859791965394,0.5895494306487635,52.531200000000005,25.998834142222623,13.893414430438533,67.93115559152517,4.83572124920368,63.09543434232149,43255.290100000006,0.0,Walking,Walking_Edith_1_35sek_20260202_105555.csv
1.0085904168050326,0.16679258514159104,1.3530705820466278,0.740472821918536,0.6125977601280918,52.225899999999996,35.89998199555505,17.71957929888325,73.98023181904745,5.5849529989069735,68.39527882014048,79825.62640000001,0.0,Walking,Walking_Edith_1_35sek_20260202_105555.csv
0.9921234182725552,0.14893199007785793,1.3189768762188365,0.6860029154456998,0.6329739607731367,50.3023,96.42692105183764,35.70764999014994,189.7530632163813,49.500530300189716,140.25253291619157,527384.3323,0.0,Walking,Walking_Edith_1_35sek_20260202_105555.csv
1.018579837376197,0.11748692888946376,1.3655035701161677,0.76249590162833,0.6030076684878377,52.5516,132.19927234921167,82.96375638684195,265.9599590163903,13.03167679157214,252.92828222481816,1211098.6393,0.0,Walking,Walking_Edith_1_35sek_20260202_105555.csv
1.0080279938568066,0.12507778641351192,1.2493998559308386,0.7867655305108378,0.4626343254200008,51.57260000000001,55.48471864708387,25.33119063594599,104.27056823476124,12.546278332637133,91.72428990212411,185369.49189999996,0.0,Walking,Walking_Edith_1_35sek_20260202_105555.csv
1.027864538169128,0.5094680010123054,2.3542514733987105,0.22825424421026658,2.125997229188444,65.5436,74.89842731350628,37.18301148131784,152.16325804871556,7.461273349770802,144.70198469894476,348234.96150000003,0.0,Walking,Walking_Edith_1_35sek_20260202_105555.csv
1.0704719565224996,0.6084069112795703,2.6133694725392353,0.30495901363953815,2.308410458899697,75.4333,101.05200426496975,44.289993019483006,190.92825092164858,17.458900309011447,173.46935061263713,606693.9489,0.0,Walking,Walking_Edith_1_35sek_20260202_105555.csv
0.9864382655740052,0.5136400194722146,2.3571168829737736,0.3449637662132068,2.012153116760567,61.5805,104.89223085034861,50.62730852622292,232.2891428801613,44.90447861850753,187.38466426165377,675712.0987,0.0,Walking,Walking_Edith_1_35sek_20260202_105555.csv
0.9961069617112538,0.16013680640529937,1.4564683312726028,0.7249827584156744,0.7314855728569284,50.86800000000001,86.30390381694873,45.510645939510546,200.90194673023953,25.391407995619307,175.5105387346202,473907.9165,0.0,Walking,Walking_Edith_1_35sek_20260202_105555.csv
1.0001697622360088,0.22218407221877967,1.579271984174987,0.5657738063926254,1.0134981777823615,52.4359,33.662172425274264,15.055468313333229,64.6159190911961,2.136258411335108,62.479660679861,67763.78180000001,0.0,Walking,Walking_Edith_1_35sek_20260202_105555.csv
0.9943174858663677,0.1962992751096063,1.3771710133458372,0.6818357573492314,0.6953352559966058,51.32150000000001,38.359000048853424,21.695790460976397,86.75247892711769,6.316525943903025,80.43595298321466,96635.3031,0.0,Walking,Walking_Edith_1_35sek_20260202_105555.csv
1.0232602429284208,0.17665391982593143,1.3206816421833083,0.7663550091178369,0.5543266330654714,53.8822,32.22501009759358,17.821551794878648,84.98050599990565,4.769842764704095,80.21066323520155,67485.34150000001,0.0,Walking,Walking_Edith_1_35sek_20260202_105555.csv
0.9896826522248662,0.19639154945958634,1.4933519344079613,0.7050531894828929,0.7882987449250685,50.863499999999995,31.944917650198033,12.522894068019713,69.356021368011,7.3610732913074575,61.994948076703544,58708.2091,0.0,Walking,Walking_Edith_1_35sek_20260202_105555.csv
1.0010944040423433,0.1378552708796125,1.380217374184226,0.7491328320131218,0.6310845421711043,51.040699999999994,50.452281678213154,16.371308260036503,90.59724830258367,17.03686297415108,73.56038532843259,140404.6033,0.0,Walking,Walking_Edith_1_35sek_20260202_105555.csv
1.0182619119128382,0.17183487193188748,1.630245380303223,0.6810286337592568,0.9492167465439663,53.289699999999996,116.01636150571717,64.91629804613822,208.29166690004666,22.771883980031166,185.5197829200155,879481.9687,0.0,Walking,Walking_Edith_1_35sek_20260202_105555.csv
0.9890685074362362,0.1361102779106505,1.3154847015454036,0.6585590330410782,0.6569256685043254,49.8206,84.74310952845424,27.173208996956006,148.32860310809914,22.871160880025307,125.45744222807383,395250.51170000003,0.0,Walking,Walking_Edith_1_35sek_20260202_105555.csv
0.9946203541514563,0.16600452141504,1.4978985279383914,0.6865857557508749,0.8113127721875165,50.8138,50.49324235491379,24.011570350603474,113.01548301007257,10.57491843940179,102.44056457067079,155729.5962,0.0,Walking,Walking_Edith_1_35sek_20260202_105555.csv
1.0122851400367088,0.1506057050603653,1.3996428115772968,0.8144323176298937,0.5852104939474031,26.162399999999998,40.67988513112871,8.358191947012068,54.54042995796788,24.588668121718182,29.9517618362497,43047.9513,0.0,Walking,Walking_Edith_1_35sek_20260202_105555.csv
0.9983611826909413,0.1132675579755291,1.2626955294131676,0.8129575634681062,0.44973796594506144,50.46489999999999,40.905944491560916,19.239054170113153,84.4697040364177,5.910067681507548,78.55963635491015,101801.7338,0.0,Walking,Walking_Edith_2_35sek_20260202_105841.csv
1.0004803974607452,0.11483339438556844,1.327629466379833,0.8144937077718895,0.5131357586079435,50.6942,89.16758050397534,31.07878486099145,136.80331026696686,37.38582752862373,99.41748273834312,444871.5232,0.0,Walking,Walking_Edith_2_35sek_20260202_105841.csv
1.005356273259324,0.11529360841322689,1.3194316958448435,0.8038034585643434,0.5156282372805001,51.188399999999994,89.20247743514457,36.84133353400491,162.6167276143509,18.09768217203518,144.51904544231573,464361.00800000003,0.0,Walking,Walking_Edith_2_35sek_20260202_105841.csv
0.9891558050888376,0.12016482413009943,1.2969579792730372,0.8266196223173026,0.47033835695573467,49.629000000000005,48.60830487927603,22.44129104209628,110.20216558670705,5.337049746817056,104.86511583989,142815.3308,0.0,Walking,Walking_Edith_2_35sek_20260202_105841.csv
1.0279162365069603,0.12762433203713747,1.2744018204632321,0.7580237463298891,0.516378074133343,53.6287,35.31671681058186,18.390223493031204,69.83681407395385,5.516393749543265,64.32042032441058,78935.34000000001,0.0,Walking,Walking_Edith_2_35sek_20260202_105841.csv
1.0028219402497032,0.13787067348040077,1.2956851469396413,0.818413098624405,0.4772720483152363,51.21399999999999,25.211276943865485,15.94319626046518,73.95893793180105,1.9497179283168118,72.00922000348423,44235.5141,0.0,Walking,Walking_Edith_2_35sek_20260202_105841.csv
0.9781077429000624,0.1358617367367577,1.4032106042928838,0.7841555968046138,0.61905500748827,48.73919999999999,28.30848614999625,18.63316058436478,73.9266650133766,1.0917875251164944,72.8348774882601,57081.0584,0.0,Walking,Walking_Edith_2_35sek_20260202_105841.csv
1.0222663533159073,0.12467714582888789,1.4562280041257276,0.791580697086532,0.6646473070391956,53.0131,38.295035789999424,19.00119501727063,86.66476273549708,7.52744976735149,79.1373129681456,91016.7135,0.0,Walking,Walking_Edith_2_35sek_20260202_105841.csv
0.9885222964815454,0.12537156758217463,1.3479243302203576,0.7958014827832378,0.5521228474371198,49.629000000000005,66.56086920293322,33.46214899337934,131.86653062851087,7.795280623556794,124.07125000495408,276383.5208,0.0,Walking,Walking_Edith_2_35sek_20260202_105841.csv
1.019043833685936,0.13038273731779026,1.4150971698084907,0.8514693182963201,0.5636278515121705,52.755500000000005,120.12187500546803,47.88535263640622,193.93389956374313,27.11957226801337,166.81432729572975,833820.5856,0.0,Walking,Walking_Edith_2_35sek_20260202_105841.csv
1.0058348816045577,0.10746708536231295,1.4023551618616448,0.790253124005214,0.6121020378564308,51.15110000000001,46.21638425641391,33.57617747967188,140.118911286093,6.507764593161004,133.611146692932,162038.3337,0.0,Walking,Walking_Edith_2_35sek_20260202_105841.csv
0.9899429005181042,0.10528413312343883,1.2782800945019837,0.8251666498350501,0.4531134446669336,49.5425,28.843308702968685,18.256359503238336,82.34096307428035,6.272367973899491,76.06859510038086,57928.261300000006,0.0,Walking,Walking_Edith_2_35sek_20260202_105841.csv
1.0042562300431004,0.17939644963730028,1.5617298101784445,0.7572318007057021,0.8044980094727424,52.0035,35.8450703699608,15.63874421378659,62.23144944479439,8.903145511559382,53.32830393323501,76227.3992,0.0,Walking,Walking_Edith_2_35sek_20260202_105841.csv
0.9897581796006282,0.18423240068703678,1.3656500283747663,0.7559100475585703,0.6097399808161961,50.6442,31.666626555579363,19.768638598296985,92.68389612009197,5.7235915298001485,86.96030459029183,69287.91639999999,0.0,Walking,Walking_Edith_2_35sek_20260202_105841.csv
1.0193777130797712,0.21050735135802498,1.5417846801677595,0.6469157595854347,0.8948689205823248,54.1279,33.58424431908386,19.29167774244772,81.65074096418232,5.9492016271093044,75.70153933707302,74631.34599999999,0.0,Walking,Walking_Edith_2_35sek_20260202_105841.csv
1.0204886447184731,0.12676076615973092,1.3385813385820078,0.8126499861564018,0.525931352425606,52.857200000000006,67.68690120586858,44.67557492688756,151.11014029508408,14.181921590532083,136.928218704552,326875.27249999996,0.0,Walking,Walking_Edith_2_35sek_20260202_105841.csv
0.9823451615037488,0.11349720696992044,1.3042239071570494,0.8052949770115296,0.49892893014551976,48.8813,56.7156335154467,19.793274134431506,107.79110770374335,21.74539261544845,86.0457150882949,180030.0656,0.0,Walking,Walking_Edith_2_35sek_20260202_105841.csv
1.0071208978186343,0.14538301692141137,1.3383572019457288,0.7946068210127571,0.5437503809329717,51.7503,94.02539697475281,40.40612862360224,174.87668969877032,12.398040167703925,162.4786495310664,522038.8701,0.0,Walking,Walking_Edith_2_35sek_20260202_105841.csv
0.9908127222003665,0.17006646217593918,1.3717507062145073,0.7334166619323561,0.6383340442821512,50.502700000000004,29.462287417704783,13.693842952685376,74.14407798334268,6.1519265275196515,67.99215145582303,52589.8644,0.0,Walking,Walking_Edith_2_35sek_20260202_105841.csv
1.0095434086662414,0.19488381158763515,1.495894381298359,0.685054742338158,0.810839638960201,52.819900000000004,49.90263000176186,22.738132740346348,110.06043294481447,8.264127298148304,101.79630564666616,149847.73539999998,0.0,Walking,Walking_Edith_2_35sek_20260202_105841.csv
1.0240184179127672,0.19458034323880674,1.4059160714637273,0.7269800547470336,0.6789360167166937,54.28589999999999,38.571254290991824,23.27946244776242,109.1420249033341,8.021801543294375,101.12022336003973,100941.8181,0.0,Walking,Walking_Edith_2_35sek_20260202_105841.csv
1.0075947753839616,0.16873106430099638,1.3710579856446627,0.7585512507405152,0.6125067349041475,52.157399999999996,55.21584727971946,39.16742770521915,138.4586039218943,6.749518501345114,131.7090854205492,227609.77180000002,0.0,Walking,Walking_Edith_2_35sek_20260202_105841.csv
0.9846772580542265,0.10291019202817522,1.4129755836531643,0.8295179322956195,0.5834576513575448,48.9984,99.4809644218745,37.59767108633278,178.02091646770052,23.50948957336165,154.51142689433885,564088.7728,0.0,Walking,Walking_Edith_2_35sek_20260202_105841.csv
1.004912026244172,0.06298541708312648,1.1816090724093142,0.9336487562247378,0.24796031618457648,50.6868,89.56761271924803,44.102227462081096,153.15594830106994,8.281340471203922,144.87460782986602,496423.1793,0.0,Walking,Walking_Edith_2_35sek_20260202_105841.csv
0.9835701604781519,0.09199456182342597,1.1946966142079753,0.8023714850367004,0.39232512917127493,48.785199999999996,22.584069436269385,11.972136686258304,57.91469675306951,10.527554321873623,47.38714243119588,32525.2804,0.0,Walking,Walking_Edith_2_35sek_20260202_105841.csv
1.0015366577992695,0.06910745171041424,1.1301327355669333,0.8552192701290121,0.27491346543792117,50.3878,26.37459351598479,12.143445988519678,59.357494050877854,7.750490307070901,51.607003743806956,42006.6599,0.0,Walking,Walking_Edith_2_35sek_20260202_105841.csv
1.033706815403368,0.1391234211587887,1.324537655183876,0.802807573457052,0.5217300817268239,54.3759,54.83941124662022,27.123629394960528,144.9320727099423,20.928741003701106,124.0033317062412,186416.9236,0.0,Walking,Walking_Edith_2_35sek_20260202_105841.csv
1.0145816606023599,0.1885823967842585,1.410319112825179,0.6889121859859935,0.7214069268391856,53.2114,41.82096255493616,21.36319763620367,100.4838345207825,2.9487963646206565,97.53503815616183,109812.56989999999,0.0,Walking,Walking_Edith_2_35sek_20260202_105841.csv
1.0067752715333707,0.2087903758555598,1.344730456262518,0.7229799443968,0.621750511865718,52.8159,32.57931299676801,18.02133725866178,75.64563173111848,5.162973949188587,70.4826577819299,68984.243,0.0,Walking,Walking_Edith_2_35sek_20260202_105841.csv
0.9887033866491189,0.19909389956870197,1.3737903770226374,0.5844655678480983,0.7893248091745391,50.818999999999996,53.48173407117451,26.263610402370876,120.6736172491734,6.479529303892375,114.19408794528103,176813.8783,0.0,Walking,Walking_Edith_2_35sek_20260202_105841.csv
1.0301327640584232,0.12712876492268935,1.3073255141700555,0.7654410493303844,0.5418844648396711,53.8506,110.38597493093238,47.58959994586762,174.7849063849622,20.50360456114973,154.28130182381247,720226.9041999999,0.0,Walking,Walking_Edith_2_35sek_20260202_105841.csv
0.9770433459996858,0.1528781695742932,1.4629080627298492,0.8067217612039482,0.656186301525901,48.8759,58.324501433243334,24.894463743268194,117.61573576694573,16.602090229847562,101.01364553709817,200454.3553,0.0,Walking,Walking_Edith_2_35sek_20260202_105841.csv
1.0377754798215824,0.14655936138394576,1.3275918047351754,0.7908223567907018,0.5367694479444736,54.9014,29.52431235516743,18.631261526692935,99.18852605014354,4.467639197607614,94.72088685253593,60593.322400000005,0.0,Walking,Walking_Edith_2_35sek_20260202_105841.csv
0.983440512709317,0.18004749362671202,1.3506294828708576,0.6536818798161687,0.696947603054689,49.946200000000005,28.69411151889838,20.299285001508625,91.99034460202876,7.895973657504184,84.09437094452457,61358.5894,0.0,Walking,Walking_Edith_2_35sek_20260202_105841.csv
1.0221441965565183,0.357467340374642,1.912197688524908,0.47707441767506253,1.4351232708498454,58.5003,50.49991082860139,26.534440967398492,96.6122813104007,10.854349358667243,85.75793195173347,162011.801,0.0,Walking,Walking_Edith_2_35sek_20260202_105841.csv
1.0504201585269675,0.15143359344833004,1.3830762813380901,0.8048602363143553,0.5782160450237348,56.29279999999999,155.3891107835144,56.01580292611941,225.11184886629135,37.732777528297596,187.37907133799376,1361039.5262000002,0.0,Walking,Walking_Edith_2_35sek_20260202_105841.csv
1.0425624196092118,0.13508727797992698,1.3690142438996022,0.8156592425762121,0.5533550013233901,55.241,63.8208958346389,27.004883248204514,146.57396801615215,32.266845213004636,114.30712280314751,239389.2595,0.0,Walking,Walking_Edith_2_35sek_20260202_105841.csv
1.0258476456670904,0.21327047089171872,1.4404860290887933,0.7209022125087423,0.719583816580051,54.846900000000005,60.49603589139283,32.2509504594527,136.67856232782083,13.125002857142546,123.55355947067828,233954.58439999996,0.0,Walking,Walking_Edith_2_35sek_20260202_105841.csv
1.0199905055593355,0.2639083603400833,1.4758726232300674,0.38678159211627433,1.0890910311137931,33.2312,29.256492696766372,10.12471226074185,60.55119569422226,10.57146158296004,49.97973411126222,28651.0551,0.0,Walking,Walking_Edith_2_35sek_20260202_105841.csv
0.9985384973244896,0.11832534429702891,1.3125928538583471,0.8065977932030313,0.5059950606553159,50.540000000000006,120.85713571054929,49.76542509144796,205.65236565622095,61.21926902536488,144.43309663085608,851675.6418000001,0.0,Walking,Walking_Edith_3_35sek_20260202_105944.csv
1.0125235588719732,0.12874608267959337,1.377896948251211,0.7037755323965164,0.6741214158546945,52.0724,49.449279627153516,15.732457556624759,75.85553704245986,16.11279305396802,59.74274398849184,134389.56359999996,0.0,Walking,Walking_Edith_3_35sek_20260202_105944.csv
1.0110498631522713,0.18236030219347338,1.4852945835759317,0.7742738533619743,0.7110207302139574,52.7406,36.31366095057278,15.92916175609637,83.34980623852704,7.337744885181006,76.01206135334603,78367.27010000001,0.0,Walking,Walking_Edith_3_35sek_20260202_105944.csv
0.9940674271122215,0.2078066957792799,1.4993665329064807,0.5948949487094339,0.9044715841970468,51.5245,34.02761105496528,16.6087415479972,81.02669745213612,10.382706776173542,70.64399067596258,71410.58020000001,0.0,Walking,Walking_Edith_3_35sek_20260202_105944.csv
1.0357811533237908,0.18683563227879696,1.4395138068111748,0.7705841939723393,0.6689296128388355,55.352599999999995,43.645319701751106,27.087736703653665,104.59422689613419,7.456312761680534,97.13791413445365,131199.22509999998,0.0,Walking,Walking_Edith_3_35sek_20260202_105944.csv
1.0089081372069573,0.21813768980124446,1.5990622251807463,0.6516133823057964,0.9474488428749499,53.226400000000005,87.16723128744003,23.33488331377049,132.1220818031566,29.122144495211884,102.9999373079447,406587.63269999996,0.0,Walking,Walking_Edith_3_35sek_20260202_105944.csv
0.9959973496951068,0.11200072612885567,1.263368513142543,0.7925276020429824,0.4708409110995605,50.215199999999996,114.91341047861424,36.30163922443627,188.43834774270337,54.401045026727196,134.03730271597618,724827.2368999999,0.0,Walking,Walking_Edith_3_35sek_20260202_105944.csv
1.0062453528274324,0.15051032208550288,1.388128236151113,0.7821125238736433,0.6060157122774696,51.73650000000001,50.7278450702963,30.28492270737788,113.00461362263047,15.448611588100725,97.55600203452974,173607.3639,0.0,Walking,Walking_Edith_3_35sek_20260202_105944.csv
1.0242073341351183,0.18179753456892855,1.4897650821522164,0.7123903424387504,0.7773747397134659,54.069500000000005,31.686609154201523,13.444366026934702,69.30148699703346,11.654981767467508,57.64650522956596,59058.857899999995,0.0,Walking,Walking_Edith_3_35sek_20260202_105944.csv
0.9720398912490893,0.187770077109243,1.3478130434151467,0.7267736924242649,0.6210393509908818,48.970699999999994,31.668724292489532,17.20693238578163,59.48279246975549,6.145478012327438,53.33731445742805,64653.2525,0.0,Walking,Walking_Edith_3_35sek_20260202_105944.csv
1.0248185377198695,0.19992081275638082,1.4235167719419395,0.7129516112612413,0.7105651606806982,54.4711,72.90252708433677,26.685192269243117,137.9656341267636,18.14594720591901,119.81968692084459,300631.7976,0.0,Walking,Walking_Edith_3_35sek_20260202_105944.csv
1.0315011181206974,0.18327364205803012,1.5814234094637654,0.7083784299369935,0.8730449795267718,54.845600000000005,103.10668852250956,47.361389250710786,178.8364744675985,34.711741529344216,144.12473293825428,641461.4193000001,0.0,Walking,Walking_Edith_3_35sek_20260202_105944.csv
1.0395842309472245,0.173483595548267,1.5142654985173505,0.7947955712005447,0.7194699273168058,55.511500000000005,46.98070373949446,17.369992660985954,86.93964170618602,5.173751057018496,81.76589064916753,125143.44179999999,0.0,Walking,Walking_Edith_3_35sek_20260202_105944.csv
1.0118951326861108,0.19055836442198387,1.5342424840943496,0.7492663077971677,0.7849761762971819,52.9759,38.16445974753865,11.999317420149026,59.7792413802651,11.603874352990902,48.1753670272742,79881.49669999999,0.0,Walking,Walking_Edith_3_35sek_20260202_105944.csv
0.9833684610282818,0.13941740973645045,1.2509996003196804,0.6445153217728807,0.6064842785467996,49.3031,41.47683807537442,24.41125353713439,88.5592169116236,10.685218762383856,77.87399814923974,115215.9605,0.0,Walking,Walking_Edith_3_35sek_20260202_105944.csv
1.0287757853031574,0.16709518115485883,1.3979270367225893,0.7521303078589507,0.6457967288636386,54.2871,39.47008684195483,24.75179796991346,96.8817444103893,5.495043220940123,91.38670118944918,107914.3114,0.0,Walking,Walking_Edith_3_35sek_20260202_105944.csv
0.9846207795226882,0.06733953361801301,1.1873078791956195,0.8065977932030313,0.38071008599258827,48.696099999999994,136.91369860136754,19.623964922499095,164.8588356746462,99.61015610870209,65.24867956594412,956137.9432,0.0,Walking,Walking_Edith_3_35sek_20260202_105944.csv
1.0188308120541836,0.16160475975831687,1.4273401836983362,0.7511324783285569,0.6762077053697793,53.180499999999995,58.08230853882491,26.75053397904471,107.06067672119394,6.594148921581921,100.46652779961202,203741.69060000003,0.0,Walking,Walking_Edith_3_35sek_20260202_105944.csv
1.016733105512766,0.15892429257279111,1.3645145656972664,0.7475961476626267,0.6169184180346396,52.9249,38.398023959808185,23.826672842785655,111.09993789377204,2.4726099571100977,108.62732793666194,101538.21879999999,0.0,Walking,Walking_Edith_3_35sek_20260202_105944.csv
0.9802547328652005,0.17000797909058138,1.4353048456686823,0.73287106642301,0.7024337792456723,49.461200000000005,28.085324520121386,14.163607022118642,78.49552726111216,6.10372017707234,72.39180708403981,49269.0531,0.0,Walking,Walking_Edith_3_35sek_20260202_105944.csv
1.0459629396517993,0.20304701595625882,1.5654392354863218,0.6278534860936905,0.9375857493926313,56.7221,111.8079175009847,66.46844503829759,214.88707057429028,11.64027920627336,203.24679136801691,841535.1759,0.0,Walking,Walking_Edith_3_35sek_20260202_105944.csv
0.9945390294375894,0.13196365812855662,1.3324788928909905,0.7233947746562731,0.6090841182347174,50.3087,45.149096043834945,35.63234955945383,142.83133584756533,11.053533371732316,131.777802475833,164135.5961,0.0,Walking,Walking_Edith_3_35sek_20260202_105944.csv
0.993815425244576,0.19240926975511377,1.5169047432189011,0.5755866572463264,0.9413180859725747,51.1975,47.94070221267837,31.608912288733258,102.19159163062292,9.661128298495989,92.53046333212694,163872.58990000002,0.0,Walking,Walking_Edith_3_35sek_20260202_105944.csv
1.0095089422484902,0.11192971336975485,1.337834070428766,0.8286132994346639,0.509220770994102,51.569300000000005,89.84337753250665,49.257824381590694,192.00705690156286,12.33673376546645,179.6703231360964,522481.9542,0.0,Walking,Walking_Edith_3_35sek_20260202_105944.csv
0.9999235361716359,0.0464332064720624,1.1005907504608605,0.8722958213817146,0.22829492907914595,50.098,69.56110460734347,32.90834342760517,131.40511177271605,14.150978764735674,117.25413300798039,295002.35799999995,0.0,Walking,Walking_Edith_3_35sek_20260202_105944.csv
0.9889599392651527,0.08891774764115937,1.243945336419571,0.8367197858303579,0.40722555058921306,49.2895,61.42450197240954,11.682058345392706,80.16433995237534,33.45626548196914,46.7080744704062,195335.526,0.0,Walking,Walking_Edith_3_35sek_20260202_105944.csv
1.0296190762549353,0.10873370303380177,1.2216791722870617,0.8364807230295268,0.3851984492575349,53.5851,36.728627587271404,10.302024843349283,53.62121688287203,15.472937665485505,38.14827921738652,72650.05829999999,0.0,Walking,Walking_Edith_3_35sek_20260202_105944.csv
0.9957077605113216,0.15236253643098194,1.4094679847375038,0.70164093381159,0.7078270509259138,50.7092,34.77788873030292,14.491794281334519,75.23207693530733,13.4668964501848,61.765180485122535,70765.67020000001,0.0,Walking,Walking_Edith_3_35sek_20260202_105944.csv
0.9894806164530777,0.10189084627547115,1.2602777471652826,0.8284926070883192,0.43178514007696345,49.4623,139.75370889496173,46.63585464939918,206.1051416146623,38.60706930084178,167.49807231382053,1083125.2015,0.0,Walking,Walking_Edith_3_35sek_20260202_105944.csv
1.027996623688823,0.14704206563325495,1.4195069566578389,0.7712976079309465,0.6482093487268924,53.8983,80.00178995273744,43.66398446249379,170.02794505609953,19.778842231030612,150.24910282506892,413434.95320000005,0.0,Walking,Walking_Edith_3_35sek_20260202_105944.csv
0.9805275506158232,0.1293142134466309,1.2714558584551805,0.8130805618141416,0.45837529664103893,48.89110000000001,26.238674522452637,14.625858052791395,75.45332199446226,8.266323245554823,67.18699874890743,44905.2725,0.0,Walking,Walking_Edith_3_35sek_20260202_105944.csv
1.0150307843588608,0.1400819978668317,1.278006259765577,0.7839642849007855,0.4940419748647915,52.4759,36.91530526397083,21.708866364799945,102.54517492305526,9.81360789923869,92.73156702381657,91229.45720000002,0.0,Walking,Walking_Edith_3_35sek_20260202_105944.csv
0.9966683326710225,0.11499882275690168,1.2495599225327292,0.7524626236564843,0.4970972988762449,50.315400000000004,47.74977434220308,26.984669726979575,94.8432359211768,15.997924865431767,78.84531105574503,149682.4951,0.0,Walking,Walking_Edith_3_35sek_20260202_105944.csv
1.009495486652542,0.10933408093184763,1.4004642087536547,0.7469270379361025,0.6535371708175522,51.53979999999999,80.89525509786522,15.001146576971653,108.61641956905044,50.2661934106811,58.35022615836934,338228.8004,0.0,Walking,Walking_Edith_3_35sek_20260202_105944.csv
0.9903359978759783,0.10588119695374336,1.4316424134538626,0.7567033764957045,0.674939036958158,49.58760000000001,55.2475696270945,28.770060087672956,94.41384750130672,2.296845663077953,92.11700183822876,193172.799,0.0,Walking,Walking_Edith_3_35sek_20260202_105944.csv
0.9822335504048256,0.051401306851596,1.1545128842936314,0.8398809439438426,0.3146319403497888,48.368599999999994,43.208380631658855,33.20312127554361,102.40374749002108,3.0091194725367747,99.3946280174843,147368.12370000003,0.0,Walking,Walking_Edith_3_35sek_20260202_105944.csv
0.9801987969476214,0.007069136668456103,0.9934284070832684,0.9710303805751909,0.02239802650807754,27.8643,2.0735707185519003,0.7670777055944318,3.2175922675193016,0.8714929718592113,2.3460992956600903,141.16660000000002,0.0,Walking,Walking_Edith_3_35sek_20260202_105944.csv
0.9406767362077997,0.019724582131105662,0.9972963451251589,0.9007774419910837,0.09651890313407518,44.2627,11.793861789845218,4.587323491797462,23.917269911091445,3.727961909676653,20.18930800141479,7985.8921,0.0,Walking,Walking_p1_1_35sek_20260204_152601.csv
0.9672191875588659,0.07269620332258077,1.13758516164725,0.8344459239519358,0.30313923769531426,47.034600000000005,21.89174637851319,19.854303509717337,60.14980714848553,4.0162918220667185,56.13351532641881,43277.903000000006,0.0,Walking,Walking_p1_1_35sek_20260204_152601.csv
1.019155586693255,0.1516705953768449,1.4217594733287344,0.8213403679352428,0.6004191053934916,53.0611,30.881455008648235,12.942425668810653,60.80600874913597,14.699598633976372,46.1064101151596,55891.02590000001,0.0,Walking,Walking_p1_1_35sek_20260204_152601.csv
0.9752139199691325,0.15274966280880073,1.2925169244539894,0.7153320907103218,0.5771848337436676,48.6954,35.0039513725034,15.37427198579765,80.43057316717318,11.336688228931763,69.09388493824142,72845.8743,0.0,Walking,Walking_p1_1_35sek_20260204_152601.csv
0.9815181456575115,0.23762457472944015,1.6549622352186772,0.4695742752749558,1.1853879599437214,50.9357,40.93574921589407,25.335902011738117,98.33214581203849,4.8702053344802625,93.46194047755823,115240.26679999998,0.0,Walking,Walking_p1_1_35sek_20260204_152601.csv
0.9779596853847372,0.2806858469094794,1.850756602041446,0.26888659319497504,1.581870008846471,51.680699999999995,51.57644225800333,26.723295195941613,121.83970124717148,11.702469824784853,110.13723142238662,167999.06059999997,0.0,Walking,Walking_p1_1_35sek_20260204_152601.csv
1.0051986721579635,0.207028612564236,1.9623200554445748,0.8056674251823764,1.1566526302621982,52.621399999999994,130.35064988218355,57.90481553846167,201.7527385192082,6.370580821243853,195.38215769796435,1013860.0117,0.0,Walking,Walking_p1_1_35sek_20260204_152601.csv
0.9632033161359714,0.1363944302257247,1.3014222988715078,0.6734983296193094,0.6279239692521984,47.2996,51.475421086983175,24.975622725536493,116.44833274890628,15.091650009193827,101.35668273971245,163051.2536,0.0,Walking,Walking_p1_1_35sek_20260204_152601.csv
0.9578234397957389,0.19418132221141668,1.4727185746095552,0.37775653535048204,1.094962039259073,47.71889999999999,28.333320901524562,10.924222509635735,71.89660631768373,9.056412093097354,62.840194224586384,45986.446899999995,0.0,Walking,Walking_p1_1_35sek_20260204_152601.csv
0.9652681050458205,0.239569097401664,1.6247461340160192,0.44158804331639234,1.1831580906996269,49.3994,31.987312218378246,16.595693228014213,78.54341156328772,5.704910165813306,72.83850139747442,64654.841799999995,0.0,Walking,Walking_p1_1_35sek_20260204_152601.csv
0.9524778251422842,0.10478351157595371,1.2135073135337915,0.7201388754955532,0.49336843803823827,45.898700000000005,25.733189339350204,8.837376124187543,42.76873858322221,12.77661927115307,29.99211931206914,36936.713299999996,0.0,Walking,Walking_p1_1_35sek_20260204_152601.csv
0.9585681438216297,0.08076871521514695,1.2366891282775958,0.8319254774317227,0.40476365084587307,46.2623,16.614904929392246,5.396127502924071,29.77712880719026,5.447448944230684,24.329679862959573,15229.5447,0.0,Walking,Walking_p1_1_35sek_20260204_152601.csv
0.9556100502612871,0.12127482636481697,1.296495275733776,0.735798885565886,0.56069639016789,46.380199999999995,24.867747024274923,10.585713993477231,50.2752692682993,12.104135656873646,38.17113361142565,36411.051799999994,0.0,Walking,Walking_p1_1_35sek_20260204_152601.csv
0.9655098562766247,0.18445373689293235,1.3862900129482287,0.51720402163943,0.8690859913087987,48.2776,47.79771877131896,41.84172868616736,153.77707826591063,6.360007861630362,147.41707040428028,200016.8787,0.0,Walking,Walking_p1_1_35sek_20260204_152601.csv
0.9780029730611348,0.10076333498412816,1.269488085804668,0.8139410298049853,0.4555470559996827,48.32200000000001,130.2186608278945,52.0457750465266,222.45851635754477,50.53604456227258,171.9224717952722,980574.3537,0.0,Walking,Walking_p1_1_35sek_20260204_152601.csv
0.9570765408664726,0.18906994419803433,1.3976408694654001,0.4164132562731403,0.9812276131922598,47.551399999999994,33.065175278150534,14.536919143648074,72.749221988967,7.099366168891417,65.64985582007557,65020.06969999999,0.0,Walking,Walking_p1_1_35sek_20260204_152601.csv
0.9938697435331022,0.231355660669723,1.48489056835849,0.41484937025383084,1.0700411981046591,52.011599999999994,46.563211072544846,19.42148149558376,92.96212400757632,4.953059660452315,88.00906434712401,126889.1345,0.0,Walking,Walking_p1_1_35sek_20260204_152601.csv
0.9539953942215302,0.14585703023679392,1.3736811857195979,0.5825804665451804,0.7911007191744175,46.5478,54.53246728423219,39.38389049477249,116.06870853076639,6.89734731617888,109.1713612145875,224692.95010000002,0.0,Walking,Walking_p1_1_35sek_20260204_152601.csv
0.9758422699757703,0.08288093333662926,1.2436237373096415,0.7751773990513398,0.46844633825830173,47.95,101.59928998656656,29.034796580569612,147.04509002343465,59.71009378656176,87.3349962368729,557428.7374999999,0.0,Walking,Walking_p1_1_35sek_20260204_152601.csv
0.9610926775254852,0.2578657798452475,1.6125755796240995,0.3712142238654117,1.2413613557586878,49.4432,32.86873629111843,17.51979302321928,83.0228432420861,3.4020288064624022,79.6208144356237,69057.9055,0.0,Walking,Walking_p1_1_35sek_20260204_152601.csv
0.9713530260389728,0.209905952713645,1.5582361823549085,0.4202380277890138,1.1379981545658946,49.3353,57.65320862419342,42.25873293800637,147.58757501903742,13.576409687395264,134.01116533164216,253698.8482,0.0,Walking,Walking_p1_1_35sek_20260204_152601.csv
0.9673408295138146,0.10186886105467406,1.3111064030047295,0.7603288762108145,0.550777526793915,47.295899999999996,120.82217084309897,42.10225182742362,171.44773226846715,40.49224246692198,130.95548980154518,816757.2292,0.0,Walking,Walking_p1_1_35sek_20260204_152601.csv
0.961868143000613,0.16094642117909716,1.4168274418573348,0.6329296959378664,0.7838977459194684,47.52879999999999,34.819382961043054,13.408475168303248,77.69134636495882,12.467060599836675,65.22428576512215,69429.0446,0.0,Walking,Walking_p1_1_35sek_20260204_152601.csv
0.9666513613837039,0.11233670931728912,1.2420547491958636,0.6181423784210236,0.62391237077484,47.3391,32.065308795547686,21.779981630915866,76.64259781609702,1.7961069010501576,74.84649091504687,74653.2138,0.0,Walking,Walking_p1_1_35sek_20260204_152601.csv
0.9718324233861944,0.1956093067130811,1.5541235472123829,0.4872371086031933,1.0668864386091896,49.0978,38.60357142561837,17.959832199661008,73.00242324745118,5.605577579518457,67.39684566793272,90317.00939999998,0.0,Walking,Walking_p1_1_35sek_20260204_152601.csv
0.9905296364628751,0.23343713764821727,1.5277107055984127,0.45705579528105755,1.070654910317355,51.7276,34.46732231656385,20.54180864416692,87.11661953955743,1.0715409464878138,86.04507859306962,80076.1446,0.0,Walking,Walking_p1_1_35sek_20260204_152601.csv
0.9603805716586755,0.15445479353346317,1.3754999091239521,0.6030754513325841,0.772424457791368,47.2855,36.652971066719104,19.42985363369442,91.48207092102801,4.255443572649037,87.22662734837897,85670.45580000001,0.0,Walking,Walking_p1_1_35sek_20260204_152601.csv
0.9870448132086967,0.1868332682372524,1.467548977036201,0.41916583830269377,1.0483831387335072,50.423300000000005,122.89416140588723,70.03170701979107,210.11040431163804,11.365957944669686,198.74444636696836,995466.3048,0.0,Walking,Walking_p1_1_35sek_20260204_152601.csv
0.9446257180709093,0.10860080786249598,1.3104960892730662,0.6565059024867942,0.653990186786272,45.1938,59.086316995497384,44.28938341836766,182.25094128700678,15.818486021108342,166.43245526589845,270675.56749999995,0.0,Walking,Walking_p1_1_35sek_20260204_152601.csv
0.977980212604228,0.17522785095292553,1.3688316185711085,0.5360970061472085,0.8327346124239,49.326800000000006,32.7694419975651,14.436242415171913,73.0509007473556,12.54841025787729,60.502490489478305,63903.666099999995,0.0,Walking,Walking_p1_1_35sek_20260204_152601.csv
0.9584562926430158,0.1633249393362493,1.2662543188475213,0.5637375275782162,0.7025167912693051,47.239000000000004,34.33600538005997,12.176575225612174,63.973886860186944,3.629283675878754,60.34460318430819,66213.24350000001,0.0,Walking,Walking_p1_1_35sek_20260204_152601.csv
0.9993613997556633,0.20779403233952495,1.460787458872782,0.4007492981902776,1.0600381606825044,52.05190000000001,36.81477533904489,18.673889299419987,82.27854033707696,4.112152720899358,78.1663876161776,84853.37710000001,0.0,Walking,Walking_p1_1_35sek_20260204_152601.csv
0.9718655854757237,0.1989084595320083,1.3813761254633006,0.4090232267243512,0.9723528987389494,49.16480000000001,35.72179241948943,18.106259328653056,87.87229711348168,10.968003464623814,76.90429364885786,79866.31739999999,0.0,Walking,Walking_p1_1_35sek_20260204_152601.csv
0.9537959897549019,0.20188198696436674,1.5044600360262148,0.5701754116059373,0.9342846244202775,47.4834,32.02695263045004,17.751907951694022,71.32395810665587,5.7787974527577965,65.54516065389807,66727.6663,0.0,Walking,Walking_p1_1_35sek_20260204_152601.csv
0.9634816862360394,0.0638320523395225,1.1517378173872732,0.8389278872465737,0.31280993014069947,46.6145,147.12271532254647,55.6394707214603,230.11686530978125,55.53113180910326,174.58573350067797,1233946.4526,0.0,Walking,Walking_p1_1_35sek_20260204_152601.csv
0.8597728903519809,0.020877392646137357,0.8741281370600079,0.8358229477586746,0.03830518930133331,2.2184999999999997,44.08282614750559,2.6815029877282437,47.16685912799367,42.302034230046196,4.8648248979474715,5844.267599999999,,Walking,Walking_p1_1_35sek_20260204_152601.csv
1.0106620331236835,0.120890635355411,1.3000384609695208,0.8228000972289686,0.4772383637405522,51.788000000000004,67.06781147913036,32.97363228275279,125.77626206880215,14.122860899973489,111.65340116882867,278180.32769999997,0.0,Walking,Walking_p1_2_35sek_20260204_152703.csv
1.0253167500537501,0.28899114113110974,1.70578427709954,0.5975784467331464,1.1082058303663935,56.656,135.53684549310307,72.49130983652455,243.5606341345005,39.57005686121768,203.99057727328284,1176006.3343999998,0.0,Walking,Walking_p1_2_35sek_20260204_152703.csv
0.9481297290218049,0.10409972134801139,1.3435028842544403,0.7438413809408562,0.5996615033135841,45.4785,19.07215797258889,10.104000736655793,43.4480943195441,5.365128143856398,38.0829661756877,23189.811200000004,0.0,Walking,Walking_p1_2_35sek_20260204_152703.csv
0.959895648023495,0.14207767674817068,1.235677951571525,0.6623443213314356,0.5733336302400894,47.0591,20.95090600117825,10.831050683472604,51.344764095280446,5.771143734131043,45.5736203611494,27695.2944,0.0,Walking,Walking_p1_2_35sek_20260204_152703.csv
1.000349924677242,0.2978529088397874,1.6301226947687097,0.2879236009777594,1.3421990937909505,54.382099999999994,39.36911230011152,18.24139038463074,88.48790256300575,10.268281258321668,78.21962130468408,93801.018,0.0,Walking,Walking_p1_2_35sek_20260204_152703.csv
0.9875517015413131,0.26896937991051356,1.5883639381451595,0.5561474624593733,1.0322164756857863,52.3078,40.09977994067267,15.303876083302807,75.32716176785104,13.22965608018591,62.09750568766513,91875.84010000002,0.0,Walking,Walking_p1_2_35sek_20260204_152703.csv
0.9891754843203683,0.3336255098704094,1.9838598740838527,0.2758622844826744,1.7079975896011783,54.377399999999994,44.491566642901525,21.995023501623994,109.52389602274017,15.987163600839269,93.53673242190091,122680.247,0.0,Walking,Walking_p1_2_35sek_20260204_152703.csv
0.9660106507219283,0.20520627425015414,1.6816955729263248,0.5323532661682466,1.1493423067580781,48.7222,138.0911790603174,74.16910581144104,272.45790940987564,49.307597791821095,223.15031161805456,1223010.4433000002,0.0,Walking,Walking_p1_2_35sek_20260204_152703.csv
0.9477026798523466,0.08784047809826198,1.1614215427655885,0.8183520025025907,0.34306954026299785,45.28510000000001,32.31515913984207,15.844465259318683,71.71580788082916,5.505860514034114,66.20994736679505,64514.7824,0.0,Walking,Walking_p1_2_35sek_20260204_152703.csv
1.003772460216263,0.2576836537690858,1.5161134522191935,0.3524202037341219,1.1636932484850715,53.631600000000006,34.82663519620756,14.191561983837387,67.97772944133983,9.858382220222545,58.11934722111729,70513.3471,0.0,Walking,Walking_p1_2_35sek_20260204_152703.csv
1.0017495487612593,0.3110512812183304,1.6934284750174717,0.38587562763149474,1.307552847385977,54.916,38.24327873860288,14.62082165400735,73.45762111585155,9.054534775459201,64.40308634039235,83602.0713,0.0,Walking,Walking_p1_2_35sek_20260204_152703.csv
0.97228964826276,0.2449257277697655,1.3806520198804622,0.44249293779675175,0.9381590820837105,50.20680000000001,44.475268642624144,16.25464722140284,81.50989449140516,18.063958591626587,63.445935899778576,111848.94030000002,0.0,Walking,Walking_p1_2_35sek_20260204_152703.csv
0.9752118988661911,0.3045735598789634,2.045580602176311,0.21447610589527216,1.831104496281039,52.0974,93.5342290175648,68.53489790394242,226.25433675401672,16.2911632488291,209.96317350518763,667587.1791999999,0.0,Walking,Walking_p1_2_35sek_20260204_152703.csv
0.9581879416026338,0.08485202345853399,1.136221809331259,0.8599418584997476,0.27627995083151147,46.259,83.57770396408704,76.67564582941966,244.69676867502764,6.417304730180732,238.2794639448469,637340.2085,0.0,Walking,Walking_p1_2_35sek_20260204_152703.csv
0.9711466283884689,0.1842088050193098,1.3588966112254457,0.499799959983992,0.8590966512414537,48.818999999999996,34.10690938860288,14.136456847515435,66.48629482833286,2.222633573038975,64.26366125529388,67956.1946,0.0,Walking,Walking_p1_2_35sek_20260204_152703.csv
0.969457054609127,0.1910791567692004,1.416403897198818,0.5308483775994799,0.8855555195993381,48.7814,36.81125053083384,16.701200138844527,90.798112865852,9.245220386772832,81.55289247907918,81420.9825,0.0,Walking,Walking_p1_2_35sek_20260204_152703.csv
0.9550051368954775,0.16328636577563602,1.3118307817702708,0.5216320542297991,0.7901987275404717,46.9082,39.380183604500445,18.571862502508342,71.904488733319,3.709811315956648,68.19467741736236,94440.7328,0.0,Walking,Walking_p1_2_35sek_20260204_152703.csv
0.9935686769998044,0.21261559661352483,1.4747881203752626,0.46711882856506654,1.0076692918101962,51.574000000000005,42.731391573976744,17.740546437741507,88.85673863022433,8.753713497710557,80.10302513251378,106720.2137,0.0,Walking,Walking_p1_2_35sek_20260204_152703.csv
0.9844406447138464,0.21901592765532119,1.6192590898309018,0.3358571124749333,1.2834019773559686,50.806599999999996,102.03429109487868,74.5311400387453,216.28904479885244,5.12356321323354,211.1654815856189,792739.4789,0.0,Walking,Walking_p1_2_35sek_20260204_152703.csv
0.9574512049407917,0.07940589448526986,1.136001760562016,0.8181686867633104,0.3178330737987056,46.144600000000004,88.65520023791427,63.10704906432782,206.6337196587237,10.970774813111424,195.66294484561226,588129.7089,0.0,Walking,Walking_p1_2_35sek_20260204_152703.csv
0.9950753152023338,0.16865348207280334,1.3894243412291294,0.5845511098270194,0.80487323140211,50.902499999999996,32.512255282586004,14.218901850589326,70.83329301959637,5.7783129025694,65.05498011702697,62759.0185,0.0,Walking,Walking_p1_2_35sek_20260204_152703.csv
0.9870246380107686,0.18727466448745425,1.4274452704044382,0.5707889277132134,0.8566563426912248,50.4294,32.43685603379352,14.594068498878316,59.62798168645322,5.697938223603342,53.93004346284987,63043.83640000001,0.0,Walking,Walking_p1_2_35sek_20260204_152703.csv
0.9554103671743397,0.20442809797238132,1.4003928020380567,0.5239274758971895,0.8764653261408673,47.6882,33.86177784389575,15.384966464471379,78.07902855440761,2.719154280286428,75.35987427412118,68929.16239999999,0.0,Walking,Walking_p1_2_35sek_20260204_152703.csv
0.9666421331814903,0.2041332756882184,1.4725148556126693,0.4304648650006177,1.0420499906120515,48.7617,37.12773079906302,12.270442988539852,64.9797645425097,17.208062064044285,47.771702478465414,76301.04449999999,0.0,Walking,Walking_p1_2_35sek_20260204_152703.csv
0.988628537330535,0.18359120286960803,1.468809041366508,0.43231932642434573,1.0364897149421624,50.5209,130.36757687026585,68.25633325609182,219.92466664746817,14.115247075414585,205.8094195720536,1078072.6794000003,0.0,Walking,Walking_p1_2_35sek_20260204_152703.csv
0.9537981778058718,0.11862750831393912,1.3303758867327684,0.6989992846920516,0.6313766020407168,46.17609999999999,56.06917276549263,38.45503543622561,153.22861677898157,4.073745205581714,149.15487157339987,229648.30450000003,0.0,Walking,Walking_p1_2_35sek_20260204_152703.csv
0.9768638395678094,0.20966211628459724,1.337235955244997,0.4410215414239989,0.8962144138209982,49.86710000000001,40.3092721733475,16.433393728742406,79.77053215317045,17.28862631905728,62.48190583411317,94474.6362,0.0,Walking,Walking_p1_2_35sek_20260204_152703.csv
0.9702894581536013,0.18996338905058127,1.487749978995127,0.5897457079114693,0.8980042710836577,48.841300000000004,41.624495938863674,19.800321730933852,100.84236262603133,8.64278890173768,92.19957372429366,105840.51740000001,0.0,Walking,Walking_p1_2_35sek_20260204_152703.csv
0.9611949990784103,0.14552569640071497,1.2624579200908044,0.6264982043070834,0.635959715783721,47.232499999999995,32.11317867882694,16.221458612972572,63.926798762334414,3.4729526342868544,60.45384612804756,64456.4625,0.0,Walking,Walking_p1_2_35sek_20260204_152703.csv
0.9930576738190404,0.20557648278586854,1.430279692927226,0.48867166891482466,0.9416080240124012,51.379000000000005,33.324963847350574,18.37384511358295,81.82130590500252,4.323401438682279,77.49790446632024,72069.97180000001,0.0,Walking,Walking_p1_2_35sek_20260204_152703.csv
0.9515392012210246,0.20384855457846354,1.4693535993762699,0.4636809247747852,1.0056726746014846,47.307500000000005,38.66408928591601,19.667728869091018,101.14236748267265,6.314950514453774,94.82741696821888,93699.74840000001,0.0,Walking,Walking_p1_2_35sek_20260204_152703.csv
0.9830327490753524,0.1753731131667315,1.4323058332632734,0.536842621258782,0.8954632120044914,49.82470000000001,115.64045902094409,59.20642361579366,187.15281510038795,14.11778311208952,173.03503198829844,840400.4173999999,0.0,Walking,Walking_p1_2_35sek_20260204_152703.csv
0.9517402200318691,0.10724068664043317,1.2458330546265017,0.7775602870517501,0.46827276757475167,45.854,50.91527107035914,28.765439755342058,117.69583042741999,3.845308830250179,113.85052159716982,170163.31710000004,0.0,Walking,Walking_p1_2_35sek_20260204_152703.csv
0.9897742344897585,0.20200263874870816,1.3905754204644925,0.45453272709454046,0.9360426933699519,50.9821,31.021985409439413,14.904334229786727,67.12778336873637,7.7242669555110535,59.40351641322532,59002.9987,0.0,Walking,Walking_p1_2_35sek_20260204_152703.csv
0.9437031097646966,0.1844474390604544,1.3440982106974178,0.4857983120596448,0.858299898637773,46.1958,29.77045908553571,13.788419787679445,61.00764132467342,8.105313072300168,52.90232825237325,53629.917199999996,0.0,Walking,Walking_p1_2_35sek_20260204_152703.csv
0.984018921898839,0.23707994291310372,1.472582765076381,0.45354161881794264,1.0190411462584383,51.1688,34.28665310960183,17.31288863239717,88.46396667570363,8.37172025332906,80.09224642237457,73465.7986,0.0,Walking,Walking_p1_2_35sek_20260204_152703.csv
0.9633176713548812,0.1605191324835603,1.2943338054767788,0.4948737212663449,0.7994600842104339,47.6616,33.151699903327355,14.396974296624926,70.99056909195757,5.626615323620409,65.36395376833715,65108.130900000004,0.0,Walking,Walking_p1_2_35sek_20260204_152703.csv
0.9828078231304831,0.2587780997135347,1.7164498244924027,0.4244997055358225,1.29195011895658,51.5769,103.59620210358993,58.64540773739976,180.35697851760548,9.174862396788303,171.18211612081717,705133.5631,0.0,Walking,Walking_p1_2_35sek_20260204_152703.csv
0.9481388041284429,0.09540893781071857,1.2210651088291729,0.8176796438703853,0.4033854649587876,45.3944,79.98277677263441,44.38176420120268,160.19141987010414,18.657154123820707,141.53426574628344,416379.5376999999,0.0,Walking,Walking_p1_2_35sek_20260204_152703.csv
0.9698809776538301,0.13745042084245818,1.3631580979475566,0.7238784428341543,0.6392796551134023,40.2827,39.49799311229963,15.45375807497234,84.08618554792457,16.613515582199934,67.47266996572463,75315.4055,0.0,Walking,Walking_p1_2_35sek_20260204_152703.csv
0.950203907578386,0.010128461754698196,0.9717509969122748,0.9302687783646187,0.0414822185476561,45.14939999999999,16.7867799248133,10.987862587450723,36.62867319464356,1.6643316977093237,34.96434149693424,20005.722100000003,0.0,Walking,Walking_p1_3_35sek_20260204_152758.csv
0.9551591187636826,0.031119549643030632,1.0276672613253768,0.8900561780022652,0.13761108332311156,45.6639,21.213963436800963,16.62848003479032,50.18647726230643,3.2668639396216057,46.919613322684825,36050.423299999995,0.0,Walking,Walking_p1_3_35sek_20260204_152758.csv
0.9659668540313631,0.08136612212301958,1.1673045875006234,0.7860661549767932,0.38123843252383016,46.979000000000006,53.108697019243294,13.643619010822185,71.39676533289166,16.10826495933066,55.288500373561,150147.9536,0.0,Walking,Walking_p1_3_35sek_20260204_152758.csv
0.9655980913781534,0.16622558414195326,1.3081284340614268,0.6102458520956943,0.6978825819657325,47.972899999999996,25.092862383966658,12.546646083239638,55.448962118330044,6.783693684122242,48.6652684342078,39196.0852,0.0,Walking,Walking_p1_3_35sek_20260204_152758.csv
0.9863134904096313,0.2145752773003944,1.4917439458566606,0.4687216658103186,1.023022280046342,50.8968,38.645414081154485,13.294405471203353,72.09073380123134,8.120991318798463,63.96974248243288,83333.7211,0.0,Walking,Walking_p1_3_35sek_20260204_152758.csv
0.9764688595447707,0.23784441480174057,1.5301633899685352,0.3874274125562103,1.142735977412325,50.44649999999999,38.80420840005122,18.183008339964505,103.16653575651361,15.928942212212336,87.23759354430128,91488.79729999998,0.0,Walking,Walking_p1_3_35sek_20260204_152758.csv
0.9714759890297552,0.18047670079332634,1.4637622757811461,0.4854894437575342,0.9782728320236119,48.7843,66.0488585866325,53.84836551631435,169.89293216611458,2.312422971690084,167.58050919442448,360205.26300000004,0.0,Walking,Walking_p1_3_35sek_20260204_152758.csv
0.964231603792631,0.11009927916634935,1.2934063553268942,0.7586171630012071,0.5347891923256871,47.0811,119.4476408103037,58.411464041593064,197.52710649427334,19.74513104539952,177.78197544887382,880570.0022000001,0.0,Walking,Walking_p1_3_35sek_20260204_152758.csv
0.9720627257679411,0.16681915288107618,1.363891491285139,0.5024937810560445,0.8613977102290945,48.6089,47.33657063742261,27.430973970080696,121.16179678429997,13.506850113923676,107.65494667037629,148908.0043,0.0,Walking,Walking_p1_3_35sek_20260204_152758.csv
0.975273932533995,0.1669863630008185,1.3448419981544302,0.5536244214266564,0.7912175767277738,48.924299999999995,27.503893704641428,13.01628419200842,61.59221785258264,8.77579056267867,52.81642728990397,46124.967500000006,0.0,Walking,Walking_p1_3_35sek_20260204_152758.csv
0.9449792683152745,0.20497432007978925,1.4453719244540486,0.49203658400570177,0.9533353404483469,46.708,32.150920388688625,19.15107654458455,89.25929307360663,9.841956106384544,79.41733696722208,69655.50700000001,0.0,Walking,Walking_p1_3_35sek_20260204_152758.csv
0.9948301272939921,0.19489667023736407,1.3093891705677116,0.5732364259186606,0.736152744649051,51.3456,35.41482653952751,17.23732539907068,74.0462031437129,11.214004637059858,62.83219850665304,77269.6409,0.0,Walking,Walking_p1_3_35sek_20260204_152758.csv
0.9675088989985069,0.1452953724795688,1.2651482126612676,0.6565059024867942,0.6086423101744735,47.8381,27.935027861421386,14.157339280085072,72.60496195164626,8.10650972984058,64.49845222180568,48839.371600000006,0.0,Walking,Walking_p1_3_35sek_20260204_152758.csv
0.9570329654845474,0.16590476422238912,1.435653161456485,0.5458937625582473,0.8897593988982376,47.1443,119.63091038315547,58.89188039471948,184.0185572163851,19.2410862479227,164.77747096846238,885522.1612,0.0,Walking,Walking_p1_3_35sek_20260204_152758.csv
0.9606261643229251,0.0482486376906604,1.078702924812944,0.8776103919165952,0.20109253289634887,46.2542,59.62994316905951,26.763495273217266,120.42404161960351,23.443203705978416,96.9808379136251,212884.45539999998,0.0,Walking,Walking_p1_3_35sek_20260204_152758.csv
0.9764991515469161,0.17794004673712216,1.3551752654177245,0.5817215828899595,0.773453682527765,49.229,27.14818558937079,12.563109877777169,54.74115179643191,3.083990920868607,51.6571608755633,44584.953799999996,0.0,Walking,Walking_p1_3_35sek_20260204_152758.csv
0.9541746303886752,0.1512356409869371,1.3148764200486676,0.6670832032063168,0.6477932168423508,46.6432,29.962306092912584,15.30719557335812,68.02667859009433,7.590447944620923,60.436230645473415,56368.1909,0.0,Walking,Walking_p1_3_35sek_20260204_152758.csv
0.9881752289612951,0.18504196122935065,1.3215899515356495,0.47968739820845824,0.8419025533271913,50.5023,30.20754837368759,14.359486278235039,71.4269283953888,9.377254395610688,62.04967399977811,55728.346399999995,0.0,Walking,Walking_p1_3_35sek_20260204_152758.csv
0.9746355722351923,0.15624908598517645,1.3235180391668262,0.6282515419798029,0.6952664971870233,48.69199999999999,25.708651579276633,14.354043516757798,69.21582694731025,6.450844905901861,62.76498204140839,43142.62799999999,0.0,Walking,Walking_p1_3_35sek_20260204_152758.csv
0.9540848853954135,0.17684892509185227,1.3868309197591464,0.5171073389539158,0.8697235808052306,47.0464,42.978486904914554,35.04055713382807,133.98988954395028,6.053792199935509,127.93609734401477,152521.7084,0.0,Walking,Walking_p1_3_35sek_20260204_152758.csv
0.9683428068116698,0.09673342549637103,1.382389236069205,0.7826876771739797,0.5997015588952253,47.3429,135.82680301394896,63.66414129433306,210.82147423827584,10.733340579707699,200.08813365856815,1121049.0423,0.0,Walking,Walking_p1_3_35sek_20260204_152758.csv
0.9678014726768907,0.11203274614421486,1.2195900950729306,0.635373905665003,0.5842161894079276,47.446999999999996,29.31131121399791,16.481412254853943,64.34548857534612,7.791437608041279,56.554050967304846,56267.8588,0.0,Walking,Walking_p1_3_35sek_20260204_152758.csv
0.9452603419033612,0.1460880571210702,1.2433020550131815,0.5435071296680477,0.6997949253451338,45.7216,27.89451798024078,12.605095934598518,62.470964455497246,7.205199511463927,55.26576494403332,46690.74040000001,0.0,Walking,Walking_p1_3_35sek_20260204_152758.csv
0.9852781723407014,0.19688628000459624,1.3850992744204296,0.5246903848937962,0.8604088895266334,50.438100000000006,35.60571647824935,16.743682149058397,86.76948196226598,11.417696790509021,75.35178517175696,77125.546,0.0,Walking,Walking_p1_3_35sek_20260204_152758.csv
0.9838054701029584,0.18389992008603454,1.3910427743243556,0.5412023651093923,0.8498404092149633,50.0508,30.125013425283658,11.559332130911967,56.65046601750069,15.74905711463388,40.90140890286681,51923.1115,0.0,Walking,Walking_p1_3_35sek_20260204_152758.csv
0.9383113042078334,0.1739865594028797,1.3324413683160696,0.5477225575051662,0.7847188108109034,45.5047,47.49942182905901,16.614641867731358,88.4399417684114,11.469773319468874,76.97016844894253,126336.02359999999,0.0,Walking,Walking_p1_3_35sek_20260204_152758.csv
0.9733735201097121,0.14646860201682543,1.324764129949177,0.6378871373526825,0.6868769925964945,48.424,71.99228678588251,57.0848538414637,158.4278239451644,8.24789063943018,150.1799333057342,418819.81419999996,0.0,Walking,Walking_p1_3_35sek_20260204_152758.csv
0.9562682500962884,0.08233229000415869,1.130796179689337,0.7880355321938217,0.3427606474955154,46.0546,103.42295662716107,67.93698690921175,214.03288298763815,9.672486753674052,204.36039623396408,760971.6731999998,0.0,Walking,Walking_p1_3_35sek_20260204_152758.csv
0.9501347855630884,0.13375994818232673,1.2225383429569807,0.5957348403442592,0.6268035026127216,46.0145,26.602319635624195,14.972439647023407,55.95902072052369,5.390306113756435,50.56871460676725,46368.694,0.0,Walking,Walking_p1_3_35sek_20260204_152758.csv
0.989450901934458,0.17459840994754725,1.2934450123604018,0.5503635162326805,0.7430814961277212,50.444399999999995,30.6955898165757,15.105625381825641,80.9240934456482,5.844022587225344,75.08007085842286,58291.7777,0.0,Walking,Walking_p1_3_35sek_20260204_152758.csv
0.9792123175018317,0.005823707064348556,0.9896464014990406,0.9546203433826456,0.03502605811639503,47.944500000000005,5.703264935869092,3.564313064779993,23.580351990587417,3.69947293543283,19.880879055154587,2248.8736,0.0,Walking,Walking_p2_1_35sek_20260204_154526.csv
0.988740512577991,0.06501333291052477,1.1521718621802912,0.8627282306729044,0.28944363150738683,49.0875,15.080878485086798,8.800379868775032,39.39076795392545,3.2383174643632455,36.1524504895622,15166.5324,0.0,Walking,Walking_p2_1_35sek_20260204_154526.csv
0.9930201074661831,0.11830031900801481,1.3573871960498227,0.8049844718999243,0.5524027241498984,49.9902,28.09905873479897,12.875166423268292,54.10310711964702,3.105768825910905,50.997338293736114,47600.5807,0.0,Walking,Walking_p2_1_35sek_20260204_154526.csv
1.009703207848539,0.1493913913741491,1.2981910491141124,0.7478636239315294,0.550327425182583,52.068599999999996,20.67936160232711,7.8722177281492325,36.67903215735115,5.59509606709304,31.083936090258113,24418.418599999997,0.0,Walking,Walking_p2_1_35sek_20260204_154526.csv
0.982211022420049,0.1312013075336246,1.2050726119201283,0.7333484846919642,0.47172412722816404,49.080400000000004,23.01565449099054,7.565305769030484,38.81062354562214,8.536181816245481,30.27444172937666,29290.4763,0.0,Walking,Walking_p2_1_35sek_20260204_154526.csv
1.007852173411927,0.18125412465076046,1.3904675472660266,0.6588626564011653,0.7316048908648614,52.3981,59.59850206463976,38.29928362482283,163.78793728477075,17.838663066496885,145.94927421827387,249473.9936,0.0,Walking,Walking_p2_1_35sek_20260204_154526.csv
1.00836708238388,0.061559885930178374,1.1183469944520796,0.8956003573022959,0.2227466371497837,51.0259,124.46071408564596,36.28311176396837,181.02091481373083,40.82491028771527,140.19600452601554,839030.2133000001,0.0,Walking,Walking_p2_1_35sek_20260204_154526.csv
0.9964910256101063,0.11645107529457893,1.392300254973761,0.7534586916347837,0.6388415633389773,50.31420000000001,34.86867350675465,14.74180858256705,61.40887069471315,7.841689868899433,53.56718082581372,71439.9447,0.0,Walking,Walking_p2_1_35sek_20260204_154526.csv
1.0153128442800943,0.15440414845815026,1.3911865439257238,0.762823701781742,0.6283628421439819,52.7112,19.606542288821235,8.257773052858433,44.59027360310766,3.9671904416097794,40.62308316149788,22562.175000000003,0.0,Walking,Walking_p2_1_35sek_20260204_154526.csv
0.9686965396645614,0.15079048189628866,1.3423859355639867,0.7181225522151494,0.6242633833488372,48.0328,20.99127488437391,8.549978561176916,38.689613593314675,5.361538958172364,33.328074635142315,25613.685599999997,0.0,Walking,Walking_p2_1_35sek_20260204_154526.csv
1.0115242571486003,0.16698612065009324,1.3629380029920657,0.677864293203293,0.6850737097887727,52.52539999999999,20.597795763605028,9.175796894760296,38.465918681347,0.7825599018605541,37.68335877948645,25339.0267,0.0,Walking,Walking_p2_1_35sek_20260204_154526.csv
1.0110666024655235,0.08432399481072834,1.218031198286809,0.8258934555982387,0.3921377426885704,51.4612,102.19198241816977,32.360156678382594,150.32995509877597,14.803502963825826,135.52645213495015,573471.8707999999,0.0,Walking,Walking_p2_1_35sek_20260204_154526.csv
1.008297849086573,0.07752187003724977,1.2474373731775075,0.8395832299420946,0.4078541432354129,51.127700000000004,78.4550424769166,13.822965361045492,102.95661367780119,47.22283981295492,55.73377386484626,317122.32869999995,0.0,Walking,Walking_p2_1_35sek_20260204_154526.csv
0.9863992791979433,0.10781911343645117,1.2880993750483696,0.8189627586160435,0.46913661643232607,49.2188,28.643943373142612,14.004735716389574,60.329117348093206,9.388860420732646,50.94025692736056,50634.2731,0.0,Walking,Walking_p2_1_35sek_20260204_154526.csv
1.0130285371717398,0.15942877264351374,1.3663820841916803,0.7220803279414278,0.6443017562502524,52.5568,26.515573435327806,11.477391325048753,49.5048906674886,9.761280653684741,39.74361001380386,41608.5768,0.0,Walking,Walking_p2_1_35sek_20260204_154526.csv
0.9977111597745371,0.13015078249879633,1.3043389130130252,0.7395268757793729,0.5648120372336523,50.6014,48.87973621869208,31.377446846471504,104.781941192173,6.600499981062041,98.18144121111095,167704.095,0.0,Walking,Walking_p2_1_35sek_20260204_154526.csv
1.0191440822100482,0.049315101965586,1.1414902540100813,0.9213576938409967,0.22013256016908456,52.051899999999996,92.67090475013994,25.354405703185417,129.7618287479026,54.725889668419285,75.03593907948331,460894.2779,0.0,Walking,Walking_p2_1_35sek_20260204_154526.csv
0.9815864129614907,0.09572555311822056,1.269566855269938,0.8395832299420946,0.4299836253278434,48.624599999999994,37.61548850375017,16.277740172603018,69.93015014998896,14.938684681055424,54.99146546893354,83729.5252,0.0,Walking,Walking_p2_1_35sek_20260204_154526.csv
1.0184659747670175,0.15177540550495255,1.3471822445385777,0.7457881736793632,0.6013940708592145,52.9924,23.516395989413795,11.156613471485212,46.952960503039634,7.684503887695028,39.268456615344604,33750.07520000001,0.0,Walking,Walking_p2_1_35sek_20260204_154526.csv
0.9907174160733812,0.1522518103805874,1.3844132331063583,0.6607571414672716,0.7236560916390867,50.21189999999999,31.435411007717956,16.463511130705434,64.8555217387078,6.326183683706947,58.52933805500085,62690.566,0.0,Walking,Walking_p2_1_35sek_20260204_154526.csv
1.0182914737522208,0.07417900635081583,1.2064410470470572,0.8751571287488893,0.33128391829816795,52.115500000000004,101.93545541322887,28.218631196963425,133.48897857126633,42.80031074653547,90.68866782473086,558560.1196999999,0.0,Walking,Walking_p2_1_35sek_20260204_154526.csv
0.9962944965912961,0.09257802038862925,1.2271104269787623,0.8374365647617735,0.38967386221698874,50.0501,70.58751417646897,18.8450653527598,103.57801214543558,35.454910802313414,68.12310134312216,266531.5458,0.0,Walking,Walking_p2_1_35sek_20260204_154526.csv
1.020574304666336,0.16855353614130894,1.433701503103069,0.708660708661063,0.7250407944420061,53.4707,28.602003558012548,11.465565058453507,56.76635006762369,9.045988061013567,47.720362006610124,47345.2303,0.0,Walking,Walking_p2_1_35sek_20260204_154526.csv
0.9861142576460089,0.16477155139849267,1.4901342221424219,0.6407027391856539,0.849431482956768,49.95140000000001,22.867563831497378,11.594950185687061,62.901368824533535,5.587530760541726,57.31383806399181,32733.974399999996,0.0,Walking,Walking_p2_1_35sek_20260204_154526.csv
1.023351501479172,0.18563653432953706,1.4303146506975308,0.6711184694225008,0.7591961812750301,54.051,39.594155895264386,28.204700956804274,117.70568422977712,9.543028869284637,108.16265536049248,117364.61170000001,0.0,Walking,Walking_p2_1_35sek_20260204_154526.csv
1.0086285909546548,0.07898828063956896,1.2705904139414872,0.8386894538504701,0.4319009600910171,51.17229999999999,109.05654679454294,27.143667455003605,146.957156681803,62.89956597624502,84.057590705558,630768.6754,0.0,Walking,Walking_p2_1_35sek_20260204_154526.csv
0.9982244270918629,0.12336271869738512,1.3961017154921056,0.7690253571892152,0.6270763583028904,50.56830000000001,47.83362911548946,26.065974451845946,88.44675290817634,9.91451965553551,78.53223325264082,147695.1199,0.0,Walking,Walking_p2_1_35sek_20260204_154526.csv
1.0288376942105588,0.18105416646796219,1.5103310895297097,0.7130918594402827,0.797239230089427,54.5316,25.03909701341214,10.942085144016819,57.926054586861,5.5939520913214835,52.332102495539516,37214.5511,0.0,Walking,Walking_p2_1_35sek_20260204_154526.csv
0.9756504898485041,0.17577850643600137,1.4475151121836345,0.6360817557515701,0.8114333564320644,49.1087,26.59378818337794,10.290937168883412,58.53423271898249,8.426511733807768,50.10772098517472,40550.7445,0.0,Walking,Walking_p2_1_35sek_20260204_154526.csv
1.0201371181265524,0.14018304440707977,1.342609399639374,0.6388270501473775,0.7037823494919965,52.996900000000004,91.288353281676,41.311705179237514,145.31863610700452,35.854687280744756,109.46394882625977,500304.36449999997,0.0,Walking,Walking_p2_1_35sek_20260204_154526.csv
0.9993676604936891,0.08325200959375172,1.1538630767989762,0.8350449089719666,0.31881816782700956,50.276399999999995,91.94323988843847,20.906007700577096,137.56153423104877,58.321845821270095,79.23968840977867,444093.9648,0.0,Walking,Walking_p2_1_35sek_20260204_154526.csv
1.016050474897075,0.15203192623029707,1.3460312032044428,0.7576938695805846,0.5883373336238582,52.7505,27.845139034837754,12.206771963376406,57.09486229075257,8.703315460213998,48.39154683053857,46068.847200000004,0.0,Walking,Walking_p2_1_35sek_20260204_154526.csv
0.9883854943557913,0.15859110092598627,1.4378108359586113,0.6649060083951717,0.7729048275634396,50.07769999999999,23.670506012919386,8.925360970939996,49.47762019337632,12.713425974142453,36.764194219233865,31918.0841,0.0,Walking,Walking_p2_1_35sek_20260204_154526.csv
1.0223501462343456,0.17267457446877227,1.4633523157462798,0.6907966415668217,0.772555674179458,53.72100000000001,21.455109636663998,9.339480958282971,40.135657463158616,2.9759872311554028,37.159670232003215,27290.155800000004,0.0,Walking,Walking_p2_1_35sek_20260204_154526.csv
1.0103681937834847,0.08354464155986444,1.2005415444706609,0.8321658488546618,0.36837569561599903,51.3842,103.4711859301454,27.031691004835334,142.986550416464,25.25063365541546,117.73591676104856,571119.2195,0.0,Walking,Walking_p2_1_35sek_20260204_154526.csv
1.017046813386186,0.07254681374601053,1.2175795661885922,0.8967162315916893,0.32086333459690286,51.9771,64.47073714091741,19.061924504708237,94.36955759141821,29.203980893022102,65.16557669839611,225628.2887,0.0,Walking,Walking_p2_1_35sek_20260204_154526.csv
0.9783581927660407,0.11287181933307397,1.2417326604386307,0.7783315488916018,0.4634011115470289,48.4835,19.959470803092543,7.720995842274801,39.289252983481376,9.452840842836613,29.83641214064476,22840.0988,0.0,Walking,Walking_p2_1_35sek_20260204_154526.csv
1.0213068448451386,0.14565239817577763,1.3393655214316964,0.7759510293826538,0.5634144920490426,53.1929,22.254513276400598,8.935564851468852,39.77490037699655,7.305812754238915,32.469087622757634,28675.5397,0.0,Walking,Walking_p2_1_35sek_20260204_154526.csv
1.0018268757270092,0.1666259132622208,1.3888484438555562,0.6583312236253116,0.7305172202302446,51.5433,52.611841564735535,44.04688801774911,142.63630708904378,5.821984197848703,136.81432289119508,233466.5825,0.0,Walking,Walking_p2_1_35sek_20260204_154526.csv
1.0137758458133839,0.0721786250421097,1.1564601160437828,0.8762419757121888,0.2802181403315941,50.6094,98.59106892570956,27.20536125021031,144.9809542664139,59.9578668733303,85.0230873930836,511816.06539999996,0.0,Walking,Walking_p2_1_35sek_20260204_154526.csv
0.9958192608722035,0.009258183139192001,1.0084145972763385,0.9602603813549739,0.048154215921364596,49.587,6.4280500871660475,3.8817987200450546,15.431127632159615,1.1651609330903607,14.265966699069255,2804.3411,0.0,Walking,Walking_p2_2_35sek_20260204_154615.csv
1.0085528336784142,0.034154237183594276,1.0804628637764464,0.943716058992322,0.13674680478412438,50.9161,25.275905535367706,15.495951326637499,54.44275066526304,2.576567484076441,51.8661831811866,43709.67089999999,0.0,Walking,Walking_p2_2_35sek_20260204_154615.csv
1.0027364618037193,0.05066484682130896,1.118033988749895,0.8947066558375433,0.22332733291235163,50.3998,14.133853774530117,5.743163236352294,27.05776043947466,4.738121990831389,22.31963844864327,11604.5034,0.0,Walking,Walking_p2_2_35sek_20260204_154615.csv
1.0145931782595257,0.12687243565010528,1.3145721737508367,0.7774959806970065,0.5370761930538301,52.2587,20.686068229268226,6.938569458958788,35.044351898701166,8.501605730684057,26.54274616801711,23754.7145,0.0,Walking,Walking_p2_2_35sek_20260204_154615.csv
1.0037860202584712,0.12083732332278915,1.3736811857195979,0.7914543574963752,0.5822268282232227,51.0948,92.81425923352059,23.643706219817133,132.9669703347414,39.263745363884986,93.70322497085641,458116.55319999997,0.0,Walking,Walking_p2_2_35sek_20260204_154615.csv
1.022056273975386,0.1386780621658391,1.4040655255364687,0.7167286794875729,0.6873368460488958,53.1723,96.21573514727896,43.801264589757075,160.50859447394086,30.64661971572069,129.86197475822019,556882.3727000001,0.0,Walking,Walking_p2_2_35sek_20260204_154615.csv
0.9878625961639809,0.13146541059851635,1.3593380742111212,0.7810249675906655,0.5783131066204557,49.6405,22.818795780024455,9.70523933557298,42.09918526527562,2.4069275020241054,39.69225776325152,30650.263899999998,0.0,Walking,Walking_p2_2_35sek_20260204_154615.csv
1.0135895421055314,0.18464041207085016,1.4981655449248592,0.657875368135941,0.8402901767889182,53.0387,38.82381169296401,32.5501441676683,127.10242680609997,5.700315780726538,121.40211102537343,127280.50009999999,0.0,Walking,Walking_p2_2_35sek_20260204_154615.csv
1.010203677682422,0.06719245582128672,1.154729405531876,0.8315046602394963,0.32322474529237966,51.2468,144.80538159625922,17.29298945962671,172.38567370869308,98.13979417137577,74.24587953731731,1063083.2536999998,0.0,Walking,Walking_p2_2_35sek_20260204_154615.csv
1.0080962636258903,0.14437028378556963,1.4784789481084943,0.7105631569396206,0.7679157911688738,51.834199999999996,32.02067524746645,20.12726541175918,86.25684262712147,7.386243971058633,78.87059865606284,71116.416,0.0,Walking,Walking_p2_2_35sek_20260204_154615.csv
0.9873993879290788,0.14008178630488655,1.4191546779685433,0.8025584090893323,0.616596268879211,49.7094,22.41980354799049,9.785647490361868,38.909376761906636,4.8799487702229,34.02942799168373,29824.565499999997,0.0,Walking,Walking_p2_2_35sek_20260204_154615.csv
1.0258667171753133,0.2022210313048208,1.515915564930976,0.6606057825965498,0.8553097823344261,54.62389999999999,31.680464717316614,14.492077684272772,78.44339232848105,6.905150251804808,71.53824207667624,60473.5877,0.0,Walking,Walking_p2_2_35sek_20260204_154615.csv
1.0136829886960548,0.0921112815678732,1.252078272313676,0.816026960338934,0.4360513119747421,51.7934,110.46754517350502,18.80334380108124,136.44731474089184,73.9202550049714,62.527059735920446,627478.6479999999,0.0,Walking,Walking_p2_2_35sek_20260204_154615.csv
1.0148979259624593,0.07752682140946829,1.2706691150728424,0.8579627031520659,0.4127064119207765,51.7954,44.91747524572229,14.77868678923163,75.8994512496632,15.02704561781856,60.87240563184464,111581.04870000001,0.0,Walking,Walking_p2_2_35sek_20260204_154615.csv
0.9945002608873975,0.126842466553299,1.2711018841933954,0.8015609770940699,0.4695409070993255,50.2399,22.789488820048394,10.277879919203194,52.279675783233394,7.0714496392182555,45.208226144015136,31144.146000000004,0.0,Walking,Walking_p2_2_35sek_20260204_154615.csv
0.9992967420379331,0.1547216768857527,1.2744018204632321,0.7034912934784623,0.5709105269847699,51.1027,27.356522023100382,10.871017300256376,50.221694515418335,11.818599747855073,38.40309476756326,43209.7367,0.0,Walking,Walking_p2_2_35sek_20260204_154615.csv
0.9832930703197005,0.17256391262386767,1.3439494038095332,0.7584194090343417,0.5855299947751915,49.8024,66.9436894938854,38.81803264087999,127.18887569280578,15.104807181821288,112.0840685109845,297908.0214,0.0,Walking,Walking_p2_2_35sek_20260204_154615.csv
1.0449178343177536,0.08015749500072346,1.2320308437697491,0.8926925562588723,0.3393382875108768,54.90749999999999,120.82743346621315,41.71010994226393,192.6626484298397,54.01660207750947,138.64604635233022,815210.3642,0.0,Walking,Walking_p2_2_35sek_20260204_154615.csv
0.988287749549025,0.13503334467760267,1.3223085872821063,0.7668767828015137,0.5554318044805926,49.7291,35.577923837721094,21.516384345502495,80.41136362480118,3.4757157536254315,76.93564787117575,85974.2182,0.0,Walking,Walking_p2_2_35sek_20260204_154615.csv
1.0167783017261025,0.16239246092817589,1.4048843368761714,0.7647875521999558,0.6400967846762157,52.9841,26.6917539332719,12.240655826670556,54.8255177814127,3.7872021335017227,51.03831564791098,42964.335499999994,0.0,Walking,Walking_p2_2_35sek_20260204_154615.csv
0.9814422358903188,0.1626977215029672,1.4268146340712937,0.6658077800686922,0.7610068540026015,49.45850000000001,25.3326568058835,10.488169095453268,57.614465197552605,10.025218202114106,47.5892469954385,37477.257900000004,0.0,Walking,Walking_p2_2_35sek_20260204_154615.csv
1.0302438129164062,0.13973621631658115,1.4563653387800741,0.6932532004974806,0.7631121382825935,54.026900000000005,100.486257504355,42.64514794957663,153.89661367294605,33.47644545049548,120.42016822245057,593986.2209000001,0.0,Walking,Walking_p2_2_35sek_20260204_154615.csv
0.9976587923386083,0.06896415861103743,1.1480853626799707,0.9045440840556087,0.24354127862436203,49.999199999999995,72.25582439835922,18.34077593092626,127.26804272872275,34.30633323455015,92.9617094941726,277528.02700000006,0.0,Walking,Walking_p2_2_35sek_20260204_154615.csv
1.020424450258562,0.14569307028508094,1.342013412749664,0.7710382610480494,0.5709751517016145,53.1034,31.221304302333056,11.954985027223666,59.135385345831644,6.9276402908927075,52.20774505493894,55741.65380000001,0.0,Walking,Walking_p2_2_35sek_20260204_154615.csv
0.9856922657375331,0.12341549726228969,1.2749901960407384,0.769285382676676,0.5057048133640624,49.3258,20.4367324360839,8.137995374176528,43.33796603441375,6.386125585987172,36.95184044842658,24128.1231,0.0,Walking,Walking_p2_2_35sek_20260204_154615.csv
1.0220390368156596,0.13123513414322602,1.2769103335786738,0.7679843748410511,0.5089259587376227,53.0721,26.457264759009153,10.172323569757761,43.19377964475903,3.333826630165402,39.85995301459363,40069.6751,0.0,Walking,Walking_p2_2_35sek_20260204_154615.csv
1.0046912670973627,0.16203885216362662,1.4702720836634284,0.6518435395092905,0.8184285441541379,51.756800000000005,73.07132248187573,32.760630721260874,118.97074514350156,25.12696758464897,93.8437775588526,319560.5958,0.0,Walking,Walking_p2_2_35sek_20260204_154615.csv
1.0126319090590186,0.0868297463576767,1.2008330441822461,0.8319855767980596,0.3688474673841865,51.6406,102.75482522699598,30.622297507907014,152.05506535462737,59.801071060642386,92.25399429398499,573876.2355000001,0.0,Walking,Walking_p2_2_35sek_20260204_154615.csv
1.0177092781945005,0.13580382413549866,1.4023195071024293,0.7983107164506812,0.6040087906517481,52.6903,39.410804176442205,22.180073152888287,100.21064913471024,12.499187973624528,87.71146116108571,101766.40090000001,0.0,Walking,Walking_p2_2_35sek_20260204_154615.csv
0.9774301799181419,0.1409524575557622,1.3506665021388513,0.7728518616138541,0.5778146405249972,48.742000000000004,24.172480856755396,11.479612595228305,61.43660635158814,7.259841596068058,54.17676475552008,35672.73530000001,0.0,Walking,Walking_p2_2_35sek_20260204_154615.csv
1.0179043693377072,0.15526374822692462,1.3776792079435618,0.7710382610480494,0.6066409468955124,52.9877,26.901708096622365,11.235468232894002,49.72601834050259,11.8752515762825,37.85076676422009,42370.64650000001,0.0,Walking,Walking_p2_2_35sek_20260204_154615.csv
1.004442007878248,0.12839771125143085,1.2549501982150528,0.7272551134230684,0.5276950847919845,51.25300000000001,72.16187997937539,34.90900231596636,126.50448331976223,27.18935637340465,99.31512694635758,320080.12979999994,0.0,Walking,Walking_p2_2_35sek_20260204_154615.csv
1.013124978724683,0.06589863493143909,1.1458621208504975,0.9076342875850383,0.23822783326545927,51.5339,86.00111873917533,26.48150351044558,124.49188487608339,46.7545987042986,77.73728617178479,404171.8526,0.0,Walking,Walking_p2_2_35sek_20260204_154615.csv
0.9938063553213888,0.14132365561196,1.35373557240696,0.716170370791755,0.6375652016152049,50.3612,42.63384705068225,12.200167933731779,62.71190237905401,17.553714706579914,45.1581876724741,98175.60650000001,0.0,Walking,Walking_p2_2_35sek_20260204_154615.csv
1.0188921065916987,0.15259281259028867,1.3446560898608981,0.733007503372237,0.6116485864886612,53.048,20.269876216152976,7.741001371034825,37.80591091350664,3.9577392536649,33.84817165984174,23479.6261,0.0,Walking,Walking_p2_2_35sek_20260204_154615.csv
0.9901807376721596,0.12299040423419867,1.2826924806827238,0.7805126520435143,0.5021798286392095,49.764100000000006,24.62889809516735,11.437593073909783,46.34659210772676,4.907137658554118,41.439454449172636,36739.239299999994,0.0,Walking,Walking_p2_2_35sek_20260204_154615.csv
1.0158664105772606,0.15244750137132385,1.3694159338929863,0.7507995737878386,0.6186163601051478,52.738,27.7478294206429,10.396608770235169,53.03865005823584,11.448078441380456,41.590571616855385,43793.48610000001,0.0,Walking,Walking_p2_2_35sek_20260204_154615.csv
1.0224804998856798,0.10868240265314313,1.2737739202856997,0.7985612061701971,0.4752127141155026,52.8521,95.8693127329981,23.265951870302604,120.9834372961853,46.02063558883123,74.96280170735406,486070.17750000005,0.0,Walking,Walking_p2_2_35sek_20260204_154615.csv
1.0519894525944065,0.17523949107109388,1.4249912280431765,0.7761443164772902,0.6488469115658863,47.7397,37.73290731839776,18.307523525196522,76.80237821838593,5.923149500054849,70.87922871833108,73540.2185,0.0,Walking,Walking_p2_2_35sek_20260204_154615.csv
1.0010632904554222,0.02441746829049467,1.059292216529509,0.9168424073961675,0.14244980913334138,50.13559999999999,7.624310239034554,4.678452275358704,22.609683766032642,4.515761286870687,18.093922479161954,3979.0132000000003,0.0,Walking,Walking_p2_3_35sek_20260204_154745.csv
1.012871668171266,0.04830793884092109,1.1178998166204341,0.9080748867797193,0.20982492984071488,51.40980000000001,62.52000812164701,15.405438360884544,86.76711704326702,28.116452478931265,58.650664564335756,207066.6198,0.0,Walking,Walking_p2_3_35sek_20260204_154745.csv
0.9954411766222399,0.10889455621094388,1.3342038824707414,0.8140638795573724,0.520140002913369,50.126200000000004,46.329454569233015,29.64634494657308,94.96520204790806,5.675226867711986,89.28997518019608,150387.3007,0.0,Walking,Walking_p2_3_35sek_20260204_154745.csv
1.0215571053674433,0.1447132297003147,1.3689046716261872,0.7447147104764347,0.6241899611497526,53.205099999999995,35.1128617155721,15.620558606094718,78.97064264649238,4.717403947087847,74.25323869940453,73601.7436,0.0,Walking,Walking_p2_3_35sek_20260204_154745.csv
1.0150178865991977,0.08074076609678804,1.245552086425935,0.8479386770280031,0.397613409397932,51.8325,126.46064421406349,36.252639157469446,183.43262768657053,55.430805514623366,128.00182217194717,864013.1652,0.0,Walking,Walking_p2_3_35sek_20260204_154745.csv
1.0303206127964863,0.099444553552716,1.2164703037887938,0.8768694315575154,0.33960087223127844,53.5626,48.87107325104742,8.026725975672006,64.82803483061939,31.64550047005103,33.182534360568354,122576.0782,0.0,Walking,Walking_p2_3_35sek_20260204_154745.csv
0.9828856538189374,0.13819459629752648,1.3289845747788045,0.7479304780526063,0.5810540967261982,49.23899999999999,23.86903654348201,9.560277111832097,45.009479001650305,4.49598709962562,40.51349190202468,32965.0913,0.0,Walking,Walking_p2_3_35sek_20260204_154745.csv
1.0376085953076033,0.15054459961502142,1.3609555466656507,0.7195832127002407,0.6413723339654099,54.9421,27.90590663725486,11.615057203019001,48.723982801080616,7.022172028653243,41.70181077242737,45547.549399999996,0.0,Walking,Walking_p2_3_35sek_20260204_154745.csv
0.982189491821962,0.1560017077173537,1.3083577492413916,0.7201388754955533,0.5882188737458383,49.4273,26.423538430869602,9.378370185652724,50.06301029702469,5.834689366195941,44.22832093082875,39219.9067,0.0,Walking,Walking_p2_3_35sek_20260204_154745.csv
1.0293229788434115,0.1788746146901133,1.4878171930717832,0.7335529974037323,0.7542641956680509,54.5431,61.120031751689176,27.3551234367029,104.60822386409205,11.27613852344853,93.33208534064352,223449.7502,0.0,Walking,Walking_p2_3_35sek_20260204_154745.csv
0.9993116280229848,0.09495579045465882,1.1590081966923271,0.807465169527454,0.3515430271648732,50.373000000000005,120.16762894714583,26.658335511925895,169.75804664286167,66.46870692288213,103.28933971997954,756835.6281000001,0.0,Walking,Walking_p2_3_35sek_20260204_154745.csv
1.0292163239449152,0.1445392345764794,1.3627178724886526,0.8252878285786117,0.5374300439100409,53.98799999999999,41.15122366817505,19.661300707793345,83.6599557733567,10.536949273864803,73.1230064994919,103612.931,0.0,Walking,Walking_p2_3_35sek_20260204_154745.csv
0.9842762382169576,0.14266518131867023,1.3723337786413332,0.7632168761236874,0.6091169025176458,49.4373,23.405982392811563,10.993947139286401,56.93619323418101,7.183766421592506,49.7524268125885,33314.477399999996,0.0,Walking,Walking_p2_3_35sek_20260204_154745.csv
1.0389078603743445,0.1649936846422866,1.4055959590152498,0.7810889834071404,0.6245069756081094,55.300399999999996,24.418071172190093,10.302013585121102,43.15791236841745,4.313710699618137,38.844201668799315,35012.5527,0.0,Walking,Walking_p2_3_35sek_20260204_154745.csv
0.987769376183029,0.15386072245136242,1.4474114826130127,0.7340980860893181,0.7133133965236945,49.9444,43.07502326690834,26.132873787690723,90.35577126005842,8.627525717145096,81.72824554291333,126236.309,0.0,Walking,Walking_p2_3_35sek_20260204_154745.csv
1.021327213241875,0.08289853332929847,1.3006152390311287,0.9198369420718,0.38077829695932874,52.49220000000001,110.23215650749279,24.45356231524838,150.3903111905817,65.39990366965382,84.99040752092789,636857.2752,0.0,Walking,Walking_p2_3_35sek_20260204_154745.csv
1.0105247051636082,0.13663529683364775,1.3705838172107536,0.7105631569396206,0.660020660271133,51.9728,57.93940242573126,13.010207944704595,81.69344894176031,37.749874171975726,43.94357476978458,176142.7277,0.0,Walking,Walking_p2_3_35sek_20260204_154745.csv
1.0152742487048807,0.13940178283615395,1.4371499573809268,0.8252272414311104,0.6119227159498164,52.491299999999995,22.762230194001724,7.91314152348421,39.60134593672291,5.934483970826782,33.666861965896125,28974.2288,0.0,Walking,Walking_p2_3_35sek_20260204_154745.csv
0.999865179705115,0.15702470367604232,1.344953530795767,0.762954782408499,0.581998748387268,51.1947,25.336587988943993,10.849292513306338,55.604608621947875,5.129931773425452,50.47467684852242,37864.7848,0.0,Walking,Walking_p2_3_35sek_20260204_154745.csv
1.0090041202354676,0.16848873682410276,1.5845819637999166,0.6563535632568777,0.9282284005430389,52.295500000000004,33.826636301026745,15.556618860323299,69.88508424549548,9.555647544776857,60.32943670071862,69070.4773,0.0,Walking,Walking_p2_3_35sek_20260204_154745.csv
1.0131767297119583,0.08332940761612809,1.2006664815842907,0.8837986195961158,0.31686786198817485,51.6666,121.80767458884226,19.469734945176402,153.88347377155222,74.64575607494373,79.23771769660848,760429.9378000001,0.0,Walking,Walking_p2_3_35sek_20260204_154745.csv
1.039908655018412,0.13360003214666208,1.3521094630243513,0.8331866537577279,0.5189228092666234,54.945100000000004,59.754647411863715,26.65917123434047,116.84231639264945,23.410215718783967,93.43210067386548,213355.7535,0.0,Walking,Walking_p2_3_35sek_20260204_154745.csv
0.9737064757897567,0.15137363897529965,1.403174971270511,0.7696102909914861,0.6335646802790249,48.528,28.293892229693405,11.787635968635803,55.89843915531095,5.9031686406539325,49.99527051465702,46835.6866,0.0,Walking,Walking_p2_3_35sek_20260204_154745.csv
1.0352409895676775,0.1832086284811238,1.4749237268414932,0.7032780389006897,0.7716456879408035,55.2309,26.10130083312689,10.50698731644657,52.46755283029693,8.656159656568263,43.81139317372867,39473.3376,0.0,Walking,Walking_p2_3_35sek_20260204_154745.csv
0.9953302079437992,0.15063734378095422,1.383618444514238,0.7537904218017101,0.629828022712528,50.646,54.2591870777572,22.913185617984904,105.39276777843915,12.078841004003655,93.3139267744355,172928.6588,0.0,Walking,Walking_p2_3_35sek_20260204_154745.csv
1.0243143264515049,0.10200120360534219,1.2020815280171306,0.7792945527847606,0.4227869752323701,52.9708,105.4733365240861,28.704567660361135,148.26763942276816,62.724720007346384,85.54291941542178,596604.8939,0.0,Walking,Walking_p2_3_35sek_20260204_154745.csv
0.9976859316923121,0.13257566843298224,1.3329666162361307,0.8237111144084436,0.5092555018276871,50.63009999999999,44.891935558250765,23.968479339984988,90.0786117788235,13.559446891374295,76.51916488744921,128914.206,0.0,Walking,Walking_p2_3_35sek_20260204_154745.csv
1.0272428584085447,0.14359136268379946,1.3340539719216762,0.7008566187174092,0.633197353204267,53.7717,23.483610639843754,8.9227836850401,47.38922767887234,11.356377063130655,36.03285061574168,31475.185800000007,0.0,Walking,Walking_p2_3_35sek_20260204_154745.csv
0.9800047587375823,0.15715802800695192,1.2886426967938012,0.7447147104764347,0.5439279863173665,49.230700000000006,25.258819956819202,8.445213980263674,45.95158865588871,4.371738784511262,41.57984987137745,35395.1596,0.0,Walking,Walking_p2_3_35sek_20260204_154745.csv
1.0291404644311763,0.15179169558091454,1.3956360557108003,0.7400675644831356,0.6555684912276647,54.085499999999996,38.45869874582,25.927493381332567,98.83030861026388,4.996608850010174,93.83369976025371,106893.0862,0.0,Walking,Walking_p2_3_35sek_20260204_154745.csv
1.0154294910968737,0.1269699812294707,1.2130539971493437,0.7447147104764347,0.468339286672909,52.3448,130.30293304840094,34.47452154414762,194.3092241763113,92.44884693710355,101.86037723920774,907178.8572,0.0,Walking,Walking_p2_3_35sek_20260204_154745.csv
1.0331651728447209,0.1317454472773328,1.2619033243477886,0.7794228634059948,0.48248046094179387,54.222,50.12455815387518,25.358397793469166,89.78271158747657,9.065522599387196,80.71718898808938,157132.9351,0.0,Walking,Walking_p2_3_35sek_20260204_154745.csv
0.9841539318598527,0.14020771182024822,1.3748090776540574,0.7341661937191061,0.6406428839349513,49.391200000000005,22.775964678068156,10.676886966207665,51.28891303196042,7.802570089400031,43.48634294256039,31523.028200000004,0.0,Walking,Walking_p2_3_35sek_20260204_154745.csv
1.0412890640034902,0.15636523566714014,1.3716048993788261,0.7643297717608546,0.6072751276179715,55.412200000000006,25.42457418397005,11.122317496532684,51.833793031187675,7.089506329780657,44.74428670140702,38382.04,0.0,Walking,Walking_p2_3_35sek_20260204_154745.csv
0.998104495498554,0.18508524253891998,1.4727185746095552,0.6476109943476871,0.8251075802618681,51.4892,60.37635373111649,41.1736528611899,118.60360660620739,11.297659049555355,107.30594755665204,265333.4193,0.0,Walking,Walking_p2_3_35sek_20260204_154745.csv
1.0311220676581476,0.0771116444023539,1.20074976577137,0.8525256594378847,0.3482241063334852,53.452,111.36460942109798,37.03894332922037,165.8534817240808,46.16653983135405,119.68694189272676,687326.0944000002,0.0,Walking,Walking_p2_3_35sek_20260204_154745.csv
0.9905294893064317,0.13031880381156583,1.3675159962501353,0.7573638491504596,0.6101521470996757,49.88960000000001,39.367410455111724,17.297376823030664,72.88077249865016,10.859470521162622,62.02130197748754,92150.41329999999,0.0,Walking,Walking_p2_3_35sek_20260204_154745.csv
1.0428694297354846,0.13916424198819222,1.30831953283592,0.7816648898345121,0.526654643001408,55.327799999999996,24.28453888263281,10.249356737301348,47.31871617024282,8.166210871634409,39.15250529860842,34634.3578,0.0,Walking,Walking_p2_3_35sek_20260204_154745.csv
0.9861692497119802,0.15245678853336878,1.3327415353323389,0.7330757123244501,0.5996658230078887,49.7654,23.78807074372811,7.787011051337971,41.85349686704804,6.400851505854513,35.452645361193525,31264.855,0.0,Walking,Walking_p2_3_35sek_20260204_154745.csv
1.034608748930453,0.16802480565824432,1.4838463532320318,0.7348469228349535,0.7489994303970784,53.805499999999995,37.936354124311194,25.287291707820682,123.37923893427127,7.87937814805204,115.49986078621923,101212.6431,0.0,Walking,Walking_p2_3_35sek_20260204_154745.csv
1.0311838654548517,0.13885036588984856,1.4176741515595181,0.7726577508832743,0.6450164006762439,54.1117,33.41659399451865,10.440996404748915,57.84127419066769,6.831990925052521,51.00928326561517,61175.1436,0.0,Walking,Walking_p4_1_35sek_20260204_143622.csv
1.0306531068239209,0.2256016296488199,1.7420964382031208,0.6729784543356495,1.0691179838674714,55.6062,33.82966871656558,28.862140170681478,114.01243177829336,2.0262773748921936,111.98615440340117,98040.45789999996,0.0,Walking,Walking_p4_1_35sek_20260204_143622.csv
1.0072895818718324,0.07349648230141809,1.2096693763173472,0.8302409288875128,0.3794284474298344,50.9963,22.37854395034973,10.512131993231817,45.53713429718651,5.858916282043975,39.678218015142534,30454.7025,0.0,Walking,Walking_p4_1_35sek_20260204_143622.csv
1.0157170482390112,0.24363086396044442,1.6297545827516486,0.6999285677838847,0.929826014967764,54.49249999999999,30.55856915185564,12.465665637542047,60.14901495452773,4.769171835864168,55.37984311866356,54305.55560000001,0.0,Walking,Walking_p4_1_35sek_20260204_143622.csv
1.053300398824713,0.2700383000720773,1.6231142904922007,0.6772001181334806,0.9459141723587201,59.0452,40.61081582792728,14.957694552186208,64.62181442825634,7.882138034822785,56.739676393433555,93424.8168,0.0,Walking,Walking_p4_1_35sek_20260204_143622.csv
1.0925942781403741,0.34732467809705003,1.89844673351664,0.561159513863928,1.337287219652712,65.5992,42.94468363865901,18.66985060485612,114.9904626479953,15.479386292744296,99.511076355251,109291.8954,0.0,Walking,Walking_p4_1_35sek_20260204_143622.csv
1.0640867365322395,0.3399511026306037,1.9157766049307523,0.6396092557178953,1.276167349212857,62.276799999999994,44.04017586258725,17.376862989019955,99.3392173313239,12.521485534871651,86.81773179645225,111772.66750000001,0.0,Walking,Walking_p4_1_35sek_20260204_143622.csv
1.1018046537028203,0.27347071081242613,2.000349969380358,0.7422937423958254,1.2580562269845328,64.3632,152.59340745744495,72.81582714059878,244.4845815179354,29.14244155866149,215.3421399592739,1424042.4894,0.0,Walking,Walking_p4_1_35sek_20260204_143622.csv
1.0383710359338643,0.24859521998957784,2.1760055146988946,0.7136525765384722,1.4623529381604223,56.9389,93.08865469572257,67.65288877899745,241.89861078559338,25.079126779056722,216.81948400653664,657543.6363,0.0,Walking,Walking_p4_1_35sek_20260204_143622.csv
1.0698911549850398,0.1913723704408248,1.463796433934719,0.7308898685848642,0.7329065653498548,59.027899999999995,35.174491085717534,16.379864719382855,66.74058285631016,9.311718423577895,57.42886443273226,75008.9396,0.0,Walking,Walking_p4_1_35sek_20260204_143622.csv
1.032445394868729,0.209850545978084,1.4926821496889415,0.7612489737267303,0.7314331759622112,55.45499999999999,30.149229648756855,10.610415540657641,57.108532637426435,14.215009672877468,42.893522964548964,50965.2674,0.0,Walking,Walking_p4_1_35sek_20260204_143622.csv
1.014036458561153,0.2173355834309242,1.4774302013970066,0.7948584779695063,0.6825717234275004,53.728,31.26930090569065,14.333618071148878,82.44774223712861,9.589191832474727,72.85855040465388,58955.6367,0.0,Walking,Walking_p4_1_35sek_20260204_143622.csv
1.0177618867697804,0.21584372142924366,1.5255490814785344,0.7711031059462802,0.7544459755322542,54.0748,32.51659101811955,14.159383293973667,73.07193852635908,7.524533208113311,65.54740531824577,62690.3532,0.0,Walking,Walking_p4_1_35sek_20260204_143622.csv
1.0378176354291566,0.29920397041223046,1.7744013074837384,0.6272160712226689,1.1471852362610695,58.2399,38.40126301125052,13.729185326721753,83.73913362341409,8.502881864403385,75.23625175901071,82968.886,0.0,Walking,Walking_p4_1_35sek_20260204_143622.csv
1.0613818213523383,0.23017435561426478,1.6014368548275641,0.7273926037567332,0.874044251070831,58.9226,32.49753862410105,9.90573887338105,58.57399508314248,11.610434961705785,46.96356012143669,57612.5603,0.0,Walking,Walking_p4_1_35sek_20260204_143622.csv
1.0466540799498667,0.23441467906146035,1.607638018958248,0.6580273550544841,0.9496106639037639,57.46679999999999,29.960226362162544,11.977108792548863,55.275127317809044,7.467636841732463,47.80749047607658,51909.8638,0.0,Walking,Walking_p4_1_35sek_20260204_143622.csv
1.0028948515307814,0.17642110097848532,1.3709850473291092,0.6619667665374146,0.7090182807916946,51.815000000000005,47.335762456202836,26.972665503755596,127.93554861726275,6.1183249341629455,121.81722368309981,147682.42990000002,0.0,Walking,Walking_p4_1_35sek_20260204_143622.csv
1.0864020969483419,0.17832692903377853,1.6395426191471814,0.6367102951892641,1.002832323957917,60.5717,118.35094068530935,52.21614939904763,202.8884432391357,16.860136417004462,186.02830682213124,833947.0447,0.0,Walking,Walking_p4_1_35sek_20260204_143622.csv
1.0531169579274662,0.24708643642850633,1.6656830430787244,0.6389053137985315,1.0267777292801927,58.4443,101.80266228938056,62.026278851447174,226.84357099111276,20.877080734623792,205.96649025648895,706704.8066,0.0,Walking,Walking_p4_1_35sek_20260204_143622.csv
1.0137927746271693,0.1286991830117946,1.6449620056402519,0.8025584090893323,0.8424035965509196,52.200399999999995,94.38228514007221,44.38973005579823,175.31611620156318,10.92315888376618,164.392957317797,541952.746,0.0,Walking,Walking_p4_1_35sek_20260204_143622.csv
1.0064103492639431,0.18766070363342502,1.3733535597216036,0.7624303246854758,0.6109232350361278,52.368700000000004,43.17410423356223,15.83524509999909,89.34212500271079,18.496394243203188,70.8457307595076,105487.15819999999,0.0,Walking,Walking_p4_1_35sek_20260204_143622.csv
1.057811646191257,0.2647650502209708,1.7409480176042018,0.6491532946846992,1.0917947229195026,59.38320000000001,42.2361429937118,15.087850532415132,84.30894733063627,18.918620457105217,65.39032687353105,100349.10720000001,0.0,Walking,Walking_p4_1_35sek_20260204_143622.csv
1.0732012188287585,0.23937235937578433,1.6219432789095924,0.6730527468185535,0.9488905320910389,60.3957,37.0180539934366,19.154520182117736,114.59913175936369,8.378532091004963,106.22059966835872,86494.70259999999,0.0,Walking,Walking_p4_1_35sek_20260204_143622.csv
1.0280369612247278,0.2229258281421999,1.5316331153380043,0.7211795892841116,0.8104535260538926,55.2781,34.26299285121047,11.687957297739231,58.955777494661206,9.956877020431657,48.99890047422955,65391.44290000001,0.0,Walking,Walking_p4_1_35sek_20260204_143622.csv
1.0148695391043256,0.15220092318558517,1.4792227688891217,0.8033056703397531,0.6759170985493687,52.6331,73.16195714615387,64.6053031606061,196.60688289070654,7.312277347037652,189.2946055436689,472152.0133,0.0,Walking,Walking_p4_1_35sek_20260204_143622.csv
1.0537295036272283,0.14595265232229734,1.6105589091989152,0.7895568377260753,0.8210020714728399,56.561099999999996,97.58379634714358,20.211587313060612,144.12738150677683,72.8128580677891,71.31452343898773,496146.77030000003,0.0,Walking,Walking_p4_1_35sek_20260204_143622.csv
1.0132451594208898,0.21617322728315788,1.5055231648832241,0.6972087205421343,0.8083144443410898,53.6231,42.709299551307495,18.914833069245798,79.75217928056887,8.752142594816426,71.00003668575243,108734.98799999998,0.0,Walking,Walking_p4_1_35sek_20260204_143622.csv
1.0335216947242416,0.21930992545340752,1.5099006589838948,0.7421590126111789,0.7677416463727159,55.765100000000004,39.644016307480484,17.094119558545827,72.54985871798786,8.735611026138928,63.814247691848934,92900.6387,0.0,Walking,Walking_p4_1_35sek_20260204_143622.csv
1.0636976586901716,0.24169742194011223,1.5471910030762202,0.6643794096749236,0.8828115934012966,59.4351,39.34064025187917,17.45169264266668,85.56859704354163,13.332490390020913,72.23610665352072,92307.816,0.0,Walking,Walking_p4_1_35sek_20260204_143622.csv
1.050724096763211,0.2387998745451728,1.6293863875704866,0.6854195795277518,0.9439668080427348,57.9953,32.65737141485688,12.769669192976354,66.62310109864295,5.560656436069396,61.062444662573554,61315.3535,0.0,Walking,Walking_p4_1_35sek_20260204_143622.csv
1.0227594816066383,0.22002560793383433,1.6740669042783207,0.6682065548915246,1.0058603493867961,54.674,30.157444294634857,9.234055624785235,46.1906765484118,12.01872705406026,34.17194949435154,49651.6937,0.0,Walking,Walking_p4_1_35sek_20260204_143622.csv
1.059229875395768,0.1855495727508579,1.5425303886795878,0.7664202502543889,0.7761101384251989,57.785399999999996,123.5304540866936,30.978473716623242,168.20861482100136,19.417685237947392,148.79092958305398,810012.2802,0.0,Walking,Walking_p4_1_35sek_20260204_143622.csv
1.0308698191374766,0.2041443466692294,1.5272524349301266,0.8031811750782012,0.7240712598519254,55.1767,46.10643020897796,36.33589175986096,142.2429713553538,10.221169209048444,132.02180214630536,170984.69979999997,0.0,Walking,Walking_p4_1_35sek_20260204_143622.csv
1.0062034712377612,0.2076461237864811,1.4578408692309324,0.754188305398592,0.7036525638323403,52.73499999999999,37.625127477661955,17.805151234956732,73.42713463018967,8.708851818695734,64.71828281149394,86316.65800000001,0.0,Walking,Walking_p4_1_35sek_20260204_143622.csv
1.027843091161741,0.21123683379107602,1.517168415173477,0.7297944916207576,0.7873739235527194,55.00950000000001,38.255622226371734,12.860975384072857,59.85318537889191,13.952265049087908,45.900920329804,81279.4613,0.0,Walking,Walking_p4_1_35sek_20260204_143622.csv
1.051371805280254,0.20560410062774298,1.39810586151407,0.7441102068914255,0.6539956546226445,44.71629999999999,33.65070756513088,12.73496723104054,57.01075863378771,6.078272780979807,50.9324858528079,50325.2515,0.0,Walking,Walking_p4_1_35sek_20260204_143622.csv
0.9364414017633442,0.006348795764250518,0.9515250916292224,0.9207062506576134,0.03081884097160903,43.8481,10.12652464888154,7.070175252251217,22.30770270556787,1.6533602148352309,20.65434249073264,7576.706600000001,0.0,Walking,Walking_p4_2_35sek_20260204_151801.csv
0.9419233351759013,0.03969823225266442,1.0266937225872184,0.8561541917201596,0.17053953086705875,44.438199999999995,48.37777234268209,30.974036249598672,100.79582233406303,2.4378063909999086,98.35801594306312,164030.598,0.0,Walking,Walking_p4_2_35sek_20260204_151801.csv
0.9944022036383263,0.14430783917793463,1.396710420953463,0.698856208386246,0.6978542125672171,50.462199999999996,123.68724641588241,54.4135947716773,195.24771163831858,17.277158331160827,177.97055330715776,910007.8718000001,0.0,Walking,Walking_p4_2_35sek_20260204_151801.csv
0.9959913420136881,0.18123512362249744,1.433527118683145,0.7067531393633848,0.7267739793197603,51.2094,40.58830847357378,20.620293087002842,83.43796557922538,6.018056164576731,77.41990941464864,103205.1671,0.0,Walking,Walking_p4_2_35sek_20260204_151801.csv
0.9376127801781223,0.12255891730457394,1.2081390648431165,0.751398695766768,0.4567403690763485,44.69189999999999,42.95811768293704,24.898066705107265,132.73571260214788,13.856070871643231,118.87964173050466,122645.7663,0.0,Walking,Walking_p4_2_35sek_20260204_151801.csv
1.0086500442066706,0.18876366911413353,1.5842348310777667,0.7374279625834648,0.846806868494302,52.6147,139.69343573447566,69.21252376275642,228.28723726919122,22.298147905151225,205.98908936404,1210441.0982000001,0.0,Walking,Walking_p4_2_35sek_20260204_151801.csv
0.9570975340228233,0.1459253036744484,1.381050324933889,0.6900724599634447,0.6909778649704443,46.8452,44.92548892052396,18.675724373347993,72.41403317037383,7.366064077918411,65.04796909245542,118005.3291,0.0,Walking,Walking_p4_2_35sek_20260204_151801.csv
1.0004824855458194,0.16533452827790315,1.3685393673548452,0.733007503372237,0.6355318639826082,51.3877,28.79902512413676,13.497931054588632,63.99525998072045,4.9940064076851165,59.00125357303533,50396.705400000006,0.0,Walking,Walking_p4_2_35sek_20260204_151801.csv
0.9612862046544511,0.14896524982063286,1.2848735346328837,0.7895568377260753,0.49531669690680835,47.2909,29.315947751027664,14.289066515939895,68.21651193076352,4.092065493122025,64.1244464376415,52975.9333,0.0,Walking,Walking_p4_2_35sek_20260204_151801.csv
0.9773381107386726,0.1720708720199809,1.5074150058958549,0.6159545437773798,0.8914604621184751,49.210300000000004,44.64996701304021,28.93556683910701,110.34321365630059,6.347456183385593,103.995757472915,140707.0621,0.0,Walking,Walking_p4_2_35sek_20260204_151801.csv
0.9724309067761225,0.09706999129897617,1.3289469515371937,0.8252878285786116,0.5036591229585821,47.7428,136.83824786719018,12.653221040164247,155.38975706268417,106.17449505413246,49.215262008551704,944080.4001,0.0,Walking,Walking_p4_2_35sek_20260204_151801.csv
0.993039568732103,0.15697528380893977,1.3269890730522238,0.5094114250780011,0.8175776479742227,50.5138,45.69379704289427,27.650460338692724,104.15851093405666,4.425031073337226,99.73347986071944,141859.00430000003,0.0,Walking,Walking_p4_2_35sek_20260204_151801.csv
0.960965819910346,0.1590683749916565,1.3409325113517085,0.7113367697511497,0.6295957416005589,47.4126,23.423899769403718,10.849456094376544,48.14159324326523,7.632483213214425,40.5091100300508,33201.7782,0.0,Walking,Walking_p4_2_35sek_20260204_151801.csv
0.9633905619122821,0.12962514722931603,1.2900387591076479,0.708660708661063,0.5813780504465849,47.22939999999999,42.958796937304896,22.075226480900817,87.27572457447718,9.99148137164855,77.28424320282863,116151.3773,0.0,Walking,Walking_p4_2_35sek_20260204_151801.csv
0.9593903134975857,0.10909753344171208,1.3590437814875576,0.8046738469715541,0.5543699345160035,46.6047,41.80981335833272,29.651526459336928,110.3645744793138,3.9734367995477164,106.39113767976609,130484.4627,0.0,Walking,Walking_p4_2_35sek_20260204_151801.csv
0.9972161427152938,0.16211599748589814,1.6297852619286997,0.7931582439841371,0.8366270179445625,51.0098,91.22265348793817,43.329523570852956,153.81180773919797,23.407998632945965,130.403809106252,508073.55850000004,0.0,Walking,Walking_p4_2_35sek_20260204_151801.csv
0.957519598880801,0.09685997551246556,1.2326394444443192,0.7841555968046137,0.4484838476397055,46.3019,71.17940988252633,31.03412254302716,119.17566614036609,22.324473118082764,96.85119302228333,300518.1409,0.0,Walking,Walking_p4_2_35sek_20260204_151801.csv
0.9936705715010402,0.1312140925918014,1.3051436702524362,0.7436396977031283,0.5615039725493078,50.2127,29.944016229420967,10.913337377095045,49.38642829766089,4.630701890642498,44.75572640701839,50668.151099999995,0.0,Walking,Walking_p4_2_35sek_20260204_151801.csv
0.9621560144328591,0.14597946420670646,1.4165450928226746,0.8156592425762121,0.6008858502464625,47.331399999999995,41.1109651455663,22.68366594746892,84.26171669269503,11.698153700477695,72.56356299221734,109718.45910000001,0.0,Walking,Walking_p4_2_35sek_20260204_151801.csv
0.9881841521548317,0.16319539256087517,1.4491721774861674,0.7102816342831906,0.7388905432029769,50.13040000000001,28.57163757217948,14.694739668414384,64.94430690984392,9.565443011173084,55.37886389867083,51397.757,0.0,Walking,Walking_p4_2_35sek_20260204_151801.csv
0.9486872657649978,0.16953860488472158,1.48296999295333,0.6635510530471638,0.8194189399061662,46.40879999999999,30.17566379365264,17.527393388415945,80.11714548085197,6.890253986610363,73.22689149424161,60581.8007,0.0,Walking,Walking_p4_2_35sek_20260204_151801.csv
0.9897516635241947,0.18435116376834781,1.5347312468311838,0.6334824385884742,0.9012488082427096,50.6457,80.05746591969422,70.10616555986455,218.61221466331656,8.256518636810553,210.35569602650602,561288.7405,0.0,Walking,Walking_p4_2_35sek_20260204_151801.csv
0.971632113674559,0.09255464837061844,1.2892633555639437,0.7722046360907191,0.5170587194732246,47.62319999999999,67.72378200321198,41.68052948248409,165.00191332224,15.421630912455402,149.5802824097846,314451.5928000001,0.0,Walking,Walking_p4_2_35sek_20260204_151801.csv
0.959945747538903,0.09675427418696211,1.1974556359214314,0.7333484846919642,0.4641071512294672,46.5335,37.2022529636227,20.206603700089623,79.82846422172985,12.393312712910943,67.4351515088189,89207.41610000002,0.0,Walking,Walking_p4_2_35sek_20260204_151801.csv
0.9887831741766226,0.1312725567213724,1.3861457354838271,0.6931089380465383,0.6930367974372889,49.729,25.01056451546536,6.604479510903458,39.77021372836711,10.500628552615314,29.269585175751796,33413.7552,0.0,Walking,Walking_p4_2_35sek_20260204_151801.csv
0.9971150502981017,0.16562059071994178,1.5609292104384491,0.7354590403278757,0.8254701701105734,51.056,43.9119628803146,27.5710793463796,96.20206546639214,11.256375970977516,84.94568949541463,133661.08060000002,0.0,Walking,Walking_p4_2_35sek_20260204_151801.csv
0.9522465442659908,0.15479584624192483,1.3434656675925887,0.5769748694700663,0.7664907981225224,46.5128,52.15288465658111,40.48950902164188,146.97464883441634,11.002990502586103,135.97165833183024,216326.78560000003,0.0,Walking,Walking_p4_2_35sek_20260204_151801.csv
1.0127751779436642,0.22208299363622497,1.9995249435803495,0.6676076692189807,1.3319172743613688,53.7024,97.55595576045548,49.51079622177719,204.11644078809525,20.20905242706842,183.90738836102682,595972.8534,0.0,Walking,Walking_p4_2_35sek_20260204_151801.csv
0.9677824992000745,0.12984698310899598,1.2671227249165726,0.7946697427233529,0.47245298219321974,47.6563,110.26949533850002,53.52736023442438,176.01463887983863,20.581984841117727,155.4326540387209,748361.8165,0.0,Walking,Walking_p4_2_35sek_20260204_151801.csv
1.0026720254472532,0.17254638354657786,1.4120906486483082,0.718192174839019,0.6938984738092893,51.7264,25.447697804735604,12.856312371545348,58.02190793140122,5.175297092921333,52.84661083847989,40478.2198,0.0,Walking,Walking_p4_2_35sek_20260204_151801.csv
0.9446508131572225,0.04788209585499879,1.0657391800998965,0.8868483523128404,0.17889082778705612,44.730599999999995,19.91483075018806,6.461788325110535,32.304286093334426,7.119122136893003,25.18516395644142,21876.0049,0.0,Walking,Walking_p4_3_35sek_20260204_151856.csv
0.9530875668483755,0.0058979345263184355,0.9612491872558332,0.9394147114027969,0.021834475853036328,45.420500000000004,6.538386842465145,0.9787546743332851,8.711630157438963,5.034421515924149,3.677208641514814,2184.4652,0.0,Walking,Walking_p4_3_35sek_20260204_151856.csv
0.9614231197445752,0.03151910370838187,1.0657391800998968,0.8889319434017432,0.17680723669815357,46.2654,21.519473998673252,22.66753708658846,86.25979190793356,4.770754657284317,81.48903725064925,48331.432700000005,0.0,Walking,Walking_p4_3_35sek_20260204_151856.csv
1.0043981442649603,0.1558726841704929,1.44215117099422,0.8101851640211638,0.6319660069730563,51.6313,76.80524721337018,34.11155302068122,148.38135024321622,17.436031658608563,130.94531858460766,351968.6044,0.0,Walking,Walking_p4_3_35sek_20260204_151856.csv
0.9814961944183753,0.15767837434786935,1.570063692975543,0.735187051028512,0.8348766419470309,49.385,158.5741917325219,40.10222494180395,198.79544511884572,38.2959997911009,160.4994453277448,1336089.9479999999,0.0,Walking,Walking_p4_3_35sek_20260204_151856.csv
1.0015605851264133,0.16664882519849075,1.4762791064023093,0.6460650122085237,0.8302140941937856,51.516999999999996,51.446036670257214,27.166373364100398,117.89720989065009,7.444857285401783,110.45235260524831,168497.31470000002,0.0,Walking,Walking_p4_3_35sek_20260204_151856.csv
0.9579948940560402,0.14337685095706199,1.4268146340712937,0.7371566997592844,0.6896579343120093,46.895,40.19791611280158,17.092789988172278,93.05048307236238,10.500938053335998,82.54954501902638,95109.633,0.0,Walking,Walking_p4_3_35sek_20260204_151856.csv
1.023561222438436,0.18325410015830748,1.4830037086939465,0.7385120175054701,0.7444916911884764,54.0294,46.503591240587056,30.004118964317094,123.05113124226042,10.302062900215663,112.74906834204477,152241.31050000002,0.0,Walking,Walking_p4_3_35sek_20260204_151856.csv
0.9833849626770741,0.15630952802578074,1.4882540105774953,0.6980687645210892,0.790185246056406,49.5495,79.0996042051507,60.38881504246601,180.71533498848402,11.690808355284933,169.0245266331991,491531.00940000004,0.0,Walking,Walking_p4_3_35sek_20260204_151856.csv
0.9996355750539417,0.12568472496028285,1.4555411364849844,0.8026830009412184,0.652858135543766,50.73760000000001,87.00949198516952,36.68887044838378,176.52807397125252,4.366634859935051,172.16143911131746,444490.1723,0.0,Walking,Walking_p4_3_35sek_20260204_151856.csv
0.9890087090098366,0.1383863768167425,1.3949193525075205,0.6660330322138684,0.7288863202936521,49.845299999999995,32.42247414038519,15.936743599211013,68.44329258590648,4.555886302356546,63.88740628354993,65005.851500000004,0.0,Walking,Walking_p4_3_35sek_20260204_151856.csv
0.9886736053819076,0.19563737284635646,1.4742455697745882,0.6229767250869008,0.8512688446876874,50.7492,40.13042292499959,20.822469757370268,96.69500710998474,9.555490568254463,87.13951654173027,101767.72930000002,0.0,Walking,Walking_p4_3_35sek_20260204_151856.csv
0.9969192328585263,0.19063278932032682,1.654508990607183,0.5949789912257406,1.0595299993814424,51.473099999999995,30.8556681129831,15.800664520430193,64.09781119507903,3.9888469511877735,60.10896424389126,59837.00169999999,0.0,Walking,Walking_p4_3_35sek_20260204_151856.csv
1.0134209680996025,0.14847504227868558,1.501932089010685,0.7654410493303845,0.7364910396803006,52.4313,59.19032886747111,38.759288953280524,141.00100354252803,7.924632483591905,133.07637105893613,248786.5931,0.0,Walking,Walking_p4_3_35sek_20260204_151856.csv
0.9857232809208611,0.08213735044034695,1.3045688943095337,0.8757853618324527,0.428783532477081,48.91310000000001,147.75651775256088,33.02681912116885,202.93105873670495,110.70760091339709,92.22345782330787,1145047.1952,0.0,Walking,Walking_p4_3_35sek_20260204_151856.csv
0.9975822982019699,0.12114908303609098,1.3382451195502263,0.8244392033376385,0.5138059162125878,50.477700000000006,61.4993039355626,36.26015980695356,141.0645231799973,12.776055729371253,128.28846745062606,253533.37949999998,0.0,Walking,Walking_p4_3_35sek_20260204_151856.csv
0.9770967221827981,0.158275126965518,1.5276452467768817,0.7754998388136518,0.7521454079632299,48.9634,40.03181243757636,12.214804874626976,66.16854993121733,15.056380707195206,51.112169224022125,87438.17179999998,0.0,Walking,Walking_p4_3_35sek_20260204_151856.csv
1.027815584512797,0.19029280400943394,1.4339456056629203,0.6199193495931548,0.8140262560697655,54.5946,58.89100733321204,28.895711341974966,107.95298652654311,14.240888314989345,93.71209821155377,214320.68180000002,0.0,Walking,Walking_p4_3_35sek_20260204_151856.csv
1.000641761990028,0.2152740639597986,1.66697330512519,0.6903622237637282,0.9766110813614618,52.334999999999994,42.84700644459862,22.44497604657104,102.50054341319365,12.557842171328637,89.94270124186502,116478.3686,0.0,Walking,Walking_p4_3_35sek_20260204_151856.csv
1.0379238129018526,0.1982272418192439,1.7262966141425407,0.7130918594402827,1.013204754702258,55.789699999999996,112.67642276974091,69.87935939316118,234.6926611549667,9.990640620100395,224.70202053486628,874071.931,0.0,Walking,Walking_p4_3_35sek_20260204_151856.csv
0.9979852349211307,0.1298172612002201,1.3716413525408164,0.8228000972289686,0.5488412553118478,50.6245,54.32565577880284,44.80559800350919,150.22028191958634,7.840006377548426,142.3802755420379,245933.38280000002,0.0,Walking,Walking_p4_3_35sek_20260204_151856.csv
1.0064865642387189,0.19429305660217477,1.5267285285865329,0.591100668245266,0.9356278603412669,52.5005,30.638377938554036,12.836877095525931,60.64925556014682,7.165535569655627,53.483719990491196,55009.9954,0.0,Walking,Walking_p4_3_35sek_20260204_151856.csv
0.9668927907649828,0.15546615606076278,1.3802535998866294,0.6229767250869008,0.7572768747997286,47.928399999999996,28.544237399910234,14.79995281492636,61.024459030785344,7.610269377623895,53.41418965316145,51471.566,0.0,Walking,Walking_p4_3_35sek_20260204_151856.csv
1.0031440453560354,0.13286491631148323,1.421724305201258,0.7778817390837761,0.6438425661174819,51.1799,29.746427950885348,13.199339971237702,56.34934427302592,11.430896727728758,44.91844754529716,52779.40499999999,0.0,Walking,Walking_p4_3_35sek_20260204_151856.csv
0.9942408506076305,0.11622080929541426,1.3657964709282273,0.685638388656878,0.6801580822713493,50.0876,144.1893190306433,36.9227640567603,193.60599939051477,21.84783284447224,171.75816654604253,1106329.2209,0.0,Walking,Walking_p4_3_35sek_20260204_151856.csv
1.0003421134540946,0.08847723130491063,1.2666096478394595,0.878692210048547,0.3879174377909125,50.4178,50.066388683581145,25.93018338524482,118.90735931808426,8.131229919268057,110.77612939881621,158278.50990000003,0.0,Walking,Walking_p4_3_35sek_20260204_151856.csv
0.9925981818643643,0.13282199750025342,1.4678555787270082,0.8060397012554654,0.6618158774715428,50.126999999999995,41.978845696305605,13.25773728677204,67.20560839691878,9.292712198276668,57.91289619864211,96723.7866,0.0,Walking,Walking_p4_3_35sek_20260204_151856.csv
1.0009368091283763,0.17719902373361807,1.477193284577208,0.6794115100585212,0.7977817745186868,51.6323,30.708941963233343,11.07602989631424,56.52224429372917,3.7685806346687083,52.753663659060464,53163.1993,0.0,Walking,Walking_p4_3_35sek_20260204_151856.csv
0.9739902774381985,0.1777838043169548,1.349666625504239,0.6891298861608022,0.6605367393434369,48.9816,32.246670665934445,15.211278608347774,66.65318972112287,10.587204541331957,56.065985179790914,63330.155300000006,0.0,Walking,Walking_p4_3_35sek_20260204_151856.csv
0.9953273621589428,0.16715946845941332,1.5238766354268969,0.6181423784210237,0.9057342570058732,50.903,46.773175281258645,19.085479043371016,88.83771383821176,13.866286453120749,74.971427385091,127235.0163,0.0,Walking,Walking_p4_3_35sek_20260204_151856.csv
0.9909755801133326,0.09832992993729484,1.3285706605220513,0.8609878047916822,0.46758285573036906,49.575399999999995,121.85083986740057,44.95853302141714,189.99961078907504,23.60483425063603,166.394776538439,841423.5737,0.0,Walking,Walking_p4_3_35sek_20260204_151856.csv
1.0026730338562415,0.12101099282802544,1.367845020461017,0.8376156636548769,0.5302293568061401,50.9852,35.50250581455285,15.78083696105725,66.03563356249413,6.623435664366342,59.412197898127786,75224.1019,0.0,Walking,Walking_p4_3_35sek_20260204_151856.csv
0.9765633322399616,0.1740749842077296,1.448516482474397,0.657723346096214,0.790793136378183,49.16860000000001,35.1592831340038,20.37253782551393,73.90257505662437,8.015616008766887,65.88695904785749,82145.7341,0.0,Walking,Walking_p4_3_35sek_20260204_151856.csv
0.994404031926806,0.17334824359909018,1.372188033762137,0.6185466837676846,0.7536413499944524,50.91439999999999,40.72322037555664,23.845765769771035,105.04990575912004,9.207898783110075,95.84200697600997,110781.44060000002,0.0,Walking,Walking_p4_3_35sek_20260204_151856.csv
1.0030928715708305,0.16816746695671597,1.3781872151489434,0.7075309180523491,0.6706562970965942,51.6955,30.05481874287643,17.413641214279007,76.98667092425805,6.207398811096319,70.77927211316172,60023.11660000001,0.0,Walking,Walking_p4_3_35sek_20260204_151856.csv
0.9735952404521688,0.1381965022479032,1.5333623185666199,0.7376991256603196,0.7956631929063003,48.3302,45.895261243683336,23.720295911661697,108.74621372719143,5.122431063469766,103.62378266372167,132888.71970000002,0.0,Walking,Walking_p4_3_35sek_20260204_151856.csv
0.9955231032827213,0.13918769749155444,1.7186331778480248,0.8768694315575153,0.8417637462905095,50.5026,124.59185606619221,10.182762043670047,142.28203857128278,98.0381548173975,44.243883753885285,781237.2734,0.0,Walking,Walking_p4_3_35sek_20260204_151856.csv
1.0190281098170444,0.18851539375669582,1.2399193522161027,0.8058535847162311,0.4340657674998716,6.408199999999999,95.01280531682808,6.105277306710511,102.94889508877694,86.85355145300623,16.095343635770703,54350.9711,0.0,Walking,Walking_p4_3_35sek_20260204_151856.csv
0.9668880359600349,0.07261532641216253,1.1906720791217034,0.8167006795638168,0.3739713995578866,47.001999999999995,39.11602113429892,14.773485371485966,68.90750467111693,18.09380556986285,50.81369910125407,87197.6931,0.0,Walking,Walking_p4_4_35sek_20260205_105347.csv
0.9470812800440696,0.10626809084923479,1.2654248298496438,0.6533758489567854,0.6120489808928584,45.401500000000006,28.952246519126323,14.570205253121852,70.80138063625596,4.404020890050364,66.3973597462056,52313.88210000001,0.0,Walking,Walking_p4_4_35sek_20260205_105347.csv
0.9827398112087028,0.22185779474074752,1.707893439298834,0.5660388679233962,1.141854571375438,50.7007,35.36305823629876,14.081379663973326,68.83010169976505,12.995453050971326,55.834648648793724,72243.2718,0.0,Walking,Walking_p4_4_35sek_20260205_105347.csv
0.9834676036256309,0.14501749584403992,1.4509996554100213,0.761051903617618,0.6899477517924033,49.3909,45.845373737004465,32.243964391937816,152.95075089714337,5.076012214327306,147.87473868281606,156033.9034,0.0,Walking,Walking_p4_4_35sek_20260205_105347.csv
0.9950636920966385,0.2231048272673774,1.363048054912225,0.6138403701289122,0.7492076847833128,51.9466,29.666446168443613,13.36462112027909,51.29032072428481,3.901448448973791,47.38887227531102,52756.9432,0.0,Walking,Walking_p4_4_35sek_20260205_105347.csv
0.962945335192307,0.14442101658697729,1.2436237373096415,0.6646051459325304,0.5790185913771111,47.3852,29.1062399859169,11.72150317214061,51.05398515297312,7.671414471921068,43.38257068105205,49090.9485,0.0,Walking,Walking_p4_4_35sek_20260205_105347.csv
0.9982329147151955,0.12230377027581225,1.307440247200613,0.7723988606931006,0.5350413865075124,50.556400000000004,27.650127475317095,15.270039112212,61.956043288770466,7.118321431348826,54.83772185742164,49652.00810000001,0.0,Walking,Walking_p4_4_35sek_20260205_105347.csv
0.9729320711746234,0.11271774790924569,1.3851353724455961,0.7645259969418962,0.6206093755037,47.952400000000004,62.86929320068492,38.4517988279935,142.1052588752436,18.958430842240084,123.14682803300352,270075.9022,0.0,Walking,Walking_p4_4_35sek_20260205_105347.csv
0.9855381819102921,0.11886577920613506,1.2937928736857378,0.8306021911842033,0.4631906825015345,49.256600000000006,52.80997901710433,25.55457940934999,119.17268520932134,14.504595823393357,104.66808938592798,171443.48410000003,0.0,Walking,Walking_p4_4_35sek_20260205_105347.csv
0.9870256787588186,0.16454113520386515,1.3773525329413672,0.6326136261573885,0.7447389067839787,50.037600000000005,24.478585527869082,8.636479025266953,46.61429072720081,10.532587526339384,36.081703200861426,33614.90720000001,0.0,Walking,Walking_p4_4_35sek_20260205_105347.csv
0.9762971606442111,0.13159870245487754,1.3167763667381034,0.7513321502504734,0.56544421648763,48.506400000000006,36.29522246655628,16.328905886563046,78.06544946389536,10.837970289680628,67.22747917421474,78932.1839,0.0,Walking,Walking_p4_4_35sek_20260205_105347.csv
0.9866539661555928,0.09832241356695365,1.3720058308913996,0.6646803743153546,0.707325456576045,49.148,105.28731476083053,33.47284498639857,149.2497685090332,50.21516304862506,99.03460546040814,609172.0687,0.0,Walking,Walking_p4_4_35sek_20260205_105347.csv
0.981355352139384,0.06220171947378551,1.1686744627996284,0.8566796367370944,0.31199482606253404,48.342499999999994,63.18322199673711,26.54749613680562,116.00648731859785,18.474644786842315,97.53184253175553,234139.68510000003,0.0,Walking,Walking_p4_4_35sek_20260205_105347.csv
0.9684821397555694,0.055460456352706265,1.089495295997188,0.83916625289629,0.250329043100898,47.04860000000001,15.780241622405335,5.487555897953996,30.58737321183367,7.6080220819868805,22.979351129846787,13926.351499999999,0.0,Walking,Walking_p4_4_35sek_20260205_105347.csv
0.9755679404467631,0.07136564065274441,1.2042009799032716,0.862902080192185,0.3412988997110866,47.836200000000005,37.886729756710636,17.254537065031553,69.1945756544543,9.625803862535326,59.56877179191897,86358.448,0.0,Walking,Walking_p4_4_35sek_20260205_105347.csv
0.9809000101999907,0.11915163546651239,1.3026895255585653,0.7711031059462801,0.5315864196122853,48.8039,26.141514510657135,9.325018853682433,53.154434434015,8.82334403726841,44.33109039674659,38429.781899999994,0.0,Walking,Walking_p4_4_35sek_20260205_105347.csv
1.0079596576631795,0.09125725312815078,1.1722627691776277,0.854400374531753,0.31786239464587474,51.2072,106.64287878092733,36.03819554414453,144.7513965390317,11.012837963032053,133.73855857599966,632274.0051,0.0,Walking,Walking_p4_4_35sek_20260205_105347.csv
0.981308972202037,0.10263219984330008,1.4036025078347503,0.7651143705355429,0.6384881372992074,48.6645,51.20092526584017,25.707639576073806,97.27468786894153,7.675864772128285,89.59882309681325,163459.9913,0.0,Walking,Walking_p4_4_35sek_20260205_105347.csv
0.9683977159244942,0.08677829946115521,1.2865846260545786,0.8464632301523795,0.4401213959021991,47.258700000000005,36.68425135235041,18.355300094211152,76.70931234211398,16.04985046659314,60.65946187552083,83795.6499,0.0,Walking,Walking_p4_4_35sek_20260205_105347.csv
0.9854495843173054,0.1380960800137096,1.3427211177307075,0.7839642849007855,0.558756832829922,49.489999999999995,26.73534453456338,11.648464408658667,47.80531769583798,3.5766744330453117,44.228643262792666,42387.5818,0.0,Walking,Walking_p4_4_35sek_20260205_105347.csv
0.9967721838848346,0.12734018969552066,1.291394595001853,0.7829431652425353,0.5084514297593178,50.4723,28.473815601748253,15.54649790203562,66.25145658776115,5.689753948985843,60.56170263877531,52380.89499999999,0.0,Walking,Walking_p4_4_35sek_20260205_105347.csv
0.9681242319768708,0.08116166444010363,1.242497484906911,0.8302409288875128,0.41225655601939826,47.18599999999999,16.706575666308595,8.005472458995802,34.11289638831625,3.047966535249362,31.06492985306689,17095.775400000002,0.0,Walking,Walking_p4_4_35sek_20260205_105347.csv
0.9979053520360174,0.12773101671278508,1.4480676779764128,0.7874007874011811,0.6606668905752316,50.590199999999996,59.85144296969548,24.952018454308913,92.83390436688526,9.351850084341601,83.48205428254366,209617.3193,0.0,Walking,Walking_p4_4_35sek_20260205_105347.csv
0.972756171648255,0.14687711968155379,1.3714955340794954,0.6307138812488592,0.7407816528306362,48.3698,105.26104183833448,27.613290816243666,155.7040452268341,29.123176337755467,126.58086888907863,591356.5441,0.0,Walking,Walking_p4_4_35sek_20260205_105347.csv
0.9970558466312616,0.16298753770569493,1.4200352108310554,0.5739337940912698,0.8461014167397857,51.00770000000001,26.496678400833442,10.897350910198618,51.02129065400051,7.826557353012881,43.19473330098763,40922.5589,0.0,Walking,Walking_p4_4_35sek_20260205_105347.csv
0.9774698494567978,0.1505320272482046,1.4231303524273524,0.6282515419798028,0.7948788104475496,48.88270000000001,32.11879077230893,19.65677235231818,82.49992787875635,6.589825490860893,75.91010238789546,70513.8823,0.0,Walking,Walking_p4_4_35sek_20260205_105347.csv
0.9514953391628072,0.20402235659672244,1.606268968759591,0.6099180272790763,0.9963509414805147,47.3068,25.288416158178283,6.786092636879776,46.12785058942157,8.955702094196747,37.172148495224825,34231.7012,0.0,Walking,Walking_p4_4_35sek_20260205_105347.csv
1.0118154963243366,0.1761012040831259,1.4636256351950112,0.7774959806970065,0.6861296544980047,52.708099999999995,27.291931661642185,9.672470411085232,52.3713795884737,8.74550170087457,43.62587788759913,41826.7542,0.0,Walking,Walking_p4_4_35sek_20260205_105347.csv
0.9975559696101383,0.2058186429130971,1.4932514858522659,0.5097057974949863,0.9835456883572795,51.831599999999995,34.864212445603705,18.48498686324938,79.5414439144777,5.665315525193632,73.87612838928406,77518.70770000001,0.0,Walking,Walking_p4_4_35sek_20260205_105347.csv
0.9899947890066738,0.16374544000390506,1.5519664944836922,0.8070935509592428,0.7448729435244493,50.318299999999994,67.03362843768511,32.023589973234614,138.62052733992897,10.854220377346316,127.76630696258266,274925.37249999994,0.0,Walking,Walking_p4_4_35sek_20260205_105347.csv
0.992530400793769,0.10010914197157972,1.275695888525161,0.7846655338422861,0.4910303546828749,49.746900000000004,95.86804344444207,21.986769030082893,139.08321178344997,39.98090919426421,99.10230258918577,483221.5703,0.0,Walking,Walking_p4_4_35sek_20260205_105347.csv
0.9651559797549594,0.1100924228761405,1.274284112747232,0.7526619427073485,0.5216221700398834,47.1702,29.82759419499613,12.414619037882236,67.61956743428637,7.217035402434991,60.40253203185138,52036.2843,0.0,Walking,Walking_p4_4_35sek_20260205_105347.csv
1.0049750277049971,0.14273992937542782,1.3469966592386189,0.7347108274688757,0.6122858317697432,51.4971,27.388809768740593,13.205904270583526,70.2506469721098,7.155899663913685,63.09474730819612,46052.7445,0.0,Walking,Walking_p4_4_35sek_20260205_105347.csv
0.9598974904803854,0.16194861798358834,1.2366891282775958,0.5916079783099616,0.6450811499676342,47.35530000000001,63.6068509259072,28.3130893737713,138.85010406910035,9.308888225776482,129.54121584332387,241571.49469999998,0.0,Walking,Walking_p4_4_35sek_20260205_105347.csv
0.9493434527046426,0.15730838297403585,1.503462669972221,0.5651548460377916,0.9383078239344295,46.275200000000005,36.979204186364065,19.675706033106376,71.5853350903661,9.240373369079844,62.34496172128625,87342.61409999999,0.0,Walking,Walking_p4_4_35sek_20260205_105347.csv
0.9979656496657401,0.18659287255685156,1.5823400393088711,0.6624198064671677,0.9199202328417034,51.5028,37.81691200543432,16.41494243287902,70.44568049213522,7.825586240020616,62.62009425211461,84709.0081,0.0,Walking,Walking_p4_4_35sek_20260205_105347.csv
0.9752063765281642,0.14235097176362888,1.3753908535394586,0.6621933252457322,0.7131975282937264,48.54430000000001,36.095704415263015,15.196406018649098,70.73607848898608,9.526662584557092,61.20941590442899,76460.60089999999,0.0,Walking,Walking_p4_4_35sek_20260205_105347.csv
0.914122685445129,0.03091373716493459,0.9472064188971694,0.8639444426582069,0.08326197623896248,5.0184999999999995,40.98874487615478,2.454492243416898,44.29604609894657,37.658503687746276,6.637542411200293,10110.585899999998,0.0,Walking,Walking_p4_4_35sek_20260205_105347.csv
0.9473585923689776,0.06742870357636334,1.1014535850411493,0.8261355820929153,0.27531800294823405,45.09720000000001,16.566685300457316,8.076154378572907,43.72884745794246,6.955228249310012,36.77361920863245,16918.7423,0.0,Walking,Walking_slow_Chrysi_4_20sek_20260202_103424.csv
0.9567304326016383,0.066600233911173,1.120446339634344,0.8429709366283038,0.27747540300604023,45.984,18.160482252801618,10.23189323284026,39.54394770378901,3.3024384929927155,36.241509210796295,21620.0461,0.0,Walking,Walking_slow_Chrysi_4_20sek_20260202_103424.csv
0.9500688034478302,0.07609921501384122,1.2503599481749246,0.8270429251254132,0.42331702304951135,45.415299999999995,16.54929917972215,7.081251954629677,31.88920507005466,4.331016047072557,27.558189022982106,16151.0275,0.0,Walking,Walking_slow_Chrysi_4_20sek_20260202_103424.csv
0.9553377720601393,0.07799621442389942,1.22204746225341,0.8198170527623831,0.40223040949102695,45.9316,14.989954296443418,9.058485828246823,39.940336753713034,0.6872408602520662,39.253095893460966,15255.6886,0.0,Walking,Walking_slow_Chrysi_4_20sek_20260202_103424.csv
0.9486321142591885,0.08344075128889562,1.173626857225072,0.7867655305108378,0.38686132671423434,45.336299999999994,15.330274842379984,4.07668748797146,21.648637370513644,5.921933805776623,15.72670356473702,12565.216,0.0,Walking,Walking_slow_Chrysi_4_20sek_20260202_103424.csv
0.9542095809142319,0.04488165494381313,1.0529007550571896,0.8764701934464172,0.17643056161077242,45.624500000000005,14.662712893627667,7.765306320031643,32.66574658568207,3.7424190037995477,28.923327581882525,13704.4566,0.0,Walking,Walking_slow_Chrysi_4_20sek_20260202_103424.csv
0.9485819318240141,0.08227826489731067,1.194194289050153,0.7739509028355739,0.420243386214579,45.322100000000006,14.673690294777542,6.950324403892106,28.8667940720822,1.944890742432592,26.92190332964961,13132.902800000002,0.0,Walking,Walking_slow_Chrysi_4_20sek_20260202_103424.csv
0.9515397531417757,0.04216220126122912,1.0724737759031686,0.8558621384311844,0.2166116374719842,45.35849999999999,53.11152882023046,22.770012914810632,82.26382254673072,11.837170269958948,70.42665227677178,166446.9256,0.0,Walking,Walking_slow_Chrysi_4_20sek_20260202_103424.csv
0.9554372426643795,0.03746665633092849,1.0568822072492279,0.8762419757121888,0.18064023153703912,45.7118,75.97453476875711,14.566973572158195,113.02148158646656,59.65736249617477,53.364119090291794,299004.1359,0.0,Walking,Walking_slow_Chrysi_4_20sek_20260202_103424.csv
0.9505540839234796,0.14397042474203794,1.5673544589530475,0.7151223671512449,0.8522320918018026,46.19330000000001,70.09852207171241,10.624104253317409,88.36798062646899,44.957710128519665,43.41027049794933,251220.8478,0.0,Walking,Walking_slow_Chrysi_4_20sek_20260202_103424.csv
0.9339469733061964,0.06637133518992096,1.031649165171959,0.8020598481410225,0.22958931703093655,43.828700000000005,63.213304345060635,28.64619912421227,118.03988563193374,33.46048116808842,84.57940446384532,240005.72379999998,0.0,Walking,Walking_Xiaoye_1_20sek_20260202_094820.csv
0.9733420377024424,0.11418423012590685,1.3443957750603057,0.8144323176298938,0.529963457430412,48.0086,31.27800461390247,11.912876131616594,71.2067229972002,12.065243470398764,59.14147952680144,55869.5929,0.0,Walking,Walking_Xiaoye_1_20sek_20260202_094820.csv
0.9719349518266113,0.17730536732843763,1.5603525242713583,0.638200595424354,0.9221519288470043,48.77329999999999,40.06980214044718,15.69883404046349,75.60935193479706,14.364212474062057,61.245139460735004,92355.6683,0.0,Walking,Walking_Xiaoye_1_20sek_20260202_094820.csv
1.0157413210805424,0.17120690624050008,1.5052242357868146,0.7194442299441979,0.7857800058426168,53.022800000000004,50.69369980571003,21.784039701648894,84.48876848433761,15.460203750274445,69.02856473406317,151745.2349,0.0,Walking,Walking_Xiaoye_1_20sek_20260202_094820.csv
0.91449061757807,0.15117536229485193,1.5096357176484663,0.7034912934784624,0.8061444241700039,42.9345,34.95910223852003,28.2424360955085,120.48975433620903,6.773374343707869,113.71637999250116,100191.0661,0.0,Walking,Walking_Xiaoye_1_20sek_20260202_094820.csv
1.0279592299987623,0.1886358695637527,1.5293462655657808,0.8249242389456136,0.7044220266201672,54.578599999999994,60.98247342908242,39.082943412529666,141.17347165809872,19.908975362885958,121.26449629521277,260789.4501,0.0,Walking,Walking_Xiaoye_1_20sek_20260202_094820.csv
1.0010257240593876,0.18803359385964613,1.4060583202698245,0.7576938695805846,0.6483644506892399,51.8351,46.330085801990755,24.967805302277235,96.6448043093885,7.4748511690869135,89.16995314030159,137870.01630000002,0.0,Walking,Walking_Xiaoye_1_20sek_20260202_094820.csv
0.9654513706794817,0.10118507418521412,1.2549501982150526,0.7592759709091287,0.4956742273059239,47.1065,33.09452156746671,17.785503275296776,78.15198781860893,15.205374049986405,62.94661376862253,70262.2501,0.0,Walking,Walking_Xiaoye_1_20sek_20260202_094820.csv
0.9820563809889447,0.19746677467593127,1.9229404566964625,0.7986238163240564,1.124316640372406,50.1324,46.98796646132662,32.24955832365239,130.47657031053507,3.4045557713158403,127.07201453921923,161355.11620000002,0.0,Walking,Walking_Xiaoye_1_20sek_20260202_094820.csv
0.9597131506548464,0.09739813339025608,1.2884486796143648,0.8191458966508959,0.46930278296346895,46.5173,30.710073912704015,10.004425463429813,50.65333947530015,13.421870212455492,37.231469262844655,52059.7699,0.0,Walking,Walking_Xiaoye_1_20sek_20260202_094820.csv
1.005172514471376,0.202162331599249,1.7061359852016484,0.6445153217728807,1.0616206634287677,52.5212,59.574625404147085,14.93698901288249,90.92653133161959,25.516187019223697,65.41034431239589,188389.36800000002,0.0,Walking,Walking_Xiaoye_1_20sek_20260202_094820.csv
0.9450271789472635,0.05222924650677723,1.045609869884557,0.8298192574289899,0.2157906124555672,26.8714,65.00622059054713,29.69260190919139,100.43602391572459,5.344988306816021,95.09103560890857,152342.12910000002,0.0,Walking,Walking_Xiaoye_1_20sek_20260202_094820.csv
0.9612799154912743,0.14126586626832188,1.2560652849274991,0.6186275131288618,0.6374377717986374,47.1808,66.5214971835054,21.280412486049485,106.42050789204119,25.217493927827164,81.20301396421402,243445.42119999998,0.0,Walking,Walking_Xiaoye_1_2min_20260129_110230.csv
1.0523635562219882,0.2045626133770359,1.62265215003093,0.7629547824084989,0.8596973676224312,57.4239,55.801171696154896,21.050211869025446,95.36337347220892,15.024702992072754,80.33867048013616,177400.9977,0.0,Walking,Walking_Xiaoye_1_2min_20260129_110230.csv
1.0075663185478587,0.16489363834684428,1.3272904731067725,0.6619667665374146,0.6653237065693579,52.0918,37.546520191122134,15.941242030889752,95.03581272341495,17.41027857330261,77.62553415011234,82939.0956,0.0,Walking,Walking_Xiaoye_1_2min_20260129_110230.csv
1.0170102619301569,0.19704999657901393,1.6299079728622718,0.7576938695805847,0.8722141032816871,53.6181,34.08530907651752,11.95366040592913,61.36493216813655,5.752521186401663,55.61241098173488,65092.0246,0.0,Walking,Walking_Xiaoye_1_2min_20260129_110230.csv
1.038076503579968,0.20064480931560247,1.7161002301730512,0.7220110802473879,0.9940891499256633,55.852799999999995,36.01606928124713,19.141594348764695,98.8620336630802,6.3154730622495725,92.54656060083063,82811.4934,0.0,Walking,Walking_Xiaoye_1_2min_20260129_110230.csv
1.0406180427282745,0.15886102625127207,1.5412332724153084,0.7863841300534999,0.7548491423618084,55.380900000000004,82.03478795312863,35.62207778899662,163.59099761294937,26.536981742466494,137.05401587048289,398663.01060000004,0.0,Walking,Walking_Xiaoye_1_2min_20260129_110230.csv
1.0183383062098388,0.08166065988674732,1.2549900398011133,0.7879720807236764,0.46701795907743693,52.177400000000006,69.06578796723619,49.877615613116134,186.9562946252412,4.714095883623921,182.2421987416173,360405.2038,0.0,Walking,Walking_Xiaoye_1_2min_20260129_110230.csv
0.9589093039398519,0.16226379007334982,1.353255334369682,0.7126008700527946,0.6406544643168874,47.2655,63.371288616540134,40.80619192059433,181.00719350346273,20.593770902872546,160.4134226005902,282388.1307,0.0,Walking,Walking_Xiaoye_1_2min_20260129_110230.csv
1.0341420223876967,0.2186187566217072,1.5415900881881668,0.6252199612936234,0.9163701268945433,55.8144,48.318049436941685,20.94191185279571,127.23415461266679,23.156165485675732,104.07798912699106,138221.315,0.0,Walking,Walking_Xiaoye_1_2min_20260129_110230.csv
1.0570457910799178,0.21296305025930162,1.679613050675661,0.7049822692805827,0.9746307813950783,58.0896,43.624419570964974,28.420287649817624,138.82200149832158,11.935128822094883,126.8868726762267,134732.42390000002,0.0,Walking,Walking_Xiaoye_1_2min_20260129_110230.csv
1.110621660990919,0.22980809682227046,1.720174409761987,0.7227724399837061,0.997401969778281,64.26180000000001,52.53715009324049,17.407877295026363,89.13591924695677,18.92989434730157,70.2060248996552,152856.2824,0.0,Walking,Walking_Xiaoye_1_2min_20260129_110230.csv
0.9707434593846653,0.19753360877017342,1.6172198366332267,0.6984268036093689,0.9187930330238577,49.0291,52.92234782587235,29.771313452570567,135.80685402438272,15.86561376058298,119.94124026379974,183468.9691,0.0,Walking,Walking_Xiaoye_1_2min_20260129_110230.csv
1.0344876161784882,0.2070378353802213,1.4384366513684221,0.6060528029800704,0.8323838483883518,55.608599999999996,77.24013707480762,41.76127566988891,145.10775203275668,24.905641931096657,120.20211010166003,383758.14189999993,0.0,Walking,Walking_Xiaoye_1_2min_20260129_110230.csv
1.021856618208605,0.09964760266873189,1.295028957205205,0.8518215775618742,0.4432073796433308,52.6961,81.94248670510363,54.15316803991336,185.31381950626346,4.0347242780641155,181.27909522819934,479424.27119999996,0.0,Walking,Walking_Xiaoye_1_2min_20260129_110230.csv
0.9909275349216189,0.09719862125378419,1.2934063553268942,0.8309031231136396,0.4625032322132546,49.5598,48.451601132627935,13.697620666494968,71.45913797408978,14.585516788924553,56.873621185165234,126571.4984,0.0,Walking,Walking_Xiaoye_1_2min_20260129_110230.csv
0.9976169985703401,0.16543179173865907,1.7142636903347164,0.8405950273467004,0.8736686629880159,51.102999999999994,30.531641617442254,12.023605784679384,70.54052027026736,11.106020889589574,59.43449938067779,53692.8447,0.0,Walking,Walking_Xiaoye_1_2min_20260129_110230.csv
1.0537447261685353,0.20267107178572463,1.7052272575818157,0.7321885003194192,0.9730387572623965,57.53159999999999,46.228718913307006,17.35620490218361,76.06102615663293,4.561238866799238,71.49978728983369,121615.37720000002,0.0,Walking,Walking_Xiaoye_1_2min_20260129_110230.csv
0.9832613261556706,0.23399625953445133,2.0546775902802854,0.6491532946846993,1.405524295595586,51.0231,41.02656872961373,22.15798009549905,91.68677658201318,8.53546132320919,83.15131525880399,108216.79510000002,0.0,Walking,Walking_Xiaoye_1_2min_20260129_110230.csv
1.0456884223348828,0.14245559062669344,1.55161206491829,0.7441102068914255,0.8075018580268646,55.6676,31.710997004620726,9.70286087481709,46.74537945080776,12.474750498506973,34.27062895230079,54892.4965,0.0,Walking,Walking_Xiaoye_1_2min_20260129_110230.csv
1.0971610953926418,0.19278181268697497,1.5088074761214567,0.7525955088890712,0.7562119672323855,62.00919999999999,49.179280889810634,18.200391932343788,81.99576269539787,23.421861582717973,58.5739011126799,137161.5425,0.0,Walking,Walking_Xiaoye_1_2min_20260129_110230.csv
1.0083204885212929,0.08920163142658759,1.2732635233917604,0.790253124005214,0.48301039938654644,51.22539999999999,105.12587905302445,16.117542012964083,136.30872936096205,34.55873116883778,101.74999819212427,565301.5051999999,0.0,Walking,Walking_Xiaoye_1_2min_20260129_110230.csv
1.0051484873902152,0.09036500980525916,1.2495599225327292,0.8289752710425082,0.42058465149022095,50.9163,45.04232496717041,26.831684962186344,94.6142446991995,3.696565973981798,90.91767872521771,136717.5785,0.0,Walking,Walking_Xiaoye_1_2min_20260129_110230.csv
1.0384638640049166,0.1703382084595286,1.5588778014969615,0.7942291860665912,0.7646486154303703,55.3421,31.52893811405867,13.33295538834549,61.29850324436968,9.853121332856913,51.44538191151276,58414.31419999999,0.0,Walking,Walking_Xiaoye_1_2min_20260129_110230.csv
1.0597633274693126,0.22601176091660213,1.5183214415926556,0.7856844150166147,0.7326370265760409,58.6579,32.49957545289864,11.669198221121475,56.32784213867952,11.216599306385158,45.111242832294366,59483.4594,0.0,Walking,Walking_Xiaoye_1_2min_20260129_110230.csv
0.9986316660776237,0.19793009358343852,1.3305637902783918,0.555517776493246,0.7750460137851458,51.7829,44.24578883568239,18.600855650392496,76.77516134792553,12.815010729609241,63.96015061831629,114838.09120000001,0.0,Walking,Walking_Xiaoye_1_2min_20260129_110230.csv
1.0354665968722103,0.18820019400183985,1.5508062419270823,0.6274551776820397,0.9233510642450425,55.3451,75.61051130966156,25.55239118750989,120.17317005055662,26.18282070365987,93.99034934689675,317840.7811,0.0,Walking,Walking_Xiaoye_1_2min_20260129_110230.csv
0.9866222467035759,0.14964087045932545,1.4370455803487932,0.6765352910233139,0.7605102893254793,49.76840000000001,34.05253994716573,19.43123136063416,82.76204504481508,8.557604805084189,74.2044402397309,76479.8387,0.0,Walking,Walking_Xiaoye_1_2min_20260129_110230.csv
1.040865752556315,0.196682913660272,1.5723867208800764,0.5554277630799527,1.0169589578001237,56.0656,46.038530760317144,20.11576834611147,98.7070645901295,11.3599735915186,87.34709099861091,125804.87839999999,0.0,Walking,Walking_Xiaoye_1_2min_20260129_110230.csv
0.9974187663689271,0.11042498836862895,1.342534915747073,0.7788452991448301,0.5636896166022428,50.3397,68.76561300546659,39.60507684914833,142.8306077141731,13.660065885639058,129.17054182853406,313295.0201,0.0,Walking,Walking_Xiaoye_1_2min_20260129_110230.csv
1.0126507201186863,0.07387606170448957,1.1663618649458667,0.8160269603389338,0.35033490460693284,51.5405,116.08181884362558,59.617533939404154,193.91843104769592,16.312314366759853,177.60611668093605,847907.7006,0.0,Walking,Walking_Xiaoye_1_2min_20260129_110230.csv
1.012225834341922,0.06899319909400131,1.2374974747448984,0.837973746605465,0.3995237281394334,51.463300000000004,30.757944229527187,13.956656182964638,68.28918655248428,6.303538688704941,61.98564786377934,56847.181,0.0,Walking,Walking_Xiaoye_1_2min_20260129_110230.csv
0.9958146787949222,0.16302349115991055,1.5005665596700468,0.662268827591938,0.8382977320781089,50.884600000000006,29.77277447820294,11.727956999308107,51.15141933514651,4.531909089997282,46.61951024514922,51060.6088,0.0,Walking,Walking_Xiaoye_1_2min_20260129_110230.csv
1.0572951318444148,0.23047644569124862,1.7107016104511037,0.6769047200308179,1.0337968904202857,58.4965,43.7594126208653,24.549458722094286,104.58755948964485,16.30534268269146,88.28221680695339,125275.4299,0.0,Walking,Walking_Xiaoye_1_2min_20260129_110230.csv
0.98705766201925,0.11649284750353397,1.3798550648528274,0.8154140052758476,0.5644410595769798,49.3791,46.045948450073226,24.56916425059372,103.86075582239906,16.735426495909806,87.12532932648925,135590.01620000004,0.0,Walking,Walking_Xiaoye_1_2min_20260129_110230.csv
1.0344960022817529,0.19119927969047038,1.7078934392988339,0.7001428425685718,1.007750596730262,55.300399999999996,34.16753889540198,14.0645749745772,79.51952024503167,6.2133243919821215,73.30619585304954,68063.8369,0.0,Walking,Walking_Xiaoye_1_2min_20260129_110230.csv
1.0677855752789867,0.22140544862247302,1.9667994305469991,0.8002499609497022,1.1665494695972969,59.41029999999999,94.75646021891083,49.73332446179737,187.12018196870162,10.51164116586939,176.60854080283224,570136.1122000001,0.0,Walking,Walking_Xiaoye_1_2min_20260129_110230.csv
1.0853623248969824,0.27981156869166596,2.2464861450718985,0.6416385275215322,1.6048476175503663,62.736999999999995,93.10568624052961,60.400627190283785,202.55478493484176,12.248865253565327,190.30591968127644,612196.993,0.0,Walking,Walking_Xiaoye_1_2min_20260129_110230.csv
0.9905493065163978,0.28166790287515053,1.6802678357928535,0.6439720490828775,1.036295786709976,52.9469,43.20099575370007,21.231974825450425,108.44906869125249,12.56048964013744,95.88857905111504,115405.34270000002,0.0,Walking,Walking_Xiaoye_1_2min_20260129_110230.csv
1.0907869729119128,0.3402396810138315,1.8844627881706766,0.5368426212587819,1.3476201669118946,65.16319999999999,61.4039143031587,34.590039681292815,122.09658881393861,12.176111858881718,109.9204769550569,247149.106,0.0,Walking,Walking_Xiaoye_1_2min_20260129_110230.csv
1.080437934909968,0.25666993974133445,1.6961721610732796,0.6587108622149782,1.0374612988583014,61.5954,68.67439263448699,28.901591091790408,141.38467172929322,20.81825400940242,120.5664177198908,276738.4066,0.0,Walking,Walking_Xiaoye_1_2min_20260129_110230.csv
0.996037273891329,0.1696567633973333,1.6574981146293952,0.7338937252763508,0.9236043893530445,51.0149,90.92957253159244,27.36671979370593,142.92335183587042,30.331913886202432,112.59143794966799,450107.28829999996,0.0,Walking,Walking_Xiaoye_1_2min_20260129_110230.csv
1.0481621770748615,0.25419350364554666,1.9939408215892467,0.38678159211627433,1.6071592294729724,58.098299999999995,74.52475154963702,34.97619045055571,138.39092275145794,6.069670501765314,132.32125224969263,337640.2907,0.0,Walking,Walking_Xiaoye_1_2min_20260129_110230.csv
1.0147243522324223,0.2185679014339378,1.660873264279969,0.6783804242458652,0.9824928400341039,53.8241,68.12757333527402,31.16943367072842,122.01930912769504,8.5609228474505,113.45838628024454,279673.4586,0.0,Walking,Walking_Xiaoye_1_2min_20260129_110230.csv
1.036837492824133,0.1812091290278328,1.6333095236359823,0.6543699259593154,0.9789395976766668,55.3606,113.78515160600625,25.185500728333956,176.39628425791742,69.05320702183208,107.34307723608534,678434.1992,0.0,Walking,Walking_Xiaoye_1_2min_20260129_110230.csv
1.0246540880079307,0.09899494899831773,1.3581605207043828,0.7849203781276163,0.5732401425767665,52.976000000000006,61.11413253921757,53.028144510086335,163.76572138271183,6.818386906006435,156.9473344767054,324534.0812,0.0,Walking,Walking_Xiaoye_1_2min_20260129_110230.csv
1.00718252557784,0.13972042117204417,1.3484064669082538,0.7756932383358772,0.5727132285723766,51.6774,56.998019434096406,20.71806479296951,88.59318991886454,10.128227880532705,78.46496203833183,183471.38319999998,0.0,Walking,Walking_Xiaoye_1_2min_20260129_110230.csv
1.0498592889727374,0.26974567265477684,1.740718242565407,0.5610704055642215,1.1796478370011856,58.6756,56.10983477418271,29.011445517840187,154.99379406931104,16.04228786676015,138.9515062025509,198657.2125,0.0,Walking,Walking_Xiaoye_1_2min_20260129_110230.csv
1.0070929166381333,0.2272188939607636,1.6943730403898665,0.7282856582413251,0.9660873821485414,53.2416,51.81760917733586,15.28152830350063,82.53655493173919,17.520793361032485,65.0157615707067,145695.9613,0.0,Walking,Walking_Xiaoye_1_2min_20260129_110230.csv
1.0238367763895024,0.2164185648614405,1.547029411485121,0.5873670062235365,0.9596624052615845,54.70709999999999,72.14853385434445,41.23107767192459,138.39647574992654,16.03073610287438,122.36573964705215,343570.63340000005,0.0,Walking,Walking_Xiaoye_1_2min_20260129_110230.csv
1.0510755784386006,0.2101994398183787,1.6638209038234855,0.7244998274671982,0.9393210763562873,57.403,169.44182919287636,49.344149186617265,234.77768718513266,42.51864296987852,192.25904421525414,1554834.0818999999,0.0,Walking,Walking_Xiaoye_1_2min_20260129_110230.csv
1.0600070624691964,0.18982007462337955,1.8515939079614623,0.8149846624323674,1.0366092455290947,57.946299999999994,43.91218759956906,17.548299185572994,94.65932706289435,11.659969982808702,82.99935708008564,111503.2084,0.0,Walking,Walking_Xiaoye_1_2min_20260129_110230.csv
0.9461653610646714,0.11865362693597417,1.24370414488334,0.617170964968379,0.6265331799149609,45.4513,48.113542006257624,33.45643557279855,147.88903306195493,5.289706986213886,142.59932607574103,170592.96719999998,0.0,Walking,Walking_Xiaoye_1_2min_20260129_110230.csv
1.0842707206441053,0.2630065653598017,1.716071094098377,0.7655063683601856,0.9505647257381914,62.171600000000005,46.334692447728365,13.74236900582533,82.54310934293667,18.45869442837169,64.08441491456499,116598.9688,0.0,Walking,Walking_Xiaoye_1_2min_20260129_110230.csv
1.061543189842046,0.22955159506283437,1.778004499431877,0.6104096984812741,1.167594800950603,58.9257,37.5813526987831,17.068565131331876,88.67724398062899,8.876339335559452,79.80090464506954,84893.3634,0.0,Walking,Walking_Xiaoye_1_2min_20260129_110230.csv
1.0010213078637515,0.11487500395391763,1.336637572418193,0.8036168241145777,0.5330207483036152,50.748799999999996,72.06578621778027,29.777313217656832,135.27160271099032,27.45423282483049,107.81736988615984,303121.6079,0.0,Walking,Walking_Xiaoye_1_2min_20260129_110230.csv
1.0550982719549973,0.22005480884426976,1.8783769589728254,0.6537583651472462,1.2246185938255794,58.0344,86.34420498811792,23.39586360113087,120.56051550984675,36.78040374982309,83.78011176002366,399587.0419999999,0.0,Walking,Walking_Xiaoye_1_2min_20260129_110230.csv
0.995688068561831,0.07930353804554663,1.2441864811996635,0.8557452892070163,0.38844119199264715,49.8779,68.29181345239174,36.96430431170996,125.29610408947278,13.571477443521028,111.72462664595174,300140.21910000005,0.0,Walking,Walking_Xiaoye_1_2min_20260129_110230.csv
0.9713273522797288,0.09378206778490254,1.161808934377766,0.8396427811873333,0.32216615319043274,47.6048,67.62571904867353,27.071104279057884,104.61247631138457,24.931941360431605,79.68053495095296,264571.2835,0.0,Walking,Walking_Xiaoye_1_2min_20260129_110230.csv
1.0845852564079395,0.19511592990993,1.5422062118925601,0.7224264668462804,0.8197797450462797,60.6817,47.45338918789031,19.846905341007524,83.74571869653994,10.630188145089438,73.1155305514505,131892.29020000002,0.0,Walking,Walking_Xiaoye_1_2min_20260129_110230.csv
1.0583812629089318,0.23942768138961423,1.770931958037914,0.8153526844255804,0.9555792736123335,58.8175,37.21616509661899,15.058873223330007,74.93896716662167,16.317885892480067,58.6210812741416,80363.8607,0.0,Walking,Walking_Xiaoye_1_2min_20260129_110230.csv
1.041254153899473,0.22309462389604748,1.7813478043324384,0.6957729514719583,1.0855748528604803,56.6493,36.202528029774214,15.13160047422761,69.14822051217226,13.760396069881129,55.387824442291134,76750.4531,0.0,Walking,Walking_Xiaoye_1_2min_20260129_110230.csv
1.007698218763388,0.14472457973927172,1.4405901568454507,0.7640680597957227,0.676522097049728,51.7991,51.468041974968635,33.62500969217472,123.68972673589347,18.11925771106532,105.57046902482816,187849.3898,0.0,Walking,Walking_Xiaoye_1_2min_20260129_110230.csv
1.06418574965328,0.23269207610165102,1.6068914089010495,0.8031189202104505,0.803772488690599,59.2777,49.6265930179299,19.543522112557714,80.81931761652037,14.956239500623143,65.86307811589722,141855.4503,0.0,Walking,Walking_Xiaoye_1_2min_20260129_110230.csv
1.0126305392660855,0.11801673586643564,1.3067899601695754,0.7406753674856482,0.5661145926839272,51.9535,56.53347712227631,24.68867220343027,96.38746495265865,6.8373240379552005,89.55014091470345,189668.698,0.0,Walking,Walking_Xiaoye_1_2min_20260129_110230.csv
1.0221721564423207,0.09893350990281012,1.3946325680981353,0.8817028978062849,0.5129296702918504,52.7214,98.83544795875865,30.645221467087598,150.3629359250477,52.05819339931035,98.30474252573737,534439.6390000001,0.0,Walking,Walking_Xiaoye_1_2min_20260129_110230.csv
1.006918894510804,0.12164828809762133,1.4272701215957686,0.8944830909525344,0.5327870306432342,51.419399999999996,75.36820382811193,25.986223110626884,135.8310737644373,23.544683051593623,112.28639071284367,317107.21320000006,0.0,Walking,Walking_Xiaoye_1_2min_20260129_110230.csv
1.0052088046170295,0.17052517654922994,1.6457824886661054,0.7521303078589507,0.8936521808071547,51.94709999999999,46.11770950799557,19.25013866200084,80.86893717614942,14.653825439113161,66.21511173703625,124499.98059999998,0.0,Walking,Walking_Xiaoye_1_2min_20260129_110230.csv
1.0561591615232058,0.20880570387323946,1.859919353090343,0.5673623181001713,1.2925570349901716,57.91,52.56318518654357,24.272571003238877,97.06709123075646,14.972892172189045,82.09419905856741,167013.1493,0.0,Walking,Walking_Xiaoye_1_2min_20260129_110230.csv
1.011898121417258,0.21690821879269725,1.8402717190675946,0.5379591062525106,1.302312612815084,53.5023,46.37580225687093,22.933290102604325,154.38110765245858,14.215611137056332,140.16549651540225,133306.60570000001,0.0,Walking,Walking_Xiaoye_1_2min_20260129_110230.csv
1.0580548573491015,0.07751387765466432,1.1811011811017718,0.9385094565320052,0.24259172456976652,38.2606,142.49433287394297,18.735899796863816,171.04350850003047,90.55049640946206,80.49301209056841,701941.7067,0.0,Walking,Walking_Xiaoye_1_2min_20260129_110230.csv
1.0382880948879072,0.22069424785149008,1.5966214329013624,0.7355270219373317,0.8610944109640307,56.28869999999999,49.610124807232076,35.74339069218732,110.06410949987284,8.304035163702041,101.7600743361708,185660.13309999998,0.0,Walking,Walking_Xiaoye_1_4min_20260129_111200.csv
1.0120062806887489,0.1282268710358248,1.2841339493993607,0.7792303895511263,0.5049035598482343,52.01349999999999,66.38981182110962,38.308129264059495,137.63920735023143,12.104689174034995,125.53451817619643,292288.48130000004,0.0,Walking,Walking_Xiaoye_1_4min_20260129_111200.csv
1.0451440445167424,0.20846848293869372,1.5484185480676729,0.6867313885355758,0.8616871595320971,56.745799999999996,32.33364036643461,10.600300277517686,50.30577899208002,8.810993133580347,41.494785858499675,57779.166900000004,0.0,Walking,Walking_Xiaoye_1_4min_20260129_111200.csv
1.0420678728081283,0.29281976845336777,1.7255144160510512,0.7487322618933954,0.9767821541576558,58.4967,44.57515482720071,14.28941288303768,77.93460976998601,5.098264410561696,72.83634535942431,109352.4001,0.0,Walking,Walking_Xiaoye_1_4min_20260129_111200.csv
1.019582969913067,0.1527388309262052,1.4462019222777986,0.8039900496896712,0.6422118725881274,53.120599999999996,95.81978235535662,33.97731958671918,156.01156655838054,7.333628024381929,148.6779385339986,515639.9886,0.0,Walking,Walking_Xiaoye_1_4min_20260129_111200.csv
1.104616693579922,0.26296573895052705,1.810331461362808,0.8561541917201597,0.9541772696426484,64.39730000000002,97.30728804941212,16.93983406144579,125.88073959109073,75.04400309151957,50.83673649957116,487496.35630000004,0.0,Walking,Walking_Xiaoye_1_4min_20260129_111200.csv
1.0084632781167326,0.1521204433189857,1.2557467897629682,0.806225774829855,0.44952101493311314,51.9838,186.76904819498654,66.32458655716113,274.60735132184647,76.24139361265637,198.3659577091901,1959682.4564999999,0.0,Walking,Walking_Xiaoye_1_4min_20260129_111200.csv
1.0651176109394478,0.19833612694533678,1.437149957380927,0.768505042273634,0.668644915107293,58.65129999999999,101.31766755827125,64.23858571326456,251.8786108426041,36.24579147983942,215.63281936276468,715466.6867999999,0.0,Walking,Walking_Xiaoye_1_4min_20260129_111200.csv
0.958782799323642,0.17383297085491597,1.3627178724886526,0.757099729229908,0.6056181432587446,47.4439,48.44434464495453,19.408682727721953,85.3354111726193,16.724754108805307,68.61065706381399,135800.8777,0.0,Walking,Walking_Xiaoye_1_4min_20260129_111200.csv
0.9839087831780172,0.16829731461701739,1.2706297651164953,0.6835934464285041,0.5870363186879912,49.7917,58.80744357368641,30.52375846691592,105.67520475494713,19.68205527885744,85.99314947608968,218569.06269999998,0.0,Walking,Walking_Xiaoye_1_4min_20260129_111200.csv
1.0566622980212927,0.1970568858621145,1.4999333318517858,0.7533259586659683,0.7466073731858175,57.72950000000001,94.0432659270222,27.59188123305413,131.15183300282158,34.56306410027907,96.58876890254251,479511.0769,0.0,Walking,Walking_Xiaoye_1_4min_20260129_111200.csv
0.9990504430269556,0.2371261015759672,1.5707959765672943,0.7395944834840239,0.8312014930832704,52.66030000000001,41.34275399139327,14.400447002952095,66.89373662757971,5.8823294705414115,61.0114071570383,95622.43620000001,0.0,Walking,Walking_Xiaoye_1_4min_20260129_111200.csv
1.0538469894737093,0.18679499506361605,1.4469277798148739,0.757957782465488,0.6889699973493859,57.2394,34.94709252514731,12.190391667997227,67.98123343982515,12.75802884461389,55.22320459521126,68346.6406,0.0,Walking,Walking_Xiaoye_1_4min_20260129_111200.csv
1.0506761929626527,0.2594057918364047,1.4552319402761884,0.7023531875061151,0.7528787527700733,58.4933,45.299847265749406,17.582659236193436,71.46361381850207,22.952424708513913,48.51118910998815,117752.1535,0.0,Walking,Walking_Xiaoye_1_4min_20260129_111200.csv
1.0588149099410902,0.26356849879602995,1.5588136514670379,0.7543208866258444,0.8044927648411935,59.458400000000005,48.23903076337164,16.58744118641389,73.0315808400722,22.231171808971293,50.8004090311009,129832.2215,0.0,Walking,Walking_Xiaoye_1_4min_20260129_111200.csv
0.998016401618523,0.14404244733090385,1.235677951571525,0.7433034373659253,0.49237451420559974,50.8185,65.00695146444129,39.18112312695448,150.4253339700464,28.72836403278126,121.69696993726515,286518.047,0.0,Walking,Walking_Xiaoye_1_4min_20260129_111200.csv
1.0400675037510192,0.0941751930220367,1.3644779221372547,0.93706990134141,0.4274080207958447,54.52160000000001,95.87159817628043,19.14266378169469,129.96313746597534,61.537865578845036,68.4252718871303,477523.8041,0.0,Walking,Walking_Xiaoye_1_4min_20260129_111200.csv
1.10534826803296,0.2233035966619859,1.5199342091024861,0.7670071707617864,0.7529270383406997,63.53310000000001,46.72647096267298,17.778722704243016,85.44258949727589,21.55616153214667,63.886427965129215,124656.2205,0.0,Walking,Walking_Xiaoye_1_4min_20260129_111200.csv
1.079722535650868,0.18428916388703992,1.4824978920727003,0.8203048213926333,0.662193070680067,59.95420000000001,32.90905256496692,12.512605369747105,61.586925560544096,17.25965526886328,44.32727029168082,61821.986399999994,0.0,Walking,Walking_Xiaoye_1_4min_20260129_111200.csv
1.0858891485323934,0.19082729957972938,1.457017501610739,0.8237111144084436,0.6333063872022954,60.74209999999999,51.838496669274875,26.519393694195422,109.56826821666938,20.171090699315194,89.39717751735418,168822.1207,0.0,Walking,Walking_Xiaoye_1_4min_20260129_111200.csv
1.0922051948515368,0.1830406789272809,1.3865064009949613,0.7173562573784381,0.6691501436165231,61.2873,39.44351872735753,12.845962774215348,62.94748446125548,19.095892228434888,43.85159223282059,85875.4777,0.0,Walking,Walking_Xiaoye_1_4min_20260129_111200.csv
1.001773096220687,0.15543442638794366,1.3396641370134532,0.6661080993352355,0.6735560376782177,51.36130000000001,93.14296788821316,27.617074520608163,162.6092106862339,51.94578038686107,110.66343029937283,471153.0608,0.0,Walking,Walking_Xiaoye_1_4min_20260129_111200.csv
1.0888173529716672,0.15428165294843726,1.4544758506073587,0.8565628990331067,0.5979129515742521,60.4425,51.71076334954666,16.966372918432768,74.89645185187346,5.924094867572598,68.97235698430087,147805.18499999997,0.0,Walking,Walking_Xiaoye_1_4min_20260129_111200.csv
1.0941495804227477,0.2227304943719852,1.6388105442667862,0.7297944916207576,0.9090160526460286,62.289,27.20280405079572,10.529153491083111,46.46378589826705,8.11188017662983,38.351905721637216,42431.91799999999,0.0,Walking,Walking_Xiaoye_1_4min_20260129_111200.csv
1.0653027376512143,0.28116390229164434,1.5633297796690244,0.6586349520030045,0.9046948276660199,60.6171,41.37657471921785,20.267032758690117,102.44141838143398,10.46687632486407,91.9745420565699,105727.92499999999,0.0,Walking,Walking_Xiaoye_1_4min_20260129_111200.csv
0.9991411167710731,0.13463112407177386,1.3183702059740277,0.7328028384224504,0.5855673675515772,50.8023,79.25439728127732,31.74833509344349,117.16450443713744,25.463489548763736,91.7010148883737,363452.8567,0.0,Walking,Walking_Xiaoye_1_4min_20260129_111200.csv
1.0820211958320471,0.17710290958034317,1.3675525584049777,0.805791536316931,0.5617610220880467,60.075399999999995,50.93639024538086,30.72216106294974,124.38257313627179,9.449883597166687,114.9326895391051,175974.50039999996,0.0,Walking,Walking_Xiaoye_1_4min_20260129_111200.csv
1.0939142659005185,0.2872273842526547,1.6977632343763367,0.7011419257183241,0.9966213086580126,63.874900000000004,36.609675657678636,19.278112264673613,88.40989141493162,8.01739359143606,80.39249782349556,85224.0526,0.0,Walking,Walking_Xiaoye_1_4min_20260129_111200.csv
1.0249433189011183,0.1926167629977064,1.5418819669481838,0.7133722730804722,0.8285096938677116,54.3434,59.940735839630435,28.376174991470855,117.34586017410244,12.334707130694268,105.01115304340817,219099.7487,0.0,Walking,Walking_Xiaoye_1_4min_20260129_111200.csv
1.0764823482767887,0.16614400518117786,1.5150247522730447,0.7749193506423748,0.7401054016306698,59.2933,41.738027099732946,13.068219739706835,69.41835348090589,2.365544334820212,67.05280914608568,95471.2853,0.0,Walking,Walking_Xiaoye_1_4min_20260129_111200.csv
1.0451135497711757,0.243368512218574,1.845724789886076,0.7592759709091286,1.0864488189769475,57.5153,35.30121202012072,10.356074620304263,60.941508022037,9.896858087292149,51.044649934744854,67563.9443,0.0,Walking,Walking_Xiaoye_1_4min_20260129_111200.csv
0.9948892441511873,0.20035018289994136,1.4476532734049268,0.6059702963017246,0.8416829771032022,51.45709999999999,37.269711499027146,14.227521288674193,77.70583311438081,9.270064724693135,68.43576838968767,79370.2655,0.0,Walking,Walking_Xiaoye_1_4min_20260129_111200.csv
1.1306697371718895,0.2462865956307778,1.5847081750278187,0.7319152956456095,0.8527928793822092,66.89290000000001,47.772090027009625,24.470196083784554,118.41759202078043,16.735339853137134,101.6822521676433,143449.36359999998,0.0,Walking,Walking_Xiaoye_1_4min_20260129_111200.csv
1.0155912958797857,0.20800392395537715,1.7024687956024336,0.7187489130426563,0.9837198825597773,53.6913,66.01060649467615,44.22534466132834,168.16121609931344,21.56932312336203,146.5918929759514,313708.18289999996,0.0,Walking,Walking_Xiaoye_1_4min_20260129_111200.csv
1.0250313241785065,0.17362516643990009,1.3471822445385775,0.7963667496825819,0.5508154948559956,54.0116,45.86134077313548,22.710331877137662,104.80355385195675,12.79550311632958,92.00805073562717,130435.3284,0.0,Walking,Walking_Xiaoye_1_4min_20260129_111200.csv
0.986958782953391,0.14499247253916955,1.2798046725965646,0.7397972695272672,0.5400074030692974,49.734500000000004,48.193785557180156,26.220623828343285,119.76228913977889,23.326073394379947,96.43621574539894,149820.58289999998,0.0,Walking,Walking_Xiaoye_1_4min_20260129_111200.csv
1.083155986578256,0.2169103754062085,1.5039281897750305,0.7339618518697003,0.7699663379053302,60.966800000000006,45.22141948125055,20.23283989722925,90.88035046147215,8.542645960122659,82.33770450134949,122307.86170000001,0.0,Walking,Walking_Xiaoye_1_4min_20260129_111200.csv
1.0408224551205496,0.22569759639210865,1.678243128989361,0.751265598839718,0.9269775301496429,56.66160000000001,31.339331068851912,8.569257353392235,47.06359314799497,9.805891086484696,37.25770206151027,52705.85999999999,0.0,Walking,Walking_Xiaoye_1_4min_20260129_111200.csv
1.0264250701163966,0.1843731117137501,1.7943243853885507,0.7971198153351854,0.9972045700533653,54.34309999999999,40.11315203709209,20.37445102926738,98.02939610137359,9.130744766994638,88.89865133437895,100794.04280000001,0.0,Walking,Walking_Xiaoye_1_4min_20260129_111200.csv
1.058618074467695,0.14824060836931077,1.5128119513012848,0.7970570870395671,0.7157548642617176,57.1104,97.02614935555346,57.39874315300576,181.82862068442358,8.577190682268874,173.2514300021547,632139.8530000001,0.0,Walking,Walking_Xiaoye_1_4min_20260129_111200.csv
1.0275481582508617,0.10875352434008775,1.4400694427700353,0.8714929718592113,0.5685764709108241,53.3723,74.6729228575878,30.29190239854877,109.573670651302,18.26485970381377,91.30881094748823,323764.63859999995,0.0,Walking,Walking_Xiaoye_1_4min_20260129_111200.csv
1.0573310361143844,0.2523220327953184,1.7060480649735519,0.7024243731534378,1.0036236918201142,59.0171,36.67099909418128,19.315995577171304,101.19350077944729,7.41610409851426,93.77739668093304,85520.38530000001,0.0,Walking,Walking_Xiaoye_1_4min_20260129_111200.csv
1.049832719708492,0.19125061192237963,1.5902515524281058,0.7993747556684537,0.7908767967596521,56.8997,30.947277974579222,12.239165136098844,60.86952850154172,8.565839129939343,52.30368937160238,55226.7617,0.0,Walking,Walking_Xiaoye_1_4min_20260129_111200.csv
1.0251551852508656,0.17922977543167615,1.5508062419270823,0.7509993342207435,0.7998069077063388,54.1212,48.17705675847682,29.160242085066727,143.78820535774136,18.24852322792176,125.5396821298196,157717.1061,0.0,Walking,Walking_Xiaoye_1_4min_20260129_111200.csv
1.0041377432355132,0.1830227838217068,1.4825990692024598,0.722841614740048,0.7597574544624117,52.056000000000004,30.456383996780303,8.017331089371115,54.10015711622287,14.189534876097948,39.91062224012492,49529.168600000005,0.0,Walking,Walking_Xiaoye_1_4min_20260129_111200.csv
1.0306668810672193,0.20313306253052824,1.499966666296288,0.6556675987114203,0.8442990675848677,55.1356,32.55923935378821,13.057885908160644,64.72585032272654,4.582684802602072,60.14316552012447,61360.1142,0.0,Walking,Walking_Xiaoye_1_4min_20260129_111200.csv
1.014066917634653,0.19582449076304498,1.7532255987179746,0.7295203903935791,1.0237052083243956,53.2956,34.43806693132253,11.298966903910415,58.13210644729813,4.561436177345903,53.570670269952224,65554.68870000001,0.0,Walking,Walking_Xiaoye_1_4min_20260129_111200.csv
1.0705468283042483,0.1811175297968375,1.397175722663402,0.7227724399837061,0.674403282679696,58.9109,55.69575579023516,27.598429135910703,105.85714194139194,10.61450422770654,95.24263771368541,192422.8519,0.0,Walking,Walking_Xiaoye_1_4min_20260129_111200.csv
1.0345167139635436,0.13757806144102025,1.5481924944915604,0.7985612061701971,0.7496312883213633,54.438700000000004,97.7164205156069,17.40553136385794,137.27965107764516,72.57638183321072,64.70326924443444,492269.6155,0.0,Walking,Walking_Xiaoye_1_4min_20260129_111200.csv
1.0247556660256956,0.15560882715975252,1.5997499804656976,0.8217663901620703,0.7779835903036273,53.69269999999999,47.67452114501461,19.510846684876867,92.47895165928298,6.2631940733143505,86.21575758596863,132295.9821,0.0,Walking,Walking_Xiaoye_1_4min_20260129_111200.csv
1.0553759797998732,0.18775130440987528,1.4498965480336863,0.7708436936240707,0.6790528544096156,57.418200000000006,29.706182509024835,8.45960055628785,50.04223216444286,6.400851505854513,43.641380658588346,47629.5412,0.0,Walking,Walking_Xiaoye_1_4min_20260129_111200.csv
1.041269043484907,0.2036222469903898,1.536033853793594,0.6236184731067546,0.9124153806868395,56.2437,31.968083844548087,9.90071443041336,60.97412319992802,7.251985934900866,53.72213726502716,55901.1024,0.0,Walking,Walking_Xiaoye_1_4min_20260129_111200.csv
0.9605538593757834,0.11714409075259871,1.2012077255828817,0.7515317691222374,0.4496759564606443,46.8056,45.41514363373798,21.66965542060849,83.94624172647636,14.603321539978499,69.34292018649786,126135.8879,0.0,Walking,Walking_Xiaoye_1_4min_20260129_111200.csv
1.0900911281622465,0.20719046817853642,1.7095613472467142,0.7820485918406862,0.927512755406028,61.5184,32.727707333485036,15.104111978765628,62.5630162316364,8.42506379797803,54.13795243365837,64733.7171,0.0,Walking,Walking_Xiaoye_1_4min_20260129_111200.csv
1.0591802307645797,0.15178945796220708,1.324537655183876,0.7692203845452874,0.5553172706385885,57.222100000000005,87.3956008096101,52.07324232709547,158.9375166535579,7.600486826513154,151.33702982704474,514769.0578,0.0,Walking,Walking_Xiaoye_1_4min_20260129_111200.csv
1.0480567368537916,0.10450601161978958,1.1835962149314267,0.799061950038919,0.38453426489250775,55.4563,70.76282467524335,31.6725482111001,137.52009998542033,36.29878648109328,101.22131350432704,299523.233,0.0,Walking,Walking_Xiaoye_1_4min_20260129_111200.csv
1.0349894978718805,0.1703380171801048,1.5320574401764446,0.820792300158816,0.7112651400176286,54.981899999999996,33.42278208796554,13.648175309765476,61.400184038812135,8.942617066608634,52.4575669722035,64981.479900000006,0.0,Walking,Walking_Xiaoye_1_4min_20260129_111200.csv
1.0206032619796448,0.16082371397287454,1.5607690412101338,0.8452810183601664,0.7154880228499674,53.34889999999999,46.91540667245572,22.976067556599112,98.72104689477315,15.162855931518969,83.55819096325419,135919.8535,0.0,Walking,Walking_Xiaoye_1_4min_20260129_111200.csv
1.0569408179418336,0.18076963400983126,1.624869225507087,0.7728518616138541,0.8520173638932328,57.45740000000001,31.27948459788135,11.360104793050324,55.00143089047776,6.391470879226471,48.60996001125129,55243.85489999999,0.0,Walking,Walking_Xiaoye_1_4min_20260129_111200.csv
0.9820885356207808,0.11721299382168891,1.2306502346320827,0.8228000972289684,0.40785013740311427,48.89810000000001,49.44690471607446,13.867656909611924,67.89801248932108,24.37930679900477,43.51870569031631,131673.1028,0.0,Walking,Walking_Xiaoye_1_4min_20260129_111200.csv
1.0854685981339338,0.21401869664929207,1.5703821191035001,0.7286288492778749,0.8417532698256253,61.1565,39.41748422065817,15.238857210961926,74.00560113937323,9.722993366242722,64.28260777313051,89065.81879999998,0.0,Walking,Walking_Xiaoye_1_4min_20260129_111200.csv
1.0457769761820952,0.1539563816025729,1.4599315052426263,0.7473285756613351,0.7126029295812911,55.8439,95.438243063643,27.288035483261023,138.46477783176488,35.81354631979358,102.6512315119713,491910.1191,0.0,Walking,Walking_Xiaoye_1_4min_20260129_111200.csv
1.014735485728873,0.1823818991717598,1.4058805070133096,0.7048404074682438,0.7010400995450657,53.1143,42.69383329804648,35.07523648688395,152.73621345312972,4.650311817502134,148.08590163562758,151421.50860000003,0.0,Walking,Walking_Xiaoye_1_4min_20260129_111200.csv
1.0136958624863055,0.21976958801079408,1.5862534475927863,0.6838128398911504,0.9024406077016359,53.74559999999999,36.52976474184247,17.46021278552935,90.75192229369028,12.096420958283487,78.6555013354068,81659.27810000001,0.0,Walking,Walking_Xiaoye_1_4min_20260129_111200.csv
1.0103179293503017,0.09880759303900911,1.2434226956268732,0.7410128204019145,0.5024098752249587,51.5155,72.89928677012573,39.11980789578385,151.5009429013562,14.017735195101952,137.48320770625426,340702.90969999996,0.0,Walking,Walking_Xiaoye_1_4min_20260129_111200.csv
1.0458353457716125,0.09863574265629327,1.2959166639873108,0.895377015563835,0.4005396484234758,55.1653,99.43303367935587,32.13211098650476,174.1786364626845,61.65714070567982,112.52149575700467,544937.5646,0.0,Walking,Walking_Xiaoye_1_4min_20260129_111200.csv
1.0411984096816926,0.1787823659189742,1.5564382416273381,0.7236021006050218,0.8328361410223163,55.7709,41.15523444209603,15.720970526724996,81.81598926860201,11.583207673179308,70.23278159542271,96797.9629,0.0,Walking,Walking_Xiaoye_1_4min_20260129_111200.csv
1.0386347045468087,0.1904343866622611,1.4666969693839282,0.7218725649309579,0.7448244044529704,55.7151,35.96926600033954,15.947684605687042,62.31733225997403,3.9172566931463657,58.40007556682767,77151.50839999999,0.0,Walking,Walking_Xiaoye_1_4min_20260129_111200.csv
1.0188564701612617,0.17728534940256538,1.4557815770231466,0.7840280607223188,0.6717535163008278,53.4435,45.304781953140164,25.969248261821267,130.1501582788127,17.749684504238378,112.40047377457434,135671.8543,0.0,Walking,Walking_Xiaoye_1_4min_20260129_111200.csv
1.0834578030137925,0.15627418698846088,1.5781318069160128,0.8357032966310471,0.7424285102849657,59.8907,54.7221383523497,27.670302103819363,126.39588838249446,7.864121057053993,118.53176732544047,187242.2566,0.0,Walking,Walking_Xiaoye_1_4min_20260129_111200.csv
1.0480735460185395,0.24489448401743874,1.7799438193381272,0.6774215821775978,1.1025222371605294,57.861599999999996,68.21410999617133,36.977042704544566,154.30067303806553,21.188964108705267,133.11170892936025,299656.02280000004,0.0,Walking,Walking_Xiaoye_1_4min_20260129_111200.csv
1.08437623290412,0.20038276004470082,1.5687255974197654,0.7927168473042566,0.7760087501155087,60.76109999999999,44.15023092035079,15.004533861731847,75.38727545149779,14.819622127436313,60.567653324061475,108493.8103,0.0,Walking,Walking_Xiaoye_1_4min_20260129_111200.csv
1.0257656692534693,0.17969018627019845,1.4682302271782857,0.7772387020729217,0.690991525105364,54.191900000000004,44.28828358885224,16.074867021172203,70.97943504987906,15.328134263503827,55.65130078637523,110734.2693,0.0,Walking,Walking_Xiaoye_1_4min_20260129_111200.csv
1.0880399983105251,0.2589124863504971,1.7280335644888385,0.6655073252789935,1.062526239209845,62.4763,44.098475228463116,19.120093355501346,89.65665061778742,7.425159930937515,82.23149068684991,115147.0964,0.0,Walking,Walking_Xiaoye_1_4min_20260129_111200.csv
1.000092398835658,0.16850844401763443,1.3390294993016398,0.6815423684555495,0.6574871308460903,51.400600000000004,67.12904960041118,32.70034140971272,142.8937188962482,4.791763767132099,138.1019551291161,277711.76910000003,0.0,Walking,Walking_Xiaoye_1_4min_20260129_111200.csv
1.005608445399375,0.17521314873969313,1.4964959071110084,0.7723988606931007,0.7240970464179077,52.0667,41.722902321022374,27.011448742596244,97.28344360681318,9.737253206115163,87.54619040069801,122791.32870000001,0.0,Walking,Walking_Xiaoye_1_4min_20260129_111200.csv
1.0410558918064705,0.19593478229579422,1.7103216071838654,0.73824115301167,0.9720804541721954,56.071000000000005,30.65451765937826,12.252721441597135,65.61350242137667,10.276254181363946,55.33724824001272,54341.302599999995,0.0,Walking,Walking_Xiaoye_1_4min_20260129_111200.csv
1.1098277301560535,0.18824216214450673,1.594114174079134,0.768505042273634,0.8256091318055,63.32220000000001,36.6337984885307,16.329926212442047,68.88390668363692,11.180921250058065,57.70298543357886,80168.4176,0.0,Walking,Walking_Xiaoye_1_4min_20260129_111200.csv
1.0399205961547657,0.12959573599812202,1.4549570440394453,0.8563877626402657,0.5985692813991795,54.89469999999999,26.48284828341044,9.935697586401929,47.634176806154635,5.050999901009701,42.58317690514493,39904.248900000006,0.0,Walking,Walking_Xiaoye_1_4min_20260129_111200.csv
1.027033009265053,0.0667098337453778,1.1740528097151337,0.9192388155425119,0.25481399417262185,52.9579,104.65268257448696,28.345214403048253,152.93782854480443,32.675669847762876,120.26215869704156,586978.3063000002,0.0,Walking,Walking_Xiaoye_1_4min_20260129_111200.csv
1.0615298023890969,0.12317433571711314,1.3357769274845257,0.7244998274671982,0.6112771000173275,57.0857,33.2127394407815,17.193969838727135,81.9026989787272,13.748214429517747,68.15448454920946,69640.3004,0.0,Walking,Walking_Xiaoye_1_4min_20260129_111200.csv
1.0266584945438455,0.17749485643873994,1.6346865142895135,0.7880355321938218,0.8466509820956917,54.2451,34.01957559065845,13.006611844164917,65.09855681964079,11.031382506286326,54.067174313354464,66156.0018,0.0,Walking,Walking_Xiaoye_1_4min_20260129_111200.csv
1.0159517657210628,0.26516842881662234,1.643411086733931,0.7123903424387504,0.9310207442951807,55.0533,36.377889932633074,16.86943008755214,89.7540623036083,8.902499648975,80.8515626546333,80111.84969999999,0.0,Walking,Walking_Xiaoye_1_4min_20260129_111200.csv
1.0278987643186728,0.18727947661004601,1.6864756150030749,0.8117881497040962,0.8746874652989787,54.547399999999996,49.69900537963251,21.6145985312851,84.41620282860393,12.281498279933112,72.13470454867081,146391.90940000003,0.0,Walking,Walking_Xiaoye_1_4min_20260129_111200.csv
1.069351432059844,0.2136598353848817,1.648332490731163,0.688839603971781,0.9594928867593819,59.412499999999994,46.176036196385475,27.0537692720743,124.9690221614941,7.718872974728889,117.25014918676521,142474.7311,0.0,Walking,Walking_Xiaoye_1_4min_20260129_111200.csv
1.0886682403825187,0.11062651997078868,1.363451502621197,0.8461678320522472,0.5172836705689499,59.85959999999999,38.12483891725961,25.11045500471636,140.37104687220938,17.169796154876156,123.20125071733322,103571.37969999999,0.0,Walking,Walking_Xiaoye_1_4min_20260129_111200.csv
1.0243145704822179,0.10040560953630438,1.3123261789661897,0.8065358020571685,0.5057903769090213,52.955000000000005,155.21497434689257,45.34510409966738,226.6433528696573,87.34580299018378,139.2975498794735,1305337.1578999998,0.0,Walking,Walking_Xiaoye_1_4min_20260129_111200.csv
1.0435600544575225,0.15476253284323463,1.5100331122197288,0.7197916365171243,0.7902414757026045,55.624500000000005,50.67306709691256,26.457270267199316,95.94501341914544,12.058955178621405,83.88605824052404,162687.3568,0.0,Walking,Walking_Xiaoye_1_4min_20260129_111200.csv
1.0112735834004853,0.18063871801263068,1.5671949463930772,0.6606814663663572,0.90651348002672,52.732600000000005,40.97449295199541,15.769443888026967,66.22174944834967,8.804419344851766,57.4173301034979,96130.54629999999,0.0,Walking,Walking_Xiaoye_1_4min_20260129_111200.csv
1.1113954062772577,0.24487866821915077,1.570413958165171,0.5493632677928149,1.0210506903723562,64.6983,48.728169266358876,29.53089689421252,122.92661916769696,19.22950597389335,103.6971131938036,161453.3437,0.0,Walking,Walking_Xiaoye_1_4min_20260129_111200.csv
0.9354472340953406,0.12993904467086342,1.3275918047351754,0.8114801291467338,0.5161116755884415,44.580400000000004,28.277728938621685,7.662047208304276,44.10987417801143,7.371065051944665,36.73880912606677,42858.13909999999,0.0,Walking,Walking_Xiaoye_1_4min_20260129_111200.csv
1.0186636238434834,0.17088133326740773,1.413966053340744,0.7292461861401813,0.6847198672005628,53.3146,28.609698469498525,8.934560704592856,44.590902659623296,7.7885364478828745,36.80236621174042,44837.23469999999,0.0,Walking,Walking_Xiaoye_1_4min_20260129_111200.csv
1.0591686888524476,0.18595503229354485,1.4818232013300372,0.743034319530397,0.7387888817996402,57.7863,31.01731104169686,8.321448298114548,56.40965254280512,12.423405330262714,43.98624721254241,51496.75780000001,0.0,Walking,Walking_Xiaoye_1_4min_20260129_111200.csv
1.04083066667867,0.13613290062991287,1.528201557386983,0.8909545442950499,0.637247013091933,55.0745,107.63172148501697,36.177904043650244,171.15718769598897,8.883647899371068,162.2735397966179,643362.5697999999,0.0,Walking,Walking_Xiaoye_1_4min_20260129_111200.csv
1.0299578315901166,0.10751774958442677,1.3419761547807025,0.8590110593001699,0.4829650954805327,53.6071,59.704858093458725,23.778477964884257,103.8207517792084,28.682688158539115,75.13806362066927,205938.88869999998,0.0,Walking,Walking_Xiaoye_1_4min_20260129_111200.csv
1.045294500789034,0.180315501897919,1.4780054127099804,0.741484996476665,0.7365204162333154,56.2252,36.88884514909981,13.965978544295805,69.81819318773583,13.1848208178951,56.63337236984073,77596.7241,0.0,Walking,Walking_Xiaoye_1_4min_20260129_111200.csv
1.0459957564027165,0.1796279533366304,1.5577547945681312,0.8038034585643433,0.7539513360037878,56.28639999999999,31.220134719792753,13.232619948136778,67.1388218544234,9.687708707429223,57.451113146994174,57314.849899999994,0.0,Walking,Walking_Xiaoye_1_4min_20260129_111200.csv
1.0174671649508578,0.18634663839108237,1.5761345120261785,0.7147726911403373,0.8613618208858412,53.463499999999996,32.1304471535477,11.977032770805023,54.12897929944735,5.7995689494996086,48.32941034994774,58647.2981,0.0,Walking,Walking_Xiaoye_1_4min_20260129_111200.csv
1.073804952367087,0.19467116248165106,1.5953996364547662,0.7417546764261079,0.8536449600286583,59.509800000000006,53.015135431959116,19.300602801494428,102.56041731584365,16.683288045226575,85.87712927061708,158783.3794,0.0,Walking,Walking_Xiaoye_1_4min_20260129_111200.csv
1.0151450403672129,0.13512861227345105,1.412055239712668,0.7921489758877431,0.6199062638249249,52.420700000000004,52.0444555834226,32.20381000125753,98.09977013224854,6.754413372010925,91.3453567602376,186248.4514,0.0,Walking,Walking_Xiaoye_1_4min_20260129_111200.csv
1.0599669486079266,0.1612580257733778,1.4335968749965942,0.7595393340703297,0.6740575409262645,57.450700000000005,70.06833470100992,32.35014573078947,100.45523281541882,9.15435415526404,91.30087866015478,296758.6409,0.0,Walking,Walking_Xiaoye_1_4min_20260129_111200.csv
1.0171118961403431,0.15160162190787238,1.660873264279969,0.8595929269136643,0.8012803373663048,52.852,70.33831215383272,19.785514732103184,91.0982486110463,13.518261722573653,77.57998688847265,266555.77089999994,0.0,Walking,Walking_Xiaoye_1_4min_20260129_111200.csv
1.015593460297082,0.20827259267359013,1.7658425750898634,0.7046275611981127,1.0612150138917507,53.696999999999996,42.257820188876856,12.75096574511969,62.68222555078912,11.422587272592843,51.25963827819628,97252.93759999999,0.0,Walking,Walking_Xiaoye_1_4min_20260129_111200.csv
1.0447674942412268,0.18716162113375784,1.5083103128998356,0.7877816956492453,0.7205286172505904,56.293400000000005,30.567474819992817,11.6430140712082,57.939175865730085,9.6413795693355,48.29779629639459,53360.9549,0.0,Walking,Walking_Xiaoye_1_4min_20260129_111200.csv
0.9694449946698187,0.16092970423047867,1.393341307792172,0.759802605944465,0.6335387018477069,48.2602,23.804130709120358,7.891283048150891,57.768333020782244,12.070637928460947,45.6976950923213,31383.177000000003,0.0,Walking,Walking_Xiaoye_1_4min_20260129_111200.csv
1.0269038604737875,0.16932176030953142,1.6973803345155145,0.7767238891652555,0.920656445350259,54.1314,54.47784191478922,23.005884480316517,111.92731659429704,24.104323263680314,87.82299333061673,174326.0283,0.0,Walking,Walking_Xiaoye_1_4min_20260129_111200.csv
1.0582661537708367,0.21763747188020802,1.6227445886522007,0.7497332859090625,0.8730113027431382,58.317299999999996,25.501183337709428,10.038184565139623,51.75323178314568,9.143571512270247,42.60966027087543,37453.0099,0.0,Walking,Walking_Xiaoye_1_4min_20260129_111200.csv
1.017798955027081,0.18616781749595274,1.7102339021315185,0.8139410298049854,0.8962928723265331,53.494,33.81776785275047,14.640533246166923,80.23747067299666,10.796119673290029,69.44135099970663,67684.98659999999,0.0,Walking,Walking_Xiaoye_1_4min_20260129_111200.csv
1.0406178165649913,0.14367110913297768,1.241531312533035,0.8471127433818948,0.39441856915114015,55.1557,37.23299771041349,19.89414931674851,79.56346460530737,17.665505936711803,61.89795866859557,88707.8876,0.0,Walking,Walking_Xiaoye_1_4min_20260129_111200.csv
1.0242198240343507,0.1479856310421453,1.3412307780542465,0.8130190649671138,0.5282117130871327,53.5244,29.247568057847513,5.749461971419049,44.11600729893856,18.82058978884562,25.295417510092943,44390.77120000001,0.0,Walking,Walking_Xiaoye_1_4min_20260129_111200.csv
1.0566212579832321,0.17386810969616717,1.5321227104902533,0.848645980371085,0.6834767301191683,57.3037,48.928890167981415,22.636759407185178,106.51304333272991,13.115719576142212,93.3973237565877,144810.53560000003,0.0,Walking,Walking_Xiaoye_1_4min_20260129_111200.csv
1.007947505229823,0.18092682786643816,1.5523530526268823,0.7291776189653657,0.8231754336615166,52.4019,62.20171640807063,19.64455784559518,106.44752838840364,30.351304749549072,76.09622363885457,212362.20020000002,0.0,Walking,Walking_Xiaoye_1_4min_20260129_111200.csv
1.0640714644609255,0.1830576983870289,1.6140322177701412,0.7218725649309579,0.8921596528391833,58.2544,60.250945837940854,41.0248744309476,166.56978507520503,10.125028395021912,156.44475668018313,263977.79949999996,0.0,Walking,Walking_Xiaoye_1_4min_20260129_111200.csv
1.0718227153977358,0.15212128202967362,1.4132940246105903,0.6945502141674136,0.7187438104431767,58.5741,55.10420962459589,20.534744365879853,94.37314978318781,10.770301759932263,83.60284802325555,172485.8065,0.0,Walking,Walking_Xiaoye_1_4min_20260129_111200.csv
1.0265665156690273,0.12146717414616291,1.4486200329969208,0.802122185206219,0.6464978477907017,53.4149,66.15670234573241,34.180877377625144,143.14134622812514,8.577511294075922,134.56383493404923,276083.74980000005,0.0,Walking,Walking_Xiaoye_1_4min_20260129_111200.csv
1.0476446574750762,0.06779825763767018,1.2288612614937457,0.9121951545584969,0.3166661069352489,55.103199999999994,111.12943424510678,48.71692952987563,167.93162239435432,6.9935398762000345,160.9380825181543,733781.1797000001,0.0,Walking,Walking_Xiaoye_1_4min_20260129_111200.csv
1.0533120711158706,0.19681567270427505,1.6581917862539304,0.7921489758877429,0.8660428103661875,57.37140000000001,26.370705628008217,9.971426764272023,48.463707039391856,10.021222480316462,38.442484559075396,39642.744,0.0,Walking,Walking_Xiaoye_1_4min_20260129_111200.csv
1.0170806221105229,0.10526969620930575,1.170213655705658,0.8422588675698226,0.32795478813583534,11.489799999999999,40.22737973043592,3.991736717976857,45.69822097193719,32.310558645743036,13.387662326194153,17960.0025,0.0,Walking,Walking_Xiaoye_1_4min_20260129_111200.csv
0.9639949768246852,0.11161927205759795,1.4594519519326423,0.7793587107359485,0.6800932411966938,47.0748,44.60309452126414,16.54885541165596,71.30503348291761,11.759651355376144,59.545382127541465,112891.16820000001,0.0,Walking,Walking_Xiaoye_2_20sek_20260202_094909.csv
0.9864646042512686,0.19862174223677376,1.6412495239907916,0.6000833275470999,1.0411661964436916,50.588699999999996,75.78150996705821,40.85968182811202,155.99760030205593,16.605508122306887,139.39209217974906,368948.029,0.0,Walking,Walking_Xiaoye_2_20sek_20260202_094909.csv
0.962126330203986,0.23675726984552042,1.6132265804901678,0.7333484846919642,0.8798780957982035,49.031,75.38228156496584,31.255870469992505,114.50675351262039,23.375410156829336,91.13134335579106,331993.9612,0.0,Walking,Walking_Xiaoye_2_20sek_20260202_094909.csv
0.9314636432273297,0.124586996674932,1.1565898149300815,0.7218032973047435,0.43478651762533804,44.141799999999996,37.76128403014793,16.949589917214208,74.62035848211934,7.333300757503404,67.28705772461593,85372.8699,0.0,Walking,Walking_Xiaoye_2_20sek_20260202_094909.csv
0.9877614191391905,0.17858679608198685,1.4715298162116865,0.7161703707917552,0.7553594454199314,50.3464,33.121504763978116,9.959872149503969,51.94112532473666,9.060938141274335,42.880187183462326,59712.4575,0.0,Walking,Walking_Xiaoye_2_20sek_20260202_094909.csv
1.032509546727481,0.1786800695708633,1.6687120782208056,0.7877816956492453,0.8809303825715603,54.8682,102.49918864980393,31.35519486516636,159.9410400741473,36.69059552528413,123.25044454886319,573478.4477,0.0,Walking,Walking_Xiaoye_2_20sek_20260202_094909.csv
1.0373856840615998,0.193788603801443,1.6512419568312815,0.7874642849044013,0.8637776719268802,55.64860000000001,65.31624535939537,23.852107726813013,114.37045116637427,20.97846753221026,93.391983634164,241187.8245,0.0,Walking,Walking_Xiaoye_2_20sek_20260202_094909.csv
0.9958257464599459,0.1639159898299437,1.4425324953012324,0.7366138744281159,0.7059186208731165,50.89999999999999,26.11894174999182,11.018768768052558,58.648725476347735,8.280688377182177,50.36803709916556,40059.2059,0.0,Walking,Walking_Xiaoye_2_20sek_20260202_094909.csv
1.0274224094251245,0.23714972582796146,1.6282813024781682,0.8095677859203638,0.8187135165578043,55.53560000000001,99.88630324485634,37.8885583407365,157.2224217470269,20.447092702875878,136.77532904415102,569205.2786,0.0,Walking,Walking_Xiaoye_2_20sek_20260202_094909.csv
1.0083974850206796,0.15724189153348686,1.4940548852033515,0.8340863264674706,0.6599685587358809,52.05479999999999,71.78209320113109,20.216083000971647,113.79374587383965,33.31717875210925,80.4765671217304,277659.2558,0.0,Walking,Walking_Xiaoye_2_20sek_20260202_094909.csv
0.9853615185461821,0.18576559117790228,1.620154313638056,0.7705193054038296,0.8496350082342264,50.2378,46.38325823602854,19.268762428352723,84.91888070388117,15.303953737515021,69.61492696636616,125763.3073,0.0,Walking,Walking_Xiaoye_2_20sek_20260202_094909.csv
0.9751539145339615,0.1839388845072374,1.361616686149226,0.6946221994724902,0.6669944866767359,49.2041,28.7765194768638,9.878094648016988,47.41862925053823,8.037132573250238,39.38149667728799,46185.664600000004,0.0,Walking,Walking_Xiaoye_2_20sek_20260202_094909.csv
0.9968780629653967,0.1713694171104464,1.5153877391611692,0.6953416426476987,0.8200460965134705,51.127300000000005,42.6426310299533,12.806816219373195,69.82018762507016,15.104098781456642,54.71608884361352,98956.4116,0.0,Walking,Walking_Xiaoye_2_20sek_20260202_094909.csv
0.9898167757379878,0.11765126106143298,1.386578522839583,0.7109149034870489,0.6756636193525342,40.722899999999996,77.95638444230654,21.04760396815727,130.14990933535069,27.955199874084247,102.19470946126644,266885.1782,0.0,Walking,Walking_Xiaoye_2_20sek_20260202_094909.csv
1.0356918491826144,0.017566013587724767,1.0723339032223125,0.9932774033471214,0.07905649987519103,53.647999999999996,12.032213504828627,4.386584857082708,20.712616927853418,3.94170014080219,16.770916787051227,8181.572299999999,0.0,Walking,Walking_Xiaoye_2_2min_20260129_110830.csv
1.0297882953365092,0.008334021001173367,1.0471867073258714,1.0107423014794623,0.03644440584640907,53.02660000000001,7.092846479159542,2.9608990676568316,12.394373723589263,3.739478573277296,8.654895150311967,2945.0028,0.0,Walking,Walking_Xiaoye_2_2min_20260129_110830.csv
1.0351136423672078,0.04223050673716865,1.1671332400373147,0.9434511116109833,0.2236821284263314,53.660399999999996,34.69775162432621,45.05524769789805,152.73080206690463,4.044885659694227,148.6859164072104,159665.49029999998,0.0,Walking,Walking_Xiaoye_2_2min_20260129_110830.csv
1.0920504366773696,0.20901577850987346,1.882153022471871,0.8322259308625273,1.0499270916093437,61.76939999999999,106.62611783373917,49.74327873483409,194.68781497566818,32.240206264848865,162.4476087108193,689701.7454,0.0,Walking,Walking_Xiaoye_2_2min_20260129_110830.csv
1.0084676844750726,0.2923426305593012,1.842878183711555,0.48528342234203714,1.3575947613695178,55.0381,60.94188616917946,23.78892188030639,117.66937791966097,14.392880184313354,103.27649773534762,213425.4019,0.0,Walking,Walking_Xiaoye_2_2min_20260129_110830.csv
1.0672593115498878,0.19179485721771214,1.4368368035375485,0.7993122043357026,0.6375245992018459,58.75460000000001,45.468154541664745,28.463425414052285,118.50031265781537,10.000304995348891,108.50000766246649,143065.8166,0.0,Walking,Walking_Xiaoye_2_2min_20260129_110830.csv
1.021312850077876,0.1789312439658004,1.4573949361789342,0.7887965517166008,0.6685983844623334,53.72279999999999,71.01917743886567,26.18604516015165,124.7705514133844,26.913167780846607,97.85738363253779,285785.9173,0.0,Walking,Walking_Xiaoye_2_2min_20260129_110830.csv
1.0228583110023535,0.14863623453844518,1.4348519087348353,0.8303011501858829,0.6045507585489523,53.3945,64.30321196225431,27.2193806505097,134.56788807141174,17.148157335410705,117.41973073600104,243048.9929,0.0,Walking,Walking_Xiaoye_2_2min_20260129_110830.csv
1.0584122324907874,0.1817419849560988,1.4803377992877165,0.594474557908074,0.8858632413796425,57.6303,102.44879774412621,45.529346274986985,185.42723262778853,10.743975055816167,174.68325757197235,626360.9552,0.0,Walking,Walking_Xiaoye_2_2min_20260129_110830.csv
1.0284845063603165,0.07229206759753527,1.212023102090055,0.9158602513484249,0.29616285074163007,53.1451,66.61501719851307,42.84212476916309,167.06763929618447,3.660519088872506,163.40712020731195,311814.9609,0.0,Walking,Walking_Xiaoye_2_2min_20260129_110830.csv
1.022572177649387,0.18640022088043826,1.621141573089778,0.6068772528279504,1.0142643202618276,53.98519999999999,68.9688614371245,37.56301633237739,140.71343716930522,7.480969188547697,133.23246798075752,306973.222,0.0,Walking,Walking_Xiaoye_2_2min_20260129_110830.csv
1.0649228337847363,0.24992520939209167,1.8118222870910934,0.6598484674529449,1.1519738196381484,59.76370000000001,57.48385348061737,19.736939391656215,93.12675770153281,11.182674098801234,81.94408360273158,184307.4626,0.0,Walking,Walking_Xiaoye_2_2min_20260129_110830.csv
1.1387179734457364,0.16845449016506023,1.6251153805191803,0.8286132994346639,0.7965020810845164,66.2244,75.9564959864303,46.77056486966944,164.56755482172056,9.858747384936892,154.70880743678367,395656.26529999997,0.0,Walking,Walking_Xiaoye_2_2min_20260129_110830.csv
0.9593118015788182,0.1289077638595423,1.2605554331325537,0.7856844150166147,0.474871018115939,46.8282,45.38916571451189,36.0536659765346,132.95440195796454,15.277522704941399,117.67687925302313,166702.2929,0.0,Walking,Walking_Xiaoye_2_2min_20260129_110830.csv
1.0605137815892478,0.1987474016240703,1.6221590550867693,0.8013738203859669,0.8207852347008023,58.17,34.222017356286976,15.74896543625129,69.19031579635983,8.295661516720653,60.89465427963917,70710.7893,0.0,Walking,Walking_Xiaoye_2_2min_20260129_110830.csv
1.042618729436004,0.17502240389899834,1.5513864766717542,0.8321658488546619,0.7192206278170923,55.853699999999996,28.71026735595084,12.993518492153779,67.08586587352063,9.672155912721838,57.4137099607988,49486.7172,0.0,Walking,Walking_Xiaoye_2_2min_20260129_110830.csv
1.0423333897949107,0.15495590063460027,1.52499180325666,0.8193289937503737,0.7056628095062863,55.4995,44.78351653877651,22.823096080844056,106.5375070104421,8.744106586724568,97.79340042371753,125801.9597,0.0,Walking,Walking_Xiaoye_2_2min_20260129_110830.csv
1.0345267426102327,0.15779222590282801,1.5503547981026795,0.7279423054061359,0.8224124926965436,54.73230000000001,57.70636142280866,20.926362032091095,100.26152352722353,13.833383534045458,86.42813999317808,187958.92620000002,0.0,Walking,Walking_Xiaoye_2_2min_20260129_110830.csv
1.05517461992613,0.13048778762056262,1.5788920165736477,0.8215229759416349,0.7573690406320128,56.504000000000005,62.65235259887149,31.43712337911595,110.03745044301962,11.930871720037894,98.10657872298172,244692.2079,0.0,Walking,Walking_Xiaoye_2_2min_20260129_110830.csv
1.0265212466971214,0.11808043816367747,1.3436145280548286,0.838868285251028,0.5047462428038006,53.3705,44.85078907108678,17.033960607577235,78.52087684176738,11.455033827972748,67.06584301379462,114797.29890000001,0.0,Walking,Walking_Xiaoye_2_2min_20260129_110830.csv
1.0294174642391891,0.1338506795182889,1.3613596145030893,0.759670981412348,0.6016886330907413,53.86290000000001,28.11506405166308,12.940574198331888,56.40317810194741,4.487917111534035,51.91526099041337,47728.30590000001,0.0,Walking,Walking_Xiaoye_2_2min_20260129_110830.csv
1.0355373891124444,0.16820273163286256,1.817415747703315,0.8218272324521743,0.9955885152511408,55.0032,31.694433817871705,14.235385092765737,65.4716595176875,10.273310080008294,55.198349437679205,60156.520000000004,0.0,Walking,Walking_Xiaoye_2_2min_20260129_110830.csv
1.058984163179543,0.17884705053373404,1.6697904060090896,0.8370185183136631,0.8327718876954264,57.639700000000005,29.570952700996145,16.276411577251626,90.32368128016041,5.166023615896466,85.15765766426395,56703.219300000004,0.0,Walking,Walking_Xiaoye_2_2min_20260129_110830.csv
1.0048241787813494,0.13781964603439983,1.368247053715081,0.7092249290598859,0.6590221246551952,51.4143,35.81928609419966,18.324431157523303,88.91452580990352,7.702934505758179,81.21159130414534,80604.51690000002,0.0,Walking,Walking_Xiaoye_2_2min_20260129_110830.csv
1.0291736630832533,0.2585429566325172,2.0775225630543703,0.7519308478842984,1.3255917151700718,56.235299999999995,48.092859361174966,18.027356379313645,86.28447484918709,20.056031511742297,66.22844333744479,131570.44939999998,0.0,Walking,Walking_Xiaoye_2_2min_20260129_110830.csv
0.9637852799951652,0.24852613311575544,1.7170614432803506,0.6938299503480663,1.0232314929322843,49.4706,44.22676428227148,22.475602807298067,110.69686264750234,7.785409430466711,102.91145321703563,122552.81730000001,0.0,Walking,Walking_Xiaoye_2_2min_20260129_110830.csv
1.096380186129925,0.21142492144945743,1.7075420931854066,0.7677239087067694,0.9398181844786372,62.29280000000001,75.07773101757817,34.834727178553635,153.9214140397625,9.609500507310461,144.31191353245205,341292.7373999999,0.0,Walking,Walking_Xiaoye_2_2min_20260129_110830.csv
1.0274161060903824,0.1794667411234323,1.4969635934116767,0.7632168761236875,0.7337467172879892,54.3574,72.5119138614043,44.51471462928659,158.8004565484621,10.84082100211972,147.95963554634238,359995.31370000006,0.0,Walking,Walking_Xiaoye_2_2min_20260129_110830.csv
1.0816258839988682,0.17557906255537375,1.5512897859523218,0.7650490180374065,0.7862407679149153,60.00630000000001,62.35919427106105,31.58493880071585,141.7407841801364,14.582006034836223,127.15877814530016,243316.26510000002,0.0,Walking,Walking_Xiaoye_2_2min_20260129_110830.csv
1.059507145329846,0.22365381639206539,1.8308741081789321,0.5376802023508025,1.2931939058281297,58.5788,96.26073684009344,48.431891932122284,189.94546954323494,14.887827242415193,175.05764230081974,578243.2324999999,0.0,Walking,Walking_Xiaoye_2_2min_20260129_110830.csv
1.0214358050787942,0.07619052449948069,1.2195490970026586,0.8203657720797474,0.3991833249229112,52.451,95.4980650968889,32.557613811399285,169.0264485221174,45.653850878102276,123.37259764401512,507933.9344999999,0.0,Walking,Walking_Xiaoye_2_2min_20260129_110830.csv
1.075806072951059,0.2332059031563311,1.7941293152947477,0.7021395872616784,1.0919897280330693,60.532799999999995,54.989323013439,34.47116423620854,147.40206816730895,7.3568131687572444,140.0452549985517,209416.0793,0.0,Walking,Walking_Xiaoye_2_2min_20260129_110830.csv
1.010227878467703,0.28474771068697563,1.7084788555905515,0.5845511098270193,1.1239277457635322,55.001000000000005,61.34208162681915,31.410021273743144,110.12279418903246,17.418739908500847,92.70405428053161,236485.4313,0.0,Walking,Walking_Xiaoye_2_2min_20260129_110830.csv
1.1226121252508157,0.38135367943179743,2.0203217565526534,0.5093132631298737,1.5110084934227799,70.139,104.97188058250144,36.52498472492751,172.795215211533,18.327569396949503,154.46764581458348,616324.4366,0.0,Walking,Walking_Xiaoye_2_2min_20260129_110830.csv
1.172720681899414,0.250338958470175,1.7987217683677483,0.7742092740338365,1.0245124943339117,71.83449999999999,58.03270707685484,28.687153089485076,113.38822249246171,16.227797139476447,97.16042535298526,208714.4394,0.0,Walking,Walking_Xiaoye_2_2min_20260129_110830.csv
1.0550277555818992,0.32453488688888216,1.787428320241122,0.5284884104689525,1.2589399097721696,60.81499999999999,58.75429163121859,27.834786357085793,109.183558286035,2.91515008189973,106.26840820413527,210567.3305,0.0,Walking,Walking_Xiaoye_2_2min_20260129_110830.csv
1.0180722271292213,0.24940938469027013,1.8648592440181644,0.6320601237224193,1.2327991202957451,54.8716,77.95063597574655,43.886534718157094,166.61134505189014,8.539853628722216,158.0714914231679,398190.451,0.0,Walking,Walking_Xiaoye_2_2min_20260129_110830.csv
1.080670914389956,0.2781358770706386,1.8978672240175285,0.6241794613730894,1.273687762644439,62.1831,103.88853345201545,36.150551258809124,183.6051548840609,55.08594557598153,128.51920930807938,603677.6246,0.0,Walking,Walking_Xiaoye_2_2min_20260129_110830.csv
1.0997939908073007,0.23895857762499823,1.7807301873108121,0.77,1.010730187310812,63.2753,63.69221645335817,33.064234781594735,127.65318092393937,4.648644963857747,123.00453596008163,256403.85930000004,0.0,Walking,Walking_Xiaoye_2_2min_20260129_110830.csv
0.9820262588425333,0.25339415723765557,1.5160804727981954,0.4754997371187496,1.0405807356794456,51.364999999999995,35.87753390903566,19.401273958959713,88.10867210439618,6.573621528503143,81.53505057589304,82803.9341,0.0,Walking,Walking_Xiaoye_2_2min_20260129_110830.csv
1.140429362465885,0.25910140876918863,1.7901396593562189,0.7156814934033155,1.0744581659529033,68.3185,76.49327938093359,40.75735683623215,197.9929064385894,20.751043347263288,177.2418630913261,373958.0342,0.0,Walking,Walking_Xiaoye_2_2min_20260129_110830.csv
1.0082053554503143,0.20182322341974412,1.6292329483533041,0.6814690014960328,0.9477639468572713,52.819799999999994,67.28302219824525,41.17319010644259,193.1020447846164,13.256703964409855,179.84534082020653,309416.60140000004,0.0,Walking,Walking_Xiaoye_2_2min_20260129_110830.csv
1.0845052347563584,0.1881933324906454,1.3937359864766354,0.6972087205421343,0.6965272659345011,60.543000000000006,40.93183277150476,26.171426504319346,105.61021399467003,6.046023486557094,99.56419050811294,117332.98139999998,0.0,Walking,Walking_Xiaoye_2_2min_20260129_110830.csv
1.0068541732686156,0.17831602813364714,1.6843693181722352,0.7424284477308234,0.9419408704414118,52.245799999999996,50.28759713541328,20.549847418530184,120.5463110177993,16.37471831818795,104.17159269961135,147134.6365,0.0,Walking,Walking_Xiaoye_2_2min_20260129_110830.csv
1.0939743109709754,0.2094701940113741,1.7891059219621401,0.7487322618933954,1.0403736600687448,61.989000000000004,101.81457915091629,34.999326995305054,144.6817887641703,24.02490998942556,120.65687877474474,578333.1179999999,0.0,Walking,Walking_Xiaoye_2_2min_20260129_110830.csv
1.0460725954847516,0.11525537295809382,1.3138112497615477,0.812526922630875,0.5012843271306727,55.3643,127.41523104350485,47.01432712732346,181.1984558433101,24.644979204698064,156.553476638612,920039.0559000002,0.0,Walking,Walking_Xiaoye_2_2min_20260129_110830.csv
1.032430968724231,0.23898231259618857,2.0454094944533723,0.7891134265744058,1.2562960678789665,56.0942,60.541813781478076,30.21633515590382,130.8166858623165,13.037031870790223,117.77965399152626,228003.87939999998,0.0,Walking,Walking_Xiaoye_2_2min_20260129_110830.csv
1.10415863897186,0.23791547972690508,1.7083910559353794,0.7695453203028396,0.9388457356325398,63.731899999999996,40.51188622909244,19.517879980670752,86.57629352195669,11.775151803692385,74.8011417182643,100727.0806,0.0,Walking,Walking_Xiaoye_2_2min_20260129_110830.csv
1.001300806365862,0.2036270479684891,1.4944564229177109,0.7100704190430692,0.7843860038746416,52.161899999999996,32.85832370944742,9.110327566702408,53.362284433858335,8.288461859718002,45.07382257414034,58050.3772,0.0,Walking,Walking_Xiaoye_2_2min_20260129_110830.csv
1.1539286256090016,0.2022544543040713,1.7529689101635544,0.7813449942247023,0.9716239159388521,68.582,40.87485518903969,14.768962327795125,79.69539886342247,8.524511716221639,71.17088714720083,94225.67950000003,0.0,Walking,Walking_Xiaoye_2_2min_20260129_110830.csv
1.1123302469997638,0.1598705522572091,1.489731519435633,0.8929165694509202,0.5968149499847129,63.116299999999995,35.748890260894854,15.006267640028982,71.17619967376736,16.58155903405949,54.59464063970786,74933.3731,0.0,Walking,Walking_Xiaoye_2_2min_20260129_110830.csv
0.9965843267389551,0.17154067673219162,1.4698979556418195,0.769285382676676,0.7006125729651435,51.100899999999996,43.60386348669084,18.39566095228597,99.69567743889401,16.542100833932793,83.15357660496122,111646.46230000001,0.0,Walking,Walking_Xiaoye_2_2min_20260129_110830.csv
1.1097123254391663,0.2187920333222935,1.60639347608237,0.7237402849088892,0.8826531911734807,63.9187,65.97876825896324,28.93244459133444,138.99832984608125,22.750076922946878,116.24825292313437,258677.1242,0.0,Walking,Walking_Xiaoye_2_2min_20260129_110830.csv
1.0215522597039985,0.23251284953224907,1.4917774632967211,0.6016643582596529,0.8901131050370682,54.8275,42.21184137957368,21.8934772073857,92.39046812306994,8.900174155599428,83.4902939674705,112578.8705,0.0,Walking,Walking_Xiaoye_2_2min_20260129_110830.csv
1.0914488495750736,0.20188248946427764,1.6656530250925612,0.6556675987114202,1.009985426381141,61.5601,35.07489194339418,9.832309357690546,53.71838512092485,13.150064638624404,40.56832048230045,66249.4433,0.0,Walking,Walking_Xiaoye_2_2min_20260129_110830.csv
1.0687645222553601,0.1816376634510325,1.5132415537514161,0.8031189202104505,0.7101226335409656,58.72950000000001,164.7791659801829,57.486964066889854,258.6327121614743,15.695037432258644,242.93767472921564,1519541.4779000003,0.0,Walking,Walking_Xiaoye_2_2min_20260129_110830.csv
1.0353430031851263,0.1680648130432684,1.4727185746095552,0.7386474125047756,0.7340711621047796,54.9808,52.57056534422485,24.698358273717776,137.2246136813655,15.594643311086022,121.62997037027948,168073.6532,0.0,Walking,Walking_Xiaoye_2_2min_20260129_110830.csv
1.0763039559526653,0.23977837216012246,1.8033302526159762,0.7455199527846321,1.0578102998313441,60.73870000000001,48.30645069701698,30.450659371847312,138.21558559004842,10.093696052487413,128.121889537561,162110.5491,0.0,Walking,Walking_Xiaoye_2_2min_20260129_110830.csv
1.0430403990778339,0.23511769933886636,1.625607578722491,0.7467261881037789,0.8788813906187122,57.105399999999996,48.280869139633424,26.939456479858624,120.1777937058257,7.1395798195692155,113.03821388625649,152113.0977,0.0,Walking,Walking_Xiaoye_2_2min_20260129_110830.csv
1.024196556147045,0.239505047402254,1.6818442258425719,0.6707458535093601,1.0110983723332119,55.2597,51.41692669254842,26.317607621349794,128.76148608959124,9.835293589923994,118.92619249966725,166123.22460000002,0.0,Walking,Walking_Xiaoye_2_2min_20260129_110830.csv
1.1165998969980966,0.29446365983445566,1.6991762710207554,0.6780117993073572,1.0211644717133983,66.5885,68.28667163400348,23.559967714839313,113.3591522551223,25.561711601534043,87.79744065358825,260352.008,0.0,Walking,Walking_Xiaoye_2_2min_20260129_110830.csv
1.0047176535988012,0.2147624139267197,1.6777961735562519,0.7398648525237566,0.9379313210324953,52.732899999999994,46.12396981729547,20.269920116361853,91.62213760876789,11.269818099685548,80.35231950908234,126503.643,0.0,Walking,Walking_Xiaoye_2_2min_20260129_110830.csv
1.0958243788819946,0.20909164734069038,1.7628953457309937,0.776530746332687,0.9863645993983067,62.183800000000005,43.60033546285257,24.45047221126408,112.72063741835387,5.357284760025362,107.36335265832851,124342.9166,0.0,Walking,Walking_Xiaoye_2_2min_20260129_110830.csv
1.0606616372828102,0.17491948934175539,1.5948040632002416,0.7716216689544171,0.8231823942458245,57.7494,49.120127847672435,18.591173466062305,108.19993715340134,17.85157696115388,90.34836019224745,137575.3028,0.0,Walking,Walking_Xiaoye_2_2min_20260129_110830.csv
1.0367688061310512,0.07711932599837143,1.2493998559308386,0.7808969202141854,0.46850293571665313,54.035900000000005,96.63081353189037,16.636406664271473,124.41314761712285,45.974817019755505,78.43833059736734,480437.43750000006,0.0,Walking,Walking_Xiaoye_2_2min_20260129_110830.csv
1.0376323443487474,0.09013095892339877,1.2553087269671952,0.8174961773610933,0.43781254960610194,54.232099999999996,34.260658157041476,19.758086916974573,83.88558934644257,8.41578279187385,75.46980655456872,77818.3528,0.0,Walking,Walking_Xiaoye_2_2min_20260129_110830.csv
1.0564908624668214,0.18235158215491304,1.6541765322963569,0.6763135367564367,0.9778629955399202,57.43799999999999,98.92242932160396,52.01345537368652,200.07511514428774,27.118593252600693,172.95652189168703,621846.9286,0.0,Walking,Walking_Xiaoye_2_2min_20260129_110830.csv
1.0372156473417433,0.17984035127973033,1.6795535120977836,0.8331266410336425,0.846426871064141,55.3756,42.60701365034579,23.528911086958697,97.34886594100621,11.722819626693914,85.62604631431229,117894.75379999999,0.0,Walking,Walking_Xiaoye_2_2min_20260129_110830.csv
1.149131118033207,0.23319360785108195,1.905911855254592,0.7071774883294858,1.1987343669251063,68.6897,56.683361759873506,42.20763096687648,186.76835572441067,17.76928529795163,168.99907042645904,247942.8965,0.0,Walking,Walking_Xiaoye_2_2min_20260129_110830.csv
1.035578470878746,0.1870316754042709,1.533525350295847,0.7176350047203661,0.8158903455754809,55.33519999999999,133.44558989313686,54.274203799165896,188.2373472507515,23.627926273797286,164.6094209769542,1034725.0438,0.0,Walking,Walking_Xiaoye_2_2min_20260129_110830.csv
1.0325461009752679,0.1408739100451188,1.3485547819795827,0.7233947746562731,0.6251600073233096,54.28,124.95435766172676,54.331137568948336,208.5593272908215,34.13835526208022,174.4209720287413,925321.3279,0.0,Walking,Walking_Xiaoye_2_2min_20260129_110830.csv
1.0603995390855976,0.15306667050485204,1.541265713626304,0.8264381404557753,0.7148275731705286,57.37039999999999,48.265299811012554,22.02710028794011,95.3494446758868,18.47754042073782,76.87190425514898,140251.4225,0.0,Walking,Walking_Xiaoye_2_2min_20260129_110830.csv
1.0258261082654918,0.24831430790652695,1.7730482226944646,0.6211280061307813,1.1519202165636833,55.637299999999996,43.3557340355783,17.279724707161943,75.34200554803408,12.006190070126326,63.33581547790776,108616.8391,0.0,Walking,Walking_Xiaoye_2_2min_20260129_110830.csv
1.05095784251618,0.2731292832358973,1.7200872070915474,0.6360031446463138,1.0840840624452337,58.88099999999999,85.56710702953065,54.8310501058576,181.1662824589609,17.578171122161717,163.5881113367992,513402.24899999995,0.0,Walking,Walking_Xiaoye_2_2min_20260129_110830.csv
1.1054125278750646,0.2716899929369902,1.810359080403664,0.6777905281132217,1.1325685522904423,64.7138,56.21598688554528,26.15456335264558,114.83819312406479,6.0797368364099444,108.75845628765484,191530.8571,0.0,Walking,Walking_Xiaoye_2_2min_20260129_110830.csv
1.0614100572741527,0.2304181875201733,1.6403962935827427,0.7732399368889323,0.8671563566938104,58.9311,36.105434832542166,14.110507864601843,69.99072367106945,16.902976069319863,53.087747601749584,74936.3364,0.0,Walking,Walking_Xiaoye_2_2min_20260129_110830.csv
1.0132920235781342,0.21400284890562632,1.5116216457830973,0.6491532946846992,0.8624683510983981,53.5821,53.52664660000355,23.943221395079757,115.79433621727792,10.755528810802376,105.03880740647554,171345.7095,0.0,Walking,Walking_Xiaoye_2_2min_20260129_110830.csv
1.0950135868480368,0.26188727248179927,1.6475739740600421,0.6388270501473775,1.0087469239126645,63.313399999999994,55.77547022316916,32.598927072997085,150.25638422376602,16.504141904382667,133.75224231938336,207616.96619999997,0.0,Walking,Walking_Xiaoye_2_2min_20260129_110830.csv
1.0610890421319377,0.18746440387968583,1.5417198189035517,0.7368853370776216,0.8048344818259301,58.0175,42.59801008337784,23.406478323023364,106.57289101830727,7.9615325157911645,98.61135850251611,117574.8213,0.0,Walking,Walking_Xiaoye_2_2min_20260129_110830.csv
0.9984398672652101,0.17499805087961026,1.459931505242626,0.7416872656315463,0.7182442396110797,51.34470000000001,47.08761782901647,15.941982732948972,85.47898162706433,13.105136397611433,72.3738452294529,123315.3815,0.0,Walking,Walking_Xiaoye_2_2min_20260129_110830.csv
1.0894579804969415,0.2054445372583853,1.5085423427932012,0.7032069396699665,0.8053354031232347,61.4141,81.64951372020595,25.830685502409505,117.53550399772828,8.59863361238284,108.93687038534544,366026.1459,0.0,Walking,Walking_Xiaoye_2_2min_20260129_110830.csv
1.0425325837428465,0.09588370844607687,1.4034600101178516,0.8877499647986475,0.5157100453192041,54.794200000000004,92.983004579234,33.729961449819015,139.96236458419813,23.438457713766066,116.52390687043206,488039.76170000003,0.0,Walking,Walking_Xiaoye_2_2min_20260129_110830.csv
1.0463919700286772,0.18916531227167682,1.666043216726385,0.8227393268830656,0.8433038898433194,56.50020000000001,42.265077370344144,17.03274460126321,99.42044306881759,15.882808315911893,83.5376347529057,103532.44330000001,0.0,Walking,Walking_Xiaoye_2_2min_20260129_110830.csv
1.0023429009977898,0.2202658616664132,1.7876241215647097,0.6223343153000644,1.1652898062646453,52.611900000000006,48.042126529037745,17.054646759453057,96.19703165898623,3.369525189103058,92.82750646988318,129654.48389999999,0.0,Walking,Walking_Xiaoye_2_2min_20260129_110830.csv
1.0861455379716622,0.24069175465611026,1.58927656498169,0.722841614740048,0.866434950241642,61.824299999999994,48.14245267810806,18.307281983087847,112.4257670643167,21.078778427603435,91.34698863671326,132307.4596,0.0,Walking,Walking_Xiaoye_2_2min_20260129_110830.csv
0.9302844444982705,0.17222094353589013,1.3671137480107498,0.7592759709091287,0.6078377771016211,44.7248,40.94446502251043,23.596193225067363,89.71401507011042,9.55064395734654,80.16337111276388,111104.69720000001,0.0,Walking,Walking_Xiaoye_2_2min_20260129_110830.csv
1.1079382813502898,0.28658931136085863,2.0066140635408694,0.7963039620647382,1.2103101014761313,65.40090000000001,64.4765987787326,40.53139684907341,153.8877438264659,13.183831006198464,140.70391282026745,288358.5019,0.0,Walking,Walking_Xiaoye_2_2min_20260129_110830.csv
1.053983404428773,0.3152274578658799,1.7053152201279387,0.5924525297439449,1.1128626903839938,60.4131,74.02393310596699,24.843883563847324,116.06459279211727,28.982467113756897,87.08212567836037,304220.8426,0.0,Walking,Walking_Xiaoye_2_2min_20260129_110830.csv
1.0466482453668506,0.2453598990705926,1.6729913329123973,0.7354590403278758,0.9375322925845215,57.72350000000001,44.329773230303545,25.205001596092867,96.79277762312641,9.17937361697409,87.61340400615232,129385.75289999999,0.0,Walking,Walking_Xiaoye_2_2min_20260129_110830.csv
1.0242016772798825,0.1687254872810871,1.4269197594819407,0.8018728078691781,0.6250469516127626,53.8444,55.82188478569616,33.99645136001611,150.55206341993457,4.568610291981578,145.983453127953,212436.31760000004,0.0,Walking,Walking_Xiaoye_2_2min_20260129_110830.csv
1.0232167437965032,0.260144181401041,1.7722866585290313,0.5651548460377916,1.2071318124912396,55.664699999999996,51.01416973816413,28.72616321379324,111.36250760466918,15.214424077170978,96.1480835274982,170556.7059,0.0,Walking,Walking_Xiaoye_2_2min_20260129_110830.csv
1.0334295240762927,0.1816349185598734,1.5422386326376343,0.6524568951279465,0.8897817375096878,55.0154,147.99838403531805,44.481584574514635,229.08549081074514,83.81758168785353,145.2679091228916,1192128.0407999998,0.0,Walking,Walking_Xiaoye_2_2min_20260129_110830.csv
1.0815394229965885,0.21313135861411972,1.6668833192518306,0.6827151675479314,0.9841681517038993,60.7122,68.334078290932,32.29793659500043,153.5434681124534,10.585055502924867,142.95841260952855,284591.99150000006,0.0,Walking,Walking_Xiaoye_2_2min_20260129_110830.csv
0.9880299766938485,0.1955024013484582,1.5309474190840129,0.7145628033979938,0.816384615686019,50.68299999999999,31.483986037352842,12.645412138915527,64.07422726806777,9.848659807303733,54.22556746076404,57397.484800000006,0.0,Walking,Walking_Xiaoye_2_2min_20260129_110830.csv
1.0886615267115591,0.2703212002114004,1.7736403243047896,0.6679071791798619,1.1057331451249277,62.8398,47.83390490363019,26.115525518992065,114.66805352843484,14.143514414741478,100.52453911369336,147823.1359,0.0,Walking,Walking_Xiaoye_2_2min_20260129_110830.csv
1.0168823896214882,0.2075518270109993,1.6538742394752992,0.7598684096605148,0.8940058298147844,53.813300000000005,43.666110562849425,16.13203823025022,82.05450749349484,19.618659485296135,62.435848008198704,108088.3508,0.0,Walking,Walking_Xiaoye_2_2min_20260129_110830.csv
1.0154185250952898,0.18371789291422583,1.6024356461337224,0.7669419795525604,0.835493666581162,53.2076,64.35908718178798,56.47082755206727,205.0707590077142,9.27690142235003,195.79385758536418,363363.369,0.0,Walking,Walking_Xiaoye_2_2min_20260129_110830.csv
1.034169440667504,0.2098725755034008,1.8466185312619388,0.677495387438173,1.1691231438237657,55.6336,61.01165459240172,24.01006689162427,117.67133593190825,24.63749378487999,93.03384214702825,214368.7821,0.0,Walking,Walking_Xiaoye_2_2min_20260129_110830.csv
1.040967013134004,0.20634248715911688,1.9864792976520043,0.7859389289251424,1.2005403687268619,56.2669,101.6398586334672,28.05687847141949,145.03960114396344,35.63375506454519,109.40584607941824,555105.2762,0.0,Walking,Walking_Xiaoye_2_2min_20260129_110830.csv
1.0556958369022613,0.1657336809685395,1.4892279879185726,0.8134494452638098,0.6757785426547628,57.0706,138.00998418005076,58.372001243800675,214.81251220541134,35.58958415042244,179.2229280549889,1119295.0225999998,0.0,Walking,Walking_Xiaoye_2_2min_20260129_110830.csv
1.0526551606373693,0.25841177546207844,1.5677691156544704,0.4670117771534247,1.1007573385010456,58.6762,52.758426687328296,45.75652552411053,187.24420444969718,13.380022421505876,173.8641820281913,241761.9011,0.0,Walking,Walking_Xiaoye_2_2min_20260129_110830.csv
1.014799776856848,0.2812352724330673,1.6616558007000126,0.6893475175845634,0.9723082831154493,55.366499999999995,47.976825847918775,15.626454987226944,87.00256835289404,15.44457186198439,71.55799649090966,127053.9096,0.0,Walking,Walking_Xiaoye_2_2min_20260129_110830.csv
0.9639655838942153,0.18754143234062243,1.7525124821238793,0.8276472678623424,0.9248652142615369,48.1849,61.59904024477489,33.88445277287125,153.6257807140455,10.07419475690241,143.5515859571431,245981.73879999996,0.0,Walking,Walking_Xiaoye_2_2min_20260129_110830.csv
1.0964295346910815,0.1540615946828512,1.5093707298076242,0.8248636250920511,0.6845071047155731,61.2709,167.26181435607626,69.58142069864867,259.09857023920455,49.57233502670618,209.52623521249836,1636062.8583,0.0,Walking,Walking_Xiaoye_2_2min_20260129_110830.csv
1.0146854634486906,0.26775981139423,1.9484352696458767,0.650384501660364,1.2980507679855127,54.9924,61.80971042341466,34.85774638490436,137.3387123137537,14.772521788780681,122.56619052497301,250560.0768,0.0,Walking,Walking_Xiaoye_2_2min_20260129_110830.csv
0.9918886847239847,0.17399518265828354,1.4818232013300372,0.7226340706055867,0.7591891307244505,50.675599999999996,52.655928756613406,35.68686382653892,146.56677454320948,1.4468241081762494,145.11995043503322,201036.4019,0.0,Walking,Walking_Xiaoye_2_2min_20260129_110830.csv
1.09107832121514,0.21794517419163076,1.5504837954651443,0.6760917097554148,0.8743920857097295,61.85010000000001,42.084866136292355,19.742926511412996,81.26810013775393,7.919248701739326,73.34885143601461,107656.17210000001,0.0,Walking,Walking_Xiaoye_2_2min_20260129_110830.csv
1.0016712937726515,0.13767241224623294,1.2903100402616419,0.7457881736793631,0.5445218665822787,51.096,89.4404463575889,46.994386718155745,196.25899240544368,12.74083592234042,183.51815648310327,508194.81899999996,0.0,Walking,Walking_Xiaoye_2_2min_20260129_110830.csv
1.0178081563863275,0.12645301133213224,1.3911865439257238,0.8426743143112884,0.5485122296144355,52.5802,118.01294901210836,53.63810010736835,216.75828150269137,33.265778211248865,183.49250329144252,837328.0501000001,0.0,Walking,Walking_Xiaoye_2_2min_20260129_110830.csv
1.0511163846349727,0.183909765895504,1.4667651482088058,0.6829348431585549,0.7838303050502509,56.8996,64.3162848956155,30.766619521183138,126.12359533410076,12.118329092742119,114.00526624135864,253211.8841,0.0,Walking,Walking_Xiaoye_2_2min_20260129_110830.csv
1.086955685934569,0.28885300409376163,1.9262658175859322,0.43058100283221973,1.4956848147537125,63.162,68.22263551114428,47.7952821930344,181.01847999582805,13.673130585202498,167.34534941062554,344651.4608,0.0,Walking,Walking_Xiaoye_2_2min_20260129_110830.csv
1.0660273128649331,0.22422603443020653,1.7537958832201654,0.7077428911688198,1.0460529920513455,59.2843,67.63873715133694,27.887911516413304,125.22391225321145,13.546438646374922,111.67747360683653,266858.983,0.0,Walking,Walking_Xiaoye_2_2min_20260129_110830.csv
0.9753186710150465,0.16021506582016054,1.291665591397402,0.7987490219086343,0.4929165694887677,48.8201,51.23828548381195,20.270826445285408,99.7354270056533,10.944784145884286,88.79064285976902,151402.50879999998,0.0,Walking,Walking_Xiaoye_2_2min_20260129_110830.csv
1.003342054865611,0.1640144373251175,1.5811704525445702,0.8031811750782012,0.777989277466369,51.6529,43.191706688327116,14.066725731513758,75.61697428487865,23.98298146603128,51.633992818847375,102971.94219999998,0.0,Walking,Walking_Xiaoye_2_2min_20260129_110830.csv
1.038590834659096,0.2520954592482665,2.192281916177753,0.7275987905432498,1.4646831256345032,57.047599999999996,62.38116921359961,22.810688945036187,136.52806524667372,20.542093369469434,115.98597187720429,220066.5626,0.0,Walking,Walking_Xiaoye_2_2min_20260129_110830.csv
1.0327630323214452,0.23354525644153115,1.6573774464496613,0.690869017976635,0.9665084284730263,56.0026,41.73871732676737,27.577817725968533,107.07999813223756,10.979808741503652,96.10018939073392,124372.2917,0.0,Walking,Walking_Xiaoye_2_2min_20260129_110830.csv
1.0252052242313392,0.17388786032420978,1.3546217184144067,0.7694803441284254,0.5851413742859813,54.0339,55.985902083777816,26.977348734834187,116.68503845823594,15.407858384603617,101.27718007363232,192382.1515,0.0,Walking,Walking_Xiaoye_2_2min_20260129_110830.csv
0.9736454343742535,0.17134095416345765,1.3908989898623119,0.7414849964766651,0.6494139933856468,48.8378,52.3772924729288,19.919974264523056,96.75158396636203,25.013270477888334,71.7383134884737,156612.50170000002,0.0,Walking,Walking_Xiaoye_2_2min_20260129_110830.csv
1.029668305456907,0.20909713770745655,1.481789458728871,0.7465252842335617,0.7352641744953092,55.153200000000005,35.8465365946531,13.399182284225942,64.1417375817026,6.99254603131077,57.14919155039183,73046.0755,0.0,Walking,Walking_Xiaoye_2_2min_20260129_110830.csv
1.05733567797884,0.18251436642650345,1.5868522300453813,0.7400675644831355,0.8467846655622459,57.5302,121.58267925806612,100.2015477111222,291.87105971644394,20.101788477645464,271.76927123879847,1231094.5527999997,0.0,Walking,Walking_Xiaoye_2_2min_20260129_110830.csv
1.0480591545463915,0.22723270588536074,1.5690761613127642,0.6169278726074873,0.9521482887052769,57.4515,92.35275566559508,73.66636536917643,296.6030294855398,22.469109906714152,274.13391957882567,692361.5099,0.0,Walking,Walking_Xiaoye_2_2min_20260129_110830.csv
1.0738417695195905,0.2672418724734143,1.7568722207377518,0.6624952830020755,1.0943769377356762,61.1563,55.63751085240629,27.06167250039709,131.5243509773,7.221834946881574,124.30251603041843,190661.00250000003,0.0,Walking,Walking_Xiaoye_2_2min_20260129_110830.csv
1.0618927283179422,0.3754237941616789,1.8587630295441107,0.5146843692983109,1.3440786602458,26.498800000000006,36.49905497490166,12.201182124534544,66.3826739443358,19.086293511313293,47.29638043302251,30953.178200000002,0.0,Walking,Walking_Xiaoye_2_2min_20260129_110830.csv
0.9098916577414351,0.0058179150258609435,0.9244457799135654,0.9025519375637061,0.02189384234985925,41.396800000000006,4.6501807901380685,0.11133063017513668,5.014668483559008,4.4702684483149335,0.5444000352440748,1081.8164000000002,0.0,Walking,Walking_Xiaoye_2_4min_20260202_092021.csv
0.9099402474310758,0.004817708096015619,0.9150409826887537,0.9025519375637061,0.01248904512504756,41.400699999999986,4.630717552260437,0.0959216899302951,4.890184045616279,4.462252794273314,0.42793125134296517,1072.6281,0.0,Walking,Walking_Xiaoye_2_4min_20260202_092021.csv
0.9098763820544863,0.0054369652622984575,0.9150409826887537,0.9024965373894794,0.012544445299274232,41.395199999999996,4.667530651311674,0.13552475135792266,5.016831669490218,4.330785148215044,0.6860465212751734,1090.1921000000002,0.0,Walking,Walking_Xiaoye_2_4min_20260202_092021.csv
0.907891757699796,0.006107564795348085,0.9246621004453465,0.8930845424706442,0.0315775579747023,41.2152,4.588423499078403,0.09703667045694891,4.770052410613536,4.342211418160106,0.42784099245342944,1053.1429,0.0,Walking,Walking_Xiaoye_2_4min_20260202_092021.csv
0.9116499484729382,0.005747355140493009,0.9246621004453465,0.9025519375637061,0.02211016288164036,41.556900000000006,4.6111323037006064,0.08941349581246384,4.7961025843907885,4.415099092885685,0.38100349150510393,1063.5188,0.0,Walking,Walking_Xiaoye_2_4min_20260202_092021.csv
0.9128722202846687,0.004322394524735922,0.9244998647917695,0.9025519375637061,0.02194792722806338,41.66770000000001,4.645741115428416,0.10357629751088843,4.815038940652506,4.475913314620827,0.3391256260316782,1079.6712,0.0,Walking,Walking_Xiaoye_2_4min_20260202_092021.csv
0.9115707215418518,0.0059607241434087525,0.9244998647917695,0.8929165694509201,0.03158329534084936,41.5498,4.617087260290399,0.12327682000734545,5.128986254612114,4.424081825644729,0.7049044289673851,1066.6194,0.0,Walking,Walking_Xiaoye_2_4min_20260202_092021.csv
0.9107282867361357,0.005149572863501848,0.9246621004453465,0.9025519375637061,0.02211016288164036,41.47259999999999,4.619108681170607,0.09330109003854693,4.771970242991881,4.397112689026744,0.3748575539651373,1067.2348000000002,0.0,Walking,Walking_Xiaoye_2_4min_20260202_092021.csv
0.9115912082497574,0.006854951628366656,0.9274157643689265,0.9025519375637061,0.024863826805220368,19.114,4.664440802938091,0.09691043319938655,4.8619337716591735,4.5191260216993285,0.342807749959845,500.61780000000016,0.0,Walking,Walking_Xiaoye_2_4min_20260202_092021.csv
0.9623369255335551,0.06257763956963322,1.1908400396358865,0.8478207357690657,0.3430193038668208,46.496500000000005,39.647912298090404,21.114818290280468,99.85711491926853,6.976252575702803,92.88086234356572,100443.7895,0.0,Walking,Walking_Xiaoye_3_20sek_20260202_094945.csv
1.0132688248740171,0.2421887620592336,1.6966732154425024,0.6825686778632609,1.0141045375792415,54.209799999999994,31.41402966355362,20.11444445699771,104.91109188260315,2.982297771853106,101.92879411075003,69167.0159,0.0,Walking,Walking_Xiaoye_3_20sek_20260202_094945.csv
1.0491910922006398,0.25639982339217654,1.5384082683085136,0.7393240155709809,0.7990842527375327,58.2614,79.23863008232007,45.23829277663031,159.69666684060755,14.565359590480421,145.13130725012712,414216.6784,0.0,Walking,Walking_Xiaoye_3_20sek_20260202_094945.csv
0.9416914936621116,0.14177134063314717,1.4170744511139843,0.7347108274688757,0.6823636236451086,45.324,79.37866856998053,37.55834707161951,151.64059779623662,18.25332298514438,133.38727481109225,384169.4935,0.0,Walking,Walking_Xiaoye_3_20sek_20260202_094945.csv
0.9463447829268589,0.15647113519789826,1.4453027364535087,0.766550715869472,0.6787520205840367,45.9781,53.695729692054876,20.111038466519133,95.37789995591223,20.50750106668289,74.87039888922934,163979.8089,0.0,Walking,Walking_Xiaoye_3_20sek_20260202_094945.csv
0.991170855936496,0.18360987463472997,1.3974619851716898,0.740337760755184,0.6571242244165059,50.7729,41.97002635407801,18.815713955931248,98.52482377553386,9.461278983308759,89.0635447922251,105421.67910000001,0.0,Walking,Walking_Xiaoye_3_20sek_20260202_094945.csv
0.9842383715330325,0.20303017771570206,1.5462535367784935,0.5424020648928247,1.0038514718856688,50.4561,43.59816661884266,17.460697191226586,73.26105786842011,14.601123244463079,58.65993462395703,109978.928,0.0,Walking,Walking_Xiaoye_3_20sek_20260202_094945.csv
0.9791616229631529,0.1176058624986241,1.3507775538555562,0.8083316151184489,0.5424459387371073,48.61559999999999,42.02984113786796,30.959521958907303,103.54899758085541,12.778063233526433,90.77093434732897,135291.48529999997,0.0,Walking,Walking_Xiaoye_3_20sek_20260202_094945.csv
1.0471347340907606,0.13552185101571876,1.2851848116127111,0.8310234653726692,0.4541613462400419,55.7245,53.102510394280614,18.58950680053293,96.73767311652685,26.83229956600813,69.90537355051872,157926.74889999998,0.0,Walking,Walking_Xiaoye_3_20sek_20260202_094945.csv
0.9912379014654757,0.15643810374844097,1.4648549416239138,0.7993122043357026,0.6655427372882112,50.3268,40.912667778899475,22.603639611512648,93.775394427323,10.881254523261553,82.89413990406143,108727.62090000001,0.0,Walking,Walking_Xiaoye_3_20sek_20260202_094945.csv
0.9851977585914403,0.165064540458382,1.4301048912579803,0.6503076195155644,0.779797271742416,49.8658,41.300242785248756,15.807751582091976,85.32871790903692,10.959698900973512,74.36901900806342,97529.86820000001,0.0,Walking,Walking_Xiaoye_3_20sek_20260202_094945.csv
0.9939917579580745,0.16239403173227174,1.515585695366646,0.6795586803212803,0.8360270150453657,50.693200000000004,31.502401195302937,15.103203030002812,76.17156556090994,7.504192161718675,68.66737339919126,60797.2944,0.0,Walking,Walking_Xiaoye_3_20sek_20260202_094945.csv
1.0033295101801314,0.08301389902005452,1.114136436887332,0.8682741502543998,0.2458622866329323,8.101600000000001,41.21192773779148,18.72081994953528,75.90792119403613,22.134913598204985,53.773007595831146,16040.667599999997,0.0,Walking,Walking_Xiaoye_3_20sek_20260202_094945.csv
1.1023983674218782,0.21724583907989722,1.4887914561818254,0.6892024376045112,0.7995890185773142,63.07670000000001,49.64558327526784,25.807064869963344,106.10697008208273,2.9186812090394523,103.18828887304328,155868.42219999997,0.0,Walking,Walking_Xiaoye_3_2min_20260129_111759.csv
0.9985032188906104,0.11330526702587898,1.189075270956385,0.7949842765740717,0.3940909943823133,50.479499999999994,50.65957410959037,26.731478291861954,125.53801695104156,5.825572933197215,119.71244401784435,163333.6471,0.0,Walking,Walking_Xiaoye_3_2min_20260129_111759.csv
1.055009521721719,0.2015271012222695,1.6031219541881399,0.7718160402582989,0.831305913929841,57.6423,147.8824799497394,20.379994890821735,189.0293863397964,97.19384805634562,91.83553828345077,1113813.2592,0.0,Walking,Walking_Xiaoye_3_2min_20260129_111759.csv
1.0240452162916216,0.16916178402263427,1.487413863052244,0.6847627326307997,0.8026511304214443,53.8356,48.244963666810946,29.538182947239385,114.66413824731775,8.639126113213072,106.02501213410468,159131.5343,0.0,Walking,Walking_Xiaoye_3_2min_20260129_111759.csv
1.065954199307078,0.19780851640630495,1.4485855169785455,0.7012845356914695,0.747300981287076,58.730199999999996,36.136545893632544,16.855791497812973,68.88742483211287,6.820505846343071,62.0669189857698,79214.26509999999,0.0,Walking,Walking_Xiaoye_3_2min_20260129_111759.csv
1.0077851528150088,0.1923938503133538,1.5793986197284078,0.6169278726074873,0.9624707471209205,52.5953,36.16749264335341,7.8127664945879225,53.941373731116634,18.505753159490702,35.43562057162593,68395.3029,0.0,Walking,Walking_Xiaoye_3_2min_20260129_111759.csv
1.088281805537798,0.21574907887662562,1.8272657168567465,0.6790434448545983,1.1482222720021482,61.49869999999999,65.19407115815861,22.53057781229928,113.21446948159938,18.626502623949566,94.58796685764982,237387.06559999997,0.0,Walking,Walking_Xiaoye_3_2min_20260129_111759.csv
1.0534570383599118,0.20477530824615772,1.6105278637763458,0.7385120175054702,0.8720158462708756,57.5433,58.87737034046248,25.055650586612124,120.22291670060247,18.157329098741368,102.0655876018611,204088.7326,0.0,Walking,Walking_Xiaoye_3_2min_20260129_111759.csv
1.01414986678163,0.20509840273112714,1.6770509831248424,0.7333484846919641,0.9437024984328782,53.4862,39.67586568828345,12.928508282611844,65.94030103055339,8.331170385966187,57.6091306445872,86898.8859,0.0,Walking,Walking_Xiaoye_3_2min_20260129_111759.csv
1.0788806755825953,0.2734706786775697,1.6609635757595649,0.6073713855624086,1.0535921901971563,61.8637,45.00755001814926,13.657054070385044,84.71765872591145,15.948833813166402,68.76882491274505,110423.2191,0.0,Walking,Walking_Xiaoye_3_2min_20260129_111759.csv
1.0398866598265786,0.17179643481464435,1.4159802258506295,0.7196526940128829,0.6963275318377466,55.514399999999995,73.20759684078548,34.5942044337649,123.97370608318522,14.85070368703113,109.12300239615409,326608.8018000001,0.0,Walking,Walking_Xiaoye_3_2min_20260129_111759.csv
1.079221148819829,0.18045213040403865,1.7062825088478168,0.6833739825307954,1.0229085263170214,59.831500000000005,108.67977667450722,43.8647691831271,178.64554430491683,55.452187513208166,123.19335679170865,684846.4737,0.0,Walking,Walking_Xiaoye_3_2min_20260129_111759.csv
1.0531940846145695,0.1884854244699886,1.6422241016377757,0.7079548008171143,0.9342693008206614,57.201699999999995,58.68831344800404,27.12446528446582,138.71464702763006,21.530710624593883,117.18393640303618,208267.001,0.0,Walking,Walking_Xiaoye_3_2min_20260129_111759.csv
1.058021886851716,0.2098874502639474,1.5498709623707387,0.7292461861401813,0.8206247762305574,58.1291,36.61859764441873,17.671380429434695,70.50987164929461,9.890657207688477,60.61921444160613,82347.69129999999,0.0,Walking,Walking_Xiaoye_3_2min_20260129_111759.csv
1.0332464881413683,0.2447482979105929,1.6938122682280938,0.6478425734698208,1.045969694758273,56.3151,41.74690350991227,19.26652593929335,101.75215476833894,4.504764144769402,97.24739062356954,105328.9497,0.0,Walking,Walking_Xiaoye_3_2min_20260129_111759.csv
1.1704888235857949,0.1787824863036664,1.6085086260259844,0.8100617260431454,0.798446899982839,70.06840000000001,29.28915608949862,11.79850516149837,68.07503213366851,6.718489413551234,61.35654272011728,49713.76469999999,0.0,Walking,Walking_Xiaoye_3_2min_20260129_111759.csv
0.9731917869984088,0.18985963052987975,1.5618578680533002,0.7561084578286371,0.8057494102246631,49.1214,33.93832165427252,9.793430810077357,59.167381216342505,17.246683739200414,41.92069747714209,62290.136900000005,0.0,Walking,Walking_Xiaoye_3_2min_20260129_111759.csv
1.1864106332316897,0.30930436986755366,1.7967470606626854,0.641482657598785,1.1552644030639003,75.0663,49.48903596073695,34.403485906626294,130.00635561386989,9.843221017532828,120.16313459633706,180454.62629999997,0.0,Walking,Walking_Xiaoye_3_2min_20260129_111759.csv
1.0645716201833544,0.22355035386793204,1.7004117148502593,0.7123201527403251,0.9880915621099342,59.11440000000001,36.31097557854611,13.295949841127682,64.23302110285643,10.93963436317686,53.29338673967956,74586.67919999998,0.0,Walking,Walking_Xiaoye_3_2min_20260129_111759.csv
1.0452265304860633,0.22676855945931282,1.5898113095584647,0.7615773105863909,0.8282339989720738,57.1447,31.26970746996413,10.478071988432069,52.87629903841607,10.52504156761388,42.351257470802196,54269.439900000005,0.0,Walking,Walking_Xiaoye_3_2min_20260129_111759.csv
1.049072881626182,0.24910470103572924,1.4705781176122539,0.5593746508378798,0.911203466774374,58.0683,51.84990027180165,28.589097997139103,130.95646070354834,14.934276011913,116.02218469163535,174470.0976,0.0,Walking,Walking_Xiaoye_3_2min_20260129_111759.csv
1.0238957196051113,0.2628135743673963,1.735684303092011,0.6717886572427374,1.0638956458492737,55.802600000000005,57.02771939981732,33.2059543476538,124.88826406031913,11.25832580804091,113.62993825227822,216637.17380000002,0.0,Walking,Walking_Xiaoye_3_2min_20260129_111759.csv
0.9992637188436763,0.0944588248635262,1.3198863587445702,0.8888756943465155,0.4310106643980547,50.363600000000005,110.74921672210499,19.88751914634247,138.38495004876793,75.1075428968356,63.27740715193234,632649.6077,0.0,Walking,Walking_Xiaoye_3_2min_20260129_111759.csv
1.0217609034936654,0.20382229177470768,1.5340469353966977,0.814186710773395,0.7198602246233027,54.235400000000006,43.25590389475108,16.60327697701778,75.1075428968356,9.0124524964074,66.09509040042819,107061.4326,0.0,Walking,Walking_Xiaoye_3_2min_20260129_111759.csv
1.0623942974673668,0.2693839470483861,1.6598192672697831,0.6410148204214938,1.0188044468482893,59.989900000000006,31.086782310501448,9.636043919994112,51.638879732232766,9.660859175042352,41.97802055719041,52869.215500000006,0.0,Walking,Walking_Xiaoye_3_2min_20260129_111759.csv
1.0792262334849207,0.23071480972508251,1.6940188900953848,0.7379024325749306,0.9561164575204542,60.8447,45.104906275759824,18.055128895795715,106.18382927734335,8.284473429253062,97.8993558480903,117696.02479999998,0.0,Walking,Walking_Xiaoye_3_2min_20260129_111759.csv
1.054641077385754,0.20586353189901122,1.593267083699403,0.7612489737267303,0.8320181099726727,57.690000000000005,36.273128166484476,13.704496320766735,62.59593197644716,7.771190385005376,54.824741591441786,74989.83910000001,0.0,Walking,Walking_Xiaoye_3_2min_20260129_111759.csv
1.06567948130182,0.21517729550844986,1.724789842270646,0.7678541528180987,0.9569356894525474,59.05239999999999,36.01599577084186,12.21863818168788,63.2567063638315,9.432295584851017,53.82441077898048,72173.05840000001,0.0,Walking,Walking_Xiaoye_3_2min_20260129_111759.csv
1.0391492560803601,0.14169824069462966,1.526400995806803,0.8244998483929514,0.7019011474138516,54.9754,128.29060199189556,49.71116897616244,200.2614099121446,17.47103603110016,182.79037388104442,944012.7436999999,0.0,Walking,Walking_Xiaoye_3_2min_20260129_111759.csv
1.070200568211184,0.18247936366541267,1.608135566424672,0.8206095295571457,0.7875260368675262,58.8981,59.53015792656717,26.611504747697097,127.76411468014014,17.07745004384437,110.68666463629577,211892.4222,0.0,Walking,Walking_Xiaoye_3_2min_20260129_111759.csv
1.0863860204336848,0.19326257544494713,1.4912075643584968,0.8528188553262644,0.6383887090322323,60.841899999999995,47.06168895300733,23.275673446281772,86.94294968541152,3.443762477291371,83.49918720812015,137286.22009999998,0.0,Walking,Walking_Xiaoye_3_2min_20260129_111759.csv
1.0546419756341383,0.1766707511640193,1.6451747627531854,0.8138795979750321,0.8312951647781534,57.1429,33.253562814546406,13.572516502973443,64.72531035074302,10.571721714082337,54.15358863666068,64316.419,0.0,Walking,Walking_Xiaoye_3_2min_20260129_111759.csv
1.0099129471556432,0.21843095198040216,1.883640093011401,0.6694027188471825,1.2142373741642185,53.33409999999999,66.91191907788944,26.761800893345683,115.7727986186738,16.613672080548596,99.15912653812521,258953.7511,0.0,Walking,Walking_Xiaoye_3_2min_20260129_111759.csv
0.9420569674203041,0.22431453439689109,1.446029045351441,0.6410928169929843,0.8049362283584568,46.839099999999995,37.769216346751634,9.002043336765803,61.37498350305277,17.596195611551945,43.778787891500826,75296.4876,0.0,Walking,Walking_Xiaoye_3_2min_20260129_111759.csv
1.03452333644986,0.14019471277640552,1.3691968448692833,0.7700649323271382,0.599131912542145,54.47500000000001,54.91051411623743,34.7694830053552,114.5088455098557,3.8455298724623113,110.6633156373934,209995.15850000002,0.0,Walking,Walking_Xiaoye_3_2min_20260129_111759.csv
0.9980828421584016,0.1471658795755039,1.3665650368716449,0.8395832299420946,0.5269818069295503,50.869699999999995,26.29990162551225,10.203520225301716,44.36198597898881,1.6798214190800163,42.6821645599088,39685.72069999999,0.0,Walking,Walking_Xiaoye_3_2min_20260129_111759.csv
1.072907636731958,0.21103052067260766,1.5467708298258018,0.7315736463268753,0.8151971834989266,59.7387,39.85273626198555,27.38441856299468,84.57753247760306,10.421544991027003,74.15598748657605,116157.442,0.0,Walking,Walking_Xiaoye_3_2min_20260129_111759.csv
1.187032289552963,0.29164967725598634,1.8387223825254317,0.8787491109526087,0.9599732715728231,74.62020000000001,85.29246814553021,38.264707798462965,148.2793515631897,25.275323934620502,123.00402762856919,435485.46140000003,0.0,Walking,Walking_Xiaoye_3_2min_20260129_111759.csv
0.9672132272393409,0.15947801669649692,1.2412090879461042,0.7494664769020694,0.4917426110440348,48.0213,44.91253156774405,16.424295287475783,76.35764598257335,20.905030495074627,55.45261548749872,114074.8909,0.0,Walking,Walking_Xiaoye_3_2min_20260129_111759.csv
0.9848294454440902,0.1794235764383379,1.3507405376311172,0.7158910531638177,0.6348494844672995,50.0719,60.81908804459261,13.989570073483637,76.22024468604126,30.806418162454392,45.41382652358686,194537.769,0.0,Walking,Walking_Xiaoye_3_2min_20260129_111759.csv
1.1249599292245502,0.22758976170234346,1.723890947827037,0.8220097323024831,0.9018812155245539,65.81479999999999,45.36707079592547,18.225509074312388,76.92982971513716,18.427015493562706,58.502814221574454,119184.84550000001,0.0,Walking,Walking_Xiaoye_3_2min_20260129_111759.csv
1.0969278465838865,0.2131141769981267,1.8488374725756722,0.760920495189872,1.0879169773858002,62.388000000000005,43.27719388323501,21.24106879764321,83.78614085873629,13.444314783580456,70.34182607515584,115753.74270000002,0.0,Walking,Walking_Xiaoye_3_2min_20260129_111759.csv
1.0359998397113541,0.13083847386341144,1.3399253710561645,0.8174961773610931,0.5224291936950713,54.5036,108.18692851797681,29.944569366362813,167.14096176581012,49.037685508188495,118.10327625762162,629157.7596000001,0.0,Walking,Walking_Xiaoye_3_2min_20260129_111759.csv
1.0355253513654956,0.19055570367594793,1.5620819440733575,0.785175139698144,0.7769068043752135,55.39490000000001,74.22299636282374,19.755187924256955,121.17145662242407,40.3983601152324,80.77309650719167,294575.7645,0.0,Walking,Walking_Xiaoye_3_2min_20260129_111759.csv
1.21269372968137,0.20435043428217756,1.6524527224704493,0.8013114251026252,0.8511412973678241,75.5775,54.996666492106215,27.235051371724108,99.21997631525619,13.973471293848212,85.24650502140798,187577.3194,0.0,Walking,Walking_Xiaoye_3_2min_20260129_111759.csv
1.1980481938627188,0.271557347613981,1.6679628293220445,0.7720751258783047,0.8958877034437398,75.3794,56.50658614875072,25.847319124668683,169.08939263005234,24.698423026582084,144.39096960347027,192385.82530000003,0.0,Walking,Walking_Xiaoye_3_2min_20260129_111759.csv
1.0599565953990404,0.37450649958948684,1.824801359052541,0.47707441767506253,1.3477269413774784,63.047900000000006,60.050239866590374,22.681523946500466,105.14775936747297,18.435728897985022,86.71203046948796,205509.6903,0.0,Walking,Walking_Xiaoye_3_2min_20260129_111759.csv
0.48085365732244484,0.039996253568752915,0.5386093203798092,0.4409081537009721,0.09770116667883716,1.1625,32.55527337589117,10.245630496764921,45.56068590352872,19.997932393125044,25.562753510403677,5719.120900000002,0.0,Walking,Walking_Xiaoye_3_2min_20260129_111759.csv
