acc_max,acc_mean,acc_var,acc_std,gyro_max,gyro_mean,gyro_var,gyro_std,acc_skew,acc_kurtosis,acc_spec_energy,acc_spec_entropy,gyro_spec_energy,gyro_spec_entropy,file,label,activity,t_start,t_end,binary_class
-0.5663451019355394,0.10735762419250429,0.0003415995334273444,-0.5401811512038347,-0.4934514037898844,-0.422457654323482,21.34006817411547,-0.4898553016865653,-0.3637294797830616,-1.003132899521913,3255.9679597973104,0.6253102628748114,616425.8000988497,1.2356837661872533,FallingForwards_p1_1_35sek_20260206_113359.parquet,1,Fall,0.591289,2.564783,Fall
-0.6260972934371551,-0.11328396505139075,0.00011504229410569972,-0.6493051409646637,-0.6941014055211714,-0.604839910463295,9.818301830969872,-0.5944185122212813,-0.8413445903367027,-0.6981808137140832,3244.9779354851316,0.6288689772773465,214148.72648194368,1.017516546608074,FallingForwards_p1_1_35sek_20260206_113359.parquet,1,Fall,1.589988,3.564779,Fall
-0.05154573592620171,-0.03535688983888893,0.0017890279624937656,-0.20514766213960775,-0.4572932161640938,-0.5770208341159911,17.20760074271119,-0.5230179125099386,-0.44762460540269444,2.159636946399854,3253.782263620278,0.6350879059145688,217342.77849763943,1.3398281792347986,FallingForwards_p1_1_35sek_20260206_113359.parquet,1,Fall,3.589703,5.564791,Fall
-0.2456999441183413,-0.05822857831177384,0.0011451310406563138,-0.3241263807261627,-0.5920275549143733,-0.6115341959152669,11.26419717818229,-0.5787422205140056,1.0948801978045548,0.19732007973394203,3255.1845820020935,0.643387571277241,223628.46207139164,1.6974217725910896,FallingForwards_p1_1_35sek_20260206_113359.parquet,1,Fall,4.591483,6.564818,Fall
-0.3894698500949963,-0.09023030586897342,0.0005580104039045625,-0.4678715658302267,-0.5920275549143733,-0.6176037958269013,15.108790429507954,-0.5413961063975412,0.8916403981383592,0.3667384745104195,3253.0300556414363,0.630695104154862,209789.91208599744,1.7653630026696685,FallingForwards_p1_1_35sek_20260206_113359.parquet,1,Fall,5.591104,7.564821,Fall
-0.5247797504192887,0.002637214917373545,0.00014373698295134707,-0.631533019659185,-0.6320928424597145,-0.6420685232491701,15.882406718055215,-0.5344817463572651,0.7557754939409385,0.8766475262767648,3262.7469926704553,0.6266827410975265,217977.88305732407,1.5102773719676243,FallingForwards_p1_1_35sek_20260206_113359.parquet,1,Fall,6.589384,8.564775,Fall
-0.6308998135479519,-0.017647329483061375,5.5153998751338453e-05,-0.6957198880957663,-0.6696150351011492,-0.6695964135478035,9.825779125692907,-0.5943345777468938,-0.7122800374014625,-0.3176605689397051,3258.1195772651736,0.6272774349568124,61957.54126565831,0.6566153576761299,FallingForwards_p1_1_35sek_20260206_113359.parquet,1,Fall,7.589502,9.564783,Fall
-0.6308998135479519,-0.01430203686316808,4.708172927303164e-05,-0.7036680271257335,-0.7763362006761118,-0.6946140547945249,1.4989425221389843,-0.7287433371164815,-0.6497816501542416,-0.10543537624884648,3267.004164979371,0.6286879534648242,109541.81850533946,0.9862319610418822,FallingForwards_p1_1_35sek_20260206_113359.parquet,1,Fall,8.59116,10.564827,Fall
-0.6677094046382805,0.020542056867893822,2.191556391282366e-05,-0.734340200752862,-0.8003588968910696,-0.7060496128495012,0.3821515571163437,-0.7713906613454026,-1.0920141909838321,-0.45221565162484856,3268.3216385720275,0.6271835379721108,73317.2745103447,0.6300900255484679,FallingForwards_p1_1_35sek_20260206_113359.parquet,1,Fall,9.591335,11.591857,Fall
-0.678028574529288,0.009066355415836756,2.1023401710300957e-05,-0.7356946832209628,-0.827111976989333,-0.7114398154067343,0.18555588495997302,-0.7845777073085716,-1.2567052361164959,-0.7763137894938122,3269.5389521393595,0.6279812338883857,79196.3471972529,0.6695820434565307,FallingForwards_p1_1_35sek_20260206_113359.parquet,1,Fall,10.590944,12.604841,Fall
-0.678028574529288,0.0028652449371736905,1.8135753365049104e-05,-0.740288306430114,-0.827111976989333,-0.7145192225844624,0.2469113823739418,-0.7799241012975315,-1.1258037592638306,-0.6452597376816828,3267.5385391630343,0.6279085047345219,73037.68116900967,0.6728346892753018,FallingForwards_p1_1_35sek_20260206_113359.parquet,1,Fall,11.604813,13.604783,Fall
-0.678028574529288,0.0007468512813915322,1.477656884779347e-05,-0.7461207997867313,-0.8294143988156841,-0.7162083422633628,0.16198073123620133,-0.7865684549636837,-0.9560305297673046,-0.3712109135321766,3268.5710755564664,0.6280494956396813,71464.81354620593,0.6643411617262097,FallingForwards_p1_1_35sek_20260206_113359.parquet,1,Fall,12.624813,14.604813,Fall
-0.678028574529288,0.016310543119806488,1.500960186125466e-05,-0.7456960380823234,-0.8240176965923696,-0.7073666122173342,0.1269119176418819,-0.7898205929349276,-1.3329081782271217,-0.24194468257958737,3270.5665621158096,0.6276991784071945,79757.36012114609,0.66165577085488,FallingForwards_p1_1_35sek_20260206_113359.parquet,1,Fall,13.624783,15.604807,Fall
-0.678028574529288,0.015180807154254536,1.638023749406541e-05,-0.7432618004725846,-0.8240176965923696,-0.7170928939684984,0.21069120397117416,-0.7825900941883178,-2.086696135214729,0.28568432130619587,3270.7396009924137,0.6276808815973697,72568.19730384927,0.6805391700886246,FallingForwards_p1_1_35sek_20260206_113359.parquet,1,Fall,14.624841,16.604832,Fall
-0.665689170861505,-0.023590061435505592,2.2382951015655915e-05,-0.7336416143925449,-0.809499293390672,-0.7080832254533417,0.5724104869591835,-0.761653235048892,-1.2318089594321733,-0.146251229046448,3256.203805763336,0.6270992947736262,71239.69687676165,0.6427738580110175,FallingForwards_p1_1_35sek_20260206_113359.parquet,1,Fall,15.624806,17.604814,Fall
-0.6163098962255734,0.00270841345212143,5.317800674166021e-05,-0.6976085611051779,-0.7988554936788749,-0.6992930688468348,0.9988773524231823,-0.7445655439124843,-1.2424498808892002,0.9411749569290194,3273.8728788391336,0.6282135264252194,109678.27224435836,0.7967005728784662,FallingForwards_p1_1_35sek_20260206_113359.parquet,1,Fall,16.624821,18.604839,Fall
-0.5513958613785624,-0.47340064831959167,0.0009575196295766283,-0.36486826347605855,-0.19060051152029833,-0.3514353857212411,116.42660925018319,-0.05569204052601823,-2.0796250052630354,-0.17043657259560738,3208.448585121101,0.6357198579395026,725762.4033976508,1.6204577467077448,FallingForwards_p1_1_35sek_20260206_113359.parquet,1,Fall,17.624827,19.60479,Fall
-0.6315005319793915,0.2765977459693969,3.347067103609066e-05,-0.7188089167166907,-0.7930314051548265,-0.7064748406552261,1.4544804062748948,-0.7300305528376324,-0.36748953693216574,-0.7142509564532417,3326.245502421866,0.6277368598857475,84128.5956832311,0.9072879952280203,FallingForwards_p4_1_35sek_20260206_115209.parquet,1,Fall,0.64475,2.618417,Fall
-0.6317007914061743,0.3000879482094052,2.6029498718208553e-05,-0.7284243368549663,-0.7930314051548265,-0.708267781725096,1.6348049896207966,-0.7249240585693596,-0.7008706714214396,-0.4532622724562999,3335.4671674277306,0.6281756809834514,95989.15398119166,1.0301179056651106,FallingForwards_p4_1_35sek_20260206_115209.parquet,1,Fall,1.64502,3.618434,Fall
-0.6489605861123592,0.30402962785059706,2.0118171779871523e-05,-0.7370987141027318,-0.7960706205300744,-0.7103856986456686,0.6371721265398402,-0.758722560595477,-1.08601999085502,-0.22134393519187026,3330.715191428675,0.6272237932889541,75632.70062642994,0.7329489001833948,FallingForwards_p4_1_35sek_20260206_115209.parquet,1,Fall,2.64462,4.618414,Fall
-0.6315005319793915,0.2999173954302275,1.905852432287271e-05,-0.738783012908224,-0.8187334205269375,-0.7045620317699431,0.20090744032322363,-0.7833488663526972,-0.24485209054025014,-0.5091810570411169,3331.78224137452,0.6274903161052604,78276.04548818507,0.6536321750658226,FallingForwards_p4_1_35sek_20260206_115209.parquet,1,Fall,3.644836,5.618436,Fall
-0.6315005319793915,0.29238700883132407,2.1959261979805966e-05,-0.7342745731570609,-0.815272162994053,-0.7199516864767976,0.8755251835472307,-0.7490505452017949,-0.3222236888661006,-0.5483295775468258,3334.5849786790395,0.6284765367508469,70128.59246775445,0.8400995978333505,FallingForwards_p4_1_35sek_20260206_115209.parquet,1,Fall,4.646078,6.618411,Fall
-0.6137172219396273,0.31203766899898805,3.013015004610118e-05,-0.7229772715096693,-0.8001510113303099,-0.7128241123678825,1.4300920342961592,-0.7307449795624834,-0.13206678263263755,-0.3629205974636259,3329.14778963708,0.6266181152091805,83628.61423787141,0.8867186719958049,FallingForwards_p4_1_35sek_20260206_115209.parquet,1,Fall,5.64427,7.618472,Fall
-0.6137172219396273,0.3256196562099847,3.128699827172614e-05,-0.7215087417841859,-0.8001510113303099,-0.7003739118130203,0.6077072942559751,-0.7600365215925762,-0.4958249449768755,-0.363627287562085,3339.170094748883,0.627277029548129,83201.1419742596,0.7455007589630427,FallingForwards_p4_1_35sek_20260206_115209.parquet,1,Fall,6.645133,8.618462,Fall
-0.6315005319793915,0.2705643810814866,2.628618802248716e-05,-0.728071295946284,-0.8244160714467098,-0.7195245692826463,0.20263991038181886,-0.7832131815480049,-0.6645297505794028,-0.6524055999532489,3326.314492756519,0.6278076978567323,66800.71989873613,0.6798366709783679,FallingForwards_p4_1_35sek_20260206_115209.parquet,1,Fall,7.644756,9.618473,Fall
-0.6317007914061743,0.2638445763261497,2.5361127824009027e-05,-0.7293518427398763,-0.8040258847609385,-0.718748792685881,0.5469137037842237,-0.7628523128008636,-0.8253807253977827,-0.45804818829250193,3317.5782766884736,0.6267590444093323,86071.63778887152,0.8099042748259513,FallingForwards_p4_1_35sek_20260206_115209.parquet,1,Fall,8.644657,10.618455,Fall
-0.6566107619499384,0.1561212401851769,2.774327313674115e-05,-0.7260991410863568,-0.7067063432943747,-0.6395651773027808,5.1926958104462075,-0.6545530918097707,-0.40174261948319845,-1.0377798316253461,3301.1695880900033,0.6278622976439188,110532.37659791805,0.62311946573231,FallingForwards_p4_1_35sek_20260206_115209.parquet,1,Fall,12.042969,14.018477,Fall
-0.6345054716769889,0.13311976660074853,3.553806479039829e-05,-0.7163329099849016,-0.8048943454547806,-0.6864763030347675,0.7585830655054403,-0.7536048367047912,-0.33119297059190483,-0.36069318918955345,3293.8666874996684,0.6275619680193025,82951.32161562933,0.6888751842397606,FallingForwards_p4_1_35sek_20260206_115209.parquet,1,Fall,13.044851,15.018461,Fall
-0.6345054716769889,0.09527837624939864,3.359916611508544e-05,-0.7186528339384501,-0.8048943454547806,-0.6938386673311411,0.4447027370833521,-0.7679657914029125,-0.2184189639580608,-0.0697520561189571,3293.9121344855716,0.6287722950373877,89810.32370186619,0.6826860557280917,FallingForwards_p4_1_35sek_20260206_115209.parquet,1,Fall,14.04275,16.018429,Fall
-0.6566107619499384,0.09074869503641436,2.651639711423822e-05,-0.727756138314521,-0.8052912475623641,-0.7113226084003358,1.0938490212844512,-0.7412984511753167,-0.441202429670016,-0.8271054215724742,3279.922530132861,0.6270280973510735,87464.18015330566,0.8286941210229032,FallingForwards_p4_1_35sek_20260206_115209.parquet,1,Fall,15.042816,17.018414,Fall
-0.6401207152866969,0.15239631975859494,3.046182746119128e-05,-0.7225533925290152,-0.7862871992690978,-0.7148147348750726,1.5287144595649738,-0.7278920604339452,-0.17307028714915498,-0.8835651726785257,3299.3998281380373,0.6276871741478893,84978.37675655236,0.798385674787329,FallingForwards_p4_1_35sek_20260206_115209.parquet,1,Fall,18.34301,20.318418,Fall
1.3520620559446248,-0.6572916857524214,0.021146517251026512,1.2456144873796542,3.079758530197606,0.5364088805797204,2448.606462218216,2.6667727060089548,1.6079172241326811,1.1357869159186949,3097.2047560841997,0.6943301773144668,1744831.2247890595,1.6157421457248657,FallingForwards_p4_1_35sek_20260206_115209.parquet,1,Fall,20.342946,22.318414,Fall
2.6352142839819113,2.432101464820245,0.06579534944735932,2.8084475113227554,3.079758530197606,2.371122442964181,3039.316892823271,3.0640685881611542,0.9522948748652931,-0.5153645293166595,4283.309391205756,1.0284202631776016,42783774.46586249,1.6706219697496802,FallingForwards_p4_1_35sek_20260206_115209.parquet,1,Fall,21.342888,23.318429,Fall
0.09453976311285721,3.7274000538802445,0.0009158540622518636,-0.3744451395426369,-0.08372720503204908,-0.39607444742377096,90.90497907059702,-0.1440436972325486,-0.0059798836355587,-0.3385075039345324,4128.594001734656,0.6305674296839221,321917.78576020786,1.2047606565947484,FallingForwards_p4_1_35sek_20260206_115209.parquet,1,Fall,23.343087,25.342989,Fall
-0.01806638663966091,3.5672660031495163,0.00025094541513764825,-0.5773381611537017,-0.594917050703755,-0.5948984114938465,11.833660164212104,-0.5728466697304836,0.10311161536743875,0.24824112307124674,4083.3139365785405,0.6296020270163054,184552.03427655852,1.5281710882574033,FallingForwards_p4_1_35sek_20260206_115209.parquet,1,Fall,24.344604,26.342667,Fall
-0.17716541197970306,3.5309988354391373,0.00010466046035850592,-0.6562747683082605,-0.6024300070804104,-0.6617736920848278,5.529033911325683,-0.6494420573714085,-0.525441677419013,-0.9057736044655769,4082.414466148991,0.6287619035453561,127916.87575517783,1.0452315460122767,FallingForwards_p4_1_35sek_20260206_115209.parquet,1,Fall,25.358415,27.344992,Fall
-0.14578948007387954,3.4988163577000098,9.556295642573206e-05,-0.6626722477297173,-0.6024300070804104,-0.696718593788824,3.6736640803704286,-0.6800282664842359,-0.677581652757266,-0.30343860743260703,4075.4672608638434,0.6289483914551982,112960.04484288367,1.8134050190075282,FallingForwards_p4_1_35sek_20260206_115209.parquet,1,Fall,26.358444,28.342741,Fall
-0.14578948007387954,3.4855875072131046,8.613640542331772e-05,-0.6696313673320611,-0.785073247262984,-0.7088554099332329,0.6805961516424215,-0.7568402934945261,-0.854435491723469,-0.1594393439725391,4075.521426355761,0.6285751686286326,72778.73963600995,0.6882685989285265,FallingForwards_p4_1_35sek_20260206_115209.parquet,1,Fall,27.35845,29.343268,Fall
-0.18797364756105564,3.4870135121587036,4.322620108009482e-05,-0.7077049632036142,-0.8272622846715232,-0.7263496680371251,0.19447096774117859,-0.7838581591843656,-0.04164140347516103,-0.5859869908732669,4067.0535325390506,0.6275819903940696,64548.74300736338,0.6990794845828344,FallingForwards_p4_1_35sek_20260206_115209.parquet,1,Fall,28.358419,30.342895,Fall
-0.18797364756105564,3.4799190316819217,4.119412699817622e-05,-0.7099052505324649,-0.8231208724143372,-0.7226001416670571,0.2585175145363226,-0.7791118361213046,-0.18780945308737929,-0.6834516078930377,4065.7731537220193,0.6276108423486355,70741.72109170095,0.7196044237672864,FallingForwards_p4_1_35sek_20260206_115209.parquet,1,Fall,29.359309,31.343369,Fall
-0.22310081282745747,3.464676445144797,4.2058254692797305e-05,-0.7089631063788806,-0.8231208724143372,-0.7167967944224696,0.15147138469372817,-0.7875024893953443,-0.4209956487675237,-0.9315624261687868,4061.0101253543835,0.6275301885818247,72373.07082934795,0.654297496428837,FallingForwards_p4_1_35sek_20260206_115209.parquet,1,Fall,30.358482,32.342747,Fall
-0.22310081282745747,3.4294234395248333,3.548045827039844e-05,-0.7164009113726499,-0.834323938468336,-0.7227496635165757,0.05438816565239932,-0.7984773030206748,-0.33327250501799516,-0.7415086152013834,4059.0820854463627,0.6279866486590168,68124.5291630623,0.643745364840232,FallingForwards_p4_1_35sek_20260206_115209.parquet,1,Fall,31.35847,33.344578,Fall
-0.2241916632739065,3.4093456492153043,3.948353262494883e-05,-0.7117998906135005,-0.8418882071983298,-0.724800736769083,0.06851473320985535,-0.7964691902502558,-0.5128047591407988,-0.7437703580512754,4052.3945244589954,0.6277379146177839,65575.17025156917,0.6580153439861746,FallingForwards_p4_1_35sek_20260206_115209.parquet,1,Fall,32.358414,34.343888,Fall
-0.22219197601539017,3.3892154177609037,3.936327457458105e-05,-0.7119346174607313,-0.8290411713705313,-0.7189629597189355,0.11290555791393571,-0.791244173339228,-0.3067211943933314,-0.811584799033174,4042.638384397589,0.6273555496199634,70484.81818483328,0.6563656770687386,FallingForwards_p4_1_35sek_20260206_115209.parquet,1,Fall,33.358444,35.344577,Fall
-0.1822060024666009,3.387223430969633,4.830476367143565e-05,-0.7024222622714974,-0.8290411713705313,-0.7145827091701827,0.08538685469316007,-0.7943262242531186,0.05982148735855509,-0.4518931692468557,4046.424325848584,0.6276269479507348,74614.49656451316,0.6607515444897246,FallingForwards_p4_1_35sek_20260206_115209.parquet,1,Fall,34.358477,36.343353,Fall
-0.1822060024666009,3.3826438563268266,6.459592448038153e-05,-0.6871298882002178,-0.8041176122911033,-0.7091949142625834,0.32549508780425446,-0.7747441885301654,-0.19810161742975357,-0.4372902272160428,4046.178120097157,0.6279406344830719,75710.01204180467,0.6329120702862598,FallingForwards_p4_1_35sek_20260206_115209.parquet,1,Fall,35.358436,37.344553,Fall
-0.12440023735957176,-0.5786997662356728,0.001342218471326106,-0.2847836886256328,-0.2596695764802177,-0.34553141509054974,51.30208302258445,-0.3109283224029967,0.4087049341185007,2.8601242813414665,3145.655929151251,0.6342255915104063,370820.9454604987,1.073638219642004,FallingForwards_p4_2_35sek_20260206_115310.parquet,1,Fall,0.195515,2.17064,Fall
-0.12440023735957176,-0.3647143004755601,0.0014199374946492827,-0.2700714708557222,-0.2596695764802177,-0.40351905761365153,53.49147206466496,-0.3002871108151291,-0.25588957507749954,2.2724565091132876,3187.4023328606586,0.647171253344517,923189.045812167,1.8041646899674082,FallingForwards_p4_2_35sek_20260206_115310.parquet,1,Fall,1.196776,3.17064,Fall
-0.4859473488955149,-0.26782442583346694,0.0003068382265890443,-0.5537658508908815,-0.2934854352249584,-0.5091516146538181,24.930218459006966,-0.4635767863639899,-0.8307718400022518,0.752912597225282,3202.8936886526863,0.6274838746116109,203790.53353609183,0.8313383772253738,FallingForwards_p4_2_35sek_20260206_115310.parquet,1,Fall,2.197078,4.17064,Fall
-0.03285803575421661,0.3376532996782583,0.0021923029007468843,-0.1414859738258452,1.8885409278691567,1.1857789844281976,2049.744478807899,2.3706063133433473,1.4258982150065687,-0.03538011460490342,3384.5777654708013,0.6559242569305798,24375274.090348933,1.5270664977514001,FallingForwards_p4_2_35sek_20260206_115310.parquet,1,Fall,4.195406,6.170593,Fall
-0.22801175831969736,0.05948250477997315,0.001535382681566338,-0.24894201239235908,0.25419593591649575,0.15285126253243714,223.50358158877603,0.2370005252563305,-0.6462467842039454,-0.5078479540941929,3240.594370251189,0.639469725874113,3751946.504313109,1.6513373591848701,FallingForwards_p4_2_35sek_20260206_115310.parquet,1,Fall,9.295181,11.270588,Fall
-0.22801175831969736,-0.13223641342881712,0.001280530443157085,-0.29676721086914787,0.2720267639892024,0.231842852345948,282.26076739070317,0.3672077349096342,0.18659745822867785,-0.18370905687682013,3260.148725661885,0.6364156737465541,1350111.6385804866,1.0746910029804253,FallingForwards_p4_2_35sek_20260206_115310.parquet,1,Fall,10.295104,12.27064,Fall
-0.6139165993148105,-0.14927055259770014,0.00011504506014517833,-0.6493033269369528,-0.599153194327588,-0.59421990582628,12.792627758134497,-0.5632305791057329,0.030130505501110735,-0.5251765106475791,3231.0772979241874,0.6287811351269242,183561.75793539154,1.2585070735234158,FallingForwards_p4_2_35sek_20260206_115310.parquet,1,Fall,16.495477,18.47062,Fall
-0.6640737208155861,-0.1936829363567001,6.234930556636828e-05,-0.6891135614641674,-0.7810143195963192,-0.6966472362793238,3.116495500935514,-0.6906752062199008,-0.8513091514746136,-0.41629463677794537,3223.1099803250913,0.6286401823943114,94879.7809413054,0.9020083122850869,FallingForwards_p4_2_35sek_20260206_115310.parquet,1,Fall,17.495384,19.470657,Fall
-0.6339043039310389,-0.19148686881695487,0.00011364597377905862,-0.6502236788197582,-0.7352553146779433,-0.7238109312839498,2.5254760788791044,-0.7030716241550596,-1.7642022402891795,0.5713563462167552,3242.008483265549,0.6304482960947793,79537.73074605626,0.9472916909841197,FallingForwards_p4_2_35sek_20260206_115310.parquet,1,Fall,18.495783,20.470647,Fall
-0.06521653266571371,3.5153396673775217,0.00016498322386429505,-0.6194968288314344,-0.7715683296492657,-0.7001927579709085,1.1922746683773209,-0.7380590044738109,0.6585576931434944,0.252565410004636,4081.600466884847,0.6286734172825227,84197.79272338333,0.7295919708937132,FallingForwards_p4_2_35sek_20260206_115310.parquet,1,Fall,24.196915,26.170587,Fall
-0.6950835271876281,-0.07100499436459483,2.039447081552615e-05,-0.7366668784197131,-0.7935547886665945,-0.7104347552208192,1.8082629612311845,-0.7202717222175378,-1.0115837659083036,-0.9530334440509528,3251.305659875423,0.6275235096640172,87577.78055655626,1.0603002518456106,FallingForwards_p4_3_35sek_20260206_115411.parquet,1,Fall,0.318221,2.292017,Fall
-0.6822854423549014,-0.09525739384987994,2.088075578659536e-05,-0.7359138947320456,-0.7519299498286196,-0.6888503670060313,2.4907088018905883,-0.703843945866748,-0.9487450310065185,-0.6007915594259278,3242.7446971234294,0.6269170532206356,73818.99118775739,0.6371943855225402,FallingForwards_p4_3_35sek_20260206_115411.parquet,1,Fall,1.318627,3.291969,Fall
-0.6669011882111459,-0.14319380166405074,3.687012003698362e-05,-0.7147755869781173,-0.7519299498286196,-0.6931470167178909,3.40900817298562,-0.6849767324098515,0.1727017027977757,-0.45357386347027284,3242.949604727522,0.6289878688922858,108756.78172571372,1.2417170151588286,FallingForwards_p4_3_35sek_20260206_115411.parquet,1,Fall,2.316339,4.291995,Fall
-0.6467487890524481,-0.15848172446474515,4.8776677992476704e-05,-0.7019458002938963,-0.7889265724569314,-0.7140935882427722,2.396487660785544,-0.705964504900301,0.41127981169696637,-0.27059339893628404,3225.7784472555345,0.6276608670482099,92383.02839539506,0.9297677162956512,FallingForwards_p4_3_35sek_20260206_115411.parquet,1,Fall,3.316239,5.291956,Fall
-0.3412004630564144,0.044598650085591635,0.0005019918557512671,-0.48499386756155577,0.04526813300410904,-0.2511464176989675,217.52543770936958,0.2228375505002302,2.5528111045823314,1.441677294763925,3232.4506131814223,0.6237054139429504,763923.745790184,1.3607966829247855,FallingForwards_p4_3_35sek_20260206_115411.parquet,1,Fall,4.316362,6.291995,Fall
-0.2630925312020997,0.6226380316956526,0.0011918314049663295,-0.31451583606173805,0.04526813300410904,-0.024633646936500428,161.12242295357572,0.07822333138184272,0.6184457717917968,-0.801240898451176,3435.5054861252893,0.6438046800356448,1757140.3373968727,1.393324827255488,FallingForwards_p4_3_35sek_20260206_115411.parquet,1,Fall,5.316335,7.29199,Fall
-0.15025836559647193,0.6275333015613915,0.002219876379620267,-0.13735645903575142,0.011943310920396171,-0.1350001189091982,114.9246368609526,-0.060604964477310855,-1.2832979921263328,0.8732087986551201,3425.2790127855756,0.6376280725482835,876122.4936599456,1.0005349624733726,FallingForwards_p4_3_35sek_20260206_115411.parquet,1,Fall,6.316623,8.29199,Fall
-0.15025836559647193,0.14249640319892204,0.0018594304993779904,-0.19355226199380884,0.011943310920396171,-0.2173491376903304,111.51445260699421,-0.07188021458820923,-0.8538247142893612,1.3603644451644887,3316.3595948580037,0.6536352958520671,1738674.0071071535,1.808001672063941,FallingForwards_p4_3_35sek_20260206_115411.parquet,1,Fall,7.316247,9.291995,Fall
-0.41447565990855845,-0.0060438898299334295,0.0004075233961078308,-0.516197259460465,-0.5408036261520498,-0.4947863007437577,12.831680592602952,-0.5628467496177255,0.4648476039717345,0.8764340630681182,3252.06373553671,0.6293365594215242,313565.30620123976,1.019231427329776,FallingForwards_p4_3_35sek_20260206_115411.parquet,1,Fall,8.316586,10.292013,Fall
-0.5997851864689913,-0.01703635661500359,7.605834985762952e-05,-0.6775072667059919,-0.6782269511875998,-0.6058762836379524,7.376341630844187,-0.6237921017878927,0.2183854051611837,-0.30188429210591133,3258.533226893005,0.627437767300937,121829.72806788544,0.8242866488867738,FallingForwards_p4_3_35sek_20260206_115411.parquet,1,Fall,9.32034,11.291987,Fall
-0.36404657849056016,0.072645244487754,0.0002957671681135909,-0.558252508004923,-0.5686858612179908,-0.6114473586660807,14.151206909499983,-0.5502047576222915,1.707462605844018,2.029049213179139,3285.8483365868406,0.6321284573258127,176261.54258580436,1.2572004982881124,FallingForwards_p4_3_35sek_20260206_115411.parquet,1,Fall,10.318155,12.291984,Fall
-0.36404657849056016,0.08094164827683967,0.00027922061748710805,-0.5651177373637125,-0.5686858612179908,-0.6213867457261714,15.123650987110357,-0.5412616410946479,1.8153861237172888,2.415008747264771,3285.842927447989,0.6303196836683331,239710.84211639425,1.7363673435649234,FallingForwards_p4_3_35sek_20260206_115411.parquet,1,Fall,11.317082,13.291995,Fall
-0.6699328457639686,-0.08339024261029966,3.5334362409916405e-05,-0.7165736175929338,-0.7808978861034215,-0.7155580858938104,1.126241376795098,-0.7402168167912282,-0.6180602029687058,-0.8761012143105953,3248.129493616456,0.6280221275109149,78428.34549949855,0.8677887590394525,FallingForwards_p4_3_35sek_20260206_115411.parquet,1,Fall,14.816851,16.792005,Fall
0.46778235805250795,0.09299653297232902,0.004434155244902899,0.1366113917470743,0.3363822454213793,-0.1748267064687908,189.94262540676687,0.15481503735397933,1.3310990362097341,1.280510664408924,3328.8499843825657,0.6538805727597508,1791525.5081797675,2.1617854341873093,Fallingbackwards_p1_1_35sek_20260205_113403.parquet,1,Fall,0.61028,2.584041,Fall
0.46778235805250795,0.16557329941125673,0.00496731981509798,0.19133440506793184,0.04992212029292002,0.02614808576929289,109.35799590835114,-0.07909937795847145,1.0316259391238305,0.6172981530858296,3338.0413820985323,0.6911181900140226,2116334.8813489606,1.388435949597755,Fallingbackwards_p1_1_35sek_20260205_113403.parquet,1,Fall,1.611029,3.584044,Fall
-0.27153902288896936,-0.36003811777839023,0.0013191553272962286,-0.28923104127044535,0.04992212029292002,-0.16624906679474313,130.0059091536877,-0.012638871659084406,1.302907409523362,0.3089400841306951,3137.5110115187726,0.62379963525098,1100905.78320579,1.0373763275732903,Fallingbackwards_p1_1_35sek_20260205_113403.parquet,1,Fall,2.61072,4.584034,Fall
-0.6405221049327429,-0.5792908732242894,0.0002723344758955939,-0.5680346396358813,-0.5588367186328543,-0.5035583894528383,11.178834146028677,-0.5796387025399579,-0.2907192389505099,-0.810542227997638,3144.5347472633885,0.6290991711429164,272942.2806129008,1.1085490984180293,Fallingbackwards_p1_1_35sek_20260205_113403.parquet,1,Fall,3.610765,5.584044,Fall
-0.5125082363175408,-0.4754094964882301,0.00048510489573223625,-0.4903409812948301,-0.5941899669386591,-0.5370583550148734,11.604958648233298,-0.5751969514897112,-1.0719466250201146,1.3023537211144616,3181.1331152614353,0.6380815338495514,311506.4985318461,1.4104415812752271,Fallingbackwards_p1_1_35sek_20260205_113403.parquet,1,Fall,4.610535,6.584051,Fall
-0.5125082363175408,-0.5097889935757359,0.0005261547648577693,-0.47749693504586793,-0.521306592912961,-0.5162823478857635,22.345958771068098,-0.482283138118706,-0.769033846307156,0.8401175155291272,3158.2170236570337,0.6310622914585526,202000.37989422472,1.132356846339445,Fallingbackwards_p1_1_35sek_20260205_113403.parquet,1,Fall,5.610277,7.584034,Fall
-0.6286979467868947,-0.5697794483429471,0.00026901519892194163,-0.5694538230003782,-0.521306592912961,-0.48444071525236143,18.890729027103742,-0.5090766050193165,0.18663716230760385,-0.8877028006158828,3131.6144647661345,0.6272143960533971,477666.6729016959,1.2988141349847535,Fallingbackwards_p1_1_35sek_20260205_113403.parquet,1,Fall,6.609196,8.584044,Fall
-0.6242978249476167,-0.5280661146200334,0.00024313017927964962,-0.580835928268067,-0.6045284397980213,-0.4852086399562435,14.053993539345381,-0.55111545434746,-0.10518125955730839,-0.9318850435014265,3145.232786294998,0.6278446911459165,318593.9396958078,1.0475843456736442,Fallingbackwards_p1_1_35sek_20260205_113403.parquet,1,Fall,7.610557,9.58404,Fall
-0.6242978249476167,-0.4893534457662084,0.0001495295505999066,-0.6281679585012578,-0.6045284397980213,-0.5512538715710344,22.49452442338088,-0.48117932489131665,0.1292411307820099,-0.5453905375226946,3172.5637006600837,0.6307882173882636,367887.89519077784,1.3709657594440012,Fallingbackwards_p1_1_35sek_20260205_113403.parquet,1,Fall,8.610291,10.584062,Fall
-0.6936594740631893,-0.5084450782577646,6.456902606267651e-05,-0.6871534325289338,-0.6204168032504748,-0.652708196599105,9.829571043265947,-0.5942920247429643,0.01717190037136595,-0.4783414702823423,3154.550219617227,0.6275140743717977,70327.04593239485,0.8425220681136463,Fallingbackwards_p1_1_35sek_20260205_113403.parquet,1,Fall,9.610551,11.584026,Fall
-0.739486290349577,-0.519368890877424,3.1999770087395067e-05,-0.7206174234029785,-0.7412777231714087,-0.6825887778027871,3.0682851464527072,-0.6916396861585478,-0.16104626205059874,-0.6749008499375638,3158.851176695543,0.6292092538090142,130770.17520404683,1.0867479684769041,Fallingbackwards_p1_1_35sek_20260205_113403.parquet,1,Fall,10.61058,12.584059,Fall
-0.739486290349577,-0.5305330648716683,2.9293248740252448e-05,-0.724057307400495,-0.8134287269024202,-0.716564900299502,0.7216303077324611,-0.7551160656392213,-0.23019333089315855,-0.4283665705766349,3148.1812432972015,0.6273828490810041,85120.80643730216,0.8244671746549055,Fallingbackwards_p1_1_35sek_20260205_113403.parquet,1,Fall,11.608826,13.584012,Fall
-0.7419564580402005,-0.5071174438042098,2.5004217073726032e-05,-0.7298521402794652,-0.8134287269024202,-0.7118683403559818,0.5407557423082194,-0.763146079098086,-0.09075568688785297,-0.4169900978105901,3160.33886747619,0.628186221000703,68582.79419523002,0.6511397730580334,Fallingbackwards_p1_1_35sek_20260205_113403.parquet,1,Fall,12.610772,14.584012,Fall
-0.7419564580402005,-0.5225719874794209,2.952095751150065e-05,-0.7237619340079359,-0.7630427135195523,-0.6990832091611585,2.4686324024456354,-0.7043371526609891,-0.3864824055215692,-0.5330608040576931,3150.110313482937,0.6273209956139906,66251.05257514928,0.6432705041123411,Fallingbackwards_p1_1_35sek_20260205_113403.parquet,1,Fall,13.610291,15.584012,Fall
-0.7454585363863042,-0.5498369713982417,3.099718057477942e-05,-0.7218740581449564,-0.7630427135195523,-0.6898299819914447,2.9758151261328076,-0.6935110556992107,-0.31623489003761757,-0.6807287340180564,3147.234767710359,0.6277734931964266,118763.59994229247,1.0340287430982298,Fallingbackwards_p1_1_35sek_20260205_113403.parquet,1,Fall,14.610908,16.584032,Fall
-0.7510271238000243,-0.5490623845663053,2.631151817719795e-05,-0.7280365514219583,-0.7945893693404029,-0.7026464379605468,1.4792019152589884,-0.7293124543446377,-0.252029089755528,-0.5189525526575556,3150.595197320992,0.6281574141872058,96586.79476054468,0.8978070241166853,Fallingbackwards_p1_1_35sek_20260205_113403.parquet,1,Fall,15.608907,17.584008,Fall
-0.7089439548089976,-0.5248225949162257,3.110367959391611e-05,-0.7217396180292782,-0.7577661371219,-0.6905852138153198,2.0101183881391127,-0.7151305236734313,0.26646810552376077,-0.09592647155792099,3151.6609559084472,0.6279404532428238,110530.07037421277,1.0894719555778516,Fallingbackwards_p1_1_35sek_20260205_113403.parquet,1,Fall,16.610023,18.584067,Fall
-0.4826632749555992,-0.887073433522929,0.0012509424698823773,-0.30261737309989006,-0.21228127205628847,-0.5291389167367483,67.99174238534866,-0.23471679587666963,-2.5055974945445985,0.7039987366346905,3139.3053925143463,0.6397407236921556,105311.14574978634,0.7022281944111545,Fallingbackwards_p1_1_35sek_20260205_113403.parquet,1,Fall,17.610257,19.584012,Fall
0.013447418709813544,-0.9988936628496996,0.0036703580570931504,0.05211653325128415,2.267018365271296,0.7599145057551221,1794.5344701874044,2.1657064672682798,0.45670106896748736,-0.11393995575349547,2969.8936178865765,0.6472683579052286,3479747.102834966,1.3012512123528601,Fallingbackwards_p1_1_35sek_20260205_113403.parquet,1,Fall,18.609054,20.58404,Fall
1.2191834728935511,-0.2552607386751699,0.014985445150682413,0.9219922529151893,2.703237204922681,2.083889962961078,3267.5134215274325,3.2070522093987908,1.6829710819779848,1.3669654230015358,3433.900349166131,0.7730641168439657,44829846.43270839,1.525058201247176,Fallingbackwards_p1_1_35sek_20260205_113403.parquet,1,Fall,19.608651,21.584034,Fall
1.2191834728935511,-0.8550543764291544,0.015443399939232978,0.9481093007709714,2.703237204922681,1.0396903259253447,2985.0587814797937,3.0292889724649195,1.7776182178916284,1.8570878542051301,2954.2775718377684,0.647696966954719,2485392.424590331,1.377192022077357,Fallingbackwards_p1_1_35sek_20260205_113403.parquet,1,Fall,20.610376,22.584072,Fall
-0.35804239306538893,-1.7050441996347225,0.003758275087547913,0.062264010274208394,0.034435653329200754,-0.2881362808872413,95.51159661318488,-0.12725624546028602,-2.2813967897146075,2.3000563512874383,2938.5888293832195,0.6859932659681095,1241197.7164837897,2.388048584823426,Fallingbackwards_p1_1_35sek_20260205_113403.parquet,1,Fall,21.608688,23.584053,Fall
-0.3849390852263912,-1.6550047424308607,0.002243830011388146,-0.13378983739850944,0.034435653329200754,-0.49254529204644054,65.27521185636408,-0.2464249286890157,-0.7102762483146139,0.017172254353050587,2895.9803956568726,0.6505215182826327,307357.9667177787,1.5574362012422946,Fallingbackwards_p1_1_35sek_20260205_113403.parquet,1,Fall,22.610327,24.584066,Fall
-0.6195031686511681,-1.8025699687394288,0.0005614952728541085,-0.4668354561182331,-0.4771176799942129,-0.5913433071721228,17.784790010718197,-0.5181632623682588,-0.7234230595238852,1.057274850326324,2893.394426171101,0.6313141553780285,134085.4237208638,1.0130285532886771,Fallingbackwards_p1_1_35sek_20260205_113403.parquet,1,Fall,23.609253,25.584012,Fall
-0.8084132564409188,-1.813700525316204,0.00013419672436072402,-0.6372265999024501,-0.4771176799942129,-0.6649845941383514,10.466228447185001,-0.5872602026162433,-0.6689861916585224,-0.14530204193107438,2874.085126808185,0.627460320383482,174430.7963192987,2.20812007349506,Fallingbackwards_p1_1_35sek_20260205_113403.parquet,1,Fall,24.608331,26.584076,Fall
-0.7479324833862876,-1.8611578491424763,0.00021263443441815058,-0.5950541184385021,-0.6695326027516659,-0.7036511794263093,4.422305133521873,-0.6669238817556643,0.32390051420186844,0.07016530757479382,2876.301753801459,0.6276068921646223,75448.65479728153,0.9155423601172756,Fallingbackwards_p1_1_35sek_20260205_113403.parquet,1,Fall,25.608436,27.584052,Fall
-0.706494458345159,-1.8428558130587225,0.0003471539909499391,-0.5380756999969144,-0.5916243091313258,-0.6505289828932108,8.07797321699719,-0.6149101591892308,0.5430840673038628,-0.13512131107952294,2881.454238094269,0.6347974363436613,205257.59742035766,1.541595871093609,Fallingbackwards_p1_1_35sek_20260205_113403.parquet,1,Fall,26.609088,28.584025,Fall
-0.706494458345159,-1.8337391044036933,0.00022520817679722661,-0.5890757559125246,-0.5916243091313258,-0.6810598976806038,6.2372085854906585,-0.6391659143486849,0.6140673863909814,0.9264500607688786,2879.935134533919,0.6296853427159395,81560.95472179366,0.8636736705806741,Fallingbackwards_p1_1_35sek_20260205_113403.parquet,1,Fall,27.609298,29.584018,Fall
-0.883082701560448,-1.876707567201049,5.1209912133700144e-05,-0.6995248989173977,-0.8172224037629777,-0.7118615101166805,0.16833969942476495,-0.786017963255733,-0.1986930398938395,-0.6356647984390354,2872.530993747558,0.6288117768710492,78168.62443372185,0.6934370982684803,Fallingbackwards_p1_1_35sek_20260205_113403.parquet,1,Fall,30.908905,32.884063,Fall
-0.83532001684955,-1.8730438044043007,0.0001002910291861222,-0.6593111471695907,-0.7499522694670842,-0.6912271901681188,1.6423049223305382,-0.7247179367945381,-0.8569874892093444,0.9466748059004508,2867.6670583616674,0.6279959041479647,85152.2507335278,0.7924231148310513,Fallingbackwards_p1_1_35sek_20260205_113403.parquet,1,Fall,31.91058,33.884052,Fall
-0.8191112788169271,-1.8820564058718077,0.00012022474002782535,-0.6459438004949862,-0.7499522694670842,-0.6957177512808078,1.9580138740739343,-0.7164319013921319,-0.2600220627830672,0.6367983975927134,2877.3042979294,0.6307268220977871,93745.15078566739,0.9889036841412142,Fallingbackwards_p1_1_35sek_20260205_113403.parquet,1,Fall,32.910259,34.884042,Fall
-0.8191112788169271,-1.868786978218636,6.873729650477718e-05,-0.6835616045530437,-0.822209049433031,-0.7183236799602433,0.36849908556316224,-0.7721746721274779,0.5520819705396731,0.4640338588554468,2868.041761004544,0.6279684534881538,76220.99694772645,0.7508051851171706,Fallingbackwards_p1_1_35sek_20260205_113403.parquet,1,Fall,33.908419,35.884044,Fall
-0.9025728782364775,-1.8514750349803075,4.0036023541571674e-05,-0.7111835472742664,-0.8203042681308518,-0.7147862126804717,0.16579826119380414,-0.7862367049221983,-0.3170805283043895,-0.8647244086185928,2875.631765657762,0.627822112299401,74725.4966370841,0.68638994050417,Fallingbackwards_p1_1_35sek_20260205_113403.parquet,1,Fall,34.908642,36.884052,Fall
-0.8939933149959755,-1.8689221647614074,3.585366178338867e-05,-0.7159613389153117,-0.8203042681308518,-0.7141298348472349,0.16449311517139445,-0.7863496905128537,0.22641785169078799,-0.7040478907563702,2874.544580399841,0.6282108808504473,72358.85886378052,0.6640103388869651,Fallingbackwards_p1_1_35sek_20260205_113403.parquet,1,Fall,35.908941,37.884034,Fall
-0.5119247859145276,-0.4473384016766863,0.00028045644276522607,-0.5645980759106425,-0.6188794137819226,-0.6254534414887764,11.413587477744947,-0.5771814603696697,0.5723694337194327,0.9897551390647787,3159.547697289934,0.6267216451841979,84751.88869968834,0.6731054499788766,Fallingbackwards_p1_2_35sek_20260205_113455.parquet,1,Fall,0.102947,2.076794,Fall
-0.6835025291185219,-0.4856740775482939,5.8781297918477524e-05,-0.6923389190538407,-0.711459485119149,-0.6814096113783785,6.232363185512335,-0.6392341820999575,0.19834213247169227,-0.05152000736575031,3165.1060528531157,0.6283771681748013,146534.0608529295,1.413848924581777,Fallingbackwards_p1_2_35sek_20260205_113455.parquet,1,Fall,1.103696,3.076816,Fall
-0.6883746139649872,-0.4974850320161191,3.760221227455698e-05,-0.7139316587988845,-0.7767537167639929,-0.7088645778125753,3.085666306541926,-0.6912910969922524,-0.10169775034417211,0.07619339030095913,3156.889802744211,0.6277127609211054,64401.996167061676,0.7627744674386405,Fallingbackwards_p1_2_35sek_20260205_113455.parquet,1,Fall,2.104501,4.07679,Fall
-0.7380460792455574,-0.5063197576913411,2.879394350302913e-05,-0.7247090286149633,-0.7767537167639929,-0.7087830304019052,2.1040275333118474,-0.7128269184334994,-0.9893409116556735,-0.5305503185712089,3160.7652572546426,0.6282174636192085,107554.16115662317,1.020762369519891,Fallingbackwards_p1_2_35sek_20260205_113455.parquet,1,Fall,3.103082,5.076837,Fall
-0.7380460792455574,-0.49159160581170164,3.0487904320018993e-05,-0.7225201647507119,-0.809010013640549,-0.7147344131949802,0.608149661779729,-0.7600165619055519,-0.5259427503569045,-0.5848322170703386,3159.0600979934447,0.627028261875285,66789.47397454032,0.6474534091281564,Fallingbackwards_p1_2_35sek_20260205_113455.parquet,1,Fall,4.101265,6.076816,Fall
-0.7138475191173058,-0.513094593856004,4.7192131662070594e-05,-0.7035549135278015,-0.7842093056689402,-0.707604728147779,1.6157228243586972,-0.725450638504,-0.3815970205618108,-0.7888045963339346,3156.6603260510337,0.627676475033337,91867.72215369195,0.8879720063896943,Fallingbackwards_p1_2_35sek_20260205_113455.parquet,1,Fall,5.103063,7.076842,Fall
-0.7091481482147121,-0.5376476967466751,5.1707496743412014e-05,-0.6990369709588711,-0.7505311009741005,-0.6765524173703054,3.9373996054366636,-0.6752713788331973,-0.2274182966818692,-0.6700728430167341,3149.4491327796973,0.6279250700668537,90699.80476131492,0.9874086125629699,Fallingbackwards_p1_2_35sek_20260205_113455.parquet,1,Fall,6.101538,8.076845,Fall
-0.7091481482147121,-0.5440800101643821,3.512015849447137e-05,-0.7168274840906438,-0.7505311009741005,-0.6887383556983392,3.768764129514466,-0.6782938874911714,-0.11715139657393331,-0.17176448745716133,3150.228068035598,0.627933685013786,121382.95269277848,1.0594886794963911,Fallingbackwards_p1_2_35sek_20260205_113455.parquet,1,Fall,7.101228,9.076794,Fall
-0.7380460792455574,-0.5456280573459711,2.8435860713513823e-05,-0.72517990440412,-0.774068702339527,-0.7076925380263626,2.6823511158996296,-0.6996511480504823,-0.35584812126738313,-0.29650803543896226,3148.2353081988517,0.6272955617642039,78523.83607739578,0.8157331500167349,Fallingbackwards_p1_2_35sek_20260205_113455.parquet,1,Fall,8.101489,10.076845,Fall
-0.7436041039567934,-0.5749160965076273,3.462164871232198e-05,-0.7174213136033771,-0.774068702339527,-0.6955126643412746,2.258303076913739,-0.7091514097599655,-0.3184622464034,-0.615360629262826,3139.8264378725644,0.6271951578735985,97000.36741714047,0.8360561073132089,Fallingbackwards_p1_2_35sek_20260205_113455.parquet,1,Fall,9.103026,11.076845,Fall
-0.753504605106022,-0.5956274981889658,2.7827068638427048e-05,-0.725987318067473,-0.8221915074781923,-0.7133124895155151,0.5203418763790038,-0.7641320847614014,-0.4276048992172442,-0.3625015201763444,3136.155811806627,0.6277103983806607,73151.51587021298,0.7126073488721169,Fallingbackwards_p1_2_35sek_20260205_113455.parquet,1,Fall,10.103773,12.076808,Fall
-0.753504605106022,-0.5700372702378147,3.0209008048093294e-05,-0.7228762815597972,-0.8254230965407883,-0.7134882372645507,0.211617297677448,-0.7825191932459652,-0.47392450827431465,-0.48964081903729406,3142.3964586412594,0.6276099860255545,79521.5388797067,0.7014814320618785,Fallingbackwards_p1_2_35sek_20260205_113455.parquet,1,Fall,11.101183,13.076816,Fall
-0.753504605106022,-0.593343487214063,3.148798264700631e-05,-0.7212563928494109,-0.8133938780032447,-0.7104746179994288,0.34517675847426177,-0.773548369623921,-0.3454497624674752,-0.5603577018412087,3141.522827482217,0.6281921394773757,75203.47738456467,0.6928061114712598,Fallingbackwards_p1_2_35sek_20260205_113455.parquet,1,Fall,12.101337,14.07679,Fall
-0.7444281874811491,-0.6199503697541839,3.258204961095625e-05,-0.7198966268351865,-0.8132884068845253,-0.6990464050443361,0.3375753702621466,-0.7740060684903906,-0.35382890567581243,-0.53435708363344,3128.7874328533726,0.6273634525665337,81796.88092989913,0.6419666555171577,Fallingbackwards_p1_2_35sek_20260205_113455.parquet,1,Fall,13.101607,15.076854,Fall
-0.7444281874811491,-0.5921668123949262,3.363833031954087e-05,-0.7186053206074765,-0.8132884068845253,-0.7020166341881349,0.28156943687165653,-0.7775508968918174,-0.4550364989839435,-0.5894239391110373,3144.681104903159,0.6286114311225562,80297.96930229393,0.6558156609629858,Fallingbackwards_p1_2_35sek_20260205_113455.parquet,1,Fall,14.101775,16.076837,Fall
-0.7444281874811491,-0.5522459742290567,2.9403782799020337e-05,-0.723913784845033,-0.8202825327229306,-0.7016486956328554,0.1521070924915054,-0.7874450864715556,-0.36975317853802636,-0.4779465072188322,3142.2556513704335,0.6268248018300223,88212.32626868544,0.6871642192043241,Fallingbackwards_p1_2_35sek_20260205_113455.parquet,1,Fall,15.101852,17.076847,Fall
-0.7444281874811491,-0.5335977171391822,2.4031724917861068e-05,-0.7312337396240726,-0.8212077567210897,-0.7109504621487974,0.32476093397823774,-0.7747894841983064,-0.14122449388777752,-0.09507815499943098,3158.7953091382774,0.6291042385219447,75041.71725220402,0.7205563511432904,Fallingbackwards_p1_2_35sek_20260205_113455.parquet,1,Fall,16.101198,18.076855,Fall
-0.7444281874811491,-0.5276841195494275,2.1102782661421328e-05,-0.7355730163478557,-0.8212077567210897,-0.7196694490490436,0.7811706312641524,-0.7526991724828105,0.09661285833544464,0.1497776487155642,3150.2992490910733,0.6274407705700504,85338.261922034,0.7587626198426449,Fallingbackwards_p1_2_35sek_20260205_113455.parquet,1,Fall,17.103522,19.076837,Fall
-0.7138475191173058,-0.6505114708115513,0.0001308667611939143,-0.6392613213532026,-0.6238849739181723,-0.6539720208327688,10.89951779718141,-0.5825962617336209,-2.711408990754597,1.6899664846689193,3144.460913337496,0.6301432921451668,65936.90907907406,0.5671376963266752,Fallingbackwards_p1_2_35sek_20260205_113455.parquet,1,Fall,18.101493,20.076854,Fall
-0.41903804365079844,-1.501922950994824,0.0028662064765537505,-0.04701718229223479,-0.015279069585582866,-0.1697795006401014,182.9219790083838,0.13672529024726526,-1.6343417654523005,-0.11541416250999229,2964.613537880515,0.6480608724126133,1044675.021685305,1.5954315843077789,Fallingbackwards_p1_2_35sek_20260205_113455.parquet,1,Fall,19.104263,21.076857,Fall
3.1862108405867176,-0.2812675581959245,0.07977467498266468,3.173356478604284,1.3407933557902671,1.3622180310151006,1047.5733422409521,1.462406983518342,2.172783023182933,1.285023829038906,2787.860878922449,0.6938371665863327,11156510.267933832,1.1688315616550504,Fallingbackwards_p1_2_35sek_20260205_113455.parquet,1,Fall,20.101115,22.076837,Fall
-0.2553946906250666,-1.6214334396993513,0.004791745210215899,0.17365339444978925,-0.05728086520119616,-0.5202790328444455,74.10768861074348,-0.20918508914475908,-2.7212666385782587,2.4130257576833833,2934.4216697077254,0.6544392490227559,172739.1193158514,1.4464444893534913,Fallingbackwards_p1_2_35sek_20260205_113455.parquet,1,Fall,24.203449,26.176848,Fall
-0.36874320540098765,-1.6274054419846729,0.003452408828284346,0.026423597237082038,-0.05728086520119616,-0.5302893867116587,64.58975847361089,-0.24941750443675736,-1.0648591535134948,-0.376625537008046,2912.5071182581846,0.6678854594190414,678050.1138517099,2.6861952918443426,Fallingbackwards_p1_2_35sek_20260205_113455.parquet,1,Fall,25.203438,27.176845,Fall
-0.36874320540098765,-1.7014348014542355,0.0021222975161264974,-0.1520884514869646,-0.11250684621413248,-0.49420390867219466,74.11332825532888,-0.20916204245439443,-1.2313435420902643,0.9750113522329797,2927.1763789642014,0.6431942586587442,424758.004070585,2.1067499716281914,Fallingbackwards_p1_2_35sek_20260205_113455.parquet,1,Fall,26.203045,28.176822,Fall
-0.626697295056203,-1.7602769102893903,0.0005244029646083982,-0.4780345937628227,-0.11250684621413248,-0.489977509127696,70.27895646925948,-0.22503918135712092,0.07027290462099192,0.2574152458434416,2892.79515120518,0.6310366302148958,366046.9606644646,1.7059605843827759,Fallingbackwards_p1_2_35sek_20260205_113455.parquet,1,Fall,27.203294,29.176822,Fall
-0.7642586039221061,-0.699731506065946,2.4329703486655055e-05,-0.730807484660946,-0.8185603246202089,-0.7243865230291185,0.5321366928725567,-0.763560075445592,-1.1114465076166034,-0.9168115203312447,3117.4001948415503,0.6278540711567541,68121.9790119625,0.7926153808261743,Fallingbackwards_p1_3_35sek_20260205_113936.parquet,1,Fall,0.503492,2.476896,Fall
-0.7590847036830772,-0.7174869154297845,2.7292970115313096e-05,-0.7267029729439733,-0.8185603246202089,-0.7122924510563707,0.4305729304164773,-0.7687172233698847,-0.7386264974498866,-1.0056834682821711,3108.545900735521,0.627058981522571,74427.8615005596,0.7102620647196117,Fallingbackwards_p1_3_35sek_20260205_113936.parquet,1,Fall,1.501174,3.476918,Fall
-0.7590847036830772,-0.7118529390827013,2.816292666096333e-05,-0.7255408047851591,-0.8075612472621803,-0.69376385170608,0.3258825116516293,-0.7747203059257547,-0.5804870624613467,-0.7675849571257517,3115.5478810796344,0.6281905958836995,82520.76721373208,0.617221164997985,Fallingbackwards_p1_3_35sek_20260205_113936.parquet,1,Fall,2.503051,4.476918,Fall
-0.7568103650798019,-0.663614208139727,2.4413688402851408e-05,-0.7306878173592173,-0.8041470262326417,-0.7132133421182727,2.3699863762737046,-0.7065684280992492,-0.8134193576031395,-0.3550506475855794,3125.710149889792,0.6283741033392426,107694.86492272218,0.8500104006529472,Fallingbackwards_p1_3_35sek_20260205_113936.parquet,1,Fall,3.503163,5.476947,Fall
-0.7236730131933873,-0.7259961350564453,8.400064309950663e-05,-0.6712602655443479,-0.8041470262326417,-0.7707619839974953,2.2588710860332317,-0.7091381133738704,-1.3066346657538783,-0.23843693045862976,3116.577428340559,0.6295188011647275,28727.441736701723,0.7945900203760226,Fallingbackwards_p1_3_35sek_20260205_113936.parquet,1,Fall,4.502963,6.476956,Fall
-0.7236730131933873,-0.9010138848950217,0.00010590093698152054,-0.6554243492012473,-0.7356473717755933,-0.7437154948167957,4.381330320687607,-0.667610948384233,-0.03806911997781109,-0.6217850337504774,3067.430990563603,0.6284179948766538,36575.04768135036,0.8372204463524741,Fallingbackwards_p1_3_35sek_20260205_113936.parquet,1,Fall,5.501839,7.476921,Fall
-0.780653584375948,-0.938933766051048,7.632491937597147e-05,-0.6772924470940082,-0.7356473717755933,-0.678567684311753,3.6304248601581186,-0.6808242580300052,-0.3502589032011233,-1.0019508968821693,3063.64293101003,0.6282147339234199,136744.5389014644,1.0996237046192432,Fallingbackwards_p1_3_35sek_20260205_113936.parquet,1,Fall,6.502998,8.476903,Fall
-0.7508207380544928,-0.8971533049026678,7.712942255882742e-05,-0.6766463889790264,-0.7131718528103966,-0.6410746508572158,2.7857576313190044,-0.6974509565907452,-0.5120584682316833,-0.9738392573099472,3082.25454883194,0.6290972785845673,132784.08945239484,0.8451910082566125,Fallingbackwards_p1_3_35sek_20260205_113936.parquet,1,Fall,7.5038,9.476916,Fall
-0.7508207380544928,-0.8420390707294855,5.7646444331742756e-05,-0.6933852008575803,-0.7131718528103966,-0.6447347901438584,2.595099099241013,-0.7015408354501349,-1.0087328922252115,-0.4281260890708857,3079.4763254846057,0.6271808787964714,157126.54444566407,1.0011044743013362,Fallingbackwards_p1_3_35sek_20260205_113936.parquet,1,Fall,8.503026,10.476888,Fall
-0.7578439906634189,-0.8527270730153291,5.3632178951170855e-05,-0.6971713943574084,-0.7322623030736691,-0.6332151793270774,2.8852018660149223,-0.6953732713334334,-0.6507008368548618,-0.5128142454379767,3084.5092850518367,0.628155053815619,158567.57718056478,0.9181511569775571,Fallingbackwards_p1_3_35sek_20260205_113936.parquet,1,Fall,9.501705,11.476938,Fall
-0.7578439906634189,-0.8510050073250853,6.150523242906013e-05,-0.6898680602693328,-0.7322623030736691,-0.6368721952589661,3.397119759218707,-0.6852034502781172,-0.343916214268542,-0.6125174165484505,3084.805543752655,0.6283409510122097,145950.13702166863,0.7674234098355426,Fallingbackwards_p1_3_35sek_20260205_113936.parquet,1,Fall,10.501532,12.476921,Fall
-0.7623952068797848,-0.8195882737714763,4.00097856557694e-05,-0.7112127209708234,-0.7275652000896876,-0.6429263997775648,4.9871973373798815,-0.6577576697651663,0.07173162611357096,-0.7576343116698594,3092.7225993742636,0.6283138201314747,101022.74894226476,0.7239730295589935,Fallingbackwards_p1_3_35sek_20260205_113936.parquet,1,Fall,11.50314,13.476896,Fall
-0.7634303172029081,-0.8552672782013743,3.164272040511829e-05,-0.7210626577850505,-0.7275652000896876,-0.6404665845156832,4.419835341981207,-0.666965204896536,0.2499561994192544,-0.578465511496384,3076.527196241657,0.6269573912754277,156298.25070406037,0.9542940413251851,Fallingbackwards_p1_3_35sek_20260205_113936.parquet,1,Fall,12.502101,14.476935,Fall
-0.7634303172029081,-0.8440458793744982,3.152457878763208e-05,-0.7212105307789842,-0.7925175492219152,-0.692191950789135,1.0127404968208695,-0.7440792449860598,0.24776623774147744,-0.5979168305624822,3089.8594910345073,0.6283355429093783,110142.0436393469,0.7767476480806981,Fallingbackwards_p1_3_35sek_20260205_113936.parquet,1,Fall,13.501352,15.476916,Fall
-0.7296211780974935,-0.7828124798234929,4.4270588457592924e-05,-0.7065942416282441,-0.6324735735333851,-0.7191033996092133,5.102741283686834,-0.6559479064550908,0.524830185190434,-0.4608646224943357,3092.5527332438023,0.6268919530701837,53566.78955362742,0.8675526243924556,Fallingbackwards_p1_3_35sek_20260205_113936.parquet,1,Fall,14.501716,16.476896,Fall
-0.6586264023078627,-2.03199057940885,0.0039788032318764065,0.0872071753393611,0.5472835022183755,0.03769886411870331,492.8117927352612,0.7470643285564571,-1.8722151991619165,-0.7957773864880325,2964.402242097609,0.6603948375738008,1145789.1666991995,1.2847949695974816,Fallingbackwards_p1_3_35sek_20260205_113936.parquet,1,Fall,15.503114,17.476903,Fall
2.0600159214904292,-0.7158541981321007,0.06187325321925965,2.699238276879746,1.0818484216312194,1.2268211054891924,784.1653741680225,1.1554056382687494,0.6812100030848419,-0.3815609376211521,2987.699287480827,0.8540595845188419,13954839.143222366,1.32829350140077,Fallingbackwards_p1_3_35sek_20260205_113936.parquet,1,Fall,16.501572,18.476943,Fall
2.0600159214904292,0.2480655340542769,0.05581525107764887,2.5235113543042726,1.0818484216312194,0.5985341237360177,1088.2496168841433,1.5061984979197078,0.3718347264742119,-0.2016049152192621,3533.4164848644464,0.8903890746876404,3750896.2714186003,1.8341164549012943,Fallingbackwards_p1_3_35sek_20260205_113936.parquet,1,Fall,17.502709,19.501656,Fall
-0.6626607387232284,-1.4865723211223851,0.0007573105271294801,-0.4130462860990579,-0.44560881252457585,-0.4499167350619394,31.869725511092735,-0.4176801048286592,-1.3756059431997143,0.04771930961279126,2955.2475412162703,0.6355156055749842,620365.8803049598,1.5708172960680107,Fallingbackwards_p1_3_35sek_20260205_113936.parquet,1,Fall,18.503354,20.503087,Fall
-0.6626607387232284,-1.597664952001585,0.0003715747335157678,-0.5290127208111192,-0.5074315096916405,-0.5510177012278682,17.772271143487433,-0.5182677136651908,0.3061616367429823,0.05157943423047068,2923.5721413423935,0.6337064793873883,305776.57887579757,1.5572250966485024,Fallingbackwards_p1_3_35sek_20260205_113936.parquet,1,Fall,19.516892,21.501214,Fall
-0.7322905273642591,-1.6520460638567194,0.00011983661292306112,-0.6461929986987778,-0.721298883044651,-0.6745443209950057,1.2011516402204332,-0.7377735299976168,1.5454514842086458,2.2772906680062546,2913.9284240637207,0.6278498502869697,101852.99650756818,0.6719100577820368,Fallingbackwards_p1_3_35sek_20260205_113936.parquet,1,Fall,20.51691,22.50124,Fall
-0.8897108713699016,-1.6837421213830364,3.6404960258812006e-05,-0.7153161646564256,-0.8157842615935933,-0.6955274340585651,0.18392217924047835,-0.7847114260520458,-0.5815437672363717,-0.7505516411668347,2911.109655343543,0.6281992421592825,85305.3618294247,0.6623306253614017,Fallingbackwards_p1_3_35sek_20260205_113936.parquet,1,Fall,21.516942,23.501621,Fall
-0.8897108713699016,-1.6900749658177259,4.507667888020632e-05,-0.705745883039995,-0.8157842615935933,-0.6973013067794409,0.2101101145594446,-0.782634661480238,-0.49421350321064517,-0.9157935637652304,2905.6750555622125,0.6274662356331011,89264.7786099025,0.697296797926821,Fallingbackwards_p1_3_35sek_20260205_113936.parquet,1,Fall,22.516902,24.501753,Fall
-0.8969939319512128,-1.7129532002805568,5.381562013162094e-05,-0.6969953467405564,-0.8164399280244038,-0.7032221446499456,0.18095339247455614,-0.7849559502994943,-0.5949156118292473,-1.1133888636692044,2908.9300617369845,0.6289529575482187,81837.025156691,0.672481039805885,Fallingbackwards_p1_3_35sek_20260205_113936.parquet,1,Fall,23.516959,25.501153,Fall
-0.8658187125384116,-1.7341051911356484,5.230380629436658e-05,-0.6984553163161764,-0.8253621139171412,-0.7056935440196939,0.1505953283814757,-0.7875817929712678,-0.4331250706455748,-0.694638872400193,2898.9589056694326,0.6279549519170358,80757.32413667334,0.694998613252543,Fallingbackwards_p1_3_35sek_20260205_113936.parquet,1,Fall,24.516956,26.501369,Fall
-0.8658187125384116,-1.7227691554942473,4.8311247427714214e-05,-0.7024157003044071,-0.8253621139171412,-0.7066096978446732,0.19069033528110124,-0.7841612411475576,-0.1224069761806688,-0.35934622544871436,2900.7724083430057,0.6280018134714961,83401.9985413422,0.694026399262563,Fallingbackwards_p1_3_35sek_20260205_113936.parquet,1,Fall,25.516963,27.501408,Fall
-0.8726296289656551,-1.7374031326187496,4.324316941426915e-05,-0.7076868105558851,-0.8256147620415539,-0.7069161300422446,0.1654206769955749,-0.7862693462657964,0.012937668941739814,-0.6872100630691107,2897.2511110048385,0.6278184963313678,77160.34862116729,0.6738391229412991,Fallingbackwards_p1_3_35sek_20260205_113936.parquet,1,Fall,26.51689,28.501167,Fall
-0.8969939319512128,-1.7303338371521333,3.6778674303191327e-05,-0.7148815886291817,-0.8193578764168098,-0.7076182121861985,0.23462874442405923,-0.7808047900765951,-0.5455211946492892,-0.8270433112858275,2904.100745825273,0.6284303876273982,78385.00088681375,0.7249431285104745,Fallingbackwards_p1_3_35sek_20260205_113936.parquet,1,Fall,27.516929,29.501626,Fall
-0.6218997836624218,-0.3152480284256943,5.2687884281935395e-05,-0.6980824315876039,-0.6542249089545271,-0.5106447760312968,12.083157288252897,-0.5703084367469394,1.1733539201174548,1.8516228719751313,3198.771469210053,0.6281553360986747,367281.31992084056,0.7747076152386995,Fallingbackwards_p2_1_35sek_20260205_114717.parquet,1,Fall,3.533735,5.50765,Fall
-0.6201021888299377,-0.25812456146185736,8.923611677227978e-05,-0.6673027970065812,-0.6542249089545271,-0.5338782391794633,11.792314357265575,-0.573269872497905,1.3647062557307157,0.7969467087211688,3219.0439119132384,0.6309541637056947,271042.91931394115,1.2214787440495583,Fallingbackwards_p2_1_35sek_20260205_114717.parquet,1,Fall,4.533728,6.507618,Fall
-0.6201021888299377,-0.25240173575268504,6.694268515296476e-05,-0.6850942931920194,-0.7732992598414176,-0.6681603754643637,1.6065701337002736,-0.7257043139526599,1.4216852512552687,1.094904193376304,3208.70727897503,0.6280621011018849,136736.382452018,0.7596734547832918,Fallingbackwards_p2_1_35sek_20260205_114717.parquet,1,Fall,5.532409,7.507638,Fall
-0.703230827032335,-0.262279861682816,2.9976920064980155e-05,-0.7231738849665751,-0.7974874989968315,-0.6747078039512165,0.2602656076567632,-0.7789910869978833,-0.37113964354767753,-0.560705183830855,3205.6673794459753,0.6269532483847013,101215.55823929701,0.632295236999309,Fallingbackwards_p2_1_35sek_20260205_114717.parquet,1,Fall,6.532576,8.507594,Fall
-0.703230827032335,-0.2535531797896038,2.304366994792491e-05,-0.732666389141584,-0.8153860528228134,-0.6901647079636174,0.21143145016450024,-0.782533409110719,0.5343806154726997,-0.49763457881374773,3213.978150071432,0.6279100092627261,88525.9986886184,0.6326334633475477,Fallingbackwards_p2_1_35sek_20260205_114717.parquet,1,Fall,7.532058,9.507597,Fall
-0.7128254397713746,-0.26713487632860944,2.108258077076167e-05,-0.7356039579679108,-0.8153860528228134,-0.7036189423208364,0.21014791415990802,-0.7826317605256775,0.41717792701534595,-0.44352568056308833,3206.2857904147545,0.6274538069503446,86843.05161328941,0.6966770269338611,Fallingbackwards_p2_1_35sek_20260205_114717.parquet,1,Fall,8.534039,10.509449,Fall
-0.7128254397713746,-0.2510241906408962,2.048365026599371e-05,-0.7365281225048765,-0.8277119550116572,-0.7110623645396078,0.2656535888387641,-0.7786214427243514,0.615021888698703,-0.42337181376972266,3215.1698801399257,0.6280653423372408,75990.10829698924,0.6784221327434785,Fallingbackwards_p2_1_35sek_20260205_114717.parquet,1,Fall,9.53402,11.507586,Fall
-0.7128254397713746,-0.2513301720241685,1.8910468413352045e-05,-0.739022038252133,-0.8230442841634937,-0.7044431186563503,0.3931622443002174,-0.7707685067081551,0.8605538786502775,-0.5210360567992696,3211.6994965635936,0.627865433505221,82427.37247397198,0.7143844286692318,Fallingbackwards_p2_1_35sek_20260205_114717.parquet,1,Fall,10.531913,12.507633,Fall
-0.7128254397713746,-0.25666064398875305,2.0311124656285148e-05,-0.7367968327276159,-0.8162234602512354,-0.7001614903194768,0.32941325483590383,-0.7745033054179172,0.3653370829238784,-0.3035576134150974,3213.484297103651,0.6282567224412183,79820.2600534349,0.6486282618869317,Fallingbackwards_p2_1_35sek_20260205_114717.parquet,1,Fall,11.531908,13.507598,Fall
-0.7128254397713746,-0.2384865621406748,2.5295345379387197e-05,-0.7294437869832036,-0.8162234602512354,-0.6954073958465298,0.26613014420197456,-0.7785889296822197,0.03047817225668832,-0.48947529936222306,3213.5989663113664,0.6274435929552822,87942.11102328726,0.7227330993375594,Fallingbackwards_p2_1_35sek_20260205_114717.parquet,1,Fall,12.532438,14.507581,Fall
-0.7066985249554739,-0.2435136670596106,2.4576396419046697e-05,-0.7304565643616506,-0.8215395888694283,-0.6990771310214956,0.2621616504667984,-0.7788605758331361,-0.40289254031042837,-0.4475247875793157,3211.15348337637,0.6271540862243586,89535.62019324866,0.7299481766294402,Fallingbackwards_p2_1_35sek_20260205_114717.parquet,1,Fall,13.533813,15.507586,Fall
-0.6774208227896639,-0.26117042447251715,2.856350491658612e-05,-0.7250117151381807,-0.8272392446225134,-0.7203496771206137,0.2745432742378338,-0.7780196640520747,-0.22235227824986387,-0.18067556706266635,3211.878002315183,0.6281240362925072,70028.04108914554,0.7176685457119709,Fallingbackwards_p2_1_35sek_20260205_114717.parquet,1,Fall,14.531937,16.507629,Fall
-0.6774208227896639,-0.2904956372566605,3.588414884892218e-05,-0.7159255314571858,-0.8323580538946695,-0.7323754711654027,0.3617995126583699,-0.7725647157476293,0.03243714394250365,-0.693343759021463,3206.5345220376066,0.6281851911077349,68468.6909658974,0.7728367880393365,Fallingbackwards_p2_1_35sek_20260205_114717.parquet,1,Fall,15.532201,17.507659,Fall
-0.7046583336589803,-0.24273091291234225,3.48657276754073e-05,-0.7171300340634501,-0.8083610953091837,-0.7070078429119871,0.23870915155956546,-0.7805097142580191,-0.35253242415961417,-0.6641543459849312,3214.030782342997,0.6280692743454067,76090.51397524924,0.6568908061026465,Fallingbackwards_p2_2_35sek_20260205_114828.parquet,1,Fall,0.726041,2.701646,Fall
-0.7024153406442173,-0.22805168154149122,3.6383970452243725e-05,-0.7153406388104497,-0.8083610953091837,-0.7123328156424357,0.4445030772167675,-0.7679763255980322,-0.2995445460471,-0.7109333247121735,3215.987517588733,0.6276572796832107,79841.54010822889,0.808978699532602,Fallingbackwards_p2_2_35sek_20260205_114828.parquet,1,Fall,1.727077,3.701601,Fall
-0.7024153406442173,-0.2099185189554794,2.686027335282296e-05,-0.7272879068452924,-0.8239567431260846,-0.7137855438336975,0.3426616353299753,-0.7736992485202466,-0.8599543609001771,-0.26804431604668755,3218.9139073470733,0.6275362903294599,76518.47607222502,0.6969202497121768,Fallingbackwards_p2_2_35sek_20260205_114828.parquet,1,Fall,2.726165,4.701571,Fall
-0.6677094046382805,-0.2074396128087087,2.3249232989143455e-05,-0.7323658363163376,-0.8207246798060404,-0.7031268480490918,0.2543868408947141,-0.779398793857036,-0.9793422000795712,0.747358616685874,3223.6922493361917,0.6285038513807257,87690.73080794729,0.6811857246120148,Fallingbackwards_p2_2_35sek_20260205_114828.parquet,1,Fall,3.727542,5.701572,Fall
-0.6677094046382805,-0.19203541523767206,2.7542842277823817e-05,-0.7263672981126026,-0.8207246798060404,-0.7119480330539328,0.29548312924475284,-0.7766395619913897,-0.5091238589858996,-0.07705562504900187,3225.698609279624,0.6282754205079144,71245.15078624143,0.6529413846361433,Fallingbackwards_p2_2_35sek_20260205_114828.parquet,1,Fall,4.727732,6.701569,Fall
-0.68532885956201,-0.18101945742591308,3.0617810433682445e-05,-0.7223548464855012,-0.8219066577186588,-0.708482911514825,0.2576661840460355,-0.7791707893939478,-1.011485300874585,-0.5116865537879977,3229.6561278880195,0.6282022837582759,77505.22309212698,0.6576139076085513,Fallingbackwards_p2_2_35sek_20260205_114828.parquet,1,Fall,5.727718,7.701633,Fall
-0.6835025291185219,-0.16737952465067105,3.337528495801396e-05,-0.7189249758843242,-0.8219066577186588,-0.7060465169946858,0.30817332107868345,-0.7758269018012321,-0.8619511332039423,-0.5737868492936723,3228.8765369162134,0.6274276640312777,90207.60516210877,0.7174006603859486,Fallingbackwards_p2_2_35sek_20260205_114828.parquet,1,Fall,6.726662,8.701621,Fall
-0.6835025291185219,-0.18989533201879905,3.739356980820962e-05,-0.7141713304272497,-0.8234175907650508,-0.7201622082033469,0.44029997192188325,-0.7681986360673831,-0.3276264422075983,-0.8230615810375812,3228.157591123073,0.627924580174913,65699.0407139494,0.7266194259122655,Fallingbackwards_p2_2_35sek_20260205_114828.parquet,1,Fall,7.726085,9.701579,Fall
-0.68532885956201,-0.21889895510555668,3.473452991810684e-05,-0.7172864759694242,-0.8132085207152332,-0.7066646310936914,0.5561327803369953,-0.7624155898336458,-0.40727132913361447,-0.8178197004106051,3212.5740981075446,0.6268968166854647,86660.16860192624,0.7987795099881052,Fallingbackwards_p2_2_35sek_20260205_114828.parquet,1,Fall,8.727781,10.701601,Fall
-0.6835025291185219,-0.2102506828040606,3.49785477279209e-05,-0.7169957411954422,-0.8043574375334427,-0.7005134514281339,0.6374291794296896,-0.7587112327572243,-0.256315724919782,-0.7171462468049944,3224.092061384409,0.628385709702453,76402.36411245994,0.6502598601404546,Fallingbackwards_p2_2_35sek_20260205_114828.parquet,1,Fall,9.726333,11.701601,Fall
-0.6835025291185219,-0.19409152103746485,3.634037671419581e-05,-0.7153914917581345,-0.8043574375334427,-0.7229445829987545,0.5888290101724233,-0.7608951886818027,-0.17595531819413257,-0.6977505948773519,3218.4779825475944,0.6270654114304546,76457.66325237627,0.8844709815860349,Fallingbackwards_p2_2_35sek_20260205_114828.parquet,1,Fall,10.727737,12.701621,Fall
-0.6942697197932735,-0.23403812898898346,3.3721872415614656e-05,-0.7185040611313981,-0.8430528490640561,-0.7500358703041152,0.3565873757067778,-0.7728706662731459,-0.6775328603508248,-0.6258735771805867,3222.5297221581636,0.6283552015863657,54771.59165370306,0.7109386354276065,Fallingbackwards_p2_2_35sek_20260205_114828.parquet,1,Fall,11.728011,13.701574,Fall
-0.6871560313956143,-0.28980000432791236,3.3776125482094025e-05,-0.71843836938652,-0.845066425055622,-0.7734270486856551,0.4840468910811036,-0.7659341825415481,-0.3820325151920522,-0.7365059536795318,3202.9816210137037,0.6277066173034307,30432.5361288816,0.7665635212320746,Fallingbackwards_p2_2_35sek_20260205_114828.parquet,1,Fall,12.728134,14.701579,Fall
-0.6871560313956143,-0.31298165824627605,3.1099973302962506e-05,-0.7217442928340955,-0.8316255359889084,-0.7513402928246353,0.8238550466579545,-0.7510227693032807,-0.15745397555542912,-0.9107142987722568,3197.59163719864,0.6277703259860032,54528.57816987715,0.7258197404702844,Fallingbackwards_p2_2_35sek_20260205_114828.parquet,1,Fall,13.72777,15.701633,Fall
-0.7335231481230488,-0.3311945304796257,2.5682919633100444e-05,-0.7289037823950546,-0.8309833618514436,-0.7159729580596038,0.22072207790536383,-0.7818302350394647,-0.5930277246635811,-1.4512716473055753,3191.799656006725,0.6271261702816785,71519.83834662952,0.6852464927321459,Fallingbackwards_p2_2_35sek_20260205_114828.parquet,1,Fall,14.727919,16.701633,Fall
-0.6944731559506813,-0.3387251598777119,2.7457716343187708e-05,-0.7264814834634954,-0.8183443304178999,-0.6994732174392491,0.3749759198764815,-0.7718009528961908,0.24481583765748988,-0.9773234388241542,3193.1977526085593,0.6273090782053278,87403.79886595794,0.6880127670491678,Fallingbackwards_p2_2_35sek_20260205_114828.parquet,1,Fall,15.727898,17.701607,Fall
-0.6944731559506813,-0.3238098245310162,3.302922425125779e-05,-0.7193474371510754,-0.8170364702736762,-0.6934697703709388,0.2545777604709041,-0.7793854795549574,0.15985392535208046,-0.7947445168427365,3196.3148779697117,0.6271761540191061,89872.48756079603,0.6734487831362909,Fallingbackwards_p2_2_35sek_20260205_114828.parquet,1,Fall,16.727823,18.701565,Fall
-0.6853288595620104,-0.26991292132503264,3.9358371764154e-05,-0.7119401145138673,-0.8170364702736762,-0.7036092768047238,0.24602528768114232,-0.7799868921635911,-0.4307101380384877,-0.7620814032584333,3205.4182327924173,0.6269367030776968,82009.24486572025,0.7185181599692698,Fallingbackwards_p2_2_35sek_20260205_114828.parquet,1,Fall,17.727807,19.701579,Fall
-0.6853288595620104,-0.4097519499581448,0.0001403110482646547,-0.6335552145218724,-0.6524799900585564,-0.580312515647778,14.380658421329134,-0.5480675777388435,-2.013467529299216,0.1457149780068319,3195.567350946041,0.6304083742012786,161297.54024120228,0.8412412850438447,Fallingbackwards_p2_2_35sek_20260205_114828.parquet,1,Fall,18.728246,20.701606,Fall
-0.6689220368194961,-1.3954172772360995,0.003829295212258618,0.07037486720149885,0.6938659820328306,-0.1283660480525978,288.53086304747916,0.38026504280947454,-3.6827483632519264,1.6576780488792657,3067.9179591661014,0.6390299519285604,640797.153775769,0.7544311250073106,Fallingbackwards_p2_2_35sek_20260205_114828.parquet,1,Fall,19.727807,21.701616,Fall
-0.7331122314524682,-0.4538455707545966,2.4828905445882554e-05,-0.7300991899400999,-0.8101153704857514,-0.7094859927340845,0.2573327448060402,-0.779193906065005,-0.6002133091675229,-0.21465404205527144,3167.524111046693,0.6273594043654382,77810.7570640371,0.6935757403756792,Fallingbackwards_p2_3_35sek_20260205_115552.parquet,1,Fall,0.636711,2.612021,Fall
-0.7294159187900537,-0.46505784066612743,2.671501917458234e-05,-0.727485321175654,-0.823880948918704,-0.7031426671105224,0.2068615768820068,-0.7828849550218265,-0.4738827228331832,-0.34089748838320066,3164.1916594033364,0.6277663096467014,85946.62712740919,0.7132628730170064,Fallingbackwards_p2_3_35sek_20260205_115552.parquet,1,Fall,1.636807,3.612042,Fall
-0.7263383172485898,-0.4322865532167135,3.087037925263117e-05,-0.7220344286268655,-0.823880948918704,-0.7038834158128392,0.25316646035317175,-0.7794840187541658,-0.2680520726825759,-0.5765746966323632,3171.2649811007186,0.627681950794999,78278.17392741224,0.6711389299166636,Fallingbackwards_p2_3_35sek_20260205_115552.parquet,1,Fall,2.638292,4.612074,Fall
-0.7263383172485898,-0.4462034267160507,2.4870368518737337e-05,-0.7300406815136512,-0.8139945328290861,-0.6890760299622319,0.3603280463801062,-0.7726508657522924,-0.22729339922144004,-0.2917841469804521,3172.8947587525518,0.6280981284901098,94954.6580856585,0.6883627438885855,Fallingbackwards_p2_3_35sek_20260205_115552.parquet,1,Fall,3.638909,5.612029,Fall
-0.7249029287143215,-0.43845360296305935,2.0993645560293787e-05,-0.7357403495308862,-0.8139945328290861,-0.6882769226082172,0.26964357381719434,-0.7783501185238236,-0.45295542922406606,0.03984890889170369,3171.0476531029385,0.6275580146961307,95280.90205649132,0.6842314651634617,Fallingbackwards_p2_3_35sek_20260205_115552.parquet,1,Fall,4.63679,6.612069,Fall
-0.7249029287143215,-0.40234578856592584,2.0539979140247307e-05,-0.7364406349957493,-0.8228995614989997,-0.7066132435522179,0.26749623225154723,-0.7784958891620387,-0.27289507512401023,0.2539420355835923,3180.8489035687135,0.6278203440940167,80235.77212923318,0.7038478934186775,Fallingbackwards_p2_3_35sek_20260205_115552.parquet,1,Fall,5.638169,7.612014,Fall
-0.7249029287143215,-0.42532468762136844,2.4498977382697113e-05,-0.7305665024057016,-0.8218234764963936,-0.7029860949842015,0.32427788644252303,-0.7748193150937563,-0.7274319450222315,-0.1665450441832067,3174.441579482494,0.6279309088194992,83076.52926512151,0.7297453140947117,Fallingbackwards_p2_3_35sek_20260205_115552.parquet,1,Fall,6.636946,8.612029,Fall
-0.7320851282600261,-0.4424515475494595,2.420919751845456e-05,-0.7309795509685639,-0.8218234764963936,-0.7015354746009398,0.21657661451514734,-0.7821421244282459,-1.0055517276189847,-0.49532547860489595,3173.757954356866,0.628235161097324,86915.63338262364,0.7047897227872996,Fallingbackwards_p2_3_35sek_20260205_115552.parquet,1,Fall,7.638947,9.61201,Fall
-0.7249029287143215,-0.42680521956106093,2.4945721579779194e-05,-0.7299344757411732,-0.8225641604250317,-0.7024942579835538,0.16312355369852446,-0.786468735526698,-0.8428407272121755,-0.5576949140187359,3173.812579884811,0.6278041398909967,83980.62325202784,0.6654260068360777,Fallingbackwards_p2_3_35sek_20260205_115552.parquet,1,Fall,8.637071,10.612021,Fall
-0.7249029287143215,-0.41535660108011807,2.322143326075701e-05,-0.7324064042642955,-0.8225641604250317,-0.7051465191234952,0.12148968733296212,-0.7903618933482683,-0.9494113393600832,-0.3558966997258457,3176.3006772861268,0.627606878821694,81582.76858129108,0.6705972922755947,Fallingbackwards_p2_3_35sek_20260205_115552.parquet,1,Fall,9.638155,11.612056,Fall
-0.7249029287143215,-0.3934646039826441,1.945252638531104e-05,-0.7381514110318603,-0.8298960157371655,-0.707461208593437,0.09590174686556335,-0.7930970480126971,-1.0850758653730597,0.24264253457526522,3182.146540311299,0.6279161558606351,80546.34553147927,0.6666562157041551,Fallingbackwards_p2_3_35sek_20260205_115552.parquet,1,Fall,10.638173,12.612054,Fall
-0.7249029287143215,-0.3876169116372245,2.2920408978538404e-05,-0.7328472516734733,-0.8211831214832547,-0.6981550776572001,0.1408510350787167,-0.7884799317809542,-0.9135220416069169,-0.1757942226107385,3182.562444024779,0.6278916268062565,86306.22703464136,0.6646384993196577,Fallingbackwards_p2_3_35sek_20260205_115552.parquet,1,Fall,11.637532,13.612042,Fall
-0.7173245751124746,-0.3781309477573839,2.2320494589970883e-05,-0.7337345406937121,-0.8211831214832547,-0.6971099038191955,0.17095270387414443,-0.7857947767015989,-1.2288463886414682,-0.3962944599807922,3184.024659403232,0.6277195619949221,87435.58062966888,0.6626829203055858,Fallingbackwards_p2_3_35sek_20260205_115552.parquet,1,Fall,12.638418,14.612054,Fall
-0.7093523521973816,-0.3748916316539492,2.752202800673701e-05,-0.7263952014288848,-0.8118501921485807,-0.7006949683572047,0.21357619507543774,-0.7823697310830353,-0.669046715561081,-0.7087424287399041,3187.073798648229,0.62795039888454,85200.50468401777,0.6721725723795389,Fallingbackwards_p2_3_35sek_20260205_115552.parquet,1,Fall,13.638147,15.612038,Fall
-0.7093523521973816,-0.3868171338285997,3.437452865227184e-05,-0.7177172702514891,-0.8118501921485807,-0.705006926845013,0.25975459502840864,-0.7790263430194313,-0.1827774845538412,-1.0203245062070048,3182.539029434382,0.6278262015045439,79005.2997382452,0.671613185357963,Fallingbackwards_p2_3_35sek_20260205_115552.parquet,1,Fall,14.636917,16.612042,Fall
-0.7195760733919819,-0.38035309894814384,2.879805132968454e-05,-0.7247036438969399,-0.8252868774216912,-0.7041284375261108,0.18406101647779796,-0.7847000391993246,-0.5891523418349514,-1.121141103395571,3181.291156698213,0.6272262099736743,83134.67504292013,0.687377785829621,Fallingbackwards_p2_3_35sek_20260205_115552.parquet,1,Fall,15.638393,17.61201,Fall
-0.7271587749949594,-0.3786425686101207,2.3664523451806286e-05,-0.7317626686883019,-0.8140061605963451,-0.6957936444182414,0.26204967745740393,-0.7788682701820818,-1.0303502904612367,-1.252494932258061,3186.397217523252,0.6275407411209178,92388.38312294074,0.6941006779982903,Fallingbackwards_p2_3_35sek_20260205_115552.parquet,1,Fall,16.640176,18.612074,Fall
-0.7115992945562108,-0.34912511245337935,2.569446091717353e-05,-0.7288877646981251,-0.8140061605963451,-0.7014311883394635,0.2961414810781972,-0.7765969779645614,-1.0085997405553888,-0.5505310618484037,3189.418222334297,0.6270680829048813,78521.92432856988,0.6320723276763398,Fallingbackwards_p2_3_35sek_20260205_115552.parquet,1,Fall,17.638666,19.612087,Fall
-0.5922421064996022,-0.33815660612515064,0.00011746599753027591,-0.6477238999492255,-0.7859302390880166,-0.6897640131786195,0.7468469851424264,-0.7540807280531526,-0.5088958605829625,0.9846373358741163,3198.134530578999,0.6282780263474282,83059.68349345126,0.6549726129712607,Fallingbackwards_p2_3_35sek_20260205_115552.parquet,1,Fall,18.638141,20.612057,Fall
-0.5922421064996022,-0.6081589589089199,0.0003030735932243848,-0.555282283615895,-0.49817768483594743,-0.4120258076244041,46.76691847679822,-0.33371888715215753,-0.33242481370600674,-0.6618664608733971,3149.8755075693675,0.6317109988406235,404677.18276344484,0.9806957826716197,Fallingbackwards_p2_3_35sek_20260205_115552.parquet,1,Fall,19.638277,21.61201,Fall
-0.8268913194112532,-1.317028665941038,4.1230166013501445e-05,-0.7098657614330592,-0.8154391634154962,-0.714629549071366,0.20036975040960273,-0.7833910963910553,0.41666277727727974,-0.6699922817561452,2989.610142762081,0.6287695204755236,74636.89268743535,0.6743028534222029,Fallingbackwards_p2_3_35sek_20260205_115552.parquet,1,Fall,24.094963,26.052028,Fall
-0.8268913194112532,-1.3440590045181844,3.213428186048931e-05,-0.720450334305035,-0.8269326932611668,-0.7117656766164013,0.12230022105508376,-0.7902802209041911,-0.1799602657215888,-0.7047987879523698,2985.393788689294,0.628714266956978,75887.9204280442,0.668716888680409,Fallingbackwards_p2_3_35sek_20260205_115552.parquet,1,Fall,25.072022,27.052069,Fall
-0.8380633548052411,-1.3480507731515567,2.7246327845659864e-05,-0.7267658014685588,-0.8269326932611668,-0.7136048947495122,0.17114093676165926,-0.7857787651010748,-0.47267314033601704,-0.6436639150101391,2977.032119551296,0.627824922673595,72987.43279767892,0.6578690633180573,Fallingbackwards_p2_3_35sek_20260205_115552.parquet,1,Fall,26.072042,28.052034,Fall
-0.724287922804953,-0.7104186623891248,4.850815655901354e-05,-0.7022166252715362,-0.7044415059187363,-0.6719931519956364,4.278276516966426,-0.669353294186705,0.6588633643053602,-0.33077190090050435,3103.418996676912,0.6269683481231308,94242.93748863057,0.7032493347055363,Fallingbackwards_p3_1_35sek_20260205_114115.parquet,1,Fall,0.45433,2.429654,Fall
-0.724287922804953,-0.6667880552525324,4.8117840073694954e-05,-0.7026116303732369,-0.6950020716640577,-0.6214296949541757,6.627983913854997,-0.6337448966964729,0.26199982807053,-0.5157956777747975,3135.0533869869532,0.6303820016369323,209282.08361885804,1.3041259768877822,Fallingbackwards_p3_1_35sek_20260205_114115.parquet,1,Fall,1.454037,3.42967,Fall
-0.7640515156968678,-0.6802218839169364,2.692772551964177e-05,-0.7271964144042165,-0.6950020716640577,-0.6128577524234788,7.372505285544983,-0.623841801100901,-0.0925013057240681,-0.8091179802081849,3119.3704395323675,0.6270869937651036,234854.60741109744,1.0773511713258423,Fallingbackwards_p3_1_35sek_20260205_114115.parquet,1,Fall,2.454065,4.429614,Fall
-0.7767041519695783,-0.7120786474255727,2.32712617707732e-05,-0.7323337070916806,-0.704597214685798,-0.6437546390879025,4.5652342399408665,-0.664551821416234,0.36711325204361417,-0.8256546740126185,3112.4362748757926,0.6270554672421684,99749.94998093591,0.6025935575644303,Fallingbackwards_p3_1_35sek_20260205_114115.parquet,1,Fall,3.456759,5.429654,Fall
-0.7752501123082859,-0.7057372221785345,1.9846872699847998e-05,-0.7375256302586152,-0.7971058896711539,-0.6846726140025907,0.2563042371807214,-0.7792653049314325,0.9288162379158358,-0.77668232674402,3112.600939520536,0.6271311685880138,95572.50961882199,0.6529185520240052,Fallingbackwards_p3_1_35sek_20260205_114115.parquet,1,Fall,4.455722,6.429662,Fall
-0.7752501123082859,-0.7065079699838691,1.9033560400829886e-05,-0.7388232500745251,-0.824447688308966,-0.7086027321351133,0.17706714959870748,-0.7852790928054867,0.8418139192967691,-0.5883175474413205,3114.306185151346,0.6277931517721632,76506.28447492572,0.6737520815297087,Fallingbackwards_p3_1_35sek_20260205_114115.parquet,1,Fall,5.455774,7.42964,Fall
-0.7791980616772289,-0.7470787403260031,2.070410608695917e-05,-0.736186402049794,-0.8362635142992426,-0.7174919269603715,0.09166030892182439,-0.793584329730013,0.20894134251087507,-0.06560977475106121,3108.087133407784,0.6282933326562979,75932.03353144512,0.6753047537643828,Fallingbackwards_p3_1_35sek_20260205_114115.parquet,1,Fall,6.454556,8.429633,Fall
-0.7733814338278129,-0.7365976784731836,3.0233235823477313e-05,-0.7228452805974419,-0.6153709212816633,-0.61785485954814,14.571968563539004,-0.5462986581015917,-0.19197282036987204,-0.5365814889984197,3109.8703418652563,0.6283276578205822,156956.59176572243,1.0181434737927892,Fallingbackwards_p3_1_35sek_20260205_114115.parquet,1,Fall,7.457107,9.429647,Fall
-0.7310582941611536,-0.6573852351960304,4.337564425042817e-05,-0.7075452118382849,-0.48039255825888766,-0.43902056378078236,33.04883401928829,-0.4103989716865941,-0.47018825484362525,-0.6487058117865467,3126.548507158747,0.6286686965491171,563594.7604084202,1.290342470018026,Fallingbackwards_p3_1_35sek_20260205_114115.parquet,1,Fall,8.455785,10.429639,Fall
-0.7066985249554739,-0.5279084379707208,7.121239429676848e-05,-0.6814802057966146,-0.48039255825888766,-0.4725147256990316,34.33001951076992,-0.402633254688372,-0.3521008009123308,-0.44554490531052765,3152.7261193875024,0.6285575282126602,339514.37320912554,1.064299070956521,Fallingbackwards_p3_1_35sek_20260205_114115.parquet,1,Fall,9.454172,11.42966,Fall
-0.7066985249554739,-0.4678904042478466,6.125370599073331e-05,-0.6900938942162264,-0.6344163727643628,-0.5629335227588703,10.76296798140138,-0.5840559188744412,-0.7616325781742428,-0.24158764822451384,3168.6650313320724,0.6287035409542894,217482.58841305098,0.9575598456631091,Fallingbackwards_p3_1_35sek_20260205_114115.parquet,1,Fall,10.456552,12.429651,Fall
-0.739486290349577,-0.561831727525499,3.374878297853687e-05,-0.7184714701645466,-0.7166272887891889,-0.6095673848206412,6.382298469951117,-0.6371338622343292,0.020200964768072188,-0.91885273014816,3143.3057015303148,0.6280998963848917,152002.326314198,0.8273520636254217,Fallingbackwards_p3_1_35sek_20260205_114115.parquet,1,Fall,11.454677,13.429623,Fall
-0.7296211780974935,-0.6224170537244796,3.224472839043449e-05,-0.7203134000809472,-0.7498311662542791,-0.649253485450047,2.920634932318032,-0.6946416437460804,0.2399870674489116,-0.32927827445389063,3128.4818890194133,0.6275736508579259,135302.1691229406,0.9121267357939343,Fallingbackwards_p3_1_35sek_20260205_114115.parquet,1,Fall,12.454281,14.42966,Fall
-0.7296211780974935,-0.5523718766295173,3.731644862087409e-05,-0.7142600902162304,-0.7498311662542791,-0.6513676210990131,2.272118211415263,-0.7088284874477411,-0.5061477126070877,-0.4904424589327107,3149.894120690358,0.6285935105615608,117995.0046261886,0.7975913482287921,Fallingbackwards_p3_1_35sek_20260205_114115.parquet,1,Fall,13.455777,15.429622,Fall
-0.7462830112443781,-0.5564520614264333,2.8728028894224656e-05,-0.7247954849424073,-0.8125911330016867,-0.6999886093333224,0.3994196237077447,-0.7704188148410235,0.005113193144508813,-0.8777619932700599,3150.210091167423,0.628599714082881,87805.10975035885,0.6638153752065683,Fallingbackwards_p3_1_35sek_20260205_114115.parquet,1,Fall,14.455787,16.429625,Fall
-0.7578439906634189,-0.6303676514000719,2.4663971992056423e-05,-0.7303324121586378,-0.837884457332362,-0.7230765027167246,0.13429607151705614,-0.7891017026204185,0.5797599769927744,-1.0472200882727722,3130.8177539933718,0.6278774642396002,67934.2172119554,0.672286407267095,Fallingbackwards_p3_1_35sek_20260205_114115.parquet,1,Fall,15.456414,17.429625,Fall
-0.7584642977450754,-0.72801512260246,9.313655618336804e-05,-0.6644294345843342,-0.499465808066102,-0.5998906069921169,35.09506444697514,-0.398065034207289,-2.9927291647276064,1.614473465370509,3127.4767454732373,0.6290674719761973,84760.02080426317,0.5912441265082697,Fallingbackwards_p3_1_35sek_20260205_114115.parquet,1,Fall,16.456029,18.429637,Fall
-0.6586264023078627,-1.3746728912862063,0.001069421954693324,-0.3401330273716043,-0.06063704500003083,-0.03834999130503432,138.73891211462572,0.013868253493257343,-1.9613592466008176,-0.041881906876466875,2949.835089617801,0.6294956705402776,1604391.5518890864,0.8642473965367917,Fallingbackwards_p3_1_35sek_20260205_114115.parquet,1,Fall,17.455784,19.42962,Fall
4.064661484236203,-0.18279498910689454,0.06402260911405784,2.759501221237169,2.5004839535908285,1.528077404301086,1724.0929495750988,2.106621694780138,3.3151328750396454,3.0445567659908126,3432.9010328374225,1.0178070793719987,18212032.994285215,1.4944969502472933,Fallingbackwards_p3_1_35sek_20260205_114115.parquet,1,Fall,18.455737,20.429592,Fall
-0.7852316516770496,-0.8946495987225601,3.261313815668644e-05,-0.7198583245604723,-0.8186450667908546,-0.7286749584180288,0.9069497692337103,-0.7478794655276977,-1.1418109449626401,-0.23742774408648346,3072.7713084098204,0.6278820204251209,68866.14539871471,0.8582865892911947,Fallingbackwards_p3_2_35sek_20260205_114211.parquet,1,Fall,0.535484,2.5108,Fall
-0.7852316516770496,-0.9346484276718113,3.851747650171673e-05,-0.712888049949111,-0.7812638411871881,-0.6988076103030126,1.7735069609981693,-0.7211854099345054,-0.820327987055479,-0.7295634690177182,3069.959255304487,0.6285342069466098,95978.15507414595,0.9278024900179498,Fallingbackwards_p3_2_35sek_20260205_114211.parquet,1,Fall,1.535828,3.510804,Fall
-0.7384575140418113,-0.9786049627603864,8.415672534197688e-05,-0.6711405287823657,-0.7586871905052123,-0.6831598112327224,3.7199390768348426,-0.679181561378942,-0.16237044046137855,0.24517055070173532,3057.7707205194315,0.6283863295824302,95104.10375209275,1.1180407924797529,Fallingbackwards_p3_2_35sek_20260205_114211.parquet,1,Fall,2.537331,4.5108,Fall
-0.7384575140418113,-0.9452476530795336,0.0001228861065462611,-0.6442457877531923,-0.6641056763928583,-0.6269070056373229,9.312013758384063,-0.6001780335072937,-0.29471301104538833,-0.399186512635225,3056.295766600146,0.6265629862611883,208728.39534456033,1.2373433919342045,Fallingbackwards_p3_2_35sek_20260205_114211.parquet,1,Fall,3.535842,5.510792,Fall
-0.3466201119330251,-1.0518036541995432,0.0013392169891596395,-0.2853603011601011,-0.3308410320443187,-0.5362359151039342,35.10788634182986,-0.3979888988736188,-1.4440866092749844,1.2990737223698463,3042.931974633228,0.6322544310220318,233296.86903057754,1.3335610635462902,Fallingbackwards_p3_2_35sek_20260205_114211.parquet,1,Fall,5.537371,7.510773,Fall
-0.5515922080142905,-0.9956397508779137,0.0009729469930001553,-0.36137528470145963,-0.3308410320443187,-0.5222514007898892,40.34032752834203,-0.36800050743546364,-2.0605472087862826,1.4370675262502466,3066.7311525689506,0.6429898726846168,499284.846088678,2.2264930584129683,Fallingbackwards_p3_2_35sek_20260205_114211.parquet,1,Fall,6.536913,8.535517,Fall
-0.5515922080142905,-0.8588703457876843,0.0004807437784524959,-0.49173695181332117,-0.4890806283951989,-0.5268594782164886,21.736591609238722,-0.48684947334048445,0.0449637270243706,-0.42649212299098116,3070.4364925473574,0.6324078666232744,322662.78628841956,1.4024238724702767,Fallingbackwards_p3_2_35sek_20260205_114211.parquet,1,Fall,7.536968,9.535086,Fall
-0.6580216033752037,-0.8563828919751864,0.00020703384035064928,-0.5977738285316034,-0.5314843393441473,-0.5914467207830819,17.520633534923473,-0.5203751105481007,-0.04583770343257854,0.10746772455463843,3079.619989218337,0.6290990173528053,175663.5974339236,1.5827839525577219,Fallingbackwards_p3_2_35sek_20260205_114211.parquet,1,Fall,8.550804,10.535056,Fall
-0.7740042265888488,-0.9089950935464063,4.549413642839485e-05,-0.7053095166924434,-0.7658135616944086,-0.6737428661508167,4.015462549838681,-0.6738941688660809,0.059246731783110795,-0.7265383218752103,3072.2835883164034,0.6278877770121614,132928.6760338594,0.8725600113778733,Fallingbackwards_p3_2_35sek_20260205_114211.parquet,1,Fall,9.550807,11.536927,Fall
-0.7740042265888488,-0.8811152821058368,4.57051703567696e-05,-0.705089685799905,-0.7401080630850043,-0.5959651429620726,3.5247725413918887,-0.6827893902941243,-0.6593226599285406,-0.5536597511609448,3080.9279884516272,0.6282832122098831,185502.72371174023,0.8291771071873738,Fallingbackwards_p3_2_35sek_20260205_114211.parquet,1,Fall,10.550767,12.535191,Fall
-0.7785744336922988,-0.9145161239778293,4.324301795560594e-05,-0.7076869725699285,-0.7401080630850043,-0.6302894643128598,5.873559063016837,-0.6443653699494302,-1.1363027501161271,-0.48100802447992136,3072.7532130454388,0.6284708873563059,159414.07856704673,1.0557484542320017,Fallingbackwards_p3_2_35sek_20260205_114211.parquet,1,Fall,11.550804,13.536886,Fall
-0.7841907059428529,-0.9862186480415396,5.867094487234448e-05,-0.6924402135000212,-0.7805999243082177,-0.7121596198684282,2.529661542457976,-0.7029790075540409,-1.5353164514536173,0.5752077884923795,3052.9360637002055,0.6281339578876434,85890.03075822661,0.9808309968777915,Fallingbackwards_p3_2_35sek_20260205_114211.parquet,1,Fall,12.550813,14.535288,Fall
-0.780861560871739,-0.9767074051921406,5.362205532184452e-05,-0.6971811187152119,-0.7805999243082177,-0.7189017011487641,1.883504347775656,-0.7183233411123816,-1.3001784688646594,1.0226541043408444,3059.060936865753,0.6286087141794191,90460.51903514561,1.1369394018126073,Fallingbackwards_p3_2_35sek_20260205_114211.parquet,1,Fall,13.552917,15.535723,Fall
-0.780861560871739,-0.9350116085001864,3.0046077894150823e-05,-0.7230850846527238,-0.8038880266398064,-0.7393996239999482,0.6423835912990054,-0.7584933457031143,0.14593933660487124,-1.0487578351453557,3067.1435085077496,0.6279124747993381,58136.0684771275,0.7663172448784806,Fallingbackwards_p3_2_35sek_20260205_114211.parquet,1,Fall,14.550759,16.535832,Fall
-0.8149124204804825,-0.9400733556026571,2.4003846358323632e-05,-0.7312737544365875,-0.8418552151271754,-0.7435699212035716,0.15437725927385532,-0.7872410685511864,-0.25709293155476265,-1.5477910447651502,3062.878627705731,0.6274648812307554,54822.5466125368,0.6852117413683715,Fallingbackwards_p3_2_35sek_20260205_114211.parquet,1,Fall,15.550778,17.535026,Fall
-0.30882460837399267,-2.565241119809047,0.011770216987868998,0.7260969197855452,1.0343901458795284,0.03462516782875864,472.0750932821255,0.7138490242664765,-2.019673117534821,-0.29951713082788467,2870.5134975517744,0.6732618840307061,1316659.5396503243,1.4556988195384608,Fallingbackwards_p3_2_35sek_20260205_114211.parquet,1,Fall,17.550749,19.535738,Fall
2.9933093289997705,0.024719094228260942,0.07120227410891072,2.953795936090867,3.1959703185044592,1.6985790393321853,3414.7848787591333,3.2966905387245657,1.6627225928475322,0.29850348653841796,3756.063153040798,1.1642831913420415,36475891.85238457,1.7180300427669042,Fallingbackwards_p3_2_35sek_20260205_114211.parquet,1,Fall,18.550807,20.53767,Fall
-0.5631933506470853,-1.4526682769755275,0.0008698870942260635,-0.38526706410176026,-0.6701039599213481,-0.6527764910186847,5.626238122455041,-0.6479940830993703,-2.4111844141493535,2.622457375720854,2939.556537131494,0.6359539504357096,111974.55894353987,1.1498135011197819,Fallingbackwards_p3_2_35sek_20260205_114211.parquet,1,Fall,20.550745,22.535117,Fall
-0.1663832225451436,-1.4319019746030883,0.0037022118553259003,0.05580702897323833,-0.4043708734310571,-0.6010571357264815,24.402244940931784,-0.4673167181661902,-2.0400667995177346,2.645475814842535,2973.145326790025,0.6428314262824498,163019.75764100833,1.5004366251767292,Fallingbackwards_p3_2_35sek_20260205_114211.parquet,1,Fall,21.550798,23.535065,Fall
-0.7146653736518062,-1.4894847088571905,0.00020253194618359373,-0.5999867801703499,-0.6668553634456452,-0.6652401107467634,6.790926818692318,-0.6315318195510367,0.19164735619990017,0.2239936799359088,2943.953621875389,0.6274207771933923,168972.64859270336,1.2941345963762347,Fallingbackwards_p3_2_35sek_20260205_114211.parquet,1,Fall,23.550792,25.537174,Fall
-0.6302991848585784,-1.5141808609650855,0.0005965875976637023,-0.4565760055457721,-0.7282650202565812,-0.6718925988232091,4.554136122862176,-0.6647346645606408,-1.462020857331403,1.472540844347934,2949.709760979163,0.631474522508528,114580.93316311554,1.1078020648392366,Fallingbackwards_p3_2_35sek_20260205_114211.parquet,1,Fall,24.5508,26.536995,Fall
-0.6302991848585784,-1.5154881609606816,0.0007320632022151595,-0.41955448839483284,-0.7282650202565812,-0.6655324841630285,4.708545826741934,-0.6622104107101698,-1.197917586478444,0.43997957379326313,2949.0924375244977,0.6381974160108781,108135.64029480692,1.1270997614865224,Fallingbackwards_p3_2_35sek_20260205_114211.parquet,1,Fall,25.550792,27.535123,Fall
-0.737429008144444,-1.476212307084214,0.0003687476269833805,-0.5300463492505508,-0.7376090762494584,-0.7028909149641082,3.4800053444875236,-0.6836309339701478,-0.8186912540200251,-0.5705618502822749,2959.3108229621503,0.6344934643294978,106670.37182655784,1.3001626437457705,Fallingbackwards_p3_2_35sek_20260205_114211.parquet,1,Fall,26.550786,28.535326,Fall
-0.47938178612358967,-0.8780314558693301,0.0004480476115185788,-0.5024111921111919,0.6182617306006323,0.2229629637148679,635.4040059540226,0.9586975550176801,1.5671204848242088,1.684617073609917,3087.6669224647694,0.6309597503082702,6895620.691141509,1.7513899057388234,Fallingbackwards_p3_3_35sek_20260205_114313.parquet,1,Fall,0.202351,2.175939,Fall
-0.47938178612358967,-0.7705747013683475,0.0006730149533925536,-0.43522866147770645,0.9229485640067563,0.6769803339544185,831.1164113290511,1.2135327372460514,0.30409804497686294,-0.048068972967121315,3099.256625154525,0.6336990799353452,8828248.882426355,1.7650635407652588,Fallingbackwards_p3_3_35sek_20260205_114313.parquet,1,Fall,1.202159,3.175973,Fall
-0.5809536957838496,-0.9292883986604704,0.00034699484712199884,-0.538135789058295,0.9229485640067563,0.2599887712713569,850.4677386523301,1.2370112385790264,0.24301866281493706,0.0853739128427202,3049.6275806750637,0.6279160910153334,1176976.1023555961,1.5184564246435022,Fallingbackwards_p3_3_35sek_20260205_114313.parquet,1,Fall,2.202237,4.175959,Fall
-0.6772182595298432,-1.0307617248151935,0.0002447372841177686,-0.5801121162534824,0.014575482559018384,0.15528991722000052,283.47406160704713,0.3697456181904018,0.1643549875334769,0.0422801925008031,3030.429558899107,0.6274241670623643,3292453.1800557356,1.2090624644930394,Fallingbackwards_p3_3_35sek_20260205_114313.parquet,1,Fall,3.201131,5.175951,Fall
-0.6721575292566649,-1.0304620882315854,0.00029821166067013903,-0.5572547250662446,0.014575482559018384,0.11553369095307302,287.9145278280927,0.37898786992978484,-0.0024793124737346206,-0.10338012719130424,3062.945407720356,0.635224062236589,2038710.822202147,0.9814429411745347,Fallingbackwards_p3_3_35sek_20260205_114313.parquet,1,Fall,4.201033,6.175953,Fall
-0.6721575292566649,-1.061559881434403,0.00013487226368030008,-0.6368169139533161,-0.5320364345916812,-0.6025721368229994,18.31685523962968,-0.5137574611425847,-0.1174575051937325,1.1268146274187174,3038.75266590965,0.6272239631326156,145289.9445796971,1.0075597265438994,Fallingbackwards_p3_3_35sek_20260205_114313.parquet,1,Fall,5.200783,7.175978,Fall
-0.7858563536682527,-1.0565689049769198,2.859831236598091e-05,-0.7249659166518418,-0.7494907925181175,-0.679009652327706,3.128195731800742,-0.6904422625770497,0.11374081471418188,-0.2301454040075146,3039.4463813675825,0.6275540791484804,96684.19802511342,0.7761297037316857,Fallingbackwards_p3_3_35sek_20260205_114313.parquet,1,Fall,6.202135,8.176005,Fall
-0.8191112788169271,-1.0895737833512453,2.4199734266252248e-05,-0.7309930813358133,-0.8192616009564796,-0.7236109154509296,1.38757163202444,-0.732005288100063,-0.36290574627329936,-0.5048432701287964,3037.1817845694995,0.6281478130566954,47559.27746907585,0.6858987730771722,Fallingbackwards_p3_3_35sek_20260205_114313.parquet,1,Fall,7.201275,9.175979,Fall
-0.8191112788169271,-1.1070961746133214,2.5023959630331976e-05,-0.7298243733421051,-0.7936392565311088,-0.69009311660579,1.8033007529163294,-0.7204016311996798,-0.5869482017912235,-0.44623689342434003,3023.542452007131,0.6267420531555228,103103.58716609419,0.6984584679260406,Fallingbackwards_p3_3_35sek_20260205_114313.parquet,1,Fall,8.202489,10.175923,Fall
-0.8191112788169271,-1.0773637420167659,1.7666992933965494e-05,-0.7410676590484403,-0.7936392565311088,-0.6865492559827068,0.9016486803666777,-0.7480755784449098,0.29493884104545365,0.2267600150542765,3038.1669825926724,0.627896754410587,111391.25083871112,0.7799735520271477,Fallingbackwards_p3_3_35sek_20260205_114313.parquet,1,Fall,9.202576,11.175979,Fall
-0.820792110851368,-1.0820547380092052,9.205617147503808e-06,-0.7575156186638724,-0.817194406808533,-0.723946271217871,0.25118253969417376,-0.7796230048269841,2.0606841433686394,1.946519334837533,3036.5187293141908,0.6278013230386728,60292.04800347095,0.6144201045630093,Fallingbackwards_p3_3_35sek_20260205_114313.parquet,1,Fall,10.200943,12.175956,Fall
-0.8151222542494755,-1.0987674720310225,1.4370780078307362e-05,-0.7468685265643934,-0.8191100765237387,-0.7153323762401784,0.3356326541194653,-0.7741238689228729,-0.724534291197714,0.9499237773761586,3034.490682652305,0.6279608601014036,70961.2684625457,0.6243845496538719,Fallingbackwards_p3_3_35sek_20260205_114313.parquet,1,Fall,11.20231,13.175974,Fall
-0.8151222542494755,-1.131301230969867,2.3973791016205247e-05,-0.731316919679191,-0.7432204264582122,-0.6474406960788924,3.368518773041127,-0.6857505157544771,-0.9768365999225306,-0.5866779691960525,3021.149519643171,0.6271463987568162,115646.27706385651,0.6767205598064027,Fallingbackwards_p3_3_35sek_20260205_114313.parquet,1,Fall,12.200608,14.175945,Fall
-0.8191112788169271,-1.1271221572725858,2.74735861187602e-05,-0.7264601828182663,-0.7432204264582122,-0.6495970339168735,3.477022109192423,-0.6836872053268191,-0.6218272058482436,-0.5660519936884496,3028.1117894729164,0.6279804310143595,149686.03941506948,0.8378027985836616,Fallingbackwards_p3_3_35sek_20260205_114313.parquet,1,Fall,13.202447,15.175959,Fall
-0.8191112788169271,-1.0908006630131386,2.589802280330702e-05,-0.7286058381257896,-0.8164416660578558,-0.7061982969939644,0.2974806132271424,-0.7765105049876602,-0.2201805978956562,-0.27271598089495297,3031.5997157772904,0.6275868758852247,83459.9605089406,0.7165647345275271,Fallingbackwards_p3_3_35sek_20260205_114313.parquet,1,Fall,14.202342,16.175979,Fall
-0.8191112788169271,-1.092324797086752,2.3932389740545213e-05,-0.7313764241924083,-0.8220206601510078,-0.712012720587845,0.39533028112417345,-0.7706470336401855,-0.184958306869401,-0.1997945228310386,3034.011298137217,0.6281775784446187,79470.74903097897,0.697976582040383,Fallingbackwards_p3_3_35sek_20260205_114313.parquet,1,Fall,15.201612,17.175964,Fall
-0.7858563536682527,-1.1077419412223561,3.384391589615651e-05,-0.7183563601926686,-0.8027624519200708,-0.7172364846550514,0.796053143929828,-0.7521095878398341,-0.19357653915028394,-0.07065519320671186,3030.822374663422,0.6284983520963158,74870.69617688374,0.9574092245250246,Fallingbackwards_p3_3_35sek_20260205_114313.parquet,1,Fall,16.202755,18.175927,Fall
-0.2418645253396761,-1.6510275004271397,0.006319211494339962,0.31815116334697335,0.5599101959747739,-0.30067512194165397,295.88534801486566,0.3954010547273128,-3.760100904697173,2.4326205556186666,2955.1516701242913,0.662320405957589,351706.69646335347,1.609701016750143,Fallingbackwards_p3_3_35sek_20260205_114313.parquet,1,Fall,17.202074,19.175983,Fall
4.484832889019548,-0.9523445862359213,0.12182890703249068,4.110258573781828,2.4858636395122677,1.3042367729846138,2569.038930096086,2.7513661311509483,2.415459685184703,1.5867695260108687,3099.7403018864093,0.8717120441209097,5914547.823627564,1.3330764358993352,Fallingbackwards_p3_3_35sek_20260205_114313.parquet,1,Fall,18.202053,20.175921,Fall
4.484832889019548,-0.04149302120327187,0.12180339787968653,4.1097444584959195,2.4858636395122677,1.3785847103784445,2835.0999467065953,2.931485918478827,2.157527607059716,1.2860354409096642,3827.173411879871,1.2965303543674445,27917420.477573663,1.4691727244090647,Fallingbackwards_p3_3_35sek_20260205_114313.parquet,1,Fall,19.200616,21.175959,Fall
-0.5478632284466657,-0.0521201841265112,0.0001967530767242201,-0.6028638119830956,-0.2348429907852234,-0.40988246370283177,129.80130416513578,-0.01327041385872597,0.1847731786237065,-0.2758805773404422,3248.2830544878393,0.6278771739950371,276912.4383977723,1.5223797111828896,Fallingbackwards_p4_1_35sek_20260205_111038.parquet,1,Fall,0.20294,2.178109,Fall
-0.43733697319007414,0.023226777214048876,0.0006858978053059626,-0.43175207510482055,-0.027289840385792297,-0.03622331704610713,161.1701265816579,0.07835553337548763,-0.1873516108945401,-0.1873335181877876,3287.3042352068915,0.6390855595531644,2468895.4726031777,1.4267914092050384,Fallingbackwards_p4_1_35sek_20260205_111038.parquet,1,Fall,1.204259,3.178125,Fall
-0.43733697319007414,0.02613956309964089,0.0007622498354993676,-0.4117857953755846,-0.027289840385792297,-0.1445581054288606,124.04943080062219,-0.031232621223769623,0.22294716337966228,-0.14735499431066254,3263.1261161269676,0.628905125168341,1025869.8934693998,1.606105333272612,Fallingbackwards_p4_1_35sek_20260205_111038.parquet,1,Fall,2.204193,4.178137,Fall
-0.4497721211893036,-0.03608352059929611,0.00041249596786774453,-0.514469819669319,0.24406262350933325,-0.25115114579733383,145.84224181013636,0.034819239215495026,0.688426902088682,0.3729463491921486,3258.3678130507114,0.6286428979345106,478608.15544378175,1.1327339337199813,Fallingbackwards_p4_1_35sek_20260205_111038.parquet,1,Fall,3.202945,5.178077,Fall
-0.06556760179780266,0.21701343988170038,0.0012878064355134522,-0.29533897941396936,0.7818626494555305,0.47739285250316416,596.3441711691156,0.9033197453728034,0.8483237940866817,2.011532145938603,3296.6921737853604,0.6319900056303114,4381362.901148699,1.398525754294833,Fallingbackwards_p4_1_35sek_20260205_111038.parquet,1,Fall,4.20416,6.178125,Fall
-0.06556760179780266,0.2674968671008022,0.0013494483846437498,-0.2833973965318202,0.7818626494555305,0.6691108149214412,391.73439828806147,0.577701591493624,0.573061474832967,1.622039830111138,3362.632763864099,0.6503484113477057,5689161.149490875,1.373661486343606,Fallingbackwards_p4_1_35sek_20260205_111038.parquet,1,Fall,5.204618,7.17812,Fall
-0.21420223883510642,0.1439653892537685,0.001189927957514781,-0.3149038290736583,0.15743080744076296,0.3191231891376107,149.1357818289448,0.04436007910908341,0.007385358276751842,-0.02240861182992531,3305.3416080438965,0.6429482518023807,3309943.777437982,1.1823032384957524,Fallingbackwards_p4_1_35sek_20260205_111038.parquet,1,Fall,6.204212,8.178118,Fall
-0.21420223883510642,0.19742963814507677,0.0013173421210517994,-0.2895823310153945,0.15743080744076296,0.08888680209702256,198.26429393069614,0.17582936271746208,-0.08761259916334532,-0.30648749204926024,3312.167634558647,0.6403121794690009,1852736.2011736582,1.4361431279583778,Fallingbackwards_p4_1_35sek_20260205_111038.parquet,1,Fall,7.202969,9.178113,Fall
-0.22310081282745836,0.1773455875283835,0.0017962780116287042,-0.20394315333964236,-0.30100698870694254,-0.20867158875623162,36.23762044659142,-0.3913343554268489,-0.1464544904856973,-0.4317218042363883,3323.189220948512,0.6454299251144036,865094.7020995271,1.127861992665352,Fallingbackwards_p4_1_35sek_20260205_111038.parquet,1,Fall,8.204185,10.178099,Fall
0.2599206121703513,0.20853708960792344,0.002405363335098705,-0.11021922825157553,-0.30100698870694254,-0.296927856280857,55.099215677016744,-0.2926109488846642,1.3363953062813578,1.515259052374505,3316.6579742356603,0.6583479364523541,898781.6594186871,1.432870714958159,Fallingbackwards_p4_1_35sek_20260205_111038.parquet,1,Fall,9.204234,11.178084,Fall
-0.5694992867749609,0.03728138729164876,0.00013112747794820614,-0.6391010872177589,-0.7127634377646432,-0.611909251861039,6.735889057401766,-0.6322763382257784,-0.8420373924431552,-0.15988185293766366,3283.9660498891562,0.6294989942307897,164032.7568257758,1.0305385136642156,Fallingbackwards_p4_1_35sek_20260205_111038.parquet,1,Fall,11.204345,13.178118,Fall
-0.5694992867749609,0.08892469649871138,0.00014864971621075083,-0.6286748261838935,-0.7496440915135104,-0.6748807365073709,3.799726017967197,-0.6777339552809205,-0.2865380429379156,-0.08408002130765253,3280.389145768173,0.6278095057088756,107942.8194735201,0.979815365162379,Fallingbackwards_p4_1_35sek_20260205_111038.parquet,1,Fall,12.204152,14.178112,Fall
-0.46493533480486604,0.002164879766590968,0.0004889812179017207,-0.4891054493847861,-0.6827735981011531,-0.6550319094650747,7.2540330715510315,-0.6253830082502362,-0.8861797480256169,0.2328879858827252,3274.521521849161,0.6330329349758486,153094.18758215505,1.4618487931325195,Fallingbackwards_p4_1_35sek_20260205_111038.parquet,1,Fall,13.202627,15.178112,Fall
-0.45514015624903204,-0.037175363737984225,0.0005923171704744516,-0.45780806142454533,-0.6234171857672974,-0.5298437079911036,11.517226742482762,-0.5761046792793133,-0.4576432191883992,-0.19798586672450846,3239.0081680280055,0.6317722114739258,249884.58994976978,1.2435130348465582,Fallingbackwards_p4_1_35sek_20260205_111038.parquet,1,Fall,14.2029,16.178112,Fall
0.5303015033715411,0.31325765150403273,0.004653205416464826,0.1594720211409239,0.8194477787879645,-0.05620966250851086,505.70607955037246,0.7673663921622565,1.0359316781051648,2.8315083631982905,3310.2576974538993,0.6320466652852479,583758.8177710746,1.212200335566199,Fallingbackwards_p4_1_35sek_20260205_111038.parquet,1,Fall,15.204997,17.178125,Fall
2.739531218821491,0.006666454857741867,0.04276872014913592,2.1092438392623367,1.6337830917393235,1.4339786279681066,1503.993976427844,1.9137760016020469,-0.14508031309846367,1.2735011506341325,3125.7063754382307,0.8831626136328223,11247304.413068019,1.5235924646290848,Fallingbackwards_p4_1_35sek_20260205_111038.parquet,1,Fall,16.202522,18.178104,Fall
-0.014940092044176902,-1.257180476556825,0.002367754098383726,-0.11563460589765444,-0.3076060607538002,-0.545003781910648,43.04919947535684,-0.35323998412425656,1.1477959411895713,2.301357300184317,2967.5610422831833,0.6288211020895266,184465.98374681707,1.4071792917417474,Fallingbackwards_p4_1_35sek_20260205_111038.parquet,1,Fall,19.317762,21.258122,Fall
-0.8429217935540785,-1.4598227924978477,5.373104061195269e-05,-0.6970764799583291,-0.7934976214273972,-0.7139890880656619,0.9090191110571882,-0.7478030661482896,-0.13188000898138832,-0.9336020767252514,2958.449074400281,0.6284623151280965,78111.6610359093,0.8549565819642988,Fallingbackwards_p4_1_35sek_20260205_111038.parquet,1,Fall,20.278098,22.258109,Fall
-0.8355309728250638,-1.4231915405190816,5.2049912379470046e-05,-0.6987025630518204,-0.8213562903545772,-0.7407122159168935,0.817485982469547,-0.7512701061138394,-0.026469511172592212,-0.921294015413944,2957.7018616285436,0.6269021910332951,56485.40426312259,0.8361077187857776,Fallingbackwards_p4_1_35sek_20260205_111038.parquet,1,Fall,21.278092,23.258103,Fall
-0.8277333530660175,-1.4354400566780552,0.00013091772999979093,-0.6392299838478213,-0.7108481627996547,-0.7110302076342644,2.661354242876754,-0.700103051788723,-3.594940709168833,2.8733500226877022,2981.2690090733972,0.6292935447314907,76643.86311996092,0.8665947895209992,Fallingbackwards_p4_1_35sek_20260205_111038.parquet,1,Fall,22.27813,24.258112,Fall
-0.4975589514438308,-1.400651388745604,0.0005048007589170047,-0.484113226163518,-0.47035970640274094,-0.5759096075225586,17.92851400046509,-0.5169667233798793,0.23875084839672917,1.393564026050573,2968.133640561498,0.636890941252514,322680.15334116475,1.8242220774474567,Fallingbackwards_p4_1_35sek_20260205_111038.parquet,1,Fall,23.278093,25.258098,Fall
-0.4251288834166151,-1.423499954710125,0.0016968597629206097,-0.22067847854267855,-0.4327669036390048,-0.4918579879718643,30.84289732450473,-0.4241313950618172,-1.4534642998887624,1.3883804910131055,2960.205827002851,0.6323888418535787,260754.66775857986,1.0613491893602098,Fallingbackwards_p4_1_35sek_20260205_111038.parquet,1,Fall,24.278062,26.258098,Fall
-0.4251288834166151,-1.4892667422585544,0.0015582691087768592,-0.2448486784705307,-0.4327669036390048,-0.528306269070638,24.063564672144835,-0.46973711478013697,-1.3926898896972815,1.77227379027239,2956.5524555756974,0.6511247278740675,368093.20437650837,1.7211421222972723,Fallingbackwards_p4_1_35sek_20260205_111038.parquet,1,Fall,25.278125,27.25813,Fall
-0.5787788322985243,-1.5145852945201415,0.00029117499972255366,-0.5601381332759006,-0.6436702957172491,-0.6480799763162219,9.656635091670706,-0.5962411405498496,2.7208528264589718,3.0482141876096533,2939.3081940241045,0.6282071434807844,105563.05546366681,0.9950312424909791,Fallingbackwards_p4_1_35sek_20260205_111038.parquet,1,Fall,26.278103,28.258112,Fall
-0.8503269849649232,-1.5780864507371373,4.937671965122198e-05,-0.701343292483956,-0.7956628794667474,-0.71214038699794,1.668746517299639,-0.7239949674668097,-0.2394093520713976,-0.35074624512653546,2933.5640050473316,0.6280461676395068,87877.64722093353,0.9009081135030519,Fallingbackwards_p4_1_35sek_20260205_111038.parquet,1,Fall,27.278098,29.25813,Fall
-0.4695527694431975,0.540903817466217,0.00020842819247480555,-0.5970933109954008,-0.6013423423761867,-0.5219897429627723,12.546263473268585,-0.5656655894090626,-0.25080388628250766,-0.6657696339186631,3361.752854893043,0.6253711512237804,390298.8957330497,1.072320066079026,Fallingbackwards_p4_2_35sek_20260205_112600.parquet,1,Fall,0.103287,2.076748,Fall
-0.5316130526444052,0.5925293751300952,0.00010360987591780883,-0.6569989550249331,-0.6336824716297338,-0.5834397036952537,8.284701335957093,-0.6123674727992591,-0.3034157021779055,-0.5740355859181618,3392.287360329459,0.627242280000954,147734.79663020163,0.7491383523117214,Fallingbackwards_p4_2_35sek_20260205_112600.parquet,1,Fall,1.101953,3.076723,Fall
-0.5645719427558669,0.5277265843257198,6.414030954470681e-05,-0.6875293545029276,-0.7697322834319172,-0.6815337610626143,4.010978909671537,-0.6739729062484882,-0.34686465154322677,-0.86347663839649,3405.1210039191997,0.6314515341941888,108360.62778417843,0.9810741819748802,Fallingbackwards_p4_2_35sek_20260205_112600.parquet,1,Fall,2.103362,4.076743,Fall
-0.5645719427558669,0.5804107115333632,6.168759902550018e-05,-0.6897046103874845,-0.7838061549592106,-0.7004230531067261,2.715553151648641,-0.6989401541031243,-0.4006421146940103,-0.7451852772032488,3367.8604985301927,0.6243886985254766,89832.70624048503,0.9991617237310523,Fallingbackwards_p4_2_35sek_20260205_112600.parquet,1,Fall,3.102988,5.076751,Fall
-0.5694992867749618,0.5628773798714315,5.466735770271405e-05,-0.6961818416588651,-0.7706548013388232,-0.6636147582532039,1.9504918652677434,-0.7166211969346693,-0.08898975006391113,-0.8600120027035297,3412.888376492226,0.6312746260425567,107628.25910942072,0.7553200071700098,Fallingbackwards_p4_2_35sek_20260205_112600.parquet,1,Fall,4.103206,6.07674,Fall
-0.48343576543902944,0.5378254793531668,0.00012006540392895224,-0.6460460539856707,-0.7293058486371201,-0.6717080664184152,4.070524399848335,-0.6729307868736009,0.24527094161276364,0.08774256546166166,3382.4436860951046,0.6277205245740903,108565.56644436848,1.1243045443035697,Fallingbackwards_p4_2_35sek_20260205_112600.parquet,1,Fall,5.103972,7.076692,Fall
0.5822404673677812,0.8742122261414419,0.004897720164066719,0.18436345042055388,0.8940123434410917,-0.007513397946580294,390.9027488835143,0.5762225790110471,1.0823761506354663,1.528717293584227,3520.315398834853,0.6954110231200036,3747232.930392253,2.179944808346532,Fallingbackwards_p4_2_35sek_20260205_112600.parquet,1,Fall,7.101494,9.076697,Fall
0.09860888180500584,0.8394612453149207,0.0020942309822949944,-0.15638822504283917,0.8940123434410917,-0.366309096618651,200.49353031433103,0.18138347859463266,-0.7238433063440722,3.0968579835998926,3462.7087045423573,0.633268343991608,356500.2025480854,1.4157686147934712,Fallingbackwards_p4_2_35sek_20260205_112600.parquet,1,Fall,8.103461,10.076751,Fall
-0.5165946943453674,0.6789688629821052,0.0001209547575492018,-0.6454761778802333,-0.6243455987373865,-0.586880540388142,9.439635875885221,-0.5987117415691997,-0.7803080873312418,-0.09955684473928467,3394.483128924099,0.625606864681322,157111.4604217844,0.8458887005542172,Fallingbackwards_p4_2_35sek_20260205_112600.parquet,1,Fall,9.103054,11.076748,Fall
-0.5347406257506185,0.6176155072786084,6.0050645785115246e-05,-0.6911805360699446,-0.6243455987373865,-0.6344950952039871,7.926110257832655,-0.6167988160835739,0.3365955745634504,-0.2651347005720506,3405.786235577487,0.6286862015893672,191828.9884061744,1.6313646860131847,Fallingbackwards_p4_2_35sek_20260205_112600.parquet,1,Fall,10.103325,12.076689,Fall
-0.3080831735854886,0.9924265687750046,0.0007174725676438311,-0.42336687671503637,-0.3710765735721147,-0.26721566486220394,58.30960551382958,-0.27761100634469915,-0.337510020104409,-0.03458162682063001,3441.2120630046343,0.6242134081175559,1447966.6484781364,1.1111618776123178,Fallingbackwards_p4_2_35sek_20260205_112600.parquet,1,Fall,12.101704,14.076714,Fall
-0.3080831735854886,1.0438438197135862,0.000826714334878345,-0.3956947267233349,-0.2769218074293517,-0.3570797958132398,48.91086232542426,-0.3228133553319739,-0.37031190073823944,-0.5686548214061419,3546.144079847966,0.6365319179590502,420265.74064015027,1.183253958640896,Fallingbackwards_p4_2_35sek_20260205_112600.parquet,1,Fall,13.103707,15.076684,Fall
0.011721420370600349,0.7389987549186888,0.001100651651753799,-0.3334638279996627,-0.047784230701426816,-0.3077510520476022,104.1768850078175,-0.09674074221954199,1.6612914806401269,2.0721788017934264,3449.7630139759153,0.648636434188869,1384421.512598342,2.153522201680382,Fallingbackwards_p4_2_35sek_20260205_112600.parquet,1,Fall,14.10558,16.076751,Fall
-0.4543728737454987,0.6321487653665525,0.00022816265415451735,-0.5876954094656507,-0.3394507979722233,-0.4843003545035171,63.391408625051056,-0.254687704208016,-1.1118692392937035,0.2071260511935186,3411.9506061242787,0.6319963432155287,305270.4971581289,1.5263660845467732,Fallingbackwards_p4_2_35sek_20260205_112600.parquet,1,Fall,16.101465,18.076748,Fall
-0.4543728737454987,0.6254240713739678,0.0001737420149804764,-0.6147621708129798,-0.5708042538774268,-0.5955532479953685,17.45586170536911,-0.5209200019206714,-0.8221170979707052,1.123473300160385,3401.3372343094356,0.628420241940072,122893.51465750897,1.016368097711347,Fallingbackwards_p4_2_35sek_20260205_112600.parquet,1,Fall,17.103023,19.076733,Fall
-0.2352972715817179,0.618896009542844,0.00032537563122187114,-0.5464309283845786,-0.5708042538774268,-0.5212530100637905,13.921092168034244,-0.552365588731708,1.848715525767156,3.592012047546625,3404.1385977895297,0.6293511684483857,385294.76876244467,1.4860373964698617,Fallingbackwards_p4_2_35sek_20260205_112600.parquet,1,Fall,18.102112,20.0767,Fall
-0.2352972715817179,0.597386146125977,0.00033748337707979715,-0.5417524702482703,-0.6418579400469293,-0.5804573941627525,10.009087374070242,-0.5922867957091037,1.7831948303302583,3.348986358111569,3406.215028488068,0.6342095372726283,247374.05040600785,1.383001664231338,Fallingbackwards_p4_2_35sek_20260205_112600.parquet,1,Fall,19.103185,21.07669,Fall
-0.2630925312020997,0.6634441529248754,0.0007671782864130873,-0.4105321393823051,-0.2454506744496487,-0.5024637907591251,47.41199233343136,-0.33041179054031244,-1.6520960867670487,1.9488181495613217,3409.214474165728,0.6263676822380946,207729.08246596373,0.9118878516246869,Fallingbackwards_p4_2_35sek_20260205_112600.parquet,1,Fall,20.101475,22.076728,Fall
-0.2630925312020997,0.11938678731864685,0.003451508051370924,0.026315751895950007,-0.1304658336192532,-0.06898908115824975,135.86382002185317,0.00523614261017021,-1.837421683972579,-0.2639708184710268,3366.5006245583736,0.6522821321038828,1706154.265999552,1.6051884851240061,Fallingbackwards_p4_2_35sek_20260205_112600.parquet,1,Fall,21.10297,23.076733,Fall
-0.9303767373190559,-2.0735453630438294,4.0372126806551376e-05,-0.7108106788893582,-0.8291742857762567,-0.7161090281275795,0.14518120774635773,-0.7880771017059852,-0.13830987123258226,-0.7827516352330259,2833.9271353747495,0.6288583034017787,73880.89464385636,0.6784180341757863,Fallingbackwards_p4_2_35sek_20260205_112600.parquet,1,Fall,25.701529,27.70103,Fall
-0.9303767373190559,-2.0238473760564686,3.7663447537327315e-05,-0.7138614429577237,-0.8311273894606324,-0.7144552936406693,0.13788453824798774,-0.7887594856867783,-0.3090245860646234,-0.695254804270676,2837.9892045813576,0.6276803073524628,73808.07505377648,0.678815136078838,Fallingbackwards_p4_2_35sek_20260205_112600.parquet,1,Fall,26.70308,28.703164,Fall
-0.9303767373190559,-2.034481622279794,4.0487335043269855e-05,-0.7106832258682285,-0.8311273894606324,-0.7135708154147518,0.14265295110724222,-0.788311560164019,-0.6113255796013889,-0.5846200624651311,2836.8986938421667,0.6279557594364259,74897.7638287685,0.6870796159871141,Fallingbackwards_p4_2_35sek_20260205_112600.parquet,1,Fall,27.716722,29.701652,Fall
-0.9342728796894585,-2.066381934042128,4.336642470517608e-05,-0.707555059350549,-0.8306208107755361,-0.7142718389882282,0.11479123516578187,-0.7910475639046994,-0.752333480681731,-0.7634857713528435,2837.969797706084,0.6295067497396121,74228.26501152938,0.6735176658572869,Fallingbackwards_p4_2_35sek_20260205_112600.parquet,1,Fall,28.71674,30.701534,Fall
-0.8174311836664304,-2.075906431190124,8.208932894135513e-05,-0.6727356305496085,-0.7022446545030723,-0.7006783804302407,1.8270430646249187,-0.7197816719106722,-0.08492012031816269,2.5413085304572522,2831.5494179992165,0.6285925571899463,84298.93701562798,0.8101929315552265,Fallingbackwards_p4_2_35sek_20260205_112600.parquet,1,Fall,29.71669,31.702906,Fall
-0.8174311836664304,-2.0558360849240818,8.253837326936153e-05,-0.6723874776003936,-0.7022446545030723,-0.7008009585114975,1.8765875965244214,-0.7185008069791419,-0.06973238607722848,2.525920793253108,2831.0157090641146,0.6279844552027815,87433.87820173717,0.9712993528996847,Fallingbackwards_p4_2_35sek_20260205_112600.parquet,1,Fall,30.716733,32.701527,Fall
-0.9152636958508749,-2.0473451697007405,3.006949144667718e-05,-0.7230550442495063,-0.8272683655420067,-0.71325454364455,0.13313908431366242,-0.7892130120735282,0.11246976059505676,-0.24984832841424415,2835.0863791550028,0.6274201131571476,75763.6865723115,0.6658504908863647,Fallingbackwards_p4_2_35sek_20260205_112600.parquet,1,Fall,31.716684,33.701542,Fall
-0.8800931529494733,-2.0564062644900725,5.3543117771942533e-05,-0.6972569745085495,-0.813110392983723,-0.7083435216756102,0.2501180659355073,-0.7796978041755778,0.09779419633235323,-0.08547979994249727,2836.519165747613,0.6286125178011782,80398.34499182216,0.7396515832075429,Fallingbackwards_p4_2_35sek_20260205_112600.parquet,1,Fall,34.135527,36.076689,Fall
-0.5553245823571157,0.6787898625810136,5.967477795021459e-05,-0.6915222592378074,-0.660601819704033,-0.6531927512876848,7.192948539143273,-0.626182576223667,-1.4158980596407738,0.07830684629969356,3419.8117705298673,0.6283000931337188,124690.7298865476,1.0743404844455016,Fallingbackwards_p4_3_35sek_20260205_112938.parquet,1,Fall,3.203777,5.177647,Fall
-0.5553245823571157,0.656806898677748,4.4485751125634386e-05,-0.7063670462637304,-0.7690386359802523,-0.7005809644192883,1.9407204430159024,-0.7168676461192547,-1.3748023992409077,0.43452147248842343,3407.843044625913,0.6276960608973368,87247.22610003185,1.0850667852181424,Fallingbackwards_p4_3_35sek_20260205_112938.parquet,1,Fall,4.204079,6.177658,Fall
-0.5736428569436274,0.6388209003612098,3.292359748530746e-05,-0.7194768237655542,-0.7994971742261052,-0.7115364594872267,1.3589595206698837,-0.7328642526874822,-0.26670599144661866,-0.624298615018428,3406.725958598995,0.6280087368673215,73350.90402403787,0.9332406461352014,Fallingbackwards_p4_3_35sek_20260205_112938.parquet,1,Fall,5.203725,7.177679,Fall
-0.5084258089926676,0.7298636123996409,0.00013085642254709204,-0.6392676786797563,0.5989650681996367,0.5788669997459731,1102.436838022491,1.521279188503372,0.5856721555654522,-0.4848613335045158,3432.219689090194,0.6292663377819029,4008995.950637926,1.4285575819429557,Fallingbackwards_p4_3_35sek_20260205_112938.parquet,1,Fall,6.202124,8.177674,Fall
-0.4944593527052291,0.7580483934531559,0.00024254883775493276,-0.5810983432766191,0.5989650681996367,1.0355115006084925,635.1411834530556,0.9583307128814853,-0.8411004599949296,-0.583301492269168,3427.053133017521,0.6269147417473249,9869547.525422381,1.1843747723673972,Fallingbackwards_p4_3_35sek_20260205_112938.parquet,1,Fall,7.203799,9.177691,Fall
-0.35298288516758686,0.8838801116183587,0.0005505875622963138,-0.47008934094662025,1.1198265924586914,1.2789429882435903,1202.3001020281795,1.624795501245752,-0.30992985015297075,-0.19062383289606355,3431.368040172369,0.6252178425633864,9449548.979849406,1.0380055201074432,Fallingbackwards_p4_3_35sek_20260205_112938.parquet,1,Fall,8.202412,10.177684,Fall
-0.35298288516758686,0.8867293640105258,0.0005307781932760906,-0.47608220566053777,1.1198265924586914,1.00848930351706,1527.101555460121,1.9346578777642034,-0.3819125585262328,-0.004071298069750871,3482.941520542856,0.6311917166402922,9274895.496263832,1.4800815543693964,Fallingbackwards_p4_3_35sek_20260205_112938.parquet,1,Fall,9.202341,11.177665,Fall
-0.38022464916215326,0.8035149733772967,0.0003107457596138511,-0.5522016636642734,-0.31464889014876457,-0.11334958610978245,77.83216496165545,-0.1941511176559705,0.09493561421627973,0.19083429204712243,3458.479436619943,0.6334488709225639,1332160.7143116712,1.2010826351434867,Fallingbackwards_p4_3_35sek_20260205_112938.parquet,1,Fall,10.202102,12.177643,Fall
-0.38022464916215326,0.8654702089619335,0.00023366451719185113,-0.5851485225787688,0.01400781316455412,0.10388632588036721,162.54344638737075,0.08215308714460406,1.2774839662361128,0.2684154040019012,3446.4088423692965,0.628284873455197,2812715.7466054503,1.3648612504720745,Fallingbackwards_p4_3_35sek_20260205_112938.parquet,1,Fall,11.202128,13.177691,Fall
-0.5078429334312676,0.8069827999162487,0.00011375528880039419,-0.650151565524996,0.01400781316455412,-0.23322874127207716,192.16966664414468,0.1604832524768862,-0.17164783457855348,-0.705996902733702,3450.524680214744,0.6290946061509894,378633.5693856931,0.8552107298100002,Fallingbackwards_p4_3_35sek_20260205_112938.parquet,1,Fall,12.202464,14.177711,Fall
-0.5138699405480727,0.8446474426713394,9.985979036777578e-05,-0.6596143765864583,-0.6467695480486153,-0.626656766247331,10.110705273005294,-0.5911596720356586,-0.8384920450579755,-0.747604071977498,3448.649649127008,0.6287543596591687,183795.87978185827,1.3159825785688681,Fallingbackwards_p4_3_35sek_20260205_112938.parquet,1,Fall,13.203868,15.177651,Fall
-0.5310268969780173,0.8261538079565869,5.7904170718975096e-05,-0.6931466917634058,-0.6931888426729002,-0.6429209507077283,5.482438965535767,-0.6501406577264823,-0.04824894985627401,-0.7590620249974511,3443.4224228591547,0.6273864278561101,113233.6761299285,0.6732202822262842,Fallingbackwards_p4_3_35sek_20260205_112938.parquet,1,Fall,14.202232,16.177651,Fall
-0.3985458602884497,0.7645529071586451,9.952292787833358e-05,-0.6598517002097581,-0.5995753981989563,-0.5342796579118844,16.633805120831617,-0.5279254131652634,2.4519876243619936,3.351493403567677,3437.381327161434,0.6282120354530383,434948.15727154055,1.427823507730494,Fallingbackwards_p4_3_35sek_20260205_112938.parquet,1,Fall,15.203739,17.177694,Fall
-0.3985458602884497,0.7755031973312917,0.00016242472908410203,-0.6209034435447836,-0.5995753981989563,-0.5445027177791165,14.250780587030377,-0.5492751866055541,1.124890715657037,0.5821538664470219,3434.7418240351517,0.6294942104311821,189932.0810995825,0.896433365123622,Fallingbackwards_p4_3_35sek_20260205_112938.parquet,1,Fall,16.204309,18.177647,Fall
-0.43199158767283724,0.8624722875953669,0.0002551369736605765,-0.5754846271243027,-0.42668640416880205,-0.37361193811417076,53.57666564504525,-0.29987748387975943,0.07684371585926919,-0.6864448822591884,3455.2182061621575,0.6291992945082066,663293.268474812,1.1378614532322824,Fallingbackwards_p4_3_35sek_20260205_112938.parquet,1,Fall,17.204025,19.177699,Fall
0.3478082794984583,0.32798520384795143,0.008119180388445842,0.4674602237612835,0.9161395603399562,0.2519968672315074,426.7705000535217,0.6386435490008266,-2.6302495155321135,1.7268231254202526,3425.132985535725,0.6743701402324167,1483975.7961407823,1.3770717440099856,Fallingbackwards_p4_3_35sek_20260205_112938.parquet,1,Fall,18.204396,20.177691,Fall
0.6871659886754516,-1.6533932640516744,0.00845134151062931,0.49313073038433164,2.275528323816446,0.059262964564355355,1134.0987388600913,1.5545889624435518,2.2988345981789577,2.5759769824916527,2844.8863844506823,0.6664859552679732,763074.4856449239,1.9507939263221397,Fallingbackwards_p4_3_35sek_20260205_112938.parquet,1,Fall,21.20265,23.177665,Fall
-0.9327572281470408,-2.1354387102773424,5.021984461498896e-05,-0.7005028546823796,-0.8208602029219313,-0.7151907493199791,0.5603413867401047,-0.7622174250536464,-0.41356532407516394,-0.8383095008619351,2818.4982367165994,0.628772081231016,78250.39854453575,0.8099546203845958,Fallingbackwards_p4_3_35sek_20260205_112938.parquet,1,Fall,23.202028,25.177665,Fall
-0.9327572281470408,-2.133094686297487,4.981627245531832e-05,-0.7009042530362671,-0.8173725680154846,-0.7068608975039765,0.5655949069938727,-0.7619711012345404,-0.34661247440377,-0.9054294950573666,2819.6408400451787,0.6285038126512291,76326.69129747446,0.7497794360561614,Fallingbackwards_p4_3_35sek_20260205_112938.parquet,1,Fall,24.202355,26.177651,Fall
-0.9213015645221612,-2.139624687067881,7.113869567661065e-05,-0.6815416542406832,-0.8131413570071101,-0.7042856618379008,0.8189195403769172,-0.7512143514065822,-0.2527512961826466,-0.9309774887966791,2816.935126636141,0.6275696423822839,93664.4679557407,0.8297066115552796,Fallingbackwards_p4_3_35sek_20260205_112938.parquet,1,Fall,25.203742,27.177711,Fall
-0.8946361025839485,-2.1317356006124464,0.00011798348754738727,-0.6473884055427819,-0.8020295907744952,-0.7175610098594075,1.68326142732305,-0.7236005332594023,-0.32213659974992426,-0.7409714495754125,2818.6552607910185,0.6289052772659373,69377.36282470322,1.0193770660302308,Fallingbackwards_p4_3_35sek_20260205_112938.parquet,1,Fall,26.202579,28.177657,Fall
-0.8946361025839485,-2.1067457685459625,0.00010498929377879497,-0.6560488451126784,-0.8020295907744952,-0.7204071264199756,1.3956620487718945,-0.7317640153678907,-0.4747289089326046,-0.5518121354313559,2823.7488323501125,0.6285911044689207,74781.62012957914,0.8790690305466099,Fallingbackwards_p4_3_35sek_20260205_112938.parquet,1,Fall,27.20195,29.177724,Fall
-0.9269169212339413,-2.1251420931145417,4.777303749384517e-05,-0.7029619096785138,-0.8142848652887245,-0.7117157917409487,0.4533990383742945,-0.7675092411198438,-0.42651318769187563,-0.7796225770610377,2820.482127171507,0.6281949764157969,76006.63012337853,0.7120632477624161,Fallingbackwards_p4_3_35sek_20260205_112938.parquet,1,Fall,28.203762,30.177654,Fall
-0.9379563231814404,-2.120053688669743,4.002922964596999e-05,-0.7111911004353438,-0.8173735902236198,-0.7108985160444534,0.3324222349273619,-0.7743192887610207,-0.6074877324451438,-0.8058677654710418,2819.7328912399985,0.6281652655997285,74102.66358480528,0.7143376566718344,Fallingbackwards_p4_3_35sek_20260205_112938.parquet,1,Fall,29.202242,31.177711,Fall
-0.9379563231814404,-2.1281533443236906,4.890684118675339e-05,-0.7018147887503541,-0.800490725442248,-0.6941967253559151,0.8110968697493522,-0.7515191914624957,-0.8673038184200103,-0.9046135245543344,2822.2505565078473,0.6285333622859824,102535.41740259262,0.8165681560476643,Fallingbackwards_p4_3_35sek_20260205_112938.parquet,1,Fall,30.202724,32.177711,Fall
-0.9327572281470408,-2.140906101755356,5.433046586189974e-05,-0.6965028482991381,-0.800490725442248,-0.7104713982275838,1.2869108665632172,-0.7350681612931415,-0.43134066612079797,-0.9173226941061826,2815.3743975592674,0.6276740939576552,66233.15623281545,0.7196628593564617,Fallingbackwards_p4_3_35sek_20260205_112938.parquet,1,Fall,31.202793,33.177679,Fall
-0.9327572281470408,-2.120556858890081,4.5968711806503575e-05,-0.7048158700119408,-0.8226142203632572,-0.7357265732167664,0.5468020289435538,-0.7628576254953056,-0.0496021477429825,-0.7873297862485737,2824.1458443751458,0.6287196930048103,60385.93862626581,0.8033396341159563,Fallingbackwards_p4_3_35sek_20260205_112938.parquet,1,Fall,32.204228,34.17769,Fall
-0.673776262407646,-2.1233041562417823,0.001157428039542611,-0.3215770439640382,-0.2692755787657921,-0.6628427118135702,21.353561011117016,-0.48975256312795495,-2.067006509271159,1.6494930793945375,2819.0162594823637,0.6383020577850208,191489.51644702975,2.6535242697083703,Fallingbackwards_p4_3_35sek_20260205_112938.parquet,1,Fall,33.203798,35.177658,Fall
-0.673776262407646,-2.1260940601435836,0.0014394058991821076,-0.2664496110252402,-0.2692755787657921,-0.6176247276394429,22.332558941311817,-0.4823828763433402,-1.563107444637887,0.45922172963526803,2823.969515070108,0.6447787469223422,189734.07912307736,1.7810005673396507,Fallingbackwards_p4_3_35sek_20260205_112938.parquet,1,Fall,34.202261,36.177711,Fall
-0.1814855701042952,-2.4078997714636103,0.004680112462656364,0.1622426628289976,1.0383315471507528,-0.4355702558418074,320.6619415827354,0.44505546726377687,-2.7712960787586063,2.4448576665305994,2823.5962663519467,0.6700772717023011,438370.4444076972,2.2490979394582467,Fallingbackwards_p4_3_35sek_20260205_112938.parquet,1,Fall,36.204162,38.177691,Fall
1.2343846569870192,-1.6398682049114834,0.014213906869777,0.8770721542136669,2.2029239949875032,1.5180766612956849,2529.319775259277,2.7236903539545803,1.3301383102828657,2.063690739259589,3064.6380924571718,0.8389451056007793,12939371.07331344,1.6875894922925543,Fallingbackwards_p4_3_35sek_20260205_112938.parquet,1,Fall,37.2024,39.177694,Fall
-0.45053856337222353,0.20538081877645617,0.0003668411877059707,-0.5307456076648365,-0.16098405228958115,-0.14730165898621697,71.48432372683374,-0.22000239924384346,0.07447673332490966,-0.2868224854708902,3305.7853833368395,0.6325837157302232,1638664.8929806193,1.3271795628378376,Fallingbackwardsleftside_p4_1_35sek_20260206_120044.parquet,1,Fall,3.602661,5.578014,Fall
-0.45053856337222353,0.19716855347037596,0.0005281682952207148,-0.4768800511314306,-0.16098405228958115,-0.33445081883492467,90.81175417482945,-0.14438776674038128,-0.3092679637315688,-0.7674215139574521,3321.9873659280765,0.632774179212134,419384.8470905966,1.3008144585226324,Fallingbackwardsleftside_p4_1_35sek_20260206_120044.parquet,1,Fall,4.602307,6.577958,Fall
-0.5363053036890281,0.17038660373546866,0.0003974170046271402,-0.5197409413596488,-0.5453933198985159,-0.5260271072324046,13.300128543065284,-0.5582873697449526,-1.1284670063230653,-0.5770303676493578,3306.3006983214627,0.6320283293332875,350417.62131294893,1.4585052608780578,Fallingbackwardsleftside_p4_1_35sek_20260206_120044.parquet,1,Fall,5.604139,7.577995,Fall
-0.5714718905948998,0.19487520317582213,0.00018796203169304043,-0.6073227471041514,-0.5453933198985159,-0.5316141902099427,14.768084915159074,-0.544497310580276,-1.8312781146449522,0.804351592031308,3300.8640975956855,0.629033503125619,240294.41602993486,1.1205346483001406,Fallingbackwardsleftside_p4_1_35sek_20260206_120044.parquet,1,Fall,6.602598,8.577967,Fall
-0.41257611600093685,0.3209601405662924,0.0003468324063542663,-0.5381971371808782,0.5614778025816669,-0.007682189306532824,508.2060109981244,0.7712724620075657,0.6615354312840581,0.5226335551044763,3350.8922206722004,0.6342550646907311,1936716.4762592202,1.7299469880537146,Fallingbackwardsleftside_p4_1_35sek_20260206_120044.parquet,1,Fall,7.604255,9.578014,Fall
-0.0036682027756319174,0.4373879496325619,0.001545201437341604,-0.24718217560862848,0.5614778025816669,0.4123844774917209,424.34266590656546,0.6345031944879723,-1.3503213785447632,3.0326537758825003,3390.9837099984625,0.6413000658643462,4198210.3242019145,1.156270231562311,Fallingbackwardsleftside_p4_1_35sek_20260206_120044.parquet,1,Fall,8.604368,10.577957,Fall
-0.519321244881657,0.42968558095339265,0.00011948026065612975,-0.6464221513592181,-0.6093832610678039,-0.5532180783139815,12.094546151651466,-0.5701932016958444,0.29614594276880973,-0.29965933099251013,3361.0983014616118,0.6290323530250617,208135.62167422706,0.9844155199106348,Fallingbackwardsleftside_p4_1_35sek_20260206_120044.parquet,1,Fall,10.602812,12.577981,Fall
-0.5930354546995952,0.4386872661634834,6.879666654726931e-05,-0.6835112435572428,-0.6720498605749132,-0.6392624177980786,10.521635920627114,-0.5866584800116121,-0.9774843979160236,-0.2041922888807896,3367.6959472695016,0.629207662661015,172441.6449913954,1.5470493297444254,Fallingbackwardsleftside_p4_1_35sek_20260206_120044.parquet,1,Fall,11.604112,13.577988,Fall
-0.6155119728962843,0.3724841923645336,3.082343828074838e-05,-0.7220938801798954,-0.7262988339827503,-0.6731107171438894,4.645765740356317,-0.6632316562306623,-0.5487572910639515,-0.6882680495087192,3346.361784662366,0.6277003419814746,123126.45888659664,1.0317549941916184,Fallingbackwardsleftside_p4_1_35sek_20260206_120044.parquet,1,Fall,14.502583,16.477994,Fall
-0.6218997836624209,0.36892027169530617,3.082684662916181e-05,-0.7220895619241708,-0.7262988339827503,-0.6975108221807744,5.203471945136631,-0.6543868125219259,-0.6717247120298222,-0.7670338159453165,3355.8349879433645,0.6288288717551366,73910.92033514088,0.841769136481958,Fallingbackwardsleftside_p4_1_35sek_20260206_120044.parquet,1,Fall,15.504566,17.47798,Fall
-0.5694992867749618,0.3636009812264493,5.955801925047924e-05,-0.6916286302650715,0.9443917875578516,-0.07878626780339415,874.262701250151,1.265517907501494,0.04281245282329464,0.06394812877983666,3335.742604416876,0.626170985290481,319402.15406135074,1.335712037035685,Fallingbackwardsleftside_p4_1_35sek_20260206_120044.parquet,1,Fall,16.502686,18.477958,Fall
4.073062072255117,0.8559344279609673,0.09570271791012772,3.5520016423149943,2.8069350758693417,2.4254890018424793,2476.6247501085895,2.686635565233021,2.8098434141825264,1.8836423552186308,3143.813547426461,0.7977685701026627,12313683.433601972,1.0621591336482428,Fallingbackwardsleftside_p4_1_35sek_20260206_120044.parquet,1,Fall,18.502657,20.477988,Fall
4.073062072255117,1.7401649890158488,0.09907059661234605,3.627918786876072,2.8069350758693417,2.680427168107067,2192.703069350209,2.4798195836267714,2.3228833703825993,1.282750973818005,4234.382060583988,1.1256443118263249,37352512.48276033,1.417822941889725,Fallingbackwardsleftside_p4_1_35sek_20260206_120044.parquet,1,Fall,19.504129,21.477999,Fall
0.7526595429053017,0.3200049806998925,0.008622640850059702,0.5061721736474332,1.6322170028766998,0.6456331745890481,1027.8356448154427,1.4408513259111804,1.6933711569277337,0.635442432060783,3263.6093922225577,0.6510499574349633,5370202.973509919,1.5784694824545669,Fallingbackwardsleftside_p4_1_35sek_20260206_120044.parquet,1,Fall,20.504571,22.477995,Fall
-0.5872871889711457,-0.746441533306775,0.0002959215636199832,-0.5581893657730923,-0.398705846696428,-0.6187561311146876,18.85021478877501,-0.5094047102006282,-2.753083361480034,3.0049238678845893,3113.3057228330595,0.6278555538482516,131874.67127069566,0.9578232720436165,Fallingbackwardsleftside_p4_1_35sek_20260206_120044.parquet,1,Fall,21.502456,23.477958,Fall
-0.7767041519695783,-0.7371402975611085,2.3121852977674818e-05,-0.7325519207211311,-0.8036295557860063,-0.7290654527073148,0.45891507461686265,-0.7672219192891853,-0.32178831111332185,-0.9016247951353561,3108.579695235659,0.6275984937318525,56498.35999986072,0.6407143753834044,Fallingbackwardsleftside_p4_1_35sek_20260206_120044.parquet,1,Fall,22.504075,24.478014,Fall
-0.7806535843759476,-0.7594652180215465,2.5852998554100703e-05,-0.7286680995392303,-0.8376973566563457,-0.7313911209969233,0.16372896018854746,-0.7864160510015945,-0.5399918809521828,-0.8979601698082911,3102.51405394799,0.627471550691097,64971.212554458325,0.6686055363674476,Fallingbackwardsleftside_p4_1_35sek_20260206_120044.parquet,1,Fall,23.504128,25.477958,Fall
-0.7615673169446757,-0.8048782750336309,3.268029194178121e-05,-0.7197756507928948,-0.8125772632004697,-0.7129593706652656,0.21660680052202572,-0.7821398426077201,-0.268376956548376,-0.8305123950607007,3091.9696324674164,0.6278342153932643,71471.81505071862,0.6320027895284686,Fallingbackwardsleftside_p4_1_35sek_20260206_120044.parquet,1,Fall,24.504678,26.477988,Fall
-0.7615673169446757,-0.7966902718964015,3.242522763720534e-05,-0.7200901166731802,-0.8123266270013959,-0.7028967303380227,0.6040839571415876,-0.7602002812976238,-0.2802831049784331,-0.6416222711981523,3097.2015723085383,0.6284231109575485,99575.25552350981,0.7850610185741604,Fallingbackwardsleftside_p4_1_35sek_20260206_120044.parquet,1,Fall,25.502464,27.47798,Fall
-0.7615673169446757,-0.7913638067407572,2.64169664526639e-05,-0.7278920909693253,-0.8123266270013959,-0.7188242847591702,0.7286729461773946,-0.7548251152191998,-0.3716381078252968,-0.6114679440919655,3100.92226209925,0.6288129013096727,60476.14591500529,0.6346809790136855,Fallingbackwardsleftside_p4_1_35sek_20260206_120044.parquet,1,Fall,26.504094,28.477972,Fall
-0.7873143844044602,-0.8041527814183249,2.6475192754116792e-05,-0.7278124465152362,-0.8368935556185064,-0.7280626112923689,0.1899326228541712,-0.7842223450377993,-0.22241863718655616,-0.9671394783730625,3090.3651577577652,0.6276399469836323,67714.90636359935,0.7111428277460554,Fallingbackwardsleftside_p4_1_35sek_20260206_120044.parquet,1,Fall,27.504555,29.477999,Fall
-0.014245646141839341,-0.03839529505053322,0.004538326348690211,0.1475517164934484,0.07194255359241894,-0.29935905981457295,85.89735758545132,-0.16278254064826345,-0.9006372804551888,0.837412131123321,3259.527050959534,0.6451488930267223,631436.585608296,1.3169402264021388,Fallingbackwardsleftside_p4_2_35sek_20260206_120314.parquet,1,Fall,0.504768,2.478559,Fall
-0.3516721327363967,-0.1269512944464217,0.0006536060054276326,-0.44052983606286716,-0.505862835626624,-0.4767244957702081,34.80686738512939,-0.3997800084765449,0.8075263439558832,0.49567675378642045,3252.8632336515143,0.6332091969668797,292845.4451146423,1.5520944393108398,Fallingbackwardsleftside_p4_2_35sek_20260206_120314.parquet,1,Fall,1.503313,3.478541,Fall
-0.3864488053896443,-0.0346420255853871,0.0008203113252671219,-0.3972642461996152,0.013980790268974546,-0.3444269598575807,128.49693878686188,-0.01730827748513796,0.205478612382059,-0.04683396662769613,3234.214119928056,0.63013985464579,369986.2436658432,1.0745572035290099,Fallingbackwardsleftside_p4_2_35sek_20260206_120314.parquet,1,Fall,2.50478,4.478555,Fall
-0.3864488053896443,0.15563698750121568,0.0006549091980061137,-0.44017144994145196,0.013980790268974546,-0.19358955785977436,169.9573123709784,0.1023826795065317,-0.1590651674894205,0.49781402153627435,3328.461615773915,0.6423639178691672,1760872.972453144,1.8059747147696013,Fallingbackwardsleftside_p4_2_35sek_20260206_120314.parquet,1,Fall,3.505506,5.478526,Fall
-0.4919426294967381,0.0941482921294172,0.0005181825322986568,-0.4799510485553866,-0.15987402889209223,-0.30848744187243893,86.35874108039816,-0.16103355250073909,-1.9228190244041645,0.9263297138158924,3282.6083921951454,0.6275348330018692,594407.1134235767,1.3493644301343315,Fallingbackwardsleftside_p4_2_35sek_20260206_120314.parquet,1,Fall,4.504688,6.478545,Fall
-0.4919426294967381,0.0026163399669677104,0.0006490736432722098,-0.44177905444247645,-0.4889309197207133,-0.49695444452504295,24.283532207871932,-0.46816318178908073,-1.3156251434256914,-0.11521500469034902,3269.594627706574,0.6347951428751222,379824.10825466306,1.5660867650425374,Fallingbackwardsleftside_p4_2_35sek_20260206_120314.parquet,1,Fall,5.504676,7.47856,Fall
-0.5604375601202214,-0.04487309490915042,0.0003314996183055568,-0.5440539268986895,-0.6357027145103097,-0.6099929087916585,10.044747307868658,-0.5918906146442744,-0.6089059396281261,-0.7996397486314853,3265.31189640886,0.6324894377280436,174577.95242879563,1.3176955293537866,Fallingbackwardsleftside_p4_2_35sek_20260206_120314.parquet,1,Fall,6.504804,8.478501,Fall
-0.638716167714755,-0.11855463065364968,0.00010619913149264386,-0.6552206631607882,-0.7318706898344303,-0.6484204055558205,5.244856773078681,-0.6537498258905969,-1.1893033106832034,0.35505630523091425,3229.678076307478,0.6257471735378456,181256.92509027844,1.080717647908759,Fallingbackwardsleftside_p4_2_35sek_20260206_120314.parquet,1,Fall,7.503676,9.478551,Fall
-0.6669011882111454,-0.09426755706834955,3.370544565684506e-05,-0.718523961717055,-0.6534069924572712,-0.5610352986509743,8.789941648383966,-0.606283581404069,-0.49379756717477125,-0.47904204296689573,3249.5716029278124,0.6274906454803872,240633.0961242913,1.1145817658724733,Fallingbackwardsleftside_p4_2_35sek_20260206_120314.parquet,1,Fall,8.505064,10.478563,Fall
-0.6539919489396091,-0.09693171512081443,3.773782215686073e-05,-0.7137762375030785,-0.6534069924572712,-0.5658119664510446,8.669334529521471,-0.6077196465504899,-0.4643971602447552,-0.504036199763735,3248.411378340929,0.6280600252299552,220054.926232533,0.7964448925323604,Fallingbackwardsleftside_p4_2_35sek_20260206_120314.parquet,1,Fall,9.504893,11.478545,Fall
-0.6539919489396091,-0.10247447474730627,3.844029427659863e-05,-0.7129755731168375,-0.7727987889331845,-0.6707578671722259,1.5281342805792641,-0.7279085700414132,-0.2278727493354521,-0.4724019921291587,3240.450391131361,0.6273966544364609,126019.67638016939,0.84897021818583,Fallingbackwardsleftside_p4_2_35sek_20260206_120314.parquet,1,Fall,10.504958,12.478551,Fall
-0.6796497004876142,-0.1063336050835921,2.666590410050736e-05,-0.727552194625277,-0.7876953881120927,-0.6904783719128952,1.2981482009040521,-0.7347204323675023,-0.7714611622928302,-0.691063730167411,3244.1422636443945,0.6279217889528914,84234.24323849448,0.6878806887941182,Fallingbackwardsleftside_p4_2_35sek_20260206_120314.parquet,1,Fall,11.505003,13.478501,Fall
-0.6798523877594418,-0.10506847440406207,2.5949775479386572e-05,-0.7285343391823589,-0.8223580417965101,-0.7216977889469053,0.6675364712904807,-0.7573999003919161,-0.886734073960863,-1.0074203587124997,3245.4104783461585,0.6282834277445318,68038.2119211259,0.7003718351793778,Fallingbackwardsleftside_p4_2_35sek_20260206_120314.parquet,1,Fall,12.504665,14.478506,Fall
-0.6537905728439641,-0.06913519461543793,6.095791230378041e-05,-0.6903600677614061,-0.733123507199596,-0.6963586463414041,4.048365736299646,-0.6733176945632815,-0.416442092557629,-0.5103761472979581,3248.0380022545974,0.6273093515340857,106806.24551506883,1.2194852496880342,Fallingbackwardsleftside_p4_2_35sek_20260206_120314.parquet,1,Fall,13.503233,15.478573,Fall
-0.5882776890818883,-0.04090531125688584,0.00032982072548426363,-0.5447033822481306,-0.6722089391367413,-0.6195367787030517,9.334570144450451,-0.5999181482254419,-1.235992502067919,-0.6694308955746382,3249.392314353176,0.6295913799563373,172920.12472643802,1.4833613679105524,Fallingbackwardsleftside_p4_2_35sek_20260206_120314.parquet,1,Fall,14.50466,16.478535,Fall
-0.5882776890818883,-0.06700721398236174,0.00035602054516865514,-0.5347493813068211,-0.6722089391367413,-0.6194156114547608,9.62052274267496,-0.5966503504702048,-1.223168062696855,-0.7765623358979598,3257.027670251989,0.6309117190334378,175853.79738833138,1.3442478168461443,Fallingbackwardsleftside_p4_2_35sek_20260206_120314.parquet,1,Fall,15.504841,17.478509,Fall
-0.6640737208155857,-0.07502259829136361,9.100034492021858e-05,-0.6659955112188459,-0.7488667935178417,-0.6782351015204422,3.762747232078093,-0.6784029670320615,-2.1994876925940923,0.5941384039236388,3250.819221675554,0.6273818321220138,91761.37521051634,1.0876950826338359,Fallingbackwardsleftside_p4_2_35sek_20260206_120314.parquet,1,Fall,16.503213,18.478509,Fall
-0.5948210554364511,-0.044061821776324166,9.76338798203383e-05,-0.6611900635112015,0.8354156211537883,0.2325732357940696,921.7429160749352,1.3212632395096031,-0.44302157223126554,-0.09611677816365521,3270.2605598767373,0.6298475724901568,1636950.611109605,1.2363524096380272,Fallingbackwardsleftside_p4_2_35sek_20260206_120314.parquet,1,Fall,17.504598,19.478508,Fall
-0.2557609487754517,-0.19813333449452153,0.0016834308272395038,-0.22297619984200104,1.1420933575537475,1.2320354833455818,752.181340165434,1.1148058397757032,-1.695527452695763,0.7604212073298516,3257.4649807279507,0.6401875070457325,10125081.080570305,1.427368388737793,Fallingbackwardsleftside_p4_2_35sek_20260206_120314.parquet,1,Fall,18.504687,20.478504,Fall
2.802435810676255,1.2242743884538385,0.031023801752299573,1.677760324352288,1.7988980914535189,2.0968742386163353,1451.446794988779,1.8656846276322105,2.566351625941221,1.7504890302860658,3116.84802629006,0.6412864374636575,15486722.245821098,1.3039407015147566,Fallingbackwardsleftside_p4_2_35sek_20260206_120314.parquet,1,Fall,19.504653,21.478504,Fall
-0.5525740822769613,0.8601665574924038,2.6001888260796884e-05,-0.728462414741299,-0.7383167603032471,-0.7183463099260715,0.915006536313603,-0.7475825009719256,-0.8397672558786012,-0.9334766014343812,3457.5697949341156,0.6280773815305178,64984.646871284385,0.6689749830001217,Fallingbackwardsleftside_p4_2_35sek_20260206_120314.parquet,1,Fall,24.603794,26.603263,Fall
-0.5525740822769613,0.8403749869014308,2.608991336880258e-05,-0.7283410887215208,-0.8350567424499105,-0.7213853937150876,0.12199613560860882,-0.7903108298907212,-1.3584066464941886,-0.6928223306179521,3449.9919186650454,0.6276707515026314,71758.29834910955,0.6663252225363431,Fallingbackwardsleftside_p4_2_35sek_20260206_120314.parquet,1,Fall,25.604859,27.603378,Fall
-0.5908541201275276,0.8102100735011778,2.4556794818639463e-05,-0.7304843830065952,-0.8350567424499105,-0.7159323173946338,0.055378008484474064,-0.7983286587688269,-1.1120705331119045,-1.0896493640499807,3442.361396131977,0.6277285338202271,72361.6046353023,0.6513025769638561,Fallingbackwardsleftside_p4_2_35sek_20260206_120314.parquet,1,Fall,26.618501,28.605262,Fall
-0.5908541201275276,0.8176089068980714,2.398756585429278e-05,-0.7312971330099338,-0.8384527072812272,-0.7151945929817953,0.04787484247137949,-0.7994911575145152,-0.7655678756473748,-1.5021488101042593,3452.7479094046766,0.6287453186774482,74349.8269343905,0.6586430625653275,Fallingbackwardsleftside_p4_2_35sek_20260206_120314.parquet,1,Fall,27.618523,29.603438,Fall
-0.6531865054125833,-0.18957970129210053,8.631273218203987e-05,-0.6694977940228977,-0.29239505362573254,-0.4490570253850581,75.30859009701221,-0.20429717400758754,-0.57059907392591,-0.18629973879253642,3213.481311886035,0.6265404816254426,621918.1437670692,1.461516848196824,Fallingbackwardsleftside_p4_3_35sek_20260206_120405.parquet,1,Fall,0.303539,2.27707,Fall
-0.40896932575061956,-0.05417956729306041,0.00032037394587289,-0.5483889589938407,-0.29239505362573254,-0.3603006327126537,71.266687175811,-0.22090866191266834,1.9388678014027336,1.9264436333536226,3246.414325588995,0.6284122301355685,672728.6520103974,1.4026003745118976,Fallingbackwardsleftside_p4_3_35sek_20260206_120405.parquet,1,Fall,1.303185,3.277064,Fall
-0.3438159939365663,-0.023720633035747157,0.0009907363607089248,-0.35738171603691193,-0.32440799261014724,-0.33650845299538656,50.872516559050894,-0.3130426466080611,0.1105852330192193,-0.6484456296676383,3235.3222514157474,0.6299924335996455,614508.6658109904,1.4426554373136014,Fallingbackwardsleftside_p4_3_35sek_20260206_120405.parquet,1,Fall,3.551547,5.437082,Fall
-0.3438159939365663,0.06476521461975139,0.0010274506532882083,-0.34925145768092325,-0.32440799261014724,-0.3399326870149521,43.12328237864344,-0.35284293388754484,0.37753959256329017,-0.711639201078059,3294.329103154756,0.6346884270696296,557580.540276577,1.309175048306285,Fallingbackwardsleftside_p4_3_35sek_20260206_120405.parquet,1,Fall,4.457073,6.457074,Fall
-0.35785489756385075,0.05234747339058158,0.000749062801946994,-0.41516026874595435,-0.4781010429494965,-0.3920706469203545,20.072270442218056,-0.49965804689339954,0.16845337900437035,-0.6721845188118196,3261.103739126205,0.6343358900827756,539250.0994487224,1.1931681829774083,Fallingbackwardsleftside_p4_3_35sek_20260206_120405.parquet,1,Fall,5.457081,7.457038,Fall
-0.4628207117436012,0.043805590368171325,0.0006258432422557611,-0.44825145987967124,-0.4781010429494965,-0.42589479870414443,30.754965894055257,-0.4246888030024157,-0.07819133242591082,-0.8492601852532805,3278.138106438441,0.6316705130335003,534040.3913922287,1.233085089595815,Fallingbackwardsleftside_p4_3_35sek_20260206_120405.parquet,1,Fall,6.477023,8.457053,Fall
-0.4628207117436012,0.06451818382851264,0.0005463011658258164,-0.47137683075121917,-0.596599022752769,-0.5236193895826365,17.152340714490762,-0.5234869383403831,0.3158272274037706,-0.8149768486590916,3304.915447911688,0.6350199537628237,258405.5908724612,1.4110529721820302,Fallingbackwardsleftside_p4_3_35sek_20260206_120405.parquet,1,Fall,7.477082,9.457038,Fall
-0.5357184797531662,-0.045503485600049264,0.0003678003391672342,-0.5303935762135146,-0.6504774601345201,-0.5450028149766045,11.022160499836248,-0.5812930402299004,-0.18972957486494443,-0.4861285948210795,3250.3009132051734,0.6296503678223706,220339.95889027778,1.0898515888532583,Fallingbackwardsleftside_p4_3_35sek_20260206_120405.parquet,1,Fall,8.477053,10.457082,Fall
-0.5588636558308179,-0.032975562905519104,0.0002227343126696398,-0.5902385378772366,-0.6504774601345201,-0.6243313668956624,10.87178062827181,-0.5828920165186428,-1.3331937276579435,0.583004394779601,3261.169433182136,0.6309832714129502,221850.38691906419,1.4216622883849448,Fallingbackwardsleftside_p4_3_35sek_20260206_120405.parquet,1,Fall,9.477102,11.457027,Fall
-0.6053522438880139,0.058595274995383154,7.030038959214495e-05,-0.6822428700898826,-0.7304322500516408,-0.686865833384488,2.2571013313468415,-0.709179546639563,0.45325174997769546,-0.4941731584370059,3277.4938306658796,0.6281901918330469,94784.22758032361,1.0240629753091501,Fallingbackwardsleftside_p4_3_35sek_20260206_120405.parquet,1,Fall,10.477038,12.457079,Fall
-0.5608311308145639,0.07594120123347012,9.821713364082566e-05,-0.6607754656285253,-0.716725175893038,-0.695502836795434,2.370864242508781,-0.706548368976432,0.24182920485793022,0.6205055295406039,3279.232735164445,0.6278243404508944,85846.8551212215,0.7647077531708641,Fallingbackwardsleftside_p4_3_35sek_20260206_120405.parquet,1,Fall,11.477036,13.457064,Fall
-0.5608311308145639,0.022871612661768993,0.0001526551030166302,-0.6263792963808648,-0.6397177580859539,-0.6929825712462356,8.932056880473723,-0.604604006033243,0.09997677948319107,-0.2747882352548891,3278.067495080353,0.6310346189001407,157266.05104024473,1.9142139454883704,Fallingbackwardsleftside_p4_3_35sek_20260206_120405.parquet,1,Fall,12.477032,14.457053,Fall
-0.6224991601710808,-0.07405631827797506,0.00010328682278410033,-0.6572223787188316,-0.6397177580859539,-0.6376023359837677,10.159510525808066,-0.5906203484401619,0.056914179872906784,-0.3703443206735551,3246.8329699154074,0.6286198122053828,126652.90419748674,1.1400700895723126,Fallingbackwardsleftside_p4_3_35sek_20260206_120405.parquet,1,Fall,13.47702,15.457086,Fall
-0.583921292793473,-0.126703422047674,0.00018580276571136388,-0.6084338151935257,-0.6359369893173262,-0.5952965080056983,9.362267090966144,-0.5995994646627058,-0.7730117070411948,0.08190440461108374,3241.6173176703196,0.6304041563831669,171368.02813191482,1.0053647589663646,Fallingbackwardsleftside_p4_3_35sek_20260206_120405.parquet,1,Fall,14.477057,16.457038,Fall
-0.549236668650183,-0.12335680133219322,0.00022942430553521629,-0.5871086840814246,-0.39892274985457243,-0.4687985217146488,40.288276270903204,-0.36828890952614074,-0.2965500481478069,-0.11525654344205674,3248.8988692354505,0.6334346622979796,642728.5390102512,1.6552731093083333,Fallingbackwardsleftside_p4_3_35sek_20260206_120405.parquet,1,Fall,15.477074,17.457027,Fall
-0.549236668650183,-0.08448402969064463,9.616945946653927e-05,-0.6622365175198386,-0.39892274985457243,-0.4462309237739113,33.67260683881477,-0.40659961375758036,0.5708475826322302,1.1537487525200822,3242.6963424150654,0.627203471238843,309261.6647454004,1.016723017530377,Fallingbackwardsleftside_p4_3_35sek_20260206_120405.parquet,1,Fall,16.477053,18.457038,Fall
-0.46878284301422063,-0.25124562357131025,0.000708542490503532,-0.42571936354836093,1.2722607662937095,0.7515197976919697,1601.4814920696392,2.000822277430044,-2.2741509896912047,1.1375594063594845,3247.523379399308,0.6364418868079406,2835592.974976255,1.0795533245049862,Fallingbackwardsleftside_p4_3_35sek_20260206_120405.parquet,1,Fall,17.477079,19.457053,Fall
-0.1939293479279957,-0.4276137721201071,0.0043159771640359475,0.1240432392565091,1.5595085156475466,1.8441308935154672,1048.1571390160063,1.463041445650964,-0.9904265071612259,-0.2165439127142886,3271.167178109652,0.6604035738628564,19574788.15911589,1.1305681432826817,Fallingbackwardsleftside_p4_3_35sek_20260206_120405.parquet,1,Fall,18.477028,20.45703,Fall
-0.4595547561430963,-0.7488381320004299,0.0004585431461704225,-0.4989435192696809,-0.5498294529920627,-0.6802994111936047,7.335401013158638,-0.6243231506437584,0.6558537890163252,2.8617005105277538,3102.640768612448,0.6279090442796306,84873.37710143712,0.8444947632237012,Fallingbackwardsleftside_p4_3_35sek_20260206_120405.parquet,1,Fall,22.801621,24.77702,Fall
-0.507454395271141,0.5732534013663324,0.0001777526943620629,-0.6126340438451411,0.02577880639658686,-0.3760821391536728,176.6357415773754,0.12023095595043282,-0.46546857320925294,-0.4720881525085291,3382.9967788200343,0.6285767485841127,425774.8848950031,1.75702492160461,Fallingbackwardsrightside_p4_1_35sek_20260206_115716.parquet,1,Fall,1.09074,3.064755,Fall
-0.4774527036943022,0.5183028361588524,0.00016702428751464032,-0.6183824917999681,0.02577880639658686,-0.33537069522739016,167.06249090086206,0.09453737498239866,-0.5104931594926994,0.308149497155353,3384.155132563748,0.6301524363224537,1822210.3888445226,2.056476974441602,Fallingbackwardsrightside_p4_1_35sek_20260206_115716.parquet,1,Fall,2.091069,4.064768,Fall
-0.4774527036943022,0.5064848269688731,0.00010960792975643445,-0.6529122478921493,-0.5107973970549985,-0.5507290492678438,25.890906689846737,-0.45687189941698003,-0.5343361346235852,1.89715122926975,3376.7576798427804,0.6274135629407711,165069.6155238107,0.7921978651338974,Fallingbackwardsrightside_p4_1_35sek_20260206_115716.parquet,1,Fall,3.090974,5.064705,Fall
-0.5860989073968931,0.5168629322197313,3.880615247922127e-05,-0.7125614717383326,-0.7737339775593598,-0.6798101911076042,1.7417279593026966,-0.7220287043727142,-0.19952240019806358,-0.5832500031358238,3383.901513049422,0.6283047276876355,102462.88804920336,0.9136079957730567,Fallingbackwardsrightside_p4_1_35sek_20260206_115716.parquet,1,Fall,4.09085,6.064712,Fall
-0.5853069126055087,0.5560407025861199,4.055544133949888e-05,-0.7106079662408474,-0.7614121574070026,-0.6693747503186133,2.3800874614702114,-0.7063378437506928,-0.0057990700153023635,-0.7398043804966812,3382.638048508388,0.6273406440483589,94698.53251565836,0.687029520681219,Fallingbackwardsrightside_p4_1_35sek_20260206_115716.parquet,1,Fall,5.091098,7.064774,Fall
-0.5764075777740635,0.5671272487891613,5.644064203848865e-05,-0.6945082424560611,-0.038281547304965836,-0.19794529451818127,154.32567705942566,0.05918302168018153,-1.2486949257791693,0.36253366520332636,3402.162082672658,0.6299570048545575,689836.4181958921,0.8821551807973632,Fallingbackwardsrightside_p4_1_35sek_20260206_115716.parquet,1,Fall,6.089687,8.06473,Fall
-0.5191264316103799,0.5734948318747546,0.0001339994280895365,-0.6373464461809977,-0.038281547304965836,0.20508516372940927,120.09874290789622,-0.04381236870118527,-0.6845270458130067,-0.3396261810440045,3392.9588256841535,0.6290955418215712,3311359.8288688087,1.2906896789379882,Fallingbackwardsrightside_p4_1_35sek_20260206_115716.parquet,1,Fall,7.09108,9.064771,Fall
-0.5191264316103799,0.5701028941228534,0.00011731091942310368,-0.647824582621841,-0.08348991080036143,-0.10669330444368089,126.18653974734838,-0.024511101475959536,-0.4229292716460362,-0.22008658881828716,3386.4543238804895,0.6280599334536109,1598437.9069099051,1.3512050068201353,Fallingbackwardsrightside_p4_1_35sek_20260206_115716.parquet,1,Fall,8.09095,10.064763,Fall
-0.513675383935807,0.5870093166491938,9.698511260865463e-05,-0.6616526881977854,-0.34677994243351123,-0.4130740479518355,44.35754694611569,-0.34627733496504093,0.11127538380966466,0.013236751016599832,3384.3941865211737,0.6267646185780347,378621.28427275125,0.9864417291380373,Fallingbackwardsrightside_p4_1_35sek_20260206_115716.parquet,1,Fall,9.08969,11.064723,Fall
0.8639797952542712,0.8356495290895227,0.010348093076642053,0.6309229562254197,-0.10254571562452627,-0.09558727407744522,114.65345529618125,-0.06149540874565307,1.5446617989296052,0.8956039265442847,3477.8686664267993,0.6985766848805144,1342832.2850270653,1.558620243575359,Fallingbackwardsrightside_p4_1_35sek_20260206_115716.parquet,1,Fall,10.090789,12.064705,Fall
0.8639797952542712,0.8363625545800035,0.013306168785392264,0.8226310719747806,0.3981553500173645,0.3048051027762646,172.87953315232053,0.11023476373816171,1.0378178542093135,-0.099109187376718,3453.324261060946,0.6863204009438778,2459230.406120147,1.1699546075525697,Fallingbackwardsrightside_p4_1_35sek_20260206_115716.parquet,1,Fall,11.091073,13.064723,Fall
0.2762841170428527,0.5982914982756212,0.005216362164592306,0.21588630932428318,0.3981553500173645,0.3290217319209035,223.11157071253544,0.23607764966935926,0.6938369258240856,-0.2475435898637764,3434.154186669138,0.6886811353499356,4422650.168766934,1.80561641519425,Fallingbackwardsrightside_p4_1_35sek_20260206_115716.parquet,1,Fall,12.090006,14.064738,Fall
0.2439957523991028,0.5041814218341011,0.004506569970196914,0.14423000614114734,0.15141665877345634,0.22850392386389395,151.72164912620482,0.051777306591866745,0.1002059151020382,-0.2238968793165951,3383.17552903122,0.6551725654339899,2155955.8718031356,1.184207438587006,Fallingbackwardsrightside_p4_1_35sek_20260206_115716.parquet,1,Fall,13.089372,15.064771,Fall
0.05741757415748315,0.40123850805704286,0.002761057311045399,-0.06096184673548118,-0.09291344918982407,-0.0711082374778222,110.79069714730527,-0.07429528274950882,-0.410800158517708,0.5112546197514458,3325.0553052977257,0.6445551760608247,1329121.1088631013,1.4404462807796834,Fallingbackwardsrightside_p4_1_35sek_20260206_115716.parquet,1,Fall,14.089053,16.064749,Fall
-0.3985458602884497,0.3341528443489134,0.0007049327281954077,-0.42667450298796605,-0.4362537745831497,-0.4501793170054405,40.16578845214085,-0.3689683176841103,-0.03209250209239046,-0.5188256165843312,3358.6836459504793,0.637818266908964,481114.70351430576,1.7116244980967095,Fallingbackwardsrightside_p4_1_35sek_20260206_115716.parquet,1,Fall,15.08919,17.064717,Fall
0.2656540332670808,0.37371059137865587,0.0064913254029417,0.3332789022112959,0.3866002212080149,-0.09065675268826386,338.2957696240278,0.4792351825410871,-2.125110641222251,2.014314784714203,3375.71644375061,0.6583859419606488,1390766.0188417812,2.0190595745865987,Fallingbackwardsrightside_p4_1_35sek_20260206_115716.parquet,1,Fall,16.089721,18.064738,Fall
0.2656540332670808,0.191201389301034,0.008206695617512368,0.47427385875524347,0.3866002212080149,0.09080091679871684,305.18789339948165,0.41427935242444125,-1.3724022124037114,0.5151036278223691,3302.834089519675,0.6992050176265897,2636332.0254377,1.6924837124267746,Fallingbackwardsrightside_p4_1_35sek_20260206_115716.parquet,1,Fall,17.088999,19.064705,Fall
-0.008867212490707526,0.11873993716540833,0.00370308773847468,0.05590828171052321,0.0785559002015279,-0.11882229913162985,119.9572443787701,-0.044266736347056544,0.40567610390204717,-0.6361021107043329,3326.0636900356467,0.6593670792868316,1354452.3392554095,2.065779762482359,Fallingbackwardsrightside_p4_1_35sek_20260206_115716.parquet,1,Fall,18.08908,20.064738,Fall
-0.008867212490707526,0.2817954233384117,0.002432586615503891,-0.106325699307025,-0.007783856040458847,-0.10057029736288527,102.78433637861002,-0.10155667109571452,0.39160075003246353,-0.006322027908750774,3317.769583295836,0.6440886112004505,1448019.4513083685,1.364417310907146,Fallingbackwardsrightside_p4_1_35sek_20260206_115716.parquet,1,Fall,19.091419,21.064711,Fall
-0.2901419699426458,0.3444647400168356,0.0007072351738329234,-0.42606499657551533,-0.19077497286397074,-0.2505588709779397,48.52189495925226,-0.32477388428685783,-1.0380620138311547,1.3666768741856516,3339.758769804636,0.6293628957203735,504666.0978765329,0.7329997241048161,Fallingbackwardsrightside_p4_1_35sek_20260206_115716.parquet,1,Fall,20.089672,22.064738,Fall
-0.6011762334543813,0.399678775157073,4.125388990244402e-05,-0.7098397758299729,-0.5725204622037554,-0.3792959823602825,23.357501875518935,-0.474838421440103,-0.19545236424203247,-0.6141813723764515,3357.4316130272837,0.6285644643045141,758911.0835039462,0.9566775675972037,Fallingbackwardsrightside_p4_1_35sek_20260206_115716.parquet,1,Fall,21.089089,23.064749,Fall
-0.5321992917196395,0.41135036092777455,9.086718972611528e-05,-0.6660937340547657,-0.607197303397927,-0.4468471364272768,19.26425725927392,-0.5060680032233222,0.49734206050359137,-0.18781897992159,3358.4543791613946,0.628567394323803,424706.37186264066,1.1490522093441005,Fallingbackwardsrightside_p4_1_35sek_20260206_115716.parquet,1,Fall,22.090841,24.064738,Fall
-0.4861406103512585,0.32755762711656605,0.00043885555089573987,-0.5054817163320054,0.7222994531116695,-0.039924466481418,261.8893153531363,0.3237516609671801,-3.0480460416002066,2.631384477941534,3354.589909951518,0.6313785564670271,1720995.1674328053,1.7290123953256438,Fallingbackwardsrightside_p4_1_35sek_20260206_115716.parquet,1,Fall,23.088963,25.064771,Fall
4.328418409629126,0.5705819947575352,0.09663005285006776,3.573036673444834,2.827528186092027,1.9507503957749583,2731.5738627094165,2.8624488400808095,2.478241966843643,1.7363860976409597,2861.637269581782,0.7185058028466487,10338791.739361115,1.1982247531370103,Fallingbackwardsrightside_p4_1_35sek_20260206_115716.parquet,1,Fall,24.089792,26.064764,Fall
4.328418409629126,-0.185928973047484,0.0996370332004192,3.6405596400078535,2.827528186092027,1.9470048679825702,2825.4392684901554,2.925097540574519,2.664381965526026,1.8096096495623453,4222.99957823211,1.2540488722199874,33923576.513497576,1.611328304871235,Fallingbackwardsrightside_p4_1_35sek_20260206_115716.parquet,1,Fall,25.089507,27.064705,Fall
-0.09674438676535092,-1.2895107652477433,0.0023298920736353297,-0.12113000360361514,0.9633097873523156,-0.10952062372555012,376.31368479919087,0.5500166330078025,-0.1056748009988562,1.3609557370934082,2994.431374277129,0.6381306677417188,611550.9958143594,0.981599041405151,Fallingbackwardsrightside_p4_1_35sek_20260206_115716.parquet,1,Fall,26.089569,28.064732,Fall
-0.6999698912660591,-1.351350969955828,0.00022604041361582315,-0.5886860193964747,-0.5879399212564331,-0.5464820169261466,16.811605444806453,-0.5263958143367793,0.9314750181946723,-0.07737931501496284,2991.2374709210085,0.6320309806276349,310816.8399043627,1.4697792207053146,Fallingbackwardsrightside_p4_1_35sek_20260206_115716.parquet,1,Fall,27.090872,29.064755,Fall
-0.8052724422762934,-1.459219213611504,8.596600456489733e-05,-0.669760581541048,-0.5879399212564331,-0.6157507417626359,14.300799924569908,-0.5488094560295906,0.08444981106074295,-0.5290113571238984,2942.584393412667,0.6269537349699202,127967.14356623509,0.8059343685829142,Fallingbackwardsrightside_p4_1_35sek_20260206_115716.parquet,1,Fall,28.091577,30.06473,Fall
-0.8607185560721157,-1.5300001093555584,3.005331267393074e-05,-0.7230758009291517,-0.8234726803322916,-0.7115424651867535,0.31181754370461734,-0.7755966379010237,-0.36951514595948315,-0.6983247204149667,2944.34107937092,0.6283478093081174,81071.6189884121,0.7381514994756684,Fallingbackwardsrightside_p4_1_35sek_20260206_115716.parquet,1,Fall,29.089431,31.064746,Fall
-0.8734818568754636,-1.5603982882178493,2.7101457923516662e-05,-0.7269612892432071,-0.8192771954889572,-0.704911325481724,0.27910630397598757,-0.7777145577164817,-0.7684379986284883,-0.8692328107631625,2937.006946245161,0.6280932189155892,78626.07152195583,0.6723020642407819,Fallingbackwardsrightside_p4_1_35sek_20260206_115716.parquet,1,Fall,30.091258,32.064759,Fall
-0.8123953098460919,-1.587062926699671,8.179236628748882e-05,-0.6729663948947593,-0.7117176453887507,-0.6185371173590355,4.67751450864083,-0.6627143414738625,-0.6055790970298757,-0.07506605541408079,2929.3930490817665,0.6281132376353855,146120.65714757983,0.7496313591350942,Fallingbackwardsrightside_p4_1_35sek_20260206_115716.parquet,1,Fall,31.090866,33.064717,Fall
-0.5932338159831421,-1.6785545058911413,0.0009408716710530891,-0.36866931897237376,-0.23411075906674095,-0.23429936405069174,79.00041783005634,-0.18950988384996126,-0.41289827511539745,-0.23244307959467575,2906.6259444476386,0.6330008689233112,641372.6290468925,0.7945264969982151,Fallingbackwardsrightside_p4_1_35sek_20260206_115716.parquet,1,Fall,32.08963,34.064744,Fall
-0.3941945242774718,-1.7613888322344948,0.002640417131572646,-0.07729217124641388,-0.11090038253875403,-0.08417877697028475,75.02500246926893,-0.20544789803331318,-0.8841296964537815,0.4346873803547679,2896.332283855389,0.6619076715610289,2061762.7928378696,1.3209046743175725,Fallingbackwardsrightside_p4_1_35sek_20260206_115716.parquet,1,Fall,33.091472,35.064744,Fall
-0.3941945242774718,-1.9413649124135615,0.0018495807309056361,-0.19516116272331616,-0.11090038253875403,-0.41477873433864487,55.81433966254563,-0.289232611540097,-0.8006016852873226,2.4196223429657695,2855.963301176875,0.6301202568367941,459385.4187816173,1.1839588093226376,Fallingbackwardsrightside_p4_1_35sek_20260206_115716.parquet,1,Fall,34.090507,36.064738,Fall
-0.8991386988792012,-2.042051343518771,9.022376098523733e-05,-0.6665693809704563,-0.6073402019248801,-0.6488003043026165,9.368286373781064,-0.5995302686331766,-0.539693504702449,-0.8455722814386383,2837.6879078051043,0.6281305688277246,92225.010534535,0.7253588417255848,Fallingbackwardsrightside_p4_1_35sek_20260206_115716.parquet,1,Fall,35.090861,37.064723,Fall
-0.8991386988792012,-2.012089252011107,6.046742878823192e-05,-0.6908028626035899,-0.8207963356184106,-0.7044494115196329,0.35511819081018525,-0.7729573102207423,0.27943225286399753,-0.6118548639133541,2848.1357570377604,0.6288833407224758,89225.52162444603,0.7483048168875509,Fallingbackwardsrightside_p4_1_35sek_20260206_115716.parquet,1,Fall,36.089509,38.064755,Fall
-0.8920656116705268,-2.012610853388784,5.462375413001239e-05,-0.6962233333923311,-0.8207963356184106,-0.7043408729083406,0.2946456393556827,-0.7766938017832545,0.3629124148793767,-0.30649166841124703,2840.5122674792306,0.6277623491171941,75816.56581286315,0.6682982605354679,Fallingbackwardsrightside_p4_1_35sek_20260206_115716.parquet,1,Fall,37.089568,39.064744,Fall
-0.5323947232861719,0.27007651575753877,0.00017080375691290505,-0.6163368871776426,-0.23302435704916125,-0.3645564713979917,111.05076128965871,-0.07342658055139056,0.0018297377553463294,-0.18092967505763424,3322.4450958241227,0.6294906559146415,1526541.977495661,1.6299996325478958,Fallingbackwardsrightside_p4_2_35sek_20260206_115814.parquet,1,Fall,0.768397,2.743729,Fall
-0.5323947232861719,0.34761768640076984,0.00012803589337628783,-0.6410115296885852,-0.23821143406574602,-0.5257613309470962,58.18270223937072,-0.27819597957754777,0.5978178837552,-0.2561289877050403,3330.973248545595,0.6273359634126088,259956.47299594962,1.3972496962916066,Fallingbackwardsrightside_p4_2_35sek_20260206_115814.parquet,1,Fall,1.770347,3.743757,Fall
-0.5551280568178085,0.26709532270348474,9.438677034858302e-05,-0.6635212145101456,-0.6441223646065517,-0.6205995739681982,9.489891632644671,-0.598137058981502,0.12617842600985163,-0.39721730868402433,3329.6423413038374,0.6289158815389198,134056.42298216608,1.146950801133298,Fallingbackwardsrightside_p4_2_35sek_20260206_115814.parquet,1,Fall,2.77007,4.743743,Fall
-0.5551280568178085,0.23819260690233965,6.449904026324306e-05,-0.6872147144625096,-0.7285429443265254,-0.6911943897636693,4.932294070876213,-0.6586249648198034,0.43461036346132226,0.06380175935735097,3315.6318823320166,0.6275024027348335,98102.68125144078,1.0202626673306843,Fallingbackwardsrightside_p4_2_35sek_20260206_115814.parquet,1,Fall,3.768693,5.743743,Fall
-0.6053522438880139,0.21633143068560914,7.178820769457261e-05,-0.6810011946376714,-0.5728143098635539,-0.5946497694963523,24.521426930182557,-0.46646897722905695,-1.1215869862212016,-0.4178420344470637,3319.738338758029,0.6288659344766362,137068.89971935656,1.239159200837612,Fallingbackwardsrightside_p4_2_35sek_20260206_115814.parquet,1,Fall,4.76976,6.74379,Fall
-0.49659007843796554,0.21108921438349956,0.0003158179088646768,-0.5501858754785955,-0.2657174763210987,-0.3326837512972045,57.878692357969754,-0.2795999433643361,-0.8477625759007741,-0.18756626366940796,3325.4498761252717,0.6320862457769784,616867.8086563239,1.0878414601081314,Fallingbackwardsrightside_p4_2_35sek_20260206_115814.parquet,1,Fall,5.770145,7.743772,Fall
-0.549432911933207,0.24611559841945527,8.41261329357289e-05,-0.6711639886532417,-0.5654987153446732,-0.6057886605594187,10.40022046416158,-0.5879791290601927,-1.060718960812604,1.0069661552901086,3320.8858957275675,0.6272524358282329,181591.3796410195,1.2754312933310383,Fallingbackwardsrightside_p4_2_35sek_20260206_115814.parquet,1,Fall,9.768066,11.74378,Fall
-0.6415257548316141,0.2269423510189284,2.9393119875715567e-05,-0.723927618310193,-0.743693650248598,-0.6804624789499156,2.0467164072719064,-0.7142264994601516,-0.5500969083940275,-0.6984566921308616,3315.142431857985,0.6273615216836004,108502.13242862668,0.9231632044442974,Fallingbackwardsrightside_p4_2_35sek_20260206_115814.parquet,1,Fall,10.768637,12.743751,Fall
-0.6415257548316141,0.22732531848668322,2.368756076597899e-05,-0.7317293648548534,-0.8076467394036516,-0.7025971485626796,0.4394964835532766,-0.7682412547735815,-0.9932476650128446,-0.371230578956177,3316.3493331072364,0.6277408070470905,83094.36110805583,0.6950344983131953,Fallingbackwardsrightside_p4_2_35sek_20260206_115814.parquet,1,Fall,11.770272,13.743768,Fall
-0.6415257548316141,0.2343469037749186,1.6663612278479764e-05,-0.7427713989685274,-0.8081099148168013,-0.7132891638859075,0.5913587445428561,-0.7607793345986646,-0.8193772712412396,-0.2573669821715207,3322.187358511137,0.6281320295570556,80694.78531490515,0.827505873323992,Fallingbackwardsrightside_p4_2_35sek_20260206_115814.parquet,1,Fall,12.768554,14.743719,Fall
-0.5962103995847889,0.20419216545225946,4.646554813440487e-05,-0.7043017904416261,-0.7500314329035425,-0.6770296377592497,2.201368400374612,-0.7104927717581582,-0.9652724133976522,0.6206054462417218,3312.868601180977,0.6278922355713376,81968.98477043983,0.6838388551037453,Fallingbackwardsrightside_p4_2_35sek_20260206_115814.parquet,1,Fall,13.768062,15.743721,Fall
-0.5962103995847889,0.2173929891358971,6.0329431227750216e-05,-0.6909277663816251,-0.35617893961991065,-0.4874952418627019,35.637882765943885,-0.39485389937307824,-0.8407473396863129,-0.14189373132417885,3301.8805476470393,0.626451989398502,236603.8333404959,0.6450983090692913,Fallingbackwardsrightside_p4_2_35sek_20260206_115814.parquet,1,Fall,14.770061,16.743774,Fall
0.18177052472788877,-1.2118636730836743,0.01711067150061165,1.0400648917703283,0.34303044210232936,0.008683446753937651,146.437102927392,0.036550364384612066,-3.9321708072307784,2.0362010085260818,3265.0393149932147,0.6564246151565168,1884307.221238534,1.0443620652723862,Fallingbackwardsrightside_p4_2_35sek_20260206_115814.parquet,1,Fall,15.768227,17.743724,Fall
2.815923426645249,0.37865159325135567,0.0700800056612162,2.924093761322058,2.9071925367949394,2.1142204725877054,3185.1175336077363,3.1560184334307797,0.25099492858327127,-0.34349685107953826,3213.396660426798,1.0143583491636214,17384934.905913625,1.4479469053227065,Fallingbackwardsrightside_p4_2_35sek_20260206_115814.parquet,1,Fall,16.768213,18.74378,Fall
2.815923426645249,1.3687467941955496,0.06239608815746022,2.7139924706148246,2.9071925367949394,2.5582962662535937,2666.201098104814,2.8181788776509245,0.40558305942578504,-0.35998513574901697,3616.4498464542294,0.9186593946052969,30093751.645364422,1.2426111872857355,Fallingbackwardsrightside_p4_2_35sek_20260206_115814.parquet,1,Fall,17.769875,19.743768,Fall
0.8952715824084844,-1.098363720583798,0.0128664665956479,0.7955926001414296,0.8694434573554751,0.34456375100868863,676.3193976327593,1.0149096980556538,-0.47268792146932903,2.0782229159442993,3047.631130128962,0.6483962389874444,2418343.9458625587,1.2309610397277795,Fallingbackwardsrightside_p4_2_35sek_20260206_115814.parquet,1,Fall,18.768195,20.743725,Fall
-0.732701357870723,-1.4758766275098802,0.0003593126381035653,-0.5335249033582228,-0.40188970017998804,-0.5800692917662772,28.479007071461584,-0.439404162797975,-1.050004571297411,-0.49209294159927863,2963.124779535939,0.630679518379274,147891.62953489862,1.0721435909643386,Fallingbackwardsrightside_p4_2_35sek_20260206_115814.parquet,1,Fall,19.767807,21.743743,Fall
-0.732701357870723,-1.3998461508687055,0.0003826504777973533,-0.5250006737100642,-0.5040878514654091,-0.4415069754943048,31.338676629550804,-0.42100335205130063,-0.7012833068857011,-0.807167457775484,2973.277980751757,0.6330932410896448,348948.8110059979,1.1109767165437479,Fallingbackwardsrightside_p4_2_35sek_20260206_115814.parquet,1,Fall,20.768538,22.743736,Fall
-0.7601189333889434,-1.5797034597153563,0.0005034596383813439,-0.4845333849710545,-0.39550959922464035,-0.3184668394420046,48.45524687243419,-0.32511060105833145,-1.2930757933723271,-0.3119448051034534,2926.029328363172,0.6340407779444723,1110598.0999685007,1.1631956553847362,Fallingbackwardsrightside_p4_2_35sek_20260206_115814.parquet,1,Fall,21.768115,23.743734,Fall
0.28167216206626,-1.6931267025945078,0.004923451940291302,0.18694642656709837,0.8121592073425772,-0.2327669033592468,246.74285443407646,0.29033453171497425,-0.3361373370657138,3.01292647380021,2910.670116260244,0.6769239331819861,1268386.9003528962,3.2230274297800254,Fallingbackwardsrightside_p4_2_35sek_20260206_115814.parquet,1,Fall,22.76997,24.743784,Fall
0.28167216206626,-1.6846005460454267,0.005687281584873764,0.2607602308463506,0.8121592073425772,-0.2788796960281475,235.95037510281279,0.265893221006979,-0.4313291193890714,2.0322308099091297,2912.6150447901796,0.6549167345954178,849685.4108776635,1.8791279202405073,Fallingbackwardsrightside_p4_2_35sek_20260206_115814.parquet,1,Fall,23.769929,25.743751,Fall
-0.8628427868788432,-1.7579738935737026,4.559459081224511e-05,-0.7052048114176122,-0.8144755015817348,-0.7066679276277897,0.47980896711407545,-0.7661489457534574,-0.09174521717621377,-0.13016543550807314,2889.0101720571656,0.6269228319129208,78368.56744746947,0.7555614001489612,Fallingbackwardsrightside_p4_2_35sek_20260206_115814.parquet,1,Fall,25.768446,27.743746,Fall
-0.32144842439807375,0.5152614353068479,0.0013791074743798675,-0.27774894084816487,-0.17604011520239943,-0.09524095032321823,138.4943752501543,0.013137563062145504,-2.022156012350039,0.552552182159883,3427.593954161339,0.6381206271740911,1939235.8945599683,1.3465623681524526,Fallingbackwardsrightside_p4_3_35sek_20260206_115904.parquet,1,Fall,0.566594,2.541655,Fall
0.6673757990232108,0.4620935013900535,0.013459689594951618,0.8319659869736769,0.3135039206797219,-0.2673282313391142,129.27871833855758,-0.014885711691764999,-2.725263181102486,3.004021219815586,3384.397084915818,0.690160667433389,728759.6297385824,1.6669877293379125,Fallingbackwardsrightside_p4_3_35sek_20260206_115904.parquet,1,Fall,1.566488,3.54165,Fall
0.6673757990232108,0.35143854370716654,0.013419551206125138,0.8295305130974003,0.3135039206797219,-0.22084927325365933,146.17378319789458,0.035784503426941644,-2.655962861348865,2.9708812842145407,3325.8357446347813,0.7217927331278166,1360526.7713272288,2.110131366654637,Fallingbackwardsrightside_p4_3_35sek_20260206_115904.parquet,1,Fall,2.565982,4.541668,Fall
-0.35785489756385075,0.14178826127379418,0.0014119849111031164,-0.27155809065089775,-0.32505065178329967,-0.4023508555487117,45.84760285154916,-0.3384716065427159,-2.3100855624611527,2.416917814208814,3335.33087695836,0.642184156616944,406446.6851395907,1.4935026990671676,Fallingbackwardsrightside_p4_3_35sek_20260206_115904.parquet,1,Fall,3.565975,5.54166,Fall
-0.36855524143734325,0.3206772285819833,0.0005931398582164858,-0.45757036422650066,-0.3488654455160562,-0.3658818065576949,37.604938785829404,-0.3834176112686861,0.3231922234238228,-0.6474363904249127,3334.3453496198645,0.6280024858033529,901924.847268391,1.3748729432844913,Fallingbackwardsrightside_p4_3_35sek_20260206_115904.parquet,1,Fall,4.566585,6.54167,Fall
-0.45341396782715077,0.34081977041760697,0.0006192736993173725,-0.45010355596332013,-0.3488654455160562,-0.4025720524239507,37.420171888069326,-0.38447889840397587,-0.15630550456615866,-1.0459039482085148,3328.2427348419683,0.6261035379765165,351375.9021539803,1.076834492006889,Fallingbackwardsrightside_p4_3_35sek_20260206_115904.parquet,1,Fall,5.567497,7.541676,Fall
-0.45341396782715077,0.17488279758993938,0.0003878865746409787,-0.5231241876979992,-0.6572196926158138,-0.5423902175990807,9.452167797126759,-0.5985682941646506,0.23583221145506608,-0.37692672995719423,3304.2143733692055,0.6312160911799932,287628.3347066111,1.16449554787358,Fallingbackwardsrightside_p4_3_35sek_20260206_115904.parquet,1,Fall,6.566386,8.541648,Fall
-0.570485469497243,0.21608943026868355,0.00010239422085749582,-0.6578415255099445,-0.6913652528157942,-0.584950486251748,8.237498315084265,-0.6129452335419587,-0.2932299254647846,-0.561908554514783,3315.4454124955523,0.6283367360064828,230726.30659789775,1.2008159741747353,Fallingbackwardsrightside_p4_3_35sek_20260206_115904.parquet,1,Fall,7.566569,9.541646,Fall
-0.4116266631909559,0.305439081697848,0.00046895970582374187,-0.49554096199978914,-0.6675678850392339,-0.6216018789973016,8.744689087942453,-0.6068212404194053,-1.0635872133072668,0.2436986460930592,3323.1006045940526,0.6287264681386416,157718.79519314494,1.282751565256931,Fallingbackwardsrightside_p4_3_35sek_20260206_115904.parquet,1,Fall,8.568535,10.541643,Fall
-0.03146386166850457,0.32230028091542273,0.001375108574024943,-0.27850694853960883,-0.2422453530781172,-0.5056126960805839,43.29528293271301,-0.35192240322168483,0.5023699297866064,1.154619336992349,3328.4477632838116,0.6342816620167654,219016.0607362678,1.3624933483925648,Fallingbackwardsrightside_p4_3_35sek_20260206_115904.parquet,1,Fall,9.568016,11.541702,Fall
-0.03146386166850457,0.3350987341640106,0.0029116956030430735,-0.041063881974705584,-0.2422453530781172,-0.30537220943378507,69.47727613777047,-0.2284130576021053,-0.4381916230025071,-0.36889843220583424,3330.2109809123504,0.6520324283045175,1021271.3821691717,1.8109835444193185,Fallingbackwardsrightside_p4_3_35sek_20260206_115904.parquet,1,Fall,10.56617,12.541646,Fall
-0.1739280288742035,0.3494600475935102,0.002660706306509929,-0.0745200441289376,-0.3513632778854128,-0.22726077707456033,51.59976190785108,-0.30946833660827716,-0.8610976824822824,-0.6126456415039528,3362.5289676083853,0.6546315539054939,1075823.8522893514,1.5430201238286252,Fallingbackwardsrightside_p4_3_35sek_20260206_115904.parquet,1,Fall,11.566443,13.541668,Fall
-0.32237809906442,0.4543944337014842,0.0015591599268905243,-0.24468996175288812,-0.3396586416476667,-0.18332844706760779,53.62252643245744,-0.29965711133494194,-0.46889358967829436,-0.7371046425924574,3373.724488543854,0.6349797657797699,876303.4572258875,1.1916906020649891,Fallingbackwardsrightside_p4_3_35sek_20260206_115904.parquet,1,Fall,12.5663,14.541705,Fall
-0.32237809906442,0.419000457260957,0.0012402832612008073,-0.30474184668630727,-0.3396586416476667,-0.26162344910300817,73.21828848240291,-0.2128307077092494,-0.36646641910878397,-0.672147550540715,3350.714726498871,0.6388769240076994,837301.6298825057,1.5999399982563345,Fallingbackwardsrightside_p4_3_35sek_20260206_115904.parquet,1,Fall,13.568087,15.541687,Fall
-0.4670510265201706,0.16754753469482442,0.0006512153901117448,-0.44118820034737816,-0.38795748017205534,-0.41350596553608765,53.240315196009085,-0.30149662285360646,-0.5843560201204954,-0.462802552481653,3322.5958214726556,0.6395437680740474,744277.1757156166,1.618265600000316,Fallingbackwardsrightside_p4_3_35sek_20260206_115904.parquet,1,Fall,14.567813,16.541702,Fall
-0.47263389372486736,0.2708162904236862,0.0006880118871861427,-0.431184694146476,-0.4030726967583458,-0.40524276077857985,32.85552127300007,-0.4115836914289591,-1.0609806337218857,-0.37727275232981106,3356.8695641506038,0.6348028629423538,434989.5996241382,1.2288104192256357,Fallingbackwardsrightside_p4_3_35sek_20260206_115904.parquet,1,Fall,15.56648,17.54165,Fall
-0.2641933252998885,0.362397851625249,0.001166521752241617,-0.31970049194517747,-0.41584978190799476,-0.34765831630768157,28.32130138159074,-0.4404452429333026,-0.06581172147255049,-0.4603462100930471,3319.5813234261973,0.6339162355437266,753437.016875528,1.4817123500239262,Fallingbackwardsrightside_p4_3_35sek_20260206_115904.parquet,1,Fall,16.567787,18.541643,Fall
-0.25191675893636634,0.36062636509788143,0.001399309833424231,-0.2739361925542799,-0.41584978190799476,-0.3342936839406074,32.58027129022208,-0.41327659532090505,0.04584538341176413,-0.3983474614420727,3313.943688220317,0.6280725313200825,547659.3982017433,1.1782803948693872,Fallingbackwardsrightside_p4_3_35sek_20260206_115904.parquet,1,Fall,17.567891,19.541702,Fall
-0.25191675893636634,0.3246313688880837,0.0011782489127822747,-0.31729127471659774,-0.4297062753491568,-0.3154960987253245,30.969328241220545,-0.42333132494495596,-0.8970460093725365,0.058903697626244624,3350.5542594285466,0.640401395674348,560353.2245001005,1.119774697207025,Fallingbackwardsrightside_p4_3_35sek_20260206_115904.parquet,1,Fall,18.567752,20.541655,Fall
-0.31977551281673955,0.2937182678054929,0.0009668913473611503,-0.36274304543257924,0.0047182279808968,-0.07949897214837995,111.23470302419278,-0.0728127669489242,-0.6367780796554174,0.11019571996697627,3359.1759972619016,0.6395496550527705,1986691.549710672,1.7594948560025574,Fallingbackwardsrightside_p4_3_35sek_20260206_115904.parquet,1,Fall,19.566436,21.541681,Fall
-0.27926528799292616,-1.5968053471179837,0.018451467318697352,1.1108069739422817,1.264869643988731,0.9483972183109398,1206.789044743407,1.6293456913553395,-2.679416578910377,-0.03946716907120408,3267.101541547556,0.6837059970082542,12742897.411424998,1.6380238540560443,Fallingbackwardsrightside_p4_3_35sek_20260206_115904.parquet,1,Fall,20.567108,22.541661,Fall
-0.33485505755205763,-1.6191218585510014,0.00144873575116291,-0.2647225885353494,0.45173761095201265,0.18953336798779002,323.94694693839006,0.451492727593915,0.7084330406282153,0.14703051819971955,2875.369669348506,0.6308426626978562,1290963.5317128275,0.8930114783893884,Fallingbackwardsrightside_p4_3_35sek_20260206_115904.parquet,1,Fall,23.567835,25.54165,Fall
-0.502018681107611,-1.8212775127429581,0.0010989363908645777,-0.33382765209725335,-0.4717431338664566,-0.46058630092081787,32.885126305653664,-0.4114020310179527,0.39636339271762216,0.05139154316972184,2902.2122616242896,0.6500428798927002,640845.6190250688,1.558849586875821,Fallingbackwardsrightside_p4_3_35sek_20260206_115904.parquet,1,Fall,24.568224,26.541643,Fall
-0.6889840457832916,-1.9265717678902596,0.00038648145691241566,-0.5236264968628062,-0.4766320933114094,-0.6265517797534829,18.125206013462165,-0.5153369582338666,-0.9726324619038883,2.348604867243866,2861.845186192111,0.627698368997441,94068.99266158693,0.6998423106840848,Fallingbackwardsrightside_p4_3_35sek_20260206_115904.parquet,1,Fall,25.568068,27.541646,Fall
-0.5750249829696452,-0.08610966162765818,0.0002069565740409331,-0.5978116054864873,-0.6828482972549494,-0.619457389199714,7.195431528832045,-0.6261500090032893,-0.4336724817970653,-0.2588236558198375,3246.6987655743237,0.6281545901448096,164272.61617936793,1.2344318945999806,Fallingfromchair_p1_1_35sek_20260204_154003.parquet,1,Fall,0.840587,2.815279,Fall
-0.4991096184811812,-0.15632141033731098,0.00034518561748839686,-0.5388198838943414,-0.46066277169559927,-0.6132855955906069,21.12457030859182,-0.49150059139563107,-1.8852936666706415,2.637933160762934,3232.6091039721914,0.6309083602667952,315824.5058094515,1.931851757141745,Fallingfromchair_p1_1_35sek_20260204_154003.parquet,1,Fall,2.841361,4.815288,Fall
-0.5199057398118201,-0.20455340815672324,0.0002577252728582214,-0.574347661293707,-0.46066277169559927,-0.627758691305293,13.34663713458494,-0.557839117134693,0.14682720784400952,0.7342956403137921,3210.5754954904774,0.6263182632185784,136735.26803122697,1.1090019022612845,Fallingfromchair_p1_1_35sek_20260204_154003.parquet,1,Fall,3.839984,5.81532,Fall
-0.3904143658264958,-0.026784869695567246,0.0008407626049470234,-0.39227234301050923,0.12166257467094121,-0.10019444278027363,294.08736530849944,0.39171822383466604,0.9427087998495909,-0.5199234985812915,3179.978286728025,0.6184790327636432,1293588.788075181,1.4851346259017582,Fallingfromchair_p1_1_35sek_20260204_154003.parquet,1,Fall,4.841863,6.815325,Fall
-0.3904143658264958,0.2339289108797697,0.0009076349389522449,-0.37635986689886475,0.12166257467094121,0.11038521246154492,215.04943936396364,0.2169146667585447,0.04106254477962591,-1.0631510532491761,3413.9266481324034,0.6469059451062596,2183133.218266677,1.2964912859282747,Fallingfromchair_p1_1_35sek_20260204_154003.parquet,1,Fall,5.841489,7.815325,Fall
-0.22855775552904445,0.33719605627182475,0.001181907675398887,-0.3165420779880142,-0.24079986515332755,-0.2870928740284297,49.593899656196136,-0.31938938365592595,0.5824592863501573,-0.3404236834802381,3323.7545504558743,0.6372848855725901,1023564.5728494875,1.4214818179524242,Fallingfromchair_p1_1_35sek_20260204_154003.parquet,1,Fall,6.839887,8.81532,Fall
-0.22855775552904445,0.38881751063838543,0.0016237965110054186,-0.23329225818998425,-0.24079986515332755,-0.39461405242032827,43.645927783448826,-0.3500514314605599,0.8547026200153833,-0.5062898250880529,3366.5543095741596,0.6411121106379005,375990.3615265626,1.5289852538301276,Fallingfromchair_p1_1_35sek_20260204_154003.parquet,1,Fall,7.841637,9.81532,Fall
-0.2409518219979495,0.26172410013280495,0.0015643161749297485,-0.24377216445926003,-0.4419092375661523,-0.41698430875407916,30.167624233332493,-0.42843265264864094,0.6840660013005209,-0.39233941999182576,3317.966771169724,0.6406777669104571,659431.570833425,1.0790165432159555,Fallingfromchair_p1_1_35sek_20260204_154003.parquet,1,Fall,8.841572,10.815267,Fall
-0.2844237256420208,0.12909061527089719,0.0008686364366882983,-0.38556545121591507,-0.4419092375661523,-0.5586600566576381,31.45435526987476,-0.42027706323137304,0.6581896371509586,0.5230564801154062,3293.777454985589,0.6342556368407916,222574.73577650788,1.647763264198573,Fallingfromchair_p1_1_35sek_20260204_154003.parquet,1,Fall,9.839856,11.815308,Fall
-0.611325460897974,-0.04079667733764525,9.387478047467572e-05,-0.6638924187046129,-0.7128680125433353,-0.6929602076044528,4.269903977358815,-0.6694957670481572,-0.14394890993523868,-0.7472491127218337,3264.9436494960387,0.629478695528244,101607.804950427,1.5140907889462634,Fallingfromchair_p1_1_35sek_20260204_154003.parquet,1,Fall,10.840868,12.815305,Fall
0.18859458325901385,-0.09180190077211403,0.0030813283890461724,-0.019263594990216727,-0.4499015282580506,-0.5307016356831074,29.486888820760225,-0.4328177121071335,2.530362601213681,1.9663221888752234,3240.8489368345,0.6520508744434368,354046.3006006905,1.8296019686727278,Fallingfromchair_p1_1_35sek_20260204_154003.parquet,1,Fall,12.840457,14.81532,Fall
0.25139000599968214,-0.26474589682330707,0.004776481062436914,0.17210104711864777,-0.32742490735372,-0.5440326464962146,33.535052562623484,-0.40743440265408765,1.1491692740050414,0.8002978916054386,3221.7668743110025,0.6673196828718194,266064.3475890538,2.0531794413607574,Fallingfromchair_p1_1_35sek_20260204_154003.parquet,1,Fall,13.839556,15.815272,Fall
0.3034906914650775,-0.2878829400702038,0.005567215415744059,0.24950133748410622,0.008830434911392822,-0.41897209997346435,84.7689278120569,-0.16708002958759557,1.059650913045615,0.5597707544310772,3182.106234460804,0.6530699433888169,524710.1020771947,1.7358282053533167,Fallingfromchair_p1_1_35sek_20260204_154003.parquet,1,Fall,14.839719,16.815279,Fall
0.3034906914650775,-0.20375313848483323,0.0033558356922963935,0.01478014936448104,0.008830434911392822,-0.3191447929809523,75.10900056473865,-0.20510682950292558,2.092651198422289,2.0669399905244883,3238.355102270294,0.6629199584701911,653776.2152638214,1.9572545050800838,Fallingfromchair_p1_1_35sek_20260204_154003.parquet,1,Fall,15.83988,17.815267,Fall
0.056220726588175556,-0.1950782490624096,0.0033481070914575415,0.01384114476806659,1.5281453004819647,0.38159883747246703,996.5065106727587,1.4062070760487935,0.6104427151264697,-0.07748809284463604,3140.289120021617,0.6330413455470164,3648781.3650403414,1.6864296420282652,Fallingfromchair_p1_1_35sek_20260204_154003.parquet,1,Fall,16.839909,18.815261,Fall
-0.1559850215634165,-0.9467606548432241,0.004313703590021233,0.12379977026680775,0.20357356240835925,-0.31638451200966766,124.79356371727381,-0.0288856918646994,-1.732041121341891,0.7020491739400909,3090.9485806859852,0.6524276694475286,420230.2898198741,1.2824914256348539,Fallingfromchair_p1_1_35sek_20260204_154003.parquet,1,Fall,19.840154,21.815272,Fall
-0.5302454857750851,-0.8497201548539424,0.0011495724974467114,-0.3232040338741443,-0.5316861387516978,-0.5879653508630364,15.00612909087462,-0.5423268464991168,-0.2632745424980906,-0.7872691306292011,3086.099405797384,0.6354168213156246,173295.95557179887,1.2770114248335411,Fallingfromchair_p1_1_35sek_20260204_154003.parquet,1,Fall,20.842298,22.815298,Fall
-0.6447391239769164,-0.8534430034249523,0.0005051671999885693,-0.4839985211840962,-0.43340595516262514,-0.5249242669970512,27.840839247417993,-0.443634966438954,-0.8902318688740056,-0.36878345714385125,3084.2402509974104,0.633561388017681,430356.30415881675,2.1021209818819173,Fallingfromchair_p1_1_35sek_20260204_154003.parquet,1,Fall,21.842142,23.815325,Fall
-0.5938289580170442,-0.7015817867992693,0.0005650297195335847,-0.46578788510963515,-0.10638036033605512,-0.4194676857237243,67.09786102108998,-0.23854313116126014,-0.8211208483696545,-0.37901152821221157,3096.945686664666,0.6300158338906259,374142.6333094595,1.462206938336364,Fallingfromchair_p1_1_35sek_20260204_154003.parquet,1,Fall,22.841431,24.81532,Fall
-0.4574428460017682,-0.5151897481420199,0.0013000382218246252,-0.29294701940493845,1.3300603017815926,0.2794219556648887,886.1736852990189,1.2796417116244263,-0.5453116873211759,-0.6133120838174545,3090.781622494696,0.6313274666144651,3029702.0629088115,1.9446876218267082,Fallingfromchair_p1_1_35sek_20260204_154003.parquet,1,Fall,23.841419,25.815298,Fall
-0.7969094498173155,-1.112688105101732,3.1810090932471095e-05,-0.7208536387465471,-0.7689678498761205,-0.6897611738411554,1.1602438663767705,-0.7390980224858446,-0.11161362154482338,-0.5705610280903852,3028.9039521583327,0.6271344948681272,89188.48525939559,0.7072351742703694,Fallingfromchair_p1_1_35sek_20260204_154003.parquet,1,Fall,30.941714,32.915279,Fall
-0.8418650841362668,-1.0998391363941786,2.047146158602595e-05,-0.7365470692467547,-0.818630003387536,-0.7084127420958248,0.36720764071323003,-0.7722495813681098,-2.122431774460885,-0.5192907387567856,3029.270193153358,0.6269474549561526,77011.8756233219,0.7233909145330957,Fallingfromchair_p1_1_35sek_20260204_154003.parquet,1,Fall,31.941346,33.91529,Fall
-0.8361639107378316,-1.0811099180726198,1.689302213692036e-05,-0.7423774342469516,-0.8192601158769298,-0.7171456541783165,0.4433601068297722,-0.7680366751111029,-2.0871556605638144,-0.6809007398895454,3035.756179508548,0.627737065797073,74834.23015024951,0.7754559230741787,Fallingfromchair_p1_1_35sek_20260204_154003.parquet,1,Fall,32.939515,34.915294,Fall
-0.802552476535578,-1.080131568283302,2.2509017158557172e-05,-0.733454439975957,-0.8099821978519185,-0.7088302478092252,0.5626412631238279,-0.7621094483850442,-0.9245883403499052,-0.5294288706463605,3035.620740662375,0.6280598293134868,83322.71323493721,0.8082451111625616,Fallingfromchair_p1_1_35sek_20260204_154003.parquet,1,Fall,33.940054,35.941763,Fall
-0.6560062681322921,-1.1067470091134475,0.00022249296980502507,-0.5903523203879104,-0.3211289802582844,-0.6292302906510835,27.8666188929794,-0.4434631233747172,-0.19378050501177294,0.7812967355382107,3040.2529415320005,0.6292334399797451,115442.05065017146,1.0744224128421804,Fallingfromchair_p1_1_35sek_20260204_154003.parquet,1,Fall,34.939995,36.939774,Fall
-0.47032283765036303,-0.21603812597833638,0.00048089414628503123,-0.491688714726958,-0.7266166934806135,-0.6677579289664292,3.491116883410872,-0.6834215541960051,-1.4090826684964959,1.4895780640803788,3230.9421762574884,0.6305966255308613,93823.69487388166,0.8742728045091236,Fallingfromchair_p1_2_35sek_20260204_154120.parquet,1,Fall,0.100708,2.075946,Fall
-0.5398280061431826,-0.2257630795932689,0.00020696165889318489,-0.5978091191896503,-0.6970010150039784,-0.6504228807718034,5.188085187176545,-0.6546242879352792,0.5340545833827032,-0.1300336187856779,3215.7173804631066,0.6297889837352642,143547.9298440961,1.0245516031261408,Fallingfromchair_p1_2_35sek_20260204_154120.parquet,1,Fall,1.10072,3.075926,Fall
-0.5398280061431826,-0.20461798791325608,0.0002758318748568535,-0.5665486248935997,-0.6970010150039784,-0.6217986567854572,6.112376616874967,-0.6409332413266905,0.7934245717225733,-0.09293792162532179,3223.727061551925,0.6310596554257056,175296.47601339445,1.2466029894774335,Fallingfromchair_p1_2_35sek_20260204_154120.parquet,1,Fall,2.10224,4.075912,Fall
-0.5398280061431826,-0.2509069205481061,0.00041203809607464714,-0.5146284446284644,-0.5475871652381001,-0.5905848043489766,16.559266899539033,-0.5285690891416835,-1.0071560578889758,0.19187445692641603,3210.9516010652237,0.6309198481404032,216103.72293287484,1.5716503089571876,Fallingfromchair_p1_2_35sek_20260204_154120.parquet,1,Fall,3.100922,5.075904,Fall
-0.5872871889711457,-0.2770849030825336,0.00037136728737139366,-0.5290884319585235,-0.5475871652381001,-0.6411327987685624,18.049590156067833,-0.5159624502888391,-1.4053064227303853,0.19638707538289452,3214.8144452710676,0.6315210656047926,178047.3720016157,1.741640884689571,Fallingfromchair_p1_2_35sek_20260204_154120.parquet,1,Fall,4.100724,6.0759,Fall
-0.6153125167119176,-0.2710035962051564,0.00017256065998101343,-0.615393687818819,-0.7747432795586287,-0.7054535865989253,2.2595571118344377,-0.7091220565928651,-0.2324410971305331,-0.7359377197573488,3200.0331476927577,0.6288290054014887,85537.28799486424,1.112724190277309,Fallingfromchair_p1_2_35sek_20260204_154120.parquet,1,Fall,5.100546,7.075958,Fall
-0.648156154881869,-0.27287555617159504,0.00010432882982159391,-0.6565029729916229,-0.7747432795586287,-0.689129304154175,1.4291692736380817,-0.7307721298152983,-0.3150218707079003,-0.6006953238576237,3205.8733044593964,0.6287030431875997,95840.77577356952,0.8999438931042136,Fallingfromchair_p1_2_35sek_20260204_154120.parquet,1,Fall,6.102042,8.075963,Fall
-0.6768131639808098,-0.2816916211900606,4.3571404824764504e-05,-0.7073363639924893,-0.7950320440386326,-0.7064376248536691,0.6507726869571923,-0.7581263139392597,-0.06775124478438464,-0.692523146818435,3204.6884551828884,0.6277649849047126,76014.61426230411,0.6723591922589159,Fallingfromchair_p1_2_35sek_20260204_154120.parquet,1,Fall,7.100802,9.0759,Fall
-0.6685177850703777,-0.277613956470072,3.092744406713328e-05,-0.7219622158933844,-0.7954287074624129,-0.7077160609369967,0.5992383469661642,-0.7604200521514896,0.5716799978460502,0.06894598433237188,3210.204324953414,0.6284360165811815,86256.9236404952,0.7632992718308058,Fallingfromchair_p1_2_35sek_20260204_154120.parquet,1,Fall,8.10295,10.075896,Fall
-0.6685177850703777,-0.31212769435470694,2.899348367969607e-05,-0.7244479049468479,-0.7954287074624129,-0.704213795869089,0.6157192000373773,-0.7596761413719091,0.43391262967564115,0.6693005386119926,3197.5233977756197,0.627618379694135,72502.535807943,0.6774126073509398,Fallingfromchair_p1_2_35sek_20260204_154120.parquet,1,Fall,9.102266,11.075951,Fall
-0.7156879308158259,-0.3261844003977091,2.6417462218379356e-05,-0.7278914124692504,-0.8230516637862143,-0.7089179526793,0.21218106186817562,-0.7824761078912148,-0.41171136937188907,-0.226306926064631,3195.9105835880014,0.6279196354237365,82000.2501311463,0.7120922489050103,Fallingfromchair_p1_2_35sek_20260204_154120.parquet,1,Fall,10.100704,12.075926,Fall
-0.7097607919001618,-0.28811213365554006,2.7748953703224405e-05,-0.7260915551797974,-0.8230516637862143,-0.7097705197011757,0.1591124683955381,-0.786820291913379,-0.2674605118008532,-0.3342288189156153,3203.5036942969655,0.6278730113109016,77004.71132707667,0.6688549581636725,Fallingfromchair_p1_2_35sek_20260204_154120.parquet,1,Fall,11.102142,13.075932,Fall
-0.7097607919001618,-0.29044991732757264,2.1985215282561326e-05,-0.734235626299852,-0.8256489461145992,-0.7122707757827047,0.09708114823003929,-0.7929634758460181,-0.18258381588191702,0.1355647042079737,3204.0439221777024,0.6276877968742446,74830.0657068027,0.6428973643692076,Fallingfromchair_p1_2_35sek_20260204_154120.parquet,1,Fall,12.104143,14.075958,Fall
-0.7097607919001618,-0.27941713686231595,2.130652962053316e-05,-0.7352617775770081,-0.7902860922233336,-0.7087684581416684,0.7765198955658726,-0.7528845654603926,-0.006560705547477369,-0.166950867553768,3203.1406549332382,0.6273026995370589,86877.24876125815,0.7331433954797901,Fallingfromchair_p1_2_35sek_20260204_154120.parquet,1,Fall,13.100665,15.075953,Fall
-0.6673052759303315,-0.4850833199154762,0.0006625692158485125,-0.4380720664392816,-0.0217689011786696,-0.3745569932900217,147.75883457245743,0.040384237840039215,-3.6894076349021843,1.6561329518513852,3217.9366432351717,0.633666845610125,368453.8771476586,1.2290345944744314,Fallingfromchair_p1_2_35sek_20260204_154120.parquet,1,Fall,14.10203,16.075917,Fall
-0.28073850607703993,-1.0288975893692667,0.0022554803175598697,-0.13206202476062096,0.6461043614143095,0.15195863707514437,269.67261327312605,0.34054782416409607,-0.8925896951060635,-0.632407681469197,2994.565720920837,0.63557141085754,2025027.2540764217,1.3195445125859082,Fallingfromchair_p1_2_35sek_20260204_154120.parquet,1,Fall,15.1022,17.075905,Fall
-0.09586075813229392,-0.45731937919891913,0.004943866491452825,0.188990857362589,1.5909162101688694,0.8298612473753781,592.9804748288685,0.8984670980014613,-1.91914053089176,0.5836197992347268,3188.3710592499774,0.6450943021109612,8404529.036225324,1.3948883021052605,Fallingfromchair_p1_2_35sek_20260204_154120.parquet,1,Fall,16.102227,18.075936,Fall
-0.09586075813229392,0.046087582208876224,0.007424517156683459,0.41201839218145286,1.5909162101688694,1.149023242749327,477.8264176801175,0.7231331773122944,-2.1112662579979538,0.2533798230076378,3204.7795029047275,0.6757969575831592,9433488.596621985,1.6844006813602705,Fallingfromchair_p1_2_35sek_20260204_154120.parquet,1,Fall,17.101809,19.075905,Fall
-0.09939630183513838,-1.5980847798588427,0.01815202322978467,1.0952369226111427,2.2748039422421287,1.4215155598188196,1052.0526281849352,1.4672704932852418,-1.5928822178898048,-0.3955413224898703,3233.343196620071,0.744554149580979,7026887.2602516655,1.4176558733139515,Fallingfromchair_p1_2_35sek_20260204_154120.parquet,1,Fall,18.100475,20.075917,Fall
-0.2953132876149516,-0.5003448164847698,0.0015716586846279007,-0.24246782552523397,0.3587133263203586,-0.3750293678723107,135.39945369766178,0.00383340286372901,-1.7536384575208506,2.2791353601881297,3148.060464189897,0.6502246159289192,1225016.4183896098,3.075186182075247,Fallingfromchair_p1_2_35sek_20260204_154120.parquet,1,Fall,21.100236,23.075905,Fall
-0.2953132876149516,-0.9065327437348037,0.0016656090090419165,-0.22603975220236694,0.3587133263203586,-0.3468464138038707,150.22167370908323,0.047482590177359625,-1.206685639491063,1.2209377034909203,3064.445116965209,0.631144142671682,345539.2013135037,1.5186791807488096,Fallingfromchair_p1_2_35sek_20260204_154120.parquet,1,Fall,22.100263,24.075908,Fall
-0.4874936916992809,-1.062591089509696,0.0012155595043045512,-0.3097049304580333,-0.307751836911732,-0.4706534801255488,39.6864996684796,-0.37163681803871845,-0.31141709150737706,-0.5859031297747065,3035.8038477943423,0.6348362051855193,509247.26201989385,1.6690666216995838,Fallingfromchair_p1_2_35sek_20260204_154120.parquet,1,Fall,23.100278,25.075955,Fall
-0.4874936916992809,-1.1744196903942632,0.0011436096328328847,-0.32444273906986903,-0.6071370146712378,-0.5182273708640673,10.256150359447567,-0.5895562363088488,0.013789995090107867,-0.6082428831673006,3027.349072032601,0.6432941264231903,300111.8196397174,1.3125445100009674,Fallingfromchair_p1_2_35sek_20260204_154120.parquet,1,Fall,24.100527,26.075896,Fall
-0.5962103995847889,-1.2499057635377282,0.0006414412473065702,-0.44389260772062894,-0.4533548376707382,-0.4374020210594705,19.483015057476308,-0.5043195402800938,0.10878169243354809,-0.5048463331458589,3013.5481574760197,0.6368408449703369,424737.12049526087,1.146721842114733,Fallingfromchair_p1_2_35sek_20260204_154120.parquet,1,Fall,25.100714,27.075946,Fall
-0.5962103995847889,-1.1149068740750268,0.0006545960141529325,-0.4402575448894855,0.07403435130947655,-0.07679927375516526,131.8854286773373,-0.006860562208658454,0.08565284983416445,-0.6709562201960375,3026.610890913452,0.635565629459532,1791200.891333756,1.8530494111291083,Fallingfromchair_p1_2_35sek_20260204_154120.parquet,1,Fall,26.100158,28.075958,Fall
-0.6393180564657146,-0.9620520590778201,0.000588611442719339,-0.45888080059740427,0.07403435130947655,-0.09528008287311772,141.74852585157387,0.02280896391820973,-0.42182045136482343,-0.7951443827788619,3071.5529067923894,0.634616283320742,1404080.2036222345,1.8324338267576799,Fallingfromchair_p1_2_35sek_20260204_154120.parquet,1,Fall,27.101971,29.075904,Fall
-0.496783834963571,-0.40087147778356924,0.0006944089560534125,-0.42947312688912215,-0.01605634314984426,-0.21314588152442357,143.0323720588436,0.026594003314267305,-0.6894668574488082,-0.20874546645138484,3210.212610320757,0.6405545780446097,667147.0201881808,1.1877707995494995,Fallingfromchair_p1_3_35sek_20260204_154248.parquet,1,Fall,0.817595,2.791279,Fall
-0.5631933506470853,-0.23683194888207973,0.00029119589605518747,-0.5601295193296145,-0.679793339757751,-0.6343554641100652,4.200473523583352,-0.670682666677144,0.36474129891706303,-0.5134136381685365,3209.519028170316,0.6285265893867925,133586.6049870466,0.8669445608318314,Fallingfromchair_p1_3_35sek_20260204_154248.parquet,1,Fall,1.817549,3.791275,Fall
-0.6063471675239546,-0.2767933960619972,0.00011387547437478001,-0.6500723210852996,-0.7224051228119598,-0.639597249768563,3.376033880812693,-0.685606546275955,0.47574155226623804,-0.18948219469692396,3193.9858114452777,0.6257673368997336,164676.2264311424,1.07086079351483,Fallingfromchair_p1_3_35sek_20260204_154248.parquet,1,Fall,2.815978,4.791286,Fall
-0.6725621508046875,-0.2746042335785986,4.199966886750739e-05,-0.7090266738841119,-0.7224051228119598,-0.669167096285291,3.674197411879601,-0.6800184777060366,-0.789448883033867,0.06416606483469876,3211.9560321027056,0.628044065651061,90639.26512488174,0.6888201287725959,Fallingfromchair_p1_3_35sek_20260204_154248.parquet,1,Fall,3.81709,5.791274,Fall
-0.7034347249489619,-0.263649143875561,2.487847431910063e-05,-0.7300292491420928,-0.8377676978536363,-0.7294122313089033,0.1355912967350245,-0.7889776611263782,-0.3962525632636061,-0.334010506047933,3203.716000898246,0.627077796255896,67985.71740935843,0.6994009089452534,Fallingfromchair_p1_3_35sek_20260204_154248.parquet,1,Fall,4.817352,6.791279,Fall
-0.5946226165429697,-0.3085586068834984,0.00011484202756964081,-0.649436538030862,-0.633451142768984,-0.6905937284486774,6.714152765823699,-0.632571211560673,-0.6539556601494715,1.8993886044203228,3209.938976930828,0.6291621095964222,64388.449216113666,0.6286823967320031,Fallingfromchair_p1_3_35sek_20260204_154248.parquet,1,Fall,5.815803,7.791243,Fall
-0.43027486560601413,-0.3066536461090594,0.00042012507519671445,-0.5118396333832654,-0.6307791663208276,-0.611157929305247,14.776415028992842,-0.5444210633021996,0.0556862568255577,0.7241901555379892,3208.8663669608723,0.6339220277356516,186363.14597526277,1.6072239012119287,Fallingfromchair_p1_3_35sek_20260204_154248.parquet,1,Fall,6.815725,8.791286,Fall
-0.43027486560601413,-0.20214231699895382,0.0006793985403809212,-0.43350185702259914,-0.6307791663208276,-0.5887247362379314,13.434197975814902,-0.5569973147071933,-0.22076921039516756,-0.43711716344640955,3217.675283258459,0.6369016317168449,312319.5231757555,1.413702333946354,Fallingfromchair_p1_3_35sek_20260204_154248.parquet,1,Fall,7.817058,9.791286,Fall
-0.5230244437045963,-0.1636981692597957,0.0004309725691464884,-0.5081406663635787,-0.6814705870317105,-0.6535814139607455,6.843409790320973,-0.6308246656499384,-0.2942206704842807,-0.3084905095558951,3229.444933724352,0.6337479212703407,121751.21326066737,1.3145713746853351,Fallingfromchair_p1_3_35sek_20260204_154248.parquet,1,Fall,8.815935,10.791286,Fall
-0.6258973127708342,-0.222789254301567,0.0001369821985172597,-0.6355438916932793,-0.7967744035616452,-0.6982899644666678,1.2713830763698695,-0.7355511624366149,-0.12436929386715798,-0.7098688032069704,3223.929974169416,0.6296450320739267,86623.07099600982,0.872777375358514,Fallingfromchair_p1_3_35sek_20260204_154248.parquet,1,Fall,9.815822,11.791286,Fall
-0.6258973127708342,-0.2774745306108675,9.60831135546317e-05,-0.6622984669946265,-0.7967744035616452,-0.7132483259194068,1.507655587127984,-0.7284933339869643,0.24442913257364432,-0.21765289440298283,3205.1101887275345,0.6282484369047022,82185.65662035019,1.0960591798655845,Fallingfromchair_p1_3_35sek_20260204_154248.parquet,1,Fall,10.816219,12.791243,Fall
-0.7013962194131925,-0.2827659744597148,4.171111784417124e-05,-0.7093404099670094,-0.8019316433582228,-0.7184347417031389,0.740573369130815,-0.7543366536736504,-1.2826899403786676,-0.11511244361573095,3203.9410826144685,0.6275690472907126,72878.61817250137,0.7451250685245979,Fallingfromchair_p1_3_35sek_20260204_154248.parquet,1,Fall,11.815467,13.791294,Fall
-0.7034347249489619,-0.2846765976213353,1.9884274031941132e-05,-0.7374666028814282,-0.8227148697900882,-0.7078755573053713,0.14499880905561977,-0.7880939478191286,-1.139482790801366,-0.07953086182999584,3210.094082744969,0.6286103886033767,78107.18743475479,0.6541211774442692,Fallingfromchair_p1_3_35sek_20260204_154248.parquet,1,Fall,12.815704,14.791241,Fall
-0.6950835271876286,-0.30449819885493834,2.552551090404278e-05,-0.7291226041568325,-0.8227148697900882,-0.7089882333665576,0.12578052591318548,-0.7899325701561495,-0.6346785921521799,-0.5775263937718035,3192.8109824537746,0.6266539827660799,83336.86558271719,0.6884607689136659,Fallingfromchair_p1_3_35sek_20260204_154248.parquet,1,Fall,13.815588,15.791279,Fall
-0.6950835271876286,-0.2977941076206228,2.55962842837814e-05,-0.7290241352969833,-0.8266357941519052,-0.7061692354633576,0.16265248428510368,-0.7865097972504762,-0.711359261303528,-0.8747902261686687,3205.229482070356,0.6282150589702042,74490.77397389937,0.6226052286969603,Fallingfromchair_p1_3_35sek_20260204_154248.parquet,1,Fall,14.816157,16.791239,Fall
-0.30123089244628665,-0.43427849256938034,0.002092564949765482,-0.15664436333319032,1.813044271041117,-0.16744448529431785,829.5439555975648,1.211612964632794,-3.956878364559514,3.0020186532372106,3229.92013821741,0.6315204504222736,521467.1210147438,1.9349973433616674,Fallingfromchair_p1_3_35sek_20260204_154248.parquet,1,Fall,15.816017,17.791289,Fall
-0.30123089244628665,-0.8220473494145055,0.0036651478618702554,0.051511372287901355,1.813044271041117,0.4921113727044207,824.6209324597526,1.2055907714262355,-1.6976369643329794,-0.30611106744500616,2996.3044546611513,0.6429916772843458,8541831.07541977,2.0548877210312075,Fallingfromchair_p1_3_35sek_20260204_154248.parquet,1,Fall,16.815746,18.791318,Fall
-0.19916972208261047,-0.25027522238008687,0.0009119306652035033,-0.3753580578299897,0.5833103024250227,-0.3234910054162341,221.02466672941605,0.23115093639450557,1.0263707881782238,2.070152328806942,3233.5583275157237,0.6341417367765134,554987.2579768171,2.1017221658249836,Fallingfromchair_p1_3_35sek_20260204_154248.parquet,1,Fall,19.816322,21.791306,Fall
-0.3904143658264949,-0.4117456373610508,0.0007492117886638675,-0.4151219788874808,-0.10533017464546503,-0.34654021716112837,148.9225166862602,0.043745495430862126,-0.2823361212382997,0.2871518161628315,3150.7122076561996,0.627030133887582,842816.4907353277,2.409088671526881,Fallingfromchair_p1_3_35sek_20260204_154248.parquet,1,Fall,20.817422,22.791269,Fall
-0.3904143658264949,-0.49567560658388893,0.0006466689622703701,-0.4424436083369458,-0.10533017464546503,-0.25493584928159735,146.75489270836158,0.03747373417670014,0.05242246607537297,0.8229828787445297,3145.406037085238,0.6357887504894799,1154151.46312971,2.288483867556434,Fallingfromchair_p1_3_35sek_20260204_154248.parquet,1,Fall,21.815759,23.79126,Fall
-0.632101340193138,-0.5317320425005891,0.00021670031460854444,-0.5931020576240793,-0.19646923797745147,-0.48831680509595976,72.92903160013688,-0.214021127700052,-1.8992725202613945,0.5784262670752209,3171.3339721070593,0.6307146941662372,275493.3643555267,1.329150790828431,Fallingfromchair_p1_3_35sek_20260204_154248.parquet,1,Fall,22.816015,24.791286,Fall
-0.664477521962217,-0.42814441797826824,6.346788794592593e-05,-0.688121510037814,-0.4944311410083529,-0.6367423906946276,14.852912206274253,-0.5437218710573287,-0.027136262254012982,-0.18595423946846612,3180.6222939938234,0.6294889440844615,245242.20406977524,1.852224658448419,Fallingfromchair_p1_3_35sek_20260204_154248.parquet,1,Fall,23.817481,25.791301,Fall
-0.5700909678129625,-0.32435255001024443,0.00017740254054945115,-0.6128188777845279,-0.2657103444584042,-0.37541284930129504,44.288572967681894,-0.3466418094829085,1.2897248024681356,0.3211393165964997,3171.994652994395,0.6245772512613872,396452.9270776018,0.9311680898926656,Fallingfromchair_p1_3_35sek_20260204_154248.parquet,1,Fall,24.817308,26.791294,Fall
-0.5498254266674739,-0.527266524133423,0.0005418357767576914,-0.4727234671819651,0.06123463322424917,-0.00227681140932679,129.16979506237647,-0.015222801336865472,-0.14753104956853047,-0.6675740194150122,3181.8069911998637,0.6362563890170441,2792063.448193176,1.5093156848645912,Fallingfromchair_p1_3_35sek_20260204_154248.parquet,1,Fall,25.81738,27.791301,Fall
-0.6620553281719275,-1.5825852871943278,0.00030624882417686544,-0.5540026514945441,-0.6935503365894669,-0.6496985891740158,5.051249604416916,-0.6567518615517045,1.0470519571719206,0.371579484660401,2921.0465182527264,0.6292973008159828,135557.19433565886,1.0689482502080985,Fallingfromchair_p4_1_35sek_20260204_152131.parquet,1,Fall,1.279569,3.255017,Fall
-0.7675735172457245,-1.5687197682758027,0.00013711206412974098,-0.6354658590846568,-0.6992622742212881,-0.6940790696261787,2.6071277187800193,-0.7012784539789441,-1.7018415958322335,2.178654864893837,2932.492939321792,0.6276534413045822,76785.749975218,0.6889542797918005,Fallingfromchair_p4_1_35sek_20260204_152131.parquet,1,Fall,2.280683,4.254995,Fall
-0.7171199573421808,-1.5404087239707525,0.00032437908241496517,-0.5468198444644846,-0.695850078691057,-0.6552575805472873,4.323650450755682,-0.6685835936420368,-0.6078470648506717,-0.2648154368189655,2945.6165697848655,0.6332191037117656,154681.12031160874,1.277449929739817,Fallingfromchair_p4_1_35sek_20260204_152131.parquet,1,Fall,3.27924,5.255002,Fall
-0.7171199573421808,-1.4859261505850718,0.0003409880140773138,-0.5404139940957171,-0.695850078691057,-0.5899851249646962,4.188325508873572,-0.6708913401547345,-0.25686566613498774,-0.8564239625604273,2940.2971680869923,0.6285224572322233,208815.44436967454,0.9158658218811371,Fallingfromchair_p4_1_35sek_20260204_152131.parquet,1,Fall,4.279314,6.255014,Fall
-0.7748347725781152,-1.4635380459438654,0.00019401644735669765,-0.6042409904401171,-0.7199355528837957,-0.6138675688333957,5.369556587659222,-0.6518455186075834,-0.18257374256368064,-0.9201796359272979,2957.9632714969844,0.6302231813638428,156709.2245624304,1.0382432125065202,Fallingfromchair_p4_1_35sek_20260204_152131.parquet,1,Fall,5.279875,7.254991,Fall
-0.8088322256301232,-1.468489438366526,8.354574096513612e-05,-0.6716098746719945,-0.7770757555309901,-0.6877190708024525,2.5719306108428244,-0.702047931278309,-0.6527320823947496,-0.39714357644726894,2957.5905328955855,0.6292302896348706,90153.76782689191,1.0041317930927143,Fallingfromchair_p4_1_35sek_20260204_152131.parquet,1,Fall,6.279967,8.255005,Fall
-0.8577466312119031,-1.4681803820625616,3.172639853745435e-05,-0.7209580882549852,-0.784437026415082,-0.699997781771401,1.0947837195725025,-0.7412670173860604,-0.9893086320442985,-0.7235598590628703,2954.1831198764194,0.6280024111421898,102543.69292672107,0.9216255308316061,Fallingfromchair_p4_1_35sek_20260204_152131.parquet,1,Fall,7.27916,9.254977,Fall
-0.8724166020182224,-1.457082259393977,2.4794171131296264e-05,-0.7301482410495068,-0.805307740981454,-0.7127434905818867,0.47170236002752075,-0.7665624193760701,-1.2847460992011477,-0.7895968050860844,2960.7433166433657,0.6282526674453224,72279.07371902696,0.6474444366569111,Fallingfromchair_p4_1_35sek_20260204_152131.parquet,1,Fall,8.279274,10.255014,Fall
-0.8386967131118702,-1.4267513700888292,2.6147748357063956e-05,-0.7282614854765664,-0.8228076362471802,-0.7178103754381707,0.27508071742747675,-0.7779835969290817,-0.11947102238431094,-0.6269116594252169,2959.587922013753,0.6271883505592952,68365.86623801739,0.6593296004839473,Fallingfromchair_p4_1_35sek_20260204_152131.parquet,1,Fall,9.279546,11.254964,Fall
-0.82668083996289,-1.4446623891501555,4.004913739198408e-05,-0.7111689696712779,-0.6767319340727248,-0.6923532690103834,2.94163559754333,-0.6942101122029586,-0.5289459841791742,0.2376159157469138,2961.555531012402,0.6278566307310088,78300.9385818811,0.6820839415610882,Fallingfromchair_p4_1_35sek_20260204_152131.parquet,1,Fall,10.281864,12.255014,Fall
-0.82668083996289,-1.4395841523141495,4.7536402396937494e-05,-0.7032030353510066,-0.6767319340727248,-0.6997641879133183,3.9965014605714977,-0.674227446230283,-0.4395585635437262,-0.09612122508919489,2965.7078084881355,0.6288988509014443,136335.45963165257,1.501844865872645,Fallingfromchair_p4_1_35sek_20260204_152131.parquet,1,Fall,11.281063,13.254995,Fall
-0.8308926321148361,-1.4537045334239196,4.902127783829828e-05,-0.7016997501928843,-0.7175904937814253,-0.7124000712324943,1.2592086430060927,-0.7359319218929057,-0.5745390592702495,-0.45814930138104076,2953.4003522947196,0.6277051199101665,62649.827540270744,0.6421484775096898,Fallingfromchair_p4_1_35sek_20260204_152131.parquet,1,Fall,12.28107,14.254968,Fall
-0.8090417273562759,-1.4902822904538544,4.806234824326895e-05,-0.702667918678723,-0.8143918106984784,-0.7225328861036348,0.6768556615330047,-0.7570000205324227,-0.22885058187840632,0.012085971652716075,2950.357547988102,0.6279247264958652,75250.5482345217,0.7561369182626806,Fallingfromchair_p4_1_35sek_20260204_152131.parquet,1,Fall,13.28124,15.255022,Fall
-0.8090417273562759,-1.4876698832632906,5.8100298031045226e-05,-0.6929655440778874,-0.7974935848300747,-0.7193545310043673,1.0698447352626872,-0.7421103638193479,0.09444502486636983,-0.2354409570488751,2947.3613644082357,0.6273124293585519,82597.93544684586,0.9806636496258534,Fallingfromchair_p4_1_35sek_20260204_152131.parquet,1,Fall,14.281142,16.255014,Fall
-0.6596346041598293,-1.4805397975014636,0.000267168454182444,-0.570247205556815,-0.5754178191564981,-0.6602443256847378,9.822227837251416,-0.5943744378505573,-0.41478734813342805,1.374593292770809,2950.3721217689144,0.6285682646539794,84296.54296090144,0.8603712032609359,Fallingfromchair_p4_1_35sek_20260204_152131.parquet,1,Fall,15.279765,17.255017,Fall
-0.6596346041598293,-1.5047060329396014,0.00045046874183416494,-0.501607689144389,-0.5645992058205485,-0.5595897998484983,18.40112647803983,-0.513065547350842,-0.45809412439868197,-0.3153539466565248,2959.189568977097,0.6347466666015622,249919.88943115438,1.324720141654503,Fallingfromchair_p4_1_35sek_20260204_152131.parquet,1,Fall,16.281022,18.255005,Fall
3.871901767330655,-1.138753773380034,0.057633081436110824,2.577202188395811,1.5345071320670853,0.5420962817623186,1209.8432664419122,1.6324367488412257,2.4903080347537183,3.24098688233534,2688.053350022877,0.7102608723314217,2230548.229184343,1.3142606652247153,Fallingfromchair_p4_1_35sek_20260204_152131.parquet,1,Fall,17.281029,19.254955,Fall
3.871901767330655,-1.1004548078951535,0.06096044521473226,2.673328982147309,1.5345071320670853,0.8915627271718545,1002.7122964628024,1.4131123174426707,2.26707336254373,2.678425084925898,3657.5494088308333,1.1436432014047713,12851568.880030463,1.789030252188157,Fallingfromchair_p4_1_35sek_20260204_152131.parquet,1,Fall,18.281184,20.254991,Fall
0.22422291944702158,-1.4621681023271786,0.003965580548013636,0.08573139549446855,0.5498171871139815,0.5963847106719729,329.89833798005026,0.46307242504339563,2.0134767619030054,2.253365414520059,2923.7506585307633,0.6375862960250254,4040815.7574390415,1.091028198602452,Fallingfromchair_p4_1_35sek_20260204_152131.parquet,1,Fall,19.281049,21.254985,Fall
-0.6699328457639686,-1.3271234032107666,0.0006360788079244722,-0.4453850976411587,0.5498171871139815,0.3186062220492814,398.6253384185027,0.5898965948863476,-1.1220360367722375,-0.39497816455579954,3008.717099734954,0.6374080845346507,3216297.220087195,1.455577550059046,Fallingfromchair_p4_1_35sek_20260204_152131.parquet,1,Fall,20.279554,22.255017,Fall
-0.6699328457639686,-1.2419662013515804,0.00028521017754235044,-0.5626097369451685,-0.2647838032603459,-0.5070977306186082,41.70667630702339,-0.36049539863281366,-0.049888528018146326,-0.14974084298998971,3010.056940583648,0.6323468512923832,335033.41388244205,1.6444772521164646,Fallingfromchair_p4_1_35sek_20260204_152131.parquet,1,Fall,21.281073,23.255002,Fall
-0.6483572475344194,-1.3229783756821825,0.00027740860907871215,-0.5658817661095302,-0.015964648150957026,-0.5801931670036439,53.553298896350356,-0.2999898032179196,-1.1864571473769454,1.6171938035934377,2980.0839892111717,0.6278497451456757,137900.23137872753,1.2055511146384954,Fallingfromchair_p4_1_35sek_20260204_152131.parquet,1,Fall,22.281237,24.254991,Fall
-0.6483572475344194,-1.3669621465838069,0.00027228761992247465,-0.5680546129094973,-0.015964648150957026,-0.5757441769551074,51.22562459933391,-0.31130400101448247,-1.0307212749890038,1.6481334968429184,2975.2446910819835,0.6329766783586459,539867.4698735757,2.8504435153020777,Fallingfromchair_p4_1_35sek_20260204_152131.parquet,1,Fall,23.281258,25.254991,Fall
-0.7623952068797848,-1.3151870639405114,0.00014749141696815545,-0.6293444087750784,-0.45779786789120963,-0.499482414688329,38.33436836421483,-0.3792530736490045,-0.2914979343373339,-0.48580763691551,2981.928679529605,0.628709487923361,278540.92570916517,1.3891232054204665,Fallingfromchair_p4_1_35sek_20260204_152131.parquet,1,Fall,24.279724,26.254952,Fall
-0.6963045522480787,-1.3766690325215818,0.0005063675386954632,-0.4836230769802713,-0.12618323847756324,-0.01756751775110076,122.64547229603635,-0.03567983153294477,-0.7474772458490302,-0.44407506410493974,3021.7780771094135,0.6417734601157847,1787346.271511379,1.1741945535461544,Fallingfromchair_p4_1_35sek_20260204_152131.parquet,1,Fall,25.280852,27.254963,Fall
-0.4903946333495468,-1.5468752783683486,0.0015251073438222306,-0.2507897195929503,-0.036141297558490576,-0.3460182228621344,98.15103871405013,-0.11781974356466873,-0.7692833757620453,-0.4341662049259059,2947.4279154636324,0.6461854997536356,523861.53002694336,1.5759468565786727,Fallingfromchair_p4_1_35sek_20260204_152131.parquet,1,Fall,28.281527,30.254969,Fall
-0.4903946333495468,-1.620836644614038,0.0011355992011749237,-0.3261118932257579,-0.5861224380553718,-0.6353320936532336,11.696015297378144,-0.5742584452116,0.09187023057914451,-0.166764743739246,2923.1202117032426,0.6353767107001539,134527.40995843805,1.2787954701617887,Fallingfromchair_p4_1_35sek_20260204_152131.parquet,1,Fall,29.279519,31.254964,Fall
-0.550021698121412,-1.6665765695251482,0.0004687201205743685,-0.4956187951684293,-0.7195118522130465,-0.7260872921793828,5.439497123973501,-0.6507871203418034,0.5498729028649981,1.1013209751588646,2910.1915955399054,0.6293819242246069,65232.356435589245,1.289358945060482,Fallingfromchair_p4_1_35sek_20260204_152131.parquet,1,Fall,30.281314,32.254995,Fall
-0.7891898041356795,-1.732330358996497,0.00019823227173570098,-0.6021234099212297,-0.7195118522130465,-0.7226732933219199,4.268583403744802,-0.6695182515811816,-1.236986671031361,0.469134043386752,2903.0543057175505,0.6310532711906737,78036.9133324304,1.3834313128522968,Fallingfromchair_p4_1_35sek_20260204_152131.parquet,1,Fall,31.281733,33.254969,Fall
-0.7095565667586501,-1.7390931304835993,0.00015917870686760077,-0.6227040906047844,-0.6892822601833467,-0.6996846691930885,3.6264480259213325,-0.6808977050996601,1.4952817936074934,2.024332293807864,2896.197814732481,0.6289385426293341,90757.81570834185,1.116464697101691,Fallingfromchair_p4_1_35sek_20260204_152131.parquet,1,Fall,32.279467,34.254969,Fall
-0.7532980881900434,-1.7746744700132189,0.00015692208187157976,-0.623966735679993,-0.6920150875406853,-0.6932943835949354,3.3648447946671833,-0.685820957856212,0.04963385000050951,0.4378141929202807,2893.6283896904943,0.630015861233215,103112.96105737303,1.0268323628049465,Fallingfromchair_p4_1_35sek_20260204_152131.parquet,1,Fall,35.281167,37.254985,Fall
-0.47417530810385883,-0.885259192381113,0.0013612142255356352,-0.28114928331392597,0.07857053618279856,0.23388583132577032,142.00908808932581,0.02357853632087006,-0.6975178282087413,-0.3075870087503433,3115.654026634533,0.6467239617782646,2488525.5745014343,1.4369332928439575,Fallingfromchair_p4_2_35sek_20260204_152255.parquet,1,Fall,0.302596,2.276308,Fall
-0.2018826821851795,-1.442240010035878,0.002368414761281392,-0.11553910702438108,0.47329009798166394,0.40449363553595685,443.94825883017444,0.6676076735838321,-1.0131632148316647,0.8270315112204465,2979.3811957015496,0.6537634469455694,6530541.312383678,1.2740350711925905,Fallingfromchair_p4_2_35sek_20260204_152255.parquet,1,Fall,1.301346,3.276245,Fall
0.703877537820761,-1.5014810429701997,0.0062463288687096795,0.31168320567276786,1.2344248460554001,0.35467029390311516,726.3675428223817,1.0814046199641243,2.337863035620115,2.495867153512987,2858.7694178737165,0.630786730550299,927130.2393647962,1.5840852073177036,Fallingfromchair_p4_2_35sek_20260204_152255.parquet,1,Fall,2.302446,4.276303,Fall
-0.9440311490926576,-2.193684999179624,4.547221573172613e-05,-0.7053323803593128,-0.791789510571134,-0.7204304606931912,0.9721656046105666,-0.7455121645273299,-0.7274719439221606,-0.5526068969111896,2809.3818769124446,0.6284533566779672,68723.68683934724,0.7186262918715459,Fallingfromchair_p4_2_35sek_20260204_152255.parquet,1,Fall,5.301357,7.276303,Fall
-0.17644579111119557,-2.088306315324793,0.002996914220540292,-0.03003490983954073,-0.2795419707051496,-0.565217690534988,41.037085506231286,-0.3641577257166045,0.8300244885952824,0.7016534642390067,2803.2624425585996,0.6342021589846558,331911.4341925659,2.1983048688910554,Fallingfromchair_p4_2_35sek_20260204_152255.parquet,1,Fall,6.302631,8.276245,Fall
-0.17644579111119557,-2.1185170812236724,0.005672595134308185,0.2593894688758741,0.311500506576026,-0.4549355895572913,74.51516369694356,-0.2075221728140511,0.19093896944008845,-0.9095534318092899,2854.7395847864086,0.6869063232901206,580272.0595804201,3.0442166645096647,Fallingfromchair_p4_2_35sek_20260204_152255.parquet,1,Fall,7.302351,9.276271,Fall
-0.3556055898558524,-2.1018956068324885,0.005393231004208916,0.2329687124808409,0.311500506576026,-0.5126732619059212,51.72884928917718,-0.30883652833972,0.04590213856697663,-1.062410706448655,2854.731527499207,0.683800508668071,269365.43576838734,1.5669942636591834,Fallingfromchair_p4_2_35sek_20260204_152255.parquet,1,Fall,8.300808,10.276296,Fall
-0.3556055898558524,-2.03745102339205,0.0033297061425961866,0.01160110662197585,-0.5458945063958568,-0.5929555215087784,20.113882728831125,-0.4993314627101936,0.22583974428910897,-0.44032122706460125,2831.279660594881,0.66680144152739,332053.0487740231,1.843305784359255,Fallingfromchair_p4_2_35sek_20260204_152255.parquet,1,Fall,9.301191,11.276241,Fall
-0.6276974965771385,-2.1530520123509995,0.0007073414324514644,-0.42603689162353187,-0.5458945063958568,-0.6607468370376671,12.069894351464006,-0.5704427025572159,0.08020934446085298,0.2902401762254545,2825.017327068788,0.6336933753357992,105492.7395741751,1.1448352488135394,Fallingfromchair_p4_2_35sek_20260204_152255.parquet,1,Fall,10.30079,12.276291,Fall
-0.3974103000512105,-2.1217140393661422,0.0017928208643187458,-0.20451721314848084,-0.2627137799116266,-0.5397406202726497,29.111344790950607,-0.4352585141348077,-1.4090867778008291,2.62137687544416,2829.1068520676213,0.6360389804655072,209167.01794094534,1.411897983426463,Fallingfromchair_p4_2_35sek_20260204_152255.parquet,1,Fall,12.300855,14.276291,Fall
-0.7789901745232221,-2.143659383296048,0.0004750262692339259,-0.49357672390188323,-0.6255508781853808,-0.5641879040184995,17.99033717790655,-0.5164535052498331,-0.639410165046907,-0.24972068696178498,2811.0634665732555,0.6339711877786585,271814.1424372982,1.5559969424888318,Fallingfromchair_p4_2_35sek_20260204_152255.parquet,1,Fall,13.301405,15.276245,Fall
-0.7941953813493334,-2.1304081024499775,0.00041202559241730976,-0.5146327776274983,-0.6715135004596235,-0.6599221798784481,12.482611488064611,-0.5662985889073789,0.2623500173612808,-0.7000138957228249,2828.1037994044577,0.6361873697389848,152686.05528609594,1.5302074433458743,Fallingfromchair_p4_2_35sek_20260204_152255.parquet,1,Fall,14.301022,16.276241,Fall
-0.5333720202391444,-2.1053352670594725,0.0008330191265435362,-0.3941552105114345,-0.6107554977749069,-0.6780982785433033,6.503877056037722,-0.6354488167607504,0.6530612250904838,0.8705963253076605,2815.07237651047,0.6299585832017452,83830.90929060214,1.0195305761768851,Fallingfromchair_p4_2_35sek_20260204_152255.parquet,1,Fall,15.300938,17.276288,Fall
-0.5333720202391444,-2.1213971547122235,0.001090966535011484,-0.3355218754804966,-0.6107554977749069,-0.6266123462407285,11.081990471717875,-0.5806599086105033,-0.03934724581289036,0.1541735916873997,2824.4756618547303,0.6481813821816039,219255.01530129692,1.5110426855940378,Fallingfromchair_p4_2_35sek_20260204_152255.parquet,1,Fall,16.302396,18.27624,Fall
-0.7541242215138932,-2.1763386396236593,0.0006977294979693381,-0.42858780749425174,-0.6501857075478862,-0.6117015777482587,11.348814496639447,-0.5778569162807616,-1.207243817888958,-0.1640717461561033,2820.9216822205535,0.634461720309208,168657.40453959338,1.5765127254050377,Fallingfromchair_p4_2_35sek_20260204_152255.parquet,1,Fall,17.301012,19.276308,Fall
-0.8556252523614486,-2.1468719761379425,0.0002850098852480869,-0.5626931770649581,-0.6703701675266013,-0.6709312280964366,7.004254728566456,-0.6286741719136539,-1.943723197454171,1.0735364292878236,2819.525500290579,0.63178482659986,122495.5625931568,1.3845996923467778,Fallingfromchair_p4_2_35sek_20260204_152255.parquet,1,Fall,18.301306,20.27625,Fall
0.0938612374254789,-1.4885128827271794,0.007043397462245385,0.38049535738062157,0.8932910427152112,0.29850721781863054,1088.5442220823413,1.5065126525626706,0.5897541670518688,0.6444004221156551,2897.662972846909,0.6719542726607801,4538311.45035516,2.046271586460823,Fallingfromchair_p4_2_35sek_20260204_152255.parquet,1,Fall,19.300863,21.276271,Fall
0.0938612374254789,-1.1813287337874079,0.00923460378265893,0.5517353082039942,0.8932910427152112,0.8881656044088261,762.7421487644679,1.1283052932402269,-0.16805994792205345,-0.24558228182747427,3057.2800767133754,0.7206685507407914,5607302.007074063,1.3984540734398914,Fallingfromchair_p4_2_35sek_20260204_152255.parquet,1,Fall,20.301123,22.276308,Fall
-0.8386967131118702,-2.0347761464451524,0.00013906586867587715,-0.6342963024330541,-0.632301123510851,-0.6676363490193055,7.7875062369548,-0.6185384333284797,-0.20888505149351094,-0.5007358913276041,2834.6266801215484,0.6278541958194485,181251.56409176652,1.558786918831603,Fallingfromchair_p4_2_35sek_20260204_152255.parquet,1,Fall,26.303117,28.276277,Fall
-0.8386967131118702,-2.065451785193317,0.0001339130377726387,-0.6373989511649024,-0.632301123510851,-0.6137988918954614,11.711007279652309,-0.574104275975252,0.18961669391967376,-0.2898018447863586,2840.232581538427,0.6296399280069778,226986.35278247632,1.5567942744692405,Fallingfromchair_p4_2_35sek_20260204_152255.parquet,1,Fall,27.303156,29.276271,Fall
-0.43810115329605914,-0.40435532422521286,0.001971473256481533,-0.17554235227618326,0.10072830105240185,-0.12232064929976502,252.1601783325172,0.30240140792612613,-2.486306930609195,1.8204718825014474,3150.8413843376998,0.64373063629069,2468165.445730301,1.736348916193659,Fallingfromchair_p4_3_35sek_20260204_152408.parquet,1,Fall,0.773536,2.749094,Fall
-0.46435851351043994,-0.20527526783678393,0.00038362754738275923,-0.5246495466380741,-0.18060172512631198,-0.5599118115257317,57.302052336133386,-0.28227312166373225,1.0411411897178666,-0.03656874898789617,3202.823098563765,0.6291046289351815,124730.5069113655,1.2413561036706666,Fallingfromchair_p4_3_35sek_20260204_152408.parquet,1,Fall,1.77368,3.749108,Fall
-0.6105285218090312,-0.31691253324907986,0.00018313709604347996,-0.6098144006424531,-0.6996593255384004,-0.6676514786278055,5.407453339625024,-0.6512711836578428,0.04933256877046016,-0.7878909596679948,3195.250670834665,0.6295656781641696,138807.92080136447,1.377951855009095,Fallingfromchair_p4_3_35sek_20260204_152408.parquet,1,Fall,2.775188,4.749105,Fall
-0.570288213888287,-0.2920662144627631,0.00025746599951309806,-0.5744612945766314,-0.6954664908317514,-0.6765086383286448,5.047732357911087,-0.6568069265640702,0.08504026685291396,-0.7995415099529092,3212.0765008963285,0.6318626423945638,123820.79898392696,1.5000198733854948,Fallingfromchair_p4_3_35sek_20260204_152408.parquet,1,Fall,3.773913,5.749123,Fall
-0.570288213888287,-0.3096990207190452,0.0002221061002681656,-0.5905348411264623,-0.6954664908317514,-0.6782570619362507,5.121010118336841,-0.6556636452427644,0.3067876650028312,-0.49253584364525466,3193.3390961226905,0.6290699733432054,114402.47127028937,1.3089323747152264,Fallingfromchair_p4_3_35sek_20260204_152408.parquet,1,Fall,4.773592,6.749105,Fall
-0.5985932404917861,-0.3216533067999197,0.00011544076549050344,-0.6490440392559791,-0.72947563915421,-0.6929583076860194,2.5616627677568533,-0.7022733969528331,-0.049921146027449396,-0.1587383743115242,3201.2083613711075,0.6286932781054873,82565.62366960036,0.8560705142678425,Fallingfromchair_p4_3_35sek_20260204_152408.parquet,1,Fall,5.775096,7.749079,Fall
-0.6658911481572051,-0.31174662120305285,7.184848230157014e-05,-0.680951164278536,-0.7790381794329657,-0.706572068626419,1.3053472516654667,-0.7344984548627975,-0.39826505813714647,-0.6249655960636019,3197.9872123616838,0.6287933005595938,86136.87845661567,0.9748053806338203,Fallingfromchair_p4_3_35sek_20260204_152408.parquet,1,Fall,6.773401,8.749088,Fall
-0.47938178612358967,-0.26476619454697997,0.00032676918076084957,-0.5458880749926729,-0.48457892746332093,-0.6169268813063702,29.31730805525341,-0.43391794495615915,0.3001288544011984,0.9105647235768388,3199.360640329364,0.6287155409012515,150618.5606764677,1.464880732862485,Fallingfromchair_p4_3_35sek_20260204_152408.parquet,1,Fall,7.773321,9.749088,Fall
-0.47938178612358967,-0.22268367928766136,0.0003722728128832125,-0.5287580994705915,-0.48457892746332093,-0.6261662363635933,30.834783150748567,-0.4241827984817222,0.08300948754971584,0.3314507680162943,3231.3017607132356,0.6343472431352862,233222.10082050983,1.727244103479967,Fallingfromchair_p4_3_35sek_20260204_152408.parquet,1,Fall,8.775421,10.749117,Fall
-0.5641780118483788,-0.4352833568442368,0.0005609702854997899,-0.46699133750474947,-0.4372614024209179,-0.45084452560136573,54.757644838261264,-0.29423230884951407,-1.1663306891782406,-0.47466347118621427,3215.4976650517674,0.6389683510752993,378678.25067994744,1.3107684204511407,Fallingfromchair_p4_3_35sek_20260204_152408.parquet,1,Fall,9.773632,11.749113,Fall
-0.5641780118483788,-0.8927075527968024,0.0012179748489723292,-0.3092178593785145,-0.25939232270882,-0.018442812873344875,35.89909340730046,-0.39331738005165123,-1.2544876433181285,-0.20650384744211556,3047.867960169332,0.6312239621838573,1427085.2983748731,0.8270792230313673,Fallingfromchair_p4_3_35sek_20260204_152408.parquet,1,Fall,10.773392,12.749067,Fall
1.1661508449050753,-0.7654349876092723,0.020568361846870217,1.217453917364576,1.1836335994677778,0.5317863000269528,314.33432066409694,0.4325623163746991,0.3119993702764171,1.2647131978771642,3084.2410810569263,0.6612109652216556,3075147.443876462,0.8296338766172919,Fallingfromchair_p4_3_35sek_20260204_152408.parquet,1,Fall,11.775244,13.749125,Fall
1.1661508449050753,-0.9432143639347548,0.021350799200813494,1.255472342091832,1.1836335994677778,0.6784137079645769,333.54782592853604,0.4701216676704298,0.4162224284061931,1.0730839533277206,3158.549736851562,0.8669119302503396,6423028.155325797,1.5279418165674337,Fallingfromchair_p4_3_35sek_20260204_152408.parquet,1,Fall,12.775463,14.749108,Fall
-0.44804813725087134,-1.593900679344812,0.002193380886994813,-0.1413240441360707,0.16088961443923808,0.05325880578554513,183.01524026407427,0.13696784494828446,-0.20230620360060633,-0.44317841746021663,2935.6213200000025,0.6475640883617221,1949799.6643449855,1.3288303555678105,Fallingfromchair_p4_3_35sek_20260204_152408.parquet,1,Fall,13.773885,15.74912,Fall
-0.43180080628575196,-1.6160485394799498,0.002781571161025057,-0.05822076521127613,0.029279484182769176,-0.16301685300556074,166.43757671528317,0.09283488589587104,-0.158976731181656,-0.43948586290422953,2917.0457660992192,0.6458730707989643,708259.1024006702,1.6894834843036937,Fallingfromchair_p4_3_35sek_20260204_152408.parquet,1,Fall,14.775171,16.749073,Fall
-0.21365800785194855,-1.2810962453484223,0.0034552209044308936,0.02676018202051016,0.34975934567825057,0.7288755095461652,449.4525145136699,0.6767696511501147,-0.4038358919335823,-0.38704322069669894,2967.309355920568,0.6553666759342966,6954848.677399084,1.1270681088364916,Fallingfromchair_p4_3_35sek_20260204_152408.parquet,1,Fall,15.775222,17.749088,Fall
-0.2836864329797761,-1.7124825344441874,0.0028354008454319207,-0.05107567678968334,-0.028482880950448604,0.05239674878031121,89.01990276067345,-0.15103569059957914,-0.26058166959162227,-0.1548744252820363,2866.589936182203,0.6325894931164244,1720548.4448270563,1.0890559284605799,Fallingfromchair_p4_3_35sek_20260204_152408.parquet,1,Fall,18.775473,20.749113,Fall
0.6915371132421504,-2.1135325433091605,0.00702996113917245,0.3793686438025811,2.700047639684364,-0.3694460920788689,734.8364106553913,1.0924272056970827,0.005495881381368846,3.106819690168159,2851.3180906871,0.7263406424953102,3731953.4491891507,4.28765047040616,Fallingfromchair_p4_3_35sek_20260204_152408.parquet,1,Fall,20.773682,22.749072,Fall
-0.41466566114065817,-2.101749808642325,0.004501550014200156,0.14370384985450343,-0.48848762924056427,-0.6350828795743524,12.054877360681752,-0.5705948144095335,-0.5799451456452225,-0.8341592828305662,2816.3581379644174,0.6588413644304453,121478.82172863914,1.5403468829527693,Fallingfromchair_p4_3_35sek_20260204_152408.parquet,1,Fall,21.777856,23.749058,Fall
-0.3623570517927326,-2.17700413898218,0.003950247794014801,0.08401702728240273,-0.48848762924056427,-0.5930167831520781,21.477767279377566,-0.48880833936788126,-0.43626362801634505,-0.7024255370934958,2813.2498144690176,0.6606588454947702,248032.2558518242,1.6292947225236005,Fallingfromchair_p4_3_35sek_20260204_152408.parquet,1,Fall,22.773684,24.749088,Fall
-0.3623570517927326,-2.2370439389422216,0.0031586075768954636,-0.009531356844404365,-0.5086517846634884,-0.6316402812528076,16.30024017926838,-0.5308172591188832,-0.047161365946296975,-0.8905262857805507,2814.4917254883576,0.6628365419319583,162028.07864598473,1.8932371498134175,Fallingfromchair_p4_3_35sek_20260204_152408.parquet,1,Fall,23.775213,25.749105,Fall
-0.4861406103512585,-2.213511212071228,0.0023256416811820464,-0.12174969612484869,-0.49132136126190207,-0.6174682603112094,23.55034667211874,-0.47343755151582173,-0.337830231847213,-0.7423250007912771,2799.547507598617,0.6394379036040898,217454.20303128168,1.9891106393386537,Fallingfromchair_p4_3_35sek_20260204_152408.parquet,1,Fall,24.773879,26.749098,Fall
-0.4624363495109724,-2.210624605546711,0.003379448921732441,0.0176424153905317,-0.49132136126190207,-0.6115442488152527,24.15357885789997,-0.46909217059243524,-0.3594049771008194,-0.8832637803068704,2807.7409677810456,0.661640183677565,170037.6815605297,1.7763166055859083,Fallingfromchair_p4_3_35sek_20260204_152408.parquet,1,Fall,25.775327,27.749079,Fall
-0.7195760733919819,-1.8143242037173868,0.0003117142796528463,-0.5518154879823284,-0.6092894395652239,-0.6448347085913239,8.847838926409658,-0.6055977008508102,-0.8014350033033746,0.693373990542309,2877.7233715807693,0.6287340367597422,115975.03418273418,1.0038904449811026,SittingToStanding_Xiaoye_1_35sek_20260202_163705.parquet,0,Sit-Stand,2.900902,4.876477,Non-Fall
-0.9004261476850254,-1.8446378170081208,3.6237888065106274e-05,-0.7155111670524854,-0.8078040336336315,-0.7101084201259473,0.2878812625358656,-0.7771347512744065,-0.7613696579264921,-0.4285777553633949,2875.853948152419,0.6270275983209376,75193.28914592045,0.6592714643602111,SittingToStanding_Xiaoye_1_35sek_20260202_163705.parquet,0,Sit-Stand,3.900867,5.876486,Non-Fall
-0.9062251441730725,-1.822052936830354,2.6569589057350995e-05,-0.7276835130239587,-0.8303182580215028,-0.7163567702162091,0.1620386755487619,-0.7865633904583693,-0.05231796399836431,-0.898589509166145,2883.5665223853402,0.6280844676490925,72750.08537047512,0.6878337423286269,SittingToStanding_Xiaoye_1_35sek_20260202_163705.parquet,0,Sit-Stand,4.901374,6.876452,Non-Fall
-0.9062251441730725,-1.811656465004404,2.822986481420766e-05,-0.7254521312701441,-0.8303182580215028,-0.7130406579125008,0.1230259800875865,-0.7902073200388189,-0.14210823651763776,-1.0164036173475315,2883.9730043544973,0.6283132813525362,73864.57415805184,0.6559016913542474,SittingToStanding_Xiaoye_1_35sek_20260202_163705.parquet,0,Sit-Stand,5.900959,7.876484,Non-Fall
-0.8694354846653487,-1.7950892859037593,6.725026459738415e-05,-0.6848301589772661,-0.7955892667406027,-0.7047856893449463,0.5578317962020385,-0.7623355006999473,-0.2582129389180754,-0.5882262834524158,2889.10727972132,0.6288276051476017,79610.01514441836,0.7443560139878562,SittingToStanding_Xiaoye_1_35sek_20260202_163705.parquet,0,Sit-Stand,6.900987,8.876462,Non-Fall
-0.8694354846653487,-1.7875127777806186,6.911603615555456e-05,-0.6832407084322991,-0.7955892667406027,-0.7048321821412481,0.6242001589018049,-0.759297208307399,-0.1509436138013816,-0.5674278127853526,2888.247517452102,0.6280812714572712,86289.9443665998,0.8340094200680866,SittingToStanding_Xiaoye_1_35sek_20260202_163705.parquet,0,Sit-Stand,7.902574,9.876501,Non-Fall
-0.883082701560448,-1.7879694541016107,2.8613133989626688e-05,-0.7249464233126773,-0.8258617049814302,-0.7150966388307458,0.167403461772056,-0.7860983518924366,0.42714221817670045,-0.34581093136147084,2888.596783993272,0.6277215652636011,72527.51314681792,0.6810590981734724,SittingToStanding_Xiaoye_1_35sek_20260202_163705.parquet,0,Sit-Stand,8.902675,10.876452,Non-Fall
-0.8647556134637148,-1.7849036202697444,3.700660514896717e-05,-0.7146176209983145,-0.8284952264746082,-0.7143013042836731,0.1023263769196263,-0.7923790317805003,0.3266811356176203,-0.006161141458759716,2891.952929201028,0.6286140911028123,75738.72162011465,0.6750098285657681,SittingToStanding_Xiaoye_1_35sek_20260202_163705.parquet,0,Sit-Stand,9.901495,11.876492,Non-Fall
-0.8647556134637148,-1.7798496195876787,3.66405466386324e-05,-0.7150419530030291,-0.8284952264746082,-0.71262736273896,0.0750238758221068,-0.7956141966415566,0.09375395519891133,-0.07981411154723234,2886.1908419528586,0.6272507851931862,74664.30682875932,0.6522206793541132,SittingToStanding_Xiaoye_1_35sek_20260202_163705.parquet,0,Sit-Stand,10.902039,12.876443,Non-Fall
-0.8948503895550275,-1.7853637543855811,2.671446164017549e-05,-0.727486079950831,-0.8318237241420819,-0.7107686051619935,0.07397565632270389,-0.7957493025041826,-0.5178546409392639,-0.40301797003861445,2886.137813350929,0.62744980970674,79330.182299634,0.6597126202324731,SittingToStanding_Xiaoye_1_35sek_20260202_163705.parquet,0,Sit-Stand,11.902595,13.876468,Non-Fall
-0.8948503895550275,-1.8044471052705011,2.945703986709213e-05,-0.72384472969834,-0.8318237241420819,-0.712737268280602,0.07981864902486707,-0.7950078977902089,-0.1376276345216221,-0.3836430281586956,2889.8021754223046,0.6283198478656713,73350.97985089311,0.6398068083420037,SittingToStanding_Xiaoye_1_35sek_20260202_163705.parquet,0,Sit-Stand,12.903098,14.876481,Non-Fall
-0.8948503895550275,-1.7947704202877977,2.40558267406848e-05,-0.7311991643614121,-0.8299824259381594,-0.7130109557783241,0.09330767063712798,-0.7933937587688082,-0.19146695016792642,-0.5218682757155348,2885.2228206445848,0.6269426425101938,77115.4937445265,0.6749764005587183,SittingToStanding_Xiaoye_1_35sek_20260202_163705.parquet,0,Sit-Stand,13.902745,15.876481,Non-Fall
-0.8948503895550275,-1.7752219599919854,2.2902138324374448e-05,-0.732874101804504,-0.8274160166014064,-0.712174555473816,0.12748522491365294,-0.7897640415379737,-0.37001711756236494,-0.5063482949946744,2895.4262605285994,0.6283740693624917,72893.48069021641,0.6454110406122843,SittingToStanding_Xiaoye_1_35sek_20260202_163705.parquet,0,Sit-Stand,14.901193,16.876452,Non-Fall
-0.8948503895550275,-1.7748670886708295,2.452524243584742e-05,-0.730529185564722,-0.8274160166014064,-0.7148812495071106,0.11548887839963201,-0.790975234083217,-0.42945766625009413,-0.7131335681209239,2891.061250036104,0.6278567711308423,76445.76243280321,0.6809490618305954,SittingToStanding_Xiaoye_1_35sek_20260202_163705.parquet,0,Sit-Stand,15.901215,17.876436,Non-Fall
-0.9187127106060141,-1.7921168495854136,2.431304221873364e-05,-0.730831249284084,-0.8264632060090475,-0.7117092173843051,0.104714596377509,-0.7921178968122293,-0.6547509490800602,-1.011827982771977,2885.8474745833273,0.6273720803236227,73863.44580600222,0.6328271310302503,SittingToStanding_Xiaoye_1_35sek_20260202_163705.parquet,0,Sit-Stand,16.902624,18.876462,Non-Fall
-0.8924939047532414,-1.796948527546091,2.7164872666138892e-05,-0.7268756531200763,-0.8264632060090475,-0.7114217465869459,0.12283575487490085,-0.7902264068934456,-0.38001321710077024,-0.8244299981218562,2887.2472974610214,0.6280345638824721,80299.46988134476,0.6761938664470439,SittingToStanding_Xiaoye_1_35sek_20260202_163705.parquet,0,Sit-Stand,17.902765,19.876475,Non-Fall
0.6158178516187044,-1.0690098598348943,0.005717930679957769,0.26361517935674766,1.0436529425089807,0.3849800997337241,1191.036162213221,1.613340335195136,3.669534799583671,3.366250303274086,2904.609125118378,0.6263400853432276,1674806.3986252157,1.530633580990714,SittingToStanding_Xiaoye_1_35sek_20260202_163705.parquet,0,Sit-Stand,19.902604,21.876487,Non-Fall
0.6158178516187044,-0.14437455748023914,0.009703107125561588,0.5856052229223101,1.0436529425089807,1.107914971674858,795.0044626482521,1.168976037513573,1.1446970774982688,-0.2835717124441912,3525.186991069378,0.7463495671297123,14532905.889724832,1.2012849567669088,SittingToStanding_Xiaoye_1_35sek_20260202_163705.parquet,0,Sit-Stand,20.902546,22.876496,Non-Fall
0.26630885577181707,-0.013695529819397617,0.007518267518147648,0.4196478071375028,0.40309772547085615,0.6956818227568022,268.1624041007289,0.3373079755319373,0.64922589258729,-0.5444893789891061,3183.0806009317184,0.6774248295773551,5003876.761600625,1.273297399095547,SittingToStanding_Xiaoye_1_35sek_20260202_163705.parquet,0,Sit-Stand,21.903039,23.876492,Non-Fall
0.26630885577181707,-0.2679979316363161,0.0032218479484945935,-0.0016553547792990527,0.39846736708197794,0.1283579246575904,289.6356103232053,0.38255089640506934,2.266448572597948,2.4406364114915804,3226.5310497325727,0.6385951466918952,1618339.1332346094,1.289896485826976,SittingToStanding_Xiaoye_1_35sek_20260202_163705.parquet,0,Sit-Stand,22.903451,24.876477,Non-Fall
-0.8279438904546054,-1.4495954826693993,3.666286017017455e-05,-0.7150160268455699,-0.7619459517820636,-0.6486580939207817,1.6475930915308563,-0.7245728840364736,-0.6879802010779152,-0.17863576435972067,2958.28505707233,0.6277463978893585,147833.7462862048,0.9250040006383242,SittingToStanding_Xiaoye_2_35sek_20260202_163924.parquet,0,Sit-Stand,0.0,1.915304,Non-Fall
-0.8279438904546054,-1.4179283534384854,2.8022493073812236e-05,-0.7257271814051801,-0.7822560980532617,-0.6890947507573583,0.8083453164987668,-0.7516267654037673,-0.008153909406473727,-0.1423140387688934,2963.322798451114,0.6274375639747021,84865.66165951619,0.6314382397472325,SittingToStanding_Xiaoye_2_35sek_20260202_163924.parquet,0,Sit-Stand,0.941319,2.915291,Non-Fall
-0.8628427868788436,-1.4308433116559622,2.4663271526744988e-05,-0.7303334043035901,-0.820188295606729,-0.7027504908099876,0.18267278867760886,-0.7848140898503468,-0.16103836219739473,-0.7060748483520585,2962.006566488158,0.6278715853764586,87137.68336557558,0.7040566965436136,SittingToStanding_Xiaoye_2_35sek_20260202_163924.parquet,0,Sit-Stand,1.940443,3.915285,Non-Fall
-0.8628427868788436,-1.4280236752712145,2.4733302857595863e-05,-0.7302342809491736,-0.8276333938146133,-0.7114134579867648,0.1354766157648584,-0.7889886199525507,-0.03205970119759775,-0.7321747601773767,2967.36330634326,0.6285221260446459,75833.02068762996,0.6432944455623767,SittingToStanding_Xiaoye_2_35sek_20260202_163924.parquet,0,Sit-Stand,2.939858,4.915259,Non-Fall
-0.7748347725781152,-1.4427597904075822,0.00011709436352542176,-0.6479652904572802,-0.42370053117248424,-0.5700795687337684,47.42041489760739,-0.33036875991396214,-0.8916879445895004,1.7492414102930056,2959.8463868712197,0.6273165930536051,100855.09622921019,0.6602484790896784,SittingToStanding_Xiaoye_2_35sek_20260202_163924.parquet,0,Sit-Stand,3.941389,5.915313,Non-Fall
-0.6117239893992751,-1.1000363986374257,0.0003806384076528198,-0.5257251612867547,-0.17912096818167617,-0.3475747493513407,114.5725706244504,-0.0617612032501585,0.1297086419821002,-0.1764296311723798,3032.7100780000615,0.6310376157269229,1653278.2568691624,1.4407882588685772,SittingToStanding_Xiaoye_2_35sek_20260202_163924.parquet,0,Sit-Stand,4.941416,6.915289,Non-Fall
-0.6117239893992751,-0.8016868282418076,0.0001538146402751057,-0.6257203901709055,-0.17912096818167617,-0.48359336453427076,98.56533661193006,-0.11635012564239083,1.6461872235020398,1.2066538978163095,3085.9274058237434,0.6265060732243188,137113.6608374123,0.7086246528845781,SittingToStanding_Xiaoye_2_35sek_20260202_163924.parquet,0,Sit-Stand,5.941549,7.915257,Non-Fall
-0.8088322256301232,-1.1518850415474788,2.873384910399274e-05,-0.7247878469249274,-0.7996985896737037,-0.6959571412948415,0.6062915866481777,-0.7601004474000402,-0.5357661931681037,-0.7343046793017088,3020.6499049854892,0.6277920838170713,82980.83642898369,0.6963226105594492,SittingToStanding_Xiaoye_2_35sek_20260202_163924.parquet,0,Sit-Stand,9.741548,11.715304,Non-Fall
-0.8088322256301232,-1.16754691981769,3.8745663275609094e-05,-0.7126298021177464,-0.7810912552117836,-0.6898153070599832,0.9906185596088235,-0.7448568554645588,-0.35189466840738975,-0.831345148609794,3018.075628990721,0.6279301104319384,89635.983345319,0.7376845145288965,SittingToStanding_Xiaoye_2_35sek_20260202_163924.parquet,0,Sit-Stand,10.74148,12.715292,Non-Fall
-0.8165914121199817,-1.1560023730129336,3.921241618565227e-05,-0.7121039176639793,-0.7810912552117836,-0.6878973376055285,0.9223231399203676,-0.7473139488620796,-0.47896766459902357,-0.9125910028306061,3021.2765249495255,0.6282135400735999,99874.70248667759,0.817384723217634,SittingToStanding_Xiaoye_2_35sek_20260202_163924.parquet,0,Sit-Stand,11.741295,13.715313,Non-Fall
-0.8239456604285916,-1.150412705840816,2.6082488699011077e-05,-0.7283513143178899,-0.8224888846010039,-0.7120440712501324,0.19504744167643287,-0.7838122047392425,-0.2041120077605739,-0.656474331316145,3018.6872924933696,0.6275213890067239,76312.6738153673,0.6997938027144917,SittingToStanding_Xiaoye_2_35sek_20260202_163924.parquet,0,Sit-Stand,12.74137,14.715324,Non-Fall
-0.8308926321148361,-1.1801591674087684,1.966771893439541e-05,-0.7378091479900754,-0.8224888846010039,-0.7144460098574067,0.1247722248867627,-0.7900327898857772,-0.11785904170949058,-0.168373906286784,3012.119256218481,0.6272180383597417,74732.99231824612,0.655518838078962,SittingToStanding_Xiaoye_2_35sek_20260202_163924.parquet,0,Sit-Stand,13.741927,15.715313,Non-Fall
-0.8308926321148361,-1.1737407519911258,2.3840778664543467e-05,-0.7315082766043891,-0.8015589174207596,-0.69927878632917,0.3146182342249933,-0.7754205864311028,-0.3162738380553127,-0.4179340640112004,3020.045814093205,0.6280106077410351,79197.48906858802,0.6309068811574909,SittingToStanding_Xiaoye_2_35sek_20260202_163924.parquet,0,Sit-Stand,14.741599,16.715285,Non-Fall
-0.7925261341645635,-1.1291678926680182,3.752944946514467e-05,-0.7140151671542138,-0.8015589174207596,-0.7017602860041044,0.5226715955590356,-0.764018591359773,-0.27419354361258685,-0.6196947454947521,3024.6987661475378,0.6283256684699432,94749.12793434948,0.7960949325606781,SittingToStanding_Xiaoye_2_35sek_20260202_163924.parquet,0,Sit-Stand,15.740009,17.715324,Non-Fall
-0.7925261341645635,-1.1264626046438704,4.883080761906227e-05,-0.7018912966670148,-0.8036334621632721,-0.7065229655147306,0.6097159561343299,-0.7599459487672804,-0.2770078109503406,-0.7060825974554373,3021.503055809997,0.6282185923571892,75138.64084561041,0.7760586451174234,SittingToStanding_Xiaoye_2_35sek_20260202_163924.parquet,0,Sit-Stand,16.741371,18.715287,Non-Fall
-0.7925261341645635,-1.1573669791067303,3.5214770115863e-05,-0.7167152587387889,-0.8036334621632721,-0.6988757114842948,0.4422080432840277,-0.7680975835204936,0.06417686878885162,-0.4060555300289369,3024.681676050721,0.6285692347332388,86680.69562980125,0.6636925746010016,SittingToStanding_Xiaoye_2_35sek_20260202_163924.parquet,0,Sit-Stand,17.739782,19.715312,Non-Fall
-0.743398110228017,-1.1079228147950417,3.799697744638625e-05,-0.7134799966902792,-0.8063291569263216,-0.7094430576251554,0.3721603203071922,-0.7719630157512792,1.9451964739414722,1.704437558638823,3026.279962520027,0.6275334223169939,85106.69298793476,0.7385149461561638,SittingToStanding_Xiaoye_2_35sek_20260202_163924.parquet,0,Sit-Stand,18.740129,20.71528,Non-Fall
0.957762003815769,-0.2730129141620025,0.014009043335573543,0.8649411086454655,0.5755202076575133,0.497376567890586,324.5011934916961,0.4525755996382709,2.1869255714420484,0.6909263719023412,3616.1276014820232,0.81460093969974,6651429.962181074,1.3067661027515225,SittingToStanding_Xiaoye_2_35sek_20260202_163924.parquet,0,Sit-Stand,20.741357,22.715304,Non-Fall
0.957762003815769,-0.008418105728762535,0.009090498733871518,0.5411454226846443,0.11146606864936777,0.26511704025780186,231.83317922590157,0.25642223955930926,1.987528174782719,1.440823176641893,3083.183715577684,0.633369973001829,1797846.509459201,1.2459872434807084,SittingToStanding_Xiaoye_2_35sek_20260202_163924.parquet,0,Sit-Stand,21.741879,23.715303,Non-Fall
-0.37758683653373176,0.1765437092258254,0.0004899219878076725,-0.4888063293456593,-0.325638193694478,-0.3082129213975782,57.81248698044198,-0.2799061784071294,-0.1470731363232722,0.08318110550629901,3321.6339662578866,0.6331261378665797,1020691.7780857458,1.5021126454906766,SittingToStanding_Xiaoye_2_35sek_20260202_163924.parquet,0,Sit-Stand,22.740036,24.7153,Non-Fall
-0.5987918738093508,0.19037981588056774,0.00016763230720891211,-0.6180518558672926,-0.45669648827485193,-0.5738691551214196,15.04428320977342,-0.5419805660081154,-2.235805016391352,0.762784491655395,3312.360674652021,0.6275465115480975,172451.68815129672,0.9733773580360395,SittingToStanding_Xiaoye_2_35sek_20260202_163924.parquet,0,Sit-Stand,23.742536,25.715315,Non-Fall
-0.6139165993148096,0.2884795895690844,5.255801195998839e-05,-0.6982083664640013,-0.7667738281688252,-0.654776912770983,1.5118895203574687,-0.7283721109733102,-0.25603958109337055,-0.9094429688754919,3328.3554789429563,0.6279268153932632,113510.21050514115,0.7633053215780641,SittingToStanding_Xiaoye_2_35sek_20260202_163924.parquet,0,Sit-Stand,24.740081,26.715312,Non-Fall
-0.3894698500949972,0.3706940987905077,0.00022385570424978606,-0.5897106580745859,-0.6947372001279911,-0.6539903979178612,6.901161701708957,-0.6300496446960547,1.5340955150304414,1.6982279938831568,3344.8839224478206,0.6288452887794203,116645.64113282668,1.091645516345392,SittingToStanding_Xiaoye_2_35sek_20260202_163924.parquet,0,Sit-Stand,25.741387,27.715315,Non-Fall
-0.3894698500949972,0.348085868177558,0.0008037124836320956,-0.4013617482029632,-0.19853086875559559,-0.4895405078781587,59.893929049840864,-0.27036080409790597,-1.4186928656243427,0.7132625442708357,3336.537074305498,0.639608936715154,719651.0120888143,2.1177030494637155,SittingToStanding_Xiaoye_2_35sek_20260202_163924.parquet,0,Sit-Stand,26.741867,28.715281,Non-Fall
-0.4400122102182958,0.15161209148829086,0.0007369273386314071,-0.41829199603181505,-0.19853086875559559,-0.38170272970033026,51.061238172286004,-0.3121126646109123,-1.223951653870394,0.6122277579742279,3307.46882255003,0.6326945305892772,508197.02074653003,1.1932221793281281,SittingToStanding_Xiaoye_2_35sek_20260202_163924.parquet,0,Sit-Stand,27.741649,29.715304,Non-Fall
-0.5948210554364511,0.08307697479205649,0.0001471301414620196,-0.6295537902507661,-0.5523533394561314,-0.5027481829794415,14.946550907352744,-0.5428684498656596,-1.1103466217327747,-0.24948411856156735,3293.2396041639145,0.6295509923517978,244255.4334955261,0.9330375204105972,SittingToStanding_Xiaoye_2_35sek_20260202_163924.parquet,0,Sit-Stand,28.741362,30.715294,Non-Fall
-0.6195031686511681,0.17597890668021818,4.9296570720733744e-05,-0.7014235581621983,-0.6978002179445159,-0.6194850779858629,6.113991563174615,-0.6409102628583088,-0.682199320301026,-0.38862760390865525,3305.41378395013,0.6276446030113007,169637.18692663635,1.015911588356426,SittingToStanding_Xiaoye_2_35sek_20260202_163924.parquet,0,Sit-Stand,29.74132,31.715304,Non-Fall
-0.6195031686511681,0.22381834886711366,3.29134832116247e-05,-0.719489224041148,-0.7568597680090986,-0.6861767500338166,1.505025018700847,-0.7285687363271298,-0.4681405144728267,-0.1515251902086142,3316.1321310066423,0.6280632312956628,87504.24270248025,0.7539239846452532,SittingToStanding_Xiaoye_2_35sek_20260202_163924.parquet,0,Sit-Stand,30.739907,32.715304,Non-Fall
-0.629698645871065,0.2362332107428684,1.8943505294890068e-05,-0.7389686217719728,-0.8227482871769575,-0.7026412059522326,0.12160883674541711,-0.7903498703583487,-0.674115387454756,0.11324211362978709,3318.173205011837,0.6277976582968199,81796.52764668588,0.6472113195159047,SittingToStanding_Xiaoye_2_35sek_20260202_163924.parquet,0,Sit-Stand,31.74154,33.715319,Non-Fall
-0.6415257548316141,0.23701968363990833,1.7191534712857124e-05,-0.7418687832641417,-0.8105306460289713,-0.709418799038142,0.33784864510185664,-0.7739895251527387,-0.987508828859384,0.04869639574719524,3321.5771995548134,0.6282481395295626,84013.05613665354,0.7367654980698867,SittingToStanding_Xiaoye_2_35sek_20260202_163924.parquet,0,Sit-Stand,32.739736,34.715285,Non-Fall
-0.6415257548316141,0.22276044073103687,1.6151363849813446e-05,-0.7436609886484342,-0.8105306460289713,-0.7141607489892229,0.2945804165315153,-0.7766980291541675,-0.7935049001990128,0.3306064029587318,3315.208673260521,0.6276331046910618,72513.81929692965,0.692905322353066,SittingToStanding_Xiaoye_2_35sek_20260202_163924.parquet,0,Sit-Stand,33.741401,35.715267,Non-Fall
-0.6529851698821998,0.21889047652671997,1.675397192993085e-05,-0.7426159029275328,-0.8350160758086087,-0.7124932619825258,0.05359366394039467,-0.7985975943048856,-0.6078908204921828,0.17264943622548792,3310.765087477792,0.6271418174606808,74144.7948767394,0.6437830482822277,SittingToStanding_Xiaoye_2_35sek_20260202_163924.parquet,0,Sit-Stand,34.741929,36.7153,Non-Fall
-0.6415257548316141,0.23244764494809525,2.221180912266317e-05,-0.7338965597644668,-0.8356653507665665,-0.7151422196688194,0.07582924332435712,-0.7955110321535354,0.23662382517268066,-0.532367453085372,3321.420065387864,0.6282921224578931,72221.66842606959,0.6448951341318134,SittingToStanding_Xiaoye_2_35sek_20260202_163924.parquet,0,Sit-Stand,35.742097,37.715315,Non-Fall
-0.6089351149603567,0.2329756436998108,3.9143873312364334e-05,-0.7121809472092608,-0.7838166284787058,-0.7001101685401769,0.9732606813344055,-0.7454731030287072,0.23224343017046054,-0.174639999430975,3315.2991450190834,0.6279033255147705,79264.36873307804,0.6680049103553934,SittingToStanding_Xiaoye_2_35sek_20260202_163924.parquet,0,Sit-Stand,36.740362,38.715266,Non-Fall
-0.6089351149603567,0.22034370376271908,4.602834872660798e-05,-0.704754017096971,-0.7752835408842674,-0.6805029486031817,2.181963797192124,-0.7109538932487335,0.16607841651180516,-0.3571536996357742,3313.8693269943246,0.6277339117026534,114428.86352599002,1.080458444439941,SittingToStanding_Xiaoye_2_35sek_20260202_163924.parquet,0,Sit-Stand,37.741423,39.715291,Non-Fall
-0.819531417704796,-1.1852345676060931,2.6817231402498303e-05,-0.7273463492039348,-0.8279106340548262,-0.7125413455087168,0.10536500093750947,-0.7920472969447995,-0.43995659428723394,-1.2699043138225856,3013.3935478780654,0.6278368962740969,75961.26690467526,0.6881205806930716,SittingToStanding_Xiaoye_3_35sek_20260202_164139.parquet,0,Sit-Stand,0.073119,2.048807,Non-Fall
-0.7506143632285526,-1.1819745680259166,0.00011132560669262262,-0.6517626502580771,-0.6936315029085873,-0.6904085992973601,3.1551064565836953,-0.6899081360556718,-0.38533097621591006,0.006814737627493205,3016.2237379743215,0.6284008489515859,77513.03321542728,0.6911080159810049,SittingToStanding_Xiaoye_3_35sek_20260202_164139.parquet,0,Sit-Stand,1.07327,3.048749,Non-Fall
-0.7506143632285526,-1.2411843535955691,0.0001582228613515025,-0.6232378131927436,-0.6936315029085873,-0.652498331711532,5.528554206067856,-0.6494492345871358,-0.06379950159690452,-0.5620515698265635,2996.4940766855143,0.6282468661292819,186775.71862198625,1.3157482183028562,SittingToStanding_Xiaoye_3_35sek_20260202_164139.parquet,0,Sit-Stand,2.07519,4.048795,Non-Fall
-0.7545373538531559,-1.269891192984284,8.930160461130594e-05,-0.6672540410601754,-0.7162765919377483,-0.6517705208861438,4.392902918768584,-0.6674165744150584,-0.0019206418756305753,-0.0031380271051753674,2993.5241636769465,0.6281337587375007,139870.11710950523,1.2472876899786178,SittingToStanding_Xiaoye_3_35sek_20260202_164139.parquet,0,Sit-Stand,3.073332,5.048791,Non-Fall
-0.7626022069026128,-1.2367669331687803,7.107121044430693e-05,-0.6815979500092098,-0.6380894976283049,-0.6375151347211157,8.86065582514894,-0.605446169015278,0.7100348460758127,0.3634810626439147,3000.6876393339626,0.6276870496182835,93440.35589969094,0.6495621906440256,SittingToStanding_Xiaoye_3_35sek_20260202_164139.parquet,0,Sit-Stand,4.073535,6.048815,Non-Fall
-0.7626022069026128,-1.2694585037758952,0.00010477046858689832,-0.6561991483046216,-0.6115145904412304,-0.631295901281313,11.878448997550555,-0.5723890586025653,-0.14229251695115147,-0.43235673761899257,3007.188065366391,0.6316775650510018,234923.56085821975,1.4887491742826342,SittingToStanding_Xiaoye_3_35sek_20260202_164139.parquet,0,Sit-Stand,5.073245,7.04881,Non-Fall
-0.8008796064548654,-1.3071807300557576,0.00011427746787635516,-0.6498075697970843,-0.6115145904412304,-0.628754380223122,9.11152055833193,-0.602502007850212,-0.5689394567037349,-0.747420660074271,2984.6543196625935,0.6285133441949549,163587.6907650068,1.452455181134665,SittingToStanding_Xiaoye_3_35sek_20260202_164139.parquet,0,Sit-Stand,6.074892,8.048791,Non-Fall
-0.8008796064548654,-1.344262208115265,7.75617868514474e-05,-0.6763005695858423,-0.6624866744204551,-0.6431349895001863,5.35417949242204,-0.65207914025555,-0.17852250951330675,-0.4975989259501504,2983.7444745999724,0.6287000776358812,134746.32358892795,0.9959347596159904,SittingToStanding_Xiaoye_3_35sek_20260202_164139.parquet,0,Sit-Stand,7.073847,9.048798,Non-Fall
-0.829417976908082,-1.3152446692660449,2.901799560076591e-05,-0.724415890035251,-0.7824732247991107,-0.7021852781889619,1.2891291752412797,-0.7349993978777141,-0.6420548298068733,-0.5679338533903032,2991.6759511904743,0.6287964668552036,88452.78417023494,0.8809548058151098,SittingToStanding_Xiaoye_3_35sek_20260202_164139.parquet,0,Sit-Stand,11.27343,13.248826,Non-Fall
-0.8556252523614486,-1.3248070312535543,2.4324429237119216e-05,-0.7308150066504654,-0.80521922976475,-0.7084658367355923,0.38674120297878434,-0.7711302499701921,-0.8409243346574264,-0.9135459373714533,2984.009955971758,0.6275894309495876,77672.98010829154,0.7447622451244372,SittingToStanding_Xiaoye_3_35sek_20260202_164139.parquet,0,Sit-Stand,12.273798,14.248791,Non-Fall
-0.6610465147015526,-0.06221888698016583,2.9102461796647112e-05,-0.7243056725606373,-0.8305323614640834,-0.7138754501554148,0.13308458323596925,-0.789218267324814,-0.537639050789269,-0.3250942264453526,3258.6447091846558,0.6282249350833382,71363.0874779193,0.6379134864729267,SittingToStanding_Xiaoye_3_35sek_20260202_164139.parquet,0,Sit-Stand,29.997611,30.724663,Non-Fall
-0.7837744060948242,-1.6282319248243111,0.00011545451779577804,-0.6490350359939155,-0.7708797436306224,-0.7073355141147527,0.8729172685117202,-0.7491486701891039,-1.0905361353856684,1.5433810035119675,2922.545145380114,0.6279749415334897,70621.3649996364,0.6451958690882164,Sittingtostanding_Ahmed_1_20sek_20260202_102903.parquet,0,Sit-Stand,0.202354,2.17741,Non-Fall
-0.8658187125384116,-1.6198446093505219,2.6513050822287004e-05,-0.7277607095878934,-0.8280501805104987,-0.7172367967306165,0.14877905247282605,-0.7877469466417664,0.16502263342626858,-0.24229590141972174,2924.2786462831405,0.6277731041373265,70865.16672762332,0.6591806617040264,Sittingtostanding_Ahmed_1_20sek_20260202_102903.parquet,0,Sit-Stand,1.203905,3.177387,Non-Fall
-0.8884270886370165,-1.6318696389517695,2.1710260462684387e-05,-0.734649413610564,-0.8280501805104987,-0.7143333870365518,0.13101479200464242,-0.7894186489599351,-0.47048746188506385,-0.36129537691580993,2921.5384231911753,0.6278191339744793,77924.73967822957,0.6853057861271958,Sittingtostanding_Ahmed_1_20sek_20260202_102903.parquet,0,Sit-Stand,2.203581,4.177454,Non-Fall
-0.8884270886370165,-1.6414240600694414,2.3075366411207194e-05,-0.732619958718909,-0.8327755508610291,-0.7171808823624777,0.11138684716237797,-0.791403717898429,-0.6044775739478377,-0.41849219233245133,2918.9309322580298,0.6278017013025115,70257.35795436006,0.666329263199574,Sittingtostanding_Ahmed_1_20sek_20260202_102903.parquet,0,Sit-Stand,3.201758,5.17741,Non-Fall
-0.8658187125384116,-1.6171804495139541,2.3138325187305124e-05,-0.7325278283172656,-0.8110138475420015,-0.7032449522152203,0.26988388656190127,-0.7783338412464774,0.21040343709090548,-0.09556996606780045,2923.961596337174,0.6280676790017518,84066.28107812977,0.6559575096775649,Sittingtostanding_Ahmed_1_20sek_20260202_102903.parquet,0,Sit-Stand,4.20361,6.177446,Non-Fall
-0.8658187125384116,-1.6377801880180152,2.0521042087619223e-05,-0.7364700337848129,-0.8110138475420015,-0.7108946402139096,0.37159303801341975,-0.7719957420218002,0.6995243400269381,0.10849970250389689,2917.3596591331625,0.6275361611977451,75435.810433953,0.6955683011230248,Sittingtostanding_Ahmed_1_20sek_20260202_102903.parquet,0,Sit-Stand,5.202578,7.177455,Non-Fall
0.36436654625241266,-0.3892953926653828,0.006819995809818346,0.36161989384573356,0.5613051966670314,0.46203653151190904,571.8254298610824,0.8676269249831031,2.3032863061653233,0.4905866407843396,3278.006137823052,0.6770928934851167,5791986.181619463,1.1975044594020092,Sittingtostanding_Ahmed_1_20sek_20260202_102903.parquet,0,Sit-Stand,7.20356,9.177436,Non-Fall
0.36436654625241266,-0.22390887147874805,0.0064941333981204385,0.33352403399689873,0.5613051966670314,0.41990069835002425,604.1037167443112,0.9144621423292819,2.2695538207005095,0.49550078862524766,3076.7665346668186,0.6079245253192068,3628007.8547047623,1.3733292288856338,Sittingtostanding_Ahmed_1_20sek_20260202_102903.parquet,0,Sit-Stand,8.203698,10.177395,Non-Fall
-0.648156154881869,-0.8238416866155164,0.0004788814409808996,-0.49233500481907144,-0.11656326102045532,-0.41861215854872935,59.83224351592375,-0.27064128320673714,-0.37080038586900893,-1.060675083643656,3122.0875217649327,0.6375875980875582,283846.2526094223,0.8153340334098833,Sittingtostanding_Ahmed_1_20sek_20260202_102903.parquet,0,Sit-Stand,9.203756,11.177436,Non-Fall
-0.648156154881869,-0.3619385094829595,9.736626261268858e-05,-0.6613807099032021,-0.6838166229990146,-0.566503899900323,10.804156039050682,-0.583614666436437,0.2834799490251305,0.09994243458692376,3185.0402436005193,0.6274056962315014,257153.51068828412,0.9933223081746656,Sittingtostanding_Ahmed_1_20sek_20260202_102903.parquet,0,Sit-Stand,10.202289,12.177446,Non-Fall
-0.7134386555458925,-0.3492963450164906,3.3530229505982855e-05,-0.7187365339511093,-0.7846627239357636,-0.7051208486407442,0.7162715966722475,-0.7553384008216407,-0.7308824718791492,-0.4189153877287597,3190.002336841875,0.6274718029029785,87488.62264668843,0.7552240057291106,Sittingtostanding_Ahmed_1_20sek_20260202_102903.parquet,0,Sit-Stand,11.201734,13.17741,Non-Fall
-0.7148698638350129,-0.3447437800104262,2.9418061554233944e-05,-0.7238952643346569,-0.8051274868366527,-0.7037148993527474,0.34879310623726206,-0.7733323898503428,-0.4227947879457644,-0.9369205346205016,3192.9551688169345,0.627976810427441,73744.79358670367,0.6319053952737571,Sittingtostanding_Ahmed_1_20sek_20260202_102903.parquet,0,Sit-Stand,12.202429,14.177455,Non-Fall
-0.6977295580881544,-0.3345174664504789,3.3077612971066214e-05,-0.7192882329003065,-0.8051274868366527,-0.7011347886279871,0.26318829467310223,-0.7787901053014428,-0.260749033787359,-0.9001273290371953,3194.198101399231,0.6280600318360593,87061.72630942609,0.7364852581889726,Sittingtostanding_Ahmed_1_20sek_20260202_102903.parquet,0,Sit-Stand,13.202174,15.177436,Non-Fall
-0.6977295580881544,-0.3439226326711789,3.244648657288126e-05,-0.7200638596338682,-0.8153018438239233,-0.7137458508433046,0.19159337447572955,-0.7840885760713563,-0.32176502258313516,-0.7643487648543267,3191.7902647650276,0.6281939573210451,72552.3852950283,0.6678817033611169,Sittingtostanding_Ahmed_1_20sek_20260202_102903.parquet,0,Sit-Stand,14.202662,16.177408,Non-Fall
-0.7148698638350129,-0.3628176714304622,3.197581138832684e-05,-0.7206472214661875,-0.8214094303596469,-0.7116559099036429,0.29600419794696475,-0.7766058539099775,-0.47099423664328127,-1.0104034254127878,3188.55237700893,0.6286182295201623,82336.11321497832,0.7044110453931296,Sittingtostanding_Ahmed_1_20sek_20260202_102903.parquet,0,Sit-Stand,15.202002,17.177451,Non-Fall
-0.7075148969857485,-0.35096749828106155,3.227920166960913e-05,-0.7202707073315805,-0.7575316020366184,-0.6824242604212667,0.965714426685948,-0.7457427266191397,-0.41516573886094366,-1.1214870129459424,3194.1886401842758,0.6285860887423095,85843.83353106426,0.6350616320922927,Sittingtostanding_Ahmed_1_20sek_20260202_102903.parquet,0,Sit-Stand,16.203636,18.177432,Non-Fall
-0.7075148969857485,-0.30442651199727006,3.098224932740341e-05,-0.7218929252046312,-0.4930484315456406,-0.4938969868509809,33.3787773680651,-0.4083848851562407,-0.22312186904500128,-0.8985502343597753,3200.6653076509187,0.6279112834342822,370229.2488392989,0.8840159516761409,Sittingtostanding_Ahmed_1_20sek_20260202_102903.parquet,0,Sit-Stand,17.203859,19.177426,Non-Fall
-0.8939933149959759,-1.689099389093527,2.513155370258759e-05,-0.729673239691463,-0.8273775621331153,-0.7137455616262645,0.11328419047913263,-0.7912045643843704,-0.7135502619566787,-0.9639396624424262,2908.9918282179233,0.6276202553997187,75741.87624609754,0.676105464727097,Sittingtostanding_Ahmed_2_20sek_20260202_102953.parquet,0,Sit-Stand,0.0,1.978414,Non-Fall
-0.8785992669807832,-1.6728410293455236,2.3489514910808946e-05,-0.7320162005021532,-0.8351687951308838,-0.7165714989800832,0.11798026505675537,-0.7907187004587315,-0.35303678832342694,-0.9219509855253991,2909.688010142926,0.6274044143018599,73836.04476871043,0.6810688303057214,Sittingtostanding_Ahmed_2_20sek_20260202_102953.parquet,0,Sit-Stand,1.002996,2.978452,Non-Fall
-0.8785992669807832,-1.6943608558996797,2.9009522529172945e-05,-0.7244269551468118,-0.8244092197732429,-0.7125110727411782,0.15255712859214487,-0.7874045217527341,-0.31639796896956035,-0.8053865180066785,2907.218491443815,0.6275480580819495,73349.03203225895,0.652938179433166,Sittingtostanding_Ahmed_2_20sek_20260202_102953.parquet,0,Sit-Stand,2.002881,3.978414,Non-Fall
-0.8987096474302984,-1.7012902474412737,2.6567079400554665e-05,-0.7276869379333897,-0.8244092197732429,-0.7090441329869192,0.1510847727031724,-0.7875374584696528,-0.6728571221707172,-0.9784141424952603,2906.6995419431737,0.627530717939895,82642.09427276219,0.7177412548174064,Sittingtostanding_Ahmed_2_20sek_20260202_102953.parquet,0,Sit-Stand,3.003241,4.978409,Non-Fall
-0.9146173599863137,-1.7001773825112392,2.5353361303960606e-05,-0.7293626918060758,-0.8246015461963012,-0.7122894899159765,0.11135310614108873,-0.7914072747921509,-0.9264605061859624,-0.9049114016732621,2908.659777232256,0.6278691535258027,74534.18153843985,0.6497986395638544,Sittingtostanding_Ahmed_2_20sek_20260202_102953.parquet,0,Sit-Stand,4.003015,5.978461,Non-Fall
-0.8980661622175602,-1.7015662778923732,2.7238085214367994e-05,-0.7267769101280338,-0.834392670056583,-0.7127560976404173,0.10822119518631941,-0.7917398129008757,-0.6042140964964239,-0.8951084854249999,2905.919513388261,0.6276317160040614,78501.41952390321,0.6780938230512341,Sittingtostanding_Ahmed_2_20sek_20260202_102953.parquet,0,Sit-Stand,5.004623,6.978405,Non-Fall
-0.8980661622175602,-1.684087431701671,2.6273065335981567e-05,-0.7280893024784622,-0.8328489443752084,-0.7129665922301811,0.1137272912153166,-0.7911582953439561,-0.10888717772870835,-1.174781191039613,2911.486577109986,0.6281190136686564,70991.43907579627,0.6363507771825596,Sittingtostanding_Ahmed_2_20sek_20260202_102953.parquet,0,Sit-Stand,6.00328,7.978436,Non-Fall
0.6026577998339296,-0.89576556547047,0.006760932429895256,0.35657808340462555,0.6593608449313361,-0.05273975078028698,599.1150737620793,0.9073069258038631,3.8820689141310423,3.164475832074922,2926.340619574823,0.6188300479900397,500005.2547048688,1.0947487669837586,Sittingtostanding_Ahmed_2_20sek_20260202_102953.parquet,0,Sit-Stand,7.005388,8.978442,Non-Fall
0.6026577998339296,-0.5088943215178572,0.007256844728301958,0.3982520842051079,0.6593608449313361,0.4858377723988708,603.5031419131752,0.9136023054239046,2.879474747660965,1.836733603184105,3452.067522615806,0.7355152300996797,9253053.206306303,1.2428927603813442,Sittingtostanding_Ahmed_2_20sek_20260202_102953.parquet,0,Sit-Stand,8.003112,9.978441,Non-Fall
-0.9100961353767935,-1.8801229481864672,2.6193777262405576e-05,-0.7281981948466886,-0.8327785937359724,-0.7257417312249721,0.29844956113776944,-0.7764480575516074,-0.6077809503050655,-0.5865110663119667,2869.082165488931,0.627560739362238,66842.90033876596,0.6971102500564222,Sittingtostanding_Ahmed_3_20sek_20260202_103024.parquet,0,Sit-Stand,0.136539,2.111993,Non-Fall
-0.9100961353767935,-1.8940716102375088,3.0104234592771626e-05,-0.7230104891286346,-0.8327785937359724,-0.7084457383766286,0.127960944737289,-0.7897172126908647,-0.5445920782284323,-0.6849094715493104,2866.7145902148377,0.6277195098592846,77639.27408443623,0.6478770432537675,Sittingtostanding_Ahmed_3_20sek_20260202_103024.parquet,0,Sit-Stand,1.13821,3.13641,Non-Fall
-0.9100961353767935,-1.9013152143471987,3.2551885031183906e-05,-0.7199338082192214,-0.8331032041147252,-0.7130373071874664,0.1091687173673362,-0.7916387056158538,-0.4730211444121824,-0.6925442915386669,2868.3916001215794,0.6283957730795285,75045.8037724395,0.6499703871506762,Sittingtostanding_Ahmed_3_20sek_20260202_103024.parquet,0,Sit-Stand,2.136611,4.136618,Non-Fall
-0.9193597557249754,-1.9210946179453283,2.7285452942131315e-05,-0.7267130951688823,-0.837408892339402,-0.7164342015486477,0.08941903707508583,-0.793846377289996,-0.4282709808993534,-0.659395202301162,2861.6300483628947,0.6278145674650125,72689.31194877763,0.6552623279683463,Sittingtostanding_Ahmed_3_20sek_20260202_103024.parquet,0,Sit-Stand,3.151993,5.137893,Non-Fall
-0.9085902741777119,-1.9185522539045234,2.692284216822188e-05,-0.7272030343548941,-0.8274472714229056,-0.7096303286720672,0.14750155815238541,-0.7878637136351168,-0.12031240769891192,-0.3054511496197463,2864.218578928097,0.6280366937205969,75167.63439236175,0.639769770964206,Sittingtostanding_Ahmed_3_20sek_20260202_103024.parquet,0,Sit-Stand,4.151969,6.137038,Non-Fall
-0.9085902741777119,-1.9179044820052493,2.809999004601895e-05,-0.7256242735996089,-0.8274472714229056,-0.710329225182129,0.16879697364944923,-0.7859787813505416,0.47296402540847965,-0.3079792114389512,2859.680140814393,0.6269786353004688,82587.85456291912,0.6882855106801022,Sittingtostanding_Ahmed_3_20sek_20260202_103024.parquet,0,Sit-Stand,5.152031,7.138171,Non-Fall
-0.9100961353767935,-1.9211399039942016,2.199929826833748e-05,-0.7342145022702524,-0.8265489875001232,-0.7123169971794715,0.12827675060867244,-0.7896861734923412,0.33155499096211577,-0.40392151510307467,2860.9547415437046,0.627353182751547,71871.69405080343,0.6457655545664146,Sittingtostanding_Ahmed_3_20sek_20260202_103024.parquet,0,Sit-Stand,6.152012,8.13641,Non-Fall
-0.8651808172738852,-1.9087060074432145,4.8712048661762144e-05,-0.7020109157971142,-0.2435458050412808,-0.5745394414144009,52.072771573209465,-0.30715706483612976,-1.046567384278723,1.166781772470787,2867.9098600292655,0.6280066558024275,114704.10525315264,0.6564092008028376,Sittingtostanding_Ahmed_3_20sek_20260202_103024.parquet,0,Sit-Stand,7.152019,9.136851,Non-Fall
-0.9223807841056899,-1.93966510381293,2.578710032849575e-05,-0.7287593241868331,-0.8356209408751987,-0.7147220752230378,0.0771789227356035,-0.7953393641848993,-0.025833552936638207,-0.7124393392939776,2854.4810156749,0.627295296813088,73913.3136875558,0.6476122571322928,Sittingtostanding_Chrysi_1_20sek_20260202_103906.parquet,0,Sit-Stand,0.548226,2.523766,Non-Fall
-0.9223807841056899,-1.9182063825982432,2.619388121089698e-05,-0.7281980519784749,-0.8262343250781875,-0.713981919586414,0.20600836930830949,-0.782951018285393,-0.03328124080381646,-0.850305141866445,2866.706786337597,0.6286582071763326,75334.45723305961,0.6836347082602275,Sittingtostanding_Chrysi_1_20sek_20260202_103906.parquet,0,Sit-Stand,1.550246,3.523751,Non-Fall
-0.9223807841056899,-1.9178747092246922,2.6315599275858844e-05,-0.7280309550802982,-0.8262343250781875,-0.7110297454552795,0.22546818849068756,-0.7814767299460684,-0.6120506659289356,-0.6875879629510633,2861.243682050839,0.6276205709542185,77391.21280072286,0.6994276502776722,Sittingtostanding_Chrysi_1_20sek_20260202_103906.parquet,0,Sit-Stand,2.548398,4.523792,Non-Fall
-0.9316749980071783,-1.9306708357244462,2.505959642960996e-05,-0.7297742796482225,-0.8333360241044169,-0.7109454296985137,0.12096395615125825,-0.7904150137511231,-1.1196900889089498,-0.7538200311245177,2861.3421188310062,0.628359871979577,75792.47215652156,0.6623656063350336,Sittingtostanding_Chrysi_1_20sek_20260202_103906.parquet,0,Sit-Stand,3.54822,5.523811,Non-Fall
-0.9223807841056899,-1.9025505203653008,2.5630318962600473e-05,-0.7289768304307681,-0.8171390165545052,-0.7055647511264856,0.18634290845553267,-0.7845134995835907,-0.3871622222570233,-0.8850860482884093,2864.8546575718224,0.6283565277462676,76212.50435443818,0.6228684941904292,Sittingtostanding_Chrysi_1_20sek_20260202_103906.parquet,0,Sit-Stand,4.548827,6.523748,Non-Fall
-0.9213015645221607,-1.9185995703277785,3.075861780799993e-05,-0.7221760508974655,-0.8084850516564798,-0.6989233772089765,0.5608375298073106,-0.7621941129641071,-0.32372742760716067,-0.7598262517392497,2860.447177224573,0.6277545361137281,103054.25575337977,0.7585031337671859,Sittingtostanding_Chrysi_1_20sek_20260202_103906.parquet,0,Sit-Stand,5.549983,7.523748,Non-Fall
-0.9213015645221607,-1.9481681632570966,3.0934058300619234e-05,-0.7219538502141475,-0.8084850516564798,-0.7323663381890554,1.088082926817626,-0.7414926619218131,-0.7447155248141679,-0.5487281278772297,2862.2411080025267,0.6283230183790989,53454.496520713896,0.6568945251412642,Sittingtostanding_Chrysi_1_20sek_20260202_103906.parquet,0,Sit-Stand,6.548337,8.523782,Non-Fall
0.7731774404423398,-0.332501567871479,0.020531441984269705,1.2156422762713288,1.0955606173039307,1.5492154584407272,1101.9045762829953,1.520715164550424,1.0780914607786478,-0.18641749560478899,3675.8548549644456,0.81598714092797,19198863.562044136,1.3106172350510499,Sittingtostanding_Chrysi_1_20sek_20260202_103906.parquet,0,Sit-Stand,8.548404,10.523748,Non-Fall
0.7731774404423398,0.27562104205519933,0.019220580749903106,1.1502286721262116,0.9131948865855952,0.4756550701531242,434.51503185379346,0.6517727321512586,0.6490407650080027,-0.1667685991293428,3069.819591224957,0.6594046197509379,4454033.938600609,1.395674648161555,Sittingtostanding_Chrysi_1_20sek_20260202_103906.parquet,0,Sit-Stand,9.54883,11.523782,Non-Fall
-0.6209010208885424,-0.6555510050764172,8.050633483488275e-05,-0.6739706161158345,-0.6519395612258158,-0.6448259937748384,9.537315728183252,-0.597596150745193,2.061097904939984,2.876151346175803,3120.208130414794,0.6272838165687511,115382.2535559615,0.9593317842221776,Sittingtostanding_Chrysi_1_20sek_20260202_103906.parquet,0,Sit-Stand,11.550299,13.523748,Non-Fall
-0.7642586039221061,-0.6643329937763993,2.0416380965330113e-05,-0.7366327599573185,-0.7800131253281278,-0.707910580685133,1.05383009237025,-0.7426571129010459,0.7389017559938997,-0.5470404090071941,3123.920204924884,0.627537106227712,65317.38548570138,0.6226153116250828,Sittingtostanding_Chrysi_1_20sek_20260202_103906.parquet,0,Sit-Stand,12.550354,14.523782,Non-Fall
-0.7737966178875831,-0.6970778602869376,1.738166745666004e-05,-0.7415471057734715,-0.8266510643605888,-0.7146395263656371,0.21878840638061978,-0.7819753495558622,1.389552082414466,-0.7256307135229794,3116.6499305433513,0.6276004749599923,75784.68691876401,0.6785816268691232,Sittingtostanding_Chrysi_1_20sek_20260202_103906.parquet,0,Sit-Stand,13.552607,15.523788,Non-Fall
-0.7737966178875831,-0.7047834027559072,2.0212902917053745e-05,-0.7369503239538255,-0.8266510643605888,-0.7152031434752689,0.1774710299498923,-0.7852453459729515,1.0929494382023925,-0.9783532043006229,3119.540227247817,0.6284959522441905,73633.05194407335,0.6878231969766099,Sittingtostanding_Chrysi_1_20sek_20260202_103906.parquet,0,Sit-Stand,14.548262,16.523788,Non-Fall
-0.777119692104939,-0.6996240223042618,2.3608405392301544e-05,-0.7318438635197028,-0.7548268621054645,-0.7004962564391514,1.7342443500050817,-0.7222284075292192,0.2881487504605413,-1.1258458031209173,3108.687331802115,0.6268135496022831,72067.85812038764,0.641463181186826,Sittingtostanding_Chrysi_1_20sek_20260202_103906.parquet,0,Sit-Stand,15.550098,17.52376,Non-Fall
-0.7781587374855191,-0.685741201813002,3.126469535761326e-05,-0.7215367944410879,-0.7548268621054645,-0.6917677262379506,1.8504616430834127,-0.7191740997892738,-0.643967559302851,-0.9648731186543236,3122.937802611939,0.6283490651099202,106254.00136816404,1.0939497335119803,Sittingtostanding_Chrysi_1_20sek_20260202_103906.parquet,0,Sit-Stand,16.549117,18.523751,Non-Fall
-0.893136435892931,-1.7107439148797956,1.2433779008327086e-05,-0.7505927994103891,-0.8192770469592874,-0.7139472391876677,0.35067045730056934,-0.7732207099386521,-0.31395642596450524,-0.012265918794441244,2905.3167661522752,0.627611923513171,73700.81056629804,0.6706617146941901,Sittingtostanding_Chrysi_2_20sek_20260202_103939.parquet,0,Sit-Stand,0.517834,2.491409,Non-Fall
-0.893136435892931,-1.7338558276801692,1.9260689304590663e-05,-0.7384581268569644,-0.838406773834845,-0.7246736073232676,0.11732767665141886,-0.790785632366553,-0.35037608989829205,-0.7565069565661221,2901.0953181120526,0.6277523842349024,66453.24904048993,0.6591971997671539,Sittingtostanding_Chrysi_2_20sek_20260202_103939.parquet,0,Sit-Stand,1.516114,3.491401,Non-Fall
-0.893136435892931,-1.742664525077392,2.5574331474776148e-05,-0.7290546642355645,-0.8367685127765625,-0.7166527536619367,0.07644417012335449,-0.7954326307224728,-0.3164722280222951,-1.0751282118398449,2897.25683441647,0.6274471833314395,74719.32038602837,0.6498527594359996,Sittingtostanding_Chrysi_2_20sek_20260202_103939.parquet,0,Sit-Stand,2.517508,4.491427,Non-Fall
-0.893136435892931,-1.7328309402596196,2.8431866796282868e-05,-0.7251851730382581,-0.8367685127765625,-0.714553676228798,0.037838278644230706,-0.8011996824273778,-0.2467508899632131,-1.107500915928558,2895.2637759588697,0.626945879825645,74608.53763819438,0.64172468518882,Sittingtostanding_Chrysi_2_20sek_20260202_103939.parquet,0,Sit-Stand,3.516002,5.491418,Non-Fall
-0.9083752006042652,-1.7209340759492417,2.5560617554370152e-05,-0.7290737423141123,-0.8274455080781301,-0.7127559572108805,0.09556834549909184,-0.793134955831197,-0.5410738858227153,-1.1811941761750109,2909.851227549006,0.6288122544837103,76813.69958894115,0.6670701008016177,Sittingtostanding_Chrysi_2_20sek_20260202_103939.parquet,0,Sit-Stand,4.51823,6.49144,Non-Fall
-0.8031799903012977,-1.7422893686423493,0.00010494942026967521,-0.6560762211201914,-0.42968005127491316,-0.6066389984203872,36.14847874159632,-0.3918556283395294,0.17550027643416594,0.8480953375423753,2894.2053246516925,0.6278899381275702,87940.9418614128,0.727838541951626,Sittingtostanding_Chrysi_2_20sek_20260202_103939.parquet,0,Sit-Stand,5.5189,7.491425,Non-Fall
-0.3817327023414196,-1.5239062764124247,0.0006207442426488807,-0.4496881278955202,0.5066580070273681,0.35838563294626846,653.0661686105333,0.9831785250577852,2.6610180598275357,2.8120551564598317,2915.789527218314,0.6306384278206072,2124315.999987355,0.9948774060769267,Sittingtostanding_Chrysi_2_20sek_20260202_103939.parquet,0,Sit-Stand,6.516253,8.491413,Non-Fall
0.4083100429479594,-0.21597348723637264,0.012752785368617712,0.7885271714639299,0.5066580070273681,1.0669361762879057,404.29804153292304,0.5998567806558966,0.7134547080518318,-0.46045730450983346,3632.10151082498,0.7471281408536775,10579027.707726669,1.2076587970846377,Sittingtostanding_Chrysi_2_20sek_20260202_103939.parquet,0,Sit-Stand,7.516252,9.49144,Non-Fall
0.4083100429479594,0.22592783330130553,0.011643839013438904,0.71788080376731,0.4960348414136082,0.2579206427419917,389.51757890939837,0.5737556839282527,0.3498824025750896,-0.3347837226375665,3039.1535253016623,0.6433612625152175,3459784.4549746243,1.3135115338002736,Sittingtostanding_Chrysi_2_20sek_20260202_103939.parquet,0,Sit-Stand,8.515986,10.491418,Non-Fall
-0.492136169524459,-0.43568015729403436,0.000190007168658549,-0.6062762748939761,-0.4424457746800266,-0.4957823262726141,29.946911430669562,-0.4298489362766863,1.709142895285787,2.0514626433401824,3169.6430872746746,0.6292625914259435,239390.93669620063,0.8351046422430425,Sittingtostanding_Chrysi_2_20sek_20260202_103939.parquet,0,Sit-Stand,9.518133,11.491431,Non-Fall
-0.6731691602895994,-0.5010520066507256,8.618178459004046e-05,-0.6695969780684468,-0.7142778461306918,-0.6602785018630989,7.03596920429845,-0.6282530745503295,-0.14054291236864494,-0.48966109530006807,3157.7061533403344,0.6277634591296953,108078.93974482415,1.2357137247115277,Sittingtostanding_Chrysi_2_20sek_20260202_103939.parquet,0,Sit-Stand,10.517409,12.491446,Non-Fall
-0.7294159187900537,-0.5424824409204041,5.868596314221535e-05,-0.6924264224449277,-0.778420035894836,-0.7000018543684486,2.2232663784187836,-0.7099748330643104,-0.7260577260500776,-0.5164108042145553,3147.9763205031772,0.6280457584901274,92304.65536538881,1.0053847098979833,Sittingtostanding_Chrysi_2_20sek_20260202_103939.parquet,0,Sit-Stand,11.515816,13.49145,Non-Fall
-0.7345506284021524,-0.6041736562622265,3.6064831679045e-05,-0.7157136285952355,-0.7471518130080258,-0.6903832989167158,1.5073875978179703,-0.7285010125937504,-0.4729200650369446,-0.4431802064039988,3140.1742959414833,0.6285605876930797,89259.6539386865,0.7091717418374878,Sittingtostanding_Chrysi_2_20sek_20260202_103939.parquet,0,Sit-Stand,12.517439,14.49146,Non-Fall
-0.7345506284021524,-0.5707987221191534,3.603501962104482e-05,-0.7157485552265674,-0.7370222845344049,-0.6632945080275772,4.634502519633792,-0.6634156038348011,-0.8116278048203448,-0.3801064241883924,3141.613722895536,0.627472928255459,124167.32139776423,1.2260094265004247,Sittingtostanding_Chrysi_2_20sek_20260202_103939.parquet,0,Sit-Stand,13.516241,15.49144,Non-Fall
-0.7345506284021524,-0.5850696371054984,5.214766465927629e-05,-0.6986072987803922,-0.6739212064626353,-0.5644850712192963,7.018280952079182,-0.6284878176821699,-1.0943167514636585,-0.4728779890874873,3138.823041141904,0.6281387121114249,287974.015789572,0.9426966964505876,Sittingtostanding_Chrysi_2_20sek_20260202_103939.parquet,0,Sit-Stand,14.515696,16.491413,Non-Fall
-0.7165061678729394,-0.618222725883505,6.224993122592612e-05,-0.6892021236894526,-0.6739212064626353,-0.5716824458772047,7.289073527385356,-0.6249258640708025,-0.3132521248964582,-0.5722190153418498,3132.6536595385555,0.6283172655400282,172405.37500487975,0.9121472538498636,Sittingtostanding_Chrysi_2_20sek_20260202_103939.parquet,0,Sit-Stand,15.515614,17.491456,Non-Fall
-0.6869529707166948,-0.5351430582582546,0.0001012118851270403,-0.6586658138634037,-0.6444134194122214,-0.6236809095880799,7.69174498881797,-0.6197493900639222,-0.2371410689023098,-0.29937191386971923,3155.492536280121,0.6289255907780723,150795.06608873568,1.0896668877240654,Sittingtostanding_Chrysi_2_20sek_20260202_103939.parquet,0,Sit-Stand,16.515788,18.491436,Non-Fall
-0.718143152640663,-0.9273996560458485,5.680742965730669e-05,-0.6941653706724796,-0.7822436176405381,-0.7146000389489063,2.399281029462509,-0.7059010433190248,0.673571027352407,0.48993662132541166,3058.0983886499835,0.625724911022034,78308.7830501269,1.2132279070879775,Sittingtostanding_Chrysi_3_20sek_20260202_104033.parquet,0,Sit-Stand,0.405115,2.378037,Non-Fall
-0.7510271238000243,-0.9914951376055307,7.437046788945017e-05,-0.6788763040827415,-0.7306895418232456,-0.6803286796839358,2.9051388046594275,-0.6949610610861426,-0.7896589163623725,-0.40456432668302467,3056.967288583318,0.6274331414918052,85553.98254057496,0.9865796338667553,Sittingtostanding_Chrysi_3_20sek_20260202_104033.parquet,0,Sit-Stand,1.402346,3.379147,Non-Fall
-0.7189619005638459,-0.9269820857023516,0.00010989816573922322,-0.6527173711662084,-0.6616858384065851,-0.602783285184836,6.37982279252697,-0.6371683404157725,-0.3601115933954022,-0.5883732543554364,3067.908767080552,0.6280609342759395,230020.9437529649,1.1872350274014452,Sittingtostanding_Chrysi_3_20sek_20260202_104033.parquet,0,Sit-Stand,2.402645,4.378001,Non-Fall
-0.7189619005638459,-0.8246410513211604,7.665575891081459e-05,-0.6770263554222059,-0.6616858384065851,-0.6015443330197168,9.543356329377549,-0.5975273496958852,-0.10753764261286829,-0.5122319765822108,3090.5432389795283,0.6284152550731843,216287.98013495,1.2199662533125535,Sittingtostanding_Chrysi_3_20sek_20260202_104033.parquet,0,Sit-Stand,3.402275,5.378005,Non-Fall
0.6999678013200002,0.003792112378543088,0.006691785389098807,0.3506474383226831,0.07391194257932994,-0.07762883648682375,291.8099109090876,0.3870370852704164,4.007701889059589,3.4813987247510134,3098.195931055078,0.6157719564943362,834884.3244523584,1.191377111832019,Sittingtostanding_Chrysi_3_20sek_20260202_104033.parquet,0,Sit-Stand,4.402351,6.378045,Non-Fall
0.6999678013200002,-0.3133487144918,0.01074135589405391,0.6578631718282716,0.18162029528680115,0.4563656172248824,277.69753809627827,0.357613512592138,1.644331767296293,0.8224301762310589,3513.819006681965,0.7675394316763932,4852868.151227179,1.1978582835700355,Sittingtostanding_Chrysi_3_20sek_20260202_104033.parquet,0,Sit-Stand,5.402635,7.402341,Non-Fall
0.036342764045651704,-1.0379902748520533,0.004210598603068618,0.11269038282214695,0.18162029528680115,-0.03423738728910227,273.8933130498284,0.3495546828308197,-0.6445755946180776,0.3571353292760063,3026.3881099868686,0.654585161187937,1638836.1954755916,1.4986188528707491,Sittingtostanding_Chrysi_3_20sek_20260202_104033.parquet,0,Sit-Stand,6.417988,8.402595,Non-Fall
-0.5390449225960661,-0.6863432947450212,0.000643932981287433,-0.44320122423372577,-0.49596204264365856,-0.5548518447433888,16.74971648116605,-0.5269273171792476,-2.5140820895520926,2.5068639973115916,3113.7064068696295,0.6307659056767833,188726.1859045654,0.9749202256372004,Sittingtostanding_Chrysi_3_20sek_20260202_104033.parquet,0,Sit-Stand,7.417988,9.406428,Non-Fall
-0.42379576238005245,-0.48310899402294644,0.0002912001597089895,-0.5601277617919573,-0.1329679384819614,-0.5300297613787954,63.84430844251993,-0.25269009726634356,1.3165951665563973,2.5726076731749234,3166.452818715091,0.6310076252979101,219932.70056660657,1.5430625698484157,Sittingtostanding_Xiaoye_1_20sek_20260202_095705.parquet,0,Sit-Stand,0.102763,2.102359,Non-Fall
-0.7091481482147121,-0.5301285509611027,7.485154230644364e-05,-0.6784845366766427,-0.7503420156613264,-0.7085537301366349,2.744533482635747,-0.6983231091142206,-0.5018129413886872,-0.7963632463863793,3151.2678331302795,0.6286849765020226,89425.9682043036,1.1364613150439884,Sittingtostanding_Xiaoye_1_20sek_20260202_095705.parquet,0,Sit-Stand,1.104491,3.10211,Non-Fall
-0.6256973420387256,-0.620240805011576,0.0001317932022832781,-0.6386926603302658,-0.7235112092815548,-0.6842910923234126,4.598628462250337,-0.6640029830107472,-0.8359905304525559,0.945317864409406,3146.8127123614768,0.6296436836861046,90914.62238891305,0.997235313097128,Sittingtostanding_Xiaoye_1_20sek_20260202_095705.parquet,0,Sit-Stand,2.117717,4.102146,Non-Fall
-0.6256973420387256,-0.7159959030613577,0.00014810956184684927,-0.628986749496066,-0.6131689649648742,-0.629432768753027,9.309987477450028,-0.6002013948719748,-0.1886553190937616,0.49610693544115714,3086.687374371501,0.6241284623489755,207736.03004977613,1.4291064731832344,Sittingtostanding_Xiaoye_1_20sek_20260202_095705.parquet,0,Sit-Stand,3.117678,5.103962,Non-Fall
-0.6218997836624218,-0.7541565087191933,0.0001755299011954058,-0.6138104898483392,-0.39274492763573154,-0.6333206790136912,16.579245256178222,-0.5283964238668054,-1.2122022198235942,1.836086107683894,3111.4666206934803,0.6290650589993203,96123.90311176992,0.7528206392300534,Sittingtostanding_Xiaoye_1_20sek_20260202_095705.parquet,0,Sit-Stand,4.117722,6.102697,Non-Fall
1.9814718740964652,1.3621504561971316,0.050884646267917784,2.3733126704306478,2.7857737840395527,1.4546762301715814,2597.066569981405,2.7707668676504142,-0.9466106991580043,0.11435246498386836,3932.39600956928,0.8890322883800215,16333549.413785713,2.1455907799835163,Sittingtostanding_Xiaoye_1_20sek_20260202_095705.parquet,0,Sit-Stand,6.117717,8.103919,Non-Fall
1.9814718740964652,2.2246273469842737,0.06427595034625458,2.7665372420897585,2.7857737840395527,1.622689949903422,1738.6622408754636,2.118939695331086,-1.1571353831573143,-0.3158115735864796,3656.1307363643186,0.9320432643400482,18413823.461267114,2.0400858172632987,Sittingtostanding_Xiaoye_1_20sek_20260202_095705.parquet,0,Sit-Stand,7.117725,9.102448,Non-Fall
1.8703408124239216,0.5156194605950768,0.02911179069504009,1.600187175476187,1.6731965518382212,1.325927327097716,1090.4300584009807,1.5085226231853996,0.5802133146266932,0.004553338919297167,3728.909241924005,0.8537506425431041,14550482.515714759,1.8856675988107838,Sittingtostanding_Xiaoye_1_20sek_20260202_095705.parquet,0,Sit-Stand,8.11768,10.102538,Non-Fall
1.077046886890675,0.3990865523548223,0.016216676366381508,0.991345061253984,1.6731965518382212,1.2449199771043677,1225.107542767491,1.6478269743203335,0.668738530630316,-0.22497505674057044,3264.8338301786926,0.7437658342063608,8669392.95391451,1.8772077797164395,Sittingtostanding_Xiaoye_1_20sek_20260202_095705.parquet,0,Sit-Stand,9.117717,11.102861,Non-Fall
0.5240835739267299,0.5793525781849787,0.008737745167476578,0.5148627029689238,1.2830637348742377,0.651686951038947,466.66392646001475,0.7050621984425458,0.36168396795048197,-0.24690725408886108,3420.8462278658835,0.6735515072805387,2958999.6974264914,1.1793899543660773,Sittingtostanding_Xiaoye_1_20sek_20260202_095705.parquet,0,Sit-Stand,10.11767,12.102372,Non-Fall
-0.05382137915031861,0.3682694192372985,0.002263010362790954,-0.1309476456615538,0.11093800002636493,0.01333267283428667,193.00265087358468,0.16259489901920565,0.40213011901068796,0.05397837104702346,3373.9722905952235,0.6530230612093011,2565867.0814401205,1.7302389814936379,Sittingtostanding_Xiaoye_1_20sek_20260202_095705.parquet,0,Sit-Stand,11.117727,13.102426,Non-Fall
-0.05382137915031861,0.43527141480615533,0.000821685730093463,-0.3969268342646912,-0.48495362349237375,-0.4944242985217738,19.60120680202733,-0.5033789540198512,1.3856985084914408,3.0332632327279336,3340.454300092133,0.630357459875813,382841.7433964665,1.2364032258289006,Sittingtostanding_Xiaoye_1_20sek_20260202_095705.parquet,0,Sit-Stand,12.117727,14.102233,Non-Fall
-0.11392083281851015,0.26614245228390565,0.0014079375421142315,-0.27231629495698895,-0.22405750350300543,-0.33132666784065684,75.04829952531391,-0.2053532828026359,-1.1321585776401488,1.0081914148347073,3345.9038303050793,0.6389461543850402,583365.7586150676,1.5411921913463424,Sittingtostanding_Xiaoye_1_20sek_20260202_095705.parquet,0,Sit-Stand,13.117658,15.104007,Non-Fall
-0.08104134096016057,0.32317893851154167,0.001926246364274958,-0.18274895656139556,-0.22405750350300543,-0.13972473798865906,84.66537978371956,-0.16747580873075682,-0.3964447371699351,0.43584783140533373,3361.5498970676476,0.6599800366335882,1795518.0156916594,1.308029091521203,Sittingtostanding_Xiaoye_1_20sek_20260202_095705.parquet,0,Sit-Stand,14.119406,16.10203,Non-Fall
-0.08104134096016057,0.4677682498686446,0.001226727171266036,-0.30745692590297113,-0.31147547066502695,-0.27605623535310686,67.69900457979163,-0.23596710003295127,-0.206571187830446,1.151797394076603,3354.9095227897333,0.6315714520152375,410665.84695742646,0.9104897435407848,Sittingtostanding_Xiaoye_1_20sek_20260202_095705.parquet,0,Sit-Stand,15.117717,17.102357,Non-Fall
-0.3236799791117985,0.5335212195766741,0.0013325707545164885,-0.28663940836992735,0.16637306494584994,-0.14192037791114512,183.55550689473694,0.13837176082616917,-1.3996467731306044,0.3575065630823614,3345.5585433374195,0.6370016967961106,2258033.0635363576,1.8862681789800053,Sittingtostanding_Xiaoye_1_20sek_20260202_095705.parquet,0,Sit-Stand,16.117667,18.102293,Non-Fall
1.6412990335201738,0.8939270456076829,0.011191263587884843,0.6880858490447685,0.8912814193746889,0.6596929496256768,637.8424800495947,0.9620975151787027,2.240894255063781,2.8718689156183763,3510.520617878057,0.6793819941930622,5850648.303672758,2.0134612389671394,Sittingtostanding_Xiaoye_1_20sek_20260202_095705.parquet,0,Sit-Stand,17.117659,19.104375,Non-Fall
-0.7665373029812012,-0.9221932937536924,5.073821594388672e-05,-0.6999896343871537,-0.7767776796977386,-0.7077321840145357,1.7048232160750363,-0.7230177305185251,-0.8337203164455672,-0.3474583206080952,3069.690225307234,0.6282225727631044,74124.62242274126,0.8616462623333039,Sittingtostanding_Xiaoye_2_20sek_20260202_095843.parquet,0,Sit-Stand,0.102199,2.077177,Non-Fall
-0.7277742308930385,-0.9095164898540002,5.9865513308107306e-05,-0.691348716633808,-0.6097487267037474,-0.6754086194562988,6.114927526714726,-0.640896946771374,-0.2233910064680941,0.06252024064712784,3069.0938240181345,0.6283648602351484,92793.62442844294,0.7869915526289599,Sittingtostanding_Xiaoye_2_20sek_20260202_095843.parquet,0,Sit-Stand,1.101957,3.077209,Non-Fall
-0.7277742308930385,-0.8892213642343582,0.00013139550370361598,-0.6389365270054611,-0.32962159564124444,-0.4085524180705246,53.08383771156771,-0.30225162421287116,-1.4405170129314684,0.5292160550615956,3070.4702857696698,0.6286841226339963,669486.0904879295,1.6052838014812163,Sittingtostanding_Xiaoye_2_20sek_20260202_095843.parquet,0,Sit-Stand,2.102361,4.077213,Non-Fall
-0.7341396039501477,-0.8668109089359156,0.00014452752915405096,-0.6310698245203615,-0.32962159564124444,-0.44978321025508683,65.90675918159103,-0.24368157496657292,-1.543776882353858,0.1917424261423804,3089.027669755614,0.6290943809817781,576313.3289910079,1.5513122998204756,Sittingtostanding_Xiaoye_2_20sek_20260202_095843.parquet,0,Sit-Stand,3.10162,5.077177,Non-Fall
-0.6363095149802305,-0.894080668421097,0.00013327249114896387,-0.6377887822886866,-0.5895753055138125,-0.6312284343080914,18.97473631521616,-0.5083973899556845,0.7499545517118575,0.6132190813603078,3075.735801013656,0.6292698433730286,217438.41195809166,1.7360054384576258,Sittingtostanding_Xiaoye_2_20sek_20260202_095843.parquet,0,Sit-Stand,4.101983,6.077177,Non-Fall
-0.5700909678129625,-0.9617114806449331,0.00042850455867659453,-0.5089781227545919,-0.24979471710058873,-0.44644379662818773,53.782509604216955,-0.2988890890416302,-1.111137808859292,1.700659606445953,3059.6902329186714,0.6299920025635095,242404.0157525144,1.3742421253744503,Sittingtostanding_Xiaoye_2_20sek_20260202_095843.parquet,0,Sit-Stand,5.103496,7.077209,Non-Fall
0.7632255630168933,0.29662617106381833,0.014702877832876856,0.9056780472914808,0.7344441723400196,0.3897696100186967,493.0891174369154,0.7475037524328023,1.6442039031943543,0.04552238603378361,3139.6462071797796,0.6318536634644616,3405906.152915562,1.3458690213697744,Sittingtostanding_Xiaoye_2_20sek_20260202_095843.parquet,0,Sit-Stand,6.101902,8.077181,Non-Fall
0.7632255630168933,0.16083174160661937,0.024628554914872133,1.4076333849068041,1.1678658455919269,0.8652442933344339,412.8477547477689,0.6147373463303227,-0.19009637325886464,-0.4663727257380427,3330.645272779621,0.7779008597570914,7657242.710184106,1.4113951290328022,Sittingtostanding_Xiaoye_2_20sek_20260202_095843.parquet,0,Sit-Stand,7.101925,9.07722,Non-Fall
-0.48826707848925416,1.2326288150605222,3.999968722685078e-05,-0.7112239518828901,-0.8324545526177203,-0.7141092715543947,0.09711478220141126,-0.7929596785905565,-0.4831793612441652,-0.547622264403384,3540.7492538972865,0.6283676210434264,75185.39857057149,0.6635190120262637,Sittingtostanding_Xiaoye_3_20sek_20260202_100018.parquet,0,Sit-Stand,1.369247,3.34288,Non-Fall
-0.50609479849841,1.2363828795778726,4.9751985631454774e-05,-0.7009683435061098,-0.7467658669631018,-0.6982730678264346,1.1338580750867286,-0.7399647501814016,-1.0610861897688684,-0.7557621947027752,3542.251394898347,0.6279936087557642,79515.15999457387,0.6996922504632335,Sittingtostanding_Xiaoye_3_20sek_20260202_100018.parquet,0,Sit-Stand,2.367266,4.342903,Non-Fall
-0.43905657338129367,1.220818704156423,0.0001200711003137908,-0.6460423971777619,-0.6881670265224434,-0.6677358553523918,4.082094569446287,-0.6727291810896195,-0.3936752267623873,-0.4474864659511122,3543.1694465897394,0.6292438862234293,112816.94877990789,1.0821177291426476,Sittingtostanding_Xiaoye_3_20sek_20260202_100018.parquet,0,Sit-Stand,3.36786,5.342865,Non-Fall
-0.43905657338129367,1.295207965185685,0.00013151653769062418,-0.6388622705815528,-0.6881670265224434,-0.6524125224464037,4.39232994624557,-0.6674261920631697,-0.5693065485415306,-0.558745841493815,3554.578311174182,0.6293594053674918,181846.72874194357,1.2074446365672407,Sittingtostanding_Xiaoye_3_20sek_20260202_100018.parquet,0,Sit-Stand,4.369515,6.342836,Non-Fall
0.5699209102355418,2.478314109429806,0.005384416607222239,0.2321240901280225,0.5802885580736564,-0.17029399141697016,375.357811645394,0.548282038220005,2.12040168692772,0.27019327552971123,3686.015986999947,0.617865625076937,481888.33377309516,1.3971197189293865,Sittingtostanding_Xiaoye_3_20sek_20260202_100018.parquet,0,Sit-Stand,5.369247,7.342844,Non-Fall
-0.49891575343382616,0.5338642528037462,0.00010721698863603984,-0.6545275464472108,-0.5480081207490776,-0.6392885419175285,14.387629798704326,-0.5480029121388993,1.2061425534393704,0.20809419569818813,3362.305872726929,0.6245753715035676,127344.35715892537,1.2540940524887048,Sittingtostanding_p1_1_35sek_20260204_153540.parquet,0,Sit-Stand,0.503879,2.477562,Non-Fall
-0.5956149081011094,0.41402653566587005,5.216523105339656e-05,-0.698590188956443,-0.6400742983885886,-0.6627345213848019,7.155667143556826,-0.6266722414368473,-0.014362717923460971,-0.7200389972272309,3349.127317252157,0.6260802265296208,156701.8162404151,1.4651980319962874,Sittingtostanding_p1_1_35sek_20260204_153540.parquet,0,Sit-Stand,1.503788,3.477568,Non-Fall
-0.5956149081011094,0.4636912014694957,5.081682303059945e-05,-0.6999120377478011,-0.6400742983885886,-0.6289481102648825,8.545438186766315,-0.6092053166338092,-0.5531331397412651,-0.7075247303682125,3368.4316697217528,0.6282762338205712,106476.32130663839,0.9520928124598926,Sittingtostanding_p1_1_35sek_20260204_153540.parquet,0,Sit-Stand,2.503778,4.477582,Non-Fall
-0.5513958613785616,0.47895155294235336,8.740681644639774e-05,-0.6686720213690026,-0.7000418638025712,-0.6854426540619167,9.493798554493083,-0.598092446525428,-2.4731778831711475,1.6627822632866118,3384.19771891721,0.6296547070354973,96669.44502986531,1.2465131906727336,Sittingtostanding_p1_1_35sek_20260204_153540.parquet,0,Sit-Stand,3.504108,5.477594,Non-Fall
-0.5513958613785616,0.42725277092751857,9.146811575477734e-05,-0.6656510252714058,-0.7000418638025712,-0.6853322727965889,9.864800636675602,-0.5938970689704923,-1.8109739142254868,0.9788231702881776,3350.6016078460048,0.6275809494865925,146401.77012234443,1.4996812915379156,Sittingtostanding_p1_1_35sek_20260204_153540.parquet,0,Sit-Stand,4.504156,6.477541,Non-Fall
-0.49969126793859353,0.40404588548177606,7.089958804315071e-05,-0.6817412368998489,-0.7056245111915265,-0.647439827393266,9.383681253708291,-0.5993533943689975,1.6759604365939025,1.6034491459240265,3345.9437462507008,0.6273507338107718,103591.51267268941,1.051894364746613,Sittingtostanding_p1_1_35sek_20260204_153540.parquet,0,Sit-Stand,5.502116,7.477568,Non-Fall
-0.10700703518450556,0.4959093618537878,0.0010390249652680653,-0.34671858323519233,0.06513133923829909,-0.2840949821066229,164.78461547136118,0.08831615961146856,2.2885170602687723,2.7320137655232775,3361.7056856025906,0.6346952792616184,459886.5610409385,1.0827327874115815,Sittingtostanding_p1_1_35sek_20260204_153540.parquet,0,Sit-Stand,6.504003,8.477599,Non-Fall
-0.10700703518450556,0.7809763521870398,0.001245910421529508,-0.303619171805201,0.06513133923829909,-0.27128709075026586,157.37559384728206,0.06777781875833147,0.8593806291874302,0.825701823244565,3490.302328536242,0.6512667775391711,1764151.1410784214,1.792506720607276,Sittingtostanding_p1_1_35sek_20260204_153540.parquet,0,Sit-Stand,7.502178,9.477552,Non-Fall
-0.41903804365079844,0.9702254564643867,0.00028941484501882427,-0.5608648221979429,-0.624215099842351,-0.6373713426049749,8.971529803774882,-0.6041398743040826,-0.5488290840223502,-0.2986368670760608,3471.7571811765747,0.6277760548773583,107938.39666810574,0.9174411643118798,Sittingtostanding_p1_1_35sek_20260204_153540.parquet,0,Sit-Stand,8.502078,10.477541,Non-Fall
-0.35785489756385075,0.7049823968257986,0.0010629961426257542,-0.3415173083483643,-0.09155482726743516,-0.313815213812603,93.25172339576763,-0.13543985271680936,-3.0285289185863777,2.4674165590857005,3443.7228779806856,0.6368632094469826,741473.0101806138,1.2669202991471509,Sittingtostanding_p1_1_35sek_20260204_153540.parquet,0,Sit-Stand,9.503848,11.477532,Non-Fall
-0.35785489756385075,-0.1551585816665815,0.0015241205846462697,-0.2509674853687949,-0.09155482726743516,-0.06479612244932625,50.03253703472833,-0.317202976113058,-0.3660976639563339,-0.31374240709623913,3249.5640820233048,0.6429608742457279,1640537.5639948624,1.0356232652773532,Sittingtostanding_p1_1_35sek_20260204_153540.parquet,0,Sit-Stand,10.506187,12.47754,Non-Fall
-0.5677247580295742,-0.5968520668434606,0.0004106734951410163,-0.5151017200196504,-0.2823912046318812,-0.07669941543137036,36.8929333078142,-0.387521807203083,0.09290357868122598,-0.614743854602388,3085.8084644570786,0.6228482876600284,1071236.6361531098,0.8485015306018608,Sittingtostanding_p1_1_35sek_20260204_153540.parquet,0,Sit-Stand,11.501974,13.477582,Non-Fall
-0.5677247580295742,-0.15553587964899132,0.00031515246128486655,-0.5504494123253413,-0.2823912046318812,-0.3177585777927447,75.09557993349216,-0.20516131025342368,-0.5882805238877208,-0.8113740683697755,3274.626331401949,0.6346247873448508,796161.8564634109,1.0338887807622157,Sittingtostanding_p1_1_35sek_20260204_153540.parquet,0,Sit-Stand,12.504234,14.47754,Non-Fall
-0.6049543429292787,0.09979266193896204,8.962714729931274e-05,-0.6670119381687123,-0.6334271189315316,-0.6333130128602742,12.550590588459297,-0.5656226159273713,0.21540653468758203,-0.675718593924731,3271.5543067337917,0.6255369261883214,148803.44087618912,1.3967144924844688,Sittingtostanding_p1_1_35sek_20260204_153540.parquet,0,Sit-Stand,13.504462,15.477582,Non-Fall
-0.6337039346718404,0.0274656071880907,6.327245813581355e-05,-0.688294199331236,-0.6334271189315316,-0.6619017053926735,8.75038076069151,-0.6067535396174766,-0.9227242518782999,-0.43683936545729896,3279.5099536524453,0.6283078922741349,95917.41384066512,0.9602666199825509,Sittingtostanding_p1_1_35sek_20260204_153540.parquet,0,Sit-Stand,14.503804,16.477579,Non-Fall
-0.6205015850704946,-0.01001924158464824,0.00010598184795324038,-0.655369053482644,-0.6456439916226132,-0.664834457248111,8.19304842806187,-0.6134908114510339,-1.8864916793074562,0.43716411784158493,3266.6902385063268,0.6285375132783569,116992.78344347006,1.370329112248312,Sittingtostanding_p1_1_35sek_20260204_153540.parquet,0,Sit-Stand,15.503654,17.477599,Non-Fall
-0.3934382241100688,0.03851485812497259,0.000325053302624263,-0.5465566560477406,-0.6456439916226132,-0.6055309867571853,10.774888534317704,-0.5839281259223296,-0.306941693173274,2.1087953094993463,3273.9049845180734,0.6292698482464973,258125.0913244227,1.332021224863825,Sittingtostanding_p1_1_35sek_20260204_153540.parquet,0,Sit-Stand,16.503658,18.477579,Non-Fall
-0.3934382241100688,-0.08977999715812231,0.0006812653442398355,-0.43299840825618163,-0.06691226007776778,-0.35768082300206516,109.41976321868867,-0.07889161465800724,0.04036012696283954,-0.11171458307414772,3241.5996313146907,0.6349309312737021,283758.7651624248,1.2157138702285029,Sittingtostanding_p1_1_35sek_20260204_153540.parquet,0,Sit-Stand,17.503654,19.47754,Non-Fall
1.1643516925571464,0.8296713380997889,0.014062475848512224,0.8681136314734769,0.26204207860423606,0.3131776306154101,275.25405063871517,0.35244364589643673,1.4768149593004858,0.6532887489806916,3676.324465454634,0.7153009894180902,4256828.686937123,1.4586221441895117,Sittingtostanding_p1_1_35sek_20260204_153540.parquet,0,Sit-Stand,18.502611,20.47755,Non-Fall
1.1643516925571464,0.42836941179580135,0.01570595448789154,0.9629082471383723,0.26204207860423606,0.4433429361504592,215.5512671093914,0.21811784259088932,1.5030033109300276,0.391392716116176,3091.0967678888524,0.6307003583001828,4317630.962076592,0.9605306772502985,Sittingtostanding_p1_1_35sek_20260204_153540.parquet,0,Sit-Stand,19.504092,21.477587,Non-Fall
-0.2510019706258819,-1.0729075385954474,0.0012785767939035805,-0.297151390471474,-0.2194082703076822,-0.1866456179871116,138.45880610624124,0.013031226660429638,1.0384580297659873,1.023006136306677,3097.445013459614,0.6484471429332581,524797.5195069253,1.1601124709401403,Sittingtostanding_p1_1_35sek_20260204_153540.parquet,0,Sit-Stand,20.504211,22.477579,Non-Fall
-0.5940273580941733,-0.9105258244329891,0.0005295293451864781,-0.4764637330160688,0.1886727187556569,-0.3290546583943008,128.11227464761598,-0.01850297352949789,-0.2186626419201201,-0.4980985003934044,3064.8193698844907,0.6324939753558924,1532106.1479712653,2.2340172490337817,Sittingtostanding_p1_1_35sek_20260204_153540.parquet,0,Sit-Stand,21.502401,23.477594,Non-Fall
-0.5490404347547679,-0.8016621299747001,0.0004812755554087247,-0.4915663948134334,0.1886727187556569,-0.3367974028740663,126.78342826089369,-0.02264398777138411,-1.1699584337219893,1.2786118097453625,3098.991743371549,0.6309617288299111,417723.3377561228,1.245378164677528,Sittingtostanding_p1_1_35sek_20260204_153540.parquet,0,Sit-Stand,22.503763,24.477599,Non-Fall
-0.5490404347547679,-1.0061353335987961,0.0005905228363139908,-0.4583270674088519,-0.14265266295569187,-0.3417036744610817,68.28678786073883,-0.233459356029046,-1.4025141714042249,0.5537956193982655,3060.887653924571,0.6353948335616252,492280.91088185913,1.4807719434240323,Sittingtostanding_p1_1_35sek_20260204_153540.parquet,0,Sit-Stand,23.502127,25.477532,Non-Fall
-0.02223806372770274,-0.6212003128699412,0.001438955913281334,-0.26653304792012683,0.20853055903559933,0.2349907698974614,223.64381861809954,0.23733047597575252,2.2765270406915215,2.682679909150567,3090.6869633268493,0.6290870260450293,3242290.5998447156,1.1050704739981398,Sittingtostanding_p1_1_35sek_20260204_153540.parquet,0,Sit-Stand,24.502148,26.477547,Non-Fall
-0.02223806372770274,-0.30408054024573067,0.002649055619139755,-0.0761105900174192,0.20853055903559933,0.2598590694811322,232.03348202392604,0.2568849424064654,0.8736390521261139,0.2751843732050716,3248.69376612632,0.6610338307819862,2918446.675335021,1.2005378128841857,Sittingtostanding_p1_1_35sek_20260204_153540.parquet,0,Sit-Stand,25.502425,27.477553,Non-Fall
-0.13918365202010957,-0.5471149576659031,0.001743902840937172,-0.21270017709457348,-0.24765027957755756,-0.38455874643745985,94.28455367321399,-0.13168753427199878,0.9782858437928984,1.21052961488432,3151.16158527001,0.6453550418848185,356168.26009923156,1.5300187953403763,Sittingtostanding_p1_1_35sek_20260204_153540.parquet,0,Sit-Stand,26.503863,28.477568,Non-Fall
-0.6950835271876286,-0.6533687715932776,7.783384021173947e-05,-0.6760834661072954,-0.5461067501658459,-0.5533291806057932,21.905637644559064,-0.4855763688006047,0.3474093642057718,-0.4198676306292366,3127.5011051685287,0.6284992902601283,430061.4334819545,1.5244552324188612,Sittingtostanding_p1_1_35sek_20260204_153540.parquet,0,Sit-Stand,27.504697,29.477579,Non-Fall
3.0345816201175353,2.3217240709437394,0.05742823208933898,2.5711945745512694,0.8939343026239738,0.4412921202833004,571.0775344000233,0.8665262782037885,1.45061318894619,1.0481615900050512,3695.0948115626543,0.8212566476706931,3905550.401649923,1.728910334964638,Sittingtostanding_p1_2_35sek_20260204_153654.parquet,0,Sit-Stand,0.301961,2.277652,Non-Fall
0.151864124930404,1.1529662479432095,0.001617253758662232,-0.23443553063703906,0.2767485804531235,-0.44012288209768463,161.16313866722032,0.07833616885528866,3.366318754818747,2.7331085721570476,3456.8291433950353,0.6224435090007374,318257.7521192048,1.373396301324159,Sittingtostanding_p1_2_35sek_20260204_153654.parquet,0,Sit-Stand,1.303675,3.277589,Non-Fall
-0.5574869859372384,0.7238919473449493,3.946179811077935e-05,-0.7118242249009851,-0.7561621885922045,-0.7366248470985707,4.014751748020518,-0.6739066483518097,-0.21951208551247586,-0.7601257910286254,3418.901764646554,0.6265715327566792,96870.35288796223,1.3020300114357766,Sittingtostanding_p1_2_35sek_20260204_153654.parquet,0,Sit-Stand,2.304059,4.277652,Non-Fall
-0.4923297185584391,0.6408023874336694,0.00024735126150797113,-0.5789398840492808,-0.5673798842569114,-0.6664773124471313,9.922687066105798,-0.5932496377717188,-3.4469766824041237,3.5315630338194386,3422.2625560870783,0.6292320628633947,62782.90191240225,0.6811774579724612,Sittingtostanding_p1_2_35sek_20260204_153654.parquet,0,Sit-Stand,3.30216,5.277584,Non-Fall
-0.1822060024666009,0.43871161075047427,0.0011242151858933023,-0.3284941709008004,-0.46466321425447404,-0.4992393662201372,35.63654919949412,-0.39486175823221276,-0.6670823157020752,0.32416641834166815,3342.0661267002242,0.6364360189372313,386966.90907576727,1.6732233583664893,Sittingtostanding_p1_2_35sek_20260204_153654.parquet,0,Sit-Stand,4.30416,6.277585,Non-Fall
-0.07206723539711479,0.4684143617652991,0.002399713725342437,-0.11103000309407794,-0.46466321425447404,-0.48738647727292306,35.21734821721005,-0.3973394886113572,0.37724259585665065,-0.34432873638363787,3406.6703915682665,0.6520280951059568,445391.6206126188,1.4327467661006164,Sittingtostanding_p1_2_35sek_20260204_153654.parquet,0,Sit-Stand,5.302153,7.277643,Non-Fall
-0.07206723539711479,0.47347461960475345,0.001963639495243809,-0.1767846448048577,-0.553272432664438,-0.5443957598391937,22.398770482042256,-0.4818903384642429,0.5493385229799496,-0.07713684238031374,3376.6849454910994,0.6398937278423497,225157.870563452,1.591697204054511,Sittingtostanding_p1_2_35sek_20260204_153654.parquet,0,Sit-Stand,6.302111,8.277625,Non-Fall
-0.32907765948946677,0.488677386648066,0.0006456578658859451,-0.4427234022926258,-0.553272432664438,-0.533269394113616,17.98789213870667,-0.5164737857032142,-0.7657922996914953,-0.039602938817673385,3356.4748818185963,0.6329801880997737,400171.4389397086,1.4343503968460924,Sittingtostanding_p1_2_35sek_20260204_153654.parquet,0,Sit-Stand,7.302093,9.277599,Non-Fall
-0.5742351392982087,0.4653359298367153,4.28808670774113e-05,-0.7080751771134861,-0.8325030904770554,-0.7290529594555402,0.4897432563683107,-0.7656469863168003,-0.3652336140503446,-0.33187055571315577,3367.5596208796314,0.6278217034295728,68714.78659849818,0.7734216325418409,Sittingtostanding_p1_2_35sek_20260204_153654.parquet,0,Sit-Stand,9.304526,11.277615,Non-Fall
-0.6131191488757315,0.45827439034929013,2.4962966381258052e-05,-0.7299101927575515,-0.8349131886933622,-0.7143180964135779,0.07360409991577967,-0.7957974222616907,-0.22980636606343952,-0.9791223023313028,3366.0682318566564,0.6278996170443727,76273.38762770213,0.648614631683774,Sittingtostanding_p1_2_35sek_20260204_153654.parquet,0,Sit-Stand,10.303892,12.277615,Non-Fall
-0.6165094017131627,0.45419786658120875,2.1935923530291323e-05,-0.7343096156899096,-0.8367253420960363,-0.7112443507188986,0.03056203811673636,-0.8025858210232117,-0.4871791345096534,-1.077161873159218,3366.824170480658,0.6280986934015296,74863.73138118642,0.625409364413651,Sittingtostanding_p1_2_35sek_20260204_153654.parquet,0,Sit-Stand,11.303654,13.277587,Non-Fall
-0.5968059785271359,0.45901236143338225,2.8991252037940717e-05,-0.7244508203562868,-0.8381085842725368,-0.7100471812479028,0.02796104724993249,-0.8031208708844713,-0.26704738132219175,-1.0336946922774883,3368.451035096392,0.6281688329257057,77922.46426849252,0.6395120153899315,Sittingtostanding_p1_2_35sek_20260204_153654.parquet,0,Sit-Stand,12.302203,14.277615,Non-Fall
-0.5968059785271359,0.4580360869486964,3.045359972048171e-05,-0.7225638794710739,-0.7942786794370221,-0.6928775294647113,0.5773070782946631,-0.7614260336572887,0.18510360136873225,-0.9477010059685524,3366.7395187152583,0.627780039812847,81786.06758396508,0.6140595853748088,Sittingtostanding_p1_2_35sek_20260204_153654.parquet,0,Sit-Stand,13.303961,15.277652,Non-Fall
-0.4994973757322971,0.5007360972367484,0.00013285497461602687,-0.6380433837427726,-0.6239808915668051,-0.6097116278046066,9.396034521125536,-0.599211570579722,1.0677192390461765,0.12507461721840765,3378.8623211907684,0.6287594737687886,170576.3310312557,1.121553014227317,Sittingtostanding_p1_2_35sek_20260204_153654.parquet,0,Sit-Stand,14.303863,16.277621,Non-Fall
-0.4276057959321722,0.4511823353237679,0.00031392183266632184,-0.5509375116048401,-0.38420153531417517,-0.49112388816790764,44.23609870209485,-0.346919285819266,-0.3505680372785859,0.17035865375594,3355.6146579620654,0.6282734571265043,231903.8479217867,1.3117871652102155,Sittingtostanding_p1_2_35sek_20260204_153654.parquet,0,Sit-Stand,15.303837,17.277594,Non-Fall
-0.3318722097741702,0.38442062699538654,0.0005459395972315499,-0.4714856644612697,-0.38420153531417517,-0.4909001910715392,46.38793689422629,-0.3356724526721027,-0.4028713517552113,0.02638477934265612,3347.0013722918284,0.6327103434840635,699607.3890009444,1.7265657060110564,Sittingtostanding_p1_2_35sek_20260204_153654.parquet,0,Sit-Stand,16.303627,18.277591,Non-Fall
-0.3318722097741702,0.4207701292969866,0.0004783923217046939,-0.49249226857103984,-0.6268487353179244,-0.6155005666537274,13.676937007983625,-0.55467788164078,-0.5002588933778731,0.08398687336659724,3366.6108159587366,0.6308026265588348,120618.01669390882,1.103988092882777,Sittingtostanding_p1_2_35sek_20260204_153654.parquet,0,Sit-Stand,17.302206,19.277652,Non-Fall
3.447962439143119,1.3256746072943537,0.0539236591522965,2.466705227455662,1.5084489933359901,0.4929453165939372,1346.7467771534634,1.7671938316237101,2.5286246683388374,2.097668403325625,3550.0227432574093,0.6865896300582792,3417608.945725465,2.014491411517187,Sittingtostanding_p1_2_35sek_20260204_153654.parquet,0,Sit-Stand,18.303958,20.277621,Non-Fall
3.447962439143119,0.42013542183082087,0.06293159967299079,2.7290404507573096,1.5084489933359901,0.9601426811605829,957.8954130606163,1.362752239173472,2.30391366046609,1.4527748253314632,3286.7192077306518,0.9036107018453633,10797630.63168286,1.4328650472801525,Sittingtostanding_p1_2_35sek_20260204_153654.parquet,0,Sit-Stand,19.305959,21.277615,Non-Fall
0.9243669350955145,-0.9973360394241376,0.007814946899882496,0.44348323790663696,0.12400075129546191,0.07169902631096117,108.63048123767757,-0.08155090855201191,0.5050014859172514,2.2399568858057197,3157.29670922986,0.6845115504022499,1457129.009003714,1.1480327950944325,Sittingtostanding_p1_2_35sek_20260204_153654.parquet,0,Sit-Stand,20.302367,22.277588,Non-Fall
-0.38286409186726383,-0.7480229926587686,0.0015156547173608508,-0.2524949918224956,-0.21877347404320302,-0.30102246706968305,58.95143197715145,-0.2746621466756398,0.1601610770062399,-0.4208197234378671,3123.044000198918,0.6452475374584143,793033.3030579528,1.7384036719978238,Sittingtostanding_p1_2_35sek_20260204_153654.parquet,0,Sit-Stand,21.303727,23.277632,Non-Fall
-0.6256973420387256,-0.8804391316021657,0.0005626846450035091,-0.46648257222854234,-0.46844264419643333,-0.5020514071535006,23.43637100855988,-0.47426480122032766,-0.40119833152401396,-0.9341941800044364,3074.138897019641,0.6327965878562413,322402.7447961669,1.0881633307301288,Sittingtostanding_p1_2_35sek_20260204_153654.parquet,0,Sit-Stand,22.304013,24.27764,Non-Fall
-0.6258973127708342,-0.6292027158455382,0.0005336431418439936,-0.47520864643333444,-0.23859381680110006,-0.32546920766287274,62.459374706999554,-0.2588212091301953,-1.1027884845047715,-0.605301154217172,3110.519983954193,0.6304984510316276,1089556.3554414203,1.7979352427491166,Sittingtostanding_p1_2_35sek_20260204_153654.parquet,0,Sit-Stand,23.303838,25.277607,Non-Fall
-0.5427658987132827,-0.4449840480921346,0.0005239576539727205,-0.4781714106313925,-0.23859381680110006,-0.3694762955408236,62.21440239448256,-0.2599127534623213,-1.31692542785782,-0.25318040263479663,3202.849438221469,0.6349189171777592,378834.19609144033,0.9949152941443685,Sittingtostanding_p1_2_35sek_20260204_153654.parquet,0,Sit-Stand,24.303713,26.27762,Non-Fall
-0.4857540964059493,-0.5190310239678657,0.0005577417695039899,-0.46795156945726907,-0.5200354116978232,-0.496771689629085,21.075227656322888,-0.49187849332068484,0.24202986271726426,-0.06783006935364913,3130.9076460475076,0.6295609522045603,264645.8182093468,1.052263115976701,Sittingtostanding_p1_2_35sek_20260204_153654.parquet,0,Sit-Stand,25.303682,27.277599,Non-Fall
-0.21892170645194406,-0.5504143498911405,0.001393286732769338,-0.2750700232006799,-0.5152208700445001,-0.3484109966413376,25.62435316317285,-0.45871959178443217,0.9467256911801469,0.34276452021272263,3142.831549920573,0.6380117567252728,730180.482790441,1.1899793297165842,Sittingtostanding_p1_2_35sek_20260204_153654.parquet,0,Sit-Stand,26.304396,28.277582,Non-Fall
-0.0704853946668129,-0.5465342122248519,0.002877397577556269,-0.04554821308361036,-0.5152208700445001,-0.34777616393370725,25.559169851195012,-0.4591728891023981,0.9902051368129183,0.0999868508640883,3149.433729125392,0.6413223368301884,501752.47537673975,1.2478884538419535,Sittingtostanding_p1_2_35sek_20260204_153654.parquet,0,Sit-Stand,27.302658,29.277621,Non-Fall
-0.8530811616732554,-1.4295098325496072,2.5355248861632162e-05,-0.7293600549204436,-0.66908784140587,-0.7002813673357283,2.7766689091258896,-0.697642683272302,-0.46709647822528394,-0.032228586527556786,2964.085200252499,0.6277339273913184,73672.72083272078,0.6385191560042505,Sittingtostanding_p1_3_35sek_20260204_153830.parquet,0,Sit-Stand,0.927923,2.901582,Non-Fall
-0.6157114389383711,-1.4783817580549539,0.0003328103540367324,-0.5435480301575897,-0.33491888717816914,-0.6067470265367543,34.6295207189889,-0.4008388758039628,-0.7112697715547525,2.815110662431599,2956.4746369745844,0.6331638361007209,400704.74083204026,2.195244273101553,Sittingtostanding_p1_3_35sek_20260204_153830.parquet,0,Sit-Stand,2.92771,4.901547,Non-Fall
-0.7079231463772473,-1.4615677983244681,0.00019301799719243025,-0.6047458654366473,-0.5655279088609284,-0.643000381234308,13.548324270878885,-0.5559042216296384,0.7826117090919045,0.29681969430350985,2954.033021247964,0.6288416618354618,80241.92985626102,0.9211236013534869,Sittingtostanding_p1_3_35sek_20260204_153830.parquet,0,Sit-Stand,3.926264,5.901578,Non-Fall
-0.6658911481572046,-1.4556563808390637,0.000361931847631072,-0.5325547025710768,-0.676692878296224,-0.6456724173422049,7.163885533902955,-0.6265641891947413,0.514759837756542,-0.20313946929577226,2958.986177997592,0.6336791973933883,191048.2189954384,1.2905104100194618,Sittingtostanding_p1_3_35sek_20260204_153830.parquet,0,Sit-Stand,4.927759,6.901597,Non-Fall
-0.6658911481572046,-1.4833348425634816,0.00028128579551279186,-0.5642499769042251,-0.676692878296224,-0.6660211982009399,5.435322582330225,-0.6508501013340983,0.5310334202576005,0.20268810585249525,2952.7227173164047,0.631000589353916,96220.28956544376,1.1545079591653935,Sittingtostanding_p1_3_35sek_20260204_153830.parquet,0,Sit-Stand,5.927859,7.901604,Non-Fall
-0.8119759518435135,-1.4976083119297163,9.576486280910829e-05,-0.6625270389194615,-0.7498378412805988,-0.7047206773733824,1.4365411908876038,-0.7305554709910911,0.0216488344761548,-0.3810505793221679,2951.5543722482935,0.6294352335558947,85575.46616817532,0.8818572970221472,Sittingtostanding_p1_3_35sek_20260204_153830.parquet,0,Sit-Stand,6.926342,8.901555,Non-Fall
-0.8119759518435135,-1.507178227377136,6.180950095591524e-05,-0.6895954879209266,-0.8126097687376392,-0.7124478841080863,0.8832879359121988,-0.7487593268984026,0.41988923078504753,-0.11338429466163057,2943.276224641022,0.6280450101279632,76406.79098053265,0.8059228720202217,Sittingtostanding_p1_3_35sek_20260204_153830.parquet,0,Sit-Stand,7.928159,9.901578,Non-Fall
-0.8564736615988318,-1.5118883631229512,3.0209365216722558e-05,-0.7228758244498092,-0.7731942074014184,-0.6812230414698561,2.385750099976867,-0.7062087928551913,-0.5106686865634789,-0.41287315676083164,2949.782957118259,0.6280486890618266,111343.56264259419,0.9602943441928049,Sittingtostanding_p1_3_35sek_20260204_153830.parquet,0,Sit-Stand,8.927746,10.901561,Non-Fall
-0.8758264755129493,-1.4950543747333518,2.4400730909680348e-05,-0.7307062666147667,-0.7731942074014184,-0.6936695362285691,2.5422142703817765,-0.7027016973383601,-1.3321443572271987,0.024915600560367304,2943.842850346083,0.626587664586033,87026.87005033896,0.8401105424044703,Sittingtostanding_p1_3_35sek_20260204_153830.parquet,0,Sit-Stand,9.928226,11.901601,Non-Fall
-0.8624178454444831,-1.4922016675211058,2.284501155720596e-05,-0.7329581231494755,-0.8342142415502876,-0.7331966836486887,0.19565203408387777,-0.7837640816908138,-0.2397865723708614,-0.6962994227105482,2951.314415351385,0.6280590217594433,60336.21438186775,0.6639827356793971,Sittingtostanding_p1_3_35sek_20260204_153830.parquet,0,Sit-Stand,10.927288,12.901589,Non-Fall
-0.8624178454444831,-1.4999200281658283,2.8381921452064995e-05,-0.7252510904423789,-0.8370268951628769,-0.7182878840416759,0.16038693357001485,-0.786708114470085,-0.4188815690645349,-1.0869552452271567,2947.0852897534437,0.627435827629967,74530.27289000442,0.6802278997677833,Sittingtostanding_p1_3_35sek_20260204_153830.parquet,0,Sit-Stand,11.927733,13.901609,Non-Fall
-0.8854332974820375,-1.4961241478617016,2.3480130680515507e-05,-0.7320298219080786,-0.8370268951628769,-0.7116183145704698,0.07025803216803965,-0.7962363596581115,-0.6083329916768571,-1.2872208944167902,2949.5203365008474,0.6274537184579709,74840.84851382596,0.6531759830745006,Sittingtostanding_p1_3_35sek_20260204_153830.parquet,0,Sit-Stand,12.927663,14.901546,Non-Fall
-0.8698612146884608,-1.496255089358483,2.4445758473444703e-05,-0.7306421761035594,-0.8155499132505172,-0.7083486848495261,0.16219377340108607,-0.7865498388986244,-0.41080296371451985,-1.1825723094672946,2948.9211607768375,0.6276075328190233,75871.04229047662,0.6384756272042532,Sittingtostanding_p1_3_35sek_20260204_153830.parquet,0,Sit-Stand,13.926262,15.901609,Non-Fall
-0.8184811568339588,-1.4800419097439146,4.786331455834227e-05,-0.7028700768641933,-0.7620064342459578,-0.7000630343455061,1.602848756941715,-0.7258076619909815,0.3367229229884315,-0.5286205172131461,2948.3624121693574,0.6276638843673411,88683.67146433517,0.866486532048584,Sittingtostanding_p1_3_35sek_20260204_153830.parquet,0,Sit-Stand,14.926641,16.901589,Non-Fall
-0.8184811568339588,-1.497227865968441,6.462200581862555e-05,-0.6871070637460146,-0.7620064342459578,-0.7065415096318857,2.9579244105266502,-0.6938764617142436,0.20685132486582622,-0.6411711119150643,2951.564003841746,0.6290900201898751,96560.96899471337,1.1703693415343892,Sittingtostanding_p1_3_35sek_20260204_153830.parquet,0,Sit-Stand,15.927744,17.901582,Non-Fall
-0.7421623758025807,-1.5029895100909816,0.0002810747228077639,-0.5643385203848647,1.8917561886707521,0.4730029934662858,1309.6258325136957,1.731359702807633,-1.8455299397861258,1.2462263294655385,2956.9397753114145,0.6283269783161948,2001304.584285232,1.3216926412315035,Sittingtostanding_p1_3_35sek_20260204_153830.parquet,0,Sit-Stand,16.926136,18.901597,Non-Fall
1.7712106778287564,1.1050020488850458,0.023113769625160416,1.33865930958852,2.2109466297849107,2.3625903544724283,1765.8196216272802,2.141763653301699,2.4833167095473017,1.1246353621721061,3815.4802049280593,0.7695573070516465,37232535.19733545,1.393738373609155,Sittingtostanding_p1_3_35sek_20260204_153830.parquet,0,Sit-Stand,17.927911,19.901597,Non-Fall
1.7712106778287564,1.4384180947128007,0.02170462990871965,1.2724359077668734,2.2109466297849107,1.748523849590832,1932.2862661411002,2.2779894521477733,2.5080695605457053,1.243108008917761,3294.8268880624105,0.6081937778057365,11566316.976075638,0.9711135937002431,Sittingtostanding_p1_3_35sek_20260204_153830.parquet,0,Sit-Stand,18.927931,20.901604,Non-Fall
-0.5853069126055087,-0.7921842264466507,0.0007075591632604583,-0.4259793093457113,0.3791223200741167,0.021760478577341962,240.46963066673678,0.2761944375646733,-1.1126741248935372,0.2659205518910074,3105.7580879260972,0.6308704186844872,1163114.2324185339,1.1560559527553615,Sittingtostanding_p1_3_35sek_20260204_153830.parquet,0,Sit-Stand,19.926187,21.901597,Non-Fall
-0.5853069126055087,-0.8063131216227983,0.0002630814687675783,-0.5720128283379613,-0.41005966419012,-0.45941418486850527,42.3278877730625,-0.35712388298306874,0.43376677877124076,-0.15896496539427465,3092.0221324651498,0.6301732565883913,235332.34611293813,1.276184774901277,Sittingtostanding_p1_3_35sek_20260204_153830.parquet,0,Sit-Stand,20.926433,22.901555,Non-Fall
-0.718143152640663,-0.8428962350056304,0.00014898645059125104,-0.628480658658404,-0.5918239452906279,-0.5704942642556564,14.154497342815194,-0.5501739875980798,-0.4353466638278587,-0.5650757094083828,3078.0007045631123,0.6284073576263384,317262.23705569847,1.404414906422901,Sittingtostanding_p1_3_35sek_20260204_153830.parquet,0,Sit-Stand,21.927911,23.901583,Non-Fall
-0.7733814338278129,-0.833180289485584,4.9286365233014055e-05,-0.701433783197329,-0.7165421858296603,-0.6514237043821539,5.8984682611642265,-0.6440041713267521,-1.0114790564962082,-0.7051654773881914,3091.8710168041566,0.6286755843468386,125873.85903455874,0.8752381964183893,Sittingtostanding_p1_3_35sek_20260204_153830.parquet,0,Sit-Stand,22.927956,24.901546,Non-Fall
-0.7524721299129895,-0.7770878217683378,4.3270279900817765e-05,-0.7076578152682673,-0.7809775238848873,-0.6929820999229857,2.0984831901918994,-0.712961475808031,-0.14451868258897801,-0.6977451546855608,3102.089607216117,0.6287076494843988,118414.88130689414,0.9588997860438108,Sittingtostanding_p1_3_35sek_20260204_153830.parquet,0,Sit-Stand,23.928908,25.901601,Non-Fall
-0.7923175290343288,-0.8913082020896715,2.004334982835904e-05,-0.7372161649240727,-0.8302109659001412,-0.7133632587620757,0.09577325231271301,-0.7931116500593841,-0.6391794854550245,0.265357748752101,3072.4634176711556,0.6273965262571716,73205.18192002448,0.650257691323225,Sittingtostanding_p2_1_35sek_20260204_155433.parquet,0,Sit-Stand,0.602267,2.57735,Non-Fall
-0.7933606674785688,-0.8974807477674154,1.7467360642860607e-05,-0.7414027004507137,-0.8302109659001412,-0.7088655554211161,0.09930898668516294,-0.7927133592128437,-0.9567710066937254,0.4793206595748809,3076.3880933927903,0.628031857906853,82272.0732194978,0.6917970855497986,Sittingtostanding_p2_1_35sek_20260204_155433.parquet,0,Sit-Stand,1.60201,3.577331,Non-Fall
-0.7941953813493334,-0.8947282159020492,1.2496602932295237e-05,-0.7504676315422716,-0.8302261215691591,-0.7129417140875884,0.08330422330331093,-0.7945785063045783,-1.4866736127040632,1.4008742450387948,3075.587363160251,0.6278382156322464,73309.75969856209,0.6448787663747697,Sittingtostanding_p2_1_35sek_20260204_155433.parquet,0,Sit-Stand,2.603872,4.577299,Non-Fall
-0.7933606674785688,-0.8894352338727929,1.668289437841158e-05,-0.7427381819160186,-0.8100744841275602,-0.7091211746185605,0.24217738624682902,-0.7802608848436136,-0.7074995350156469,0.6652154246655438,3073.6373416700635,0.6274152215812141,81185.10053512781,0.6895040082253041,Sittingtostanding_p2_1_35sek_20260204_155433.parquet,0,Sit-Stand,3.604237,5.577304,Non-Fall
-0.7933606674785688,-0.8865724175767856,1.3812443604476863e-05,-0.7479148209447595,-0.8100744841275602,-0.7081574536730232,0.262079397850781,-0.7788662277522114,-0.7070024915722334,1.2531275026882724,3078.793091570608,0.627837555900274,76129.85317118149,0.655270206638719,Sittingtostanding_p2_1_35sek_20260204_155433.parquet,0,Sit-Stand,4.601999,6.60357,Non-Fall
-0.7939866859480365,-0.8773874058020569,9.017806362703486e-06,-0.7579532850846236,-0.8197890184976531,-0.7063873533811958,0.30778472261602535,-0.7758515359330016,0.044747440596151815,3.06321100591121,3078.9397551728684,0.6274946401285569,89014.04535214652,0.7264676177253239,Sittingtostanding_p2_1_35sek_20260204_155433.parquet,0,Sit-Stand,6.617342,8.603723,Non-Fall
-0.7939866859480365,-0.8752929777183948,1.383617357091533e-05,-0.7478699265238383,-0.8221248739454364,-0.7107153211672278,0.2106891562336797,-0.7825902511338161,-0.07832726234253767,1.2499141248990235,3078.23209985155,0.6274162683079052,71213.00629647892,0.6262447372997808,Sittingtostanding_p2_1_35sek_20260204_155433.parquet,0,Sit-Stand,7.617299,9.603426,Non-Fall
-0.7939866859480365,-0.8781598364753566,1.5026777678365425e-05,-0.7456648617120472,-0.8218908377368582,-0.7075865144467478,0.25939045549947987,-0.7790514870687424,-0.3416906439309707,1.0461065189133585,3078.6752445971783,0.6280049339991154,88998.83907679969,0.7269531063463771,Sittingtostanding_p2_1_35sek_20260204_155433.parquet,0,Sit-Stand,8.617354,10.602095,Non-Fall
-0.7939866859480365,-0.8748303886012161,1.4082142679577058e-05,-0.7474068293956438,-0.8218908377368582,-0.7110010798759518,0.21316514417411142,-0.782401036898663,-0.14692653117369248,1.2581490285093322,3082.3982831359226,0.628450392693469,70884.83113357233,0.6409822363435198,Sittingtostanding_p2_1_35sek_20260204_155433.parquet,0,Sit-Stand,9.617308,11.601918,Non-Fall
-0.7933606674785688,-0.8711917279154625,1.6891073266439066e-05,-0.742380769730079,-0.8271258792672217,-0.7088336940317779,0.12891758496971634,-0.7896233058529475,-0.06350852176806573,0.665515576807637,3079.4237917164423,0.6277471316418128,81948.22095886007,0.6737888778953883,Sittingtostanding_p2_1_35sek_20260204_155433.parquet,0,Sit-Stand,10.619058,12.605508,Non-Fall
-0.7933606674785688,-0.8615535578986327,1.5614317474254137e-05,-0.7446089270972289,-0.8271258792672217,-0.7113395312880427,0.14333074429680273,-0.7882485023959633,0.35181562637413877,0.7773317596773982,3081.420941285897,0.6278884488273299,71981.23383891827,0.6189575625204708,Sittingtostanding_p2_1_35sek_20260204_155433.parquet,0,Sit-Stand,11.617345,13.601792,Non-Fall
-0.7933606674785688,-0.8469275430323634,1.5827483640075508e-05,-0.744230746730504,-0.830498655600443,-0.7076473289719621,0.1300919561543776,-0.7895085009734174,0.9178310269876325,0.4266252794977631,3082.991676687955,0.6275656978473307,78285.2861117819,0.6420002061327633,Sittingtostanding_p2_1_35sek_20260204_155433.parquet,0,Sit-Stand,12.617335,14.601585,Non-Fall
-0.7916917812902006,-0.8395139283491477,2.1501629665334087e-05,-0.7349651393357871,-0.830498655600443,-0.7096926631563235,0.1605831164547902,-0.786690886242207,0.284276285729405,-0.1640764686954444,3089.5246058285775,0.6278070396183116,80559.7829092093,0.6709894183051338,Sittingtostanding_p2_1_35sek_20260204_155433.parquet,0,Sit-Stand,13.61735,15.602156,Non-Fall
-0.7916917812902006,-0.8367086314640657,2.7906268301923468e-05,-0.725881782745243,-0.8351405530681386,-0.7158624880545519,0.08356583096313865,-0.7945466442988303,-0.1930782809230661,-0.533635814349894,3082.101157757182,0.6270635087804761,71808.24179683285,0.6484997414227245,Sittingtostanding_p2_1_35sek_20260204_155433.parquet,0,Sit-Stand,14.617309,16.617296,Non-Fall
-0.7923175290343288,-0.8282475655972141,2.7206874137505544e-05,-0.7268189887830583,-0.8264193894384683,-0.7063400984695118,0.18355912550436365,-0.7847412225390828,-0.20340451131210432,-0.530778923408713,3090.20627972695,0.6284081281159936,87703.5925980486,0.697099998783098,Sittingtostanding_p2_1_35sek_20260204_155433.parquet,0,Sit-Stand,15.617325,17.617347,Non-Fall
-0.7351672459650102,-0.8638338237691456,5.2413317161826907e-05,-0.698348857815762,-0.30598011525134877,-0.5667024533533624,47.37408403529635,-0.3306055102230058,-0.2720006276104748,-0.1255137707795814,3087.571923839207,0.6295446037784714,95129.9163547482,0.4948442342838286,Sittingtostanding_p2_1_35sek_20260204_155433.parquet,0,Sit-Stand,16.63735,18.617362,Non-Fall
0.6023513598970768,1.1545731443509977,0.012391414128813163,0.7658557990719133,1.506135935686516,0.8540262457356063,1573.2815698052,1.9759217663504025,1.3709385400803387,-0.631301944629096,3347.539469924717,0.6239614428831851,10129287.1148105,1.3823325249837766,Sittingtostanding_p2_1_35sek_20260204_155433.parquet,0,Sit-Stand,17.637345,19.617357,Non-Fall
0.6023513598970768,1.3853469595574228,0.012431464146024515,0.7683845653844581,1.506135935686516,1.299966816473135,1268.2748204522113,1.690838833830088,0.9511754230544387,-0.6926716926628497,3713.1311278580197,0.6656695952751593,9468796.699800806,1.1726925862477489,Sittingtostanding_p2_1_35sek_20260204_155433.parquet,0,Sit-Stand,18.637328,20.617294,Non-Fall
-0.4666662757394872,0.2296044073578791,0.0015656551139148457,-0.2435340846655049,0.31189095943953493,-0.05037525092018209,353.3681210909515,0.5077500246098904,-2.9092838070077094,0.721400853274629,3350.20348918569,0.6451133929320846,801735.3458446542,1.262568773423867,Sittingtostanding_p2_1_35sek_20260204_155433.parquet,0,Sit-Stand,19.63735,21.617354,Non-Fall
-0.49988516920040726,0.8838070841362995,9.440096408951267e-05,-0.6635109380887481,-0.6741645033609074,-0.6126312764001489,10.834935164675628,-0.5832854749421854,-0.28600408644953074,-0.7792314840681837,3467.8067053926175,0.6292571660054901,259916.22905465023,1.383494376464336,Sittingtostanding_p2_1_35sek_20260204_155433.parquet,0,Sit-Stand,20.637295,22.617342,Non-Fall
-0.49988516920040726,0.8375146107021322,6.934954420983926e-05,-0.6830433012170755,-0.7097906374332831,-0.6999497337207716,6.614084206716036,-0.633934934291999,0.11671919955862556,-0.47487982969153847,3452.205730519383,0.6285569817886595,71074.68533240768,1.136168903071467,Sittingtostanding_p2_1_35sek_20260204_155433.parquet,0,Sit-Stand,21.637357,23.617345,Non-Fall
-0.5429618329147009,0.7973873222305975,3.6542296450421086e-05,-0.7151562042024118,-0.8144031936674411,-0.7330627431175627,0.8274979908893277,-0.7508817285729658,0.4418040724643062,-0.5455449667614763,3440.659965439707,0.6276077930705741,66627.92338475294,0.8886274570305431,Sittingtostanding_p2_1_35sek_20260204_155433.parquet,0,Sit-Stand,22.637309,24.617345,Non-Fall
-0.5655569361880811,0.7686910754856918,1.980227078458852e-05,-0.7375960944690139,-0.83083838206359,-0.718916959265537,0.32752484923516156,-0.7746192219094806,-0.04647125938216992,-0.7934993886295819,3434.119914038448,0.6275429664029697,79058.56612686155,0.7264972799050475,Sittingtostanding_p2_1_35sek_20260204_155433.parquet,0,Sit-Stand,23.637354,25.617316,Non-Fall
-0.5655569361880811,0.7552835770093886,2.103364267802847e-05,-0.7356789740399456,-0.8316985768252739,-0.7097375802399765,0.07653600241924724,-0.7954209494645182,0.012364660483809863,-0.6838784043276875,3435.6993765945076,0.6279919261968288,73994.61126498271,0.6180797521312362,Sittingtostanding_p2_1_35sek_20260204_155433.parquet,0,Sit-Stand,24.637299,26.617325,Non-Fall
-0.5655569361880811,0.7539660005831275,2.6514694300620957e-05,-0.7277584644432747,-0.8337688417096655,-0.7155564592947465,0.09089927454235404,-0.7936729462370332,0.09709050931648279,-0.9769243348416439,3432.335335322789,0.6275563094161637,75013.74270951647,0.6646787462827519,Sittingtostanding_p2_1_35sek_20260204_155433.parquet,0,Sit-Stand,25.638255,27.617736,Non-Fall
-0.5655569361880811,0.7528148066931847,3.0071953049173316e-05,-0.7230518866073317,-0.8260260253874804,-0.7072843278577206,0.15318179209536636,-0.7873483157473157,-0.3970611290711955,-0.5714386948209186,3431.214253010079,0.6272829140470182,81014.73000939135,0.6768038714730936,Sittingtostanding_p2_1_35sek_20260204_155433.parquet,0,Sit-Stand,26.637295,28.617304,Non-Fall
-0.5655569361880811,0.7684437834132067,3.204100428493427e-05,-0.7205661654568782,-0.8260260253874804,-0.7066411006499337,0.13360567458932368,-0.7891680651855233,-0.6908257251483375,-0.5051342868334245,3435.576301166066,0.6276740712664519,75682.57803460876,0.6323838840629684,Sittingtostanding_p2_1_35sek_20260204_155433.parquet,0,Sit-Stand,27.637309,29.617325,Non-Fall
-0.5655569361880811,0.7711638336141465,2.8418436598200692e-05,-0.7252028923947439,-0.8280221270534202,-0.7132866176580014,0.13366989989446865,-0.7891618844769089,-0.20941667654865462,-0.9386253895674894,3436.09667840806,0.6275111896328139,80449.75958824664,0.7065602431116643,Sittingtostanding_p2_1_35sek_20260204_155433.parquet,0,Sit-Stand,28.637293,30.617307,Non-Fall
-0.5655569361880811,0.7775787241049555,2.4097435066698196e-05,-0.7311395158861695,-0.8280221270534202,-0.7073765106825725,0.10627629634594622,-0.791948743523153,0.21459990326566702,-0.6705189217304326,3437.800971669565,0.6275246219369486,78749.64810553746,0.6596436345142298,Sittingtostanding_p2_1_35sek_20260204_155433.parquet,0,Sit-Stand,29.637335,31.61735,Non-Fall
-0.5655569361880811,0.775864194706592,2.371391729253634e-05,-0.7316912824673366,-0.8266100307643577,-0.7059397938067381,0.0900410872349608,-0.7937733216411923,-0.5888482774853792,-0.6246435346867562,3438.7392444647376,0.6277991950534076,82326.18620568389,0.6790346924656486,Sittingtostanding_p2_1_35sek_20260204_155433.parquet,0,Sit-Stand,30.637331,32.617338,Non-Fall
-0.5545385367634964,0.7700774784381021,2.9760024899260205e-05,-0.7234530499880378,-0.8266100307643577,-0.7120159948869192,0.15659674271368185,-0.7870430506929229,-0.37583805686275135,-0.8391629854317358,3435.7579446112545,0.6277742783290728,72534.48891894126,0.6474134405980304,Sittingtostanding_p2_1_35sek_20260204_155433.parquet,0,Sit-Stand,31.637304,33.617614,Non-Fall
-0.5545385367634964,0.7800464423934311,3.099777521410648e-05,-0.7218733068553707,-0.8285781798214943,-0.7084796197733702,0.15669313950203873,-0.7870344822657245,-0.021010981687648644,-0.6683225510788804,3431.7328424173,0.6266074267486202,83355.83433171536,0.6831319132032254,Sittingtostanding_p2_1_35sek_20260204_155433.parquet,0,Sit-Stand,32.637342,34.617362,Non-Fall
-0.5655569361880811,0.7670664626723658,2.6482051766501796e-05,-0.7278030702298858,-0.8285781798214943,-0.704270389892413,0.07860527683940095,-0.7951595673967372,-0.32534212036488097,-0.5843053081686749,3436.6513734905434,0.6273682317730265,77706.05079178746,0.6139037560219345,Sittingtostanding_p2_1_35sek_20260204_155433.parquet,0,Sit-Stand,33.637354,35.617831,Non-Fall
-0.5655569361880811,0.7792497128482578,2.2334824435803626e-05,-0.733713208434942,-0.8283767461449736,-0.7078970812712639,0.1078648489139744,-0.7917779520266723,-0.4657221035520312,-0.5809493522335918,3442.453752029033,0.628068875150302,78958.39290354011,0.6525188649238405,Sittingtostanding_p2_1_35sek_20260204_155433.parquet,0,Sit-Stand,34.637344,36.617354,Non-Fall
-0.5655569361880811,0.8224941939927669,2.165256816019284e-05,-0.7347365683650298,-0.8283767461449736,-0.7076826165840048,0.10843292491935447,-0.7917171815670143,-0.6109283686886916,-0.6856321444251182,3448.0562024171727,0.6276096030494102,83213.99374194862,0.6995806197290506,Sittingtostanding_p2_1_35sek_20260204_155433.parquet,0,Sit-Stand,35.637325,37.617331,Non-Fall
-0.6885777474907889,-0.2864959115457355,3.3259289619268646e-05,-0.7190663346697885,-0.8250119913829801,-0.7076564508314246,0.31894138636126046,-0.775150364229723,0.01924074664675101,-0.8124148980100949,3208.016062353663,0.6284735863866167,82981.73841406721,0.669387159276598,Sittingtostanding_p2_2_35sek_20260204_155524.parquet,0,Sit-Stand,0.102301,2.077113,Non-Fall
-0.7089439548089976,-0.28403260490576815,3.304264254251713e-05,-0.7193310153477799,-0.8050371277015703,-0.7087479299277673,0.2597767138219402,-0.7790248162716475,-0.8831410285284428,0.19013057553182475,3205.147758052449,0.6278808337834455,82576.66822643818,0.6975734135687012,Sittingtostanding_p2_2_35sek_20260204_155524.parquet,0,Sit-Stand,1.103238,3.077132,Non-Fall
-0.6701350383490842,-0.28693111192527176,6.085724583713023e-05,-0.6904508009374938,-0.7521158100880727,-0.6776820313017051,2.277394027826036,-0.7087054268403001,-0.001322633445538701,-0.2755667347197327,3200.0425982479524,0.6276857008448502,87427.56845570759,0.7149761712723668,Sittingtostanding_p2_2_35sek_20260204_155524.parquet,0,Sit-Stand,2.103187,4.077113,Non-Fall
-0.5829318532789214,-0.20248291054318576,0.0001800584055371448,-0.6114214588998615,-0.702502162376604,-0.6236039485395491,3.9638599610706273,-0.6748030403478441,0.4836705730028913,-0.41431536129486946,3221.545139723218,0.6290301867480075,185045.48730124655,1.0644087700214062,Sittingtostanding_p2_2_35sek_20260204_155524.parquet,0,Sit-Stand,3.103972,5.077132,Non-Fall
-0.5829318532789214,-0.12736757654994374,0.0001531460025647344,-0.6261000386759982,-0.702502162376604,-0.6528699378256447,4.313459505465833,-0.6687561146740084,0.1167441410690525,-0.1579291001955377,3244.1411144270046,0.6297715661724004,140085.46507630878,0.9847950474621432,Sittingtostanding_p2_2_35sek_20260204_155524.parquet,0,Sit-Stand,4.103967,6.077159,Non-Fall
-0.6871560313956143,-0.12875699686188197,4.072558952002928e-05,-0.7104202227609092,-0.7769040035386243,-0.7102487646671387,0.9702798336700983,-0.7455794817673468,-0.19976955941269384,-1.0064334173289178,3240.158555981145,0.6281779027278107,70521.57528366015,0.7320705024889193,Sittingtostanding_p2_2_35sek_20260204_155524.parquet,0,Sit-Stand,5.103213,7.077154,Non-Fall
-0.6626607387232284,-0.1281636350318995,4.289755063489195e-05,-0.7080572573791711,-0.8172154038756916,-0.7094735296722678,0.35521495023554905,-0.7729515984078984,0.07189198840371319,-0.6851641536720279,3239.7235859676566,0.6287676493081339,79132.92974389736,0.7259482329694661,Sittingtostanding_p2_2_35sek_20260204_155524.parquet,0,Sit-Stand,6.101715,8.077142,Non-Fall
-0.6626607387232284,-0.11942100979571872,4.0450098678170975e-05,-0.7107244000041695,-0.796413179374984,-0.692259690327899,0.9685086769064349,-0.7456427671709919,0.14571663723795072,-0.6769391113732406,3237.179059382899,0.6276597224380411,79234.22232651191,0.7499915970410618,Sittingtostanding_p2_2_35sek_20260204_155524.parquet,0,Sit-Stand,7.103749,9.077096,Non-Fall
-0.23147087975582795,0.1353121131191881,0.0010035426039046347,-0.35452897107445996,-0.5709591532033378,-0.46513131575913486,17.718613741026886,-0.5187158220609586,0.099477597757789,0.40441865278333805,3293.951715242734,0.6379092081318101,482646.50715959,1.3076042203956342,StandingToSitting_Xiaoye_1_35sek_20260202_163124.parquet,0,Sit-Stand,1.428612,3.402593,Non-Fall
-0.40119668071508585,0.2669106303449908,0.0008523171453611647,-0.3894788446911391,-0.5709591532033378,-0.4477203224500401,16.552220107658098,-0.5286300167080134,-0.9079928493710694,-0.5754081430050101,3339.313702687737,0.6362612841426558,452849.95669974707,1.321618056366501,StandingToSitting_Xiaoye_1_35sek_20260202_163124.parquet,0,Sit-Stand,2.428621,4.402547,Non-Fall
-0.45283872939772524,0.2947833021994223,0.0008380325332237954,-0.3929351808097608,-0.575860862256443,-0.48687022939777785,14.034529397957671,-0.5512981728602129,-0.9384487761494308,-0.7044821266828394,3314.8787880875793,0.634169317295635,366753.9332705309,1.2984690799932936,StandingToSitting_Xiaoye_1_35sek_20260202_163124.parquet,0,Sit-Stand,3.42887,5.402562,Non-Fall
-0.08245064311887133,0.2846726365312954,0.0016236306952862056,-0.23332120414644236,-0.4400392806308994,-0.4558402563582849,33.32287125269076,-0.4087254523386639,0.595216054542121,0.14332125328479026,3337.153509001274,0.643065416277727,484398.82103615394,1.7009213181249572,StandingToSitting_Xiaoye_1_35sek_20260202_163124.parquet,0,Sit-Stand,4.427023,6.402576,Non-Fall
-0.08245064311887133,0.38003748509295787,0.0020421504551203524,-0.1644439681006775,0.1404584387006185,0.06715710971900342,253.97556835981973,0.30641606878692185,0.22434719530267064,-0.33908328842899066,3377.009230214136,0.6406663847850768,2214729.8914035927,1.4136992405669533,StandingToSitting_Xiaoye_1_35sek_20260202_163124.parquet,0,Sit-Stand,5.427338,7.402576,Non-Fall
-0.26382636324766345,0.21475266431353707,0.0016925967259640087,-0.22140690560071602,0.1404584387006185,0.3509785789910925,220.3278749512332,0.22950079156560071,-0.19793777979210705,-0.6917143585385099,3252.478080526518,0.634395378174983,2534918.499342952,1.1334152157642885,StandingToSitting_Xiaoye_1_35sek_20260202_163124.parquet,0,Sit-Stand,6.427252,8.402596,Non-Fall
-0.25484536060825463,0.18235863066829866,0.0013713880923643374,-0.27921317119809286,0.12628027871959988,-0.1474621431484793,150.45387923422152,0.04814883714949511,0.36655162178196343,-0.4186845787452287,3355.8352683511625,0.6468954458746005,1506082.96117435,1.9055454365646114,StandingToSitting_Xiaoye_1_35sek_20260202_163124.parquet,0,Sit-Stand,7.427059,9.402605,Non-Fall
-0.25484536060825463,0.17779759708267914,0.0007091662929506333,-0.4255545528167138,-0.46619131821989135,-0.5253891948822376,19.507011687990087,-0.5041283414438961,1.5176990873004659,1.1650777344285057,3294.457461351732,0.6330919543762835,296864.04381012265,1.289563733948998,StandingToSitting_Xiaoye_1_35sek_20260202_163124.parquet,0,Sit-Stand,8.429399,10.402596,Non-Fall
-0.5938289580170442,0.1434700733974426,9.179304103454843e-05,-0.6654122549312276,-0.7551625197290008,-0.6529919844909112,1.611841948514326,-0.7255581126666609,0.07491767158872413,-0.6101220617898634,3298.3428196476557,0.6283723579494054,124068.23347523167,0.7739198671969817,StandingToSitting_Xiaoye_1_35sek_20260202_163124.parquet,0,Sit-Stand,9.428605,11.402593,Non-Fall
-0.5938289580170442,0.16479708274705063,7.629160749495089e-05,-0.6773192715111448,-0.7858626076200775,-0.6974897896420141,0.7640239985798218,-0.7533854593058842,0.32537847683012083,-0.1645431423752339,3299.7910589531866,0.6282806296904697,86258.44045381046,0.8305162991661867,StandingToSitting_Xiaoye_1_35sek_20260202_163124.parquet,0,Sit-Stand,10.428595,12.402605,Non-Fall
-0.6019713319896325,0.14036726236778588,4.2393823665727303e-05,-0.7085998532175636,-0.8127289389521257,-0.7043991091924587,0.3929454591637842,-0.770780671374627,0.02611982844235811,-0.13113091175677638,3300.1486418828426,0.6284273525022704,82091.81539041585,0.727431794835514,StandingToSitting_Xiaoye_1_35sek_20260202_163124.parquet,0,Sit-Stand,11.427194,13.402605,Non-Fall
-0.633102886841665,0.13872144760806324,3.925913034900272e-05,-0.7120514581326727,-0.7888485300038365,-0.697136470408937,0.31112929792084065,-0.775640021927612,-0.29315482957423833,-0.7445087746224351,3294.692877561351,0.6278718046716005,90895.32773784308,0.7490136912835567,StandingToSitting_Xiaoye_1_35sek_20260202_163124.parquet,0,Sit-Stand,12.427657,14.40254,Non-Fall
-0.6240979336359482,0.15795441976155045,4.175749052681218e-05,-0.7092899168049606,-0.7888485300038365,-0.7030834001789439,0.31512588390515434,-0.7753887595693153,0.01178131857841125,-0.5837356213332479,3304.918621230348,0.6287322242316807,82318.89781353215,0.6756208100738165,StandingToSitting_Xiaoye_1_35sek_20260202_163124.parquet,0,Sit-Stand,13.427126,15.402562,Non-Fall
-0.6213004962958478,0.1605860918863294,7.236716945299183e-05,-0.6805214973655936,-0.8065752615314519,-0.7090177899964575,0.38328322103720536,-0.7713263073938422,-2.605140875419142,2.664672463903244,3299.325231604538,0.6285803727736676,78997.79194272391,0.7985649443441522,StandingToSitting_Xiaoye_1_35sek_20260202_163124.parquet,0,Sit-Stand,14.428651,16.402581,Non-Fall
-0.5916471970907301,0.17961646241066395,9.901769021896668e-05,-0.660208400365548,-0.8017821667823329,-0.7181333325125051,1.4229353209979876,-0.7309557805878886,-2.038347896945955,1.4423546306262458,3306.758957632206,0.6278354531103645,78925.74983810382,0.8206970917800394,StandingToSitting_Xiaoye_1_35sek_20260202_163124.parquet,0,Sit-Stand,15.42891,17.402572,Non-Fall
-0.0613565444080101,-1.088067547301717,0.0038702608068055394,0.07501916302999027,0.908279232067059,0.7012288473623397,515.4295562323485,0.782505368464735,-0.19876218348228972,-0.23435378886035824,3109.241513613919,0.6699021700472425,8253260.460943992,1.5389798856561483,StandingToSitting_Xiaoye_1_35sek_20260202_163124.parquet,0,Sit-Stand,19.428819,21.402576,Non-Fall
-0.0613565444080101,-0.9253912000339495,0.001924184018926999,-0.18307958384339226,0.09253276253652408,0.008738498471110369,165.14625720744945,0.08930671521402284,-0.480364114011891,1.9586680257607816,3060.385678468876,0.6573663489978611,1392496.4435590033,1.3744225658524993,StandingToSitting_Xiaoye_1_35sek_20260202_163124.parquet,0,Sit-Stand,20.428837,22.402593,Non-Fall
-0.6207012980315971,-0.802552111817817,0.00024873439741611143,-0.5783221253641462,-0.4058188362374886,-0.51014321298432,35.49583847650262,-0.39569181049811386,-2.3366833403271188,1.9963026099420917,3112.886329492206,0.6315544313083643,294249.1386547482,1.0565636874736477,StandingToSitting_Xiaoye_1_35sek_20260202_163124.parquet,0,Sit-Stand,21.426814,23.40254,Non-Fall
-0.7320851282600261,-0.7692829266899037,2.6429861505058898e-05,-0.727874444997975,-0.7832035538957194,-0.7076676350725438,1.6120158172059726,-0.7255532949065031,1.3882799738928266,1.3729792290495217,3099.0195246896515,0.6278377561450765,67893.38448814771,0.7408325806648887,StandingToSitting_Xiaoye_1_35sek_20260202_163124.parquet,0,Sit-Stand,22.428671,24.40254,Non-Fall
-0.7698541623522106,-0.7782239857687857,1.5129139396754683e-05,-0.7454794300713212,-0.8250980023783957,-0.7216432002265059,0.35660944324135124,-0.7728693662207893,0.4868533586778906,0.9119285775247433,3099.6282525520664,0.6277680287627444,70741.94036784951,0.7687563295641034,StandingToSitting_Xiaoye_1_35sek_20260202_163124.parquet,0,Sit-Stand,23.428678,25.4026,Non-Fall
-0.7698541623522106,-0.7832489953592551,1.5489638512595506e-05,-0.7448313185810161,-0.8218015892819369,-0.7207815648130542,0.3675830719956874,-0.7722277912106874,0.259234473928008,0.9868820726418263,3097.720446779533,0.6275668135384848,70831.05282038527,0.7580568315966405,StandingToSitting_Xiaoye_1_35sek_20260202_163124.parquet,0,Sit-Stand,24.428816,26.402576,Non-Fall
-0.777119692104939,-0.8091475779002343,1.967540094136702e-05,-0.7377969644858365,-0.8218015892819369,-0.7115344400770404,0.24564576100223587,-0.7800138209480527,-0.6365183888159102,0.20507261121700698,3095.19518532349,0.6278653578136731,74100.80790790913,0.6614247343419617,StandingToSitting_Xiaoye_1_35sek_20260202_163124.parquet,0,Sit-Stand,25.42806,27.4026,Non-Fall
-0.772551199029354,-0.7910154797590014,3.070300312161769e-05,-0.722246620788991,-0.6834347346292036,-0.6959765224519949,3.1734391335788232,-0.6895455708602053,-0.29714189145637887,-0.5361707343973435,3091.588748111259,0.6269770032307243,103460.92139511058,1.0389999599033903,StandingToSitting_Xiaoye_1_35sek_20260202_163124.parquet,0,Sit-Stand,26.428626,28.402539,Non-Fall
-0.7171199573421808,-0.3817812050468305,2.807296013283429e-05,-0.7256601503388795,-0.7991200381889431,-0.6984491674170474,0.7010593307121329,-0.7559741360203349,0.03843412014451482,-0.7621491645018532,3181.594269460143,0.6275255205695103,86549.5558693529,0.834667412319124,StandingToSitting_Xiaoye_2_35sek_20260202_163245.parquet,0,Sit-Stand,0.097517,2.071076,Non-Fall
-0.7171199573421808,-0.3931809452061635,1.552901486210013e-05,-0.7447609860920771,-0.7991200381889431,-0.7114780241915686,0.3437370905045055,-0.7736346658587931,-0.00733805231434968,0.40091548488610856,3184.713023077494,0.6280616249704574,75125.48899218198,0.6805715426744761,StandingToSitting_Xiaoye_2_35sek_20260202_163245.parquet,0,Sit-Stand,1.096078,3.07102,Non-Fall
-0.7130298344207366,-0.3768551057002221,1.8660926150041438e-05,-0.7394270333483158,-0.8085392205857833,-0.7078388158126875,0.41466245723414036,-0.769578267130755,0.07759776309378388,0.44011521002536125,3183.1069805716206,0.6270120081824018,85210.30756135321,0.7034017526579154,StandingToSitting_Xiaoye_2_35sek_20260202_163245.parquet,0,Sit-Stand,2.095511,4.071073,Non-Fall
-0.5008548113866559,-0.301015758290409,0.00017480797073565575,-0.6141941829317118,-0.44755392987859743,-0.5709642885920813,31.920939421296843,-0.41736108246237635,2.3810625113581794,2.595724511267374,3196.2114138530374,0.6269888674145524,155315.17028285743,1.3525822692278082,StandingToSitting_Xiaoye_2_35sek_20260202_163245.parquet,0,Sit-Stand,3.09568,5.071075,Non-Fall
0.10792082372643647,-0.008592070845648479,0.0029796338983184246,-0.03225852178148637,0.0994330832685609,0.2131322473282465,171.35473068633925,0.10614593115674872,0.48737897736613034,0.7178600955234178,3293.982801043791,0.6677871317516714,3265314.835703994,1.5106608932440448,StandingToSitting_Xiaoye_2_35sek_20260202_163245.parquet,0,Sit-Stand,10.29533,12.271073,Non-Fall
0.5700750840959754,-0.07914911902116344,0.005895526919623043,0.28000965801460714,0.3120425460225369,0.3532879908220764,202.88904647607873,0.18731756926309015,1.6775357456992754,1.2356561270445872,3178.2869547599807,0.6475404533864012,1997585.7122526634,1.2151522084122381,StandingToSitting_Xiaoye_2_35sek_20260202_163245.parquet,0,Sit-Stand,11.295548,13.271085,Non-Fall
0.5700750840959754,0.5865261798155373,0.007064523450375226,0.3822647229124444,0.3120425460225369,0.19966565192010188,228.42477683395654,0.24851791231145076,0.5059990706098677,-0.060658816639534374,3450.8531530401947,0.6989495624458563,3469004.689163187,1.4091185046300039,StandingToSitting_Xiaoye_2_35sek_20260202_163245.parquet,0,Sit-Stand,12.297388,14.27108,Non-Fall
-0.16997440328788557,0.3165928921468601,0.003260421375521363,0.003110694513157,-0.14158698386440197,0.03792474846180795,119.8733435109638,-0.044536278007490375,-0.8498202959964466,-0.36578204981974166,3422.459813090911,0.6652666480885232,1638296.3947956138,1.1416836724598052,StandingToSitting_Xiaoye_2_35sek_20260202_163245.parquet,0,Sit-Stand,13.295701,15.271042,Non-Fall
-0.4826632749555992,-0.394830979616353,0.001217787126642686,-0.30925569757517146,-0.14158698386440197,-0.17353972870723203,129.23784855457566,-0.015012176555256863,-2.832447239728401,2.031063561891897,3179.607537557657,0.6387960879271005,1315843.506975598,1.2794436832725578,StandingToSitting_Xiaoye_2_35sek_20260202_163245.parquet,0,Sit-Stand,14.297029,16.27102,Non-Fall
-0.633102886841665,-0.33573086266823204,0.00012089901799076678,-0.6455118327626734,-0.4530215091072006,-0.5747759984638492,19.413325433421722,-0.5048754773710655,-0.05601806113435709,-0.545057094116416,3190.095945669265,0.627548944730336,149981.33973988015,1.0837249271678506,StandingToSitting_Xiaoye_2_35sek_20260202_163245.parquet,0,Sit-Stand,15.296407,17.271073,Non-Fall
-0.6902031907033487,-0.3441129073268269,5.8489366368185445e-05,-0.6926070942427032,-0.7576515058520379,-0.6563018005627513,3.1588533594273454,-0.6898339481228041,-0.48853109876139555,-0.518688422805032,3188.6820407504288,0.6276040648663266,129587.84906970689,0.9648955560652324,StandingToSitting_Xiaoye_2_35sek_20260202_163245.parquet,0,Sit-Stand,16.297424,18.271027,Non-Fall
-0.6814742584734201,-0.3485592602303851,7.688631887307077e-05,-0.6768412572092357,-0.7219307768206145,-0.689853061369281,2.8264702868266403,-0.6965959364140961,-2.0974395618085726,1.527029597169694,3195.697550206942,0.6281816957055135,74515.39379511119,0.7086402081309969,StandingToSitting_Xiaoye_2_35sek_20260202_163245.parquet,0,Sit-Stand,17.297871,19.271065,Non-Fall
0.8046949170192946,-1.0011713625773524,0.01590732996666971,0.9741751849441892,0.756694055156851,-0.035302878907508696,395.6968739817869,0.5847270291233911,-2.475669046814775,2.14043380365041,3080.6162853732117,0.6774843905936239,1407649.0355723351,1.670904818917674,StandingToSitting_Xiaoye_2_35sek_20260202_163245.parquet,0,Sit-Stand,18.297139,20.271042,Non-Fall
3.4497512791543605,-0.4907921025681543,0.05110713676229846,2.380243114213312,1.7111513890798793,0.7195085173231246,693.997839436624,1.0386701219613983,1.7345504855262026,2.2583685986251982,3637.2127982400984,1.1521459083995478,9937412.687927214,2.0694895139858502,StandingToSitting_Xiaoye_2_35sek_20260202_163245.parquet,0,Sit-Stand,19.297141,21.271073,Non-Fall
-0.541786367829349,-1.2091519394725367,0.0006590541867135841,-0.43903391648667617,0.5031503227704415,-0.35790728374754593,274.51744846005727,0.3508806648500332,0.018394113534702876,0.8824151876453397,2984.7740712406844,0.6278836500273836,716949.2989660099,2.233549896951289,StandingToSitting_Xiaoye_2_35sek_20260202_163245.parquet,0,Sit-Stand,23.297111,25.271082,Non-Fall
-0.8088322256301232,-1.383242488381082,5.088418784214748e-05,-0.6998455866123815,-0.7376596980766116,-0.6805927215397871,3.1493500717493332,-0.6900221972104782,0.0036768941761800436,-0.3334535734869764,2975.2238279765347,0.6284091165887477,116559.20454414221,1.072556747304291,StandingToSitting_Xiaoye_2_35sek_20260202_163245.parquet,0,Sit-Stand,24.297631,26.271055,Non-Fall
-0.8444016795005468,-1.3718986236360309,3.392599472408716e-05,-0.7182571754919679,-0.7870075826872776,-0.6919701352862991,0.632610829139735,-0.7589239497456612,-0.8360373317955709,-0.3806661666909952,2973.5856079389873,0.6277116569824489,92162.40617368896,0.7501036952057781,StandingToSitting_Xiaoye_2_35sek_20260202_163245.parquet,0,Sit-Stand,25.297809,27.271039,Non-Fall
-0.8289967513426777,-1.364475447361388,3.732071569349798e-05,-0.7142551767906005,-0.7824427610232415,-0.6946405852208446,1.181153391041311,-0.7384181575186771,-0.6180621995606947,-0.31020250927375137,2971.775204934391,0.6273463228144602,94830.97538851453,0.887997133672702,StandingToSitting_Xiaoye_2_35sek_20260202_163245.parquet,0,Sit-Stand,26.298684,28.271085,Non-Fall
-0.8184811568339588,-1.3729961012053815,5.397917224361057e-05,-0.6968386394112419,-0.6754919179705904,-0.6525412275971808,7.697557623190502,-0.6196756717710392,0.1208001124247386,-0.5193940418957526,2981.8930348240865,0.6294218085706721,180363.21179505013,1.3095108158338915,StandingToSitting_Xiaoye_2_35sek_20260202_163245.parquet,0,Sit-Stand,27.297122,29.271056,Non-Fall
-0.24624813368794035,0.13686016913625396,0.0006249769494757956,-0.4484951282714546,0.3997558588471594,0.08880389931322474,246.37593143983295,0.28951245771857087,1.738013252803829,1.4880771687984922,3306.3558095636395,0.6329048286274525,1837498.5855346362,1.2647732062735064,StandingToSitting_Xiaoye_3_35sek_20260202_163524.parquet,0,Sit-Stand,1.004943,2.97842,Non-Fall
-0.3616063646282889,0.12432974657676023,0.000737743933513524,-0.4180804567730839,-0.20229143289041307,-0.09628065066550025,36.83675479035073,-0.38784731457835664,0.40940234207693554,-0.5010537802410797,3302.9553386607736,0.6353413367022152,1192299.2091243167,0.9203865728092192,StandingToSitting_Xiaoye_3_35sek_20260202_163524.parquet,0,Sit-Stand,2.003108,3.978426,Non-Fall
-0.3947618375870933,0.0519258351974286,0.000834105593094261,-0.3938905042249791,-0.20229143289041307,-0.11931862372259719,62.5945744743045,-0.2582197044264338,0.28515187558532595,-0.7835121336485676,3270.74022062917,0.6357685797856584,1429107.9235112432,1.5966035930270135,StandingToSitting_Xiaoye_3_35sek_20260202_163524.parquet,0,Sit-Stand,3.002747,4.978436,Non-Fall
-0.4735972110661617,-0.07154435262854332,0.00028184548762751353,-0.5640153507982822,-0.4181641213048849,-0.6272249449954459,10.68031906213891,-0.5849439006073318,-2.324125755873411,2.8188886592883438,3258.118915105719,0.631092949828428,191191.75139688936,1.7957787251425692,StandingToSitting_Xiaoye_3_35sek_20260202_163524.parquet,0,Sit-Stand,8.90305,10.878402,Non-Fall
-0.638314958698575,-0.06352578947490188,7.560309800759024e-05,-0.6778750114949653,-0.5773299770284914,-0.6286725417030578,15.176490740304814,-0.5407840564647297,-0.9591815936013192,-0.3492902289238469,3254.683356434585,0.6280228020240429,89258.67787917561,0.5992595928710907,StandingToSitting_Xiaoye_3_35sek_20260202_163524.parquet,0,Sit-Stand,12.861401,14.778436,Non-Fall
-0.626697295056203,-0.12334368943417005,7.958825205232653e-05,-0.6746924333082764,-0.5773299770284914,-0.6171852750835681,14.750152158770035,-0.5446615258683409,-0.3916968189009546,-0.3411502531212108,3228.9427074765067,0.6271407813304289,307984.6822721274,1.4922280458785173,StandingToSitting_Xiaoye_3_35sek_20260202_163524.parquet,0,Sit-Stand,13.802679,15.778457,Non-Fall
-0.626697295056203,-0.11830607610020308,3.834794697758531e-05,-0.7130804087285401,-0.7897016323138866,-0.6909005681144337,0.8202865910833288,-0.7511612287723777,0.41857940596840654,0.6086050618183377,3244.7474415112893,0.6287098561783535,81574.99695768849,0.6792015406282754,StandingToSitting_Xiaoye_3_35sek_20260202_163524.parquet,0,Sit-Stand,14.803064,16.778445,Non-Fall
-0.6790417007240048,-0.11960046959063997,2.689445746607882e-05,-0.7272415250117784,-0.7897016323138866,-0.7092798581698452,0.20699560975860154,-0.7828745893413033,-0.1826202247267268,-0.8401773654581597,3241.402268793817,0.628176828713484,81356.45184198958,0.732306792535946,StandingToSitting_Xiaoye_3_35sek_20260202_163524.parquet,0,Sit-Stand,15.803736,17.778404,Non-Fall
-0.626697295056203,-0.1811068156924043,0.0001661772740556994,-0.6188440952709491,-0.5543519308892919,-0.5657627107167826,18.70574416384369,-0.5105775876945196,-2.1019271437521025,0.5318823566245553,3235.9027605031815,0.6301530577143799,179442.50889334746,0.8362190904599881,StandingToSitting_Xiaoye_3_35sek_20260202_163524.parquet,0,Sit-Stand,18.549727,20.45846,Non-Fall
0.8581384592283127,-0.6389080151311904,0.012727905106608468,0.7869766373603305,0.0653910397730535,-0.004122115284221831,203.5761871280138,0.18901325677296868,-1.0182854112282194,1.4993099295952386,3213.7526231900843,0.6651689985797066,2095127.9496079143,1.4859281192186664,StandingToSitting_Xiaoye_3_35sek_20260202_163524.parquet,0,Sit-Stand,19.458445,21.458469,Non-Fall
3.540562435673857,0.06554094406028965,0.05281567581237992,2.4329680495494523,1.5042532599465812,0.6907784681937567,642.2972070837067,0.9682919943916211,2.0367299132402814,1.8427362551677142,3419.2662901435383,0.8959166455960731,3858980.300971945,1.5072974468252933,StandingToSitting_Xiaoye_3_35sek_20260202_163524.parquet,0,Sit-Stand,20.478452,22.458464,Non-Fall
3.540562435673857,0.08621157844969612,0.04289886727157278,2.1136672609723273,1.5042532599465812,0.8896436538102722,791.7554313910431,1.1649180543998863,3.1270320713720707,3.5054509367453286,3254.496650081399,0.9316695431478562,7188167.296347644,1.7939026349391645,StandingToSitting_Xiaoye_3_35sek_20260202_163524.parquet,0,Sit-Stand,21.478463,23.45843,Non-Fall
-0.09745141311953709,-1.3444750261098073,0.004176577193723429,0.10899484851463459,0.6778090058638635,0.326524999463449,481.7497477103949,0.7294344423928271,0.06353477786379653,0.17807885772013318,3014.719710494983,0.6736643447016457,4689023.471971169,1.6083614889546272,StandingToSitting_Xiaoye_3_35sek_20260202_163524.parquet,0,Sit-Stand,22.478452,24.45846,Non-Fall
-0.8673075530007054,-1.4102174903006812,2.559264936139584e-05,-0.7290291893409867,-0.8087134012977939,-0.7111905006713256,0.15066216991201103,-0.7875757341354841,-0.46518579762495316,-1.1883878377723522,2967.9808265528673,0.6283893411824414,75141.38920108163,0.6514120679019524,StandingToSitting_Xiaoye_3_35sek_20260202_163524.parquet,0,Sit-Stand,35.204517,37.17842,Non-Fall
-0.8539290025256315,-1.4176571400214497,3.5478264088024996e-05,-0.7164035025774894,-0.7403363982892887,-0.7088456805183452,1.7365403116044658,-0.7221670931218487,-1.083178016246569,-0.723525915438835,2965.6288326472227,0.62825120949704,65790.7530786254,0.7784638211611596,StandingToSitting_Xiaoye_3_35sek_20260202_163524.parquet,0,Sit-Stand,36.203091,38.178448,Non-Fall
-0.8539290025256315,-1.3962146531283348,3.79731543279572e-05,-0.7135071866831021,-0.7403363982892887,-0.6861931592458193,3.1714776739784925,-0.6895843125119194,-1.1474104910959069,-0.573385174670797,2969.051567900177,0.627937887175889,122217.36525052018,1.1006494323907459,StandingToSitting_Xiaoye_3_35sek_20260202_163524.parquet,0,Sit-Stand,37.205139,39.17843,Non-Fall
-0.7024153406442173,-0.16770771456355887,2.2270697153888236e-05,-0.733808725408031,-0.8241950167084965,-0.703729347984238,0.20806343921030598,-0.7827921263590657,0.0747905741131247,-1.1333491370230115,3230.399101159955,0.6279239547175607,81498.1442915893,0.657315374178419,Standing_Ahmed_1_20sek_20260202_102034.parquet,0,Sit-Stand,0.860879,2.834774,Non-Fall
-0.6640737208155861,-0.1704270046603123,2.1395413847176235e-05,-0.7351264665998211,-0.8180333812291997,-0.6885575028875591,0.11595701419196405,-0.7909268214108363,1.4607920273597697,0.3296775838852963,3230.5121600322914,0.6283071609160725,93782.4132277685,0.6594539174529306,Standing_Ahmed_1_20sek_20260202_102034.parquet,0,Sit-Stand,1.860836,3.834722,Non-Fall
-0.6640737208155861,-0.12903764364216938,2.961713814015311e-05,-0.723637515208879,-0.6391153847729325,-0.5533048273152011,14.006842728803866,-0.5515582983191719,0.502376400260743,-0.5330442664918212,3239.962408728059,0.6280373601401823,189172.20037010513,0.643018840320342,Standing_Ahmed_1_20sek_20260202_102034.parquet,0,Sit-Stand,2.860685,4.834726,Non-Fall
-0.6755981249849783,-0.1404497508846273,3.6009468352031915e-05,-0.7157785015850693,-0.6391153847729325,-0.5229415481358726,13.181927340715342,-0.559430139802976,-0.46076255126302584,-0.7928973049426586,3237.036797622218,0.6275822109564727,432805.3350496825,0.9471214316012144,Standing_Ahmed_1_20sek_20260202_102034.parquet,0,Sit-Stand,3.860503,5.834726,Non-Fall
-0.6747883052377027,-0.15438240826267896,4.2681507928775876e-05,-0.7082895781927909,-0.7078943346819547,-0.6867069075745608,5.00351343253862,-0.6575008491351385,-0.43629490092315387,-0.7731005906198841,3229.4064371781637,0.6275506571799438,67883.0179361767,0.6496414626606473,Standing_Ahmed_1_20sek_20260202_102034.parquet,0,Sit-Stand,4.859884,6.834746,Non-Fall
-0.6747883052377027,-0.16124060285288142,4.047599744887975e-05,-0.7106957604153337,-0.8246123105796278,-0.7300016154034928,0.47269667458317033,-0.7665115146838585,-0.4701024790681947,-0.7794558191124304,3230.6445391746097,0.628191055514245,63549.48958422549,0.7266840895006976,Standing_Ahmed_1_20sek_20260202_102034.parquet,0,Sit-Stand,5.859388,7.834771,Non-Fall
-0.7024153406442173,-0.16672197625513338,3.3509367732513596e-05,-0.7187618804191416,-0.8128937326214186,-0.7063948707821174,0.277028423404908,-0.7778531831950607,-0.6633445630560425,-0.9521230308238815,3229.059537312315,0.6273403659774686,85056.34993529093,0.677431677035545,Standing_Ahmed_1_20sek_20260202_102034.parquet,0,Sit-Stand,6.861317,8.834749,Non-Fall
-0.6954904936656696,-0.15688140759125457,3.4852968215438235e-05,-0.7171452356734292,-0.8128937326214186,-0.7045874585748513,0.3611283361266876,-0.7726039893788454,-0.664351070746301,-0.9018340954348505,3236.0590830264655,0.628149431824815,76248.20012773815,0.6954340714542655,Standing_Ahmed_1_20sek_20260202_102034.parquet,0,Sit-Stand,7.859513,9.834726,Non-Fall
-0.6954904936656696,-0.15495994904876054,3.546862030453343e-05,-0.7164148922885348,-0.8110961392269689,-0.6879689639497075,0.488809495525123,-0.7656939492605889,-0.710039139671633,-0.8834173653344065,3237.8052659299315,0.6286079149207077,101913.6049791758,0.7297902321507166,Standing_Ahmed_1_20sek_20260202_102034.parquet,0,Sit-Stand,8.859182,10.834774,Non-Fall
-0.6942697197932735,-0.15643631548188688,3.75042116785842e-05,-0.7140441509404655,-0.7961651552462575,-0.6792197209289027,0.6626289668552258,-0.7576116001374278,-0.7359882213989888,-0.8730569893850304,3229.8951669536696,0.627457237030793,98777.71170081454,0.6817986300115926,Standing_Ahmed_1_20sek_20260202_102034.parquet,0,Sit-Stand,9.86067,11.834741,Non-Fall
-0.6871560313956143,-0.13760024765541315,3.341200660212829e-05,-0.7188802759242077,-0.7599412383388356,-0.664848086566045,2.4215395573436616,-0.7053966737953594,-0.5744234190565234,-0.6023084804585085,3234.7711809529646,0.6275216905297255,147929.87649220828,0.990773025708232,Standing_Ahmed_1_20sek_20260202_102034.parquet,0,Sit-Stand,10.859318,12.834754,Non-Fall
-0.6270973458337876,-0.2680154916169822,0.00014296220449905599,-0.6319882137515552,-0.7317123990450171,-0.6862519079307771,2.4821282162659988,-0.7040353832300796,-0.8945560080813719,-0.11122075993610765,3205.052174730456,0.6286063827935062,100103.04206074143,0.9543547573528048,Standing_Ahmed_1_20sek_20260202_102034.parquet,0,Sit-Stand,17.960821,19.934733,Non-Fall
-0.7124166822908252,-0.28941447349306015,2.0330312560840288e-05,-0.7367668911313123,-0.8312578089277112,-0.7132109215793206,0.08398499283351456,-0.7944956970717509,0.4465743177965233,-0.20648486385208725,3204.1741793741994,0.6277423867722877,72655.0828853215,0.6255369428994935,Standing_Ahmed_2_20sek_20260202_102535.parquet,0,Sit-Stand,0.471061,2.446184,Non-Fall
-0.7146653736518066,-0.2947460681724242,1.736895214185766e-05,-0.7415685632064958,-0.8312578089277112,-0.7089902172408248,0.06712784006524951,-0.7966565440013698,0.7657467266629777,-0.2057222559615302,3203.8029458961373,0.628080223926893,80078.6093644476,0.657635547169768,Standing_Ahmed_2_20sek_20260202_102535.parquet,0,Sit-Stand,1.470851,3.44616,Non-Fall
-0.7146653736518066,-0.29165106467005175,2.1144096520058692e-05,-0.7355097852951149,-0.835588386828392,-0.7187502328374039,0.17763401838906906,-0.7852317381041027,0.3989601673824541,-0.8418031100004526,3200.175662126997,0.6274287279828115,66998.40605770126,0.6578196611551205,Standing_Ahmed_2_20sek_20260202_102535.parquet,0,Sit-Stand,2.472464,4.446168,Non-Fall
-0.7146653736518066,-0.3066326366741915,2.279366867934697e-05,-0.733033727303096,-0.8296256011688785,-0.7145445867881136,0.24642285180435178,-0.7799587058229065,0.46683889004829154,-0.8486047061301958,3203.5232712143898,0.6279911999475586,80673.96999368106,0.6874628506979119,Standing_Ahmed_2_20sek_20260202_102535.parquet,0,Sit-Stand,3.471316,5.446183,Non-Fall
-0.7124166822908252,-0.2990869820697886,2.655074496316615e-05,-0.7277092333691074,-0.8296256011688785,-0.7090350688598267,0.13099374414529152,-0.7894206947541155,0.3262849335043919,-0.7113851401789234,3203.1358517127196,0.6281080637821582,77308.80494472719,0.6626939984152727,Standing_Ahmed_2_20sek_20260202_102535.parquet,0,Sit-Stand,4.470743,6.446228,Non-Fall
-0.7024153406442173,-0.2720036477164039,2.8010750471282514e-05,-0.7257427867510865,-0.8243885117228273,-0.705228904145642,0.16770440260687103,-0.7860724876012504,0.26758941739681413,-0.7196382452415949,3203.9636897636783,0.6274405452785329,79605.3044309525,0.6498064024756158,Standing_Ahmed_2_20sek_20260202_102535.parquet,0,Sit-Stand,5.470801,7.446204,Non-Fall
-0.7024153406442173,-0.26227309145983657,2.1547237627374316e-05,-0.734895989400047,-0.8243885117228273,-0.7038881587317054,0.14439152541484165,-0.7881501122724709,0.35591723696665,-0.240250524684938,3212.990638167643,0.6281647692370419,80252.4563655615,0.6320564189762343,Standing_Ahmed_2_20sek_20260202_102535.parquet,0,Sit-Stand,6.471005,8.446165,Non-Fall
-0.7124166822908252,-0.25834416821346967,1.7175685482533628e-05,-0.7418956780383923,-0.8307187750390389,-0.7133113381231851,0.1043457893703439,-0.7921580273689842,0.046871126219251026,0.3280688758051921,3208.1019171797366,0.6274735921566578,75352.01789935259,0.6501409486758307,Standing_Ahmed_2_20sek_20260202_102535.parquet,0,Sit-Stand,7.47445,9.446176,Non-Fall
-0.5906558750883334,-0.12331335916893396,0.00010865430303181028,-0.6535543765764834,-0.3910874749120854,-0.5412319208816354,40.90041738839172,-0.36490889484022554,0.13662103841113277,-0.3566997831634926,3237.3503661404225,0.6293103937306671,292486.1749999485,1.56848769618566,Standing_Ahmed_3_20sek_20260202_102602.parquet,0,Sit-Stand,0.476717,2.4518,Non-Fall
-0.5590603607636261,-0.2703149534913361,0.0003508672273600804,-0.536677556515884,0.2897458405442133,0.8910922708385571,322.97247282720787,0.449586577650149,-0.058359763719621836,-0.6724856665556813,3204.841507623508,0.6299608827488093,5464107.846300255,0.9883871492691774,Standing_Ahmed_3_20sek_20260202_102602.parquet,0,Sit-Stand,12.676566,14.651811,Non-Fall
-0.5724585502408736,-0.3402801580536349,0.00023889177598976225,-0.5827563870175547,0.015810933279103365,0.826925458055727,144.68747932688436,0.03144861787843925,0.5722668496499035,-0.44288605162583305,3184.49576319554,0.6297220131692269,4101347.4444442834,0.7945768390494808,Standing_Ahmed_3_20sek_20260202_102602.parquet,0,Sit-Stand,13.676494,15.651769,Non-Fall
-0.6085368613740463,-0.32486546753864265,0.00018988740366849107,-0.6063374014970112,0.056016868734099126,0.7465622325136864,175.18717290693309,0.11638867008398594,0.029791449704903206,-0.7608413757140017,3194.7216957903174,0.6291932645442625,3954284.528052236,0.9747719388516775,Standing_Ahmed_3_20sek_20260202_102602.parquet,0,Sit-Stand,14.677925,16.651773,Non-Fall
-0.5543420489287394,-0.31818755443260305,0.0002419078578866559,-0.5813880435606552,0.065610489834678,0.5671872882802522,253.10310667150657,0.3044884525386418,0.6234224518869832,-0.284791835657282,3198.55414981065,0.6307311151674716,5042062.429747891,1.091678294403547,Standing_Ahmed_3_20sek_20260202_102602.parquet,0,Sit-Stand,15.676826,17.651766,Non-Fall
-0.5543420489287394,-0.2925512972876308,0.00026122142769269974,-0.5728209262921561,0.12886116407865714,0.6292518114114853,258.8045746086875,0.31702590570162503,0.16819226570189422,-0.6244513384381395,3211.1683635711724,0.6318810854231263,6933087.745834929,1.0733486643672798,Standing_Ahmed_3_20sek_20260202_102602.parquet,0,Sit-Stand,16.676379,18.651769,Non-Fall
-0.7916917812902006,-0.8096226386755472,3.72712342912706e-05,-0.7143121706359615,-0.7947860571120958,-0.7059510342422477,1.0894224355993356,-0.7414474994508871,-0.630147670409998,-0.9157494936373269,3092.7369481440282,0.6279509034933368,84860.03019699432,0.885351205190398,Standing_Chrysi_1_20sek_20260202_103532.parquet,0,Sit-Stand,0.449786,2.425013,Non-Fall
-0.7483449603409567,-0.8306189950956334,5.484322003135321e-05,-0.6960146645377487,-0.6547913265842509,-0.7109614835614296,4.433977879478339,-0.6667287359996974,-1.0392852158423536,-0.3811469851217075,3090.631068226632,0.6280843892978084,63203.520994581355,0.7604918977740975,Standing_Chrysi_1_20sek_20260202_103532.parquet,0,Sit-Stand,1.450437,3.425011,Non-Fall
-0.7189619005638459,-0.9197880221203645,8.246490940546783e-05,-0.6724443706748082,-0.6547913265842509,-0.6661061389586632,10.309853844461863,-0.5889670676917123,0.12278443209185178,-0.3675181559097881,3065.257313813241,0.6277295388567031,117466.28800589187,1.6350223401741484,Standing_Chrysi_1_20sek_20260202_103532.parquet,0,Sit-Stand,2.451171,4.425011,Non-Fall
-0.6985440777867262,-0.8392230739183918,0.00019240028511351807,-0.6050588709556122,-0.5440174678890181,-0.5234814374528239,23.754351216862645,-0.4719618434822447,-0.23941861867645942,-0.3399167253244492,3083.947190770043,0.6293915513268811,416562.06546838285,1.301099971368127,Standing_Chrysi_1_20sek_20260202_103532.parquet,0,Sit-Stand,3.450119,5.424969,Non-Fall
-0.5349361779682549,-0.6948059794467939,0.00039029569307554246,-0.5222650754241215,-0.6330615512374884,-0.634406857818139,11.434427154708116,-0.5769645508964668,0.16047192493575263,0.890685308372113,3125.139966286206,0.6308193865973424,67156.87185659574,0.7655159080954357,Standing_Chrysi_1_20sek_20260202_103532.parquet,0,Sit-Stand,6.44958,8.425001,Non-Fall
-0.709965027623561,-0.7843000122326125,9.702442570455563e-05,-0.6616246107502309,-0.445212139388364,-0.629151919024802,21.79101736211703,-0.4864390482992891,-0.1627184283807115,-0.5894485384857946,3104.2891133555236,0.6296548632513662,197369.89339049088,1.108638208113138,Standing_Chrysi_1_20sek_20260202_103532.parquet,0,Sit-Stand,7.451876,9.42496,Non-Fall
0.03891793273910594,-0.6762940470369451,0.0016741281853903647,-0.224573280346088,-0.14717676830112325,-0.3706337422560257,63.1592912390931,-0.25571427121882767,1.2324401485749523,3.643446927255333,3095.050356068433,0.6295155391650613,493755.76661875617,1.5376541581871823,Standing_Chrysi_2_20sek_20260202_103607.parquet,0,Sit-Stand,0.535381,2.507666,Non-Fall
0.03891793273910594,-0.6823917757904149,0.001719702960367003,-0.21679074457476194,-0.14717676830112325,-0.28893918998218177,65.98025056895091,-0.24336319394059716,1.1535070742789453,3.367859748288175,3135.3340646274673,0.6482344649155886,1023599.9609139703,1.8864680029647676,Standing_Chrysi_2_20sek_20260202_103607.parquet,0,Sit-Stand,1.532419,3.507663,Non-Fall
-0.6363095149802305,-0.963938018671102,0.00025448673699144406,-0.5757711627657998,-0.5452339920944619,-0.5069578831577904,20.17884139687569,-0.4988223245333336,-1.1153406368667493,0.6854563630859302,3076.0939258615917,0.6309945529375115,268047.3971173421,1.221708521242445,Standing_Chrysi_2_20sek_20260202_103607.parquet,0,Sit-Stand,4.533825,6.507666,Non-Fall
-0.057324569809743764,-0.8588002751643917,0.003265385839347258,0.0037220406607318527,-0.4502391580699385,-0.42309318296643944,27.929378267752668,-0.44304511124784174,0.5391071632028885,0.6381034041510701,3091.2018425807823,0.6456183911110545,653609.162183001,1.4332776449799294,Standing_Chrysi_2_20sek_20260202_103607.parquet,0,Sit-Stand,5.533666,7.507629,Non-Fall
0.5768542330574938,-0.688347329014831,0.011216304293223485,0.6897499557977101,-0.24029308228950755,-0.24508891931099733,52.82672640287944,-0.30349460261977823,0.9587777415422184,-0.155712145554792,3146.1129172920305,0.7404368956299124,927840.4631375412,1.6171133973218343,Standing_Chrysi_2_20sek_20260202_103607.parquet,0,Sit-Stand,6.533773,8.507628,Non-Fall
0.5768542330574938,-0.6986144995599237,0.013199478565985379,0.8161119636460841,-0.24029308228950755,-0.1584150132261975,65.07460718029712,-0.24729910229635602,0.9691144457857144,-0.48768880052633684,3101.375461441103,0.7031483027463701,1162832.2371416618,1.2945527805349402,Standing_Chrysi_2_20sek_20260202_103607.parquet,0,Sit-Stand,7.533712,9.507647,Non-Fall
0.09555736979205251,-0.7824295809841119,0.006382394487959356,0.3237282082594538,-0.3666542859661382,-0.2533771875808248,46.6622548577178,-0.33425761110878416,0.8678151267866847,-0.38678514927452434,3121.660984817835,0.6689370501367781,817512.5497295621,1.3146667470088715,Standing_Chrysi_2_20sek_20260202_103607.parquet,0,Sit-Stand,8.532406,10.507637,Non-Fall
0.4754819291137149,-0.7210646221519172,0.00934786861886127,0.560000963458681,-0.3581129179222219,-0.28772754758877805,34.78112797780124,-0.3999335207533966,1.3910836239053526,0.2542215863604432,3124.0774489308014,0.6966710757519667,740531.7700909004,1.5058709403018218,Standing_Chrysi_2_20sek_20260202_103607.parquet,0,Sit-Stand,9.533403,11.507598,Non-Fall
0.4754819291137149,-0.7244854282246492,0.013107613794303403,0.8104775963450691,-0.3581129179222219,-0.2800502553616566,29.191418622963084,-0.43473676964516655,1.1658684743165841,-0.40268043829036304,3129.5648671581857,0.7081376207764731,623087.3364615471,1.1309640600794744,Standing_Chrysi_2_20sek_20260202_103607.parquet,0,Sit-Stand,10.533841,12.507598,Non-Fall
0.4114910555694611,-0.8318648494227192,0.007170400650255834,0.39109267139712506,-0.5077632307935809,-0.36354561423677406,15.691980491299262,-0.5361678062483878,1.2152598516193112,-0.08707326948817541,3084.0423320272616,0.6925835126775916,626007.8814423633,1.1444225462716364,Standing_Chrysi_2_20sek_20260202_103607.parquet,0,Sit-Stand,11.532243,13.507647,Non-Fall
0.19590727610149525,-0.8076995380361027,0.00620846092691689,0.30830772271692625,-0.40248324492438475,-0.35764418931087566,17.299662277589626,-0.522238198986871,1.0314422095936893,-0.46524926892545276,3109.0387897308947,0.6851357774139332,579568.7272214461,1.0108542576534316,Standing_Chrysi_2_20sek_20260202_103607.parquet,0,Sit-Stand,12.534526,14.507643,Non-Fall
0.19590727610149525,-0.8143007666962256,0.006691688428520751,0.35063910069136894,-0.40248324492438475,-0.3643149237743416,26.01869230302754,-0.45598948990860805,1.0047988726806294,-0.5169752809896954,3113.281005730934,0.6714510516579942,618738.007945637,1.455130777380613,Standing_Chrysi_2_20sek_20260202_103607.parquet,0,Sit-Stand,13.532324,15.507653,Non-Fall
-0.031638110420007644,-0.8616388957280889,0.002957921275192877,-0.0350616380297888,-0.4602179548956613,-0.5155525590319912,23.709141472970362,-0.47228832904032897,1.1014096971064038,0.18690509197938357,3098.7146049854987,0.6518403839594418,349058.47128505114,1.48517834738771,Standing_Chrysi_2_20sek_20260202_103607.parquet,0,Sit-Stand,14.533719,16.507653,Non-Fall
-0.45801871601208,-0.9013825028562735,0.0004197932654963783,-0.5119535278097848,-0.6488962126797646,-0.6445727469716408,7.048921399531255,-0.6280813713401847,0.4427579197328599,2.203397420349281,3094.0445907215226,0.6313819894587139,106485.8992655325,0.8220847678917277,Standing_Chrysi_2_20sek_20260202_103607.parquet,0,Sit-Stand,15.533756,17.507643,Non-Fall
0.9872487471282104,-0.809159496360881,0.010901417915565356,0.6686866469762428,-0.529931707481965,-0.5657357155579323,21.91211537634314,-0.48552768217926773,2.191382485337532,2.1243005487849245,3142.1239028692303,0.7637986492916561,315749.97415843775,1.4254923727520112,Standing_Chrysi_3_20sek_20260202_103636.parquet,0,Sit-Stand,1.502383,3.478099,Non-Fall
0.9872487471282104,-0.5446965279533826,0.012866877252493357,0.7956180662668093,0.3615860028329181,-0.0010887520476756285,357.8296594164432,0.5160734730576875,1.4300794681812001,0.8425399631736674,3107.5442865229984,0.6560001756361171,1219797.548170649,1.8082785013395457,Standing_Chrysi_3_20sek_20260202_103636.parquet,0,Sit-Stand,2.502487,4.478116,Non-Fall
-0.16369172288672657,-0.739042068399362,0.0049058896847302145,0.18518424696866348,0.3615860028329181,0.22668930254407196,343.77101927529213,0.4896656962613909,-0.48242779494153587,-0.7005903225071224,3125.076604072369,0.6706686595944703,3800904.5473758755,1.7772285129523673,Standing_Chrysi_3_20sek_20260202_103636.parquet,0,Sit-Stand,3.502702,5.478144,Non-Fall
-0.274112929317093,-0.9507989741653936,0.005035085827729871,0.19807493606828505,0.24105723059365655,0.07740845497991294,213.14724315096896,0.2123411901644274,-0.7788755608112705,-0.8421200988509578,3083.045460889522,0.6735565794308467,2622994.922673374,1.7878169135183741,Standing_Chrysi_3_20sek_20260202_103636.parquet,0,Sit-Stand,4.502957,6.4781,Non-Fall
1.2629006669168965,-0.6888352236903781,0.013751825425958684,0.8495835827485798,0.24105723059365655,0.21658913982767272,200.1003492714208,0.1804061239219521,1.0499118936017162,0.9604073555403619,3103.427895981035,0.6685329290437219,1787201.2565090086,1.3870517003081066,Standing_Chrysi_3_20sek_20260202_103636.parquet,0,Sit-Stand,5.504038,7.478107,Non-Fall
4.03755826291156,-0.02860755452568119,0.047295354428658204,2.25933972683781,0.08105016941921428,0.4380321494758038,144.88025427899237,0.03201223901367961,1.8807955771658091,3.217246614423618,3548.7871739444686,1.1051743844440305,3935537.67559981,1.3383603511861002,Standing_Chrysi_3_20sek_20260202_103636.parquet,0,Sit-Stand,6.504129,8.478121,Non-Fall
-0.05434668756181979,-0.7179694761634985,0.0044034504253890995,0.13336222640465953,-0.08851185377101013,-0.23586792456252897,101.11861521330853,-0.10736038367824836,-0.4091619027037708,-0.08266000208898623,3116.485352436943,0.6519460768093893,666174.105240866,1.732472617807209,Standing_Chrysi_3_20sek_20260202_103636.parquet,0,Sit-Stand,8.503007,10.478144,Non-Fall
0.3386213503033141,-0.9419367064565675,0.006267565484576505,0.3135717237377303,-0.08851185377101013,-0.1441929065027166,116.35306920464916,-0.05593184820945265,0.3334153931441159,0.15658310799539987,3086.3558623950344,0.6624865820487661,1545730.5896549392,1.7612920623627202,Standing_Chrysi_3_20sek_20260202_103636.parquet,0,Sit-Stand,9.502977,11.478163,Non-Fall
0.3386213503033141,-0.8592734082268498,0.009161811449126813,0.5463964079401014,-0.13891879521212297,-0.07301716577105531,89.904551250165,-0.14774528873222617,0.356891914390782,-0.473710060695981,3121.9448172557295,0.7134237010589689,1804120.2503623555,1.822035318698385,Standing_Chrysi_3_20sek_20260202_103636.parquet,0,Sit-Stand,10.504509,12.478154,Non-Fall
0.2479407430752305,-0.7511553799916943,0.0055681991462378745,0.2495940748715675,-0.18087132400983666,-0.17720193210326737,62.68761071145782,-0.25780616279855456,0.047567648986679124,-0.21887328429667857,3109.6917356519507,0.6652801892594302,1084395.1473713196,1.2399256599826032,Standing_Chrysi_3_20sek_20260202_103636.parquet,0,Sit-Stand,11.502569,13.478104,Non-Fall
-0.032160896112925705,-0.646319548995089,0.003940274144969493,0.08290007859841983,-0.2182817609872127,-0.16174564635905989,65.89533237980817,-0.24373109435462234,-1.521763429058343,1.6317925477343225,3153.4892841988017,0.6811080381025153,1449286.0051742853,1.5722888906293424,Standing_Chrysi_3_20sek_20260202_103636.parquet,0,Sit-Stand,12.50265,14.478144,Non-Fall
-0.5787788322985243,-0.9333202158181415,0.00016612428944161664,-0.6188730097586691,-0.6465138292767697,-0.5268805412699623,15.502950262887119,-0.537851654558651,2.402330801088746,2.8695005262823003,3071.4139444937364,0.6284204636313737,472602.9913018272,1.0565877654792888,Standing_Chrysi_3_20sek_20260202_103636.parquet,0,Sit-Stand,14.502569,16.478167,Non-Fall
-0.7195760733919819,-0.9522212860249999,0.00010626314449195321,-0.6551769754604791,-0.6465138292767697,-0.5840085060048031,13.086181790453757,-0.5603595697048627,-0.6517785049218167,-0.05253093595610287,3055.823653664382,0.6272669713001529,136821.06106271915,0.9012782275452802,Standing_Chrysi_3_20sek_20260202_103636.parquet,0,Sit-Stand,15.503266,17.478158,Non-Fall
-0.7195760733919819,-0.9716404854500358,0.00011873951798298756,-0.6468995826714902,-0.6527412610266075,-0.6132664488227649,7.202634727006165,-0.6260555626880557,-0.6822271286786186,-0.33948059921675733,3052.837460427682,0.6277457492582406,184451.4198460033,1.2330673042938949,Standing_Chrysi_3_20sek_20260202_103636.parquet,0,Sit-Stand,16.504142,18.478113,Non-Fall
-0.4768741527968948,0.17858704809777695,0.0005593205789597077,-0.46748165042145046,-0.46931930701587965,-0.27229731955456604,23.418132840247075,-0.4743973626812687,-0.4466206774459058,-0.7885639880110467,3295.824175702883,0.6299300126252584,850771.6335463909,1.0597129513515524,Standing_Edith_1_35sek_20260202_105305.parquet,0,Sit-Stand,1.330306,3.306058,Non-Fall
-0.5482555930222671,-0.41778501709041754,0.00034254498080698063,-0.5398215712606385,-0.45942197612547137,-0.4352657913536203,23.762729307071552,-0.47190137460776865,-0.1606938074747343,-0.06913129942731308,3176.3512821214463,0.6327119261368215,444336.8149398412,1.4350973965464693,Standing_Edith_1_35sek_20260202_105305.parquet,0,Sit-Stand,2.332218,4.306072,Non-Fall
-0.44345429981894735,-0.5241816498042724,0.0007977837753880903,-0.40283551842225157,-0.3503581673161939,-0.5411534625989939,33.09071101099855,-0.41014278496144924,-1.2634595869883345,1.3984095091422155,3143.012634396497,0.6354064264433928,354265.3982831838,1.9273833910950315,Standing_Edith_1_35sek_20260202_105305.parquet,0,Sit-Stand,3.332369,5.306115,Non-Fall
-0.44345429981894735,-0.548500552366724,0.0006509974743651258,-0.4412482733779909,-0.3503581673161939,-0.6561434521065148,29.12143013329126,-0.4351927606719874,-1.4678667900015023,2.7148300126256606,3154.420069213276,0.6294277449259574,93290.74118966766,1.382877488488748,Standing_Edith_1_35sek_20260202_105305.parquet,0,Sit-Stand,4.332579,6.306124,Non-Fall
-0.7452524448627937,-0.6602808129759853,4.9697613629880986e-05,-0.7010225817645416,-0.7180615249754909,-0.6977590495020916,4.434814520693037,-0.6667147588461282,-1.067259332261825,-0.1592575670479551,3121.278459217716,0.6281416415568322,115440.48418528218,1.311396682927266,Standing_Edith_1_35sek_20260202_105305.parquet,0,Sit-Stand,5.330818,7.306065,Non-Fall
-0.739486290349577,-0.5986104771240035,5.2014955115357186e-05,-0.6987366522896916,-0.7180615249754909,-0.6281187849566517,2.8844735178925363,-0.6953883573660404,-1.4958916425823667,0.10396665806555609,3137.629737581361,0.6275797972874959,155653.31659970316,0.9631521144323956,Standing_Edith_1_35sek_20260202_105305.parquet,0,Sit-Stand,6.332162,8.306119,Non-Fall
-0.6475529375231955,-0.49337456618022896,8.677032940778562e-05,-0.6691517842258743,-0.5700470251705958,-0.6127429979248706,5.335993725020188,-0.6523558670064235,-0.8073681626310917,1.4373832148965813,3159.8816998008983,0.6273130587490773,143482.70990285542,0.8011874511880807,Standing_Edith_1_35sek_20260202_105305.parquet,0,Sit-Stand,7.332188,9.306099,Non-Fall
-0.6475529375231955,-0.48376924247269526,0.0001727922314389708,-0.6152697267181061,-0.4087416338350195,-0.5282519520735564,36.470767779620324,-0.38997400600215215,-0.6024591048140675,-0.43862115657785405,3166.658596382695,0.6305152770712675,525796.1579386456,2.014061026522426,Standing_Edith_1_35sek_20260202_105305.parquet,0,Sit-Stand,8.330968,10.306109,Non-Fall
-0.6628625626611357,-0.4706301022928937,0.00011692271750554593,-0.6480769104283096,-0.4087416338350195,-0.5802639517931861,39.044360114710294,-0.3752373963581609,-0.5367882402550519,-0.3557764831487,3163.1026499383147,0.6286765807451757,159392.23820091187,1.510191318016353,Standing_Edith_1_35sek_20260202_105305.parquet,0,Sit-Stand,9.33086,11.30609,Non-Fall
-0.7016000226232753,-0.48567065691560046,4.456583291105537e-05,-0.7062826263538291,-0.7549317449857093,-0.6816405046238274,3.494236810640641,-0.6833628239255533,0.03663062256919499,-0.3249780445072465,3165.626411656506,0.6295278005834276,89846.45665815972,0.8090184037151987,Standing_Edith_1_35sek_20260202_105305.parquet,0,Sit-Stand,10.331177,12.306124,Non-Fall
-0.7016000226232753,-0.531787199448371,4.216921594928241e-05,-0.708842831065159,-0.7549317449857093,-0.6854441402772607,2.8122938671103435,-0.6968929570794724,0.27453775284420295,-0.10157878445705809,3153.530477383355,0.6286490859230734,127299.33180910227,1.0043249621129922,Standing_Edith_1_35sek_20260202_105305.parquet,0,Sit-Stand,11.330952,13.306068,Non-Fall
-0.7171199573421808,-0.5244326255595934,2.7571999924726035e-05,-0.726328227508959,-0.8105221088795316,-0.7275811108540676,0.8796169709151962,-0.7488968823355769,0.44838136948341184,-0.3323045940538979,3151.7301852508604,0.6275830414854551,60745.87853682696,0.8649516224719774,Standing_Edith_1_35sek_20260202_105305.parquet,0,Sit-Stand,12.332986,14.306118,Non-Fall
-0.7171199573421808,-0.5145338209993491,2.8762350408402913e-05,-0.7247504550623994,-0.8105221088795316,-0.722539193231882,1.1145543887800557,-0.740605248489593,0.353132333345567,-0.7248647268292524,3157.099795434485,0.6283608993262514,70290.3067398627,0.8475406292060712,Standing_Edith_1_35sek_20260202_105305.parquet,0,Sit-Stand,13.332961,15.30612,Non-Fall
-0.7512335204668813,-0.53561754842102,2.80496013985823e-05,-0.7256911682459568,-0.8205170518344768,-0.7163009071470915,0.4717660003902969,-0.7665591596530271,-0.02278546180777631,-0.8371924517837357,3148.568150764454,0.6277214280909453,74439.33483530192,0.7542500776472711,Standing_Edith_1_35sek_20260202_105305.parquet,0,Sit-Stand,14.332143,16.306128,Non-Fall
-0.7512335204668813,-0.5524659173341314,2.2226660723103905e-05,-0.7338743969131816,-0.7718916094047655,-0.7079077630390012,0.7991802444427482,-0.7519864074257027,0.6286881248385108,-0.5200637650759439,3146.076991998991,0.6276463739218932,79483.24917880038,0.6874176133923836,Standing_Edith_1_35sek_20260202_105305.parquet,0,Sit-Stand,15.332727,17.306115,Non-Fall
-0.6159109148396406,-0.5631290153648167,0.00016625207481865575,-0.6188032832342355,-0.38960302045665074,-0.5230677073419155,36.72975353317056,-0.3884679844281614,-0.3777826363778491,0.5462919834994957,3147.8733042894846,0.6286653941491956,216306.31008507582,1.0315005819276661,Standing_Edith_1_35sek_20260202_105305.parquet,0,Sit-Stand,16.330914,18.30609,Non-Fall
-0.5663451019355394,-0.5779761267124568,0.00045377964486102896,-0.5005123837283953,-0.3064143947427232,-0.20945870799847216,49.773926289240464,-0.31849086775078966,0.12891254337044153,-0.8193852496164827,3156.3146767117646,0.6342390016546747,1245011.2656047253,1.2941962737767103,Standing_Edith_1_35sek_20260202_105305.parquet,0,Sit-Stand,17.33078,19.306109,Non-Fall
-0.5663451019355394,-0.3323024058907364,0.0004628316705623423,-0.4975380452905657,0.3957389950252904,0.46054924902813704,328.9069200859439,0.46115070520407864,-0.5997533762262128,-0.9934484072960479,3180.058445840017,0.6288010261499837,4502585.515611531,1.566740866567281,Standing_Edith_1_35sek_20260202_105305.parquet,0,Sit-Stand,18.332315,20.306105,Non-Fall
-0.6153125167119176,-0.34572005335422623,0.00019620590824100521,-0.603138398675375,0.3957389950252904,0.2480664105990951,449.38660186039385,0.6766602707422683,0.6439243981333082,-0.8223519385773311,3194.9141113997443,0.6289367384257046,2659115.5834921338,1.479735634830319,Standing_Edith_1_35sek_20260202_105305.parquet,0,Sit-Stand,19.330917,21.30608,Non-Fall
-0.63771322037092,-0.5743597513194565,0.00018968318793278693,-0.6064416752148467,-0.5436552978647834,-0.4543343846695351,22.136870911955395,-0.4838428541573099,-0.49049381964637967,0.08686006481255817,3119.397751429863,0.6245945952859203,538063.5660527868,0.9665435700186826,Standing_Edith_1_35sek_20260202_105305.parquet,0,Sit-Stand,20.332439,22.306068,Non-Fall
-0.5214647973741965,-0.5301464285746965,0.0003089759535268459,-0.5529088920583806,-0.5384617160005591,-0.40347421071803474,27.95909020051668,-0.4428473771619478,0.24285275669624418,0.08621751702437448,3156.0543640902574,0.6280267067807577,311613.66080312943,0.8441044898480328,Standing_Edith_1_35sek_20260202_105305.parquet,0,Sit-Stand,21.332433,23.306119,Non-Fall
-0.4851743927218363,-0.43053455157236714,0.00047430926478715164,-0.4938082201353909,-0.5384617160005591,-0.42447523161045264,24.03097663152294,-0.4699709027212451,0.9092577657562394,0.09070274978762867,3180.937686787977,0.6346514993868162,590549.7341569501,1.1011222443089592,Standing_Edith_1_35sek_20260202_105305.parquet,0,Sit-Stand,22.331761,24.306128,Non-Fall
-0.4851743927218363,-0.32314797027451453,0.0003691100805437255,-0.5299136104185387,-0.5434418375364929,-0.5644170335039729,24.204480086163404,-0.468727999374976,0.46148588079689024,0.4330168371420009,3209.397876089602,0.632417636738838,165228.88026845595,1.267769821199397,Standing_Edith_1_35sek_20260202_105305.parquet,0,Sit-Stand,23.330766,25.306099,Non-Fall
-0.6683156745814282,-0.35574889121155906,7.080823269584449e-05,-0.6818175798614522,-0.7543472683593531,-0.698644056680568,3.9199785200580886,-0.6755805851625506,0.08918396172730363,-0.5577565977270256,3188.8444732903895,0.6285946635446285,111262.39778957846,1.249754550971198,Standing_Edith_1_35sek_20260202_105305.parquet,0,Sit-Stand,24.330938,26.30606,Non-Fall
-0.642730466403994,-0.48223232259151794,0.00011697317625241316,-0.6480440890298005,-0.4530834779375657,-0.6331044618684205,29.305491147400627,-0.43399473100151986,-1.92445691887204,1.4466125069998121,3165.476017380673,0.6275828732533989,88455.6552360167,0.8956539509765139,Standing_Edith_1_35sek_20260202_105305.parquet,0,Sit-Stand,25.332233,27.306119,Non-Fall
-0.6634680957589806,0.021089845086799477,2.781844526126138e-05,-0.7259988179716546,-0.7794961998161594,-0.6609471945832609,2.6280683262585027,-0.7008231144059677,-1.0091116799234343,-0.9087508424347072,3272.2148838683493,0.6280914284082878,135783.95844729233,0.9319954448173384,Standing_Edith_2_35sek_20260202_112321.parquet,0,Sit-Stand,1.387234,3.360977,Non-Fall
-0.635106729406887,0.07697685988528363,3.0738894971240695e-05,-0.7222010700461368,-0.7838803866761438,-0.6749595998412138,1.348882631967669,-0.7331689209860782,-0.005943891288620566,-0.6233797114801753,3284.4092855987524,0.6277097757422611,111436.971103084,0.7283405288364884,Standing_Edith_2_35sek_20260202_112321.parquet,0,Sit-Stand,2.387393,4.360997,Non-Fall
-0.635106729406887,0.0639167749881613,3.588948847491323e-05,-0.7159192615620327,-0.8105504765915149,-0.7626873330656938,1.6381489390850115,-0.7248320980231749,-0.02566469594243912,-0.5368094975804661,3280.4475843346054,0.6273330430923533,42455.19902112297,0.95486674860903,Standing_Edith_2_35sek_20260202_112321.parquet,0,Sit-Stand,3.385578,5.360977,Non-Fall
-0.648156154881869,0.053546976328238384,3.1127688529032246e-05,-0.7217093419140557,-0.813006301155703,-0.7702453334074214,1.4979128769470365,-0.7287729285792625,-0.5638738934978426,-0.4983908498152777,3275.2955828536387,0.6270964654211163,40682.31726427325,0.9361543051746885,Standing_Edith_2_35sek_20260202_112321.parquet,0,Sit-Stand,4.385239,6.360994,Non-Fall
-0.6592312928651564,0.08376621185862605,2.687823329034548e-05,-0.727263534689329,-0.801666582771792,-0.7066874648414373,1.3556969196166397,-0.732962771311885,-0.8137031288983846,-0.602786861641697,3286.6369084662633,0.6282226810229516,68107.27611450035,0.5957431841431965,Standing_Edith_2_35sek_20260202_112321.parquet,0,Sit-Stand,5.385761,7.361005,Non-Fall
-0.6592312928651564,0.06340663972568117,1.9620800241906796e-05,-0.7378836117679294,-0.7786979379637265,-0.6410424925352136,1.641109361268673,-0.7247507629977449,-0.8092985754089357,-0.4866932712565399,3282.4066183377945,0.6283416583953059,160063.3479050707,0.7410682572618896,Standing_Edith_2_35sek_20260202_112321.parquet,0,Sit-Stand,6.38534,8.360994,Non-Fall
-0.6634680957589806,0.031925920087255165,2.0413028200884833e-05,-0.7366379796918119,-0.7786979379637265,-0.6449650842575388,2.409317970805037,-0.705673321802384,0.12403019168327084,-0.4487161874817058,3270.7343173114846,0.627275785775014,156155.66595571837,0.8085711089253201,Standing_Edith_2_35sek_20260202_112321.parquet,0,Sit-Stand,7.387356,9.360997,Non-Fall
-0.6634680957589806,0.012856270704347337,2.2280960325979765e-05,-0.733793429276874,-0.7841846901298589,-0.7107630981841875,1.3879039150544068,-0.7319953649128265,0.3734145489039247,-0.43229675100229803,3269.3968639885843,0.6274487723627794,62539.42302712126,0.6213058617582483,Standing_Edith_2_35sek_20260202_112321.parquet,0,Sit-Stand,8.385408,10.360987,Non-Fall
-0.6764081097153992,0.006757537065007623,1.788719889388537e-05,-0.7407002772264524,-0.8221416428292229,-0.723959202608356,0.20169055505503553,-0.7832874616658121,0.4143377796819394,-0.2099541505670256,3268.170288957723,0.6276698962783824,73710.90657614142,0.7384155405486369,Standing_Edith_2_35sek_20260202_112321.parquet,0,Sit-Stand,9.387407,11.360983,Non-Fall
-0.6764081097153992,0.000590910000047012,2.0761115819344007e-05,-0.7360983298131223,-0.8221416428292229,-0.7120949071475332,0.18947171211491617,-0.7842595737050335,0.7162243013364363,-0.6483611668281286,3267.38062919913,0.6278218936222515,73603.45595925165,0.6657456995215606,Standing_Edith_2_35sek_20260202_112321.parquet,0,Sit-Stand,10.387574,12.360996,Non-Fall
-0.6764081097153992,-0.00832916109250311,1.9805537961920698e-05,-0.7375909301362619,-0.7997146304170812,-0.6866038075334864,0.4746317956519164,-0.7664125979429042,0.3536638724791855,-0.5345507653836887,3260.47384827448,0.6269098430259419,85065.29101155634,0.6016932335653212,Standing_Edith_2_35sek_20260202_112321.parquet,0,Sit-Stand,11.387266,13.360977,Non-Fall
-0.6717529488475317,0.042459206558638246,2.117097349611936e-05,-0.7354686831193352,-0.7997146304170812,-0.6743301214110864,0.7048366642311179,-0.7558156390907719,-0.4574345461072624,-0.6705561598047468,3279.262002156729,0.62798060792207,130199.43626217743,0.7455215133211722,Standing_Edith_2_35sek_20260202_112321.parquet,0,Sit-Stand,12.387052,14.360987,Non-Fall
-0.6624589249967577,0.06756017938486704,2.1105136278870982e-05,-0.7355694124636931,-0.8042282442639147,-0.7238667441288633,1.5378137389422906,-0.727633539496524,-0.7915438889527798,-0.67750741973042,3280.1569146626643,0.6276475932628948,55649.88816101249,0.6322061246114076,Standing_Edith_2_35sek_20260202_112321.parquet,0,Sit-Stand,13.387122,15.361005,Non-Fall
-0.6624589249967577,0.054491580618707985,2.3539399864026625e-05,-0.7319438370845774,-0.8223426140085093,-0.7305473562254111,0.9883198792433591,-0.7449381524128112,-0.44801030144745435,-0.29373342845383366,3281.2038373162263,0.6280272801469995,62636.24709410011,0.6875893514501948,Standing_Edith_2_35sek_20260202_112321.parquet,0,Sit-Stand,14.387307,16.36095,Non-Fall
-0.6624589249967577,0.06263069956596529,2.2405627909215037e-05,-0.7336079064805273,-0.8198736565714794,-0.6882825861749275,0.21994681144251366,-0.7818883391283773,-0.6991540470124804,-0.10491603303770525,3279.032030327139,0.6275184777387491,101454.7863774203,0.6717525228355059,Standing_Edith_2_35sek_20260202_112321.parquet,0,Sit-Stand,15.38543,17.361005,Non-Fall
-0.6610465147015526,0.0697058730329364,1.9410323549756786e-05,-0.7382187561765934,-0.8198736565714794,-0.7084680386955283,0.538322884299215,-0.76326259956578,-0.7890527592905933,-0.034073164272018924,3276.650001562943,0.6267780871343664,84163.61961326441,0.6937867480907831,Standing_Edith_2_35sek_20260202_112321.parquet,0,Sit-Stand,16.385474,18.360975,Non-Fall
-0.6610465147015526,0.07280675794735979,1.4401013369576957e-05,-0.7468124561276537,-0.8361226759776242,-0.7340460772255034,0.2367453222713512,-0.7806514116691704,-0.9432512131111056,0.4060133309284371,3288.633253844983,0.6284420793777558,59587.78622186386,0.6680374143836,Standing_Edith_2_35sek_20260202_112321.parquet,0,Sit-Stand,17.387158,19.361014,Non-Fall
-0.6749907447128644,0.045226484650005054,1.1733837052880598e-05,-0.7520093190090057,-0.8395448140040903,-0.7412184080197993,0.20421773011898992,-0.7830901125432075,-1.5816537241518143,0.42516361736871744,3272.975849863838,0.6273530562564603,50750.37833729181,0.6174229136744628,Standing_Edith_2_35sek_20260202_112321.parquet,0,Sit-Stand,18.387169,20.361009,Non-Fall
-0.6675073351599311,0.06719712414681521,2.240237533541259e-05,-0.733612740198218,-0.8220474658277167,-0.7263344631163969,0.47648771014328367,-0.7663179192287144,-0.2304353422099521,-0.7352777896221221,3281.2360967841173,0.6276358828705102,66213.75317914264,0.7068291932675249,Standing_Edith_2_35sek_20260202_112321.parquet,0,Sit-Stand,19.385628,21.360969,Non-Fall
-0.6624589249967577,0.08113180535667133,2.801270375337985e-05,-0.7257401907077011,-0.761214235975856,-0.6567246927142821,2.7021987399510947,-0.6992256022712844,-0.10679707837551093,-1.021411209065625,3285.8540080291323,0.6280728699714078,111443.99991134643,0.7442171735428043,Standing_Edith_2_35sek_20260202_112321.parquet,0,Sit-Stand,20.386965,22.361002,Non-Fall
-0.6385155581925557,2.1657900020115343e-05,7.120852472580503e-05,-0.681483431376791,-0.7270605497797604,-0.6343461312767268,4.476441385972228,-0.6660209862198767,-0.6971417386733195,-0.4282115464612109,3258.9531419574487,0.6267293260177617,188465.6865001526,0.9102759672576534,Standing_Edith_2_35sek_20260202_112321.parquet,0,Sit-Stand,21.387147,23.360961,Non-Fall
-0.6385155581925557,-0.04866967485377403,0.0001022012092263006,-0.6579757610402053,-0.22310149478868763,-0.507763413988985,73.62614836696083,-0.2111561720987732,-0.8391359370481543,-0.6536204777958872,3255.592854768307,0.6279530664311384,117197.14532490389,0.5797628147089386,Standing_Edith_2_35sek_20260202_112321.parquet,0,Sit-Stand,22.387216,24.360954,Non-Fall
-0.6302991848585784,0.054283548108968314,9.388307012958378e-05,-0.6638864004671889,-0.16367315635285873,-0.2414226115049224,155.70357701310166,0.06307642276960233,-1.4688126765202185,-0.3748016587572824,3280.084258620879,0.6288542107527624,2304304.2631307067,1.326763363292079,Standing_Edith_2_35sek_20260202_112321.parquet,0,Sit-Stand,23.386022,25.360946,Non-Fall
-0.6111262113887125,0.10875426897204843,9.585566827674752e-05,-0.6624617825497906,-0.16367315635285873,-0.2603515561711679,127.13124844585225,-0.021558005570763237,-1.8268720169499797,0.5002179175263044,3298.336513257734,0.628495400637077,285943.7264382321,0.4889366573617305,Standing_Edith_2_35sek_20260202_112321.parquet,0,Sit-Stand,24.386997,26.360994,Non-Fall
-0.541786367829349,0.2125009511686264,0.00018779176829671445,-0.6074101249895892,-0.17170107137455762,-0.07048919392125005,126.73605403839152,-0.022792017230948314,-0.45625483610769446,-0.41172978848194425,3300.4782126417203,0.6282990078537655,2325785.687377203,1.281187820848663,Standing_Edith_2_35sek_20260202_112321.parquet,0,Sit-Stand,25.385634,27.36095,Non-Fall
-0.541786367829349,0.41393192330529666,0.000159306477930338,-0.6226328676780185,-0.17170107137455762,-0.2061330131350098,155.20939886743145,0.061682059369552976,-0.701763236214075,-0.7238458311891377,3376.508871030811,0.6319241945033953,643204.3440304288,1.0934745026291304,Standing_Edith_2_35sek_20260202_112321.parquet,0,Sit-Stand,26.38579,28.360946,Non-Fall
-0.6899999738278885,-0.07468071934204383,4.1165748597047384e-05,-0.7099363578101772,-0.8053607985545921,-0.7356698193918104,0.7589434922715586,-0.7535902800824745,-2.7178434032731316,1.5067558889927875,3260.8344720040236,0.6288345470600402,58819.69901315566,0.7825768867118883,Standing_Edith_3_35sek_20260202_112408.parquet,0,Sit-Stand,0.611264,2.583398,Non-Fall
-0.6904064180047316,-0.12028699641096785,4.067443290562519e-05,-0.7104766282632885,-0.8026174297195292,-0.7095466943144493,1.6024110461630658,-0.7258198257371736,-1.9972996139815267,0.9903075278622071,3228.574719823118,0.626164000228752,70581.90307155461,0.9252227937388788,Standing_Edith_3_35sek_20260202_112408.parquet,0,Sit-Stand,1.60789,3.583446,Non-Fall
-0.6624589249967577,-0.10369371265583961,3.2235243940218664e-05,-0.7203251499129985,-0.7419962879033178,-0.6585310190251288,2.7708767515097823,-0.6977650326356137,0.4606046151919509,-0.606046915351264,3242.8784429782504,0.6276551261599238,124589.91384643136,0.7429951851064841,Standing_Edith_3_35sek_20260202_112408.parquet,0,Sit-Stand,2.608213,4.583434,Non-Fall
-0.6153125167119176,-0.1034144999584142,0.00012042002005416704,-0.6458185724577487,-0.583741574431281,-0.5547353990749475,13.392514543367895,-0.5573977124341253,-0.22282815058459524,-0.5443341971211918,3251.8750648827695,0.6306334520364976,228406.94423566473,1.0699899676465872,Standing_Edith_3_35sek_20260202_112408.parquet,0,Sit-Stand,3.60974,5.583442,Non-Fall
-0.6153125167119176,-0.12765472672612155,0.0001374529993720988,-0.6352611763266977,-0.5362283523223605,-0.4484320711139173,22.19573979761018,-0.4834029723679803,-0.20761750902225395,-0.7763905145324482,3236.029945479782,0.6292886433258342,444812.2899437281,1.0634863290307357,Standing_Edith_3_35sek_20260202_112408.parquet,0,Sit-Stand,4.6103,6.583387,Non-Fall
-0.6125211643737066,-0.08137172284236886,0.0001204510926519395,-0.6457986557696394,-0.5182755837347192,-0.41136817954103827,32.87062264908209,-0.4114910171586251,-0.5081150444015192,-0.5404609890728113,3250.330937274675,0.6297651353418889,604698.5191862931,1.2781769627282349,Standing_Edith_3_35sek_20260202_112408.parquet,0,Sit-Stand,5.609595,7.5834,Non-Fall
-0.6125211643737066,0.002130932022373668,9.715491784547666e-05,-0.6615314539024745,-0.5182755837347192,-0.5696044355948111,35.81993383051679,-0.3937824283509565,-0.9666084482657109,0.07683884823437212,3265.0837038517,0.6273685117505802,197101.74275085077,1.1727972144071024,Standing_Edith_3_35sek_20260202_112408.parquet,0,Sit-Stand,6.609531,8.583431,Non-Fall
-0.6491617191835122,-0.023268188178445396,3.879072829150172e-05,-0.7125788902919665,-0.7383442690433073,-0.6936200907200539,4.925497309327645,-0.6587326668708642,-0.1476416031931312,-0.6365126315913363,3261.231847897755,0.6277078633935649,111386.26215376257,1.432549757069715,Standing_Edith_3_35sek_20260202_112408.parquet,0,Sit-Stand,7.608211,9.583398,Non-Fall
-0.6586264023078627,-0.07349391169925636,4.336661670678045e-05,-0.7075548542605478,-0.7383442690433073,-0.7339850447214584,6.337657686259901,-0.6377565945418169,-0.45185656010575065,-0.8031635076613398,3257.31942957059,0.628701089545709,46755.32188300512,0.9682310546143013,Standing_Edith_3_35sek_20260202_112408.parquet,0,Sit-Stand,8.60965,10.583431,Non-Fall
-0.6586264023078627,-0.1173776033659862,3.913485980453819e-05,-0.7121910817451385,-0.8174967608993902,-0.7530060919235712,2.897918179333916,-0.6951101887459085,-0.04384119773033956,-0.7054425834736682,3234.104686705031,0.627179938126959,59356.29563559705,1.082473296085371,Standing_Edith_3_35sek_20260202_112408.parquet,0,Sit-Stand,9.60924,11.583442,Non-Fall
-0.6288980666878325,-0.09576302467588423,5.215131419285306e-05,-0.698603743865128,-0.21349265084555044,-0.4082733998615733,126.38844805901641,-0.023879023311623303,0.5908222819104232,-0.3523626108048981,3240.8810661449183,0.6274990136468676,204233.8489180085,0.7871855792307595,Standing_Edith_3_35sek_20260202_112408.parquet,0,Sit-Stand,10.609993,12.583446,Non-Fall
-0.5598472750622646,-0.011045413266551604,0.00019666063680642097,-0.6029101744700552,-0.21349265084555044,-0.22730515710989171,104.98706176855829,-0.09395366560051839,0.28013323263731293,-0.28633550849559813,3275.041249056691,0.6314981918980306,1664099.2682842226,1.4877791481811682,Standing_Edith_3_35sek_20260202_112408.parquet,0,Sit-Stand,11.608618,13.583417,Non-Fall
-0.5598472750622646,-0.007354584404799333,0.0002314234247047347,-0.5861822961331689,-0.4628873029469775,-0.3687518398494054,28.440567657264065,-0.4396576509631786,-0.06607731250570309,-0.5811910106391388,3260.7447292098136,0.6288498450068812,605294.0039345677,1.2622094245358841,Standing_Edith_3_35sek_20260202_112408.parquet,0,Sit-Stand,12.609579,14.583383,Non-Fall
-0.6063471675239546,-0.08164130665239094,0.00014066462648549958,-0.6333453770001024,-0.5278426177381594,-0.4876366291650729,29.795169693971825,-0.43082567173194736,-0.6492900328158292,-0.7240116314882602,3249.4168964601536,0.628580946664409,459213.4156380334,1.525343355128979,Standing_Edith_3_35sek_20260202_112408.parquet,0,Sit-Stand,13.608128,15.583431,Non-Fall
-0.644136420986215,-0.11875298217838372,8.38486004554181e-05,-0.6713770103809604,-0.6172196671234639,-0.610134476322762,16.46688802403845,-0.5293688420261703,-0.648587750049905,-0.21104679228672002,3240.612068730399,0.6278183968205115,176747.84370449043,1.4515968013741942,Standing_Edith_3_35sek_20260202_112408.parquet,0,Sit-Stand,14.609516,16.583413,Non-Fall
-0.6871560313956143,-0.1067263508111364,2.5722632447014158e-05,-0.728848681634039,-0.703770480875725,-0.6828809259894948,3.075949863728864,-0.691485844468949,-0.663242144599428,-0.55771279371966,3240.5092262421767,0.6273204983443416,96177.4074821766,0.7850473843045678,Standing_Edith_3_35sek_20260202_112408.parquet,0,Sit-Stand,15.607903,17.583446,Non-Fall
-0.6766106316884406,-0.07602393256307978,2.0950579469956554e-05,-0.7358064997572555,-0.8160937184283029,-0.7339626737780884,0.6548026600923127,-0.7579508396775746,-1.2214938279283474,-0.4556528942014437,3250.716353986691,0.6278825905106982,54136.87477810097,0.6291047639984243,Standing_Edith_3_35sek_20260202_112408.parquet,0,Sit-Stand,16.609473,18.583391,Non-Fall
-0.6747883052377032,-0.032851380257011197,2.379209396521102e-05,-0.7315784497718242,-0.786760042882531,-0.7094733580173013,1.6800338885532855,-0.7236880922492323,-1.009619768403539,-0.7716109068521386,3262.9151363547667,0.6287816720204803,95368.63415024064,0.9302464721906911,Standing_Edith_3_35sek_20260202_112408.parquet,0,Sit-Stand,17.610099,19.583434,Non-Fall
-0.6747883052377032,-0.03643965199592128,2.5270143700744616e-05,-0.7294790430852505,-0.786760042882531,-0.6747566577674202,0.5474796626827475,-0.7628253968388248,-0.9948460144428948,-0.8658707535684964,3260.919656964658,0.6281512175783425,97320.92377785328,0.6131783427695446,Standing_Edith_3_35sek_20260202_112408.parquet,0,Sit-Stand,18.607801,20.583391,Non-Fall
-0.678028574529288,-0.05385926691437933,2.2903257858988652e-05,-0.7328724562543569,-0.8250746518368128,-0.7039683629914866,0.2802118938352529,-0.7776410087609346,-1.2338584033692803,-0.72944814756902,3250.5833926522023,0.6268916858840353,75403.26830094637,0.6359228996085802,Standing_Edith_3_35sek_20260202_112408.parquet,0,Sit-Stand,19.608209,21.583439,Non-Fall
-0.6871560313956143,-0.05988015871398808,2.4667299125893962e-05,-0.7303276997706946,-0.8307571926818659,-0.7169291562380954,0.16751274234742305,-0.7860889571122236,-1.1824329939808527,-1.012224262269932,3254.5025010574536,0.6276791825766873,78085.70657196672,0.6928951982580482,Standing_Edith_3_35sek_20260202_112408.parquet,0,Sit-Stand,20.609498,22.583434,Non-Fall
-0.697729558088154,-0.05018677112482683,2.31750724315725e-05,-0.7324741123492147,-0.8197153301004799,-0.7122073276604777,0.2477781662050425,-0.7798627877666797,-1.2921149380236951,-1.083948135332713,3257.300056108872,0.6280305073422309,72769.767082094,0.6378791195377572,Standing_Edith_3_35sek_20260202_112408.parquet,0,Sit-Stand,21.60834,23.583419,Non-Fall
-0.697729558088154,-0.03939326938387176,2.3140004309629292e-05,-0.732525372899371,-0.8028215678878248,-0.6908093149806188,0.5790813928627437,-0.7613439435930656,-1.1097231471875384,-1.175653848271642,3254.244610944703,0.6273653282106587,103010.06551607142,0.7892541902200276,Standing_Edith_3_35sek_20260202_112408.parquet,0,Sit-Stand,22.608295,24.583424,Non-Fall
-0.6871560313956143,-0.06953131885404525,2.526162752891498e-05,-0.7294909608298518,-0.8028215678878248,-0.7254627985632738,1.8334424359641681,-0.7196152617429743,-0.9381576474144312,-0.9279100912860812,3258.4897186769226,0.6286250026653435,65439.44780218864,0.7527928614719739,Standing_Edith_3_35sek_20260202_112408.parquet,0,Sit-Stand,23.607703,25.583432,Non-Fall
-0.6871560313956143,-0.07399329755387127,2.1261801389248383e-05,-0.7353299753811254,-0.7977510595329566,-0.729191306094423,2.2080618046751943,-0.7103341847255071,-1.4282719987736976,-0.5018575007712512,3244.1155985930413,0.6268504059673068,51697.03007236868,0.6637242466807394,Standing_Edith_3_35sek_20260202_112408.parquet,0,Sit-Stand,24.607645,26.583414,Non-Fall
-0.6598362750887395,-0.041225518740329634,2.5294327755379984e-05,-0.7294452102565785,-0.39942991718614174,-0.5355049048812107,48.5669802259709,-0.3245462374364513,-0.019999539712919283,-0.5806135567034086,3259.4498330235574,0.6281481222930365,156813.35065507577,0.6513850065274319,Standing_Edith_3_35sek_20260202_112408.parquet,0,Sit-Stand,25.609655,27.583424,Non-Fall
-0.35317016814472896,0.42126167934377307,0.0005464786426698616,-0.471323422631858,-0.3446431818567842,-0.5666545107229517,30.862085197470165,-0.42400986647470024,-0.2804243055991181,-0.41836464240329574,3359.35497167487,0.6319728578745378,176537.32474171676,1.4771190157319019,Standing_Xiaoye_1_1min_20260129_105129.parquet,0,Sit-Stand,0.887486,2.862776,Non-Fall
0.5447294289686778,0.5877715209048605,0.0031512287229443375,-0.010455441716035668,-0.25367744976678513,-0.34951468736043984,80.83088061077959,-0.18230629635764062,1.867170869754634,3.6877567396664244,3389.1843930602968,0.635915630388475,731743.4359991526,1.824142636294396,Standing_Xiaoye_1_1min_20260129_105129.parquet,0,Sit-Stand,1.887308,3.862728,Non-Fall
0.5447294289686778,0.7339910943816977,0.0037921430279962316,0.06614137179932185,-0.25367744976678513,-0.10579069638367407,87.75870176870004,-0.15575505967164466,1.0716807174792327,1.906510658092579,3392.199019094031,0.676946403218967,1503535.701191434,1.6497282924183396,Standing_Xiaoye_1_1min_20260129_105129.parquet,0,Sit-Stand,2.887013,4.862776,Non-Fall
-0.05627333218570405,0.6314940212949007,0.002448966162477151,-0.10399355499837291,-0.24791296212378325,-0.0827101504438068,79.33478138712216,-0.1881878512384935,-0.49969695175897433,-0.18340859107880314,3461.3949628495498,0.6620700440410761,1546635.8949600395,1.4575038068851047,Standing_Xiaoye_1_1min_20260129_105129.parquet,0,Sit-Stand,3.888993,5.86273,Non-Fall
0.306251850121544,0.7285698490261759,0.004558704324688613,0.14967712985768425,0.282150452971225,0.0814881551499909,173.46304514914223,0.11179470672727465,-0.10481024402642095,-0.27059875286091883,3437.1237189067956,0.6569952486019895,1846172.0347531766,1.7235337565833577,Standing_Xiaoye_1_1min_20260129_105129.parquet,0,Sit-Stand,7.186941,9.187564,Non-Fall
0.306251850121544,1.004525534644721,0.005884043590135828,0.27895712659902094,0.282150452971225,0.2882370071517173,161.35828431583684,0.07887678789143825,-0.47788125841675916,-0.5367384079853507,3503.998071121666,0.6784525648489876,3156006.6358450297,1.28478801314029,Standing_Xiaoye_1_1min_20260129_105129.parquet,0,Sit-Stand,8.187333,10.188497,Non-Fall
0.011548785398274792,0.968259094531103,0.0035963804119331032,0.04348340322602683,-0.03292996422232012,-0.004388725013422959,113.03292890766585,-0.06683861640784702,-1.0035073731007746,0.28973250052737476,3455.915492297578,0.6525258574576273,1716323.0033369318,1.425796073548743,Standing_Xiaoye_1_1min_20260129_105129.parquet,0,Sit-Stand,9.202773,11.187027,Non-Fall
-0.22491904625256517,0.7996332836332166,0.0014869150155471227,-0.2577126136485327,-0.2840246952801603,-0.42248417965651996,64.90820702734419,-0.24802524598714273,-2.8229971246418484,3.006123392561889,3472.897386342505,0.6351582737788696,526813.0584956654,1.6819903613156535,Standing_Xiaoye_1_1min_20260129_105129.parquet,0,Sit-Stand,10.202763,12.187027,Non-Fall
-0.43905657338129367,0.8069521624208956,0.00032176964751787386,-0.5478410496742331,-0.49885597701674833,-0.5732994223731823,27.02991521038319,-0.4490816643873281,-1.7474894148343225,0.6085944962494303,3444.193631904358,0.62867529491907,92189.50832356726,1.0014700138618844,Standing_Xiaoye_1_1min_20260129_105129.parquet,0,Sit-Stand,11.20278,13.18761,Non-Fall
-0.4015755043222632,0.7508306890640067,0.00032829054579604623,-0.545296751420715,-0.606262508435571,-0.5588156884630916,23.29502401610864,-0.4752935146790357,-0.7170397314323003,0.008243716816437914,3429.9343025807166,0.6289428129471738,345949.2075759413,1.5026921988350193,Standing_Xiaoye_1_1min_20260129_105129.parquet,0,Sit-Stand,12.202773,14.187659,Non-Fall
-0.2698851672009592,0.8666711593198027,0.0007535527868734042,-0.4140080011722634,-0.332483439331262,-0.267896658171543,94.583604198832,-0.13060491174428676,-0.3080938337111898,-0.025686619908128597,3445.993031763728,0.633511325257101,1082682.2496003434,1.446848585374253,Standing_Xiaoye_1_1min_20260129_105129.parquet,0,Sit-Stand,13.202749,15.187012,Non-Fall
0.01586274405837909,0.9911666858491212,0.0015288044448412072,-0.25012419352586396,-0.332483439331262,-0.18692525913663413,83.06382700488524,-0.17362833652451842,0.846899291243233,0.6482530947618107,3496.735062897382,0.6448036899847048,1157650.4678411756,1.3344701823354876,Standing_Xiaoye_1_1min_20260129_105129.parquet,0,Sit-Stand,14.202744,16.187288,Non-Fall
0.01586274405837909,0.8827787321886381,0.0013041806919555116,-0.29213950050383414,-0.004336504239249561,-0.23245162984856585,166.90169425304194,0.094099612254835,1.5555332927664118,1.4510008598846462,3473.510324389682,0.6364607117605195,492990.09223639005,1.5914311099316287,Standing_Xiaoye_1_1min_20260129_105129.parquet,0,Sit-Stand,15.202775,17.187289,Non-Fall
-0.3287051892855348,0.7066142601061149,0.0008260564383592232,-0.3958557109044358,0.14753552483296192,0.1767776089052238,298.9026109834512,0.40155629770764034,-0.46966837596229327,-0.672853367631666,3422.8678242211904,0.6303437851247378,4519149.882783468,1.5166083438745335,Standing_Xiaoye_1_1min_20260129_105129.parquet,0,Sit-Stand,16.202755,18.189609,Non-Fall
-0.3287051892855348,0.7178203236857043,0.0006205441669269945,-0.44974462028720535,0.14753552483296192,0.08275178509596288,224.53179042725347,0.23941730567364697,-0.879300325691003,-0.17215312412888906,3425.906247620234,0.6348656967685402,1447743.2686649861,1.1662996620240744,Standing_Xiaoye_1_1min_20260129_105129.parquet,0,Sit-Stand,17.202758,19.188598,Non-Fall
-0.17590615139360077,0.7631982686574287,0.0008534633435991438,-0.3892027677671332,-0.13009153821439756,-0.23667856871674262,78.21466293648646,-0.1926277184680483,0.037355692473699464,2.25084785906296,3416.8935542764493,0.63088017989357,707437.3840124111,1.2456270939442735,Standing_Xiaoye_1_1min_20260129_105129.parquet,0,Sit-Stand,18.202771,20.186972,Non-Fall
0.30219079013111555,0.7151665086120622,0.0025755152570437973,-0.0862320491461512,-0.13009153821439756,-0.24025265610990373,89.10400627969199,-0.15072217092694193,1.7426926591405478,1.6686901316324458,3420.867406859877,0.6407419659108351,721527.830257961,1.4090364816108414,Standing_Xiaoye_1_1min_20260129_105129.parquet,0,Sit-Stand,19.205334,21.187363,Non-Fall
0.30219079013111555,0.7901650379541072,0.0018961908470306365,-0.18758499005921625,-0.1849182314568472,-0.3977438177399271,55.09511807667732,-0.292630369442094,2.5018361304978116,3.751191709533467,3473.247157368668,0.6561620641991002,787135.105512493,1.7799158481075572,Standing_Xiaoye_1_1min_20260129_105129.parquet,0,Sit-Stand,20.202756,22.187456,Non-Fall
-0.34605914222566414,0.8486161154839815,0.0006575909806068344,-0.4394350630862274,-0.23067496947285207,-0.4039308786152513,44.732743918625985,-0.3442996513034001,-0.8821101865751707,0.20939981424283083,3463.2638176914616,0.6356842478114709,360333.07863737375,1.4244594884297617,Standing_Xiaoye_1_1min_20260129_105129.parquet,0,Sit-Stand,21.202741,23.187824,Non-Fall
-0.34605914222566414,0.8803052230611811,0.0007392029647979675,-0.4177027853416654,-0.23067496947285207,-0.3943962193537547,51.51378361731164,-0.30988958932000105,-0.5325765585594527,-0.43240208819959997,3461.2489640892445,0.638074722078379,905813.2816030467,1.7568206385355345,Standing_Xiaoye_1_1min_20260129_105129.parquet,0,Sit-Stand,22.202767,24.187327,Non-Fall
-0.4457505913040982,0.8496437981943621,0.0002359302806291361,-0.5841083962081951,-0.5033124911623438,-0.5831709649127844,21.312807306691912,-0.4900629733594514,-0.048828557691106896,-0.25801481174452734,3449.541113838685,0.6299233361677798,161373.3307566748,1.1971368562280904,Standing_Xiaoye_1_1min_20260129_105129.parquet,0,Sit-Stand,23.20273,25.18713,Non-Fall
-0.5529668978464795,0.7909660608781591,5.4553105258577656e-05,-0.696290595716635,-0.6209450514361653,-0.6943883628157422,9.844808241673485,-0.5941211151809012,-2.1829407060717885,1.8631213658496888,3444.6601454338456,0.6292229552345218,95345.08241737317,1.509438947511909,Standing_Xiaoye_1_1min_20260129_105129.parquet,0,Sit-Stand,24.203521,26.189332,Non-Fall
-0.5519849294984992,0.804961679628413,6.0635921496556366e-05,-0.690650550275971,-0.7643285348902998,-0.7052846411959762,3.124592195112218,-0.6905139600489496,-2.447761082191822,2.663331016355919,3446.1206483719143,0.6278832880583298,86153.68757271362,0.8370403328760782,Standing_Xiaoye_1_1min_20260129_105129.parquet,0,Sit-Stand,25.203579,27.189473,Non-Fall
-0.18869512731771873,0.8895609525283703,0.0007111159814910862,-0.42503990524773116,-0.4564218219409297,-0.5114666205864454,28.646199177633793,-0.43830360192406687,-0.8857414195857837,1.8655722474334833,3459.0025086349283,0.6373054450680216,480223.57407366094,1.7078409796380543,Standing_Xiaoye_1_1min_20260129_105129.parquet,0,Sit-Stand,26.202751,28.187455,Non-Fall
-0.18869512731771873,1.0786276374793216,0.0010458696269846168,-0.3452273607609883,-0.4564218219409297,-0.45293410396699035,26.25526131106742,-0.4543615888241098,-0.9106275836470782,0.3837436663092663,3495.64027246229,0.6310486713588553,297448.9222985539,1.1255227684741322,Standing_Xiaoye_1_1min_20260129_105129.parquet,0,Sit-Stand,27.20273,29.187351,Non-Fall
-0.1425746251140593,0.9748142134015612,0.0005400914873167263,-0.47325100254568253,-0.39169419961929014,-0.3886479474500688,32.69345992184031,-0.4125795749363616,1.1664887157827633,1.6609575778392862,3487.7892576250306,0.6366872397879441,692593.4855589796,1.6306130573949933,Standing_Xiaoye_1_1min_20260129_105129.parquet,0,Sit-Stand,30.487337,32.462773,Non-Fall
-0.4764884967398839,0.9270416167996005,0.0001937269404148498,-0.6043872481367474,-0.39169419961929014,-0.5127611445879164,34.56886253952294,-0.4012016640144834,-1.2268393473344632,-0.061492334674966315,3483.9746674942558,0.6302719412720214,257257.42938099412,1.354198939022693,Standing_Xiaoye_1_1min_20260129_105129.parquet,0,Sit-Stand,31.488378,33.462776,Non-Fall
-0.49659007843796554,1.0239698504218728,6.0015304702177756e-05,-0.691212621055201,-0.7551349162314918,-0.7071858528976707,3.180198437131998,-0.6894121565180824,-0.3531104688161825,-0.44277141470851067,3492.083974339389,0.6276991123712835,87086.11018019433,1.2830382095468709,Standing_Xiaoye_1_1min_20260129_105129.parquet,0,Sit-Stand,34.787311,36.762752,Non-Fall
-0.48420839912210806,0.9474419135412175,0.00011077404020839493,-0.6521308268616607,-0.6730008661570568,-0.6775955327766308,7.40262767783494,-0.6234519168318535,-0.4105384397995805,-0.5110987159483681,3472.4485788962843,0.6279368080765374,87094.53512894631,1.1627231554111968,Standing_Xiaoye_1_1min_20260129_105129.parquet,0,Sit-Stand,35.788721,37.762771,Non-Fall
-0.3175459685564656,1.0277100210431622,0.0004983591567979551,-0.4861364455005613,0.11280116629792161,-0.19218011109278327,181.6593574064596,0.13343534722910874,-0.466531641085407,0.24843860470009865,3512.8271718029205,0.6343473257647215,744886.2062845476,1.2697632005980068,Standing_Xiaoye_1_1min_20260129_105129.parquet,0,Sit-Stand,36.789251,38.762727,Non-Fall
-0.06785020658765901,1.4593432335833265,0.001957178119107599,-0.17781116800286176,0.11280116629792161,0.18325774205725612,117.9078097240371,-0.050878000509335844,-0.5106623736723184,-0.47500256099237487,3632.6509369873875,0.6482158915678078,3132885.3582417024,1.3471107383583025,Standing_Xiaoye_1_1min_20260129_105129.parquet,0,Sit-Stand,37.786919,39.762728,Non-Fall
-0.06785020658765901,1.661151136892117,0.002885293234907348,-0.0445135292746357,-0.19708529197536673,-0.04100832234665063,69.37879087188819,-0.22882887301668178,-1.8578868429025526,0.3376568857965816,3623.844577904616,0.6464861802940849,1352932.1994199103,1.219847359020602,Standing_Xiaoye_1_1min_20260129_105129.parquet,0,Sit-Stand,38.787248,40.762755,Non-Fall
-0.13151873833640454,1.5372402701734826,0.001901677811254445,-0.18669927467347563,-0.37587724189606203,-0.38125724242321635,46.7922018899959,-0.33358883894568286,-2.5002794723194786,1.869234816799193,3616.4561651161844,0.6544971181780839,707293.7291298561,1.393287367827655,Standing_Xiaoye_1_1min_20260129_105129.parquet,0,Sit-Stand,39.787598,41.76273,Non-Fall
-0.24972158638859718,1.473599684899752,0.0008697796250830086,-0.38529269611249073,-0.5460268227670453,-0.5346067753697946,19.796105898831176,-0.5018340924091581,-0.9251917155681825,-0.34371130525212573,3589.381207476064,0.6313743557059454,202448.01423117894,1.1842180400851392,Standing_Xiaoye_1_1min_20260129_105129.parquet,0,Sit-Stand,40.787489,42.762775,Non-Fall
-0.1951937016011603,1.3337207289280235,0.0008526665164563563,-0.38939467440947334,-0.5333261439949599,-0.5567942715299554,16.31796899794171,-0.5306628185177562,-0.976304212209178,-0.3603654804322938,3554.9964472633096,0.6357686787385717,277297.462084609,1.6446704544327653,Standing_Xiaoye_1_1min_20260129_105129.parquet,0,Sit-Stand,41.787144,43.762759,Non-Fall
-0.1951937016011603,1.2687687265278214,0.0009306474662012531,-0.3710203910530065,-0.2119242017071957,-0.4043352193824169,66.29800770249442,-0.24198863579960733,-0.13928993276323573,-0.6168646355045282,3547.8190777013983,0.6364683955680274,677438.7202465095,1.678163110982809,Standing_Xiaoye_1_1min_20260129_105129.parquet,0,Sit-Stand,42.789009,44.762776,Non-Fall
-0.1425746251140593,1.268138567909419,0.0013756997843570077,-0.2783948128733265,-0.2119242017071957,-0.3043378716106487,54.018390964008894,-0.2977587872551049,-1.1057201228002607,0.30951472260048946,3557.222600022049,0.6362312760189466,600994.1475284372,1.264748833383704,Standing_Xiaoye_1_1min_20260129_105129.parquet,0,Sit-Stand,43.787144,45.762749,Non-Fall
-0.1425746251140593,1.182876201452396,0.0012576919463559064,-0.30127682095905006,-0.4484720072656475,-0.34025936154948067,33.26327522066391,-0.4090888123859236,-0.8683244680553701,0.6740506609797391,3528.2266177962124,0.6376417379668495,594494.6785836953,1.2272525358416746,Standing_Xiaoye_1_1min_20260129_105129.parquet,0,Sit-Stand,44.789281,46.762776,Non-Fall
-0.20025470769904147,1.052119341012339,0.00036835803312293587,-0.530189100252165,-0.4484720072656475,-0.4631296398337243,47.276729435601894,-0.33110336890297215,2.074383696690354,2.750646274452399,3498.0058247786037,0.6283796850057761,620996.1629926795,1.7135371533623074,Standing_Xiaoye_1_1min_20260129_105129.parquet,0,Sit-Stand,45.789135,47.762739,Non-Fall
-0.5370878658011351,0.9618894871304173,3.731931745722678e-05,-0.7142567867931724,-0.5624713732813391,-0.6708631198982135,9.57269380980125,-0.5971935118371648,-0.5366019848213144,-1.0163854728696033,3479.869336248832,0.62809709846191,112770.13576263966,0.9724414907500966,Standing_Xiaoye_1_1min_20260129_105129.parquet,0,Sit-Stand,46.788623,48.762755,Non-Fall
-0.5347406257506185,0.9693580295209706,3.27479495972734e-05,-0.7196924425605639,-0.7245365959214473,-0.6752936321901811,3.4878408909067584,-0.6834832505289961,-0.63160951680274,-0.9343974694548195,3480.249282052671,0.628015887232046,118395.60741073189,1.148848463445871,Standing_Xiaoye_1_1min_20260129_105129.parquet,0,Sit-Stand,47.789566,49.762773,Non-Fall
-0.6270973458337876,-0.3161400230395171,9.419799548729484e-05,-0.6636579630911689,-0.47821794539735557,-0.5670538268526539,27.39271788660718,-0.4466348848184511,-0.1054674076150246,-0.09207767129280203,3193.7477199581667,0.6272874846532063,97898.48902246408,0.5223990826175275,Standing_Xiaoye_1_20sek_20260202_095036.parquet,0,Sit-Stand,3.60463,5.578422,Non-Fall
-0.6270973458337876,-0.44283207798048885,0.00022821367871416604,-0.587671649291109,-0.43607689238459363,-0.4472922140521984,44.664204742417695,-0.34466030408845116,-0.7587359929067654,-0.09484381214682079,3173.6118624588835,0.6292182504192084,731334.5233347967,1.5216375614320625,Standing_Xiaoye_1_20sek_20260202_095036.parquet,0,Sit-Stand,4.60289,6.578428,Non-Fall
-0.6345054716769889,-0.5092460329399432,0.00019598140413609153,-0.6032511727966744,-0.43607689238459363,-0.4854979663830279,36.53159786411001,-0.3896197952693638,-0.8236835547037794,0.0961074111187516,3149.225180138933,0.6279927513070197,322417.0093557122,1.6018478368278954,Standing_Xiaoye_1_20sek_20260202_095036.parquet,0,Sit-Stand,5.602568,7.578432,Non-Fall
-0.644136420986215,-0.4324561090176936,0.00011856995213728824,-0.6470090823365935,0.07990258574465214,-0.4581823343000569,128.48462818619643,-0.017346484225168164,0.15961207204764816,-0.12960479445533724,3164.4804477592115,0.6264042149501601,180926.98445690074,0.9218525302944544,Standing_Xiaoye_1_20sek_20260202_095036.parquet,0,Sit-Stand,6.605469,8.578416,Non-Fall
-0.5936305676404441,-0.4189900636742719,0.00019962365589446744,-0.6014294782332569,0.07990258574465214,-0.18797143713615885,179.16759842391016,0.12690898972437356,0.31102241976448186,-0.16286131742931062,3172.022416803725,0.628420547693821,2325830.59616038,1.9355888646853048,Standing_Xiaoye_1_20sek_20260202_095036.parquet,0,Sit-Stand,7.603811,9.578394,Non-Fall
0.26696359109475115,1.242243824213815,0.0015649985417148806,-0.24365081853943835,-0.0712008050283276,-0.07097711224369692,149.97036948927317,0.04676096453562519,2.710022832515708,3.8612206669618954,3555.2875955888385,0.65401120243413,1269166.5710533466,1.1634165991227379,Standing_Xiaoye_1_2min_20260129_105252.parquet,0,Sit-Stand,0.201586,2.176641,Non-Fall
-0.34905182587221145,1.2096930429521706,0.00036225588400756433,-0.5324349182118266,-0.6013146397635059,-0.5439829289108462,15.322014348771,-0.5394730430343797,-1.0323986417517037,-0.16045683295096344,3547.960021845775,0.6312643625447137,276601.1473754701,1.3334055899142492,Standing_Xiaoye_1_2min_20260129_105252.parquet,0,Sit-Stand,1.203727,3.176643,Non-Fall
-0.410297786345973,1.2648763646402514,0.00014838255274557624,-0.6288290342934126,-0.6913852872951266,-0.6480952225839978,5.12614347256621,-0.6555838620612607,-0.00832765104605374,-0.4118137577831808,3542.5561646043607,0.6287371001776327,180198.74248516696,1.1668920711618984,Standing_Xiaoye_1_2min_20260129_105252.parquet,0,Sit-Stand,2.20136,4.176643,Non-Fall
-0.4689753113340416,1.1684729522285653,0.00013001112604285524,-0.6397883114879774,-0.6874462484457086,-0.6260499173467865,5.008851373966464,-0.6574169191371172,-1.3502711568195087,-0.1570131081506753,3533.4713951339436,0.6292290853473448,125148.5283635921,0.8366486763462166,Standing_Xiaoye_1_2min_20260129_105252.parquet,0,Sit-Stand,3.203261,5.176641,Non-Fall
-0.33765335056744816,1.0870004198458079,0.0004804462337384118,-0.49183242458651055,0.12949135008631826,-0.17651652031095397,161.52797663985857,0.07934662699102922,-0.3407564828573621,-0.27750957408318094,3520.139123304275,0.6350715319464778,1127426.1986915981,1.2907983840737252,Standing_Xiaoye_1_2min_20260129_105252.parquet,0,Sit-Stand,4.203648,6.176598,Non-Fall
-0.33765335056744816,0.782013124058359,0.0007018009409731588,-0.4275051537993371,0.3942368400467441,0.6229130738342431,298.04731928607566,0.39981466272006144,0.13795463183528064,-0.675962559170035,3411.8343024872265,0.6291606206525315,3742249.2458879696,0.9882859341319461,Standing_Xiaoye_1_2min_20260129_105252.parquet,0,Sit-Stand,5.201318,7.176603,Non-Fall
-0.2798176865941761,0.7452951400220478,0.0007935468755685582,-0.40389209330914133,0.3942368400467441,0.8577791935806829,333.3308623772527,0.469703668814503,0.6885082853926936,-0.2516364632510209,3432.4785036599524,0.6304308386613006,7353051.922660458,1.2163409239373868,Standing_Xiaoye_1_2min_20260129_105252.parquet,0,Sit-Stand,6.201406,8.176646,Non-Fall
-0.31012242395094824,1.190162757861769,0.00028071280167835686,-0.5644904211052366,-0.40731409398820145,-0.4857300330105631,43.377638357246624,-0.3514822921765288,1.2595481492034275,0.5595510682732728,3517.9595516310465,0.6288311853412827,345866.8621846637,1.2790273293127707,Standing_Xiaoye_1_2min_20260129_105252.parquet,0,Sit-Stand,9.201412,11.176617,Non-Fall
-0.522439507292098,0.9812491388665752,7.065807995192701e-05,-0.6819431651405401,-0.40731409398820145,-0.5472312629703284,49.23984109493199,-0.32116126610429674,-1.6268447834468462,0.13088389924313915,3484.0394274445794,0.6287404648664976,353786.1520875403,1.5044130093615087,Standing_Xiaoye_1_2min_20260129_105252.parquet,0,Sit-Stand,10.203712,12.176629,Non-Fall
-0.5415904896678413,0.9314070781768448,3.056705063032756e-05,-0.7224194014872141,-0.7977198276568657,-0.7184669858095445,1.3608418821008315,-0.732807466047727,-0.48701858578759,-0.5378839285683181,3471.8240745882067,0.6278216926297764,90251.006430802,0.9260406565087086,Standing_Xiaoye_1_2min_20260129_105252.parquet,0,Sit-Stand,11.201796,13.176659,Non-Fall
-0.5037650980515731,0.9300595321901566,3.452159890017743e-05,-0.7175410078903226,-0.806420456969597,-0.710614940829269,0.941648247325325,-0.7466097102110346,0.37640126198356,0.22494537108531693,3471.083797957127,0.6274359722689857,82233.88113892253,0.837784579867455,Standing_Xiaoye_1_2min_20260129_105252.parquet,0,Sit-Stand,12.201432,14.176603,Non-Fall
-0.5037650980515731,0.925507980999922,3.8951105832243265e-05,-0.7123979445752149,-0.7569099131022997,-0.6856938794059755,2.536385601309034,-0.7028303767887607,0.5585703562160202,-0.00579506511043816,3471.990371646867,0.6278845814681069,97343.11504049238,0.9259539020426657,Standing_Xiaoye_1_2min_20260129_105252.parquet,0,Sit-Stand,13.203656,15.176643,Non-Fall
-0.5415904896678413,0.9390389849730637,3.7694561036310246e-05,-0.7138257883161909,-0.6522602251884755,-0.6145801413112311,11.214961939601642,-0.5792588723800625,0.28262932588489975,-0.8401824644016641,3473.4339937316395,0.6277908197818178,193835.95593914975,1.0734664082557877,Standing_Xiaoye_1_2min_20260129_105252.parquet,0,Sit-Stand,14.201374,16.176646,Non-Fall
-0.5415904896678413,0.9056756398761808,4.248786398697289e-05,-0.7084983127671495,-0.6522602251884755,-0.5668453932830796,14.165404588230876,-0.5500720155959499,-0.05384843444722601,-0.8785751853321292,3462.2105040896868,0.6272353643003231,157490.4705534002,0.9944909004394695,Standing_Xiaoye_1_2min_20260129_105252.parquet,0,Sit-Stand,15.201376,17.176646,Non-Fall
-0.5527704853557638,0.8740346219503586,3.3422762706555275e-05,-0.7188671875500267,-0.6722848684648731,-0.5792485381850113,6.208249965553491,-0.6395743131225687,-0.2888947196286098,-0.7962823924808684,3463.8025755104654,0.628120937772923,270202.06801825727,1.083217044389177,Standing_Xiaoye_1_2min_20260129_105252.parquet,0,Sit-Stand,16.203033,18.176629,Non-Fall
-0.5453137725980025,0.8818887814779639,3.283643136653221e-05,-0.7195837535581117,-0.7532626511763384,-0.643831971940001,3.3639436570751315,-0.685838241463774,-0.5293378173412815,-0.6632798417070779,3462.1668001018024,0.6278718260326022,125158.23058114709,0.9511301426407865,Standing_Xiaoye_1_2min_20260129_105252.parquet,0,Sit-Stand,17.203322,19.176619,Non-Fall
-0.5318084564000748,0.8810219782185881,3.596492128582647e-05,-0.7158307366393877,-0.6716079213590627,-0.6421220037848442,8.364541954467438,-0.6113939645920565,0.006634502811014163,-0.5352400527263645,3461.491110216663,0.6279384638994506,151751.95253049998,1.0061351189580574,Standing_Xiaoye_1_2min_20260129_105252.parquet,0,Sit-Stand,18.203144,20.176619,Non-Fall
-0.5318084564000748,0.8542530058115995,5.24409849587991e-05,-0.6983219787992144,-0.6716079213590627,-0.6282685687105589,9.664517469944307,-0.5961519225479296,-0.5516099190875645,-0.4296192157512276,3453.5694346163364,0.6273921077098061,148064.95212119963,1.2496164371911385,Standing_Xiaoye_1_2min_20260129_105252.parquet,0,Sit-Stand,19.202756,21.176611,Non-Fall
-0.126356708793726,0.9433218170421179,0.0026698796850100383,-0.07327014802338577,-0.15014243221476148,-0.40005537928874546,57.55888775599733,-0.2810808348780064,-1.3216965656970574,-0.2427710659865975,3477.3276776135676,0.6453702755267142,390540.2420155626,1.6604082027988494,Standing_Xiaoye_1_2min_20260129_105252.parquet,0,Sit-Stand,23.601592,25.576603,Non-Fall
-0.2564935566445766,0.7341250669748486,0.00132035542097009,-0.2889986684346466,-0.45486956788833766,-0.4793761837739636,32.711066165076865,-0.4124712634474983,-0.7769210060927612,-0.5912391479423253,3421.806235307662,0.6373759631273177,378824.2486134198,1.6569807749983974,Standing_Xiaoye_1_2min_20260129_105252.parquet,0,Sit-Stand,24.601135,26.576614,Non-Fall
-0.09427065835830682,0.7445076165840183,0.00157622078572493,-0.24165893846276454,-0.06986465422243031,-0.29373216749499514,81.94174333978555,-0.17797434104456777,0.2006089967834771,-0.0837556851091604,3441.200192076869,0.6441786889118749,1344255.81372696,1.900514247463402,Standing_Xiaoye_1_2min_20260129_105252.parquet,0,Sit-Stand,25.60104,27.576612,Non-Fall
-0.09427065835830682,0.9035179994397539,0.0007117982367174115,-0.4248599811050687,-0.06986465422243031,-0.39752964354110243,82.01151042088051,-0.17770325805333922,2.3179426629605717,2.5397772606082674,3480.4559480598714,0.6315438284151073,393344.2659972664,1.0824675129605412,Standing_Xiaoye_1_2min_20260129_105252.parquet,0,Sit-Stand,26.601549,28.576614,Non-Fall
-0.496783834963571,0.8102516320688875,8.682410636996039e-05,-0.6691111810234531,-0.5671789931557517,-0.5546316085272929,16.200141861591543,-0.5316908232356071,-0.36297352383170856,-0.4367291621773316,3437.403547539357,0.6286212339298557,242766.64509248303,1.279207665046478,Standing_Xiaoye_1_2min_20260129_105252.parquet,0,Sit-Stand,27.603234,29.576643,Non-Fall
-0.538849175007579,0.8434089528363623,6.338615271342081e-05,-0.6881937020405384,-0.5671789931557517,-0.5632225669558468,15.36570945669557,-0.539080612931776,-1.4225903919940273,-0.1278821445170869,3449.4049057397838,0.6281078194568046,230714.62626832532,0.8594859100184753,Standing_Xiaoye_1_2min_20260129_105252.parquet,0,Sit-Stand,28.601366,30.576626,Non-Fall
-0.5527704853557638,0.8933663558747751,2.8231608968429283e-05,-0.7254498221810173,-0.762502877471096,-0.6732154254517052,1.6183380040085682,-0.7253782883937213,-0.7446450556579007,-0.5015857638023108,3464.7091562707024,0.6277393956553872,104663.7366920947,0.7392326689918242,Standing_Xiaoye_1_2min_20260129_105252.parquet,0,Sit-Stand,29.601216,31.576646,Non-Fall
-0.5294642227069806,0.9151010766166219,3.470273084735323e-05,-0.7173244380553782,-0.6789494859066455,-0.6647492843452036,3.74625828009055,-0.6787023408593433,-0.07460832188705911,-0.6768081985584248,3468.791843877786,0.6277969713064075,96693.850274643,0.7747393022299928,Standing_Xiaoye_1_2min_20260129_105252.parquet,0,Sit-Stand,30.60187,32.576646,Non-Fall
-0.5294642227069806,0.9042242784318765,3.421565273186914e-05,-0.7179081058155443,-0.6789494859066455,-0.6731602413161321,4.391448941070085,-0.667440981426852,-0.23587874587665067,-0.5605626464636616,3465.95457064359,0.6278681845993578,123161.81131367243,1.178120968033775,Standing_Xiaoye_1_2min_20260129_105252.parquet,0,Sit-Stand,31.602751,33.576603,Non-Fall
-0.5020186811076119,0.8412830441083701,0.00010632121654481889,-0.6551373537295353,-0.6714346088529947,-0.651556709551282,8.736238177627705,-0.6069218022101627,-0.7409379234389943,-0.35093772031357334,3455.2030596280574,0.6287301962783487,214377.6302738039,1.446339656466436,Standing_Xiaoye_1_2min_20260129_105252.parquet,0,Sit-Stand,35.103344,37.076625,Non-Fall
-0.5279021406384786,0.8530559639270996,4.826353216726765e-05,-0.7024640014428308,-0.6714346088529947,-0.6284092670678553,7.209413767328313,-0.6259667209394939,0.018270283489497375,-0.5550803571372486,3449.1928082056534,0.627399807375002,118585.5223143461,0.9474320865467547,Standing_Xiaoye_1_2min_20260129_105252.parquet,0,Sit-Stand,36.102803,38.076619,Non-Fall
-0.5451177261723178,0.8451392098814924,4.0487206447126295e-05,-0.7106833680309123,-0.6888727252711563,-0.6357110170271382,6.847681425183316,-0.630767229301498,-0.6267104150494189,-0.8085378925004587,3452.6034116650258,0.6274824826898172,136499.9291769611,1.058551170623906,Standing_Xiaoye_1_2min_20260129_105252.parquet,0,Sit-Stand,37.103357,39.076606,Non-Fall
-0.5451177261723178,0.8575307540326663,4.0592901581188924e-05,-0.7105665984168994,-0.6888727252711563,-0.655744957178565,7.990358898409707,-0.6159975934899704,-0.7662152673819991,-0.6311975783027228,3456.4807809072563,0.6274070627316858,170275.56915132893,1.3062484237606191,Standing_Xiaoye_1_2min_20260129_105252.parquet,0,Sit-Stand,38.101411,40.076629,Non-Fall
-0.5451177261723178,0.8484630670011684,3.466721253136962e-05,-0.7173668607869036,-0.7173128224679636,-0.6565292535794341,8.568606401757481,-0.6089266865084076,-0.5410078431884381,-0.5917486486310329,3449.624351251278,0.6270755629354312,73723.00617878346,0.8105001024383803,Standing_Xiaoye_1_2min_20260129_105252.parquet,0,Sit-Stand,39.101712,41.076621,Non-Fall
-0.5074543952711401,0.8385903274826199,6.155179910069479e-05,-0.6898263009024174,-0.7173128224679636,-0.6367345598601246,7.912114519793684,-0.6169737823490717,0.11229174858449106,-0.38651824436271626,3454.696499072575,0.6285076938095813,192151.8982700287,1.2210871809325419,Standing_Xiaoye_1_2min_20260129_105252.parquet,0,Sit-Stand,40.101382,42.076637,Non-Fall
-0.5074543952711401,0.8645314223109771,5.950426099548251e-05,-0.6916776408622106,-0.7475015575105947,-0.6730872902579792,3.1868465359397424,-0.6892810753532881,-0.08016240909241036,-0.37953574948629976,3455.7465508538353,0.6270612699313407,126233.11731910576,0.9400667972423659,Standing_Xiaoye_1_2min_20260129_105252.parquet,0,Sit-Stand,41.10337,43.076645,Non-Fall
-0.5318084564000748,0.8597675786116119,3.127913504593453e-05,-0.7215186310262462,-0.7842065954984416,-0.6920867851207175,1.9106930433288083,-0.7176288880063052,0.08221622235731407,-0.3745181446151586,3461.961455053509,0.6285480012469198,86992.40991434848,0.7423310050380487,Standing_Xiaoye_1_2min_20260129_105252.parquet,0,Sit-Stand,42.10336,44.076614,Non-Fall
-0.5318084564000748,0.8095886376298871,3.441894315767896e-05,-0.7176640001950609,-0.798596364066039,-0.7062690931768048,2.1782840170407733,-0.7110415687082082,0.20898134679204203,-0.31543828577040794,3443.2608600227563,0.6276430870239247,71719.68743536988,0.9632313464365142,Standing_Xiaoye_1_2min_20260129_105252.parquet,0,Sit-Stand,43.103657,45.076629,Non-Fall
-0.5553245823571148,0.7924826507405447,3.688945380099713e-05,-0.7147531925933668,-0.69088023976481,-0.6333024197211374,8.367493502969388,-0.6113580651859725,-0.30384538926122806,-0.8239808275608745,3442.9119199195607,0.6280535092501008,125358.37799003038,0.8017287382514819,Standing_Xiaoye_1_2min_20260129_105252.parquet,0,Sit-Stand,44.101796,46.076641,Non-Fall
-0.5318084564000748,0.8353404201536233,3.84352349072965e-05,-0.7129813134122119,-0.69088023976481,-0.6114051465658341,7.1894095739335695,-0.6262290034750803,-0.3651438996438794,-0.6118196605025433,3451.0480178095886,0.628206415742282,222752.01181802645,1.0804373436522188,Standing_Xiaoye_1_2min_20260129_105252.parquet,0,Sit-Stand,45.101724,47.076622,Non-Fall
-0.5318084564000748,0.8607222186138921,4.740478768889303e-05,-0.7033374074530795,-0.7427388050172377,-0.6774776469529241,3.0567491188530886,-0.6918715932043457,-0.282453188940605,-0.6883123938429557,3456.3400600130185,0.6283024761674176,107745.60914755802,0.9907088733883028,Standing_Xiaoye_1_2min_20260129_105252.parquet,0,Sit-Stand,46.101401,48.076645,Non-Fall
-0.5451177261723178,0.8595791955405624,4.768616104307505e-05,-0.7030503652394482,-0.7427388050172377,-0.6766387615023338,2.41465447935823,-0.7055524384229421,-0.14771519051353385,-0.9535323641427998,3457.864173445875,0.6285292711807567,120014.45625070145,1.2209719702885877,Standing_Xiaoye_1_2min_20260129_105252.parquet,0,Sit-Stand,47.103689,49.076641,Non-Fall
-0.5594537989967355,0.8678990977034163,3.466005783167232e-05,-0.7173754089200428,-0.7446233590329707,-0.70410967020332,1.7798755074472148,-0.7210173240502082,-0.12479369751853904,-1.088068559485212,3458.1407585200245,0.627667143011901,80919.22675339265,0.7685933214929263,Standing_Xiaoye_1_2min_20260129_105252.parquet,0,Sit-Stand,48.103329,50.076628,Non-Fall
-0.5553245823571148,0.828422438185688,3.5647552320302144e-05,-0.7162038176140287,-0.6588361291996638,-0.6130122199517793,10.85823382551735,-0.5830365999564147,-0.5220780785215883,-0.6899227141955772,3446.24081780655,0.627214277295986,230172.89969351978,1.3401866253216264,Standing_Xiaoye_1_2min_20260129_105252.parquet,0,Sit-Stand,49.103318,51.0766,Non-Fall
-0.5679218898090314,0.7499491254819559,3.1145291607763246e-05,-0.7216871512280342,-0.6839536097325537,-0.6301175405865471,4.8447848907305096,-0.6600173683916798,-0.7499311428790648,-0.21878902660012986,3436.6848089475425,0.6284245179717193,137686.8331040255,0.7686297734550348,Standing_Xiaoye_1_2min_20260129_105252.parquet,0,Sit-Stand,52.101292,54.0766,Non-Fall
-0.5620120701652155,0.791257904320432,2.5374812257999676e-05,-0.729332730970115,-0.7915707846580257,-0.6940406928169661,0.6251625256642448,-0.7592543723864836,-0.20768397118086332,-0.2631419403090714,3443.6123628446862,0.6278942988094646,79059.05998578723,0.6334257831438785,Standing_Xiaoye_1_2min_20260129_105252.parquet,0,Sit-Stand,53.101247,55.076625,Non-Fall
-0.5620120701652155,0.7727240399090939,2.3954358871576646e-05,-0.731344842373928,-0.8189389135310094,-0.7108478279910212,0.3412436441194578,-0.7737845560801877,-0.062108298361377184,-0.29531767680043336,3436.793893069587,0.6277503115580984,77598.71294236535,0.7388934733716938,Standing_Xiaoye_1_2min_20260129_105252.parquet,0,Sit-Stand,54.103425,56.0766,Non-Fall
-0.5620120701652155,0.7728351566667304,3.2656743630789786e-05,-0.7198046316999782,-0.7957897444223766,-0.7162250825693723,1.1182439593755007,-0.7404824019443588,-0.3094344290365028,-0.5479187237709505,3438.2307308847103,0.6281288632218295,86801.03289835203,0.9096209053445803,Standing_Xiaoye_1_2min_20260129_105252.parquet,0,Sit-Stand,55.101339,57.076626,Non-Fall
-0.5620120701652155,0.7749996200831554,4.449992153207165e-05,-0.7063521026999264,-0.72226195984339,-0.672595223330699,4.3847189937925934,-0.6675540055007763,-0.959106074358095,-0.7326191121935124,3432.8640252674095,0.6273666150209368,120602.09451145664,1.2572944229529017,Standing_Xiaoye_1_2min_20260129_105252.parquet,0,Sit-Stand,56.103635,58.076643,Non-Fall
-0.5693020788203467,0.7554142303200452,3.8457820075319326e-05,-0.7129556914910611,-0.72226195984339,-0.6660940948981722,3.364503615269152,-0.6858275013247329,-1.0247833422085457,-0.6098156029803605,3439.339996541087,0.6287590089096804,98239.44068396353,0.6795950935886876,Standing_Xiaoye_1_2min_20260129_105252.parquet,0,Sit-Stand,57.103765,59.076643,Non-Fall
-0.5693020788203467,0.7524003849489296,3.127134518693991e-05,-0.721528429223786,-0.8196130828951718,-0.7103034140125503,0.4057353253295499,-0.7700686303267933,-0.2224136203952587,-0.512549633913242,3431.234362805062,0.6275586919950611,79070.4514992771,0.7342304715677094,Standing_Xiaoye_1_2min_20260129_105252.parquet,0,Sit-Stand,58.101121,60.076605,Non-Fall
-0.4217017068164584,0.7494176476808186,0.00019802400863045268,-0.6022274872633849,-0.5134049508325232,-0.591493271289215,24.493503947706735,-0.4666674081509206,-1.8711619834792979,2.8978913647616458,3429.8882786803183,0.6268038105115151,142710.0042669954,1.0419213418343711,Standing_Xiaoye_1_2min_20260129_105252.parquet,0,Sit-Stand,59.103279,61.076625,Non-Fall
-0.3548560822966042,0.6611498304245824,0.0004843174723628604,-0.49059256571042203,-0.43659481823956614,-0.3715732465427727,53.56375035827315,-0.2999395620798292,0.06719428241132584,-0.05196943411943574,3396.221462841479,0.6292019312482714,490508.85759885167,1.2335836240388576,Standing_Xiaoye_1_2min_20260129_105252.parquet,0,Sit-Stand,60.101501,62.076614,Non-Fall
-0.2093065603690294,0.6320688910451412,0.0006003844398966222,-0.45548428115519374,-0.3280852638296847,-0.30581136057105623,61.75817141706057,-0.26195136473872466,1.750921303770556,1.3338467668729477,3430.412802733878,0.6406513310542303,1286989.9822611476,1.435908861795324,Standing_Xiaoye_1_2min_20260129_105252.parquet,0,Sit-Stand,61.103745,63.076608,Non-Fall
-0.4874936916992809,0.4323902700970044,0.00018482161916326008,-0.6089408049486287,-0.5510124562412949,-0.5740003802758497,25.6763049392931,-0.4583587218396909,0.9586511912995193,0.6839234041625792,3352.1367696353095,0.6271191088579375,259538.41272501455,1.406774620433985,Standing_Xiaoye_1_2min_20260129_105252.parquet,0,Sit-Stand,65.202606,67.176606,Non-Fall
-0.46724341517778006,0.553794852507561,0.00024600801707668916,-0.5795414811280964,-0.5510124562412949,-0.4298842612302428,20.850104366063405,-0.4936082916102932,0.3462022307703786,-0.15438621508677222,3400.2464838740543,0.632065394831216,530244.9922733393,1.1966157782648503,Standing_Xiaoye_1_2min_20260129_105252.parquet,0,Sit-Stand,66.203361,68.176637,Non-Fall
-0.46724341517778006,0.672675320408484,0.0001599823143472434,-0.6222566129953802,-0.3985672564588528,-0.4090970932584407,40.97772357342984,-0.3644838428740268,0.5150368351679955,0.07728979482024917,3414.1458245430917,0.6276465056197346,339384.21183004795,0.8974672113524083,Standing_Xiaoye_1_2min_20260129_105252.parquet,0,Sit-Stand,67.202764,69.176637,Non-Fall
-0.11782557520431979,0.7706366123343575,0.0009400416850503321,-0.36885969764807286,-0.3985672564588528,-0.29985918105859627,39.084504909611375,-0.3750114344539188,2.9295535096041623,2.776866973318314,3389.812767763873,0.6240862655462679,904622.9967657487,1.142488634537186,Standing_Xiaoye_1_2min_20260129_105252.parquet,0,Sit-Stand,68.204078,70.176637,Non-Fall
-0.11782557520431979,0.76751044253949,0.0011273287876745516,-0.3278414088894239,-0.5332613053989042,-0.3636118483246284,26.515448361027634,-0.4525796111634288,2.2728205014062794,1.4361996409670512,3491.2306186056676,0.6510939574917214,639237.7561139291,1.1437673416975045,Standing_Xiaoye_1_2min_20260129_105252.parquet,0,Sit-Stand,69.200946,71.176646,Non-Fall
-0.35579298717935026,0.6831630076710452,0.0006123242877246568,-0.4520734696399504,-0.521102162316715,-0.4177724577566165,20.42775537966318,-0.4968789130563514,0.8353978143845631,-0.6668834303693042,3418.9120283015613,0.6329162067051165,334655.81362989394,1.1224932676272514,Standing_Xiaoye_1_2min_20260129_105252.parquet,0,Sit-Stand,70.203274,72.176598,Non-Fall
-0.35579298717935026,0.704000937807796,0.000433310642928772,-0.5073495097034646,-0.4752966246135261,-0.5030250343180812,34.17351899664346,-0.4035739982943341,0.8402519646836075,-0.22623889598154467,3423.8842155061534,0.631522131783434,510730.45289103873,1.4629956343610813,Standing_Xiaoye_1_2min_20260129_105252.parquet,0,Sit-Stand,71.20182,73.1766,Non-Fall
-0.4436456095793696,0.6938044101359627,0.00014536220528908893,-0.6305821456425342,-0.4752966246135261,-0.650157896133315,15.126423191029728,-0.5412365642044947,0.30857054937123163,-0.08702826075972903,3411.3067479893493,0.6282054738452799,81576.64875873216,0.9597426293774631,Standing_Xiaoye_1_2min_20260129_105252.parquet,0,Sit-Stand,72.201334,74.176619,Non-Fall
-0.5279021406384795,0.6675644085811951,7.352285326704607e-05,-0.6795696626087548,-0.7195800601916921,-0.6368727357609061,2.7284534822988284,-0.6986650775651869,-0.08410931635717901,-0.49435320056314763,3409.338509141276,0.62867990012215,139800.32562015697,0.9435155637549331,Standing_Xiaoye_1_2min_20260129_105252.parquet,0,Sit-Stand,73.203758,75.176628,Non-Fall
-0.12635670879372513,0.7931906621616907,0.0006903603599097116,-0.4305554280468705,0.25406566140291936,-0.3951639295895225,86.30473093007329,-0.16123804947303974,1.4422340177973938,2.160807849411205,3430.312929748444,0.6281010935836043,356685.70362325624,1.0264545422194875,Standing_Xiaoye_1_2min_20260129_105252.parquet,0,Sit-Stand,74.2018,76.1766,Non-Fall
-0.12635670879372513,0.8719017643578115,0.0009279545959193715,-0.3716417667423264,0.25406566140291936,-0.21115791381277654,68.82802000074462,-0.23115974718380933,0.4387184295584077,0.42847402639808163,3465.334450485057,0.6392407676544185,1498543.7217930583,1.650879412413299,Standing_Xiaoye_1_2min_20260129_105252.parquet,0,Sit-Stand,75.20134,77.176603,Non-Fall
-0.38531646517916823,0.9125372150676111,0.0004328564742490815,-0.5075030238023568,-0.3850846348604122,-0.48332248628525315,37.43306688207618,-0.3844047456006584,-0.4909937394855676,-0.35137039830445377,3489.1393072732435,0.6320046066053602,313563.7990957788,1.2555618860255875,Standing_Xiaoye_1_2min_20260129_105252.parquet,0,Sit-Stand,76.20333,78.176645,Non-Fall
-0.2842393908069903,0.9683230027294687,0.0004461565658485125,-0.5030402865279839,-0.38053662648991693,-0.5041889286578788,35.86116746144342,-0.39354012412498285,0.48799936138727595,0.24097515813109766,3475.703287228186,0.6310126558366969,396872.3919983743,1.9770168695694563,Standing_Xiaoye_1_2min_20260129_105252.parquet,0,Sit-Stand,77.203608,79.176597,Non-Fall
-0.2842393908069903,0.876654387467067,0.0003337957737783671,-0.5431683493504181,-0.38053662648991693,-0.4208758824760484,30.069770900995632,-0.4290599224754194,1.1263046758902737,1.6511222386255917,3450.973901348162,0.6278902287495691,551977.0893383961,1.2433821616987648,Standing_Xiaoye_1_2min_20260129_105252.parquet,0,Sit-Stand,78.204382,80.176603,Non-Fall
-0.2311066342359671,0.7971324898358931,0.001567291776804253,-0.24324320413657563,0.0470601158666531,-0.2487986671091006,111.39408185525767,-0.07228133001599264,-1.479833523216414,1.281809568446929,3430.045885399104,0.6506107412862167,1571355.1088140614,2.3389899516385944,Standing_Xiaoye_1_2min_20260129_105252.parquet,0,Sit-Stand,80.203357,82.176641,Non-Fall
-0.2311066342359671,0.7968551962070788,0.0006925174190922415,-0.4299783929730058,-0.4765558101445203,-0.41633836339997876,33.16355680702766,-0.4096975293971181,-0.49985643906318983,1.0971950308248044,3447.3159742770995,0.6312487470710763,363838.62745391345,1.2601349708670326,Standing_Xiaoye_1_2min_20260129_105252.parquet,0,Sit-Stand,81.201333,83.176598,Non-Fall
-0.40915908036582,0.9181208685010188,0.00017445046384816323,-0.6143844847492335,-0.4765558101445203,-0.5948166749888433,31.09796226482815,-0.42251898759863293,0.07804783096927563,0.2464710227998954,3478.704213293369,0.6334427809666301,356134.00690828444,2.013288270257565,Standing_Xiaoye_1_2min_20260129_105252.parquet,0,Sit-Stand,82.203782,84.176645,Non-Fall
-0.5304408246848862,0.9115116372007523,6.051623745955261e-05,-0.6907587192278616,-0.7914537091635229,-0.7386500430677001,2.699185450881472,-0.6992901082552867,-0.648511461285049,-0.5097947097377881,3470.86408058606,0.6289643548932078,64013.53471020764,0.9797313954393868,Standing_Xiaoye_1_2min_20260129_105252.parquet,0,Sit-Stand,83.203135,85.176598,Non-Fall
-0.5323947232861719,0.8642764373533376,4.4300302511587834e-05,-0.7065628330465651,-0.7934530137835938,-0.713310244150765,2.314169873722662,-0.7078515454215317,-0.2726405785685194,-0.6834427649809394,3453.675702424323,0.627646243094898,98536.54196192954,1.0040457002354355,Standing_Xiaoye_1_2min_20260129_105252.parquet,0,Sit-Stand,84.203313,86.176625,Non-Fall
-0.5323947232861719,0.8783648621603758,4.107774730828551e-05,-0.7100328895716345,-0.7934530137835938,-0.6715639611168682,0.8544844807311843,-0.7498464401243298,-0.12153231261376758,-0.5276033522537761,3462.3582562562615,0.6288627167729579,104146.74628106305,0.7953374143332065,Standing_Xiaoye_1_2min_20260129_105252.parquet,0,Sit-Stand,85.203964,87.176626,Non-Fall
-0.5323947232861719,0.9019021579570196,2.7366950967584896e-05,-0.7266034285407754,-0.7968709196504542,-0.6873838797065229,0.6875214221909246,-0.7565457237414539,-0.35185306534217486,-0.5276081445785489,3465.1510866341528,0.6279693757281363,94035.84645870942,0.7092184900572723,Standing_Xiaoye_1_2min_20260129_105252.parquet,0,Sit-Stand,86.20272,88.176614,Non-Fall
-0.5323947232861719,0.882834757067488,4.54880930532016e-05,-0.7053158194875353,-0.7681554175225414,-0.705507521129068,1.5099816629257439,-0.7284267143740865,-0.2958478379568852,-0.6113381433219788,3460.4579120989674,0.6281176225922146,73440.37431554118,0.7987562909297955,Standing_Xiaoye_1_2min_20260129_105252.parquet,0,Sit-Stand,87.203284,89.176646,Non-Fall
-0.49891575343382527,0.9097105529904758,7.43325305307035e-05,-0.6789072525503337,-0.708469173506085,-0.6725041562349917,4.4006242091349455,-0.6672870295810974,-0.4171203562841559,-0.13355019341314128,3470.861248898549,0.6297357397756744,149535.16392574218,1.2570611001793226,Standing_Xiaoye_1_2min_20260129_105252.parquet,0,Sit-Stand,88.201065,90.176627,Non-Fall
-0.49891575343382527,0.9607304243199628,5.390729171548864e-05,-0.6969074824008001,-0.708469173506085,-0.6753180156705735,3.503075237759822,-0.683196589419735,-0.7847374325595111,0.912509991518874,3484.8601870197795,0.6288526789228936,87629.26330552342,0.7443161123603644,Standing_Xiaoye_1_2min_20260129_105252.parquet,0,Sit-Stand,89.201012,91.176606,Non-Fall
-0.46416625740365147,0.93818154868158,0.00012531027572724624,-0.6427150446938554,-0.6336415113996139,-0.5784899334962731,11.151258185928052,-0.5799290360678347,0.5188116671843331,-0.27538625871918126,3471.850082129765,0.6284741412107981,170050.68878788146,1.0252932158444317,Standing_Xiaoye_1_2min_20260129_105252.parquet,0,Sit-Stand,92.200893,94.176663,Non-Fall
-0.5435496915922738,0.8519700840344823,4.376366438608018e-05,-0.7071317073742643,-0.7770002944286426,-0.6895363224107955,1.5940070379318212,-0.7260536915719104,-0.5951110024108224,-0.7890167165271216,3458.0031146038837,0.6282532593620128,110613.33174298357,0.9068821747841721,Standing_Xiaoye_1_2min_20260129_105252.parquet,0,Sit-Stand,93.201527,95.176643,Non-Fall
-0.3726923560632411,0.9273449221166273,0.0004937073638902802,-0.487605652831559,0.1321227046901202,-0.28638467015841246,116.54301052689082,-0.055312620859703565,-2.9282927024516545,3.874660410869764,3476.6419225995915,0.6315694907450027,1441636.438067089,2.0455263983545073,Standing_Xiaoye_1_2min_20260129_105252.parquet,0,Sit-Stand,95.204102,97.176621,Non-Fall
-0.4557157102090024,0.9150024445299485,0.0002752103567455402,-0.5668120112857538,-0.5764880364113419,-0.5519540457250371,19.088355523642562,-0.5074811442810401,-1.1321783387052422,-0.093675891008062,3477.2335498299003,0.6315614235753647,287044.63751521765,1.6684271256381293,Standing_Xiaoye_1_2min_20260129_105252.parquet,0,Sit-Stand,96.201252,98.176638,Non-Fall
-0.45590757907489926,0.8585015460967885,0.00016265936668421316,-0.6207739847103363,-0.5764880364113419,-0.6427214465096918,10.782740537209607,-0.5838439880188006,-0.992197540205696,0.8419506236124925,3453.162177706382,0.6273970079530015,154799.96157642128,1.1683967934444919,Standing_Xiaoye_1_2min_20260129_105252.parquet,0,Sit-Stand,97.203345,99.176603,Non-Fall
-0.5425699738551906,0.8590516099787446,5.143287061872288e-05,-0.6993059756255553,-0.7259084617150634,-0.6694386461826504,3.4015192998330366,-0.6851195027162219,-0.8571457246687981,-0.5669704763574591,3455.621184619251,0.6281188841799764,86862.81854002034,0.9019992328995446,Standing_Xiaoye_1_2min_20260129_105252.parquet,0,Sit-Stand,98.201519,100.176643,Non-Fall
-0.5529668978464795,0.8328543707691063,7.003231155877556e-05,-0.6824679899977606,-0.7415779370355292,-0.6767251956553163,4.627697192264397,-0.6635268547792135,-0.8508247046931006,-0.8902602235545408,3449.031052889007,0.6285906838596745,115636.91143776922,1.3173960339004678,Standing_Xiaoye_1_2min_20260129_105252.parquet,0,Sit-Stand,99.203315,101.1766,Non-Fall
-0.5435496915922738,0.8132700183332979,7.233991244717221e-05,-0.6805440379501004,-0.674355721375305,-0.6557749465030575,7.868404823985987,-0.6175212132147578,-0.7434236476509505,-0.9095818850147709,3445.362028415692,0.6282036366035214,130738.47539014342,1.2528857506199147,Standing_Xiaoye_1_2min_20260129_105252.parquet,0,Sit-Stand,100.203364,102.1766,Non-Fall
-0.20043556434845888,0.8080596431215515,0.0009219535650498656,-0.3730297469259545,-0.31006846452478926,-0.5134756167178781,50.9542327890404,-0.31263975414507367,-1.1362039210775743,1.1943384684978027,3462.0610608020293,0.6398751730682088,504466.394503102,2.2508724722368445,Standing_Xiaoye_1_2min_20260129_105252.parquet,0,Sit-Stand,101.203304,103.176603,Non-Fall
-0.20043556434845888,0.7664272819842506,0.0010184521428079183,-0.35123052741332744,-0.31006846452478926,-0.44538951415394135,49.04049796849898,-0.32216168040556026,-1.0379411047585003,0.6926214997659297,3443.060155560979,0.6389292356011868,457703.92033236375,1.9309121657459207,Standing_Xiaoye_1_2min_20260129_105252.parquet,0,Sit-Stand,102.201254,104.176638,Non-Fall
-0.5269261397745278,0.7363430251830547,0.00016486827076369356,-0.6195597929874099,-0.5301647032432785,-0.5574436153513539,15.740476045094843,-0.5357374534647992,-2.708312893842709,2.2621800613155147,3419.7625777275093,0.6290357708415116,262809.1711698684,1.1226794179126107,Standing_Xiaoye_1_2min_20260129_105252.parquet,0,Sit-Stand,103.202238,105.176612,Non-Fall
-0.5136753839358079,0.671694330051902,9.719847502148273e-05,-0.661500372860342,-0.4627734551807243,-0.5685905144727601,21.08543747978951,-0.4918002627974191,-0.9579172536669062,0.12850218200458174,3418.0663764576766,0.6287467947401766,147819.8107429682,0.949600255616088,Standing_Xiaoye_1_2min_20260129_105252.parquet,0,Sit-Stand,104.20341,106.176619,Non-Fall
-0.5078429334312676,0.7262578330337411,0.00015232262142287747,-0.6265686900815689,-0.39244097945877326,-0.4775755013874005,38.52266895254102,-0.37818445706679554,-0.7161132045680806,-0.4867965690007756,3418.2597648002234,0.6280366013388333,718682.2101975381,1.5745026176196932,Standing_Xiaoye_1_2min_20260129_105252.parquet,0,Sit-Stand,105.201757,107.176611,Non-Fall
-0.5078429334312676,0.753545290303456,0.00016912784722615204,-0.6172411362598217,-0.39244097945877326,-0.47172764134366113,30.291084817427187,-0.4276426822012355,-0.8450391704548031,-0.7743876460920281,3430.721201647327,0.628579746448527,334857.96847520204,1.206329634147764,Standing_Xiaoye_1_2min_20260129_105252.parquet,0,Sit-Stand,106.200854,108.176646,Non-Fall
-0.4230341676394802,0.6844561296320066,0.00021364374601024266,-0.5945678109785844,-0.5650708117200166,-0.5998123023403202,15.667595563328975,-0.536384450986023,-1.390007174245607,0.8820293838115393,3431.5048799153956,0.6294494986342527,142354.5811049732,0.8797230151454059,Standing_Xiaoye_1_2min_20260129_105252.parquet,0,Sit-Stand,107.201383,109.176626,Non-Fall
-0.21710593216475005,0.7122157462996644,0.0012189351057523368,-0.30902435109197013,-0.2338788441778886,-0.4141674512120757,104.17790889417907,-0.09673721313765703,-0.4787109555949614,-0.27740065349687754,3429.8075503051573,0.6391379308674757,486678.52513297176,1.842647684862697,Standing_Xiaoye_1_2min_20260129_105252.parquet,0,Sit-Stand,108.2015,110.176651,Non-Fall
0.19740169554890136,0.8388983305034912,0.0031982802844151958,-0.004581375096454896,0.11034165634321548,-0.10862796523430021,148.94769547358655,0.04381807811064138,0.5336519101309865,0.03821465617977091,3442.406960777755,0.6615457489969472,1784449.3403972145,1.8966382341910206,Standing_Xiaoye_1_2min_20260129_105252.parquet,0,Sit-Stand,109.201411,111.176646,Non-Fall
0.19740169554890136,0.7680014123914769,0.0046450895077892115,0.15863474743613948,0.2105348939770412,0.06892048799794238,163.24946086725208,0.08409914064890657,-0.8822063604881147,0.39107497216681725,3458.510168503305,0.6480726939779868,2115765.059864664,1.4684073686197119,Standing_Xiaoye_1_2min_20260129_105252.parquet,0,Sit-Stand,110.20126,112.1766,Non-Fall
0.6538884414651837,0.6166180319196858,0.005094228711575262,0.2039207668139934,0.2105348939770412,0.03365203159814279,151.7370007764946,0.051821151284917814,0.09853590174966911,1.4987355306368364,3384.110729253601,0.655941162119619,1373147.680640864,1.5481453085047008,Standing_Xiaoye_1_2min_20260129_105252.parquet,0,Sit-Stand,111.203652,113.176643,Non-Fall
0.6538884414651837,0.691975573273264,0.0073381596603663965,0.40494787369638746,0.14461314043011342,-0.16175759311189059,115.42527791198046,-0.058963829083287296,1.3286768161784404,0.6876972866598137,3426.2253013117283,0.699253250042991,1638210.1985086151,2.181574895807748,Standing_Xiaoye_1_2min_20260129_105252.parquet,0,Sit-Stand,112.205477,114.176619,Non-Fall
0.5465881797210175,0.7383626052757011,0.005133384618351219,0.2077723816335918,-0.2768806596699569,-0.2916464530060352,58.91135948821664,-0.27484578769232165,1.210900282014443,1.2519505856531268,3448.367776280258,0.6722702502363751,726886.6622245953,1.604313193776209,Standing_Xiaoye_1_2min_20260129_105252.parquet,0,Sit-Stand,113.201788,115.176614,Non-Fall
-0.03791544859588914,0.5841523085528417,0.0018754784287964182,-0.19094002895881412,0.17854486623530455,-0.2891192569660514,110.95266504325424,-0.07375413559240264,-0.7067590955256489,0.6717492731707327,3429.9575593708646,0.6370813918027377,674635.5635677363,1.3077982032582718,Standing_Xiaoye_1_2min_20260129_105252.parquet,0,Sit-Stand,114.203393,116.176604,Non-Fall
0.13726116322911833,0.5577439448455294,0.002504479312182767,-0.09614696587499838,0.17854486623530455,-0.21244815343976856,140.10078441045098,0.017925880340813164,0.8978143368945755,1.4005003693386782,3375.1693401660605,0.6557713284573865,1859814.3330181274,2.1093863674249276,Standing_Xiaoye_1_2min_20260129_105252.parquet,0,Sit-Stand,115.20329,117.176626,Non-Fall
0.45755073544718466,0.7346840651350162,0.003778688880334312,0.06460315880036498,0.29873252452217397,-0.14281380720725012,138.17248108337571,0.012174740323383787,1.5410212402008272,1.8151783649676474,3416.0760153495285,0.6367300948898759,611402.1721016499,1.0385797799224856,Standing_Xiaoye_1_2min_20260129_105252.parquet,0,Sit-Stand,116.201773,118.176621,Non-Fall
0.45755073544718466,0.913414952770367,0.004029948288937411,0.09289250156275695,0.29873252452217397,-0.038539624681814315,137.05939733102355,0.008836703754740329,0.6099363664086104,0.8572329694010046,3468.4245588288595,0.6615632931251613,1942942.6163524713,1.937720601840103,Standing_Xiaoye_1_2min_20260129_105252.parquet,0,Sit-Stand,117.202489,119.176629,Non-Fall
-0.04647335346920938,-0.23522900896577917,0.0019653731167319833,-0.17650951065524847,-0.16739109340673783,-0.2831640068199328,79.03926847014293,-0.1893561297065348,0.9459416336137468,0.4303524968234024,3208.3157745561916,0.6434289464790576,982182.1479983943,1.6526648869065785,Standing_Xiaoye_1_35sek_20260202_162659.parquet,0,Sit-Stand,2.700436,4.675864,Non-Fall
-0.04647335346920938,0.22841404573912788,0.002756451124385106,-0.061578728576115356,0.0675158369261161,0.10360005795952945,183.7996383683846,0.139005473596583,-0.17646411022642353,-0.6004266107800079,3319.395402743836,0.6500933168629855,1893980.670680657,1.4535439239062793,Standing_Xiaoye_1_35sek_20260202_162659.parquet,0,Sit-Stand,3.700343,5.675837,Non-Fall
-0.11356602284805839,0.46149464022658243,0.0032656225132674786,0.0037511741298887962,0.07840969244955537,0.3548323084403956,167.5944754919497,0.09598418324815694,-0.16665458572195566,-0.7558013707605591,3375.3211205652938,0.6588961108612159,3702330.399547942,1.4549010023815283,Standing_Xiaoye_1_35sek_20260202_162659.parquet,0,Sit-Stand,4.700647,6.675837,Non-Fall
-0.11356602284805839,0.06807518498024359,0.0022940567668322813,-0.12637251997323357,0.07840969244955537,-0.10529126363052028,179.00168592710804,0.1264728288879585,1.1008821784414604,0.3253352503724025,3282.97590939367,0.6485463998848303,1702071.8652444682,1.5932604963016657,Standing_Xiaoye_1_35sek_20260202_162659.parquet,0,Sit-Stand,5.70091,7.675818,Non-Fall
-0.5410029111898474,-0.2575095967707504,0.00030220060098403215,-0.5556352768124494,0.832567110899281,0.2696845481067,700.4758203377916,1.0473008494276974,-0.5510538492694581,0.3141896593828514,3229.3524086507555,0.6322005403328066,3226186.9047158365,1.733207649131396,Standing_Xiaoye_1_35sek_20260202_162659.parquet,0,Sit-Stand,6.700351,8.675812,Non-Fall
-0.5402196038512811,-0.27562332806422735,0.0006606501248181328,-0.4385968880230791,0.832567110899281,0.7316474397154694,640.1388611525977,0.9652934183229993,-0.9253232379035574,-0.5455022944513439,3199.88742849385,0.6332236599260407,7690049.293204768,1.3254715014733605,Standing_Xiaoye_1_35sek_20260202_162659.parquet,0,Sit-Stand,7.702032,9.675812,Non-Fall
-0.5402196038512811,-0.22899561638543273,0.0004973602089540106,-0.4864513698996687,0.41047647520643865,0.1075203956322511,309.1478012980856,0.4222280539882811,-1.3571397746366098,-0.06661559019250701,3213.9104899730664,0.6313790162300102,1193015.5426803487,0.8729898598954968,Standing_Xiaoye_1_35sek_20260202_162659.parquet,0,Sit-Stand,8.702864,10.675844,Non-Fall
-0.6213004962958478,-0.1791369526137857,9.681160232855764e-05,-0.6617766774288396,-0.26718209856103525,-0.4471245408367613,70.63801700559029,-0.22353431442180702,0.19584277557265053,-0.0040915150326671324,3222.4492017330044,0.6271642581679753,320489.41136443376,1.4536561039722233,Standing_Xiaoye_1_35sek_20260202_162659.parquet,0,Sit-Stand,9.702167,11.675849,Non-Fall
-0.6397193658017052,-0.15244065280659527,4.1993982713017816e-05,-0.7090328459043558,-0.7786040511080768,-0.6743741804602779,1.443301669362684,-0.7303572703458725,-0.6666189710450867,1.0546177406680317,3234.725235270196,0.6276402765470619,133562.3920777856,0.9196701592893335,Standing_Xiaoye_1_35sek_20260202_162659.parquet,0,Sit-Stand,10.701859,12.675843,Non-Fall
-0.6397193658017052,-0.16495020200942312,4.169641875223541e-05,-0.7093564210157028,-0.7924019439308304,-0.6765161340873519,1.3723237528947638,-0.7324619307939131,-0.7657535583622295,0.8294299188720244,3236.3056826156176,0.6282898987744248,81348.9662759058,0.6269896791147902,Standing_Xiaoye_1_35sek_20260202_162659.parquet,0,Sit-Stand,11.701975,13.675832,Non-Fall
-0.7018038363497903,-0.21409809110119818,3.4571466176965884e-05,-0.7174813276767158,-0.7646893036165643,-0.6546512757313934,1.9028623252424646,-0.717828390586056,-0.5341192238927671,-1.1034329426506981,3212.494382512912,0.6262096250232676,162135.37075038705,0.8849347878407366,Standing_Xiaoye_1_35sek_20260202_162659.parquet,0,Sit-Stand,12.702053,14.675849,Non-Fall
-0.7018038363497903,-0.21927135408132606,3.440371617053906e-05,-0.7176822593290861,-0.7646893036165643,-0.6791165938449196,1.853724313707749,-0.7190897588156197,-0.5563089804868403,-1.1489707202215969,3221.870331923532,0.6278272570429491,93706.01956479039,0.7333587804967405,Standing_Xiaoye_1_35sek_20260202_162659.parquet,0,Sit-Stand,13.70207,15.675861,Non-Fall
-0.6774208227896634,-0.21712837736376267,3.01949026456089e-05,-0.7228943360352519,-0.8146497665786813,-0.7181597483027136,0.38904602107854414,-0.7710000599934964,-0.0007514650167830785,-0.9394343145005223,3214.3393334655293,0.6270684551129845,67265.82945965028,0.6963063037698995,Standing_Xiaoye_1_35sek_20260202_162659.parquet,0,Sit-Stand,14.703047,16.675844,Non-Fall
-0.36404657849056016,-0.13040336071064623,0.0005596807418642994,-0.4673745439766576,0.22858440726860094,-0.24150171640722728,266.22424049380686,0.3331366404624744,1.5816417055855505,1.5851997182285513,3232.231832695904,0.6273299645091622,455169.39901189436,1.265992575212102,Standing_Xiaoye_1_35sek_20260202_162659.parquet,0,Sit-Stand,16.701962,18.675841,Non-Fall
-0.17860500105204444,0.061521716151109615,0.0019825564981672704,-0.1737889596271435,0.22858440726860094,0.25803302757206226,211.20128375350353,0.20764132614732111,0.3942569059043506,-0.26281314929087624,3288.5350998624513,0.6431282796548045,3390129.0263973773,1.5609845141960061,Standing_Xiaoye_1_35sek_20260202_162659.parquet,0,Sit-Stand,17.700689,19.675837,Non-Fall
-0.17860500105204444,-0.08551743498866388,0.0025421470114131116,-0.09087219667259286,-0.02490566519206856,0.2662530266997859,130.01359723406318,-0.012615151004129629,0.10623521134109278,-0.6600077436952653,3241.3427448992893,0.6596248568359404,4040255.0754990717,1.0990615692009968,Standing_Xiaoye_1_35sek_20260202_162659.parquet,0,Sit-Stand,18.700871,20.675856,Non-Fall
-0.3745741856730816,-0.2682031500377233,0.0011468698941835592,-0.32376506442601893,-0.02490566519206856,-0.059951049286093315,145.69181928327964,0.03438093063869782,-0.2727074459173077,-0.18729142819668554,3240.0976730917137,0.6393270481575453,1242495.3541517877,0.9269945561891495,Standing_Xiaoye_1_35sek_20260202_162659.parquet,0,Sit-Stand,19.701976,21.675828,Non-Fall
-0.6091342564673152,-0.26283600492001136,0.00015627305743292215,-0.6243315616068235,-0.4796866757446659,-0.43436292439004126,36.43081776315785,-0.39020679380316137,-0.2777516578159755,0.7773772575749212,3188.5020923100014,0.6252539243279768,267591.7240563058,0.9761415077278128,Standing_Xiaoye_1_35sek_20260202_162659.parquet,0,Sit-Stand,20.70191,22.675796,Non-Fall
-0.6523812241098383,-0.29648046150106117,5.03214678296429e-05,-0.7004020333048299,-0.6164166450583407,-0.608317220212848,13.79390633989226,-0.5535675602076566,-0.7294662423696004,0.23806260325378528,3208.1846244199305,0.6286655889874411,181532.0842781488,0.902399239549254,Standing_Xiaoye_1_35sek_20260202_162659.parquet,0,Sit-Stand,21.702028,23.675852,Non-Fall
-0.7101692739304927,-0.28022677068668017,2.9660851699214895e-05,-0.7235810343385145,-0.7997510135676016,-0.7088323673431338,0.269358275673668,-0.7783694522498074,-0.35470972156707836,-0.9560003991550896,3208.0910721553555,0.6281155503358564,74318.25853986749,0.6460355712369455,Standing_Xiaoye_1_35sek_20260202_162659.parquet,0,Sit-Stand,22.702147,24.675832,Non-Fall
-0.7101692739304927,-0.2705079146853748,2.8110451657176303e-05,-0.7256103925599652,-0.8289357163241196,-0.7076891801200316,0.1002930117726739,-0.7926037778307883,-0.15325592019012133,-1.121669443802078,3206.886540116431,0.6277470063598114,82482.84265066695,0.6562865398243845,Standing_Xiaoye_1_35sek_20260202_162659.parquet,0,Sit-Stand,23.702498,25.675804,Non-Fall
-0.7181431526406625,-0.25612620679006204,2.5385550638632857e-05,-0.7293177372860683,-0.8276239191167245,-0.7079906252410749,0.08709368181244882,-0.7941217509891446,-0.11378954323055468,-1.3423128671866227,3211.361844106715,0.6277092206230578,79895.59318540015,0.6757123245803845,Standing_Xiaoye_1_35sek_20260202_162659.parquet,0,Sit-Stand,24.702351,26.675818,Non-Fall
-0.7214191677684428,-0.24792067947603416,2.2429826856454577e-05,-0.7335719549307294,-0.8261557681601529,-0.7163618215532517,0.20704882251039144,-0.7828704749653747,-0.4014619930607477,-1.3180032312926366,3211.2910986975326,0.6273742386747262,71830.30264914803,0.6511884420112493,Standing_Xiaoye_1_35sek_20260202_162659.parquet,0,Sit-Stand,25.70268,27.675796,Non-Fall
-0.6315005319793924,-0.21348116207225612,0.00016135330191489633,-0.6214957841140721,-0.45745173504317854,-0.6262120199079921,20.78072936016274,-0.49414323442130587,-1.0669023557409292,-0.08748005850401014,3207.614564210185,0.6272504641456368,236916.54291392028,1.855214352115306,Standing_Xiaoye_1_35sek_20260202_162659.parquet,0,Sit-Stand,26.702637,28.675796,Non-Fall
-0.5624057924077711,-0.15438782700306364,0.0003120266640232802,-0.5516910597012666,-0.45745173504317854,-0.5280481406683434,25.765683697996142,-0.4577387280574837,-1.0344986053785945,-0.1966210502142827,3250.318262425936,0.6316040647755302,176376.4131107165,0.9437845346987315,Standing_Xiaoye_1_35sek_20260202_162659.parquet,0,Sit-Stand,27.701609,29.675812,Non-Fall
1.1046641932362187,0.5024945606055815,0.00969538504605897,0.5850536763270445,1.1554373547702161,0.6129317121923956,669.7318393344032,1.0059765053621224,1.2797961403338083,1.4809892259355124,3364.1166686521724,0.676018941112557,9984214.332803993,1.709258896488467,Standing_Xiaoye_2_1min_20260129_110010.parquet,0,Sit-Stand,0.201827,2.176386,Non-Fall
1.1046641932362187,0.5557628978774852,0.009283671755333081,0.5553222980126498,0.9965371715878183,0.2678253136199077,402.2632287826714,0.5962921228981322,1.2175257989157107,1.6867085122587886,3404.8619128269197,0.686213711591373,2120381.6343954424,1.1798010609076475,Standing_Xiaoye_2_1min_20260129_110010.parquet,0,Sit-Stand,1.20328,3.176375,Non-Fall
0.18243671062460529,0.673897633063838,0.0021269661917350585,-0.15137597778243708,-0.37715759171974667,-0.33686365996041256,49.37619584944231,-0.32047812826357863,1.3181667722749344,1.5043963367539466,3406.2278120345204,0.6325819049305171,367525.2163446289,0.8740676849683341,Standing_Xiaoye_2_1min_20260129_110010.parquet,0,Sit-Stand,2.200838,4.176378,Non-Fall
0.18243671062460529,0.5905697427486805,0.00224155128777898,-0.1341283102964069,-0.40913020389312743,-0.4019373098240632,29.108119936572006,-0.43527954163910454,1.3893571853944897,1.3192867132653112,3431.6935727441783,0.6601470017315875,643979.1323894934,1.4198269074766172,Standing_Xiaoye_2_1min_20260129_110010.parquet,0,Sit-Stand,3.202953,5.176368,Non-Fall
-0.18743261426723212,0.567211908713229,0.0012489177289599245,-0.3030202232714383,-0.03205380132987109,-0.1682262089154708,112.18728332533743,-0.06964209467655837,-0.358152122708435,0.3572735314307557,3379.5770829525736,0.6343896862684025,1236103.559820791,1.3266160332545853,Standing_Xiaoye_2_1min_20260129_110010.parquet,0,Sit-Stand,4.202489,6.17639,Non-Fall
-0.18743261426723212,0.7301465576578641,0.0010632997622743647,-0.3414518070451512,0.8526581640399695,0.755283887023977,568.7968563724326,0.8631654414075831,-0.88098085675816,1.1127123506186527,3431.9475620038784,0.6342777673348374,6773783.445924285,1.4831506182591576,Standing_Xiaoye_2_1min_20260129_110010.parquet,0,Sit-Stand,5.20079,7.176355,Non-Fall
0.22900869461876758,0.6068938616223543,0.002047524258712146,-0.16360803905138618,1.1402528656262698,1.7561930294667054,1057.369137668738,1.4730296242174346,1.1109677155612852,3.259573803164865,3391.908740665509,0.6389061114593452,13707053.457096223,1.1761714056588377,Standing_Xiaoye_2_1min_20260129_110010.parquet,0,Sit-Stand,7.201496,9.176387,Non-Fall
0.05827227906481017,0.6844107295994375,0.0010596168433843656,-0.3422469729835892,1.5417699217128211,2.1726622192976497,1358.6050924328902,1.7785367258460458,1.4416084311879387,2.8241527824987855,3428.7994409502326,0.6308591906219634,14567391.896850042,0.9942396112891317,Standing_Xiaoye_2_1min_20260129_110010.parquet,0,Sit-Stand,8.200974,10.176395,Non-Fall
-0.3160602427108179,0.7299393190006552,0.000713891303329854,-0.4243085355972494,1.6797671321889978,2.6731750487649877,1755.8465328680018,2.133402469823101,0.5533266181133618,-0.3833234304649472,3402.846394061136,0.6291692156428924,28041692.23533859,1.1462798362801028,Standing_Xiaoye_2_1min_20260129_110010.parquet,0,Sit-Stand,9.203008,11.176398,Non-Fall
-0.3428816934941583,0.7663456764856218,0.0006378104869460243,-0.44490244624169845,1.6797671321889978,2.275235945194943,1648.7842309531732,2.0421032650251387,-0.13786783759143706,-0.6925197869777415,3442.3800873008054,0.6312011977827852,16947837.568197515,1.0513719382127111,Standing_Xiaoye_2_1min_20260129_110010.parquet,0,Sit-Stand,10.201307,12.176368,Non-Fall
-0.1939293479279957,0.5253149860945986,0.0005242552405781024,-0.47807997392953433,0.9627310148201991,1.2509144099708294,863.2259787631149,1.2523446540690322,0.74473988609317,2.4784838196925585,3389.0267027997224,0.6297962385855532,7543353.143481789,0.957237942575785,Standing_Xiaoye_2_1min_20260129_110010.parquet,0,Sit-Stand,15.203369,17.176355,Non-Fall
-0.34157401314334523,0.44496213930287715,0.0014451245535536804,-0.2653903855530448,0.9627310148201991,1.1284262386868416,814.924877137483,1.1936770639746848,-1.0138285370531095,-0.5486726760613054,3358.541323298549,0.6426237894367919,10244748.130642045,1.2705627407217823,Standing_Xiaoye_2_1min_20260129_110010.parquet,0,Sit-Stand,16.202963,18.17639,Non-Fall
-0.34157401314334523,0.39453519684733934,0.001202936118466193,-0.3122584348000507,0.08925085291144504,0.03304873826840215,144.02789804236977,0.029517337289164936,-0.8559192191296984,-0.15416135384777424,3346.1447394301053,0.6356552788355427,1945190.9946868333,1.2487134936914444,Standing_Xiaoye_2_1min_20260129_110010.parquet,0,Sit-Stand,17.203067,19.176392,Non-Fall
-0.5115358646615353,0.3507421977493052,0.00020665726936434998,-0.5979580077919844,-0.4172078837172018,-0.4263716795492905,52.434510349472255,-0.3053965723934244,-0.6295489401905396,0.07555664665780906,3351.5582212102145,0.6288553863186592,286383.2163207952,0.9651375569978635,Standing_Xiaoye_2_1min_20260129_110010.parquet,0,Sit-Stand,18.20102,20.176388,Non-Fall
1.0248136476676797,0.8780623289973674,0.006523014738224062,0.33604224201364336,0.8279256887624143,0.23773329168082577,407.54726933904044,0.6055303466822769,1.4292131611565317,2.0800170490232057,3464.9286423979156,0.6748079636216825,2601298.0047463304,1.752692369203668,Standing_Xiaoye_2_1min_20260129_110010.parquet,0,Sit-Stand,20.203374,22.176368,Non-Fall
0.3146882172133669,0.7929290581312014,0.0050915525779323,0.2036569863997458,0.26127230862232587,0.4731967039939765,222.0872016395686,0.23366223615238713,0.0001242859643095117,-0.22574697056371942,3455.0318297122158,0.6706531313856149,4151855.81470214,1.3247274804468745,Standing_Xiaoye_2_1min_20260129_110010.parquet,0,Sit-Stand,21.203012,23.176355,Non-Fall
0.3146882172133669,0.45067254311417704,0.004281052415270568,0.12029616850155773,0.26127230862232587,0.14108193186041423,192.37648745053232,0.16100797744829953,0.7862098810563202,0.5219845509767806,3399.758860463388,0.683927006691813,2101646.0487174047,1.2703612892589518,Standing_Xiaoye_2_1min_20260129_110010.parquet,0,Sit-Stand,22.203023,24.176346,Non-Fall
-0.17446743015363841,0.39732092060426294,0.0011902233132776085,-0.3148436043122938,0.16924147262962214,-0.025544289733419007,177.32043106695718,0.1220415906749506,-0.5980041295055398,0.8521115206977595,3374.428270727705,0.6307569425394205,854837.0478979663,0.7980487347319493,Standing_Xiaoye_2_1min_20260129_110010.parquet,0,Sit-Stand,23.203322,25.176378,Non-Fall
-0.31234815376094477,0.646719695539136,0.0005523599668479673,-0.4695584351238328,0.16924147262962214,0.049190497926187855,206.25834265980066,0.19560490064912092,-0.06173653772810995,0.03571093476701909,3408.0307281885744,0.6347999210732784,3582810.472778341,1.544052887954227,Standing_Xiaoye_2_1min_20260129_110010.parquet,0,Sit-Stand,24.201391,26.176378,Non-Fall
-0.31234815376094477,0.5599213623708197,0.0005794710544390079,-0.4615412997721849,-0.18112175267766714,-0.1297641183128077,113.6931742170712,-0.06465705848255116,-0.2922731242143967,0.05977264168633017,3402.822404278943,0.6335461820113578,959433.5393306996,1.401668466763847,Standing_Xiaoye_2_1min_20260129_110010.parquet,0,Sit-Stand,25.203053,27.176371,Non-Fall
-0.4807326747233416,0.4590791289200355,0.0005186509829246125,-0.4798063243282934,-0.24124628419215052,-0.19702860661402982,87.80812516687098,-0.15556948311903157,-0.80945192468818,-0.859875368585567,3349.646038386142,0.6323916091092724,740885.9491654004,1.03453976571103,Standing_Xiaoye_2_1min_20260129_110010.parquet,0,Sit-Stand,26.202996,28.176365,Non-Fall
-0.19031888339221445,0.44032630540323536,0.0009643180644774766,-0.3633255574115592,-0.4081684608342587,-0.33654957393256324,58.03893488979378,-0.2788594607156792,1.12488465705907,0.19148791907392593,3373.476008369546,0.6336469187674255,977569.1086441686,1.4625669162085686,Standing_Xiaoye_2_1min_20260129_110010.parquet,0,Sit-Stand,27.203327,29.176387,Non-Fall
-0.15920947370198044,0.5595241201382438,0.0012503794158601669,-0.30272936772857834,-0.4081684608342587,-0.38284975714090647,46.01191937642807,-0.3376186418590001,1.4934932422124914,0.2555297435370086,3399.6956507244995,0.6381683362072134,547130.826870695,1.5882696852916374,Standing_Xiaoye_2_1min_20260129_110010.parquet,0,Sit-Stand,28.201141,30.176368,Non-Fall
-0.15920947370198044,0.8181183095191684,0.000993483440466484,-0.35676822474739045,0.05587068640703605,-0.05177783064571791,158.9397774030865,0.07215344905621811,0.7485457653359239,-0.19739763555604908,3457.5638852768575,0.6338421351252275,1880424.280625993,1.7879148197495547,Standing_Xiaoye_2_1min_20260129_110010.parquet,0,Sit-Stand,29.20262,31.176392,Non-Fall
-0.38777024905501467,0.6167481999220943,0.0010697232598868751,-0.34006822089614014,0.05587068640703605,0.1310031325780165,148.18114487756128,0.04160559222474453,-0.7697520214806824,-0.8522449126770963,3429.366736737963,0.6325587078586409,1586778.1099193594,1.3449825533151707,Standing_Xiaoye_2_1min_20260129_110010.parquet,0,Sit-Stand,30.202894,32.176395,Non-Fall
-0.39703184732745483,0.3930063245427524,0.0007521086212009027,-0.4143782428675732,-0.3407162124716076,-0.3467311362482008,52.236816270614824,-0.3063579449426232,-0.30309774675153617,-0.8913916266019153,3351.8080506273295,0.6315563503157603,911882.7094509077,1.5272810415169418,Standing_Xiaoye_2_1min_20260129_110010.parquet,0,Sit-Stand,33.202668,35.17637,Non-Fall
0.0700514064543072,0.6973588176985218,0.0012405113015836599,-0.304696300892154,-0.2466831741360751,-0.22145032531928296,57.178313721825326,-0.2828484973857004,1.58661336305793,1.642867861197156,3377.1430086639425,0.6258052620799642,1090332.2180834352,1.3519277997309436,Standing_Xiaoye_2_1min_20260129_110010.parquet,0,Sit-Stand,36.203158,38.17637,Non-Fall
0.201052783317772,0.9261800614880341,0.0020035925697028598,-0.17047443461386907,-0.2466831741360751,-0.15738204894713542,59.39051602460102,-0.27265402152642704,0.7913684887607568,0.8036144731848158,3520.631463303497,0.6430767647710566,824638.4037653939,1.1964760801733607,Standing_Xiaoye_2_1min_20260129_110010.parquet,0,Sit-Stand,37.201459,39.176355,Non-Fall
0.2881952462977087,0.9084591791636731,0.0032208807302444697,-0.0017752278085453818,0.03170180437944424,-0.2751917556908002,90.96820884087393,-0.1438104325460316,1.1327699425400983,0.6267916975074295,3438.5771205560577,0.6488977844286389,1438509.4044711497,2.0068224253423685,Standing_Xiaoye_2_1min_20260129_110010.parquet,0,Sit-Stand,38.200701,40.176356,Non-Fall
0.2881952462977087,0.7823704566404811,0.0019163258754569335,-0.18434099786601243,0.03170180437944424,-0.4738482269095444,83.12245634116884,-0.1734020654064605,2.047208932116096,2.828510613811328,3445.2381102684767,0.6502624465147719,293057.0158296926,1.4229319993856542,Standing_Xiaoye_2_1min_20260129_110010.parquet,0,Sit-Stand,39.202461,41.1764,Non-Fall
-0.09745141311953798,0.6944644523084743,0.0007961245718044753,-0.4032489465123439,-0.62640414681115,-0.6136722762754871,10.007818041166809,-0.5923009109662871,1.2618014902915429,2.0823642703705283,3424.133137189925,0.6337413170768623,161573.34241812446,1.179515066935955,Standing_Xiaoye_2_1min_20260129_110010.parquet,0,Sit-Stand,40.200706,42.176395,Non-Fall
-0.09745141311953798,0.5530377769182789,0.000846374723937024,-0.3909131404885293,-0.5043591266866698,-0.5660220514312955,26.941379709826297,-0.44968124543953825,1.5842840704669676,2.002940772478668,3388.8748556799683,0.628569339018566,191268.79955855475,1.2506882708231188,Standing_Xiaoye_2_1min_20260129_110010.parquet,0,Sit-Stand,41.20072,43.176401,Non-Fall
0.17793817244107082,0.4577117845210246,0.0022945343043832248,-0.12630239063055096,-0.45914417951177533,-0.5080349868144713,30.67880608076972,-0.42517223354958233,2.2038604182338535,2.8712785985883587,3392.7152431284694,0.6665772028364598,433587.28436783963,1.5984252711318125,Standing_Xiaoye_2_1min_20260129_110010.parquet,0,Sit-Stand,42.202851,44.17639,Non-Fall
0.17793817244107082,0.5358295686907896,0.0026791423062305715,-0.0720102691497021,0.3291998906338046,0.24480666374754786,461.4340426149808,0.6965212011946627,1.6119775924085307,1.5299909220368955,3372.062609202977,0.6349462017495304,4427091.02266824,1.5205652030232275,Standing_Xiaoye_2_1min_20260129_110010.parquet,0,Sit-Stand,43.200905,45.176355,Non-Fall
-0.05207078442753076,0.33320939042309244,0.002146010251481126,-0.14847778492291594,0.3291998906338046,0.7659115433973394,267.17102015746013,0.33517619931481624,-1.0405537616523586,0.7791434038069335,3342.2823079493232,0.6337346316394002,4961649.779360561,1.1280814361031268,Standing_Xiaoye_2_1min_20260129_110010.parquet,0,Sit-Stand,44.201073,46.176363,Non-Fall
0.43575999098125034,0.4418517538325288,0.005962213629356742,0.28610182716614735,0.4337058793428029,0.5743899494971695,147.19294632000168,0.03874490517494606,0.968399724681685,0.24008894135608577,3406.4657044382284,0.6940041425712893,2914506.0354377823,0.9849706483183985,Standing_Xiaoye_2_1min_20260129_110010.parquet,0,Sit-Stand,45.202746,47.176346,Non-Fall
0.43575999098125034,0.825727001439362,0.00789698319040438,0.44999389231370013,0.7768350055115816,0.4293322595632518,249.1050134089281,0.29561227006096924,0.1951808749693659,-0.42799842835445673,3431.0908671014336,0.6873090549737908,4744309.288765445,1.5819916243079701,Standing_Xiaoye_2_1min_20260129_110010.parquet,0,Sit-Stand,46.203039,48.176395,Non-Fall
0.2144718128544101,0.7219298285824112,0.008384115542734091,0.4879765763736085,0.7768350055115816,0.5251839517896821,363.3145156795253,0.5262352361859141,-0.7277981441224793,-0.5122978664729708,3409.3265492038076,0.6781935809583055,2903221.844017047,1.3439841866985789,Standing_Xiaoye_2_1min_20260129_110010.parquet,0,Sit-Stand,47.200902,49.176377,Non-Fall
0.2144718128544101,0.6861275823033357,0.00677218279919209,0.3575401382781805,0.7848482656676617,0.9577778392553091,438.64168045670164,0.6587208044503233,-0.8775670127431349,-0.379597126795803,3434.8368386573347,0.6639060688086715,9383999.888412366,1.3568882601649186,Standing_Xiaoye_2_1min_20260129_110010.parquet,0,Sit-Stand,48.20096,50.176349,Non-Fall
-0.1196015703199861,0.5752095090814265,0.0033431136901495156,0.013233883281060366,0.7848482656676617,0.5331135516518468,498.9910968114224,0.7568263715368226,-1.0287116108306067,-0.4214511630603214,3394.561787067464,0.6605314346485653,3142011.6636868035,1.6756805368512049,Standing_Xiaoye_2_1min_20260129_110010.parquet,0,Sit-Stand,49.201432,51.176395,Non-Fall
-0.1196015703199861,0.24980553984422832,0.0014189208659360678,-0.2702612823175513,-0.17392362912073847,-0.33473687551046466,114.90736680417484,-0.06066164061411985,-0.6864696729563312,1.528878853133224,3328.3102082172186,0.6396816302481636,808337.4109907548,1.8878516409744115,Standing_Xiaoye_2_1min_20260129_110010.parquet,0,Sit-Stand,50.202676,52.176363,Non-Fall
-0.6529851698821998,0.14735525724500054,3.983401724058914e-05,-0.7114084036612576,-0.766580216252301,-0.7125796399929759,2.5188515097845845,-0.703218370675491,-0.5431197346985495,-0.8020171166025774,3295.422751654948,0.6273403777612887,109169.4393550004,1.0237236403865542,Standing_Xiaoye_2_1min_20260129_110010.parquet,0,Sit-Stand,52.200901,54.176349,Non-Fall
-0.4605150671169255,0.13247588866461024,0.0001469455676494563,-0.6296608613954792,-0.2575583065297505,-0.38452436286937447,120.44748362200963,-0.042693664630745545,0.6375731496218701,2.270304124748865,3301.243496909446,0.6285970384188136,333507.4336131389,1.3336165348039537,Standing_Xiaoye_2_1min_20260129_110010.parquet,0,Sit-Stand,53.203344,55.176359,Non-Fall
-0.08033685281847483,0.23227657975761065,0.0015382492794612155,-0.24842764573246634,-0.2575583065297505,-0.19430438651404036,99.56308174389517,-0.11282350022048611,1.1701470960663307,1.274100854332816,3304.8647953751033,0.6361364711300753,1479422.859206731,1.3145145180472686,Standing_Xiaoye_2_1min_20260129_110010.parquet,0,Sit-Stand,54.201263,56.176368,Non-Fall
-0.08033685281847483,0.32545380709530086,0.0014220208916308989,-0.2696826987289855,-0.3104137693054609,-0.45127836008582817,32.97465535617738,-0.4108531658611881,1.025685198041496,1.6295688490163895,3344.585890981672,0.6367699642968655,414850.62521372625,1.1295360931538556,Standing_Xiaoye_2_1min_20260129_110010.parquet,0,Sit-Stand,55.203021,57.176405,Non-Fall
-0.5853069126055087,0.3221995727472481,8.962578453355406e-05,-0.6670129507269162,-0.6388101904361438,-0.5164188612773833,7.608050291229746,-0.6208139459976726,-0.286185338887097,-0.7114507637574365,3343.1801656802727,0.6287384666462837,235237.83503983216,0.7391298655230252,Standing_Xiaoye_2_1min_20260129_110010.parquet,0,Sit-Stand,56.202705,58.176353,Non-Fall
-0.5762100355117745,0.3498142558931739,0.0001177634331887705,-0.6475309790804031,-0.4598370831334161,-0.40081843514269044,35.44581655167293,-0.3959872860102611,-0.21580265401860205,-0.8161777793831924,3325.1236281421084,0.6255282708934243,532426.2614856488,1.0085263907298587,Standing_Xiaoye_2_1min_20260129_110010.parquet,0,Sit-Stand,57.203222,59.176346,Non-Fall
-0.38871438819366233,0.5448783161990005,0.0003853519051505064,-0.5240309576269,0.4300437434091351,0.3791074994707104,453.1270271199187,0.6828547778421182,0.48242499307185827,-0.04670655337488028,3405.66839561831,0.6335776352011383,1285906.4381431479,1.115513004767469,Standing_Xiaoye_2_1min_20260129_110010.parquet,0,Sit-Stand,60.200633,62.176375,Non-Fall
-0.38871438819366233,0.35147334259727164,0.0005352970681881254,-0.47470541066069016,0.4300437434091351,0.7157684298490419,317.25947574686865,0.43835317361401355,0.1693609756569767,-0.4827196823887344,3324.65253831652,0.6297172570878862,8105016.656509911,1.0918549354768654,Standing_Xiaoye_2_1min_20260129_110010.parquet,0,Sit-Stand,61.201154,63.176355,Non-Fall
-0.27797662925991545,0.15808801294482921,0.0009551589820171913,-0.365405223744904,0.7404560912227102,0.7900329147569485,368.8576264856615,0.5364272920941153,0.07427145248134269,0.11466683810704041,3312.9115712514217,0.6345605316338961,5045256.916385189,1.1244828209528086,Standing_Xiaoye_2_1min_20260129_110010.parquet,0,Sit-Stand,62.203159,64.176353,Non-Fall
0.2857500996850711,0.2509530203648987,0.00223283899694536,-0.13542398970400532,0.7404560912227102,0.6731081424360468,462.94987521782105,0.6990016880218746,1.7203412967718401,3.121022597247955,3325.4474330879657,0.6386744174378826,4539335.409778,1.3502749646675114,Standing_Xiaoye_2_1min_20260129_110010.parquet,0,Sit-Stand,63.202955,65.176378,Non-Fall
-0.16064330669710666,0.2995177760533298,0.0006299002074589581,-0.44711256587588194,0.641444253052553,0.15916027989705336,354.06160715179243,0.5090472273611316,2.3985928759161403,2.812014163566632,3340.8864142736825,0.632414578647246,1637551.2194266915,1.3603582259400642,Standing_Xiaoye_2_1min_20260129_110010.parquet,0,Sit-Stand,65.203037,67.176395,Non-Fall
-0.10789283155917788,0.3817315649623274,0.0012583081092084314,-0.30115462070474786,0.7489987194022594,0.5528072779015414,796.6357887296808,1.171010408276906,2.06747703952843,1.3129848157431332,3389.8340465086953,0.6511982979700595,10241210.972921206,1.5250513212515937,Standing_Xiaoye_2_1min_20260129_110010.parquet,0,Sit-Stand,66.203335,68.176368,Non-Fall
0.38023041645339883,0.4802242748846844,0.003145616810124815,-0.011158969667246266,0.9674408666315458,1.1186415977969169,732.6253204669708,1.0895555331633644,2.3292793803146914,2.4100095352836197,3333.8750046303053,0.6461643923371213,7015640.935058982,1.1950099671811456,Standing_Xiaoye_2_1min_20260129_110010.parquet,0,Sit-Stand,67.202408,69.176347,Non-Fall
-0.1556268918586915,-0.5152529871045153,0.001778017644669745,-0.20698157188952188,-0.24389311889658302,-0.2536399423045954,59.205779475197254,-0.2734979956344407,1.2215282111072043,0.7662836143893205,3147.581886050353,0.6375312430880533,485701.47693201364,0.9473460632894241,Standing_Xiaoye_2_20sek_20260202_095120.parquet,0,Sit-Stand,0.201788,2.17732,Non-Fall
-0.2901419699426458,-0.4079550722859111,0.0007078315141134286,-0.42590729442378894,-0.13296746207027102,-0.18251634841423567,117.98150853938476,-0.050639264406261916,1.2689103967392104,1.1925252915544429,3183.1926510321737,0.6416239034857861,1251597.0045230137,1.3026651279287962,Standing_Xiaoye_2_20sek_20260202_095120.parquet,0,Sit-Stand,4.601876,6.577839,Non-Fall
-0.2901419699426458,-0.4966041256051003,0.0007941354605101407,-0.4037451468026576,-0.13296746207027102,-0.24482246625335305,136.49877887340892,0.007150327430651057,1.4852282492121784,1.0275652348620483,3172.022690825253,0.6343201165150248,761840.905094261,1.5895679920977812,Standing_Xiaoye_2_20sek_20260202_095120.parquet,0,Sit-Stand,5.603293,7.577306,Non-Fall
-0.4574428460017682,-0.48966550141178233,0.00031018332176812306,-0.5524261994142871,-0.5224841881539994,-0.49808735402566234,22.51819434514493,-0.4810037990995221,0.7469157153360511,1.1435991667775336,3152.7986353341375,0.626894925034203,458231.5266819831,1.3359056598028316,Standing_Xiaoye_2_20sek_20260202_095120.parquet,0,Sit-Stand,6.601946,8.577294,Non-Fall
-0.7046583336589799,-0.4907531259108776,7.668205420352751e-05,-0.6770052309777487,-0.5224841881539994,-0.5368199081278007,21.245063455600743,-0.49057961784642307,-0.6170763681936817,-0.6717343037007502,3161.3130966143513,0.6270521130734068,197864.480012273,1.111639842799203,Standing_Xiaoye_2_20sek_20260202_095120.parquet,0,Sit-Stand,7.60435,9.5773,Non-Fall
-0.42627189337655325,-0.011838081236512494,0.0006743927848870124,-0.43485525782365436,-0.36482146075804145,-0.4780333147009772,37.614262102914374,-0.38336412801451825,-0.4650402538388366,0.1608806668337636,3274.3350848364576,0.6346386305914052,398833.39709103544,2.050638228655969,Standing_Xiaoye_2_2min_20260129_105714.parquet,0,Sit-Stand,1.102256,3.077359,Non-Fall
-0.46531992649169956,-0.04366768455543919,0.0003834356716786283,-0.5247184652193011,-0.5580462038480879,-0.6162590418049329,15.8484185418035,-0.5347819382548786,-1.1249739904613236,1.1851891074142273,3261.8738861376214,0.6340388702876516,245109.79968693422,1.6109494704648595,Standing_Xiaoye_2_2min_20260129_105714.parquet,0,Sit-Stand,2.101763,4.0774,Non-Fall
-0.49349120196422286,-0.0007697222312042564,0.00034687693903964306,-0.53818031733431,-0.38042606813143715,-0.5684184364301534,26.347131504505718,-0.4537313810267734,0.5125448959731321,-0.2034805309410244,3258.6474499675605,0.6280288375216009,250254.0728647275,2.3160341050815996,Standing_Xiaoye_2_2min_20260129_105714.parquet,0,Sit-Stand,3.103979,5.077388,Non-Fall
-0.49349120196422286,0.10295030077717456,0.0002847725537848862,-0.5627920853596153,-0.38042606813143715,-0.567634417180672,23.815662317556136,-0.4715195767306825,0.2979782218929894,0.17299715716275585,3291.6042177188347,0.6310653092990062,282566.70768292795,1.443683709892051,Standing_Xiaoye_2_2min_20260129_105714.parquet,0,Sit-Stand,4.101812,6.077381,Non-Fall
-0.6175070771558766,0.1453178999835707,4.9914413372816896e-05,-0.7008064915757077,-0.7002813357910459,-0.6907440506330196,3.790172704654282,-0.6779064786150926,0.006210582056000721,-0.06544462546942444,3298.2580930535814,0.6275478363967604,78859.34034674539,0.9028456774644213,Standing_Xiaoye_2_2min_20260129_105714.parquet,0,Sit-Stand,5.102056,7.077388,Non-Fall
-0.6435338086298148,0.13433676157711136,3.227124445366525e-05,-0.720280559763412,-0.7992371553980483,-0.7080899825254382,0.9545539510097076,-0.7461434228892815,-0.3946931678496719,-0.5134847000137682,3293.9557877805464,0.627501091838658,83317.86119124413,0.8614174396550496,Standing_Xiaoye_2_2min_20260129_105714.parquet,0,Sit-Stand,6.102351,8.077359,Non-Fall
-0.638716167714755,0.12815201224373773,4.298921367453356e-05,-0.7079588646258329,-0.7961554405514998,-0.7061283847781059,1.0993659691564095,-0.7411131106681647,-0.6851866113473505,-0.4104731208563433,3294.364507382679,0.6277531818656368,81849.69861216123,0.7956520096186124,Standing_Xiaoye_2_2min_20260129_105714.parquet,0,Sit-Stand,7.104031,9.077373,Non-Fall
-0.12280011669847984,0.05913057883062208,0.0008529596927435411,-0.3893240558540279,0.38013098449449856,-0.4485644131124812,192.88035199597186,0.16228515254043646,1.7961322516082943,3.410343363917975,3297.6105545431888,0.6317301737913102,146821.96781171105,1.1190350567707998,Standing_Xiaoye_2_2min_20260129_105714.parquet,0,Sit-Stand,8.101835,10.0774,Non-Fall
-0.037043085406773056,0.5799408457934667,0.0028713530133601373,-0.0463412807401474,0.38013098449449856,-0.22409981413192337,219.12609227163918,0.2266485823569595,0.31185991591350815,-0.4560675430682422,3384.6593593090347,0.6570474328099178,2538911.4494893528,2.1586345048919884,Standing_Xiaoye_2_2min_20260129_105714.parquet,0,Sit-Stand,9.102038,11.0774,Non-Fall
-0.09126864935008061,0.032324207531328905,0.0013128849019665124,-0.2904468995734474,-0.24354330407555125,-0.25976453886422485,69.69802825990726,-0.22748208765895875,1.4022806222494455,0.7335781931084955,3247.007129998891,0.6311816519396172,874484.8120525957,1.4439104998864385,Standing_Xiaoye_2_2min_20260129_105714.parquet,0,Sit-Stand,12.102434,14.0774,Non-Fall
-0.42379576238005334,0.09279641625682947,0.0007260076227157085,-0.42113209695515885,0.1799676603865131,-0.19575285641691886,102.0688762749693,-0.10404367472803523,0.7072679778777506,-0.6514109989277284,3269.220833890913,0.6306325093387118,1217784.6005364575,1.9345112446010007,Standing_Xiaoye_2_2min_20260129_105714.parquet,0,Sit-Stand,13.101732,15.077388,Non-Fall
-0.06872843424539442,0.5589049065407364,0.0034517642027806984,0.02634642100554591,2.032517938438137,0.059649990799634026,493.56077749407655,0.7482508189988897,-0.7842901222682767,0.13879267838166823,3474.2135530011774,0.6736360404585466,1303910.2127334864,1.496089930187208,Standing_Xiaoye_2_2min_20260129_105714.parquet,0,Sit-Stand,14.101797,16.077611,Non-Fall
0.06936936101348527,0.6817915186123354,0.0042781328269919,0.11998223524683269,2.032517938438137,0.20833200703689428,570.0409226259566,0.8649995471365685,-0.746836902685118,0.025843897168018364,3387.4686747314267,0.6568914779019521,3941843.2284107683,3.470669192648092,Standing_Xiaoye_2_2min_20260129_105714.parquet,0,Sit-Stand,15.104374,17.077362,Non-Fall
0.6126073866164977,0.8463895190033293,0.0069471781810053175,0.37240293016574266,0.24788266360217523,0.3646915163767467,229.73124758012648,0.2515546351535075,0.3871626190861929,0.26883744793449105,3508.2266595657125,0.7063498819513323,4425974.916840521,1.405628491524825,Standing_Xiaoye_2_2min_20260129_105714.parquet,0,Sit-Stand,16.102426,18.077368,Non-Fall
0.2494192958755826,0.8803371569424553,0.00315509837254894,-0.00997069448907456,0.12618219822562068,0.05910352323036333,87.6485158869073,-0.15616897734387541,0.11640835445685326,0.406893387269213,3478.659513475596,0.6548486315314426,2067362.6457578053,1.6881845217987999,Standing_Xiaoye_2_2min_20260129_105714.parquet,0,Sit-Stand,18.702127,20.717409,Non-Fall
-0.18076525383777148,0.8590160795031694,0.003978772881306349,0.08720379073141508,0.639597024302478,0.6462467286118736,236.48951368172976,0.26712728854061224,-1.3008950297240989,-0.582959513711366,3540.6191326580374,0.6695222647160695,5788822.113479854,1.069288125596742,Standing_Xiaoye_2_2min_20260129_105714.parquet,0,Sit-Stand,24.202129,26.177408,Non-Fall
0.12160169533802297,0.9614715387685667,0.004540936631324999,0.1478242338443949,0.46107037130223305,0.6015980775501558,207.57333854460748,0.19882096551872663,-0.5239754857435798,-0.524754367145108,3480.3316147304567,0.6687220519960073,5566476.286429926,1.3844605677905601,Standing_Xiaoye_2_2min_20260129_105714.parquet,0,Sit-Stand,25.203763,27.177376,Non-Fall
0.12160169533802297,1.071913545164071,0.002894152793431786,-0.04335421543481334,0.46107037130223305,0.7035336055519954,193.6530568824518,0.1642405366568549,0.7684112467889103,-0.31246303563500427,3440.771375589131,0.6335255133249486,4143445.1772720106,1.0737328595191509,Standing_Xiaoye_2_2min_20260129_105714.parquet,0,Sit-Stand,26.203792,28.177373,Non-Fall
0.3502230878311926,0.8464299721362365,0.004384515057508665,0.13135284792958196,0.07848926614929738,0.3310807715459394,217.58503333174338,0.22297969377577717,0.9303013217129297,0.3752396551601622,3451.8760252294414,0.6538459667617817,2501677.728595819,1.3859296512721775,Standing_Xiaoye_2_2min_20260129_105714.parquet,0,Sit-Stand,27.201971,29.1774,Non-Fall
0.3502230878311926,0.6971203304927415,0.005879135553843202,0.2785069557826593,-0.07874198581999094,-0.13196772118829006,79.85097463341457,-0.18615234464911656,0.8864434604021727,0.3301245807615784,3431.4104253692967,0.6599944327104249,1457263.5563845914,1.4073149678332812,Standing_Xiaoye_2_2min_20260129_105714.parquet,0,Sit-Stand,28.204329,30.177388,Non-Fall
0.3004028686201354,0.7196917063284389,0.009146856471191598,0.5452969228185056,0.4925730966766673,0.4414550240883074,308.4362829817089,0.4208035953777913,-0.43913652608943066,-0.33240531714481314,3481.897763356057,0.6891951120982592,4624225.744237525,1.490368781676656,Standing_Xiaoye_2_2min_20260129_105714.parquet,0,Sit-Stand,29.202546,31.177389,Non-Fall
0.3004028686201354,0.7198182178231376,0.008766562118085823,0.5170294470691039,0.4925730966766673,0.9674791259544101,234.94052068722,0.2635779032773748,-0.41630524516323897,-0.3855243898767121,3392.5823576721104,0.6846691441198686,5125305.212392408,1.2611636412755116,Standing_Xiaoye_2_2min_20260129_105714.parquet,0,Sit-Stand,30.203721,32.177403,Non-Fall
0.29129069554383047,0.5861309133834359,0.002612325389699636,-0.08114801194531997,0.3410399005238461,0.4308228672787659,298.27504018332667,0.40027861581187957,1.1829864279634823,1.1563937260210806,3413.052768966805,0.6419464127404838,4052763.809054799,1.4764424604608446,Standing_Xiaoye_2_2min_20260129_105714.parquet,0,Sit-Stand,31.201963,33.177362,Non-Fall
-0.04734750347604622,0.4845740222610894,0.0017796415501522877,-0.20671073332343173,0.6385956511909634,0.3954208288612802,426.07193954528657,0.6374534546589578,0.2535881393367904,0.19044342065309838,3373.0289800007977,0.6385582575646805,2747529.977963782,1.3078914120228091,Standing_Xiaoye_2_2min_20260129_105714.parquet,0,Sit-Stand,32.204056,34.177359,Non-Fall
0.40719621595420896,0.48447400739803226,0.0038891485267619876,0.0771521953840328,0.6542454994981817,0.8347117383944133,598.3812675622477,0.9062519171417444,1.6627984203601565,1.2901651482705712,3335.6463399762883,0.6432864980157513,11703120.623372976,1.2953693065509344,Standing_Xiaoye_2_2min_20260129_105714.parquet,0,Sit-Stand,33.20242,35.177391,Non-Fall
0.40719621595420896,0.5691523449828022,0.002710326358634107,-0.06778462120704394,0.6542454994981817,0.16252934788460338,538.9877399280441,0.8186026397364428,2.5877626648154184,3.7095540977679664,3411.011605177935,0.6469072307591452,1098519.9377541947,1.1192120474312943,Standing_Xiaoye_2_2min_20260129_105714.parquet,0,Sit-Stand,34.203586,36.1774,Non-Fall
-0.3661124601664362,0.663826079145522,0.00044018415680402065,-0.5050359328475755,-0.1535056699813046,-0.19671532821477913,104.53668490049867,-0.09550166727982241,0.39991904507769677,-0.5662014624325933,3418.657841655651,0.6334341357905032,776131.4725672352,1.1668749232087638,Standing_Xiaoye_2_2min_20260129_105714.parquet,0,Sit-Stand,35.201765,37.177359,Non-Fall
-0.3473681852762475,0.8147193204651126,0.0005620292422308402,-0.4666769824888378,-0.07492525082684968,0.24223006571097644,140.80386207347743,0.020012945004148065,0.39785327697907746,-0.6330041597456048,3452.0345362770117,0.6341528476343448,2703089.1929058395,1.1589305075788998,Standing_Xiaoye_2_2min_20260129_105714.parquet,0,Sit-Stand,36.202353,38.177388,Non-Fall
-0.26970144399120943,0.9622188603327892,0.0007425546362106877,-0.4168366115301449,-0.07492525082684968,0.18525039241143865,120.85966024518237,-0.04137355453773462,-0.03639354804797117,-0.40856721949005115,3464.1704867150406,0.6319474273068347,2949902.6814323515,1.3505699269977054,Standing_Xiaoye_2_2min_20260129_105714.parquet,0,Sit-Stand,37.201894,39.177396,Non-Fall
0.3829494863894681,1.0213403090899646,0.0034971130407912086,0.03175823764326851,0.7331882477237356,0.3759993495933372,401.2153126899651,0.5944528287598548,0.2742348486827816,1.1469685253198327,3486.823090235259,0.63972402960104,2929947.0944174468,1.5276587975067724,Standing_Xiaoye_2_2min_20260129_105714.parquet,0,Sit-Stand,38.203498,40.177369,Non-Fall
0.3829494863894681,0.8967406849284736,0.004130741451054147,0.10399211455161085,0.7331882477237356,0.2969114671633333,453.14321863791935,0.6828815368761618,0.6469045532896522,0.6401236268570176,3499.2908860259486,0.6777502661772478,3935164.3148942366,1.5421670446333695,Standing_Xiaoye_2_2min_20260129_105714.parquet,0,Sit-Stand,39.201841,41.177384,Non-Fall
0.09216449858251226,0.7282533862689929,0.0011074581180014968,-0.3320228949612165,0.47471103986349056,0.20715415437094348,382.9194745562994,0.5619442311593805,2.558471878340201,3.881005212432303,3435.0895704535037,0.631424870832652,1291004.943401427,1.1942451046863962,Standing_Xiaoye_2_2min_20260129_105714.parquet,0,Sit-Stand,40.201763,42.177368,Non-Fall
-0.44039452567664605,0.6766794529352617,0.00014684833063386302,-0.6297172955676479,0.47471103986349056,0.5726278031410234,382.91993443167274,0.5619450579261714,0.3767949837268316,0.6899741097750571,3406.794632662323,0.628726960460721,5918072.203233809,1.5864758974442026,Standing_Xiaoye_2_2min_20260129_105714.parquet,0,Sit-Stand,41.204332,43.177381,Non-Fall
-0.2511849130735211,0.6410202194235077,0.0009621063981385045,-0.36382683190317777,0.610392698297746,0.7161060609138682,396.18154756665126,0.5855839324775871,-1.5857627799831724,1.9309937841655787,3412.0764973754317,0.637734030446291,5912309.411097616,1.295056127673332,Standing_Xiaoye_2_2min_20260129_105714.parquet,0,Sit-Stand,42.202103,44.1774,Non-Fall
0.5453490864226692,0.6974493393209876,0.005817580835678934,0.2728450480394343,0.7614015753833756,0.0593762512781993,276.12654255517907,0.35429226542113623,1.2858328080520178,0.5913376537914351,3420.556465537753,0.66779252474798,3699080.432972112,2.1720165267050646,Standing_Xiaoye_2_2min_20260129_105714.parquet,0,Sit-Stand,45.83135,47.7574,Non-Fall
0.12328797337273456,0.7327615662230234,0.002196789154171016,-0.14081233294901507,0.652815831550229,0.635820815095072,459.324986854451,0.6930631845486958,0.7094707308824043,0.4752299926421083,3450.856589641503,0.654188128856453,6806425.465018287,1.3514228922457034,Standing_Xiaoye_2_2min_20260129_105714.parquet,0,Sit-Stand,50.803259,52.777391,Non-Fall
-0.32945016179321446,0.38028330730801213,0.00048021198269163507,-0.49190760920675425,0.652815831550229,0.35464716271277075,497.4773100856587,0.7544405125214938,-0.2157056066113941,1.740019289621305,3351.073500718491,0.6307283834860429,2002617.565144905,1.1539698369580922,Standing_Xiaoye_2_2min_20260129_105714.parquet,0,Sit-Stand,51.803792,53.777383,Non-Fall
-0.5781858892509479,0.3658224775678011,8.759521315741601e-05,-0.6685303494571704,-0.42708472324294416,-0.35322542755714526,46.61068769254124,-0.33452325948211836,-0.15751460245547705,-0.5932940974010839,3358.5910605765516,0.6305789842979852,576300.285897908,1.3646642886536315,Standing_Xiaoye_2_2min_20260129_105714.parquet,0,Sit-Stand,52.802469,54.802783,Non-Fall
-0.5781858892509479,0.3836161864671777,7.110404931687906e-05,-0.681570552685323,-0.6595502431596131,-0.5941252078713716,13.71200996932901,-0.5543444578507125,-0.48594730300845446,-0.22458182368436475,3349.589441885971,0.628797568756898,276957.2036355901,1.1728292006387564,Standing_Xiaoye_2_2min_20260129_105714.parquet,0,Sit-Stand,53.804136,55.801979,Non-Fall
-0.6019713319896325,0.27940852973545616,5.583949661445113e-05,-0.6950726093753067,-0.7057346576647328,-0.6349612309891209,7.14501473729853,-0.6268123875650801,-0.6062755845238161,-0.26877567717534023,3325.710586313142,0.6279082832219539,90870.03438359455,0.8224097225641706,Standing_Xiaoye_2_2min_20260129_105714.parquet,0,Sit-Stand,54.817372,56.802284,Non-Fall
-0.4764884967398848,0.36990825190590587,0.00016079143732899818,-0.6218071981770106,0.2847349717242428,-0.44257349083297703,143.22168865939932,0.027150707669686115,1.1735401292648568,0.45117339303863935,3347.431849735843,0.6296826847273987,379932.49899070483,1.3745055339374883,Standing_Xiaoye_2_2min_20260129_105714.parquet,0,Sit-Stand,55.817391,57.802288,Non-Fall
-0.194290555236645,0.5838581695443593,0.0008806775811635278,-0.38270148184470854,0.2847349717242428,0.03614988723880603,299.0423908153041,0.4018406951082159,0.643095558202768,0.43855094464918654,3396.7141406797637,0.6363668659311715,3813933.155591916,1.8210477608711397,Standing_Xiaoye_2_2min_20260129_105714.parquet,0,Sit-Stand,56.817405,58.80635,Non-Fall
1.5546073070357824,1.0356547577946118,0.0398831977713289,2.009382797298151,1.373660344410153,0.6129639109218775,521.2694520078134,0.7915292254417489,-1.4311230089876494,0.7331238454457295,3476.463939525628,0.7160892900562309,2827112.24672936,1.4981486624251765,Standing_Xiaoye_2_2min_20260129_105714.parquet,0,Sit-Stand,57.818711,59.803577,Non-Fall
1.8268706708546725,1.5016832136027618,0.01945654878647512,1.1621647048242474,3.228811974548474,3.338832491277971,3722.1840333897726,3.4777654463069845,0.9558139750248394,0.8610836739820216,3705.080200969305,0.6953952710434407,57738104.72779071,1.5489329784617045,Standing_Xiaoye_2_2min_20260129_105714.parquet,0,Sit-Stand,61.702079,63.677365,Non-Fall
1.1006070245898736,0.8512373757404593,0.011929007670439268,0.7363579815441655,2.1020466069304917,1.1192831432840975,1941.2506824829602,2.285155507918741,0.2792900230530617,0.7947442500324974,3457.3541671441785,0.7529810536584634,6423549.072219909,1.755262944482698,Standing_Xiaoye_2_2min_20260129_105714.parquet,0,Sit-Stand,62.704471,64.67739,Non-Fall
0.645840330400054,0.7752038033160598,0.003543089135197247,0.03720920703441938,-0.09198863516596056,-0.383208676917039,98.13470846392272,-0.11787773450892207,3.1730440456760647,3.392416939269076,3432.979155279355,0.6459363090755877,552754.5668643833,1.7945106263144337,Standing_Xiaoye_2_2min_20260129_105714.parquet,0,Sit-Stand,63.702145,65.677383,Non-Fall
-0.3972210694809362,0.6314833387415475,0.0004466645205309749,-0.5028711744273892,-0.5570781087101605,-0.579584091920636,24.835051118385962,-0.46424796276402086,-0.5775859170083749,-0.21629386035526538,3406.708651370003,0.6329517444039046,207444.52574271098,1.8672522087692867,Standing_Xiaoye_2_2min_20260129_105714.parquet,0,Sit-Stand,64.702317,66.677383,Non-Fall
-0.17860500105204533,0.7558159533258667,0.0010920892953919176,-0.33528282666846326,-0.2867833876351207,-0.415516181226746,49.42931834723516,-0.32021223971249163,0.4002378012281049,-0.02376231169275683,3415.6417971515502,0.6340868467380206,411073.89905873284,1.4572565793794714,Standing_Xiaoye_2_2min_20260129_105714.parquet,0,Sit-Stand,65.702171,67.677368,Non-Fall
-0.15705958190180802,0.7463988851936662,0.002022121624376781,-0.1675693093631336,0.15530130977181572,-0.15139835912027455,118.70246271749828,-0.048307764143002696,-0.2196011028137448,-0.582305598861287,3446.89162541422,0.647556980323961,1891024.1113513128,1.8311936333226173,Standing_Xiaoye_2_2min_20260129_105714.parquet,0,Sit-Stand,66.704115,68.677376,Non-Fall
-0.15705958190180802,0.5970927864878702,0.0020206399426487063,-0.16780112770019495,0.15530130977181572,0.010137486016673128,107.91723654906235,-0.08396233519826828,-0.4019272146840478,-0.6913819233730376,3386.31249577341,0.636805419485926,1478423.0430033368,1.2400374217801506,Standing_Xiaoye_2_2min_20260129_105714.parquet,0,Sit-Stand,67.704317,69.677388,Non-Fall
-0.24844157448748586,0.6287309133049747,0.0009345926449601638,-0.3701116681504549,-0.3059955898014761,-0.17961209062773426,66.24826371717057,-0.24220360119428558,-0.4432662162139884,0.0540558146558419,3414.5456815353964,0.6376960925240766,814522.5631267211,1.1963183929881978,Standing_Xiaoye_2_2min_20260129_105714.parquet,0,Sit-Stand,68.702349,70.677365,Non-Fall
-0.42570034975004684,0.5992792282778775,0.0001898595270645968,-0.6063516321440156,-0.5247352155148708,-0.4983794367943995,20.93862271169096,-0.49292702722330173,0.6835148751214576,0.33980711046311884,3402.721176726828,0.6310902570595296,444810.0733419694,1.4749518756275457,Standing_Xiaoye_2_2min_20260129_105714.parquet,0,Sit-Stand,69.701584,71.677391,Non-Fall
-0.5363053036890281,0.5374484119039811,0.00012464018403303978,-0.6431366825270854,-0.6382538316946139,-0.6213115637806954,12.815951977854432,-0.5630012674403702,-0.11259994216253309,-0.7588029897855852,3402.316546317963,0.6294198834959129,112941.02785085261,0.9628686981476273,Standing_Xiaoye_2_2min_20260129_105714.parquet,0,Sit-Stand,70.704442,72.677405,Non-Fall
-0.30289666973904883,0.8080572278806494,0.0008491123683001051,-0.39025174406020663,-0.0677413723771573,-0.37019224906688897,121.58511895514465,-0.03905552752303607,-0.16881028142610788,0.10351058665902182,3412.851050909336,0.6293428241689358,1303164.8236093419,1.6309582842967574,Standing_Xiaoye_2_2min_20260129_105714.parquet,0,Sit-Stand,71.702634,73.677408,Non-Fall
-0.0029754408206412244,1.085054904088279,0.0016125188192933147,-0.23526435113869065,-0.0677413723771573,-0.13937588447632931,101.14023056562228,-0.10728476653207833,-0.07314838985942636,0.006583072978297933,3514.5148946913964,0.631693855433515,653924.0961024679,1.007358368127387,Standing_Xiaoye_2_2min_20260129_105714.parquet,0,Sit-Stand,72.704074,74.677403,Non-Fall
-0.00020542481782787148,0.9202275764761446,0.002065433884860069,-0.16082997456598036,-0.2591550454592335,-0.22713928651974988,50.854321727382946,-0.3131323981660742,0.5681908690418548,0.12958797451790566,3469.9669965698995,0.6480575355490755,1158615.3712667294,1.4218122570740366,Standing_Xiaoye_2_2min_20260129_105714.parquet,0,Sit-Stand,73.704083,75.677377,Non-Fall
-0.00020542481782787148,0.8306343856900259,0.00158010960198158,-0.2409703524518371,-0.2591550454592335,-0.3329124587371062,40.82245945830869,-0.36533793727781994,0.6415535160143041,0.35772490107343463,3457.0753513135287,0.640045892580766,544778.0035363178,1.1517568817867871,Standing_Xiaoye_2_2min_20260129_105714.parquet,0,Sit-Stand,74.702085,76.677387,Non-Fall
-0.2416819695587848,0.8825672419834788,0.0006861199477570305,-0.43169241505479394,-0.4676350911156608,-0.4571117539093748,23.970877559027908,-0.47040247205170904,0.9230711863241161,-0.293754718627312,3447.295871707434,0.6333192732233417,460796.6282351522,1.4678293939649116,Standing_Xiaoye_2_2min_20260129_105714.parquet,0,Sit-Stand,75.704393,77.677408,Non-Fall
-0.34905182587221234,0.8300308108181448,0.00037182362801552806,-0.5289219102365647,-0.6228380818879946,-0.5636761475526324,14.813148131734156,-0.5440850935753447,0.8837699725880332,-0.07051179146039249,3454.0596905409016,0.6307073057199252,228626.68144513454,1.3121704785391608,Standing_Xiaoye_2_2min_20260129_105714.parquet,0,Sit-Stand,76.704055,78.677408,Non-Fall
-0.42417661120480843,0.816546695758296,0.0003538489023022746,-0.5355602146306839,-0.5401392840968773,-0.5105331125746183,16.868561756616607,-0.5259075369398264,0.5199669647947474,-0.6205446328414558,3453.068277931256,0.6293479740809075,303375.7365212385,1.1398591029644916,Standing_Xiaoye_2_2min_20260129_105714.parquet,0,Sit-Stand,77.702039,79.677366,Non-Fall
-0.4337090084937272,0.8360686679458827,0.0002835096307155954,-0.5633191053171356,-0.5401392840968773,-0.5228232041151424,17.026873134645847,-0.5245546720243067,0.14998366568859203,-0.6095491215629335,3458.1768839136844,0.6306179685051507,350328.3607976634,1.2060274477936825,Standing_Xiaoye_2_2min_20260129_105714.parquet,0,Sit-Stand,78.704364,80.6774,Non-Fall
-0.3706232989669852,0.8057681310727994,0.00045261598673531907,-0.5008968856475741,-0.5036243315814306,-0.4393406167704105,32.234428117712106,-0.41541384727270436,-0.25155679019160193,0.19015541847400308,3440.346084090498,0.6309466714782417,378605.224466294,1.3925474349998668,Standing_Xiaoye_2_2min_20260129_105714.parquet,0,Sit-Stand,79.703709,81.677362,Non-Fall
-0.2185584920926215,0.6511836502555426,0.0010773683792131975,-0.3384269072360326,0.004936883106790693,-0.1304150322196678,114.56867281705206,-0.06177401417457133,-0.21969881200388452,-0.5478369668456605,3431.73246956848,0.6358957568596837,1685561.395745033,1.7618712341036213,Standing_Xiaoye_2_2min_20260129_105714.parquet,0,Sit-Stand,80.70246,82.6774,Non-Fall
-0.2185584920926215,0.629584194499358,0.0011438147394153175,-0.3244000773711439,0.004936883106790693,-0.0660781356197821,120.09210163680666,-0.04383368857890054,-0.16916160230033356,-0.6829068142686465,3374.547733018446,0.6336594192617041,1177352.4956031304,1.533020128530158,Standing_Xiaoye_2_2min_20260129_105714.parquet,0,Sit-Stand,81.703955,83.677391,Non-Fall
0.10318247769361956,0.7438902342689703,0.002202729839734112,-0.1399213569929763,-0.2567230700443898,-0.12510607467173804,47.77362828520195,-0.3285676312296271,0.6915903431565642,0.4539820711242617,3454.1912959170945,0.6588732653030395,1247465.694463035,1.2214276007375653,Standing_Xiaoye_2_2min_20260129_105714.parquet,0,Sit-Stand,82.701964,84.677362,Non-Fall
0.10318247769361956,0.9190641359108707,0.002094207693044955,-0.15639180486408172,-0.2567230700443898,-0.3687897340662447,59.31693573279145,-0.2729900176457891,0.4874919571983901,0.5607558111693458,3445.511001985387,0.6324003058635091,719539.2684068121,1.481228305568182,Standing_Xiaoye_2_2min_20260129_105714.parquet,0,Sit-Stand,83.704057,85.677362,Non-Fall
-0.2720904469140818,0.8785021825971385,0.0016650282409011394,-0.2261398607212986,-0.4878367552317043,-0.5491099664469843,22.922044346373863,-0.4780231160314996,-1.640275650146841,0.08635235163934296,3458.39692486729,0.647037724794562,199677.90634343924,1.4346934536172833,Standing_Xiaoye_2_2min_20260129_105714.parquet,0,Sit-Stand,84.70373,86.67739,Non-Fall
0.13507528552429485,0.6602110907656469,0.002907744834377337,-0.04157907850519972,-0.37335359535222795,-0.4264634303470114,40.96653616597788,-0.3645453296772891,0.12081658253295932,0.21592264168007214,3387.2914397710033,0.6277844384084711,621267.051327481,1.477255532631938,Standing_Xiaoye_2_2min_20260129_105714.parquet,0,Sit-Stand,85.704039,87.677376,Non-Fall
-0.5162053338813324,0.6747965018384622,7.912160699200091e-05,-0.6750609160118511,-0.4835425746044194,-0.565181111700931,35.19355010841838,-0.3974805909575306,0.0331787969662614,-0.5419499411250199,3416.616817806122,0.6282286685126316,166079.51758863858,1.0702066199906874,Standing_Xiaoye_2_2min_20260129_105714.parquet,0,Sit-Stand,88.705879,90.677359,Non-Fall
-0.314760650140162,0.7719447566143137,0.0007771332045058961,-0.4080121169124322,-0.3467282957829997,-0.2572701570773594,72.39003978468696,-0.21624563244388137,-0.9070891854614805,0.5550004045580205,3467.55097822988,0.6303609306987158,960081.6530517633,1.176887782624565,Standing_Xiaoye_2_2min_20260129_105714.parquet,0,Sit-Stand,89.703841,91.677376,Non-Fall
-0.314760650140162,0.720418043498151,0.0010602358515641836,-0.34211322862613824,-0.34518956711139426,-0.19399973793727537,66.19016054179423,-0.2424547924988244,-0.7489244986804144,-0.4160993504672642,3382.635813322711,0.6280361888973715,1562474.902059222,1.2526864839185898,Standing_Xiaoye_2_2min_20260129_105714.parquet,0,Sit-Stand,90.70171,92.677368,Non-Fall
-0.05732456980974287,0.6438507857218366,0.0011329956821397597,-0.32665566200964685,-0.34518956711139426,-0.38956056760742686,68.70185432388064,-0.23169499446565925,1.779213834298966,1.2778950904456843,3428.9177835129926,0.641828042565554,657947.649159709,1.6691310856260702,Standing_Xiaoye_2_2min_20260129_105714.parquet,0,Sit-Stand,91.702352,93.6774,Non-Fall
-0.05732456980974287,0.6843623995760714,0.001328781811292818,-0.28737004075673667,-0.09929543477734433,-0.1674633414942395,172.21539527285313,0.10845607117320338,1.3641980855919527,0.782627489710276,3400.6481577902327,0.6313315363875373,419580.25431751413,0.9525644720842844,Standing_Xiaoye_2_2min_20260129_105714.parquet,0,Sit-Stand,92.704364,94.677408,Non-Fall
-0.010081152723393463,0.8184585065732884,0.0012801078943370345,-0.2968502790482942,0.8532302724556705,0.7185967233104231,593.8538793004406,0.8997284378372309,0.9691419694841853,0.5719528439943742,3473.483383697282,0.6492356083111931,7662966.099115338,1.2120619358902074,Standing_Xiaoye_2_2min_20260129_105714.parquet,0,Sit-Stand,93.701821,95.6774,Non-Fall
-0.010081152723393463,0.9285793128126254,0.0010162297508684542,-0.35172064961480914,1.131860339597845,1.4993559199552053,1054.720281492326,1.4701620541456286,1.2942600328387746,1.0331447805768534,3452.1368566118535,0.638525764742641,17493220.921123814,1.376611862133623,Standing_Xiaoye_2_2min_20260129_105714.parquet,0,Sit-Stand,94.70179,96.677359,Non-Fall
-0.05644852175479621,0.8466619668631179,0.0012772422395071854,-0.2974139955755115,1.1844291587373503,1.756443129934222,1378.2663065646439,1.7972348338981925,-0.3607382698082396,1.0974782145248563,3468.9142342465398,0.6402690818447312,13121540.298440307,1.1940585818018785,Standing_Xiaoye_2_2min_20260129_105714.parquet,0,Sit-Stand,95.704158,97.677413,Non-Fall
-0.0545218037055484,0.749926545129919,0.0015126271601323526,-0.25304229275033574,1.1844291587373503,1.5936292640319987,808.3393376059205,1.1855448392162098,0.4941263855664489,1.1260898349110708,3414.4929192639643,0.6363497655118214,9067732.454518912,0.9834191499245147,Standing_Xiaoye_2_2min_20260129_105714.parquet,0,Sit-Stand,96.701797,98.677384,Non-Fall
0.018276820115863724,0.7345050112276157,0.0011724336917020635,-0.31848444240363155,1.4863510826760933,1.6801798900604137,901.1987514784755,1.2973234283088413,1.5232383991107539,2.7759104298260504,3446.064069722271,0.6341262364290148,12266278.526854059,1.1327040197434661,Standing_Xiaoye_2_2min_20260129_105714.parquet,0,Sit-Stand,97.703631,99.677362,Non-Fall
0.018276820115863724,0.7442072946446254,0.001005926274673225,-0.35399999305945845,1.4863510826760933,1.8907331519723412,1280.2935977845718,1.7026835613340259,0.6360974299846968,2.7394759365040775,3445.278354202079,0.6361327739694497,18300187.8702271,1.3002330026081026,Standing_Xiaoye_2_2min_20260129_105714.parquet,0,Sit-Stand,98.701642,100.67736,Non-Fall
0.5003869996808129,0.9769998210794099,0.004367603915140214,0.1295546045923971,1.2544237398750049,1.0185607402163872,1044.6320505204524,1.4592077364913532,1.208799264612484,0.7085865349979742,3450.2484029206807,0.6555797770151722,6264901.649167494,1.3670309786913932,Standing_Xiaoye_2_2min_20260129_105714.parquet,0,Sit-Stand,99.701995,101.677391,Non-Fall
0.5003869996808129,1.111389955197754,0.006727670528561464,0.35372906120553566,0.32433115111352,0.18885914400918744,234.91404132134699,0.2635171265120114,-0.11256232939287632,-0.23369768658819043,3510.739848154327,0.6965537932563481,1821952.467719951,1.5742498845508934,Standing_Xiaoye_2_2min_20260129_105714.parquet,0,Sit-Stand,100.704391,102.677376,Non-Fall
-0.18707196183127783,0.7199403550530135,0.0007255545183517533,-0.4212504044754585,-0.003971404949545881,-0.21647902451299028,179.11623553171256,0.12677398542758306,0.5242943848727792,0.7521975957224958,3434.5731616634125,0.6333673088241769,607231.2812092179,1.257255895170059,Standing_Xiaoye_2_2min_20260129_105714.parquet,0,Sit-Stand,105.003688,106.977388,Non-Fall
-0.18707196183127783,1.0229537567552727,0.0017442909943235438,-0.21263479858846704,-0.003971404949545881,0.12714838939978224,153.29029055347667,0.05624597800969198,-0.16137055643468748,-0.8871594518040048,3508.64884747038,0.6471983536009542,3240255.0774355135,1.1329171780920915,Standing_Xiaoye_2_2min_20260129_105714.parquet,0,Sit-Stand,106.001807,107.977388,Non-Fall
-0.20695130517390442,1.1919102534657675,0.0016133860200310884,-0.235112462327018,0.560551600154197,0.6744112364332245,565.5346439760865,0.858346469303357,-0.4950566101613378,-0.9259138584578237,3536.9118585776087,0.6432743576965904,7352807.448568858,1.4299107977159071,Standing_Xiaoye_2_2min_20260129_105714.parquet,0,Sit-Stand,107.001618,108.977362,Non-Fall
-0.28571428741852056,0.8684689458991142,0.0007321191530952387,-0.4195399424727952,0.560551600154197,0.9079833752370434,666.7734568823646,1.0019504386434808,0.3800784514415378,-0.2037725995087151,3454.900899238418,0.6292418847099889,5793533.564544052,1.1374291364867093,Standing_Xiaoye_2_2min_20260129_105714.parquet,0,Sit-Stand,108.003939,109.977376,Non-Fall
-0.4390565733812928,0.6765827040948994,0.00027018248011682655,-0.5689537497154661,0.31470440338364725,0.05453204827110881,403.1370301157024,0.5978239812553972,0.05026266584619687,-0.7858782717518301,3399.722753155249,0.6286576437645959,1083388.694475916,1.2659737039007262,Standing_Xiaoye_2_2min_20260129_105714.parquet,0,Sit-Stand,109.00173,110.977366,Non-Fall
-0.4390565733812928,0.6445182347169912,0.00026534398865897096,-0.5710337139037197,-0.39517288171360626,-0.3876420042575732,40.38531137190281,-0.3677514138422435,0.3571554327791464,-0.6780027765387534,3406.202064976755,0.6305085957968178,586455.2604753255,1.394937943943102,Standing_Xiaoye_2_2min_20260129_105714.parquet,0,Sit-Stand,110.003793,111.977376,Non-Fall
-3.2353590091458166e-05,1.2814211574600605,0.0020991346288206218,-0.15563492189140335,-0.012101651044525126,-0.3036639856925012,97.56346433258022,-0.11990934550357914,0.2774000089928257,0.0522627558330669,3544.3887081102866,0.639756593291666,506805.3058431999,1.3280624103727894,Standing_Xiaoye_2_2min_20260129_105714.parquet,0,Sit-Stand,120.303939,122.277362,Non-Fall
-0.04664817019495277,0.9386136632147961,0.000974778354190668,-0.36096248239586154,0.5954351678758742,0.7135184863260289,446.728143922323,0.6722419200349277,0.8954933463024521,1.5816949367008146,3481.7565981452003,0.631569155886623,6046575.398021238,1.2473637563551228,Standing_Xiaoye_2_2min_20260129_105714.parquet,0,Sit-Stand,123.303761,125.277405,Non-Fall
-0.35822989675539846,0.7405447500515023,0.0005542270047140147,-0.4690001032491515,0.6586413571153777,0.12224272617647183,564.7849900269952,0.8572371107219936,-0.494246195397033,-0.5862538037480289,3432.756622720974,0.6318351011682931,1697598.9618514988,1.7328475563646273,Standing_Xiaoye_2_2min_20260129_105714.parquet,0,Sit-Stand,125.601833,127.577383,Non-Fall
-0.34867762658408186,0.5980104404059199,0.000799715963754241,-0.4023546114627246,0.6586413571153777,0.16211556224538418,517.8384229814254,0.7862337325201642,-0.22268002460237987,-0.7223800570824574,3390.3566703455836,0.6296646113525319,3067970.097342939,1.683391535097866,Standing_Xiaoye_2_2min_20260129_105714.parquet,0,Sit-Stand,126.601748,128.577368,Non-Fall
-0.1968198264908942,0.6540325915717842,0.0011369941486012649,-0.3258208021356924,0.10587162616476303,0.11570299681070367,206.4131796165921,0.19598411442913505,-0.2750059253834527,-0.04339681228563783,3417.8575804682296,0.6427254045146183,3224208.043543283,1.3117215795410007,Standing_Xiaoye_2_2min_20260129_105714.parquet,0,Sit-Stand,127.603506,129.577391,Non-Fall
-0.08809220414056948,0.6942175989531182,0.001307295397210165,-0.2915331748780818,0.10587162616476303,0.17991074652592998,193.1017513409128,0.1628458188900421,1.0687471459569906,0.9978143252630239,3404.363691588286,0.6339377623098633,2242527.8260695296,1.1326499062229751,Standing_Xiaoye_2_2min_20260129_105714.parquet,0,Sit-Stand,128.601753,130.577408,Non-Fall
-0.08809220414056948,0.8217366020117216,0.0007534873296047799,-0.4140247748150727,-0.3542983830066585,-0.3638872091644024,75.25356136221863,-0.20452029650117085,2.5580121853841606,3.0312782619275045,3452.88715550386,0.6340706093761906,339083.68163008324,1.2977743880476342,Standing_Xiaoye_2_2min_20260129_105714.parquet,0,Sit-Stand,129.601709,131.577362,Non-Fall
0.2997525552675883,0.9753414332273225,0.0019202386294480244,-0.1837125876089354,-0.7449385999497694,-0.7009883550704618,3.0635357448871434,-0.6917351097853982,2.581940513474495,3.29107270317685,3467.6339257844206,0.6335814432794926,80308.44037988408,1.0674094951364792,Standing_Xiaoye_2_2min_20260129_105714.parquet,0,Sit-Stand,138.804142,140.777408,Non-Fall
-0.3134614469105687,0.8120317149240046,0.00023677109164526154,-0.5837236830406942,-0.4630364808789878,-0.5998262089055847,21.574968458864586,-0.48807131277033844,3.2024866974822115,3.233590357311688,3422.511100524745,0.6269039634117456,120748.19632076076,0.6947425689240381,Standing_Xiaoye_2_2min_20260129_105714.parquet,0,Sit-Stand,143.003492,144.977403,Non-Fall
-0.05522233500027264,0.7806766614748125,0.0011385978149196637,-0.32548637711938405,-0.4489951003695941,-0.34961487230800253,36.781412629637344,-0.3881682187528134,1.7307210202601562,1.2896076168330124,3431.1417761785906,0.6292868163481333,762419.7651537702,1.1684951241874968,Standing_Xiaoye_2_2min_20260129_105714.parquet,0,Sit-Stand,147.103918,149.0774,Non-Fall
0.822665446281223,0.178277642530148,0.006688248442504758,0.3503432575084812,0.9073693614581669,0.7885979892865772,653.8180716329261,0.9842133217075785,2.236039008491342,1.8315415047835346,3281.0912436541034,0.6665775315802595,6868505.2946656495,1.3608602267202954,Standing_Xiaoye_2_35sek_20260202_162827.parquet,0,Sit-Stand,1.003273,2.978747,Non-Fall
0.822665446281223,-0.1269972745785902,0.005872537479368408,0.2779014764851722,0.9073693614581669,0.5926216436138998,712.0589278288863,1.0626343351430307,2.8656531319217775,3.0787797365164593,3356.6271029087793,0.7153028380632259,6178221.934091722,1.6417040698226515,Standing_Xiaoye_2_35sek_20260202_162827.parquet,0,Sit-Stand,2.005389,3.978778,Non-Fall
-0.3382132270260263,-0.0949910104847269,0.00046987931828210497,-0.49524239538132264,-0.2992717579591432,-0.19844903825645704,76.55177839924525,-0.19927802540111497,1.42589902562259,1.849907814378425,3201.0695205279408,0.6237218791052653,1374024.2687034192,1.4480835842248472,Standing_Xiaoye_2_35sek_20260202_162827.parquet,0,Sit-Stand,3.003513,4.978766,Non-Fall
-0.4985280504891818,-0.39594453247464945,0.0006241441446086173,-0.44872953653912695,-0.01480817639772216,-0.21616255018163616,120.08825922504693,-0.0438460237984068,-2.7235310757497295,3.340151649526438,3154.1402894314087,0.6308495675231848,976573.3492634182,1.5081554679418525,Standing_Xiaoye_2_35sek_20260202_162827.parquet,0,Sit-Stand,5.004892,6.978767,Non-Fall
-0.6699328457639686,-0.4470837060963239,0.000135392312842479,-0.636502224667711,-0.43758524625735384,-0.5606746150633299,17.296628760954867,-0.5222638582001232,-2.260608235923289,0.9406179716036127,3184.3881702105023,0.6302937738370546,165091.63836199194,0.8600342701444803,Standing_Xiaoye_2_35sek_20260202_162827.parquet,0,Sit-Stand,6.005081,7.978757,Non-Fall
-0.682082630843022,-0.37997774982388743,9.70703749144791e-05,-0.6615918009929019,-0.6821607817216088,-0.6395609518078661,5.643174188769948,-0.6477430830772596,-0.8698911847663883,-0.5093329779453071,3182.8937350559017,0.629422427229062,146978.98128900473,0.9216212465934253,Standing_Xiaoye_2_35sek_20260202_162827.parquet,0,Sit-Stand,7.006338,8.978769,Non-Fall
-0.682082630843022,-0.3967879081774967,8.042894215737818e-05,-0.6740313045840985,-0.7791281884046724,-0.6908898466331516,1.2769255745990313,-0.7353784229870256,-0.9157891342632362,-0.2847769536248351,3181.831296891512,0.6287544054613989,93216.08446364147,0.8324999332605604,Standing_Xiaoye_2_35sek_20260202_162827.parquet,0,Sit-Stand,8.003577,9.978757,Non-Fall
-0.6497651790538259,-0.37958821227029205,5.9445459740296604e-05,-0.6917312744456228,-0.6920470923150959,-0.660630631110861,4.242870310487939,-0.6699567466112325,0.0530153495967044,-0.1894030204963521,3185.1725648065335,0.6281003496678932,126801.34654045275,1.09659427697755,Standing_Xiaoye_2_35sek_20260202_162827.parquet,0,Sit-Stand,9.004922,10.978732,Non-Fall
-0.6497651790538259,-0.342873022933747,5.701310869705717e-05,-0.6939735869193334,-0.6920470923150959,-0.6544565325720368,4.970121992010499,-0.6580268915285719,-0.06023263672584663,-0.050708505608266674,3195.6312042472055,0.628880149813198,140358.41594334884,1.0577323008971173,Standing_Xiaoye_2_35sek_20260202_162827.parquet,0,Sit-Stand,10.003366,11.978785,Non-Fall
-0.6895935713483202,-0.33709926200847845,3.453006611925525e-05,-0.7175308714460344,-0.7536060801593539,-0.6943144778810033,1.5300102969946687,-0.7278551973167685,-0.5565769148798644,-0.2402446373593415,3190.4718371558524,0.6277061301464032,83580.82333310496,0.7771391398409159,Standing_Xiaoye_2_35sek_20260202_162827.parquet,0,Sit-Stand,11.005172,12.97877,Non-Fall
-0.7122123194563365,-0.30681326106774154,3.924013784750723e-05,-0.7120727827519506,-0.6761434147752216,-0.6811415953744289,3.477323032482475,-0.6836815280586743,-0.527831932695838,-0.916576174894531,3196.955370811024,0.6278187124131928,83245.31807119709,0.7471968639042901,Standing_Xiaoye_2_35sek_20260202_162827.parquet,0,Sit-Stand,12.003511,13.978766,Non-Fall
-0.39722106948093533,-0.21431121189457591,0.0004571193613954399,-0.49941158697485327,-0.15143632216661362,-0.44064370839633654,69.87726442168886,-0.22672728542469692,1.924533225065824,1.544277373656868,3212.4894656017773,0.629200679974302,389423.4767985486,1.2249158073111859,Standing_Xiaoye_2_35sek_20260202_162827.parquet,0,Sit-Stand,13.004867,14.978781,Non-Fall
-0.20677018339263556,-0.10699366934095011,0.0008897770607345594,-0.38055014951524024,-0.15143632216661362,-0.24884829040791245,81.2236162534957,-0.18077139023390668,1.624581800507765,1.1676573850667369,3278.415326545608,0.6463102391498603,768400.1397379515,1.603275509896498,Standing_Xiaoye_2_35sek_20260202_162827.parquet,0,Sit-Stand,14.00571,15.978761,Non-Fall
-0.20677018339263556,-0.12981787618735693,0.0006403569593201221,-0.4441938852718571,-0.27962762563849003,-0.24686726705543735,52.61755839664775,-0.3045080370936801,2.144570469195323,2.920216497924268,3229.340740495834,0.6321311939327762,1159892.3551604375,1.3710545441013253,Standing_Xiaoye_2_35sek_20260202_162827.parquet,0,Sit-Stand,15.005046,16.97879,Non-Fall
-0.5146482584993628,-0.2608614128022652,0.0002059507808625201,-0.5983040015998559,-0.5273952635906723,-0.40466379668963065,41.287937246402905,-0.36278221677364725,1.5101397600013673,1.2716350556416554,3204.3742554279315,0.6288051746016378,644836.6402503785,1.2947898889660194,Standing_Xiaoye_2_35sek_20260202_162827.parquet,0,Sit-Stand,16.005121,17.978754,Non-Fall
-0.7091481482147116,-0.2936198050962541,3.49656444107106e-05,-0.7170110893959567,-0.5767647245275512,-0.6543719146186809,12.058940286661139,-0.5705536504017709,-0.4827959463656345,-0.6972822986000438,3205.9553942804628,0.6283884136507176,91024.76190576851,0.8635366677380171,Standing_Xiaoye_2_35sek_20260202_162827.parquet,0,Sit-Stand,17.004914,18.978799,Non-Fall
-0.714051966824491,-0.30983807609330033,2.4917367616128892e-05,-0.7299744201614974,-0.8159600851112728,-0.7185270129100996,0.5252587423234152,-0.7638928532532046,0.0280738895043186,-0.6672349157490521,3199.318209225653,0.6279925701324559,67455.13408929369,0.7307633410217389,Standing_Xiaoye_2_35sek_20260202_162827.parquet,0,Sit-Stand,18.004949,19.97877,Non-Fall
-0.7212143368212712,-0.3458137592359423,2.61363991763338e-05,-0.7282770993773936,-0.8268156797968937,-0.7080585450567025,0.25192248485853436,-0.7795711030709018,0.04134001811745865,-0.6075239582172115,3193.6950934300007,0.6279944881553671,83227.26383645504,0.7080917466849439,Standing_Xiaoye_2_35sek_20260202_162827.parquet,0,Sit-Stand,19.005229,20.978773,Non-Fall
-0.7212143368212712,-0.337308173980699,2.475557821178572e-05,-0.7302027815166596,-0.8258599683562153,-0.69884982211948,0.1325351341337957,-0.7892713080277599,-0.03492248542669954,-0.5539936374681406,3188.700332721395,0.6269968466153348,88763.04052669663,0.6724360708950049,Standing_Xiaoye_2_35sek_20260202_162827.parquet,0,Sit-Stand,20.005251,21.978766,Non-Fall
-0.714051966824491,-0.3171176531700171,2.213138276012416e-05,-0.7340167079033959,-0.8258599683562153,-0.7056506963639987,0.16253404678270048,-0.7865201304472327,0.2103042603390497,-0.32355368651549715,3200.994493761594,0.6284917837976798,80664.6850192457,0.6696930009333567,Standing_Xiaoye_2_35sek_20260202_162827.parquet,0,Sit-Stand,21.004928,22.978807,Non-Fall
-0.714051966824491,-0.29266468628353604,2.3410492775518444e-05,-0.732130987943574,-0.8314907944291722,-0.7114151126692712,0.09765959938127806,-0.7928982603985999,0.7009417053617452,-0.5434107278532055,3204.2526853621885,0.6279033797893736,73910.41528074743,0.6412942704196203,Standing_Xiaoye_2_35sek_20260202_162827.parquet,0,Sit-Stand,22.004839,23.978725,Non-Fall
-0.714051966824491,-0.31036726919616964,2.644940093071615e-05,-0.7278477148708258,-0.8314907944291722,-0.7097984444993465,0.08658379691704912,-0.7941826222906591,-0.8883829323322574,1.432162374807472,3197.4120832577196,0.627527224685058,80360.6930760359,0.6763667325943568,Standing_Xiaoye_2_35sek_20260202_162827.parquet,0,Sit-Stand,23.004876,24.978746,Non-Fall
-0.714051966824491,-0.3249285738029542,2.288410557787196e-05,-0.7329006128158182,-0.8317770263108373,-0.7138875239805904,0.0849631343298602,-0.7943773006605674,-1.3231720581965651,1.9849856651760753,3195.3107136341077,0.6274796517758549,72572.44623064445,0.6397046304356917,Standing_Xiaoye_2_35sek_20260202_162827.parquet,0,Sit-Stand,24.00749,25.978757,Non-Fall
-0.6950835271876281,-0.29994862662637084,2.2167845781183604e-05,-0.7339622091559114,-0.8354280426817358,-0.7177654588061849,0.08286377070374305,-0.7946322636229596,0.8634430813354668,-0.3139004544365833,3204.3852004847686,0.6281493345348006,74310.36261425058,0.6564481409567163,Standing_Xiaoye_2_35sek_20260202_162827.parquet,0,Sit-Stand,25.004923,26.978773,Non-Fall
-0.6950835271876281,-0.2928161106081428,2.5011022922885956e-05,-0.7298425669488027,-0.8332325363659797,-0.7160754831909413,0.10457304744277948,-0.7921332906378166,0.7975039514276215,-0.5892307045714895,3201.6324975632833,0.6276352558636551,70807.27443164773,0.6263567677014549,Standing_Xiaoye_2_35sek_20260202_162827.parquet,0,Sit-Stand,26.003134,27.978745,Non-Fall
-0.714051966824491,-0.3135802681213415,1.8026502824595383e-05,-0.7404690355975845,-0.8332325363659797,-0.7134379011278104,0.09005615413229069,-0.7937715552697899,1.3040208487823992,-0.6159961764977903,3200.15695793621,0.627810557808023,75326.71982699273,0.6421992419300773,Standing_Xiaoye_2_35sek_20260202_162827.parquet,0,Sit-Stand,27.00366,28.978757,Non-Fall
-0.714051966824491,-0.3004459313997213,2.3689803930782022e-05,-0.7317261228948707,-0.8114680579448224,-0.7059146564357789,0.19086480522209,-0.7841471886442256,0.5538035547987615,-0.6503287022625368,3200.1380994649544,0.627592372123496,78586.7323832955,0.6501256307930985,Standing_Xiaoye_2_35sek_20260202_162827.parquet,0,Sit-Stand,28.003879,29.978732,Non-Fall
-0.544921689106022,0.1611036915548218,0.00022504958776720305,-0.5891501047978801,-0.5568952700330341,-0.4980609600050156,23.11248559407794,-0.4766266453679329,-0.7917214303643757,-0.15500265682741105,3306.818447217936,0.6310874000418748,301121.45389578847,1.130282629472952,Standing_Xiaoye_3_20sek_20260202_095326.parquet,0,Sit-Stand,0.665376,2.639832,Non-Fall
-0.5641780118483779,0.15361323298543494,0.00023715020828879178,-0.5835504416389019,-0.5610278502800219,-0.5679545568070152,25.684542589947622,-0.45830153461682793,-2.219960835046481,0.7032681452129537,3316.14557388667,0.6305880571521936,244975.77873617332,1.4740220985444301,Standing_Xiaoye_3_20sek_20260202_095326.parquet,0,Sit-Stand,1.664594,3.639818,Non-Fall
-0.5047356475055883,0.024909981735947478,0.0004140422034305344,-0.513934791919368,-0.5610278502800219,-0.4591620248126156,26.638020175480296,-0.451743167250915,-1.0417553920813152,-0.6392411035313451,3273.7043096065267,0.6286074372927676,460329.9518951525,1.520401195756557,Standing_Xiaoye_3_20sek_20260202_095326.parquet,0,Sit-Stand,2.664483,4.639868,Non-Fall
-0.548059406044701,0.16761112267753056,0.0002861213558322118,-0.5622305168682113,-0.5170298217929576,-0.5001973419374536,32.79968471263157,-0.41192653486432274,-1.8779112621038616,1.241027165998252,3314.903895762742,0.6323088540873223,346048.1164582311,1.6332632669007014,Standing_Xiaoye_3_20sek_20260202_095326.parquet,0,Sit-Stand,8.364948,10.339832,Non-Fall
-0.5813492503678664,0.1982414319367939,7.902336140361871e-05,-0.6751386332408121,-0.572349712064235,-0.6318169212002216,15.107299168148183,-0.541409603680767,0.43091890553033807,-0.22215682515380972,3306.9718760739274,0.6285446040467185,114243.87678168002,1.094207709260255,Standing_Xiaoye_3_20sek_20260202_095326.parquet,0,Sit-Stand,9.364572,11.33981,Non-Fall
-0.6181058008780378,0.1689244943620062,3.955960118500781e-05,-0.7117147758124741,-0.7754100324403329,-0.6884094570686021,1.7171502215430197,-0.7226861937486048,-0.34457184336038477,-0.5540882157348952,3300.162787858756,0.6277233818915685,94289.90774765865,0.8225041337838418,Standing_Xiaoye_3_20sek_20260202_095326.parquet,0,Sit-Stand,10.364195,12.33981,Non-Fall
-0.6393180564657142,0.19607453246529366,3.267329527284842e-05,-0.7197842605029772,-0.7754100324403329,-0.6944778794660844,2.008407841728396,-0.7151729771434572,-0.7433374869773662,-0.2907467610099764,3314.4317739789253,0.6284947341345621,94161.40285760596,0.8165911820717048,Standing_Xiaoye_3_20sek_20260202_095326.parquet,0,Sit-Stand,11.364458,13.339865,Non-Fall
-0.6298988155691772,0.23264899040493006,3.0220515060604656e-05,-0.7228615560641541,-0.7957096891516735,-0.7105340668620824,2.221619734843966,-0.7100136911156953,0.06728117249930102,-0.6480141627986825,3317.233865678557,0.6281092448366967,77869.78651312928,1.0351849930017853,Standing_Xiaoye_3_20sek_20260202_095326.parquet,0,Sit-Stand,12.364334,14.339824,Non-Fall
-0.6298988155691772,0.23106314851921847,2.9540512400661233e-05,-0.7237366215011685,-0.7957096891516735,-0.7154240940222598,2.076939871508694,-0.7134860120907354,0.03410549042465725,-0.7205279416553965,3320.833370610109,0.6286564274649216,78222.63170434408,0.8838301241533895,Standing_Xiaoye_3_20sek_20260202_095326.parquet,0,Sit-Stand,13.364784,15.339851,Non-Fall
-0.6393180564657142,0.22237555465221912,2.2976944272468477e-05,-0.7327642364323651,-0.7722760944749893,-0.6987856445775374,1.6268351788332724,-0.7251436129149377,0.13436754919950708,-0.5197753900984521,3315.457673146046,0.6278912963997377,91190.06626920469,0.9335386003806866,Standing_Xiaoye_3_20sek_20260202_095326.parquet,0,Sit-Stand,14.364629,16.339832,Non-Fall
-0.6445382129070134,0.1965115443651375,2.251004362116788e-05,-0.7334529181084756,-0.7624281602406979,-0.6770110495928796,2.225309779498322,-0.7099266321983304,-0.7075254891814059,-0.30608181558150194,3304.660932872341,0.6272824990015439,131856.6923221948,0.9758305770037925,Standing_Xiaoye_3_20sek_20260202_095326.parquet,0,Sit-Stand,15.366262,17.339851,Non-Fall
-0.6139165993148105,-0.04320879010478132,9.309694931547064e-05,-0.6644583063610913,-0.37725650838700026,-0.5397245559107141,44.64071815020416,-0.3447839540646601,-0.6228429119002238,-0.22215138344993096,3257.2368466724574,0.6294255434150905,648329.5617984465,1.8735386570095005,Standing_Xiaoye_3_35sek_20260202_162956.parquet,0,Sit-Stand,0.068925,2.044648,Non-Fall
-0.6043575648432861,-0.1306027586757007,7.739190369120206e-05,-0.6764363325627196,-0.37725650838700026,-0.5783796225575575,39.23137159083303,-0.37418575725537995,-0.36468163870809,0.4792649406384846,3244.871361034823,0.6286375436117937,137563.13472304455,0.8464061775413037,Standing_Xiaoye_3_35sek_20260202_162956.parquet,0,Sit-Stand,1.068957,3.044636,Non-Fall
-0.6043575648432861,-0.07288953620795935,6.076515619718671e-05,-0.6905338693547299,-0.7983501177986239,-0.6832008447125426,0.5560019711184235,-0.7624217610585214,-0.0637841520371144,0.3547043638433424,3245.428724490651,0.6277548684009553,96801.20380970239,0.7824208931242222,Standing_Xiaoye_3_35sek_20260202_162956.parquet,0,Sit-Stand,2.068907,4.044588,Non-Fall
-0.6529851698821993,-0.0735770380386324,3.8675834736068846e-05,-0.7127087488458663,-0.7983501177986239,-0.684965808871332,0.3887531629511702,-0.7710165809532423,-0.316064314791427,-0.5010924794168362,3252.0331584714218,0.6282167059425323,93972.66044174072,0.6775310525840456,Standing_Xiaoye_3_35sek_20260202_162956.parquet,0,Sit-Stand,3.0708,5.044648,Non-Fall
-0.6755981249849783,-0.05690695524237961,2.26749173534443e-05,-0.733208919609849,-0.8184023794120873,-0.7022768291718797,0.28824005090083005,-0.7771112336675016,0.24435303180141546,-1.0930137912829059,3255.7658035586637,0.6280575896893343,84978.5168310053,0.7061193649487807,Standing_Xiaoye_3_35sek_20260202_162956.parquet,0,Sit-Stand,4.069402,6.044644,Non-Fall
-0.6755981249849783,-0.062217745522248874,2.502953015488795e-05,-0.7298165406540569,-0.8166196650635058,-0.7045316382193414,0.3059505027860061,-0.7759680217553367,-0.10028216979951168,-1.1578729269569723,3251.9676256146367,0.6277351478575894,82718.42067649188,0.7571998162748923,Standing_Xiaoye_3_35sek_20260202_162956.parquet,0,Sit-Stand,5.069382,7.044592,Non-Fall
-0.20568360766448324,0.020056784510073374,0.002954006719098368,-0.035568103561840564,-0.034740572814452836,-0.2735903759185992,151.46505534453053,0.051044139748971436,-1.544324721318507,0.8000570491870957,3222.517564294412,0.6614233362430977,1458669.252007254,1.779067910641306,Standing_Xiaoye_3_35sek_20260202_162956.parquet,0,Sit-Stand,7.069429,9.044629,Non-Fall
-0.20568360766448324,0.3101685023674719,0.0022060466073735192,-0.13942443529899431,-0.034740572814452836,-0.3336375678559974,145.88764415368257,0.03495149038969353,-1.622386308941185,1.3674824484529813,3363.9983184429575,0.6335282840411549,512769.7946395715,1.164403721505181,Standing_Xiaoye_3_35sek_20260202_162956.parquet,0,Sit-Stand,8.070473,10.04459,Non-Fall
-0.5567005252351291,0.38528470221321426,6.990655795092105e-05,-0.6825737406938599,-0.7984466596688293,-0.6956700676971905,0.5417524312554403,-0.7630984189023096,0.26002329055201967,-0.3283465724261212,3350.579245871668,0.6282950350928902,85911.70587584945,0.7112616638518269,Standing_Xiaoye_3_35sek_20260202_162956.parquet,0,Sit-Stand,9.069196,11.044621,Non-Fall
-0.6021701310177605,0.39273323272423616,5.082259006024348e-05,-0.6999063472137366,-0.8229583795966016,-0.7049320180024032,0.1951000529522665,-0.7838080141398148,-0.7365363546747494,-0.7847761983441403,3355.5368725172552,0.6281789969377158,81507.37305149446,0.7043146113414103,Standing_Xiaoye_3_35sek_20260202_162956.parquet,0,Sit-Stand,10.069424,12.044636,Non-Fall
-0.5972030797625499,0.41673170486042077,5.056580283830826e-05,-0.7001600420077531,-0.7979746255302699,-0.7016977628170084,0.6556364661141332,-0.7579146013330623,-0.9501947314386984,-0.7734423672813235,3352.310372744808,0.6270209977150556,77909.91188443899,0.7162721045590821,Standing_Xiaoye_3_35sek_20260202_162956.parquet,0,Sit-Stand,11.070917,13.044641,Non-Fall
-0.5972030797625499,0.40756566331640803,6.249373986885406e-05,-0.6889849676252024,-0.7979746255302699,-0.6994519258110345,0.7835514837168109,-0.7526044777717661,-0.7507418752442171,-0.8665549767229287,3358.6196860812042,0.6284030174898527,90305.07733573137,0.8220408558658522,Standing_Xiaoye_3_35sek_20260202_162956.parquet,0,Sit-Stand,12.071917,14.071195,Non-Fall
-0.5972030797625499,0.3992361214852144,4.7972628973343536e-05,-0.7027589944750551,-0.8209749260905959,-0.7059558623217455,0.32052919074139175,-0.775051577462641,-0.5780240766430372,-0.7584631409786275,3355.2949528458007,0.6280719061134652,85367.1234746923,0.7087792628339976,Standing_Xiaoye_3_35sek_20260202_162956.parquet,0,Sit-Stand,13.070976,15.070654,Non-Fall
-0.6155119728962843,0.41156627719402483,3.685332095790894e-05,-0.7147950501938399,-0.8106467840674788,-0.7077490970884012,0.4758997763168824,-0.7663478924454509,-0.7866744517014999,-0.8353920101229023,3352.706767606565,0.6276265966305521,84928.74071208708,0.7788712424879302,Standing_Xiaoye_3_35sek_20260202_162956.parquet,0,Sit-Stand,14.084632,16.069679,Non-Fall
-0.26584503451612346,0.3579664670262427,0.0008736522773172507,-0.3843700435544022,-0.30549390707577456,-0.43628956632986676,80.13012240943067,-0.18505432091391874,-0.008891900050332349,0.15189072998450875,3385.2683210802766,0.6410620222314629,424556.0677882227,1.8334366897036372,Standing_Xiaoye_3_35sek_20260202_162956.parquet,0,Sit-Stand,15.084636,17.070695,Non-Fall
-0.26584503451612346,0.1293786789487181,0.0011841133803298478,-0.31609098084511855,-0.30549390707577456,-0.24209452695787398,59.85893082051912,-0.27051992046558615,0.2562646564623702,-0.4738973717845964,3259.749182839645,0.6365621858196072,1113790.1051543506,1.2290991438767107,Standing_Xiaoye_3_35sek_20260202_162956.parquet,0,Sit-Stand,16.08462,18.070672,Non-Fall
-0.543549691592273,0.010549520136105151,0.0003400309906993991,-0.5407788110017896,-0.4168360690567247,-0.38680703034132424,29.15794462710132,-0.43495479210804955,-1.2068719137737747,0.23229072335133924,3276.4135416920512,0.6312678867424958,551809.4218749304,1.1942364323374508,Standing_Xiaoye_3_35sek_20260202_162956.parquet,0,Sit-Stand,17.084605,19.071015,Non-Fall
-0.6224991601710808,0.01101041584021934,8.65109977749117e-05,-0.6693477641797523,-0.5376778878381654,-0.5616082312138847,18.805716873551184,-0.5097654838150415,-1.5761579892669428,0.5592129273042543,3263.9977442319328,0.6277792625455003,193490.2816046483,1.027358730325637,Standing_Xiaoye_3_35sek_20260202_162956.parquet,0,Sit-Stand,18.084614,20.070933,Non-Fall
-0.6451409763433075,-0.01362755680223377,7.191744713958526e-05,-0.6808939464117153,-0.7132589053202345,-0.6748317621735073,0.99326786667411,-0.7447632748878288,-2.0310362311372896,1.0959176107629833,3268.9254463626476,0.6278923022115207,105575.21253017194,0.7182798277574898,Standing_Xiaoye_3_35sek_20260202_162956.parquet,0,Sit-Stand,19.084588,21.070398,Non-Fall
-0.6451409763433075,0.014695998549885885,3.343613412561323e-05,-0.7188509197128692,-0.8039767816945845,-0.6980724323360394,0.5568846802781564,-0.7623801312966533,0.032460244799270954,-0.3581386767203733,3273.3497894300463,0.6280593670072979,83610.9512007309,0.7263585227446898,Standing_Xiaoye_3_35sek_20260202_162956.parquet,0,Sit-Stand,20.084595,22.070734,Non-Fall
-0.6610465147015531,0.0113060870916658,2.3573257252419483e-05,-0.7318947670231166,-0.8049914460343642,-0.7054546353108673,0.30789683641663657,-0.7758444271913695,0.06502137343842601,-0.6511305743911893,3266.9566952438804,0.6273872831977942,84310.52234971382,0.746191036530058,Standing_Xiaoye_3_35sek_20260202_162956.parquet,0,Sit-Stand,21.084641,23.070669,Non-Fall
-0.6640737208155857,0.03054408191142218,2.197894862841999e-05,-0.7342450282563234,-0.8049914460343642,-0.7009965153436621,0.12757120224793808,-0.7897555716518389,0.6882229172346118,-0.7019094096545715,3270.8244585294588,0.6274634445833495,84109.30091491638,0.6645432746021699,Standing_Xiaoye_3_35sek_20260202_162956.parquet,0,Sit-Stand,22.08461,24.070802,Non-Fall
-0.6537905728439641,0.060956873909240886,2.7795000796166695e-05,-0.7260300918939264,-0.7746968314087641,-0.7161806119779475,0.6567356375048385,-0.7578668650406803,0.06572826618616372,-0.466292968723828,3281.8918698851344,0.6279399857820439,76026.83525171797,0.6690614007175506,Standing_Xiaoye_3_35sek_20260202_162956.parquet,0,Sit-Stand,23.084925,25.069638,Non-Fall
-0.5950195040375805,0.022774499956628468,7.787758801502515e-05,-0.6760485900061444,-0.40475913532387076,-0.5532415066436942,45.77708712276413,-0.33883812132702285,0.26352233938809055,-0.10741654747021423,3273.7870711150804,0.62845263133984,225976.54179923618,1.3760586990118302,Standing_Xiaoye_3_35sek_20260202_162956.parquet,0,Sit-Stand,24.084614,26.071184,Non-Fall
-0.5950195040375805,-0.033067396793993155,9.960761467440606e-05,-0.6597919996103284,-0.40475913532387076,-0.5067644278854092,41.301308915866294,-0.362709012639377,0.5624421483637614,-0.3231083101266108,3253.2213951391254,0.6274767088335481,437456.51948611886,1.562262630335615,Standing_Xiaoye_3_35sek_20260202_162956.parquet,0,Sit-Stand,25.084649,27.071145,Non-Fall
-0.583921292793473,0.012709873022890545,0.00011165823785822415,-0.6515410561153723,-0.6217580323165044,-0.6204135774149895,7.554798598931296,-0.6214943320558767,0.4458552836101697,-0.14205040734118132,3264.8719243681144,0.6277249213755726,113354.2541147509,0.8020453142935708,Standing_Xiaoye_3_35sek_20260202_162956.parquet,0,Sit-Stand,26.08462,28.071251,Non-Fall
-0.5641780118483779,0.0562380712848161,0.0001785119419075184,-0.6122338879648472,-0.6217580323165044,-0.5940627637746122,7.754078185665974,-0.6189603001695156,-0.43432477048792983,0.01961869879951131,3287.781362702252,0.632189930547421,292275.95807214914,1.2401788555269997,Standing_Xiaoye_3_35sek_20260202_162956.parquet,0,Sit-Stand,27.084636,29.071129,Non-Fall
-0.818271139191755,-1.0880057120407156,2.444529683780863e-05,-0.7306428328784472,-0.7834347720999107,-0.705704597127401,2.630153334300735,-0.7007778767572385,-0.1087745600715581,-0.5338519963902678,3041.132911852222,0.6288134152187437,78423.87702283371,0.8348408739495974,Standing_p1_1_35sek_20260204_152857.parquet,0,Sit-Stand,0.601482,2.574538,Non-Fall
-0.8226839289050922,-1.0757891042648897,2.446634960423162e-05,-0.7306128871447028,-0.7395680077814776,-0.7043910546518765,5.660552698851992,-0.6474859170674117,-0.4844820598691472,-0.6502657984332085,3029.8306534578314,0.6267361438371124,97757.14592871068,0.9628848313989276,Standing_p1_1_35sek_20260204_152857.parquet,0,Sit-Stand,1.601333,3.574538,Non-Fall
-0.7783665800117892,-1.0585985601574337,6.296893549157454e-05,-0.6885629332211183,-0.7395680077814776,-0.6657059422584187,5.088487554902847,-0.6561700465976377,-1.0098155659650094,0.4760183610572687,3040.0957330126375,0.6276382742095425,107728.85786731982,1.0701577112207368,Standing_p1_1_35sek_20260204_152857.parquet,0,Sit-Stand,2.599364,4.574545,Non-Fall
-0.7731738584657387,-1.0969228723579598,9.158940370414618e-05,-0.6655618476655948,-0.7592161575624066,-0.6561365750993123,3.7480482356323246,-0.6786698105459367,-0.17682927170757945,-0.4326334322713978,3036.6191335692906,0.6292183483662711,147253.63734589724,1.0900703823777076,Standing_p1_1_35sek_20260204_152857.parquet,0,Sit-Stand,3.600722,5.574545,Non-Fall
-0.7731738584657387,-1.163156141919819,8.453957946392203e-05,-0.6708472958524717,-0.49667049327768814,-0.5749194016893099,19.520007527348174,-0.5040248431060564,0.4478827107988506,-0.6986365850802793,3017.3666074520356,0.6282115659544015,134181.40229739493,1.0039262751050362,Standing_p1_1_35sek_20260204_152857.parquet,0,Sit-Stand,4.600687,6.574524,Non-Fall
-0.7277742308930385,-1.0867745541697122,0.000159475695085301,-0.6225385855646767,-0.49667049327768814,-0.5301053098020831,31.74780537636905,-0.41844060436657504,0.6454039644838194,-0.5321663143590681,3026.9059920686213,0.6278397191381634,562281.8770366921,1.5166168391622583,Standing_p1_1_35sek_20260204_152857.parquet,0,Sit-Stand,5.600851,7.574584,Non-Fall
-0.2614418576053365,-1.03038891502452,0.0015956875535488978,-0.2382204505869426,-0.49716686913907476,-0.5483960788493375,21.570301368623173,-0.48810666292597327,0.5092302460159844,1.343728411033121,3066.3130593546816,0.6484911417695606,211641.83585080545,1.481441154806866,Standing_p1_1_35sek_20260204_152857.parquet,0,Sit-Stand,6.600615,8.574579,Non-Fall
-0.18887551548269824,-0.9283100828444946,0.004515295994793857,0.14514390937919114,-0.4346191971769538,-0.40278733052379984,36.92802268132523,-0.3873186194536487,0.5327870799178055,-0.7393375198558476,3058.534752875688,0.6583249065105817,576690.6704868949,1.4685349143698683,Standing_p1_1_35sek_20260204_152857.parquet,0,Sit-Stand,7.600652,9.574583,Non-Fall
-0.18887551548269824,-1.013824948165211,0.004473286981999562,0.14073602734321428,-0.4346191971769538,-0.3135389297398805,44.85005909456851,-0.34368298006743625,0.6158878049220088,-0.8169039561502979,3054.8270978917353,0.6631966124748645,597352.087161268,1.400130560931451,Standing_p1_1_35sek_20260204_152857.parquet,0,Sit-Stand,8.601131,10.574528,Non-Fall
0.3151744934789358,-0.8079463972388429,0.008211840842763196,0.4746733148892781,0.31432830280771445,0.08650328841227434,311.2971637322643,0.4265211480033302,0.8868289086504964,-0.07721861041165023,3107.9490867136283,0.6756462184217825,2113873.680392466,1.748773650098633,Standing_p1_1_35sek_20260204_152857.parquet,0,Sit-Stand,9.599571,11.574591,Non-Fall
0.7139394976438307,-0.46577005260681076,0.018338607903258995,1.104953618635116,0.31432830280771445,0.2767921896309398,280.7876555278168,0.3641190404349537,0.46244815919452514,-0.7217609692233834,3225.2803693180344,0.7685620785948633,3377460.667027323,1.4837650126819837,Standing_p1_1_35sek_20260204_152857.parquet,0,Sit-Stand,10.599697,12.57456,Non-Fall
0.7139394976438307,-0.6512157387267616,0.014819980210860317,0.9124578848271206,-0.0952838402675726,-0.20329617107261752,103.9607657280506,-0.09748604024699822,0.6113662783027327,-0.3830371563100886,3122.721702623586,0.6955562732313467,830711.0670348265,1.4935241742245744,Standing_p1_1_35sek_20260204_152857.parquet,0,Sit-Stand,11.600407,13.574528,Non-Fall
-0.07892820215940266,-0.689511282890193,0.007339116690822236,0.405026457842938,-0.36560825112289985,-0.4447713967241438,25.035765892112618,-0.46283389994290197,0.015592282980778254,-1.0429987218254908,3131.2310654856724,0.6855920276550608,538321.0808039134,1.6520366237312558,Standing_p1_1_35sek_20260204_152857.parquet,0,Sit-Stand,12.600616,14.574586,Non-Fall
-0.0930342975688412,-0.8465626174801392,0.007591122062193212,0.42554392783012723,-0.6015151850559655,-0.4627102387962392,17.764728208865357,-0.5183306659786312,0.024592192429840013,-1.1493722635562111,3103.7141567445883,0.6862017891916854,375392.71464331413,1.397199403942201,Standing_p1_1_35sek_20260204_152857.parquet,0,Sit-Stand,13.60096,15.574583,Non-Fall
-0.03007010817987603,-0.8962284494924383,0.005771684113087407,0.26860387006067765,-0.5830105860504529,-0.46857762317687296,18.987529495409337,-0.5082940866578238,0.06485280046968316,-0.9312932074396756,3068.804572766306,0.6548218033572448,363508.2548088934,1.3109904929107514,Standing_p1_1_35sek_20260204_152857.parquet,0,Sit-Stand,14.599574,16.574571,Non-Fall
-0.03007010817987603,-0.9578014891035315,0.0037041704314394568,0.056033425266935125,-0.5830105860504529,-0.5441878844609043,14.921186818201024,-0.5430993530230452,0.5561060630854192,-0.10173888806663131,3082.5907533485033,0.6802785842207602,341160.6073775422,1.2812726233520408,Standing_p1_1_35sek_20260204_152857.parquet,0,Sit-Stand,15.598933,17.574545,Non-Fall
-0.21837689607276237,-1.11784361270114,0.0012476282294537663,-0.3032769572374091,-0.5762592214020069,-0.549543712837872,15.264885447309588,-0.5399869684054792,0.23414241477223163,3.25102135870763,3043.5984235563465,0.6304741575132393,168415.20884477143,1.0083509076633288,Standing_p1_1_35sek_20260204_152857.parquet,0,Sit-Stand,16.600566,18.574572,Non-Fall
-0.7269536444776863,-1.0312739985618589,0.00010140917628540674,-0.6585279351256392,-0.5762592214020069,-0.6120080866779641,16.308860552416387,-0.5307421541995583,0.03881984378677228,-0.3716074133386525,3049.8675340894797,0.6291533240550021,261983.19274493164,1.6890311307516743,Standing_p1_1_35sek_20260204_152857.parquet,0,Sit-Stand,17.598925,19.574571,Non-Fall
-0.7269536444776863,-1.077807523274617,0.0001420601624620435,-0.6325197339431987,-0.6259995375372774,-0.6599921803099664,11.104329500663198,-0.5804239513008741,-0.8886732328389276,0.5135576214985991,3039.5776319154984,0.6281756831777733,76636.19256444543,0.7304887828460838,Standing_p1_1_35sek_20260204_152857.parquet,0,Sit-Stand,18.599255,20.574527,Non-Fall
-0.6830967920548424,-1.0960729971938987,0.000245163680029797,-0.5799204741874752,-0.0398351144766202,-0.09267320101828934,225.23233072417054,0.2410607408401827,-0.04083004011083368,-0.19546421690158536,3026.28530207732,0.6304820697369589,1222661.8892010082,1.1841956879634048,Standing_p1_1_35sek_20260204_152857.parquet,0,Sit-Stand,19.599101,21.574564,Non-Fall
-0.4281775974289465,-1.0237349133269316,0.0007922403536883866,-0.404218475297445,-0.0398351144766202,0.09964658631516757,225.7644435971129,0.24230734579632535,1.0634075818389483,0.3692008331710274,3038.1010962904797,0.6362964451055679,3442492.1142708375,1.4609533609098433,Standing_p1_1_35sek_20260204_152857.parquet,0,Sit-Stand,20.59922,22.574586,Non-Fall
-0.4281775974289465,-0.9768785967793405,0.001721225973427772,-0.2165324604552875,-0.06878069619579932,-0.2797331030463895,104.05237207520277,-0.0971700367275159,0.33171018127014884,-0.6663175653375578,3066.0668206829046,0.6437980768869858,532146.1356642271,1.1327566637604476,Standing_p1_1_35sek_20260204_152857.parquet,0,Sit-Stand,21.600663,23.574579,Non-Fall
-0.44421959105619024,-0.9817997899949019,0.0011260268888352025,-0.32811424025827235,-0.5402723583624138,-0.5052238468220615,29.429582472006153,-0.4331891585057241,0.2782095807742238,0.08494660773610078,3058.966154324222,0.6347470278645173,288902.6742150342,1.5258378428705055,Standing_p1_1_35sek_20260204_152857.parquet,0,Sit-Stand,22.599088,24.574554,Non-Fall
-0.7553637499560008,-1.0349471661673624,5.449043169072369e-05,-0.6963503014984392,-0.7318686106191831,-0.6569661591254975,5.467912873164384,-0.6503590546851501,0.4169393769915264,-0.11274479443336108,3051.155299455511,0.6291402536785435,132374.83348854652,0.9860819649364483,Standing_p1_1_35sek_20260204_152857.parquet,0,Sit-Stand,23.601526,25.574524,Non-Fall
-0.8040168345305464,-1.033194511017786,3.1142002519660635e-05,-0.7216912970217829,-0.7334746772219692,-0.6906130711656071,4.5461482981345105,-0.6648664030901764,-0.22623504895031604,-1.096104621688711,3045.0014567164453,0.6280202378529137,96655.56608029781,1.0159198049705866,Standing_p1_1_35sek_20260204_152857.parquet,0,Sit-Stand,24.600662,26.574574,Non-Fall
-0.800670548793852,-1.0506006803023087,3.6893607848812083e-05,-0.7147483817072893,-0.7494544726577221,-0.7317270222503011,2.5036760355628207,-0.7035552647164691,-0.46435216286852704,-0.781870832503861,3045.2629477283535,0.6281637151749435,58259.54156265739,0.8729783550932935,Standing_p1_1_35sek_20260204_152857.parquet,0,Sit-Stand,25.599074,27.574545,Non-Fall
0.005502529557292302,-1.086797909816278,0.002164916904425844,-0.1456131962387406,-0.24368262655075093,-0.3068918679747787,63.887439644181335,-0.2525002283541561,1.8005547578122885,2.1727267076933834,3051.777793449003,0.6452519454649107,1029229.7555488165,1.665426954589968,Standing_p1_2_35sek_20260204_152944.parquet,0,Sit-Stand,0.529453,2.503368,Non-Fall
0.005502529557292302,-0.9283585621323993,0.0024193039030194667,-0.10822268301235584,-0.3131300435690078,-0.2138632157560928,65.15499748262175,-0.24694862446943053,1.088038532037574,1.1298870184336904,3075.6024438773456,0.6512322838419233,1103580.622511081,1.5642424259795713,Standing_p1_2_35sek_20260204_152944.parquet,0,Sit-Stand,1.529564,3.503362,Non-Fall
-0.5185420468946969,-0.9340005882072039,0.000820330413409334,-0.39725955818775516,-0.3131300435690078,-0.16409093297222077,61.33364563412767,-0.26385507938808733,-0.3591599322861777,-0.7587261639394635,3040.4586232023917,0.6323018616080107,1218671.5381280507,1.095968085581089,Standing_p1_2_35sek_20260204_152944.parquet,0,Sit-Stand,2.52798,4.503426,Non-Fall
-0.6539919489396091,-1.104488108799161,0.0005511935417033734,-0.4699077299506529,-0.3655894474941519,-0.26091346667690113,34.95071198459067,-0.39892314858011374,-0.3403832750855187,-0.7628227501990004,3021.092954967679,0.6274196146660839,510379.6420619904,0.7890256778331686,Standing_p1_2_35sek_20260204_152944.parquet,0,Sit-Stand,3.52956,5.503377,Non-Fall
-0.5411987613494251,-1.0469249501086844,0.0010847766985014977,-0.33684197816635586,-0.11817771053474438,-0.22672398807388114,70.67945481326664,-0.2233608898737792,-0.05419079990114875,-0.7452203176195138,3056.058648832203,0.6360552039842238,1441820.7568678076,1.5653416425329207,Standing_p1_2_35sek_20260204_152944.parquet,0,Sit-Stand,4.52822,6.503404,Non-Fall
-0.4805396638498184,-0.8920011309590931,0.0012090905115923769,-0.3110118367122072,-0.11817771053474438,-0.2597595810343083,88.85437472026697,-0.1516531761114001,-0.020262606463261702,-0.7049663606427709,3059.078296799909,0.6362790621691368,701244.2711638955,1.4616086724146198,Standing_p1_2_35sek_20260204_152944.parquet,0,Sit-Stand,5.5283,7.503401,Non-Fall
-0.4805396638498184,-0.9584148351593932,0.0004461866559612689,-0.5030302660193069,-0.39341479120485323,-0.4280616574699142,34.97220088605287,-0.3987952940296906,1.7359425417416183,1.6127181529857972,3059.1287994224626,0.62698913686853,492950.2864470298,1.4421483979479717,Standing_p1_2_35sek_20260204_152944.parquet,0,Sit-Stand,6.530231,8.503431,Non-Fall
-0.4180871415539751,-1.0412672596701633,0.0005281416080267916,-0.47688821957199795,-0.16518418253791306,-0.3409971948343269,48.212515742515805,-0.32633887916892534,2.460138896711938,3.114913572009019,3058.2271135375267,0.6357066624256087,786643.6743958957,1.1527876523025797,Standing_p1_2_35sek_20260204_152944.parquet,0,Sit-Stand,8.528173,10.5034,Non-Fall
-0.7566036728802177,-1.101048551833952,9.206574049952648e-05,-0.6652121885419402,-0.024235652461527618,-0.22052419836613663,167.02450649401055,0.09443398289844603,-0.22181413463519406,-0.4350440025533539,3030.9751979713287,0.6288572187651364,974766.6466711606,1.6194024645025502,Standing_p1_2_35sek_20260204_152944.parquet,0,Sit-Stand,10.528526,12.503426,Non-Fall
-0.7756654965478852,-1.0635329685256076,4.472781414358129e-05,-0.7061121019597907,-0.28797571946152173,-0.44518871614691424,68.7081323322931,-0.23166834892906435,0.15494432719782064,-0.20231321857135026,3033.7033951413873,0.627735398927888,307397.3235913376,0.9956438747000421,Standing_p1_2_35sek_20260204_152944.parquet,0,Sit-Stand,11.52952,13.503394,Non-Fall
-0.5008548113866559,-1.1997676985265506,0.0007433362409046413,-0.4166349023642346,-0.24949152480150444,-0.5415616667465376,45.434705206343466,-0.34062172276745206,0.5867063844548502,0.11774621315897171,2990.9270288971397,0.6348454446100568,479652.0174573707,2.633589406025558,Standing_p1_2_35sek_20260204_152944.parquet,0,Sit-Stand,13.530298,15.503385,Non-Fall
-0.5718665258177997,-1.2344158132367227,0.0009057369627336154,-0.3768032501695472,0.08017853002394391,-0.40144951827896147,107.53252007242368,-0.08526634147470162,0.43200509276255,-0.6574057977356437,3005.6878756786055,0.6373251299787401,1061391.7459191736,2.3374188807381264,Standing_p1_2_35sek_20260204_152944.parquet,0,Sit-Stand,14.529711,16.503372,Non-Fall
-0.5932338159831421,-1.1639218025908749,0.00036966088215081573,-0.5297120189084586,0.08017853002394391,-0.5307019111051433,108.4092045072288,-0.082298179248423,0.27828592932642626,0.8043078579358283,3031.4398269609665,0.6284969488291698,129092.47245998222,1.2422771570923556,Standing_p1_2_35sek_20260204_152944.parquet,0,Sit-Stand,15.527871,17.503431,Non-Fall
-0.8184811568339593,-1.1621687841540125,2.6772453941475843e-05,-0.7274071978356259,-0.7317828827310758,-0.6899055666961986,2.7064989427002617,-0.699133609365104,0.03395399082535753,-0.5615315211842885,3018.978210432848,0.6276588151941271,101622.8327410128,1.0469084471403978,Standing_p1_2_35sek_20260204_152944.parquet,0,Sit-Stand,16.529638,18.503399,Non-Fall
-0.8184811568339593,-1.151656295989084,3.365034281145971e-05,-0.7185907528049501,-0.721701365795225,-0.6651598843062798,3.7357804759221382,-0.6788929185819257,-0.43254466933684577,-0.8159186774064199,3017.3517512413737,0.6274582120597265,101580.23133789041,0.9744096936716431,Standing_p1_2_35sek_20260204_152944.parquet,0,Sit-Stand,17.530045,19.503404,Non-Fall
-0.7825257753191456,-1.0166094535610177,4.4535998777258835e-05,-0.7063140677657858,-0.7170246781625459,-0.6294086179559347,5.301323191751411,-0.6528847465569185,-0.33192723108033506,-0.7501168407932577,3051.4227589390957,0.628580832614233,213769.70091538652,0.8977135044883534,Standing_p1_2_35sek_20260204_152944.parquet,0,Sit-Stand,18.52968,20.503411,Non-Fall
-0.665689170861505,-1.1819656519778141,0.00017977723412358548,-0.6115689110220327,-0.5291676257199787,-0.6184914544479414,21.429969140178933,-0.4891713797878066,0.8535460148490224,0.838189805286244,3016.531478843644,0.6304293580281762,209539.48461106754,1.6539725387420834,Standing_p1_2_35sek_20260204_152944.parquet,0,Sit-Stand,21.531463,23.503431,Non-Fall
-0.8494799473726743,-1.2112394558596684,2.0319050863983266e-05,-0.7367844626330703,-0.8177728115984946,-0.726455913899944,0.7827977185066888,-0.7526344420300668,0.04893216157191059,-1.331916399066543,3008.2355818108504,0.6278567616182822,71152.56079965342,0.7822689730951925,Standing_p1_2_35sek_20260204_152944.parquet,0,Sit-Stand,22.528492,24.503394,Non-Fall
-0.8174311836664309,-1.1887183368844587,2.304573941233897e-05,-0.7326633567218841,-0.8033960427113486,-0.7119492744936463,0.679881031852642,-0.7568707966596815,-0.3597392002278151,-1.1078998712028472,3008.388015356509,0.6268362017674501,93496.9396553096,0.838446142854203,Standing_p1_2_35sek_20260204_152944.parquet,0,Sit-Stand,23.528242,25.503414,Non-Fall
-0.8174311836664309,-1.1719429621882753,2.4234506890938185e-05,-0.7309433771265683,-0.8033960427113486,-0.7107932071020792,0.5004146039724605,-0.765113424087199,-0.3837307238210627,-1.1973013239432007,3018.0744478257157,0.627721048606095,65945.2495843582,0.5970227068593708,Standing_p1_2_35sek_20260204_152944.parquet,0,Sit-Stand,24.529983,26.503375,Non-Fall
-0.7030269396451783,-1.173843295349133,0.00010914939423500806,-0.6532206546175281,-0.23298748043451611,-0.5828858561365493,56.37113073048772,-0.28661721818382185,0.7510738370079775,0.9831444562286522,3012.174872811817,0.627352264926274,109530.15098976655,0.8737901469650862,Standing_p1_2_35sek_20260204_152944.parquet,0,Sit-Stand,25.528247,27.503411,Non-Fall
-0.7030269396451783,-1.1551474842426566,0.00019158519142287923,-0.605472663150539,-0.23298748043451611,-0.39922099697415075,95.16452472266454,-0.12850674401073253,-0.34855382626415643,-0.27397556474676943,3023.723717035513,0.6312569529614891,1288841.8904983911,1.932100733810349,Standing_p1_2_35sek_20260204_152944.parquet,0,Sit-Stand,26.530346,28.503431,Non-Fall
-0.7568103650798019,-1.1310792125403069,0.00010429471330865146,-0.6565264701257624,-0.25878564957140215,-0.5164630243934961,62.37443757112696,-0.25919942804699425,-1.5017292138477363,0.8375485846162987,3023.5356509839244,0.6272411998873275,171856.67092018272,0.9331089763961206,Standing_p1_2_35sek_20260204_152944.parquet,0,Sit-Stand,27.531635,29.503414,Non-Fall
-0.8300499023150453,-1.132092789632865,1.3742726243287045e-05,-0.7480469418862394,-0.7764658088490671,-0.6986748267535836,1.5908784159471574,-0.7261409119494798,0.072861660183899,0.0603340686874895,3022.324979139871,0.6271192507623782,74290.11403244345,0.7731717315810028,Standing_p1_2_35sek_20260204_152944.parquet,0,Sit-Stand,28.528285,30.503423,Non-Fall
-0.8300499023150453,-1.1615830654732113,1.2723300878954401e-05,-0.7500185634710391,-0.8274384550007335,-0.7111216340935489,0.1753535140449276,-0.7854227081324306,-2.221079225725708,0.9464798371512961,3016.4211422216326,0.6271371380691407,78031.66727786425,0.6685637088795409,Standing_p1_2_35sek_20260204_152944.parquet,0,Sit-Stand,29.529983,31.503368,Non-Fall
-0.8300499023150453,-1.1641542944862076,1.0968958575114014e-05,-0.7536064713225274,-0.8026568356936769,-0.705699797144879,0.25445951631862884,-0.7793937250475796,-1.9998817069892443,1.416863617945512,3020.546023490236,0.6278289149479612,77592.5325090054,0.6341446219795224,Standing_p1_2_35sek_20260204_152944.parquet,0,Sit-Stand,30.529677,32.503404,Non-Fall
-0.8239456604285916,-1.1498948831063713,8.199166166517341e-06,-0.7599165071583391,-0.8026568356936769,-0.7130658638172434,0.3101421028805678,-0.7757023342799796,-0.5069094556807318,2.354809524065352,3020.4988653215933,0.6274383373115547,80205.72978636484,0.8186068317332861,Standing_p1_2_35sek_20260204_152944.parquet,0,Sit-Stand,31.52847,33.503372,Non-Fall
-0.8235250370444358,-1.1452622813903903,1.893568293544891e-05,-0.7389812653314695,-0.8151929081974852,-0.7164831425476895,0.1510931017199939,-0.7875367046384081,-0.5632734493096831,0.2267580854529822,3023.7645712976005,0.6280357838365703,73222.94663497525,0.6517830313692741,Standing_p1_2_35sek_20260204_152944.parquet,0,Sit-Stand,32.529473,34.503404,Non-Fall
-0.8235250370444358,-1.167750211627071,2.1255134204194787e-05,-0.7353401470789759,-0.833581675086655,-0.7157393216893373,0.08546711518014308,-0.7943165637222797,-1.0370194295776427,-0.2517603772154081,3015.5915172293426,0.6275174392556774,72654.53516735704,0.6544367753320279,Standing_p1_2_35sek_20260204_152944.parquet,0,Sit-Stand,33.529569,35.503423,Non-Fall
-0.8300499023150453,-1.1778988615580168,1.663569579724519e-05,-0.7428195244433519,-0.8318597250084698,-0.7143753733833578,0.10111795660120784,-0.7925123252465399,-2.064948318183435,-0.38165132896634135,3016.578415120685,0.6276457913648071,75497.58710631607,0.675238430428484,Standing_p1_2_35sek_20260204_152944.parquet,0,Sit-Stand,34.528222,36.503404,Non-Fall
-0.8174311836664309,-1.1621714460170347,1.693628161542133e-05,-0.74230344531531,-0.8318597250084698,-0.7157308732556856,0.10253798797381247,-0.7923557713941654,-1.589830972073327,0.11712785681006004,3016.8214754151654,0.6274688173471891,73374.71800410259,0.6689491122226066,Standing_p1_2_35sek_20260204_152944.parquet,0,Sit-Stand,35.528043,37.503373,Non-Fall
0.6708557382475847,-1.1218962658355134,0.007083419618761613,0.3838450941360343,-0.07176019366665594,-0.014391835947433474,128.91810528670055,-0.016002260790921482,2.09501393984347,1.7635517720373295,3060.050602353149,0.6829980644441854,2301979.512760653,1.547898715340349,Standing_p1_3_35sek_20260204_153104.parquet,0,Sit-Stand,0.790612,2.764517,Non-Fall
0.014137639258344046,-1.1718490126689463,0.0022324542165829742,-0.13548127192209436,-0.20597987546147875,-0.33059508177324465,78.8970743514327,-0.18991905707685802,3.1079659093431533,3.328996595302538,3022.199099734486,0.6455691244994627,421248.24860068527,1.1097189608049056,Standing_p1_3_35sek_20260204_153104.parquet,0,Sit-Stand,1.791256,3.76454,Non-Fall
-0.45609945671575347,-1.1132896254898499,0.0007588945398046703,-0.41264160617701684,-0.5665321391543378,-0.5039971714361892,27.472779116432715,-0.44609712983999267,-0.6804176128315031,2.46153996206576,3038.5117802754803,0.6322524866482422,544413.704381237,1.2640347400159002,Standing_p1_3_35sek_20260204_153104.parquet,0,Sit-Stand,2.789353,4.764521,Non-Fall
-0.36799139903557243,-0.9878574419615056,0.0015781449924539232,-0.24131811644692963,-0.5665321391543378,-0.5130407344842793,22.087716146603643,-0.4842105980991985,-0.028065804966295817,0.14130638149543956,3056.9876518180436,0.6525753254756123,227492.21831235613,1.5834156816309066,Standing_p1_3_35sek_20260204_153104.parquet,0,Sit-Stand,3.788855,5.764502,Non-Fall
-0.36799139903557243,-0.9156083595136519,0.0012690419485310328,-0.2990306169150705,-0.5087640333472896,-0.45456379224825255,13.944479358023663,-0.5521451662791049,0.1255224144043103,-0.16269548664979508,3072.9752176346815,0.6395940509286547,461573.57919433387,1.0161735335675068,Standing_p1_3_35sek_20260204_153104.parquet,0,Sit-Stand,4.790773,6.76448,Non-Fall
-0.5238044878663628,-0.999947584757521,0.0007795890076169669,-0.40739293246829084,-0.4335991075113976,-0.3109918613984717,26.82190455293573,-0.45049192030484125,-0.6052967768100195,-0.5679363676686364,3051.6645037247094,0.6376767513096927,700136.2118687716,1.2607049279971867,Standing_p1_3_35sek_20260204_153104.parquet,0,Sit-Stand,5.78937,7.764502,Non-Fall
-0.5238044878663628,-1.0859998455156639,0.0005046700070002603,-0.4841541647750935,-0.4335991075113976,-0.44186366870962396,47.80932169679363,-0.32838599203047186,-0.3888905794640752,0.763816930931153,3033.8491231853545,0.6289545578562189,569383.1953533236,1.5567056701267454,Standing_p1_3_35sek_20260204_153104.parquet,0,Sit-Stand,6.789044,8.764531,Non-Fall
-0.7715136553612132,-1.0525730810205907,5.475289602911067e-05,-0.696100494228096,-0.6988196224282015,-0.6665496729475185,8.106282941906374,-0.6145600518866527,0.43142105106051026,-0.42392447504611347,3045.6164022952316,0.6282620957343812,86963.9586153367,1.0857227520288675,Standing_p1_3_35sek_20260204_153104.parquet,0,Sit-Stand,7.790814,9.764517,Non-Fall
-0.8109277571746205,-1.0917323829494927,2.6382855323906048e-05,-0.7279387904233166,-0.7046717443119345,-0.6727827734002217,3.911425212499858,-0.6757326490442305,-0.3996755546392569,-1.114365136273701,3035.9193701528534,0.627920024349959,125291.59978425615,0.9042197440569979,Standing_p1_3_35sek_20260204_153104.parquet,0,Sit-Stand,8.789054,10.764548,Non-Fall
-0.8323678567337089,-1.0820910667234143,2.644772232057939e-05,-0.7278500108383044,-0.8004358441475344,-0.701499668168663,0.4313101603543715,-0.7686777148692411,-0.7933344228177496,-1.2990799700380624,3035.2898161260628,0.6280192462466918,79398.24801644718,0.6576443810586966,Standing_p1_3_35sek_20260204_153104.parquet,0,Sit-Stand,9.789611,11.764528,Non-Fall
-0.8000434438985286,-1.0672965215023023,2.7137407633659518e-05,-0.7269127299858745,-0.8341926259201639,-0.7151035928279763,0.07956897646056124,-0.7950390117567644,-0.441508212432856,-1.27460869943899,3036.808895009905,0.6278841740365632,74369.97974916067,0.6530369201056275,Standing_p1_3_35sek_20260204_153104.parquet,0,Sit-Stand,10.789006,12.764536,Non-Fall
-0.8000434438985286,-1.0759923536501068,2.901300629479733e-05,-0.7244224054493253,-0.7372493672575834,-0.6661080770894466,3.0272620300314634,-0.692466364359857,-0.033177793522097196,-1.0661874961528888,3035.7245995879416,0.6278796312032736,103533.12113658634,0.7015771248057536,Standing_p1_3_35sek_20260204_153104.parquet,0,Sit-Stand,11.79059,13.764536,Non-Fall
-0.7690246818489611,-1.0599061749621783,8.773488746532879e-05,-0.6684254144879914,-0.6690272450037671,-0.5852724461553825,6.625347963083766,-0.6337809202446232,-1.5677659640938741,0.3164229250032082,3051.5103616448414,0.6294942670437782,194191.23835851753,0.8808992587983676,Standing_p1_3_35sek_20260204_153104.parquet,0,Sit-Stand,12.789259,14.764502,Non-Fall
-0.7690246818489611,-1.0712491665113646,9.119140540485118e-05,-0.6658546995977287,-0.6690272450037671,-0.5678754468306546,7.639710855268764,-0.6204105537316742,-1.3740295306626797,0.14528175105637514,3027.4046232368805,0.6279684911606308,238831.73551915472,1.2626794778544792,Standing_p1_3_35sek_20260204_153104.parquet,0,Sit-Stand,13.790777,15.76449,Non-Fall
-0.8044353249106897,-1.058127150243285,2.885100229823429e-05,-0.7246342678131331,-0.7079948391196594,-0.6613288640583825,6.749585276899319,-0.6320907803569377,-0.45789373418007573,-0.5492982226111032,3045.25840973046,0.6290117541434272,147952.66867143178,1.1446397881149963,Standing_p1_3_35sek_20260204_153104.parquet,0,Sit-Stand,14.789659,16.76454,Non-Fall
-0.8084132564409192,-1.0333666448782992,2.1783538104766168e-05,-0.7345388811370936,-0.816316016557077,-0.7284624293831582,0.5104063636688192,-0.7646189746464161,-0.9562703637075516,-0.9519216693778364,3044.8503348364097,0.6279595583546997,60204.75546287536,0.6840379911422959,Standing_p1_3_35sek_20260204_153104.parquet,0,Sit-Stand,15.789253,17.764548,Non-Fall
-0.8323678567337089,-1.0837599917196588,2.4446001748117868e-05,-0.7306418299960844,-0.8325278742789227,-0.7177445010905427,0.10352785912042309,-0.7922472816626149,-0.2968717119277344,-1.4993079360827273,3035.193893450776,0.6281097601292752,71104.38112106503,0.6447662283823674,Standing_p1_3_35sek_20260204_153104.parquet,0,Sit-Stand,16.790829,18.764548,Non-Fall
-0.8323678567337089,-1.0958754939648025,2.29801997665865e-05,-0.7327594592445378,-0.8296545921292595,-0.7109960985569933,0.13674838641817,-0.7888673487441846,-0.10183818452550167,-1.4969202990422377,3031.404544418441,0.6275733327523054,82620.05451591001,0.6725420333757554,Standing_p1_3_35sek_20260204_153104.parquet,0,Sit-Stand,17.790866,19.764484,Non-Fall
-0.8344763095396274,-1.1042462938067863,2.2280910388059088e-05,-0.7337935036953317,-0.8296545921292595,-0.7158587650034015,0.19953424894916177,-0.7834568290654785,0.06521853880062985,-1.4715113483089746,3032.0930235118267,0.6277522434767653,67142.99670641668,0.6228383698663854,Standing_p1_3_35sek_20260204_153104.parquet,0,Sit-Stand,18.790853,20.764511,Non-Fall
-0.8275228272693025,-1.1188770399442356,2.2328405509055815e-05,-0.7337227631837695,-0.8380169034021505,-0.7208217430146873,0.10387263382927973,-0.7922096162799388,0.5574503648743722,-1.2977315168486792,3027.6054985141286,0.6277531932869098,71177.74378446504,0.6622740873872254,Standing_p1_3_35sek_20260204_153104.parquet,0,Sit-Stand,19.790552,21.764548,Non-Fall
-0.8044353249106897,-1.0786569994124302,2.6494381508511618e-05,-0.7277862184975483,-0.8014754105321845,-0.6959190667669778,0.752105350878084,-0.753867045397892,0.016343974078093345,-1.1936057600700438,3029.497500533945,0.6269701009418756,92978.20706220408,0.6758315582904392,Standing_p1_3_35sek_20260204_153104.parquet,0,Sit-Stand,20.790613,22.764514,Non-Fall
-0.8017159506277513,-1.0965521532776434,3.972127457614231e-05,-0.7115341472307438,-0.7176507903116576,-0.6841840998427522,2.698395978613868,-0.6993070145721502,-0.6260888095754228,-0.8362360025338886,3036.602647476573,0.628418328312643,83017.60954834169,0.8517420539131396,Standing_p1_3_35sek_20260204_153104.parquet,0,Sit-Stand,21.789157,23.764536,Non-Fall
-0.7848152397547559,-1.1139674195421843,5.268042582781001e-05,-0.6980896597139185,-0.48860847574511185,-0.5588750668101516,32.25002688262522,-0.4153172033776308,0.05188648682261883,-0.6749480132696662,3028.286390036562,0.62779890991154,206414.0883249415,1.3586878826588549,Standing_p1_3_35sek_20260204_153104.parquet,0,Sit-Stand,22.790772,24.764536,Non-Fall
-0.7698541623522106,-1.0911454508466807,6.71708015261273e-05,-0.6848983400163351,-0.33241388561212515,-0.37828182830659535,61.47231655186329,-0.26323251043535456,0.2918869126661171,-0.7763429539760105,3032.667067540483,0.6279224057938183,741415.6437975098,1.5172702366445516,Standing_p1_3_35sek_20260204_153104.parquet,0,Sit-Stand,23.790572,25.764521,Non-Fall
-0.7024153406442173,-1.1300152604698315,0.00026874066367229497,-0.5695715937582314,-0.33241388561212515,-0.3502021414358141,59.2532747806192,-0.27328088640353737,-2.74720672186649,2.7634167933382354,3037.3291165741175,0.6302006527712877,610264.5907100567,1.8864723123825233,Standing_p1_3_35sek_20260204_153104.parquet,0,Sit-Stand,24.790586,26.76449,Non-Fall
-0.6063471675239546,-1.1781047596798317,0.0004283009961755563,-0.5090473040296705,-0.17265384118183352,-0.17195547056389768,86.5124314891793,-0.16045198886140766,-0.968352556661237,0.549665499919694,2998.49093335728,0.6299657644059699,1412115.922488048,1.2548109271825494,Standing_p1_3_35sek_20260204_153104.parquet,0,Sit-Stand,25.78895,27.764548,Non-Fall
-0.5819426543341769,0.6382446624433297,2.560306469397794e-05,-0.7290147086842065,-0.8252427658001537,-0.7138031606722484,0.16190361145390195,-0.7865751968674177,-0.21263692918002286,-0.6298507461162983,3404.1444430276947,0.6272221349702533,70753.58269924505,0.660170827664214,Standing_p2_1_35sek_20260204_154843.parquet,0,Sit-Stand,0.202318,2.177733,Non-Fall
-0.5819426543341769,0.6400414678860891,2.310989387458256e-05,-0.7325694175917076,-0.8347189562720221,-0.7179139947872357,0.09097037543066935,-0.7936646514231587,-0.21954042606958812,0.0516515628051975,3409.6467828376794,0.62776635429812,74522.48644769454,0.6692197530463463,Standing_p2_1_35sek_20260204_154843.parquet,0,Sit-Stand,1.202378,3.177666,Non-Fall
-0.5677247580295732,0.629075253719233,2.6083737367819307e-05,-0.7283495944920436,-0.8355340968973216,-0.7181542102671532,0.07628936463918311,-0.7954523381946564,0.07935655941130174,0.17748230742920992,3399.7679185587144,0.627076074796119,69890.80937916918,0.651412235141367,Standing_p2_1_35sek_20260204_154843.parquet,0,Sit-Stand,2.204016,4.177696,Non-Fall
-0.5677247580295732,0.627053585555047,2.7232896119380743e-05,-0.7267839043746133,-0.8286626606967346,-0.7105086303254986,0.08453797006048633,-0.7944286792954286,-0.02908803480944645,-0.30440052701655945,3410.244741152291,0.6289825398283819,77453.59237322595,0.6497544001168344,Standing_p2_1_35sek_20260204_154843.parquet,0,Sit-Stand,3.204495,5.177696,Non-Fall
-0.5884758180808558,0.6288401590912285,2.645147369452965e-05,-0.7278448798888001,-0.8286626606967346,-0.7093894870558658,0.10549088144018377,-0.7920336581073598,-0.7069456747378654,-0.6177627872663283,3403.4335569361483,0.6273810647026554,82127.65588910459,0.6799665581694186,Standing_p2_1_35sek_20260204_154843.parquet,0,Sit-Stand,4.202341,6.177733,Non-Fall
-0.5884758180808558,0.6227501525707602,2.050375247849262e-05,-0.7364968868517874,-0.8256799892362504,-0.7107491739204281,0.1645667720897418,-0.7863433021761022,-0.819246892197515,0.06091891353358826,3404.80946605459,0.6277056278693671,77439.17287992068,0.7024481214940699,Standing_p2_1_35sek_20260204_154843.parquet,0,Sit-Stand,5.203815,7.17768,Non-Fall
-0.5884758180808558,0.6216116712984934,2.1907875137600223e-05,-0.7343517548457917,-0.8256799892362504,-0.7045026515396458,0.16040951162336115,-0.7867061311927561,-0.5207288172169731,-0.015090363242330722,3399.7360710064786,0.6269889472421308,81129.90433791444,0.6826913522344213,Standing_p2_1_35sek_20260204_154843.parquet,0,Sit-Stand,6.202574,8.177725,Non-Fall
-0.5884758180808558,0.6499671767309758,2.5943301798640392e-05,-0.7285432789963796,-0.8267298370391918,-0.7073019231589482,0.10745688781903512,-0.7918216928277434,-0.9275796772968533,-0.5795566709985619,3411.343545245197,0.6274463387101101,79258.57636175436,0.6552604742905069,Standing_p2_1_35sek_20260204_154843.parquet,0,Sit-Stand,7.204055,9.177666,Non-Fall
-0.5884758180808558,0.6559953524040872,2.358267692293122e-05,-0.7318811212088588,-0.8314973018859934,-0.7163895169728348,0.08360550906571365,-0.7945418161381722,-1.1863259647463862,-0.5063433680471457,3412.491613956447,0.6279757654590442,70313.11210735759,0.6355200388732669,Standing_p2_1_35sek_20260204_154843.parquet,0,Sit-Stand,8.203973,10.177696,Non-Fall
-0.5884758180808558,0.6313597733979256,2.3742426717357976e-05,-0.7316501131890155,-0.828368981745053,-0.7145310084436964,0.0936903168659827,-0.7933497346243964,-0.5659776580733522,-0.33240032742953407,3402.5450065178197,0.627274965821242,77462.1212551412,0.6740615435585204,Standing_p2_1_35sek_20260204_154843.parquet,0,Sit-Stand,9.202512,11.177725,Non-Fall
-0.5884758180808558,0.6306739101554715,2.4579155011789872e-05,-0.7304526502498979,-0.828368981745053,-0.7092282670086079,0.0645121207090516,-0.7970152432252673,-0.15596450694887817,-0.36497173145368683,3404.941935543861,0.627523662841279,75837.85030884044,0.6296194828569038,Standing_p2_1_35sek_20260204_154843.parquet,0,Sit-Stand,10.203792,12.177706,Non-Fall
-0.5884758180808558,0.6425961913635291,2.7044575092579847e-05,-0.727038189866168,-0.8190261664086543,-0.696591557447831,0.18695800860927916,-0.7844634122191035,-0.5113009478523161,-0.40480784891912475,3405.6784086140733,0.6274899070694365,91767.37559383496,0.6836742063332278,Standing_p2_1_35sek_20260204_154843.parquet,0,Sit-Stand,11.202168,13.177675,Non-Fall
-0.5884758180808558,0.675700255900529,2.695546795989034e-05,-0.7271588176868168,-0.8190261664086543,-0.6936107159399498,0.17443958558641928,-0.7854995890713231,-0.7761050607113941,-0.5647791754384855,3416.7938241935663,0.6276832173052226,86671.78568506108,0.6412872242686516,Standing_p2_1_35sek_20260204_154843.parquet,0,Sit-Stand,12.206004,14.177728,Non-Fall
-0.5398280061431835,0.6737205416201937,6.555930745795619e-05,-0.6862898422448774,-0.7715352792053016,-0.6947064227261838,0.8385970798060258,-0.7504539179385199,-1.017936871592437,0.4405218660622024,3416.581795328028,0.6281116919229829,89628.86461996674,0.7738043694061145,Standing_p2_1_35sek_20260204_154843.parquet,0,Sit-Stand,13.203547,15.177721,Non-Fall
-0.5398280061431835,0.6313056753619347,6.727899756774893e-05,-0.6848055153821431,-0.7715352792053016,-0.6988543198093249,0.9514339467586806,-0.7462558593037474,-0.46959103740517366,0.313399016898304,3404.9535233057563,0.6281587662625233,86471.25151497347,0.8331125226247059,Standing_p2_1_35sek_20260204_154843.parquet,0,Sit-Stand,14.202286,16.177675,Non-Fall
-0.5742351392982087,0.6329436096686621,4.9198946398256637e-05,-0.7015214128806248,-0.7624207886304212,-0.708071140399393,0.8227730162485634,-0.7510647213795304,-1.5193975290302684,0.25075350742971686,3411.4959072413476,0.6275990831347952,80821.87797801026,0.7020017555988048,Standing_p2_1_35sek_20260204_154843.parquet,0,Sit-Stand,15.202538,17.177702,Non-Fall
-0.5402196038512811,0.6639061053577338,7.694701812026301e-05,-0.6767925727892152,-0.7624207886304212,-0.7052941876633463,1.0288340940070244,-0.7435188611492407,-0.7947474989217812,-0.3732670876210469,3406.586769410281,0.6272423608273151,89167.4070744802,1.0588804972634205,Standing_p2_1_35sek_20260204_154843.parquet,0,Sit-Stand,16.202554,18.177733,Non-Fall
-0.5402196038512811,0.6477773930867233,5.817879309163072e-05,-0.6928931299245586,-0.7985777043378939,-0.6997150289286117,0.47496058359088456,-0.7663958114875439,0.24238687534846623,-0.4402302684997346,3403.722124020254,0.6274249126897783,83362.05542760658,0.6713097489291684,Standing_p2_1_35sek_20260204_154843.parquet,0,Sit-Stand,17.20215,19.177663,Non-Fall
-0.5742351392982087,0.6267179643766332,3.3170398350469367e-05,-0.7191748297421762,-0.8169091447718685,-0.7033691739986843,0.20102465595428984,-0.7833396677700131,-0.7418373161348049,-0.7420945164898504,3403.9305977617464,0.6278334648304809,82167.25076165413,0.6726750477887841,Standing_p2_1_35sek_20260204_154843.parquet,0,Sit-Stand,18.202048,20.177675,Non-Fall
-0.5681190311055564,0.6473636221003435,3.3242733293897566e-05,-0.71908653127823,-0.8203369542629453,-0.7062752627226502,0.1070982160627319,-0.7918602175602543,-0.823413780194225,-0.7065384722877968,3414.533195809268,0.6285252530593352,79246.9944890508,0.655680494350498,Standing_p2_1_35sek_20260204_154843.parquet,0,Sit-Stand,19.202262,21.177733,Non-Fall
-0.5681190311055564,0.6582651259959341,3.5074982663889174e-05,-0.7168811235708219,-0.7509523715254767,-0.6897046200182132,1.3523837515767918,-0.733062938266888,-0.5009636631437389,-0.7181425311385436,3413.908445036365,0.6281620795650007,87771.40740620995,0.7052093459005232,Standing_p2_1_35sek_20260204_154843.parquet,0,Sit-Stand,20.203994,22.177721,Non-Fall
-0.5799649774527639,0.6469065256304756,3.9140082789561666e-05,-0.7121852090248053,-0.7509523715254767,-0.698024534711188,1.5673280460016974,-0.7268002258305485,-0.6990839892318133,-0.849844391701564,3403.0550283476396,0.6271967343573864,98961.0880932982,1.0741769505921315,Standing_p2_1_35sek_20260204_154843.parquet,0,Sit-Stand,21.202241,23.177696,Non-Fall
-0.5661480462430359,0.5936401444074343,6.20858037116485e-05,-0.6893485487531407,-0.7916842696715447,-0.701600675012116,1.00981062904085,-0.7441817417390176,-1.492117107870236,0.11964279043628702,3398.1689116735797,0.6288848497199283,87372.23598308805,0.8218457873675218,Standing_p2_1_35sek_20260204_154843.parquet,0,Sit-Stand,22.202924,24.177666,Non-Fall
-0.5661480462430359,0.5643106362282826,6.317773359312981e-05,-0.6883779975369034,-0.7916842696715447,-0.6811029583745405,0.9296417218885715,-0.7470463876567046,-1.38304025384204,0.04594652556555626,3394.090131605563,0.6291145085381707,101609.29508696323,0.7679199741536511,Standing_p2_1_35sek_20260204_154843.parquet,0,Sit-Stand,23.202199,25.177696,Non-Fall
-0.5764075777740635,0.5801223913199598,3.750464460896539e-05,-0.7140436536688046,-0.7938147543125339,-0.6922745754304465,0.8854717206495089,-0.7486776334510605,-0.7565653249381248,-0.3827314880736462,3391.9629564883976,0.6276232300839322,84147.22887082478,0.7773275558162118,Standing_p2_1_35sek_20260204_154843.parquet,0,Sit-Stand,24.202811,26.177716,Non-Fall
-0.5661480462430359,0.5634929533944042,4.851475884230821e-05,-0.7022099573740668,-0.7938147543125339,-0.7025441274253241,1.4113694939115782,-0.7312975758573991,-0.27385725196901983,-0.6842031115065191,3393.954535645378,0.628400062495284,97152.40696195806,0.8617325967016168,Standing_p2_1_35sek_20260204_154843.parquet,0,Sit-Stand,25.203349,27.177721,Non-Fall
-0.5464902477743601,0.564139446099121,8.63444946123689e-05,-0.6694737474458599,-0.6895120682530088,-0.6697236407505328,5.796960972840713,-0.6454809144555297,-0.10683451858096438,-0.7916247046025072,3386.6467948275895,0.6273334790203389,93007.30789772612,0.9111927075551987,Standing_p2_1_35sek_20260204_154843.parquet,0,Sit-Stand,26.203811,28.177702,Non-Fall
-0.5464902477743601,0.5527545689483668,7.784158121151963e-05,-0.6760772942063404,-0.6895120682530088,-0.6979819985957388,6.975736520739298,-0.6290536447833994,-0.0349257572065631,-0.6774407367406915,3390.7208165081133,0.6283982001236859,113571.36713891396,1.67912811695018,Standing_p2_1_35sek_20260204_154843.parquet,0,Sit-Stand,27.202437,29.177665,Non-Fall
-0.6091342564673152,0.4979470833151696,2.0396674316442977e-05,-0.7366634463017622,-0.8321537494363821,-0.7079244829527486,0.06974876585012706,-0.796304074338986,0.4298953353486725,-0.8143602414655193,3371.003617166851,0.6267797626710843,79597.2561758691,0.6610260702044443,Standing_p2_2_35sek_20260204_154943.parquet,0,Sit-Stand,0.596122,2.569633,Non-Fall
-0.5956149081011094,0.48438941187254797,1.865230312358956e-05,-0.7394410763588187,-0.8321537494363821,-0.7100855233708795,0.058275231501567354,-0.7979010584424092,0.6018579497713322,-0.498720150790763,3373.8539566728123,0.6275847593548486,77354.3937891212,0.6479011218153928,Standing_p2_2_35sek_20260204_154943.parquet,0,Sit-Stand,1.595668,3.569628,Non-Fall
-0.5956149081011094,0.47631405287796214,2.396403977584598e-05,-0.7313309301455767,-0.8385978353062442,-0.7133355352057457,0.0387681148897828,-0.8010325373129453,0.1780320094817985,0.014194012586293379,3370.2446051547904,0.6274434050185331,75957.30121450269,0.644916252190351,Standing_p2_2_35sek_20260204_154943.parquet,0,Sit-Stand,2.594304,4.569587,Non-Fall
-0.5956149081011094,0.4848171092781441,2.68261964565301e-05,-0.7273341725890753,-0.8355003553401572,-0.7118926812749188,0.06095238175339037,-0.797515292908786,-0.06064500103568747,-0.2708071669150111,3374.8383050300513,0.6279504304858453,76471.16947831133,0.649983276710345,Standing_p2_2_35sek_20260204_154943.parquet,0,Sit-Stand,3.594997,5.569616,Non-Fall
-0.6091342564673152,0.48160813950706116,2.659309856628639e-05,-0.727651437628326,-0.8296850661898432,-0.708628071221418,0.08214823736417776,-0.7947199000869517,0.2868694140197054,-0.6314227308759501,3372.4587558973813,0.6279301997223296,77130.9216269412,0.6323126918063068,Standing_p2_2_35sek_20260204_154943.parquet,0,Sit-Stand,4.596101,6.569565,Non-Fall
-0.5902594140419491,0.4645579874582791,3.146137439376903e-05,-0.7212897548928374,-0.8296850661898432,-0.7111386805481289,0.08346717523165094,-0.7945586540197966,0.4896777085439204,-0.4966556674529142,3367.017046829928,0.6276224004091313,78218.15470145899,0.665127625428471,Standing_p2_2_35sek_20260204_154943.parquet,0,Sit-Stand,5.594293,7.569633,Non-Fall
-0.5902594140419491,0.48706803359590467,2.6374030232184966e-05,-0.7279508772298959,-0.8282411158122264,-0.7182797959199226,0.1020683254895713,-0.7924074294869091,-0.03479885623176663,-0.32682135042888877,3377.7181916591558,0.6282397135540017,68899.09785183486,0.6418854104419714,Standing_p2_2_35sek_20260204_154943.parquet,0,Sit-Stand,6.595984,8.569606,Non-Fall
-0.6091342564673152,0.49391778418231885,1.7641353582240665e-05,-0.7411105830593379,-0.8271073433121119,-0.7182684428996058,0.1652030264153475,-0.7862881786187716,-1.1055903755613967,-0.20863345361960497,3370.4806351005655,0.6271106696439196,78364.8934187213,0.7254704616931756,Standing_p2_2_35sek_20260204_154943.parquet,0,Sit-Stand,7.595882,9.569602,Non-Fall
-0.6091342564673152,0.5017471221630743,2.304152899644306e-05,-0.7326695264557466,-0.8271073433121119,-0.7094044353446085,0.14214650282561536,-0.7883587748845449,-0.8584162075815521,-0.43985491688209416,3373.38300002576,0.6274507762686812,75936.72596501799,0.6723185879288952,Standing_p2_2_35sek_20260204_154943.parquet,0,Sit-Stand,8.594406,10.569565,Non-Fall
-0.6091342564673152,0.520580647863483,2.265991846502386e-05,-0.7332310798761189,-0.8312281833507237,-0.7074261801114422,0.10525329854822363,-0.7920594064431626,-0.637199119614876,-0.48061612836852957,3386.6027702397414,0.6285083313627421,75958.57276780302,0.6412192820075269,Standing_p2_2_35sek_20260204_154943.parquet,0,Sit-Stand,9.59622,11.569613,Non-Fall
-0.5956149081011094,0.5103640098577926,2.5030077078907685e-05,-0.729815771673789,-0.8337893377044028,-0.712927172849155,0.10267898540983214,-0.7923402862116793,-0.5064035693386474,-0.6740334393275368,3376.864823405257,0.6272767031049058,79378.83449005625,0.6822603868812165,Standing_p2_2_35sek_20260204_154943.parquet,0,Sit-Stand,10.596191,12.56957,Non-Fall
-0.5956149081011094,0.49012837879046356,2.6241071371351224e-05,-0.728133222433118,-0.831766819333177,-0.714938398717939,0.099404963388135,-0.7927026473898615,-0.5788546569875479,-0.8596946708851502,3372.1802152650043,0.6272631514439188,70105.66078550353,0.6192774521117799,Standing_p2_2_35sek_20260204_154943.parquet,0,Sit-Stand,11.595913,13.569628,Non-Fall
-0.5845150720487529,0.5132803436482887,2.6123240642842767e-05,-0.7282952067819733,-0.829603986214311,-0.7123458745933926,0.11133543649589217,-0.7914091376967664,-0.2907720148101382,-0.5550171671760553,3376.795548949693,0.6274108013117808,78313.02938052644,0.6649329911014338,Standing_p2_2_35sek_20260204_154943.parquet,0,Sit-Stand,12.595438,14.569575,Non-Fall
-0.5845150720487529,0.5436417519301217,3.196051980128244e-05,-0.7206662458511824,-0.829603986214311,-0.7135972070948929,0.08553147566290108,-0.7943088202676006,-0.26140287959999975,-0.899063382363796,3388.224199457589,0.6282818601448741,75331.41180216434,0.6689682087343705,Standing_p2_2_35sek_20260204_154943.parquet,0,Sit-Stand,13.59565,15.569625,Non-Fall
-0.6057501839813395,0.5284243623509628,3.467795703030144e-05,-0.717354025370016,-0.8345693639399766,-0.7159829027216198,0.1421882337928184,-0.7883548812497195,-0.3503391193502153,-1.2006605455852153,3387.0728741743305,0.6283568782948858,68596.66121356426,0.6454674105997739,Standing_p2_2_35sek_20260204_154943.parquet,0,Sit-Stand,14.594394,16.569575,Non-Fall
-0.6057501839813395,0.49916667977714657,2.7013091014641052e-05,-0.7270807883624882,-0.8302061890444342,-0.7075687452545013,0.15914458494436334,-0.7868174595329914,-0.08054317687817077,-1.0343350598269083,3370.326447674898,0.6267974697756261,84478.68614314929,0.6613485660300354,Standing_p2_2_35sek_20260204_154943.parquet,0,Sit-Stand,15.594034,17.569606,Non-Fall
-0.6057501839813395,0.5301900046836221,1.9636368727542402e-05,-0.7378588934560272,-0.8297034206060631,-0.7058735255536622,0.09484715721317144,-0.7932171819926733,-0.07601593954762698,-0.703684812855174,3387.951030678095,0.6282107842782568,80159.79807650534,0.6629417460985121,Standing_p2_2_35sek_20260204_154943.parquet,0,Sit-Stand,16.596384,18.569606,Non-Fall
-0.5946226165429706,0.5936572410838693,2.1969511179947315e-05,-0.7342591899332951,-0.8297034206060631,-0.7204352548697159,0.1895581154157316,-0.7842525912946778,-0.8293786777361389,-0.4081459516134534,3395.812651447861,0.6272235500245863,73823.19377011238,0.701409920777356,Standing_p2_2_35sek_20260204_154943.parquet,0,Sit-Stand,17.593949,19.569596,Non-Fall
-0.5902594140419491,0.595809089081654,3.3464016195751205e-05,-0.7188170084943242,-0.7762068084442646,-0.7306721637874177,1.804795194663882,-0.7203624884178303,-0.5797085243918938,-0.7811245176161972,3396.568665421617,0.627603076497869,55026.33872560419,0.8072473158099761,Standing_p2_2_35sek_20260204_154943.parquet,0,Sit-Stand,18.593944,20.569633,Non-Fall
-0.5902594140419491,0.5779161913372932,3.5485089777696565e-05,-0.7163954420884623,-0.7762068084442646,-0.7235753420694351,2.1293343666396307,-0.7122149785319632,-0.43415459952581253,-0.8030388754464437,3391.663308782482,0.6277442168510287,90726.41729698054,1.1805788996222044,Standing_p2_2_35sek_20260204_154943.parquet,0,Sit-Stand,19.594171,21.569575,Non-Fall
-0.6033631302094719,0.5690228388351852,2.8775410271418856e-05,-0.7247333275589176,-0.8116047011162557,-0.7094837646841817,0.49277771697132605,-0.7654946782758273,-0.9275105367017112,-0.7917358479561215,3392.5262767964123,0.6279774866083749,78431.6277098928,0.7584491556756646,Standing_p2_2_35sek_20260204_154943.parquet,0,Sit-Stand,20.596645,22.569565,Non-Fall
-0.6091342564673152,0.5564007573821776,2.707515605101517e-05,-0.726996837038424,-0.8254902497947538,-0.705082847665421,0.10259244026956833,-0.7923497898559588,-0.8179394771697139,-1.0454196243305105,3388.160429361236,0.6278047393144834,79779.116157589,0.6554015804476091,Standing_p2_2_35sek_20260204_154943.parquet,0,Sit-Stand,21.593841,23.569575,Non-Fall
-0.6193035150342517,0.5522163534930224,2.5935983431705704e-05,-0.7285533866210698,-0.8294289446898923,-0.7056941908565157,0.04219447920942904,-0.8004332979260242,-0.6288368579722464,-1.0734542288343827,3387.1557181245444,0.6274588532207345,80616.86678437212,0.6428554558421601,Standing_p2_2_35sek_20260204_154943.parquet,0,Sit-Stand,22.595646,24.569587,Non-Fall
-0.5999838782253095,0.5231105067290677,2.786557985464879e-05,-0.7259359822783535,-0.82424568953007,-0.7099869880107615,0.14343322199532346,-0.7882389814783559,-0.16286875124079442,-1.0077484104063497,3384.8484301552858,0.6278706861276893,72682.0349232619,0.6291624598155479,Standing_p2_2_35sek_20260204_154943.parquet,0,Sit-Stand,23.595651,25.569615,Non-Fall
-0.5999838782253095,0.4992988863651014,3.0407568148010797e-05,-0.7226225767027051,-0.82424568953007,-0.712218058275716,0.13374501133690664,-0.7891546580265726,-0.3860116168553418,-0.7702777712806881,3376.4122958344806,0.6277305352232663,79997.9015334236,0.6876778923177352,Standing_p2_2_35sek_20260204_154943.parquet,0,Sit-Stand,24.596566,26.569606,Non-Fall
-0.6057501839813395,0.5018257758993375,2.8921412061457113e-05,-0.7245421158432106,-0.8280298651710094,-0.7123355052873722,0.085081945180479,-0.7943629660525091,-0.5167566530735096,-0.5098308640820983,3373.803561224897,0.6274603429881864,75393.73369827059,0.6491889287784127,Standing_p2_2_35sek_20260204_154943.parquet,0,Sit-Stand,25.595638,27.569566,Non-Fall
-0.6057501839813395,0.516000158101192,2.799706323520996e-05,-0.7257609805490978,-0.8280298651710094,-0.7110576668166916,0.11791291490523077,-0.7907255995615123,0.14482374830648667,-0.6267770232133784,3377.557621060586,0.627709538438818,78235.02060882145,0.6857459985984264,Standing_p2_2_35sek_20260204_154943.parquet,0,Sit-Stand,26.594396,28.56957,Non-Fall
-0.5999838782253095,0.5211528462432695,2.738826222403621e-05,-0.7265747783021113,-0.8313579022658416,-0.7074417572099776,0.06949892224411465,-0.7963373852218618,-0.04658132654009648,-0.611287362073993,3387.6202563820043,0.6289035488783326,77226.79864388809,0.6259633021772824,Standing_p2_2_35sek_20260204_154943.parquet,0,Sit-Stand,27.59653,29.569569,Non-Fall
-0.5999838782253095,0.5293314904599029,2.357425894912836e-05,-0.7318933157847364,-0.8331289889581569,-0.7091612954602803,0.042874391933006344,-0.8003173179466,-0.4801128646490709,-0.2103691918563551,3381.0427075987977,0.627428314668866,78238.4963043254,0.6359578598020317,Standing_p2_2_35sek_20260204_154943.parquet,0,Sit-Stand,28.594259,30.569606,Non-Fall
-0.5999838782253095,0.5310628264095546,2.076463762908628e-05,-0.7360928930670662,-0.8324837061574787,-0.7135845055035483,0.11870544211995968,-0.7906445403635849,0.22041372559410924,-0.22343925547646326,3382.4267530612433,0.6272881147274896,76562.31046789842,0.6768062794426747,Standing_p2_2_35sek_20260204_154943.parquet,0,Sit-Stand,29.595674,31.569563,Non-Fall
-0.5803604359700909,0.5483710685971879,2.4650254262556176e-05,-0.7303518446303882,-0.8324837061574787,-0.7165969810359373,0.10101722986703965,-0.7925234716698629,0.6216495818767366,-0.4073807636684283,3386.736640225424,0.6277246700676411,71763.77340811466,0.6672169972860434,Standing_p2_2_35sek_20260204_154943.parquet,0,Sit-Stand,30.596178,32.569578,Non-Fall
-0.5803604359700909,0.5444732619493909,2.5756765054625204e-05,-0.728801357281381,-0.8355688945629113,-0.713981504480647,0.043111653417385216,-0.8002770624308966,0.44611157218808706,-0.6205074762883492,3387.247595734432,0.6282998345777963,75039.272546838,0.6422744165957197,Standing_p2_2_35sek_20260204_154943.parquet,0,Sit-Stand,31.594109,33.569625,Non-Fall
-0.6057501839813395,0.5298958318994952,2.3803851940416304e-05,-0.7315614954867989,-0.8290004735719023,-0.7132297506844044,0.08156638833204878,-0.7947914450375421,0.06791002114347139,-0.9492396048262733,3381.2189580549816,0.6280975392312443,75469.09410791934,0.6619338354643665,Standing_p2_2_35sek_20260204_154943.parquet,0,Sit-Stand,32.595894,34.569602,Non-Fall
-0.6057501839813395,0.5387972514701794,2.473028054255284e-05,-0.7302385558777477,-0.8290004735719023,-0.7135982199179535,0.08328989172570912,-0.794580253236167,0.3087811188232898,-0.9375413021796565,3387.998608895229,0.628480611911723,73953.01666027957,0.6635799580339903,Standing_p2_2_35sek_20260204_154943.parquet,0,Sit-Stand,33.595974,35.569613,Non-Fall
-0.6057501839813395,0.5399174460726817,2.3719240375885993e-05,-0.7316835937451956,-0.8330733565058561,-0.7075395707520756,0.06333346409578128,-0.7971792496157186,0.5125711630561359,-0.7642005083239124,3385.297254952746,0.6277532500059799,79773.42866503951,0.6444617899346783,Standing_p2_2_35sek_20260204_154943.parquet,0,Sit-Stand,34.594065,36.569616,Non-Fall
-0.6057501839813395,0.5578028091917374,1.864039133492083e-05,-0.7394604806159812,-0.8330733565058561,-0.707029432545214,0.052593582737701386,-0.7987502860735606,0.20993865440784104,-0.6405509070418618,3390.990275170566,0.627872296092256,80686.87069970446,0.6507910060442956,Standing_p2_2_35sek_20260204_154943.parquet,0,Sit-Stand,35.594098,37.569575,Non-Fall
-0.5999838782253095,0.5558457791833998,2.6266883035980754e-05,-0.7280977871917889,-0.8255764953998447,-0.710978251500531,0.14606961896213327,-0.7879952000504965,-0.38000524040916944,-0.5025144194133693,3390.7903259345726,0.627942455978692,78592.93125441486,0.668898526431358,Standing_p2_3_35sek_20260204_155033.parquet,0,Sit-Stand,0.511567,2.485332,Non-Fall
-0.5803604359700909,0.5893192441024085,3.2190155751078554e-05,-0.7203810311713101,-0.8327757199071513,-0.7105150927666715,0.14074241818730923,-0.7884901152987421,-0.2341169513566365,-0.38754430492563025,3397.1947641515585,0.6276620560247539,75140.93830822669,0.674068544763844,Standing_p2_3_35sek_20260204_155033.parquet,0,Sit-Stand,1.511388,3.485343,Non-Fall
-0.5803604359700909,0.6147774245020242,3.049401023812671e-05,-0.7225123864923237,-0.8327757199071513,-0.7083257195339444,0.07702876271830082,-0.7953583886772829,-0.23848350953180553,-0.3544731953739152,3402.104477019719,0.6278483980141909,79406.7906820057,0.6670418642624231,Standing_p2_3_35sek_20260204_155033.parquet,0,Sit-Stand,2.509613,4.485358,Non-Fall
-0.5860989073968931,0.581364173797481,3.1459193687676464e-05,-0.7212924897379631,-0.8357824836330429,-0.7153823871370182,0.0799582716608127,-0.7949905193586961,-0.5688561195397219,-0.43079679096773293,3391.978886567577,0.6274716779982203,72351.58870980574,0.6444576941223592,Standing_p2_3_35sek_20260204_155033.parquet,0,Sit-Stand,3.509758,5.485336,Non-Fall
-0.5860989073968931,0.5687749376763577,2.694851712934012e-05,-0.7271682356759103,-0.829113002113785,-0.7121120660958801,0.0965004367818869,-0.7930291418489144,-0.40634922819249125,-0.2719186951686504,3391.0900197624205,0.6276297522611688,74977.55173484699,0.6410723738479451,Standing_p2_3_35sek_20260204_155033.parquet,0,Sit-Stand,4.510356,6.485358,Non-Fall
-0.6003812909738034,0.5715809627559507,2.0875383194849528e-05,-0.7359221656857889,-0.829113002113785,-0.7103866075282358,0.15135451545962395,-0.7875130555125416,-0.5853486533905278,-0.2039894727708215,3391.718468676811,0.6277639607040766,74691.51427109809,0.6763244736329507,Standing_p2_3_35sek_20260204_155033.parquet,0,Sit-Stand,5.509611,7.485363,Non-Fall
-0.5860989073968931,0.5899417717682471,2.854882239933057e-05,-0.7250310422746089,-0.8200483619984307,-0.7113874046999892,0.24737370910652942,-0.779891384406804,-0.7675529674466725,-0.2854046164445645,3399.525877308942,0.6281895142287655,77780.77444617008,0.6656866511867724,Standing_p2_3_35sek_20260204_155033.parquet,0,Sit-Stand,6.509908,8.485358,Non-Fall
-0.5860989073968931,0.62037482680721,2.8737277278068655e-05,-0.7247833484020868,-0.8200483619984307,-0.7105889448039855,0.19738341940262905,-0.7836266804526553,-0.9686903036809518,-0.4893383826253971,3400.666531623267,0.6273602718596911,82972.77223328334,0.732950594765944,Standing_p2_3_35sek_20260204_155033.parquet,0,Sit-Stand,7.511506,9.485336,Non-Fall
-0.6003812909738034,0.5977515789070397,2.5620133898277677e-05,-0.728990983376531,-0.8277979752648006,-0.7177321640462437,0.09251519236367167,-0.7934852228348763,-0.7330079695811542,-1.069128178215474,3397.6082869973015,0.6274746798920549,69075.85840441837,0.6274628074813742,Standing_p2_3_35sek_20260204_155033.parquet,0,Sit-Stand,8.510367,10.485332,Non-Fall
-0.5860989073968931,0.5780045241065598,3.072053933644932e-05,-0.7222243620606261,-0.8333605102284086,-0.7148667723232609,0.08825388434212417,-0.7939839037604086,-0.6960506725069635,-0.7824689575941464,3393.386389299679,0.6279365009688725,71831.78668780554,0.6222724014397021,Standing_p2_3_35sek_20260204_155033.parquet,0,Sit-Stand,9.509597,11.485296,Non-Fall
-0.5860989073968931,0.5813549415856104,2.9061749983508296e-05,-0.7243587762219672,-0.8333605102284086,-0.7105311816243122,0.06131390589590922,-0.7974638534794128,-0.6646482608645119,-0.5564422013901829,3394.4273638005234,0.6282713958063314,79942.36769898895,0.6605437097277379,Standing_p2_3_35sek_20260204_155033.parquet,0,Sit-Stand,10.509916,12.485351,Non-Fall
-0.5860989073968931,0.5736750093913754,2.824281960637244e-05,-0.7254349820982151,-0.8363840244765629,-0.7166149959001054,0.054089726289746176,-0.798522384444299,-0.15941236425215527,-0.6007602485923599,3396.75380430569,0.6287336185172636,73011.88832846704,0.639343626646597,Standing_p2_3_35sek_20260204_155033.parquet,0,Sit-Stand,11.511951,13.485343,Non-Fall
-0.5860989073968931,0.5688982687084357,2.5902399447981935e-05,-0.7285997888058079,-0.8369016741830285,-0.7188329106482393,0.04843103716528005,-0.7994019884979665,-0.24842188035769966,-0.4361800544619062,3391.9475798202498,0.6278138065522332,69151.65703801622,0.6296328382083014,Standing_p2_3_35sek_20260204_155033.parquet,0,Sit-Stand,12.512116,14.485363,Non-Fall
-0.5860989073968931,0.5839378152912957,2.4478932138712888e-05,-0.7305949957319818,-0.8369016741830285,-0.7215331772919783,0.0630621203707603,-0.7972172218199097,-0.29474185988632345,-0.335134564572205,3393.174654490528,0.6272708018229963,69371.33048073523,0.6473665324626832,Standing_p2_3_35sek_20260204_155033.parquet,0,Sit-Stand,13.511081,15.485351,Non-Fall
-0.5860989073968931,0.5564565353075543,3.143768051925419e-05,-0.7213194746974232,-0.8329369540119484,-0.7283253998594768,0.17492001527753778,-0.7854591496132823,-0.36034006959579923,-0.5596479019173113,3387.936365989022,0.6277691783087737,66109.83080834591,0.661896356726657,Standing_p2_3_35sek_20260204_155033.parquet,0,Sit-Stand,14.511907,16.485343,Non-Fall
-0.6057501839813395,0.48556079686602516,3.044075524440088e-05,-0.7225802536600103,-0.8312573095469632,-0.7358578516214336,0.39407202429020494,-0.7707174919087202,-0.6769369815252868,-0.5548391229683868,3376.1058503863305,0.6283840963746764,52052.02976465543,0.6532943203781191,Standing_p2_3_35sek_20260204_155033.parquet,0,Sit-Stand,15.511382,17.485355,Non-Fall
-0.6105285218090312,0.4344119460214451,2.5511734232267572e-05,-0.7291417878677443,-0.8310506152232949,-0.7238526976097757,0.4568250943683862,-0.7673305788781813,-0.4722781565787855,-0.5448425333248028,3360.237036501265,0.6274620223275224,75837.5693852618,0.725715477840892,Standing_p2_3_35sek_20260204_155033.parquet,0,Sit-Stand,16.512109,18.485317,Non-Fall
-0.6105285218090312,0.42483135700314856,1.8703361616101586e-05,-0.7393579723884884,-0.8304801552503849,-0.7092431983990053,0.1463705477147718,-0.7879675142581654,-0.49332587604746325,-0.4066343328525104,3359.4457126365974,0.6275951871963178,79145.5715138628,0.6897623323710643,Standing_p2_3_35sek_20260204_155033.parquet,0,Sit-Stand,17.512531,19.48531,Non-Fall
-0.6105285218090312,0.43947464349980186,1.9646173405969313e-05,-0.7378433314534489,-0.8304778429472311,-0.7076200351611159,0.13397878717639108,-0.7891321794967501,-0.828420854206194,-0.6552482627477062,3364.3557838870342,0.6276861068888359,79425.29516776881,0.6730449088658381,Standing_p2_3_35sek_20260204_155033.parquet,0,Sit-Stand,18.510031,20.485358,Non-Fall
-0.6105285218090312,0.4396918684683072,2.5534327564329214e-05,-0.7291103298688533,-0.8304778429472311,-0.7090299396102101,0.10072799122548304,-0.7925555097528968,-0.05516337555829673,-0.9149952672876943,3362.457706035915,0.6275797118206864,78422.3886664993,0.6568088325994977,Standing_p2_3_35sek_20260204_155033.parquet,0,Sit-Stand,19.509872,21.485296,Non-Fall
-0.6105285218090312,0.4545960249062659,2.8057301258322334e-05,-0.7256809422271822,-0.8334978489318176,-0.7114347332212502,0.06773478020917013,-0.7965743172955113,-0.2320927206626032,-1.0606225155480824,3362.041993347964,0.6273701332518412,76911.93087313847,0.6612041974779796,Standing_p2_3_35sek_20260204_155033.parquet,0,Sit-Stand,20.510067,22.485336,Non-Fall
-0.6218997836624218,0.45864503758035513,2.4869236593242693e-05,-0.7300422781227246,-0.8334978489318176,-0.7087443887971592,0.05018752853384192,-0.799123699761833,-0.3861353982013999,-1.1001107932627352,3373.799109904724,0.6289901600745292,77718.70735579098,0.6486844502226488,Standing_p2_3_35sek_20260204_155033.parquet,0,Sit-Stand,21.50998,23.485358,Non-Fall
-0.6218997836624218,0.4531757804625412,2.5365688448378477e-05,-0.7293454727694094,-0.8348518549788885,-0.71135327868987,0.04848465607561797,-0.799393419448043,-0.25577228883612885,-1.01496184801099,3362.0107322997264,0.6273659452240263,76203.52971044766,0.6347301585950653,Standing_p2_3_35sek_20260204_155033.parquet,0,Sit-Stand,22.511361,24.48531,Non-Fall
-0.6033631302094719,0.45375282581341303,2.986130769818524e-05,-0.7233225630832668,-0.8362440576811908,-0.7148950202563605,0.053969040501479965,-0.7985406502116406,-0.2303251020029979,-0.9927684993380841,3370.3365171621426,0.6283966220066539,73391.54386389203,0.6429934258800916,Standing_p2_3_35sek_20260204_155033.parquet,0,Sit-Stand,23.511477,25.485346,Non-Fall
-0.6033631302094719,0.4627913712954416,3.031899505919615e-05,-0.7227356459423838,-0.8315937959280274,-0.7112043411848438,0.07937811055676809,-0.795062830227312,-0.1511264848085618,-0.8361437255372706,3364.586161498771,0.6273021324336863,79398.24065542211,0.6684017037962522,Standing_p2_3_35sek_20260204_155033.parquet,0,Sit-Stand,24.511643,26.485345,Non-Fall
-0.6033631302094719,0.4730661627497598,2.4203928869988804e-05,-0.730987083649572,-0.8315937959280274,-0.7145109720166948,0.10647244564732901,-0.7919275859896463,-0.227676086827811,-0.6858386388307736,3370.6704925530576,0.6278002423831484,74359.92159994603,0.6498470752103763,Standing_p2_3_35sek_20260204_155033.parquet,0,Sit-Stand,25.510319,27.485363,Non-Fall
-0.6105285218090312,0.4748673343090708,2.8060110713286502e-05,-0.7256772113996279,-0.839613131513325,-0.7225937786886474,0.06086486827942211,-0.7975277676711794,-0.7216753901590744,-0.9756573472629297,3368.949854607732,0.6274006559487308,66449.86970795538,0.6364177295973134,Standing_p2_3_35sek_20260204_155033.parquet,0,Sit-Stand,26.511408,28.485336,Non-Fall
-0.5924404290123138,0.46345177820194566,3.738301917764583e-05,-0.7141834678788147,-0.8346563679404494,-0.7202798094840857,0.09682286979440907,-0.7929926572756871,-0.5444024481273149,-0.9766744090079241,3369.45813906832,0.6272279773162003,70042.63740509319,0.6575519962122862,Standing_p2_3_35sek_20260204_155033.parquet,0,Sit-Stand,27.511438,29.485336,Non-Fall
-0.5924404290123138,0.4511708929215274,3.5665462221278774e-05,-0.7161827196421959,-0.8289420600587075,-0.7087445250187758,0.1482790411583391,-0.7877925893091328,-0.21548196616620707,-0.9855218567781958,3364.152890717475,0.6275942580764321,79031.80547346892,0.6659893798017373,Standing_p2_3_35sek_20260204_155033.parquet,0,Sit-Stand,28.509758,30.4853,Non-Fall
-0.6091342564673152,0.46456017951615,3.131885228577562e-05,-0.7214686930642907,-0.8289420600587075,-0.7014286268944806,0.06154343019089401,-0.7974312743083294,-0.22131889498736773,-1.1022067319909172,3369.7589620014946,0.6284471195176965,84426.12028305588,0.6502768829611474,Standing_p2_3_35sek_20260204_155033.parquet,0,Sit-Stand,29.512107,31.485346,Non-Fall
-0.6091342564673152,0.4728336875866387,2.7323043728843967e-05,-0.7266624913552163,-0.8272360450222831,-0.6972092407128774,0.08106197723476337,-0.7948536748843924,-0.5304650941557404,-0.7278971010217293,3366.233285297252,0.6274339579104533,85256.1375005834,0.6396450666693424,Standing_p2_3_35sek_20260204_155033.parquet,0,Sit-Stand,30.511387,32.485309,Non-Fall
-0.6057501839813395,0.5121626560236614,2.4907356387005824e-05,-0.729988529182181,-0.8272360450222831,-0.7020123163981746,0.1740763422037563,-0.7855302015278054,-0.979796467647755,-0.395498556839326,3384.7913549659515,0.6289127085839541,86746.01289655615,0.686541983254311,Standing_p2_3_35sek_20260204_155033.parquet,0,Sit-Stand,31.509801,33.485323,Non-Fall
-0.5845150720487529,0.55409461746476,2.5460874256909576e-05,-0.7292126541562212,-0.8307580208111989,-0.7161997904515489,0.10200203469843604,-0.7924147303628392,-0.07791353409789106,-0.39249474653895927,3387.0010412561387,0.6278670110701869,72608.73890916939,0.6601948018395317,Standing_p2_3_35sek_20260204_155033.parquet,0,Sit-Stand,32.51017,34.485296,Non-Fall
-0.5845150720487529,0.5492450910985793,3.0666372554534946e-05,-0.7222931365067411,-0.8381016111867562,-0.7161509776601723,0.05203463353326507,-0.7988362589004059,-0.5444478138377378,-0.4856186714557303,3383.447517123212,0.6274233070946975,73104.91252990864,0.6494801577375935,Standing_p2_3_35sek_20260204_155033.parquet,0,Sit-Stand,33.511519,35.485326,Non-Fall
-0.5902594140419491,0.5291979314283957,3.427637344960125e-05,-0.7178351182547846,-0.8381964186991713,-0.7173176506995566,0.05944750873172759,-0.7977310708364828,-0.9378027755919986,-0.6634060594836951,3388.753154917541,0.6285757733026868,71365.54440329492,0.6440670082457567,Standing_p2_3_35sek_20260204_155033.parquet,0,Sit-Stand,34.510557,36.485317,Non-Fall
-0.5902594140419491,0.5098385008356869,3.124842626138644e-05,-0.7215572640599477,-0.825926138362327,-0.712051265556425,0.10415086054075769,-0.7921792665764869,-0.49901353370038043,-0.6574066990541865,3379.2620012601406,0.6279525114504559,77070.60322981596,0.6629746643594886,Standing_p2_3_35sek_20260204_155033.parquet,0,Sit-Stand,35.511439,37.485367,Non-Fall
-0.6863438510753525,-0.14525407453421546,2.8147456453173043e-05,-0.7255613132818899,-0.8168666861825442,-0.7196710649905242,0.6533677195620525,-0.7580132582077964,-0.2615080004230538,-1.2154234039362546,3237.6690456708625,0.6281412356339309,85922.60176870746,0.7869039480428296,Standingtositting_Ahmed_1_20sek_20260202_102654.parquet,0,Sit-Stand,0.299256,2.274386,Non-Fall
-0.664477521962217,-0.13038926978639798,2.6782474631074415e-05,-0.7273935761828059,-0.8253904004253725,-0.7131383595919977,0.21924720642899612,-0.781940860561589,0.1488703564743506,-0.8112621244937872,3234.5216598732527,0.6272265638338809,71823.01595426534,0.6508135954862061,Standingtositting_Ahmed_1_20sek_20260202_102654.parquet,0,Sit-Stand,1.298724,3.274363,Non-Fall
-0.664477521962217,-0.13151702569144155,2.9673237566406802e-05,-0.7235650385299192,-0.8277421744831999,-0.712042988780202,0.2732205653298896,-0.7781085799955872,0.589620234310772,-0.7323095454202732,3236.973888170059,0.6275228115735724,84285.72720262985,0.6997940908403252,Standingtositting_Ahmed_1_20sek_20260202_102654.parquet,0,Sit-Stand,2.298697,4.274421,Non-Fall
-0.6755981249849783,-0.1526783088108962,2.9132821110433917e-05,-0.7242660966616692,-0.8277421744831999,-0.726952509828054,0.2554072001752726,-0.7793276941706815,0.31121607929814765,-1.0382052163360274,3234.6670486488943,0.6279234710568341,61203.100540566695,0.6451672870731615,Standingtositting_Ahmed_1_20sek_20260202_102654.parquet,0,Sit-Stand,3.30048,5.274413,Non-Fall
-0.153657688202331,-1.3024692699749016,0.0018957390014594114,-0.18765798483876994,-0.5578940125440718,-0.5790086762219305,17.076738903837953,-0.5241298430050461,1.3631874077057418,2.6469839286034853,2980.9948765235567,0.632692924122415,194290.62373592035,1.0887774948434796,Standingtositting_Ahmed_1_20sek_20260202_102654.parquet,0,Sit-Stand,7.634361,9.614404,Non-Fall
-0.6620553281719275,-0.025532263418569852,2.6632930832538254e-05,-0.7275971244860354,-0.8293129627667691,-0.7161712023720559,0.252886354848962,-0.7795036088004885,-0.9338997518803489,-0.36740882580583983,3263.0982158888974,0.6282249967289464,77111.70825884081,0.6695307588095372,Standingtositting_Ahmed_2_20sek_20260202_102748.parquet,0,Sit-Stand,0.706488,2.680534,Non-Fall
-0.6725621508046875,-0.03445215580595762,2.416868587169607e-05,-0.7310374922934204,-0.8293129627667691,-0.7181244637822936,0.37176178650038544,-0.7719860043858505,-1.078313757953981,-0.860429581318488,3257.139872209705,0.6273605531448185,64584.01598471002,0.6715370658195949,Standingtositting_Ahmed_2_20sek_20260202_102748.parquet,0,Sit-Stand,1.70499,3.680495,Non-Fall
-0.6845170533364497,-0.04013656438367094,2.2667271731936985e-05,-0.7332202147980653,-0.8155547996168441,-0.7128128983738758,0.4528531035501813,-0.7675377728442587,-1.452740973488751,-0.8865813768431721,3257.1175981721067,0.6274269018970541,71639.81433795676,0.6356046410771714,Standingtositting_Ahmed_2_20sek_20260202_102748.parquet,0,Sit-Stand,2.706722,4.680506,Non-Fall
-0.6598362750887395,-0.0342157514942892,2.9049941164054073e-05,-0.7243741863641414,-0.8155547996168441,-0.7093635703224879,0.3362306892408389,-0.7740875696449931,-0.7915456342619688,-0.8666319425620336,3257.035873010608,0.62785777758123,84387.32395708846,0.7331515049570169,Standingtositting_Ahmed_2_20sek_20260202_102748.parquet,0,Sit-Stand,3.708401,5.680554,Non-Fall
-0.6598362750887395,-0.020219145892643182,3.1713671848553387e-05,-0.7209739834375338,-0.8313937339175841,-0.7161913348232828,0.1110483713199007,-0.7914394236150664,-0.7267693650178325,-1.083516661453455,3264.9096210747634,0.6285416501812491,73206.46135437817,0.667252779678598,Standingtositting_Ahmed_2_20sek_20260202_102748.parquet,0,Sit-Stand,4.704903,6.68049,Non-Fall
-0.6067452055043009,-0.3542310644270158,0.0008037773473829852,-0.4013456543562768,-0.16028194986585595,-0.4680000701639669,112.2817993404238,-0.0693282325791744,-3.4101582105434063,1.4547203231591512,3248.250167566795,0.6358286743922192,227688.01163837514,1.44959862369504,Standingtositting_Ahmed_2_20sek_20260202_102748.parquet,0,Sit-Stand,5.706673,7.68049,Non-Fall
-0.8579588343445982,-2.0870723902943933,0.00014040770747050514,-0.6334978240980804,-0.38508045508213035,-0.49327590079584416,56.88917362891309,-0.2841954101027473,-2.254790994795119,1.69735504180769,2836.4772556992298,0.6284332930251992,175551.58686184313,0.793435904985683,Standingtositting_Ahmed_2_20sek_20260202_102748.parquet,0,Sit-Stand,8.706572,10.680498,Non-Fall
-0.9603522610564398,-2.072466951206239,2.1095947132149314e-05,-0.7355834841228122,-0.8175431124977418,-0.7142437899177967,0.4211180924638077,-0.7692269431315848,-0.30445520551537936,-0.98027975969009,2828.9023733559916,0.6272487555517527,82422.92103409268,0.7673364373591646,Standingtositting_Ahmed_2_20sek_20260202_102748.parquet,0,Sit-Stand,9.706592,11.68052,Non-Fall
-0.9603522610564398,-2.0953016967682188,2.2576737497554737e-05,-0.7333541098189222,-0.8314432529140386,-0.7141269579876475,0.12085463714025835,-0.7904260739410749,-0.6523097379942484,-0.637364782799078,2823.8226543288306,0.6271889627145459,74191.17251964295,0.6661190971103322,Standingtositting_Ahmed_2_20sek_20260202_102748.parquet,0,Sit-Stand,10.704957,12.680502,Non-Fall
-0.9603522610564398,-2.088501671704371,2.6551555317813418e-05,-0.7277081271265095,-0.8208007027163073,-0.7060860176866314,0.17175010959201611,-0.7857270074748453,-1.0264100051036156,-0.5407146014436379,2831.388539370401,0.6284304978624126,84050.8358821755,0.6765257953995948,Standingtositting_Ahmed_2_20sek_20260202_102748.parquet,0,Sit-Stand,11.705548,13.680529,Non-Fall
-0.9603522610564398,-2.0877125669697705,2.454426715784446e-05,-0.7305021681128575,-0.8208007027163073,-0.7098008236842569,0.21570869043617702,-0.782207800693126,-0.9302018366244413,-0.5361178892059284,2826.8103463379534,0.6277136790178021,72514.34805235393,0.6445272416483541,Standingtositting_Ahmed_2_20sek_20260202_102748.parquet,0,Sit-Stand,12.70683,14.68052,Non-Fall
-0.9316749980071783,-2.0692921316370962,2.7853949962034084e-05,-0.7259514812863838,-0.8005500792090633,-0.7049319536206018,0.34278985418113417,-0.7736915434740518,-0.48842293913915447,-0.6922274481038082,2830.690536795255,0.6279264386002793,85701.95774312984,0.686036504971569,Standingtositting_Ahmed_2_20sek_20260202_102748.parquet,0,Sit-Stand,13.705123,15.680553,Non-Fall
-0.9316749980071783,-2.0697584486057634,3.465113050418389e-05,-0.717386076151362,-0.8005500792090633,-0.7041824394433983,0.30922937881500207,-0.775760034270655,-0.40820501802918885,-0.8375881565304422,2834.2893494422087,0.6286244418830562,77910.3607256028,0.6482312465245764,Standingtositting_Ahmed_2_20sek_20260202_102748.parquet,0,Sit-Stand,14.705133,16.680557,Non-Fall
-0.878172551052707,-2.0560238853305495,6.773861422242946e-05,-0.6844120259316807,-0.2760621603802109,-0.36057202342275946,133.6713051463563,-0.0014081719041792694,-0.02832077050883383,-0.421890823227849,2828.060296726022,0.6277947784258492,325225.86762749567,1.1538558541908588,Standingtositting_Ahmed_2_20sek_20260202_102748.parquet,0,Sit-Stand,15.705346,17.680557,Non-Fall
-0.7046583336589803,-0.228959719491646,1.9079407636686546e-05,-0.7387493731567275,-0.8014778432505644,-0.7186247055460995,0.488728373115935,-0.7656980313806235,-0.6234310021789315,0.04008254625912847,3217.5570911019126,0.6277538675782633,65719.27167604861,0.6963869688703542,Standingtositting_Ahmed_3_20sek_20260202_102821.parquet,0,Sit-Stand,0.203785,2.176959,Non-Fall
-0.6942697197932735,-0.20884049174878674,2.8319963506794034e-05,-0.7253329426205665,-0.8014778432505644,-0.6977098546905315,0.7382889400970722,-0.7544301136477495,-0.41060895611271286,-0.474428458348584,3220.2738824021485,0.6276696498915864,105961.94661867578,0.7880225417072011,Standingtositting_Ahmed_3_20sek_20260202_102821.parquet,0,Sit-Stand,1.202993,3.17698,Non-Fall
-0.6835025291185219,-0.16940295797458035,2.420091479803981e-05,-0.7309913932908496,-0.8072541810531361,-0.6967493555915748,0.47273551275251546,-0.7665095274211401,-0.5913344383323813,-0.4560622130672892,3229.4475483384563,0.6281051777361331,81038.04979517026,0.63740623434135,Standingtositting_Ahmed_3_20sek_20260202_102821.parquet,0,Sit-Stand,2.201233,4.176959,Non-Fall
-0.6835025291185219,-0.1503499426659422,2.580922524436802e-05,-0.7287286830997923,-0.7897099629819021,-0.6994725898877345,0.561344025331624,-0.7621703250815358,-0.4780795896514198,-0.38509117957701877,3237.780753290415,0.6284526007241872,78758.55439744832,0.6590234074211367,Standingtositting_Ahmed_3_20sek_20260202_102821.parquet,0,Sit-Stand,3.203296,5.176976,Non-Fall
-0.6835025291185219,-0.15269865293903684,2.8428749392669463e-05,-0.7251892856638292,-0.7897099629819021,-0.7125218203639162,0.7764472684571655,-0.7528874650019971,-0.10037190875863876,-0.7693460980225494,3228.84943254885,0.6272657189890749,81985.07041074835,0.7381296033124629,Standingtositting_Ahmed_3_20sek_20260202_102821.parquet,0,Sit-Stand,4.20429,6.17702,Non-Fall
-0.567133419779827,-0.8097230998708749,0.0002495298092858568,-0.5779676432897187,-0.5165385207169443,-0.5832553901955273,26.235476769080105,-0.45449745032081684,1.1521289888577209,0.8044422536285029,3102.2527923771436,0.6304414972521392,192811.8840265202,1.5049940935160118,Standingtositting_Chrysi_1_20sek_20260202_103730.parquet,0,Sit-Stand,0.71299,2.686943,Non-Fall
-0.7640515156968678,-0.7988918730569659,2.86373490868561e-05,-0.7249145865744251,-0.7733183869376906,-0.7099720052219914,2.046130051338447,-0.7142409192962799,-0.38578213139627726,-1.1341014353653776,3092.8452261197967,0.6269494584898887,78986.7048934436,0.7253194142704946,Standingtositting_Chrysi_1_20sek_20260202_103730.parquet,0,Sit-Stand,1.711371,3.686953,Non-Fall
-0.7640515156968678,-0.8042403705529487,3.893288209045399e-05,-0.7124184867009743,-0.7915800598268549,-0.7342121018986888,0.8963082114400241,-0.7482737320417409,-0.14830448698898543,-0.9593313975268308,3093.949955067118,0.6278713000439264,61944.98385459925,0.966831706325757,Standingtositting_Chrysi_1_20sek_20260202_103730.parquet,0,Sit-Stand,2.711591,4.686906,Non-Fall
-0.7634303172029081,-0.8485471076349091,4.359227045615355e-05,-0.7073141311144967,-0.7915800598268549,-0.7221569932342343,1.337052276171114,-0.7335280602129869,0.28953224099309355,-0.7642667006541175,3085.1296772100504,0.6281322921067769,62329.28466201998,0.752655260589083,Standingtositting_Chrysi_1_20sek_20260202_103730.parquet,0,Sit-Stand,3.71334,5.686952,Non-Fall
-0.7634303172029081,-0.8386374881856863,4.395577108903233e-05,-0.7069276619864524,-0.8013223695205645,-0.6865543005896791,0.7557717906827186,-0.7537184950657383,-0.06042321857039481,-0.8093796641077348,3087.3828094976666,0.628346773797432,109106.21919916762,0.78983428623864,Standingtositting_Chrysi_1_20sek_20260202_103730.parquet,0,Sit-Stand,4.711391,6.686906,Non-Fall
-0.724287922804953,-0.8485934338254826,0.0001424744743236623,-0.6322753954848038,-0.6787728250022084,-0.6822597585450443,2.9705598787000884,-0.693618276436652,-0.8132885700783641,-0.23359970984307526,3095.209477832772,0.629048338270696,102609.89587931159,0.8571773127310076,Standingtositting_Chrysi_1_20sek_20260202_103730.parquet,0,Sit-Stand,5.713128,7.686958,Non-Fall
-0.4197989191786275,-0.903652906048777,0.0010427860133659186,-0.345898570994962,-0.65467690786968,-0.5593021231028431,7.373355705837781,-0.6238307829104961,1.1409259222116752,-0.0220640875453287,3080.2122522027416,0.6392705668913825,249913.11424161357,1.1204651324985606,Standingtositting_Chrysi_2_20sek_20260202_103758.parquet,0,Sit-Stand,0.0,1.978459,Non-Fall
-0.2923574977275077,-0.8110729536292205,0.0012836214937578213,-0.2961599626728402,-0.1440993069865582,-0.5342143422954757,40.5125914428485,-0.36704736362407364,-0.34730775167295613,2.2621351434769674,3092.505254884589,0.6442459858597918,424097.74601799523,2.4488938029115763,Standingtositting_Chrysi_2_20sek_20260202_103758.parquet,0,Sit-Stand,1.005058,2.978444,Non-Fall
-0.2923574977275077,-0.7660126173346816,0.001109401444669636,-0.33161230466684793,-0.1440993069865582,-0.6091285211344454,44.36549558971557,-0.3462353507016738,-0.47403856789023285,3.6452830000931282,3106.7758171424134,0.6296092539555213,185366.48807412435,1.4469118450460376,Standingtositting_Chrysi_2_20sek_20260202_103758.parquet,0,Sit-Stand,2.004995,3.978439,Non-Fall
-0.7742118464067488,-0.8353869657882848,4.064295307980223e-05,-0.7105113556850808,-0.7395400632259971,-0.6894001237961097,4.887212586754268,-0.6593407228689458,-0.32735615284599556,-0.766413318061292,3084.9896106529536,0.6276863868380343,64135.83658629951,0.9652294079229362,Standingtositting_Chrysi_2_20sek_20260202_103758.parquet,0,Sit-Stand,3.006067,4.978456,Non-Fall
-0.7767041519695783,-0.8168629591366138,3.7276694364325044e-05,-0.7143058797388674,-0.7604119353879917,-0.6853705227225706,2.42757518879812,-0.7052603086773563,-0.6106437709716572,-0.6176092670534742,3092.752936085587,0.6282958290522793,119320.78667091008,0.9307806956755651,Standingtositting_Chrysi_2_20sek_20260202_103758.parquet,0,Sit-Stand,4.004582,5.978395,Non-Fall
-0.25063610854565116,-0.9048362986760297,0.001175270704589184,-0.3179019750363911,0.05073932234886146,-0.2176778614639366,203.95267321135552,0.18994111476859168,0.9598287338339496,1.2467647170097462,3096.225507915814,0.6344666892999231,876967.8226260599,1.6080915351601608,Standingtositting_Chrysi_2_20sek_20260202_103758.parquet,0,Sit-Stand,5.004616,6.978395,Non-Fall
1.9706615144760624,0.5264630244708032,0.022002462418335672,1.2866078894342257,0.9667291275237552,0.7536790411323516,480.6769496628678,0.7277139770168842,3.2259434695843696,2.9095668152237724,3136.4317464710484,0.6168215421147283,4820943.23070767,1.1342467082614334,Standingtositting_Chrysi_2_20sek_20260202_103758.parquet,0,Sit-Stand,6.003336,7.978404,Non-Fall
1.9706615144760624,0.4521703954413195,0.02526670780250015,1.436054157552696,0.9667291275237552,0.521613263836733,669.9117943531407,1.0062211192147361,2.272933945677948,1.9921931534357862,3624.585122805219,0.892496745659918,8027876.834486618,1.7478971767799332,Standingtositting_Chrysi_2_20sek_20260202_103758.parquet,0,Sit-Stand,7.00472,8.97845,Non-Fall
-0.07628815117007982,-0.8601549533779465,0.0044096361968229926,0.13401770994963336,0.27761100701114994,-0.4262370020488338,160.29451352881404,0.07592580485736622,-2.7835021067828323,2.4332094061244405,3142.529254119086,0.6410690522897994,238385.0746453628,1.4634565842659875,Standingtositting_Chrysi_2_20sek_20260202_103758.parquet,0,Sit-Stand,8.00462,9.978412,Non-Fall
-0.6952870051935649,-0.8207195738708853,0.00012246270661868993,-0.6445146878001589,-0.655147826621311,-0.6632852915065792,8.289802449553976,-0.612305134283411,-1.561707469883726,0.8454545673405632,3096.247341318223,0.6287836525692763,108124.19443968993,1.1998979672554226,Standingtositting_Chrysi_3_20sek_20260202_103826.parquet,0,Sit-Stand,0.601312,2.576335,Non-Fall
-0.7407211791611055,-0.801023777303477,4.249583785844577e-05,-0.7084897081148267,-0.7661864379277862,-0.6672140022246613,4.086620687492915,-0.6726503929691378,-0.04456783871325026,-0.5487017099369411,3090.4660737872296,0.6272828657340702,108207.9534035133,0.9090182418427518,Standingtositting_Chrysi_3_20sek_20260202_103826.parquet,0,Sit-Stand,1.60153,3.57633,Non-Fall
-0.6952870051935649,-0.7756313721282369,5.943221627033868e-05,-0.6917433576899177,-0.7533772400514451,-0.6565593404512131,4.094438663167582,-0.6725144047399193,0.7046207225211488,0.4608215611609465,3105.6574884607567,0.6290531045843517,146293.27949300312,1.05732656226081,Standingtositting_Chrysi_3_20sek_20260202_103826.parquet,0,Sit-Stand,2.600833,4.576373,Non-Fall
-0.6952870051935649,-0.7782820400740434,6.774972393855009e-05,-0.6844025311732004,-0.7533772400514451,-0.6849518113696136,2.6877479960146697,-0.6995352800797467,-0.3175171789639089,0.9986066880204869,3096.625578036492,0.6273088303537815,100375.0259204265,1.0086397775443459,Standingtositting_Chrysi_3_20sek_20260202_103826.parquet,0,Sit-Stand,3.602487,5.576377,Non-Fall
-0.7359895537718772,-0.769615642922905,6.118611911533688e-05,-0.6901546563411276,-0.6801156313748594,-0.6402782944310279,7.340652216435959,-0.6242549535410985,-1.223394682016829,0.3959354065866349,3095.4477327008813,0.6276393558165151,200921.82662082464,1.3856104772920859,Standingtositting_Chrysi_3_20sek_20260202_103826.parquet,0,Sit-Stand,4.600682,6.57633,Non-Fall
-0.7359895537718772,-0.7606576314825348,5.526472287984992e-05,-0.6956150659886255,-0.6801156313748594,-0.6607092028216696,9.819341702835992,-0.594406837490667,-0.27597998482384606,-0.7309557058099073,3111.020265556948,0.6287048682780575,73859.08201358037,1.0337161502120915,Standingtositting_Chrysi_3_20sek_20260202_103826.parquet,0,Sit-Stand,5.60321,7.576341,Non-Fall
-0.7750424368804164,-0.8255049511923696,5.744697718037503e-05,-0.6935701610275239,-0.5571741193747333,-0.6208857261683284,16.973431596315955,-0.5250106558166526,-2.263780943296339,1.309623187834029,3088.5244335089183,0.6266001220953984,147992.8202980464,0.8586027448480728,Standingtositting_Chrysi_3_20sek_20260202_103826.parquet,0,Sit-Stand,6.600629,8.576331,Non-Fall
-0.33038155804375696,-0.8934635246724469,0.0015359361542735873,-0.24884266289417784,0.21939234008874847,0.1493693141030072,314.4195310259197,0.43273138530584443,-1.1718612209244335,1.6304485679979759,3052.3101990623554,0.6265222405259061,2857201.594979316,1.2121749123824026,Standingtositting_Chrysi_3_20sek_20260202_103826.parquet,0,Sit-Stand,7.600709,9.576362,Non-Fall
-0.7320851282600261,-1.843324067035795,0.0003832928906069843,-0.5247697610108581,-0.24483460488993825,-0.34163453677005434,104.27719166581234,-0.09639509242514269,0.172977710573966,-0.3361104987498541,2884.7992431304033,0.6302865156299358,259760.82839252567,1.0911030595156637,Standingtositting_Chrysi_3_20sek_20260202_103826.parquet,0,Sit-Stand,10.601038,12.57632,Non-Fall
-0.8427104282160992,-1.8847878564598455,0.0001071313818237556,-0.6545857139151268,-0.4398109018428487,-0.4661185696507845,56.868815320382446,-0.28429037486089326,-0.8437304060107187,-0.4671999219656109,2873.6531516970053,0.6289726191988886,927918.4765735135,1.3146095280363503,Standingtositting_Chrysi_3_20sek_20260202_103826.parquet,0,Sit-Stand,11.600556,13.576376,Non-Fall
-0.8427104282160992,-1.9149722933743114,0.00014035420567162256,-0.6335295878070113,-0.4398109018428487,-0.4549666460403246,57.03903641659613,-0.28349687217795877,-0.5835344579185171,-0.7270614401884194,2859.554923519765,0.6288381954071849,140660.98535641102,0.7147194882404194,Standingtositting_Chrysi_3_20sek_20260202_103826.parquet,0,Sit-Stand,12.60099,14.576323,Non-Fall
-0.8639053490498244,-1.9116249706562933,0.00010770421695142564,-0.6541969295222609,-0.580022638930633,-0.6055869902013916,22.863964876568815,-0.47845015554400394,-0.8883968303596053,-0.5764093929483077,2867.256892496355,0.629079505086809,364760.5295576982,1.549562366500333,Standingtositting_Chrysi_3_20sek_20260202_103826.parquet,0,Sit-Stand,13.603584,15.576318,Non-Fall
-0.892279752112233,-1.8519632768035568,4.536706732680743e-05,-0.705442128666564,-0.7181596064619232,-0.7088935856623603,1.6314729190366952,-0.7250157860379055,-0.10011187228253501,-0.7820704892619412,2873.8743740813266,0.6276982751959878,65597.14442192917,0.6418414838854519,Standingtositting_Chrysi_3_20sek_20260202_103826.parquet,0,Sit-Stand,14.601708,16.576373,Non-Fall
-0.892279752112233,-1.8679280554507887,4.216815400761403e-05,-0.708843981395442,-0.7894454994973185,-0.7155681890579678,0.9803889773920039,-0.7452193712671854,-0.02301925636100371,-0.7969076299619708,2874.120755241946,0.6286206160215804,87069.97568884754,0.9032732522424733,Standingtositting_Chrysi_3_20sek_20260202_103826.parquet,0,Sit-Stand,15.602351,17.576373,Non-Fall
-0.5693020788203458,0.17993492305410583,0.00018050570413461685,-0.6111871232895946,-0.5648600295896185,-0.4957569271419828,18.970208300575674,-0.508433961440013,-0.07530984733973317,-0.8508390463719467,3297.045786143102,0.6276515022053069,465926.4793696425,1.1101057240201997,Standingtositting_Xiaoye_1_20sek_20260202_095501.parquet,0,Sit-Stand,0.302486,2.27804,Non-Fall
-0.5109525512798269,0.27095695596789543,0.00017992429954048745,-0.6114917724952168,-0.493991915343297,-0.36093234328628804,29.62510280603849,-0.43192332358679625,0.25853287392159907,-0.444308703695927,3331.947608550788,0.6299233953694392,502671.13287158444,1.2749337597468064,Standingtositting_Xiaoye_1_20sek_20260202_095501.parquet,0,Sit-Stand,1.302986,3.278054,Non-Fall
-0.4682054911873297,0.29392730343346063,0.0003923765329964737,-0.5215251618217626,0.11824246852529592,-0.10731838774111302,150.90184601452538,0.049432697929038136,-0.40074607191155986,-0.15248634733139388,3337.5456785832694,0.6320573535414646,899684.1262124743,1.4332186938216844,Standingtositting_Xiaoye_1_20sek_20260202_095501.parquet,0,Sit-Stand,2.30311,4.278076,Non-Fall
1.690486444650924,-0.10628290157937116,0.03023343105451691,1.6459920884277515,1.8301827540309699,1.0989776193005254,1045.4964341587504,1.4601483945508287,0.050531050701566695,1.2280386533994025,3271.605135465646,0.6923867048523759,9102297.829796651,1.3051901777892363,Standingtositting_Xiaoye_1_20sek_20260202_095501.parquet,0,Sit-Stand,3.303096,5.278037,Non-Fall
1.8649074613539036,0.7080370467107469,0.048801813366100906,2.307684248128819,1.8301827540309699,1.555992776891146,982.6870443259186,1.3907523428803859,0.4332990186761606,-0.07138908291176771,3971.847815413445,1.0632335884490753,16138321.831942301,1.5081912347380828,Standingtositting_Xiaoye_1_20sek_20260202_095501.parquet,0,Sit-Stand,4.303858,6.278048,Non-Fall
1.8649074613539036,0.6224358793444891,0.019698042990921073,1.1743055618675702,0.9054792829841735,0.3863003562467812,628.415309528578,0.9489169196629221,3.2577166832489994,2.505146626247045,3144.804287492951,0.6301162217849939,2135954.2359456085,1.261698112670902,Standingtositting_Xiaoye_1_20sek_20260202_095501.parquet,0,Sit-Stand,5.304543,7.278054,Non-Fall
-0.3184748059113622,-0.6991474430933878,0.001518806109561623,-0.2519258851670831,-0.33821288186735193,-0.26377073303672605,38.82821067816499,-0.37645603233634617,0.25918514536713005,-0.10020498786472828,3118.577875927915,0.6369807261246654,661488.78556675,1.3097504882970705,Standingtositting_Xiaoye_1_20sek_20260202_095501.parquet,0,Sit-Stand,6.304221,8.278043,Non-Fall
-0.3184748059113622,-0.6769602634134685,0.001301821562761514,-0.29259922356901646,-0.44870466298970807,-0.4363565474768657,36.26315036422695,-0.3911851825606359,0.34115104022423637,0.4332879343644209,3139.4378681466437,0.6470073298932566,540548.0038089897,1.7446381230767602,Standingtositting_Xiaoye_1_20sek_20260202_095501.parquet,0,Sit-Stand,7.304492,9.27809,Non-Fall
-0.5010487670082299,0.1740153131241884,0.0002897512146640846,-0.5607257798216058,-0.6530576713041615,-0.5933576829251913,7.310594631159878,-0.6246456403513743,-0.7829916447901876,0.17320918874312097,3302.528282411919,0.6312342147195261,152113.9197363951,0.9057346416555467,Standingtositting_Xiaoye_2_20sek_20260202_095540.parquet,0,Sit-Stand,0.20081,2.173163,Non-Fall
-0.6057501839813395,0.16081288938738889,8.77684200619467e-05,-0.6684002344459109,-0.7642649218685587,-0.6406823444536781,2.5506400600525088,-0.7025159417615542,0.0640296686804591,-0.8010740021696054,3299.1919795588615,0.6285738041419687,155729.07749866473,0.989367396117735,Standingtositting_Xiaoye_2_20sek_20260202_095540.parquet,0,Sit-Stand,1.199368,3.173185,Non-Fall
-0.44096806395465443,0.20555146443411115,0.00020584058030750674,-0.5983580243995841,-0.6565668875107048,-0.6130463375607982,8.364451225793104,-0.6113950682166991,0.10592202287080851,1.2325448823258593,3303.835444807269,0.6277947468504654,119131.6528509926,0.8762038834786684,Standingtositting_Xiaoye_2_20sek_20260202_095540.parquet,0,Sit-Stand,2.199497,4.173154,Non-Fall
-0.44096806395465443,0.12483158877813584,0.00037547948492778994,-0.5275915354339656,-0.107091934927315,-0.43862931308387326,69.77834441256037,-0.22714373911003807,-1.6836087200574454,0.7851679192782841,3323.3196089796124,0.6326366050020256,409600.18966444855,1.2453160184762564,Standingtositting_Xiaoye_2_20sek_20260202_095540.parquet,0,Sit-Stand,3.197757,5.173194,Non-Fall
0.22405780892859667,0.24486414650494165,0.002152907385901514,-0.14743132840976944,0.17342037343921485,0.012768613544569823,243.00768152920435,0.28193726139046604,2.8278978322390507,3.0088155024874106,3365.612263003321,0.6659002334849278,2497432.162002965,1.5255326677420022,Standingtositting_Xiaoye_2_20sek_20260202_095540.parquet,0,Sit-Stand,4.198406,6.173213,Non-Fall
0.22405780892859667,0.3590854385760407,0.0022791527329760496,-0.12856495016615163,0.17342037343921485,-0.05026551386763904,240.09046239183087,0.2753338998658654,2.5760586210529106,2.2194947410371904,3304.414976167618,0.6348696373659956,1595232.2539483209,1.7257702491416769,Standingtositting_Xiaoye_2_20sek_20260202_095540.parquet,0,Sit-Stand,5.199686,7.173185,Non-Fall
-0.3565426582401752,0.21413692871227777,0.0005953016843623533,-0.4569465375387468,-0.20003588759583724,-0.1973883052937663,144.37751264588266,0.030541572422027992,1.4271694368145318,0.5974313493818325,3294.8764529921823,0.6274156934068564,459481.6639088792,1.0655878145721243,Standingtositting_Xiaoye_2_20sek_20260202_095540.parquet,0,Sit-Stand,6.197511,8.173161,Non-Fall
0.7550424202413647,-0.013329007154553646,0.014834811040560458,0.913314626602045,0.7130250590209976,0.5521980460704956,410.1499019248042,0.6100585809940675,-1.2567168477777493,1.1792704651463506,3203.464423315116,0.6731901261069763,6122062.442638876,1.3293516311642128,Standingtositting_Xiaoye_2_20sek_20260202_095540.parquet,0,Sit-Stand,7.197599,9.173177,Non-Fall
-0.6075413990016785,0.1785811547133994,4.870015567889408e-05,-0.7020229029494999,-0.5403174039524896,-0.6275727043765587,21.330242137681402,-0.48993014055258177,-0.5034903361833032,-0.08032321364252651,3309.4616182944533,0.6285565043291608,85093.89518036859,0.5657092011175663,Standingtositting_Xiaoye_3_20sek_20260202_095613.parquet,0,Sit-Stand,0.52266,2.498084,Non-Fall
-0.4747534851568339,0.1997650272110197,0.00012982638374480426,-0.6399023226478997,-0.5403174039524896,-0.38196946604431453,39.65154119511486,-0.3718320826131244,0.9392641304381941,1.177574150713507,3307.7238093875912,0.6285466607805743,640606.6759131784,1.2435787172268327,Standingtositting_Xiaoye_3_20sek_20260202_095613.parquet,0,Sit-Stand,1.524486,3.498045,Non-Fall
-0.38777024905501467,0.3035770332497207,0.0005673894829771795,-0.4650903003081854,-0.18281196497186392,-0.11967455274728635,74.59764155586336,-0.20718613229213625,0.12547843288908422,-0.2631370177610706,3352.3755798674197,0.6346401382178911,1469318.321587563,1.208900725499382,Standingtositting_Xiaoye_3_20sek_20260202_095613.parquet,0,Sit-Stand,2.52431,4.498077,Non-Fall
0.11214750699558027,0.49325594437831,0.0014497135142405016,-0.2645419199242664,-0.18281196497186392,-0.08199582622098142,95.93657145150488,-0.12572815310437926,1.7408986319850657,1.8925703568397751,3391.6918354447516,0.6519970932209616,1177824.5589459671,1.2760210372664633,Standingtositting_Xiaoye_3_20sek_20260202_095613.parquet,0,Sit-Stand,3.524508,5.498096,Non-Fall
-0.4651276262317497,0.3364867255502774,0.00038783326378120724,-0.5231432289348651,-0.22058878334104814,-0.29406617358854237,62.53899637953831,-0.2584668930462325,0.32101911901083324,-0.43978057043556174,3334.621668161395,0.6309631560474717,471170.70770133147,0.8207197760712047,Standingtositting_Xiaoye_3_20sek_20260202_095613.parquet,0,Sit-Stand,5.52283,7.498095,Non-Fall
0.8835033533968093,-0.13203762763758556,0.015171858999106122,0.9326708919469312,0.47996008822088115,0.2114542893948962,299.28451526194704,0.4023331666162865,-1.859974043867568,1.833881068670101,3322.7138989153536,0.6749158024925117,2135238.319970566,1.4363323638759298,Standingtositting_Xiaoye_3_20sek_20260202_095613.parquet,0,Sit-Stand,6.522868,8.498089,Non-Fall
-0.8077848882868531,-1.1732958568024854,2.446992388009729e-05,-0.7306078043269346,-0.7837435546717137,-0.7324474276820455,1.4545510104069397,-0.7300284933099267,0.31051738375335625,-0.20743630611868225,3013.2047447202854,0.6268361096022317,54385.051802207774,0.7588417345161899,Standingtositting_p1_1_35sek_20260204_153210.parquet,0,Sit-Stand,0.689056,2.6643,Non-Fall
-0.8235250370444358,-1.187350919919651,2.1961830260473672e-05,-0.7342707180376493,-0.7965497575686933,-0.7017225353798198,0.8925062169988397,-0.7484151618016399,-0.5911870898516213,-0.371429343322169,3013.4142482789107,0.6276175432991513,75784.07145424027,0.6235590446187597,Standingtositting_p1_1_35sek_20260204_153210.parquet,0,Sit-Stand,1.691156,3.664273,Non-Fall
-0.8300499023150453,-1.1819981022153805,2.2773052526474154e-05,-0.7330641092545164,-0.7965497575686933,-0.6911081965451942,0.9066664911882899,-0.7478899308340001,-0.4026439809389692,-0.3010427903675909,3015.6005959692848,0.6280840377832434,93424.5895311677,0.7818806815218136,Standingtositting_p1_1_35sek_20260204_153210.parquet,0,Sit-Stand,2.691178,4.664322,Non-Fall
-0.8235250370444358,-1.1654311239481998,3.454587180204788e-05,-0.7175119531600171,-0.800447529889765,-0.716531291929936,1.072533505890426,-0.742018969859982,-0.6453909108911623,-0.5848303576158254,3020.72220025267,0.6280537446769229,82041.89981055229,0.8214339383163398,Standingtositting_p1_1_35sek_20260204_153210.parquet,0,Sit-Stand,3.690378,5.66431,Non-Fall
-0.8105085594027202,-1.2194136272553426,4.7481412789370985e-05,-0.7032591543655579,-0.800447529889765,-0.7033693525594928,1.3705493203908523,-0.7325152358466482,-0.07775004448246099,-0.6887793208020714,3004.3977448674855,0.6276261879289948,90760.36928835789,0.9628544167801201,Standingtositting_p1_1_35sek_20260204_153210.parquet,0,Sit-Stand,4.690356,6.664319,Non-Fall
-0.8105085594027202,-1.2648438339812464,3.878863671339538e-05,-0.7125812525802435,-0.7137442255457644,-0.665087399384888,2.7499065303174848,-0.6982090655572474,0.3863804081908306,-0.319331497832825,2992.993164971183,0.627317624272827,128457.35161864378,1.1468616795538444,Standingtositting_p1_1_35sek_20260204_153210.parquet,0,Sit-Stand,5.690881,7.664322,Non-Fall
-0.8235250370444358,-1.2211637839955873,2.797993679392356e-05,-0.7257837521856202,-0.7137442255457644,-0.6914932592428386,3.482701948768463,-0.683580089949713,-0.819144296964305,-0.9327871820103213,3007.7170219525974,0.6280073686668912,82779.22405943731,0.8833438635432618,Standingtositting_p1_1_35sek_20260204_153210.parquet,0,Sit-Stand,6.690496,8.664315,Non-Fall
-0.8174311836664309,-1.2281509369562469,3.108129411024496e-05,-0.7217678574432335,-0.7436825080423303,-0.6976981707219599,3.2574640186878594,-0.6878970557328273,-0.6762770091759595,-0.8618674014195015,3005.907308306088,0.6282749781472392,66250.57380485316,0.6273099535023914,Standingtositting_p1_1_35sek_20260204_153210.parquet,0,Sit-Stand,7.690571,9.66431,Non-Fall
-0.7908576087384881,-1.230451939580411,5.336974572115357e-05,-0.6974237745545737,-0.5765024560093183,-0.6240309239214198,11.164030521262687,-0.5797945179441341,-0.3528684864059973,-0.6590062651678137,3008.7879715273634,0.6287160974636458,161025.82814984562,0.9708842831249421,Standingtositting_p1_1_35sek_20260204_153210.parquet,0,Sit-Stand,8.690449,10.664296,Non-Fall
-0.7908576087384881,-1.2095779804096383,5.923250073077284e-05,-0.6919257401735887,-0.5765024560093183,-0.5934133173149763,10.049212961490612,-0.5918410509130745,-0.6426291913663318,-0.690287516683918,3005.161695894655,0.6276260616001039,273884.65829775366,1.600328782502125,Standingtositting_p1_1_35sek_20260204_153210.parquet,0,Sit-Stand,9.690849,11.664264,Non-Fall
-0.812605006026675,-1.2997669000262,4.3219527705750476e-05,-0.7077121033256641,-0.6983267925391156,-0.6052866285568066,3.749744925276025,-0.678638982399738,0.021937014370875016,-0.6219757766779106,2987.6987235367346,0.6278306617700338,165296.48472392093,1.0553309608943025,Standingtositting_p1_1_35sek_20260204_153210.parquet,0,Sit-Stand,10.689294,12.664296,Non-Fall
-0.8174311836664304,-1.3276598806496966,3.9907837518558096e-05,-0.7113261671885975,-0.6921316970474074,-0.5693742590463713,4.368609548160444,-0.6678249035580824,0.24435284816271474,-0.3780706369115542,2982.0267283885833,0.6280672605715457,224241.2239492093,0.7471877343131601,Standingtositting_p1_1_35sek_20260204_153210.parquet,0,Sit-Stand,11.68937,13.664269,Non-Fall
-0.7731738584657387,-1.2648075236961662,8.45618289603327e-05,-0.6708302751103429,-0.6849044320003546,-0.5262116417081307,4.844339651152369,-0.6600244848386828,0.4126111990371495,-0.2543603993091928,2993.7710451805683,0.6281220182891435,333415.56696227076,0.9907839140800876,Standingtositting_p1_1_35sek_20260204_153210.parquet,0,Sit-Stand,12.689118,14.664264,Non-Fall
-0.7731738584657387,-1.2338636534152505,7.183839691283215e-05,-0.6809595340963441,-0.6849044320003546,-0.6379446778214917,10.493749796452128,-0.5869611234731731,0.2206392050813026,0.039493171582684256,3012.2644936423553,0.6293221502054591,119419.0948543039,0.9346180299883101,Standingtositting_p1_1_35sek_20260204_153210.parquet,0,Sit-Stand,13.690857,15.664259,Non-Fall
-0.8292073583227354,-1.235385739845606,2.728177201990316e-05,-0.7267180522111899,-0.8105838103401706,-0.7442262341436455,0.8910090910613594,-0.7484709357869583,-0.361197352256864,-1.0513990694299598,3000.845573662096,0.627518213299376,51391.69095609138,0.7478549499428063,Standingtositting_p1_1_35sek_20260204_153210.parquet,0,Sit-Stand,14.689096,16.66431,Non-Fall
-0.7969094498173155,-1.2333165539428574,6.224985777047175e-05,-0.6892021891789503,-0.7601208090898879,-0.7073197826780594,3.17186929495641,-0.6895765764766674,-0.13893342033171935,-0.7770235745089635,3004.3064428987336,0.62762737559041,93097.08843598196,0.843417836726175,Standingtositting_p1_1_35sek_20260204_153210.parquet,0,Sit-Stand,15.691249,17.690459,Non-Fall
-0.27852886507293023,-1.6989127055569613,0.001921967442242399,-0.18343513451650337,0.7018527582274559,0.39225983772583395,911.562992154483,1.3094344456599132,-0.8982664341745226,0.4321996610180794,2887.291084022341,0.6380087205214335,2812702.7110679457,1.2985675164999484,Standingtositting_p1_1_35sek_20260204_153210.parquet,0,Sit-Stand,16.69081,18.688905,Non-Fall
3.8411508945304034,-0.17541580331287376,0.0687089682931241,2.887482977685616,1.6845755408148624,1.645851456488606,969.6147043688849,1.3760328102129602,2.624964497206513,2.176541352376414,3965.370402262408,1.1950450790434304,16757422.216585904,1.4521225185737514,Standingtositting_p1_1_35sek_20260204_153210.parquet,0,Sit-Stand,17.704281,19.690547,Non-Fall
3.8411508945304034,0.21169458453032003,0.06683178529783622,2.8367589191803457,1.6845755408148624,0.5951056808367996,1410.994736753006,1.828066698837803,2.567258318705882,2.218820604855838,3008.289519895785,0.678273930592549,4645925.271540137,1.6929695078712712,Standingtositting_p1_1_35sek_20260204_153210.parquet,0,Sit-Stand,18.70429,20.690359,Non-Fall
-0.8386967131118702,-1.5353663612318864,5.6083237851507267e-05,-0.6948434160160192,-0.7868386756506625,-0.7237752610887589,1.1335025801900713,-0.739976496040713,-0.6957227482687153,-0.45332333034424943,2940.12012527702,0.6279488345525717,57016.68765548724,0.6986960163515196,Standingtositting_p1_1_35sek_20260204_153210.parquet,0,Sit-Stand,20.704319,22.690844,Non-Fall
-0.7642586039221061,-1.5429973319142543,8.860172285685283e-05,-0.667776034919726,-0.7868386756506625,-0.7153316796852074,1.309227424617819,-0.7343790663879592,0.7297487741395662,1.0139159977123473,2942.256265650252,0.6293438005285832,87749.62673039356,1.0896629532832924,Standingtositting_p1_1_35sek_20260204_153210.parquet,0,Sit-Stand,21.704738,23.691091,Non-Fall
-0.7642586039221061,-1.5431857186108864,9.20430881141311e-05,-0.665228796206065,-0.7603655159007746,-0.7004762687203452,1.5875786219369616,-0.726232997277929,0.6255250149655556,0.7679609523879023,2936.4589105418377,0.6280800856575097,90744.02852829875,0.8893145676275654,Standingtositting_p1_1_35sek_20260204_153210.parquet,0,Sit-Stand,22.704264,24.688914,Non-Fall
-0.8524454052086267,-1.559984811353768,4.700468824643579e-05,-0.7037470386698401,-0.7603655159007746,-0.7111806528691517,1.6606611478978501,-0.7242154267673225,0.13853371208498494,-0.7513344686208613,2938.3802187374235,0.6285537580005581,80464.00687829376,1.136851523055276,Standingtositting_p1_1_35sek_20260204_153210.parquet,0,Sit-Stand,23.70429,25.690359,Non-Fall
-0.7611534380462276,-1.5619333718628456,8.127310653245848e-05,-0.6733709112870799,-0.7795872482274331,-0.7309758267336744,1.7707926508419976,-0.7212571407908902,1.1911026336451738,1.0637674550810061,2935.968165122898,0.6282626780782858,63118.65376827823,1.0430173808443823,Standingtositting_p1_1_35sek_20260204_153210.parquet,0,Sit-Stand,24.70426,26.689067,Non-Fall
-0.758877890716787,-1.564949123330938,0.00013129900151633914,-0.638995757258459,-0.6676982877173122,-0.66799126413453,6.003634070654556,-0.642487544640525,1.281607704564309,0.3728244132932176,2933.4459277770898,0.6298885776421586,110685.5867466518,1.2046228261686995,Standingtositting_p1_1_35sek_20260204_153210.parquet,0,Sit-Stand,25.70429,27.690504,Non-Fall
-0.7634303172029081,-0.8534905416197212,4.612431251287887e-05,-0.7046545715340038,-0.7376261200172254,-0.6599260522978938,5.0404842808563055,-0.6569204609344019,-0.06439649005874307,-0.6420801231177471,3090.8680528896584,0.6293089858737677,110648.73726227536,0.9783209412690941,Standingtositting_p1_2_35sek_20260204_153257.parquet,0,Sit-Stand,0.203109,2.176885,Non-Fall
-0.7553637499560008,-0.8078822832703884,5.0846402440654695e-05,-0.6998828541058688,-0.7629937897643746,-0.6801915349103052,3.9621497076145733,-0.6748332638583054,0.05172514121691153,-0.772386727625222,3094.0337203192926,0.6284502800928067,122042.37347078661,1.0854651444170695,Standingtositting_p1_2_35sek_20260204_153257.parquet,0,Sit-Stand,1.203001,3.176932,Non-Fall
-0.7388689921037256,-0.7394251070584884,5.780996698428263e-05,-0.6932338095560161,-0.738485055089661,-0.7141643181297037,3.8196949524101718,-0.6773740352598717,-0.060366098716251676,-0.6952803361355073,3106.2149126459744,0.6285518731467324,114679.27569894078,1.3756628481183446,Standingtositting_p1_2_35sek_20260204_153257.parquet,0,Sit-Stand,2.203764,4.176882,Non-Fall
-0.7388689921037256,-0.7451906524443391,3.682319808171786e-05,-0.7148299613164452,-0.738485055089661,-0.729217322162799,2.5200713145718834,-0.7031913352499912,0.9724995848012196,-0.2652947883499513,3106.0408726661767,0.6280666739409989,54328.38624284391,0.8078066721476176,Standingtositting_p1_2_35sek_20260204_153257.parquet,0,Sit-Stand,3.203248,5.176941,Non-Fall
-0.7781587374855191,-0.7848508111057458,2.436783016196571e-05,-0.7307531336778696,-0.7249788535595025,-0.6936082640483977,5.136212529327082,-0.6554274835662841,0.5041946570196757,-1.116344793246862,3097.050405139826,0.6276297792530794,71989.81680388833,0.82098192503659,Standingtositting_p1_2_35sek_20260204_153257.parquet,0,Sit-Stand,4.201525,6.176886,Non-Fall
-0.647351885264891,-0.7809236353660708,0.000439486470259228,-0.5052699416823185,0.20273383040458756,-0.3963837327138282,186.55483727607432,0.14612840708918529,-3.317223708182714,3.555008711506576,3091.6264476161214,0.6283233556594954,300762.47852861875,1.3962795374376729,Standingtositting_p1_2_35sek_20260204_153257.parquet,0,Sit-Stand,5.203429,7.176882,Non-Fall
-0.647351885264891,-0.7218296450109478,0.00045767236954633695,-0.4992296996837298,0.20273383040458756,-0.4013779694676666,184.4974087699287,0.14081441852611906,-3.4749710764064923,3.477005294027976,3117.2267684234457,0.6362799411905238,1447499.5679051913,2.269561403994196,Standingtositting_p1_2_35sek_20260204_153257.parquet,0,Sit-Stand,6.203294,8.176886,Non-Fall
-0.7177338425838435,-0.6537462967857232,5.147883354864777e-05,-0.6992609035820562,-0.6543899317436609,-0.6336312684156262,11.772856238404612,-0.5734692964509979,-0.4189245332499586,-0.5762255617586248,3131.5903483514894,0.6295608619172925,103565.69758025951,0.8657923513323004,Standingtositting_p1_2_35sek_20260204_153257.parquet,0,Sit-Stand,7.201588,9.176886,Non-Fall
-0.7475200500131027,-0.6366557967840327,3.176933137687086e-05,-0.7209044901673302,-0.6543899317436609,-0.6523478685681273,15.847339662491093,-0.534791472449632,-0.9282214604449087,-0.07163309531972986,3129.4437324594387,0.628497964922516,173030.23845711866,1.574071569907009,Standingtositting_p1_2_35sek_20260204_153257.parquet,0,Sit-Stand,8.202981,10.176949,Non-Fall
-0.6177066418556219,-0.6178919381154496,0.00017550711763807784,-0.6138225868291874,-0.1123818258427942,-0.17953785259763586,202.47256315143434,0.18628839695320432,0.7913986134364176,1.1705224881509542,3142.3807513240135,0.6290610859738291,1467602.7553082025,1.209636498060297,Standingtositting_p1_2_35sek_20260204_153257.parquet,0,Sit-Stand,9.203092,11.176949,Non-Fall
-0.6177066418556219,-0.6801981216434979,0.00025344080860241936,-0.576232834425867,-0.1123818258427942,-0.08266530741094917,169.67115531321733,0.10161015158809639,0.14692678895334343,0.20578977000245205,3111.385914883707,0.6275619948342523,1261750.6146209142,1.360224869596589,Standingtositting_p1_2_35sek_20260204_153257.parquet,0,Sit-Stand,10.203085,12.176912,Non-Fall
-0.665285246972742,-0.7393317217160695,0.00020497819872495216,-0.5987812836769782,-0.401107996499243,-0.31189934561576027,56.39695777415895,-0.2864962159699829,-0.6268875664741506,-0.41930075758988183,3095.8038138776856,0.6280926129875993,922898.0366241882,1.3473321379158294,Standingtositting_p1_2_35sek_20260204_153257.parquet,0,Sit-Stand,11.203696,13.176903,Non-Fall
-0.665285246972742,-0.7915730619527767,0.0002244613669050903,-0.5894261004840294,-0.401107996499243,-0.3414572681647944,48.26050585078636,-0.32609579284361895,0.017915128646257543,-0.5289458063198098,3115.570989395038,0.6326948379979808,551929.4388108144,1.0157567953227578,Standingtositting_p1_2_35sek_20260204_153257.parquet,0,Sit-Stand,12.201529,14.176941,Non-Fall
-0.6719552339105216,-0.8331515270425555,0.00015949595201892843,-0.6225273024349196,-0.663638202141709,-0.5613061425333333,10.132224794675366,-0.5909217099791139,-0.08522276952545996,-0.1646369642962221,3079.512623675584,0.626994781345541,274690.3795296102,1.2010717556649404,Standingtositting_p1_2_35sek_20260204_153257.parquet,0,Sit-Stand,13.201701,15.17689,Non-Fall
-0.7130298344207366,-0.8311297758052114,9.164094907995281e-05,-0.665523966535778,-0.663638202141709,-0.5839767841394121,8.02283083365779,-0.6155938726234642,-0.3763385424660317,-0.4607041984516107,3084.777536743142,0.6280674904259677,147066.7767765058,0.8594695259049423,Standingtositting_p1_2_35sek_20260204_153257.parquet,0,Sit-Stand,14.203429,16.176922,Non-Fall
-0.7640515156968678,-0.8867229810772705,5.716758283493232e-05,-0.6938297761324088,-0.6119424430350565,-0.656969410975816,10.606573122926868,-0.5857391335422444,-0.9697481639040373,-0.4000819555819449,3086.2956829490977,0.629186356309574,98765.11911318927,1.0206869737484743,Standingtositting_p1_2_35sek_20260204_153257.parquet,0,Sit-Stand,15.202982,17.176932,Non-Fall
1.762305438164086,0.6332436271525451,0.014383584665489326,0.8870536326408267,1.3554023208261392,1.0509861171525077,1171.8806415685453,1.5937345139430836,2.431046859832726,2.286784882479604,3143.560391404692,0.6373212216565657,14018368.263554664,1.3972268463610134,Standingtositting_p1_2_35sek_20260204_153257.parquet,0,Sit-Stand,17.202928,19.176929,Non-Fall
1.762305438164086,1.2997910098986414,0.029982392569931453,1.6358151335159423,1.4691272106899125,0.9974301645208606,1237.2835642852735,1.6600348456496645,0.36256776547294367,0.5528257239122663,3965.319981306922,0.9503198393787499,11730523.079501696,1.9970086810924934,Standingtositting_p1_2_35sek_20260204_153257.parquet,0,Sit-Stand,18.202267,20.176949,Non-Fall
1.6016447854924762,0.18403231948511795,0.019806573918219002,1.1797375887914299,1.4691272106899125,0.0421427026418757,579.8121191514889,0.8793360169692764,0.48889193784712603,2.181833365474107,3273.2849087376994,0.6431804019864831,943793.0621272718,1.2093254293565057,Standingtositting_p1_2_35sek_20260204_153257.parquet,0,Sit-Stand,19.201766,21.176912,Non-Fall
-0.30641540789761,0.582670637872238,0.0006911887193143117,-0.43033372708074175,-0.3651314229809397,-0.4637606979468718,62.018703671096866,-0.2607862902139452,0.7083971349213333,-0.32058682042647596,3419.8757719876608,0.6351241720175123,278236.17316226853,1.2883811698206449,Standingtositting_p1_2_35sek_20260204_153257.parquet,0,Sit-Stand,20.203213,22.176937,Non-Fall
-0.517762995787663,0.630447282989106,0.00017839416291135976,-0.6122959066827403,-0.7551137219554978,-0.7254477823838674,2.738126099945619,-0.6984592525865132,-0.9037479873838753,-0.07931439570152264,3402.962271750957,0.6291592864384378,85440.21050681076,1.109736547377083,Standingtositting_p1_2_35sek_20260204_153257.parquet,0,Sit-Stand,21.201191,23.176912,Non-Fall
-0.577395432763058,0.406779975247745,0.0001814809968142198,-0.6106771810714821,-0.5587974285140513,-0.5751915624963962,22.755446880686986,-0.4792495091844718,-1.9976332776117178,-0.1809109538651596,3386.328608187439,0.631860893066198,176696.75988352922,1.037883354457809,Standingtositting_p1_2_35sek_20260204_153257.parquet,0,Sit-Stand,22.20119,24.176941,Non-Fall
-0.5572903565983933,0.04602387716541139,0.0003946022079725614,-0.5207359154491618,-0.4955577318119036,-0.3548854395710103,31.333194555608564,-0.42103780451505857,-1.2810656471262523,-0.5631174724059683,3218.332503885019,0.6229204483407208,480763.35685349413,1.0413919182362439,Standingtositting_p1_2_35sek_20260204_153257.parquet,0,Sit-Stand,23.203091,25.176913,Non-Fall
-0.5572903565983933,0.06530670720733746,0.0003367058041005118,-0.542050378313426,-0.4955577318119036,-0.4874078348452049,42.481779188628245,-0.35629249523476964,-1.650886857822161,-0.1259349302359912,3326.4758508884547,0.6359925262807469,600884.5519063673,1.5022895870004576,Standingtositting_p1_2_35sek_20260204_153257.parquet,0,Sit-Stand,24.20181,26.176949,Non-Fall
-0.5940273580941733,0.2523339098477935,9.768441312566326e-05,-0.6611540936992555,-0.5938883050098519,-0.667142135904522,10.034115877121907,-0.5920086559202515,-0.6514040483138699,-0.7235462420504521,3311.6432130091926,0.6277486276805327,176116.52862684228,1.9917185417278893,Standingtositting_p1_2_35sek_20260204_153257.parquet,0,Sit-Stand,25.201175,27.176944,Non-Fall
-0.6222993580943957,0.2450368409523042,6.976015369017964e-05,-0.6826969771608866,-0.5938883050098519,-0.6676091490741292,7.300308488403854,-0.6247795234544397,-0.7620577909424292,-0.7864162143151195,3316.2125891891765,0.6279029022994104,89200.31299529473,0.7765506254949421,Standingtositting_p1_2_35sek_20260204_153257.parquet,0,Sit-Stand,26.203483,28.176902,Non-Fall
-0.45168848891125307,0.22389997673695408,0.0002966481698625935,-0.557892430772978,-0.5317910335994578,-0.6626373748963806,6.876126455826795,-0.6303852137436667,-1.0623469855619063,2.0933075713245026,3322.852842200813,0.6291060367927054,112139.05306372538,1.000571128970638,Standingtositting_p1_2_35sek_20260204_153257.parquet,0,Sit-Stand,27.201456,29.176885,Non-Fall
-0.4743680248959564,-0.826143248477607,0.00048818989871005596,-0.4893572740940852,0.38856162273812017,0.4629760292666644,305.21330448990955,0.4143305238291586,0.9866074628524247,0.7751962790101548,3073.522457432544,0.6276171251654244,1758331.9686307393,0.8176993826329398,Standingtositting_p1_3_35sek_20260204_153407.parquet,0,Sit-Stand,0.203188,2.176943,Non-Fall
-0.7823177093662844,-0.8955972021487945,2.8474558929453378e-05,-0.7251288742367722,-0.7372484269372327,-0.6733660926925863,3.731884648857934,-0.678963846790935,-0.38328633033245085,-1.2263682866335033,3075.420678232666,0.6278426087723467,99434.69770081504,0.8814549500975307,Standingtositting_p1_3_35sek_20260204_153407.parquet,0,Sit-Stand,3.203397,5.176949,Non-Fall
-0.7823177093662844,-0.8741174407806247,2.7765195863528168e-05,-0.7260698694586317,-0.7717332688672053,-0.7023515530288603,2.321382177298207,-0.7076848839835036,-0.5139754644172371,-0.773976934766488,3075.4469578395556,0.6270308963992144,106997.63371447995,1.0559733969749419,Standingtositting_p1_3_35sek_20260204_153407.parquet,0,Sit-Stand,4.203066,6.17691,Non-Fall
-0.7767041519695783,-0.8693655757604932,2.636082474627216e-05,-0.727968967182517,-0.6937868703259122,-0.650051080235449,12.946753631222878,-0.5617191416876554,-0.49442679358791763,-0.5977768591044594,3084.1655868868284,0.6281607198074265,86243.60955150887,1.1666176771879069,Standingtositting_p1_3_35sek_20260204_153407.parquet,0,Sit-Stand,5.201397,7.176917,Non-Fall
-0.7767041519695783,-0.9243092392659217,3.104547785908078e-05,-0.7218130610062895,-0.6937868703259122,-0.6147861529268066,11.938105257492865,-0.5717808835173561,-0.5327859570508336,-0.8043214692506634,3065.62283139233,0.627835525638521,183438.97446017206,1.0328388818063388,Standingtositting_p1_3_35sek_20260204_153407.parquet,0,Sit-Stand,6.203594,8.17696,Non-Fall
-0.8073660332488619,-0.9349224251824215,2.9513941307717415e-05,-0.7237710180618141,-0.7031043418413931,-0.6375037541653308,8.447688331250031,-0.6103850748237898,-0.3685610741287706,-1.0688626849894363,3067.8703235916937,0.6283095573288131,254269.40820709258,1.1555516855632924,Standingtositting_p1_3_35sek_20260204_153407.parquet,0,Sit-Stand,7.204781,9.176953,Non-Fall
-0.7425742438706465,-0.9447408561574347,4.3459795334157316e-05,-0.7074553773334085,-0.7031043418413931,-0.6628681100169435,10.501739338773248,-0.5868743732427796,0.03408997093438159,0.05741269447524399,3063.294715774606,0.6277357074253812,57450.537972458864,0.6797448993218953,Standingtositting_p1_3_35sek_20260204_153407.parquet,0,Sit-Stand,8.201534,10.176922,Non-Fall
-0.7425742438706465,-0.9767161154400602,4.116158542150536e-05,-0.7099409222198325,-0.5378531661095849,-0.5958481655797819,32.47350922328853,-0.4139351511152737,0.47045840678162626,0.6389312042809193,3057.7461302421502,0.6283120243881085,430770.09570055216,1.4749419652051996,Standingtositting_p1_3_35sek_20260204_153407.parquet,0,Sit-Stand,9.203302,11.176922,Non-Fall
-0.7767041519695783,-0.975137563743269,2.0380306188317906e-05,-0.7366889453171279,-0.5378531661095849,-0.6160100882680402,31.296717527469614,-0.4212671236482374,0.1905824010146264,0.7479850106902096,3057.1073211561015,0.6277074359482693,100678.88004492476,0.9058008262656757,Standingtositting_p1_3_35sek_20260204_153407.parquet,0,Sit-Stand,10.203105,12.176949,Non-Fall
-0.8017159506277508,-0.9805008750249539,2.158181175993026e-05,-0.7348436175033667,-0.808571598006522,-0.6958567180930564,1.3518478212005067,-0.7330791525653094,-0.5796062075365461,0.02415179098719756,3053.419221475861,0.6275372696800622,79915.8562030196,0.7931769467387528,Standingtositting_p1_3_35sek_20260204_153407.parquet,0,Sit-Stand,11.202386,13.176943,Non-Fall
-0.8088322256301237,-0.9754036087947013,2.4860484583532185e-05,-0.7300546242769612,-0.80482649855918,-0.68462350796056,0.6370664352613232,-0.7587272188745787,-0.07579662762005905,-0.4706339441193451,3062.8253657707814,0.6290418776706086,104803.10116733724,0.7308642059009088,Standingtositting_p1_3_35sek_20260204_153407.parquet,0,Sit-Stand,12.203099,14.176913,Non-Fall
-0.8006705487938516,-0.9335587632825243,3.192242135382784e-05,-0.7207136642367707,-0.42945263563612135,-0.3851435764449179,82.13079817707025,-0.1772400273304081,-0.31916625615006655,-0.8595789738524707,3065.3544479901702,0.6275968850828985,432822.0932531151,1.2261408588666536,Standingtositting_p1_3_35sek_20260204_153407.parquet,0,Sit-Stand,13.203099,15.176975,Non-Fall
-0.7148698638350129,-0.9358438031669614,7.666718504562372e-05,-0.6770171757391441,-0.42945263563612135,-0.25284752455489096,66.69613908943434,-0.24027103447882572,0.11366765021102025,-0.14512646556173953,3070.181319087483,0.6284983960642152,984594.7425898238,1.186129640596915,Standingtositting_p1_3_35sek_20260204_153407.parquet,0,Sit-Stand,14.20301,16.17698,Non-Fall
-0.7148698638350129,-0.9183328406671497,9.11490545847321e-05,-0.6658858994273561,-0.5255088824514818,-0.46643744057979375,30.732478241777596,-0.42483148284775274,0.3272261925982452,-0.4037477411777113,3057.3692806526783,0.6268159725690747,592271.6149234081,1.241124819422935,Standingtositting_p1_3_35sek_20260204_153407.parquet,0,Sit-Stand,15.203197,17.176922,Non-Fall
-0.7539176717662072,-0.8973170426723861,8.829943493567274e-05,-0.6680021281363591,-0.11890137895112105,-0.37983080389491775,74.7436096610005,-0.2065918676990931,-0.6415510878276893,-0.3307591661973859,3083.410878207611,0.6296036735609402,244563.35568382638,0.6295399231132484,Standingtositting_p1_3_35sek_20260204_153407.parquet,0,Sit-Stand,16.203126,18.176953,Non-Fall
-0.6065461816179701,-0.8979195239204925,0.000721720007561953,-0.4222530947532936,0.3075537661838329,0.3212426257754601,300.92624251769536,0.4056671332784998,-0.9524471297351034,-0.5086283638814367,3111.278972631155,0.6374464829800036,3027715.2782064434,1.1847316988832983,Standingtositting_p1_3_35sek_20260204_153407.parquet,0,Sit-Stand,17.201298,19.176975,Non-Fall
2.029841799499402,0.8290472337373448,0.03286553937796694,1.7502524108202682,1.446003642581221,1.1821458763481585,595.8051875718473,0.9025431014453486,1.2488001628361654,0.8543870823031333,3352.237971890825,0.6542435353492438,9013289.63623028,1.1454419385618269,Standingtositting_p1_3_35sek_20260204_153407.parquet,0,Sit-Stand,18.201227,20.176927,Non-Fall
2.029841799499402,0.9926423343078252,0.03259520094406114,1.7397412620998347,1.446003642581221,0.4971044480477223,965.3327797969629,1.3711897885323656,1.1323404310515022,0.8491343596742942,3522.075827226889,0.834074109987074,5967762.110854186,2.0926007854413955,Standingtositting_p1_3_35sek_20260204_153407.parquet,0,Sit-Stand,19.201815,21.176922,Non-Fall
-0.45878666573319477,0.2908169995064197,0.00020845788945477895,-0.5970788420957003,-0.5285620093134692,-0.4851907391789858,35.661615794108606,-0.394714062517799,0.5232519416173668,-0.13552227629102015,3340.5869290832484,0.6315580934461076,677415.2523915065,1.4500381373133575,Standingtositting_p1_3_35sek_20260204_153407.parquet,0,Sit-Stand,21.201227,23.176937,Non-Fall
-0.4276057959321722,0.5442658957657226,0.00037327451027188615,-0.5283931515026938,-0.5370433843408272,-0.5733430377713579,19.132861010933492,-0.5071229875586748,-0.38395295709500904,-0.19924693311787245,3381.528245645104,0.6277716890924561,192785.6082149118,1.3367116246526407,Standingtositting_p1_3_35sek_20260204_153407.parquet,0,Sit-Stand,22.20127,24.176922,Non-Fall
-0.3623570517927326,0.5022293090480403,0.0005576524344447896,-0.4679781791375184,-0.6275970563105707,-0.5728891660705409,11.606860181104668,-0.5751773151300748,-0.5308105578708825,-0.15359520100641427,3376.6332148239117,0.6337361222827079,266951.2531783061,1.3843308513344577,Standingtositting_p1_3_35sek_20260204_153407.parquet,0,Sit-Stand,23.203742,25.176912,Non-Fall
-0.32907765948946677,0.3912664812947196,0.0005919599901078457,-0.45791131208171,-0.4979920160756008,-0.5952121725049125,19.001989346446347,-0.5081773670939307,0.36962907961419783,0.33799590749026887,3336.524470924274,0.6281264429662801,107936.46600152498,1.0449092319451228,Standingtositting_p1_3_35sek_20260204_153407.parquet,0,Sit-Stand,24.201407,26.176934,Non-Fall
-0.32907765948946677,0.2657576436214593,0.0005667937516732658,-0.4652662711625766,-0.4979920160756008,-0.5834598577639076,19.837480357081546,-0.501507119011924,0.1867934292647698,0.15388968425415564,3326.4501277247205,0.6351610764314184,362260.19281676965,1.8308667307457922,Standingtositting_p1_3_35sek_20260204_153407.parquet,0,Sit-Stand,25.201483,27.176927,Non-Fall
-0.26988516720096006,0.23892076983959862,0.0007395068769893194,-0.4176241643422141,-0.48038191486618015,-0.5837846846580805,17.628609061871398,-0.5194690033409584,0.5673631252514336,0.2550953376180064,3331.499825483355,0.6322375994796149,190597.06936224445,1.5909300487013436,Standingtositting_p1_3_35sek_20260204_153407.parquet,0,Sit-Stand,26.203031,28.176943,Non-Fall
-0.26988516720096006,0.33993492637232914,0.0006965695670514872,-0.42889682715537153,-0.48038191486618015,-0.5701099441101632,28.621995386549546,-0.43846272691259663,0.9146916199891866,0.2924011514659395,3323.0776824523336,0.6304342513784555,343489.4829146808,1.8691414173243466,Standingtositting_p1_3_35sek_20260204_153407.parquet,0,Sit-Stand,27.203379,29.176975,Non-Fall
-0.5999838782253095,0.5661832554710466,2.202238085034703e-05,-0.7341798937510094,-0.8255476865219133,-0.7181408200793907,0.23593078207264864,-0.7807103560738137,-0.11402101949866705,-0.9141125603397803,3392.5137834450243,0.6272768802258418,69554.44391426664,0.6546277966295765,Standingtositting_p2_1_35sek_20260204_155152.parquet,0,Sit-Stand,0.77527,2.750711,Non-Fall
-0.5999838782253095,0.5548008539413046,2.5407684342244174e-05,-0.7292868426501653,-0.8266730192202366,-0.725965280351713,0.18206875604040026,-0.7848638497691931,-0.7548400545952691,-0.46576668893253587,3388.6279928995164,0.6276633433034065,65338.81555298727,0.6724750919870272,Standingtositting_p2_1_35sek_20260204_155152.parquet,0,Sit-Stand,1.776772,3.750715,Non-Fall
-0.6057501839813395,0.5510853519908219,2.96810554617334e-05,-0.7235549437768066,-0.8266730192202366,-0.7108926295562913,0.17336183345405726,-0.7855905103349976,-0.7161776471668557,-0.6274839257717626,3389.019593774292,0.6284017103159192,81804.70437490377,0.6986513545047035,Standingtositting_p2_1_35sek_20260204_155152.parquet,0,Sit-Stand,2.775196,4.750693,Non-Fall
-0.5860989073968931,0.5732073080694122,2.4760253641208693e-05,-0.730196171822202,-0.8291506480591359,-0.7038165262568943,0.06010680829389394,-0.7976362041934636,0.1811609580379655,-0.5957554595225695,3392.2715344966805,0.6280328476865837,79151.57596531819,0.6258306934868095,Standingtositting_p2_1_35sek_20260204_155152.parquet,0,Sit-Stand,3.775155,5.750667,Non-Fall
-0.5860989073968931,0.5935873966438213,2.1529857157172402e-05,-0.7349223327041379,-0.8266742921080928,-0.6979162403818642,0.07677484744766677,-0.7953906006579285,-0.04042036275899304,-0.404125620615742,3395.696249698174,0.6277192579337626,89567.92452794666,0.6598869844486103,Standingtositting_p2_1_35sek_20260204_155152.parquet,0,Sit-Stand,4.774977,6.7507,Non-Fall
-0.5914489133261294,0.6164643395812713,2.1271246423024503e-05,-0.7353155684266574,-0.8232349332619213,-0.6866385293235029,0.07564782113176094,-0.7955342236501084,-0.5090874430422705,-0.5484134557537164,3403.0034201799554,0.6279529865881541,95110.19780338705,0.651321215283793,Standingtositting_p2_1_35sek_20260204_155152.parquet,0,Sit-Stand,5.775248,7.750715,Non-Fall
-0.6003812909738034,0.6130547786827636,2.1045148299138353e-05,-0.7356613294990143,-0.8232349332619213,-0.7011586750694716,0.3151814350178843,-0.7753852783746132,-0.04760024693957998,-0.9225791955636371,3403.80723576936,0.6281365338256554,85687.38453914406,0.6812044522982562,Standingtositting_p2_1_35sek_20260204_155152.parquet,0,Sit-Stand,6.775593,8.75072,Non-Fall
-0.6003812909738034,0.6076022546047107,2.425063014960692e-05,-0.7309203425394832,-0.8312095470690695,-0.7165396089471218,0.13679330910005266,-0.7888630754220157,-0.15195123409196604,-0.9731266506805311,3399.0517961639025,0.6276573428237431,72266.29171024868,0.6720209570614201,Standingtositting_p2_1_35sek_20260204_155152.parquet,0,Sit-Stand,7.775041,9.750656,Non-Fall
-0.5799649774527639,0.6280399447800057,2.6759239455162112e-05,-0.7274251648831116,-0.8343388834082346,-0.7114641104589984,0.05564635348301149,-0.7982885908850615,0.23105679277615307,-0.8116007930198699,3403.8551876367965,0.6273803537483972,76217.23960318016,0.6496478646686685,Standingtositting_p2_1_35sek_20260204_155152.parquet,0,Sit-Stand,8.776458,10.750712,Non-Fall
-0.5799649774527639,0.650843323770107,2.6630960509343365e-05,-0.7275998101578529,-0.8369915549164552,-0.714697369651889,0.06477873995094485,-0.7969783523012947,0.24343147297704748,-0.932575591586553,3410.693625204014,0.6276577271035969,71509.65136133877,0.634463825969865,Standingtositting_p2_1_35sek_20260204_155152.parquet,0,Sit-Stand,9.775165,11.750658,Non-Fall
-0.6003812909738034,0.6487719155073144,2.4127558183472565e-05,-0.7310963644001175,-0.8284655934941851,-0.7089479933425555,0.1351136419344073,-0.789023336062889,-0.4221442244532481,-0.692552644467234,3409.3203902012015,0.6276811920069373,80180.58863704643,0.661237066234593,Standingtositting_p2_1_35sek_20260204_155152.parquet,0,Sit-Stand,10.774964,12.750666,Non-Fall
-0.6003812909738034,0.6292808161515122,2.1646373843198408e-05,-0.7347459329105096,-0.8284655934941851,-0.7035000091669025,0.08796988457214416,-0.7940175624816698,-0.8292820214706167,-0.3481183297765274,3403.304734896826,0.6272430364872552,82765.96341116271,0.6576911691302707,Standingtositting_p2_1_35sek_20260204_155152.parquet,0,Sit-Stand,11.776863,13.750689,Non-Fall
-0.6003812909738034,0.6588950935351946,1.785525444993179e-05,-0.7407534311239493,-0.8309390492909866,-0.7085562801611185,0.07009844214558618,-0.7962575530908906,-1.1819447293310819,-0.43628259365729266,3409.7603067264868,0.6273567670017337,78004.303976312,0.644703687722156,Standingtositting_p2_1_35sek_20260204_155152.parquet,0,Sit-Stand,12.776734,14.750667,Non-Fall
-0.6003812909738034,0.6774064763127469,1.6249449290623694e-05,-0.7434895696281233,-0.8315889522883645,-0.7101623449670464,0.07224466011187909,-0.7959745249092294,-1.0745423675524497,-0.9873623026214015,3418.5168613306964,0.6278774528652835,77825.55058775072,0.6417071987751077,Standingtositting_p2_1_35sek_20260204_155152.parquet,0,Sit-Stand,13.775402,15.750653,Non-Fall
-0.5983946169090005,0.6632265296355698,2.1419915390069235e-05,-0.7350892166471864,-0.8261638428569913,-0.7084500132318033,0.1306193918920629,-0.7894571082617095,-0.9438508061244525,-1.0470595621494283,3414.0196002630346,0.6276250685611939,79810.50834489215,0.669949790463232,Standingtositting_p2_1_35sek_20260204_155152.parquet,0,Sit-Stand,14.77664,16.750652,Non-Fall
-0.5930354546995961,0.6739113191085232,2.407024560772115e-05,-0.731178488060224,-0.8261638428569913,-0.7061311589916358,0.11735340532764894,-0.790782990017863,-0.585533164480229,-1.0168330311015898,3412.351487311146,0.6273648983221013,80623.40871676036,0.6673690914555863,Standingtositting_p2_1_35sek_20260204_155152.parquet,0,Sit-Stand,15.777046,17.750715,Non-Fall
-0.33094049217242266,-0.895144248047738,0.0011863390597656668,-0.31563622430285854,-0.11608496203546792,-0.5138382096969701,77.50137670461406,-0.19547159037646125,-0.748296127657332,0.5634880071518319,3078.9628595801314,0.6288755233044494,202246.22649181873,1.1557954590137094,Standingtositting_p2_1_35sek_20260204_155152.parquet,0,Sit-Stand,19.775363,21.750715,Non-Fall
-0.5793718616865539,-0.9507484361143279,0.0006229526029989966,-0.44906518998253503,-0.7497858191796183,-0.6773463720849677,1.794115936507567,-0.720642559150612,-0.4433779977619054,-0.45915624460735033,3064.4735399502547,0.6365213659678326,122648.10067414296,1.0235372274882366,Standingtositting_p2_1_35sek_20260204_155152.parquet,0,Sit-Stand,20.775929,22.750674,Non-Fall
-0.6531865054125833,-0.9607114031810192,0.0003825246908169664,-0.5250459100206235,-0.7172116449777738,-0.6977179547008452,2.25360995122564,-0.7092613340350303,0.018365996717070936,-0.5523145418450941,3063.9506075122044,0.6311390853885003,82555.92111420383,0.9898226863743063,Standingtositting_p2_1_35sek_20260204_155152.parquet,0,Sit-Stand,21.776801,23.750689,Non-Fall
-0.6531865054125833,-1.0158050498758326,0.0002387774269257908,-0.5828084346422101,-0.7172116449777738,-0.6888960581800572,2.270070932323528,-0.7088762795550704,0.11791066557394278,0.4419058410261396,3042.5316641967515,0.6296516430186757,109648.76383123192,1.0306263194790573,Standingtositting_p2_1_35sek_20260204_155152.parquet,0,Sit-Stand,22.775286,24.750667,Non-Fall
-0.7359895537718772,-1.0414572750229634,0.00014188532346725804,-0.632622951305091,-0.77133629033123,-0.6898843989381807,0.7676809482833313,-0.7532384504610213,-3.1071580402241707,3.4209329890038527,3051.0246902811446,0.6285531877869265,85180.62895590394,0.6511369073904241,Standingtositting_p2_1_35sek_20260204_155152.parquet,0,Sit-Stand,23.775134,25.75072,Non-Fall
-0.5730506606036708,-1.0024615870018476,0.00042317991861431556,-0.5107931574412702,-0.7513116542866811,-0.6957721149152186,1.4892846498086683,-0.7290213000892779,-0.2974709519549053,0.17640405245417287,3053.4251479368318,0.6353406746356541,101896.97347733655,1.1221374043963586,Standingtositting_p2_1_35sek_20260204_155152.parquet,0,Sit-Stand,24.777007,26.750683,Non-Fall
-0.5730506606036708,-0.984073858791554,0.0003448570304547644,-0.538944319419586,-0.7513116542866811,-0.7036132759981755,1.5847246575608522,-0.7263127183201195,0.44253772165759664,0.31267018752684334,3051.8876690909196,0.6288472183185819,76452.29790919989,0.7639012293115315,Standingtositting_p2_1_35sek_20260204_155152.parquet,0,Sit-Stand,25.775511,27.750715,Non-Fall
-0.7727587410682928,-1.0106786528670169,6.76377959619071e-05,-0.6844982244203011,-0.8025502737480624,-0.7096483570643561,0.5330599818526391,-0.763515567810599,-0.3007159923165075,-0.8040175499302848,3048.2811998144107,0.6279421800240336,77563.99424825916,0.6982436703503135,Standingtositting_p2_1_35sek_20260204_155152.parquet,0,Sit-Stand,26.775205,28.750657,Non-Fall
-0.6515761049333917,-1.0290228353046595,0.00014222433626010482,-0.6324228706586275,-0.6902699178936331,-0.685196403955676,2.1863375352004057,-0.7108497794600781,0.7426249990697567,1.645732575492494,3053.1283707688895,0.6304564674923478,98136.56098009428,1.0457035474097545,Standingtositting_p2_1_35sek_20260204_155152.parquet,0,Sit-Stand,27.777307,29.750667,Non-Fall
-0.6515761049333917,-1.0190470272014653,0.00012931029653795702,-0.6402212492759948,-0.6902699178936331,-0.6783398484600697,2.529346785720371,-0.7029859698753858,0.8101036836892418,2.283324872033228,3048.672278584794,0.6286160681936049,120106.3544774515,0.957349774210024,Standingtositting_p2_1_35sek_20260204_155152.parquet,0,Sit-Stand,28.775396,30.750712,Non-Fall
-0.8090417273562759,-0.991912088979422,2.6183927583606103e-05,-0.7282117336648698,-0.7758349815223159,-0.6988731900055997,0.7987353771569478,-0.7520039165844002,-0.007739073436572761,-0.5439247633603681,3051.4210453873784,0.6274671189479307,80240.91866995613,0.6758884996314891,Standingtositting_p2_1_35sek_20260204_155152.parquet,0,Sit-Stand,29.775715,31.750715,Non-Fall
-0.8121856251189968,-0.997556195821095,2.457408473188598e-05,-0.7304598445372371,-0.8333775181133087,-0.7107940833936585,0.04047662236608335,-0.8007305639517468,0.023230764914358916,-0.5003644759956734,3051.1958789651458,0.6276283372587426,77440.72140379003,0.6459569876634521,Standingtositting_p2_1_35sek_20260204_155152.parquet,0,Sit-Stand,30.776819,32.750712,Non-Fall
-0.8121856251189968,-0.9942962754473645,2.178178709657935e-05,-0.7345415201992216,-0.8365762477667078,-0.7097927659290566,0.034303614044485134,-0.8018546150283077,0.46042317785092224,-0.5468492943915235,3055.2263581605584,0.6279654747564214,77809.7717082797,0.6419267639036105,Standingtositting_p2_1_35sek_20260204_155152.parquet,0,Sit-Stand,31.777023,33.750656,Non-Fall
-0.8121856251189968,-1.0125642785114854,2.0296736705410604e-05,-0.7368192935581973,-0.8362277592820682,-0.7109902886545447,0.04224398781508648,-0.8004248213147066,0.4667537100392424,-0.14637055884570319,3047.5070005026837,0.6271905063162845,76690.52980040935,0.6469115409642562,Standingtositting_p2_1_35sek_20260204_155152.parquet,0,Sit-Stand,32.776983,34.750653,Non-Fall
-0.8149124204804825,-1.0026261671566443,2.636526900867517e-05,-0.7279628785633222,-0.8362277592820682,-0.7139027421955418,0.03956623522792026,-0.8008906610903427,-0.07612928756522334,-0.5325468344350325,3053.002852222289,0.6280387312589166,73387.01569056135,0.6375909978882622,Standingtositting_p2_1_35sek_20260204_155152.parquet,0,Sit-Stand,33.775315,35.750703,Non-Fall
-0.8121856251189968,-0.9910667582047058,2.2849112681832267e-05,-0.7329520877682705,-0.8247375074092378,-0.7091251522821785,0.12800761679681727,-0.7897126230851305,0.3943879695431254,-0.5063901368768451,3052.6461659301076,0.6275783190216291,75241.10981014879,0.6305861253695269,Standingtositting_p2_1_35sek_20260204_155152.parquet,0,Sit-Stand,34.776859,36.750693,Non-Fall
-0.8121856251189968,-0.9706192616242076,2.0470716888272485e-05,-0.7365482270279405,-0.8247375074092378,-0.7056006083191895,0.17399706069166046,-0.7855368872485681,0.9231795511255617,-1.1455614142358088,3058.5633244177357,0.6275992549018099,85594.63591733995,0.7039427207663396,Standingtositting_p2_1_35sek_20260204_155152.parquet,0,Sit-Stand,35.776765,37.750733,Non-Fall
-0.577197842603608,0.7038692089169925,2.394261235196681e-05,-0.7313617268311184,-0.827124121404697,-0.7103243494525294,0.15025150831031536,-0.7876129797341284,0.5379700323301454,-0.4412354177128989,3425.0795063537958,0.6279950899504555,77346.01659896008,0.6802037920650854,Standingtositting_p2_2_35sek_20260204_155241.parquet,0,Sit-Stand,0.203791,2.17865,Non-Fall
-0.577197842603608,0.7352926050952014,3.277197090541804e-05,-0.719662920824134,-0.827124121404697,-0.710036839089955,0.12267109010369456,-0.7902429409965986,-0.4482886147441364,-0.9038287741702966,3424.102798808709,0.6268078925135073,80455.65923131577,0.6913481688795545,Standingtositting_p2_2_35sek_20260204_155241.parquet,0,Sit-Stand,1.204795,3.178697,Non-Fall
-0.5821404748859623,0.7519246109435564,3.2496966548377524e-05,-0.7200015459541802,-0.8345437085244094,-0.7126865535867403,0.06714245712741997,-0.7966545593608881,-1.1829568727922302,-0.8942109485382296,3434.4522075224354,0.6277575611135063,74475.66841494707,0.6365073163335403,Standingtositting_p2_2_35sek_20260204_155241.parquet,0,Sit-Stand,2.204811,4.178697,Non-Fall
-0.5837233856365522,0.7328665035591915,2.9906322914240785e-05,-0.7232646391202151,-0.829436790524806,-0.710428283971604,0.10118209041415728,-0.7925052310894624,-1.309058851733426,-0.7612602630498913,3429.8918004724756,0.6281000136765069,74749.7826207661,0.6342984763438708,Standingtositting_p2_2_35sek_20260204_155241.parquet,0,Sit-Stand,3.205032,5.178689,Non-Fall
-0.5504142692096412,0.7447443466211094,3.368771519180211e-05,-0.7185454471512741,-0.829436790524806,-0.7081937482007921,0.12065972211529045,-0.7904458065996106,-0.6561885826347187,-0.5536165784545705,3427.1126247885404,0.6278552765274882,83465.06195742701,0.6787092844582703,Standingtositting_p2_2_35sek_20260204_155241.parquet,0,Sit-Stand,4.203825,6.178646,Non-Fall
-0.5504142692096412,0.7592086397716956,3.6384464817635454e-05,-0.7153400622983062,-0.8322374376679579,-0.7162264200554819,0.12881352192396656,-0.7896335040840212,-0.32743804189889114,-0.7118148014441177,3435.2404260011854,0.6284299451373653,73417.97296540633,0.6870894884829861,Standingtositting_p2_2_35sek_20260204_155241.parquet,0,Sit-Stand,5.204767,7.178689,Non-Fall
-0.5557176617256744,0.7023469590164242,3.469036434895136e-05,-0.7173392060163396,-0.8230304487367252,-0.7206050548021565,0.41505110280563884,-0.7695570395076919,-0.28784014584421513,-0.770282717661694,3421.6429042740256,0.6280209485609429,62843.280382183344,0.6965518623051182,Standingtositting_p2_2_35sek_20260204_155241.parquet,0,Sit-Stand,6.205344,8.178667,Non-Fall
-0.5853069126055087,0.6770557084450786,3.121468122678073e-05,-0.7215997387304338,-0.8178107738096512,-0.7109426234529954,0.4667242744702541,-0.7668180868304356,-0.6522916083317741,-0.9190955844930846,3414.020382158902,0.6272830923153975,84966.69812324372,0.7019080294588018,Standingtositting_p2_2_35sek_20260204_155241.parquet,0,Sit-Stand,7.205028,9.178662,Non-Fall
-0.5853069126055087,0.705325129613166,3.053655664267811e-05,-0.7224582087245331,-0.8178107738096512,-0.7041307086378813,0.09961174652387485,-0.7926795861777584,-0.6716322056865789,-1.0354952923595635,3425.9166929663115,0.6280575270736827,80069.15726809744,0.6446078802808386,Standingtositting_p2_2_35sek_20260204_155241.parquet,0,Sit-Stand,8.204991,10.178692,Non-Fall
-0.577197842603608,0.7207497934306908,2.4485058634993823e-05,-0.7305862859819883,-0.8325526643519682,-0.7060264943797806,0.08485108778729955,-0.7943908283361475,-0.13138538310918485,-0.9287294932481719,3424.2070183389746,0.6276609814915389,84008.60782096938,0.6707228707804846,Standingtositting_p2_2_35sek_20260204_155241.parquet,0,Sit-Stand,9.203566,11.178709,Non-Fall
-0.577197842603608,0.7039206020476401,2.1574912606514078e-05,-0.734854064789384,-0.8241164128351719,-0.7006167856495157,0.09796677808376116,-0.7928637071205524,-0.27604683887596587,-0.48401662140054735,3423.008148481205,0.6278490235585104,80769.6806949754,0.6335318687922551,Standingtositting_p2_2_35sek_20260204_155241.parquet,0,Sit-Stand,10.204812,12.1787,Non-Fall
-0.5718665258177997,0.7083508324160914,2.5248672636537306e-05,-0.7295090940843176,-0.8241164128351719,-0.7030881380047413,0.12884268632381868,-0.7896306455427634,-0.6458757986034731,-0.6168340603763729,3420.8751569657884,0.6275920582489491,87279.5899066489,0.6828350866931499,Standingtositting_p2_2_35sek_20260204_155241.parquet,0,Sit-Stand,11.204834,13.178645,Non-Fall
-0.5718665258177997,0.7480849398427085,2.5481529263770724e-05,-0.7291838657544911,-0.8272923724765885,-0.7137242282242704,0.08300386432074344,-0.7946151497112696,-0.42818433976809056,-0.5683840962206472,3433.070100246047,0.6280159414021367,72690.9082820248,0.637843742085924,Standingtositting_p2_2_35sek_20260204_155241.parquet,0,Sit-Stand,12.205295,14.178692,Non-Fall
-0.577197842603608,0.7453577688958445,1.7437380689724803e-05,-0.7414531806075416,-0.8291263640090093,-0.7092805844556254,0.09427256381254835,-0.7932829181708957,0.21867413638692923,-0.5041369859187796,3428.7372170030726,0.6272481150002844,77790.43538480895,0.641196222076428,Standingtositting_p2_2_35sek_20260204_155241.parquet,0,Sit-Stand,13.203676,15.178663,Non-Fall
-0.567133419779827,0.7360562870494207,1.9677472932238708e-05,-0.7377936787584408,-0.8291263640090093,-0.7055691294223249,0.09095666288911358,-0.7936662509114237,0.29229177406693946,-0.4812216435373201,3426.9377507815598,0.6272793340935469,78435.06841416004,0.6239077572205333,Standingtositting_p2_2_35sek_20260204_155241.parquet,0,Sit-Stand,14.204774,16.178691,Non-Fall
-0.567133419779827,0.7516575313405579,3.1025511087654025e-05,-0.7218382723177236,-0.8309616180177748,-0.7053875726972161,0.08267429498877654,-0.7946554331097108,-0.4015214316206698,-0.8965872651504933,3432.185971060077,0.6276866063830642,80778.87938661834,0.6497645221334397,Standingtositting_p2_2_35sek_20260204_155241.parquet,0,Sit-Stand,15.204799,17.178672,Non-Fall
-0.577197842603608,0.7481665262262058,3.1127619372049114e-05,-0.721709429106683,-0.8309616180177748,-0.7058957472544943,0.07271434195333996,-0.795913149631462,-0.6435513157423258,-0.9638320083771689,3433.4552423071295,0.627728605893908,81280.69988602519,0.6481937941365346,Standingtositting_p2_2_35sek_20260204_155241.parquet,0,Sit-Stand,16.204699,18.178682,Non-Fall
-0.567133419779827,0.7771934434138096,3.140460856555278e-05,-0.7213609763877973,-0.796455937543023,-0.6949956642699938,0.48845448804755803,-0.765711815917058,-0.3025309564530393,-0.8754167392216248,3436.0669476745484,0.6276023441965067,84899.27648153693,0.6261859344041036,Standingtositting_p2_2_35sek_20260204_155241.parquet,0,Sit-Stand,17.207076,19.178701,Non-Fall
-0.42113078065793147,0.22010673621293717,0.002143311834756771,-0.14888765539290863,0.27087483076121144,-0.41965493287486116,243.14168415986268,0.2822396324296881,-3.529323983253867,1.4520872178957105,3415.6655721679467,0.6425395160743572,141597.3150528901,0.9600151624866563,Standingtositting_p2_2_35sek_20260204_155241.parquet,0,Sit-Stand,18.202945,20.178701,Non-Fall
-0.496783834963571,-0.7021948057263346,0.0011773608318732586,-0.3174733004495774,-0.49221498963860044,-0.3133342131292151,26.603422213225784,-0.45197907236889295,-0.38773175312494257,-0.944207960374398,3152.8749455519483,0.6441895980125344,839978.5034405226,1.1027526282612605,Standingtositting_p2_2_35sek_20260204_155241.parquet,0,Sit-Stand,21.203644,23.1787,Non-Fall
-0.5331765422947738,-0.7270446590790426,0.0005865080937011448,-0.45949118357228363,-0.5537754627502577,-0.5270531536436186,36.083778482018324,-0.39223437795381644,-0.17807230268961247,-0.4383209380292682,3108.5621852552026,0.6337761945356643,280305.0146397334,1.4638905885149467,Standingtositting_p2_2_35sek_20260204_155241.parquet,0,Sit-Stand,22.203148,24.178689,Non-Fall
-0.6515761049333917,-0.8582593464472189,0.00012374322267815459,-0.643702850199688,-0.8069704766853452,-0.7394075280873772,0.7233778537814013,-0.7550437378344832,-0.0184775345550007,0.9555633272377305,3081.8430159675395,0.6284123029554999,54717.68324576695,0.7240323709745713,Standingtositting_p2_2_35sek_20260204_155241.parquet,0,Sit-Stand,23.20482,25.178701,Non-Fall
-0.7883561718512329,-0.9186299787304824,2.4591299278853333e-05,-0.7304354216049969,-0.8269344478744576,-0.7135110523620639,0.31745556794378355,-0.7752430287993215,-0.9080039914567346,-1.27781642049824,3070.5730617469912,0.6279677177448659,79455.02739751531,0.7221165502210946,Standingtositting_p2_2_35sek_20260204_155241.parquet,0,Sit-Stand,24.203289,26.178678,Non-Fall
-0.7827338524622586,-0.9184691600194477,2.6609908685950367e-05,-0.7276285112931358,-0.8269344478744576,-0.7161388263023054,0.19824074375044884,-0.7835588670191096,-0.6046248837808469,-1.0784490135612794,3069.1595578513784,0.62773686990734,74506.7790459316,0.6634322804285374,Standingtositting_p2_2_35sek_20260204_155241.parquet,0,Sit-Stand,25.203312,27.178672,Non-Fall
-0.7827338524622586,-0.9100286814253782,2.7664840706702647e-05,-0.726203960328183,-0.8359256101375923,-0.7183401870589371,0.06979295311531117,-0.7962981891986921,-0.4982151196389773,-0.9309956807257724,3068.47364408058,0.6275379339737476,69484.85448470559,0.6368478092728871,Standingtositting_p2_2_35sek_20260204_155241.parquet,0,Sit-Stand,26.204525,28.178642,Non-Fall
-0.7827338524622586,-0.9108714234635059,2.4985119834772055e-05,-0.7298790100414801,-0.831237336377186,-0.7093691651383262,0.09704626582616227,-0.7929674147436956,-0.7321755480150642,-0.9901361732299502,3071.409112590877,0.6279547020003785,81085.27425830196,0.6526351706031392,Standingtositting_p2_2_35sek_20260204_155241.parquet,0,Sit-Stand,27.205572,29.178701,Non-Fall
-0.7852316516770496,-0.9338329329087841,2.4930200197628762e-05,-0.7299563390982193,-0.831237336377186,-0.7137351863499162,0.1332522396124151,-0.7892021045390823,-0.6684643084842189,-1.2659994381411683,3068.772916085106,0.6282357299636817,70636.76074817272,0.6254216411013795,Standingtositting_p2_2_35sek_20260204_155241.parquet,0,Sit-Stand,28.20479,30.178697,Non-Fall
-0.820792110851368,-0.9518379623201706,2.4499121761559952e-05,-0.7305662972205552,-0.8311091045011884,-0.7127344339208017,0.13132111948172612,-0.7893888933483435,-0.6597124936152703,-1.5443168954342235,3065.230588382169,0.6278251708989091,74310.82371474779,0.6337020061706694,Standingtositting_p2_2_35sek_20260204_155241.parquet,0,Sit-Stand,29.205022,31.178689,Non-Fall
-0.8226839289050922,-0.9311000053224242,2.338919648218289e-05,-0.7321619560367094,-0.8311091045011884,-0.7140121487175132,0.13381260666477326,-0.7891481564340417,-1.076876706673459,-1.4542571121246601,3062.3680382457364,0.6268945997840462,77878.81944398391,0.6759528905816592,Standingtositting_p2_2_35sek_20260204_155241.parquet,0,Sit-Stand,30.204664,32.178678,Non-Fall
-0.820792110851368,-0.9400363695916494,2.57099660892071e-05,-0.7288662513378297,-0.8268757642133769,-0.7139016997662782,0.1252898752550684,-0.7899812878319123,-1.3125305547581485,-1.0631383556681262,3066.994329278123,0.6283435565830865,72492.60729051556,0.6483488299876731,Standingtositting_p2_2_35sek_20260204_155241.parquet,0,Sit-Stand,31.204762,33.178689,Non-Fall
-0.820792110851368,-0.9319488207423109,2.404836031218969e-05,-0.7312098734716599,-0.8208680382658178,-0.7017822058423121,0.16895846570359868,-0.7859649564593744,-1.6395420593083825,-0.8705744701778483,3069.605451124385,0.6283528136092387,88126.72681789179,0.6874807084046948,Standingtositting_p2_2_35sek_20260204_155241.parquet,0,Sit-Stand,32.203209,34.178668,Non-Fall
-0.7858563536682527,-0.8997325416904973,2.1323259952382498e-05,-0.7352362869870459,-0.8192137913500296,-0.7060766401517319,0.4073609799637747,-0.7699789351199969,-1.2888123018233502,-0.6658402472817039,3069.219905223749,0.6272787494152477,74756.19042842308,0.6504770590398791,Standingtositting_p2_2_35sek_20260204_155241.parquet,0,Sit-Stand,33.20502,35.178642,Non-Fall
-0.7841907059428529,-0.9059342437158184,2.7446716342736723e-05,-0.7264962514374821,-0.8192137913500296,-0.7073560174473243,0.46491759766305046,-0.7669112121765269,-0.6147499685098948,-0.7730214554285622,3071.718419646192,0.6280848221938788,76610.51598892006,0.6960446474597244,Standingtositting_p2_2_35sek_20260204_155241.parquet,0,Sit-Stand,34.206242,36.178678,Non-Fall
-0.7841907059428529,-0.9081707067280619,2.431012690224613e-05,-0.7308354083518438,-0.8239646511486931,-0.7121018556449317,0.26582434485597306,-0.7786097895262575,-1.0296865820824062,-0.8482915944973413,3077.8692106410417,0.6287774704138517,81343.17083592413,0.6802260400984582,Standingtositting_p2_2_35sek_20260204_155241.parquet,0,Sit-Stand,35.20333,37.178642,Non-Fall
-0.8226839289050922,-0.9026028775232001,1.8580280949418174e-05,-0.7395584949212584,-0.8310052764751438,-0.7156205648293049,0.10068133708872024,-0.792560681795533,-2.007521291717812,-0.957420255384672,3072.607769568471,0.6277985015183225,71543.3875859907,0.6509105714115279,Standingtositting_p2_2_35sek_20260204_155241.parquet,0,Sit-Stand,36.203523,38.178709,Non-Fall
-0.7852316516770496,-0.8880571029942618,2.0060037181767283e-05,-0.7371899511915257,-0.8129360210144292,-0.7041011427045729,0.26327766235280126,-0.7787839774664413,-1.4881608489623603,-0.4964160191326857,3075.7744220752384,0.6276958463626146,91230.61703866975,0.7069629493410252,Standingtositting_p2_2_35sek_20260204_155241.parquet,0,Sit-Stand,37.205327,39.178725,Non-Fall
-0.45878666573319565,0.8760993570567417,6.437020423253848e-05,-0.6873276146510071,-0.7421148974788356,-0.6704196236712573,3.4679287245731896,-0.6838588786411999,1.5273005675492048,0.9685223355931432,3448.490580554348,0.6269828040603401,95015.06520191311,0.6826451229149911,Standingtositting_p2_3_35sek_20260204_155335.parquet,0,Sit-Stand,0.203087,2.178398,Non-Fall
-0.5449216891060229,0.7872073701187976,3.7536664163272056e-05,-0.7140068833826013,-0.8229671359541548,-0.7342331317975599,0.3031188716639575,-0.7761485379604025,-0.0022373374920938273,-0.8955453988473199,3443.804172637146,0.6285041159242938,58332.1874507169,0.6992251861474301,Standingtositting_p2_3_35sek_20260204_155335.parquet,0,Sit-Stand,1.203515,3.178465,Non-Fall
-0.5618152232584203,0.7920545884504692,3.3020332102131296e-05,-0.7193583215312792,-0.8229671359541548,-0.7234899661324411,0.31475529954650483,-0.775411990655301,-0.21973775719715713,-1.044398622610147,3442.9986852885095,0.6281122863753862,77542.94530936255,0.7454409972602936,Standingtositting_p2_3_35sek_20260204_155335.parquet,0,Sit-Stand,2.203076,4.178453,Non-Fall
-0.5618152232584203,0.7945061390875344,2.6907008528097047e-05,-0.7272245028253953,-0.82417170910527,-0.7064059232727272,0.18146038755810168,-0.7849140503761143,0.07410303609671844,-0.9077524622692632,3439.6330749495037,0.6274491174650995,76310.36572575725,0.6697269400845736,Standingtositting_p2_3_35sek_20260204_155335.parquet,0,Sit-Stand,3.204805,5.17845,Non-Fall
-0.567133419779827,0.765887547267535,2.389170110844644e-05,-0.7314349546184528,-0.82417170910527,-0.7048689732448584,0.09489312872518786,-0.7932119312499186,0.04389427191906407,-0.8488705937270861,3437.8207425692135,0.627983678444864,79895.03534999109,0.6442852370131953,Standingtositting_p2_3_35sek_20260204_155335.parquet,0,Sit-Stand,4.203048,6.17846,Non-Fall
-0.567133419779827,0.7738266139765441,3.154142054744564e-05,-0.7211894337281116,-0.8272442041988107,-0.702066474980666,0.09036126939890571,-0.7937358167483367,-0.22990522483257778,-0.8108331254308904,3433.714152313994,0.6272587096780695,85977.78555281665,0.6606274428801832,Standingtositting_p2_3_35sek_20260204_155335.parquet,0,Sit-Stand,5.204688,7.178419,Non-Fall
-0.567133419779827,0.7770815023417947,3.175740177976276e-05,-0.7209193796440546,-0.8272442041988107,-0.7072586055681629,0.14964137308291067,-0.7876684110224794,-0.866399839969297,-0.611758638850338,3441.723311206148,0.6285712347807674,77339.17331251902,0.6485725648678783,Standingtositting_p2_3_35sek_20260204_155335.parquet,0,Sit-Stand,6.20663,8.178465,Non-Fall
-0.5606343407342455,0.789803639442327,2.5939034423134004e-05,-0.7285491726283998,-0.8305305437011701,-0.7143954971499636,0.09753501782425789,-0.7929122895558708,-0.7655832707145604,-0.3786873766022689,3436.372884251476,0.6272626591641027,75337.27096681358,0.6588042309326196,Standingtositting_p2_3_35sek_20260204_155335.parquet,0,Sit-Stand,7.202959,9.178411,Non-Fall
-0.5606343407342455,0.7847018892489118,2.215505947666899e-05,-0.7339813148515828,-0.8253797135165504,-0.7063901446369859,0.10875115916619524,-0.7916832077174712,-0.00552583594885901,-0.5656059249710814,3441.2354905821558,0.6276761267240105,80599.76285797018,0.6666993419099781,Standingtositting_p2_3_35sek_20260204_155335.parquet,0,Sit-Stand,8.204556,10.178407,Non-Fall
-0.5720638577456091,0.7798904876280731,2.1242527940027576e-05,-0.7353593840108239,-0.8253797135165504,-0.7109536705501801,0.12076281481160223,-0.7904353677959409,-1.0075890612171015,-0.11968902481550411,3437.6318891209107,0.627732204288255,77922.70469934153,0.6684299145360398,Standingtositting_p2_3_35sek_20260204_155335.parquet,0,Sit-Stand,9.205089,11.178406,Non-Fall
-0.5498254266674739,0.7818611164668116,2.6787040285490455e-05,-0.7273873706925641,-0.8288388202962629,-0.7154033992541339,0.09918109274832033,-0.7927276413204781,-0.3382693553153189,-0.12657359106827284,3441.165096073237,0.6283019494155272,71202.7990280573,0.6493264688778754,Standingtositting_p2_3_35sek_20260204_155335.parquet,0,Sit-Stand,10.204758,12.178398,Non-Fall
-0.5498254266674739,0.7859030416159015,2.923704040024453e-05,-0.7241303947802928,-0.8288388202962629,-0.710017961805151,0.1094819990719551,-0.7916053728448911,0.37013994735709915,-0.5125218534248678,3441.5560434798203,0.6279301361689528,78006.31929396983,0.6727049548560303,Standingtositting_p2_3_35sek_20260204_155335.parquet,0,Sit-Stand,11.20419,13.178438,Non-Fall
-0.567133419779827,0.8032718098521962,2.373145762534102e-05,-0.7316659502728846,-0.8310619116072147,-0.7070843370334585,0.10328223031647372,-0.7922741539870856,-0.27281889628106326,-0.6994012723563596,3442.238735402324,0.6274017460683976,82094.04602552108,0.6813278915981229,Standingtositting_p2_3_35sek_20260204_155335.parquet,0,Sit-Stand,12.205021,14.178438,Non-Fall
-0.5498254266674739,0.8349955151278562,2.7132858339740542e-05,-0.7269188731899061,-0.83087021308756,-0.7055889631807363,0.1235577127804956,-0.7901540450747669,-0.9155115645290334,-0.467612553458521,3452.8949420146782,0.6281566394329504,81892.00037598987,0.648852856743453,Standingtositting_p2_3_35sek_20260204_155335.parquet,0,Sit-Stand,13.20457,15.178438,Non-Fall
-0.5498254266674739,0.8475306177009959,2.8055669000150543e-05,-0.7256831098770835,-0.8245992062577555,-0.7110233890530362,0.1743638596998791,-0.7855059682638841,-0.8116109421873504,-0.561330217014968,3449.0160830068617,0.6273562083268872,77751.39843963571,0.6998918362857235,Standingtositting_p2_3_35sek_20260204_155335.parquet,0,Sit-Stand,14.20361,16.178438,Non-Fall
-0.567133419779827,0.8230465097309121,2.4320203857959824e-05,-0.7308210333583004,-0.8245992062577555,-0.7363052815381084,0.37766677862956355,-0.7716466376290418,-0.7873430744524618,-0.6793607106146107,3454.389474805036,0.6284763776042828,62298.44039097803,0.6754414859430644,Standingtositting_p2_3_35sek_20260204_155335.parquet,0,Sit-Stand,15.202828,17.178407,Non-Fall
-0.4327547994988014,0.29978946258521805,0.0011843314336310107,-0.3160464087602033,0.30504035369512456,-0.30866983219543254,332.9146847099309,0.46890148599011067,-2.4916486805082165,-2.00039132837573e-05,3383.665901692978,0.6394699634189372,306191.0062638539,1.6789293530418479,Standingtositting_p2_3_35sek_20260204_155335.parquet,0,Sit-Stand,16.203004,18.178462,Non-Fall
-0.6467487890524481,-1.049656399684176,0.00029255091974077804,-0.5595716058754087,-0.6653181758932785,-0.6657325756119462,7.738799494563024,-0.6191534222286181,-1.115869598395011,0.8259143190529782,3049.00283763307,0.6302889826980924,75964.02576251872,0.8838284981916449,Standingtositting_p2_3_35sek_20260204_155335.parquet,0,Sit-Stand,19.202826,21.178448,Non-Fall
-0.8109277571746205,-1.06429244599296,2.4630039778750497e-05,-0.7303804902313206,-0.8205101426587345,-0.7095684192287081,0.49531576534171107,-0.7653676463268,-0.5246961844479494,-0.570286228922918,3038.8585319116983,0.6285864160789877,85815.66159357569,0.7264143043245367,Standingtositting_p2_3_35sek_20260204_155335.parquet,0,Sit-Stand,20.20288,22.178448,Non-Fall
-0.8109277571746205,-1.0678704857931451,2.257860148831705e-05,-0.7333513503778757,-0.8247367264212755,-0.7110753106665664,0.2272586948353538,-0.7813443353383099,-1.0317659392835554,-0.26356752961697233,3039.325540302642,0.628365568260462,81106.96468706516,0.6929860304812059,Standingtositting_p2_3_35sek_20260204_155335.parquet,0,Sit-Stand,21.202753,23.178445,Non-Fall
-0.8109277571746205,-1.0733503200177064,2.1912457728319782e-05,-0.7343448682411094,-0.8247367264212755,-0.7122431327299659,0.21993827258175663,-0.7818889796621593,-1.2024632793922703,-0.326434143258313,3037.5061991642306,0.6282724372483085,72395.05671839928,0.6503568478010777,Standingtositting_p2_3_35sek_20260204_155335.parquet,0,Sit-Stand,22.203039,24.178453,Non-Fall
-0.8109277571746205,-1.094684783030832,2.5526456508008525e-05,-0.7291212876140971,-0.8060860619618808,-0.6995786918635098,0.33776184511397206,-0.773994779069637,-0.7705855527722404,-0.6234543592053416,3032.706485738526,0.6279495969395098,87663.27766774774,0.6620549331843171,Standingtositting_p2_3_35sek_20260204_155335.parquet,0,Sit-Stand,23.204864,25.178406,Non-Fall
-0.8149124204804825,-1.1093779206507792,2.4719458915324516e-05,-0.7302538647248751,-0.8060860619618808,-0.70267828741695,0.4035337280499319,-0.770190390018835,-0.7291943024485062,-0.5911294100715528,3029.1841418324298,0.628026104084471,79547.67177500602,0.6759119128262312,Standingtositting_p2_3_35sek_20260204_155335.parquet,0,Sit-Stand,24.20309,26.178457,Non-Fall
-0.8184811568339588,-1.0792240666172677,1.5495950908161735e-05,-0.744820037616188,-0.8358578598860994,-0.7149414409225454,0.10055283758612496,-0.7925749333529275,-1.6108963989205791,0.44785763356025055,3037.794934790862,0.6280223767727816,75115.78082860105,0.6605077645479838,Standingtositting_p2_3_35sek_20260204_155335.parquet,0,Sit-Stand,25.204584,27.178428,Non-Fall
-0.8184811568339588,-1.0708781533728189,1.1284811092445338e-05,-0.7529403928421258,-0.8237872494044455,-0.7029633551669117,0.21789544777105327,-0.7820425790300317,-1.5216687107116704,1.5696529098636425,3036.5135547789628,0.6276169854623646,83565.23792242695,0.6890560932986665,Standingtositting_p2_3_35sek_20260204_155335.parquet,0,Sit-Stand,26.20511,28.178398,Non-Fall
-0.8184811568339588,-1.0740067944418838,1.3439955839189609e-05,-0.7486246466125884,-0.8237872494044455,-0.7077236888136559,0.2679069096848696,-0.7784679655150387,-0.6865110684553988,1.1168551490603698,3038.936145996955,0.6278637684497161,77451.48958380979,0.6698152852140453,Standingtositting_p2_3_35sek_20260204_155335.parquet,0,Sit-Stand,27.203492,29.178448,Non-Fall
1.4013389716171556,0.5569952947688834,0.044489302931289824,2.1671901667006184,1.6694442686060018,1.2107201470215156,517.8319969548388,0.786223798078641,-0.10245983968429363,-0.8081743965788494,3428.9795245965665,0.8503186712220127,7845597.836532709,1.0385316420659467,Walking_Ahmed_1_20sek_20260202_101039.parquet,0,Walking,4.795794,6.77139,Non-Fall
1.4013389716171556,0.537263574329424,0.03891468657248498,1.975059619693391,1.7423430966984883,1.8341754037137135,1001.8044676868147,1.4121035040587153,0.07135090580869025,-0.6887816138774245,3544.0241710152523,0.8570664874251912,24129798.999388516,1.3540822786529942,Walking_Ahmed_1_20sek_20260202_101039.parquet,0,Walking,5.795768,7.77139,Non-Fall
1.3307037791455318,0.620996006406446,0.03286214278759112,1.750120615213502,1.7423430966984883,1.2996450365384042,1034.4583368322265,1.4481068962635786,0.17795907616947929,-0.6217228386350249,3465.636301670014,0.8168179445710713,5416850.449760459,1.13456993140477,Walking_Ahmed_1_20sek_20260202_101039.parquet,0,Walking,6.796021,8.771401,Non-Fall
1.5638101462110805,0.4199607076339791,0.04076494255754877,2.0402703947693492,0.5246541900477958,0.8993045900470624,306.7116036968694,0.41734395679736885,0.2628779459305932,-0.5387882998423615,3453.4734328169593,0.8607706811542408,8195442.574494853,1.2832362429086193,Walking_Ahmed_1_20sek_20260202_101039.parquet,0,Walking,7.796368,9.771384,Non-Fall
1.7703332451973257,0.5777642379330507,0.05055840145071253,2.3631228869459866,1.4367246484910616,1.2091352986402646,424.44223935630333,0.6346732365866681,0.3515498432591424,-0.5210402932064834,3442.928021901297,0.8650889950471001,5757281.745726076,1.0895051867324266,Walking_Ahmed_1_20sek_20260202_101039.parquet,0,Walking,8.796448,10.771368,Non-Fall
1.7703332451973257,0.7841651835264675,0.03917841666181164,1.9844478963335426,1.4367246484910616,1.556600149542721,776.4208420460799,1.145652051206636,0.3533676698603112,-0.2760886784744254,3552.04949444395,0.8753728291376683,19144879.51396687,1.3184296791357368,Walking_Ahmed_1_20sek_20260202_101039.parquet,0,Walking,9.796019,11.771398,Non-Fall
-0.4258908557025481,-0.33886223742352123,0.00043613516818729746,-0.5063965891511787,-0.5047052532524753,-0.5825928123082775,23.3467201308631,-0.4749169129529885,0.27486708839132773,1.1997779658394223,3192.573414172863,0.6284453746357382,122322.06922272537,0.8465544195400316,Walking_Ahmed_2_20sek_20260202_102356.parquet,0,Walking,0.10311,2.078236,Non-Fall
-0.6830967920548424,-0.2967214474832693,5.8598356666972144e-05,-0.6925068950718627,-0.7659400018761743,-0.6687771324227383,1.2754037207281304,-0.7354258162211257,-0.10008532566875114,-0.8322407095658655,3197.022802951676,0.6275023594769192,129457.57567138276,0.9701479985216425,Walking_Ahmed_2_20sek_20260202_102356.parquet,0,Walking,1.103307,3.078194,Non-Fall
-0.3896587364949346,-0.32613088554976666,0.00031002835635475463,-0.5524881002810896,0.1447143179060756,-0.20167425288812416,318.2413877873062,0.44029105132888485,0.3867787887137216,3.0639104854026926,3208.88246059601,0.6300408168921796,357032.22581080167,1.1551527147362821,Walking_Ahmed_2_20sek_20260202_102356.parquet,0,Walking,2.103152,4.078231,Non-Fall
0.8175160068639103,0.30297957478812343,0.011531029116711644,0.7105090338821622,0.3559176051279865,0.5146599569637686,429.616390312684,0.6434818788124957,0.8040994481914198,0.31835291505446334,3310.1502564930634,0.690877755771559,7339379.068127018,1.1323904778575904,Walking_Ahmed_2_20sek_20260202_102356.parquet,0,Walking,3.104497,5.078229,Non-Fall
0.8175160068639103,-0.010798670603115746,0.02396286839753874,1.3775911624374608,0.3559176051279865,0.8165821529845926,290.69067836405753,0.3847298914922676,0.030252838777813217,-0.8761203983270617,3359.937799449585,0.7917878198456348,4968390.326449477,1.2845912856219373,Walking_Ahmed_2_20sek_20260202_102356.parquet,0,Walking,4.102938,6.07824,Non-Fall
1.1418846217648813,0.3476134251514423,0.031835311885758236,1.7099599473637874,0.9313343888133807,0.804946981564654,269.9383282119607,0.341116922528171,0.0698901945530822,-0.9851664363901697,3381.5144682895843,0.8195785959669444,4892988.121960728,1.2091971961223233,Walking_Ahmed_2_20sek_20260202_102356.parquet,0,Walking,5.105705,7.078204,Non-Fall
1.1356282891951424,0.2068359568231224,0.022229034272899188,1.2973248956884702,0.5131175865490091,0.8454772008127819,217.50820477924472,0.22279644410143448,0.04335094710638326,-0.5008013332064454,3319.3662832012133,0.7386223929491892,6853782.280352508,1.0921646476128013,Walking_Ahmed_2_20sek_20260202_102356.parquet,0,Walking,12.268634,14.218214,Non-Fall
0.9783903424038762,0.026167481156732866,0.022539460790911906,1.3119199963220403,0.2853359294072732,0.38519784142778707,188.48489707228146,0.15108684965121874,0.1570787981377933,-0.6256492235594846,3328.8356890908385,0.7640773960349893,2534908.452342472,1.3510266660891985,Walking_Ahmed_2_20sek_20260202_102356.parquet,0,Walking,13.218223,15.218212,Non-Fall
0.9783903424038762,-0.05159213898354287,0.022323002794678554,1.3017536416689177,-0.06075945176997242,0.1756327335706035,120.91754080889169,-0.04118835631769057,0.4451195543254481,-0.5840368408712544,3306.6161967558287,0.7575711518914037,2244868.485705757,1.3230725360203992,Walking_Ahmed_2_20sek_20260202_102356.parquet,0,Walking,14.238959,16.21818,Non-Fall
0.8423358284983093,0.07176031837595373,0.019991561948297404,1.188962142273449,-0.0100509332342902,0.3366205884652575,94.80744162797711,-0.12979569513202208,0.2256118540524836,-0.7341641274599107,3329.5196260938937,0.7692379953137305,3300573.4649199797,1.3119476121984412,Walking_Ahmed_2_20sek_20260202_102356.parquet,0,Walking,15.238196,17.218173,Non-Fall
-0.6735738847397748,-0.25460338216324235,6.471472362209674e-05,-0.6870259612644776,-0.3431653502874908,-0.49618016381069613,94.88568061097554,-0.12951307106656626,-1.8972374778603316,1.0425785222446815,3215.632889623689,0.627892796088525,132629.0192852531,0.7878665458330556,Walking_Ahmed_3_20sek_20260202_102449.parquet,0,Walking,0.202986,2.176988,Non-Fall
0.7371451555041489,0.14631126650239878,0.019004003863687845,1.139208855223273,0.08479148161043197,0.5451631380189819,140.78002343471982,0.01994226618579216,0.4651203271476226,-0.8100270244089958,3328.147462841451,0.7455209359347131,3313664.3153989236,1.0189302823687465,Walking_Ahmed_3_20sek_20260202_102449.parquet,0,Walking,2.88758,4.801567,Non-Fall
0.7371451555041489,0.13726054457385892,0.027601225341969956,1.5370814754930033,0.698166437254841,0.5460514832330616,276.65281968907874,0.3554059196376191,-0.14404904432052873,-1.115519999023541,3361.181926037907,0.8058488573947812,3308468.227090713,1.3737568971410044,Walking_Ahmed_3_20sek_20260202_102449.parquet,0,Walking,3.816984,5.801674,Non-Fall
0.8848121697306417,0.21939205361588038,0.028288405359129295,1.5659979289770223,0.698166437254841,0.8241728160848546,276.1623891858779,0.3543681540835036,-0.037909670337202425,-0.9937140701215021,3339.836467258149,0.7931573165331873,7158900.24473586,1.3373734442039968,Walking_Ahmed_3_20sek_20260202_102449.parquet,0,Walking,4.81702,6.801133,Non-Fall
0.8848121697306417,0.34001729150822546,0.025333236288766853,1.4389963063634865,0.6394426037627017,0.9734270452602345,269.8799228047316,0.34099185602679327,0.19504539330170104,-0.8886623291996991,3411.6175859410832,0.7852796486272212,8210455.54271418,1.2181574605348746,Walking_Ahmed_3_20sek_20260202_102449.parquet,0,Walking,5.816997,7.801624,Non-Fall
0.8522909235197416,0.00582801653304656,0.027141413328509924,1.5175311857511462,0.28583933693913927,0.4694996193684933,149.2660976211416,0.04473540455360741,0.12476042672102852,-1.0541030585396995,3332.999956261967,0.8140736778077082,3865295.4484145893,1.256375538723107,Walking_Ahmed_3_20sek_20260202_102449.parquet,0,Walking,12.90311,14.877031,Non-Fall
1.2163031432054596,0.24629217892472846,0.030786727587778322,1.6682742677071063,1.5849144711139302,1.5017155710692454,1445.2386572664373,1.8599458070272377,0.23021682982462832,-0.6829210075373283,3330.4188527497104,0.8025662204842465,6232151.8833485115,0.9958331966833608,Walking_Ahmed_3_20sek_20260202_102449.parquet,0,Walking,13.902082,15.877031,Non-Fall
1.2163031432054596,-0.032156744797406406,0.01785536541948631,1.079684588546727,1.9227053260013098,3.142304981777415,1451.2800535408119,1.8655306519242254,0.5515694359326756,0.6770918148342968,3306.591026909844,0.6955871470517241,46986250.224157855,0.9188545281231029,Walking_Ahmed_3_20sek_20260202_102449.parquet,0,Walking,14.901623,16.901399,Non-Fall
0.8544844771891661,0.11257958709649776,0.013541031815679883,0.8368904712085219,1.9227053260013098,2.268427572368291,1664.841785359496,2.0559817051859945,0.3577701841931665,-0.07856165574549216,3338.927551800297,0.7045326172534447,16564140.5762662,0.8516446095739415,Walking_Ahmed_3_20sek_20260202_102449.parquet,0,Walking,15.901143,17.903364,Non-Fall
0.9439675282465126,-0.04293234371011404,0.028273422550465235,1.5653712235767925,0.4786266581225457,0.6462195214278306,198.71525626525815,0.17695543948472556,-0.06161363600970597,-0.9904554004602097,3346.6727772440518,0.8212171316049317,3676963.7111747046,1.2494162889434994,Walking_Ahmed_3_20sek_20260202_102449.parquet,0,Walking,16.91704,18.903163,Non-Fall
1.0358648849201793,0.13439549498369563,0.035680493928719595,1.8572326962163839,0.41850302999996675,0.5768072795644591,143.36023460349915,0.02755788271985502,-0.126805714646546,-1.106034218859357,3325.5259466581274,0.81484199610759,3809361.2079158174,1.166909638963115,Walking_Ahmed_3_20sek_20260202_102449.parquet,0,Walking,17.917031,19.901277,Non-Fall
0.8965776225191665,-0.31856454180915017,0.019035788802596994,1.1408300465294754,1.8974851478253334,2.317096235448721,1862.355788727235,2.2215072981672295,0.502705376429983,-0.09591321778740496,3169.8216143908235,0.749435907152315,13612133.320932012,1.0313787439125277,Walking_Chrysi_1_20sek_20260202_103211.parquet,0,Walking,0.706399,2.677509,Non-Fall
0.8965776225191665,-0.5995333732016299,0.016592924681390224,1.0120090019162198,2.4769688137786607,3.014133809659241,2745.3253482525233,2.8716935717525987,0.6142756355668539,0.1480378949011486,3209.935623108569,0.730375998947692,58014875.36726492,1.0431340665148847,Walking_Chrysi_1_20sek_20260202_103211.parquet,0,Walking,1.702253,3.677517,Non-Fall
0.2859131471325711,-0.5732171439119965,0.016050925406551685,0.9821658353538215,2.4769688137786607,1.687214571544863,2573.7702868200604,2.7546485746424056,0.04206836144471501,-0.9294063597843777,3160.175360424365,0.7304236611019463,6448468.573604684,0.8866547049585751,Walking_Chrysi_1_20sek_20260202_103211.parquet,0,Walking,2.703779,4.677517,Non-Fall
0.5088179819906459,-0.25250282348636455,0.02177036049017713,1.275571934589488,0.026237382398403532,0.24262339691475368,130.74094986012088,-0.010374154318560482,-0.4056723681166354,-0.9215760803936948,3168.9082479335616,0.7820575101241134,2296267.5416504755,1.1887881196571106,Walking_Chrysi_1_20sek_20260202_103211.parquet,0,Walking,3.702282,5.677521,Non-Fall
0.5088179819906459,-0.782277259264881,0.018347896203795733,1.1054360272065606,0.026237382398403532,0.29214711122209885,124.83165362433543,-0.028765748172871725,-0.17940885469825982,-0.7076099267763646,3217.939732225348,0.7790261347658927,2969096.8487845766,1.4684581240079875,Walking_Chrysi_1_20sek_20260202_103211.parquet,0,Walking,4.703794,6.677577,Non-Fall
0.7344554362718428,-0.7540102721692729,0.02037840224657874,1.2081152578799577,0.09485648744828203,0.27658809215522906,129.87477955805582,-0.013043564439852141,-0.3059089752879943,-0.4795685641860234,3180.973491750816,0.7146681455968985,3407019.855307588,1.2372989712807785,Walking_Chrysi_1_20sek_20260202_103211.parquet,0,Walking,5.703759,7.677514,Non-Fall
0.7344554362718428,-0.32900014247224446,0.014854730342653881,0.9144646437489184,2.5738016838782016,2.727387785178074,4067.7956384588733,3.6726326779579925,-0.39201198502832374,0.40405694019084215,3204.212643813166,0.7912885484212072,21947651.690813415,1.2185736728773242,Walking_Chrysi_1_20sek_20260202_103211.parquet,0,Walking,6.702251,8.677521,Non-Fall
0.888300834868796,-0.5900708697438866,0.014857086906835588,0.9146006461522368,2.5738016838782016,3.1751224467897092,3133.0999166458073,3.1234596196610127,0.815008530360293,0.9711134635701336,3173.6874693306613,0.7233934822991266,41491177.26363655,1.1382986692477817,Walking_Chrysi_1_20sek_20260202_103211.parquet,0,Walking,7.702372,9.677514,Non-Fall
0.7447587459731432,-0.32228110953305705,0.018488205250017282,1.1127084906627074,0.5514448428497968,0.4073666700882706,284.1426976422993,0.37114190287669935,0.11879196631783782,-0.8517777026957867,3225.61971105747,0.7838734976334263,2904244.8635599185,1.2766255389217946,Walking_Chrysi_2_20sek_20260202_103257.parquet,0,Walking,2.183326,4.159015,Non-Fall
1.4260262867962,-0.48821827605307977,0.02731803296634416,1.5250601436380935,0.3118924619672525,0.5190188997963818,251.98140707252693,0.3020052820867927,0.23507232124693012,-0.31788786382555406,3252.106370702128,0.8206344296265285,4484294.284078475,1.5614209436936868,Walking_Chrysi_2_20sek_20260202_103257.parquet,0,Walking,3.185311,5.15901,Non-Fall
1.4793057433464303,-0.056966276157798576,0.03601046580164741,1.8694923383344069,0.9021391173989368,0.7639041079054489,405.6612202161876,0.6022398302351506,0.5285929490905471,-0.34768750937233867,3240.0006775478123,0.7550984630749866,4435017.2585699465,1.2848579702415917,Walking_Chrysi_2_20sek_20260202_103257.parquet,0,Walking,4.183827,6.159023,Non-Fall
1.4793057433464303,-0.4207228237074496,0.03034201323833127,1.6503808537639457,2.5153059091525414,2.614615205665783,3504.5460870822744,3.350378572654587,0.7058482903764628,0.30036936660647473,3289.330374729659,0.9363904640657988,15938807.25615728,1.1078431632045973,Walking_Chrysi_2_20sek_20260202_103257.parquet,0,Walking,5.185699,7.159052,Non-Fall
1.352062055944624,-0.8301446476710626,0.018520313080657838,1.1143688117091963,2.5153059091525414,2.831668712873606,3381.586799438794,3.2766556276687853,0.06118530027963792,1.2779866369628075,3119.9639179628907,0.6902515458253586,48020986.311833195,1.0501978941168466,Walking_Chrysi_2_20sek_20260202_103257.parquet,0,Walking,6.183207,8.159035,Non-Fall
0.870543912221967,-0.38903923109007654,0.019747807489042868,1.1767981525693025,1.2015520473699512,1.0293700006717084,666.863137078197,1.0020726156618274,0.22704703460718081,-0.6601252750365584,3261.9830420793787,0.7719046448245,4884978.028046303,1.2024573127181593,Walking_Chrysi_2_20sek_20260202_103257.parquet,0,Walking,7.183876,9.159049,Non-Fall
1.1916941309687046,0.0033994502475587158,0.02476592905787402,1.4137822944963983,1.9771769497910423,1.6572905654290113,2075.4176500341746,2.3904934764151125,0.17338169674819937,-0.5851004230454993,3265.440951788967,0.7873628270714469,6463034.961608843,1.1212557729404213,Walking_Chrysi_3_20sek_20260202_103326.parquet,0,Walking,0.425964,2.401302,Non-Fall
1.482456296700551,-0.6589037741832549,0.023556469252813912,1.3590450245442534,2.303370028717156,3.2769047457120895,2958.3646638824926,3.0120619565949998,0.9987189862183328,0.41799330594642686,3189.0747624003475,0.715648396472436,61848352.6832958,1.0139801416258154,Walking_Chrysi_3_20sek_20260202_103326.parquet,0,Walking,1.427411,3.401269,Non-Fall
1.482456296700551,-0.7731311283490988,0.01960948265923313,1.1698619760238613,2.303370028717156,2.2788538783209504,2794.477511525215,2.90454932900536,0.6312250568413139,0.22490424619108834,3212.9939203398794,0.7836039048627351,11368486.971464355,0.9368512180744039,Walking_Chrysi_3_20sek_20260202_103326.parquet,0,Walking,2.426751,4.401256,Non-Fall
0.5558719812111399,-0.3061007539136576,0.02242008696642778,1.3063194493838857,0.3193811568497533,0.4549209701537043,207.9237867423327,0.19967633073133284,-0.37909634668648234,-0.8728717378717247,3255.756358094536,0.7781012014122063,4065151.551467246,1.553550090707691,Walking_Chrysi_3_20sek_20260202_103326.parquet,0,Walking,3.425909,5.401312,Non-Fall
1.443617730879334,0.3873342903582905,0.024506989705126787,1.402177770510574,0.1628167304467218,0.34191954083189924,204.83287992051018,0.19210706704135005,0.18983590203744985,-0.573018997217525,3334.2343604035163,0.8238160394943367,3897300.044504636,1.599055175583855,Walking_Chrysi_3_20sek_20260202_103326.parquet,0,Walking,4.427399,6.401296,Non-Fall
1.443617730879334,0.026864647175760016,0.022876784467420874,1.3276662094147893,0.7960753531195479,0.7547946383998673,461.3423324177783,0.6963709973254414,0.7040758230950153,-0.5366517603578251,3297.2025275935816,0.7529696093854849,4027739.8001332995,1.300999606588753,Walking_Chrysi_3_20sek_20260202_103326.parquet,0,Walking,5.425829,7.401296,Non-Fall
0.5957585725629136,-0.18750075353445544,0.018274042058636884,1.101596865977125,2.7136115228785993,3.192634777175487,3552.245821436011,3.378629096880025,-0.003472774969153676,-0.9007196537527015,3275.6040446744832,0.7703669239459049,31012227.106817074,1.2186137431757182,Walking_Chrysi_3_20sek_20260202_103326.parquet,0,Walking,6.425842,8.401269,Non-Fall
2.479207837711213,-0.1340894387361935,0.02439964602864928,1.3973491313696964,2.7136115228785993,3.1563520463616275,3591.2729084861803,3.4016023971735527,1.9357577720578092,2.620170238715018,3246.896381026032,0.6747542220312542,39817035.62435276,1.0366913569714808,Walking_Chrysi_3_20sek_20260202_103326.parquet,0,Walking,7.426318,9.401287,Non-Fall
2.479207837711213,-0.4468151799822168,0.025596455715205274,1.4505991858482947,0.819246928775915,0.8600100647431232,398.08962224665026,0.588952327432642,2.0317021596670966,2.4177389019605675,3347.8645813644334,0.887243349249649,4982329.383389937,1.3991734480709987,Walking_Chrysi_3_20sek_20260202_103326.parquet,0,Walking,8.427542,10.401316,Non-Fall
0.8785561405852063,0.0806998819700179,0.023079741685824908,1.3370843220958064,0.5246667118591111,0.6868931293024064,251.58746443133276,0.3011318778115522,-0.1722848183471987,-0.871292252429163,3310.678893415171,0.7835376652884576,5308872.3119133245,1.4722837226903749,Walking_Chrysi_3_20sek_20260202_103326.parquet,0,Walking,9.427515,11.401287,Non-Fall
0.8785561405852063,0.41679470112480344,0.023808476368674523,1.3705641030211302,0.44393302170598503,0.7185243779202297,284.1284954548947,0.37111226212970483,-0.23572251835442992,-0.849911580349153,3321.868645090095,0.8008876679021579,4819107.138013872,1.3288405269852606,Walking_Chrysi_3_20sek_20260202_103326.parquet,0,Walking,10.426533,12.401262,Non-Fall
1.4203279246432647,-0.3120889064556314,0.02543653587554207,1.4435569708053506,1.8948683304143685,1.2994756226515702,1405.7664328266064,1.8231655518664067,0.6113627017134139,-0.006935313762447302,3287.3725597996217,0.7965224087203586,6512975.863885014,1.3773838313197109,Walking_Chrysi_3_20sek_20260202_103326.parquet,0,Walking,11.426823,13.401262,Non-Fall
1.4203279246432647,-0.5198975000988225,0.02061025845777574,1.2195077969192525,2.298626056101459,3.197406291874319,2876.4918908758964,2.9587349970071726,1.1083366012746911,1.0772922480359612,3201.77372984368,0.7029854767724605,56791875.58697629,1.0560626042630141,Walking_Chrysi_3_20sek_20260202_103326.parquet,0,Walking,12.427452,14.401325,Non-Fall
1.026657014228025,-0.5605775203738498,0.017110948660316806,1.0400797960751842,2.298626056101459,2.4271752627997585,3270.4306392426365,3.2088471909063934,-0.12288678317015156,-0.26818687114313083,3189.514947106951,0.7476914879864228,13940293.095947128,0.9979013269766196,Walking_Chrysi_3_20sek_20260202_103326.parquet,0,Walking,13.42618,15.40128,Non-Fall
0.8270753991267046,-0.4358528645141063,0.028297904356024698,1.5663951698968865,0.4962711180528645,0.5183388653131016,304.42630966539485,0.41274472861469563,-0.34476379927368683,-0.8075499973499278,3214.5165097721165,0.850345596211597,5358650.2520943135,1.5271539342690041,Walking_Chrysi_3_20sek_20260202_103326.parquet,0,Walking,14.425883,16.401287,Non-Fall
0.8270753991267046,-0.32227930904563695,0.023453091209897036,1.3543018687349921,0.4962711180528645,0.5624206199231288,307.7481696359722,0.4194244298086423,0.02052934882207545,-0.4515984237430685,3245.965834838358,0.7829902084532034,3874422.6401799596,1.3270704645731295,Walking_Chrysi_3_20sek_20260202_103326.parquet,0,Walking,15.42633,17.401312,Non-Fall
1.0680460681798079,-0.21090454815912626,0.02635554923502443,1.4837304217114131,0.4368037489278926,0.6609974073985911,275.0800552860097,0.35207463756992075,-0.0633208484335428,-0.43717216277456417,3236.072155620775,0.8244150339318762,5301643.322047551,1.2477135411535907,Walking_Chrysi_3_20sek_20260202_103326.parquet,0,Walking,16.425976,18.401321,Non-Fall
0.20038915353946035,0.29661135410484385,0.007504835884531193,0.4185576704147917,1.043566507553986,0.4386230984236781,465.1622743217125,0.7026147489005243,0.31984125173589467,-0.974511709501728,3305.3436130784617,0.6811874311953732,2346897.503078197,1.3480574184375482,Walking_Edith_1_35sek_20260202_105555.parquet,0,Walking,0.703201,2.676776,Non-Fall
0.3995519284754861,0.2392281815940795,0.012496667648780522,0.7724928294416128,1.043566507553986,0.6986100801933005,367.38557599491423,0.5337281608637119,0.24108426176007164,-1.08013213568787,3434.523121576109,0.7123213194695012,7272040.319055815,1.7748346510893072,Walking_Edith_1_35sek_20260202_105555.parquet,0,Walking,1.701648,3.67672,Non-Fall
1.7311023151155962,1.0082496211853387,0.02477760703611631,1.4143042170717328,0.8336641407800922,0.48487277530745787,388.7862085291206,0.5724513927111977,1.1447793272136777,-0.18631577555422557,3490.907622575613,0.7854811706445641,6152226.3578458065,1.8632813914258641,Walking_Edith_1_35sek_20260202_105555.parquet,0,Walking,2.702995,4.676731,Non-Fall
1.8009723932121229,0.407281322628645,0.02567394619165613,1.454003636254174,1.189576724212255,0.8877516134051273,557.5683749714799,0.8465198769520124,1.2457532487053753,0.623794126575435,3458.8161113107203,0.8608215243699272,4444080.313676264,1.1788733297704,Walking_Edith_1_35sek_20260202_105555.parquet,0,Walking,8.301206,10.30223,Non-Fall
1.8009723932121229,0.4884908109249039,0.02526179811682323,1.4358368787402482,1.189576724212255,1.201570867123194,351.264813893695,0.5038078718597215,1.1788703306587625,0.6652433214992531,3331.6201656747867,0.718806720635944,11657483.803567072,1.2777477184028891,Walking_Edith_1_35sek_20260202_105555.parquet,0,Walking,9.316763,11.301462,Non-Fall
0.7419235664977741,0.5456190397447271,0.017403064377602483,1.055721822025445,0.3936194219319794,0.534940878717711,220.82595968810605,0.2306806230989497,0.09508332145736854,-0.853335919124346,3446.5590033114513,0.7157100837478498,3282255.4945479226,1.3053753807348334,Walking_Edith_1_35sek_20260202_105555.parquet,0,Walking,10.31801,12.302898,Non-Fall
0.7777758676282216,0.9199553455411087,0.02482639828061503,1.416483509416115,0.41422098036564464,0.45587103021783715,276.69973999407966,0.3555051561724868,-0.033000056467399314,-1.023159262122277,3455.048386224748,0.7951292971200835,5486604.151556294,1.5613061810137268,Walking_Edith_1_35sek_20260202_105555.parquet,0,Walking,11.316789,13.302886,Non-Fall
0.7777758676282216,0.687915373135541,0.023905096441038665,1.3749643649589303,3.2689247004246442,2.101287851684296,1942.3129618505432,2.2860035848751443,0.1775385434361522,-0.9707494982874921,3449.0419119994845,0.7672734584129226,13664233.8879776,1.3151908155138345,Walking_Edith_1_35sek_20260202_105555.parquet,0,Walking,12.316772,14.303166,Non-Fall
4.795005529691399,1.3627177298833926,0.14100567668137867,4.48261228062175,1.835333736607094,1.9678210749372356,1081.9948897311049,1.499518655561095,0.9323229573581303,0.38608195269098194,3725.1588351222,1.032239430934033,14919705.171298133,1.3587033594777163,Walking_Edith_1_35sek_20260202_105555.parquet,0,Walking,15.316708,17.301242,Non-Fall
1.685407036060864,0.8247528696803103,0.03665806853653122,1.8933908966569428,2.7212443433969753,1.6000042498859002,1715.1040875900082,2.098995844400811,0.38502504542410076,-0.347514712835586,3508.442871498274,0.8647351376698708,6914518.639089288,1.096636540349106,Walking_Edith_1_35sek_20260202_105555.parquet,0,Walking,20.601421,22.57672,Non-Fall
1.3307037791455318,0.0009153972579597363,0.037326984915061374,1.917855387939628,0.6463788305597179,0.672487138719972,334.75411550121834,0.4724432127176535,0.26130253927175723,-0.8583332296138994,3473.8948301656724,0.8462550925340205,4864614.225386384,1.6412316961888285,Walking_Edith_1_35sek_20260202_105555.parquet,0,Walking,21.603743,23.576729,Non-Fall
0.8744786396447249,0.8623020568231267,0.03209334946377866,1.7201123294434664,0.6463788305597179,0.6179995950209914,391.1306698075948,0.5766280719270434,0.2546382539890962,-1.2284244335778893,3512.29258707855,0.7886261488220514,6559476.429994075,1.5765591818965403,Walking_Edith_1_35sek_20260202_105555.parquet,0,Walking,22.602248,24.576757,Non-Fall
1.3406535799457513,1.1703381386145888,0.034855936031603696,1.8263472589408887,0.6141701344780617,0.4758549286938585,233.50324670097783,0.2602740323709914,0.13544135640067506,-1.0695531991488951,3489.434017652247,0.8433233494296661,3611029.473678615,1.3360754872506078,Walking_Edith_1_35sek_20260202_105555.parquet,0,Walking,23.603011,25.576716,Non-Fall
1.3406535799457513,0.49013556224408694,0.027773773629225465,1.5443758193474062,0.7162642144821914,0.9437577471104356,295.2446557564067,0.39409000318893667,0.7060172515117638,-0.5057549345607484,3513.8208852469775,0.8006100309157995,6236421.3387378305,1.1856305253512558,Walking_Edith_1_35sek_20260202_105555.parquet,0,Walking,24.603131,26.576753,Non-Fall
1.8899373468880158,0.6987991750424831,0.02499314514172437,1.4239152462390112,2.855565386017126,3.001694735832338,3265.0421291459415,3.2055309814067714,1.156865620370704,0.40424175299246656,3494.9265053344843,0.8012687795195969,18316870.303106304,0.9664399983541389,Walking_Edith_1_35sek_20260202_105555.parquet,0,Walking,25.603143,27.576748,Non-Fall
1.8899373468880158,0.8954560116425384,0.023868450684375497,1.3732964961036809,2.855565386017126,3.5122764349313234,2703.230160685547,2.8433204758861232,1.1339539321844638,0.37297268252016685,3458.3785179936326,0.7439799678714429,55470857.829948224,1.027129388852539,Walking_Edith_1_35sek_20260202_105555.parquet,0,Walking,26.601455,28.576738,Non-Fall
1.3588967471391662,0.4102870104161682,0.020085881634120686,1.1936490300861649,1.12375469996992,1.8495851451002057,695.64217398121,1.0408646989809784,0.9448412461533626,-0.16727563712492796,3398.7837605180134,0.7291266489995243,11458024.109418381,1.1154693371073072,Walking_Edith_1_35sek_20260202_105555.parquet,0,Walking,27.602966,29.576776,Non-Fall
0.6756936111894227,0.5167735719938739,0.012147626095368203,0.7503740197113803,1.5561399169188703,2.318843074852641,1283.5895047199951,1.705922014687167,0.6322078553446517,-0.6346877559216454,3377.6505737114694,0.6701999914789492,26751512.557181753,1.2125777674964622,Walking_Edith_2_35sek_20260202_105841.parquet,0,Walking,0.202755,2.204092,Non-Fall
0.6756936111894227,0.5548002898760147,0.013453444467072617,0.8315872906239186,2.025343763886761,2.584582517661703,1433.8763339755685,1.849410426948507,0.7037708572986219,-0.5718142443404425,3434.249578607118,0.721886908856942,32892988.995066717,1.109677208168619,Walking_Edith_2_35sek_20260202_105841.parquet,0,Walking,1.202774,3.202772,Non-Fall
0.6428001278634754,0.9378293674450772,0.015349564018168284,0.9427897397348437,2.025343763886761,1.7339699170456004,1269.1899473782219,1.6917426769498078,0.19815684937417963,-0.9616065633535666,3480.877739262173,0.7182917802439497,8447843.023983426,0.9246116562812037,Walking_Edith_2_35sek_20260202_105841.parquet,0,Walking,2.218126,4.204475,Non-Fall
0.5526245346126532,0.37881623583683316,0.015946331165782198,0.9763490384860174,1.0726177528535914,0.9271327136543228,467.9806165168572,0.7072049516420704,0.3452334133300444,-1.0041003155999089,3445.1815535232927,0.715058437013625,6022044.7237780765,1.3038162110794995,Walking_Edith_2_35sek_20260202_105841.parquet,0,Walking,3.21811,5.204394,Non-Fall
0.5475173058903332,0.7937671645725074,0.01778047298493566,1.075737956703583,0.4138339268547338,0.4879203965357857,347.8397253246231,0.49736300760692914,0.005543127551482614,-1.148967372146379,3475.83425169861,0.7474983681003445,3673622.369443396,1.66181826530403,Walking_Edith_2_35sek_20260202_105841.parquet,0,Walking,4.218083,6.206127,Non-Fall
0.9789622729661687,0.9216501362997481,0.01790855723590067,1.082482630908835,0.6447844359084443,0.48098954234899743,441.33896013001277,0.6632445863289862,0.5166551838601877,-0.8093071798006353,3449.4553858827653,0.7673098624354293,3198074.557146589,1.8599091848872882,Walking_Edith_2_35sek_20260202_105841.parquet,0,Walking,5.218081,7.202768,Non-Fall
1.1916941309687046,0.7680954109996229,0.017014917079424565,1.0349084382752505,0.6447844359084443,0.5030175376412108,346.02266766935077,0.4939310324844399,1.2108514804923605,-0.029969135653309505,3453.7451480584336,0.6977415250172118,5678260.794959153,1.6777320786059935,Walking_Edith_2_35sek_20260202_105841.parquet,0,Walking,6.218063,8.202585,Non-Fall
1.1916941309687046,0.792089328028321,0.01794873737324591,1.0845934676414974,1.466405343351026,1.3761236148404044,923.3544915225871,1.3231298459513705,1.2489030432939572,-0.0021139669296455364,3508.0219757218465,0.7710208177187058,9025241.197340172,1.2521414672416606,Walking_Edith_2_35sek_20260202_105841.parquet,0,Walking,7.218122,9.204189,Non-Fall
1.0266570142280258,0.425665416028742,0.01442454489899005,0.8894543272677102,2.5945879424882765,3.5307916684788947,1932.9378909681548,2.2785109133571533,1.6300483242423418,0.32859975625240506,3475.7906205370236,0.7553112920285161,34584730.14682712,0.9514820880508045,Walking_Edith_2_35sek_20260202_105841.parquet,0,Walking,8.218878,10.202774,Non-Fall
0.9755298176140496,0.6454089647081501,0.011968088060182005,0.7388728680321366,2.5945879424882765,2.5993218520057595,3299.2366961717607,3.2265289266121773,1.4940150799228378,0.4380360165357236,3415.846190028305,0.6673245489847454,30441311.79180769,1.1859996958763601,Walking_Edith_2_35sek_20260202_105841.parquet,0,Walking,9.218063,11.204302,Non-Fall
0.9755298176140496,0.5313251982042748,0.01132666857427541,0.6970622922079477,0.5661918417059976,0.40740536509652114,336.3659384060686,0.47553870163827433,1.420764267946807,0.40540348977983753,3362.851981750905,0.7094583155787925,2753950.1530506616,1.5475504235299038,Walking_Edith_2_35sek_20260202_105841.parquet,0,Walking,10.218122,12.202715,Non-Fall
1.6150192147144002,1.0030230688656046,0.022747458918771328,1.3216431264442707,0.7541926750988663,0.6473576226494099,363.36648072262665,0.5263311433648262,1.4592399440713535,0.3241142315501953,3519.7109163618693,0.7986595049727842,4299630.2865280425,1.2638912453235827,Walking_Edith_2_35sek_20260202_105841.parquet,0,Walking,11.218122,13.20421,Non-Fall
1.6150192147144002,1.129944679451263,0.037092311183339326,1.9092977450765378,0.7541926750988663,0.6024478236388877,316.6285118121182,0.43710633554202677,0.7072301137423959,-0.6693893603085245,3576.6983279369206,0.8094917836363313,5185951.222488843,1.782569494132526,Walking_Edith_2_35sek_20260202_105841.parquet,0,Walking,12.218081,14.203392,Non-Fall
1.5349895531570132,0.6481552059882087,0.03884646648087002,1.9726259428377189,0.553645851961129,0.3727724824997686,284.08208522499336,0.37101539625873187,0.6542877571597341,-0.7226945654883414,3569.482278000746,0.855231217137295,4494854.719699201,1.727264803503658,Walking_Edith_2_35sek_20260202_105841.parquet,0,Walking,13.218126,15.202524,Non-Fall
1.5349895531570132,0.6738834625610001,0.025142893852112897,1.4305682915821016,1.8161914860997568,1.5635588767585809,1493.4696115303182,1.9042121829066687,0.9193846588879897,-0.034145990338790275,3490.8073768787976,0.7887546354273822,7189774.680360202,1.1078863042871663,Walking_Edith_2_35sek_20260202_105841.parquet,0,Walking,14.218058,16.204225,Non-Fall
0.7196379036202198,0.3353821941125388,0.011359343968691123,0.6992204032408392,1.8161914860997568,2.2574184118074934,1231.2058862173214,1.6539488153642488,1.1725265583973228,-0.046673102767261596,3329.020959295521,0.6781590649478502,21097874.660685476,1.146631992115842,Walking_Edith_2_35sek_20260202_105841.parquet,0,Walking,15.218138,17.203001,Non-Fall
0.7187385573068888,0.4111822712772114,0.019278776842229985,1.1531791959426803,2.248189940984387,2.170467030710076,1504.387231760017,1.9141327154038505,0.4011286798284234,-0.821334461154745,3435.2779663745596,0.7413869641414953,33246204.64420693,1.2080234680120963,Walking_Edith_2_35sek_20260202_105841.parquet,0,Walking,16.218114,18.203003,Non-Fall
1.266030399035079,1.1760592876145783,0.030081310009032868,1.6398302567469778,2.248189940984387,1.581460099624979,1613.604633306674,2.0114595761877005,0.1526976960160412,-0.9820969890632579,3470.5243579863627,0.7897504765992036,5624521.277614775,1.0448938023179568,Walking_Edith_2_35sek_20260202_105841.parquet,0,Walking,17.218107,19.202544,Non-Fall
1.3508551260904567,0.9894280251450415,0.03481879834568324,1.8249476422552031,1.0700415150807316,0.7942523108666518,470.9847500727833,0.7120825578085325,0.6611740161968882,-0.7289528522607599,3605.0700235563418,0.8328627034947153,7052028.078146269,1.468824591057318,Walking_Edith_2_35sek_20260202_105841.parquet,0,Walking,18.218122,20.20271,Non-Fall
1.3508551260904567,0.16358692211755732,0.03361819756820066,1.7792912302595114,1.0700415150807316,0.8651405468429084,546.866406967734,0.8304981091305986,0.8494168731434089,-0.6371586901321182,3492.240656016137,0.8301040859991236,5334930.08708047,1.3824329209310782,Walking_Edith_2_35sek_20260202_105841.parquet,0,Walking,19.218122,21.202917,Non-Fall
0.881466801491825,0.8693893891488369,0.028057480009868893,1.5563202026867198,2.305341742153052,1.6762444786531687,1783.1574671197054,2.1562432528838493,0.34446740445215374,-0.9526779390868156,3498.43051578921,0.811182358861563,7557172.90347251,1.222377765231802,Walking_Edith_2_35sek_20260202_105841.parquet,0,Walking,20.218113,22.202635,Non-Fall
1.0181441681405528,0.9391581897472988,0.017029823457304485,1.0357121106501628,2.305341742153052,2.9785644333914383,1843.5613946949827,2.2061472140166463,1.233202915890922,-0.2319077090180479,3429.4628625456553,0.7218162138261421,36981029.02838918,1.1827345044330473,Walking_Edith_2_35sek_20260202_105841.parquet,0,Walking,21.218102,23.203745,Non-Fall
1.0181441681405528,0.27869838659733265,0.007317730115248233,0.4032691291106564,1.8533776119678822,2.720938791416692,1884.4495366848062,2.2394650698024243,2.026661089129931,1.8489689033857255,3379.4661420953585,0.6634448692230329,41003569.21506764,1.019738444377785,Walking_Edith_2_35sek_20260202_105841.parquet,0,Walking,22.220645,24.202611,Non-Fall
0.1423016922862805,0.5043478238027818,0.006666736832572133,0.34849150361642417,1.4814367650690907,1.1421509958914557,1500.4088244625125,1.91052183118173,0.4618531742269661,-0.6117287059148455,3394.1511994887005,0.6757750157715241,3474833.3455530964,0.9170445649241384,Walking_Edith_2_35sek_20260202_105841.parquet,0,Walking,23.218064,25.202477,Non-Fall
0.1423016922862805,0.22835695622889196,0.0076081341700320075,0.42691663829501486,1.4081039310131955,0.3998609264112639,362.52543970195774,0.5247780663368165,-0.05153169131667283,-0.7457918965010697,3344.3021977330654,0.667167531364739,2447826.223585835,1.4500757305722958,Walking_Edith_2_35sek_20260202_105841.parquet,0,Walking,24.218102,26.202368,Non-Fall
0.6632877455230057,0.6204793477389621,0.014391906824215287,0.8875416739033237,1.703894340829686,0.9746460390039973,657.0615709812648,0.9886703404842511,0.07844147806515055,-0.7317350557446689,3546.6080789510534,0.7318003633366332,11066927.859008273,1.875996230197536,Walking_Edith_2_35sek_20260202_105841.parquet,0,Walking,25.218097,27.204299,Non-Fall
1.0074851019330704,1.4612945986348265,0.02892515892766298,1.5924805232929033,1.703894340829686,1.1026601305746835,535.1317952304576,0.8127491223257404,-0.13549731920489655,-1.119607973032418,3602.6314305810683,0.8144626482094571,8016119.614850826,1.446378055277852,Walking_Edith_2_35sek_20260202_105841.parquet,0,Walking,26.218113,28.202408,Non-Fall
1.0074851019330704,1.5067624470066623,0.04168004138165436,2.071975155833764,0.8959701489786451,0.586699361705098,383.7068752407969,0.5633590984286323,-0.19852417690892069,-1.23147847381948,3516.503858143326,0.8310912527410209,5124622.504276069,1.457069333572863,Walking_Edith_2_35sek_20260202_105841.parquet,0,Walking,27.218075,29.202491,Non-Fall
0.860913865654816,0.9163470861223578,0.03920449074165968,1.9853743639223198,1.2629546360817023,0.9833912248489217,599.2942642958724,0.9075644536514867,-0.1608486137866672,-1.184528617262891,3505.0961949810107,0.8730684830874671,7990816.179156238,1.6684175714000131,Walking_Edith_2_35sek_20260202_105841.parquet,0,Walking,28.218119,30.202338,Non-Fall
0.7946528198532354,0.618495876854094,0.021999522863260835,1.2864684847446317,2.2465216192993234,2.98026843742015,1921.5291961133428,2.2693683917583702,-0.13441399681171712,-0.9498075704873853,3548.1149858721633,0.7542864283430765,25401528.588213313,1.142147604794195,Walking_Edith_2_35sek_20260202_105841.parquet,0,Walking,29.218097,31.204418,Non-Fall
2.6884903982307304,0.6319697646011654,0.05142886481469671,2.3902381232976895,0.8724256601085775,0.7338843965942424,626.7426021328113,0.9465679218335656,0.9009681793341657,-0.05126206472448025,3447.8797873080866,0.8194055957223765,3117991.3270126693,1.3704307398199391,Walking_Edith_2_35sek_20260202_105841.parquet,0,Walking,33.802623,35.778063,Non-Fall
3.0212685435368836,1.7031807585660426,0.08398542997909489,3.2768763532289285,3.0874655720200046,1.7189112725023519,2019.8780308405514,2.347313542117546,0.21617964734205833,-0.570585892467838,3830.274624696744,1.118895970659003,11613191.296185365,1.4305992992370287,Walking_Edith_2_35sek_20260202_105841.parquet,0,Walking,34.802741,36.778083,Non-Fall
1.1285295923682654,1.3461046359290665,0.022703364007212432,1.3195855803689986,3.1613015068512684,3.549837462043913,3715.716170362099,3.474034255939579,0.5622368023539235,-0.6960788867993966,3604.4197649354815,0.7393580747321937,21174818.860366836,0.7630604196027433,Walking_Edith_2_35sek_20260202_105841.parquet,0,Walking,36.802599,38.778122,Non-Fall
1.2705179951150831,1.2979824993691846,0.04427719718559519,2.16010809837325,1.7337386494551092,1.4580246001716382,920.3663819125727,1.3196675769574013,-0.22634055536485304,-0.7860684185994011,3615.813750592381,0.8506569501205726,14168023.877296785,1.550561815048158,Walking_Edith_2_35sek_20260202_105841.parquet,0,Walking,37.802822,39.778075,Non-Fall
0.877391447170102,0.7666312560379397,0.01783905882660824,1.0788259804749762,2.8075914862329636,2.693285919353335,2874.1525743840834,2.9572002299867104,0.3203276642022256,-0.7675817685302552,3462.81818212694,0.7246129629337695,17179175.08106553,0.8829977009019411,Walking_Edith_3_35sek_20260202_105944.parquet,0,Walking,0.2507,2.226336,Non-Fall
1.364787104369117,1.2837628729763657,0.03220579449016861,1.7245236613894168,0.584529324391132,0.7958768981114468,260.4547759376155,0.32062884581724205,0.15236403504713658,-0.7987116806059155,3584.1086226005245,0.7865250681285366,5678170.041786788,1.2845388748058455,Walking_Edith_3_35sek_20260202_105944.parquet,0,Walking,1.252482,3.251227,Non-Fall
1.364787104369117,1.5236537228760956,0.04010194337979432,2.017077059977974,0.970683693842086,0.7423113811285718,393.54693666838136,0.5809195955639934,0.2136100999124038,-1.0441749274573555,3570.661388019243,0.8622594601445982,4113366.9530944987,1.4985259347773774,Walking_Edith_3_35sek_20260202_105944.parquet,0,Walking,2.25108,4.250948,Non-Fall
1.7648152068264376,1.1476936006286147,0.035577783820985795,1.8534050873273553,0.970683693842086,1.1582299283914135,806.4459208085325,1.1832006069563017,0.7108083966086031,-0.836046814454559,3559.8261794410064,0.8130080232226253,7668774.034065535,1.7212230617073578,Walking_Edith_3_35sek_20260202_105944.parquet,0,Walking,3.266331,5.253698,Non-Fall
1.7648152068264376,0.4338219371383245,0.03612383430593254,1.8736914126175872,1.471050431315448,2.2344348577907764,1102.6158210522178,1.5214688215833776,0.8552757460665394,-0.3800174610030418,3444.926171521368,0.8365137854797,25692899.4714007,1.0944502922023793,Walking_Edith_3_35sek_20260202_105944.parquet,0,Walking,4.266301,6.251086,Non-Fall
1.6605863849196751,0.7058317978644729,0.026671333673964095,1.4973723737698268,2.4946967106942592,3.156964354456338,1748.4401181810767,2.1271777446618176,0.2686227546369037,-0.31094025123863617,3515.3082729548873,0.7517832807380517,45011256.35194444,1.1350965513612432,Walking_Edith_3_35sek_20260202_105944.parquet,0,Walking,5.266365,7.252781,Non-Fall
1.3262613663111527,1.4648728863795162,0.033840883248633324,1.7878203574479672,1.123557129910389,0.5893225700664768,435.42557920724283,0.6533086554173925,0.05573272193217857,-1.0735126706117237,3601.139041088128,0.8227350288019075,3386552.022502355,1.2068251215276737,Walking_Edith_3_35sek_20260202_105944.parquet,0,Walking,7.9509,9.926346,Non-Fall
1.3262613663111527,1.118096097865278,0.04098634973293264,2.0479736926870773,1.0945434436285104,0.9126065279498001,512.6832303375435,0.7782440518353952,0.2694654660691737,-1.1157922111556753,3554.200763932922,0.8437455288182246,5383175.164844285,1.3131004273275548,Walking_Edith_3_35sek_20260202_105944.parquet,0,Walking,8.952748,10.926356,Non-Fall
1.6940396114130778,0.9326036999083426,0.034334572104461565,1.8066297194441758,2.320165930125837,2.960330666542701,1711.7771468507842,2.0961683137885645,0.562978045394772,-0.6148427355151028,3550.7324096520906,0.8205891469539093,28354574.81157233,0.9602545978770265,Walking_Edith_3_35sek_20260202_105944.parquet,0,Walking,9.952789,11.926301,Non-Fall
1.6940396114130778,0.8728504426012255,0.03333544834295466,1.7684207884904386,2.320165930125837,2.7492604406240027,1989.3726365396674,2.3233439906906606,1.2689717509963385,-0.008719794923340072,3581.6223967463907,0.799584206010186,26571910.233446892,1.0150303813714074,Walking_Edith_3_35sek_20260202_105944.parquet,0,Walking,10.950858,12.926356,Non-Fall
1.5732580341029787,1.2346158408867913,0.03298154735981194,1.7547497089180015,0.6497808402497275,1.0577711486520167,256.2332743557689,0.31138892823512543,0.7375863025233912,-0.5112229154683504,3604.2959198775884,0.7902068131455694,8043618.288600843,1.1924994386088756,Walking_Edith_3_35sek_20260202_105944.parquet,0,Walking,11.950295,13.926313,Non-Fall
1.5047265566846368,1.0653314521916364,0.029633588298538602,1.6216038198923022,0.6792194421449597,0.7297967752496451,232.54273095928295,0.25806041751236364,0.31624800156902827,-0.7054022762221445,3572.5373575828744,0.8182977553410926,5207618.4407512825,1.2867893350393607,Walking_Edith_3_35sek_20260202_105944.parquet,0,Walking,12.951176,14.926368,Non-Fall
1.5047265566846368,0.4437593059696649,0.025280277918590544,1.4366545951155616,0.8304958836314125,0.8915556472637282,496.86420253240226,0.7534731692226158,0.8467118175209918,-0.286095681849143,3480.1995285092235,0.7432680984297737,7504927.30453176,1.4025996856817031,Walking_Edith_3_35sek_20260202_105944.parquet,0,Walking,13.951301,15.926346,Non-Fall
0.9577620038157681,0.9391805687064653,0.01869734576890588,1.1234975779211815,2.066097985346512,2.4786230589420186,2571.851493303443,2.7533177493523118,0.37996844010258435,-0.5938379951367475,3523.1377244205105,0.7794798689945895,12323850.59709006,1.2529860571125004,Walking_Edith_3_35sek_20260202_105944.parquet,0,Walking,14.95291,16.926318,Non-Fall
1.075782001506716,1.0997150187140716,0.017995714663557955,1.0870583945142844,2.066097985346512,3.4142271629677112,2101.386859624536,2.4104852111863004,0.8564998637849734,-0.14262971351625464,3420.74517523152,0.695538668447845,56351381.39564249,0.9024853460522723,Walking_Edith_3_35sek_20260202_105944.parquet,0,Walking,15.951613,17.926367,Non-Fall
1.1077401387344163,0.5784019724987126,0.03214278305860567,1.7220526096390227,1.9179641967202792,0.7393872118114496,914.0226062033486,1.3122984764916614,0.20128495278343833,-0.9928345365456326,3517.648395481226,0.8146004657834214,3366351.4310967657,1.6475030411792735,Walking_Edith_3_35sek_20260202_105944.parquet,0,Walking,18.891143,20.852774,Non-Fall
1.435159021467344,0.6852249478723509,0.027561295724561133,1.5353902362706562,0.9270116106665955,1.0686029727252921,868.4630956837728,1.2586060264576298,0.5419020707244113,-0.3512257622980709,3544.6162547957283,0.8684196989614266,6672736.790732903,1.3222668453041386,Walking_Edith_3_35sek_20260202_105944.parquet,0,Walking,22.35099,24.352379,Non-Fall
1.435159021467344,1.07648496111666,0.02000398383066015,1.1895800356236168,2.559564219072266,2.8014686197005254,1779.9486250112668,2.153568733553499,0.964092642830328,0.6045650117221806,3401.9498105020666,0.6910333133724829,26125805.894872088,1.289990085352916,Walking_Edith_3_35sek_20260202_105944.parquet,0,Walking,23.366322,25.350625,Non-Fall
0.7166394966223951,0.36093160964916615,0.006741531195614821,0.35491713981860185,2.559564219072266,2.633661317205842,1688.815284754747,2.0765778817671534,1.2711782930712743,1.1369158056706694,3427.3642988556244,0.6539822646636443,24222319.125386402,0.9567716153157866,Walking_Edith_3_35sek_20260202_105944.parquet,0,Walking,24.36634,26.351295,Non-Fall
1.0040699578471635,0.3973493776142815,0.016350377191917544,0.9987152343422235,2.8158214783590076,3.002240324179403,3964.518233541942,3.6152995439091495,1.2398811012920274,0.06493950582820046,3455.9624330448696,0.7420839980310567,22703336.498193294,1.1660454881003068,Walking_Edith_3_35sek_20260202_105944.parquet,0,Walking,29.550972,31.52636,Non-Fall
1.0443512457975614,0.9207294609396651,0.016231314342546474,0.9921534477684582,2.8158214783590076,3.9317919477425076,2941.086497549265,3.000870051029926,0.9120286563270715,-0.44925616639695554,3449.770963881378,0.7423834594891564,66951093.96454133,0.9554154869374212,Walking_Edith_3_35sek_20260202_105944.parquet,0,Walking,30.551126,32.52635,Non-Fall
1.0443512457975614,0.7596517878165902,0.01923829325202201,1.151127162776261,2.087026585752823,1.3643023627417812,1634.197170475998,2.0294370641882455,0.6579440939706971,-0.7238129300872885,3402.5091443901365,0.7250461221839773,6835015.25421588,1.4356092682704542,Walking_Edith_3_35sek_20260202_105944.parquet,0,Walking,31.55253,33.52635,Non-Fall
0.47658092410221553,0.5332325989312271,0.018030378529108958,1.0888751662949867,0.9334386032185769,0.501037349092614,369.9600123952688,0.5384450863092064,0.20772659681260244,-1.1216865047249205,3480.6581093116374,0.7286792651421317,2645525.658366575,1.4486723260767758,Walking_Edith_3_35sek_20260202_105944.parquet,0,Walking,32.552369,34.526348,Non-Fall
0.47658092410221553,0.8522972625834002,0.016347220745990158,0.9985415853178894,0.9334386032185769,0.9751157469811251,618.2072428764372,0.9345325321806772,-0.1930083923183526,-1.1196023030809623,3462.3274684698727,0.7313122902146528,6454323.185741515,1.6903932917329232,Walking_Edith_3_35sek_20260202_105944.parquet,0,Walking,33.551047,35.526365,Non-Fall
0.9679423846330532,0.5950153804710597,0.012849290583973116,0.7945270973042862,1.0437940554025487,1.9241486973561945,742.2038004900912,1.1019646182209597,0.22088746576699297,-0.21397777952393907,3397.963880526901,0.6855123051840799,19134264.619320035,0.9397208192994324,Walking_Edith_3_35sek_20260202_105944.parquet,0,Walking,34.552937,36.526313,Non-Fall
1.0930446611681195,0.5628928849285727,0.011213656004540808,0.6895740488509005,1.0437940554025487,2.1050820011228204,687.5871761903816,1.0300893363487484,1.6118712037638006,1.4683781595433023,3397.9541715569117,0.7348585710081269,13566022.05911452,1.0185087942152948,Walking_Edith_3_35sek_20260202_105944.parquet,0,Walking,35.551075,37.526306,Non-Fall
1.6094928669316173,-0.2929316124471183,0.027080333980505893,1.5149217919593125,0.6052319481504642,0.8407214335002204,358.92796353371773,0.5181144979658757,1.7581207865986306,0.6483020444398,3308.0485266360965,0.7852235983337776,5465422.196937919,1.272944093716324,Walking_Xiaoye_1_20sek_20260202_094820.parquet,0,Walking,1.602395,3.576621,Non-Fall
3.064373807854459,0.18519972600145818,0.03503936944117922,1.8332494460240198,1.4411403921998351,0.9655445876530219,586.2142996438001,0.8886639856883465,3.526795129626876,3.3595311067351457,3325.708083599581,0.7497616924214152,6443125.347858122,1.3050924772051193,Walking_Xiaoye_1_20sek_20260202_094820.parquet,0,Walking,16.701262,18.676626,Non-Fall
2.1944477422653668,0.06672686898122254,0.025265578211043947,1.4360041691978676,0.8951011079091447,1.4193432089791815,575.086323328476,0.8724174572953899,2.4401778481589034,1.8634295489438724,3443.915524631607,0.9075556975775029,10914624.116055824,1.1362399464486073,Walking_Xiaoye_1_20sek_20260202_094820.parquet,0,Walking,17.702873,19.676659,Non-Fall
1.8885835024512132,1.1752016751734116,0.03491437111212412,1.8285480067857542,0.7969428581984561,0.6333367330255645,232.85897107612382,0.2587897318125022,0.7147101372625442,-0.5898001962082643,3699.659543224953,0.8677361870666781,4268050.311992892,1.277220897393488,Walking_Xiaoye_1_2min_20260129_110230.parquet,0,Walking,5.268487,7.243667,Non-Fall
2.234429188979881,1.7144009925533545,0.03637912827457511,1.883123227516594,0.8664910919747162,0.7707813248380774,314.7172574050738,0.43332193508744676,1.3952979714920624,0.05410945500495942,3689.2064128049424,0.8168214729264014,4354721.452431704,1.4077023650755878,Walking_Xiaoye_1_2min_20260129_110230.parquet,0,Walking,6.267818,8.243655,Non-Fall
2.234429188979881,1.4289571843472904,0.02826731980666083,1.5651159085926882,2.043052819033391,2.1350394607216714,1267.67785363527,1.6902490520557056,1.7386839899990874,0.7850056741846307,3734.83012726636,0.8041965935051034,20653148.980316475,1.1894282084077081,Walking_Xiaoye_1_2min_20260129_110230.parquet,0,Walking,7.268161,9.243632,Non-Fall
2.0880246970164076,2.0202851402746904,0.045226681534784846,2.1916803030495773,1.5928331481499522,1.1295115339504966,591.2282739398269,0.8959338272524741,0.567999631909377,-0.5481887603628439,3705.0800580955492,0.8519028750567329,9066238.309563883,1.286903363169093,Walking_Xiaoye_1_2min_20260129_110230.parquet,0,Walking,12.171586,14.143626,Non-Fall
1.1203064820011388,0.981963045465185,0.009527453996835925,0.5730044739827302,2.4379029646834867,2.514941105686098,2010.7866320869362,2.340189042381612,1.8822485206707842,0.9458463947874821,3494.348046549318,0.6801138988781599,20377575.02427039,1.3862518615912187,Walking_Xiaoye_1_2min_20260129_110230.parquet,0,Walking,19.768616,21.74365,Non-Fall
2.227060088772469,1.2392101651532703,0.03546326395006549,1.849130853967518,0.4520430437834918,0.7672069099916922,287.0243532180657,0.3771408302761488,2.140093826492296,1.0467565248991368,3690.065635305813,0.8503917219751481,6239870.162422123,1.3420899903446428,Walking_Xiaoye_1_2min_20260129_110230.parquet,0,Walking,22.668275,24.643672,Non-Fall
0.5674535090495044,0.972563643028356,0.008271863003292449,0.47932399919434665,1.5471500470147275,2.399051858505822,1392.1278355820211,1.810337312022031,0.47335855018700423,0.029958816498711863,3546.414298713544,0.6911336923586975,26466936.250235844,0.8953113854493228,Walking_Xiaoye_1_2min_20260129_110230.parquet,0,Walking,33.369116,35.343629,Non-Fall
1.6035755545619954,1.2125532771111664,0.01904373404731535,1.1412350823653483,0.7168076981422902,0.7450257923322852,454.2753594889624,0.6847513940652478,1.7352522871416023,0.7383673948714429,3566.6909071906966,0.7820274556954449,3433742.0572492606,1.2865940544717025,Walking_Xiaoye_1_2min_20260129_110230.parquet,0,Walking,34.367889,36.343658,Non-Fall
1.6577799766769443,0.9897007800526022,0.03470975893810247,1.8208339298568859,1.2538581360857768,1.3666465307872644,838.5592381743514,1.2225949585421088,0.9015672167904712,-0.10584507658813333,3575.7716341022747,0.8361786148347757,6921306.479466011,1.2110156556215865,Walking_Xiaoye_1_2min_20260129_110230.parquet,0,Walking,44.170033,46.143635,Non-Fall
1.6577799766769443,1.248781963521314,0.029843009542598872,1.630146227039664,1.0018935403793496,0.9221356097822216,540.0282549889193,0.8201786034216805,0.684455857008011,-0.10541373462620716,3640.904153945088,0.8584804372677629,5586372.101115214,1.3567985379336993,Walking_Xiaoye_1_2min_20260129_110230.parquet,0,Walking,45.168262,47.14368,Non-Fall
1.3519279646099662,0.7982634712976763,0.01618895420596314,0.9898130964369185,2.594306775251155,2.2315085021323324,2473.26638365037,2.6842606833691107,1.302674092922678,0.3851882198492966,3512.6128634782085,0.7528062592015521,13507111.024685157,1.329500967495864,Walking_Xiaoye_1_2min_20260129_110230.parquet,0,Walking,46.168434,48.168199,Non-Fall
0.7355015977797302,0.8691001600893524,0.006945534722539821,0.3722642235675123,2.594306775251155,3.0944635238609166,3122.427209065952,3.116746033939799,0.6751035569119089,0.19931144108467636,3445.578299037264,0.672945189233045,62669780.49028957,1.175432619433725,Walking_Xiaoye_1_2min_20260129_110230.parquet,0,Walking,47.167972,49.168115,Non-Fall
0.3140397747805961,0.8572056127493812,0.005186005308947303,0.21292541389379777,2.556561934731538,1.5787305022483358,2467.385725984457,2.6800982665878457,0.2689898192782104,-0.4009632357577991,3480.084415509761,0.6461734612977286,6411528.042937942,0.9911743003729084,Walking_Xiaoye_1_2min_20260129_110230.parquet,0,Walking,48.183635,50.168664,Non-Fall
4.362598082410024,3.2421530378234134,0.06393371298546904,2.7570290194408376,2.751287558271563,3.381261992111009,2669.53146237216,2.82044720880957,2.304562164505966,1.9347404930102947,3844.0740097524285,0.7471002808160504,57681674.79329371,1.2510998951535153,Walking_Xiaoye_1_2min_20260129_110230.parquet,0,Walking,61.069424,63.043629,Non-Fall
4.362598082410024,3.148156796716296,0.10088080742998712,3.6681907957741173,2.0520976733185052,1.7145193969683625,1700.1404813513427,2.0862567623535084,1.1605201752474612,-0.1425097285688596,4092.719796921393,1.1229550644438897,9792552.265246257,2.0036087961272036,Walking_Xiaoye_1_2min_20260129_110230.parquet,0,Walking,62.070545,64.043626,Non-Fall
2.909982495890772,1.626469632315127,0.09605346968950643,3.559969788423368,1.2888196241740835,1.3609333629052571,847.7993499650751,1.2337897399264728,0.8428789135664791,-0.7501640813253441,4104.772647100177,1.1053609544360403,10731067.383048402,1.796479897756728,Walking_Xiaoye_1_2min_20260129_110230.parquet,0,Walking,63.070378,65.069891,Non-Fall
2.1544679841798846,1.946955613721232,0.06778608104346985,2.8626330805366274,1.6673823382181936,2.168449705395613,1170.3556370467118,1.5921667974453881,0.31753033681962417,-0.8623737323858197,4002.6283623125255,1.0272814056511128,17266824.44514704,1.2764155648812805,Walking_Xiaoye_1_2min_20260129_110230.parquet,0,Walking,64.067776,66.06985,Non-Fall
3.349262157530619,1.5739187232875433,0.05523054529117756,2.5060563583223745,1.5849975406574395,2.4519870069685976,1179.6327715585028,1.6016880386077297,0.7787219800850632,0.43267645247622794,3666.7254895556025,0.8492213366183171,16120942.46159434,1.1511833061905026,Walking_Xiaoye_1_2min_20260129_110230.parquet,0,Walking,68.868156,70.84364,Non-Fall
2.0128314662828144,1.5107622881138167,0.0366340692658666,1.8925090333500456,2.2758112203906777,2.8394292669358783,1753.9270292212739,2.1317904843097937,0.8670036431642449,-0.07218439242273407,3745.274091856579,0.8584831208921941,41298795.951798685,0.9541117862021731,Walking_Xiaoye_1_2min_20260129_110230.parquet,0,Walking,69.868316,71.843643,Non-Fall
2.4828195336448267,1.6266385274882313,0.032879069762920786,1.7507773536392122,1.5282984626851166,1.3741448606644977,816.0415531537636,1.1950527408240978,1.513360563424748,1.2726272193330406,3783.306253393897,0.9349497461154878,11198058.322470598,1.6276009685162367,Walking_Xiaoye_1_2min_20260129_110230.parquet,0,Walking,89.26813,91.243655,Non-Fall
2.885563158902787,1.3630762932568397,0.03265667644253027,1.7421353358182796,1.5282984626851166,2.500970703960931,791.0717019535422,1.1640630284979403,2.41711838882433,2.4162226499636588,3672.410387529986,0.8354569033197472,20891542.352256034,1.0773215405466205,Walking_Xiaoye_1_2min_20260129_110230.parquet,0,Walking,90.268354,92.243626,Non-Fall
2.885563158902787,1.2950862231061784,0.028066647675395323,1.5567051629275057,1.346976390305062,2.6458043320124975,897.5069015002736,1.292992550312342,3.0455979878705333,3.7358462577633698,3616.08646013159,0.7564707194514794,31723737.35181632,0.8499423871269688,Walking_Xiaoye_1_2min_20260129_110230.parquet,0,Walking,91.270242,93.243678,Non-Fall
2.4962345156244745,1.6119427304714076,0.030912764989511832,1.6733219357926508,1.086814792619934,0.7552961763643737,472.8199456544429,0.7150545880159523,1.5489630204208142,0.7536128141526202,3708.4268266294603,0.8725333507474171,4561749.541215308,1.3642449945679607,Walking_Xiaoye_1_2min_20260129_110230.parquet,0,Walking,101.468294,103.468093,Non-Fall
1.9522798597317925,0.7806058829739382,0.02158924739446547,1.2669194657128053,1.538467824107195,1.8128297864842822,732.9794952200822,1.090015811873352,2.568625329500009,1.7726762432515806,3499.0436829582463,0.7388528209712203,13798731.192423524,1.2420783668171218,Walking_Xiaoye_1_2min_20260129_110230.parquet,0,Walking,109.668268,111.643655,Non-Fall
2.8115021750363813,1.5430211124715145,0.03627355407515966,1.87922682331838,0.8338648851072419,1.2652738073344396,478.7099070209219,0.724554400723459,1.9771442978480194,1.2634552992594974,3598.287972118518,0.8244261499466835,6896683.64866965,1.0462447726534618,Walking_Xiaoye_1_2min_20260129_110230.parquet,0,Walking,110.66785,112.643658,Non-Fall
2.272203528342475,1.6282494984621314,0.06178133090917193,2.6966378313144563,0.48609869116914695,0.7969796775192393,189.25894561529037,0.1530682920618674,1.1973441630636947,-0.3501738690607607,3108.8502949614785,0.6316139462268385,5945511.247464117,0.9147589857034326,Walking_Xiaoye_1_4min_20260129_111200.parquet,0,Walking,3.17076,3.89176,Non-Fall
2.272203528342475,1.6435800442139166,0.05290025801607214,2.4355559092244596,1.905283450461508,2.289613070368415,1313.474138834995,1.7350980019881241,1.6645238411828887,0.0208090632555644,4284.558166539289,0.9137939022873958,23018787.68352725,1.42213916959697,Walking_Xiaoye_1_4min_20260129_111200.parquet,0,Walking,3.533432,4.268615,Non-Fall
1.6214390784487887,1.6299501810695909,0.05395853060501446,2.4677613810637715,0.931552647251506,0.6510554221736367,297.5079376999518,0.3987150320225124,0.2257888492462402,-0.9686364040901276,3898.8922933016797,0.9305749700323381,6133042.581170405,1.718714959415881,Walking_Xiaoye_1_4min_20260129_111200.parquet,0,Walking,31.282591,33.257777,Non-Fall
2.754546613022804,1.5663754313416398,0.05131578731836406,2.3867287581828918,0.48194027674993845,0.6582882019775315,158.66397492730732,0.07138349091602127,0.9315039518428965,-0.17429169312760787,3803.71164491005,0.9914756612736159,4947092.964407393,1.2509354470796612,Walking_Xiaoye_1_4min_20260129_111200.parquet,0,Walking,45.182709,47.157796,Non-Fall
2.548302934809324,2.109579001207613,0.030568079326061332,1.659493058191575,2.3745534022195707,1.6713413991117088,2376.887652755647,2.6154055058007053,1.628593494736187,0.7700447358235603,3769.9965842713145,0.8114553582276252,7570288.38885433,1.3239460467945436,Walking_Xiaoye_1_4min_20260129_111200.parquet,0,Walking,59.980567,61.93781,Non-Fall
1.4187367293180235,1.8937947683247813,0.01650561225279745,1.007234765013657,2.3745534022195707,2.863776619669521,2225.343974413834,2.5042517351694715,2.289558626928335,1.1703567341436292,3797.361773251031,0.7519836465895121,48783441.468861364,1.2090225344721879,Walking_Xiaoye_1_4min_20260129_111200.parquet,0,Walking,60.957811,62.937773,Non-Fall
2.1940949631110147,2.0932005191645313,0.03449517399856896,1.8127194039388703,2.247737180993348,1.9476689384483905,1368.80112215658,1.7882500674962465,0.7790188793824742,-0.1506022136871083,3838.434969776133,0.8019750863250908,12654139.79791816,1.1293609499316346,Walking_Xiaoye_1_4min_20260129_111200.parquet,0,Walking,61.957768,63.957781,Non-Fall
2.1940949631110147,1.837316163532206,0.046313555812755466,2.227416872913709,0.9088695700102651,0.5418056274630306,257.43032350881333,0.3140166816535525,0.5516024618125034,-0.7266862880712689,3739.3983618655407,0.8603099999176012,3837651.5328456727,1.1929049745401206,Walking_Xiaoye_1_4min_20260129_111200.parquet,0,Walking,62.957813,64.95781,Non-Fall
1.7294624586563847,1.9378694140183592,0.035664496894846465,1.856636911110967,1.683102558213269,0.7892776082388366,554.8273193239083,0.8424310356166932,0.42614810367651845,-0.9153641717830496,3707.794696907288,0.7974823105837755,4314120.589459724,1.202013380707169,Walking_Xiaoye_1_4min_20260129_111200.parquet,0,Walking,63.981971,65.957786,Non-Fall
2.383394408973523,1.9251527080553241,0.043603112379520505,2.137487511870622,0.2460064684725778,0.5850673745865929,160.8217452655203,0.07738960663179036,0.7509044397382664,-0.24776978294708746,3678.320372241975,0.8273443200576233,4330397.195472294,1.2326485346933977,Walking_Xiaoye_1_4min_20260129_111200.parquet,0,Walking,68.481999,70.457818,Non-Fall
2.383394408973523,1.3177692229244864,0.03556110704417539,1.8527830871731126,0.5380853939479538,0.7320451994545343,315.82090724539654,0.435508626542491,1.2709967794110628,0.42904066712136774,3769.2961739671823,0.8629616187721038,3886251.677898842,1.1334753010416951,Walking_Xiaoye_1_4min_20260129_111200.parquet,0,Walking,69.482031,71.457816,Non-Fall
0.954747362655352,1.589762041523839,0.02167867965842897,1.2711965058934738,1.3886684772413658,1.9769312680615543,1053.7890519370042,1.469153078406488,0.06907469422046571,-0.875116100954092,3802.557020591131,0.8032758659797641,18293192.855516005,1.0734149356165381,Walking_Xiaoye_1_4min_20260129_111200.parquet,0,Walking,70.484412,72.457831,Non-Fall
1.7675748189552867,2.4263350835239317,0.024560439800965873,1.4045781716090644,1.5647982413022827,2.6032972328022543,722.2444780352929,1.076015023091125,1.1647980112012801,0.007691798340520462,3674.124001438141,0.749439849813399,28089943.39813383,0.9610628686408106,Walking_Xiaoye_1_4min_20260129_111200.parquet,0,Walking,71.482293,73.457813,Non-Fall
1.7675748189552867,1.9510164765530706,0.029744190763552624,1.6261191025005135,1.5647982413022827,1.2724662446257542,825.4708298921597,1.2066317078597275,1.0673717948086674,-0.3242160060197164,3760.745301066046,0.776706942925987,6785965.632641907,1.0249752180305276,Walking_Xiaoye_1_4min_20260129_111200.parquet,0,Walking,72.482308,74.457793,Non-Fall
1.2766319695507753,1.4894699530922093,0.03132849439735403,1.6898989343862751,0.17781228964296866,0.48631017930074844,85.9607791831046,-0.1625418474255121,0.5801426208107195,-0.7877699387041457,3759.004766835605,0.8155381467838733,3187321.1986369085,0.9303730453456055,Walking_Xiaoye_1_4min_20260129_111200.parquet,0,Walking,73.482426,75.457793,Non-Fall
1.6497365293967916,2.158183824779479,0.03735477848194544,1.9188671279587781,1.5863399854539495,1.8721863565535484,1239.722959363241,1.6624733882478067,0.29831533297369145,-0.8919172593864682,3790.0807686443122,0.8391300140457882,10738583.448677989,1.1236170851587133,Walking_Xiaoye_1_4min_20260129_111200.parquet,0,Walking,90.281906,92.257775,Non-Fall
1.5937868416977345,1.8181938153433752,0.027328467947814895,1.5255042044233746,0.8643013126556613,1.4377975265210974,759.0493230772953,1.1235955928445431,0.6283227922922248,-0.34058694192342515,3750.212241556805,0.8032154502211177,7721016.196609563,0.9204377263958711,Walking_Xiaoye_1_4min_20260129_111200.parquet,0,Walking,102.782244,104.757768,Non-Fall
1.5937868416977345,1.7870721779671743,0.0373207801647659,1.9176294715069604,1.4352072846643364,0.8597428861086543,496.91226092139607,0.7535490159036007,0.4407859668697862,-0.7779528294458187,3680.6910549565528,0.8127553769647929,5582119.403109557,1.3277967479516457,Walking_Xiaoye_1_4min_20260129_111200.parquet,0,Walking,103.781994,105.757812,Non-Fall
1.2337007634660109,1.9003630434147032,0.02748548137993978,1.5321757064619843,1.4352072846643364,1.0434504425194822,464.83169076702853,0.7020754209689533,0.07663965095488791,-0.9937415836863317,3763.116216639604,0.7915751858518288,7447162.307525254,1.687978872560027,Walking_Xiaoye_1_4min_20260129_111200.parquet,0,Walking,104.78233,106.75781,Non-Fall
1.6808320846766291,2.066917233986237,0.03291665332573761,1.7522349291099384,1.3669668864945537,1.2697658004572963,531.9760613179994,0.8079428495089369,-0.10868067503774764,-0.8326879409012932,3753.3979377749474,0.7536727232196936,9762444.088616792,1.2542514007841787,Walking_Xiaoye_1_4min_20260129_111200.parquet,0,Walking,105.782147,107.757773,Non-Fall
2.2823115896477124,1.7795448472589233,0.050681370668742766,2.3669675017130554,0.4639643331172655,0.9472408861683194,233.69075058677416,0.26070562436500433,0.8746841213819438,-0.6070656972673492,3831.8698980356376,0.8486410549105728,7050211.262676667,1.337468533220552,Walking_Xiaoye_1_4min_20260129_111200.parquet,0,Walking,109.982274,111.957768,Non-Fall
2.211242514245521,1.6267478305247915,0.03278169209753793,1.746996947701886,0.3215863893405977,0.550866410150039,158.52811402653197,0.07100396184100569,1.4151978669292975,0.1548211333609174,3729.599637559093,0.8270611338721761,3450340.381361264,1.1892827830069723,Walking_Xiaoye_1_4min_20260129_111200.parquet,0,Walking,116.184171,118.157773,Non-Fall
2.1155606769896895,2.092668716008847,0.03797759839587713,1.9414410636507824,1.341031106237634,1.2805578978104937,531.6994132979573,0.8075208278668142,1.0712657114889483,-0.11336502986025054,3884.3128420156077,0.8352111232726588,10960231.68521144,1.6868961706287766,Walking_Xiaoye_1_4min_20260129_111200.parquet,0,Walking,130.882617,132.85777,Non-Fall
1.4075866615520964,2.031951161685459,0.015289312745824448,0.9393655176003508,3.1891392611615803,3.7887701045960056,3843.7761044963163,3.5473157418388723,1.5088528896477937,0.19073112999708378,3687.2154397684317,0.7119075239661767,51463312.566006415,0.982253436579664,Walking_Xiaoye_1_4min_20260129_111200.parquet,0,Walking,134.382569,136.35781,Non-Fall
1.6369480264788643,1.5745085416607176,0.028734800164551967,1.584594315451927,0.8134691653650608,1.1942563847585344,582.6091539768787,0.8834175953350151,0.8843431567229803,-0.2574052658236243,3689.023990775596,0.796143316099882,5100245.62243114,1.0172215095589487,Walking_Xiaoye_1_4min_20260129_111200.parquet,0,Walking,135.382027,137.35777,Non-Fall
1.2943946382433185,1.7069684374080485,0.02846813817753975,1.5735029493789183,0.8118125228591859,0.5849904485572782,294.18725918503407,0.39192313260010375,0.48150201828689615,-0.8181614833875598,3767.7716528597666,0.808509307478303,3530763.0068129115,1.0095798453963278,Walking_Xiaoye_1_4min_20260129_111200.parquet,0,Walking,143.482491,145.457768,Non-Fall
1.4804873905511227,2.0211106709394087,0.023277266329169922,1.3462106588692344,2.1805815098718497,2.4263652385249306,1956.9792400645197,2.297688875614193,1.3002834828307104,0.09600651750979061,3771.435432525587,0.7586620960868454,30790597.721712973,1.236145442475392,Walking_Xiaoye_1_4min_20260129_111200.parquet,0,Walking,144.48217,146.457795,Non-Fall
1.4804873905511227,1.9956305532243246,0.019080859169524064,1.143126542759565,2.1805815098718497,2.6385083160369383,1612.1804210821886,2.010211995242712,1.5993429681445308,0.5433194828113721,3666.6185558512793,0.6966295205186749,21496000.09480135,0.8681666056188205,Walking_Xiaoye_1_4min_20260129_111200.parquet,0,Walking,145.484372,147.457809,Non-Fall
1.2790757944455038,1.5668770254200546,0.024310995339204066,1.3933533447238433,0.956624435607829,0.9375528288579611,349.8611102970836,0.5011703908372649,0.4938993613848015,-0.6370365461124773,3744.008841607114,0.7858741884513863,5597348.658568336,1.046536234695548,Walking_Xiaoye_1_4min_20260129_111200.parquet,0,Walking,146.482355,148.457793,Non-Fall
1.5990694989788656,1.8261320177806808,0.02924234921580933,1.6055636992960804,0.3385686747929271,0.5407835382832287,175.156145301169,0.11630619684111133,0.48535815662808673,-0.671592337523714,3768.894491188777,0.8267488978810449,3729391.94222635,1.3151773768445822,Walking_Xiaoye_1_4min_20260129_111200.parquet,0,Walking,147.482352,149.457793,Non-Fall
1.6728179562162926,1.8483072311259658,0.030571619103014536,1.659635470055011,0.28986643129965783,0.5662109976136409,186.54030466011343,0.1460909748570088,0.5829863416678875,-0.5276044030310096,3711.7056794810997,0.8040681055140392,3821750.0798278665,1.2068634689900528,Walking_Xiaoye_1_4min_20260129_111200.parquet,0,Walking,148.482298,150.457773,Non-Fall
1.7501191012604644,1.7897561981315895,0.034399689676523,1.8091005532203495,0.9337156602713903,1.1444330491714303,502.94212780400596,0.763036543373069,0.8960862550905268,-0.2640153605272537,3709.0054936851116,0.8224469119859341,9712383.327893665,1.2203174480367898,Walking_Xiaoye_1_4min_20260129_111200.parquet,0,Walking,149.48224,151.457805,Non-Fall
1.1611672126557828,1.6054602553848882,0.014276066007234882,0.8807356115455809,1.9600920522419896,2.259878655076572,1492.4312026971377,1.9032667245221062,0.3096242424169154,0.17275829361649553,3672.122488256609,0.7215128324935242,16274574.657521509,1.4726464617779818,Walking_Xiaoye_1_4min_20260129_111200.parquet,0,Walking,180.982039,182.957793,Non-Fall
1.1611672126557828,2.1550211149344207,0.012053829295705426,0.744376108784641,2.1219512391174624,2.474336314771455,2667.7818952725715,2.8192557446460067,1.3765826449968033,0.7146621926925713,3782.3884783974772,0.6708472206823113,46619956.07153339,1.2165195543841736,Walking_Xiaoye_1_4min_20260129_111200.parquet,0,Walking,181.984036,183.957764,Non-Fall
2.0442846393812295,0.751160523741349,0.03313064391970635,1.7605181577006979,1.9767084797532246,1.8378643816535916,1603.1926514042195,2.002326147284877,1.0519435663487198,-0.11990294655653809,3455.2086097188862,0.8439261027062953,10775444.11032861,1.138532460741658,Walking_Xiaoye_2_20sek_20260202_094909.parquet,0,Walking,8.60295,10.578483,Non-Fall
1.8494470292248215,0.6877188739268937,0.030897965940505742,1.672729782989418,1.2346018767274092,2.2136932837254126,534.3123923810529,0.8115025135915663,1.9237173318741725,0.43705571590284137,3469.8304353980966,0.7766610532434786,16571258.821142819,0.8787139800526143,Walking_Xiaoye_2_20sek_20260202_094909.parquet,0,Walking,14.802803,16.803354,Non-Fall
1.8494470292248215,0.8083837114951471,0.03452764580088001,1.8139489419947687,0.6183100593079506,1.043653456919219,389.6649259085222,0.5740183073327177,0.7831141531853791,-0.6325202502158216,3479.5407917879975,0.8254746571194902,6517376.048838126,1.2287894219105084,Walking_Xiaoye_2_20sek_20260202_094909.parquet,0,Walking,15.818554,17.804628,Non-Fall
1.0979473272428655,0.06339794644524921,0.03251617857391126,1.7366605323618154,0.18420857849413194,0.5494587444112946,124.80929714802532,-0.028836145661471135,0.5866373718006842,-0.93375096287186,3360.385376283386,0.819860479312935,3237190.666970145,1.0667221700629153,Walking_Xiaoye_2_20sek_20260202_094909.parquet,0,Walking,16.818519,18.802817,Non-Fall
1.4290720558142531,0.2315286867379205,0.02151650410884977,1.2634340276071971,1.4352027596830645,1.434067672913133,653.3373338685062,0.9835517813233371,1.1905209453430625,0.21925735644897362,3393.833407302499,0.7852100200439507,8528335.104191795,0.9645441606057777,Walking_Xiaoye_2_20sek_20260202_094909.parquet,0,Walking,17.818491,19.803259,Non-Fall
2.900714581013644,2.2882816323145576,0.059163913782130706,2.6217629945714687,2.6082916689962072,3.083033465962203,2013.5216938663352,2.3423340718751007,1.121816269273829,0.21437150505851058,3959.4015510074933,0.9293396748503538,23799568.70058307,1.0385785016302045,Walking_Xiaoye_2_2min_20260129_110830.parquet,0,Walking,3.904841,5.878531,Non-Fall
1.2884344754035728,2.085706449413903,0.03310740406594296,1.7596198780681727,1.5155072227026525,1.9753276713858412,690.0194132473973,1.033349618529995,0.1688117916272362,-0.7779920850849403,3796.9987217869034,0.7715903530202051,15780863.978632178,1.3830366120778224,Walking_Xiaoye_2_2min_20260129_110830.parquet,0,Walking,10.703342,12.678541,Non-Fall
1.2884344754035728,1.9868460641002101,0.025597622334084073,1.4506504780161449,2.439964445819443,3.3565917207037304,1422.8923855882113,1.839186129608642,0.2705437714831745,-0.3700844170931835,3751.148803037952,0.8166403796391472,33444852.12163066,0.9802954033753453,Walking_Xiaoye_2_2min_20260129_110830.parquet,0,Walking,11.703345,13.678541,Non-Fall
1.8534083992308488,1.7137841704471426,0.012896877169889432,0.7974773577282147,2.439964445819443,2.8024187311608424,2528.960982577073,2.723439365446288,2.2651235861351946,2.6327250392235295,3622.898333276845,0.6677264031163163,23077195.385948155,1.2522037894828835,Walking_Xiaoye_2_2min_20260129_110830.parquet,0,Walking,12.704452,14.67854,Non-Fall
2.6185131139592577,1.8494118325028452,0.03675253777067054,1.8968594070225837,1.6272132877949557,1.6522728896708772,1139.9561071788578,1.5606999887393957,1.1527005893339157,0.6102025427509243,3723.9546614006026,0.8606711816626849,20027146.604088444,1.6469154817345897,Walking_Xiaoye_2_2min_20260129_110830.parquet,0,Walking,13.704677,15.678553,Non-Fall
2.6185131139592577,1.9656532893198764,0.046462886437269646,2.2322939776542037,1.6272132877949557,1.839672413869682,750.9912615774296,1.113278685277628,0.7683294649463511,-0.15092116694255392,3916.0362817408795,0.8944885340863016,12551033.606673481,1.1704185470954613,Walking_Xiaoye_2_2min_20260129_110830.parquet,0,Walking,14.703123,16.678526,Non-Fall
1.857491036938215,2.1888165134684794,0.03444541026715461,1.8108339870038739,0.32715590896292596,0.4722132913519174,211.85695022445955,0.2092272953723485,1.14358647871264,-0.31901264587659217,3780.2906754587625,0.8101338891907335,4562668.652423079,1.6571738695632832,Walking_Xiaoye_2_2min_20260129_110830.parquet,0,Walking,21.803441,23.778512,Non-Fall
1.5735166785327785,1.9105230405393658,0.026775665128629163,1.5018617471347722,1.0060061965971068,0.7060529242646182,402.55270120877867,0.5967997802172373,1.1408166976044765,-0.2583801556091957,3736.1357781144357,0.7624215288903982,4657648.6500717355,1.469346384659237,Walking_Xiaoye_2_2min_20260129_110830.parquet,0,Walking,22.803336,24.778541,Non-Fall
1.5693770772027884,1.7866562316105277,0.023980997606522628,1.3784148153820532,1.0060061965971068,1.3480485231221924,511.5650878548448,0.776505825565297,1.0148918026591696,-0.13699623787532444,3743.2258014058766,0.7731592881425088,9116790.376593394,1.3741255361319624,Walking_Xiaoye_2_2min_20260129_110830.parquet,0,Walking,23.803302,25.778534,Non-Fall
1.6838824193488315,1.9832213315448453,0.020650053853417387,1.2214567372352283,1.0696237680575473,1.743678157956373,704.9563307618549,1.0532469852817943,1.1415577056960204,0.38918318852304407,3704.871790585319,0.7079491416910896,18652956.88419204,1.0489926937757672,Walking_Xiaoye_2_2min_20260129_110830.parquet,0,Walking,24.802736,26.778548,Non-Fall
1.6838824193488315,1.8606784685866695,0.015380579720917427,0.9445498152565935,1.0696237680575473,1.4590459984810071,705.6637007722219,1.0541840149887889,1.0162141152167845,0.4802309443534028,3764.4403283631777,0.7582849582890405,7642274.673682928,1.08900850634915,Walking_Xiaoye_2_2min_20260129_110830.parquet,0,Walking,25.803065,27.778526,Non-Fall
0.8110355386242708,1.4664048803173948,0.015613004218385282,0.9576833301830785,0.4967551169235732,0.6943641350321939,294.25211751732377,0.3920561555702526,0.16138116218706744,-0.7043597624575221,3586.6471349476365,0.7046354995124363,4755055.71357006,1.3204872939612982,Walking_Xiaoye_2_2min_20260129_110830.parquet,0,Walking,26.804834,28.778531,Non-Fall
2.6409568262584937,1.6044180548170417,0.022651363404883162,1.3171565715996942,0.2595628503599674,0.4030724131162806,184.55425014852838,0.14096162697912343,2.641932322823539,3.1734282169569337,3709.744428977187,0.750876990160531,3271437.920615522,1.2294005490763469,Walking_Xiaoye_2_2min_20260129_110830.parquet,0,Walking,27.803093,29.778579,Non-Fall
2.6409568262584937,2.057005624119217,0.02967386674609106,1.6232491385473713,0.7112916570870524,0.435306896255403,230.2354966734313,0.2527243868952484,2.7262030655406377,2.189677584846511,3638.1504903092646,0.7342745613306411,3236542.887171231,1.5139556016782625,Walking_Xiaoye_2_2min_20260129_110830.parquet,0,Walking,28.803442,30.778512,Non-Fall
2.048611420299582,1.586868012975725,0.02571378191315813,1.4557517710973085,0.7112916570870524,0.5266342661154341,304.10652957681737,0.4120997858878393,1.6699403119544456,0.7638019051348959,3793.9260528327713,0.8783894207032883,4167418.568950622,1.8904514354435746,Walking_Xiaoye_2_2min_20260129_110830.parquet,0,Walking,29.802869,31.77851,Non-Fall
2.2382860482543245,2.491659630530661,0.045965187000061636,2.216008567867011,1.867291285794299,1.8303908123566643,1198.1615873869314,1.6205929889414654,0.9837740020983767,-0.2981753402001053,3908.9633093921448,0.8411677946125455,20719711.28077719,1.5775410883564853,Walking_Xiaoye_2_2min_20260129_110830.parquet,0,Walking,34.702476,36.678558,Non-Fall
2.2000897383813625,2.4345660499602286,0.04130175424885898,2.058911545996875,1.955976386406664,2.112880550308347,1378.644926258843,1.797593593502098,0.8864276752626261,-0.453883204263376,3916.072893137352,0.8266721756973603,23060153.839575317,1.6039296720926888,Walking_Xiaoye_2_2min_20260129_110830.parquet,0,Walking,35.703008,37.678509,Non-Fall
1.5731287078578433,2.320389384671939,0.02769229746791475,1.5409343104851432,1.955976386406664,2.4430488319922112,1163.5468462463098,1.5851548149122967,0.7984075549784514,-0.44114419941904476,3817.2838151527367,0.7765768263321862,15349068.59559579,1.1947146146519936,Walking_Xiaoye_2_2min_20260129_110830.parquet,0,Walking,36.702944,38.678548,Non-Fall
2.6949583811946587,2.355384042834166,0.030445142750151897,1.6545419630640386,2.5220912759756455,3.25487749478898,1959.3788474084652,2.2995965784778396,1.1496461185922664,1.7133451866699059,4041.332081291262,0.92688611796911,34040370.86793713,1.246409399031,Walking_Xiaoye_2_2min_20260129_110830.parquet,0,Walking,37.70247,39.678535,Non-Fall
2.6949583811946587,2.1298129615664956,0.045244054282619635,2.1922548775847845,2.5220912759756455,3.2922938733543736,1890.1011998343192,2.2440418018114325,1.663017227686937,1.0738519409102847,3646.586876266249,0.6920332619139521,33181418.008633357,0.8639300291056833,Walking_Xiaoye_2_2min_20260129_110830.parquet,0,Walking,38.704909,40.67855,Non-Fall
3.455115430763626,2.853427734237083,0.11616143270900496,3.994681257159379,2.2103555146612774,2.6447888315894508,1685.6175227938834,2.0738390994557427,0.449650512486928,-0.8938758658503428,4202.665026405135,1.1447733029874692,33821090.73234225,1.450763229786951,Walking_Xiaoye_2_2min_20260129_110830.parquet,0,Walking,41.902985,43.878531,Non-Fall
2.963767678720694,2.049866981355101,0.07372820680738221,3.019802985212946,2.4068450073767753,2.9529031591674992,1965.0172661247298,2.304074564601821,1.3239455059235867,-0.05713581021820429,3909.88351976239,0.9604946340981175,39441603.92926403,1.1748124720922735,Walking_Xiaoye_2_2min_20260129_110830.parquet,0,Walking,48.405202,50.378541,Non-Fall
2.2653402305708457,2.4149635062176564,0.06649825696807614,2.82767232823482,1.3898203695987492,1.4242436117887312,1086.286154240933,1.50410365658407,0.030104755435600494,-0.7415031751811093,3944.746098179536,0.8979759030452861,5603349.948601071,1.4317748765168468,Walking_Xiaoye_2_2min_20260129_110830.parquet,0,Walking,51.247902,53.13855,Non-Fall
2.53151175782033,2.851458762269043,0.07192548315567539,2.972812638964124,2.668367466327261,1.809608467605174,1434.041215238606,1.8495636061146126,-0.24110867604996897,-0.812662036314369,3977.863249406512,0.9189465997105007,17961657.41062848,1.623018654587917,Walking_Xiaoye_2_2min_20260129_110830.parquet,0,Walking,52.158554,54.138555,Non-Fall
2.1071091791844014,2.1931268704235216,0.03533628247496205,1.8443834386958013,1.2606406234618361,1.1008127754522565,566.2507038485047,0.8594054280718859,0.13699178230807307,-0.7413081346026059,3846.8486984831216,0.8105983613047195,10722121.555372495,1.5263269906476393,Walking_Xiaoye_2_2min_20260129_110830.parquet,0,Walking,56.103131,58.078534,Non-Fall
2.527363895472829,2.5017840835733502,0.03744101680425637,1.9220039775621915,2.2202480758420413,2.806520811975942,1878.2090697569542,2.234403542855659,1.3983067653203725,0.3689806551258586,3801.4702000547295,0.8280335099665616,22712206.971343983,1.1815689944382166,Walking_Xiaoye_2_2min_20260129_110830.parquet,0,Walking,57.105489,59.078518,Non-Fall
3.55577976197427,2.0742684917121683,0.03632449957636008,1.881107764845975,2.363099058004107,2.8672198166569065,2406.1444297378966,2.6364524277872268,3.1104548486427737,3.760410374443401,3918.5801140217727,0.8373275362360946,19213689.45948849,1.1926997586725747,Walking_Xiaoye_2_2min_20260129_110830.parquet,0,Walking,59.104897,61.078541,Non-Fall
3.55577976197427,2.6052399818435013,0.05808941073307802,2.5905466859039454,1.4473225850944005,1.328677841624409,725.1819814878658,1.079856445641492,1.6686960390314325,0.613118507431577,3903.8621856167483,0.8492570312952105,8077427.160628016,1.5088900349414287,Walking_Xiaoye_2_2min_20260129_110830.parquet,0,Walking,60.103823,62.078556,Non-Fall
2.3823644483703634,2.540781490731453,0.05768535108499367,2.5787333891925317,0.6431763537714394,0.726699950502606,270.6991844816823,0.3427449486500957,0.6058166329934865,-0.8173393291959138,3881.3753731760758,0.9286820471376867,5381432.302638751,1.2899816948114575,Walking_Xiaoye_2_2min_20260129_110830.parquet,0,Walking,61.103357,63.078512,Non-Fall
2.5844388991201863,2.018147932736942,0.045926727503358446,2.214746458837169,1.5818104821776326,1.201807957479062,616.8514667886606,0.9326131743016319,0.6480135127726684,-0.40719232938803557,3726.936846029652,0.8726519685316056,6661032.827398219,1.3185645726991775,Walking_Xiaoye_2_2min_20260129_110830.parquet,0,Walking,78.703319,80.678518,Non-Fall
2.5844388991201863,2.6866821529528644,0.058313143427810174,2.597070180648602,1.5818104821776326,1.384529875723317,846.1183137515344,1.2317576510419763,0.8500122846094245,-0.5571283076629762,4044.145926220266,0.8881704232957465,12200726.513528517,1.787440344471487,Walking_Xiaoye_2_2min_20260129_110830.parquet,0,Walking,79.70757,81.67851,Non-Fall
2.1665219493457606,2.9963568558713654,0.06762515285070346,2.858282604499572,1.1300014874328834,1.476330084583678,588.6789360861717,0.8922413702528722,0.5172596190138169,-0.8940642684009134,3828.159417094691,0.889204867786349,8692778.356220093,1.223098806995853,Walking_Xiaoye_2_2min_20260129_110830.parquet,0,Walking,84.059582,85.958559,Non-Fall
2.422194185178687,2.2889828769403646,0.045619591119712616,2.204648273135984,1.1183953674943243,1.0888590782539984,496.3098095963688,0.7525979501821274,0.8674813217001374,-0.4180860744908369,3838.0803215322335,0.7925264329121491,6802288.104618085,1.3738461672308855,Walking_Xiaoye_2_2min_20260129_110830.parquet,0,Walking,84.978526,86.958541,Non-Fall
0.3855072701792244,2.2006302520065457,0.009947694669750486,0.6029626171421766,1.3309271176358712,2.170987303517571,1030.1751825714796,1.4434170977063103,-0.264833741417703,-0.725995486136291,3652.381550366772,0.6671954534644696,26964513.995118313,1.1162494140879409,Walking_Xiaoye_2_2min_20260129_110830.parquet,0,Walking,87.979785,89.878538,Non-Fall
1.1214221664681399,1.6580065166808011,0.008994767438766949,0.5340639282085878,2.706215238350469,2.291126064655139,2684.113593768774,2.8303625656556743,1.0191478778350163,0.6757302540965824,3662.0146087471126,0.6782497770662185,8207605.251823064,1.1464326727802288,Walking_Xiaoye_2_2min_20260129_110830.parquet,0,Walking,88.902617,90.878518,Non-Fall
2.087785798987937,2.2007378558951958,0.02971529989599719,1.6249404604765831,2.706215238350469,2.122236754732984,2546.9555632980096,2.7360053610515136,1.8796671908220113,0.8748564048181501,3807.463950362143,0.8133389236550085,36128566.80699864,1.532997584970814,Walking_Xiaoye_2_2min_20260129_110830.parquet,0,Walking,89.905039,91.878558,Non-Fall
2.4629325161289026,2.360269663256095,0.05750675399954542,2.5734986498894976,2.3625142506729633,1.6026495201907534,1331.0488854287366,1.7521011571910017,0.7805627698424172,-0.4215070955975689,3832.237692254867,0.911032414147181,7169100.6890522875,1.3005986098503453,Walking_Xiaoye_2_2min_20260129_110830.parquet,0,Walking,101.604862,103.57851,Non-Fall
2.6126420097889294,3.161735874609838,0.07683597275171883,3.0994817370469265,2.3625142506729633,2.0965482347956805,1923.0782664843239,2.2706113509769352,0.629089452927648,-0.6783199897065226,4025.726068277805,0.9545791279374451,34220607.54568459,1.6534998150350044,Walking_Xiaoye_2_2min_20260129_110830.parquet,0,Walking,102.605078,104.578541,Non-Fall
2.6126420097889294,2.3062709678409714,0.061357939538073086,2.684635205305328,2.1832049928473976,1.7572766518848264,1356.4984803882555,1.7765253041935019,1.036371588820054,-0.30487395521331734,4057.058405322149,0.9567063196945929,10093639.83585392,1.5580533520812467,Walking_Xiaoye_2_2min_20260129_110830.parquet,0,Walking,103.602881,105.578559,Non-Fall
2.3737755710351234,2.367392314866614,0.04961679020298465,2.333527211168961,1.1568856328442183,1.107522118390619,529.097501856112,0.8035462735238091,0.9655078677789043,-0.33596137831954304,3878.3553049985385,0.8949657686463852,7427085.461524095,1.4510800562462156,Walking_Xiaoye_2_2min_20260129_110830.parquet,0,Walking,104.602771,106.578531,Non-Fall
1.9306677985733718,2.6053930629957995,0.05368775848656024,2.459551503648081,1.1742651998945626,1.080825955359193,483.6981781141588,0.7325542830819818,0.47314237361589145,-0.8482821531655481,3911.0546514199973,0.8962849574605524,9058009.110984595,1.3421597965794168,Walking_Xiaoye_2_2min_20260129_110830.parquet,0,Walking,105.60259,107.57855,Non-Fall
1.95946817937097,1.9703157537299931,0.05918478688353578,2.622366577788303,1.8006729816087106,1.4230760566481642,794.5569561733993,1.1684176028131252,0.2484915166645534,-0.9870967417163435,3862.3394263332675,0.9026211812413971,8930300.585082753,1.347028325814766,Walking_Xiaoye_2_2min_20260129_110830.parquet,0,Walking,106.602819,108.578524,Non-Fall
1.95946817937097,2.205538987222123,0.04949433054189203,2.329657630896941,1.8006729816087106,1.2694466089420753,802.5717962097567,1.1783954761810234,0.22271440353915956,-0.8727632622478413,3921.8172868405795,0.8512756745247051,11243638.161800407,1.9036870197282996,Walking_Xiaoye_2_2min_20260129_110830.parquet,0,Walking,107.603614,109.578564,Non-Fall
1.5347292978957061,2.4126693526333853,0.03930895958219079,1.9890832778680418,1.0066493626060105,1.113499117847235,483.05556426927103,0.7315260208204869,0.07237261810156875,-1.0162531176233658,3781.3293720658908,0.8109707099019913,7320429.345402665,1.2635917564831465,Walking_Xiaoye_2_2min_20260129_110830.parquet,0,Walking,108.603779,110.578531,Non-Fall
1.4016049621296716,2.162904370883326,0.033004776598485816,1.7556492892120177,1.2059139587477428,2.0424458310446005,759.3583185703471,1.1239901134425103,0.43347938789032847,-0.7915024356446162,3791.1721278134432,0.8426149629185173,18824656.80270544,1.1559074190064231,Walking_Xiaoye_2_2min_20260129_110830.parquet,0,Walking,109.60317,111.578518,Non-Fall
1.3701369744737593,1.6115437765524003,0.02003168059488425,1.190957046775761,1.6135612346188162,2.883657769059206,935.388176330322,1.337016672120065,1.3072995499727955,0.06997660547913594,3771.6068786350174,0.7284119275372266,33064458.851710398,1.0516899275668745,Walking_Xiaoye_2_2min_20260129_110830.parquet,0,Walking,110.60271,112.578531,Non-Fall
2.521418184202036,2.0118150708273412,0.032337426069909,1.7296779284960762,1.6135612346188162,2.0149824035678163,1320.4048726202745,1.7418168282117261,1.160378785431805,0.7359774820437099,3794.1887081267987,0.779915242727395,10719050.75302847,1.0768747338362816,Walking_Xiaoye_2_2min_20260129_110830.parquet,0,Walking,111.605424,113.578541,Non-Fall
2.521418184202036,2.4351309261474223,0.04810365246916476,2.2853733979571897,1.1130355849204356,1.1244132242326084,359.24277806463806,0.5186989550839914,0.6453745439430384,-0.41411571448255613,3699.918875840403,0.9062672629785254,8350329.065889461,1.3051227139508619,Walking_Xiaoye_2_2min_20260129_110830.parquet,0,Walking,112.605109,114.578541,Non-Fall
1.7255503299654433,1.4359676791423133,0.04723603558991957,2.2574204547047327,1.1130355849204356,1.1603773112886095,290.73185704606976,0.38481485613548977,0.6315732614913611,-0.8995321960256982,3796.7535209956086,0.8922961155442583,7256621.6790626645,1.3416284249091976,Walking_Xiaoye_2_2min_20260129_110830.parquet,0,Walking,113.602989,115.578516,Non-Fall
2.4598767465058815,2.000872481298377,0.039846886788260864,2.0081035372890024,3.233529374309493,3.540589492811948,3768.923293984316,3.5046326623289974,0.9151944486469246,0.02066398574679406,3701.3101259362197,0.8418963714571581,53677870.407500364,1.0242300449494794,Walking_Xiaoye_2_2min_20260129_110830.parquet,0,Walking,130.705012,132.678559,Non-Fall
2.0369467598447866,1.8452648391937099,0.03960940136413705,1.999722356171467,3.233529374309493,3.211460964648492,3617.0736412752262,3.416721521330859,0.5233244430388854,-0.41586530757642376,3830.4048510353628,0.7546461191679127,33824537.5505378,1.2935767321002745,Walking_Xiaoye_2_2min_20260129_110830.parquet,0,Walking,131.702727,133.678508,Non-Fall
2.1025814975263786,2.19423565550547,0.05717810091622235,2.5638444332550234,0.8341184163632874,1.1326106307548984,645.9113131042465,0.9733017894276398,0.544589389110933,-0.7840903630416927,3842.865784207032,0.8766092997452987,5306818.986285898,1.2981245368389376,Walking_Xiaoye_2_2min_20260129_110830.parquet,0,Walking,132.703247,134.678541,Non-Fall
2.4653083187161258,2.184100239558408,0.06143937972267554,2.686947143650152,1.1537930491805826,0.9346531733100127,482.7963100077592,0.7311109880683654,0.5731178632413328,-0.7421502835259642,3830.064450778188,0.9565215904246197,6698722.354968164,1.5765194059358874,Walking_Xiaoye_2_2min_20260129_110830.parquet,0,Walking,133.703192,135.678559,Non-Fall
3.3193228573064566,2.17148810439277,0.04140849710870799,2.06260379661672,2.68342178452617,3.2343338086117477,2010.1677800413966,2.3397034923538103,2.571023190739562,2.0800172488925934,3620.4909252151,0.7408376809385699,31037185.218886077,1.156999545028394,Walking_Xiaoye_2_2min_20260129_110830.parquet,0,Walking,139.603277,141.578562,Non-Fall
3.3193228573064566,2.070732575539032,0.04072652826844973,2.0389317398074267,2.974093113732716,3.840146359555734,3172.8497018608277,3.1483638670037624,1.7404250901327505,1.0063507498641904,3911.2927746391424,0.8520624596699006,78662730.7820104,1.1089561359369566,Walking_Xiaoye_2_2min_20260129_110830.parquet,0,Walking,140.604875,142.57855,Non-Fall
1.6392518756711902,1.7736463823315998,0.04929238819045458,2.3232660208109106,2.974093113732716,2.58701779300511,3793.010697785461,3.5184138240410308,0.2686988998236759,-0.721051010614137,3921.6913058935847,0.8743112971255382,17062840.638683602,1.8894509816028735,Walking_Xiaoye_2_2min_20260129_110830.parquet,0,Walking,141.602925,143.578509,Non-Fall
1.2339743304107942,1.806199942536144,0.025771770277085385,1.4582940907517303,3.0094608617263123,3.0790838497819593,2499.9504626167363,2.7030861958600165,0.1758118028238254,-0.7208854244171271,3775.80475753093,0.7771260823481806,20509069.849138644,1.0567639207978246,Walking_Xiaoye_2_2min_20260129_110830.parquet,0,Walking,156.602865,158.603184,Non-Fall
3.077716789644894,2.738478564632089,0.057628002537009844,2.577053368788869,2.3598276833207996,2.0327026054635797,1595.4737613513043,1.9955359495420875,0.5240512165219707,0.06339207654379667,4106.392662196534,0.9667696685488036,15947911.981540019,1.6413544066642307,Walking_Xiaoye_2_2min_20260129_110830.parquet,0,Walking,157.618555,159.602929,Non-Fall
4.1451040830701515,1.6064605613287226,0.05816759226104169,2.5928276924663987,1.551136858988093,1.4663541703194474,688.4951294558808,1.0313070720512652,2.3912260401095424,1.812738179443069,3931.0757651422805,1.0586764801313535,11929207.59599501,1.5404993571258658,Walking_Xiaoye_2_2min_20260129_110830.parquet,0,Walking,168.203058,170.178518,Non-Fall
2.156478460500132,0.10712450749715624,0.032348578451071905,1.7301141372332784,1.9722665703489102,0.8543581099614184,961.5617660951061,1.3669157240455163,1.969260362436305,1.0652588124679532,3348.9328623156507,0.8184134247114228,3199371.287696845,1.2953006320725529,Walking_Xiaoye_3_20sek_20260202_094945.parquet,0,Walking,0.104658,2.077761,Non-Fall
2.156478460500132,1.5864899320180121,0.06065626909345276,2.6646521590728987,1.9722665703489102,1.5371632003885294,1767.3202132331398,2.14301966543637,0.7029221808554708,-0.8633816361879223,3872.3340750417537,0.9523875150300026,24115134.97044402,1.6893707796891677,Walking_Xiaoye_3_20sek_20260202_094945.parquet,0,Walking,1.102432,3.096601,Non-Fall
1.552920801632904,0.284191472631654,0.02921772982103843,1.6045507689071918,0.8603617145915087,1.2865092574417756,426.21021386941175,0.6376891014740649,0.969510726719069,-0.40639694647304525,3416.8681994973435,0.8267054639686352,6941118.510629897,1.223586821686454,Walking_Xiaoye_3_20sek_20260202_094945.parquet,0,Walking,7.203885,9.177788,Non-Fall
1.2263096430203535,0.06317558273263396,0.02350644570222177,1.3567511636281533,0.7740325590560997,0.7750708813436837,300.3200804765991,0.404437220536128,1.179574299684494,-0.10937820434751747,3378.9394084632813,0.7584967508940318,5795596.817833142,1.25933897355593,Walking_Xiaoye_3_20sek_20260202_094945.parquet,0,Walking,17.002472,18.977718,Non-Fall
1.429866353375563,0.11217657594269302,0.02449193172266999,1.4015010560615244,0.620499492777496,0.7192379025926977,263.5727287494216,0.3274053567716331,0.9799310996774764,-0.1088683919984913,3377.6844136610075,0.7600060617956105,4557706.9161033165,1.2581853030528602,Walking_Xiaoye_3_20sek_20260202_094945.parquet,0,Walking,18.002273,19.977742,Non-Fall
1.7811048343346243,2.25654849134096,0.03797554164286642,1.941366823098673,2.5054398672368645,2.8557324867387264,2914.955771891143,2.9838812716798415,0.2406572813273747,-0.8184104623270637,3750.6112228136512,0.7731718352267197,25021146.255810577,1.1377978898781194,Walking_Xiaoye_3_2min_20260129_111759.parquet,0,Walking,4.583919,6.557522,Non-Fall
1.316827120020592,1.6586311849564814,0.03280456182911717,1.7478853027583166,0.32165033782044844,0.6249721731098119,210.53488394052772,0.2060268698092202,0.4874793496035052,-0.7516932252012832,3776.0018566507224,0.8322725018791627,4991015.346498471,1.5183500704594133,Walking_Xiaoye_3_2min_20260129_111759.parquet,0,Walking,5.582522,7.557476,Non-Fall
1.6975907896740188,2.1294631645940614,0.038069040062416654,1.9447397127431498,0.5908723924037834,0.7594150737723091,205.6232725540525,0.19404804867638115,0.5630601240039022,-0.6800561077569568,3745.5866765467513,0.8266946747708509,4642828.143073462,1.0682309143589663,Walking_Xiaoye_3_2min_20260129_111759.parquet,0,Walking,6.581975,8.557483,Non-Fall
2.6804797422423716,2.13006624928016,0.04343968603528262,2.1319770531618523,1.2547623681470015,1.6162128469861068,622.6827739350126,0.9408535987215855,1.0949902735504067,0.0405381436668289,3817.979464785444,0.7978508811802761,13144387.572161073,1.228667034820951,Walking_Xiaoye_3_2min_20260129_111759.parquet,0,Walking,7.582512,9.557482,Non-Fall
2.077744423141565,1.8000938595774858,0.0590792138317698,2.619312650071829,0.6093924271926061,0.9352295989787002,173.4977555042784,0.11188741758049466,0.7648251053685807,-0.6703395052801996,3874.517246684095,0.9399359246904077,5555354.97898034,0.9861816036689246,Walking_Xiaoye_3_2min_20260129_111759.parquet,0,Walking,11.281754,13.257481,Non-Fall
2.0131938403131127,2.445384028115693,0.05095579534919716,2.375530566053877,1.3229395019139296,1.8931415727371934,957.4955124891634,1.3622976333023618,0.35818770909537534,-0.6974741246843678,3885.0135359136775,0.8942109888781035,10966092.360099984,1.06024563600273,Walking_Xiaoye_3_2min_20260129_111759.parquet,0,Walking,12.282109,14.257499,Non-Fall
2.195035667127563,2.727796703142392,0.02879221999853976,1.5869758559169953,2.3166954416729966,3.30240870270853,1708.3206591557866,2.093227770795472,0.5669467065842668,0.0031834888542788763,3909.504083610974,0.8160059082456409,30014768.06590706,0.8578667563233746,Walking_Xiaoye_3_2min_20260129_111759.parquet,0,Walking,13.281964,15.257506,Non-Fall
2.195035667127563,2.229824092111788,0.03332152436768696,1.767884285224082,2.3166954416729966,2.5440749034723167,2125.0205315897233,2.428571895068293,1.1092827619399637,0.22019978685619332,3836.90322806148,0.7337377897555847,34254939.39622622,1.2538678330396036,Walking_Xiaoye_3_2min_20260129_111759.parquet,0,Walking,14.281813,16.257506,Non-Fall
1.9380018625758517,2.227326514900457,0.040486311964596185,2.030546364149358,0.7064768916653409,0.9630459840321923,350.523548506807,0.5024157334155207,0.7597903709863439,-0.5663825332055165,3856.027730784731,0.8516158279366809,5520449.345915329,1.3441409229197687,Walking_Xiaoye_3_2min_20260129_111759.parquet,0,Walking,15.282186,17.257477,Non-Fall
2.1449989345617198,2.3778845979889587,0.051303887700547016,2.3863592282575437,0.9190240798601004,0.8150396309346124,340.0781372722563,0.48263985097277406,0.5297143499012158,-0.7851635715401725,3911.5349627927258,0.8981256221903908,6822626.2261874005,1.3346198602042991,Walking_Xiaoye_3_2min_20260129_111759.parquet,0,Walking,16.282456,18.257499,Non-Fall
2.171479157019784,1.652191095590312,0.05895564545257588,2.6157347007561933,0.23704843851670768,0.5917990652965343,153.19993628484414,0.0559892033926338,0.37340701663919706,-0.8137318473314776,3770.3419609364882,0.842968065518574,3705627.921638799,1.1371472170458203,Walking_Xiaoye_3_2min_20260129_111759.parquet,0,Walking,25.981671,27.981792,Non-Fall
2.3130101120814053,2.7065372094506666,0.06779564911930643,2.8628915777948607,1.4498632364282682,1.0501405598837166,551.3570609197943,0.8372399246338694,-0.1210160260395334,-1.0248196211459202,3980.2741770692865,0.939247257193967,8870419.151696244,1.5235009675387707,Walking_Xiaoye_3_2min_20260129_111759.parquet,0,Walking,26.982025,28.98399,Non-Fall
1.741562251785251,1.928047438771832,0.03836387319621014,1.9553485749243884,0.2072914905851943,0.6232770150659264,162.7569357013876,0.08274199263641473,0.23063300424265004,-1.0730271248769214,3809.846722252585,0.8286426370517325,4353792.682639744,1.2406798631999865,Walking_Xiaoye_3_2min_20260129_111759.parquet,0,Walking,40.585352,42.557477,Non-Fall
2.2692961823192546,1.880431079242527,0.034512052129965214,1.8133585630723643,2.7096014704239715,2.33660534089123,3354.5220478557235,3.260249272864603,0.9810602467950726,-0.18366665291334705,3889.0133533055837,0.859771080461951,12055430.685086498,1.0112526650086062,Walking_Xiaoye_3_2min_20260129_111759.parquet,0,Walking,41.582102,43.557481,Non-Fall
2.767036225376821,2.4896348637307057,0.03245258620657288,1.7341786301988493,2.1075796042592603,2.2924171045368626,1794.7193133010921,2.165859968872375,1.3630401379646357,0.6245207379507023,3925.6956222969184,0.859337207531814,17304087.727710873,1.1458624586896724,Walking_Xiaoye_3_2min_20260129_111759.parquet,0,Walking,82.68277,84.657532,Non-Fall
1.616432148920278,1.5695517863492006,0.02456778983783419,1.4049080515281203,2.1075796042592603,3.135661199249557,886.6454059512049,1.2801991083460975,1.0582812847317293,-0.1377095929405535,3742.922198962178,0.710923475151581,33678537.58027271,0.8333083151521815,Walking_Xiaoye_3_2min_20260129_111759.parquet,0,Walking,83.682162,85.657532,Non-Fall
1.9891135133300064,-0.15500988247779585,0.03881464915300923,1.9714901638822717,0.856859456812876,0.7710605551306715,432.7027447960131,0.6487109459169803,0.771219158598726,-0.15690351716300147,3403.2525160359073,0.8865448722478615,8096882.154851073,1.6109457961614475,Walking_p1_1_35sek_20260204_152601.parquet,0,Walking,8.004842,9.978455,Non-Fall
2.774736715749579,-0.13539660525391903,0.06670796306209432,2.8333881786036494,1.2841502449538393,1.0882666595417563,724.9392155070732,1.079539271768596,0.8454577440152254,0.2161619374714573,3391.2817388717635,1.0430087366823688,5333130.748273288,1.442505863842027,Walking_p1_1_35sek_20260204_152601.parquet,0,Walking,9.004609,10.978399,Non-Fall
3.222384107029686,0.2669328502550973,0.06017988183341335,2.651019064144771,2.736708966890278,3.2147003225379365,3425.993366967365,3.3034328089496228,1.704444745157833,1.5264520202348535,3519.439295930252,1.010248915569726,31401085.409615126,1.3519040931979645,Walking_p1_1_35sek_20260204_152601.parquet,0,Walking,10.003309,11.983064,Non-Fall
1.257862402321258,-0.20356447964388016,0.030937838575670416,1.6743248791566587,0.7631077829219475,0.7697176451070027,359.4832982485803,0.5191453112703389,-0.38266223695711393,0.0059669342785586,3222.917597075777,0.82834492996463,3906046.9611493405,1.2135112221927467,Walking_p1_1_35sek_20260204_152601.parquet,0,Walking,12.003118,13.978437,Non-Fall
1.8678716687525576,-0.6906711884443857,0.046206672965403206,2.2239212735141303,0.49716472475989354,0.41983440803906663,197.97595632192136,0.17510869718319827,-0.09193524536114785,-0.17722034160622827,3278.070042510702,0.9151605837399277,4069796.0709339725,1.612779296960866,Walking_p1_1_35sek_20260204_152601.parquet,0,Walking,13.002937,14.978387,Non-Fall
1.8678716687525576,-0.8340997226440154,0.030660518587170792,1.6632093631912017,0.49716472475989354,0.31986896435398604,165.96592193875898,0.0915478126018845,0.2016375194500602,0.5008487364620856,3177.243229529122,0.7894193194622556,3128012.414820924,1.2276102174949435,Walking_p1_1_35sek_20260204_152601.parquet,0,Walking,14.005044,15.978422,Non-Fall
0.31079629157619104,-0.6362323441338231,0.008731232365826583,0.5143725111780744,-0.15310230344379613,-0.012165671914500496,64.4165307688917,-0.25017629816590015,0.5674282490303406,-0.20076279833326444,3106.8600530000754,0.6893780678450592,1298814.6969621521,1.0981493045047257,Walking_p1_1_35sek_20260204_152601.parquet,0,Walking,15.003361,16.97844,Non-Fall
0.5507679406657274,-0.7031210645603432,0.01012827682324451,0.6156412624629418,-0.01665802613552188,0.020229967579875524,97.23756029302714,-0.12107107763932852,0.5995028029592072,-0.22153130984699804,3124.7519381415514,0.6823837168709782,1207026.6955815249,0.8635368872566245,Walking_p1_1_35sek_20260204_152601.parquet,0,Walking,16.004878,17.97844,Non-Fall
0.9110685466310606,-0.6410028554250137,0.023796169034330416,1.3700029629885517,2.3521422226707633,0.8935826223310445,1564.486298459309,1.9681099686261496,0.2016821652514735,-0.19115817444961655,3199.297878403013,0.753774346816289,3494553.8508038097,1.224863348714194,Walking_p1_1_35sek_20260204_152601.parquet,0,Walking,17.004596,18.978416,Non-Fall
0.9110685466310606,-0.27354731962181683,0.021556947637959598,1.2653725738837929,3.113072564373994,3.022864745491907,3878.0436780669797,3.5667172869592996,0.07023766399354575,0.02883470157556396,3298.91716934214,0.7923593855840998,61052064.66872645,1.2190405785642775,Walking_p1_1_35sek_20260204_152601.parquet,0,Walking,18.004644,19.978439,Non-Fall
0.9566137601728644,-0.4041734548144608,0.022597985743148905,1.314660337163947,3.113072564373994,2.483136008875936,3663.1764272600176,3.443603914271636,-0.6215843960649678,0.3107288953656656,3209.066987603552,0.741278575927995,12712737.856326325,0.8955631388738654,Walking_p1_1_35sek_20260204_152601.parquet,0,Walking,19.003158,20.978444,Non-Fall
1.3067024218991714,-0.3170754346927339,0.04388345686196784,2.146916254802397,0.7592499518392757,0.8238967188620379,336.96776090990994,0.4766925932522257,-0.6354571490515457,-0.46101236436786686,3313.5605051364764,0.8920649282220512,5758779.31706943,1.325259585211337,Walking_p1_1_35sek_20260204_152601.parquet,0,Walking,20.006412,21.97842,Non-Fall
1.3067024218991714,-0.10517989578432964,0.037248058666381166,1.9149802632627284,1.683344419926201,1.4762293949463867,1111.1747242422039,1.5305191093258135,-0.4834782154916454,-0.29788666175939993,3228.67456343884,0.8291530702218125,6765546.4155273745,1.2520899656343352,Walking_p1_1_35sek_20260204_152601.parquet,0,Walking,21.00321,22.978445,Non-Fall
0.8604757364963405,-0.4865068986571669,0.014087239799430546,0.8695819317759143,1.7423021129916636,2.557046110470311,1688.9016258325114,2.0766517942118994,0.22570929629190983,0.6785369569042535,3217.3165844399673,0.6997268711606098,39720709.54338534,1.0071539947490329,Walking_p1_1_35sek_20260204_152601.parquet,0,Walking,22.004762,23.978394,Non-Fall
1.8190374245822107,-0.12818132494770193,0.03925802533007036,1.9872755967120346,1.7423021129916636,1.9482631184368677,1623.7404202597813,2.0203224636700403,-0.16940078712870826,0.6702868865325681,3259.002190082344,0.8471548501108844,10229212.07271433,1.1273515947820143,Walking_p1_1_35sek_20260204_152601.parquet,0,Walking,23.004825,24.97842,Non-Fall
1.8190374245822107,-0.1460699364646901,0.05507713038771967,2.5014612399118366,1.7537088779704075,1.2147962972662527,1462.03713827055,1.8754461188359215,-0.14117605585758333,-0.11028851210153036,3329.6948993449987,0.9879125140925377,5316005.334688217,1.2651912749202865,Walking_p1_1_35sek_20260204_152601.parquet,0,Walking,24.005279,25.978411,Non-Fall
1.601001063307251,-0.8072814285335354,0.024137411413180963,1.385508174495039,2.18586266382709,3.001178353159509,2795.065283193621,2.9049404690060836,0.5981724072313184,1.3018064469750918,3224.8154877216975,0.7373487289675017,53070382.34620001,1.0457309764439393,Walking_p1_1_35sek_20260204_152601.parquet,0,Walking,25.004494,26.97839,Non-Fall
1.033599715849776,-0.6815498926210484,0.01643002554448691,1.0030914820182795,2.18586266382709,2.3463624127528884,2796.5140923866684,2.9059044215979357,0.7086911583350981,0.36963528512507177,3158.991997466492,0.7413814920250826,13342037.992781686,0.9124978616612266,Walking_p1_1_35sek_20260204_152601.parquet,0,Walking,26.003704,27.978426,Non-Fall
1.033599715849776,-0.19842000606488625,0.01807666402204968,1.09129831987903,0.48167695483221695,0.5324186419999456,339.55973654654576,0.48165052691063753,-0.2154982386709819,-0.047974571652422464,3214.3313184958197,0.7686565924616319,3823679.2600569474,1.3408581441305316,Walking_p1_1_35sek_20260204_152601.parquet,0,Walking,27.003378,28.978452,Non-Fall
1.584499150389711,-0.3638023791262193,0.02506425947731929,1.4270771963978028,0.4626141222360588,0.6639818149510817,387.4597527812625,0.5700827204533085,-0.28463189467822864,0.18899649550165823,3271.795402071479,0.7519530537678948,5069094.252260734,1.5764890367226587,Walking_p1_1_35sek_20260204_152601.parquet,0,Walking,28.003138,29.97844,Non-Fall
1.584499150389711,0.04736698429258632,0.04564247436000166,2.205401809638942,0.6529977208017449,0.7386133515460026,354.71013622322795,0.5102591866248574,-0.13073394101772973,-0.43206659274161263,3356.8830120901307,0.899816581909714,5020157.783433007,1.5027190323608093,Walking_p1_1_35sek_20260204_152601.parquet,0,Walking,29.004353,30.978399,Non-Fall
1.4785178519974473,0.14985916050495898,0.04106072464543858,2.050556707402646,0.7323474076088992,0.6384560631627255,400.35627045640604,0.5929432521854314,0.0635792940778429,-0.38508367526285087,3335.8304554055762,0.8593711283963865,5490921.831677044,1.394559010811347,Walking_p1_1_35sek_20260204_152601.parquet,0,Walking,30.003941,31.978445,Non-Fall
0.8410168902824773,-0.42469788350081633,0.022441935568265924,1.3073456119230296,1.7549442627021319,0.9058307801346832,757.9911506826096,1.1222439262020476,-0.5770992116028998,-0.31766745979230804,3265.4124424881893,0.7846002224210307,5052912.853449424,1.219412279929409,Walking_p1_1_35sek_20260204_152601.parquet,0,Walking,33.003714,34.978451,Non-Fall
0.8410168902824773,-0.34711585979170223,0.028342542259861072,1.5682610013468659,0.3973287685334598,0.5229438616574051,190.19674853400502,0.15546349932753106,-0.7167837163217076,-0.6382557434445114,3239.4338000021676,0.787986536320395,3866984.519686222,1.2833577694507567,Walking_p1_1_35sek_20260204_152601.parquet,0,Walking,34.003031,35.978452,Non-Fall
1.2099889036825202,-0.3141133409258148,0.033833800112317076,1.787549497742369,0.5650571996692637,0.6803255337793516,231.88457509579456,0.25654098394514585,-0.8181995614102158,-0.2708233464224247,3307.7753636790007,0.9089131443490702,3695802.3998861117,1.3937327088782703,Walking_p1_1_35sek_20260204_152601.parquet,0,Walking,35.005017,36.97843,Non-Fall
1.2099889036825202,-0.0265046057967231,0.04250083431327907,2.100117739581461,0.6667334776750421,0.7174545249098075,316.4595485088284,0.4367722389391046,-0.8766992696744694,-0.46564800609560913,3281.0377586759737,0.838245642105733,5835776.417518009,1.5312522517561087,Walking_p1_1_35sek_20260204_152601.parquet,0,Walking,36.00298,37.978449,Non-Fall
1.3852247415565127,-0.4519081822215279,0.03916165758538373,1.9838522478885325,0.6667334776750421,0.6213916501971765,354.44624949932324,0.5097661737442513,-0.23456323663744683,-0.5696547810754004,3258.966585017654,0.8291337115747335,4355079.081028513,1.4218921136785143,Walking_p1_1_35sek_20260204_152601.parquet,0,Walking,37.005881,38.97843,Non-Fall
1.294800795432014,-0.06524995531096917,0.02216075795474906,1.2941011514163905,0.0027819062213098973,-0.07374811059388628,102.30467964577177,-0.10322304082232862,1.0116129879056384,-0.1213941313439727,3216.368812080132,0.7067533801476402,1024189.9439270195,1.2069667287625463,Walking_p1_2_35sek_20260204_152703.parquet,0,Walking,2.202776,4.17652,Non-Fall
1.8894450722425347,-0.14531120361555133,0.06501878750230997,2.7870884287284126,0.6779231795747931,0.4941126945662667,280.74441352870576,0.3640282520672738,-0.22809941167042858,-0.5188981499321612,3355.446914179869,0.98620999315657,4120081.752236951,1.4579027367635304,Walking_p1_2_35sek_20260204_152703.parquet,0,Walking,3.202588,5.176569,Non-Fall
1.8894450722425347,-0.5789522206578557,0.07614907034516091,3.0820113082890894,0.6779231795747931,0.9052242615237783,235.52786948673813,0.26492513615043206,-0.06250887768168246,-0.8368512835371323,3449.9458353781174,1.0628606150704374,6647694.241922859,1.3773141472452743,Walking_p1_2_35sek_20260204_152703.parquet,0,Walking,4.202668,6.176527,Non-Fall
3.3088124429084402,0.05507206226447648,0.08003430552098381,3.179817292694254,2.7620267904487847,1.4886162962263323,1482.3549766759334,1.8940753095955085,0.7040519091599455,-0.23458621665083904,3507.3995624374875,1.04578453314858,7390702.521466158,1.3542516447262958,Walking_p1_2_35sek_20260204_152703.parquet,0,Walking,5.203126,7.176516,Non-Fall
1.5295218914162771,0.01422851866907239,0.04936038151144114,2.325419514265419,0.4047216200482492,0.44744456482346917,179.91664336604663,0.12887561521742782,-0.15584361922309334,-0.4697816894637094,3378.3245539962018,0.9567953620570584,3217787.861450308,1.3976430501630053,Walking_p1_2_35sek_20260204_152703.parquet,0,Walking,8.201389,10.17652,Non-Fall
2.143458967625548,-0.2259472914656475,0.07126066726060065,2.9553349512224107,0.4047216200482492,0.7286555971649722,204.4480483098128,0.19116067352025382,0.07369571440860975,-0.7275369413237944,3521.719479494911,1.1003207044823242,5477483.266419224,1.4427812227552208,Walking_p1_2_35sek_20260204_152703.parquet,0,Walking,9.203121,11.176574,Non-Fall
2.143458967625548,-0.06524477552771456,0.06780442703420145,2.863128711516434,0.5510857218563253,0.9603558790698148,218.22327466847423,0.2245007631364713,-0.09580589263718846,-0.7241397046135527,3419.720241585262,0.9325698934257856,6241322.596393002,1.1158919507407363,Walking_p1_2_35sek_20260204_152703.parquet,0,Walking,10.201369,12.176547,Non-Fall
1.031900246572946,-0.05729396739962339,0.029231406671261183,1.6051135363464215,0.7199152779790042,0.7613635565281964,259.97238594106244,0.3195768110602991,-0.4232242647153712,-0.5766152007252014,3233.341485027931,0.8053187737405024,4168155.3138682744,1.1255977826820762,Walking_p1_2_35sek_20260204_152703.parquet,0,Walking,13.700911,15.676521,Non-Fall
1.031900246572946,0.011081971001958131,0.033854927907533784,1.7883573425264951,0.7199152779790042,0.610854571070955,319.6123424830245,0.4429917400472747,-0.5095834262952398,-0.7145964036470754,3265.2209145240954,0.8420285067663491,5369859.418941817,1.4573553014403673,Walking_p1_2_35sek_20260204_152703.parquet,0,Walking,14.702777,16.676554,Non-Fall
1.2661664367957566,-0.5677788462342969,0.03042435243636005,1.6537036753168322,0.6846274178904923,0.7126518517833927,346.6265122527045,0.49507254395500294,-0.046077430145426826,-0.6005593919367036,3275.8931295442458,0.8146878860715251,5586873.338670547,1.4521118926463223,Walking_p1_2_35sek_20260204_152703.parquet,0,Walking,15.702853,17.676511,Non-Fall
1.8458549514461213,-0.08553430056981697,0.04946922377212671,2.32886369558433,1.1138253816006523,0.9756543404331982,454.84648495402536,0.6856937874425829,-0.06972376386143395,-0.2666757652175158,3322.3646559322938,0.8789462140197611,6233609.967768545,1.3917265943126884,Walking_p1_2_35sek_20260204_152703.parquet,0,Walking,16.702706,18.676582,Non-Fall
0.9788192957722757,-0.04272058862940923,0.025145884033345903,1.4307009374997726,0.35701988331583473,0.5490248194854688,191.73658809769765,0.15938357362909836,-0.020214612404287124,-0.3978737782693411,3319.9864247981195,0.7882369666791772,4011869.9436063613,1.3555621207086475,Walking_p1_2_35sek_20260204_152703.parquet,0,Walking,19.70468,21.676528,Non-Fall
1.0762036610055024,0.3032132795792202,0.03207591473818988,1.7194276559603656,0.4887237542637825,0.47618113727201006,227.50564468519187,0.24637630116867626,-0.383591704155963,-0.5753117308741956,3320.5627311797116,0.8596205923214626,4084514.803132507,1.42727631474832,Walking_p1_2_35sek_20260204_152703.parquet,0,Walking,20.702688,22.676528,Non-Fall
1.2570449816092915,-0.42513075815641665,0.0406942583836001,2.0378067160466027,0.4887237542637825,0.523006673836285,193.24910061283583,0.1632187845019509,-0.3475601629372568,-0.5681346204431412,3318.269910490224,0.8911183502962966,4109895.2364051733,1.3591594483936016,Walking_p1_2_35sek_20260204_152703.parquet,0,Walking,21.703072,23.676562,Non-Fall
1.2570449816092915,-0.49973011361071035,0.04466095750927735,2.1729092470921993,2.2106567396821033,1.2183572937538478,1218.1996382626662,1.64087401882801,-0.11406801271826841,-0.5053794858124474,3295.0015820606923,0.850035554177138,5312952.441022497,1.0638630040347388,Walking_p1_2_35sek_20260204_152703.parquet,0,Walking,22.701206,24.676557,Non-Fall
1.3181757823325728,-0.05929821815620865,0.03218348186621273,1.7236489278106373,0.9024870221212052,1.0349811299664475,424.50033564078,0.6347724387006892,-0.6656298156301509,-0.40110569603131646,3241.247036352637,0.8381128260052044,5423126.925308579,1.19149954482648,Walking_p1_2_35sek_20260204_152703.parquet,0,Walking,25.701011,27.676521,Non-Fall
1.3181757823325728,0.008518259132860246,0.029076126195683328,1.5987163821004948,0.9024870221212052,0.7243871998001511,369.1125542182583,0.5368941765432874,-0.21547389036555709,-0.5733631740466458,3318.112070419729,0.8475582680615541,6926655.163320243,1.5828333816167184,Walking_p1_2_35sek_20260204_152703.parquet,0,Walking,26.701271,28.676511,Non-Fall
1.0875767568483377,-0.5273214583233606,0.030071291192005387,1.6394238871967637,0.5275586233573212,0.47554840329342224,239.55614496308058,0.27412009060871223,-0.008111455840734612,-0.5857630635420049,3278.57699106682,0.7960214796421172,3989901.570767168,1.5280586485615686,Walking_p1_2_35sek_20260204_152703.parquet,0,Walking,27.703285,29.676566,Non-Fall
1.2443604683190954,-0.29601163360554994,0.044870600580574405,2.1798791167695284,0.9079401332281476,0.7632245514638739,366.5268035518546,0.5321510297719921,-0.10242136791149307,-0.6722821767043329,3252.483358241095,0.8562668073758429,4189766.4937989693,1.5363594451189861,Walking_p1_2_35sek_20260204_152703.parquet,0,Walking,28.701017,30.676554,Non-Fall
1.2443604683190954,-0.15922078895378328,0.04385884563267543,2.146089720817689,2.4713299145409278,1.299188354984024,1705.7264206712184,2.09101881562596,-0.10411247023677098,-0.6204967498070103,3305.0545562519565,0.9070757052130907,6836755.268493876,1.53502114123556,Walking_p1_2_35sek_20260204_152703.parquet,0,Walking,29.701872,31.676542,Non-Fall
1.0957066274119682,-0.4421596824258592,0.02065979765936614,1.2219336442715294,2.4713299145409278,2.748503216846818,3165.112642127104,3.1435286838522427,0.02979121100707115,0.09498824867970879,3289.1023810692277,0.7881964634504909,52765150.54273425,1.2596125430104346,Walking_p1_2_35sek_20260204_152703.parquet,0,Walking,30.701208,32.676516,Non-Fall
0.4952279336628736,-0.4867764919939402,0.01590922087523154,0.9742806420620098,2.2618881330569076,2.163457539333975,2680.8689045187807,2.8281586209169296,-0.19472631671752844,-0.19306368600045057,3173.0746819629267,0.728555079112042,10896031.932202162,0.8939886032208375,Walking_p1_2_35sek_20260204_152703.parquet,0,Walking,31.702884,33.676537,Non-Fall
0.9282637072030067,-0.5124249441688871,0.03597704973080945,1.8682533742423137,0.28966578758482725,0.42386872220316496,259.20467433421595,0.31790050928968666,-0.7968888361429403,-0.5775480767094221,3242.083549272819,0.8174934306812879,3468084.6549479156,1.520634816177933,Walking_p1_2_35sek_20260204_152703.parquet,0,Walking,32.701739,34.676507,Non-Fall
1.033599715849777,-0.5721217065613698,0.04232512737304624,2.0941162829695434,0.42679099728002085,0.4376226307719656,223.54358577194472,0.23709465794420695,-0.6657434806338366,-0.6195470119843103,3240.258375001483,0.8881738844246629,3575713.414387333,1.3992189916573377,Walking_p1_2_35sek_20260204_152703.parquet,0,Walking,33.702607,35.676566,Non-Fall
1.257317467744728,-0.3176253900703542,0.04021029598002354,2.0208805342833767,0.6774881031084886,0.5460414918092262,239.05787078806526,0.27298694046730326,-0.6561066564968109,-0.44130375149135026,3296.420666543164,0.9099771967587614,4315970.09457979,1.5484042543459622,Walking_p1_2_35sek_20260204_152703.parquet,0,Walking,34.702699,36.676562,Non-Fall
1.609235708777362,-0.09299973336435516,0.04583978485342437,2.2118913496187247,0.7990647548163757,0.8421598543228321,525.8104224968987,0.7985110916179978,-0.6062512786135833,-0.3080876555315978,3282.8499405587654,0.8607243913822641,4566867.899357935,1.3850934392408156,Walking_p1_2_35sek_20260204_152703.parquet,0,Walking,35.701328,37.676528,Non-Fall
2.2358319331607963,-0.34456463962036404,0.03815908013593736,1.9479839322358246,2.347803741113534,3.055361214722141,2991.3706276349367,3.03335104144583,0.7394305936193878,0.8251868581655876,3361.0191880708994,0.9400340915854358,43309593.639930665,1.129493405424738,Walking_p1_2_35sek_20260204_152703.parquet,0,Walking,36.701547,38.676528,Non-Fall
2.2358319331607963,-0.3431774101491529,0.02456127905508447,1.4046158410020058,2.347803741113534,3.0281977165095664,2805.7595140927447,2.9120499105359494,1.7953207995914202,1.8390804545994326,3140.143750930443,0.6887822513145602,23181843.050886877,0.9070852838859744,Walking_p1_2_35sek_20260204_152703.parquet,0,Walking,37.702656,39.676557,Non-Fall
-0.5279021406384786,-0.8273590043071727,0.000580885275407763,-0.46112829641415065,0.3672619746089057,0.05364222969315426,375.805400709031,0.5490945395047399,0.11037691223050178,0.3372059958030327,3060.763920767758,0.6278881570854478,900049.8200419382,1.6563893087316102,Walking_p1_3_35sek_20260204_152758.parquet,0,Walking,0.20202,2.177315,Non-Fall
0.032391422180951895,-0.6074684054313001,0.003760755742440156,0.06254859877020469,0.3672619746089057,0.7525519727391975,443.94650017655556,0.6676047372103747,0.8798047262907778,0.5530591745069928,3209.3438426814755,0.6835974700795587,8534444.993088346,1.0761110524182262,Walking_p1_3_35sek_20260204_152758.parquet,0,Walking,1.203665,3.177342,Non-Fall
1.3342015397996199,-0.2041035620680332,0.0260741194853619,1.471503561992249,0.3652172078268434,0.7246417439156665,315.31536274512786,0.4345074524991935,-0.05561779384817149,-0.2799657636961537,3202.000388459209,0.7348478498707117,3683733.1457131105,1.154303540119249,Walking_p1_3_35sek_20260204_152758.parquet,0,Walking,2.20388,4.177273,Non-Fall
1.3342015397996199,-0.0743953059707652,0.03903293721751547,1.979273033566684,0.37987606094383214,0.5812074702665465,162.90673595577235,0.08315498272659944,-0.46996641370693376,-0.840620229325463,3348.2758433234353,0.8865048569705947,4373303.121237824,1.213312298234156,Walking_p1_3_35sek_20260204_152758.parquet,0,Walking,3.201941,5.177334,Non-Fall
1.4883592268063774,-0.12625338732760305,0.04425111022204117,2.1592359018052196,0.9447329192516061,0.7886067716899737,232.4277600731643,0.2577951482608221,-0.47410736891555627,-0.5629604306423073,3389.821439787464,0.9672008586089068,6332667.312068873,1.5090371360650976,Walking_p1_3_35sek_20260204_152758.parquet,0,Walking,4.203662,6.177289,Non-Fall
1.4883592268063774,-0.09662877927034455,0.04336340455876532,2.1294014232728156,2.296972759883989,1.9222002953852204,2540.687078699871,2.731632999445473,-0.36313241588302925,-0.4091256482511652,3285.146415704803,0.8621086053679339,7199393.620109342,1.0624198466550738,Walking_p1_3_35sek_20260204_152758.parquet,0,Walking,5.205679,7.17729,Non-Fall
1.2219253307824705,-0.28615903994736447,0.020512896513234003,1.2147316437273536,2.659900740560219,3.221013288698915,3784.1322150815186,3.5133392707913274,-0.22301294979276437,0.14560148597917105,3228.274101569785,0.7127871040742616,69079245.27212374,1.0896248309532734,Walking_p1_3_35sek_20260204_152758.parquet,0,Walking,6.202063,8.177322,Non-Fall
0.8211946723007068,-0.6241395297113681,0.01878723738698633,1.1281163346142,2.659900740560219,2.2613046945735458,3016.306399462218,3.049357018427296,-0.4974718998073868,-0.003072478523524109,3192.6580701978028,0.7565162465605236,12914968.313099656,1.4098448903014613,Walking_p1_3_35sek_20260204_152758.parquet,0,Walking,7.202012,9.177322,Non-Fall
0.8211946723007068,-0.41515853584722007,0.030102715580931888,1.6406982535855668,1.2718281499140578,0.665219396214972,494.39486919100943,0.7495710710129154,-0.757432775677098,-0.5498367928807624,3242.609286050604,0.859486778869912,4010687.723901073,1.3770674348835668,Walking_p1_3_35sek_20260204_152758.parquet,0,Walking,8.203649,10.177275,Non-Fall
1.1481342052375079,-0.21332108726745436,0.037013177217529405,1.9064059352861027,0.6919445464561192,0.4161736133781974,259.7790829126484,0.319154966426645,-0.4880848161238687,-0.6738620513064897,3267.79824251039,0.8615041452968113,3623716.731127041,1.639026622592213,Walking_p1_3_35sek_20260204_152758.parquet,0,Walking,9.203511,11.177322,Non-Fall
1.1481342052375079,-0.4681792434110044,0.03614645850127889,1.874528604787743,0.6919445464561192,0.546381702655957,308.7415292363648,0.4214148989459514,-0.1493329086254804,-0.7512395841312657,3317.8146791847803,0.8334871905138554,4793526.191211654,1.5887303039880085,Walking_p1_3_35sek_20260204_152758.parquet,0,Walking,10.203887,12.177337,Non-Fall
1.1091377528185564,-0.2014695393042891,0.034668612873578586,1.8192799399708928,0.4154201241638499,0.45933984975201214,259.0480004991929,0.31755810639400334,-0.3607956514945234,-0.8393298448447176,3238.205955085773,0.790367291898392,3704954.775175325,1.36894846269286,Walking_p1_3_35sek_20260204_152758.parquet,0,Walking,11.203433,13.177325,Non-Fall
1.1091377528185564,-0.3304328032460997,0.023077450151925926,1.3369782164447095,2.4143593152292246,2.6506060712169583,3725.543541586459,3.479702205163992,-0.20683507487087782,-0.20033015641097682,3232.9134378002846,0.8411091690721165,24663787.880020007,1.2536864102816,Walking_p1_3_35sek_20260204_152758.parquet,0,Walking,12.2034,14.177279,Non-Fall
0.3527975989891092,-0.699560889769771,0.010397660517708336,0.6343464072471048,2.4143593152292246,3.0856206196174867,2858.634801956396,2.947003554804951,-0.8197547415561109,0.6338846119101552,3143.2051947484138,0.651687604065453,36392326.493619874,0.9943656420388147,Walking_p1_3_35sek_20260204_152758.parquet,0,Walking,13.202441,15.177318,Non-Fall
0.7862208914402546,-0.6167097835574503,0.017567375468208392,1.0644625870852353,0.8496969009997483,0.6922028223195776,368.30625981803445,0.5354169458334319,-0.2847712722031984,-0.017953172409605346,3228.513656001412,0.7926638412666294,3808070.636830462,1.1943497823117981,Walking_p1_3_35sek_20260204_152758.parquet,0,Walking,14.201658,16.177295,Non-Fall
0.7862208914402546,-0.39970428647589107,0.02929067513296165,1.6075507620260139,0.36781024083687275,0.3260829937612997,212.54808278969827,0.21089639770430837,-0.5071176334281441,-0.7174161714897109,3212.5258405608342,0.7737963879529451,3302530.851972199,1.488462758329662,Walking_p1_3_35sek_20260204_152758.parquet,0,Walking,15.201905,17.177334,Non-Fall
0.6514601101447126,-0.29647773026260793,0.028660148324989906,1.581494501073486,0.36781024083687275,0.37154120977337746,217.74413362391283,0.2233590732474917,-0.48276252167889777,-0.8138812346741363,3302.7515864844477,0.8483315010366032,3258298.6109138005,1.5739101570649896,Walking_p1_3_35sek_20260204_152758.parquet,0,Walking,16.201903,18.177315,Non-Fall
0.6591965450786234,0.09482557163740953,0.02391768235748968,1.3755368964274057,0.40903940098505104,0.3346054001027405,223.01361636102644,0.23584691806241045,-0.1225372752555171,-0.8962856462213742,3275.8883907664886,0.7926220678980231,3088452.14873102,1.654165622962429,Walking_p1_3_35sek_20260204_152758.parquet,0,Walking,17.204197,19.177322,Non-Fall
0.9132389305287157,0.10125452589683688,0.028380716005974832,1.569855470561299,2.4828209756301436,1.2467351573191199,2286.8092249144156,2.5497777397572903,-0.21005491019455888,-0.5704979051550062,3225.51692762566,0.7883544509573701,3818113.5868529975,1.4275766996951418,Walking_p1_3_35sek_20260204_152758.parquet,0,Walking,18.201869,20.177342,Non-Fall
0.3373306028726929,-0.38455562918061753,0.017666440266591803,1.0697127389699426,0.23909273083340357,0.41154940079806035,202.5420285721248,0.18646012651535748,-0.6810709232257419,-0.4621762288968108,3201.9587656300905,0.7751751886042546,2866207.1646001223,1.392508974375999,Walking_p1_3_35sek_20260204_152758.parquet,0,Walking,21.201915,23.177322,Non-Fall
0.9062907185932361,-0.49000515551404633,0.028645575052370233,1.5808888952941722,0.6466878903558057,0.4653220259882775,235.79972998256605,0.26554814815198535,-0.6566493797103142,-0.5250278837996947,3252.3157696587473,0.8216824547822942,4257172.813938709,1.3172844701186022,Walking_p1_3_35sek_20260204_152758.parquet,0,Walking,22.201733,24.177325,Non-Fall
0.9301389605211025,-0.43877747240787374,0.0395854266417445,1.9988748612588774,0.6466878903558057,0.577640965650972,235.12125067171945,0.2639926323483344,-0.5903364513917659,-0.7724286874768854,3250.653417551964,0.8389123716341959,4126735.4125442626,1.4024588475903894,Walking_p1_3_35sek_20260204_152758.parquet,0,Walking,23.201545,25.177337,Non-Fall
0.9301389605211025,-0.5238227950306309,0.03159020893211186,1.7002783001780772,0.677051408548723,0.768994209540415,299.82240593612823,0.40342650253485524,-0.3108171282006839,-0.646607730494463,3205.6378412342715,0.8236315706151435,5725573.429615686,1.2280555462259986,Walking_p1_3_35sek_20260204_152758.parquet,0,Walking,24.201939,26.17729,Non-Fall
0.6950013260650869,-0.616393587868567,0.02037854666886578,1.2081223743611078,2.959921993990416,2.4331235863955767,3537.9876816055494,3.370204588901149,0.310021633878904,-0.48652615711020736,3223.3289764037368,0.8004332405124402,10145279.510096371,0.9963929653537434,Walking_p1_3_35sek_20260204_152758.parquet,0,Walking,25.201953,27.177275,Non-Fall
0.6641964735588033,-0.4155414104214133,0.01440389023219297,0.8882441761545563,2.959921993990416,3.0619936353198174,3848.493261469227,3.5499916107441463,0.07740112295708333,-0.36094462077244355,3160.1076781837655,0.6797612935533591,65538876.7887521,1.1447404298583335,Walking_p1_3_35sek_20260204_152758.parquet,0,Walking,26.201927,28.177322,Non-Fall
0.26467163596788834,-0.45879502752685675,0.013681904257588948,0.845384073717361,2.6302548841802733,1.1600789848802322,1898.9551020925824,2.2511979811602525,-0.6449095236964618,-0.5552622079672344,3170.7275501722556,0.7033978735990455,3631250.521910573,1.2116654777853484,Walking_p1_3_35sek_20260204_152758.parquet,0,Walking,27.201802,29.177284,Non-Fall
0.7950962439589099,0.18385827044169203,0.00861978593074068,0.505955888566462,0.05291959782846167,0.050385789832177556,154.8708350931686,0.06072549271702192,1.1639185106456678,0.7786396326047468,3372.423537395856,0.6845141241141606,2155388.9751908695,1.5423581089190026,Walking_p2_1_35sek_20260204_154526.parquet,0,Walking,0.900724,2.875853,Non-Fall
0.7950962439589099,0.39584359302037797,0.017291061156589328,1.0497399788487185,0.05291959782846167,0.189920156457721,126.54654340465939,-0.023384454900033227,0.35390495256446447,-0.6373929294469726,3401.904862446907,0.7356889369973991,1901451.0536273343,1.2433809118087098,Walking_p2_1_35sek_20260204_154526.parquet,0,Walking,1.901913,3.875792,Non-Fall
0.5575722166786513,0.3776616653157592,0.018691185778557017,1.123180662956653,-0.22504794231022912,0.018010262939256828,70.07657506276962,-0.22588908106887953,-0.3148884755602341,-1.0012569682353127,3377.587233257043,0.7483802606292257,1663337.89608004,1.2712202006534656,Walking_p2_1_35sek_20260204_154526.parquet,0,Walking,2.901924,4.875853,Non-Fall
0.927830866927726,0.6605402958364456,0.025158203187670976,1.431247338115752,1.1862024181680135,0.6075374117976527,421.81767115330825,0.6301845609098095,-0.20269121443625832,-0.801351138279045,3448.159095548457,0.7808822284480298,2853766.724617813,0.9648843998090916,Walking_p2_1_35sek_20260204_154526.parquet,0,Walking,3.902464,5.875812,Non-Fall
0.927830866927726,0.9537434134120698,0.018611530786648532,1.1190779141016698,2.3598719403794943,3.088649844645119,2578.68431177512,2.758054554271072,-0.02669288457524256,-0.21244711400438038,3526.058116048387,0.7599288906285683,43491167.74558488,1.1627916936379912,Walking_p2_1_35sek_20260204_154526.parquet,0,Walking,4.900713,6.875821,Non-Fall
0.9351845907442682,0.8506780512110605,0.008031834728701438,0.4606230766700083,2.3598719403794943,2.9228668191191267,2754.55196299018,2.877883388114854,0.9158178672350423,1.1396066899024229,3462.4421601808517,0.6625828830048542,25461567.003621783,0.9612110796024882,Walking_p2_1_35sek_20260204_154526.parquet,0,Walking,5.901924,7.875846,Non-Fall
0.9351845907442682,0.7553849237342122,0.015842381449059313,0.9705491540752059,0.18571458302271393,0.331570195529101,217.95688724487135,0.2238661741814027,0.670698615761311,-0.1161147866618004,3414.0811569985844,0.7501561213835253,2125169.408892935,1.1368935925368142,Walking_p2_1_35sek_20260204_154526.parquet,0,Walking,6.901902,8.902118,Non-Fall
0.9307158348023717,0.30705536400340566,0.02376541909239067,1.3686003170235699,-0.1199927299527992,-0.04987150350391286,73.38389308944987,-0.21215022985933957,0.31287652163892987,-0.7615907748904558,3434.2725834376224,0.7794311966073146,1742755.5266370436,1.3978838308346133,Walking_p2_1_35sek_20260204_154526.parquet,0,Walking,7.9003,9.902397,Non-Fall
0.8173688087764928,0.6542324494146531,0.025786919044658543,1.4589577700794352,-0.1199927299527992,0.01921690450202036,81.27286311919012,-0.18057918361107847,0.08053251668968649,-0.8902830500755436,3437.2362355748655,0.7680095948881137,1686890.245275751,1.3255172010835188,Walking_p2_1_35sek_20260204_154526.parquet,0,Walking,8.915853,10.900384,Non-Fall
0.8173688087764928,0.7813062681205901,0.017556237240070962,1.0638713680037575,1.8020102604786452,1.6248367042846288,2191.387171046446,2.4788308158254124,-0.05811279506888664,-0.49088097689976445,3456.6751174296596,0.7734988516377496,7890108.522598029,1.1790074121030902,Walking_p2_1_35sek_20260204_154526.parquet,0,Walking,9.915858,11.902143,Non-Fall
0.3539235312189022,0.6291455143201071,0.008547490898394428,0.5004669214159195,1.8020102604786452,2.972810448743455,969.4138750033152,1.3758059037648163,-0.7674058982632181,0.09849573433298946,3455.8484816078176,0.650757514870271,38933537.48352897,0.8868582173053733,Walking_p2_1_35sek_20260204_154526.parquet,0,Walking,10.915829,12.90262,Non-Fall
0.517079461825903,0.4995337922995215,0.008768117100511355,0.5171462647258753,1.034110376564695,1.6280820150378248,858.1613899120645,1.246271461044856,0.4830866062364355,-0.35791430534030527,3440.324749837113,0.7031830999364945,12456404.826036135,0.9035809585100002,Walking_p2_1_35sek_20260204_154526.parquet,0,Walking,11.915804,13.900316,Non-Fall
0.8311881547839469,0.5538252859051719,0.018313023517775917,1.1036242045403055,0.35734397038855853,0.36935255077263696,229.96925475767313,0.25210692149831104,0.3580153205552016,-0.6053583265548359,3423.7868635287396,0.7375080596944397,2187785.8924802216,1.1761708101795023,Walking_p2_1_35sek_20260204_154526.parquet,0,Walking,12.915812,14.902486,Non-Fall
0.8311881547839469,0.7347649765362273,0.020819381578321194,1.2297284764648877,0.8760754739114498,0.5702376208659646,465.61896431219066,0.7033594970308502,0.16044421083495547,-0.7647709320486813,3442.573339087023,0.7469442380825888,3128196.2602333426,1.2791107629788094,Walking_p2_1_35sek_20260204_154526.parquet,0,Walking,13.91584,15.901913,Non-Fall
0.5822404673677812,0.8637587457813053,0.009528400589811123,0.573072689154969,1.4281487186735484,2.169009614518124,1330.6922661554918,1.7517572560410937,-0.03843987352290236,-0.10141328174626059,3509.8047031281994,0.7001929307550996,25740662.07790549,0.9953669615103734,Walking_p2_1_35sek_20260204_154526.parquet,0,Walking,14.915841,16.902703,Non-Fall
0.4427178866003261,0.7599650946964329,0.006145725432137809,0.30269285445615335,1.4281487186735484,2.1484987910178526,1141.737425794898,1.5625553338746698,0.48123773964075456,-0.0027180716848797634,3422.218144946733,0.6577913253088356,16436523.86527513,0.7836048631198492,Walking_p2_1_35sek_20260204_154526.parquet,0,Walking,15.916844,17.902029,Non-Fall
0.7541489643364174,0.7246722098659771,0.016113298649077474,0.9856255788719414,0.3406036876963749,0.48462525182235283,268.31202729856204,0.337629368335853,0.4093023530500733,-0.5860194320299119,3441.068036714717,0.7179972332206228,2588339.035627258,0.9752758521784558,Walking_p2_1_35sek_20260204_154526.parquet,0,Walking,16.915794,18.901903,Non-Fall
0.9035379837577101,0.6764959437717892,0.022899862664088385,1.3287392392846424,0.24793477098179942,0.2044964915051541,158.7735766778903,0.07168954633454998,0.1787185028621793,-0.7317181926603796,3446.222766807519,0.7595000443617601,1957551.5177041034,1.4634952443502292,Walking_p2_1_35sek_20260204_154526.parquet,0,Walking,17.91871,19.900521,Non-Fall
0.9035379837577101,0.6919127605956844,0.014652274060740966,0.902739905134146,1.4958961622535123,1.8553272301485642,1705.9335711794242,2.0911952628612513,0.09748267080620154,-0.1534123584940649,3465.013811097662,0.7297710568267076,12616720.76210365,1.0504225641403298,Walking_p2_1_35sek_20260204_154526.parquet,0,Walking,18.91583,20.900292,Non-Fall
0.272361835511263,0.8415143252790995,0.006850097914129363,0.36418109265515836,1.4958961622535123,2.9233841083494805,771.0945661092352,1.1389157958785203,-0.020034645731700846,-0.6521024239005069,3465.5602075650017,0.651423272314761,34601582.7941116,0.8521479920827219,Walking_p2_1_35sek_20260204_154526.parquet,0,Walking,19.915813,21.902963,Non-Fall
1.1013067405656485,0.7963165594491214,0.01791291985833906,1.0827119328875163,1.2005591391506156,1.4720230771714196,819.8261799933917,1.1997081835526735,0.6061675359445605,-0.19042858813313826,3478.063445537937,0.7327512051385627,10778240.954265831,1.0149625564809608,Walking_p2_1_35sek_20260204_154526.parquet,0,Walking,20.915853,22.900259,Non-Fall
1.3277425373272163,0.6451261945994323,0.027512582103012627,1.5333252862261029,0.2128433376033264,0.3045126294043765,148.58738668961044,0.04277883401639443,0.5385819548101501,-0.4023433602598477,3480.5817415665924,0.790476017901476,2062817.9502169208,1.1377489577111368,Walking_p2_1_35sek_20260204_154526.parquet,0,Walking,21.915797,23.900348,Non-Fall
1.3277425373272163,0.8451895023674183,0.03050917646918856,1.657122074485161,0.6697580061758195,0.2680992824422416,192.51929766501087,0.16137013656906135,0.36033204416568565,-0.5246183494819425,3469.6952986646997,0.8090923316024581,2241152.8620649553,1.4608064796470484,Walking_p2_1_35sek_20260204_154526.parquet,0,Walking,22.915794,24.900411,Non-Fall
1.0877170245991523,1.180194301831026,0.020090165489889587,1.1938616398261475,1.7407037712604985,2.2480454865962716,2156.532145388834,2.4525317765747237,0.3376437849242827,-0.15643159474499135,3556.2512096524447,0.762140312362995,24938125.29313089,1.1455861819340796,Walking_p2_1_35sek_20260204_154526.parquet,0,Walking,23.915812,25.900736,Non-Fall
0.95043791817527,0.9106956847106475,0.010619344922596032,0.6495584550618936,1.7407037712604985,2.7681232207969733,1451.8465252394983,1.8660537184877821,0.8986353098556783,0.40999328951223835,3466.406186209586,0.6584330367710389,26035572.285910886,0.8343713867962653,Walking_p2_1_35sek_20260204_154526.parquet,0,Walking,24.915827,26.901777,Non-Fall
1.4087822929296197,0.6503803607315117,0.01881291545991794,1.1294336797310103,0.6771752128841559,0.7703186123796866,552.4506129498344,0.8388775121760079,1.1139553862987093,0.2600470596228395,3476.264205383509,0.7614022704439019,3582575.0675138836,1.003778856593547,Walking_p2_1_35sek_20260204_154526.parquet,0,Walking,25.915853,27.900027,Non-Fall
1.4087822929296197,0.7745424630233795,0.031035525745388582,1.6782284947403234,0.13346302799993406,0.19243025568776986,116.32816511384773,-0.05601307545720859,0.5293328005458474,-0.5109239154558866,3488.5280980206803,0.8064297985767093,2308102.512244814,1.3298161295080206,Walking_p2_1_35sek_20260204_154526.parquet,0,Walking,26.915849,28.902511,Non-Fall
1.1567337274547518,0.9499057881244133,0.03018303380027529,1.6439524124719727,1.7109208042598352,1.4588696100895437,1679.573097544382,2.0686551342580812,0.049533632957234966,-0.6830133688632571,3503.5897685307477,0.7899918871765236,5650329.110642303,0.9341242965725075,Walking_p2_1_35sek_20260204_154526.parquet,0,Walking,27.91585,29.902636,Non-Fall
0.7358004637529846,0.7582110023049976,0.01418087455228947,0.8751220771675892,1.7109208042598352,3.0483531471387693,1225.065748686644,1.6477849666977231,-0.21364886702895405,-0.2437091746272705,3495.880356598998,0.6836127557788717,44851987.20400399,0.9131321155086846,Walking_p2_1_35sek_20260204_154526.parquet,0,Walking,28.91582,30.900145,Non-Fall
0.7495304209446205,1.0375189891137024,0.01346771456874641,0.8324524818839822,1.5699219588710385,1.949828543960186,1522.2018133869833,1.9302433447581335,0.396671421045155,-0.4873731551246677,3476.6020679399367,0.7011675977982458,15096214.564557077,0.9380630352278015,Walking_p2_1_35sek_20260204_154526.parquet,0,Walking,29.91585,31.900121,Non-Fall
1.1177954030852464,0.7721473522855973,0.023315828010471305,1.3479878213630625,0.40343695891263937,0.328712021831872,189.84686523188594,0.1545705675702155,0.2787223157304002,-0.5929247612156348,3456.8959604912793,0.7557329552797564,1942115.6933771933,1.0582223241988746,Walking_p2_1_35sek_20260204_154526.parquet,0,Walking,30.915805,32.901913,Non-Fall
1.220280369690473,0.6385408058884046,0.02560523870861127,1.450985314749678,-0.031156688185867153,0.09776113167408515,88.12323099193345,-0.15438753964670313,0.45217703053486513,-0.4935613744401878,3472.54650640663,0.7877264830364494,1883562.8332827783,1.5018438666602694,Walking_p2_1_35sek_20260204_154526.parquet,0,Walking,31.915838,33.900171,Non-Fall
1.220280369690473,0.9529541792393995,0.0189376680009973,1.135821020357041,1.6685310825606559,1.6590231917413139,2093.644932277787,2.4045382736902186,0.29081396214208577,-0.30253505240428735,3556.5695469991647,0.7887422226863133,9185830.616026344,1.129697077327059,Walking_p2_1_35sek_20260204_154526.parquet,0,Walking,32.916539,34.900317,Non-Fall
0.7393855630384836,0.7561907164893877,0.007952490065796932,0.454379925844556,1.6685310825606559,2.7768410588462196,968.659537365539,1.3749534076670653,-0.40875452152061925,0.48745729989292913,3491.892964741545,0.6567235829914781,36069477.862654984,0.9007930438672019,Walking_p2_1_35sek_20260204_154526.parquet,0,Walking,33.915834,35.900388,Non-Fall
0.33103342072426817,0.7762159884549419,0.0077336073450310515,0.4369940524203069,1.033360165424618,1.1300796916026776,831.2286999414704,1.2136697581555977,0.269713327487423,-0.5144745553111707,3434.5161636360212,0.6865065960984572,6742582.087841501,1.0124498787440899,Walking_p2_1_35sek_20260204_154526.parquet,0,Walking,34.915858,36.900308,Non-Fall
0.7227844305180674,0.8638125758411945,0.01749185483628709,1.060450257535329,-0.20752053039362248,0.029307808192654713,71.6484902598031,-0.21931970409165144,0.0685485090579808,-0.8806955286220057,3448.9545342651345,0.72871977328865,1580378.7315307818,1.1917197749512207,Walking_p2_1_35sek_20260204_154526.parquet,0,Walking,35.915841,37.90271,Non-Fall
0.9213342285053671,0.6468491166475314,0.025534895005733835,1.4478909157171918,1.3688945433895832,0.4714390171710844,691.0956001961391,1.034790355022628,-0.03851238822673449,-0.9267669172927568,3462.389582071015,0.7464155858788653,1977326.3064190364,1.1497504483918397,Walking_p2_1_35sek_20260204_154526.parquet,0,Walking,36.91579,38.901721,Non-Fall
0.9213342285053671,0.8894324526665233,0.01649058723981769,1.0064119260954443,1.7047828483075453,2.3268098982360703,1942.3109641061264,2.2860019901818753,-0.34877668402666184,-0.36218843864459477,3557.102445729294,0.7541804423039642,33435483.79785179,1.14571147710569,Walking_p2_1_35sek_20260204_154526.parquet,0,Walking,37.915833,39.900303,Non-Fall
-0.23165301377272732,0.7555901433550268,0.0011099111819386268,-0.3315046658125742,0.05909321118837588,-0.10430349492858998,179.03328047806602,0.12655590213621626,0.2647215026747776,-0.6874028022791875,3444.2803136463217,0.6340782657431305,2539948.803710202,1.6537619321860133,Walking_p2_2_35sek_20260204_154615.parquet,0,Walking,0.463025,2.436941,Non-Fall
0.011548785398274792,0.6805209927696686,0.0052073264604990685,0.2150059028174543,0.05909321118837588,-0.037627963025075935,124.9773164219757,-0.02830723018614211,-1.0269447057008372,-0.10967571426794151,3451.869783662068,0.6486426075083606,977135.363642091,1.1537640510344649,Walking_p2_2_35sek_20260204_154615.parquet,0,Walking,1.461855,3.436922,Non-Fall
0.8604757364963405,0.9374666041429055,0.014689516194112939,0.9049027394530441,0.9811190671075063,0.7305098276093789,898.9183342226712,1.2946493399422447,0.3119759360497366,-0.4288648533315954,3427.061883260889,0.7211772148701647,2740033.910680067,0.9750612112236737,Walking_p2_2_35sek_20260204_154615.parquet,0,Walking,2.463439,4.436972,Non-Fall
0.8604757364963405,1.0470555657326117,0.013331913532778246,0.8242002388255261,1.9870247700825123,3.0026219511172276,1839.360157993904,2.2027029795130693,0.5034133515794577,-0.30082949091372874,3536.4911996253963,0.7178047368216168,34641000.33490457,0.8369357030107865,Walking_p2_2_35sek_20260204_154615.parquet,0,Walking,3.463475,5.436955,Non-Fall
0.982392637057336,0.9476729581022147,0.016268513973243658,0.994206169518062,1.9870247700825123,2.537774780048145,2269.3672729298273,2.536921696106829,0.7612105090876509,-0.04498342992028473,3537.1146888314547,0.7509042706565761,27739232.3385886,1.1825027386849865,Walking_p2_2_35sek_20260204_154615.parquet,0,Walking,4.461544,6.436972,Non-Fall
0.982392637057336,0.5440658768436062,0.023472313216736172,1.355184596205732,0.4116533510014856,0.35281640699789346,235.40617153633943,0.2646461292454715,0.5827421268040158,-0.49352242135539204,3465.2328781211345,0.7560176521126662,2046203.3224488623,1.1669376108197238,Walking_p2_2_35sek_20260204_154615.parquet,0,Walking,5.461554,7.436972,Non-Fall
1.3599681504865317,0.6608715429410691,0.021621527686363447,1.2684642696693125,2.1749443287971197,2.0687556723685305,3343.7658063164877,3.253710586470675,0.45616900750572814,-0.06890231770886178,3478.18825519782,0.8059720996229081,11849628.5777833,1.250404826290895,Walking_p2_2_35sek_20260204_154615.parquet,0,Walking,6.463783,8.436984,Non-Fall
1.3599681504865317,1.017663947700676,0.013193494327994026,0.8157455289219209,2.202911384113217,3.302282865011183,3113.9195442743285,3.1113861292198393,0.892412730808875,1.4198302712253896,3490.285980806773,0.6584201016853143,62245943.042083584,0.9473201368905575,Walking_p2_2_35sek_20260204_154615.parquet,0,Walking,7.461629,9.436965,Non-Fall
1.280975851133939,1.01678120581418,0.016744929026835942,1.0202907159760564,2.202911384113217,1.3083750555149651,2417.8990381039002,2.644872476539885,1.3541923021936915,0.6265551720564302,3503.431965995476,0.7484087773215586,4231401.899546925,1.142921120290598,Walking_p2_2_35sek_20260204_154615.parquet,0,Walking,8.463511,10.436963,Non-Fall
1.4311899521476572,0.6672602324751382,0.032420431288388216,1.7329227526680606,0.4953467008574199,0.2669393385852376,205.94773307398492,0.19484375211238142,0.7103529596619806,-0.47817099588199447,3479.9741696511574,0.7786745554757428,2184800.296396324,1.3126223427291674,Walking_p2_2_35sek_20260204_154615.parquet,0,Walking,9.463021,11.436987,Non-Fall
1.4311899521476572,0.7356050213205862,0.027606278859853974,1.5372954325759185,1.5370040689320164,1.5056713798290904,1643.2211820381226,2.0372794073111,0.2559787232690929,-0.5366964943188305,3518.7144057946807,0.8081536244247658,6494485.067690785,1.1511053580720176,Walking_p2_2_35sek_20260204_154615.parquet,0,Walking,10.463499,12.436972,Non-Fall
0.8901896114709404,1.1924032164568812,0.010882569423904462,0.6674162487689834,1.5496690778164806,2.4977420544217583,1424.4397903932152,1.8406288979867667,0.20895828777018083,0.4070603702583192,3539.730342500008,0.6784201991853855,38453635.79945638,0.9610024291329256,Walking_p2_2_35sek_20260204_154615.parquet,0,Walking,11.461658,13.463308,Non-Fall
0.4471406945202293,0.5433125438931937,0.006646420240402054,0.3467398735992183,1.5496690778164806,1.3073403610543695,1116.0942208683612,1.5357052742903077,0.2168848180286075,-0.3897294261757164,3415.7305289847336,0.6775029397316596,6419403.220606531,0.7373471225624383,Walking_p2_2_35sek_20260204_154615.parquet,0,Walking,12.461506,14.463863,Non-Fall
0.46211814259533784,0.7642857292371144,0.015998065124797747,0.9792284943916589,0.019775555479734096,0.28636927131552786,114.72528033255254,-0.06125946362065977,0.06203233892822895,-1.0561292504368827,3430.7197862433886,0.7308871025078805,2127158.8388993894,1.2061106689965282,Walking_p2_2_35sek_20260204_154615.parquet,0,Walking,13.476975,15.461462,Non-Fall
0.7411772188889942,0.9664326134114078,0.026975093245212016,1.5104188500409133,0.019775555479734096,0.4057687242475665,151.20102076090816,0.050289063674881805,-0.329503219751046,-1.1872394211447375,3432.154403588267,0.7666466932527505,2685986.2644996466,1.1005484229317835,Walking_p2_2_35sek_20260204_154615.parquet,0,Walking,14.476986,16.461777,Non-Fall
0.7411772188889942,0.766213078692674,0.023022517034244124,1.3344330514911775,2.5714807376396234,2.6447176254333473,3007.9969166280794,3.04403063521252,-0.47056415591329603,-1.0299264815217377,3507.3158493827955,0.7838264386745845,22391220.84608095,1.0312208956053304,Walking_p2_2_35sek_20260204_154615.parquet,0,Walking,15.476955,17.463655,Non-Fall
0.6543436298581048,0.942722851895667,0.014668434431405069,0.9036787547263201,2.5714807376396234,3.3628651874486213,2084.7027874834994,2.397655691871143,-0.6647631708377686,-0.8324621178429398,3566.6694228496676,0.6899407858139731,50485562.98391338,1.1429622506125534,Walking_p2_2_35sek_20260204_154615.parquet,0,Walking,16.476992,18.463332,Non-Fall
0.9856781104716811,0.6852220494323077,0.01862748553866106,1.119900389442112,1.9192957379804387,1.0293936273737678,949.9739762738557,1.353729418985133,0.23469221495038337,-0.7029087799000463,3480.1530082182694,0.7390360439458769,4021418.580928902,1.0085660938418353,Walking_p2_2_35sek_20260204_154615.parquet,0,Walking,17.47698,19.46203,Non-Fall
1.0736732381764553,0.885050584219309,0.023425437588577278,1.3530313035198285,0.11674465036076584,0.15464242878856185,137.60206041856472,0.01046578730693158,0.7248409718090666,-0.5953385053586657,3454.4285896335123,0.7700815642409837,2745205.501429683,1.56421314296689,Walking_p2_2_35sek_20260204_154615.parquet,0,Walking,18.476968,20.46117,Non-Fall
1.1922451850807392,0.7478417810475891,0.027335438155219924,1.52580077447236,1.6749042423529055,0.8675310988651108,1114.2287966179042,1.5337400799761538,0.44465347092868707,-0.5767917986774138,3460.604771440885,0.8019720305383108,3168273.615238836,1.0946552942652517,Walking_p2_2_35sek_20260204_154615.parquet,0,Walking,19.476955,21.463554,Non-Fall
1.1922451850807392,0.6345084653082818,0.016514891069962335,1.0077427287334673,1.866840495906238,2.6053552405227656,1778.549014415437,2.1524014251422203,-0.0006397292084659308,0.11219329692186841,3533.9222972849543,0.7274480158373142,40259706.29444453,1.070906719652184,Walking_p2_2_35sek_20260204_154615.parquet,0,Walking,20.476941,22.461822,Non-Fall
0.5859306836559013,0.7146681249681452,0.010059185166280371,0.6108038034226162,1.866840495906238,2.3838937435001326,1361.761188207894,1.7815472927381737,-0.08477740037664881,-0.5757483077703472,3474.9027833693394,0.6721752626347207,16408873.37251895,0.7263723204478688,Walking_p2_2_35sek_20260204_154615.parquet,0,Walking,21.476925,23.463878,Non-Fall
0.7334090715158528,0.9001109631121921,0.016263494138926204,0.993929305915068,0.43977818620802395,0.590860172363662,312.0644390908538,0.42805009713006853,0.1977018474712003,-0.8150959366158995,3452.695184401249,0.7414320954707224,3304565.038837001,1.0559793932282575,Walking_p2_2_35sek_20260204_154615.parquet,0,Walking,22.47826,24.463526,Non-Fall
0.7334090715158528,0.7306355619092519,0.01625522854192689,0.9934733326191917,-0.1427556024896171,0.03921692543980165,82.57151510421878,-0.17553149974019036,0.034966314716507914,-0.7958269130509439,3452.166942988688,0.723333973129089,1752658.410689037,1.3291458762355655,Walking_p2_2_35sek_20260204_154615.parquet,0,Walking,23.476928,25.461534,Non-Fall
1.2480458785725106,0.6670368113234061,0.022606054157048354,1.3150378497745427,0.657007456466292,0.47062855755999583,251.95877210809238,0.3019551169443889,0.08544592478190838,-0.5405789416732939,3468.943584833189,0.7381407127869923,2859055.2744027115,1.1254746607606005,Walking_p2_2_35sek_20260204_154615.parquet,0,Walking,24.476927,26.461617,Non-Fall
1.2480458785725106,1.1635192132959016,0.018233505491031678,1.0994863549414942,1.833367145837773,2.510943189158667,1725.2183048163379,2.107575007037184,0.04547536085990044,-0.13013524216624822,3553.5182707933654,0.7811836737618465,25285526.399090983,0.9637217637400783,Walking_p2_2_35sek_20260204_154615.parquet,0,Walking,25.476964,27.476971,Non-Fall
0.47422564630580455,1.0892493623771502,0.008201233148768257,0.4738496359535896,1.833367145837773,2.9994796684535294,1230.6748412263626,1.6534163277126772,0.23463181026293006,-0.604103921719529,3518.4838021928977,0.6820817170194842,30599909.45949045,0.8953036509471245,Walking_p2_2_35sek_20260204_154615.parquet,0,Walking,26.476939,28.476996,Non-Fall
0.9753867532012631,1.0341468406512384,0.017531073962740076,1.0625350060419585,1.0039731048530791,0.9563408889408384,771.2569920019811,1.1391215626771158,0.4012592555992264,-0.6053514276087144,3458.799718959308,0.7318267124927721,5035449.979688836,1.0694608860729404,Walking_p2_2_35sek_20260204_154615.parquet,0,Walking,27.496975,29.47696,Non-Fall
0.9753867532012631,0.4720338907227543,0.02261733727056292,1.315565661840933,0.18621872692310476,0.1583549552436164,111.02401715715608,-0.07351586804318305,0.6526266707164595,-0.7086561623445173,3479.3511821315333,0.7578583732188899,2159283.9347984935,1.5567777413151556,Walking_p2_2_35sek_20260204_154615.parquet,0,Walking,28.496929,30.47694,Non-Fall
0.8765177660700428,0.5163924714626117,0.02018644660372831,1.198634150052358,0.42552140881883055,0.5689811609690658,241.55011004804643,0.27864291479689296,0.32292458210450825,-0.7776043709423078,3475.2072820801923,0.7581391906396578,3087528.750088316,1.032907464823994,Walking_p2_2_35sek_20260204_154615.parquet,0,Walking,29.496961,31.476987,Non-Fall
0.6435603421464625,0.8900659336195688,0.01480682513533643,0.9116975885530938,1.3689407887346783,2.327436309006884,1376.3903862965265,1.79545658566406,-0.029318746740377565,-0.6296567764344719,3492.307427799936,0.7345777750272108,22735910.598361228,1.0549373110035074,Walking_p2_2_35sek_20260204_154615.parquet,0,Walking,30.496939,32.476929,Non-Fall
0.7804441356940501,1.202004769698593,0.010276289643295546,0.6259491678026504,1.3689407887346783,2.5519763853420754,1023.2113200023668,1.4357712227593276,0.7375070696778716,-0.2062120030890422,3492.761186052375,0.6633721936278615,23187554.387210816,0.811303999661424,Walking_p2_2_35sek_20260204_154615.parquet,0,Walking,31.496987,33.476924,Non-Fall
0.7804441356940501,0.7352595634249358,0.01879093934493448,1.128306309217864,0.5176166517489906,0.8100621045779915,280.1025308527528,0.362679769698628,0.040980083943344896,-0.6936681996292399,3486.9256280551863,0.763624678873895,5403917.861294027,1.0378716418438554,Walking_p2_2_35sek_20260204_154615.parquet,0,Walking,32.496992,34.476961,Non-Fall
0.744012790554246,0.6961025417391226,0.021944813608263232,1.2838722656061816,0.11955397342268631,0.16331722089815887,126.06120488598252,-0.024903719269771418,-0.3482194201619502,-0.9957364901601198,3469.7925034113346,0.7486229451292835,1647322.6375327492,1.1727499113046536,Walking_p2_2_35sek_20260204_154615.parquet,0,Walking,33.496939,35.476972,Non-Fall
0.5959119872754831,0.7793386052714777,0.01746949556107477,1.0592606723089735,-0.08806858028372468,0.09495360893982471,101.83917360471968,-0.10484398916822807,-0.21674903369143625,-0.9402934426978169,3466.524379242098,0.7191560656152315,2427435.1890170337,1.4888994066762615,Walking_p2_2_35sek_20260204_154615.parquet,0,Walking,34.496965,36.476987,Non-Fall
0.8433614504546911,0.7725440803328377,0.01824177318407986,1.099916997508497,1.1512724809437622,1.2502720331841493,1172.329724257075,1.5941959799881031,0.26463193220591585,-0.707396344998958,3479.3728806111885,0.7436670264909713,5316084.559289291,0.9975581773196872,Walking_p2_2_35sek_20260204_154615.parquet,0,Walking,35.496975,37.476966,Non-Fall
-0.1658447934137141,0.7413505674383942,0.001747359522597128,-0.21211820774408327,0.795659386113417,1.26960736087934,878.4863892714029,1.2705372172552443,-0.07475214410450029,-0.4906843787670664,3463.0751517829754,0.6466736980209359,11269081.43094758,0.8812780746542102,Walking_p2_3_35sek_20260204_154745.parquet,0,Walking,0.404009,2.376875,Non-Fall
0.7020733988574388,1.1139871092166251,0.010334218137535328,0.6299631943519768,0.795659386113417,1.283157442490756,748.9095301267262,1.110604415188891,0.7258217838070632,-0.2644153082477257,3514.154214879984,0.7150029734513241,10857995.58906161,1.0374910765484837,Walking_p2_3_35sek_20260204_154745.parquet,0,Walking,1.403097,3.376871,Non-Fall
0.8413100150337601,1.1028325284570493,0.0182177863146541,1.0986673146762371,2.403709024888301,1.5329067330354644,2660.1401773345347,2.8140471098367517,0.2926678667582155,-0.7213675138547098,3501.3734595337605,0.7244644058374957,5102563.269950721,1.0003678666864253,Walking_p2_3_35sek_20260204_154745.parquet,0,Walking,2.402616,4.376834,Non-Fall
0.8413100150337601,0.9949216241977189,0.011791433228254912,0.7274719034451522,2.403709024888301,2.8982240942091115,2356.7166941738133,2.6008192686012648,0.3013233737213944,-0.0503905871946051,3544.3912465314847,0.6819977468137269,54012671.71643237,1.1200491333313425,Walking_p2_3_35sek_20260204_154745.parquet,0,Walking,3.401711,5.376894,Non-Fall
0.22966843329398487,0.8134478353945097,0.009189646344005889,0.5484404336004072,1.9017055046921834,1.8526660528940555,1383.391502276766,1.802087019831567,-0.49091840595809383,-0.4385871383695687,3508.582492931686,0.6797624117306361,9979325.731644232,0.6529104022056119,Walking_p2_3_35sek_20260204_154745.parquet,0,Walking,4.403482,6.376871,Non-Fall
0.6811309719128259,1.0554233089897425,0.01676938820670768,1.0216198190101344,0.08563466449230368,0.46008064211999544,173.93889075183327,0.11306487649327379,0.10596577120991167,-0.8228940189867983,3492.807917582004,0.7520310472241928,2624583.054180853,1.054527419435654,Walking_p2_3_35sek_20260204_154745.parquet,0,Walking,5.401474,7.376856,Non-Fall
0.8094142199234594,0.9790582940602816,0.02237651172495606,1.3042713583729812,-0.044855361202511636,0.22309361277848883,111.74523805594531,-0.07111176559206125,-0.1362616450810648,-0.9591868464606452,3491.7927180580887,0.7486778847680334,2790954.646974977,1.4192702736098703,Walking_p2_3_35sek_20260204_154745.parquet,0,Walking,6.404017,8.376835,Non-Fall
1.3184454782334674,0.6335050295033093,0.02854549477443174,1.576725798807623,0.549425534583197,0.3893337327675026,215.3811674951936,0.21771017097811585,0.060467152425306724,-0.8503613125467436,3509.302071949606,0.7767033347252019,2614856.2931759413,1.2504061102204702,Walking_p2_3_35sek_20260204_154745.parquet,0,Walking,7.402941,9.376865,Non-Fall
1.3184454782334674,1.0763821619405298,0.026213801797013096,1.477580335231687,1.343472052757838,1.7726383869823088,1232.5875338260887,1.6553336786033699,-0.0025983167242073523,-0.7982658853330626,3517.650231370663,0.787268643311966,11680179.406906968,0.9874191351515483,Walking_p2_3_35sek_20260204_154745.parquet,0,Walking,8.403161,10.376856,Non-Fall
0.816485537036616,1.2469503391439636,0.01675215870108448,1.020683674871562,2.155149682859431,3.289201130126689,1128.8219415751018,1.549070122919578,-0.012613128574651316,-0.6739963271740869,3530.9930424925487,0.6996100425534771,46825472.3738243,0.9355664775318041,Walking_p2_3_35sek_20260204_154745.parquet,0,Walking,9.403274,11.376885,Non-Fall
0.816485537036616,0.8025552048739922,0.014352840711912722,0.8852494715032787,2.155149682859431,1.832102308607311,2353.9127321593305,2.5987867037989174,0.5675495756400503,-0.6201988925092836,3536.85842964017,0.741733791624676,10267986.283712773,0.9178233684464668,Walking_p2_3_35sek_20260204_154745.parquet,0,Walking,10.401493,12.376897,Non-Fall
0.9885334881461649,0.84627759076032,0.02150554665846061,1.2629084995829725,0.10441587535892878,0.20900339311171598,111.48282837786851,-0.0719855760751415,0.5168271033003474,-0.7696979109440435,3502.08510673537,0.759783356216723,2251836.0789591903,1.4907614430160592,Walking_p2_3_35sek_20260204_154745.parquet,0,Walking,11.402989,13.376902,Non-Fall
0.9885334881461649,0.9065701193263451,0.02530048823337049,1.437548543209142,0.10441587535892878,0.19692328778126147,117.6225417211998,-0.05180278689391907,0.29380287438691005,-0.838317119727917,3510.1070173610015,0.7707166437097472,2281514.8165854504,1.3416857085826348,Walking_p2_3_35sek_20260204_154745.parquet,0,Walking,12.403535,14.376856,Non-Fall
1.1563179146994698,0.8633697533318186,0.022261023103663926,1.2988335815806076,1.6979124743067495,1.2973976620654164,1428.2257407173277,1.8441555394191966,0.3948304485348888,-0.6022667940905357,3531.6851742363483,0.7863748040043073,5699488.156426342,1.1430272184563184,Walking_p2_3_35sek_20260204_154745.parquet,0,Walking,13.403553,15.376871,Non-Fall
1.1563179146994698,1.0312891846054988,0.012781336172840987,0.7903045906796395,1.8031073376336029,2.8647796248957564,1143.7304177663584,1.5646294341960745,1.0392939588399788,0.437791657626576,3518.010495273149,0.6757473234807506,41927172.17261384,0.9518174683637479,Walking_p2_3_35sek_20260204_154745.parquet,0,Walking,14.401591,16.37689,Non-Fall
1.1151436335117073,1.0696569538906808,0.014708789862400762,0.906020979825747,1.8031073376336029,2.06381662059512,1233.4897722509736,1.6562375980065693,0.8573351282641806,0.32219752495027765,3508.6456584272387,0.730687396110976,13678820.627354117,0.7799686729423534,Walking_p2_3_35sek_20260204_154745.parquet,0,Walking,15.401465,17.376848,Non-Fall
1.1151436335117073,0.8187148114134237,0.02380124996979759,1.370234640508547,0.4149935133020528,0.507300143209788,236.38895655997166,0.26689722394446924,0.3635786422488213,-0.7082798171657123,3518.3286151133357,0.7615621265998131,2582740.8109751903,0.9675384139943795,Walking_p2_3_35sek_20260204_154745.parquet,0,Walking,16.403529,18.376875,Non-Fall
0.8942555607849234,0.9213675923081152,0.021587203040150552,1.2668215923259258,0.14832233501712241,0.15909500616011266,121.69630401687296,-0.038700874468171595,0.13864186722725194,-0.8938065736089814,3491.2860634395024,0.7507889904921059,2253482.252677326,1.3763923046606608,Walking_p2_3_35sek_20260204_154745.parquet,0,Walking,17.403045,19.376871,Non-Fall
1.706713283351911,1.030839989781302,0.021917084706205486,1.2825551590808912,1.7925252700356054,1.2434687752357576,1674.5491949224106,2.0643393113683537,0.6265765612512149,0.06723913537444938,3508.358873698264,0.7606079563652889,4716562.309461576,1.1048681100198943,Walking_p2_3_35sek_20260204_154745.parquet,0,Walking,18.403153,20.404367,Non-Fall
1.706713283351911,0.8262116852384168,0.016662096473215152,1.0157823994755086,1.8666016552986657,2.738541746242131,1860.1975266755824,2.21974736791944,0.933050728056989,0.9169305588044749,3517.2485481627605,0.7072359915860306,43404139.267001525,1.0124572587990166,Walking_p2_3_35sek_20260204_154745.parquet,0,Walking,19.403134,21.401463,Non-Fall
0.7739193858691181,0.8362991341815675,0.01399234253321588,0.8639482680865536,1.8666016552986657,2.272123889630234,1583.1959895528387,1.9847014367079485,0.7320069808756156,-0.47731505811442454,3534.027203711266,0.7160995176164471,18341271.34075555,1.1569765855975769,Walking_p2_3_35sek_20260204_154745.parquet,0,Walking,20.416879,22.401962,Non-Fall
0.9788192957722757,1.139936405571893,0.021869380881890457,1.2802873043410465,1.193314065963442,0.7624757693704415,686.4465976104105,1.028558466495812,0.4350790913799936,-0.7027455545292052,3492.34575086009,0.7576386014864588,3350776.3515732167,1.1991503005595665,Walking_p2_3_35sek_20260204_154745.parquet,0,Walking,21.416839,23.405527,Non-Fall
1.266710556567932,0.9346129740468482,0.030677923062342866,1.6639084425589787,0.12648056976891053,0.3312456679634849,123.95103182504661,-0.03154348925732824,0.14410696901901246,-0.8315055290807939,3506.9770593455005,0.8003130061575446,2677346.102620701,1.3618509561684125,Walking_p2_3_35sek_20260204_154745.parquet,0,Walking,22.416865,24.40282,Non-Fall
1.266710556567932,0.677437819235691,0.026631197374276664,1.4956429741330004,1.4169883695994598,1.428158735819857,760.5670178120221,1.1255325911018617,0.3263332195101101,-0.6649312909562961,3531.354273153031,0.7823895514291626,8570760.695854533,0.8977166502195788,Walking_p2_3_35sek_20260204_154745.parquet,0,Walking,23.416862,25.403452,Non-Fall
0.9003489014101406,0.96064157298248,0.01379777824777425,0.8523377263217011,1.7645240789389076,2.917137461127429,934.8005868030027,1.3363406777852658,0.5223266342017714,-0.451092406378103,3492.131609877339,0.6919941329264593,38946759.933860414,1.0026825306875602,Walking_p2_3_35sek_20260204_154745.parquet,0,Walking,24.416835,26.401592,Non-Fall
0.6971088787986959,1.0627773089290595,0.012496919684916459,0.7725086886108262,1.7645240789389076,1.854123134152686,1883.5301155519905,2.2387198713634966,0.3346205035761899,-0.7033573250482419,3533.1423019691874,0.7308358673098717,10590153.01057867,0.8771499009117831,Walking_p2_3_35sek_20260204_154745.parquet,0,Walking,25.416902,27.401793,Non-Fall
0.7014718840766806,0.8332925596643312,0.022099197791000114,1.2911902580158667,-0.06911686171103258,0.21396576610622042,76.60252321951941,-0.19907402132220875,-0.27186522172719085,-0.9227573253634763,3499.1268933519636,0.7439012679579851,2114826.818645684,1.2044327327425912,Walking_p2_3_35sek_20260204_154745.parquet,0,Walking,26.416871,28.401473,Non-Fall
0.9485694623327268,0.9529717625509875,0.024920506452889346,1.420680871343355,-0.09524845641844297,0.13604526972748343,80.22308656865727,-0.18468907239605636,-0.3491146816687372,-0.9715064438880509,3511.973806967803,0.7725585912161876,2232905.7970473184,1.2230169143442162,Walking_p2_3_35sek_20260204_154745.parquet,0,Walking,27.416885,29.401418,Non-Fall
0.9485694623327268,1.3787082727473183,0.020756091941985067,1.2266406986565237,1.4321418962512291,1.2151467336252235,1381.3472590437907,1.8001527490404796,-0.4479088635796961,-0.9549794999718565,3527.6207196767455,0.7617412689128875,4916876.231116091,1.0342443493979405,Walking_p2_3_35sek_20260204_154745.parquet,0,Walking,28.41687,30.401508,Non-Fall
0.4658949828534011,1.2747755329467438,0.017884753260386112,1.0812309878284807,2.601410121423704,3.2906093757335184,2126.4637014114655,2.429673076512248,-0.7908293507173373,-1.05874548411826,3574.0859556360288,0.7278315690207329,49561166.204766095,0.9847730098882888,Walking_p2_3_35sek_20260204_154745.parquet,0,Walking,29.416875,31.403177,Non-Fall
0.41196803509744706,0.8396942908072559,0.015522892454890802,0.9526031025463345,2.601410121423704,2.261404165358833,3092.311182726987,3.0977396611561456,-0.34300889909675686,-1.0293803909748525,3563.4006391198723,0.7308279445722977,16777030.150261292,0.9483385273531634,Walking_p2_3_35sek_20260204_154745.parquet,0,Walking,30.416844,32.405913,Non-Fall
0.865001393122281,0.8978879107117359,0.021408092302204765,1.2582286080952265,0.3295205004818344,0.29498790547291365,201.33750694414746,0.18347817287616242,0.15067643888817764,-0.8431433647254459,3522.087273677267,0.7493314624314206,2067554.3520841352,1.363411952711969,Walking_p2_3_35sek_20260204_154745.parquet,0,Walking,31.416897,33.403148,Non-Fall
0.865001393122281,1.1016529721576889,0.02466808318011153,1.4094044358617734,0.011670859393158674,0.1942669495905052,113.85967675004446,-0.06410790788670499,-0.1316045046887706,-0.9813227716470873,3526.4270611233997,0.7749614100751475,2418650.9196885503,1.4207859941529895,Walking_p2_3_35sek_20260204_154745.parquet,0,Walking,32.417368,34.401186,Non-Fall
1.257862402321258,0.935094448594057,0.02420613560877679,1.3886175447288165,2.0841774107277247,1.9139694672741263,2520.0209434005787,2.7171797246834495,-0.0353568038296103,-0.49744489767268923,3572.465967760525,0.8357636045328626,11535711.770416759,1.2571783910864727,Walking_p2_3_35sek_20260204_154745.parquet,0,Walking,33.416868,35.401997,Non-Fall
1.257862402321258,1.1267315463325729,0.017512772210669478,1.0615624408599718,2.0841774107277247,3.1354052603372575,1604.3174994845813,2.0033142943482773,0.1785278275108408,0.26515286860795134,3539.405019678274,0.6638734391109695,48769114.459715806,0.9910393994790764,Walking_p2_3_35sek_20260204_154745.parquet,0,Walking,34.416835,36.402712,Non-Fall
0.8357379671053197,1.1502625510331612,0.015331005231383086,0.9417357174009288,1.9420980674869583,1.4386017756351732,1313.3395497251224,1.7349673527108889,0.0359479734178242,-0.679849105373933,3544.0292906041473,0.7444272579001021,7208264.786853803,0.8876992316878526,Walking_p2_3_35sek_20260204_154745.parquet,0,Walking,35.416833,37.401768,Non-Fall
0.8357379671053197,1.006763790007979,0.022034933518425816,1.2881471712350723,0.17348296855628148,0.22022337103632317,118.4519046224435,-0.04911724141907806,-0.2685793827318887,-0.9980397216018326,3525.089053123358,0.7444532797123226,2188523.8525780165,1.3226310778711412,Walking_p2_3_35sek_20260204_154745.parquet,0,Walking,36.416885,38.403004,Non-Fall
0.6962057436201415,0.7269546318121287,0.022406628877101365,1.30568711489745,-0.06569949913386607,0.13203490194537665,80.29333225874156,-0.18441322322155343,-0.02805991921366923,-1.0338969453443156,3523.1208568008715,0.7601053228760507,2138521.6307573603,1.1724700914352464,Walking_p2_3_35sek_20260204_154745.parquet,0,Walking,37.416834,39.401818,Non-Fall
2.338738748722402,1.7919136665062874,0.03467931060411242,1.819684056712506,1.1418759812781656,0.519161339728783,476.72635298453116,0.7213617226006697,1.051916158116026,0.5616229447136567,3857.06616728396,0.9245877500663678,6865968.505601301,2.109953418230102,Walking_p4_1_35sek_20260204_143622.parquet,0,Walking,0.30396,2.27692,Non-Fall
1.8879680259598166,1.513165862372464,0.01919142281057283,1.1487486939995173,0.024155045648285713,0.07523900079452357,119.80516753549365,-0.04475537102753653,1.4763855617428372,1.3610650505311546,3526.0280283104694,0.6679311399425433,1560973.274564479,1.5762091590689755,Walking_p4_1_35sek_20260204_143622.parquet,0,Walking,1.30234,3.276987,Non-Fall
1.8879680259598166,1.393244879498536,0.0415263763853759,2.0666757321760683,0.16281450931436067,0.25285945938446136,150.82965489929344,0.049225929059456226,0.8055710740410816,-0.44599296084016965,3662.03383820983,0.9183211103249183,3143138.858555581,1.431873071857107,Walking_p4_1_35sek_20260204_143622.parquet,0,Walking,2.302978,4.276969,Non-Fall
2.966092955570649,1.3407870021861787,0.0749290761308641,3.050787030288418,0.24411543478063188,0.704780072171035,188.7825681253268,0.15184932127656245,0.8481252002470979,-0.641403155909052,3776.535840934096,0.9712338171442771,5094278.103566553,1.1599251819343432,Walking_p4_1_35sek_20260204_143622.parquet,0,Walking,3.303615,5.27694,Non-Fall
2.966092955570649,1.903767013711103,0.09609872219265687,3.560996744470719,1.1596533968114098,1.080321519842909,250.4461150432376,0.29859754157406415,0.43888192847495633,-0.8919059815933439,4099.664448573419,1.077874924395308,7198999.068076597,1.1906451467024861,Walking_p4_1_35sek_20260204_143622.parquet,0,Walking,4.301448,6.276983,Non-Fall
4.07979516299656,1.6588444177348958,0.05297215460076932,2.437754016068307,0.9386988377170474,0.9608506915604925,399.56838700030164,0.5915572969036873,1.76580408436103,1.3683129176153903,3722.9143390530867,0.8463417868226686,5735836.4189741975,1.4002728957579424,Walking_p4_1_35sek_20260204_143622.parquet,0,Walking,11.10315,13.076925,Non-Fall
1.3379660745571802,0.7814423897008655,0.0360122949316229,1.8695601401935538,0.2826277434725961,0.5131059320585774,155.43505738279518,0.062319047994938,0.7099318736855327,-0.7966453875357882,3678.3477038085343,0.8613129426482,3770212.3004137236,1.3031997951718113,Walking_p4_1_35sek_20260204_143622.parquet,0,Walking,12.101661,14.102966,Non-Fall
1.3203330084994107,1.4575112819477798,0.04017717222105408,2.019718343659611,0.5681327390815823,0.49857660077225063,214.07736641040614,0.21458003686450894,0.6713065878406688,-0.9222409968009958,3630.2671577754486,0.8427690167921473,3725917.804348511,1.508902331337443,Walking_p4_1_35sek_20260204_143622.parquet,0,Walking,13.101579,15.103086,Non-Fall
2.0973351238841795,2.5101704249814505,0.05282722578075921,2.4333215521012397,0.5681327390815823,0.4902214595541215,204.57870963642165,0.1914821009494543,0.6439333853562743,-0.8977664958229296,3826.677860304926,0.8643274114456702,4191735.1855592392,1.5055506764776008,Walking_p4_1_35sek_20260204_143622.parquet,0,Walking,14.116958,16.101819,Non-Fall
2.468361757135906,2.255459536961902,0.07032250550821417,2.930531837496839,0.5916060281169743,0.580027561878952,154.90383896797957,0.06081878671472708,0.7493848401378878,-0.6972193379945655,3841.9726500566094,0.9764960414163958,4539748.5391589,1.2442078081343146,Walking_p4_1_35sek_20260204_143622.parquet,0,Walking,15.116989,17.10355,Non-Fall
2.468361757135906,1.214008432611365,0.06408079860549123,2.7611185419523077,0.5916060281169743,0.5791868750978795,164.8579684490556,0.08851716505643453,0.9427340978670038,-0.5185605793248669,3757.488501713546,0.9112436049069285,4074272.9441645746,1.0900698273765752,Walking_p4_1_35sek_20260204_143622.parquet,0,Walking,16.117443,18.103533,Non-Fall
1.7992255051414514,0.9993245303983755,0.04847016371404577,2.297105891038419,0.207830080118394,0.5926465642052614,153.66829616134788,0.05731939918350007,0.5310445182911069,-0.8367833727713648,3724.768598724963,0.8861601673200046,3536044.4998442093,1.2206160923118081,Walking_p4_1_35sek_20260204_143622.parquet,0,Walking,17.117001,19.103926,Non-Fall
1.9272424372886083,2.033974297756216,0.049766002500996304,2.3382356947559173,2.7573523794395887,1.6044234531634713,2086.3820771587093,2.3989493300951303,0.059771310976525265,-0.8708377814989734,3709.2027349276586,0.8121293224290873,6376642.577747775,1.0738209489111434,Walking_p4_1_35sek_20260204_143622.parquet,0,Walking,18.117769,20.101585,Non-Fall
1.9272424372886083,1.9995107906589753,0.03703188256854927,1.9070897677897178,2.7573523794395887,2.8814490183935466,2845.5704482767633,2.938397534472614,0.11081761473329478,-0.48935633929851774,3960.7675319367763,0.8598097520370862,40043954.4008269,1.4922951319144635,Walking_p4_1_35sek_20260204_143622.parquet,0,Walking,19.116929,21.10325,Non-Fall
2.0321306620877087,1.96499665655916,0.035287681892015234,1.842564167783461,3.1927785744518493,3.88494290008725,3080.0075508204923,3.089948160726189,0.47582533284361483,-0.1633805360174636,3714.234494850415,0.8634078068740276,34452899.0756032,1.0957857855454323,Walking_p4_1_35sek_20260204_143622.parquet,0,Walking,20.116978,22.103253,Non-Fall
2.0321306620877087,2.270687612756777,0.03442597160708431,1.8100971374095038,3.1927785744518493,3.360323520078056,2928.602808952546,2.9927632905575217,0.9495311434181467,0.02465008189875042,3779.914331130228,0.8095246395583912,51549964.791548856,1.0611570934778676,Walking_p4_1_35sek_20260204_143622.parquet,0,Walking,21.116925,23.104492,Non-Fall
1.9489876786912343,2.155419350754772,0.03261550029678934,1.7405320402809523,1.5244601011743903,1.511361399679937,868.9101484481488,1.259139636445229,0.597238950887025,-0.6408457509832266,3651.864955396313,0.8055013987546431,8534697.694726858,1.1398159295984125,Walking_p4_1_35sek_20260204_143622.parquet,0,Walking,22.116943,24.103597,Non-Fall
2.3341307210079787,1.829595912562658,0.05942105853260018,2.6291913898882426,0.6019633852962157,0.8082201122309567,172.4233193531203,0.10901330119117726,0.6805239147621289,-0.7976154091677162,3833.5448644555213,0.9222735841328037,5393254.996149281,1.1556051344088236,Walking_p4_1_35sek_20260204_143622.parquet,0,Walking,23.116997,25.103073,Non-Fall
2.3341307210079787,1.1486937635974386,0.0594662966983592,2.630496565891339,1.1525402759133772,0.7843062872255083,288.1078224973494,0.37938856310154206,1.0034182276237462,-0.5875686041740746,3894.849293040241,0.9294359474019476,6341932.246585809,1.6547751619209505,Walking_p4_1_35sek_20260204_143622.parquet,0,Walking,24.116979,26.103587,Non-Fall
1.4942564871319761,1.4638356367273715,0.04383553553622817,2.1453066697101337,1.1525402759133772,0.6161556743442546,252.8118393955905,0.30384418732453605,0.43875063242265394,-0.8838911085005433,3739.7668390488757,0.89499089364789,4199843.41154383,1.167781286649629,Walking_p4_1_35sek_20260204_143622.parquet,0,Walking,25.116928,27.119466,Non-Fall
1.4942564871319761,2.1828036485933247,0.03305143660242768,1.7574552980835834,2.643174072833369,1.9974466929658385,2970.1196543404553,3.0196575617843684,0.3409874720751306,-0.717360424488876,3698.2107778787317,0.787178728797575,10010846.695416978,1.3787060922918077,Walking_p4_1_35sek_20260204_143622.parquet,0,Walking,26.116987,28.116925,Non-Fall
1.8109455519539637,1.4553035716388445,0.02420738460273521,1.3886740135763642,2.643174072833369,2.9592879317299747,2190.669434073182,2.478291382150222,1.1315280264701553,0.077925140695613,3613.1662502463514,0.7065516165192878,43173081.366357215,1.0033767764092796,Walking_p4_1_35sek_20260204_143622.parquet,0,Walking,27.136976,29.116969,Non-Fall
1.8109455519539637,1.6664929994433644,0.04046730843662351,2.0298819360097817,1.3153904568955612,1.711547644494689,738.6069992342584,1.097314342529341,0.8415942611651747,-0.6998402793665266,3686.7180707620732,0.8638832231061595,11024187.727554586,1.119984794850653,Walking_p4_1_35sek_20260204_143622.parquet,0,Walking,28.136964,30.116983,Non-Fall
1.556682377039448,2.832461565561331,0.05245300782810181,2.4218483722354307,0.5191361846176247,0.8026936320268512,318.5924265107523,0.44098312720522753,0.2405688064261179,-1.1793978461152772,3883.579121467376,0.864785555309898,5574457.829018304,1.5073637457828921,Walking_p4_1_35sek_20260204_143622.parquet,0,Walking,29.13697,31.116962,Non-Fall
1.556682377039448,1.7076373679498211,0.047208872074372056,2.2565411718083404,0.624859714099697,0.7362409780413094,278.42290201126247,0.3591438364045574,0.48851640315093864,-0.9219448912857676,3851.1614770493698,0.9057096825359913,4747389.063889609,1.0489648745324733,Walking_p4_1_35sek_20260204_143622.parquet,0,Walking,30.13692,32.118851,Non-Fall
1.8864906459818636,0.7432972014646461,0.04826964045392166,2.2906924027524123,0.624859714099697,0.7260764109672815,228.34774137508248,0.24833858253050714,0.8524525378712136,-0.6383234658385825,3690.3656660149627,0.8490547028601245,5186189.408608442,1.4683767032554313,Walking_p4_1_35sek_20260204_143622.parquet,0,Walking,31.136979,33.116941,Non-Fall
2.065770832594913,1.9633810479029028,0.05080289471854527,2.3707623539791585,1.9902951418661765,0.9409311696220076,1038.8318461663337,1.4528856206093166,0.5336059348137463,-0.7210214278119719,3780.486566729356,0.8853341573712207,3773583.365906566,1.0514570652654696,Walking_p4_1_35sek_20260204_143622.parquet,0,Walking,32.136936,34.116928,Non-Fall
1.4766790449069462,2.269501239042037,0.050257677512527826,2.353701051830546,0.40416747504061284,0.760620104585146,227.6566166375561,0.2467283678123194,0.2381141557076119,-1.1337273896503464,3690.3184133580053,0.8377437842990233,4829410.903421739,1.4206103451981402,Walking_p4_1_35sek_20260204_143622.parquet,0,Walking,37.001499,38.976936,Non-Fall
1.436217002903192,1.5337699486467826,0.04307024004898907,2.1194816322496686,0.15743729121622024,0.636093157133918,177.91322455509075,0.1236063885539477,0.41008491674802083,-1.0929319827312312,3699.785935207781,0.8424024027370763,5274731.748640948,1.189265168426811,Walking_p4_1_35sek_20260204_143622.parquet,0,Walking,38.003053,39.976936,Non-Fall
0.9528803435710672,-0.48123291523671285,0.008470012293491945,0.49455856188478664,2.618468766607294,2.622964509986598,3708.4659070991574,3.4698478508769925,2.4979362245957244,2.2418410638068127,3077.8864514427437,0.6546499765473572,20006119.766549546,1.2866540238803164,Walking_p4_2_35sek_20260204_151801.parquet,0,Walking,0.682289,2.657835,Non-Fall
1.1006070245898727,-0.4087634402025165,0.020728883818887763,1.2253118206780018,2.618468766607294,2.6137952224306877,3575.7666662908678,3.392489664257927,0.754750492747382,-0.24678687196085503,3399.88376894783,0.779699986231813,43736592.23776869,1.4186847879548115,Walking_p4_2_35sek_20260204_151801.parquet,0,Walking,1.682472,3.657814,Non-Fall
1.1006070245898727,-0.23434131835496594,0.02583198241521959,1.4609308798736709,1.4381319428184784,0.8632099008811049,517.8898045589178,0.7863131646583775,0.4189266453309871,-0.6901757006745233,3299.7674065017,0.8178853923794834,6022829.629346841,1.3760382926035157,Walking_p4_2_35sek_20260204_151801.parquet,0,Walking,2.684005,4.657772,Non-Fall
0.8900443438191832,-0.40059239345734193,0.02233577890214554,1.3023550605285519,0.44938890456597,0.7994660862661139,370.83893016547484,0.5400516941076356,0.6654073986947829,-0.5842137229913845,3323.2415990162217,0.8073122359880754,5679441.774986537,1.4715449816410822,Walking_p4_2_35sek_20260204_151801.parquet,0,Walking,5.68378,7.657835,Non-Fall
0.8398442348064409,-0.15470075615669932,0.02458095912446979,1.4054989841128902,0.3575159617840489,0.5132229264321583,279.4399409028925,0.3612861633447338,0.3666779565276438,-0.9862592464484377,3285.2756689852768,0.7797767636293043,3499167.6231786837,1.4598254111518698,Walking_p4_2_35sek_20260204_151801.parquet,0,Walking,6.684665,8.657831,Non-Fall
1.3970815325853443,0.3312766916959916,0.026001123786757643,1.468321463337017,0.9058568623776415,0.5223810288611257,302.4456229916175,0.40874454839769964,0.3908729575589068,-0.8464218594999857,3272.6456964299546,0.7572939876229983,3782662.507555944,1.5351944567243376,Walking_p4_2_35sek_20260204_151801.parquet,0,Walking,7.682826,9.657787,Non-Fall
1.3970815325853443,-0.13605288266259044,0.020440791925475658,1.2111871968374661,1.8939809792103908,2.4090685731555688,2719.013492276048,2.853984505734882,0.7675353815275611,-0.09003946876660665,3316.742120822548,0.8268208229921431,17463289.224216577,1.3722494768739748,Walking_p4_2_35sek_20260204_151801.parquet,0,Walking,8.683905,10.657823,Non-Fall
0.6809800089814639,-0.4439596119941594,0.011105338551933104,0.6823614077714875,1.8939809792103908,3.218501174180564,2458.5495947307713,2.6738345845100153,0.2949762714158238,0.14867957605534304,3224.799301480645,0.6918767577885719,51632752.357178584,0.9215589869309672,Walking_p4_2_35sek_20260204_151801.parquet,0,Walking,9.683949,11.657808,Non-Fall
0.7290719640109665,-0.3463935714565109,0.022365831343105456,1.3037690628130565,1.7782382826597987,1.3361051448365366,1655.023643075392,2.0475039419735492,-0.08749218134489246,-0.4073513908576993,3295.483005904007,0.8310283597518177,6609433.74382655,1.4535773398347023,Walking_p4_2_35sek_20260204_151801.parquet,0,Walking,10.682585,12.657795,Non-Fall
0.7290719640109665,-0.06683592819806622,0.029446078230962035,1.613929532882524,0.6558897320938442,0.4403185498596561,333.68787683909983,0.4703914155420953,-0.2436609109857941,-0.8666329047981798,3277.154358996787,0.7712217815788547,2406138.2051779595,1.3933108021072727,Walking_p4_2_35sek_20260204_151801.parquet,0,Walking,11.684139,13.657822,Non-Fall
0.8017432786912877,-0.2278656657587666,0.017106564575599656,1.0398440271115539,1.0755698175169943,0.874700130299801,646.319832158967,0.9738671870105704,0.7916631695920778,-0.4236762974108348,3155.9415242481004,0.7061365333969116,6875371.866155467,1.4812473600843372,Walking_p4_2_35sek_20260204_151801.parquet,0,Walking,12.684105,14.657836,Non-Fall
1.8880911258922282,-0.2614344932572836,0.01671232357844005,1.018517437230186,1.8652990002636887,2.6533825937100532,1620.030917128076,2.017082035320956,2.6664087326322585,2.574750451311192,3313.629151914448,0.753205675397445,36687517.02139307,1.0940150857595101,Walking_p4_2_35sek_20260204_151801.parquet,0,Walking,14.682397,16.657808,Non-Fall
0.4278417218164573,-0.22898860707991014,0.013232914854946355,0.8181578515261279,1.8652990002636887,1.9954410479869762,1642.9180271999267,2.0370162997969117,0.534865029926843,-0.6564612339250381,3173.731385214846,0.6777747700133124,12709284.2028048,1.0128047739879789,Walking_p4_2_35sek_20260204_151801.parquet,0,Walking,15.684071,17.657787,Non-Fall
1.0324667927917262,0.057524032881124385,0.018109020647784947,1.0929904228559488,0.5974644763346817,0.5237684605740472,217.232927722853,0.22213959380977472,0.9000202771678949,-0.5063933729756136,3245.543398896386,0.739854395534057,3343686.6930263625,1.1328385914620585,Walking_p4_2_35sek_20260204_151801.parquet,0,Walking,16.684649,18.657827,Non-Fall
1.1633826876404791,-0.11548313142199587,0.02374130973905817,1.3674999440124638,0.6011048861398062,0.5897043082702751,385.2741252758749,0.5661709502774307,1.0113850041745527,-0.47068065620534943,3327.865435053524,0.7920523383223015,6879424.978492547,1.7561291341902319,Walking_p4_2_35sek_20260204_151801.parquet,0,Walking,17.684218,19.65778,Non-Fall
1.2989961297071395,-0.2633548570705269,0.02587820188690011,1.4629528228124014,0.6011048861398062,0.5001899044597771,326.40144313401385,0.45628125335006,0.965790248931728,-0.2897521685419298,3264.473314232363,0.7974265744472535,3417871.537749562,1.5856210697456044,Walking_p4_2_35sek_20260204_151801.parquet,0,Walking,18.684351,20.65784,Non-Fall
1.5066877129363008,-0.2942540195992121,0.02961817417940998,1.6209738787176204,1.4585953539128442,0.5828781303257895,664.4102591463459,0.9987279383862169,1.010095160319201,0.01470916924138043,3256.9941145106395,0.8267955112823924,3545689.756909674,1.9276754949979533,Walking_p4_2_35sek_20260204_151801.parquet,0,Walking,19.684016,21.65784,Non-Fall
1.5066877129363008,-0.16504098516740118,0.024100476954436754,1.3838352761768307,3.043159327887548,2.36015522290711,3348.8703257580487,3.2568149174066785,1.5908235022532669,0.8884863768021042,3338.819185190821,0.8265242568608986,41915951.061847925,1.3848223516478237,Walking_p4_2_35sek_20260204_151801.parquet,0,Walking,20.682451,22.65778,Non-Fall
1.393220638312091,0.07111815248706523,0.013472775270091684,0.8327592003221775,3.043159327887548,2.4050622291162003,2913.341953650291,2.9828295629334227,1.952752033414293,1.4306760783291492,3262.725009632116,0.706508249174424,11240207.578472273,0.9943528501159584,Walking_p4_2_35sek_20260204_151801.parquet,0,Walking,21.683921,23.657776,Non-Fall
0.910489634553765,-0.41569824219653556,0.010255792479948693,0.6245261535901669,0.5205227963698296,0.5072200261654696,266.7558726917329,0.3342823315992664,1.7294235140666334,0.9234239143796151,3256.1391591527354,0.7188674407963672,4838791.28447982,1.524897991798092,Walking_p4_2_35sek_20260204_151801.parquet,0,Walking,22.682658,24.65778,Non-Fall
0.910489634553765,0.0832167922038505,0.01635115335962991,0.9987579319408718,0.8014198657676322,0.31295919440167275,259.7970591319718,0.31919420249511,0.6431450006076678,-0.04808844267305553,3193.4621908738654,0.7139717814422615,2261147.736483584,0.9941513717900382,Walking_p4_2_35sek_20260204_151801.parquet,0,Walking,23.682815,25.657808,Non-Fall
1.611806815186273,-0.016669258316153773,0.02726456765001534,1.5227835946584836,0.8181415343046714,0.7172281611133936,459.0847404795102,0.6926687723528828,0.260891779128711,-0.19031203981528838,3409.5838740720556,0.8078176232271578,8912786.292622283,1.7118516295459996,Walking_p4_2_35sek_20260204_151801.parquet,0,Walking,24.682402,26.657808,Non-Fall
3.371668398693435,-0.2534331169034943,0.038834421447068446,1.972196027586863,1.7410217216189292,1.8207972788635185,1275.3519549316782,1.6978202399169802,2.54931650278949,2.9455328800678733,3296.8105379500334,0.8380653173455882,17949736.385796417,1.5678801398811255,Walking_p4_2_35sek_20260204_151801.parquet,0,Walking,25.683844,27.657831,Non-Fall
1.0145933740920317,0.35102026651665874,0.02250164538769813,1.3101474558196486,2.7796733750011215,2.933617324884648,3905.399621846196,3.582144171032017,0.4711292897466191,-0.6620299996143846,3300.886135246994,0.7220483455420336,28940990.511720225,1.1024730450411502,Walking_p4_2_35sek_20260204_151801.parquet,0,Walking,27.684391,29.65784,Non-Fall
1.1352109598532072,-0.10608001484690747,0.010984486962082303,0.6742725021542276,1.7665909712716081,1.218946509197292,1623.0671558146976,2.0197346101365845,3.1701678667232325,2.7810088492138076,3292.971738133033,0.7035860788980294,13833502.808921937,1.4267416333602156,Walking_p4_3_35sek_20260204_151856.parquet,0,Walking,1.595876,3.5694,Non-Fall
1.6484588473141084,0.5287418384738848,0.02760099308181855,1.537071641534825,2.6829550054759657,3.739118644847609,3989.549270494442,3.6292631139787024,1.0957205754202872,0.0021980464719069744,3388.883798967413,0.7907775827728075,51590567.0865226,0.921375224869644,Walking_p4_3_35sek_20260204_151856.parquet,0,Walking,3.594102,5.569428,Non-Fall
1.2721490053258897,-0.08444312295077075,0.023890557730056123,1.3743028135161042,1.361581601206405,1.201881408539807,643.4004960400351,0.9698228407409617,1.0033299299822398,-0.062085582242723175,3320.110771800766,0.797851806144948,6091559.108833166,1.1112606244931635,Walking_p4_3_35sek_20260204_151856.parquet,0,Walking,4.595553,6.569392,Non-Fall
1.2991314138245782,0.3668270075243791,0.027455493763452358,1.5309030074697145,1.3061700963504477,0.9836277344349238,593.9288055165913,0.899836600415746,0.5964372137594579,-0.6780561495079029,3380.7190782569837,0.8017022121564953,7874674.396251196,1.8159309666156003,Walking_p4_3_35sek_20260204_151856.parquet,0,Walking,5.595644,7.569442,Non-Fall
1.3201982046948018,0.7448990030019177,0.028882539853139308,1.5907171546187067,2.354317494502296,1.7224717338566518,2274.585723455291,2.540773254200298,0.5780662346282902,-0.6319356576731576,3443.9870375490323,0.8125106502784917,6520324.199306024,1.1813205103460367,Walking_p4_3_35sek_20260204_151856.parquet,0,Walking,6.595825,8.569392,Non-Fall
1.3201982046948018,0.3391950941459013,0.019864474273930822,1.1826294432198026,2.354317494502296,2.798407650733497,2358.5140114396954,2.6021214905373906,1.3712063318884706,0.40203615344143134,3489.8525855083913,0.7566465605200455,47904385.86272394,1.2258961743600771,Walking_p4_3_35sek_20260204_151856.parquet,0,Walking,7.59381,9.569434,Non-Fall
1.1889380805045586,0.34987714626461885,0.01653568985349045,1.0088808284768247,2.278206728108833,1.8406310182823054,1777.0868272858122,2.1511814357506873,1.082732609769979,0.4451196909339377,3318.9573725638165,0.7010101683290572,10646924.225362737,1.3053291035263352,Walking_p4_3_35sek_20260204_151856.parquet,0,Walking,8.594033,10.569439,Non-Fall
1.2639894572059283,0.34089755973507213,0.027598236566318324,1.5369549267568017,0.8271016077576256,0.666805683150811,368.93021162572603,0.5365602437343614,0.3227530498336863,-0.5500821608405584,3387.0926569022963,0.7971225222618041,6013617.298799685,1.5440416392811125,Walking_p4_3_35sek_20260204_151856.parquet,0,Walking,9.595541,11.569439,Non-Fall
1.987294873248886,0.32880471664529365,0.03539913583674195,1.8467343812051484,0.8271016077576256,0.6411296222873243,351.3014579327784,0.5038766533237046,0.6757988543148321,-0.2092785047396822,3411.5334166462317,0.8618711029422879,4234714.254743036,1.2872266457041295,Walking_p4_3_35sek_20260204_151856.parquet,0,Walking,10.596102,12.569447,Non-Fall
1.987294873248886,0.7277673693979957,0.02908633094274915,1.5991373149230201,1.6324403077884326,1.010222242541563,1011.9095471090764,1.4233070094604257,1.2758916041387693,0.4192431087450998,3488.3278693721936,0.8000173297480554,10317513.462705094,1.8416986397600037,Walking_p4_3_35sek_20260204_151856.parquet,0,Walking,11.595174,13.569467,Non-Fall
1.3750813760342289,0.785494377735621,0.01609508738831117,0.9846161227022374,2.7581269903766397,3.58499527623641,3258.152974609811,3.201287253513765,1.9967126776866582,0.8638891642809353,3486.1771646233406,0.7416346567121873,39207186.058851786,1.234241398642026,Walking_p4_3_35sek_20260204_151856.parquet,0,Walking,12.595451,14.5694,Non-Fall
0.718288827664926,0.1898147787646915,0.010002038679352001,0.6067901193624691,2.7581269903766397,3.782116182038464,2883.88827652871,2.963583479029852,1.5572861260511583,0.3302192808717729,3354.566920193285,0.6936954788225256,47916206.85419726,0.8622512081947254,Walking_p4_3_35sek_20260204_151856.parquet,0,Walking,13.594317,15.569434,Non-Fall
1.4782551990425523,0.21313169054058906,0.019580121501867918,1.1683865423861406,1.6335948878991366,1.4169782304318632,975.1634410317006,1.3822927657601798,1.3811175572749985,0.24435180223326722,3440.1500922109803,0.7689389560482063,5926016.8179692635,0.8206537433592551,Walking_p4_3_35sek_20260204_151856.parquet,0,Walking,14.597039,16.569415,Non-Fall
1.4782551990425523,0.869785013085763,0.03080541560241301,1.6690233550002673,1.031735003648148,1.1940860918727574,535.5750016390404,0.813423002201131,0.13713371574308186,-0.651512856147815,3416.6286583049928,0.7925324142544838,6063153.103020978,1.0911966447336963,Walking_p4_3_35sek_20260204_151856.parquet,0,Walking,15.593727,17.569451,Non-Fall
2.0373078273828793,0.8152949035291557,0.03807317584464299,1.9448888124620298,1.031735003648148,1.31975533235439,724.2866635065488,1.0786864489305186,0.34510555540907445,-0.49245624458241094,3471.26190624191,0.8774865879764367,15329881.72005041,1.3712431323926146,Walking_p4_3_35sek_20260204_151856.parquet,0,Walking,16.5938,18.569446,Non-Fall
2.275342091415225,1.044368930298924,0.042730923564155116,2.1079579536476296,3.335449467287017,2.5105772563148134,3842.520869439135,3.5466034168051745,1.3244901313044308,0.1904034320160113,3513.164720992995,0.7966276640229981,11658432.627147535,1.3948870747367546,Walking_p4_3_35sek_20260204_151856.parquet,0,Walking,17.595715,19.569392,Non-Fall
1.4745768752373016,0.45004863284283836,0.03092859859401734,1.6739553272266114,0.1787272310922446,0.33701403211700615,182.31011617022625,0.13513241601131504,0.4435416795963781,-0.6063565554308911,3444.6520597804592,0.8477658970213123,3540790.4798668576,1.3436554527594893,Walking_p4_3_35sek_20260204_151856.parquet,0,Walking,21.395558,23.369428,Non-Fall
1.0532483376385038,0.4790692677379786,0.02681974966548101,1.503756071820495,0.1787272310922446,0.309329234476132,173.012707921447,0.11059102063149387,0.5083144020476559,-0.5046134536373513,3397.3152330445196,0.7740558059487577,3064225.3287752606,1.6891423233413574,Walking_p4_3_35sek_20260204_151856.parquet,0,Walking,22.396289,24.369451,Non-Fall
1.0532483376385038,0.24714759867462338,0.01636750797589962,0.9996573767645748,2.5886277853874278,2.3111390886923706,4004.0980809716384,3.6373590468732324,1.161829524365282,0.2908487264099058,3348.16924103835,0.7265655662150492,12765780.649938397,1.3471281688398726,Walking_p4_3_35sek_20260204_151856.parquet,0,Walking,23.393626,25.369451,Non-Fall
0.8288383866323956,0.5892319581331388,0.010274888500125774,0.6258519387464359,2.5886277853874278,3.467722925460764,2957.7127535539385,3.0116402769242137,1.1156126086463136,0.8096153327834221,3360.521185214893,0.6800118619936129,62426625.44777234,0.9407496185668436,Walking_p4_3_35sek_20260204_151856.parquet,0,Walking,24.393674,26.369441,Non-Fall
1.2383496734282042,0.6968794690225821,0.013088915230488283,0.8093283362687366,1.7429537666340236,1.6769285401886318,1291.027026215354,1.7132146439555396,1.6663823866119376,0.5476278430509197,3427.852047849863,0.6996031574920789,7101602.841476593,0.8389035886068376,Walking_p4_3_35sek_20260204_151856.parquet,0,Walking,25.395956,27.369442,Non-Fall
1.2758171373411284,0.3503291490293451,0.0200514121618474,1.1919374684298933,0.29108039310265377,0.6719458634715556,186.6538534030937,0.14638340803461078,1.5945400226103226,0.4087274146919217,3415.4467775235476,0.750548295007969,5465538.216297246,1.0087965552552973,Walking_p4_3_35sek_20260204_151856.parquet,0,Walking,26.39431,28.36942,Non-Fall
1.2758171373411284,0.5020722751035557,0.028135874984567065,1.5596100653355138,0.28103922093500916,0.5706609650566996,166.54716852922658,0.0931336838903152,0.8718953131053149,-0.4855071011120626,3387.5629492695466,0.8190079307194504,3465572.13051564,1.0696843151327395,Walking_p4_3_35sek_20260204_151856.parquet,0,Walking,27.39442,29.369429,Non-Fall
1.4631336786153082,0.38201397325487313,0.03141899645884609,1.6934930522957319,0.6842816091399524,0.7829590594783897,370.3523926934928,0.5391625689876026,0.781041022017837,-0.6141956661521929,3379.5704178133437,0.7929394638649235,4123337.9616414,1.3484770904375367,Walking_p4_3_35sek_20260204_151856.parquet,0,Walking,28.393698,30.369455,Non-Fall
1.4631336786153082,0.14005952997026277,0.021330188826422226,1.2544799105034237,2.523075387474172,2.4156334174911462,2969.718939426887,3.019398883536718,0.7079131722823985,0.04672807205756345,3405.499363358268,0.7679359535273963,14838963.3701182,1.0556224312764162,Walking_p4_3_35sek_20260204_151856.parquet,0,Walking,29.39367,31.369415,Non-Fall
0.6794701445397283,0.2602194776686314,0.012040489300914965,0.7435211793495187,2.523075387474172,2.561558691591276,2969.7423069031106,3.0194139686997747,-0.07516512996229298,-0.16430495142360563,3323.246190618899,0.6721513437456141,42569172.5139973,1.1276914998664278,Walking_p4_3_35sek_20260204_151856.parquet,0,Walking,30.395997,32.3694,Non-Fall
1.16075171708031,0.17343059879908795,0.02031640499484028,1.2050579795073197,1.0098742119844206,1.10316962905917,589.755812254529,0.893802089431665,1.0915793514362322,-0.036540331243541946,3346.9025127976993,0.7334462453409619,5498586.773026331,1.1409616435304193,Walking_p4_3_35sek_20260204_151856.parquet,0,Walking,31.394062,33.369396,Non-Fall
1.16075171708031,0.6708051651028067,0.02818640192053854,1.5617280110406757,0.978966451317302,0.7918448828726329,479.7008182387155,0.7261468686581625,0.5640350007533673,-0.7123985531056406,3371.0833962719926,0.7940542514292876,4322984.6788486345,1.231708673915576,Walking_p4_3_35sek_20260204_151856.parquet,0,Walking,32.393656,34.369451,Non-Fall
0.8544844771891652,0.04618331870352329,0.027057378089709316,1.5139403239947886,0.978966451317302,0.5950866770230503,488.8317315736575,0.7407442065634868,0.2341139762143825,-0.8729380945729461,3402.693646752993,0.8243978140380045,4781783.192722344,1.5646186791283083,Walking_p4_3_35sek_20260204_151856.parquet,0,Walking,33.393936,35.36946,Non-Fall
1.501194900121809,0.1901716362575836,0.024453045779352034,1.3997525363837349,0.468868250614908,0.5137111870674564,234.6213969538989,0.26284520626414404,0.789173867684056,-0.1183909467372286,3357.7925938189373,0.7692124840775673,3670231.3346556514,1.4496514312846918,Walking_p4_3_35sek_20260204_151856.parquet,0,Walking,34.39397,36.369407,Non-Fall
2.2445926196049064,0.6037107114557013,0.022798440697184084,1.3240195416604328,1.6557253519770228,2.2085122608961334,1943.1587885701024,2.286678689760789,2.686685101536857,2.3021615650150986,3394.993123563159,0.7929670941856223,15998932.221060831,1.1145201012075383,Walking_p4_3_35sek_20260204_151856.parquet,0,Walking,35.395778,37.369442,Non-Fall
2.2014995116208467,-0.5467063673128493,0.019479219204332154,1.1633076281296217,0.35643982013288883,0.5095339393298115,218.56824322399768,0.22532197302805276,2.340360811007296,2.7419890372608546,3180.339253239421,0.7708755819051323,3832363.408587033,1.4334515006600543,Walking_p4_4_35sek_20260205_105347.parquet,0,Walking,0.60435,2.578464,Non-Fall
2.2014995116208467,-0.10664382422362806,0.03437845755784119,1.8082951747424192,0.522787120814493,0.7236174326119799,185.62821700685555,0.1437387501351799,1.2720566150762715,0.2971250002003328,3378.406468589684,0.8864555512224536,5167701.955887164,1.1631832330151683,Walking_p4_4_35sek_20260205_105347.parquet,0,Walking,1.604627,3.578447,Non-Fall
0.5946845439557024,-0.3268940163540306,0.013260357002762799,0.8198350415764163,0.22890400145985246,0.3804475798415377,175.74610784017202,0.11787310389962591,0.568211664202992,-0.5139999756906675,3279.4590829458175,0.7153617375255001,2953029.246796338,1.3914242090259976,Walking_p4_4_35sek_20260205_105347.parquet,0,Walking,9.80459,11.778469,Non-Fall
0.9064355616068149,-0.1268600069923229,0.011836785939348664,0.7304069829910642,1.6525120729163252,1.4851573003133869,1218.7870132807398,1.6414659900919233,1.166205939860816,0.15848806802076776,3300.7136070510546,0.7289058680500228,15165402.609275704,1.328291138375593,Walking_p4_4_35sek_20260205_105347.parquet,0,Walking,10.806232,12.778458,Non-Fall
0.9064355616068149,0.3359233989914317,0.01954330505374293,1.1665349072594733,1.6525120729163252,1.5167358848978356,1202.3058102723248,1.624801292762419,0.747659984753555,-0.2932990895504059,3292.022478123348,0.7273044489926396,10651128.654791892,1.1057994674068423,Walking_p4_4_35sek_20260205_105347.parquet,0,Walking,11.803111,13.778475,Non-Fall
0.8752069854508696,0.061291113881344166,0.019210351297122334,1.1497095806890159,0.381257623417743,0.28167376933929844,156.2801172499082,0.06470038373210306,0.6133826262861132,-0.3550819649781007,3351.228480995957,0.8145221708378803,2306549.3012891104,1.2200907139170158,Walking_p4_4_35sek_20260205_105347.parquet,0,Walking,12.802894,14.778443,Non-Fall
0.8537533897471635,0.07763089560722429,0.017155755598747876,1.042487710857222,1.0939882927192521,1.0704453816229391,699.5810665173253,1.046111135712022,0.5289408767878018,-0.3220766613449994,3376.4538712824133,0.752877344571204,6226317.770135494,1.1732065263042466,Walking_p4_4_35sek_20260205_105347.parquet,0,Walking,13.80379,15.778469,Non-Fall
0.8537533897471635,0.30712380781902243,0.012053992045646523,0.7443865361304279,1.7823759867004083,2.8353348705647488,1291.2100084004621,1.713393796294636,0.7510028653298503,0.4390943167947487,3307.284552226919,0.7047551086381256,38133787.12302362,1.0380623611228577,Walking_p4_4_35sek_20260205_105347.parquet,0,Walking,14.80302,16.778496,Non-Fall
0.03788803496294248,-0.11399659883941372,0.0029174967024736286,-0.0403080276724862,1.7823759867004083,1.9858390816235647,2345.4737019755316,2.592662017326086,0.8188159394097685,0.033826140835688225,3294.439702912033,0.6710899898502432,13007628.76810519,1.00476509289991,Walking_p4_4_35sek_20260205_105347.parquet,0,Walking,15.80283,17.778469,Non-Fall
0.18043787738533532,-0.0949116227527531,0.004265812510283271,0.11865629280491993,0.3793206366588592,0.4620588578971244,376.22436440477856,0.5498546393069949,0.605215206150672,-0.0755916262280745,3227.7417620131973,0.6588013702581055,1734477.8194826266,0.9082591893456785,Walking_p4_4_35sek_20260205_105347.parquet,0,Walking,16.803073,18.778479,Non-Fall
0.5756223144810009,-0.22663358599248498,0.007718276680892106,0.4357671720425831,0.32723333930771775,0.47315035241185305,232.7756662610339,0.2585976619643966,0.885933060927834,0.11422498553207033,3258.014845416766,0.6826260293507089,4974551.615560794,1.3833088966592122,Walking_p4_4_35sek_20260205_105347.parquet,0,Walking,17.803192,19.77849,Non-Fall
0.9805347825362699,-0.058026762988090716,0.00879923460930411,0.5194817856413394,0.5803537372064008,0.8796470029438475,462.67718769472594,0.6985557659432089,1.9097416374688754,1.3575742279801177,3251.166780611351,0.6991123500926754,5392286.7347802725,1.41249476132742,Walking_p4_4_35sek_20260205_105347.parquet,0,Walking,23.803064,25.778443,Non-Fall
0.7362487316276219,0.07838717454725153,0.014378208056178496,0.8867382538938247,0.4638267750140516,0.4868970002364291,269.6649773078834,0.34053146559459513,1.240272039184277,-0.17148530573411674,3341.7460851779915,0.7479522815358339,4092407.6236480516,1.352421122029029,Walking_p4_4_35sek_20260205_105347.parquet,0,Walking,24.804581,26.778491,Non-Fall
0.7362487316276219,0.1844174239156301,0.017860765763003893,1.0799688520477828,0.2737370211103554,0.30436395166960606,180.44682801949824,0.13026514741701506,0.8107073950207613,-0.6260933338649614,3340.534853718353,0.7612295156281861,3108876.6940665864,1.6817035175903787,Walking_p4_4_35sek_20260205_105347.parquet,0,Walking,25.802939,27.778453,Non-Fall
0.5284369082638978,-0.19674819182356154,0.010238329016474215,0.6233126315062852,0.2737370211103554,0.0340737090088539,152.55997839151024,0.05416835792464904,1.1822342383227733,-0.08733313923989756,3264.614291329165,0.6977854406197683,1544033.0371424267,1.655383490344542,Walking_p4_4_35sek_20260205_105347.parquet,0,Walking,26.802939,28.778496,Non-Fall
1.1589508929162224,0.20977083694456145,0.010897820573597387,0.6684442690963852,1.2107009117215435,0.9392426301404156,969.7962362036551,1.376237893185168,2.0131587598440226,1.5487362157286142,3366.038402749279,0.7151165134842281,5352751.07892488,1.3233900141814232,Walking_p4_4_35sek_20260205_105347.parquet,0,Walking,27.80466,29.778469,Non-Fall
1.1589508929162224,0.1326498580312383,0.018894757762505723,1.1336263928329475,1.8996937143237276,2.777859454449356,1084.5331476942076,1.5022317530593163,0.905212314347485,0.1503416777147975,3340.974373174794,0.7395228444431122,35271882.492234915,0.9115943012125279,Walking_p4_4_35sek_20260205_105347.parquet,0,Walking,28.803149,30.778461,Non-Fall
1.0464708610959401,0.11300892458896131,0.026054439639438935,1.4706460982618368,1.8996937143237276,1.913131428843439,1908.3193405038244,2.2587485109391867,0.5521170757199413,-0.1632489358994291,3300.6667231916945,0.7628585052919443,11967439.71789173,1.1336850680180977,Walking_p4_4_35sek_20260205_105347.parquet,0,Walking,29.802948,31.77849,Non-Fall
1.058890089964899,0.25497457590328537,0.024011183346797194,1.3797855346795445,0.5690813040653933,0.3440746887683947,253.77150721116882,0.30596551323432797,0.9278482983455231,0.1371521752167343,3337.078302569326,0.8053008335239035,3562166.409681532,1.7509873709258692,Walking_p4_4_35sek_20260205_105347.parquet,0,Walking,30.803048,32.778476,Non-Fall
1.5758439949835503,0.5667215959303543,0.03545790378310987,1.8489306271261614,1.283882335963453,0.9481364696537764,620.3217195911587,0.9375217785307275,0.7270092101723907,-0.20727732394557657,3411.2908213016394,0.7887066467548943,4311171.480441365,1.2017699300651046,Walking_p4_4_35sek_20260205_105347.parquet,0,Walking,37.903016,39.878484,Non-Fall
1.5758439949835503,0.25830705029423634,0.019729992744417765,1.1759062137674217,1.5975811003098872,2.4675374513817285,1171.2823967541165,1.5931196352864974,1.7517485756383473,0.7512900872791629,3428.534585466264,0.7662896561926672,24594203.605182298,1.0556143703236063,Walking_p4_4_35sek_20260205_105347.parquet,0,Walking,38.904601,40.878488,Non-Fall
0.4673105794946166,0.10170818387352058,0.010418571779853017,0.6357882276142742,1.5975811003098872,2.2554125081018865,1348.5274198414181,1.7689002560276563,0.7371209108089831,-0.4180039419708881,3265.5381523416568,0.7017041881063918,23148931.611526478,1.0598928013159679,Walking_p4_4_35sek_20260205_105347.parquet,0,Walking,39.904687,41.878464,Non-Fall
0.5552535761125627,-0.23867217732839696,0.01369008507987315,0.845875972445817,0.9704140410493156,0.5280882418310179,375.40476589591316,0.5483672962572781,0.4577609381014132,-0.5274626085588329,3319.9589144102088,0.7398439159804989,3393699.9154382516,1.4023339558077481,Walking_p4_4_35sek_20260205_105347.parquet,0,Walking,40.904818,42.878428,Non-Fall
1.697717580733805,0.2987988293627387,0.030441390569944007,1.6543906923062355,0.3552528398000661,0.6399411479751098,261.2743893502853,0.3224140930116384,1.0349047250446928,0.2241063213695799,3364.952757648141,0.8187599753456367,5642383.786029922,1.4106920559674956,Walking_p4_4_35sek_20260205_105347.parquet,0,Walking,47.40275,49.37845,Non-Fall
-0.1556268918586915,-1.0353361138143329,0.0034955341284499853,0.03157040583818646,-0.13565065140314117,-0.18724507474303728,74.64708104687057,-0.20698478943310575,0.586154154061927,-0.5138590444854712,3102.177724507265,0.6810514023938667,1278860.3901316859,1.5205528615165402,Walking_slow_Chrysi_4_20sek_20260202_103424.parquet,0,Walking,0.403527,2.377399,Non-Fall
0.36565033810329306,-1.0519111257621085,0.00421985675846836,0.11369345210894916,-0.350856785498518,-0.2570733726575384,42.098696602074604,-0.3583648790346753,2.2812198555526115,1.9202298134765965,3078.359684194283,0.6812783775061493,904669.3236557165,1.2707180300215497,Walking_slow_Chrysi_4_20sek_20260202_103424.parquet,0,Walking,1.403765,3.377374,Non-Fall
0.36565033810329306,-0.9930225960108114,0.006162933608457685,0.3042358387323384,-0.2045134359303367,-0.23964618526476336,65.60849789408512,-0.24497553488609325,1.7424487497504249,0.9408298892209757,3097.8250934747507,0.6702049157238046,841366.5667175818,1.3820424522569825,Walking_slow_Chrysi_4_20sek_20260202_103424.parquet,0,Walking,2.402283,4.377352,Non-Fall
0.2520467333670375,-0.8400381663507923,0.006293127160134581,0.31584062014009706,-0.2045134359303367,-0.20848278221167652,54.675819051169164,-0.2946214676666896,0.8847943227685396,0.09837490257828005,3093.1033382481305,0.6929363455285066,900976.2326493898,1.0740882497182613,Walking_slow_Chrysi_4_20sek_20260202_103424.parquet,0,Walking,3.404715,5.37738,Non-Fall
0.057759474735690194,-0.8653918654810302,0.003955294215869074,0.08458163871387124,-0.3367417901238517,-0.28281581878318757,41.330400816574986,-0.3625497879318393,0.7582969375989537,0.3142735203736794,3098.95632819788,0.6493535723737881,964737.482495671,1.4243401766528934,Walking_slow_Chrysi_4_20sek_20260202_103424.parquet,0,Walking,4.401869,6.377394,Non-Fall
0.14028611693777412,-0.8410466577322915,0.004624888161070551,0.15654750375879714,-0.09007506872424559,-0.19696811692776814,92.25991262467954,-0.13906275416495206,0.7632766484678132,0.2926958828077023,3069.072984002363,0.6634909962861735,832639.221318787,1.403927931738663,Walking_slow_Chrysi_4_20sek_20260202_103424.parquet,0,Walking,5.402314,7.377347,Non-Fall
0.14028611693777412,-0.7517162312317524,0.0045782089969170535,0.15170701315092672,1.1238637345499802,1.232496897778038,897.9866225977428,1.2935558099439446,0.6313066626705417,0.28457750976580864,3089.7876652956843,0.6464390595331823,8913284.142704023,1.0410542087175463,Walking_slow_Chrysi_4_20sek_20260202_103424.parquet,0,Walking,6.404003,8.377334,Non-Fall
-0.41067742295297743,-1.0564089568037731,0.002368718032827769,-0.11549527355923694,1.1238637345499802,2.2834312415563005,161.3465425806541,0.0788442685848501,-1.2298151206101873,-0.08342197652470862,3104.424774414107,0.649595844354195,20775579.364220805,0.8722393556869628,Walking_slow_Chrysi_4_20sek_20260202_103424.parquet,0,Walking,7.402084,9.37739,Non-Fall
