samples,timestamp,label
"[{'t_us': 561054035, 'ax': -0.93, 'ay': 0.03, 'az': 0.15, 'gx': -4.64, 'gy': 3.4, 'gz': 0.31}, {'t_us': 561056002, 'ax': -0.93, 'ay': 0.03, 'az': 0.15, 'gx': -4.64, 'gy': 3.4, 'gz': 0.31}, {'t_us': 561057939, 'ax': -0.93, 'ay': 0.03, 'az': 0.14, 'gx': -4.64, 'gy': 3.25, 'gz': 0.17}, {'t_us': 561059877, 'ax': -0.93, 'ay': 0.03, 'az': 0.14, 'gx': -4.72, 'gy': 3.13, 'gz': -0.02}, {'t_us': 561061819, 'ax': -0.93, 'ay': 0.03, 'az': 0.14, 'gx': -4.5, 'gy': 2.99, 'gz': 0.11}]",2026-02-13 11:49:41,0.0
"[{'t_us': 561159065, 'ax': -0.92, 'ay': 0.02, 'az': 0.16, 'gx': -4.37, 'gy': 2.35, 'gz': 0.29}, {'t_us': 561161198, 'ax': -0.92, 'ay': 0.02, 'az': 0.15, 'gx': -4.26, 'gy': 2.46, 'gz': 0.34}, {'t_us': 561163135, 'ax': -0.93, 'ay': 0.02, 'az': 0.15, 'gx': -4.26, 'gy': 2.46, 'gz': 0.34}, {'t_us': 561165075, 'ax': -0.92, 'ay': 0.02, 'az': 0.16, 'gx': -4.44, 'gy': 2.5, 'gz': 0.29}, {'t_us': 561167017, 'ax': -0.93, 'ay': 0.03, 'az': 0.15, 'gx': -4.03, 'gy': 2.56, 'gz': 0.23}]",2026-02-13 11:49:42,0.0
"[{'t_us': 561259682, 'ax': -0.93, 'ay': 0.02, 'az': 0.15, 'gx': -3.92, 'gy': 2.79, 'gz': 0.09}, {'t_us': 561261739, 'ax': -0.93, 'ay': 0.02, 'az': 0.15, 'gx': -3.85, 'gy': 2.64, 'gz': 0.08}, {'t_us': 561263690, 'ax': -0.93, 'ay': 0.03, 'az': 0.14, 'gx': -4.05, 'gy': 2.63, 'gz': 0.14}, {'t_us': 561265627, 'ax': -0.92, 'ay': 0.02, 'az': 0.15, 'gx': -4.05, 'gy': 2.63, 'gz': 0.14}, {'t_us': 561267573, 'ax': -0.93, 'ay': 0.02, 'az': 0.14, 'gx': -3.68, 'gy': 2.47, 'gz': 0.12}]",2026-02-13 11:49:42,0.0
"[{'t_us': 561358496, 'ax': -0.93, 'ay': 0.03, 'az': 0.14, 'gx': -3.44, 'gy': 3.01, 'gz': -0.11}, {'t_us': 561360594, 'ax': -0.93, 'ay': 0.03, 'az': 0.16, 'gx': -3.44, 'gy': 3.01, 'gz': -0.11}, {'t_us': 561362530, 'ax': -0.93, 'ay': 0.03, 'az': 0.15, 'gx': -3.4, 'gy': 2.78, 'gz': -0.12}, {'t_us': 561364467, 'ax': -0.93, 'ay': 0.03, 'az': 0.15, 'gx': -3.42, 'gy': 2.81, 'gz': -0.12}, {'t_us': 561366403, 'ax': -0.93, 'ay': 0.03, 'az': 0.15, 'gx': -3.42, 'gy': 2.79, 'gz': 0.0}]",2026-02-13 11:49:42,0.0
"[{'t_us': 561458335, 'ax': -0.93, 'ay': 0.03, 'az': 0.15, 'gx': -3.24, 'gy': 2.93, 'gz': -0.12}, {'t_us': 561472292, 'ax': -0.93, 'ay': 0.02, 'az': 0.15, 'gx': -3.1, 'gy': 2.69, 'gz': 0.06}, {'t_us': 561492259, 'ax': -0.92, 'ay': 0.02, 'az': 0.14, 'gx': -3.22, 'gy': 3.15, 'gz': -0.18}, {'t_us': 561512302, 'ax': -0.93, 'ay': 0.04, 'az': 0.16, 'gx': -3.28, 'gy': 3.39, 'gz': -0.21}, {'t_us': 561532317, 'ax': -0.93, 'ay': 0.03, 'az': 0.14, 'gx': -3.02, 'gy': 3.01, 'gz': -0.27}]",2026-02-13 11:49:42,0.0
"[{'t_us': 561558520, 'ax': -0.93, 'ay': 0.02, 'az': 0.14, 'gx': -2.72, 'gy': 2.81, 'gz': -0.4}, {'t_us': 561572262, 'ax': -0.93, 'ay': 0.03, 'az': 0.15, 'gx': -2.99, 'gy': 3.04, 'gz': -0.31}, {'t_us': 561592310, 'ax': -0.93, 'ay': 0.03, 'az': 0.15, 'gx': -3.24, 'gy': 3.3, 'gz': 0.0}, {'t_us': 561612266, 'ax': -0.93, 'ay': 0.02, 'az': 0.15, 'gx': -3.15, 'gy': 3.18, 'gz': -0.23}, {'t_us': 561632302, 'ax': -0.93, 'ay': 0.03, 'az': 0.15, 'gx': -3.07, 'gy': 3.15, 'gz': 0.02}]",2026-02-13 11:49:42,0.0
"[{'t_us': 561656800, 'ax': -0.92, 'ay': 0.03, 'az': 0.16, 'gx': -2.85, 'gy': 3.21, 'gz': -0.21}, {'t_us': 561672292, 'ax': -0.93, 'ay': 0.03, 'az': 0.15, 'gx': -3.01, 'gy': 3.01, 'gz': -0.21}, {'t_us': 561692262, 'ax': -0.92, 'ay': 0.03, 'az': 0.15, 'gx': -3.31, 'gy': 2.67, 'gz': -0.08}, {'t_us': 561712276, 'ax': -0.93, 'ay': 0.03, 'az': 0.15, 'gx': -3.37, 'gy': 2.75, 'gz': 0.08}, {'t_us': 561732271, 'ax': -0.93, 'ay': 0.02, 'az': 0.15, 'gx': -3.79, 'gy': 3.34, 'gz': -0.08}]",2026-02-13 11:49:42,0.0
"[{'t_us': 561758345, 'ax': -0.92, 'ay': 0.02, 'az': 0.15, 'gx': -3.73, 'gy': 3.31, 'gz': 0.11}, {'t_us': 561772668, 'ax': -0.92, 'ay': 0.03, 'az': 0.15, 'gx': -3.68, 'gy': 3.63, 'gz': 0.12}, {'t_us': 561792266, 'ax': -0.93, 'ay': 0.03, 'az': 0.15, 'gx': -3.65, 'gy': 3.39, 'gz': -0.06}, {'t_us': 561812302, 'ax': -0.92, 'ay': 0.03, 'az': 0.15, 'gx': -3.73, 'gy': 3.3, 'gz': 0.05}, {'t_us': 561832262, 'ax': -0.92, 'ay': 0.03, 'az': 0.15, 'gx': -3.83, 'gy': 3.25, 'gz': 0.0}]",2026-02-13 11:49:42,0.0
"[{'t_us': 561856899, 'ax': -0.93, 'ay': 0.03, 'az': 0.15, 'gx': -4.02, 'gy': 3.22, 'gz': 0.11}, {'t_us': 561872259, 'ax': -0.93, 'ay': 0.03, 'az': 0.15, 'gx': -4.31, 'gy': 2.85, 'gz': 0.09}, {'t_us': 561892262, 'ax': -0.93, 'ay': 0.03, 'az': 0.15, 'gx': -4.43, 'gy': 2.89, 'gz': 0.05}, {'t_us': 561912276, 'ax': -0.93, 'ay': 0.03, 'az': 0.14, 'gx': -4.5, 'gy': 3.04, 'gz': 0.24}, {'t_us': 561932310, 'ax': -0.92, 'ay': 0.03, 'az': 0.15, 'gx': -4.99, 'gy': 3.11, 'gz': 0.2}]",2026-02-13 11:49:42,0.0
"[{'t_us': 561958958, 'ax': -0.93, 'ay': 0.05, 'az': 0.14, 'gx': -6.18, 'gy': 3.53, 'gz': 0.99}, {'t_us': 561972300, 'ax': -0.92, 'ay': 0.05, 'az': 0.15, 'gx': -6.82, 'gy': 3.59, 'gz': 1.57}, {'t_us': 561992317, 'ax': -0.93, 'ay': 0.05, 'az': 0.13, 'gx': -8.5, 'gy': 3.63, 'gz': 2.12}, {'t_us': 562012302, 'ax': -0.92, 'ay': 0.07, 'az': 0.13, 'gx': -11.68, 'gy': 3.97, 'gz': 2.98}, {'t_us': 562032259, 'ax': -0.92, 'ay': 0.09, 'az': 0.13, 'gx': -15.37, 'gy': 3.97, 'gz': 4.26}]",2026-02-13 11:49:42,0.0
"[{'t_us': 562057183, 'ax': -0.94, 'ay': 0.11, 'az': 0.15, 'gx': -21.91, 'gy': 3.82, 'gz': 7.92}, {'t_us': 562072321, 'ax': -0.94, 'ay': 0.12, 'az': 0.16, 'gx': -27.45, 'gy': 3.48, 'gz': 10.34}, {'t_us': 562092262, 'ax': -0.92, 'ay': 0.12, 'az': 0.16, 'gx': -32.23, 'gy': 3.08, 'gz': 11.77}, {'t_us': 562112310, 'ax': -0.91, 'ay': 0.11, 'az': 0.16, 'gx': -36.69, 'gy': 3.42, 'gz': 12.08}, {'t_us': 562132266, 'ax': -0.91, 'ay': 0.09, 'az': 0.17, 'gx': -39.95, 'gy': 3.25, 'gz': 12.29}]",2026-02-13 11:49:42,0.0
"[{'t_us': 562158440, 'ax': -0.9, 'ay': 0.06, 'az': 0.17, 'gx': -43.65, 'gy': 5.71, 'gz': 12.06}, {'t_us': 562172261, 'ax': -0.91, 'ay': 0.04, 'az': 0.17, 'gx': -45.62, 'gy': 6.99, 'gz': 12.56}, {'t_us': 562192262, 'ax': -0.93, 'ay': 0.03, 'az': 0.15, 'gx': -48.08, 'gy': 7.47, 'gz': 13.77}, {'t_us': 562212305, 'ax': -0.95, 'ay': 0.04, 'az': 0.13, 'gx': -51.71, 'gy': 6.64, 'gz': 15.76}, {'t_us': 562232259, 'ax': -0.93, 'ay': 0.08, 'az': 0.13, 'gx': -55.19, 'gy': 6.78, 'gz': 17.98}]",2026-02-13 11:49:42,0.0
"[{'t_us': 562258459, 'ax': -0.89, 'ay': 0.08, 'az': 0.09, 'gx': -57.05, 'gy': 9.94, 'gz': 17.08}, {'t_us': 562272323, 'ax': -0.89, 'ay': 0.07, 'az': 0.08, 'gx': -55.54, 'gy': 12.58, 'gz': 15.65}, {'t_us': 562292259, 'ax': -0.95, 'ay': 0.06, 'az': 0.13, 'gx': -51.11, 'gy': 12.26, 'gz': 14.09}, {'t_us': 562312319, 'ax': -0.97, 'ay': 0.03, 'az': 0.15, 'gx': -44.95, 'gy': 10.95, 'gz': 12.41}, {'t_us': 562332262, 'ax': -0.99, 'ay': -0.05, 'az': 0.13, 'gx': -38.31, 'gy': 6.61, 'gz': 10.44}]",2026-02-13 11:49:43,0.0
"[{'t_us': 562358404, 'ax': -0.92, 'ay': -0.07, 'az': 0.16, 'gx': -30.63, 'gy': 5.11, 'gz': 7.48}, {'t_us': 562372309, 'ax': -0.9, 'ay': -0.05, 'az': 0.16, 'gx': -26.26, 'gy': 7.68, 'gz': 7.16}, {'t_us': 562392321, 'ax': -0.88, 'ay': 0.04, 'az': 0.17, 'gx': -23.54, 'gy': 10.4, 'gz': 9.18}, {'t_us': 562412313, 'ax': -0.9, 'ay': 0.16, 'az': 0.18, 'gx': -26.27, 'gy': 11.88, 'gz': 10.92}, {'t_us': 562432321, 'ax': -0.91, 'ay': 0.26, 'az': 0.15, 'gx': -32.18, 'gy': 12.41, 'gz': 11.71}]",2026-02-13 11:49:43,0.0
"[{'t_us': 562458458, 'ax': -0.93, 'ay': 0.27, 'az': 0.12, 'gx': -39.37, 'gy': 8.17, 'gz': 10.44}, {'t_us': 562472325, 'ax': -0.93, 'ay': 0.23, 'az': 0.13, 'gx': -41.21, 'gy': 4.96, 'gz': 8.58}, {'t_us': 562492259, 'ax': -0.93, 'ay': 0.14, 'az': 0.14, 'gx': -41.05, 'gy': 2.76, 'gz': 5.15}, {'t_us': 562512317, 'ax': -0.93, 'ay': 0.04, 'az': 0.14, 'gx': -36.78, 'gy': 1.02, 'gz': 0.99}, {'t_us': 562532325, 'ax': -0.93, 'ay': -0.03, 'az': 0.15, 'gx': -30.12, 'gy': 0.67, 'gz': -1.88}]",2026-02-13 11:49:43,0.0
"[{'t_us': 562558432, 'ax': -0.94, 'ay': -0.04, 'az': 0.14, 'gx': -22.43, 'gy': 0.55, 'gz': -2.64}, {'t_us': 562574345, 'ax': -0.97, 'ay': -0.01, 'az': 0.15, 'gx': -19.44, 'gy': -0.85, 'gz': -1.19}, {'t_us': 562592259, 'ax': -0.97, 'ay': 0.03, 'az': 0.13, 'gx': -17.6, 'gy': -2.92, 'gz': 0.52}, {'t_us': 562612298, 'ax': -0.93, 'ay': 0.09, 'az': 0.16, 'gx': -18.6, 'gy': -2.49, 'gz': 1.91}, {'t_us': 562632298, 'ax': -0.89, 'ay': 0.11, 'az': 0.15, 'gx': -19.91, 'gy': -1.31, 'gz': 1.44}]",2026-02-13 11:49:43,0.0
"[{'t_us': 562658417, 'ax': -0.9, 'ay': 0.1, 'az': 0.14, 'gx': -19.98, 'gy': 2.15, 'gz': -0.31}, {'t_us': 562672298, 'ax': -0.92, 'ay': 0.07, 'az': 0.13, 'gx': -19.05, 'gy': 3.6, 'gz': -1.45}, {'t_us': 562692310, 'ax': -0.93, 'ay': 0.03, 'az': 0.14, 'gx': -18.58, 'gy': 3.71, 'gz': -1.39}, {'t_us': 562712266, 'ax': -0.93, 'ay': -0.01, 'az': 0.15, 'gx': -18.69, 'gy': 3.33, 'gz': -0.31}, {'t_us': 562732278, 'ax': -0.93, 'ay': -0.02, 'az': 0.14, 'gx': -18.89, 'gy': 2.66, 'gz': 1.39}]",2026-02-13 11:49:43,0.0
"[{'t_us': 562758651, 'ax': -0.91, 'ay': -0.02, 'az': 0.13, 'gx': -18.67, 'gy': 3.62, 'gz': 1.66}, {'t_us': 562772512, 'ax': -0.9, 'ay': -0.02, 'az': 0.13, 'gx': -18.11, 'gy': 5.01, 'gz': 1.59}, {'t_us': 562792325, 'ax': -0.89, 'ay': -0.02, 'az': 0.14, 'gx': -17.1, 'gy': 6.64, 'gz': 1.95}, {'t_us': 562812292, 'ax': -0.91, 'ay': -0.01, 'az': 0.12, 'gx': -15.45, 'gy': 7.3, 'gz': 2.82}, {'t_us': 562832262, 'ax': -0.95, 'ay': -0.0, 'az': 0.13, 'gx': -14.6, 'gy': 8.35, 'gz': 3.39}]",2026-02-13 11:49:43,0.0
"[{'t_us': 562856892, 'ax': -0.97, 'ay': 0.01, 'az': 0.12, 'gx': -14.44, 'gy': 7.73, 'gz': 2.7}, {'t_us': 562872284, 'ax': -0.97, 'ay': 0.01, 'az': 0.12, 'gx': -14.02, 'gy': 7.04, 'gz': 1.89}, {'t_us': 562892302, 'ax': -0.95, 'ay': 0.0, 'az': 0.12, 'gx': -12.78, 'gy': 6.38, 'gz': 0.7}, {'t_us': 562912259, 'ax': -0.91, 'ay': -0.0, 'az': 0.13, 'gx': -11.51, 'gy': 5.5, 'gz': 0.21}, {'t_us': 562932270, 'ax': -0.91, 'ay': 0.0, 'az': 0.13, 'gx': -11.27, 'gy': 6.44, 'gz': 0.82}]",2026-02-13 11:49:43,0.0
"[{'t_us': 562956828, 'ax': -0.91, 'ay': 0.01, 'az': 0.15, 'gx': -12.12, 'gy': 7.4, 'gz': 2.24}, {'t_us': 562972298, 'ax': -0.93, 'ay': 0.02, 'az': 0.15, 'gx': -13.13, 'gy': 7.69, 'gz': 3.07}, {'t_us': 562992310, 'ax': -0.93, 'ay': 0.02, 'az': 0.14, 'gx': -14.18, 'gy': 8.0, 'gz': 3.56}, {'t_us': 563012266, 'ax': -0.94, 'ay': 0.01, 'az': 0.14, 'gx': -14.61, 'gy': 7.66, 'gz': 3.01}, {'t_us': 563032321, 'ax': -0.95, 'ay': 0.01, 'az': 0.14, 'gx': -13.77, 'gy': 7.05, 'gz': 2.18}]",2026-02-13 11:49:43,0.0
"[{'t_us': 563058688, 'ax': -0.95, 'ay': 0.01, 'az': 0.14, 'gx': -12.03, 'gy': 6.49, 'gz': 0.99}, {'t_us': 563072292, 'ax': -0.94, 'ay': -0.0, 'az': 0.13, 'gx': -11.34, 'gy': 6.7, 'gz': 1.21}, {'t_us': 563092310, 'ax': -0.93, 'ay': -0.01, 'az': 0.13, 'gx': -10.44, 'gy': 6.5, 'gz': 0.84}, {'t_us': 563112310, 'ax': -0.94, 'ay': -0.01, 'az': 0.13, 'gx': -9.63, 'gy': 6.76, 'gz': 0.89}, {'t_us': 563132292, 'ax': -0.93, 'ay': -0.01, 'az': 0.13, 'gx': -8.6, 'gy': 6.35, 'gz': 0.4}]",2026-02-13 11:49:43,0.0
"[{'t_us': 563156899, 'ax': -0.93, 'ay': -0.0, 'az': 0.12, 'gx': -7.13, 'gy': 6.03, 'gz': -0.14}, {'t_us': 563172271, 'ax': -0.93, 'ay': -0.0, 'az': 0.12, 'gx': -6.32, 'gy': 6.14, 'gz': -0.11}, {'t_us': 563192276, 'ax': -0.94, 'ay': -0.01, 'az': 0.13, 'gx': -5.34, 'gy': 6.44, 'gz': -0.14}, {'t_us': 563212317, 'ax': -0.93, 'ay': -0.0, 'az': 0.14, 'gx': -4.34, 'gy': 6.09, 'gz': -0.27}, {'t_us': 563232325, 'ax': -0.94, 'ay': -0.0, 'az': 0.12, 'gx': -3.4, 'gy': 5.77, 'gz': -0.37}]",2026-02-13 11:49:43,0.0
"[{'t_us': 563256787, 'ax': -0.94, 'ay': 0.01, 'az': 0.12, 'gx': -2.29, 'gy': 5.63, 'gz': -0.66}, {'t_us': 563272259, 'ax': -0.93, 'ay': 0.01, 'az': 0.12, 'gx': -1.86, 'gy': 5.8, 'gz': -0.98}, {'t_us': 563292262, 'ax': -0.94, 'ay': 0.01, 'az': 0.11, 'gx': -1.8, 'gy': 5.76, 'gz': -0.76}, {'t_us': 563312302, 'ax': -0.93, 'ay': 0.02, 'az': 0.13, 'gx': -1.73, 'gy': 5.34, 'gz': -0.55}, {'t_us': 563332271, 'ax': -0.93, 'ay': 0.02, 'az': 0.12, 'gx': -1.62, 'gy': 4.99, 'gz': -0.67}]",2026-02-13 11:49:44,0.0
"[{'t_us': 563357026, 'ax': -0.93, 'ay': 0.02, 'az': 0.13, 'gx': -1.56, 'gy': 5.04, 'gz': -0.66}, {'t_us': 563372317, 'ax': -0.93, 'ay': 0.02, 'az': 0.12, 'gx': -1.25, 'gy': 5.04, 'gz': -0.61}, {'t_us': 563392325, 'ax': -0.94, 'ay': 0.03, 'az': 0.13, 'gx': -0.85, 'gy': 4.99, 'gz': -0.78}, {'t_us': 563412292, 'ax': -0.94, 'ay': 0.04, 'az': 0.13, 'gx': -0.95, 'gy': 4.5, 'gz': -0.89}, {'t_us': 563432317, 'ax': -0.94, 'ay': 0.04, 'az': 0.12, 'gx': -0.55, 'gy': 3.91, 'gz': -1.25}]",2026-02-13 11:49:44,0.0
"[{'t_us': 563458586, 'ax': -0.93, 'ay': 0.04, 'az': 0.12, 'gx': -1.15, 'gy': 4.17, 'gz': -1.19}, {'t_us': 563472284, 'ax': -0.92, 'ay': 0.04, 'az': 0.13, 'gx': -1.53, 'gy': 4.69, 'gz': -1.11}, {'t_us': 563492302, 'ax': -0.92, 'ay': 0.05, 'az': 0.12, 'gx': -2.35, 'gy': 5.21, 'gz': -1.18}, {'t_us': 563512259, 'ax': -0.93, 'ay': 0.06, 'az': 0.11, 'gx': -3.57, 'gy': 5.51, 'gz': -0.96}, {'t_us': 563532310, 'ax': -0.93, 'ay': 0.05, 'az': 0.1, 'gx': -4.44, 'gy': 5.65, 'gz': -0.23}]",2026-02-13 11:49:44,0.0
"[{'t_us': 84510841, 'ax': -0.93, 'ay': 0.02, 'az': 0.11, 'gx': -1.01, 'gy': 1.34, 'gz': -0.41}]",2026-02-13 11:53:06,0.0
"[{'t_us': 84517107, 'ax': -0.94, 'ay': 0.03, 'az': 0.1, 'gx': -0.82, 'gy': 1.1, 'gz': -0.49}]",2026-02-13 11:53:06,0.0
"[{'t_us': 84522425, 'ax': -0.93, 'ay': 0.02, 'az': 0.1, 'gx': -0.5, 'gy': 1.04, 'gz': -0.66}]",2026-02-13 11:53:06,0.0
"[{'t_us': 84527593, 'ax': -0.93, 'ay': 0.03, 'az': 0.1, 'gx': -0.49, 'gy': 0.99, 'gz': -0.67}]",2026-02-13 11:53:06,0.0
"[{'t_us': 84532871, 'ax': -0.93, 'ay': 0.03, 'az': 0.09, 'gx': -0.26, 'gy': 1.01, 'gz': -0.53}]",2026-02-13 11:53:06,0.0
"[{'t_us': 84537646, 'ax': -0.93, 'ay': 0.03, 'az': 0.1, 'gx': -0.2, 'gy': 1.34, 'gz': -0.63}]",2026-02-13 11:53:06,0.0
"[{'t_us': 84544651, 'ax': -0.94, 'ay': 0.03, 'az': 0.1, 'gx': -0.08, 'gy': 1.21, 'gz': -0.73}]",2026-02-13 11:53:06,0.0
"[{'t_us': 84551038, 'ax': -0.94, 'ay': 0.03, 'az': 0.09, 'gx': 0.09, 'gy': 1.34, 'gz': -0.82}]",2026-02-13 11:53:06,0.0
"[{'t_us': 84556085, 'ax': -0.93, 'ay': 0.03, 'az': 0.1, 'gx': 0.09, 'gy': 1.19, 'gz': -0.73}]",2026-02-13 11:53:06,0.0
"[{'t_us': 84561392, 'ax': -0.93, 'ay': 0.03, 'az': 0.09, 'gx': 0.26, 'gy': 1.51, 'gz': -0.99}]",2026-02-13 11:53:06,0.0
"[{'t_us': 84575608, 'ax': -0.93, 'ay': 0.04, 'az': 0.1, 'gx': 0.5, 'gy': 1.83, 'gz': -0.72}]",2026-02-13 11:53:06,0.0
"[{'t_us': 84582099, 'ax': -0.93, 'ay': 0.03, 'az': 0.1, 'gx': 0.84, 'gy': 1.98, 'gz': -1.1}]",2026-02-13 11:53:06,0.0
"[{'t_us': 84588929, 'ax': -0.94, 'ay': 0.03, 'az': 0.09, 'gx': 1.05, 'gy': 2.06, 'gz': -1.07}]",2026-02-13 11:53:06,0.0
"[{'t_us': 84598402, 'ax': -0.94, 'ay': 0.03, 'az': 0.1, 'gx': 1.53, 'gy': 1.92, 'gz': -1.56}]",2026-02-13 11:53:06,0.0
"[{'t_us': 84607818, 'ax': -0.93, 'ay': 0.02, 'az': 0.1, 'gx': 1.86, 'gy': 1.76, 'gz': -1.6}]",2026-02-13 11:53:06,0.0
"[{'t_us': 84613859, 'ax': -0.95, 'ay': 0.02, 'az': 0.1, 'gx': 2.11, 'gy': 1.39, 'gz': -1.68}]",2026-02-13 11:53:06,0.0
"[{'t_us': 84619554, 'ax': -0.93, 'ay': 0.02, 'az': 0.1, 'gx': 2.26, 'gy': 1.48, 'gz': -1.68}]",2026-02-13 11:53:06,0.0
"[{'t_us': 84624954, 'ax': -0.94, 'ay': 0.02, 'az': 0.1, 'gx': 2.6, 'gy': 1.48, 'gz': -1.6}]",2026-02-13 11:53:06,0.0
"[{'t_us': 84630294, 'ax': -0.93, 'ay': 0.02, 'az': 0.1, 'gx': 2.49, 'gy': 1.54, 'gz': -1.71}]",2026-02-13 11:53:06,0.0
"[{'t_us': 84636118, 'ax': -0.94, 'ay': 0.02, 'az': 0.11, 'gx': 2.64, 'gy': 1.39, 'gz': -1.82}, {'t_us': 84638799, 'ax': -0.94, 'ay': 0.02, 'az': 0.11, 'gx': 2.64, 'gy': 1.48, 'gz': -1.82}, {'t_us': 84641337, 'ax': -0.94, 'ay': 0.02, 'az': 0.11, 'gx': 2.7, 'gy': 1.56, 'gz': -1.59}, {'t_us': 84643349, 'ax': -0.94, 'ay': 0.01, 'az': 0.1, 'gx': 2.87, 'gy': 1.36, 'gz': -1.83}, {'t_us': 84646335, 'ax': -0.93, 'ay': 0.02, 'az': 0.1, 'gx': 2.85, 'gy': 1.6, 'gz': -1.85}]",2026-02-13 11:53:06,0.0
"[{'t_us': 84657894, 'ax': -0.93, 'ay': 0.02, 'az': 0.11, 'gx': 3.07, 'gy': 1.69, 'gz': -1.63}, {'t_us': 84660668, 'ax': -0.93, 'ay': 0.02, 'az': 0.11, 'gx': 3.01, 'gy': 1.59, 'gz': -1.74}, {'t_us': 84663172, 'ax': -0.93, 'ay': 0.01, 'az': 0.11, 'gx': 3.15, 'gy': 1.45, 'gz': -1.83}, {'t_us': 84665643, 'ax': -0.93, 'ay': 0.02, 'az': 0.11, 'gx': 3.07, 'gy': 1.82, 'gz': -1.53}, {'t_us': 84667610, 'ax': -0.93, 'ay': 0.02, 'az': 0.1, 'gx': 3.11, 'gy': 1.63, 'gz': -1.66}]",2026-02-13 11:53:06,0.0
"[{'t_us': 84754831, 'ax': -0.94, 'ay': 0.02, 'az': 0.09, 'gx': 4.84, 'gy': 2.29, 'gz': -2.38}, {'t_us': 84756916, 'ax': -0.94, 'ay': 0.02, 'az': 0.1, 'gx': 4.82, 'gy': 2.29, 'gz': -2.4}, {'t_us': 84758852, 'ax': -0.94, 'ay': 0.02, 'az': 0.1, 'gx': 4.72, 'gy': 2.26, 'gz': -2.21}, {'t_us': 84760773, 'ax': -0.94, 'ay': 0.02, 'az': 0.1, 'gx': 4.87, 'gy': 2.29, 'gz': -2.38}, {'t_us': 84762700, 'ax': -0.94, 'ay': 0.02, 'az': 0.1, 'gx': 4.87, 'gy': 2.29, 'gz': -2.38}]",2026-02-13 11:53:06,0.0
"[{'t_us': 84857371, 'ax': -0.93, 'ay': 0.01, 'az': 0.11, 'gx': 4.03, 'gy': 3.48, 'gz': -2.14}, {'t_us': 84859492, 'ax': -0.94, 'ay': 0.02, 'az': 0.11, 'gx': 4.14, 'gy': 3.37, 'gz': -2.29}, {'t_us': 84861439, 'ax': -0.94, 'ay': 0.02, 'az': 0.11, 'gx': 3.95, 'gy': 3.36, 'gz': -2.18}, {'t_us': 84863405, 'ax': -0.93, 'ay': 0.02, 'az': 0.11, 'gx': 3.98, 'gy': 3.54, 'gz': -2.24}, {'t_us': 84865355, 'ax': -0.93, 'ay': 0.01, 'az': 0.1, 'gx': 3.98, 'gy': 3.54, 'gz': -2.24}]",2026-02-13 11:53:06,0.0
"[{'t_us': 84958320, 'ax': -0.93, 'ay': 0.01, 'az': 0.11, 'gx': 3.11, 'gy': 2.53, 'gz': -1.91}, {'t_us': 84960412, 'ax': -0.94, 'ay': 0.02, 'az': 0.1, 'gx': 3.11, 'gy': 2.53, 'gz': -1.91}, {'t_us': 84962348, 'ax': -0.94, 'ay': 0.01, 'az': 0.11, 'gx': 2.93, 'gy': 2.58, 'gz': -1.86}, {'t_us': 84964284, 'ax': -0.94, 'ay': 0.02, 'az': 0.11, 'gx': 3.02, 'gy': 2.32, 'gz': -1.88}, {'t_us': 84966220, 'ax': -0.94, 'ay': 0.02, 'az': 0.11, 'gx': 2.75, 'gy': 2.49, 'gz': -1.85}]",2026-02-13 11:53:06,0.0
"[{'t_us': 85057322, 'ax': -0.93, 'ay': 0.02, 'az': 0.12, 'gx': -0.29, 'gy': 3.76, 'gz': -1.11}, {'t_us': 85059420, 'ax': -0.93, 'ay': 0.01, 'az': 0.12, 'gx': -0.21, 'gy': 4.02, 'gz': -0.87}, {'t_us': 85061356, 'ax': -0.93, 'ay': 0.02, 'az': 0.12, 'gx': -0.31, 'gy': 4.03, 'gz': -0.98}, {'t_us': 85063315, 'ax': -0.93, 'ay': 0.02, 'az': 0.12, 'gx': -0.41, 'gy': 4.17, 'gz': -0.93}, {'t_us': 85065269, 'ax': -0.92, 'ay': 0.02, 'az': 0.12, 'gx': -0.41, 'gy': 4.17, 'gz': -0.93}]",2026-02-13 11:53:06,0.0
"[{'t_us': 85155738, 'ax': -0.94, 'ay': 0.01, 'az': 0.11, 'gx': -1.82, 'gy': 5.62, 'gz': -0.34}, {'t_us': 85169162, 'ax': -0.93, 'ay': 0.01, 'az': 0.12, 'gx': -2.0, 'gy': 5.73, 'gz': 0.05}, {'t_us': 85189169, 'ax': -0.94, 'ay': 0.01, 'az': 0.11, 'gx': -2.15, 'gy': 5.22, 'gz': -0.03}, {'t_us': 85209110, 'ax': -0.93, 'ay': 0.02, 'az': 0.12, 'gx': -2.58, 'gy': 4.95, 'gz': 0.15}, {'t_us': 85229149, 'ax': -0.93, 'ay': 0.01, 'az': 0.1, 'gx': -2.66, 'gy': 4.37, 'gz': 0.17}]",2026-02-13 11:53:06,0.0
"[{'t_us': 85254399, 'ax': -0.95, 'ay': 0.01, 'az': 0.11, 'gx': -2.49, 'gy': 4.4, 'gz': 0.27}, {'t_us': 85269133, 'ax': -0.94, 'ay': 0.01, 'az': 0.12, 'gx': -2.79, 'gy': 3.74, 'gz': 0.14}, {'t_us': 85289140, 'ax': -0.94, 'ay': 0.02, 'az': 0.11, 'gx': -3.11, 'gy': 3.42, 'gz': 0.09}, {'t_us': 85309169, 'ax': -0.94, 'ay': 0.02, 'az': 0.11, 'gx': -3.47, 'gy': 3.57, 'gz': 0.38}, {'t_us': 85329116, 'ax': -0.93, 'ay': 0.01, 'az': 0.13, 'gx': -3.88, 'gy': 3.15, 'gz': 0.47}]",2026-02-13 11:53:06,0.0
"[{'t_us': 85353926, 'ax': -0.94, 'ay': 0.02, 'az': 0.12, 'gx': -4.12, 'gy': 3.5, 'gz': 0.37}, {'t_us': 85369127, 'ax': -0.94, 'ay': 0.01, 'az': 0.12, 'gx': -4.21, 'gy': 3.45, 'gz': 0.18}, {'t_us': 85389149, 'ax': -0.93, 'ay': 0.01, 'az': 0.13, 'gx': -4.32, 'gy': 3.59, 'gz': -0.03}, {'t_us': 85409126, 'ax': -0.93, 'ay': 0.01, 'az': 0.12, 'gx': -4.06, 'gy': 3.73, 'gz': 0.06}, {'t_us': 85429174, 'ax': -0.93, 'ay': 0.01, 'az': 0.12, 'gx': -4.23, 'gy': 3.4, 'gz': -0.08}]",2026-02-13 11:53:07,0.0
"[{'t_us': 85454248, 'ax': -0.94, 'ay': 0.01, 'az': 0.12, 'gx': -3.94, 'gy': 3.21, 'gz': -0.09}, {'t_us': 85469160, 'ax': -0.94, 'ay': 0.02, 'az': 0.13, 'gx': -3.98, 'gy': 3.15, 'gz': 0.24}, {'t_us': 85489116, 'ax': -0.94, 'ay': 0.02, 'az': 0.12, 'gx': -4.21, 'gy': 3.25, 'gz': 0.17}, {'t_us': 85509169, 'ax': -0.94, 'ay': 0.02, 'az': 0.12, 'gx': -3.94, 'gy': 3.85, 'gz': 0.24}, {'t_us': 85529116, 'ax': -0.93, 'ay': 0.01, 'az': 0.1, 'gx': -3.13, 'gy': 3.56, 'gz': -0.29}]",2026-02-13 11:53:07,0.0
"[{'t_us': 85554280, 'ax': -0.93, 'ay': 0.01, 'az': 0.11, 'gx': -2.26, 'gy': 2.55, 'gz': -0.2}, {'t_us': 85569122, 'ax': -0.94, 'ay': 0.01, 'az': 0.1, 'gx': -1.66, 'gy': 2.26, 'gz': -0.15}, {'t_us': 85590053, 'ax': -0.94, 'ay': 0.02, 'az': 0.1, 'gx': -0.92, 'gy': 1.39, 'gz': -0.38}, {'t_us': 85609189, 'ax': -0.94, 'ay': 0.02, 'az': 0.09, 'gx': -0.35, 'gy': 1.25, 'gz': -0.38}, {'t_us': 85629133, 'ax': -0.94, 'ay': 0.01, 'az': 0.1, 'gx': 0.14, 'gy': 1.44, 'gz': -0.56}]",2026-02-13 11:53:07,0.0
"[{'t_us': 85654429, 'ax': -0.93, 'ay': 0.01, 'az': 0.11, 'gx': 0.81, 'gy': 1.65, 'gz': -0.76}, {'t_us': 85669149, 'ax': -0.93, 'ay': 0.02, 'az': 0.1, 'gx': 0.85, 'gy': 2.15, 'gz': -0.46}, {'t_us': 85689149, 'ax': -0.93, 'ay': 0.01, 'az': 0.11, 'gx': 0.76, 'gy': 2.82, 'gz': -0.37}, {'t_us': 85709173, 'ax': -0.93, 'ay': 0.02, 'az': 0.1, 'gx': 0.84, 'gy': 3.3, 'gz': -0.27}, {'t_us': 85729115, 'ax': -0.94, 'ay': 0.02, 'az': 0.11, 'gx': 0.87, 'gy': 3.39, 'gz': -0.18}]",2026-02-13 11:53:07,0.0
"[{'t_us': 85753908, 'ax': -0.94, 'ay': 0.02, 'az': 0.1, 'gx': 0.72, 'gy': 3.62, 'gz': -0.02}, {'t_us': 85769174, 'ax': -0.94, 'ay': 0.03, 'az': 0.1, 'gx': 0.24, 'gy': 3.86, 'gz': 0.05}, {'t_us': 85789110, 'ax': -0.93, 'ay': 0.03, 'az': 0.1, 'gx': -0.27, 'gy': 4.38, 'gz': 0.08}, {'t_us': 85809140, 'ax': -0.94, 'ay': 0.04, 'az': 0.12, 'gx': -0.92, 'gy': 4.53, 'gz': 0.2}, {'t_us': 85829133, 'ax': -0.94, 'ay': 0.03, 'az': 0.11, 'gx': -1.44, 'gy': 4.46, 'gz': 0.29}]",2026-02-13 11:53:07,0.0
"[{'t_us': 85856343, 'ax': -0.93, 'ay': 0.03, 'az': 0.11, 'gx': -1.37, 'gy': 4.32, 'gz': 0.35}, {'t_us': 85871959, 'ax': -0.94, 'ay': 0.02, 'az': 0.1, 'gx': -1.4, 'gy': 4.61, 'gz': 0.34}, {'t_us': 85889127, 'ax': -0.93, 'ay': 0.03, 'az': 0.1, 'gx': -1.59, 'gy': 4.64, 'gz': 0.34}, {'t_us': 85909155, 'ax': -0.93, 'ay': 0.03, 'az': 0.1, 'gx': -1.77, 'gy': 4.64, 'gz': 0.32}, {'t_us': 85929176, 'ax': -0.94, 'ay': 0.03, 'az': 0.1, 'gx': -2.12, 'gy': 4.21, 'gz': 0.46}]",2026-02-13 11:53:07,0.0
"[{'t_us': 85956245, 'ax': -0.94, 'ay': 0.02, 'az': 0.1, 'gx': -2.52, 'gy': 4.08, 'gz': 0.41}, {'t_us': 85969133, 'ax': -0.94, 'ay': 0.02, 'az': 0.09, 'gx': -2.34, 'gy': 4.15, 'gz': 0.17}, {'t_us': 85989166, 'ax': -0.93, 'ay': 0.03, 'az': 0.1, 'gx': -2.17, 'gy': 4.29, 'gz': -0.15}, {'t_us': 86009152, 'ax': -0.93, 'ay': 0.02, 'az': 0.1, 'gx': -1.77, 'gy': 4.24, 'gz': -0.2}, {'t_us': 86029166, 'ax': -0.93, 'ay': 0.02, 'az': 0.11, 'gx': -1.85, 'gy': 4.4, 'gz': 0.0}]",2026-02-13 11:53:07,0.0
"[{'t_us': 86054188, 'ax': -0.93, 'ay': 0.02, 'az': 0.1, 'gx': -1.79, 'gy': 4.56, 'gz': -0.03}, {'t_us': 86069119, 'ax': -0.94, 'ay': 0.03, 'az': 0.1, 'gx': -1.71, 'gy': 4.76, 'gz': -0.18}, {'t_us': 86089127, 'ax': -0.93, 'ay': 0.02, 'az': 0.1, 'gx': -1.89, 'gy': 5.1, 'gz': -0.18}, {'t_us': 86109155, 'ax': -0.93, 'ay': 0.03, 'az': 0.1, 'gx': -2.43, 'gy': 5.88, 'gz': -0.37}, {'t_us': 86129140, 'ax': -0.93, 'ay': 0.03, 'az': 0.09, 'gx': -2.99, 'gy': 6.49, 'gz': -0.4}]",2026-02-13 11:53:07,0.0
"[{'t_us': 86154853, 'ax': -0.94, 'ay': 0.03, 'az': 0.1, 'gx': -3.36, 'gy': 6.32, 'gz': -0.21}, {'t_us': 86169140, 'ax': -0.94, 'ay': 0.02, 'az': 0.09, 'gx': -3.68, 'gy': 6.05, 'gz': -0.11}, {'t_us': 86189169, 'ax': -0.94, 'ay': 0.03, 'az': 0.1, 'gx': -3.98, 'gy': 6.24, 'gz': 0.31}, {'t_us': 86209169, 'ax': -0.93, 'ay': 0.03, 'az': 0.1, 'gx': -4.84, 'gy': 6.37, 'gz': 0.63}, {'t_us': 86229174, 'ax': -0.94, 'ay': 0.03, 'az': 0.09, 'gx': -5.74, 'gy': 6.4, 'gz': 0.73}]",2026-02-13 11:53:07,0.0
"[{'t_us': 86254362, 'ax': -0.95, 'ay': 0.03, 'az': 0.09, 'gx': -6.44, 'gy': 5.66, 'gz': 1.24}, {'t_us': 86269169, 'ax': -0.94, 'ay': 0.02, 'az': 0.09, 'gx': -6.63, 'gy': 5.27, 'gz': 1.18}, {'t_us': 86289177, 'ax': -0.95, 'ay': 0.02, 'az': 0.09, 'gx': -6.21, 'gy': 5.33, 'gz': 1.63}, {'t_us': 86309140, 'ax': -0.95, 'ay': 0.02, 'az': 0.09, 'gx': -6.11, 'gy': 5.28, 'gz': 1.89}, {'t_us': 86329166, 'ax': -0.94, 'ay': 0.03, 'az': 0.09, 'gx': -6.09, 'gy': 5.65, 'gz': 1.76}]",2026-02-13 11:53:07,0.0
"[{'t_us': 86355680, 'ax': -0.93, 'ay': 0.03, 'az': 0.1, 'gx': -6.27, 'gy': 5.02, 'gz': 1.86}, {'t_us': 86369160, 'ax': -0.94, 'ay': 0.02, 'az': 0.1, 'gx': -6.24, 'gy': 4.5, 'gz': 1.85}, {'t_us': 86389140, 'ax': -0.94, 'ay': 0.02, 'az': 0.09, 'gx': -6.2, 'gy': 4.17, 'gz': 1.8}, {'t_us': 86409155, 'ax': -0.94, 'ay': 0.03, 'az': 0.09, 'gx': -5.89, 'gy': 3.59, 'gz': 1.5}, {'t_us': 86429169, 'ax': -0.94, 'ay': 0.03, 'az': 0.09, 'gx': -5.51, 'gy': 3.73, 'gz': 1.33}]",2026-02-13 11:53:08,0.0
"[{'t_us': 86454442, 'ax': -0.94, 'ay': 0.03, 'az': 0.1, 'gx': -5.36, 'gy': 2.7, 'gz': 0.9}, {'t_us': 86469121, 'ax': -0.94, 'ay': 0.03, 'az': 0.1, 'gx': -5.65, 'gy': 2.72, 'gz': 0.87}, {'t_us': 86489155, 'ax': -0.94, 'ay': 0.04, 'az': 0.09, 'gx': -6.05, 'gy': 2.9, 'gz': 0.66}, {'t_us': 86509110, 'ax': -0.94, 'ay': 0.04, 'az': 0.09, 'gx': -6.27, 'gy': 2.53, 'gz': 0.56}, {'t_us': 86529177, 'ax': -0.93, 'ay': 0.02, 'az': 0.08, 'gx': -5.59, 'gy': 2.38, 'gz': 0.21}]",2026-02-13 11:53:08,0.0
"[{'t_us': 86556617, 'ax': -0.93, 'ay': 0.04, 'az': 0.09, 'gx': -4.89, 'gy': 2.27, 'gz': 0.08}, {'t_us': 86569122, 'ax': -0.93, 'ay': 0.04, 'az': 0.1, 'gx': -4.69, 'gy': 2.27, 'gz': 0.05}, {'t_us': 86589140, 'ax': -0.94, 'ay': 0.03, 'az': 0.1, 'gx': -4.79, 'gy': 2.44, 'gz': 0.12}, {'t_us': 86609155, 'ax': -0.93, 'ay': 0.04, 'az': 0.1, 'gx': -4.9, 'gy': 2.58, 'gz': 0.29}, {'t_us': 86629127, 'ax': -0.94, 'ay': 0.04, 'az': 0.09, 'gx': -4.85, 'gy': 2.55, 'gz': 0.69}]",2026-02-13 11:53:08,0.0
"[{'t_us': 86654789, 'ax': -0.94, 'ay': 0.04, 'az': 0.09, 'gx': -4.64, 'gy': 2.43, 'gz': 0.72}, {'t_us': 86669127, 'ax': -0.94, 'ay': 0.04, 'az': 0.09, 'gx': -4.43, 'gy': 2.29, 'gz': 0.6}, {'t_us': 86689133, 'ax': -0.94, 'ay': 0.04, 'az': 0.09, 'gx': -4.29, 'gy': 2.44, 'gz': 0.47}, {'t_us': 86709140, 'ax': -0.94, 'ay': 0.04, 'az': 0.1, 'gx': -4.05, 'gy': 2.34, 'gz': 0.67}, {'t_us': 86729155, 'ax': -0.94, 'ay': 0.04, 'az': 0.1, 'gx': -3.97, 'gy': 2.38, 'gz': 0.61}]",2026-02-13 11:53:08,0.0
"[{'t_us': 86755619, 'ax': -0.94, 'ay': 0.04, 'az': 0.11, 'gx': -3.94, 'gy': 2.09, 'gz': 0.46}, {'t_us': 86769177, 'ax': -0.94, 'ay': 0.04, 'az': 0.1, 'gx': -4.02, 'gy': 2.2, 'gz': 0.32}, {'t_us': 86789110, 'ax': -0.93, 'ay': 0.04, 'az': 0.09, 'gx': -3.91, 'gy': 2.44, 'gz': 0.27}, {'t_us': 86809140, 'ax': -0.94, 'ay': 0.04, 'az': 0.1, 'gx': -3.82, 'gy': 2.75, 'gz': 0.23}, {'t_us': 86829160, 'ax': -0.93, 'ay': 0.04, 'az': 0.09, 'gx': -3.79, 'gy': 3.11, 'gz': 0.32}]",2026-02-13 11:53:08,0.0
"[{'t_us': 86855972, 'ax': -0.94, 'ay': 0.04, 'az': 0.09, 'gx': -3.57, 'gy': 3.11, 'gz': 0.35}, {'t_us': 86869169, 'ax': -0.93, 'ay': 0.04, 'az': 0.1, 'gx': -3.34, 'gy': 3.28, 'gz': 0.35}, {'t_us': 86889149, 'ax': -0.94, 'ay': 0.04, 'az': 0.1, 'gx': -2.93, 'gy': 3.37, 'gz': 0.31}, {'t_us': 86909160, 'ax': -0.93, 'ay': 0.04, 'az': 0.08, 'gx': -2.69, 'gy': 3.25, 'gz': 0.26}, {'t_us': 86929116, 'ax': -0.93, 'ay': 0.04, 'az': 0.1, 'gx': -2.35, 'gy': 2.89, 'gz': 0.21}]",2026-02-13 11:53:08,0.0
"[{'t_us': 86954889, 'ax': -0.94, 'ay': 0.04, 'az': 0.09, 'gx': -2.15, 'gy': 3.05, 'gz': 0.24}, {'t_us': 86969320, 'ax': -0.94, 'ay': 0.04, 'az': 0.1, 'gx': -1.86, 'gy': 2.98, 'gz': 0.12}, {'t_us': 86989155, 'ax': -0.94, 'ay': 0.04, 'az': 0.09, 'gx': -1.69, 'gy': 3.02, 'gz': 0.24}, {'t_us': 87009110, 'ax': -0.93, 'ay': 0.04, 'az': 0.09, 'gx': -1.44, 'gy': 2.9, 'gz': 0.2}, {'t_us': 87029152, 'ax': -0.93, 'ay': 0.04, 'az': 0.1, 'gx': -1.15, 'gy': 3.22, 'gz': 0.21}]",2026-02-13 11:53:08,0.0
"[{'t_us': 87054071, 'ax': -0.93, 'ay': 0.04, 'az': 0.08, 'gx': -0.53, 'gy': 3.11, 'gz': 0.03}, {'t_us': 87069152, 'ax': -0.94, 'ay': 0.04, 'az': 0.08, 'gx': -0.4, 'gy': 3.22, 'gz': 0.32}, {'t_us': 87089160, 'ax': -0.94, 'ay': 0.04, 'az': 0.1, 'gx': -0.26, 'gy': 3.3, 'gz': 0.34}, {'t_us': 87109116, 'ax': -0.94, 'ay': 0.04, 'az': 0.09, 'gx': -0.06, 'gy': 3.22, 'gz': -0.05}, {'t_us': 87129122, 'ax': -0.94, 'ay': 0.04, 'az': 0.1, 'gx': -0.11, 'gy': 3.24, 'gz': 0.14}]",2026-02-13 11:53:08,0.0
"[{'t_us': 87155328, 'ax': -0.93, 'ay': 0.04, 'az': 0.1, 'gx': -0.32, 'gy': 3.47, 'gz': 0.08}, {'t_us': 87169160, 'ax': -0.93, 'ay': 0.05, 'az': 0.1, 'gx': -0.43, 'gy': 3.54, 'gz': 0.23}, {'t_us': 87189169, 'ax': -0.93, 'ay': 0.05, 'az': 0.1, 'gx': -0.41, 'gy': 3.79, 'gz': 0.06}, {'t_us': 87209122, 'ax': -0.93, 'ay': 0.05, 'az': 0.1, 'gx': -0.5, 'gy': 3.76, 'gz': -0.15}, {'t_us': 87229110, 'ax': -0.94, 'ay': 0.04, 'az': 0.09, 'gx': -0.34, 'gy': 3.57, 'gz': -0.12}]",2026-02-13 11:53:08,0.0
"[{'t_us': 87253832, 'ax': -0.94, 'ay': 0.04, 'az': 0.09, 'gx': -0.49, 'gy': 3.44, 'gz': -0.37}, {'t_us': 87269155, 'ax': -0.94, 'ay': 0.05, 'az': 0.1, 'gx': -0.64, 'gy': 3.48, 'gz': -0.31}, {'t_us': 87289133, 'ax': -0.93, 'ay': 0.04, 'az': 0.1, 'gx': -0.53, 'gy': 3.22, 'gz': -0.44}, {'t_us': 87309198, 'ax': -0.94, 'ay': 0.05, 'az': 0.1, 'gx': -0.7, 'gy': 2.93, 'gz': -0.78}, {'t_us': 87329149, 'ax': -0.94, 'ay': 0.05, 'az': 0.09, 'gx': -0.78, 'gy': 2.82, 'gz': -0.66}]",2026-02-13 11:53:08,0.0
"[{'t_us': 87355448, 'ax': -0.94, 'ay': 0.05, 'az': 0.1, 'gx': -1.74, 'gy': 2.61, 'gz': -0.67}, {'t_us': 87369118, 'ax': -0.93, 'ay': 0.05, 'az': 0.12, 'gx': -2.02, 'gy': 2.9, 'gz': -0.96}, {'t_us': 87389110, 'ax': -0.93, 'ay': 0.05, 'az': 0.11, 'gx': -2.95, 'gy': 3.05, 'gz': -0.76}, {'t_us': 87409116, 'ax': -0.93, 'ay': 0.05, 'az': 0.12, 'gx': -3.76, 'gy': 3.53, 'gz': -0.63}, {'t_us': 87429149, 'ax': -0.94, 'ay': 0.05, 'az': 0.11, 'gx': -4.12, 'gy': 3.56, 'gz': -0.87}]",2026-02-13 11:53:09,0.0
"[{'t_us': 87455191, 'ax': -0.94, 'ay': 0.04, 'az': 0.09, 'gx': -4.38, 'gy': 3.79, 'gz': -0.69}, {'t_us': 87469188, 'ax': -0.94, 'ay': 0.04, 'az': 0.1, 'gx': -4.49, 'gy': 3.94, 'gz': -0.52}, {'t_us': 87489174, 'ax': -0.94, 'ay': 0.04, 'az': 0.1, 'gx': -4.61, 'gy': 3.54, 'gz': -0.5}, {'t_us': 87509127, 'ax': -0.94, 'ay': 0.04, 'az': 0.09, 'gx': -4.43, 'gy': 3.21, 'gz': -0.08}, {'t_us': 87529116, 'ax': -0.94, 'ay': 0.03, 'az': 0.1, 'gx': -4.24, 'gy': 2.76, 'gz': -0.15}]",2026-02-13 11:53:09,0.0
"[{'t_us': 87555474, 'ax': -0.94, 'ay': 0.03, 'az': 0.09, 'gx': -3.53, 'gy': 2.47, 'gz': -0.23}, {'t_us': 87569166, 'ax': -0.94, 'ay': 0.03, 'az': 0.1, 'gx': -3.18, 'gy': 2.38, 'gz': 0.02}, {'t_us': 87589116, 'ax': -0.94, 'ay': 0.03, 'az': 0.09, 'gx': -2.82, 'gy': 2.56, 'gz': 0.06}, {'t_us': 87609149, 'ax': -0.94, 'ay': 0.03, 'az': 0.09, 'gx': -2.63, 'gy': 2.47, 'gz': -0.03}, {'t_us': 87629149, 'ax': -0.94, 'ay': 0.04, 'az': 0.09, 'gx': -2.31, 'gy': 2.15, 'gz': 0.14}]",2026-02-13 11:53:09,0.0
"[{'t_us': 87655485, 'ax': -0.93, 'ay': 0.04, 'az': 0.1, 'gx': -2.06, 'gy': 2.05, 'gz': 0.21}, {'t_us': 87669111, 'ax': -0.94, 'ay': 0.03, 'az': 0.1, 'gx': -1.92, 'gy': 2.05, 'gz': 0.18}, {'t_us': 87689110, 'ax': -0.94, 'ay': 0.04, 'az': 0.1, 'gx': -2.06, 'gy': 2.17, 'gz': 0.2}, {'t_us': 87709140, 'ax': -0.94, 'ay': 0.04, 'az': 0.1, 'gx': -2.02, 'gy': 2.6, 'gz': 0.12}, {'t_us': 87729110, 'ax': -0.94, 'ay': 0.04, 'az': 0.1, 'gx': -2.43, 'gy': 2.78, 'gz': 0.29}]",2026-02-13 11:53:09,0.0
"[{'t_us': 87755437, 'ax': -0.93, 'ay': 0.04, 'az': 0.1, 'gx': -2.63, 'gy': 2.9, 'gz': 0.34}, {'t_us': 87769135, 'ax': -0.94, 'ay': 0.05, 'az': 0.1, 'gx': -2.7, 'gy': 3.18, 'gz': 0.03}, {'t_us': 87789169, 'ax': -0.94, 'ay': 0.04, 'az': 0.09, 'gx': -2.84, 'gy': 3.21, 'gz': -0.11}, {'t_us': 87809122, 'ax': -0.94, 'ay': 0.04, 'az': 0.1, 'gx': -3.18, 'gy': 3.48, 'gz': -0.08}, {'t_us': 87829166, 'ax': -0.94, 'ay': 0.04, 'az': 0.09, 'gx': -3.36, 'gy': 3.63, 'gz': -0.09}]",2026-02-13 11:53:09,0.0
"[{'t_us': 87855748, 'ax': -0.94, 'ay': 0.04, 'az': 0.09, 'gx': -3.37, 'gy': 3.36, 'gz': -0.11}, {'t_us': 87869174, 'ax': -0.94, 'ay': 0.04, 'az': 0.09, 'gx': -3.15, 'gy': 3.4, 'gz': -0.24}, {'t_us': 87889110, 'ax': -0.94, 'ay': 0.03, 'az': 0.09, 'gx': -3.13, 'gy': 3.6, 'gz': -0.35}, {'t_us': 87909140, 'ax': -0.95, 'ay': 0.04, 'az': 0.1, 'gx': -2.89, 'gy': 3.42, 'gz': -0.46}, {'t_us': 87929133, 'ax': -0.94, 'ay': 0.03, 'az': 0.09, 'gx': -2.95, 'gy': 3.33, 'gz': -0.49}]",2026-02-13 11:53:09,0.0
"[{'t_us': 87956200, 'ax': -0.93, 'ay': 0.04, 'az': 0.1, 'gx': -3.28, 'gy': 3.18, 'gz': -0.41}, {'t_us': 87969155, 'ax': -0.94, 'ay': 0.04, 'az': 0.1, 'gx': -3.44, 'gy': 2.89, 'gz': -0.21}, {'t_us': 87989114, 'ax': -0.94, 'ay': 0.03, 'az': 0.1, 'gx': -3.5, 'gy': 3.01, 'gz': -0.12}, {'t_us': 88009149, 'ax': -0.94, 'ay': 0.04, 'az': 0.1, 'gx': -3.28, 'gy': 3.08, 'gz': -0.26}, {'t_us': 88029140, 'ax': -0.95, 'ay': 0.03, 'az': 0.11, 'gx': -3.3, 'gy': 2.98, 'gz': -0.29}]",2026-02-13 11:53:09,0.0
"[{'t_us': 88056101, 'ax': -0.94, 'ay': 0.04, 'az': 0.1, 'gx': -3.82, 'gy': 2.79, 'gz': -0.02}, {'t_us': 88069110, 'ax': -0.93, 'ay': 0.03, 'az': 0.1, 'gx': -3.94, 'gy': 2.93, 'gz': -0.05}, {'t_us': 88089159, 'ax': -0.93, 'ay': 0.04, 'az': 0.09, 'gx': -4.35, 'gy': 3.27, 'gz': 0.11}, {'t_us': 88109160, 'ax': -0.94, 'ay': 0.05, 'az': 0.1, 'gx': -4.58, 'gy': 3.21, 'gz': -0.2}, {'t_us': 88129116, 'ax': -0.94, 'ay': 0.04, 'az': 0.09, 'gx': -4.37, 'gy': 3.13, 'gz': -0.09}]",2026-02-13 11:53:09,0.0
"[{'t_us': 88155459, 'ax': -0.94, 'ay': 0.04, 'az': 0.09, 'gx': -4.38, 'gy': 3.18, 'gz': -0.14}, {'t_us': 88169173, 'ax': -0.94, 'ay': 0.04, 'az': 0.09, 'gx': -4.46, 'gy': 3.01, 'gz': -0.14}, {'t_us': 88189111, 'ax': -0.94, 'ay': 0.03, 'az': 0.09, 'gx': -4.67, 'gy': 3.31, 'gz': 0.05}, {'t_us': 88209116, 'ax': -0.94, 'ay': 0.04, 'az': 0.1, 'gx': -5.08, 'gy': 3.5, 'gz': 0.31}, {'t_us': 88229110, 'ax': -0.93, 'ay': 0.03, 'az': 0.09, 'gx': -5.08, 'gy': 3.36, 'gz': 0.32}]",2026-02-13 11:53:09,0.0
"[{'t_us': 88253873, 'ax': -0.94, 'ay': 0.04, 'az': 0.09, 'gx': -4.73, 'gy': 3.34, 'gz': 0.15}, {'t_us': 88269166, 'ax': -0.94, 'ay': 0.03, 'az': 0.09, 'gx': -4.63, 'gy': 3.22, 'gz': 0.05}, {'t_us': 88289111, 'ax': -0.94, 'ay': 0.03, 'az': 0.09, 'gx': -4.5, 'gy': 3.05, 'gz': 0.03}, {'t_us': 88309133, 'ax': -0.94, 'ay': 0.03, 'az': 0.09, 'gx': -4.34, 'gy': 3.21, 'gz': 0.06}, {'t_us': 88329140, 'ax': -0.94, 'ay': 0.03, 'az': 0.08, 'gx': -4.66, 'gy': 3.25, 'gz': 0.0}]",2026-02-13 11:53:09,0.0
"[{'t_us': 88355417, 'ax': -0.94, 'ay': 0.04, 'az': 0.1, 'gx': -4.81, 'gy': 3.28, 'gz': 0.03}, {'t_us': 88369116, 'ax': -0.94, 'ay': 0.04, 'az': 0.08, 'gx': -4.76, 'gy': 2.89, 'gz': -0.15}, {'t_us': 88389122, 'ax': -0.94, 'ay': 0.04, 'az': 0.09, 'gx': -4.61, 'gy': 2.75, 'gz': -0.17}, {'t_us': 88409149, 'ax': -0.94, 'ay': 0.03, 'az': 0.09, 'gx': -4.7, 'gy': 3.22, 'gz': -0.09}, {'t_us': 88429140, 'ax': -0.94, 'ay': 0.03, 'az': 0.09, 'gx': -4.44, 'gy': 3.13, 'gz': -0.24}]",2026-02-13 11:53:10,0.0
"[{'t_us': 88454144, 'ax': -0.93, 'ay': 0.03, 'az': 0.1, 'gx': -4.7, 'gy': 3.22, 'gz': -0.08}, {'t_us': 88469119, 'ax': -0.94, 'ay': 0.03, 'az': 0.09, 'gx': -4.67, 'gy': 3.27, 'gz': -0.08}, {'t_us': 88489180, 'ax': -0.94, 'ay': 0.03, 'az': 0.09, 'gx': -4.37, 'gy': 3.22, 'gz': -0.26}, {'t_us': 88509166, 'ax': -0.94, 'ay': 0.03, 'az': 0.09, 'gx': -4.34, 'gy': 3.22, 'gz': -0.15}, {'t_us': 88529174, 'ax': -0.93, 'ay': 0.03, 'az': 0.09, 'gx': -4.29, 'gy': 3.28, 'gz': -0.11}]",2026-02-13 11:53:10,0.0
"[{'t_us': 88554086, 'ax': -0.93, 'ay': 0.03, 'az': 0.09, 'gx': -4.29, 'gy': 3.1, 'gz': -0.05}, {'t_us': 88569116, 'ax': -0.94, 'ay': 0.03, 'az': 0.1, 'gx': -4.18, 'gy': 2.98, 'gz': -0.06}, {'t_us': 88589122, 'ax': -0.94, 'ay': 0.03, 'az': 0.09, 'gx': -4.11, 'gy': 2.93, 'gz': 0.0}, {'t_us': 88609160, 'ax': -0.94, 'ay': 0.03, 'az': 0.1, 'gx': -4.12, 'gy': 2.69, 'gz': -0.09}, {'t_us': 88629174, 'ax': -0.94, 'ay': 0.03, 'az': 0.09, 'gx': -4.06, 'gy': 2.6, 'gz': -0.29}]",2026-02-13 11:53:10,0.0
"[{'t_us': 88655483, 'ax': -0.94, 'ay': 0.03, 'az': 0.11, 'gx': -4.09, 'gy': 2.84, 'gz': -0.05}, {'t_us': 88669119, 'ax': -0.93, 'ay': 0.03, 'az': 0.1, 'gx': -4.29, 'gy': 2.84, 'gz': -0.29}, {'t_us': 88689127, 'ax': -0.94, 'ay': 0.03, 'az': 0.1, 'gx': -4.27, 'gy': 2.81, 'gz': -0.05}, {'t_us': 88709116, 'ax': -0.94, 'ay': 0.03, 'az': 0.09, 'gx': -4.12, 'gy': 2.49, 'gz': -0.26}, {'t_us': 88729111, 'ax': -0.94, 'ay': 0.04, 'az': 0.09, 'gx': -4.12, 'gy': 2.34, 'gz': -0.18}]",2026-02-13 11:53:10,0.0
"[{'t_us': 88753860, 'ax': -0.95, 'ay': 0.04, 'az': 0.1, 'gx': -4.2, 'gy': 2.5, 'gz': -0.02}, {'t_us': 88769122, 'ax': -0.94, 'ay': 0.04, 'az': 0.1, 'gx': -4.23, 'gy': 2.24, 'gz': 0.02}, {'t_us': 88789127, 'ax': -0.94, 'ay': 0.04, 'az': 0.1, 'gx': -4.4, 'gy': 2.26, 'gz': 0.18}, {'t_us': 88809160, 'ax': -0.95, 'ay': 0.04, 'az': 0.1, 'gx': -4.46, 'gy': 1.91, 'gz': 0.06}, {'t_us': 88829125, 'ax': -0.94, 'ay': 0.04, 'az': 0.09, 'gx': -4.23, 'gy': 2.05, 'gz': 0.23}]",2026-02-13 11:53:10,0.0
"[{'t_us': 88855437, 'ax': -0.94, 'ay': 0.04, 'az': 0.09, 'gx': -4.02, 'gy': 2.17, 'gz': 0.0}, {'t_us': 88869177, 'ax': -0.94, 'ay': 0.03, 'az': 0.11, 'gx': -4.09, 'gy': 1.97, 'gz': 0.2}, {'t_us': 88889140, 'ax': -0.94, 'ay': 0.04, 'az': 0.1, 'gx': -4.37, 'gy': 1.65, 'gz': 0.09}, {'t_us': 88909127, 'ax': -0.93, 'ay': 0.03, 'az': 0.1, 'gx': -4.56, 'gy': 1.97, 'gz': -0.05}, {'t_us': 88929160, 'ax': -0.94, 'ay': 0.04, 'az': 0.09, 'gx': -4.72, 'gy': 1.71, 'gz': -0.24}]",2026-02-13 11:53:10,0.0
"[{'t_us': 88953662, 'ax': -0.94, 'ay': 0.03, 'az': 0.1, 'gx': -4.47, 'gy': 2.34, 'gz': -0.63}, {'t_us': 88969169, 'ax': -0.94, 'ay': 0.03, 'az': 0.1, 'gx': -4.37, 'gy': 2.17, 'gz': -0.63}, {'t_us': 88989116, 'ax': -0.93, 'ay': 0.03, 'az': 0.11, 'gx': -4.41, 'gy': 2.79, 'gz': -0.43}, {'t_us': 89009155, 'ax': -0.93, 'ay': 0.03, 'az': 0.11, 'gx': -4.47, 'gy': 3.01, 'gz': -0.17}, {'t_us': 89029149, 'ax': -0.94, 'ay': 0.04, 'az': 0.11, 'gx': -4.37, 'gy': 3.1, 'gz': -0.26}]",2026-02-13 11:53:10,0.0
"[{'t_us': 89054246, 'ax': -0.93, 'ay': 0.03, 'az': 0.1, 'gx': -4.29, 'gy': 3.21, 'gz': -0.4}, {'t_us': 89069122, 'ax': -0.93, 'ay': 0.03, 'az': 0.1, 'gx': -3.83, 'gy': 3.13, 'gz': -0.47}, {'t_us': 89089177, 'ax': -0.94, 'ay': 0.03, 'az': 0.1, 'gx': -3.63, 'gy': 3.31, 'gz': -0.4}, {'t_us': 89109160, 'ax': -0.94, 'ay': 0.03, 'az': 0.1, 'gx': -3.6, 'gy': 3.01, 'gz': -0.4}, {'t_us': 89129155, 'ax': -0.93, 'ay': 0.03, 'az': 0.1, 'gx': -3.51, 'gy': 3.02, 'gz': -0.26}]",2026-02-13 11:53:10,0.0
"[{'t_us': 89154196, 'ax': -0.94, 'ay': 0.04, 'az': 0.1, 'gx': -3.36, 'gy': 2.87, 'gz': -0.37}, {'t_us': 89169166, 'ax': -0.94, 'ay': 0.04, 'az': 0.1, 'gx': -3.01, 'gy': 3.16, 'gz': -0.5}, {'t_us': 89189174, 'ax': -0.93, 'ay': 0.04, 'az': 0.11, 'gx': -2.84, 'gy': 3.51, 'gz': -0.53}, {'t_us': 89209127, 'ax': -0.93, 'ay': 0.03, 'az': 0.11, 'gx': -3.04, 'gy': 3.73, 'gz': -0.35}, {'t_us': 89229126, 'ax': -0.94, 'ay': 0.04, 'az': 0.1, 'gx': -3.22, 'gy': 4.08, 'gz': -0.05}]",2026-02-13 11:53:10,0.0
"[{'t_us': 89255767, 'ax': -0.93, 'ay': 0.04, 'az': 0.1, 'gx': -3.37, 'gy': 4.27, 'gz': -0.09}, {'t_us': 89269155, 'ax': -0.93, 'ay': 0.04, 'az': 0.1, 'gx': -3.39, 'gy': 4.09, 'gz': -0.37}, {'t_us': 89289119, 'ax': -0.93, 'ay': 0.04, 'az': 0.11, 'gx': -3.15, 'gy': 3.73, 'gz': -0.44}, {'t_us': 89309127, 'ax': -0.93, 'ay': 0.04, 'az': 0.1, 'gx': -3.05, 'gy': 3.97, 'gz': -0.6}, {'t_us': 89329166, 'ax': -0.93, 'ay': 0.03, 'az': 0.11, 'gx': -2.95, 'gy': 3.76, 'gz': -0.52}]",2026-02-13 11:53:10,0.0
"[{'t_us': 755588, 'ax': -0.94, 'ay': 0.02, 'az': 0.09, 'gx': -2.46, 'gy': 5.04, 'gz': 0.82}, {'t_us': 773310, 'ax': -0.94, 'ay': 0.03, 'az': 0.1, 'gx': -2.5, 'gy': 5.4, 'gz': 0.67}, {'t_us': 793317, 'ax': -0.94, 'ay': 0.03, 'az': 0.1, 'gx': -2.31, 'gy': 5.71, 'gz': 0.53}, {'t_us': 813322, 'ax': -0.94, 'ay': 0.02, 'az': 0.09, 'gx': -1.79, 'gy': 5.22, 'gz': 0.18}, {'t_us': 833290, 'ax': -0.94, 'ay': 0.03, 'az': 0.09, 'gx': -1.37, 'gy': 4.81, 'gz': 0.12}]",2026-02-13 11:53:12,0.0
"[{'t_us': 858080, 'ax': -0.94, 'ay': 0.02, 'az': 0.09, 'gx': -0.75, 'gy': 4.7, 'gz': 0.11}, {'t_us': 873295, 'ax': -0.95, 'ay': 0.02, 'az': 0.09, 'gx': -0.2, 'gy': 4.46, 'gz': 0.12}, {'t_us': 893310, 'ax': -0.94, 'ay': 0.02, 'az': 0.1, 'gx': 0.32, 'gy': 4.14, 'gz': -0.34}, {'t_us': 913310, 'ax': -0.94, 'ay': 0.02, 'az': 0.09, 'gx': 0.92, 'gy': 3.5, 'gz': -0.35}, {'t_us': 933269, 'ax': -0.94, 'ay': 0.02, 'az': 0.1, 'gx': 0.92, 'gy': 3.18, 'gz': -0.56}]",2026-02-13 11:53:12,0.0
"[{'t_us': 957931, 'ax': -0.94, 'ay': 0.03, 'az': 0.09, 'gx': 1.3, 'gy': 2.96, 'gz': -0.66}, {'t_us': 973310, 'ax': -0.94, 'ay': 0.03, 'az': 0.09, 'gx': 1.53, 'gy': 2.87, 'gz': -0.93}, {'t_us': 993313, 'ax': -0.94, 'ay': 0.04, 'az': 0.09, 'gx': 1.47, 'gy': 2.61, 'gz': -0.84}, {'t_us': 1013262, 'ax': -0.95, 'ay': 0.04, 'az': 0.1, 'gx': 1.37, 'gy': 1.98, 'gz': -1.13}, {'t_us': 1033258, 'ax': -0.94, 'ay': 0.04, 'az': 0.1, 'gx': 1.02, 'gy': 1.63, 'gz': -1.25}]",2026-02-13 11:53:12,0.0
"[{'t_us': 1059765, 'ax': -0.94, 'ay': 0.04, 'az': 0.1, 'gx': 0.44, 'gy': 1.42, 'gz': -0.81}, {'t_us': 1073285, 'ax': -0.94, 'ay': 0.04, 'az': 0.11, 'gx': 0.14, 'gy': 1.16, 'gz': -0.69}, {'t_us': 1093313, 'ax': -0.95, 'ay': 0.05, 'az': 0.1, 'gx': -0.34, 'gy': 1.16, 'gz': -0.7}, {'t_us': 1113254, 'ax': -0.94, 'ay': 0.05, 'az': 0.11, 'gx': -0.89, 'gy': 0.9, 'gz': -0.69}, {'t_us': 1133304, 'ax': -0.93, 'ay': 0.04, 'az': 0.1, 'gx': -1.21, 'gy': 1.04, 'gz': -0.98}]",2026-02-13 11:53:12,0.0
"[{'t_us': 1158768, 'ax': -0.94, 'ay': 0.04, 'az': 0.11, 'gx': -1.94, 'gy': 1.05, 'gz': -0.75}, {'t_us': 1173322, 'ax': -0.95, 'ay': 0.03, 'az': 0.11, 'gx': -2.32, 'gy': 0.52, 'gz': -0.46}, {'t_us': 1193322, 'ax': -0.94, 'ay': 0.04, 'az': 0.09, 'gx': -2.73, 'gy': 0.24, 'gz': -0.5}, {'t_us': 1213290, 'ax': -0.94, 'ay': 0.04, 'az': 0.1, 'gx': -2.72, 'gy': 0.17, 'gz': -0.67}, {'t_us': 1233318, 'ax': -0.94, 'ay': 0.03, 'az': 0.1, 'gx': -2.79, 'gy': -0.08, 'gz': -0.89}]",2026-02-13 11:53:12,0.0
"[{'t_us': 1260175, 'ax': -0.94, 'ay': 0.04, 'az': 0.1, 'gx': -2.84, 'gy': -0.05, 'gz': -0.73}, {'t_us': 1273258, 'ax': -0.93, 'ay': 0.04, 'az': 0.11, 'gx': -2.9, 'gy': 0.0, 'gz': -0.72}, {'t_us': 1293258, 'ax': -0.94, 'ay': 0.04, 'az': 0.11, 'gx': -3.44, 'gy': 0.03, 'gz': -0.58}, {'t_us': 1313290, 'ax': -0.93, 'ay': 0.04, 'az': 0.1, 'gx': -3.48, 'gy': -0.08, 'gz': -0.53}, {'t_us': 1333291, 'ax': -0.93, 'ay': 0.04, 'az': 0.11, 'gx': -3.6, 'gy': -0.06, 'gz': -0.64}]",2026-02-13 11:53:12,0.0
"[{'t_us': 1359866, 'ax': -0.93, 'ay': 0.04, 'az': 0.12, 'gx': -4.02, 'gy': 0.49, 'gz': -0.64}, {'t_us': 1373322, 'ax': -0.93, 'ay': 0.04, 'az': 0.11, 'gx': -4.37, 'gy': 0.7, 'gz': -0.56}, {'t_us': 1393295, 'ax': -0.93, 'ay': 0.04, 'az': 0.11, 'gx': -4.26, 'gy': 0.82, 'gz': -0.4}, {'t_us': 1413284, 'ax': -0.94, 'ay': 0.04, 'az': 0.1, 'gx': -4.24, 'gy': 1.11, 'gz': -0.27}, {'t_us': 1433253, 'ax': -0.94, 'ay': 0.04, 'az': 0.11, 'gx': -4.67, 'gy': 1.36, 'gz': -0.26}]",2026-02-13 11:53:12,0.0
"[{'t_us': 1460326, 'ax': -0.94, 'ay': 0.05, 'az': 0.1, 'gx': -5.19, 'gy': 1.69, 'gz': 0.27}, {'t_us': 1473302, 'ax': -0.94, 'ay': 0.04, 'az': 0.11, 'gx': -5.33, 'gy': 1.76, 'gz': 0.2}, {'t_us': 1493254, 'ax': -0.93, 'ay': 0.05, 'az': 0.1, 'gx': -5.57, 'gy': 1.86, 'gz': 0.12}, {'t_us': 1513290, 'ax': -0.94, 'ay': 0.04, 'az': 0.1, 'gx': -5.36, 'gy': 2.08, 'gz': 0.18}, {'t_us': 1533254, 'ax': -0.94, 'ay': 0.03, 'az': 0.11, 'gx': -5.21, 'gy': 2.41, 'gz': 0.15}]",2026-02-13 11:53:12,
"[{'t_us': 1558461, 'ax': -0.93, 'ay': 0.03, 'az': 0.11, 'gx': -4.89, 'gy': 2.72, 'gz': -0.08}, {'t_us': 1573269, 'ax': -0.94, 'ay': 0.03, 'az': 0.11, 'gx': -4.79, 'gy': 2.89, 'gz': 0.27}, {'t_us': 1593269, 'ax': -0.93, 'ay': 0.03, 'az': 0.11, 'gx': -5.04, 'gy': 2.96, 'gz': 0.15}, {'t_us': 1613262, 'ax': -0.93, 'ay': 0.03, 'az': 0.11, 'gx': -4.46, 'gy': 3.08, 'gz': -0.11}, {'t_us': 1633301, 'ax': -0.93, 'ay': 0.03, 'az': 0.11, 'gx': -3.95, 'gy': 3.27, 'gz': -0.27}]",2026-02-13 11:53:13,0.0
"[{'t_us': 1658114, 'ax': -0.93, 'ay': 0.03, 'az': 0.12, 'gx': -3.31, 'gy': 3.4, 'gz': -0.55}, {'t_us': 1673317, 'ax': -0.93, 'ay': 0.02, 'az': 0.11, 'gx': -3.01, 'gy': 3.13, 'gz': -0.55}, {'t_us': 1695067, 'ax': -0.93, 'ay': 0.03, 'az': 0.11, 'gx': -2.5, 'gy': 3.62, 'gz': -0.58}, {'t_us': 1713277, 'ax': -0.93, 'ay': 0.03, 'az': 0.12, 'gx': -2.29, 'gy': 3.56, 'gz': -0.46}, {'t_us': 1733304, 'ax': -0.94, 'ay': 0.02, 'az': 0.11, 'gx': -1.98, 'gy': 3.3, 'gz': -0.6}]",2026-02-13 11:53:13,0.0
"[{'t_us': 1759005, 'ax': -0.94, 'ay': 0.02, 'az': 0.12, 'gx': -2.23, 'gy': 3.08, 'gz': -0.38}, {'t_us': 1773254, 'ax': -0.93, 'ay': 0.03, 'az': 0.12, 'gx': -2.03, 'gy': 3.02, 'gz': -0.63}, {'t_us': 1793322, 'ax': -0.93, 'ay': 0.03, 'az': 0.12, 'gx': -1.97, 'gy': 3.11, 'gz': -0.66}, {'t_us': 1813290, 'ax': -0.93, 'ay': 0.03, 'az': 0.12, 'gx': -1.83, 'gy': 2.61, 'gz': -0.81}, {'t_us': 1833262, 'ax': -0.94, 'ay': 0.03, 'az': 0.11, 'gx': -1.8, 'gy': 2.4, 'gz': -0.76}]",2026-02-13 11:53:13,0.0
"[{'t_us': 1859536, 'ax': -0.94, 'ay': 0.03, 'az': 0.12, 'gx': -2.23, 'gy': 1.88, 'gz': -0.81}, {'t_us': 1873285, 'ax': -0.94, 'ay': 0.03, 'az': 0.13, 'gx': -2.44, 'gy': 1.68, 'gz': -0.6}, {'t_us': 1893295, 'ax': -0.93, 'ay': 0.03, 'az': 0.12, 'gx': -2.78, 'gy': 1.56, 'gz': -0.66}, {'t_us': 1913304, 'ax': -0.93, 'ay': 0.03, 'az': 0.13, 'gx': -3.02, 'gy': 1.19, 'gz': -0.67}, {'t_us': 1933254, 'ax': -0.94, 'ay': 0.03, 'az': 0.12, 'gx': -3.04, 'gy': 0.98, 'gz': -0.87}]",2026-02-13 11:53:13,0.0
"[{'t_us': 1957924, 'ax': -0.93, 'ay': 0.03, 'az': 0.12, 'gx': -3.33, 'gy': 1.05, 'gz': -0.52}, {'t_us': 1973302, 'ax': -0.94, 'ay': 0.03, 'az': 0.13, 'gx': -3.31, 'gy': 0.69, 'gz': -0.63}, {'t_us': 1993258, 'ax': -0.93, 'ay': 0.02, 'az': 0.13, 'gx': -3.56, 'gy': 0.82, 'gz': -0.47}, {'t_us': 2013258, 'ax': -0.93, 'ay': 0.03, 'az': 0.13, 'gx': -3.94, 'gy': 0.58, 'gz': -0.44}, {'t_us': 2033304, 'ax': -0.92, 'ay': 0.03, 'az': 0.13, 'gx': -3.95, 'gy': 0.5, 'gz': -0.4}]",2026-02-13 11:53:13,0.0
"[{'t_us': 2059747, 'ax': -0.93, 'ay': 0.02, 'az': 0.13, 'gx': -4.32, 'gy': 0.37, 'gz': -0.09}, {'t_us': 2073304, 'ax': -0.94, 'ay': 0.03, 'az': 0.14, 'gx': -4.52, 'gy': 0.24, 'gz': -0.14}, {'t_us': 2093310, 'ax': -0.92, 'ay': 0.03, 'az': 0.13, 'gx': -5.34, 'gy': 0.41, 'gz': 0.32}, {'t_us': 2113262, 'ax': -0.93, 'ay': 0.03, 'az': 0.13, 'gx': -5.94, 'gy': 0.52, 'gz': 0.32}, {'t_us': 2133287, 'ax': -0.93, 'ay': 0.03, 'az': 0.14, 'gx': -6.64, 'gy': 0.4, 'gz': 0.2}]",2026-02-13 11:53:13,0.0
"[{'t_us': 2158420, 'ax': -0.94, 'ay': 0.04, 'az': 0.15, 'gx': -7.3, 'gy': -0.05, 'gz': 0.09}, {'t_us': 2173310, 'ax': -0.92, 'ay': 0.03, 'az': 0.14, 'gx': -7.91, 'gy': 0.03, 'gz': 0.12}, {'t_us': 2193284, 'ax': -0.93, 'ay': 0.03, 'az': 0.15, 'gx': -8.44, 'gy': 0.49, 'gz': 0.03}, {'t_us': 2213290, 'ax': -0.93, 'ay': 0.02, 'az': 0.15, 'gx': -9.24, 'gy': 0.96, 'gz': 0.12}, {'t_us': 2233254, 'ax': -0.92, 'ay': 0.02, 'az': 0.15, 'gx': -10.32, 'gy': 1.36, 'gz': 0.72}]",2026-02-13 11:53:13,0.0
"[{'t_us': 2258095, 'ax': -0.93, 'ay': 0.02, 'az': 0.15, 'gx': -11.02, 'gy': 1.6, 'gz': 0.66}, {'t_us': 2273310, 'ax': -0.91, 'ay': 0.02, 'az': 0.14, 'gx': -10.92, 'gy': 3.11, 'gz': 0.76}, {'t_us': 2293254, 'ax': -0.91, 'ay': 0.02, 'az': 0.15, 'gx': -10.85, 'gy': 3.71, 'gz': 1.04}, {'t_us': 2313322, 'ax': -0.93, 'ay': 0.01, 'az': 0.14, 'gx': -11.18, 'gy': 3.88, 'gz': 1.3}, {'t_us': 2333309, 'ax': -0.93, 'ay': 0.02, 'az': 0.14, 'gx': -11.42, 'gy': 4.99, 'gz': 1.97}]",2026-02-13 11:53:13,0.0
"[{'t_us': 2357920, 'ax': -0.94, 'ay': 0.04, 'az': 0.12, 'gx': -11.51, 'gy': 3.56, 'gz': 2.21}, {'t_us': 2373322, 'ax': -0.95, 'ay': 0.04, 'az': 0.14, 'gx': -11.47, 'gy': 3.68, 'gz': 2.53}, {'t_us': 2393322, 'ax': -0.94, 'ay': 0.04, 'az': 0.13, 'gx': -11.15, 'gy': 3.91, 'gz': 2.81}, {'t_us': 2413278, 'ax': -0.93, 'ay': 0.05, 'az': 0.14, 'gx': -11.1, 'gy': 3.48, 'gz': 3.37}, {'t_us': 2433269, 'ax': -0.95, 'ay': 0.04, 'az': 0.15, 'gx': -11.76, 'gy': 4.67, 'gz': 4.26}]",2026-02-13 11:53:13,0.0
"[{'t_us': 2458372, 'ax': -0.92, 'ay': 0.05, 'az': 0.14, 'gx': -13.34, 'gy': 3.73, 'gz': 4.5}, {'t_us': 2473310, 'ax': -0.92, 'ay': 0.04, 'az': 0.14, 'gx': -14.55, 'gy': 3.11, 'gz': 5.76}, {'t_us': 2493313, 'ax': -0.92, 'ay': 0.06, 'az': 0.14, 'gx': -16.15, 'gy': 4.46, 'gz': 6.44}, {'t_us': 2513262, 'ax': -0.93, 'ay': 0.06, 'az': 0.12, 'gx': -17.39, 'gy': 3.79, 'gz': 6.64}, {'t_us': 2533310, 'ax': -0.94, 'ay': 0.07, 'az': 0.11, 'gx': -18.75, 'gy': 2.7, 'gz': 7.25}]",2026-02-13 11:53:13,0.0
"[{'t_us': 2560122, 'ax': -0.92, 'ay': 0.07, 'az': 0.12, 'gx': -21.27, 'gy': 0.89, 'gz': 8.26}, {'t_us': 2573310, 'ax': -0.93, 'ay': 0.06, 'az': 0.11, 'gx': -22.56, 'gy': 0.78, 'gz': 8.75}, {'t_us': 2593301, 'ax': -0.94, 'ay': 0.07, 'az': 0.1, 'gx': -24.66, 'gy': -0.29, 'gz': 9.56}, {'t_us': 2613304, 'ax': -0.94, 'ay': 0.07, 'az': 0.11, 'gx': -26.21, 'gy': -1.69, 'gz': 9.68}, {'t_us': 2633254, 'ax': -0.96, 'ay': 0.07, 'az': 0.1, 'gx': -28.34, 'gy': -3.79, 'gz': 9.6}]",2026-02-13 11:53:14,0.0
"[{'t_us': 2657960, 'ax': -0.96, 'ay': 0.07, 'az': 0.11, 'gx': -30.81, 'gy': -5.04, 'gz': 9.44}, {'t_us': 2673317, 'ax': -0.95, 'ay': 0.08, 'az': 0.1, 'gx': -32.63, 'gy': -5.18, 'gz': 9.89}, {'t_us': 2693317, 'ax': -0.93, 'ay': 0.07, 'az': 0.11, 'gx': -35.07, 'gy': -3.91, 'gz': 10.58}, {'t_us': 2713269, 'ax': -0.93, 'ay': 0.07, 'az': 0.12, 'gx': -37.47, 'gy': -3.4, 'gz': 10.99}, {'t_us': 2733304, 'ax': -0.92, 'ay': 0.06, 'az': 0.13, 'gx': -40.53, 'gy': -1.98, 'gz': 11.53}]",2026-02-13 11:53:14,0.0
"[{'t_us': 2758111, 'ax': -0.91, 'ay': 0.07, 'az': 0.14, 'gx': -43.73, 'gy': 1.21, 'gz': 11.91}, {'t_us': 2773330, 'ax': -0.91, 'ay': 0.08, 'az': 0.15, 'gx': -44.96, 'gy': 2.95, 'gz': 12.26}, {'t_us': 2793301, 'ax': -0.92, 'ay': 0.09, 'az': 0.14, 'gx': -45.83, 'gy': 5.66, 'gz': 11.6}, {'t_us': 2813300, 'ax': -0.9, 'ay': 0.07, 'az': 0.14, 'gx': -46.47, 'gy': 7.74, 'gz': 10.84}, {'t_us': 2833310, 'ax': -0.9, 'ay': 0.05, 'az': 0.14, 'gx': -46.61, 'gy': 10.21, 'gz': 10.38}]",2026-02-13 11:53:14,0.0
"[{'t_us': 2860077, 'ax': -0.91, 'ay': 0.03, 'az': 0.14, 'gx': -45.04, 'gy': 13.82, 'gz': 10.99}, {'t_us': 2873330, 'ax': -0.91, 'ay': 0.02, 'az': 0.14, 'gx': -43.37, 'gy': 14.76, 'gz': 10.73}, {'t_us': 2893290, 'ax': -0.92, 'ay': -0.0, 'az': 0.14, 'gx': -40.72, 'gy': 15.57, 'gz': 11.15}, {'t_us': 2913295, 'ax': -0.92, 'ay': -0.0, 'az': 0.15, 'gx': -37.59, 'gy': 14.58, 'gz': 11.88}, {'t_us': 2933317, 'ax': -0.94, 'ay': 0.01, 'az': 0.14, 'gx': -35.16, 'gy': 13.82, 'gz': 11.76}]",2026-02-13 11:53:14,0.0
"[{'t_us': 2957919, 'ax': -0.95, 'ay': 0.02, 'az': 0.13, 'gx': -32.84, 'gy': 11.3, 'gz': 10.92}, {'t_us': 2973254, 'ax': -0.95, 'ay': 0.03, 'az': 0.13, 'gx': -31.6, 'gy': 10.0, 'gz': 10.27}, {'t_us': 2993290, 'ax': -0.94, 'ay': 0.03, 'az': 0.13, 'gx': -29.53, 'gy': 8.53, 'gz': 9.01}, {'t_us': 3013304, 'ax': -0.94, 'ay': 0.03, 'az': 0.14, 'gx': -27.4, 'gy': 7.76, 'gz': 7.8}, {'t_us': 3033290, 'ax': -0.95, 'ay': 0.03, 'az': 0.14, 'gx': -25.71, 'gy': 7.16, 'gz': 6.47}]",2026-02-13 11:53:14,0.0
"[{'t_us': 3058065, 'ax': -0.95, 'ay': 0.03, 'az': 0.13, 'gx': -23.83, 'gy': 6.26, 'gz': 5.5}, {'t_us': 3073286, 'ax': -0.95, 'ay': 0.03, 'az': 0.14, 'gx': -22.9, 'gy': 6.15, 'gz': 4.84}, {'t_us': 3093262, 'ax': -0.94, 'ay': 0.04, 'az': 0.14, 'gx': -21.83, 'gy': 5.71, 'gz': 3.74}, {'t_us': 3113290, 'ax': -0.93, 'ay': 0.03, 'az': 0.14, 'gx': -19.83, 'gy': 5.11, 'gz': 2.5}, {'t_us': 3133309, 'ax': -0.92, 'ay': 0.03, 'az': 0.14, 'gx': -17.51, 'gy': 5.94, 'gz': 1.45}]",2026-02-13 11:53:14,0.0
"[{'t_us': 3159947, 'ax': -0.92, 'ay': 0.03, 'az': 0.14, 'gx': -15.57, 'gy': 7.47, 'gz': 1.42}, {'t_us': 3173335, 'ax': -0.92, 'ay': 0.04, 'az': 0.14, 'gx': -15.11, 'gy': 7.45, 'gz': 1.63}, {'t_us': 3193295, 'ax': -0.93, 'ay': 0.04, 'az': 0.13, 'gx': -14.49, 'gy': 6.7, 'gz': 2.24}, {'t_us': 3213322, 'ax': -0.93, 'ay': 0.06, 'az': 0.12, 'gx': -13.66, 'gy': 5.95, 'gz': 2.29}, {'t_us': 3233254, 'ax': -0.95, 'ay': 0.06, 'az': 0.12, 'gx': -12.66, 'gy': 6.44, 'gz': 2.0}]",2026-02-13 11:53:14,0.0
"[{'t_us': 3258440, 'ax': -0.94, 'ay': 0.06, 'az': 0.13, 'gx': -11.44, 'gy': 6.32, 'gz': 1.76}, {'t_us': 3273310, 'ax': -0.93, 'ay': 0.07, 'az': 0.12, 'gx': -11.22, 'gy': 7.04, 'gz': 2.44}, {'t_us': 3293285, 'ax': -0.93, 'ay': 0.07, 'az': 0.14, 'gx': -11.04, 'gy': 6.81, 'gz': 2.44}, {'t_us': 3313262, 'ax': -0.93, 'ay': 0.07, 'az': 0.12, 'gx': -10.87, 'gy': 7.37, 'gz': 1.94}, {'t_us': 3333262, 'ax': -0.93, 'ay': 0.06, 'az': 0.12, 'gx': -10.09, 'gy': 6.98, 'gz': 1.65}]",2026-02-13 11:53:14,0.0
"[{'t_us': 3358022, 'ax': -0.94, 'ay': 0.06, 'az': 0.12, 'gx': -8.85, 'gy': 6.69, 'gz': 0.31}, {'t_us': 3373258, 'ax': -0.92, 'ay': 0.05, 'az': 0.12, 'gx': -7.47, 'gy': 6.27, 'gz': -0.12}, {'t_us': 3393304, 'ax': -0.93, 'ay': 0.05, 'az': 0.13, 'gx': -6.31, 'gy': 5.62, 'gz': 0.14}, {'t_us': 3413290, 'ax': -0.93, 'ay': 0.05, 'az': 0.12, 'gx': -5.71, 'gy': 4.41, 'gz': -0.37}, {'t_us': 3433310, 'ax': -0.94, 'ay': 0.06, 'az': 0.11, 'gx': -5.34, 'gy': 2.81, 'gz': -0.56}]",2026-02-13 11:53:14,0.0
"[{'t_us': 3457796, 'ax': -0.92, 'ay': 0.06, 'az': 0.12, 'gx': -3.54, 'gy': 3.39, 'gz': -0.32}, {'t_us': 3473277, 'ax': -0.93, 'ay': 0.05, 'az': 0.11, 'gx': -2.47, 'gy': 4.46, 'gz': -0.26}, {'t_us': 3493313, 'ax': -0.94, 'ay': 0.05, 'az': 0.12, 'gx': -1.33, 'gy': 3.04, 'gz': -0.52}, {'t_us': 3513322, 'ax': -0.94, 'ay': 0.05, 'az': 0.12, 'gx': -0.18, 'gy': 1.86, 'gz': -1.37}, {'t_us': 3533269, 'ax': -0.94, 'ay': 0.05, 'az': 0.13, 'gx': 0.35, 'gy': 0.56, 'gz': -2.11}]",2026-02-13 11:53:14,0.0
"[{'t_us': 3557984, 'ax': -0.94, 'ay': 0.05, 'az': 0.13, 'gx': 0.95, 'gy': 1.27, 'gz': -2.75}, {'t_us': 3573304, 'ax': -0.93, 'ay': 0.05, 'az': 0.12, 'gx': 1.4, 'gy': 0.6, 'gz': -2.95}, {'t_us': 3593322, 'ax': -0.93, 'ay': 0.04, 'az': 0.13, 'gx': 1.69, 'gy': 0.73, 'gz': -2.32}, {'t_us': 3613290, 'ax': -0.94, 'ay': 0.05, 'az': 0.13, 'gx': 2.27, 'gy': 1.22, 'gz': -1.77}, {'t_us': 3633317, 'ax': -0.93, 'ay': 0.05, 'az': 0.11, 'gx': 2.84, 'gy': 1.65, 'gz': -1.98}]",2026-02-13 11:53:15,0.0
"[{'t_us': 3657944, 'ax': -0.94, 'ay': 0.05, 'az': 0.12, 'gx': 3.94, 'gy': 0.99, 'gz': -1.5}, {'t_us': 3673309, 'ax': -0.94, 'ay': 0.05, 'az': 0.12, 'gx': 4.4, 'gy': 1.8, 'gz': -2.31}, {'t_us': 3693313, 'ax': -0.93, 'ay': 0.04, 'az': 0.11, 'gx': 4.84, 'gy': 2.34, 'gz': -2.31}, {'t_us': 3713262, 'ax': -0.94, 'ay': 0.04, 'az': 0.11, 'gx': 5.47, 'gy': 1.95, 'gz': -1.24}, {'t_us': 3733317, 'ax': -0.97, 'ay': 0.05, 'az': 0.12, 'gx': 5.5, 'gy': 2.63, 'gz': -1.34}]",2026-02-13 11:53:15,0.0
"[{'t_us': 3758222, 'ax': -0.95, 'ay': 0.06, 'az': 0.13, 'gx': 5.05, 'gy': 3.82, 'gz': -1.28}, {'t_us': 3773317, 'ax': -0.96, 'ay': 0.05, 'az': 0.13, 'gx': 4.38, 'gy': 4.55, 'gz': -1.82}, {'t_us': 3793301, 'ax': -0.93, 'ay': 0.05, 'az': 0.12, 'gx': 3.4, 'gy': 3.94, 'gz': -1.63}, {'t_us': 3813322, 'ax': -0.92, 'ay': 0.05, 'az': 0.11, 'gx': 3.15, 'gy': 4.09, 'gz': -1.31}, {'t_us': 3833254, 'ax': -0.9, 'ay': 0.07, 'az': 0.12, 'gx': 3.56, 'gy': 0.41, 'gz': -0.66}]",2026-02-13 11:53:15,0.0
"[{'t_us': 3857848, 'ax': -0.94, 'ay': 0.07, 'az': 0.12, 'gx': 3.63, 'gy': 3.83, 'gz': -1.11}, {'t_us': 3873254, 'ax': -0.94, 'ay': 0.08, 'az': 0.12, 'gx': 3.5, 'gy': 3.85, 'gz': -1.42}, {'t_us': 3893301, 'ax': -0.94, 'ay': 0.07, 'az': 0.12, 'gx': 2.95, 'gy': 4.69, 'gz': -2.35}, {'t_us': 3913254, 'ax': -0.93, 'ay': 0.07, 'az': 0.12, 'gx': 2.44, 'gy': 4.47, 'gz': -1.79}, {'t_us': 3933262, 'ax': -0.93, 'ay': 0.07, 'az': 0.13, 'gx': 1.92, 'gy': 4.35, 'gz': -1.24}]",2026-02-13 11:53:15,0.0
"[{'t_us': 3957519, 'ax': -0.93, 'ay': 0.06, 'az': 0.13, 'gx': 0.49, 'gy': 4.24, 'gz': -2.35}, {'t_us': 3973317, 'ax': -0.91, 'ay': 0.06, 'az': 0.11, 'gx': -0.29, 'gy': 2.56, 'gz': -1.19}, {'t_us': 3993310, 'ax': -0.94, 'ay': 0.06, 'az': 0.13, 'gx': -0.98, 'gy': 2.95, 'gz': 0.15}, {'t_us': 4013305, 'ax': -0.95, 'ay': 0.06, 'az': 0.11, 'gx': -1.24, 'gy': 3.42, 'gz': -0.38}, {'t_us': 4033254, 'ax': -0.92, 'ay': 0.07, 'az': 0.13, 'gx': -1.62, 'gy': 4.82, 'gz': -0.35}]",2026-02-13 11:53:15,0.0
"[{'t_us': 4059365, 'ax': -0.91, 'ay': 0.06, 'az': 0.12, 'gx': -1.92, 'gy': 6.67, 'gz': -0.23}, {'t_us': 4073265, 'ax': -0.93, 'ay': 0.06, 'az': 0.11, 'gx': -2.02, 'gy': 6.63, 'gz': -0.44}, {'t_us': 4093277, 'ax': -0.92, 'ay': 0.06, 'az': 0.11, 'gx': -1.79, 'gy': 5.54, 'gz': -0.63}, {'t_us': 4113313, 'ax': -0.93, 'ay': 0.05, 'az': 0.11, 'gx': -1.54, 'gy': 5.83, 'gz': -0.95}, {'t_us': 4133313, 'ax': -0.93, 'ay': 0.05, 'az': 0.11, 'gx': -1.15, 'gy': 6.85, 'gz': -1.31}]",2026-02-13 11:53:15,0.0
"[{'t_us': 4159455, 'ax': -0.92, 'ay': 0.05, 'az': 0.11, 'gx': -0.06, 'gy': 6.21, 'gz': -1.27}, {'t_us': 4173304, 'ax': -0.94, 'ay': 0.05, 'az': 0.1, 'gx': 0.18, 'gy': 6.09, 'gz': -1.33}, {'t_us': 4193254, 'ax': -0.93, 'ay': 0.05, 'az': 0.11, 'gx': 0.55, 'gy': 5.79, 'gz': -1.83}, {'t_us': 4213262, 'ax': -0.95, 'ay': 0.05, 'az': 0.1, 'gx': 0.84, 'gy': 4.55, 'gz': -2.29}, {'t_us': 4233290, 'ax': -0.94, 'ay': 0.06, 'az': 0.11, 'gx': 1.34, 'gy': 3.01, 'gz': -3.07}]",2026-02-13 11:53:15,0.0
"[{'t_us': 4259819, 'ax': -0.93, 'ay': 0.04, 'az': 0.1, 'gx': 3.8, 'gy': 2.75, 'gz': -4.06}, {'t_us': 4273313, 'ax': -0.93, 'ay': 0.04, 'az': 0.1, 'gx': 5.05, 'gy': 2.98, 'gz': -4.79}, {'t_us': 4293313, 'ax': -0.94, 'ay': 0.02, 'az': 0.11, 'gx': 7.19, 'gy': 3.57, 'gz': -5.34}, {'t_us': 4313295, 'ax': -0.93, 'ay': 0.02, 'az': 0.09, 'gx': 9.44, 'gy': 3.74, 'gz': -5.92}, {'t_us': 4333287, 'ax': -0.92, 'ay': 0.01, 'az': 0.1, 'gx': 11.88, 'gy': 2.9, 'gz': -6.35}]",2026-02-13 11:53:15,0.0
"[{'t_us': 4358077, 'ax': -0.92, 'ay': 0.02, 'az': 0.1, 'gx': 14.64, 'gy': 1.66, 'gz': -6.46}, {'t_us': 4373313, 'ax': -0.92, 'ay': 0.02, 'az': 0.08, 'gx': 16.03, 'gy': -0.05, 'gz': -6.58}, {'t_us': 4393262, 'ax': -0.95, 'ay': 0.04, 'az': 0.07, 'gx': 18.24, 'gy': -3.62, 'gz': -6.95}, {'t_us': 4413262, 'ax': -0.95, 'ay': 0.05, 'az': 0.06, 'gx': 21.1, 'gy': -5.85, 'gz': -8.15}, {'t_us': 4433262, 'ax': -0.95, 'ay': 0.05, 'az': 0.09, 'gx': 24.21, 'gy': -2.81, 'gz': -8.87}]",2026-02-13 11:53:15,0.0
"[{'t_us': 4457602, 'ax': -0.94, 'ay': 0.04, 'az': 0.13, 'gx': 24.95, 'gy': 1.89, 'gz': -8.66}, {'t_us': 4473304, 'ax': -0.93, 'ay': 0.04, 'az': 0.15, 'gx': 24.2, 'gy': 3.48, 'gz': -8.2}, {'t_us': 4493310, 'ax': -0.92, 'ay': 0.04, 'az': 0.14, 'gx': 22.96, 'gy': 3.48, 'gz': -7.95}, {'t_us': 4513304, 'ax': -0.92, 'ay': 0.04, 'az': 0.12, 'gx': 22.44, 'gy': 2.41, 'gz': -7.42}, {'t_us': 4533269, 'ax': -0.93, 'ay': 0.04, 'az': 0.11, 'gx': 22.32, 'gy': 1.04, 'gz': -6.66}]",2026-02-13 11:53:15,0.0
"[{'t_us': 4557792, 'ax': -0.94, 'ay': 0.05, 'az': 0.09, 'gx': 23.68, 'gy': 0.34, 'gz': -6.67}, {'t_us': 4573304, 'ax': -0.93, 'ay': 0.04, 'az': 0.09, 'gx': 24.67, 'gy': 1.33, 'gz': -6.69}, {'t_us': 4593310, 'ax': -0.92, 'ay': 0.04, 'az': 0.13, 'gx': 25.21, 'gy': 3.97, 'gz': -6.43}, {'t_us': 4613296, 'ax': -0.92, 'ay': 0.04, 'az': 0.13, 'gx': 24.69, 'gy': 5.36, 'gz': -6.26}, {'t_us': 4633295, 'ax': -0.92, 'ay': 0.04, 'az': 0.12, 'gx': 23.79, 'gy': 4.89, 'gz': -5.85}]",2026-02-13 11:53:16,0.0
"[{'t_us': 4659634, 'ax': -0.94, 'ay': 0.06, 'az': 0.11, 'gx': 23.66, 'gy': 3.22, 'gz': -5.59}, {'t_us': 4673301, 'ax': -0.94, 'ay': 0.06, 'az': 0.11, 'gx': 23.04, 'gy': 2.89, 'gz': -5.31}, {'t_us': 4693322, 'ax': -0.93, 'ay': 0.05, 'az': 0.11, 'gx': 21.53, 'gy': 3.11, 'gz': -5.34}, {'t_us': 4713310, 'ax': -0.94, 'ay': 0.05, 'az': 0.13, 'gx': 19.62, 'gy': 4.58, 'gz': -4.87}, {'t_us': 4733310, 'ax': -0.94, 'ay': 0.07, 'az': 0.14, 'gx': 16.81, 'gy': 4.06, 'gz': -3.76}]",2026-02-13 11:53:16,0.0
"[{'t_us': 4758136, 'ax': -0.93, 'ay': 0.07, 'az': 0.14, 'gx': 13.91, 'gy': 2.92, 'gz': -3.86}, {'t_us': 4773277, 'ax': -0.92, 'ay': 0.07, 'az': 0.13, 'gx': 12.81, 'gy': 3.31, 'gz': -3.94}, {'t_us': 4793304, 'ax': -0.92, 'ay': 0.06, 'az': 0.14, 'gx': 11.53, 'gy': 3.97, 'gz': -3.54}, {'t_us': 4813304, 'ax': -0.92, 'ay': 0.05, 'az': 0.15, 'gx': 10.2, 'gy': 5.42, 'gz': -2.76}, {'t_us': 4833295, 'ax': -0.92, 'ay': 0.04, 'az': 0.13, 'gx': 9.79, 'gy': 6.78, 'gz': -2.53}]",2026-02-13 11:53:16,0.0
"[{'t_us': 4859350, 'ax': -0.93, 'ay': 0.02, 'az': 0.13, 'gx': 9.27, 'gy': 8.24, 'gz': -2.34}, {'t_us': 4873301, 'ax': -0.93, 'ay': 0.01, 'az': 0.12, 'gx': 9.02, 'gy': 8.37, 'gz': -2.0}, {'t_us': 4893296, 'ax': -0.93, 'ay': 0.02, 'az': 0.11, 'gx': 8.75, 'gy': 8.56, 'gz': -1.45}, {'t_us': 4913304, 'ax': -0.93, 'ay': 0.02, 'az': 0.09, 'gx': 9.25, 'gy': 8.72, 'gz': -1.36}, {'t_us': 4933313, 'ax': -0.95, 'ay': 0.01, 'az': 0.08, 'gx': 9.53, 'gy': 7.42, 'gz': -1.15}]",2026-02-13 11:53:16,0.0
"[{'t_us': 4957623, 'ax': -0.96, 'ay': 0.02, 'az': 0.07, 'gx': 12.31, 'gy': 3.18, 'gz': -1.94}, {'t_us': 4973301, 'ax': -0.96, 'ay': 0.02, 'az': 0.07, 'gx': 13.69, 'gy': 0.82, 'gz': -2.75}, {'t_us': 4993305, 'ax': -0.94, 'ay': 0.02, 'az': 0.08, 'gx': 16.08, 'gy': 1.54, 'gz': -3.54}, {'t_us': 5013310, 'ax': -0.93, 'ay': 0.02, 'az': 0.1, 'gx': 17.53, 'gy': 1.65, 'gz': -4.11}, {'t_us': 5033276, 'ax': -0.93, 'ay': 0.03, 'az': 0.11, 'gx': 17.92, 'gy': 1.6, 'gz': -4.55}]",2026-02-13 11:53:16,0.0
"[{'t_us': 5058062, 'ax': -0.94, 'ay': 0.03, 'az': 0.1, 'gx': 17.39, 'gy': 0.24, 'gz': -4.38}, {'t_us': 5073319, 'ax': -0.95, 'ay': 0.03, 'az': 0.1, 'gx': 16.96, 'gy': 0.61, 'gz': -4.26}, {'t_us': 5093322, 'ax': -0.94, 'ay': 0.04, 'az': 0.09, 'gx': 16.63, 'gy': -0.15, 'gz': -4.32}, {'t_us': 5113290, 'ax': -0.93, 'ay': 0.05, 'az': 0.1, 'gx': 16.31, 'gy': -0.38, 'gz': -4.6}, {'t_us': 5133309, 'ax': -0.93, 'ay': 0.06, 'az': 0.1, 'gx': 15.53, 'gy': 0.44, 'gz': -4.79}]",2026-02-13 11:53:16,0.0
"[{'t_us': 5157822, 'ax': -0.93, 'ay': 0.06, 'az': 0.12, 'gx': 13.47, 'gy': -0.24, 'gz': -4.26}, {'t_us': 5173271, 'ax': -0.93, 'ay': 0.07, 'az': 0.12, 'gx': 12.0, 'gy': -1.28, 'gz': -4.15}, {'t_us': 5193295, 'ax': -0.93, 'ay': 0.07, 'az': 0.13, 'gx': 9.98, 'gy': -1.01, 'gz': -3.86}, {'t_us': 5213322, 'ax': -0.92, 'ay': 0.06, 'az': 0.13, 'gx': 7.39, 'gy': 0.89, 'gz': -3.07}, {'t_us': 5233317, 'ax': -0.93, 'ay': 0.07, 'az': 0.14, 'gx': 3.76, 'gy': 2.52, 'gz': -2.12}]",2026-02-13 11:53:16,0.0
"[{'t_us': 5259518, 'ax': -0.92, 'ay': 0.05, 'az': 0.13, 'gx': -0.79, 'gy': 3.94, 'gz': -0.73}, {'t_us': 5273276, 'ax': -0.92, 'ay': 0.05, 'az': 0.12, 'gx': -2.38, 'gy': 4.35, 'gz': -0.14}, {'t_us': 5293262, 'ax': -0.92, 'ay': 0.04, 'az': 0.11, 'gx': -3.31, 'gy': 4.34, 'gz': 0.82}, {'t_us': 5313262, 'ax': -0.93, 'ay': 0.02, 'az': 0.1, 'gx': -3.63, 'gy': 4.15, 'gz': 1.39}, {'t_us': 5333259, 'ax': -0.94, 'ay': 0.02, 'az': 0.1, 'gx': -3.48, 'gy': 5.02, 'gz': 1.28}]",2026-02-13 11:53:16,0.0
"[{'t_us': 5358119, 'ax': -0.94, 'ay': 0.02, 'az': 0.11, 'gx': -3.25, 'gy': 5.53, 'gz': 1.15}, {'t_us': 5373277, 'ax': -0.94, 'ay': 0.03, 'az': 0.08, 'gx': -2.78, 'gy': 5.27, 'gz': 0.87}, {'t_us': 5393322, 'ax': -0.95, 'ay': 0.04, 'az': 0.09, 'gx': -1.42, 'gy': 4.6, 'gz': -0.06}, {'t_us': 5413322, 'ax': -0.94, 'ay': 0.03, 'az': 0.09, 'gx': 0.08, 'gy': 4.63, 'gz': -1.1}, {'t_us': 5433299, 'ax': -0.94, 'ay': 0.03, 'az': 0.1, 'gx': 0.98, 'gy': 4.17, 'gz': -1.76}]",2026-02-13 11:53:16,0.0
"[{'t_us': 5459421, 'ax': -0.95, 'ay': 0.03, 'az': 0.1, 'gx': 0.7, 'gy': 4.24, 'gz': -1.51}, {'t_us': 5473310, 'ax': -0.94, 'ay': 0.03, 'az': 0.1, 'gx': 0.14, 'gy': 4.29, 'gz': -0.99}, {'t_us': 5493313, 'ax': -0.92, 'ay': 0.02, 'az': 0.11, 'gx': -0.34, 'gy': 5.08, 'gz': -0.21}, {'t_us': 5513262, 'ax': -0.92, 'ay': 0.04, 'az': 0.1, 'gx': -1.1, 'gy': 5.65, 'gz': 0.23}, {'t_us': 5533295, 'ax': -0.93, 'ay': 0.04, 'az': 0.11, 'gx': -1.3, 'gy': 6.46, 'gz': 0.37}]",2026-02-13 11:53:16,0.0
"[{'t_us': 5559531, 'ax': -0.94, 'ay': 0.05, 'az': 0.1, 'gx': -3.05, 'gy': 6.76, 'gz': 0.58}, {'t_us': 5573276, 'ax': -0.94, 'ay': 0.06, 'az': 0.1, 'gx': -3.91, 'gy': 6.75, 'gz': 0.82}, {'t_us': 5593290, 'ax': -0.93, 'ay': 0.06, 'az': 0.1, 'gx': -5.79, 'gy': 6.73, 'gz': 1.45}, {'t_us': 5613295, 'ax': -0.94, 'ay': 0.05, 'az': 0.09, 'gx': -7.73, 'gy': 6.44, 'gz': 1.77}, {'t_us': 5633257, 'ax': -0.94, 'ay': 0.06, 'az': 0.09, 'gx': -8.64, 'gy': 6.34, 'gz': 1.86}]",2026-02-13 11:53:17,0.0
"[{'t_us': 5659635, 'ax': -0.94, 'ay': 0.05, 'az': 0.1, 'gx': -9.51, 'gy': 6.17, 'gz': 1.88}, {'t_us': 5673262, 'ax': -0.95, 'ay': 0.05, 'az': 0.1, 'gx': -9.8, 'gy': 5.89, 'gz': 1.94}, {'t_us': 5693277, 'ax': -0.94, 'ay': 0.04, 'az': 0.09, 'gx': -10.89, 'gy': 5.71, 'gz': 2.17}, {'t_us': 5713290, 'ax': -0.95, 'ay': 0.04, 'az': 0.1, 'gx': -11.69, 'gy': 6.0, 'gz': 2.02}, {'t_us': 5733287, 'ax': -0.93, 'ay': 0.04, 'az': 0.09, 'gx': -11.79, 'gy': 6.17, 'gz': 1.92}]",2026-02-13 11:53:17,0.0
"[{'t_us': 5759599, 'ax': -0.95, 'ay': 0.03, 'az': 0.07, 'gx': -10.52, 'gy': 5.56, 'gz': 1.22}, {'t_us': 5773284, 'ax': -0.95, 'ay': 0.03, 'az': 0.07, 'gx': -9.47, 'gy': 5.27, 'gz': 0.84}, {'t_us': 5793301, 'ax': -0.96, 'ay': 0.02, 'az': 0.06, 'gx': -7.36, 'gy': 4.75, 'gz': 0.34}, {'t_us': 5813304, 'ax': -0.96, 'ay': 0.02, 'az': 0.05, 'gx': -5.01, 'gy': 3.86, 'gz': -0.5}, {'t_us': 5833254, 'ax': -0.96, 'ay': 0.02, 'az': 0.06, 'gx': -2.46, 'gy': 3.19, 'gz': -1.68}]",2026-02-13 11:53:17,0.0
"[{'t_us': 5859639, 'ax': -0.95, 'ay': 0.02, 'az': 0.05, 'gx': 0.72, 'gy': 2.61, 'gz': -2.29}, {'t_us': 5873313, 'ax': -0.95, 'ay': 0.01, 'az': 0.05, 'gx': 1.71, 'gy': 1.92, 'gz': -2.35}, {'t_us': 5893294, 'ax': -0.95, 'ay': 0.02, 'az': 0.06, 'gx': 3.1, 'gy': 1.31, 'gz': -2.66}, {'t_us': 5913317, 'ax': -0.94, 'ay': 0.03, 'az': 0.06, 'gx': 4.34, 'gy': 1.22, 'gz': -2.4}, {'t_us': 5933313, 'ax': -0.94, 'ay': 0.03, 'az': 0.07, 'gx': 5.6, 'gy': 0.81, 'gz': -2.67}]",2026-02-13 11:53:17,0.0
"[{'t_us': 5958221, 'ax': -0.94, 'ay': 0.03, 'az': 0.07, 'gx': 7.19, 'gy': 0.47, 'gz': -2.85}, {'t_us': 5973263, 'ax': -0.95, 'ay': 0.03, 'az': 0.08, 'gx': 7.51, 'gy': 0.0, 'gz': -2.92}, {'t_us': 5993262, 'ax': -0.94, 'ay': 0.04, 'az': 0.1, 'gx': 7.65, 'gy': 0.63, 'gz': -2.84}, {'t_us': 6013290, 'ax': -0.93, 'ay': 0.04, 'az': 0.1, 'gx': 7.15, 'gy': 0.81, 'gz': -2.6}, {'t_us': 6033305, 'ax': -0.93, 'ay': 0.05, 'az': 0.09, 'gx': 6.24, 'gy': 1.57, 'gz': -2.56}]",2026-02-13 11:53:17,0.0
"[{'t_us': 6059380, 'ax': -0.93, 'ay': 0.04, 'az': 0.09, 'gx': 4.7, 'gy': 2.44, 'gz': -2.23}, {'t_us': 6073270, 'ax': -0.93, 'ay': 0.05, 'az': 0.09, 'gx': 4.24, 'gy': 2.72, 'gz': -2.37}, {'t_us': 6093277, 'ax': -0.94, 'ay': 0.05, 'az': 0.09, 'gx': 3.36, 'gy': 2.7, 'gz': -2.7}, {'t_us': 6113304, 'ax': -0.94, 'ay': 0.04, 'az': 0.1, 'gx': 2.27, 'gy': 2.82, 'gz': -2.56}, {'t_us': 6133254, 'ax': -0.94, 'ay': 0.04, 'az': 0.1, 'gx': 0.99, 'gy': 2.43, 'gz': -2.34}]",2026-02-13 11:53:17,0.0
"[{'t_us': 6159782, 'ax': -0.94, 'ay': 0.04, 'az': 0.11, 'gx': -1.56, 'gy': 2.55, 'gz': -1.86}, {'t_us': 6173268, 'ax': -0.94, 'ay': 0.04, 'az': 0.11, 'gx': -2.21, 'gy': 2.49, 'gz': -1.82}, {'t_us': 6193317, 'ax': -0.94, 'ay': 0.04, 'az': 0.11, 'gx': -3.5, 'gy': 2.4, 'gz': -1.56}, {'t_us': 6213317, 'ax': -0.94, 'ay': 0.04, 'az': 0.12, 'gx': -3.98, 'gy': 2.23, 'gz': -1.19}, {'t_us': 6233316, 'ax': -0.94, 'ay': 0.03, 'az': 0.1, 'gx': -4.41, 'gy': 2.14, 'gz': -1.02}]",2026-02-13 11:53:17,0.0
"[{'t_us': 6259582, 'ax': -0.93, 'ay': 0.03, 'az': 0.11, 'gx': -5.01, 'gy': 2.08, 'gz': -1.19}, {'t_us': 6273267, 'ax': -0.94, 'ay': 0.03, 'az': 0.1, 'gx': -5.27, 'gy': 2.02, 'gz': -1.15}, {'t_us': 6293295, 'ax': -0.93, 'ay': 0.03, 'az': 0.1, 'gx': -5.51, 'gy': 2.24, 'gz': -1.01}, {'t_us': 6313322, 'ax': -0.93, 'ay': 0.03, 'az': 0.1, 'gx': -6.09, 'gy': 2.38, 'gz': -0.64}, {'t_us': 6333322, 'ax': -0.93, 'ay': 0.04, 'az': 0.1, 'gx': -6.31, 'gy': 2.2, 'gz': -0.5}]",2026-02-13 11:53:17,0.0
"[{'t_us': 6358394, 'ax': -0.94, 'ay': 0.03, 'az': 0.09, 'gx': -6.72, 'gy': 1.92, 'gz': -0.5}, {'t_us': 6373254, 'ax': -0.93, 'ay': 0.03, 'az': 0.09, 'gx': -6.76, 'gy': 2.0, 'gz': -0.47}, {'t_us': 6393322, 'ax': -0.93, 'ay': 0.03, 'az': 0.1, 'gx': -6.6, 'gy': 2.31, 'gz': -0.6}, {'t_us': 6413290, 'ax': -0.94, 'ay': 0.03, 'az': 0.1, 'gx': -6.6, 'gy': 2.26, 'gz': -0.46}, {'t_us': 6433344, 'ax': -0.93, 'ay': 0.02, 'az': 0.12, 'gx': -6.7, 'gy': 2.92, 'gz': 0.06}]",2026-02-13 11:53:17,0.0
"[{'t_us': 6460044, 'ax': -0.94, 'ay': 0.03, 'az': 0.1, 'gx': -6.61, 'gy': 3.28, 'gz': 0.41}, {'t_us': 6473270, 'ax': -0.94, 'ay': 0.03, 'az': 0.1, 'gx': -6.31, 'gy': 3.47, 'gz': 0.34}, {'t_us': 6493284, 'ax': -0.94, 'ay': 0.02, 'az': 0.1, 'gx': -5.66, 'gy': 3.34, 'gz': 0.08}, {'t_us': 6513290, 'ax': -0.93, 'ay': 0.01, 'az': 0.1, 'gx': -4.89, 'gy': 3.68, 'gz': -0.09}, {'t_us': 6533254, 'ax': -0.94, 'ay': 0.02, 'az': 0.09, 'gx': -3.8, 'gy': 4.14, 'gz': -0.27}]",2026-02-13 11:53:17,0.0
"[{'t_us': 6560217, 'ax': -0.94, 'ay': 0.02, 'az': 0.09, 'gx': -2.37, 'gy': 4.05, 'gz': -0.53}, {'t_us': 6573313, 'ax': -0.94, 'ay': 0.02, 'az': 0.08, 'gx': -1.45, 'gy': 3.97, 'gz': -0.5}, {'t_us': 6593262, 'ax': -0.94, 'ay': 0.01, 'az': 0.08, 'gx': -0.56, 'gy': 3.89, 'gz': -0.73}, {'t_us': 6613290, 'ax': -0.94, 'ay': 0.01, 'az': 0.1, 'gx': 0.61, 'gy': 3.66, 'gz': -0.66}, {'t_us': 6633258, 'ax': -0.94, 'ay': 0.01, 'az': 0.1, 'gx': 1.59, 'gy': 3.94, 'gz': -0.81}]",2026-02-13 11:53:18,0.0
"[{'t_us': 6658776, 'ax': -0.94, 'ay': 0.01, 'az': 0.1, 'gx': 2.27, 'gy': 3.71, 'gz': -0.96}, {'t_us': 6673322, 'ax': -0.93, 'ay': 0.01, 'az': 0.09, 'gx': 2.93, 'gy': 3.69, 'gz': -0.96}, {'t_us': 6693269, 'ax': -0.93, 'ay': 0.01, 'az': 0.09, 'gx': 3.28, 'gy': 3.63, 'gz': -0.96}, {'t_us': 6713301, 'ax': -0.94, 'ay': 0.02, 'az': 0.09, 'gx': 3.8, 'gy': 3.77, 'gz': -1.16}, {'t_us': 6733322, 'ax': -0.94, 'ay': 0.03, 'az': 0.1, 'gx': 3.94, 'gy': 4.06, 'gz': -1.47}]",2026-02-13 11:53:18,0.0
"[{'t_us': 6758476, 'ax': -0.94, 'ay': 0.02, 'az': 0.12, 'gx': 4.09, 'gy': 4.34, 'gz': -1.13}, {'t_us': 6773301, 'ax': -0.95, 'ay': 0.02, 'az': 0.1, 'gx': 4.26, 'gy': 3.88, 'gz': -1.1}, {'t_us': 6793310, 'ax': -0.95, 'ay': 0.01, 'az': 0.11, 'gx': 3.91, 'gy': 4.06, 'gz': -0.95}, {'t_us': 6813313, 'ax': -0.94, 'ay': 0.02, 'az': 0.11, 'gx': 3.36, 'gy': 4.03, 'gz': -0.72}, {'t_us': 6833255, 'ax': -0.93, 'ay': 0.02, 'az': 0.11, 'gx': 2.64, 'gy': 4.11, 'gz': -0.64}]",2026-02-13 11:53:18,0.0
"[{'t_us': 6857812, 'ax': -0.94, 'ay': 0.02, 'az': 0.11, 'gx': 2.09, 'gy': 4.21, 'gz': -0.34}, {'t_us': 6873332, 'ax': -0.94, 'ay': 0.02, 'az': 0.1, 'gx': 1.77, 'gy': 4.69, 'gz': -0.41}, {'t_us': 6893322, 'ax': -0.94, 'ay': 0.02, 'az': 0.09, 'gx': 1.5, 'gy': 4.52, 'gz': -0.55}, {'t_us': 6913322, 'ax': -0.94, 'ay': 0.03, 'az': 0.09, 'gx': 1.3, 'gy': 4.26, 'gz': -0.93}, {'t_us': 6933285, 'ax': -0.95, 'ay': 0.02, 'az': 0.09, 'gx': 0.82, 'gy': 4.61, 'gz': -0.96}]",2026-02-13 11:53:18,0.0
"[{'t_us': 6959569, 'ax': -0.94, 'ay': 0.02, 'az': 0.09, 'gx': -0.03, 'gy': 4.34, 'gz': -0.98}, {'t_us': 6973269, 'ax': -0.94, 'ay': 0.02, 'az': 0.09, 'gx': -0.49, 'gy': 4.34, 'gz': -0.96}, {'t_us': 6993269, 'ax': -0.94, 'ay': 0.03, 'az': 0.09, 'gx': -0.78, 'gy': 4.03, 'gz': -1.15}, {'t_us': 7013301, 'ax': -0.93, 'ay': 0.03, 'az': 0.08, 'gx': -0.98, 'gy': 3.8, 'gz': -1.1}, {'t_us': 7033254, 'ax': -0.94, 'ay': 0.03, 'az': 0.08, 'gx': -0.47, 'gy': 3.98, 'gz': -1.57}]",2026-02-13 11:53:18,0.0
"[{'t_us': 7059642, 'ax': -0.94, 'ay': 0.02, 'az': 0.09, 'gx': -0.24, 'gy': 4.55, 'gz': -1.42}, {'t_us': 7073337, 'ax': -0.93, 'ay': 0.03, 'az': 0.09, 'gx': -0.08, 'gy': 4.53, 'gz': -1.16}, {'t_us': 7093284, 'ax': -0.93, 'ay': 0.02, 'az': 0.1, 'gx': -0.2, 'gy': 4.14, 'gz': -1.01}, {'t_us': 7113290, 'ax': -0.93, 'ay': 0.03, 'az': 0.1, 'gx': -0.73, 'gy': 4.46, 'gz': -0.64}, {'t_us': 7133317, 'ax': -0.94, 'ay': 0.03, 'az': 0.1, 'gx': -1.15, 'gy': 4.52, 'gz': -0.41}]",2026-02-13 11:53:18,0.0
"[{'t_us': 7158095, 'ax': -0.94, 'ay': 0.03, 'az': 0.08, 'gx': -1.02, 'gy': 4.72, 'gz': -0.27}, {'t_us': 7176054, 'ax': -0.94, 'ay': 0.04, 'az': 0.09, 'gx': -0.66, 'gy': 4.27, 'gz': -0.02}, {'t_us': 7193313, 'ax': -0.94, 'ay': 0.02, 'az': 0.08, 'gx': -0.47, 'gy': 3.63, 'gz': -0.14}, {'t_us': 7213262, 'ax': -0.95, 'ay': 0.03, 'az': 0.09, 'gx': -1.07, 'gy': 3.28, 'gz': 0.12}, {'t_us': 7233253, 'ax': -0.94, 'ay': 0.03, 'az': 0.07, 'gx': -1.85, 'gy': 3.3, 'gz': 0.34}]",2026-02-13 11:53:18,0.0
"[{'t_us': 7259779, 'ax': -0.95, 'ay': 0.03, 'az': 0.07, 'gx': -1.31, 'gy': 2.96, 'gz': 0.14}, {'t_us': 7273301, 'ax': -0.94, 'ay': 0.02, 'az': 0.07, 'gx': -0.53, 'gy': 2.66, 'gz': 0.02}, {'t_us': 7293295, 'ax': -0.94, 'ay': 0.03, 'az': 0.08, 'gx': 0.52, 'gy': 1.28, 'gz': -0.17}, {'t_us': 7313301, 'ax': -0.94, 'ay': 0.02, 'az': 0.08, 'gx': 1.15, 'gy': 0.46, 'gz': -0.08}, {'t_us': 7333322, 'ax': -0.94, 'ay': 0.02, 'az': 0.08, 'gx': 1.3, 'gy': 0.9, 'gz': -0.09}]",2026-02-13 11:53:18,0.0
"[{'t_us': 7358147, 'ax': -0.95, 'ay': 0.02, 'az': 0.08, 'gx': 1.07, 'gy': 0.96, 'gz': -0.06}, {'t_us': 7373314, 'ax': -0.95, 'ay': 0.03, 'az': 0.08, 'gx': 1.1, 'gy': 1.31, 'gz': -0.17}, {'t_us': 7393258, 'ax': -0.93, 'ay': 0.04, 'az': 0.09, 'gx': 0.26, 'gy': 1.56, 'gz': -0.41}, {'t_us': 7413258, 'ax': -0.94, 'ay': 0.04, 'az': 0.09, 'gx': -0.99, 'gy': 2.2, 'gz': -0.47}, {'t_us': 7433301, 'ax': -0.93, 'ay': 0.04, 'az': 0.09, 'gx': -1.62, 'gy': 3.02, 'gz': -0.47}]",2026-02-13 11:53:18,0.0
"[{'t_us': 7457662, 'ax': -0.94, 'ay': 0.04, 'az': 0.07, 'gx': -2.08, 'gy': 2.44, 'gz': -0.7}, {'t_us': 7473304, 'ax': -0.94, 'ay': 0.03, 'az': 0.08, 'gx': -2.4, 'gy': 2.43, 'gz': -0.99}, {'t_us': 7493254, 'ax': -0.95, 'ay': 0.03, 'az': 0.08, 'gx': -2.26, 'gy': 2.0, 'gz': -0.53}, {'t_us': 7513290, 'ax': -0.94, 'ay': 0.03, 'az': 0.09, 'gx': -2.85, 'gy': 2.52, 'gz': -0.47}, {'t_us': 7533282, 'ax': -0.94, 'ay': 0.03, 'az': 0.07, 'gx': -3.01, 'gy': 2.66, 'gz': -0.26}]",2026-02-13 11:53:18,0.0
"[{'t_us': 7557793, 'ax': -0.94, 'ay': 0.03, 'az': 0.08, 'gx': -3.11, 'gy': 2.44, 'gz': 0.18}, {'t_us': 7573301, 'ax': -0.93, 'ay': 0.03, 'az': 0.09, 'gx': -3.16, 'gy': 1.91, 'gz': 0.05}, {'t_us': 7593322, 'ax': -0.94, 'ay': 0.03, 'az': 0.09, 'gx': -4.23, 'gy': 2.03, 'gz': -0.2}, {'t_us': 7613290, 'ax': -0.94, 'ay': 0.03, 'az': 0.09, 'gx': -4.56, 'gy': 3.33, 'gz': 0.43}, {'t_us': 7633282, 'ax': -0.94, 'ay': 0.03, 'az': 0.09, 'gx': -5.21, 'gy': 2.78, 'gz': -0.14}]",2026-02-13 11:53:19,0.0
"[{'t_us': 7659365, 'ax': -0.95, 'ay': 0.04, 'az': 0.1, 'gx': -5.25, 'gy': 2.81, 'gz': 0.08}, {'t_us': 7673317, 'ax': -0.94, 'ay': 0.03, 'az': 0.09, 'gx': -5.39, 'gy': 2.49, 'gz': -0.44}, {'t_us': 7693322, 'ax': -0.95, 'ay': 0.02, 'az': 0.09, 'gx': -4.75, 'gy': 2.23, 'gz': -0.78}, {'t_us': 7713284, 'ax': -0.95, 'ay': 0.01, 'az': 0.08, 'gx': -4.09, 'gy': 1.79, 'gz': -1.07}, {'t_us': 7733290, 'ax': -0.94, 'ay': 0.01, 'az': 0.08, 'gx': -2.5, 'gy': 1.39, 'gz': -1.8}]",2026-02-13 11:53:19,0.0
"[{'t_us': 7759516, 'ax': -0.94, 'ay': 0.02, 'az': 0.09, 'gx': -0.98, 'gy': 0.93, 'gz': -2.38}, {'t_us': 7774304, 'ax': -0.94, 'ay': 0.02, 'az': 0.09, 'gx': -0.61, 'gy': 1.44, 'gz': -2.11}, {'t_us': 7793295, 'ax': -0.92, 'ay': 0.02, 'az': 0.1, 'gx': 0.05, 'gy': 1.4, 'gz': -2.02}, {'t_us': 7813322, 'ax': -0.93, 'ay': 0.02, 'az': 0.1, 'gx': 0.2, 'gy': 2.41, 'gz': -1.74}, {'t_us': 7833290, 'ax': -0.92, 'ay': 0.01, 'az': 0.1, 'gx': 0.15, 'gy': 2.95, 'gz': -1.3}]",2026-02-13 11:53:19,0.0
"[{'t_us': 7859326, 'ax': -0.93, 'ay': 0.01, 'az': 0.11, 'gx': -0.35, 'gy': 3.91, 'gz': -0.85}, {'t_us': 7873301, 'ax': -0.94, 'ay': 0.03, 'az': 0.1, 'gx': -0.79, 'gy': 4.03, 'gz': -0.52}, {'t_us': 7893277, 'ax': -0.94, 'ay': 0.02, 'az': 0.09, 'gx': -1.6, 'gy': 3.95, 'gz': -0.32}, {'t_us': 7913304, 'ax': -0.95, 'ay': 0.03, 'az': 0.07, 'gx': -2.15, 'gy': 3.91, 'gz': -0.32}, {'t_us': 7933304, 'ax': -0.94, 'ay': 0.03, 'az': 0.09, 'gx': -2.69, 'gy': 3.18, 'gz': -0.14}]",2026-02-13 11:53:19,0.0
"[{'t_us': 7957629, 'ax': -0.94, 'ay': 0.03, 'az': 0.08, 'gx': -3.39, 'gy': 3.02, 'gz': -0.49}, {'t_us': 7973252, 'ax': -0.94, 'ay': 0.03, 'az': 0.11, 'gx': -3.94, 'gy': 3.18, 'gz': -0.56}, {'t_us': 7993291, 'ax': -0.93, 'ay': 0.03, 'az': 0.1, 'gx': -4.73, 'gy': 3.34, 'gz': -0.32}, {'t_us': 8013277, 'ax': -0.92, 'ay': 0.03, 'az': 0.11, 'gx': -5.68, 'gy': 3.63, 'gz': -0.26}, {'t_us': 8033310, 'ax': -0.92, 'ay': 0.03, 'az': 0.09, 'gx': -6.06, 'gy': 4.44, 'gz': 0.09}]",2026-02-13 11:53:19,0.0
"[{'t_us': 8059795, 'ax': -0.92, 'ay': 0.03, 'az': 0.09, 'gx': -6.34, 'gy': 5.69, 'gz': 0.95}, {'t_us': 8073295, 'ax': -0.92, 'ay': 0.03, 'az': 0.1, 'gx': -6.81, 'gy': 6.79, 'gz': 1.28}, {'t_us': 8093301, 'ax': -0.94, 'ay': 0.03, 'az': 0.1, 'gx': -8.87, 'gy': 7.77, 'gz': 2.52}, {'t_us': 8113269, 'ax': -0.94, 'ay': 0.03, 'az': 0.1, 'gx': -11.39, 'gy': 8.37, 'gz': 3.82}, {'t_us': 8133301, 'ax': -0.96, 'ay': 0.05, 'az': 0.1, 'gx': -13.97, 'gy': 7.68, 'gz': 4.69}]",2026-02-13 11:53:19,0.0
"[{'t_us': 8159379, 'ax': -0.94, 'ay': 0.06, 'az': 0.09, 'gx': -16.21, 'gy': 8.05, 'gz': 4.78}, {'t_us': 8173301, 'ax': -0.94, 'ay': 0.06, 'az': 0.09, 'gx': -16.78, 'gy': 8.61, 'gz': 4.55}, {'t_us': 8193276, 'ax': -0.93, 'ay': 0.04, 'az': 0.1, 'gx': -17.4, 'gy': 8.26, 'gz': 4.02}, {'t_us': 8213301, 'ax': -0.94, 'ay': 0.03, 'az': 0.08, 'gx': -17.79, 'gy': 8.41, 'gz': 3.65}, {'t_us': 8233322, 'ax': -0.94, 'ay': 0.02, 'az': 0.06, 'gx': -17.73, 'gy': 8.58, 'gz': 3.18}]",2026-02-13 11:53:19,0.0
"[{'t_us': 8258069, 'ax': -0.95, 'ay': 0.01, 'az': 0.06, 'gx': -17.57, 'gy': 8.72, 'gz': 3.08}, {'t_us': 8273313, 'ax': -0.95, 'ay': 0.0, 'az': 0.05, 'gx': -17.13, 'gy': 8.58, 'gz': 3.25}, {'t_us': 8293293, 'ax': -0.95, 'ay': 0.01, 'az': 0.06, 'gx': -16.03, 'gy': 8.17, 'gz': 3.28}, {'t_us': 8313258, 'ax': -0.95, 'ay': 0.01, 'az': 0.07, 'gx': -15.13, 'gy': 7.1, 'gz': 3.01}, {'t_us': 8333321, 'ax': -0.95, 'ay': 0.02, 'az': 0.07, 'gx': -13.51, 'gy': 6.9, 'gz': 2.9}]",2026-02-13 11:53:19,0.0
"[{'t_us': 8357981, 'ax': -0.95, 'ay': 0.02, 'az': 0.05, 'gx': -11.13, 'gy': 6.5, 'gz': 1.85}, {'t_us': 8373312, 'ax': -0.96, 'ay': 0.01, 'az': 0.05, 'gx': -9.33, 'gy': 6.27, 'gz': 1.1}, {'t_us': 8393313, 'ax': -0.96, 'ay': 0.01, 'az': 0.04, 'gx': -6.81, 'gy': 5.39, 'gz': 0.27}, {'t_us': 8413269, 'ax': -0.97, 'ay': 0.01, 'az': 0.03, 'gx': -3.92, 'gy': 4.46, 'gz': -0.69}, {'t_us': 8433282, 'ax': -0.96, 'ay': 0.01, 'az': 0.04, 'gx': -0.76, 'gy': 3.25, 'gz': -1.92}]",2026-02-13 11:53:19,0.0
"[{'t_us': 8459315, 'ax': -0.96, 'ay': 0.01, 'az': 0.05, 'gx': 3.92, 'gy': 1.27, 'gz': -3.5}, {'t_us': 8473317, 'ax': -0.96, 'ay': 0.01, 'az': 0.04, 'gx': 5.98, 'gy': 0.9, 'gz': -4.31}, {'t_us': 8493254, 'ax': -0.95, 'ay': 0.0, 'az': 0.05, 'gx': 9.21, 'gy': 0.61, 'gz': -5.02}, {'t_us': 8513301, 'ax': -0.94, 'ay': -0.0, 'az': 0.06, 'gx': 11.95, 'gy': 0.03, 'gz': -4.9}, {'t_us': 8533322, 'ax': -0.94, 'ay': 0.01, 'az': 0.08, 'gx': 13.73, 'gy': 0.27, 'gz': -4.63}]",2026-02-13 11:53:19,0.0
"[{'t_us': 8558904, 'ax': -0.94, 'ay': 0.02, 'az': 0.08, 'gx': 14.72, 'gy': 0.23, 'gz': -4.41}, {'t_us': 8573290, 'ax': -0.94, 'ay': 0.03, 'az': 0.08, 'gx': 14.66, 'gy': 0.32, 'gz': -4.26}, {'t_us': 8593317, 'ax': -0.93, 'ay': 0.04, 'az': 0.09, 'gx': 14.72, 'gy': 0.23, 'gz': -4.29}, {'t_us': 8613814, 'ax': -0.92, 'ay': 0.06, 'az': 0.08, 'gx': 13.56, 'gy': 0.72, 'gz': -4.11}, {'t_us': 8633258, 'ax': -0.92, 'ay': 0.06, 'az': 0.1, 'gx': 11.54, 'gy': 1.57, 'gz': -3.73}]",2026-02-13 11:53:20,0.0
"[{'t_us': 8659438, 'ax': -0.93, 'ay': 0.05, 'az': 0.08, 'gx': 8.0, 'gy': 2.49, 'gz': -2.89}, {'t_us': 8673305, 'ax': -0.93, 'ay': 0.05, 'az': 0.1, 'gx': 6.15, 'gy': 3.15, 'gz': -2.12}, {'t_us': 8693310, 'ax': -0.94, 'ay': 0.05, 'az': 0.09, 'gx': 4.17, 'gy': 3.73, 'gz': -1.48}, {'t_us': 8713317, 'ax': -0.95, 'ay': 0.05, 'az': 0.08, 'gx': 2.55, 'gy': 3.76, 'gz': -0.99}, {'t_us': 8733269, 'ax': -0.95, 'ay': 0.04, 'az': 0.08, 'gx': 1.6, 'gy': 3.54, 'gz': -0.76}]",2026-02-13 11:53:20,0.0
"[{'t_us': 8759336, 'ax': -0.94, 'ay': 0.03, 'az': 0.09, 'gx': 0.37, 'gy': 3.91, 'gz': -0.92}, {'t_us': 8773310, 'ax': -0.94, 'ay': 0.03, 'az': 0.09, 'gx': 0.09, 'gy': 4.08, 'gz': -0.78}, {'t_us': 8793313, 'ax': -0.94, 'ay': 0.02, 'az': 0.09, 'gx': 0.17, 'gy': 3.92, 'gz': -0.79}, {'t_us': 8813317, 'ax': -0.94, 'ay': 0.01, 'az': 0.06, 'gx': 1.04, 'gy': 3.37, 'gz': -0.82}, {'t_us': 8833313, 'ax': -0.94, 'ay': 0.01, 'az': 0.07, 'gx': 2.47, 'gy': 3.07, 'gz': -1.05}]",2026-02-13 11:53:20,0.0
"[{'t_us': 8858100, 'ax': -0.94, 'ay': 0.0, 'az': 0.06, 'gx': 4.58, 'gy': 2.81, 'gz': -1.15}, {'t_us': 8873310, 'ax': -0.95, 'ay': 0.0, 'az': 0.06, 'gx': 5.42, 'gy': 2.12, 'gz': -1.27}, {'t_us': 8893277, 'ax': -0.95, 'ay': 0.01, 'az': 0.07, 'gx': 6.34, 'gy': 1.02, 'gz': -1.22}, {'t_us': 8913301, 'ax': -0.95, 'ay': 0.02, 'az': 0.07, 'gx': 7.22, 'gy': 0.46, 'gz': -1.57}, {'t_us': 8933301, 'ax': -0.95, 'ay': 0.02, 'az': 0.07, 'gx': 8.27, 'gy': 0.32, 'gz': -1.83}]",2026-02-13 11:53:20,0.0
"[{'t_us': 8957840, 'ax': -0.94, 'ay': 0.02, 'az': 0.09, 'gx': 8.02, 'gy': 0.53, 'gz': -1.97}, {'t_us': 8973322, 'ax': -0.93, 'ay': 0.02, 'az': 0.09, 'gx': 7.25, 'gy': 1.08, 'gz': -2.34}, {'t_us': 8993322, 'ax': -0.93, 'ay': 0.03, 'az': 0.09, 'gx': 5.68, 'gy': 1.37, 'gz': -2.02}, {'t_us': 9013313, 'ax': -0.94, 'ay': 0.03, 'az': 0.08, 'gx': 4.49, 'gy': 2.24, 'gz': -1.83}, {'t_us': 9033317, 'ax': -0.94, 'ay': 0.03, 'az': 0.08, 'gx': 3.21, 'gy': 3.22, 'gz': -1.39}]",2026-02-13 11:53:20,0.0
"[{'t_us': 9057662, 'ax': -0.94, 'ay': 0.02, 'az': 0.09, 'gx': 2.06, 'gy': 3.44, 'gz': -0.81}, {'t_us': 9073258, 'ax': -0.95, 'ay': 0.02, 'az': 0.09, 'gx': 1.44, 'gy': 4.11, 'gz': -0.35}, {'t_us': 9093258, 'ax': -0.95, 'ay': 0.02, 'az': 0.08, 'gx': 0.72, 'gy': 4.53, 'gz': -0.24}, {'t_us': 9113314, 'ax': -0.95, 'ay': 0.02, 'az': 0.08, 'gx': 0.24, 'gy': 4.06, 'gz': -0.09}, {'t_us': 9133295, 'ax': -0.94, 'ay': 0.02, 'az': 0.08, 'gx': -0.14, 'gy': 3.48, 'gz': 0.05}]",2026-02-13 11:53:20,0.0
"[{'t_us': 9159410, 'ax': -0.94, 'ay': 0.03, 'az': 0.08, 'gx': -0.99, 'gy': 2.43, 'gz': -0.27}, {'t_us': 9173254, 'ax': -0.93, 'ay': 0.03, 'az': 0.1, 'gx': -1.54, 'gy': 3.82, 'gz': -0.27}, {'t_us': 9193313, 'ax': -0.94, 'ay': 0.02, 'az': 0.08, 'gx': -2.93, 'gy': 3.8, 'gz': -0.58}, {'t_us': 9213304, 'ax': -0.95, 'ay': 0.02, 'az': 0.08, 'gx': -3.83, 'gy': 4.2, 'gz': -0.34}, {'t_us': 9233254, 'ax': -0.94, 'ay': 0.03, 'az': 0.08, 'gx': -4.23, 'gy': 4.78, 'gz': -0.24}]",2026-02-13 11:53:20,0.0
"[{'t_us': 9257892, 'ax': -0.95, 'ay': 0.03, 'az': 0.08, 'gx': -4.41, 'gy': 4.0, 'gz': -0.29}, {'t_us': 9273302, 'ax': -0.94, 'ay': 0.03, 'az': 0.08, 'gx': -4.7, 'gy': 4.43, 'gz': -0.34}, {'t_us': 9293322, 'ax': -0.94, 'ay': 0.02, 'az': 0.08, 'gx': -4.78, 'gy': 3.15, 'gz': -0.66}, {'t_us': 9313290, 'ax': -0.94, 'ay': 0.03, 'az': 0.09, 'gx': -4.92, 'gy': 3.42, 'gz': -0.75}, {'t_us': 9333254, 'ax': -0.94, 'ay': 0.03, 'az': 0.07, 'gx': -4.47, 'gy': 2.64, 'gz': -0.79}]",2026-02-13 11:53:20,0.0
"[{'t_us': 9359335, 'ax': -0.95, 'ay': 0.02, 'az': 0.07, 'gx': -4.11, 'gy': 2.2, 'gz': -0.76}, {'t_us': 9373301, 'ax': -0.94, 'ay': 0.02, 'az': 0.07, 'gx': -3.88, 'gy': 2.58, 'gz': -0.7}, {'t_us': 9393304, 'ax': -0.93, 'ay': 0.02, 'az': 0.08, 'gx': -3.34, 'gy': 2.41, 'gz': -0.5}, {'t_us': 9413295, 'ax': -0.94, 'ay': 0.01, 'az': 0.08, 'gx': -3.11, 'gy': 3.42, 'gz': -0.11}, {'t_us': 9433322, 'ax': -0.94, 'ay': 0.02, 'az': 0.08, 'gx': -2.93, 'gy': 3.3, 'gz': 0.29}]",2026-02-13 11:53:20,0.0
"[{'t_us': 9457646, 'ax': -0.94, 'ay': 0.03, 'az': 0.08, 'gx': -3.31, 'gy': 4.08, 'gz': 0.64}, {'t_us': 9473254, 'ax': -0.95, 'ay': 0.02, 'az': 0.08, 'gx': -3.44, 'gy': 4.52, 'gz': 0.63}, {'t_us': 9493290, 'ax': -0.93, 'ay': 0.02, 'az': 0.08, 'gx': -3.77, 'gy': 4.95, 'gz': 0.63}, {'t_us': 9513295, 'ax': -0.93, 'ay': 0.02, 'az': 0.08, 'gx': -4.06, 'gy': 5.66, 'gz': 0.58}, {'t_us': 9533272, 'ax': -0.93, 'ay': 0.01, 'az': 0.07, 'gx': -3.95, 'gy': 6.06, 'gz': 0.69}]",2026-02-13 11:53:20,0.0
"[{'t_us': 9559084, 'ax': -0.94, 'ay': 0.01, 'az': 0.06, 'gx': -3.76, 'gy': 6.11, 'gz': 0.43}, {'t_us': 9573260, 'ax': -0.95, 'ay': 0.01, 'az': 0.05, 'gx': -3.44, 'gy': 5.45, 'gz': 0.02}, {'t_us': 9593258, 'ax': -0.95, 'ay': 0.01, 'az': 0.06, 'gx': -2.49, 'gy': 4.84, 'gz': -0.73}, {'t_us': 9613290, 'ax': -0.95, 'ay': 0.01, 'az': 0.06, 'gx': -1.25, 'gy': 4.21, 'gz': -1.16}, {'t_us': 9633295, 'ax': -0.95, 'ay': 0.0, 'az': 0.07, 'gx': 0.03, 'gy': 3.18, 'gz': -1.34}]",2026-02-13 11:53:21,0.0
"[{'t_us': 9659253, 'ax': -0.95, 'ay': 0.01, 'az': 0.07, 'gx': 0.4, 'gy': 2.21, 'gz': -1.45}, {'t_us': 9673317, 'ax': -0.95, 'ay': 0.0, 'az': 0.06, 'gx': 0.27, 'gy': 1.77, 'gz': -1.36}, {'t_us': 9693269, 'ax': -0.94, 'ay': 0.01, 'az': 0.07, 'gx': 0.47, 'gy': 1.6, 'gz': -0.78}, {'t_us': 9713254, 'ax': -0.94, 'ay': 0.01, 'az': 0.08, 'gx': 0.99, 'gy': 3.27, 'gz': -0.14}, {'t_us': 9733258, 'ax': -0.93, 'ay': 0.02, 'az': 0.08, 'gx': 1.44, 'gy': 3.89, 'gz': 0.11}]",2026-02-13 11:53:21,0.0
"[{'t_us': 9758229, 'ax': -0.94, 'ay': 0.02, 'az': 0.08, 'gx': 0.78, 'gy': 5.16, 'gz': 0.08}, {'t_us': 9773264, 'ax': -0.95, 'ay': 0.02, 'az': 0.08, 'gx': -0.02, 'gy': 5.16, 'gz': 0.31}, {'t_us': 9793304, 'ax': -0.93, 'ay': 0.03, 'az': 0.09, 'gx': -1.21, 'gy': 6.7, 'gz': 0.35}, {'t_us': 9813310, 'ax': -0.95, 'ay': 0.02, 'az': 0.08, 'gx': -1.83, 'gy': 6.26, 'gz': 0.61}, {'t_us': 9833295, 'ax': -0.94, 'ay': 0.03, 'az': 0.07, 'gx': -2.29, 'gy': 6.05, 'gz': 0.21}]",2026-02-13 11:53:21,0.0
"[{'t_us': 9857749, 'ax': -0.96, 'ay': 0.01, 'az': 0.06, 'gx': -2.56, 'gy': 4.76, 'gz': 0.27}, {'t_us': 9873313, 'ax': -0.95, 'ay': 0.03, 'az': 0.07, 'gx': -2.72, 'gy': 4.34, 'gz': 0.32}, {'t_us': 9893313, 'ax': -0.94, 'ay': 0.03, 'az': 0.07, 'gx': -2.99, 'gy': 4.34, 'gz': -0.11}, {'t_us': 9913262, 'ax': -0.94, 'ay': 0.03, 'az': 0.09, 'gx': -3.82, 'gy': 4.29, 'gz': 0.02}, {'t_us': 9933255, 'ax': -0.94, 'ay': 0.04, 'az': 0.08, 'gx': -5.16, 'gy': 4.46, 'gz': 0.02}]",2026-02-13 11:53:21,0.0
"[{'t_us': 9959807, 'ax': -0.93, 'ay': 0.03, 'az': 0.08, 'gx': -6.38, 'gy': 5.34, 'gz': 0.58}, {'t_us': 9973287, 'ax': -0.91, 'ay': 0.03, 'az': 0.08, 'gx': -7.28, 'gy': 6.12, 'gz': 1.37}, {'t_us': 9993295, 'ax': -0.93, 'ay': 0.03, 'az': 0.07, 'gx': -8.4, 'gy': 7.01, 'gz': 1.63}, {'t_us': 10013322, 'ax': -0.94, 'ay': 0.05, 'az': 0.08, 'gx': -9.77, 'gy': 7.53, 'gz': 1.88}, {'t_us': 10033322, 'ax': -0.94, 'ay': 0.04, 'az': 0.08, 'gx': -10.67, 'gy': 7.86, 'gz': 2.02}]",2026-02-13 11:53:21,0.0
"[{'t_us': 10059505, 'ax': -0.93, 'ay': 0.04, 'az': 0.07, 'gx': -11.16, 'gy': 8.73, 'gz': 2.41}, {'t_us': 10073301, 'ax': -0.92, 'ay': 0.04, 'az': 0.07, 'gx': -11.65, 'gy': 10.11, 'gz': 2.27}, {'t_us': 10093322, 'ax': -0.92, 'ay': 0.03, 'az': 0.08, 'gx': -12.84, 'gy': 9.88, 'gz': 3.1}, {'t_us': 10113290, 'ax': -0.94, 'ay': 0.04, 'az': 0.07, 'gx': -14.63, 'gy': 10.29, 'gz': 3.79}, {'t_us': 10133269, 'ax': -0.93, 'ay': 0.03, 'az': 0.07, 'gx': -16.31, 'gy': 11.65, 'gz': 4.61}]",2026-02-13 11:53:21,0.0
"[{'t_us': 10159456, 'ax': -0.93, 'ay': 0.02, 'az': 0.05, 'gx': -17.66, 'gy': 13.47, 'gz': 5.05}, {'t_us': 10173269, 'ax': -0.95, 'ay': 0.04, 'az': 0.06, 'gx': -17.63, 'gy': 12.49, 'gz': 5.15}, {'t_us': 10193262, 'ax': -0.95, 'ay': 0.03, 'az': 0.04, 'gx': -17.05, 'gy': 12.14, 'gz': 5.54}, {'t_us': 10213301, 'ax': -0.96, 'ay': 0.02, 'az': 0.03, 'gx': -17.18, 'gy': 12.41, 'gz': 5.08}, {'t_us': 10233322, 'ax': -0.97, 'ay': 0.03, 'az': 0.04, 'gx': -17.48, 'gy': 12.32, 'gz': 4.6}]",2026-02-13 11:53:21,0.0
"[{'t_us': 10273285, 'ax': -0.95, 'ay': 0.04, 'az': 0.04, 'gx': -17.63, 'gy': 12.03, 'gz': 4.32}, {'t_us': 10293301, 'ax': -0.94, 'ay': 0.02, 'az': 0.03, 'gx': -17.11, 'gy': 12.9, 'gz': 4.31}, {'t_us': 10313322, 'ax': -0.94, 'ay': 0.02, 'az': 0.02, 'gx': -17.07, 'gy': 13.66, 'gz': 4.84}, {'t_us': 10333284, 'ax': -0.95, 'ay': 0.01, 'az': 0.02, 'gx': -17.22, 'gy': 13.01, 'gz': 4.89}]",2026-02-13 11:53:21,0.0
"[{'t_us': 10359135, 'ax': -0.95, 'ay': 0.03, 'az': 0.0, 'gx': -17.36, 'gy': 14.0, 'gz': 4.63}, {'t_us': 10373268, 'ax': -0.94, 'ay': 0.03, 'az': 0.01, 'gx': -17.42, 'gy': 11.91, 'gz': 4.47}, {'t_us': 10393258, 'ax': -0.95, 'ay': 0.05, 'az': 0.01, 'gx': -16.78, 'gy': 10.72, 'gz': 3.97}, {'t_us': 10413258, 'ax': -0.99, 'ay': 0.05, 'az': -0.01, 'gx': -15.98, 'gy': 10.05, 'gz': 3.76}, {'t_us': 10433279, 'ax': -0.98, 'ay': 0.05, 'az': -0.02, 'gx': -15.25, 'gy': 8.0, 'gz': 2.63}]",2026-02-13 11:53:21,0.0
"[{'t_us': 10459321, 'ax': -0.97, 'ay': 0.04, 'az': -0.02, 'gx': -11.53, 'gy': 4.0, 'gz': 0.73}, {'t_us': 10473304, 'ax': -0.95, 'ay': 0.03, 'az': -0.01, 'gx': -9.31, 'gy': 3.28, 'gz': -0.12}, {'t_us': 10493254, 'ax': -0.96, 'ay': 0.01, 'az': -0.01, 'gx': -6.2, 'gy': 2.43, 'gz': -0.64}, {'t_us': 10513322, 'ax': -0.94, 'ay': 0.01, 'az': -0.01, 'gx': -4.0, 'gy': 2.03, 'gz': -1.1}, {'t_us': 10533290, 'ax': -0.94, 'ay': 0.02, 'az': -0.02, 'gx': -1.83, 'gy': 1.56, 'gz': -1.05}]",2026-02-13 11:53:21,0.0
"[{'t_us': 10559765, 'ax': -0.96, 'ay': 0.04, 'az': -0.02, 'gx': 0.7, 'gy': 0.5, 'gz': -1.05}, {'t_us': 10573317, 'ax': -0.97, 'ay': 0.05, 'az': -0.03, 'gx': 1.62, 'gy': -0.24, 'gz': -1.21}, {'t_us': 10593317, 'ax': -0.96, 'ay': 0.05, 'az': -0.02, 'gx': 3.92, 'gy': -1.21, 'gz': -2.0}, {'t_us': 10613269, 'ax': -0.97, 'ay': 0.05, 'az': 0.0, 'gx': 5.39, 'gy': -1.94, 'gz': -2.63}, {'t_us': 10633310, 'ax': -0.96, 'ay': 0.04, 'az': -0.01, 'gx': 6.18, 'gy': -2.18, 'gz': -2.76}]",2026-02-13 11:53:22,0.0
"[{'t_us': 10658342, 'ax': -0.94, 'ay': 0.05, 'az': 0.02, 'gx': 6.0, 'gy': -2.9, 'gz': -2.66}, {'t_us': 10673262, 'ax': -0.93, 'ay': 0.06, 'az': 0.02, 'gx': 5.66, 'gy': -2.63, 'gz': -2.98}, {'t_us': 10693317, 'ax': -0.93, 'ay': 0.07, 'az': 0.02, 'gx': 5.13, 'gy': -1.05, 'gz': -2.75}, {'t_us': 10713310, 'ax': -0.94, 'ay': 0.08, 'az': 0.04, 'gx': 4.08, 'gy': 1.34, 'gz': -2.75}, {'t_us': 10733262, 'ax': -0.94, 'ay': 0.07, 'az': 0.03, 'gx': 2.2, 'gy': 1.42, 'gz': -2.2}]",2026-02-13 11:53:22,0.0
"[{'t_us': 10759829, 'ax': -0.94, 'ay': 0.06, 'az': 0.03, 'gx': 0.31, 'gy': 2.03, 'gz': -1.68}, {'t_us': 10773269, 'ax': -0.94, 'ay': 0.06, 'az': 0.03, 'gx': -0.17, 'gy': 1.83, 'gz': -1.31}, {'t_us': 10793313, 'ax': -0.94, 'ay': 0.05, 'az': 0.02, 'gx': -0.72, 'gy': 2.21, 'gz': -0.85}, {'t_us': 10813313, 'ax': -0.95, 'ay': 0.05, 'az': 0.02, 'gx': -1.21, 'gy': 1.98, 'gz': -0.6}, {'t_us': 10833262, 'ax': -0.95, 'ay': 0.05, 'az': 0.02, 'gx': -1.63, 'gy': 1.48, 'gz': -0.29}]",2026-02-13 11:53:22,0.0
"[{'t_us': 10858390, 'ax': -0.94, 'ay': 0.05, 'az': 0.02, 'gx': -1.94, 'gy': 1.98, 'gz': -0.49}, {'t_us': 10873276, 'ax': -0.95, 'ay': 0.05, 'az': 0.02, 'gx': -1.77, 'gy': 2.27, 'gz': -0.82}, {'t_us': 10893290, 'ax': -0.95, 'ay': 0.04, 'az': 0.02, 'gx': -2.14, 'gy': 1.44, 'gz': -1.13}, {'t_us': 10913317, 'ax': -0.95, 'ay': 0.04, 'az': 0.03, 'gx': -2.55, 'gy': 1.88, 'gz': -1.13}, {'t_us': 10933269, 'ax': -0.95, 'ay': 0.04, 'az': 0.04, 'gx': -3.33, 'gy': 3.39, 'gz': -1.07}]",2026-02-13 11:53:22,0.0
"[{'t_us': 10958221, 'ax': -0.95, 'ay': 0.05, 'az': 0.04, 'gx': -4.9, 'gy': 3.68, 'gz': -0.6}, {'t_us': 10973317, 'ax': -0.96, 'ay': 0.05, 'az': 0.05, 'gx': -6.75, 'gy': 3.48, 'gz': -0.15}, {'t_us': 10993269, 'ax': -0.95, 'ay': 0.05, 'az': 0.04, 'gx': -8.12, 'gy': 4.75, 'gz': -0.17}, {'t_us': 11013301, 'ax': -0.95, 'ay': 0.04, 'az': 0.04, 'gx': -9.04, 'gy': 5.44, 'gz': -0.78}, {'t_us': 11033276, 'ax': -0.95, 'ay': 0.04, 'az': 0.0, 'gx': -9.39, 'gy': 5.08, 'gz': -1.08}]",2026-02-13 11:53:22,0.0
"[{'t_us': 11057601, 'ax': -0.94, 'ay': 0.04, 'az': 0.01, 'gx': -10.58, 'gy': 1.76, 'gz': -1.82}, {'t_us': 11073277, 'ax': -0.96, 'ay': 0.02, 'az': 0.01, 'gx': -9.83, 'gy': 1.83, 'gz': -1.98}, {'t_us': 11093290, 'ax': -0.95, 'ay': 0.03, 'az': 0.01, 'gx': -9.92, 'gy': 0.11, 'gz': -1.34}, {'t_us': 11113258, 'ax': -0.97, 'ay': 0.03, 'az': 0.03, 'gx': -10.21, 'gy': -1.42, 'gz': -1.59}, {'t_us': 11133310, 'ax': -0.95, 'ay': 0.03, 'az': 0.03, 'gx': -9.3, 'gy': -2.7, 'gz': -1.33}]",2026-02-13 11:53:22,0.0
"[{'t_us': 11158047, 'ax': -0.94, 'ay': 0.02, 'az': 0.04, 'gx': -9.19, 'gy': -1.91, 'gz': -0.47}, {'t_us': 11173438, 'ax': -0.93, 'ay': 0.03, 'az': 0.04, 'gx': -9.4, 'gy': -0.53, 'gz': 0.02}, {'t_us': 11193317, 'ax': -0.93, 'ay': 0.04, 'az': 0.04, 'gx': -9.34, 'gy': 0.58, 'gz': 0.38}, {'t_us': 11213263, 'ax': -0.92, 'ay': 0.03, 'az': 0.05, 'gx': -8.9, 'gy': 3.4, 'gz': 0.52}, {'t_us': 11233290, 'ax': -0.93, 'ay': 0.04, 'az': 0.06, 'gx': -9.08, 'gy': 5.77, 'gz': 1.18}]",2026-02-13 11:53:22,0.0
"[{'t_us': 11257514, 'ax': -0.95, 'ay': 0.05, 'az': 0.05, 'gx': -10.67, 'gy': 4.82, 'gz': 1.56}, {'t_us': 11273268, 'ax': -0.95, 'ay': 0.04, 'az': 0.03, 'gx': -10.93, 'gy': 4.52, 'gz': 0.96}, {'t_us': 11293269, 'ax': -0.96, 'ay': 0.04, 'az': 0.03, 'gx': -10.79, 'gy': 4.56, 'gz': 0.93}, {'t_us': 11313301, 'ax': -0.96, 'ay': 0.04, 'az': 0.03, 'gx': -10.53, 'gy': 4.73, 'gz': 0.58}, {'t_us': 11333313, 'ax': -0.96, 'ay': 0.05, 'az': 0.01, 'gx': -9.95, 'gy': 3.57, 'gz': 0.0}]",2026-02-13 11:53:22,0.0
"[{'t_us': 11359835, 'ax': -0.96, 'ay': 0.04, 'az': 0.01, 'gx': -8.6, 'gy': 1.97, 'gz': -0.96}, {'t_us': 11373252, 'ax': -0.96, 'ay': 0.03, 'az': 0.02, 'gx': -7.69, 'gy': 1.92, 'gz': -1.33}, {'t_us': 11393304, 'ax': -0.95, 'ay': 0.01, 'az': 0.02, 'gx': -6.55, 'gy': 1.82, 'gz': -0.93}, {'t_us': 11413254, 'ax': -0.95, 'ay': 0.02, 'az': 0.03, 'gx': -5.5, 'gy': 0.99, 'gz': -0.61}, {'t_us': 11433262, 'ax': -0.95, 'ay': 0.01, 'az': 0.03, 'gx': -5.13, 'gy': -0.06, 'gz': -0.21}]",2026-02-13 11:53:22,0.0
"[{'t_us': 11459802, 'ax': -0.95, 'ay': 0.03, 'az': 0.04, 'gx': -5.33, 'gy': -0.35, 'gz': 0.5}, {'t_us': 11473258, 'ax': -0.95, 'ay': 0.04, 'az': 0.03, 'gx': -4.92, 'gy': 0.03, 'gz': 0.61}, {'t_us': 11493262, 'ax': -0.94, 'ay': 0.04, 'az': 0.04, 'gx': -4.05, 'gy': 0.21, 'gz': 0.14}, {'t_us': 11513290, 'ax': -0.94, 'ay': 0.02, 'az': 0.03, 'gx': -3.15, 'gy': 0.66, 'gz': 0.44}, {'t_us': 11533304, 'ax': -0.94, 'ay': 0.02, 'az': 0.04, 'gx': -3.15, 'gy': 1.18, 'gz': 0.76}]",2026-02-13 11:53:22,
"[{'t_us': 11559401, 'ax': -0.95, 'ay': 0.02, 'az': 0.04, 'gx': -3.89, 'gy': 1.76, 'gz': 0.79}, {'t_us': 11573270, 'ax': -0.95, 'ay': 0.02, 'az': 0.03, 'gx': -4.31, 'gy': 1.65, 'gz': 0.63}, {'t_us': 11593254, 'ax': -0.95, 'ay': 0.02, 'az': 0.03, 'gx': -4.34, 'gy': 1.37, 'gz': -0.05}, {'t_us': 11613322, 'ax': -0.96, 'ay': 0.03, 'az': 0.03, 'gx': -3.98, 'gy': 1.07, 'gz': -0.34}, {'t_us': 11633290, 'ax': -0.95, 'ay': 0.02, 'az': 0.03, 'gx': -4.14, 'gy': 0.61, 'gz': -0.58}]",2026-02-13 11:53:23,0.0
"[{'t_us': 11658075, 'ax': -0.94, 'ay': 0.01, 'az': 0.04, 'gx': -4.37, 'gy': 0.69, 'gz': -0.76}, {'t_us': 11673269, 'ax': -0.95, 'ay': 0.01, 'az': 0.03, 'gx': -4.17, 'gy': 0.81, 'gz': -1.01}, {'t_us': 11693313, 'ax': -0.95, 'ay': 0.01, 'az': 0.04, 'gx': -3.68, 'gy': 0.73, 'gz': -1.25}, {'t_us': 11713304, 'ax': -0.95, 'ay': 0.01, 'az': 0.05, 'gx': -2.82, 'gy': 0.69, 'gz': -1.69}, {'t_us': 11733304, 'ax': -0.94, 'ay': 0.01, 'az': 0.04, 'gx': -2.12, 'gy': 0.7, 'gz': -1.92}]",2026-02-13 11:53:23,0.0
"[{'t_us': 11759318, 'ax': -0.93, 'ay': 0.02, 'az': 0.05, 'gx': -2.21, 'gy': 1.77, 'gz': -1.73}, {'t_us': 11773305, 'ax': -0.94, 'ay': 0.03, 'az': 0.05, 'gx': -2.29, 'gy': 2.5, 'gz': -1.31}, {'t_us': 11793269, 'ax': -0.94, 'ay': 0.02, 'az': 0.06, 'gx': -3.04, 'gy': 2.52, 'gz': -0.84}, {'t_us': 11813262, 'ax': -0.95, 'ay': 0.03, 'az': 0.06, 'gx': -3.76, 'gy': 2.02, 'gz': -0.55}, {'t_us': 11833300, 'ax': -0.95, 'ay': 0.03, 'az': 0.05, 'gx': -4.29, 'gy': 1.6, 'gz': -0.29}]",2026-02-13 11:53:23,0.0
"[{'t_us': 11859407, 'ax': -0.94, 'ay': 0.03, 'az': 0.05, 'gx': -4.79, 'gy': 0.98, 'gz': -0.58}, {'t_us': 11873279, 'ax': -0.95, 'ay': 0.02, 'az': 0.06, 'gx': -4.93, 'gy': 1.25, 'gz': -0.56}, {'t_us': 11893310, 'ax': -0.95, 'ay': 0.02, 'az': 0.06, 'gx': -4.73, 'gy': 1.08, 'gz': -0.79}, {'t_us': 11913313, 'ax': -0.94, 'ay': 0.01, 'az': 0.06, 'gx': -4.37, 'gy': 1.56, 'gz': -0.76}, {'t_us': 11933262, 'ax': -0.94, 'ay': 0.02, 'az': 0.06, 'gx': -3.83, 'gy': 1.21, 'gz': -0.73}]",2026-02-13 11:53:23,0.0
"[{'t_us': 11959340, 'ax': -0.95, 'ay': 0.01, 'az': 0.06, 'gx': -2.99, 'gy': 1.45, 'gz': -0.84}, {'t_us': 11973297, 'ax': -0.94, 'ay': 0.01, 'az': 0.06, 'gx': -2.64, 'gy': 1.36, 'gz': -1.07}, {'t_us': 11993313, 'ax': -0.95, 'ay': 0.02, 'az': 0.06, 'gx': -2.37, 'gy': 1.48, 'gz': -0.98}, {'t_us': 12013262, 'ax': -0.94, 'ay': 0.02, 'az': 0.06, 'gx': -2.09, 'gy': 1.48, 'gz': -1.01}, {'t_us': 12033254, 'ax': -0.94, 'ay': 0.02, 'az': 0.08, 'gx': -2.47, 'gy': 2.03, 'gz': -0.9}]",2026-02-13 11:53:23,0.0
"[{'t_us': 12059822, 'ax': -0.94, 'ay': 0.03, 'az': 0.08, 'gx': -2.98, 'gy': 2.56, 'gz': -0.96}, {'t_us': 12073309, 'ax': -0.94, 'ay': 0.02, 'az': 0.07, 'gx': -3.1, 'gy': 2.7, 'gz': -0.99}, {'t_us': 12093295, 'ax': -0.94, 'ay': 0.03, 'az': 0.07, 'gx': -3.5, 'gy': 3.42, 'gz': -0.99}, {'t_us': 12113322, 'ax': -0.95, 'ay': 0.02, 'az': 0.08, 'gx': -3.76, 'gy': 3.36, 'gz': -1.24}, {'t_us': 12133276, 'ax': -0.94, 'ay': 0.03, 'az': 0.06, 'gx': -3.74, 'gy': 3.74, 'gz': -1.25}]",2026-02-13 11:53:23,0.0
"[{'t_us': 12159931, 'ax': -0.95, 'ay': 0.02, 'az': 0.07, 'gx': -4.23, 'gy': 3.21, 'gz': -1.24}, {'t_us': 12173290, 'ax': -0.94, 'ay': 0.02, 'az': 0.07, 'gx': -4.63, 'gy': 2.81, 'gz': -0.87}, {'t_us': 12193279, 'ax': -0.94, 'ay': 0.02, 'az': 0.08, 'gx': -5.47, 'gy': 2.7, 'gz': -1.13}, {'t_us': 12213275, 'ax': -0.94, 'ay': 0.03, 'az': 0.08, 'gx': -5.8, 'gy': 2.06, 'gz': -0.9}, {'t_us': 12233290, 'ax': -0.94, 'ay': 0.02, 'az': 0.07, 'gx': -5.91, 'gy': 2.06, 'gz': -1.1}]",2026-02-13 11:53:23,0.0
"[{'t_us': 12257574, 'ax': -0.95, 'ay': 0.01, 'az': 0.06, 'gx': -5.66, 'gy': 1.5, 'gz': -1.34}, {'t_us': 12273282, 'ax': -0.95, 'ay': 0.01, 'az': 0.05, 'gx': -5.18, 'gy': 1.47, 'gz': -1.6}, {'t_us': 12293274, 'ax': -0.95, 'ay': -0.0, 'az': 0.05, 'gx': -4.15, 'gy': 1.33, 'gz': -1.57}, {'t_us': 12313322, 'ax': -0.94, 'ay': -0.01, 'az': 0.06, 'gx': -3.05, 'gy': 0.56, 'gz': -1.37}, {'t_us': 12333282, 'ax': -0.94, 'ay': -0.01, 'az': 0.05, 'gx': -1.94, 'gy': -0.15, 'gz': -1.51}]",2026-02-13 11:53:23,0.0
"[{'t_us': 12359302, 'ax': -0.94, 'ay': 0.0, 'az': 0.06, 'gx': -0.56, 'gy': -0.81, 'gz': -1.63}, {'t_us': 12373317, 'ax': -0.95, 'ay': 0.02, 'az': 0.06, 'gx': -0.18, 'gy': -1.11, 'gz': -1.73}, {'t_us': 12393276, 'ax': -0.95, 'ay': 0.01, 'az': 0.06, 'gx': 0.96, 'gy': -1.15, 'gz': -2.35}, {'t_us': 12413304, 'ax': -0.95, 'ay': 0.01, 'az': 0.05, 'gx': 2.27, 'gy': -0.9, 'gz': -2.64}, {'t_us': 12433269, 'ax': -0.95, 'ay': 0.0, 'az': 0.05, 'gx': 3.66, 'gy': -1.37, 'gz': -3.13}]",2026-02-13 11:53:23,0.0
"[{'t_us': 12458091, 'ax': -0.95, 'ay': 0.01, 'az': 0.05, 'gx': 5.22, 'gy': -2.35, 'gz': -3.56}, {'t_us': 12473313, 'ax': -0.95, 'ay': 0.01, 'az': 0.06, 'gx': 6.58, 'gy': -2.99, 'gz': -3.8}, {'t_us': 12493294, 'ax': -0.94, 'ay': 0.0, 'az': 0.07, 'gx': 8.52, 'gy': -3.8, 'gz': -4.35}, {'t_us': 12513262, 'ax': -0.95, 'ay': 0.01, 'az': 0.06, 'gx': 10.41, 'gy': -4.0, 'gz': -4.66}, {'t_us': 12533301, 'ax': -0.94, 'ay': 0.01, 'az': 0.07, 'gx': 12.2, 'gy': -4.09, 'gz': -5.05}]",2026-02-13 11:53:23,0.0
"[{'t_us': 12559377, 'ax': -0.94, 'ay': 0.0, 'az': 0.08, 'gx': 13.01, 'gy': -3.62, 'gz': -4.93}, {'t_us': 12573322, 'ax': -0.93, 'ay': 0.0, 'az': 0.09, 'gx': 13.25, 'gy': -2.93, 'gz': -4.67}, {'t_us': 12593263, 'ax': -0.92, 'ay': 0.01, 'az': 0.09, 'gx': 13.31, 'gy': -2.26, 'gz': -3.51}, {'t_us': 12613254, 'ax': -0.92, 'ay': 0.02, 'az': 0.1, 'gx': 12.72, 'gy': -1.48, 'gz': -2.79}, {'t_us': 12633290, 'ax': -0.92, 'ay': 0.02, 'az': 0.1, 'gx': 11.71, 'gy': -0.46, 'gz': -2.84}]",2026-02-13 11:53:24,0.0
"[{'t_us': 12659596, 'ax': -0.93, 'ay': 0.03, 'az': 0.1, 'gx': 9.66, 'gy': 1.27, 'gz': -2.08}, {'t_us': 12673304, 'ax': -0.93, 'ay': 0.03, 'az': 0.11, 'gx': 8.4, 'gy': 1.95, 'gz': -2.03}, {'t_us': 12693310, 'ax': -0.93, 'ay': 0.03, 'az': 0.1, 'gx': 6.21, 'gy': 2.76, 'gz': -1.24}, {'t_us': 12713329, 'ax': -0.94, 'ay': 0.03, 'az': 0.1, 'gx': 3.83, 'gy': 2.87, 'gz': -0.82}, {'t_us': 12733304, 'ax': -0.94, 'ay': 0.02, 'az': 0.11, 'gx': 1.28, 'gy': 3.1, 'gz': -0.84}]",2026-02-13 11:53:24,0.0
"[{'t_us': 12757491, 'ax': -0.94, 'ay': 0.03, 'az': 0.1, 'gx': -1.76, 'gy': 2.92, 'gz': -0.58}, {'t_us': 12773304, 'ax': -0.93, 'ay': 0.02, 'az': 0.1, 'gx': -3.39, 'gy': 2.76, 'gz': -0.27}, {'t_us': 12793313, 'ax': -0.93, 'ay': 0.02, 'az': 0.1, 'gx': -4.26, 'gy': 3.47, 'gz': 0.24}, {'t_us': 12813310, 'ax': -0.93, 'ay': 0.01, 'az': 0.1, 'gx': -4.73, 'gy': 3.97, 'gz': 0.14}, {'t_us': 12833295, 'ax': -0.94, 'ay': -0.0, 'az': 0.1, 'gx': -4.56, 'gy': 4.14, 'gz': 0.02}]",2026-02-13 11:53:24,0.0
"[{'t_us': 12859406, 'ax': -0.94, 'ay': 0.0, 'az': 0.1, 'gx': -4.43, 'gy': 4.53, 'gz': 0.08}, {'t_us': 12873290, 'ax': -0.94, 'ay': -0.0, 'az': 0.09, 'gx': -4.69, 'gy': 4.64, 'gz': 0.15}, {'t_us': 12893310, 'ax': -0.94, 'ay': -0.0, 'az': 0.09, 'gx': -4.6, 'gy': 4.29, 'gz': 0.29}, {'t_us': 12913269, 'ax': -0.94, 'ay': 0.0, 'az': 0.09, 'gx': -4.92, 'gy': 4.55, 'gz': 0.75}, {'t_us': 12933301, 'ax': -0.93, 'ay': -0.0, 'az': 0.09, 'gx': -5.05, 'gy': 4.56, 'gz': 0.73}]",2026-02-13 11:53:24,0.0
"[{'t_us': 12957828, 'ax': -0.94, 'ay': 0.0, 'az': 0.09, 'gx': -5.07, 'gy': 4.92, 'gz': 0.92}, {'t_us': 12973322, 'ax': -0.94, 'ay': 0.0, 'az': 0.09, 'gx': -5.02, 'gy': 4.69, 'gz': 0.79}, {'t_us': 12993322, 'ax': -0.95, 'ay': 0.0, 'az': 0.08, 'gx': -4.69, 'gy': 4.47, 'gz': 0.73}, {'t_us': 13013313, 'ax': -0.95, 'ay': 0.0, 'az': 0.08, 'gx': -4.5, 'gy': 4.41, 'gz': 0.53}, {'t_us': 13033295, 'ax': -0.95, 'ay': 0.0, 'az': 0.09, 'gx': -3.82, 'gy': 4.38, 'gz': 0.14}]",2026-02-13 11:53:24,0.0
"[{'t_us': 13057887, 'ax': -0.94, 'ay': 0.0, 'az': 0.09, 'gx': -2.81, 'gy': 4.17, 'gz': -0.21}, {'t_us': 13073295, 'ax': -0.94, 'ay': 0.01, 'az': 0.08, 'gx': -2.43, 'gy': 3.89, 'gz': -0.4}, {'t_us': 13093310, 'ax': -0.94, 'ay': 0.01, 'az': 0.08, 'gx': -2.7, 'gy': 3.89, 'gz': -0.11}, {'t_us': 13113262, 'ax': -0.94, 'ay': 0.01, 'az': 0.08, 'gx': -2.89, 'gy': 3.97, 'gz': -0.06}, {'t_us': 13133290, 'ax': -0.94, 'ay': 0.02, 'az': 0.07, 'gx': -3.45, 'gy': 3.98, 'gz': -0.14}]",2026-02-13 11:53:24,0.0
"[{'t_us': 13157959, 'ax': -0.94, 'ay': 0.02, 'az': 0.08, 'gx': -3.83, 'gy': 3.8, 'gz': -0.08}, {'t_us': 13173254, 'ax': -0.95, 'ay': 0.02, 'az': 0.08, 'gx': -4.11, 'gy': 3.59, 'gz': -0.14}, {'t_us': 13193322, 'ax': -0.94, 'ay': 0.03, 'az': 0.09, 'gx': -5.24, 'gy': 3.8, 'gz': 0.02}, {'t_us': 13213304, 'ax': -0.93, 'ay': 0.03, 'az': 0.09, 'gx': -6.67, 'gy': 4.5, 'gz': 0.44}, {'t_us': 13233304, 'ax': -0.94, 'ay': 0.03, 'az': 0.08, 'gx': -7.48, 'gy': 4.44, 'gz': 0.73}]",2026-02-13 11:53:24,0.0
"[{'t_us': 13259357, 'ax': -0.95, 'ay': 0.02, 'az': 0.07, 'gx': -7.25, 'gy': 4.67, 'gz': 0.44}, {'t_us': 13273285, 'ax': -0.95, 'ay': 0.01, 'az': 0.06, 'gx': -6.79, 'gy': 3.77, 'gz': 0.09}, {'t_us': 13293295, 'ax': -0.96, 'ay': 0.01, 'az': 0.06, 'gx': -5.62, 'gy': 2.58, 'gz': -0.44}, {'t_us': 13313291, 'ax': -0.96, 'ay': 0.0, 'az': 0.07, 'gx': -4.2, 'gy': 1.34, 'gz': -0.79}, {'t_us': 13333262, 'ax': -0.95, 'ay': -0.01, 'az': 0.06, 'gx': -3.13, 'gy': 0.32, 'gz': -1.16}]",2026-02-13 11:53:24,0.0
"[{'t_us': 13359401, 'ax': -0.95, 'ay': -0.0, 'az': 0.06, 'gx': -1.13, 'gy': -0.87, 'gz': -1.57}, {'t_us': 13373269, 'ax': -0.95, 'ay': -0.0, 'az': 0.07, 'gx': 0.5, 'gy': -1.21, 'gz': -2.06}, {'t_us': 13393301, 'ax': -0.95, 'ay': -0.0, 'az': 0.06, 'gx': 2.73, 'gy': -1.37, 'gz': -2.46}, {'t_us': 13413290, 'ax': -0.94, 'ay': -0.01, 'az': 0.08, 'gx': 4.69, 'gy': -1.39, 'gz': -2.92}, {'t_us': 13433290, 'ax': -0.94, 'ay': -0.01, 'az': 0.08, 'gx': 5.4, 'gy': -1.77, 'gz': -2.64}]",2026-02-13 11:53:24,0.0
"[{'t_us': 13459469, 'ax': -0.93, 'ay': 0.0, 'az': 0.09, 'gx': 5.28, 'gy': -1.39, 'gz': -1.88}, {'t_us': 13475053, 'ax': -0.93, 'ay': 0.02, 'az': 0.09, 'gx': 4.49, 'gy': -0.99, 'gz': -1.47}, {'t_us': 13493310, 'ax': -0.93, 'ay': 0.03, 'az': 0.09, 'gx': 3.57, 'gy': -0.6, 'gz': -1.05}, {'t_us': 13513262, 'ax': -0.93, 'ay': 0.02, 'az': 0.09, 'gx': 2.67, 'gy': 0.0, 'gz': -0.89}, {'t_us': 13533310, 'ax': -0.94, 'ay': 0.01, 'az': 0.1, 'gx': 2.0, 'gy': 0.52, 'gz': -0.73}]",2026-02-13 11:53:24,0.0
"[{'t_us': 13559360, 'ax': -0.95, 'ay': 0.02, 'az': 0.09, 'gx': 1.24, 'gy': 0.63, 'gz': -0.67}, {'t_us': 13573267, 'ax': -0.95, 'ay': 0.02, 'az': 0.09, 'gx': 0.67, 'gy': 0.0, 'gz': -0.92}, {'t_us': 13593262, 'ax': -0.94, 'ay': 0.02, 'az': 0.09, 'gx': -0.23, 'gy': 0.18, 'gz': -1.15}, {'t_us': 13613290, 'ax': -0.92, 'ay': 0.01, 'az': 0.1, 'gx': -1.37, 'gy': 0.23, 'gz': -0.75}, {'t_us': 13633317, 'ax': -0.93, 'ay': 0.01, 'az': 0.11, 'gx': -2.92, 'gy': 0.64, 'gz': -0.14}]",2026-02-13 11:53:25,0.0
"[{'t_us': 13659891, 'ax': -0.93, 'ay': 0.01, 'az': 0.12, 'gx': -4.98, 'gy': 1.01, 'gz': 0.9}, {'t_us': 13673285, 'ax': -0.94, 'ay': 0.01, 'az': 0.12, 'gx': -5.74, 'gy': 1.13, 'gz': 1.57}, {'t_us': 13693262, 'ax': -0.93, 'ay': 0.0, 'az': 0.12, 'gx': -6.92, 'gy': 1.91, 'gz': 2.26}, {'t_us': 13713290, 'ax': -0.94, 'ay': 0.01, 'az': 0.12, 'gx': -7.66, 'gy': 2.5, 'gz': 2.67}, {'t_us': 13733310, 'ax': -0.94, 'ay': 0.01, 'az': 0.11, 'gx': -8.31, 'gy': 2.11, 'gz': 2.98}]",2026-02-13 11:53:25,0.0
"[{'t_us': 13759747, 'ax': -0.94, 'ay': 0.02, 'az': 0.12, 'gx': -10.4, 'gy': 1.02, 'gz': 3.44}, {'t_us': 13773258, 'ax': -0.94, 'ay': 0.02, 'az': 0.12, 'gx': -11.6, 'gy': 0.9, 'gz': 3.71}, {'t_us': 13793258, 'ax': -0.94, 'ay': 0.02, 'az': 0.12, 'gx': -13.16, 'gy': 1.15, 'gz': 3.74}, {'t_us': 13813290, 'ax': -0.94, 'ay': 0.02, 'az': 0.12, 'gx': -14.47, 'gy': 0.95, 'gz': 3.86}, {'t_us': 13833269, 'ax': -0.93, 'ay': 0.02, 'az': 0.13, 'gx': -15.69, 'gy': 0.46, 'gz': 3.88}]",2026-02-13 11:53:25,0.0
"[{'t_us': 13858163, 'ax': -0.93, 'ay': 0.01, 'az': 0.12, 'gx': -18.2, 'gy': 0.15, 'gz': 4.56}, {'t_us': 13873295, 'ax': -0.93, 'ay': 0.01, 'az': 0.13, 'gx': -19.79, 'gy': 0.49, 'gz': 5.02}, {'t_us': 13893295, 'ax': -0.93, 'ay': 0.02, 'az': 0.13, 'gx': -21.85, 'gy': 1.5, 'gz': 5.94}, {'t_us': 13913301, 'ax': -0.92, 'ay': 0.02, 'az': 0.15, 'gx': -23.6, 'gy': 2.7, 'gz': 6.72}, {'t_us': 13933313, 'ax': -0.93, 'ay': 0.02, 'az': 0.14, 'gx': -24.93, 'gy': 3.37, 'gz': 6.87}]",2026-02-13 11:53:25,0.0
"[{'t_us': 13959389, 'ax': -0.92, 'ay': 0.03, 'az': 0.13, 'gx': -27.24, 'gy': 3.71, 'gz': 7.42}, {'t_us': 13973284, 'ax': -0.92, 'ay': 0.03, 'az': 0.13, 'gx': -28.17, 'gy': 4.49, 'gz': 8.0}, {'t_us': 13993310, 'ax': -0.93, 'ay': 0.02, 'az': 0.13, 'gx': -30.09, 'gy': 5.37, 'gz': 8.63}, {'t_us': 14013262, 'ax': -0.93, 'ay': 0.01, 'az': 0.12, 'gx': -32.34, 'gy': 5.6, 'gz': 9.18}, {'t_us': 14033254, 'ax': -0.93, 'ay': 0.02, 'az': 0.12, 'gx': -34.14, 'gy': 6.09, 'gz': 9.89}]",2026-02-13 11:53:25,0.0
"[{'t_us': 14059940, 'ax': -0.76, 'ay': -0.06, 'az': 0.17, 'gx': -37.3, 'gy': 11.16, 'gz': 18.21}, {'t_us': 14073317, 'ax': -0.9, 'ay': -0.02, 'az': 0.06, 'gx': -34.12, 'gy': 8.81, 'gz': 15.85}, {'t_us': 14093317, 'ax': -1.01, 'ay': 0.13, 'az': 0.14, 'gx': -38.49, 'gy': 6.92, 'gz': 12.63}, {'t_us': 14113269, 'ax': -0.98, 'ay': 0.08, 'az': 0.14, 'gx': -40.64, 'gy': 7.04, 'gz': 9.57}, {'t_us': 14133304, 'ax': -1.02, 'ay': 0.11, 'az': 0.08, 'gx': -39.65, 'gy': 7.1, 'gz': 5.71}]",2026-02-13 11:53:25,0.0
"[{'t_us': 14159510, 'ax': -0.97, 'ay': 0.06, 'az': 0.05, 'gx': -30.43, 'gy': -1.11, 'gz': 5.85}, {'t_us': 14173280, 'ax': -0.92, 'ay': 0.02, 'az': 0.1, 'gx': -28.37, 'gy': 0.95, 'gz': 6.61}, {'t_us': 14193317, 'ax': -0.88, 'ay': -0.03, 'az': 0.17, 'gx': -30.29, 'gy': 4.95, 'gz': 8.66}, {'t_us': 14213310, 'ax': -0.87, 'ay': -0.03, 'az': 0.2, 'gx': -36.78, 'gy': 8.78, 'gz': 8.95}, {'t_us': 14233312, 'ax': -0.9, 'ay': -0.02, 'az': 0.16, 'gx': -41.88, 'gy': 7.82, 'gz': 11.02}]",2026-02-13 11:53:25,0.0
"[{'t_us': 14258153, 'ax': -0.94, 'ay': 0.01, 'az': 0.07, 'gx': -41.73, 'gy': 5.86, 'gz': 11.21}, {'t_us': 14273267, 'ax': -0.95, 'ay': 0.03, 'az': 0.06, 'gx': -39.27, 'gy': 6.82, 'gz': 10.49}, {'t_us': 14293301, 'ax': -0.98, 'ay': 0.03, 'az': 0.07, 'gx': -35.66, 'gy': 5.95, 'gz': 8.76}, {'t_us': 14313304, 'ax': -0.97, 'ay': 0.02, 'az': 0.1, 'gx': -33.21, 'gy': 2.14, 'gz': 7.91}, {'t_us': 14333269, 'ax': -0.93, 'ay': 0.0, 'az': 0.14, 'gx': -33.01, 'gy': -0.84, 'gz': 8.11}]",2026-02-13 11:53:25,0.0
"[{'t_us': 14359548, 'ax': -0.91, 'ay': 0.01, 'az': 0.13, 'gx': -34.58, 'gy': 2.96, 'gz': 8.58}, {'t_us': 14373254, 'ax': -0.9, 'ay': 0.01, 'az': 0.12, 'gx': -35.04, 'gy': 4.66, 'gz': 8.72}, {'t_us': 14393262, 'ax': -0.93, 'ay': 0.02, 'az': 0.11, 'gx': -34.26, 'gy': 5.89, 'gz': 8.52}, {'t_us': 14413262, 'ax': -0.95, 'ay': 0.04, 'az': 0.1, 'gx': -32.14, 'gy': 4.96, 'gz': 7.66}, {'t_us': 14433284, 'ax': -0.94, 'ay': 0.04, 'az': 0.11, 'gx': -29.54, 'gy': 3.77, 'gz': 6.5}]",2026-02-13 11:53:25,0.0
"[{'t_us': 14458310, 'ax': -0.93, 'ay': 0.05, 'az': 0.12, 'gx': -27.21, 'gy': 4.61, 'gz': 5.73}, {'t_us': 14473315, 'ax': -0.92, 'ay': 0.06, 'az': 0.13, 'gx': -26.78, 'gy': 5.53, 'gz': 5.82}, {'t_us': 14493262, 'ax': -0.91, 'ay': 0.05, 'az': 0.12, 'gx': -26.98, 'gy': 6.49, 'gz': 7.02}, {'t_us': 14513262, 'ax': -0.91, 'ay': 0.04, 'az': 0.11, 'gx': -27.21, 'gy': 6.32, 'gz': 8.31}, {'t_us': 14533276, 'ax': -0.93, 'ay': 0.04, 'az': 0.09, 'gx': -26.47, 'gy': 5.91, 'gz': 9.08}]",2026-02-13 11:53:25,0.0
"[{'t_us': 14558023, 'ax': -0.93, 'ay': 0.05, 'az': 0.11, 'gx': -25.42, 'gy': 6.24, 'gz': 9.57}, {'t_us': 14573310, 'ax': -0.94, 'ay': 0.05, 'az': 0.12, 'gx': -25.16, 'gy': 5.54, 'gz': 9.54}, {'t_us': 14593262, 'ax': -0.95, 'ay': 0.06, 'az': 0.12, 'gx': -24.6, 'gy': 4.35, 'gz': 9.13}, {'t_us': 14613277, 'ax': -0.95, 'ay': 0.06, 'az': 0.12, 'gx': -24.61, 'gy': 3.1, 'gz': 8.7}, {'t_us': 14633290, 'ax': -0.95, 'ay': 0.06, 'az': 0.11, 'gx': -24.18, 'gy': 2.44, 'gz': 8.17}]",2026-02-13 11:53:26,0.0
"[{'t_us': 14659846, 'ax': -0.93, 'ay': 0.06, 'az': 0.1, 'gx': -23.5, 'gy': 2.08, 'gz': 6.95}, {'t_us': 14673577, 'ax': -0.93, 'ay': 0.06, 'az': 0.1, 'gx': -22.41, 'gy': 2.5, 'gz': 6.7}, {'t_us': 14693317, 'ax': -0.93, 'ay': 0.05, 'az': 0.12, 'gx': -21.13, 'gy': 2.67, 'gz': 6.53}, {'t_us': 14713269, 'ax': -0.93, 'ay': 0.04, 'az': 0.13, 'gx': -19.73, 'gy': 3.89, 'gz': 6.92}, {'t_us': 14733309, 'ax': -0.93, 'ay': 0.05, 'az': 0.13, 'gx': -19.04, 'gy': 5.22, 'gz': 7.34}]",2026-02-13 11:53:26,0.0
"[{'t_us': 14760073, 'ax': -0.94, 'ay': 0.07, 'az': 0.11, 'gx': -18.27, 'gy': 5.63, 'gz': 7.65}, {'t_us': 14773300, 'ax': -0.94, 'ay': 0.07, 'az': 0.12, 'gx': -17.68, 'gy': 5.25, 'gz': 7.39}, {'t_us': 14793313, 'ax': -0.94, 'ay': 0.09, 'az': 0.1, 'gx': -17.3, 'gy': 5.18, 'gz': 7.51}, {'t_us': 14813313, 'ax': -0.93, 'ay': 0.09, 'az': 0.1, 'gx': -17.05, 'gy': 5.21, 'gz': 7.05}, {'t_us': 14833322, 'ax': -0.94, 'ay': 0.09, 'az': 0.09, 'gx': -16.73, 'gy': 4.66, 'gz': 6.72}]",2026-02-13 11:53:26,0.0
"[{'t_us': 14858389, 'ax': -0.94, 'ay': 0.08, 'az': 0.11, 'gx': -16.63, 'gy': 4.18, 'gz': 6.09}, {'t_us': 14873291, 'ax': -0.92, 'ay': 0.08, 'az': 0.11, 'gx': -16.96, 'gy': 4.11, 'gz': 6.09}, {'t_us': 14893258, 'ax': -0.93, 'ay': 0.09, 'az': 0.11, 'gx': -17.19, 'gy': 4.2, 'gz': 6.15}, {'t_us': 14913258, 'ax': -0.93, 'ay': 0.1, 'az': 0.12, 'gx': -17.45, 'gy': 4.11, 'gz': 5.95}, {'t_us': 14933295, 'ax': -0.93, 'ay': 0.09, 'az': 0.11, 'gx': -17.77, 'gy': 4.09, 'gz': 5.83}]",2026-02-13 11:53:26,0.0
"[{'t_us': 14958015, 'ax': -0.94, 'ay': 0.1, 'az': 0.11, 'gx': -18.08, 'gy': 3.4, 'gz': 5.34}, {'t_us': 14973706, 'ax': -0.93, 'ay': 0.1, 'az': 0.1, 'gx': -18.17, 'gy': 3.3, 'gz': 5.05}, {'t_us': 14993290, 'ax': -0.94, 'ay': 0.09, 'az': 0.11, 'gx': -18.37, 'gy': 2.79, 'gz': 4.72}, {'t_us': 15013317, 'ax': -0.93, 'ay': 0.09, 'az': 0.11, 'gx': -18.38, 'gy': 2.73, 'gz': 4.75}, {'t_us': 15033264, 'ax': -0.93, 'ay': 0.09, 'az': 0.1, 'gx': -18.2, 'gy': 2.67, 'gz': 4.98}]",2026-02-13 11:53:26,0.0
"[{'t_us': 15060266, 'ax': -0.93, 'ay': 0.1, 'az': 0.12, 'gx': -17.94, 'gy': 2.75, 'gz': 5.27}, {'t_us': 15073313, 'ax': -0.93, 'ay': 0.1, 'az': 0.11, 'gx': -17.76, 'gy': 2.75, 'gz': 5.21}, {'t_us': 15093313, 'ax': -0.94, 'ay': 0.11, 'az': 0.1, 'gx': -17.37, 'gy': 2.69, 'gz': 4.76}, {'t_us': 15113262, 'ax': -0.93, 'ay': 0.1, 'az': 0.11, 'gx': -16.75, 'gy': 2.95, 'gz': 4.72}, {'t_us': 15133310, 'ax': -0.93, 'ay': 0.1, 'az': 0.11, 'gx': -16.67, 'gy': 3.02, 'gz': 4.72}]",2026-02-13 11:53:26,0.0
"[{'t_us': 15158803, 'ax': -0.92, 'ay': 0.1, 'az': 0.12, 'gx': -16.98, 'gy': 3.91, 'gz': 4.93}, {'t_us': 15173282, 'ax': -0.92, 'ay': 0.1, 'az': 0.11, 'gx': -17.15, 'gy': 4.27, 'gz': 4.72}, {'t_us': 15193310, 'ax': -0.93, 'ay': 0.11, 'az': 0.12, 'gx': -17.22, 'gy': 4.58, 'gz': 4.93}, {'t_us': 15213262, 'ax': -0.92, 'ay': 0.09, 'az': 0.11, 'gx': -17.4, 'gy': 4.43, 'gz': 4.82}, {'t_us': 15233304, 'ax': -0.92, 'ay': 0.11, 'az': 0.11, 'gx': -18.05, 'gy': 4.12, 'gz': 4.78}]",2026-02-13 11:53:26,0.0
"[{'t_us': 15258430, 'ax': -0.92, 'ay': 0.11, 'az': 0.13, 'gx': -18.96, 'gy': 4.81, 'gz': 4.76}, {'t_us': 15273268, 'ax': -0.93, 'ay': 0.12, 'az': 0.11, 'gx': -19.5, 'gy': 4.9, 'gz': 4.96}, {'t_us': 15293269, 'ax': -0.93, 'ay': 0.12, 'az': 0.12, 'gx': -19.82, 'gy': 4.44, 'gz': 5.13}, {'t_us': 15313301, 'ax': -0.93, 'ay': 0.1, 'az': 0.12, 'gx': -19.6, 'gy': 4.23, 'gz': 5.31}, {'t_us': 15333322, 'ax': -0.93, 'ay': 0.11, 'az': 0.12, 'gx': -19.56, 'gy': 4.4, 'gz': 4.76}]",2026-02-13 11:53:26,0.0
"[{'t_us': 15360342, 'ax': -0.92, 'ay': 0.11, 'az': 0.12, 'gx': -20.37, 'gy': 4.09, 'gz': 4.44}, {'t_us': 15373268, 'ax': -0.93, 'ay': 0.11, 'az': 0.14, 'gx': -20.9, 'gy': 4.55, 'gz': 4.47}, {'t_us': 15393277, 'ax': -0.93, 'ay': 0.11, 'az': 0.14, 'gx': -21.79, 'gy': 4.73, 'gz': 4.35}, {'t_us': 15413262, 'ax': -0.93, 'ay': 0.1, 'az': 0.14, 'gx': -22.49, 'gy': 4.79, 'gz': 4.5}, {'t_us': 15433290, 'ax': -0.94, 'ay': 0.1, 'az': 0.13, 'gx': -22.81, 'gy': 4.56, 'gz': 4.09}]",2026-02-13 11:53:27,0.0
"[{'t_us': 15459211, 'ax': -0.92, 'ay': 0.09, 'az': 0.12, 'gx': -22.81, 'gy': 4.29, 'gz': 3.11}, {'t_us': 15473322, 'ax': -0.93, 'ay': 0.09, 'az': 0.12, 'gx': -22.85, 'gy': 4.72, 'gz': 2.66}, {'t_us': 15493305, 'ax': -0.94, 'ay': 0.09, 'az': 0.12, 'gx': -22.76, 'gy': 5.08, 'gz': 2.6}, {'t_us': 15513254, 'ax': -0.93, 'ay': 0.09, 'az': 0.12, 'gx': -22.64, 'gy': 4.53, 'gz': 2.49}, {'t_us': 15533290, 'ax': -0.94, 'ay': 0.09, 'az': 0.12, 'gx': -22.49, 'gy': 4.09, 'gz': 2.03}]",2026-02-13 11:53:27,0.0
"[{'t_us': 15557895, 'ax': -0.93, 'ay': 0.09, 'az': 0.13, 'gx': -22.05, 'gy': 4.34, 'gz': 1.66}, {'t_us': 15573254, 'ax': -0.93, 'ay': 0.08, 'az': 0.11, 'gx': -21.56, 'gy': 4.14, 'gz': 1.13}, {'t_us': 15593290, 'ax': -0.92, 'ay': 0.08, 'az': 0.11, 'gx': -20.85, 'gy': 4.47, 'gz': 0.52}, {'t_us': 15613290, 'ax': -0.93, 'ay': 0.08, 'az': 0.1, 'gx': -19.5, 'gy': 4.31, 'gz': 0.63}, {'t_us': 15633290, 'ax': -0.93, 'ay': 0.08, 'az': 0.11, 'gx': -18.27, 'gy': 4.02, 'gz': 0.66}]",2026-02-13 11:53:27,0.0
"[{'t_us': 15657698, 'ax': -0.92, 'ay': 0.07, 'az': 0.11, 'gx': -16.05, 'gy': 4.17, 'gz': 1.13}, {'t_us': 15673262, 'ax': -0.91, 'ay': 0.07, 'az': 0.12, 'gx': -14.5, 'gy': 4.63, 'gz': 1.54}, {'t_us': 15693290, 'ax': -0.91, 'ay': 0.06, 'az': 0.14, 'gx': -11.77, 'gy': 5.48, 'gz': 1.71}, {'t_us': 15713700, 'ax': -0.93, 'ay': 0.07, 'az': 0.15, 'gx': -10.4, 'gy': 6.46, 'gz': 2.11}, {'t_us': 15733730, 'ax': -0.93, 'ay': 0.08, 'az': 0.16, 'gx': -10.64, 'gy': 6.85, 'gz': 2.38}]",2026-02-13 11:53:27,0.0
"[{'t_us': 15757622, 'ax': -0.94, 'ay': 0.08, 'az': 0.14, 'gx': -11.25, 'gy': 6.09, 'gz': 1.88}, {'t_us': 15773304, 'ax': -0.94, 'ay': 0.09, 'az': 0.13, 'gx': -10.61, 'gy': 5.79, 'gz': 1.31}, {'t_us': 15793317, 'ax': -0.93, 'ay': 0.09, 'az': 0.12, 'gx': -9.63, 'gy': 4.63, 'gz': 0.73}, {'t_us': 15813317, 'ax': -0.92, 'ay': 0.08, 'az': 0.12, 'gx': -8.17, 'gy': 4.08, 'gz': 0.29}, {'t_us': 15833260, 'ax': -0.92, 'ay': 0.07, 'az': 0.12, 'gx': -7.07, 'gy': 3.47, 'gz': 0.26}]",2026-02-13 11:53:27,0.0
"[{'t_us': 15858106, 'ax': -0.93, 'ay': 0.07, 'az': 0.13, 'gx': -6.84, 'gy': 3.4, 'gz': 0.12}, {'t_us': 15873284, 'ax': -0.93, 'ay': 0.08, 'az': 0.14, 'gx': -6.98, 'gy': 3.65, 'gz': 0.08}, {'t_us': 15893310, 'ax': -0.93, 'ay': 0.08, 'az': 0.14, 'gx': -7.15, 'gy': 4.41, 'gz': -0.34}, {'t_us': 15913317, 'ax': -0.93, 'ay': 0.08, 'az': 0.13, 'gx': -6.64, 'gy': 4.18, 'gz': -0.31}, {'t_us': 15933317, 'ax': -0.94, 'ay': 0.08, 'az': 0.13, 'gx': -6.64, 'gy': 4.11, 'gz': -0.66}]",2026-02-13 11:53:27,0.0
"[{'t_us': 15958058, 'ax': -0.94, 'ay': 0.08, 'az': 0.13, 'gx': -6.31, 'gy': 3.98, 'gz': -1.1}, {'t_us': 15973335, 'ax': -0.94, 'ay': 0.07, 'az': 0.12, 'gx': -6.0, 'gy': 3.83, 'gz': -1.37}, {'t_us': 15993310, 'ax': -0.94, 'ay': 0.07, 'az': 0.12, 'gx': -5.34, 'gy': 4.17, 'gz': -1.73}, {'t_us': 16013262, 'ax': -0.93, 'ay': 0.07, 'az': 0.12, 'gx': -4.23, 'gy': 4.46, 'gz': -1.86}, {'t_us': 16033254, 'ax': -0.92, 'ay': 0.05, 'az': 0.13, 'gx': -2.95, 'gy': 4.41, 'gz': -1.57}]",2026-02-13 11:53:27,0.0
"[{'t_us': 16059315, 'ax': -0.92, 'ay': 0.05, 'az': 0.12, 'gx': -1.71, 'gy': 3.88, 'gz': -1.27}, {'t_us': 16073310, 'ax': -0.93, 'ay': 0.06, 'az': 0.1, 'gx': -0.99, 'gy': 3.42, 'gz': -1.28}, {'t_us': 16093317, 'ax': -0.93, 'ay': 0.05, 'az': 0.11, 'gx': 0.18, 'gy': 2.84, 'gz': -1.22}, {'t_us': 16113317, 'ax': -0.94, 'ay': 0.07, 'az': 0.13, 'gx': 0.75, 'gy': 2.67, 'gz': -1.39}, {'t_us': 16133301, 'ax': -0.92, 'ay': 0.07, 'az': 0.13, 'gx': 1.16, 'gy': 3.47, 'gz': -1.42}]",2026-02-13 11:53:27,0.0
"[{'t_us': 16159437, 'ax': -0.92, 'ay': 0.07, 'az': 0.14, 'gx': 1.36, 'gy': 3.79, 'gz': -1.21}, {'t_us': 16173295, 'ax': -0.92, 'ay': 0.06, 'az': 0.14, 'gx': 1.34, 'gy': 3.56, 'gz': -1.3}, {'t_us': 16193317, 'ax': -0.92, 'ay': 0.07, 'az': 0.13, 'gx': 1.73, 'gy': 3.33, 'gz': -1.66}, {'t_us': 16213269, 'ax': -0.92, 'ay': 0.06, 'az': 0.13, 'gx': 2.41, 'gy': 3.15, 'gz': -2.06}, {'t_us': 16233301, 'ax': -0.92, 'ay': 0.07, 'az': 0.13, 'gx': 2.78, 'gy': 3.37, 'gz': -2.12}]",2026-02-13 11:53:27,0.0
"[{'t_us': 16257577, 'ax': -0.93, 'ay': 0.06, 'az': 0.13, 'gx': 2.43, 'gy': 3.71, 'gz': -1.21}, {'t_us': 16273301, 'ax': -0.92, 'ay': 0.07, 'az': 0.11, 'gx': 1.79, 'gy': 4.05, 'gz': -0.44}, {'t_us': 16293291, 'ax': -0.92, 'ay': 0.08, 'az': 0.11, 'gx': 0.63, 'gy': 4.35, 'gz': 0.5}, {'t_us': 16313301, 'ax': -0.93, 'ay': 0.08, 'az': 0.1, 'gx': -0.66, 'gy': 4.23, 'gz': 1.18}, {'t_us': 16333317, 'ax': -0.93, 'ay': 0.08, 'az': 0.1, 'gx': -1.76, 'gy': 3.86, 'gz': 1.69}]",2026-02-13 11:53:27,0.0
"[{'t_us': 16359463, 'ax': -0.95, 'ay': 0.08, 'az': 0.1, 'gx': -2.56, 'gy': 2.6, 'gz': 2.18}, {'t_us': 16373284, 'ax': -0.94, 'ay': 0.07, 'az': 0.11, 'gx': -3.13, 'gy': 2.09, 'gz': 2.73}, {'t_us': 16393301, 'ax': -0.93, 'ay': 0.07, 'az': 0.11, 'gx': -3.44, 'gy': 1.4, 'gz': 3.54}, {'t_us': 16413304, 'ax': -0.92, 'ay': 0.06, 'az': 0.13, 'gx': -3.45, 'gy': 1.85, 'gz': 4.14}, {'t_us': 16433276, 'ax': -0.91, 'ay': 0.07, 'az': 0.13, 'gx': -3.63, 'gy': 3.19, 'gz': 4.17}]",2026-02-13 11:53:27,0.0
"[{'t_us': 16459418, 'ax': -0.93, 'ay': 0.08, 'az': 0.16, 'gx': -4.53, 'gy': 4.09, 'gz': 2.81}, {'t_us': 16473263, 'ax': -0.94, 'ay': 0.09, 'az': 0.16, 'gx': -6.03, 'gy': 4.14, 'gz': 1.69}, {'t_us': 16493314, 'ax': -0.98, 'ay': 0.1, 'az': 0.17, 'gx': -8.95, 'gy': 3.69, 'gz': 0.4}, {'t_us': 16513262, 'ax': -1.0, 'ay': 0.11, 'az': 0.14, 'gx': -11.76, 'gy': 2.52, 'gz': -2.5}, {'t_us': 16533258, 'ax': -0.98, 'ay': 0.13, 'az': 0.1, 'gx': -12.17, 'gy': 1.5, 'gz': -4.84}]",2026-02-13 11:53:27,0.0
"[{'t_us': 16559342, 'ax': -0.95, 'ay': 0.12, 'az': 0.1, 'gx': -10.21, 'gy': -2.99, 'gz': -7.86}, {'t_us': 16573291, 'ax': -0.91, 'ay': 0.09, 'az': 0.11, 'gx': -8.7, 'gy': -2.38, 'gz': -8.18}, {'t_us': 16593317, 'ax': -0.9, 'ay': 0.07, 'az': 0.11, 'gx': -6.44, 'gy': -0.55, 'gz': -7.92}, {'t_us': 16613262, 'ax': -0.89, 'ay': 0.04, 'az': 0.13, 'gx': -4.46, 'gy': 2.49, 'gz': -6.84}, {'t_us': 16633260, 'ax': -0.91, 'ay': 0.01, 'az': 0.11, 'gx': -2.35, 'gy': 4.6, 'gz': -5.97}]",2026-02-13 11:53:28,0.0
"[{'t_us': 16659294, 'ax': -0.92, 'ay': 0.02, 'az': 0.1, 'gx': 3.08, 'gy': 6.66, 'gz': -4.0}, {'t_us': 16673258, 'ax': -0.93, 'ay': 0.03, 'az': 0.09, 'gx': 6.53, 'gy': 6.64, 'gz': -3.56}, {'t_us': 16693291, 'ax': -0.92, 'ay': 0.04, 'az': 0.09, 'gx': 11.42, 'gy': 6.76, 'gz': -2.63}, {'t_us': 16713317, 'ax': -0.91, 'ay': 0.06, 'az': 0.09, 'gx': 15.3, 'gy': 6.37, 'gz': -1.37}, {'t_us': 16733317, 'ax': -0.9, 'ay': 0.07, 'az': 0.07, 'gx': 18.2, 'gy': 6.46, 'gz': 0.64}]",2026-02-13 11:53:28,0.0
"[{'t_us': 16757617, 'ax': -0.9, 'ay': 0.08, 'az': 0.07, 'gx': 20.76, 'gy': 6.26, 'gz': 3.1}, {'t_us': 16773291, 'ax': -0.91, 'ay': 0.08, 'az': 0.09, 'gx': 21.05, 'gy': 4.89, 'gz': 4.95}, {'t_us': 16793268, 'ax': -0.94, 'ay': 0.1, 'az': 0.1, 'gx': 19.01, 'gy': 2.47, 'gz': 8.08}, {'t_us': 16813313, 'ax': -0.96, 'ay': 0.13, 'az': 0.1, 'gx': 15.02, 'gy': -0.5, 'gz': 10.43}, {'t_us': 16833317, 'ax': -0.96, 'ay': 0.16, 'az': 0.12, 'gx': 10.9, 'gy': -3.85, 'gz': 11.05}]",2026-02-13 11:53:28,0.0
"[{'t_us': 16859667, 'ax': -0.95, 'ay': 0.17, 'az': 0.14, 'gx': 6.06, 'gy': -6.41, 'gz': 10.46}, {'t_us': 16875892, 'ax': -0.93, 'ay': 0.16, 'az': 0.13, 'gx': 2.78, 'gy': -7.02, 'gz': 9.42}, {'t_us': 16893295, 'ax': -0.91, 'ay': 0.15, 'az': 0.14, 'gx': -1.01, 'gy': -6.72, 'gz': 7.54}, {'t_us': 16913254, 'ax': -0.91, 'ay': 0.14, 'az': 0.15, 'gx': -4.11, 'gy': -4.69, 'gz': 6.0}, {'t_us': 16933322, 'ax': -0.92, 'ay': 0.14, 'az': 0.14, 'gx': -6.73, 'gy': -3.18, 'gz': 4.08}]",2026-02-13 11:53:28,0.0
"[{'t_us': 16959371, 'ax': -0.92, 'ay': 0.13, 'az': 0.16, 'gx': -11.28, 'gy': -0.05, 'gz': 1.86}, {'t_us': 16973262, 'ax': -0.92, 'ay': 0.14, 'az': 0.16, 'gx': -13.59, 'gy': 2.05, 'gz': 1.07}, {'t_us': 16993254, 'ax': -0.93, 'ay': 0.14, 'az': 0.16, 'gx': -16.37, 'gy': 4.81, 'gz': -0.15}, {'t_us': 17013284, 'ax': -0.94, 'ay': 0.12, 'az': 0.16, 'gx': -18.18, 'gy': 5.77, 'gz': -1.34}, {'t_us': 17033310, 'ax': -0.94, 'ay': 0.1, 'az': 0.15, 'gx': -19.33, 'gy': 5.53, 'gz': -2.52}]",2026-02-13 11:53:28,0.0
"[{'t_us': 17058085, 'ax': -0.93, 'ay': 0.07, 'az': 0.13, 'gx': -19.95, 'gy': 6.47, 'gz': -3.76}, {'t_us': 17073277, 'ax': -0.93, 'ay': 0.06, 'az': 0.12, 'gx': -18.61, 'gy': 8.53, 'gz': -5.01}, {'t_us': 17093258, 'ax': -0.93, 'ay': 0.05, 'az': 0.13, 'gx': -14.46, 'gy': 10.23, 'gz': -5.82}, {'t_us': 17113258, 'ax': -0.93, 'ay': 0.06, 'az': 0.13, 'gx': -9.66, 'gy': 9.66, 'gz': -6.6}, {'t_us': 17133290, 'ax': -0.92, 'ay': 0.07, 'az': 0.13, 'gx': -4.9, 'gy': 8.81, 'gz': -6.63}]",2026-02-13 11:53:28,0.0
"[{'t_us': 17159361, 'ax': -0.91, 'ay': 0.05, 'az': 0.09, 'gx': 1.88, 'gy': 8.9, 'gz': -6.31}, {'t_us': 17173310, 'ax': -0.91, 'ay': 0.02, 'az': 0.09, 'gx': 6.11, 'gy': 8.89, 'gz': -5.89}, {'t_us': 17193262, 'ax': -0.91, 'ay': 0.02, 'az': 0.09, 'gx': 10.27, 'gy': 8.52, 'gz': -3.65}, {'t_us': 17213292, 'ax': -0.92, 'ay': 0.04, 'az': 0.06, 'gx': 15.11, 'gy': 7.39, 'gz': -1.11}, {'t_us': 17233295, 'ax': -0.91, 'ay': 0.04, 'az': 0.05, 'gx': 20.34, 'gy': 3.79, 'gz': 0.95}]",2026-02-13 11:53:28,0.0
"[{'t_us': 17257846, 'ax': -0.91, 'ay': 0.04, 'az': 0.06, 'gx': 23.8, 'gy': 0.78, 'gz': 3.59}, {'t_us': 17273284, 'ax': -0.92, 'ay': 0.08, 'az': 0.08, 'gx': 23.44, 'gy': -1.16, 'gz': 4.87}, {'t_us': 17293304, 'ax': -0.94, 'ay': 0.12, 'az': 0.11, 'gx': 20.89, 'gy': -2.15, 'gz': 5.18}, {'t_us': 17313270, 'ax': -0.96, 'ay': 0.15, 'az': 0.14, 'gx': 16.38, 'gy': -3.45, 'gz': 4.9}, {'t_us': 17333254, 'ax': -0.97, 'ay': 0.14, 'az': 0.16, 'gx': 11.42, 'gy': -4.98, 'gz': 4.11}]",2026-02-13 11:53:28,0.0
"[{'t_us': 17358238, 'ax': -0.96, 'ay': 0.14, 'az': 0.18, 'gx': 4.34, 'gy': -6.4, 'gz': 4.29}, {'t_us': 17373262, 'ax': -0.95, 'ay': 0.15, 'az': 0.19, 'gx': 0.4, 'gy': -5.6, 'gz': 3.31}, {'t_us': 17393290, 'ax': -0.92, 'ay': 0.16, 'az': 0.19, 'gx': -4.9, 'gy': -2.4, 'gz': 1.08}, {'t_us': 17413313, 'ax': -0.9, 'ay': 0.14, 'az': 0.18, 'gx': -9.02, 'gy': 1.02, 'gz': -0.99}, {'t_us': 17433313, 'ax': -0.9, 'ay': 0.14, 'az': 0.15, 'gx': -10.46, 'gy': 4.35, 'gz': -2.34}]",2026-02-13 11:53:28,0.0
"[{'t_us': 17457921, 'ax': -0.92, 'ay': 0.12, 'az': 0.16, 'gx': -11.97, 'gy': 6.06, 'gz': -2.82}, {'t_us': 17473317, 'ax': -0.92, 'ay': 0.1, 'az': 0.18, 'gx': -14.29, 'gy': 5.91, 'gz': -3.07}, {'t_us': 17494226, 'ax': -0.92, 'ay': 0.09, 'az': 0.16, 'gx': -18.21, 'gy': 8.17, 'gz': -2.93}, {'t_us': 17513295, 'ax': -0.93, 'ay': 0.1, 'az': 0.15, 'gx': -19.94, 'gy': 10.32, 'gz': -3.6}, {'t_us': 17533322, 'ax': -0.94, 'ay': 0.11, 'az': 0.13, 'gx': -18.99, 'gy': 10.08, 'gz': -4.95}]",2026-02-13 11:53:28,0.0
"[{'t_us': 17558031, 'ax': -0.93, 'ay': 0.09, 'az': 0.12, 'gx': -15.59, 'gy': 8.52, 'gz': -6.12}, {'t_us': 17573262, 'ax': -0.93, 'ay': 0.07, 'az': 0.11, 'gx': -13.51, 'gy': 7.48, 'gz': -6.27}, {'t_us': 17593322, 'ax': -0.93, 'ay': 0.05, 'az': 0.1, 'gx': -10.85, 'gy': 6.85, 'gz': -6.24}, {'t_us': 17613254, 'ax': -0.93, 'ay': 0.02, 'az': 0.08, 'gx': -6.12, 'gy': 7.15, 'gz': -6.23}, {'t_us': 17633258, 'ax': -0.92, 'ay': 0.02, 'az': 0.07, 'gx': 0.44, 'gy': 7.08, 'gz': -5.57}]",2026-02-13 11:53:29,0.0
"[{'t_us': 17659352, 'ax': -0.92, 'ay': 0.04, 'az': 0.04, 'gx': 9.6, 'gy': 2.89, 'gz': -3.76}, {'t_us': 17673298, 'ax': -0.92, 'ay': 0.04, 'az': 0.05, 'gx': 14.27, 'gy': 1.3, 'gz': -2.29}, {'t_us': 17693301, 'ax': -0.91, 'ay': 0.05, 'az': 0.05, 'gx': 18.99, 'gy': 0.6, 'gz': -0.12}, {'t_us': 17713322, 'ax': -0.92, 'ay': 0.07, 'az': 0.07, 'gx': 22.2, 'gy': -0.11, 'gz': 1.51}, {'t_us': 17733274, 'ax': -0.92, 'ay': 0.08, 'az': 0.09, 'gx': 23.22, 'gy': -1.24, 'gz': 3.86}]",2026-02-13 11:53:29,0.0
"[{'t_us': 753760, 'ax': -0.95, 'ay': 0.04, 'az': 0.01, 'gx': -4.49, 'gy': 2.6, 'gz': -0.11}, {'t_us': 772317, 'ax': -0.95, 'ay': 0.05, 'az': 0.0, 'gx': -4.53, 'gy': 1.97, 'gz': -0.03}, {'t_us': 792330, 'ax': -0.95, 'ay': 0.05, 'az': 0.0, 'gx': -4.79, 'gy': 2.12, 'gz': -0.06}, {'t_us': 812303, 'ax': -0.95, 'ay': 0.05, 'az': 0.0, 'gx': -4.7, 'gy': 1.88, 'gz': -0.17}, {'t_us': 832267, 'ax': -0.95, 'ay': 0.05, 'az': 0.0, 'gx': -4.81, 'gy': 1.77, 'gz': 0.02}]",2026-02-13 11:53:48,0.0
"[{'t_us': 857142, 'ax': -0.95, 'ay': 0.04, 'az': 0.01, 'gx': -4.58, 'gy': 1.34, 'gz': -0.14}, {'t_us': 872330, 'ax': -0.94, 'ay': 0.05, 'az': 0.01, 'gx': -4.4, 'gy': 1.65, 'gz': -0.18}, {'t_us': 892318, 'ax': -0.95, 'ay': 0.05, 'az': -0.0, 'gx': -4.44, 'gy': 1.8, 'gz': -0.08}, {'t_us': 912308, 'ax': -0.95, 'ay': 0.05, 'az': 0.0, 'gx': -4.38, 'gy': 1.07, 'gz': 0.02}, {'t_us': 932330, 'ax': -0.95, 'ay': 0.04, 'az': 0.01, 'gx': -4.27, 'gy': 1.13, 'gz': -0.12}]",2026-02-13 11:53:48,0.0
"[{'t_us': 956577, 'ax': -0.96, 'ay': 0.05, 'az': 0.0, 'gx': -4.12, 'gy': 0.69, 'gz': -0.17}, {'t_us': 972317, 'ax': -0.95, 'ay': 0.05, 'az': -0.0, 'gx': -4.11, 'gy': 0.11, 'gz': -0.34}, {'t_us': 992298, 'ax': -0.95, 'ay': 0.05, 'az': 0.0, 'gx': -4.09, 'gy': -0.05, 'gz': -0.27}, {'t_us': 1012318, 'ax': -0.95, 'ay': 0.04, 'az': 0.01, 'gx': -4.26, 'gy': -0.43, 'gz': -0.26}, {'t_us': 1032323, 'ax': -0.95, 'ay': 0.05, 'az': 0.01, 'gx': -4.14, 'gy': -0.52, 'gz': -0.38}]",2026-02-13 11:53:48,0.0
"[{'t_us': 1057321, 'ax': -0.95, 'ay': 0.05, 'az': 0.01, 'gx': -4.15, 'gy': -1.13, 'gz': -0.79}, {'t_us': 1072275, 'ax': -0.95, 'ay': 0.04, 'az': 0.02, 'gx': -4.31, 'gy': -0.92, 'gz': -0.67}, {'t_us': 1092271, 'ax': -0.94, 'ay': 0.05, 'az': 0.02, 'gx': -4.46, 'gy': -1.3, 'gz': -0.78}, {'t_us': 1112308, 'ax': -0.95, 'ay': 0.05, 'az': 0.02, 'gx': -5.01, 'gy': -0.75, 'gz': -0.55}, {'t_us': 1132324, 'ax': -0.94, 'ay': 0.05, 'az': 0.03, 'gx': -5.45, 'gy': -0.37, 'gz': -0.58}]",2026-02-13 11:53:49,0.0
"[{'t_us': 1156886, 'ax': -0.95, 'ay': 0.04, 'az': 0.02, 'gx': -5.19, 'gy': 0.37, 'gz': -0.76}, {'t_us': 1172315, 'ax': -0.94, 'ay': 0.03, 'az': 0.02, 'gx': -4.63, 'gy': 0.18, 'gz': -0.67}, {'t_us': 1192318, 'ax': -0.95, 'ay': 0.03, 'az': 0.03, 'gx': -4.34, 'gy': -0.15, 'gz': -0.47}, {'t_us': 1212315, 'ax': -0.95, 'ay': 0.04, 'az': 0.03, 'gx': -4.72, 'gy': 0.55, 'gz': -0.23}, {'t_us': 1232326, 'ax': -0.95, 'ay': 0.03, 'az': 0.04, 'gx': -5.1, 'gy': 0.72, 'gz': -0.35}]",2026-02-13 11:53:49,0.0
"[{'t_us': 1258484, 'ax': -0.94, 'ay': 0.03, 'az': 0.04, 'gx': -5.33, 'gy': 1.13, 'gz': -0.5}, {'t_us': 1272323, 'ax': -0.94, 'ay': 0.03, 'az': 0.04, 'gx': -5.33, 'gy': 0.64, 'gz': -0.21}, {'t_us': 1292326, 'ax': -0.94, 'ay': 0.04, 'az': 0.03, 'gx': -4.84, 'gy': 0.29, 'gz': 0.29}, {'t_us': 1312273, 'ax': -0.95, 'ay': 0.04, 'az': 0.02, 'gx': -4.37, 'gy': 0.89, 'gz': 0.14}, {'t_us': 1332308, 'ax': -0.95, 'ay': 0.04, 'az': 0.02, 'gx': -4.24, 'gy': 1.51, 'gz': -0.08}]",2026-02-13 11:53:49,0.0
"[{'t_us': 1358895, 'ax': -0.95, 'ay': 0.04, 'az': 0.02, 'gx': -4.38, 'gy': 2.0, 'gz': 0.15}, {'t_us': 1372323, 'ax': -0.95, 'ay': 0.04, 'az': 0.02, 'gx': -4.37, 'gy': 2.18, 'gz': 0.14}, {'t_us': 1392326, 'ax': -0.95, 'ay': 0.05, 'az': 0.03, 'gx': -4.31, 'gy': 2.23, 'gz': 0.11}, {'t_us': 1412304, 'ax': -0.95, 'ay': 0.05, 'az': 0.03, 'gx': -4.58, 'gy': 1.69, 'gz': -0.12}, {'t_us': 1432318, 'ax': -0.96, 'ay': 0.05, 'az': 0.03, 'gx': -4.95, 'gy': 0.99, 'gz': -0.11}]",2026-02-13 11:53:49,0.0
"[{'t_us': 1456819, 'ax': -0.95, 'ay': 0.05, 'az': 0.03, 'gx': -5.16, 'gy': 0.96, 'gz': -0.09}, {'t_us': 1472326, 'ax': -0.95, 'ay': 0.04, 'az': 0.03, 'gx': -5.05, 'gy': 0.75, 'gz': -0.21}, {'t_us': 1492326, 'ax': -0.94, 'ay': 0.04, 'az': 0.04, 'gx': -5.01, 'gy': 0.69, 'gz': -0.09}, {'t_us': 1512293, 'ax': -0.95, 'ay': 0.04, 'az': 0.05, 'gx': -5.01, 'gy': 0.81, 'gz': 0.09}, {'t_us': 1532350, 'ax': -0.94, 'ay': 0.03, 'az': 0.04, 'gx': -4.81, 'gy': 1.13, 'gz': 0.24}]",2026-02-13 11:53:49,0.0
"[{'t_us': 1556978, 'ax': -0.95, 'ay': 0.04, 'az': 0.04, 'gx': -4.14, 'gy': 1.63, 'gz': 0.63}, {'t_us': 1572308, 'ax': -0.94, 'ay': 0.04, 'az': 0.03, 'gx': -4.02, 'gy': 1.86, 'gz': 0.6}, {'t_us': 1592267, 'ax': -0.95, 'ay': 0.04, 'az': 0.03, 'gx': -4.02, 'gy': 1.86, 'gz': 0.52}, {'t_us': 1612335, 'ax': -0.94, 'ay': 0.04, 'az': 0.02, 'gx': -3.69, 'gy': 2.03, 'gz': 0.47}, {'t_us': 1632267, 'ax': -0.95, 'ay': 0.05, 'az': 0.03, 'gx': -3.79, 'gy': 2.12, 'gz': 0.41}]",2026-02-13 11:53:49,0.0
"[{'t_us': 1658896, 'ax': -0.94, 'ay': 0.04, 'az': 0.03, 'gx': -3.76, 'gy': 2.72, 'gz': 0.34}, {'t_us': 1672323, 'ax': -0.94, 'ay': 0.04, 'az': 0.03, 'gx': -3.77, 'gy': 2.76, 'gz': 0.27}, {'t_us': 1692326, 'ax': -0.95, 'ay': 0.04, 'az': 0.04, 'gx': -4.03, 'gy': 2.69, 'gz': 0.2}, {'t_us': 1712275, 'ax': -0.95, 'ay': 0.04, 'az': 0.04, 'gx': -4.03, 'gy': 2.9, 'gz': -0.09}, {'t_us': 1732335, 'ax': -0.94, 'ay': 0.05, 'az': 0.03, 'gx': -4.14, 'gy': 3.07, 'gz': -0.09}]",2026-02-13 11:53:49,0.0
"[{'t_us': 1758546, 'ax': -0.94, 'ay': 0.05, 'az': 0.03, 'gx': -3.77, 'gy': 2.99, 'gz': -0.32}, {'t_us': 1772318, 'ax': -0.95, 'ay': 0.04, 'az': 0.04, 'gx': -3.6, 'gy': 3.59, 'gz': -0.24}, {'t_us': 1792323, 'ax': -0.94, 'ay': 0.04, 'az': 0.04, 'gx': -3.8, 'gy': 3.56, 'gz': -0.08}, {'t_us': 1812275, 'ax': -0.94, 'ay': 0.04, 'az': 0.04, 'gx': -4.5, 'gy': 3.92, 'gz': -0.18}, {'t_us': 1832265, 'ax': -0.94, 'ay': 0.04, 'az': 0.04, 'gx': -5.19, 'gy': 3.42, 'gz': 0.03}]",2026-02-13 11:53:49,0.0
"[{'t_us': 1858612, 'ax': -0.94, 'ay': 0.05, 'az': 0.05, 'gx': -6.0, 'gy': 3.18, 'gz': 0.5}, {'t_us': 1872323, 'ax': -0.94, 'ay': 0.05, 'az': 0.05, 'gx': -6.53, 'gy': 3.69, 'gz': 0.89}, {'t_us': 1892326, 'ax': -0.94, 'ay': 0.06, 'az': 0.04, 'gx': -6.76, 'gy': 3.79, 'gz': 1.21}, {'t_us': 1912304, 'ax': -0.95, 'ay': 0.06, 'az': 0.03, 'gx': -6.61, 'gy': 4.03, 'gz': 1.48}, {'t_us': 1932335, 'ax': -0.96, 'ay': 0.06, 'az': 0.03, 'gx': -5.45, 'gy': 3.63, 'gz': 0.81}]",2026-02-13 11:53:49,0.0
"[{'t_us': 1957147, 'ax': -0.95, 'ay': 0.05, 'az': 0.04, 'gx': -4.14, 'gy': 4.26, 'gz': -0.32}, {'t_us': 1972323, 'ax': -0.95, 'ay': 0.04, 'az': 0.03, 'gx': -3.86, 'gy': 4.23, 'gz': -0.27}, {'t_us': 1992326, 'ax': -0.94, 'ay': 0.04, 'az': 0.04, 'gx': -4.08, 'gy': 3.89, 'gz': -0.18}, {'t_us': 2012275, 'ax': -0.94, 'ay': 0.04, 'az': 0.03, 'gx': -4.09, 'gy': 3.39, 'gz': -0.11}, {'t_us': 2032330, 'ax': -0.95, 'ay': 0.04, 'az': 0.04, 'gx': -3.62, 'gy': 3.76, 'gz': -0.15}]",2026-02-13 11:53:49,0.0
"[{'t_us': 2058888, 'ax': -0.95, 'ay': 0.03, 'az': 0.03, 'gx': -2.82, 'gy': 4.27, 'gz': -0.61}, {'t_us': 2072335, 'ax': -0.95, 'ay': 0.03, 'az': 0.03, 'gx': -2.12, 'gy': 4.47, 'gz': -0.92}, {'t_us': 2092303, 'ax': -0.94, 'ay': 0.03, 'az': 0.03, 'gx': -1.25, 'gy': 4.14, 'gz': -1.1}, {'t_us': 2112281, 'ax': -0.94, 'ay': 0.02, 'az': 0.03, 'gx': -0.69, 'gy': 3.94, 'gz': -0.67}, {'t_us': 2132286, 'ax': -0.95, 'ay': 0.02, 'az': 0.02, 'gx': -0.61, 'gy': 4.05, 'gz': -0.5}]",2026-02-13 11:53:50,0.0
"[{'t_us': 2158952, 'ax': -0.96, 'ay': 0.03, 'az': 0.03, 'gx': -0.18, 'gy': 4.35, 'gz': -0.5}, {'t_us': 2172323, 'ax': -0.94, 'ay': 0.03, 'az': 0.03, 'gx': 0.34, 'gy': 4.06, 'gz': -0.26}, {'t_us': 2192326, 'ax': -0.95, 'ay': 0.03, 'az': 0.04, 'gx': 0.73, 'gy': 3.51, 'gz': -0.72}, {'t_us': 2212275, 'ax': -0.94, 'ay': 0.03, 'az': 0.03, 'gx': 0.84, 'gy': 2.99, 'gz': -0.72}, {'t_us': 2232326, 'ax': -0.95, 'ay': 0.05, 'az': 0.04, 'gx': 0.34, 'gy': 3.48, 'gz': -0.64}]",2026-02-13 11:53:50,0.0
"[{'t_us': 2257902, 'ax': -0.94, 'ay': 0.05, 'az': 0.04, 'gx': -0.58, 'gy': 3.86, 'gz': -0.72}, {'t_us': 2272315, 'ax': -0.94, 'ay': 0.05, 'az': 0.04, 'gx': -1.4, 'gy': 3.92, 'gz': -0.63}, {'t_us': 2292318, 'ax': -0.94, 'ay': 0.04, 'az': 0.04, 'gx': -2.35, 'gy': 3.85, 'gz': -0.63}, {'t_us': 2312271, 'ax': -0.95, 'ay': 0.04, 'az': 0.03, 'gx': -3.05, 'gy': 4.02, 'gz': -0.24}, {'t_us': 2332289, 'ax': -0.94, 'ay': 0.04, 'az': 0.04, 'gx': -3.73, 'gy': 3.95, 'gz': -0.26}]",2026-02-13 11:53:50,0.0
"[{'t_us': 2357039, 'ax': -0.95, 'ay': 0.04, 'az': 0.03, 'gx': -4.03, 'gy': 3.8, 'gz': -0.52}, {'t_us': 2372335, 'ax': -0.96, 'ay': 0.05, 'az': 0.05, 'gx': -4.27, 'gy': 3.36, 'gz': -0.69}, {'t_us': 2392318, 'ax': -1.02, 'ay': 0.13, 'az': 0.03, 'gx': -5.88, 'gy': 10.34, 'gz': -2.85}, {'t_us': 2412335, 'ax': -0.98, 'ay': 0.05, 'az': 0.01, 'gx': -4.23, 'gy': 4.81, 'gz': -5.13}, {'t_us': 2432297, 'ax': -0.8, 'ay': 0.01, 'az': 0.01, 'gx': -2.12, 'gy': -2.44, 'gz': 0.78}]",2026-02-13 11:53:50,0.0
"[{'t_us': 2457149, 'ax': -0.92, 'ay': 0.01, 'az': 0.02, 'gx': -3.83, 'gy': 3.24, 'gz': 3.39}, {'t_us': 2472282, 'ax': -0.93, 'ay': 0.03, 'az': 0.02, 'gx': -2.56, 'gy': 3.79, 'gz': 5.11}, {'t_us': 2492282, 'ax': -0.99, 'ay': 0.07, 'az': 0.04, 'gx': -1.5, 'gy': 7.04, 'gz': 3.31}, {'t_us': 2512315, 'ax': -1.02, 'ay': 0.09, 'az': 0.04, 'gx': -1.89, 'gy': 3.01, 'gz': -0.12}, {'t_us': 2532326, 'ax': -0.96, 'ay': 0.09, 'az': 0.04, 'gx': -2.08, 'gy': 0.43, 'gz': -1.63}]",2026-02-13 11:53:50,0.0
"[{'t_us': 2558465, 'ax': -0.92, 'ay': 0.05, 'az': 0.02, 'gx': -3.4, 'gy': 2.5, 'gz': -1.59}, {'t_us': 2572295, 'ax': -0.91, 'ay': 0.04, 'az': 0.04, 'gx': -4.32, 'gy': 2.47, 'gz': -0.95}, {'t_us': 2592323, 'ax': -0.93, 'ay': 0.03, 'az': 0.04, 'gx': -5.73, 'gy': 4.05, 'gz': -0.06}, {'t_us': 2612326, 'ax': -0.95, 'ay': 0.03, 'az': 0.03, 'gx': -6.18, 'gy': 5.25, 'gz': 0.17}, {'t_us': 2632326, 'ax': -0.96, 'ay': 0.04, 'az': 0.02, 'gx': -4.75, 'gy': 4.18, 'gz': 0.26}]",2026-02-13 11:53:50,0.0
"[{'t_us': 2672308, 'ax': -0.95, 'ay': 0.03, 'az': 0.01, 'gx': -1.92, 'gy': 2.61, 'gz': -0.2}, {'t_us': 2692335, 'ax': -0.93, 'ay': 0.03, 'az': 0.03, 'gx': -2.06, 'gy': 3.59, 'gz': -0.18}, {'t_us': 2712335, 'ax': -0.95, 'ay': 0.04, 'az': 0.03, 'gx': -2.29, 'gy': 3.85, 'gz': -0.56}, {'t_us': 2732318, 'ax': -0.96, 'ay': 0.03, 'az': 0.04, 'gx': -1.86, 'gy': 3.08, 'gz': -0.66}]",2026-02-13 11:53:50,0.0
"[{'t_us': 2757010, 'ax': -0.95, 'ay': 0.03, 'az': 0.03, 'gx': -1.51, 'gy': 2.63, 'gz': -0.75}, {'t_us': 2772303, 'ax': -0.94, 'ay': 0.02, 'az': 0.03, 'gx': -1.73, 'gy': 3.22, 'gz': -0.89}, {'t_us': 2792308, 'ax': -0.94, 'ay': 0.03, 'az': 0.04, 'gx': -1.95, 'gy': 4.08, 'gz': -0.66}, {'t_us': 2812330, 'ax': -0.93, 'ay': 0.04, 'az': 0.05, 'gx': -2.32, 'gy': 3.77, 'gz': -0.38}, {'t_us': 2832267, 'ax': -0.94, 'ay': 0.04, 'az': 0.05, 'gx': -2.93, 'gy': 3.54, 'gz': -0.08}]",2026-02-13 11:53:50,0.0
"[{'t_us': 2858615, 'ax': -0.94, 'ay': 0.04, 'az': 0.04, 'gx': -4.41, 'gy': 2.85, 'gz': -0.05}, {'t_us': 2872267, 'ax': -0.95, 'ay': 0.04, 'az': 0.03, 'gx': -4.79, 'gy': 2.79, 'gz': -0.35}, {'t_us': 2892304, 'ax': -0.95, 'ay': 0.04, 'az': 0.02, 'gx': -5.08, 'gy': 2.35, 'gz': -0.69}, {'t_us': 2912289, 'ax': -0.94, 'ay': 0.02, 'az': 0.03, 'gx': -4.9, 'gy': 2.37, 'gz': -0.69}, {'t_us': 2932273, 'ax': -1.02, 'ay': 0.08, 'az': 0.06, 'gx': -8.23, 'gy': 1.42, 'gz': -3.97}]",2026-02-13 11:53:50,0.0
"[{'t_us': 2958570, 'ax': -0.86, 'ay': 0.01, 'az': -0.02, 'gx': -5.01, 'gy': -0.2, 'gz': -0.61}, {'t_us': 2972271, 'ax': -0.85, 'ay': 0.01, 'az': 0.02, 'gx': -5.01, 'gy': 3.82, 'gz': 1.51}, {'t_us': 2992271, 'ax': -0.98, 'ay': 0.07, 'az': 0.02, 'gx': -4.35, 'gy': 6.55, 'gz': 2.53}, {'t_us': 3012303, 'ax': -1.01, 'ay': 0.04, 'az': 0.01, 'gx': -0.69, 'gy': 2.82, 'gz': 0.12}, {'t_us': 3032298, 'ax': -0.96, 'ay': 0.03, 'az': 0.06, 'gx': -1.59, 'gy': 1.98, 'gz': 0.47}]",2026-02-13 11:53:50,0.0
"[{'t_us': 3059088, 'ax': -0.96, 'ay': 0.08, 'az': 0.03, 'gx': -4.12, 'gy': 1.08, 'gz': -0.72}, {'t_us': 3072315, 'ax': -0.94, 'ay': 0.05, 'az': 0.01, 'gx': -3.45, 'gy': 0.76, 'gz': -1.59}, {'t_us': 3092318, 'ax': -0.91, 'ay': 0.02, 'az': 0.01, 'gx': -3.6, 'gy': 2.5, 'gz': -1.33}, {'t_us': 3112271, 'ax': -0.93, 'ay': 0.02, 'az': 0.03, 'gx': -3.62, 'gy': 2.92, 'gz': -0.47}, {'t_us': 3132271, 'ax': -0.95, 'ay': 0.03, 'az': 0.04, 'gx': -3.5, 'gy': 4.27, 'gz': -0.26}]",2026-02-13 11:53:51,0.0
"[{'t_us': 3157350, 'ax': -0.95, 'ay': 0.03, 'az': 0.02, 'gx': -2.87, 'gy': 3.22, 'gz': 0.23}, {'t_us': 3172318, 'ax': -0.96, 'ay': 0.03, 'az': 0.03, 'gx': -2.09, 'gy': 2.43, 'gz': 0.14}, {'t_us': 3192308, 'ax': -0.95, 'ay': 0.04, 'az': 0.03, 'gx': -0.9, 'gy': 2.34, 'gz': -0.17}, {'t_us': 3212275, 'ax': -0.95, 'ay': 0.03, 'az': 0.02, 'gx': -1.3, 'gy': 2.82, 'gz': -0.67}, {'t_us': 3232308, 'ax': -0.95, 'ay': 0.03, 'az': 0.04, 'gx': -1.66, 'gy': 2.67, 'gz': -0.37}]",2026-02-13 11:53:51,0.0
"[{'t_us': 3256916, 'ax': -0.95, 'ay': 0.04, 'az': 0.03, 'gx': -2.11, 'gy': 2.02, 'gz': -0.32}, {'t_us': 3272267, 'ax': -0.96, 'ay': 0.04, 'az': 0.04, 'gx': -1.97, 'gy': 1.91, 'gz': -0.84}, {'t_us': 3292335, 'ax': -0.94, 'ay': 0.03, 'az': 0.04, 'gx': -1.53, 'gy': 2.64, 'gz': -1.05}, {'t_us': 3312303, 'ax': -0.94, 'ay': 0.03, 'az': 0.03, 'gx': -1.68, 'gy': 3.31, 'gz': -0.84}, {'t_us': 3332315, 'ax': -0.94, 'ay': 0.03, 'az': 0.04, 'gx': -2.18, 'gy': 2.93, 'gz': -0.41}]",2026-02-13 11:53:51,0.0
"[{'t_us': 3358391, 'ax': -0.94, 'ay': 0.02, 'az': 0.04, 'gx': -3.02, 'gy': 2.7, 'gz': -0.06}, {'t_us': 3372708, 'ax': -0.95, 'ay': 0.08, 'az': 0.07, 'gx': -4.82, 'gy': 5.13, 'gz': 0.47}, {'t_us': 3392303, 'ax': -0.93, 'ay': 0.04, 'az': 0.03, 'gx': -7.15, 'gy': 1.1, 'gz': -1.07}, {'t_us': 3412326, 'ax': -0.9, 'ay': 0.04, 'az': -0.04, 'gx': -2.85, 'gy': 0.79, 'gz': 0.44}, {'t_us': 3432335, 'ax': -0.89, 'ay': 0.03, 'az': 0.05, 'gx': -3.62, 'gy': 4.2, 'gz': 1.28}]",2026-02-13 11:53:51,0.0
"[{'t_us': 3456590, 'ax': -1.02, 'ay': 0.05, 'az': 0.0, 'gx': -1.01, 'gy': 2.87, 'gz': -0.64}, {'t_us': 3472315, 'ax': -0.97, 'ay': 0.02, 'az': 0.02, 'gx': -0.02, 'gy': 0.61, 'gz': -0.78}, {'t_us': 3492318, 'ax': -0.96, 'ay': 0.04, 'az': 0.06, 'gx': -3.08, 'gy': 1.04, 'gz': -0.31}, {'t_us': 3512271, 'ax': -0.96, 'ay': 0.06, 'az': 0.03, 'gx': -4.11, 'gy': 0.43, 'gz': -0.96}, {'t_us': 3532318, 'ax': -0.93, 'ay': 0.05, 'az': 0.04, 'gx': -3.97, 'gy': 1.39, 'gz': -1.21}]",2026-02-13 11:53:51,0.0
"[{'t_us': 3558543, 'ax': -0.92, 'ay': 0.03, 'az': 0.05, 'gx': -5.94, 'gy': 3.86, 'gz': -0.46}, {'t_us': 3572271, 'ax': -0.92, 'ay': 0.04, 'az': 0.04, 'gx': -6.15, 'gy': 5.27, 'gz': -0.05}, {'t_us': 3592271, 'ax': -0.94, 'ay': 0.03, 'az': 0.06, 'gx': -6.6, 'gy': 5.42, 'gz': 0.23}, {'t_us': 3612303, 'ax': -0.95, 'ay': 0.03, 'az': 0.04, 'gx': -5.97, 'gy': 4.75, 'gz': 0.61}, {'t_us': 3632267, 'ax': -0.96, 'ay': 0.04, 'az': 0.01, 'gx': -4.56, 'gy': 3.68, 'gz': 0.47}]",2026-02-13 11:53:51,0.0
"[{'t_us': 3658804, 'ax': -0.96, 'ay': 0.04, 'az': 0.03, 'gx': -3.65, 'gy': 3.22, 'gz': -0.32}, {'t_us': 3672323, 'ax': -0.96, 'ay': 0.04, 'az': 0.03, 'gx': -3.53, 'gy': 2.38, 'gz': -0.67}, {'t_us': 3692326, 'ax': -0.95, 'ay': 0.03, 'az': 0.03, 'gx': -3.5, 'gy': 1.57, 'gz': -0.92}, {'t_us': 3712275, 'ax': -0.95, 'ay': 0.03, 'az': 0.03, 'gx': -3.66, 'gy': 1.18, 'gz': -1.08}, {'t_us': 3732308, 'ax': -0.94, 'ay': 0.02, 'az': 0.04, 'gx': -3.59, 'gy': 1.6, 'gz': -1.25}]",2026-02-13 11:53:51,0.0
"[{'t_us': 3758909, 'ax': -0.95, 'ay': 0.01, 'az': 0.05, 'gx': -3.07, 'gy': 2.23, 'gz': -0.93}, {'t_us': 3772426, 'ax': -0.96, 'ay': 0.01, 'az': 0.04, 'gx': -2.72, 'gy': 1.97, 'gz': -0.64}, {'t_us': 3792303, 'ax': -0.97, 'ay': 0.07, 'az': 0.05, 'gx': -3.57, 'gy': 2.69, 'gz': -0.75}, {'t_us': 3812330, 'ax': -0.9, 'ay': 0.0, 'az': -0.0, 'gx': -1.83, 'gy': 0.55, 'gz': 0.37}, {'t_us': 3832330, 'ax': -0.92, 'ay': 0.04, 'az': 0.05, 'gx': -0.92, 'gy': 0.89, 'gz': 0.05}]",2026-02-13 11:53:51,0.0
"[{'t_us': 3858532, 'ax': -0.98, 'ay': 0.05, 'az': 0.04, 'gx': -1.68, 'gy': 4.56, 'gz': 0.75}, {'t_us': 3872340, 'ax': -0.97, 'ay': 0.04, 'az': 0.03, 'gx': -0.9, 'gy': 1.53, 'gz': -0.05}, {'t_us': 3892330, 'ax': -0.94, 'ay': 0.04, 'az': 0.07, 'gx': -2.99, 'gy': 2.12, 'gz': 1.3}, {'t_us': 3912330, 'ax': -0.95, 'ay': 0.07, 'az': 0.07, 'gx': -6.81, 'gy': 2.18, 'gz': 0.67}, {'t_us': 3932289, 'ax': -0.94, 'ay': 0.07, 'az': 0.06, 'gx': -7.73, 'gy': 2.44, 'gz': -0.05}]",2026-02-13 11:53:51,0.0
"[{'t_us': 724703, 'ax': -0.96, 'ay': 0.09, 'az': 0.05, 'gx': -4.84, 'gy': 1.37, 'gz': -0.63}, {'t_us': 727405, 'ax': -0.94, 'ay': 0.08, 'az': 0.04, 'gx': -4.52, 'gy': 1.76, 'gz': -0.72}, {'t_us': 729349, 'ax': -0.95, 'ay': 0.09, 'az': 0.04, 'gx': -4.6, 'gy': 1.66, 'gz': -0.78}, {'t_us': 732299, 'ax': -0.94, 'ay': 0.07, 'az': 0.04, 'gx': -4.05, 'gy': 1.8, 'gz': -1.07}]",2026-02-13 11:53:53,0.0
"[{'t_us': 1253713, 'ax': -0.92, 'ay': 0.05, 'az': 0.06, 'gx': -3.21, 'gy': 3.01, 'gz': -0.76}, {'t_us': 1272251, 'ax': -0.94, 'ay': 0.03, 'az': 0.05, 'gx': -3.15, 'gy': 3.37, 'gz': -0.58}, {'t_us': 1317025, 'ax': -0.95, 'ay': 0.04, 'az': 0.06, 'gx': -4.34, 'gy': 4.4, 'gz': 0.53}, {'t_us': 1319359, 'ax': -0.95, 'ay': 0.04, 'az': 0.06, 'gx': -4.23, 'gy': 4.47, 'gz': 0.47}, {'t_us': 1332438, 'ax': -0.96, 'ay': 0.04, 'az': 0.05, 'gx': -4.15, 'gy': 4.35, 'gz': 0.53}]",2026-02-13 11:53:53,0.0
"[{'t_us': 2353906, 'ax': -0.96, 'ay': 0.03, 'az': 0.06, 'gx': -5.21, 'gy': 3.89, 'gz': 0.24}, {'t_us': 2372307, 'ax': -0.95, 'ay': 0.03, 'az': 0.05, 'gx': -4.7, 'gy': 3.16, 'gz': 0.02}, {'t_us': 2392307, 'ax': -0.95, 'ay': 0.02, 'az': 0.03, 'gx': -3.47, 'gy': 2.47, 'gz': 0.02}, {'t_us': 2412307, 'ax': -0.94, 'ay': 0.02, 'az': 0.04, 'gx': -2.24, 'gy': 2.21, 'gz': -0.5}, {'t_us': 2432332, 'ax': -0.93, 'ay': 0.02, 'az': 0.04, 'gx': -1.88, 'gy': 2.85, 'gz': -0.73}]",2026-02-13 11:53:54,0.0
"[{'t_us': 3453965, 'ax': -0.93, 'ay': 0.02, 'az': 0.08, 'gx': -3.6, 'gy': 3.01, 'gz': -0.06}, {'t_us': 3472311, 'ax': -0.95, 'ay': 0.03, 'az': 0.08, 'gx': -4.29, 'gy': 3.45, 'gz': 0.11}, {'t_us': 3492264, 'ax': -0.93, 'ay': 0.03, 'az': 0.07, 'gx': -4.75, 'gy': 3.44, 'gz': 1.04}, {'t_us': 3512310, 'ax': -0.96, 'ay': 0.06, 'az': 0.04, 'gx': -5.34, 'gy': 2.55, 'gz': -0.26}, {'t_us': 3532319, 'ax': -0.94, 'ay': 0.05, 'az': 0.05, 'gx': -4.2, 'gy': 0.64, 'gz': 0.26}]",2026-02-13 11:53:55,0.0
"[{'t_us': 4053752, 'ax': -0.9, 'ay': 0.15, 'az': 0.02, 'gx': 75.04, 'gy': 4.93, 'gz': -21.3}, {'t_us': 4072255, 'ax': -0.96, 'ay': 0.18, 'az': 0.02, 'gx': 76.55, 'gy': 7.36, 'gz': -23.74}, {'t_us': 4100744, 'ax': -1.13, 'ay': 0.11, 'az': -0.01, 'gx': 89.54, 'gy': 0.78, 'gz': -25.59}, {'t_us': 4112278, 'ax': -1.15, 'ay': 0.07, 'az': -0.03, 'gx': 96.82, 'gy': -3.88, 'gz': -25.36}, {'t_us': 4132252, 'ax': -1.09, 'ay': 0.02, 'az': -0.04, 'gx': 103.71, 'gy': -11.05, 'gz': -22.64}]",2026-02-13 11:53:56,0.0
"[{'t_us': 4902990, 'ax': -0.93, 'ay': -0.03, 'az': 0.11, 'gx': 4.43, 'gy': -1.5, 'gz': 3.08}, {'t_us': 4904942, 'ax': -0.95, 'ay': -0.03, 'az': 0.11, 'gx': 4.15, 'gy': -1.4, 'gz': 2.98}, {'t_us': 4906880, 'ax': -0.95, 'ay': -0.03, 'az': 0.1, 'gx': 3.82, 'gy': -1.27, 'gz': 2.69}, {'t_us': 4909422, 'ax': -0.95, 'ay': -0.03, 'az': 0.1, 'gx': 3.63, 'gy': -0.99, 'gz': 2.69}, {'t_us': 4911628, 'ax': -0.95, 'ay': -0.03, 'az': 0.1, 'gx': 3.28, 'gy': -1.07, 'gz': 2.49}]",2026-02-13 11:53:57,
