samples,timestamp,label
"[{'t_us': 1863356266, 'ax': -0.81, 'ay': 0.07, 'az': -0.37, 'gx': -48.72, 'gy': 39.48, 'gz': -25.53}, {'t_us': 1863358496, 'ax': -0.81, 'ay': 0.06, 'az': -0.37, 'gx': -50.06, 'gy': 39.92, 'gz': -25.85}, {'t_us': 1863360649, 'ax': -0.83, 'ay': 0.07, 'az': -0.37, 'gx': -50.75, 'gy': 39.73, 'gz': -26.78}, {'t_us': 1863363006, 'ax': -0.84, 'ay': 0.07, 'az': -0.38, 'gx': -51.21, 'gy': 41.4, 'gz': -27.98}, {'t_us': 1863365383, 'ax': -0.87, 'ay': 0.09, 'az': -0.4, 'gx': -51.57, 'gy': 42.46, 'gz': -29.42}]",2026-02-13 11:10:27,0.0
"[{'t_us': 1863458151, 'ax': -0.89, 'ay': 0.14, 'az': -0.42, 'gx': -89.76, 'gy': -3.88, 'gz': -27.11}, {'t_us': 1863473284, 'ax': -0.87, 'ay': 0.22, 'az': -0.34, 'gx': -96.69, 'gy': 9.91, 'gz': -29.51}, {'t_us': 1863493306, 'ax': -0.91, 'ay': 0.2, 'az': -0.48, 'gx': -104.12, 'gy': 16.44, 'gz': -38.99}, {'t_us': 1863513333, 'ax': -0.89, 'ay': 0.07, 'az': -0.46, 'gx': -107.91, 'gy': 10.98, 'gz': -43.22}, {'t_us': 1863533270, 'ax': -0.97, 'ay': 0.01, 'az': -0.54, 'gx': -108.31, 'gy': 8.92, 'gz': -46.15}]",2026-02-13 11:10:27,0.0
"[{'t_us': 1863560731, 'ax': -0.91, 'ay': -0.13, 'az': -0.54, 'gx': -98.69, 'gy': 6.92, 'gz': -44.53}, {'t_us': 1863573317, 'ax': -0.89, 'ay': -0.14, 'az': -0.58, 'gx': -94.67, 'gy': 6.75, 'gz': -40.72}, {'t_us': 1863593321, 'ax': -0.86, 'ay': -0.14, 'az': -0.57, 'gx': -84.08, 'gy': 3.5, 'gz': -36.14}, {'t_us': 1863613274, 'ax': -0.88, 'ay': -0.18, 'az': -0.53, 'gx': -71.54, 'gy': 6.75, 'gz': -25.94}, {'t_us': 1863633292, 'ax': -0.89, 'ay': -0.12, 'az': -0.53, 'gx': -56.6, 'gy': 2.44, 'gz': -17.77}]",2026-02-13 11:10:27,0.0
"[{'t_us': 1863659766, 'ax': -0.84, 'ay': -0.07, 'az': -0.54, 'gx': -35.54, 'gy': 4.6, 'gz': -11.34}, {'t_us': 1863673763, 'ax': -0.87, 'ay': -0.06, 'az': -0.55, 'gx': -24.63, 'gy': 5.44, 'gz': -8.85}, {'t_us': 1863693279, 'ax': -0.89, 'ay': -0.09, 'az': -0.55, 'gx': -13.6, 'gy': 3.04, 'gz': -5.74}, {'t_us': 1863713310, 'ax': -0.88, 'ay': -0.07, 'az': -0.55, 'gx': -3.88, 'gy': 1.01, 'gz': -0.37}, {'t_us': 1863733331, 'ax': -0.86, 'ay': -0.06, 'az': -0.53, 'gx': 6.81, 'gy': -0.09, 'gz': 4.26}]",2026-02-13 11:10:27,0.0
"[{'t_us': 1863762257, 'ax': -0.89, 'ay': -0.02, 'az': -0.49, 'gx': 17.95, 'gy': 3.08, 'gz': 10.96}, {'t_us': 1863773297, 'ax': -0.87, 'ay': -0.01, 'az': -0.48, 'gx': 21.44, 'gy': 0.99, 'gz': 13.59}, {'t_us': 1863793306, 'ax': -0.92, 'ay': -0.0, 'az': -0.55, 'gx': 27.59, 'gy': 1.19, 'gz': 16.09}, {'t_us': 1863813329, 'ax': -0.92, 'ay': -0.05, 'az': -0.51, 'gx': 35.86, 'gy': -2.82, 'gz': 18.67}, {'t_us': 1863833284, 'ax': -0.9, 'ay': -0.13, 'az': -0.46, 'gx': 44.6, 'gy': -4.49, 'gz': 21.92}]",2026-02-13 11:10:27,0.0
"[{'t_us': 1863857789, 'ax': -0.88, 'ay': -0.16, 'az': -0.45, 'gx': 55.53, 'gy': -4.09, 'gz': 26.18}, {'t_us': 1863873310, 'ax': -0.88, 'ay': -0.12, 'az': -0.46, 'gx': 61.07, 'gy': -2.14, 'gz': 27.86}, {'t_us': 1863893317, 'ax': -0.87, 'ay': -0.07, 'az': -0.46, 'gx': 65.89, 'gy': 5.02, 'gz': 31.08}, {'t_us': 1863913267, 'ax': -0.89, 'ay': -0.05, 'az': -0.47, 'gx': 69.59, 'gy': 5.27, 'gz': 35.18}, {'t_us': 1863933270, 'ax': -0.87, 'ay': -0.02, 'az': -0.45, 'gx': 74.58, 'gy': 1.11, 'gz': 36.99}]",2026-02-13 11:10:27,0.0
"[{'t_us': 1863958145, 'ax': -0.85, 'ay': -0.02, 'az': -0.48, 'gx': 78.27, 'gy': 16.55, 'gz': 34.89}, {'t_us': 1863975834, 'ax': -0.86, 'ay': -0.05, 'az': -0.51, 'gx': 79.22, 'gy': 21.53, 'gz': 30.6}, {'t_us': 1863993333, 'ax': -0.88, 'ay': -0.05, 'az': -0.53, 'gx': 78.73, 'gy': 21.15, 'gz': 28.35}, {'t_us': 1864013292, 'ax': -0.87, 'ay': -0.04, 'az': -0.56, 'gx': 76.44, 'gy': 14.64, 'gz': 27.08}, {'t_us': 1864033300, 'ax': -0.81, 'ay': -0.01, 'az': -0.6, 'gx': 74.14, 'gy': 20.99, 'gz': 23.18}]",2026-02-13 11:10:27,0.0
"[{'t_us': 1864060124, 'ax': -0.71, 'ay': -0.06, 'az': -0.54, 'gx': 69.37, 'gy': 18.08, 'gz': 22.26}, {'t_us': 1864073274, 'ax': -0.66, 'ay': -0.1, 'az': -0.52, 'gx': 67.4, 'gy': 19.18, 'gz': 23.8}, {'t_us': 1864093317, 'ax': -0.75, 'ay': -0.08, 'az': -0.53, 'gx': 67.77, 'gy': 33.22, 'gz': 23.47}, {'t_us': 1864113321, 'ax': -0.78, 'ay': -0.16, 'az': -0.64, 'gx': 77.11, 'gy': 27.69, 'gz': 20.47}, {'t_us': 1864133312, 'ax': -0.78, 'ay': -0.26, 'az': -0.61, 'gx': 86.99, 'gy': 20.81, 'gz': 21.82}]",2026-02-13 11:10:27,0.0
"[{'t_us': 1864158148, 'ax': -0.8, 'ay': -0.26, 'az': -0.53, 'gx': 90.44, 'gy': 20.27, 'gz': 29.48}, {'t_us': 1864173310, 'ax': -0.89, 'ay': -0.24, 'az': -0.64, 'gx': 97.04, 'gy': 15.91, 'gz': 32.55}, {'t_us': 1864193317, 'ax': -0.86, 'ay': -0.21, 'az': -0.59, 'gx': 100.96, 'gy': 9.01, 'gz': 39.31}, {'t_us': 1864213267, 'ax': -0.87, 'ay': -0.2, 'az': -0.59, 'gx': 104.7, 'gy': 11.27, 'gz': 46.69}, {'t_us': 1864233321, 'ax': -0.83, 'ay': -0.17, 'az': -0.62, 'gx': 108.76, 'gy': 5.66, 'gz': 46.11}]",2026-02-13 11:10:28,0.0
"[{'t_us': 1864259881, 'ax': -0.78, 'ay': -0.18, 'az': -0.59, 'gx': 109.02, 'gy': 9.73, 'gz': 50.02}, {'t_us': 1864273295, 'ax': -0.79, 'ay': -0.18, 'az': -0.61, 'gx': 109.15, 'gy': 9.68, 'gz': 52.29}, {'t_us': 1864293306, 'ax': -0.84, 'ay': -0.19, 'az': -0.61, 'gx': 106.23, 'gy': 3.91, 'gz': 50.53}, {'t_us': 1864313306, 'ax': -0.82, 'ay': -0.14, 'az': -0.59, 'gx': 100.7, 'gy': -0.47, 'gz': 47.4}, {'t_us': 1864333267, 'ax': -0.86, 'ay': -0.04, 'az': -0.54, 'gx': 94.44, 'gy': 0.81, 'gz': 42.55}]",2026-02-13 11:10:28,0.0
"[{'t_us': 1864359742, 'ax': -0.89, 'ay': -0.02, 'az': -0.5, 'gx': 86.24, 'gy': -6.5, 'gz': 36.2}, {'t_us': 1864373271, 'ax': -0.88, 'ay': -0.03, 'az': -0.49, 'gx': 79.19, 'gy': -9.86, 'gz': 33.92}, {'t_us': 1864393270, 'ax': -0.86, 'ay': -0.03, 'az': -0.46, 'gx': 69.56, 'gy': -8.5, 'gz': 29.57}, {'t_us': 1864413306, 'ax': -0.84, 'ay': -0.07, 'az': -0.45, 'gx': 63.8, 'gy': -3.16, 'gz': 28.32}, {'t_us': 1864433284, 'ax': -0.81, 'ay': -0.12, 'az': -0.45, 'gx': 59.56, 'gy': 2.89, 'gz': 27.42}]",2026-02-13 11:10:28,0.0
"[{'t_us': 1864459470, 'ax': -0.82, 'ay': -0.16, 'az': -0.48, 'gx': 54.26, 'gy': 14.47, 'gz': 26.92}, {'t_us': 1864473285, 'ax': -0.84, 'ay': -0.14, 'az': -0.51, 'gx': 50.69, 'gy': 15.57, 'gz': 27.71}, {'t_us': 1864493270, 'ax': -0.89, 'ay': -0.11, 'az': -0.54, 'gx': 46.6, 'gy': 8.44, 'gz': 27.59}, {'t_us': 1864513270, 'ax': -0.87, 'ay': -0.1, 'az': -0.55, 'gx': 45.71, 'gy': 8.05, 'gz': 25.37}, {'t_us': 1864533306, 'ax': -0.89, 'ay': -0.1, 'az': -0.56, 'gx': 43.8, 'gy': 6.52, 'gz': 24.38}]",2026-02-13 11:10:28,0.0
"[{'t_us': 1864559504, 'ax': -0.88, 'ay': -0.11, 'az': -0.52, 'gx': 38.75, 'gy': -0.99, 'gz': 23.98}, {'t_us': 1864573700, 'ax': -0.85, 'ay': -0.11, 'az': -0.49, 'gx': 36.05, 'gy': -0.02, 'gz': 22.4}, {'t_us': 1864593306, 'ax': -0.85, 'ay': -0.1, 'az': -0.48, 'gx': 32.61, 'gy': 1.54, 'gz': 18.4}, {'t_us': 1864613333, 'ax': -0.84, 'ay': -0.1, 'az': -0.47, 'gx': 29.34, 'gy': 2.11, 'gz': 14.89}, {'t_us': 1864633297, 'ax': -0.84, 'ay': -0.09, 'az': -0.48, 'gx': 25.65, 'gy': 2.38, 'gz': 12.09}]",2026-02-13 11:10:28,0.0
"[{'t_us': 1864657924, 'ax': -0.88, 'ay': -0.09, 'az': -0.47, 'gx': 21.8, 'gy': 4.67, 'gz': 11.31}, {'t_us': 1864673292, 'ax': -0.91, 'ay': -0.1, 'az': -0.49, 'gx': 19.71, 'gy': 0.69, 'gz': 10.76}, {'t_us': 1864693300, 'ax': -0.9, 'ay': -0.09, 'az': -0.44, 'gx': 16.67, 'gy': -4.08, 'gz': 10.02}, {'t_us': 1864713310, 'ax': -0.87, 'ay': -0.09, 'az': -0.45, 'gx': 12.98, 'gy': -1.63, 'gz': 8.31}, {'t_us': 1864733288, 'ax': -0.86, 'ay': -0.07, 'az': -0.44, 'gx': 8.89, 'gy': 3.21, 'gz': 5.85}]",2026-02-13 11:10:28,0.0
"[{'t_us': 1864757973, 'ax': -0.88, 'ay': -0.06, 'az': -0.46, 'gx': 3.13, 'gy': 4.18, 'gz': 4.06}, {'t_us': 1864773292, 'ax': -0.88, 'ay': -0.07, 'az': -0.45, 'gx': 0.05, 'gy': 3.79, 'gz': 3.04}, {'t_us': 1864793274, 'ax': -0.88, 'ay': -0.08, 'az': -0.45, 'gx': -3.95, 'gy': 3.92, 'gz': 1.4}, {'t_us': 1864813335, 'ax': -0.87, 'ay': -0.09, 'az': -0.45, 'gx': -6.17, 'gy': 3.74, 'gz': 0.2}, {'t_us': 1864833300, 'ax': -0.86, 'ay': -0.09, 'az': -0.47, 'gx': -8.21, 'gy': 4.46, 'gz': -0.31}]",2026-02-13 11:10:28,0.0
"[{'t_us': 1864857633, 'ax': -0.88, 'ay': -0.1, 'az': -0.48, 'gx': -8.81, 'gy': 3.27, 'gz': 0.66}, {'t_us': 1864873270, 'ax': -0.88, 'ay': -0.11, 'az': -0.48, 'gx': -8.73, 'gy': 2.37, 'gz': 0.85}, {'t_us': 1864893267, 'ax': -0.89, 'ay': -0.11, 'az': -0.46, 'gx': -7.92, 'gy': 1.34, 'gz': 0.89}, {'t_us': 1864913300, 'ax': -0.89, 'ay': -0.11, 'az': -0.45, 'gx': -8.43, 'gy': 0.35, 'gz': -0.08}, {'t_us': 1864933284, 'ax': -0.91, 'ay': -0.08, 'az': -0.43, 'gx': -11.34, 'gy': -1.48, 'gz': -1.16}]",2026-02-13 11:10:28,0.0
"[{'t_us': 1864959886, 'ax': -0.94, 'ay': -0.04, 'az': -0.4, 'gx': -19.8, 'gy': -2.81, 'gz': -5.59}, {'t_us': 1864973270, 'ax': -0.94, 'ay': -0.0, 'az': -0.38, 'gx': -25.4, 'gy': -3.62, 'gz': -7.98}, {'t_us': 1864993326, 'ax': -0.94, 'ay': 0.06, 'az': -0.42, 'gx': -35.13, 'gy': -3.36, 'gz': -12.44}, {'t_us': 1865013279, 'ax': -0.94, 'ay': 0.06, 'az': -0.44, 'gx': -43.16, 'gy': -4.95, 'gz': -15.95}, {'t_us': 1865033310, 'ax': -0.9, 'ay': 0.02, 'az': -0.43, 'gx': -50.95, 'gy': -4.46, 'gz': -18.96}]",2026-02-13 11:10:28,0.0
"[{'t_us': 1865059847, 'ax': -0.9, 'ay': -0.05, 'az': -0.46, 'gx': -60.23, 'gy': -5.1, 'gz': -20.79}, {'t_us': 1865073329, 'ax': -0.87, 'ay': -0.07, 'az': -0.43, 'gx': -64.49, 'gy': -7.25, 'gz': -18.7}, {'t_us': 1865093317, 'ax': -0.9, 'ay': -0.02, 'az': -0.39, 'gx': -73.68, 'gy': -6.06, 'gz': -20.4}, {'t_us': 1865113267, 'ax': -0.91, 'ay': 0.03, 'az': -0.43, 'gx': -85.59, 'gy': -9.4, 'gz': -22.56}, {'t_us': 1865133300, 'ax': -0.94, 'ay': 0.03, 'az': -0.48, 'gx': -93.28, 'gy': -17.47, 'gz': -25.56}]",2026-02-13 11:10:28,0.0
"[{'t_us': 1865159549, 'ax': -0.89, 'ay': 0.03, 'az': -0.47, 'gx': -102.85, 'gy': -24.46, 'gz': -28.53}, {'t_us': 1865173274, 'ax': -0.86, 'ay': 0.01, 'az': -0.43, 'gx': -108.09, 'gy': -23.94, 'gz': -28.34}, {'t_us': 1865193300, 'ax': -0.86, 'ay': -0.0, 'az': -0.43, 'gx': -116.87, 'gy': -21.3, 'gz': -26.38}, {'t_us': 1865213310, 'ax': -0.85, 'ay': -0.01, 'az': -0.45, 'gx': -125.3, 'gy': -15.42, 'gz': -26.43}, {'t_us': 1865233333, 'ax': -0.88, 'ay': 0.02, 'az': -0.46, 'gx': -130.2, 'gy': -10.32, 'gz': -29.31}]",2026-02-13 11:10:29,0.0
"[{'t_us': 1865258070, 'ax': -0.88, 'ay': -0.02, 'az': -0.45, 'gx': -126.44, 'gy': -1.98, 'gz': -33.92}, {'t_us': 1865273321, 'ax': -0.89, 'ay': -0.09, 'az': -0.45, 'gx': -125.44, 'gy': -3.89, 'gz': -34.93}, {'t_us': 1865293333, 'ax': -0.92, 'ay': -0.03, 'az': -0.39, 'gx': -130.35, 'gy': -4.44, 'gz': -35.77}, {'t_us': 1865313298, 'ax': -0.92, 'ay': 0.06, 'az': -0.47, 'gx': -136.69, 'gy': 2.49, 'gz': -36.73}, {'t_us': 1865333284, 'ax': -0.87, 'ay': 0.08, 'az': -0.5, 'gx': -137.4, 'gy': -5.48, 'gz': -39.39}]",2026-02-13 11:10:29,0.0
"[{'t_us': 1865357582, 'ax': -0.81, 'ay': -0.06, 'az': -0.46, 'gx': -127.71, 'gy': -5.98, 'gz': -38.27}, {'t_us': 1865373274, 'ax': -0.85, 'ay': -0.1, 'az': -0.46, 'gx': -125.45, 'gy': -9.82, 'gz': -34.53}, {'t_us': 1865393306, 'ax': -0.91, 'ay': -0.1, 'az': -0.47, 'gx': -124.53, 'gy': -19.44, 'gz': -28.08}, {'t_us': 1865413270, 'ax': -1.02, 'ay': -0.08, 'az': -0.41, 'gx': -120.12, 'gy': -31.56, 'gz': -26.64}, {'t_us': 1865433274, 'ax': -0.94, 'ay': -0.05, 'az': -0.39, 'gx': -116.34, 'gy': -34.2, 'gz': -24.29}]",2026-02-13 11:10:29,0.0
"[{'t_us': 1865459490, 'ax': -0.89, 'ay': -0.06, 'az': -0.35, 'gx': -109.05, 'gy': -29.44, 'gz': -12.38}, {'t_us': 1865473300, 'ax': -0.92, 'ay': 0.01, 'az': -0.43, 'gx': -105.91, 'gy': -19.34, 'gz': -9.36}, {'t_us': 1865493300, 'ax': -0.94, 'ay': 0.04, 'az': -0.55, 'gx': -93.74, 'gy': -7.05, 'gz': -11.15}, {'t_us': 1865513325, 'ax': -0.85, 'ay': -0.07, 'az': -0.49, 'gx': -78.08, 'gy': -2.63, 'gz': -18.15}, {'t_us': 1865533329, 'ax': -0.78, 'ay': -0.12, 'az': -0.48, 'gx': -66.61, 'gy': 6.72, 'gz': -21.97}]",2026-02-13 11:10:29,0.0
"[{'t_us': 1865557643, 'ax': -0.77, 'ay': -0.15, 'az': -0.45, 'gx': -53.05, 'gy': 11.62, 'gz': -22.0}, {'t_us': 1865573326, 'ax': -0.86, 'ay': -0.2, 'az': -0.45, 'gx': -46.29, 'gy': 12.72, 'gz': -19.33}, {'t_us': 1865593290, 'ax': -0.96, 'ay': -0.19, 'az': -0.45, 'gx': -35.71, 'gy': 5.11, 'gz': -17.95}, {'t_us': 1865613300, 'ax': -0.93, 'ay': -0.17, 'az': -0.43, 'gx': -27.01, 'gy': -3.5, 'gz': -17.24}, {'t_us': 1865633333, 'ax': -0.89, 'ay': -0.12, 'az': -0.38, 'gx': -18.89, 'gy': -6.46, 'gz': -14.49}]",2026-02-13 11:10:29,0.0
"[{'t_us': 1865659876, 'ax': -0.83, 'ay': -0.05, 'az': -0.35, 'gx': -9.34, 'gy': 0.34, 'gz': -12.56}, {'t_us': 1865673321, 'ax': -0.82, 'ay': -0.05, 'az': -0.34, 'gx': -7.71, 'gy': 3.21, 'gz': -11.05}, {'t_us': 1865693329, 'ax': -0.84, 'ay': -0.03, 'az': -0.35, 'gx': -5.13, 'gy': 3.77, 'gz': -9.25}, {'t_us': 1865713270, 'ax': -0.93, 'ay': -0.06, 'az': -0.37, 'gx': -3.54, 'gy': 5.36, 'gz': -8.95}, {'t_us': 1865733274, 'ax': -0.99, 'ay': -0.02, 'az': -0.43, 'gx': -3.05, 'gy': -3.04, 'gz': -11.53}]",2026-02-13 11:10:29,0.0
"[{'t_us': 1865759466, 'ax': -0.89, 'ay': -0.01, 'az': -0.39, 'gx': -4.85, 'gy': -8.24, 'gz': -13.1}, {'t_us': 1865774151, 'ax': -0.89, 'ay': -0.03, 'az': -0.38, 'gx': -5.05, 'gy': -2.5, 'gz': -12.92}, {'t_us': 1865793310, 'ax': -0.91, 'ay': -0.05, 'az': -0.39, 'gx': -4.78, 'gy': -0.05, 'gz': -12.12}, {'t_us': 1865813278, 'ax': -0.93, 'ay': -0.1, 'az': -0.41, 'gx': -4.35, 'gy': -2.02, 'gz': -11.34}, {'t_us': 1865833306, 'ax': -0.92, 'ay': -0.09, 'az': -0.38, 'gx': -4.06, 'gy': -0.7, 'gz': -11.08}]",2026-02-13 11:10:29,0.0
"[{'t_us': 1865859389, 'ax': -0.92, 'ay': -0.09, 'az': -0.38, 'gx': -5.85, 'gy': -0.46, 'gz': -9.34}, {'t_us': 1865873270, 'ax': -0.92, 'ay': -0.06, 'az': -0.39, 'gx': -6.81, 'gy': 0.6, 'gz': -8.66}, {'t_us': 1865893279, 'ax': -0.91, 'ay': -0.06, 'az': -0.38, 'gx': -6.98, 'gy': 0.4, 'gz': -7.15}, {'t_us': 1865913317, 'ax': -0.91, 'ay': -0.07, 'az': -0.38, 'gx': -6.47, 'gy': 0.73, 'gz': -6.37}, {'t_us': 1865933315, 'ax': -0.91, 'ay': -0.09, 'az': -0.36, 'gx': -5.16, 'gy': 0.44, 'gz': -5.05}]",2026-02-13 11:10:29,0.0
"[{'t_us': 1865958179, 'ax': -0.9, 'ay': -0.1, 'az': -0.39, 'gx': -2.47, 'gy': -0.03, 'gz': -3.85}, {'t_us': 1865973326, 'ax': -0.9, 'ay': -0.08, 'az': -0.35, 'gx': -1.95, 'gy': 2.31, 'gz': -2.98}, {'t_us': 1865993292, 'ax': -0.89, 'ay': -0.07, 'az': -0.35, 'gx': -2.09, 'gy': 4.98, 'gz': -1.77}, {'t_us': 1866013292, 'ax': -0.93, 'ay': -0.06, 'az': -0.36, 'gx': -2.87, 'gy': 3.02, 'gz': -1.53}, {'t_us': 1866033306, 'ax': -0.95, 'ay': -0.06, 'az': -0.32, 'gx': -3.4, 'gy': 3.36, 'gz': -1.57}]",2026-02-13 11:10:29,0.0
"[{'t_us': 1866059860, 'ax': -0.9, 'ay': -0.07, 'az': -0.33, 'gx': -5.54, 'gy': -0.47, 'gz': -1.91}, {'t_us': 1866073286, 'ax': -0.89, 'ay': -0.07, 'az': -0.33, 'gx': -5.95, 'gy': 1.97, 'gz': -1.77}, {'t_us': 1866093292, 'ax': -0.87, 'ay': -0.09, 'az': -0.34, 'gx': -6.18, 'gy': 4.11, 'gz': -1.95}, {'t_us': 1866113274, 'ax': -0.92, 'ay': -0.08, 'az': -0.36, 'gx': -6.72, 'gy': 9.04, 'gz': -0.9}, {'t_us': 1866133329, 'ax': -0.92, 'ay': -0.07, 'az': -0.39, 'gx': -7.88, 'gy': 7.5, 'gz': -1.42}]",2026-02-13 11:10:29,0.0
"[{'t_us': 1866157888, 'ax': -0.93, 'ay': -0.09, 'az': -0.4, 'gx': -8.69, 'gy': 3.65, 'gz': -0.75}, {'t_us': 1866173329, 'ax': -0.9, 'ay': -0.08, 'az': -0.37, 'gx': -9.04, 'gy': 3.05, 'gz': -1.11}, {'t_us': 1866193333, 'ax': -0.91, 'ay': -0.09, 'az': -0.39, 'gx': -9.27, 'gy': 5.71, 'gz': -1.69}, {'t_us': 1866213317, 'ax': -0.91, 'ay': -0.09, 'az': -0.37, 'gx': -8.37, 'gy': 3.71, 'gz': -0.73}, {'t_us': 1866233326, 'ax': -0.91, 'ay': -0.11, 'az': -0.37, 'gx': -7.27, 'gy': 4.29, 'gz': -0.08}]",2026-02-13 11:10:30,0.0
"[{'t_us': 1866259497, 'ax': -0.91, 'ay': -0.11, 'az': -0.36, 'gx': -5.36, 'gy': 3.69, 'gz': 0.38}, {'t_us': 1866273270, 'ax': -0.9, 'ay': -0.1, 'az': -0.35, 'gx': -4.47, 'gy': 3.85, 'gz': 0.64}, {'t_us': 1866293306, 'ax': -0.91, 'ay': -0.09, 'az': -0.37, 'gx': -3.18, 'gy': 4.37, 'gz': 0.7}, {'t_us': 1866313267, 'ax': -0.91, 'ay': -0.1, 'az': -0.37, 'gx': -1.97, 'gy': 5.16, 'gz': 0.95}, {'t_us': 1866333326, 'ax': -0.92, 'ay': -0.1, 'az': -0.37, 'gx': -0.67, 'gy': 5.25, 'gz': 1.22}]",2026-02-13 11:10:30,0.0
"[{'t_us': 1866359505, 'ax': -0.92, 'ay': -0.08, 'az': -0.37, 'gx': -0.81, 'gy': 5.62, 'gz': 0.93}, {'t_us': 1866373267, 'ax': -0.92, 'ay': -0.08, 'az': -0.36, 'gx': -1.31, 'gy': 5.02, 'gz': 0.56}, {'t_us': 1866393267, 'ax': -0.92, 'ay': -0.08, 'az': -0.37, 'gx': -2.0, 'gy': 4.11, 'gz': 0.14}, {'t_us': 1866413274, 'ax': -0.92, 'ay': -0.08, 'az': -0.36, 'gx': -2.12, 'gy': 4.06, 'gz': 0.27}, {'t_us': 1866433279, 'ax': -0.91, 'ay': -0.09, 'az': -0.37, 'gx': -2.05, 'gy': 4.5, 'gz': -0.06}]",2026-02-13 11:10:30,0.0
"[{'t_us': 1866458331, 'ax': -0.91, 'ay': -0.09, 'az': -0.37, 'gx': -2.15, 'gy': 4.75, 'gz': 0.08}, {'t_us': 1866473306, 'ax': -0.91, 'ay': -0.08, 'az': -0.37, 'gx': -2.4, 'gy': 4.09, 'gz': 0.15}, {'t_us': 1866493310, 'ax': -0.91, 'ay': -0.09, 'az': -0.36, 'gx': -2.63, 'gy': 3.71, 'gz': 0.02}, {'t_us': 1866513306, 'ax': -0.93, 'ay': -0.08, 'az': -0.36, 'gx': -2.47, 'gy': 3.69, 'gz': -0.34}, {'t_us': 1866533267, 'ax': -0.92, 'ay': -0.08, 'az': -0.36, 'gx': -2.08, 'gy': 0.7, 'gz': -0.11}]",2026-02-13 11:10:30,0.0
"[{'t_us': 1866559857, 'ax': -0.91, 'ay': -0.08, 'az': -0.34, 'gx': -2.26, 'gy': 1.73, 'gz': 0.02}, {'t_us': 1866573326, 'ax': -0.91, 'ay': -0.07, 'az': -0.36, 'gx': -2.43, 'gy': 2.31, 'gz': -0.11}, {'t_us': 1866593329, 'ax': -0.91, 'ay': -0.07, 'az': -0.36, 'gx': -2.4, 'gy': 2.08, 'gz': -0.14}, {'t_us': 1866613279, 'ax': -0.91, 'ay': -0.07, 'az': -0.34, 'gx': -3.07, 'gy': 2.95, 'gz': -0.03}, {'t_us': 1866633284, 'ax': -0.93, 'ay': -0.07, 'az': -0.35, 'gx': -3.98, 'gy': 3.4, 'gz': -0.32}]",2026-02-13 11:10:30,0.0
"[{'t_us': 1866658163, 'ax': -0.9, 'ay': -0.06, 'az': -0.35, 'gx': -5.18, 'gy': 3.63, 'gz': -0.26}, {'t_us': 1866673326, 'ax': -0.91, 'ay': -0.06, 'az': -0.35, 'gx': -5.53, 'gy': 4.72, 'gz': -0.11}, {'t_us': 1866693329, 'ax': -0.91, 'ay': -0.06, 'az': -0.36, 'gx': -6.08, 'gy': 5.02, 'gz': -0.11}, {'t_us': 1866713279, 'ax': -0.91, 'ay': -0.06, 'az': -0.36, 'gx': -6.44, 'gy': 5.53, 'gz': -0.72}, {'t_us': 1866733321, 'ax': -0.92, 'ay': -0.07, 'az': -0.36, 'gx': -6.44, 'gy': 5.22, 'gz': -1.25}]",2026-02-13 11:10:30,0.0
"[{'t_us': 1866759663, 'ax': -0.92, 'ay': -0.08, 'az': -0.38, 'gx': -6.03, 'gy': 4.69, 'gz': -0.61}, {'t_us': 1866773325, 'ax': -0.92, 'ay': -0.09, 'az': -0.38, 'gx': -5.47, 'gy': 5.15, 'gz': -0.43}, {'t_us': 1866793329, 'ax': -0.91, 'ay': -0.1, 'az': -0.37, 'gx': -4.31, 'gy': 5.3, 'gz': 0.31}, {'t_us': 1866813279, 'ax': -0.91, 'ay': -0.09, 'az': -0.37, 'gx': -3.1, 'gy': 5.95, 'gz': 0.49}, {'t_us': 1866833327, 'ax': -0.91, 'ay': -0.08, 'az': -0.37, 'gx': -2.37, 'gy': 4.69, 'gz': 0.58}]",2026-02-13 11:10:30,0.0
"[{'t_us': 1866858119, 'ax': -0.92, 'ay': -0.08, 'az': -0.37, 'gx': -1.45, 'gy': 4.02, 'gz': 0.67}, {'t_us': 1866873284, 'ax': -0.91, 'ay': -0.08, 'az': -0.35, 'gx': -1.04, 'gy': 3.76, 'gz': 0.64}, {'t_us': 1866893284, 'ax': -0.9, 'ay': -0.08, 'az': -0.37, 'gx': -0.73, 'gy': 4.72, 'gz': 0.69}, {'t_us': 1866913317, 'ax': -0.91, 'ay': -0.08, 'az': -0.36, 'gx': -0.66, 'gy': 4.93, 'gz': 0.76}, {'t_us': 1866933300, 'ax': -0.92, 'ay': -0.07, 'az': -0.38, 'gx': -1.11, 'gy': 5.4, 'gz': 0.89}]",2026-02-13 11:10:30,0.0
"[{'t_us': 1866958379, 'ax': -0.93, 'ay': -0.06, 'az': -0.37, 'gx': -2.24, 'gy': 4.14, 'gz': 0.34}, {'t_us': 1866973283, 'ax': -0.91, 'ay': -0.06, 'az': -0.38, 'gx': -2.31, 'gy': 4.26, 'gz': -0.15}, {'t_us': 1866993284, 'ax': -0.91, 'ay': -0.07, 'az': -0.39, 'gx': -2.67, 'gy': 4.23, 'gz': -0.64}, {'t_us': 1867013317, 'ax': -0.9, 'ay': -0.08, 'az': -0.38, 'gx': -2.23, 'gy': 3.74, 'gz': -0.21}, {'t_us': 1867033311, 'ax': -0.9, 'ay': -0.09, 'az': -0.38, 'gx': -1.77, 'gy': 3.76, 'gz': 0.17}]",2026-02-13 11:10:30,0.0
"[{'t_us': 1867060112, 'ax': -0.9, 'ay': -0.08, 'az': -0.38, 'gx': -1.31, 'gy': 2.41, 'gz': 0.17}, {'t_us': 1867073300, 'ax': -0.91, 'ay': -0.08, 'az': -0.38, 'gx': -1.07, 'gy': 1.56, 'gz': 0.7}, {'t_us': 1867093310, 'ax': -0.91, 'ay': -0.08, 'az': -0.38, 'gx': -0.47, 'gy': 0.63, 'gz': 1.27}, {'t_us': 1867113267, 'ax': -0.93, 'ay': -0.06, 'az': -0.37, 'gx': -0.85, 'gy': -1.37, 'gz': 1.34}, {'t_us': 1867133329, 'ax': -0.95, 'ay': -0.06, 'az': -0.38, 'gx': -1.74, 'gy': -6.72, 'gz': 1.07}]",2026-02-13 11:10:30,0.0
"[{'t_us': 1867159565, 'ax': -0.93, 'ay': -0.05, 'az': -0.37, 'gx': -2.26, 'gy': -14.96, 'gz': 0.89}, {'t_us': 1867173283, 'ax': -0.89, 'ay': -0.06, 'az': -0.37, 'gx': -2.02, 'gy': -11.79, 'gz': 1.28}, {'t_us': 1867193284, 'ax': -0.9, 'ay': -0.08, 'az': -0.38, 'gx': -2.63, 'gy': -2.09, 'gz': 1.13}, {'t_us': 1867213317, 'ax': -0.9, 'ay': -0.08, 'az': -0.38, 'gx': -3.15, 'gy': 0.99, 'gz': 1.88}, {'t_us': 1867233297, 'ax': -0.91, 'ay': -0.06, 'az': -0.33, 'gx': -4.29, 'gy': 3.01, 'gz': 2.31}]",2026-02-13 11:10:31,0.0
"[{'t_us': 1867260088, 'ax': -0.91, 'ay': -0.04, 'az': -0.32, 'gx': -6.87, 'gy': 7.15, 'gz': 1.27}, {'t_us': 1867273321, 'ax': -0.91, 'ay': -0.05, 'az': -0.33, 'gx': -7.36, 'gy': 6.81, 'gz': 0.98}, {'t_us': 1867293329, 'ax': -0.9, 'ay': -0.07, 'az': -0.33, 'gx': -8.17, 'gy': 6.21, 'gz': 0.21}, {'t_us': 1867313279, 'ax': -0.9, 'ay': -0.07, 'az': -0.34, 'gx': -9.07, 'gy': 7.8, 'gz': -0.35}, {'t_us': 1867333270, 'ax': -0.91, 'ay': -0.07, 'az': -0.35, 'gx': -9.79, 'gy': 8.89, 'gz': -0.76}]",2026-02-13 11:10:31,0.0
"[{'t_us': 1867359552, 'ax': -0.92, 'ay': -0.08, 'az': -0.36, 'gx': -10.17, 'gy': 8.79, 'gz': -0.75}, {'t_us': 1867373267, 'ax': -0.92, 'ay': -0.07, 'az': -0.36, 'gx': -10.02, 'gy': 8.43, 'gz': -0.82}, {'t_us': 1867393267, 'ax': -0.92, 'ay': -0.07, 'az': -0.36, 'gx': -10.34, 'gy': 7.98, 'gz': -0.79}, {'t_us': 1867413300, 'ax': -0.91, 'ay': -0.07, 'az': -0.36, 'gx': -9.79, 'gy': 5.62, 'gz': -0.14}, {'t_us': 1867433274, 'ax': -0.91, 'ay': -0.09, 'az': -0.37, 'gx': -8.6, 'gy': 5.47, 'gz': 0.21}]",2026-02-13 11:10:31,0.0
"[{'t_us': 1867458379, 'ax': -0.92, 'ay': -0.09, 'az': -0.38, 'gx': -6.0, 'gy': 5.48, 'gz': 0.6}, {'t_us': 1867473317, 'ax': -0.91, 'ay': -0.08, 'az': -0.37, 'gx': -4.67, 'gy': 4.43, 'gz': 0.85}, {'t_us': 1867493321, 'ax': -0.91, 'ay': -0.07, 'az': -0.37, 'gx': -2.63, 'gy': 3.97, 'gz': 0.96}, {'t_us': 1867513274, 'ax': -0.92, 'ay': -0.07, 'az': -0.37, 'gx': -1.79, 'gy': 3.44, 'gz': 1.11}, {'t_us': 1867533292, 'ax': -0.92, 'ay': -0.07, 'az': -0.37, 'gx': -0.85, 'gy': 1.92, 'gz': 0.43}]",2026-02-13 11:10:31,0.0
"[{'t_us': 1867558018, 'ax': -0.92, 'ay': -0.07, 'az': -0.36, 'gx': -0.56, 'gy': 0.21, 'gz': 0.52}, {'t_us': 1867573326, 'ax': -0.91, 'ay': -0.06, 'az': -0.36, 'gx': -0.18, 'gy': 0.58, 'gz': 0.49}, {'t_us': 1867593326, 'ax': -0.91, 'ay': -0.08, 'az': -0.36, 'gx': 0.31, 'gy': 2.05, 'gz': 0.53}, {'t_us': 1867613284, 'ax': -0.91, 'ay': -0.08, 'az': -0.36, 'gx': 0.9, 'gy': 1.57, 'gz': 0.29}, {'t_us': 1867633284, 'ax': -0.91, 'ay': -0.07, 'az': -0.35, 'gx': 1.1, 'gy': 1.44, 'gz': -0.05}]",2026-02-13 11:10:31,0.0
"[{'t_us': 1867660305, 'ax': -0.92, 'ay': -0.07, 'az': -0.36, 'gx': 1.47, 'gy': 0.76, 'gz': 0.23}, {'t_us': 1867673321, 'ax': -0.92, 'ay': -0.08, 'az': -0.36, 'gx': 1.73, 'gy': 1.13, 'gz': 0.5}, {'t_us': 1867693329, 'ax': -0.92, 'ay': -0.07, 'az': -0.37, 'gx': 2.24, 'gy': 2.0, 'gz': 0.56}, {'t_us': 1867713279, 'ax': -0.92, 'ay': -0.08, 'az': -0.37, 'gx': 3.05, 'gy': 1.8, 'gz': 0.78}, {'t_us': 1867733279, 'ax': -0.91, 'ay': -0.07, 'az': -0.36, 'gx': 3.65, 'gy': 2.05, 'gz': 0.67}]",2026-02-13 11:10:31,0.0
"[{'t_us': 1867759544, 'ax': -0.92, 'ay': -0.07, 'az': -0.35, 'gx': 4.52, 'gy': 1.8, 'gz': 0.82}, {'t_us': 1867773292, 'ax': -0.91, 'ay': -0.07, 'az': -0.35, 'gx': 4.53, 'gy': 1.19, 'gz': 0.92}, {'t_us': 1867793306, 'ax': -0.91, 'ay': -0.06, 'az': -0.35, 'gx': 4.64, 'gy': 0.69, 'gz': 1.13}, {'t_us': 1867813333, 'ax': -0.91, 'ay': -0.06, 'az': -0.34, 'gx': 4.26, 'gy': 0.31, 'gz': 1.11}, {'t_us': 1867833300, 'ax': -0.93, 'ay': -0.06, 'az': -0.33, 'gx': 4.17, 'gy': -0.14, 'gz': 1.15}]",2026-02-13 11:10:31,0.0
"[{'t_us': 1867858326, 'ax': -0.94, 'ay': -0.06, 'az': -0.33, 'gx': 3.8, 'gy': -1.44, 'gz': 1.19}, {'t_us': 1867873283, 'ax': -0.93, 'ay': -0.05, 'az': -0.31, 'gx': 3.18, 'gy': -1.44, 'gz': 1.04}, {'t_us': 1867893284, 'ax': -0.92, 'ay': -0.04, 'az': -0.32, 'gx': 2.17, 'gy': -0.66, 'gz': 0.4}, {'t_us': 1867913317, 'ax': -0.91, 'ay': -0.03, 'az': -0.32, 'gx': 0.93, 'gy': -0.55, 'gz': 0.08}, {'t_us': 1867933329, 'ax': -0.92, 'ay': -0.04, 'az': -0.3, 'gx': -0.23, 'gy': 0.05, 'gz': -0.18}]",2026-02-13 11:10:31,0.0
"[{'t_us': 1867960416, 'ax': -0.92, 'ay': -0.05, 'az': -0.31, 'gx': -1.4, 'gy': 0.49, 'gz': -0.11}, {'t_us': 1867973797, 'ax': -0.92, 'ay': -0.06, 'az': -0.31, 'gx': -1.94, 'gy': 1.86, 'gz': 0.18}, {'t_us': 1867993310, 'ax': -0.91, 'ay': -0.06, 'az': -0.32, 'gx': -2.34, 'gy': 3.28, 'gz': -0.03}, {'t_us': 1868013267, 'ax': -0.91, 'ay': -0.06, 'az': -0.34, 'gx': -2.23, 'gy': 5.44, 'gz': -0.24}, {'t_us': 1868033270, 'ax': -0.92, 'ay': -0.05, 'az': -0.35, 'gx': -2.7, 'gy': 6.17, 'gz': 0.03}]",2026-02-13 11:10:31,0.0
"[{'t_us': 1868060772, 'ax': -0.91, 'ay': -0.06, 'az': -0.36, 'gx': -3.27, 'gy': 6.82, 'gz': 0.03}, {'t_us': 1868073292, 'ax': -0.92, 'ay': -0.06, 'az': -0.36, 'gx': -3.51, 'gy': 7.02, 'gz': -0.09}, {'t_us': 1868093306, 'ax': -0.91, 'ay': -0.06, 'az': -0.35, 'gx': -4.41, 'gy': 6.98, 'gz': -0.08}, {'t_us': 1868113333, 'ax': -0.91, 'ay': -0.06, 'az': -0.35, 'gx': -5.11, 'gy': 7.59, 'gz': -0.05}, {'t_us': 1868133300, 'ax': -0.92, 'ay': -0.06, 'az': -0.37, 'gx': -5.45, 'gy': 6.6, 'gz': -0.34}]",2026-02-13 11:10:31,0.0
"[{'t_us': 1868158409, 'ax': -0.91, 'ay': -0.06, 'az': -0.35, 'gx': -5.56, 'gy': 6.61, 'gz': -0.21}, {'t_us': 1868173329, 'ax': -0.91, 'ay': -0.07, 'az': -0.36, 'gx': -5.59, 'gy': 6.49, 'gz': -0.17}, {'t_us': 1868193333, 'ax': -0.91, 'ay': -0.07, 'az': -0.34, 'gx': -5.94, 'gy': 6.44, 'gz': -0.24}, {'t_us': 1868213292, 'ax': -0.92, 'ay': -0.06, 'az': -0.33, 'gx': -6.52, 'gy': 5.19, 'gz': -0.89}, {'t_us': 1868233317, 'ax': -0.93, 'ay': -0.06, 'az': -0.34, 'gx': -7.36, 'gy': 4.81, 'gz': -1.15}]",2026-02-13 11:10:32,0.0
"[{'t_us': 1868258113, 'ax': -0.92, 'ay': -0.06, 'az': -0.33, 'gx': -8.2, 'gy': 4.85, 'gz': -1.02}, {'t_us': 1868273725, 'ax': -0.92, 'ay': -0.06, 'az': -0.34, 'gx': -8.7, 'gy': 5.04, 'gz': -1.42}, {'t_us': 1868293317, 'ax': -0.92, 'ay': -0.07, 'az': -0.34, 'gx': -8.79, 'gy': 5.79, 'gz': -1.83}, {'t_us': 1868313267, 'ax': -0.9, 'ay': -0.08, 'az': -0.35, 'gx': -8.32, 'gy': 5.89, 'gz': -1.48}, {'t_us': 1868333321, 'ax': -0.92, 'ay': -0.08, 'az': -0.35, 'gx': -8.35, 'gy': 6.49, 'gz': -0.89}]",2026-02-13 11:10:32,0.0
"[{'t_us': 1868357731, 'ax': -0.92, 'ay': -0.09, 'az': -0.36, 'gx': -7.65, 'gy': 5.76, 'gz': -0.99}, {'t_us': 1868373306, 'ax': -0.9, 'ay': -0.09, 'az': -0.37, 'gx': -7.11, 'gy': 6.67, 'gz': -0.87}, {'t_us': 1868393317, 'ax': -0.91, 'ay': -0.09, 'az': -0.38, 'gx': -6.44, 'gy': 6.46, 'gz': -0.76}, {'t_us': 1868413267, 'ax': -0.91, 'ay': -0.08, 'az': -0.37, 'gx': -5.89, 'gy': 6.5, 'gz': -0.84}, {'t_us': 1868433310, 'ax': -0.91, 'ay': -0.08, 'az': -0.38, 'gx': -5.59, 'gy': 5.83, 'gz': -0.73}]",2026-02-13 11:10:32,0.0
"[{'t_us': 1868459652, 'ax': -0.9, 'ay': -0.08, 'az': -0.37, 'gx': -4.89, 'gy': 6.31, 'gz': -0.75}, {'t_us': 1868473330, 'ax': -0.9, 'ay': -0.08, 'az': -0.37, 'gx': -4.35, 'gy': 6.27, 'gz': -0.79}, {'t_us': 1868493306, 'ax': -0.9, 'ay': -0.09, 'az': -0.37, 'gx': -3.56, 'gy': 6.64, 'gz': -0.75}, {'t_us': 1868513333, 'ax': -0.9, 'ay': -0.08, 'az': -0.38, 'gx': -3.04, 'gy': 6.72, 'gz': -0.66}, {'t_us': 1868533329, 'ax': -0.9, 'ay': -0.08, 'az': -0.39, 'gx': -2.66, 'gy': 6.35, 'gz': -0.56}]",2026-02-13 11:10:32,0.0
"[{'t_us': 1868557988, 'ax': -0.91, 'ay': -0.07, 'az': -0.38, 'gx': -2.66, 'gy': 6.09, 'gz': -0.43}, {'t_us': 1868573329, 'ax': -0.92, 'ay': -0.07, 'az': -0.38, 'gx': -2.85, 'gy': 5.36, 'gz': -0.56}, {'t_us': 1868593310, 'ax': -0.92, 'ay': -0.08, 'az': -0.37, 'gx': -2.53, 'gy': 3.44, 'gz': -0.49}, {'t_us': 1868613317, 'ax': -0.91, 'ay': -0.08, 'az': -0.37, 'gx': -2.58, 'gy': 3.19, 'gz': -0.41}, {'t_us': 1868633267, 'ax': -0.89, 'ay': -0.07, 'az': -0.37, 'gx': -2.08, 'gy': 5.15, 'gz': -0.58}]",2026-02-13 11:10:32,0.0
"[{'t_us': 1868659755, 'ax': -0.9, 'ay': -0.06, 'az': -0.37, 'gx': -1.71, 'gy': 6.95, 'gz': -0.52}, {'t_us': 1868673333, 'ax': -0.9, 'ay': -0.06, 'az': -0.37, 'gx': -1.63, 'gy': 7.56, 'gz': -0.69}, {'t_us': 1868693284, 'ax': -0.92, 'ay': -0.07, 'az': -0.36, 'gx': -2.17, 'gy': 5.53, 'gz': -0.67}, {'t_us': 1868713284, 'ax': -0.93, 'ay': -0.06, 'az': -0.36, 'gx': -2.43, 'gy': 4.05, 'gz': -0.58}, {'t_us': 1868733274, 'ax': -0.93, 'ay': -0.06, 'az': -0.34, 'gx': -2.93, 'gy': 3.13, 'gz': -0.79}]",2026-02-13 11:10:32,0.0
"[{'t_us': 1868759835, 'ax': -0.92, 'ay': -0.05, 'az': -0.34, 'gx': -3.22, 'gy': 4.4, 'gz': -1.28}, {'t_us': 1868773332, 'ax': -0.91, 'ay': -0.05, 'az': -0.34, 'gx': -3.76, 'gy': 4.55, 'gz': -0.99}, {'t_us': 1868793300, 'ax': -0.92, 'ay': -0.05, 'az': -0.33, 'gx': -4.46, 'gy': 5.05, 'gz': -1.16}, {'t_us': 1868813329, 'ax': -0.94, 'ay': -0.05, 'az': -0.35, 'gx': -5.48, 'gy': 4.4, 'gz': -1.25}, {'t_us': 1868833325, 'ax': -0.91, 'ay': -0.05, 'az': -0.36, 'gx': -6.08, 'gy': 3.63, 'gz': -1.36}]",2026-02-13 11:10:32,0.0
"[{'t_us': 1868859352, 'ax': -0.91, 'ay': -0.06, 'az': -0.35, 'gx': -6.76, 'gy': 4.87, 'gz': -1.66}, {'t_us': 1868873317, 'ax': -0.91, 'ay': -0.06, 'az': -0.36, 'gx': -7.08, 'gy': 4.46, 'gz': -1.74}, {'t_us': 1868893292, 'ax': -0.91, 'ay': -0.06, 'az': -0.35, 'gx': -7.28, 'gy': 4.05, 'gz': -1.77}, {'t_us': 1868913321, 'ax': -0.91, 'ay': -0.06, 'az': -0.35, 'gx': -7.53, 'gy': 3.65, 'gz': -1.54}, {'t_us': 1868933310, 'ax': -0.9, 'ay': -0.07, 'az': -0.35, 'gx': -7.53, 'gy': 4.23, 'gz': -1.4}]",2026-02-13 11:10:32,0.0
"[{'t_us': 1868959939, 'ax': -0.91, 'ay': -0.07, 'az': -0.36, 'gx': -7.28, 'gy': 5.57, 'gz': -1.5}, {'t_us': 1868973284, 'ax': -0.9, 'ay': -0.07, 'az': -0.36, 'gx': -7.22, 'gy': 5.69, 'gz': -1.34}, {'t_us': 1868993321, 'ax': -0.9, 'ay': -0.07, 'az': -0.37, 'gx': -7.11, 'gy': 6.7, 'gz': -1.25}, {'t_us': 1869013274, 'ax': -0.91, 'ay': -0.07, 'az': -0.37, 'gx': -6.84, 'gy': 6.73, 'gz': -1.33}, {'t_us': 1869033279, 'ax': -0.91, 'ay': -0.07, 'az': -0.36, 'gx': -6.64, 'gy': 6.85, 'gz': -1.27}]",2026-02-13 11:10:32,0.0
"[{'t_us': 1869059393, 'ax': -0.93, 'ay': -0.06, 'az': -0.35, 'gx': -6.63, 'gy': 6.18, 'gz': -1.13}, {'t_us': 1869074890, 'ax': -0.94, 'ay': -0.05, 'az': -0.34, 'gx': -6.89, 'gy': 4.31, 'gz': -1.74}, {'t_us': 1869093279, 'ax': -0.94, 'ay': -0.04, 'az': -0.32, 'gx': -7.69, 'gy': 3.45, 'gz': -2.4}, {'t_us': 1869113310, 'ax': -0.91, 'ay': -0.03, 'az': -0.31, 'gx': -8.98, 'gy': 2.53, 'gz': -2.9}, {'t_us': 1869133320, 'ax': -0.9, 'ay': -0.03, 'az': -0.28, 'gx': -11.08, 'gy': 3.83, 'gz': -2.95}]",2026-02-13 11:10:32,0.0
"[{'t_us': 1869159888, 'ax': -0.92, 'ay': -0.03, 'az': -0.27, 'gx': -14.47, 'gy': 4.0, 'gz': -3.44}, {'t_us': 1869173326, 'ax': -0.93, 'ay': -0.02, 'az': -0.26, 'gx': -16.05, 'gy': 3.28, 'gz': -3.73}, {'t_us': 1869193270, 'ax': -0.93, 'ay': -0.04, 'az': -0.26, 'gx': -17.79, 'gy': 2.58, 'gz': -3.8}, {'t_us': 1869213306, 'ax': -0.93, 'ay': -0.04, 'az': -0.28, 'gx': -19.44, 'gy': 3.19, 'gz': -3.24}, {'t_us': 1869233267, 'ax': -0.91, 'ay': -0.03, 'az': -0.29, 'gx': -20.4, 'gy': 4.03, 'gz': -2.46}]",2026-02-13 11:10:33,0.0
"[{'t_us': 1869259442, 'ax': -0.91, 'ay': -0.04, 'az': -0.3, 'gx': -20.69, 'gy': 4.37, 'gz': -2.03}, {'t_us': 1869273274, 'ax': -0.9, 'ay': -0.05, 'az': -0.3, 'gx': -20.67, 'gy': 4.35, 'gz': -2.21}, {'t_us': 1869293274, 'ax': -0.9, 'ay': -0.06, 'az': -0.31, 'gx': -20.9, 'gy': 6.17, 'gz': -1.6}, {'t_us': 1869313306, 'ax': -0.9, 'ay': -0.06, 'az': -0.32, 'gx': -20.96, 'gy': 6.17, 'gz': -1.47}, {'t_us': 1869333306, 'ax': -0.9, 'ay': -0.05, 'az': -0.33, 'gx': -20.43, 'gy': 7.59, 'gz': -1.45}]",2026-02-13 11:10:33,0.0
"[{'t_us': 1869357695, 'ax': -0.87, 'ay': -0.07, 'az': -0.35, 'gx': -19.27, 'gy': 11.21, 'gz': -0.29}, {'t_us': 1869373310, 'ax': -0.89, 'ay': -0.09, 'az': -0.37, 'gx': -18.08, 'gy': 12.32, 'gz': 0.64}, {'t_us': 1869393267, 'ax': -0.93, 'ay': -0.09, 'az': -0.39, 'gx': -15.82, 'gy': 11.71, 'gz': 1.66}, {'t_us': 1869413300, 'ax': -0.92, 'ay': -0.1, 'az': -0.43, 'gx': -12.4, 'gy': 13.31, 'gz': 1.97}, {'t_us': 1869433326, 'ax': -0.98, 'ay': -0.1, 'az': -0.46, 'gx': -7.88, 'gy': 15.1, 'gz': 1.01}]",2026-02-13 11:10:33,0.0
"[{'t_us': 1869457892, 'ax': -1.0, 'ay': -0.07, 'az': -0.4, 'gx': -5.02, 'gy': 14.98, 'gz': 4.24}, {'t_us': 1869473310, 'ax': -1.02, 'ay': -0.01, 'az': -0.4, 'gx': -5.97, 'gy': 9.19, 'gz': 0.81}, {'t_us': 1869493292, 'ax': -1.0, 'ay': 0.01, 'az': -0.35, 'gx': -9.63, 'gy': 6.9, 'gz': -0.31}, {'t_us': 1869513321, 'ax': -0.92, 'ay': 0.03, 'az': -0.32, 'gx': -14.5, 'gy': 5.54, 'gz': -1.16}, {'t_us': 1869533284, 'ax': -0.86, 'ay': 0.02, 'az': -0.29, 'gx': -19.05, 'gy': 7.39, 'gz': -1.66}]",2026-02-13 11:10:33,0.0
"[{'t_us': 1869559913, 'ax': -0.81, 'ay': -0.02, 'az': -0.26, 'gx': -22.55, 'gy': 11.13, 'gz': -1.77}, {'t_us': 1869573321, 'ax': -0.79, 'ay': -0.02, 'az': -0.27, 'gx': -23.37, 'gy': 13.05, 'gz': -1.3}, {'t_us': 1869593291, 'ax': -0.78, 'ay': -0.04, 'az': -0.29, 'gx': -23.66, 'gy': 18.52, 'gz': 0.37}, {'t_us': 1869613267, 'ax': -0.82, 'ay': -0.05, 'az': -0.32, 'gx': -23.16, 'gy': 22.85, 'gz': 1.69}, {'t_us': 1869633284, 'ax': -0.86, 'ay': -0.06, 'az': -0.33, 'gx': -21.3, 'gy': 20.63, 'gz': 2.52}]",2026-02-13 11:10:33,0.0
"[{'t_us': 1869659428, 'ax': -0.89, 'ay': -0.06, 'az': -0.35, 'gx': -16.7, 'gy': 18.26, 'gz': 2.15}, {'t_us': 1869675254, 'ax': -0.88, 'ay': -0.05, 'az': -0.34, 'gx': -15.3, 'gy': 19.56, 'gz': 1.51}, {'t_us': 1869693300, 'ax': -0.92, 'ay': -0.02, 'az': -0.28, 'gx': -16.63, 'gy': 22.58, 'gz': -0.27}, {'t_us': 1869713310, 'ax': -0.93, 'ay': 0.01, 'az': -0.32, 'gx': -20.18, 'gy': 25.27, 'gz': -2.85}, {'t_us': 1869733326, 'ax': -0.9, 'ay': 0.04, 'az': -0.32, 'gx': -25.63, 'gy': 29.65, 'gz': -4.98}]",2026-02-13 11:10:33,0.0
"[{'t_us': 1869759487, 'ax': -0.9, 'ay': 0.09, 'az': -0.29, 'gx': -36.7, 'gy': 28.31, 'gz': -9.42}, {'t_us': 1869773326, 'ax': -0.89, 'ay': 0.06, 'az': -0.29, 'gx': -38.98, 'gy': 22.64, 'gz': -11.74}, {'t_us': 1869793295, 'ax': -0.83, 'ay': -0.04, 'az': -0.22, 'gx': -40.72, 'gy': 15.24, 'gz': -11.94}, {'t_us': 1869813279, 'ax': -0.86, 'ay': -0.06, 'az': -0.1, 'gx': -44.15, 'gy': 5.79, 'gz': -12.44}, {'t_us': 1869833331, 'ax': -0.61, 'ay': -0.11, 'az': -0.2, 'gx': -43.53, 'gy': 19.39, 'gz': -13.34}]",2026-02-13 11:10:33,0.0
"[{'t_us': 1869857961, 'ax': -0.55, 'ay': -0.11, 'az': -0.29, 'gx': -38.72, 'gy': 32.06, 'gz': -4.11}, {'t_us': 1869873284, 'ax': -0.62, 'ay': -0.1, 'az': -0.2, 'gx': -37.15, 'gy': 26.23, 'gz': 2.17}, {'t_us': 1869893310, 'ax': -0.61, 'ay': -0.14, 'az': -0.18, 'gx': -35.51, 'gy': 30.12, 'gz': 5.39}, {'t_us': 1869913300, 'ax': -0.5, 'ay': -0.15, 'az': -0.54, 'gx': -30.99, 'gy': 57.42, 'gz': 4.53}, {'t_us': 1869933329, 'ax': -0.56, 'ay': -0.11, 'az': -0.54, 'gx': -26.99, 'gy': 48.49, 'gz': 5.36}]",2026-02-13 11:10:33,0.0
"[{'t_us': 1869959497, 'ax': -0.42, 'ay': -0.01, 'az': -0.31, 'gx': -19.76, 'gy': 45.6, 'gz': 8.53}, {'t_us': 1869973329, 'ax': -0.43, 'ay': -0.02, 'az': -0.32, 'gx': -17.6, 'gy': 59.4, 'gz': 9.34}, {'t_us': 1869993333, 'ax': -0.39, 'ay': -0.07, 'az': -0.54, 'gx': -16.09, 'gy': 73.31, 'gz': 8.18}, {'t_us': 1870013279, 'ax': -0.37, 'ay': -0.05, 'az': -0.5, 'gx': -16.14, 'gy': 57.34, 'gz': 7.07}, {'t_us': 1870033306, 'ax': -0.26, 'ay': -0.14, 'az': -0.44, 'gx': 6.24, 'gy': 62.21, 'gz': 12.32}]",2026-02-13 11:10:33,0.0
"[{'t_us': 1870059363, 'ax': -0.41, 'ay': -0.34, 'az': -0.38, 'gx': 34.5, 'gy': 67.24, 'gz': 22.99}, {'t_us': 1870073321, 'ax': -0.42, 'ay': -0.35, 'az': -0.38, 'gx': 48.34, 'gy': 66.92, 'gz': 29.31}, {'t_us': 1870093279, 'ax': -0.38, 'ay': -0.1, 'az': -0.52, 'gx': 63.53, 'gy': 90.52, 'gz': 29.63}, {'t_us': 1870113333, 'ax': -0.41, 'ay': 0.09, 'az': -0.49, 'gx': 60.4, 'gy': 119.86, 'gz': 21.98}, {'t_us': 1870133292, 'ax': -0.44, 'ay': 0.2, 'az': -0.57, 'gx': 39.21, 'gy': 154.87, 'gz': 15.69}]",2026-02-13 11:10:33,0.0
"[{'t_us': 1870159430, 'ax': -0.45, 'ay': 0.27, 'az': -0.65, 'gx': 8.67, 'gy': 177.71, 'gz': 9.54}, {'t_us': 1870173317, 'ax': -0.49, 'ay': 0.26, 'az': -0.76, 'gx': -3.01, 'gy': 220.03, 'gz': -1.63}, {'t_us': 1870193321, 'ax': -0.58, 'ay': 0.27, 'az': -0.7, 'gx': -18.46, 'gy': 280.27, 'gz': -21.73}, {'t_us': 1870213292, 'ax': -0.69, 'ay': 0.2, 'az': -0.69, 'gx': -40.99, 'gy': 357.37, 'gz': -36.85}, {'t_us': 1870233300, 'ax': -0.86, 'ay': 0.1, 'az': -0.71, 'gx': -50.21, 'gy': 376.66, 'gz': -51.82}]",2026-02-13 11:10:34,0.0
"[{'t_us': 1870258159, 'ax': -0.59, 'ay': -0.02, 'az': -0.7, 'gx': -25.04, 'gy': 377.04, 'gz': -51.45}, {'t_us': 1870273321, 'ax': -0.49, 'ay': -0.06, 'az': -0.59, 'gx': -18.17, 'gy': 368.06, 'gz': -32.18}, {'t_us': 1870293329, 'ax': -0.42, 'ay': -0.09, 'az': -0.63, 'gx': -31.63, 'gy': 315.89, 'gz': -25.79}, {'t_us': 1870313270, 'ax': -0.17, 'ay': -0.19, 'az': -0.93, 'gx': -50.31, 'gy': 145.82, 'gz': -23.1}, {'t_us': 1870333279, 'ax': 0.14, 'ay': -0.27, 'az': -0.89, 'gx': -44.44, 'gy': 71.76, 'gz': -21.74}]",2026-02-13 11:10:34,0.0
"[{'t_us': 1870359389, 'ax': 0.49, 'ay': -0.1, 'az': -1.09, 'gx': -60.72, 'gy': -0.69, 'gz': -40.08}, {'t_us': 1870373284, 'ax': 1.43, 'ay': 0.46, 'az': -2.0, 'gx': 21.42, 'gy': 74.18, 'gz': -6.21}, {'t_us': 1870393300, 'ax': 0.55, 'ay': 0.37, 'az': -2.0, 'gx': 185.42, 'gy': 421.63, 'gz': 5.77}, {'t_us': 1870413302, 'ax': -2.0, 'ay': 0.4, 'az': 2.0, 'gx': -109.74, 'gy': -500.27, 'gz': -85.33}, {'t_us': 1870433292, 'ax': 2.0, 'ay': 0.28, 'az': -2.0, 'gx': -54.08, 'gy': 120.92, 'gz': 130.05}]",2026-02-13 11:10:34,0.0
"[{'t_us': 1870459760, 'ax': 0.63, 'ay': 0.09, 'az': -0.97, 'gx': -48.08, 'gy': -98.66, 'gz': 55.86}, {'t_us': 1870473321, 'ax': 0.76, 'ay': -0.16, 'az': -1.3, 'gx': -57.54, 'gy': 69.98, 'gz': -1.79}, {'t_us': 1870493274, 'ax': 0.25, 'ay': -0.09, 'az': -1.48, 'gx': -63.3, 'gy': 118.67, 'gz': -49.74}, {'t_us': 1870513329, 'ax': -0.17, 'ay': -0.09, 'az': -1.06, 'gx': -50.03, 'gy': 42.26, 'gz': -40.72}, {'t_us': 1870533300, 'ax': -0.06, 'ay': -0.07, 'az': -0.97, 'gx': -46.61, 'gy': -77.88, 'gz': -25.77}]",2026-02-13 11:10:34,0.0
"[{'t_us': 1870557953, 'ax': 0.27, 'ay': 0.05, 'az': -0.97, 'gx': -66.58, 'gy': -161.66, 'gz': -13.07}, {'t_us': 1870573333, 'ax': 0.47, 'ay': 0.13, 'az': -1.16, 'gx': -59.11, 'gy': -135.69, 'gz': -11.57}, {'t_us': 1870593310, 'ax': 0.74, 'ay': 0.17, 'az': -1.13, 'gx': -30.38, 'gy': -91.1, 'gz': 4.4}, {'t_us': 1870613320, 'ax': 0.69, 'ay': 0.22, 'az': -1.08, 'gx': -6.72, 'gy': -92.38, 'gz': 8.41}, {'t_us': 1870633317, 'ax': 0.7, 'ay': 0.34, 'az': -0.98, 'gx': 3.5, 'gy': -56.12, 'gz': -2.87}]",2026-02-13 11:10:34,0.0
"[{'t_us': 1870660000, 'ax': 0.6, 'ay': 0.43, 'az': -0.73, 'gx': 2.69, 'gy': -17.98, 'gz': -12.0}, {'t_us': 1870673318, 'ax': 0.57, 'ay': 0.44, 'az': -0.65, 'gx': -1.5, 'gy': -8.85, 'gz': -12.38}, {'t_us': 1870693333, 'ax': 0.48, 'ay': 0.36, 'az': -0.71, 'gx': -17.57, 'gy': -6.26, 'gz': -7.69}, {'t_us': 1870713273, 'ax': 0.39, 'ay': 0.26, 'az': -0.9, 'gx': -32.35, 'gy': -0.81, 'gz': -7.28}, {'t_us': 1870733327, 'ax': 0.4, 'ay': 0.22, 'az': -1.0, 'gx': -22.21, 'gy': 24.05, 'gz': -5.15}]",2026-02-13 11:10:34,0.0
"[{'t_us': 1870759405, 'ax': 0.23, 'ay': 0.24, 'az': -0.86, 'gx': -13.1, 'gy': 14.78, 'gz': -6.84}, {'t_us': 1870773270, 'ax': 0.25, 'ay': 0.19, 'az': -0.91, 'gx': -15.54, 'gy': 16.58, 'gz': -4.5}, {'t_us': 1870793270, 'ax': 0.24, 'ay': 0.14, 'az': -1.06, 'gx': -12.32, 'gy': 20.06, 'gz': 6.37}, {'t_us': 1870813306, 'ax': 0.16, 'ay': 0.15, 'az': -1.19, 'gx': -3.47, 'gy': 18.9, 'gz': 10.24}, {'t_us': 1870833292, 'ax': 0.09, 'ay': 0.17, 'az': -1.27, 'gx': 7.13, 'gy': 29.54, 'gz': 9.92}]",2026-02-13 11:10:34,0.0
"[{'t_us': 1870857919, 'ax': 0.03, 'ay': 0.16, 'az': -1.19, 'gx': 19.73, 'gy': 20.32, 'gz': 14.02}, {'t_us': 1870873292, 'ax': 0.04, 'ay': 0.18, 'az': -1.15, 'gx': 22.99, 'gy': 0.75, 'gz': 17.57}, {'t_us': 1870893306, 'ax': 0.09, 'ay': 0.17, 'az': -1.11, 'gx': 23.54, 'gy': -10.73, 'gz': 19.39}, {'t_us': 1870913333, 'ax': 0.1, 'ay': 0.2, 'az': -1.07, 'gx': 21.33, 'gy': -5.3, 'gz': 17.45}, {'t_us': 1870933329, 'ax': 0.11, 'ay': 0.22, 'az': -1.04, 'gx': 18.52, 'gy': -11.83, 'gz': 15.3}]",2026-02-13 11:10:34,0.0
"[{'t_us': 1870960224, 'ax': 0.16, 'ay': 0.19, 'az': -1.1, 'gx': 14.72, 'gy': -4.08, 'gz': 9.62}, {'t_us': 1870973329, 'ax': 0.14, 'ay': 0.2, 'az': -1.07, 'gx': 13.05, 'gy': 3.92, 'gz': 9.28}, {'t_us': 1870993333, 'ax': 0.09, 'ay': 0.2, 'az': -1.06, 'gx': 10.66, 'gy': 3.04, 'gz': 9.11}, {'t_us': 1871013300, 'ax': 0.09, 'ay': 0.23, 'az': -0.99, 'gx': 7.07, 'gy': -4.26, 'gz': 9.77}, {'t_us': 1871033306, 'ax': 0.08, 'ay': 0.25, 'az': -1.0, 'gx': 5.83, 'gy': -0.03, 'gz': 7.73}]",2026-02-13 11:10:34,0.0
"[{'t_us': 1871058161, 'ax': 0.08, 'ay': 0.23, 'az': -1.01, 'gx': 4.15, 'gy': 6.35, 'gz': 5.07}, {'t_us': 1871073274, 'ax': 0.1, 'ay': 0.22, 'az': -1.03, 'gx': 0.73, 'gy': 0.82, 'gz': 3.19}, {'t_us': 1871093335, 'ax': 0.14, 'ay': 0.18, 'az': -1.1, 'gx': 4.56, 'gy': 11.91, 'gz': 1.94}, {'t_us': 1871113310, 'ax': 0.09, 'ay': 0.13, 'az': -1.08, 'gx': 12.7, 'gy': 25.65, 'gz': 2.47}, {'t_us': 1871133284, 'ax': 0.1, 'ay': 0.14, 'az': -1.12, 'gx': 18.29, 'gy': 20.64, 'gz': 1.08}]",2026-02-13 11:10:34,0.0
"[{'t_us': 1871157856, 'ax': 0.19, 'ay': 0.15, 'az': -1.18, 'gx': 28.02, 'gy': 24.93, 'gz': -1.36}, {'t_us': 1871173326, 'ax': 0.23, 'ay': 0.08, 'az': -1.12, 'gx': 30.55, 'gy': 26.23, 'gz': 0.41}, {'t_us': 1871193329, 'ax': 0.21, 'ay': 0.14, 'az': -1.04, 'gx': 16.2, 'gy': 17.3, 'gz': 2.32}, {'t_us': 1871213284, 'ax': 0.15, 'ay': 0.07, 'az': -1.1, 'gx': 5.3, 'gy': 8.96, 'gz': 0.49}, {'t_us': 1871233271, 'ax': 0.24, 'ay': 0.06, 'az': -1.06, 'gx': 4.79, 'gy': 10.82, 'gz': -2.17}]",2026-02-13 11:10:35,0.0
"[{'t_us': 1871259661, 'ax': 0.22, 'ay': 0.08, 'az': -1.08, 'gx': -0.64, 'gy': 10.95, 'gz': -5.13}, {'t_us': 1871273311, 'ax': 0.23, 'ay': 0.07, 'az': -1.1, 'gx': -1.34, 'gy': 5.98, 'gz': -6.35}, {'t_us': 1871293317, 'ax': 0.26, 'ay': 0.07, 'az': -1.06, 'gx': -5.25, 'gy': 4.75, 'gz': -7.27}, {'t_us': 1871313270, 'ax': 0.24, 'ay': 0.07, 'az': -1.08, 'gx': -11.69, 'gy': 7.07, 'gz': -6.7}, {'t_us': 1871333329, 'ax': 0.23, 'ay': 0.07, 'az': -1.08, 'gx': -11.47, 'gy': 4.81, 'gz': -6.43}]",2026-02-13 11:10:35,0.0
"[{'t_us': 1871357902, 'ax': 0.24, 'ay': 0.11, 'az': -1.08, 'gx': -6.35, 'gy': 0.76, 'gz': -6.32}, {'t_us': 1871373321, 'ax': 0.24, 'ay': 0.1, 'az': -1.09, 'gx': -7.63, 'gy': -2.72, 'gz': -7.19}, {'t_us': 1871393329, 'ax': 0.24, 'ay': 0.08, 'az': -1.05, 'gx': -10.84, 'gy': -0.55, 'gz': -6.66}, {'t_us': 1871413284, 'ax': 0.24, 'ay': 0.07, 'az': -1.06, 'gx': -11.91, 'gy': 0.7, 'gz': -5.82}, {'t_us': 1871433310, 'ax': 0.19, 'ay': 0.09, 'az': -1.06, 'gx': -8.15, 'gy': -3.4, 'gz': -3.5}]",2026-02-13 11:10:35,0.0
"[{'t_us': 1871460212, 'ax': 0.2, 'ay': 0.12, 'az': -1.05, 'gx': -3.54, 'gy': -3.83, 'gz': -2.81}, {'t_us': 1871473292, 'ax': 0.21, 'ay': 0.12, 'az': -1.05, 'gx': -2.67, 'gy': -1.07, 'gz': -2.96}, {'t_us': 1871493321, 'ax': 0.19, 'ay': 0.11, 'az': -1.06, 'gx': -2.11, 'gy': 1.51, 'gz': -1.74}, {'t_us': 1871513290, 'ax': 0.18, 'ay': 0.1, 'az': -1.07, 'gx': 0.35, 'gy': 3.94, 'gz': -1.37}, {'t_us': 1871533322, 'ax': 0.18, 'ay': 0.12, 'az': -1.07, 'gx': 2.78, 'gy': 7.07, 'gz': 0.44}]",2026-02-13 11:10:35,0.0
"[{'t_us': 1871559459, 'ax': 0.17, 'ay': 0.1, 'az': -1.07, 'gx': 6.96, 'gy': 6.44, 'gz': 3.13}, {'t_us': 1871573300, 'ax': 0.18, 'ay': 0.1, 'az': -1.05, 'gx': 7.62, 'gy': 7.21, 'gz': 3.83}, {'t_us': 1871593270, 'ax': 0.2, 'ay': 0.1, 'az': -1.08, 'gx': 7.51, 'gy': 8.37, 'gz': 3.66}, {'t_us': 1871613284, 'ax': 0.21, 'ay': 0.1, 'az': -1.1, 'gx': 6.92, 'gy': 11.05, 'gz': 2.95}, {'t_us': 1871633317, 'ax': 0.2, 'ay': 0.09, 'az': -1.09, 'gx': 4.49, 'gy': 8.63, 'gz': 3.27}]",2026-02-13 11:10:35,0.0
"[{'t_us': 1871659913, 'ax': 0.21, 'ay': 0.1, 'az': -1.07, 'gx': 0.95, 'gy': 6.6, 'gz': 1.62}, {'t_us': 1871673327, 'ax': 0.22, 'ay': 0.12, 'az': -1.09, 'gx': 1.82, 'gy': 7.79, 'gz': 1.47}, {'t_us': 1871693333, 'ax': 0.22, 'ay': 0.1, 'az': -1.09, 'gx': 1.36, 'gy': 6.63, 'gz': 1.88}, {'t_us': 1871713300, 'ax': 0.21, 'ay': 0.07, 'az': -1.09, 'gx': -1.94, 'gy': 5.85, 'gz': 1.28}, {'t_us': 1871733329, 'ax': 0.2, 'ay': 0.08, 'az': -1.05, 'gx': -3.4, 'gy': 5.63, 'gz': 1.47}]",2026-02-13 11:10:35,0.0
"[{'t_us': 1871759531, 'ax': 0.23, 'ay': 0.09, 'az': -1.08, 'gx': -2.41, 'gy': 9.08, 'gz': 2.92}, {'t_us': 1871775175, 'ax': 0.23, 'ay': 0.09, 'az': -1.09, 'gx': -1.54, 'gy': 9.91, 'gz': 3.21}, {'t_us': 1871793326, 'ax': 0.22, 'ay': 0.09, 'az': -1.09, 'gx': -0.76, 'gy': 8.2, 'gz': 2.87}, {'t_us': 1871813279, 'ax': 0.2, 'ay': 0.1, 'az': -1.05, 'gx': -0.44, 'gy': 4.95, 'gz': 3.18}, {'t_us': 1871833329, 'ax': 0.22, 'ay': 0.07, 'az': -1.07, 'gx': 3.42, 'gy': 2.67, 'gz': 3.66}]",2026-02-13 11:10:35,0.0
"[{'t_us': 1871858354, 'ax': 0.22, 'ay': 0.09, 'az': -1.08, 'gx': 3.02, 'gy': 7.05, 'gz': 4.95}, {'t_us': 1871873333, 'ax': 0.21, 'ay': 0.08, 'az': -1.09, 'gx': 2.11, 'gy': 4.99, 'gz': 5.21}, {'t_us': 1871893267, 'ax': 0.23, 'ay': 0.07, 'az': -1.09, 'gx': 2.79, 'gy': 3.34, 'gz': 4.09}, {'t_us': 1871913306, 'ax': 0.25, 'ay': 0.06, 'az': -1.1, 'gx': -0.06, 'gy': 2.66, 'gz': 2.24}, {'t_us': 1871933274, 'ax': 0.19, 'ay': 0.07, 'az': -1.11, 'gx': -1.85, 'gy': 2.55, 'gz': 0.9}]",2026-02-13 11:10:35,0.0
"[{'t_us': 1871960221, 'ax': 0.22, 'ay': 0.08, 'az': -1.09, 'gx': 1.5, 'gy': 5.33, 'gz': 1.56}, {'t_us': 1871973329, 'ax': 0.23, 'ay': 0.05, 'az': -1.08, 'gx': 1.11, 'gy': 3.83, 'gz': 1.88}, {'t_us': 1871993333, 'ax': 0.22, 'ay': 0.06, 'az': -1.08, 'gx': -1.86, 'gy': 3.69, 'gz': 0.75}, {'t_us': 1872013300, 'ax': 0.22, 'ay': 0.07, 'az': -1.07, 'gx': -2.69, 'gy': 3.79, 'gz': -0.21}, {'t_us': 1872033317, 'ax': 0.23, 'ay': 0.07, 'az': -1.07, 'gx': -3.91, 'gy': 3.53, 'gz': -0.69}]",2026-02-13 11:10:35,0.0
"[{'t_us': 1872059517, 'ax': 0.23, 'ay': 0.07, 'az': -1.08, 'gx': -3.95, 'gy': 3.21, 'gz': -0.92}, {'t_us': 1872073326, 'ax': 0.22, 'ay': 0.06, 'az': -1.07, 'gx': -4.0, 'gy': 2.98, 'gz': -0.72}, {'t_us': 1872093329, 'ax': 0.22, 'ay': 0.07, 'az': -1.05, 'gx': -3.85, 'gy': 3.42, 'gz': -0.99}, {'t_us': 1872113279, 'ax': 0.21, 'ay': 0.07, 'az': -1.07, 'gx': -3.8, 'gy': 4.15, 'gz': -1.21}, {'t_us': 1872133326, 'ax': 0.22, 'ay': 0.07, 'az': -1.06, 'gx': -3.47, 'gy': 4.34, 'gz': -1.27}]",2026-02-13 11:10:35,0.0
"[{'t_us': 1872158364, 'ax': 0.22, 'ay': 0.07, 'az': -1.06, 'gx': -2.96, 'gy': 1.05, 'gz': -1.45}, {'t_us': 1872173326, 'ax': 0.23, 'ay': 0.06, 'az': -1.07, 'gx': -2.47, 'gy': 0.2, 'gz': -1.3}, {'t_us': 1872193329, 'ax': 0.22, 'ay': 0.06, 'az': -1.06, 'gx': -1.59, 'gy': 1.28, 'gz': -0.55}, {'t_us': 1872213284, 'ax': 0.22, 'ay': 0.06, 'az': -1.06, 'gx': -1.1, 'gy': 1.31, 'gz': 0.76}, {'t_us': 1872233321, 'ax': 0.22, 'ay': 0.07, 'az': -1.1, 'gx': 1.21, 'gy': 2.09, 'gz': 1.05}]",2026-02-13 11:10:36,0.0
"[{'t_us': 1872258009, 'ax': 0.22, 'ay': 0.07, 'az': -1.07, 'gx': 2.21, 'gy': 1.3, 'gz': 1.15}, {'t_us': 1872273270, 'ax': 0.22, 'ay': 0.06, 'az': -1.08, 'gx': 0.26, 'gy': 2.93, 'gz': 1.68}, {'t_us': 1872293270, 'ax': 0.22, 'ay': 0.07, 'az': -1.1, 'gx': -0.56, 'gy': 3.08, 'gz': 1.24}, {'t_us': 1872313306, 'ax': 0.22, 'ay': 0.07, 'az': -1.09, 'gx': -1.5, 'gy': 3.95, 'gz': 0.61}, {'t_us': 1872333310, 'ax': 0.22, 'ay': 0.06, 'az': -1.09, 'gx': -3.24, 'gy': 3.94, 'gz': 0.64}]",2026-02-13 11:10:36,0.0
"[{'t_us': 1872357757, 'ax': 0.22, 'ay': 0.06, 'az': -1.08, 'gx': -4.21, 'gy': 5.28, 'gz': 0.5}, {'t_us': 1872373326, 'ax': 0.23, 'ay': 0.06, 'az': -1.09, 'gx': -4.49, 'gy': 5.33, 'gz': 0.02}, {'t_us': 1872393279, 'ax': 0.22, 'ay': 0.06, 'az': -1.08, 'gx': -5.24, 'gy': 4.26, 'gz': -0.38}, {'t_us': 1872413317, 'ax': 0.23, 'ay': 0.07, 'az': -1.07, 'gx': -4.24, 'gy': 4.17, 'gz': -0.34}, {'t_us': 1872433333, 'ax': 0.23, 'ay': 0.07, 'az': -1.07, 'gx': -3.31, 'gy': 4.17, 'gz': 0.29}]",2026-02-13 11:10:36,0.0
"[{'t_us': 1872458381, 'ax': 0.23, 'ay': 0.05, 'az': -1.06, 'gx': -2.73, 'gy': 4.11, 'gz': 0.09}, {'t_us': 1872473307, 'ax': 0.22, 'ay': 0.06, 'az': -1.05, 'gx': -2.89, 'gy': 3.97, 'gz': -0.24}, {'t_us': 1872493292, 'ax': 0.23, 'ay': 0.07, 'az': -1.07, 'gx': -2.67, 'gy': 3.56, 'gz': -0.35}, {'t_us': 1872513284, 'ax': 0.22, 'ay': 0.07, 'az': -1.06, 'gx': -1.65, 'gy': 3.08, 'gz': 0.09}, {'t_us': 1872533270, 'ax': 0.21, 'ay': 0.06, 'az': -1.06, 'gx': -1.28, 'gy': 2.4, 'gz': 0.06}]",2026-02-13 11:10:36,0.0
"[{'t_us': 1872559704, 'ax': 0.21, 'ay': 0.06, 'az': -1.07, 'gx': -1.08, 'gy': 1.8, 'gz': -0.85}, {'t_us': 1872573333, 'ax': 0.22, 'ay': 0.06, 'az': -1.09, 'gx': -0.84, 'gy': 2.53, 'gz': -0.6}, {'t_us': 1872593267, 'ax': 0.21, 'ay': 0.09, 'az': -1.07, 'gx': -1.62, 'gy': 0.02, 'gz': 0.15}, {'t_us': 1872613300, 'ax': 0.23, 'ay': 0.04, 'az': -1.09, 'gx': -1.13, 'gy': -1.86, 'gz': 0.63}, {'t_us': 1872633329, 'ax': 0.23, 'ay': 0.04, 'az': -1.09, 'gx': -1.22, 'gy': 1.5, 'gz': -0.02}]",2026-02-13 11:10:36,0.0
"[{'t_us': 1872657881, 'ax': 0.23, 'ay': 0.07, 'az': -1.07, 'gx': -2.43, 'gy': 2.0, 'gz': -0.49}, {'t_us': 1872673303, 'ax': 0.23, 'ay': 0.05, 'az': -1.08, 'gx': -1.83, 'gy': 2.29, 'gz': 0.14}, {'t_us': 1872693317, 'ax': 0.22, 'ay': 0.04, 'az': -1.08, 'gx': -1.56, 'gy': 3.13, 'gz': 0.47}, {'t_us': 1872713270, 'ax': 0.22, 'ay': 0.04, 'az': -1.08, 'gx': -2.37, 'gy': 2.53, 'gz': 0.18}, {'t_us': 1872733310, 'ax': 0.23, 'ay': 0.06, 'az': -1.1, 'gx': -3.1, 'gy': 2.81, 'gz': -0.24}]",2026-02-13 11:10:36,0.0
"[{'t_us': 1872759602, 'ax': 0.22, 'ay': 0.06, 'az': -1.07, 'gx': -2.38, 'gy': 3.66, 'gz': -0.41}, {'t_us': 1872773329, 'ax': 0.22, 'ay': 0.04, 'az': -1.07, 'gx': -3.07, 'gy': 4.03, 'gz': -0.92}, {'t_us': 1872793333, 'ax': 0.23, 'ay': 0.05, 'az': -1.06, 'gx': -4.21, 'gy': 5.25, 'gz': -1.24}, {'t_us': 1872813300, 'ax': 0.21, 'ay': 0.09, 'az': -1.07, 'gx': -6.06, 'gy': 4.32, 'gz': -2.58}, {'t_us': 1872833292, 'ax': 0.22, 'ay': 0.06, 'az': -1.09, 'gx': -5.08, 'gy': 2.53, 'gz': -2.14}]",2026-02-13 11:10:36,0.0
"[{'t_us': 1872859690, 'ax': 0.21, 'ay': 0.07, 'az': -1.09, 'gx': -2.75, 'gy': 1.25, 'gz': -1.05}, {'t_us': 1872873321, 'ax': 0.21, 'ay': 0.07, 'az': -1.06, 'gx': -3.07, 'gy': -2.12, 'gz': -0.49}, {'t_us': 1872893329, 'ax': 0.22, 'ay': 0.04, 'az': -1.09, 'gx': -3.16, 'gy': -1.28, 'gz': 0.2}, {'t_us': 1872913284, 'ax': 0.23, 'ay': 0.04, 'az': -1.07, 'gx': -3.77, 'gy': -4.14, 'gz': 0.72}, {'t_us': 1872933300, 'ax': 0.25, 'ay': 0.03, 'az': -1.08, 'gx': -3.62, 'gy': -3.76, 'gz': 0.66}]",2026-02-13 11:10:36,0.0
"[{'t_us': 1872957953, 'ax': 0.2, 'ay': 0.05, 'az': -1.08, 'gx': -1.34, 'gy': -1.27, 'gz': 1.04}, {'t_us': 1872973347, 'ax': 0.2, 'ay': 0.05, 'az': -1.07, 'gx': -0.72, 'gy': 1.1, 'gz': 1.57}, {'t_us': 1872993333, 'ax': 0.19, 'ay': 0.04, 'az': -1.08, 'gx': -1.07, 'gy': 2.37, 'gz': 1.11}, {'t_us': 1873013300, 'ax': 0.2, 'ay': 0.05, 'az': -1.08, 'gx': -2.29, 'gy': 1.28, 'gz': 0.17}, {'t_us': 1873033301, 'ax': 0.2, 'ay': 0.04, 'az': -1.07, 'gx': -4.89, 'gy': 2.58, 'gz': -0.63}]",2026-02-13 11:10:36,0.0
"[{'t_us': 1873059326, 'ax': 0.2, 'ay': 0.05, 'az': -1.08, 'gx': -7.89, 'gy': 2.4, 'gz': -1.97}, {'t_us': 1873073306, 'ax': 0.2, 'ay': 0.05, 'az': -1.09, 'gx': -8.34, 'gy': 2.12, 'gz': -2.35}, {'t_us': 1873093333, 'ax': 0.22, 'ay': 0.06, 'az': -1.07, 'gx': -9.3, 'gy': 3.07, 'gz': -2.43}, {'t_us': 1873113306, 'ax': 0.21, 'ay': 0.06, 'az': -1.09, 'gx': -8.35, 'gy': 2.5, 'gz': -2.21}, {'t_us': 1873133333, 'ax': 0.21, 'ay': 0.06, 'az': -1.09, 'gx': -7.05, 'gy': 2.76, 'gz': -1.82}]",2026-02-13 11:10:36,0.0
"[{'t_us': 1873157589, 'ax': 0.21, 'ay': 0.06, 'az': -1.08, 'gx': -5.57, 'gy': 2.66, 'gz': -1.16}, {'t_us': 1873173300, 'ax': 0.21, 'ay': 0.07, 'az': -1.08, 'gx': -4.2, 'gy': 2.87, 'gz': -0.6}, {'t_us': 1873193329, 'ax': 0.2, 'ay': 0.07, 'az': -1.07, 'gx': -2.41, 'gy': 3.3, 'gz': 0.27}, {'t_us': 1873213284, 'ax': 0.21, 'ay': 0.06, 'az': -1.07, 'gx': -1.02, 'gy': 3.95, 'gz': 0.18}, {'t_us': 1873233321, 'ax': 0.2, 'ay': 0.06, 'az': -1.06, 'gx': -1.71, 'gy': 4.43, 'gz': 0.18}]",2026-02-13 11:10:37,0.0
"[{'t_us': 1873259430, 'ax': 0.21, 'ay': 0.06, 'az': -1.08, 'gx': -3.08, 'gy': 2.61, 'gz': 0.79}, {'t_us': 1873273341, 'ax': 0.21, 'ay': 0.07, 'az': -1.08, 'gx': -2.61, 'gy': 2.11, 'gz': 1.21}, {'t_us': 1873293326, 'ax': 0.2, 'ay': 0.07, 'az': -1.08, 'gx': -1.97, 'gy': 0.66, 'gz': 1.65}, {'t_us': 1873313329, 'ax': 0.2, 'ay': 0.07, 'az': -1.08, 'gx': -1.08, 'gy': 0.84, 'gz': 1.48}, {'t_us': 1873333284, 'ax': 0.2, 'ay': 0.06, 'az': -1.07, 'gx': -1.15, 'gy': 2.56, 'gz': 1.51}]",2026-02-13 11:10:37,
"[{'t_us': 1873359115, 'ax': 0.2, 'ay': 0.06, 'az': -1.09, 'gx': -1.18, 'gy': 3.1, 'gz': 1.21}, {'t_us': 1873373300, 'ax': 0.21, 'ay': 0.05, 'az': -1.08, 'gx': -1.07, 'gy': 2.55, 'gz': 1.39}, {'t_us': 1873393300, 'ax': 0.2, 'ay': 0.07, 'az': -1.07, 'gx': -0.98, 'gy': 2.41, 'gz': 1.25}, {'t_us': 1873413292, 'ax': 0.21, 'ay': 0.07, 'az': -1.09, 'gx': -0.66, 'gy': 2.61, 'gz': 1.15}, {'t_us': 1873433306, 'ax': 0.21, 'ay': 0.06, 'az': -1.1, 'gx': -0.31, 'gy': 3.39, 'gz': 1.02}]",2026-02-13 11:10:37,0.0
"[{'t_us': 1873458210, 'ax': 0.21, 'ay': 0.05, 'az': -1.08, 'gx': -0.82, 'gy': 2.69, 'gz': 0.72}, {'t_us': 1873473273, 'ax': 0.21, 'ay': 0.05, 'az': -1.08, 'gx': -1.63, 'gy': 2.43, 'gz': 0.35}, {'t_us': 1873493300, 'ax': 0.21, 'ay': 0.04, 'az': -1.09, 'gx': -1.39, 'gy': 2.78, 'gz': 0.27}, {'t_us': 1873513329, 'ax': 0.22, 'ay': 0.05, 'az': -1.09, 'gx': -0.98, 'gy': 2.95, 'gz': 0.58}, {'t_us': 1873533329, 'ax': 0.2, 'ay': 0.05, 'az': -1.09, 'gx': -1.3, 'gy': 2.7, 'gz': 0.24}]",2026-02-13 11:10:37,0.0
"[{'t_us': 1873557892, 'ax': 0.18, 'ay': 0.04, 'az': -1.07, 'gx': -0.92, 'gy': 1.08, 'gz': 0.15}, {'t_us': 1873573313, 'ax': 0.21, 'ay': 0.06, 'az': -1.08, 'gx': -2.0, 'gy': 2.92, 'gz': -0.12}, {'t_us': 1873593270, 'ax': 0.22, 'ay': 0.04, 'az': -1.09, 'gx': -2.6, 'gy': 2.35, 'gz': -0.38}, {'t_us': 1873613274, 'ax': 0.21, 'ay': 0.04, 'az': -1.08, 'gx': -2.98, 'gy': 1.36, 'gz': -0.32}, {'t_us': 1873633300, 'ax': 0.19, 'ay': 0.05, 'az': -1.09, 'gx': -2.95, 'gy': 2.98, 'gz': -0.27}]",2026-02-13 11:10:37,0.0
"[{'t_us': 1873657896, 'ax': 0.2, 'ay': 0.06, 'az': -1.07, 'gx': -3.65, 'gy': 3.05, 'gz': -0.56}, {'t_us': 1873673284, 'ax': 0.19, 'ay': 0.05, 'az': -1.07, 'gx': -4.29, 'gy': 2.15, 'gz': -0.64}, {'t_us': 1873693295, 'ax': 0.2, 'ay': 0.05, 'az': -1.09, 'gx': -4.76, 'gy': 2.46, 'gz': -0.7}, {'t_us': 1873713329, 'ax': 0.19, 'ay': 0.04, 'az': -1.08, 'gx': -4.11, 'gy': 1.91, 'gz': -0.53}, {'t_us': 1873733292, 'ax': 0.2, 'ay': 0.05, 'az': -1.08, 'gx': -3.25, 'gy': 4.4, 'gz': -0.02}]",2026-02-13 11:10:37,0.0
"[{'t_us': 1873759862, 'ax': 0.2, 'ay': 0.05, 'az': -1.08, 'gx': -2.24, 'gy': 3.16, 'gz': 0.69}, {'t_us': 1873773333, 'ax': 0.19, 'ay': 0.05, 'az': -1.09, 'gx': -1.85, 'gy': 3.21, 'gz': 0.98}, {'t_us': 1873793296, 'ax': 0.21, 'ay': 0.05, 'az': -1.09, 'gx': -1.08, 'gy': 5.28, 'gz': 1.07}, {'t_us': 1873813329, 'ax': 0.19, 'ay': 0.04, 'az': -1.07, 'gx': -1.19, 'gy': 3.42, 'gz': 1.11}, {'t_us': 1873833284, 'ax': 0.2, 'ay': 0.05, 'az': -1.08, 'gx': -1.85, 'gy': 4.52, 'gz': 1.04}]",2026-02-13 11:10:37,0.0
"[{'t_us': 1873859467, 'ax': 0.21, 'ay': 0.05, 'az': -1.09, 'gx': -2.18, 'gy': 3.66, 'gz': 0.85}, {'t_us': 1873873302, 'ax': 0.2, 'ay': 0.05, 'az': -1.09, 'gx': -2.26, 'gy': 3.56, 'gz': 0.79}, {'t_us': 1873893326, 'ax': 0.2, 'ay': 0.06, 'az': -1.09, 'gx': -2.32, 'gy': 2.85, 'gz': 0.52}, {'t_us': 1873913267, 'ax': 0.21, 'ay': 0.05, 'az': -1.09, 'gx': -2.06, 'gy': 2.85, 'gz': 0.6}, {'t_us': 1873933321, 'ax': 0.2, 'ay': 0.04, 'az': -1.07, 'gx': -1.27, 'gy': 2.78, 'gz': 0.5}]",2026-02-13 11:10:37,0.0
"[{'t_us': 1873959452, 'ax': 0.19, 'ay': 0.02, 'az': -1.09, 'gx': -0.66, 'gy': 5.77, 'gz': 1.13}, {'t_us': 1873973274, 'ax': 0.2, 'ay': 0.02, 'az': -1.09, 'gx': 0.11, 'gy': 4.4, 'gz': 1.77}, {'t_us': 1873993310, 'ax': 0.19, 'ay': 0.04, 'az': -1.08, 'gx': -0.98, 'gy': 4.02, 'gz': 1.39}, {'t_us': 1874013267, 'ax': 0.21, 'ay': 0.05, 'az': -1.08, 'gx': -1.79, 'gy': 5.36, 'gz': 1.11}, {'t_us': 1874033292, 'ax': 0.2, 'ay': 0.04, 'az': -1.09, 'gx': -2.73, 'gy': 3.83, 'gz': 0.66}]",2026-02-13 11:10:37,0.0
"[{'t_us': 1874058023, 'ax': 0.2, 'ay': 0.04, 'az': -1.06, 'gx': -3.18, 'gy': 2.81, 'gz': 0.27}, {'t_us': 1874073270, 'ax': 0.21, 'ay': 0.04, 'az': -1.06, 'gx': -3.89, 'gy': 3.16, 'gz': -0.09}, {'t_us': 1874093295, 'ax': 0.2, 'ay': 0.04, 'az': -1.08, 'gx': -4.2, 'gy': 1.92, 'gz': -0.58}, {'t_us': 1874113332, 'ax': 0.21, 'ay': 0.04, 'az': -1.08, 'gx': -4.34, 'gy': 1.66, 'gz': -0.6}, {'t_us': 1874133292, 'ax': 0.2, 'ay': 0.04, 'az': -1.08, 'gx': -4.08, 'gy': 2.15, 'gz': -0.4}]",2026-02-13 11:10:37,0.0
"[{'t_us': 1874157649, 'ax': 0.2, 'ay': 0.04, 'az': -1.09, 'gx': -3.57, 'gy': 2.32, 'gz': -0.03}, {'t_us': 1874173317, 'ax': 0.2, 'ay': 0.05, 'az': -1.08, 'gx': -3.51, 'gy': 1.59, 'gz': -0.27}, {'t_us': 1874193329, 'ax': 0.18, 'ay': 0.04, 'az': -1.07, 'gx': -3.63, 'gy': -0.14, 'gz': -0.37}, {'t_us': 1874213279, 'ax': 0.2, 'ay': 0.05, 'az': -1.09, 'gx': -3.34, 'gy': 1.48, 'gz': -0.24}, {'t_us': 1874233326, 'ax': 0.19, 'ay': 0.04, 'az': -1.09, 'gx': -2.79, 'gy': 3.21, 'gz': 0.17}]",2026-02-13 11:10:38,0.0
"[{'t_us': 1874259460, 'ax': 0.21, 'ay': 0.04, 'az': -1.08, 'gx': -3.02, 'gy': 4.14, 'gz': -0.15}, {'t_us': 1874273317, 'ax': 0.2, 'ay': 0.03, 'az': -1.08, 'gx': -3.47, 'gy': 3.4, 'gz': -0.46}, {'t_us': 1874293329, 'ax': 0.19, 'ay': 0.04, 'az': -1.08, 'gx': -3.77, 'gy': 3.42, 'gz': -0.5}, {'t_us': 1874313274, 'ax': 0.19, 'ay': 0.04, 'az': -1.08, 'gx': -3.45, 'gy': 3.28, 'gz': -0.11}, {'t_us': 1874333284, 'ax': 0.21, 'ay': 0.04, 'az': -1.08, 'gx': -3.01, 'gy': 3.63, 'gz': 0.24}]",2026-02-13 11:10:38,0.0
"[{'t_us': 1874359456, 'ax': 0.2, 'ay': 0.04, 'az': -1.08, 'gx': -2.7, 'gy': 3.11, 'gz': -0.06}, {'t_us': 1874373285, 'ax': 0.2, 'ay': 0.04, 'az': -1.08, 'gx': -3.01, 'gy': 2.23, 'gz': -0.11}, {'t_us': 1874393292, 'ax': 0.21, 'ay': 0.05, 'az': -1.08, 'gx': -2.98, 'gy': 2.64, 'gz': -0.2}, {'t_us': 1874413329, 'ax': 0.2, 'ay': 0.04, 'az': -1.08, 'gx': -2.66, 'gy': 3.37, 'gz': -0.03}, {'t_us': 1874433329, 'ax': 0.2, 'ay': 0.04, 'az': -1.08, 'gx': -2.56, 'gy': 2.79, 'gz': -0.14}]",2026-02-13 11:10:38,0.0
"[{'t_us': 1874459408, 'ax': 0.19, 'ay': 0.04, 'az': -1.08, 'gx': -2.84, 'gy': 2.99, 'gz': 0.12}, {'t_us': 1874473310, 'ax': 0.19, 'ay': 0.04, 'az': -1.08, 'gx': -2.82, 'gy': 3.07, 'gz': -0.06}, {'t_us': 1874493321, 'ax': 0.2, 'ay': 0.04, 'az': -1.09, 'gx': -3.11, 'gy': 2.85, 'gz': -0.11}, {'t_us': 1874513271, 'ax': 0.2, 'ay': 0.03, 'az': -1.09, 'gx': -2.99, 'gy': 3.5, 'gz': 0.18}, {'t_us': 1874533306, 'ax': 0.2, 'ay': 0.04, 'az': -1.08, 'gx': -2.84, 'gy': 2.93, 'gz': 0.27}]",2026-02-13 11:10:38,0.0
"[{'t_us': 1874559421, 'ax': 0.19, 'ay': 0.03, 'az': -1.09, 'gx': -2.72, 'gy': 3.08, 'gz': 0.06}, {'t_us': 1874573926, 'ax': 0.19, 'ay': 0.04, 'az': -1.07, 'gx': -3.02, 'gy': 3.97, 'gz': 0.35}, {'t_us': 1874593306, 'ax': 0.19, 'ay': 0.04, 'az': -1.09, 'gx': -3.1, 'gy': 4.26, 'gz': 0.38}, {'t_us': 1874613339, 'ax': 0.2, 'ay': 0.04, 'az': -1.07, 'gx': -3.15, 'gy': 3.54, 'gz': 0.37}, {'t_us': 1874633333, 'ax': 0.19, 'ay': 0.04, 'az': -1.07, 'gx': -3.24, 'gy': 2.23, 'gz': 0.27}]",2026-02-13 11:10:38,0.0
"[{'t_us': 1874657651, 'ax': 0.19, 'ay': 0.04, 'az': -1.09, 'gx': -3.15, 'gy': 4.14, 'gz': 0.15}, {'t_us': 1874673321, 'ax': 0.2, 'ay': 0.04, 'az': -1.09, 'gx': -2.64, 'gy': 3.56, 'gz': 0.26}, {'t_us': 1874693329, 'ax': 0.2, 'ay': 0.03, 'az': -1.08, 'gx': -2.75, 'gy': 2.6, 'gz': 0.23}, {'t_us': 1874713336, 'ax': 0.21, 'ay': 0.04, 'az': -1.09, 'gx': -2.85, 'gy': 3.1, 'gz': 0.09}, {'t_us': 1874733306, 'ax': 0.21, 'ay': 0.04, 'az': -1.08, 'gx': -3.27, 'gy': 3.15, 'gz': -0.06}]",2026-02-13 11:10:38,0.0
"[{'t_us': 1874759907, 'ax': 0.2, 'ay': 0.03, 'az': -1.08, 'gx': -3.1, 'gy': 2.78, 'gz': -0.12}, {'t_us': 1874773306, 'ax': 0.21, 'ay': 0.04, 'az': -1.08, 'gx': -3.4, 'gy': 2.95, 'gz': -0.18}, {'t_us': 1874793306, 'ax': 0.2, 'ay': 0.03, 'az': -1.08, 'gx': -3.31, 'gy': 2.84, 'gz': -0.08}, {'t_us': 1874813270, 'ax': 0.2, 'ay': 0.04, 'az': -1.08, 'gx': -3.05, 'gy': 3.22, 'gz': 0.03}, {'t_us': 1874833329, 'ax': 0.2, 'ay': 0.03, 'az': -1.08, 'gx': -3.11, 'gy': 2.73, 'gz': -0.18}]",2026-02-13 11:10:38,0.0
"[{'t_us': 1874859701, 'ax': 0.19, 'ay': 0.04, 'az': -1.08, 'gx': -3.5, 'gy': 2.14, 'gz': -0.43}, {'t_us': 1874873306, 'ax': 0.19, 'ay': 0.04, 'az': -1.08, 'gx': -3.42, 'gy': 2.32, 'gz': -0.44}, {'t_us': 1874893300, 'ax': 0.2, 'ay': 0.04, 'az': -1.06, 'gx': -3.76, 'gy': 2.84, 'gz': -0.49}, {'t_us': 1874913278, 'ax': 0.19, 'ay': 0.03, 'az': -1.08, 'gx': -3.92, 'gy': 2.9, 'gz': -0.64}, {'t_us': 1874933295, 'ax': 0.18, 'ay': 0.03, 'az': -1.08, 'gx': -3.82, 'gy': 2.37, 'gz': -0.64}]",2026-02-13 11:10:38,0.0
"[{'t_us': 1874959430, 'ax': 0.21, 'ay': 0.04, 'az': -1.08, 'gx': -3.19, 'gy': 5.22, 'gz': -0.06}, {'t_us': 1874973267, 'ax': 0.2, 'ay': 0.05, 'az': -1.07, 'gx': -3.53, 'gy': 2.84, 'gz': -0.53}, {'t_us': 1874993267, 'ax': 0.2, 'ay': 0.05, 'az': -1.08, 'gx': -3.83, 'gy': 2.85, 'gz': -0.47}, {'t_us': 1875013306, 'ax': 0.2, 'ay': 0.03, 'az': -1.1, 'gx': -3.21, 'gy': 2.78, 'gz': -0.34}, {'t_us': 1875033326, 'ax': 0.19, 'ay': 0.04, 'az': -1.09, 'gx': -2.79, 'gy': 3.57, 'gz': 0.14}]",2026-02-13 11:10:38,0.0
"[{'t_us': 1875060177, 'ax': 0.19, 'ay': 0.04, 'az': -1.08, 'gx': -2.79, 'gy': 1.94, 'gz': -0.31}, {'t_us': 1875073292, 'ax': 0.2, 'ay': 0.04, 'az': -1.08, 'gx': -2.92, 'gy': 2.03, 'gz': -0.37}, {'t_us': 1875093306, 'ax': 0.2, 'ay': 0.05, 'az': -1.09, 'gx': -2.99, 'gy': 2.98, 'gz': -0.21}, {'t_us': 1875113333, 'ax': 0.21, 'ay': 0.04, 'az': -1.09, 'gx': -2.4, 'gy': 3.18, 'gz': 0.06}, {'t_us': 1875133333, 'ax': 0.2, 'ay': 0.03, 'az': -1.08, 'gx': -2.15, 'gy': 2.58, 'gz': 0.56}]",2026-02-13 11:10:38,0.0
"[{'t_us': 1875159586, 'ax': 0.2, 'ay': 0.04, 'az': -1.08, 'gx': -3.1, 'gy': 3.47, 'gz': 0.08}, {'t_us': 1875173306, 'ax': 0.2, 'ay': 0.04, 'az': -1.08, 'gx': -3.3, 'gy': 3.65, 'gz': 0.06}, {'t_us': 1875193317, 'ax': 0.2, 'ay': 0.04, 'az': -1.09, 'gx': -3.02, 'gy': 3.8, 'gz': 0.34}, {'t_us': 1875213270, 'ax': 0.2, 'ay': 0.03, 'az': -1.08, 'gx': -2.92, 'gy': 2.98, 'gz': 0.5}, {'t_us': 1875233317, 'ax': 0.18, 'ay': 0.03, 'az': -1.08, 'gx': -3.18, 'gy': 3.37, 'gz': -0.05}]",2026-02-13 11:10:39,0.0
"[{'t_us': 1875260289, 'ax': 0.19, 'ay': 0.03, 'az': -1.08, 'gx': -3.56, 'gy': 4.73, 'gz': 0.09}, {'t_us': 1875273278, 'ax': 0.19, 'ay': 0.03, 'az': -1.09, 'gx': -3.79, 'gy': 4.53, 'gz': -0.17}, {'t_us': 1875293279, 'ax': 0.19, 'ay': 0.04, 'az': -1.08, 'gx': -4.05, 'gy': 3.79, 'gz': -0.24}, {'t_us': 1875313310, 'ax': 0.18, 'ay': 0.04, 'az': -1.08, 'gx': -4.2, 'gy': 3.33, 'gz': -0.46}, {'t_us': 1875333310, 'ax': 0.19, 'ay': 0.04, 'az': -1.08, 'gx': -3.82, 'gy': 3.62, 'gz': -0.38}]",2026-02-13 11:10:39,0.0
"[{'t_us': 1875359706, 'ax': 0.2, 'ay': 0.03, 'az': -1.07, 'gx': -3.92, 'gy': 4.0, 'gz': -0.31}, {'t_us': 1875373329, 'ax': 0.2, 'ay': 0.03, 'az': -1.08, 'gx': -4.41, 'gy': 4.03, 'gz': -0.4}, {'t_us': 1875393333, 'ax': 0.19, 'ay': 0.04, 'az': -1.07, 'gx': -4.58, 'gy': 3.98, 'gz': -0.29}, {'t_us': 1875413300, 'ax': 0.2, 'ay': 0.05, 'az': -1.09, 'gx': -4.46, 'gy': 4.96, 'gz': -0.31}, {'t_us': 1875433306, 'ax': 0.2, 'ay': 0.04, 'az': -1.09, 'gx': -3.85, 'gy': 4.85, 'gz': -0.05}]",2026-02-13 11:10:39,0.0
"[{'t_us': 1875459926, 'ax': 0.22, 'ay': 0.03, 'az': -1.08, 'gx': -3.83, 'gy': 4.35, 'gz': 0.09}, {'t_us': 1875473285, 'ax': 0.2, 'ay': 0.04, 'az': -1.09, 'gx': -4.26, 'gy': 4.76, 'gz': -0.26}, {'t_us': 1875493306, 'ax': 0.2, 'ay': 0.05, 'az': -1.1, 'gx': -3.71, 'gy': 2.73, 'gz': -0.09}, {'t_us': 1875513317, 'ax': 0.2, 'ay': 0.04, 'az': -1.07, 'gx': -3.37, 'gy': 1.88, 'gz': -0.17}, {'t_us': 1875533352, 'ax': 0.21, 'ay': 0.03, 'az': -1.08, 'gx': -4.2, 'gy': 3.05, 'gz': -0.4}]",2026-02-13 11:10:39,0.0
"[{'t_us': 1875559698, 'ax': 0.2, 'ay': 0.04, 'az': -1.08, 'gx': -5.3, 'gy': 3.62, 'gz': -0.95}, {'t_us': 1875573321, 'ax': 0.2, 'ay': 0.04, 'az': -1.09, 'gx': -5.16, 'gy': 3.02, 'gz': -0.96}, {'t_us': 1875593329, 'ax': 0.21, 'ay': 0.04, 'az': -1.1, 'gx': -4.26, 'gy': 2.58, 'gz': -1.27}, {'t_us': 1875613284, 'ax': 0.2, 'ay': 0.04, 'az': -1.08, 'gx': -4.23, 'gy': 2.55, 'gz': -1.13}, {'t_us': 1875633274, 'ax': 0.19, 'ay': 0.04, 'az': -1.07, 'gx': -4.58, 'gy': 3.48, 'gz': -0.73}]",2026-02-13 11:10:39,0.0
"[{'t_us': 1875658201, 'ax': 0.2, 'ay': 0.04, 'az': -1.08, 'gx': -3.16, 'gy': 3.15, 'gz': -0.24}, {'t_us': 1875673285, 'ax': 0.2, 'ay': 0.04, 'az': -1.06, 'gx': -2.26, 'gy': 3.13, 'gz': -0.02}, {'t_us': 1875693292, 'ax': 0.19, 'ay': 0.04, 'az': -1.08, 'gx': -1.68, 'gy': 2.79, 'gz': 0.05}, {'t_us': 1875713321, 'ax': 0.2, 'ay': 0.05, 'az': -1.08, 'gx': -1.66, 'gy': 3.33, 'gz': 0.26}, {'t_us': 1875733271, 'ax': 0.2, 'ay': 0.05, 'az': -1.08, 'gx': -0.63, 'gy': 2.2, 'gz': 0.81}]",2026-02-13 11:10:39,0.0
"[{'t_us': 1875758308, 'ax': 0.2, 'ay': 0.04, 'az': -1.07, 'gx': -1.62, 'gy': 2.26, 'gz': 0.9}, {'t_us': 1875773321, 'ax': 0.19, 'ay': 0.04, 'az': -1.07, 'gx': -2.08, 'gy': 2.38, 'gz': 0.85}, {'t_us': 1875793329, 'ax': 0.19, 'ay': 0.03, 'az': -1.09, 'gx': -1.48, 'gy': 2.5, 'gz': 0.49}, {'t_us': 1875813284, 'ax': 0.19, 'ay': 0.04, 'az': -1.08, 'gx': -2.52, 'gy': 3.65, 'gz': 0.81}, {'t_us': 1875833300, 'ax': 0.2, 'ay': 0.04, 'az': -1.09, 'gx': -3.6, 'gy': 2.87, 'gz': 0.72}]",2026-02-13 11:10:39,0.0
"[{'t_us': 1875859705, 'ax': 0.2, 'ay': 0.03, 'az': -1.08, 'gx': -3.19, 'gy': 2.0, 'gz': 0.14}, {'t_us': 1875873285, 'ax': 0.2, 'ay': 0.03, 'az': -1.09, 'gx': -3.04, 'gy': 2.29, 'gz': -0.03}, {'t_us': 1875893292, 'ax': 0.2, 'ay': 0.04, 'az': -1.1, 'gx': -2.85, 'gy': 2.12, 'gz': -0.06}, {'t_us': 1875913321, 'ax': 0.21, 'ay': 0.04, 'az': -1.09, 'gx': -2.66, 'gy': 1.47, 'gz': -0.06}, {'t_us': 1875933285, 'ax': 0.21, 'ay': 0.03, 'az': -1.08, 'gx': -3.39, 'gy': 1.48, 'gz': -0.46}]",2026-02-13 11:10:39,0.0
"[{'t_us': 1875960117, 'ax': 0.2, 'ay': 0.04, 'az': -1.1, 'gx': -3.89, 'gy': 1.1, 'gz': -0.6}, {'t_us': 1875973331, 'ax': 0.21, 'ay': 0.03, 'az': -1.09, 'gx': -4.43, 'gy': 1.31, 'gz': -0.99}, {'t_us': 1875993333, 'ax': 0.19, 'ay': 0.02, 'az': -1.09, 'gx': -5.59, 'gy': 1.97, 'gz': -1.05}, {'t_us': 1876013300, 'ax': 0.19, 'ay': 0.04, 'az': -1.09, 'gx': -6.99, 'gy': 3.54, 'gz': -1.97}, {'t_us': 1876033333, 'ax': 0.2, 'ay': 0.05, 'az': -1.07, 'gx': -7.73, 'gy': 4.14, 'gz': -2.79}]",2026-02-13 11:10:39,0.0
"[{'t_us': 1876058277, 'ax': 0.2, 'ay': 0.03, 'az': -1.09, 'gx': -7.28, 'gy': 2.98, 'gz': -2.18}, {'t_us': 1876073310, 'ax': 0.19, 'ay': 0.04, 'az': -1.08, 'gx': -6.49, 'gy': 3.82, 'gz': -1.59}, {'t_us': 1876093267, 'ax': 0.19, 'ay': 0.04, 'az': -1.08, 'gx': -5.88, 'gy': 4.58, 'gz': -1.54}, {'t_us': 1876113333, 'ax': 0.2, 'ay': 0.05, 'az': -1.07, 'gx': -5.91, 'gy': 4.11, 'gz': -1.3}, {'t_us': 1876133274, 'ax': 0.2, 'ay': 0.04, 'az': -1.08, 'gx': -5.28, 'gy': 2.47, 'gz': -1.01}]",2026-02-13 11:10:39,0.0
"[{'t_us': 1876173317, 'ax': 0.18, 'ay': 0.05, 'az': -1.07, 'gx': -3.69, 'gy': 2.29, 'gz': -0.58}, {'t_us': 1876193270, 'ax': 0.2, 'ay': 0.05, 'az': -1.08, 'gx': -3.83, 'gy': 1.34, 'gz': -0.47}, {'t_us': 1876213270, 'ax': 0.19, 'ay': 0.05, 'az': -1.08, 'gx': -4.5, 'gy': 0.34, 'gz': -0.52}, {'t_us': 1876233306, 'ax': 0.19, 'ay': 0.05, 'az': -1.08, 'gx': -5.74, 'gy': 0.05, 'gz': -0.66}]",2026-02-13 11:10:40,0.0
"[{'t_us': 1876258054, 'ax': 0.19, 'ay': 0.06, 'az': -1.09, 'gx': -7.48, 'gy': -0.05, 'gz': -0.98}, {'t_us': 1876273292, 'ax': 0.2, 'ay': 0.05, 'az': -1.09, 'gx': -9.07, 'gy': -0.09, 'gz': -1.36}, {'t_us': 1876293326, 'ax': 0.2, 'ay': 0.05, 'az': -1.08, 'gx': -10.52, 'gy': -0.52, 'gz': -2.05}, {'t_us': 1876313329, 'ax': 0.2, 'ay': 0.06, 'az': -1.1, 'gx': -10.72, 'gy': -0.87, 'gz': -4.98}, {'t_us': 1876333292, 'ax': 0.18, 'ay': 0.06, 'az': -1.11, 'gx': -10.53, 'gy': -3.54, 'gz': -2.72}]",2026-02-13 11:10:40,0.0
"[{'t_us': 1876359755, 'ax': 0.2, 'ay': 0.06, 'az': -1.08, 'gx': -12.69, 'gy': -6.52, 'gz': -1.62}, {'t_us': 1876373330, 'ax': 0.19, 'ay': 0.06, 'az': -1.07, 'gx': -15.69, 'gy': -7.25, 'gz': -1.68}, {'t_us': 1876393333, 'ax': 0.21, 'ay': 0.05, 'az': -1.07, 'gx': -14.47, 'gy': 2.79, 'gz': -0.03}, {'t_us': 1876413300, 'ax': 0.16, 'ay': 0.06, 'az': -1.08, 'gx': -8.69, 'gy': 13.66, 'gz': 0.18}, {'t_us': 1876433326, 'ax': 0.11, 'ay': 0.11, 'az': -1.08, 'gx': -4.31, 'gy': 7.8, 'gz': -0.53}]",2026-02-13 11:10:40,0.0
"[{'t_us': 1876458309, 'ax': 0.15, 'ay': 0.08, 'az': -1.07, 'gx': -2.95, 'gy': 1.44, 'gz': -0.2}, {'t_us': 1876473310, 'ax': 0.18, 'ay': 0.07, 'az': -1.04, 'gx': -2.52, 'gy': 6.26, 'gz': -0.09}, {'t_us': 1876493317, 'ax': 0.18, 'ay': 0.07, 'az': -1.06, 'gx': -2.08, 'gy': 6.73, 'gz': 0.15}, {'t_us': 1876513270, 'ax': 0.19, 'ay': 0.08, 'az': -1.07, 'gx': -0.38, 'gy': 7.18, 'gz': 0.96}, {'t_us': 1876533274, 'ax': 0.19, 'ay': 0.08, 'az': -1.07, 'gx': 1.07, 'gy': 7.79, 'gz': 1.73}]",2026-02-13 11:10:40,0.0
"[{'t_us': 1876561585, 'ax': 0.17, 'ay': 0.07, 'az': -1.07, 'gx': 2.89, 'gy': 8.23, 'gz': 2.09}, {'t_us': 1876574612, 'ax': 0.18, 'ay': 0.07, 'az': -1.09, 'gx': 3.21, 'gy': 8.17, 'gz': 2.02}, {'t_us': 1876593274, 'ax': 0.19, 'ay': 0.07, 'az': -1.09, 'gx': 2.49, 'gy': 8.24, 'gz': 2.32}, {'t_us': 1876613310, 'ax': 0.19, 'ay': 0.06, 'az': -1.07, 'gx': -0.47, 'gy': 7.83, 'gz': 2.61}, {'t_us': 1876633329, 'ax': 0.19, 'ay': 0.05, 'az': -1.1, 'gx': -1.63, 'gy': 7.86, 'gz': 2.47}]",2026-02-13 11:10:40,0.0
"[{'t_us': 1876658416, 'ax': 0.17, 'ay': 0.08, 'az': -1.11, 'gx': -0.21, 'gy': 6.29, 'gz': 2.4}, {'t_us': 1876673329, 'ax': 0.2, 'ay': 0.07, 'az': -1.1, 'gx': -0.72, 'gy': 6.11, 'gz': 2.53}, {'t_us': 1876693333, 'ax': 0.22, 'ay': 0.06, 'az': -1.09, 'gx': -1.68, 'gy': 5.4, 'gz': 2.12}, {'t_us': 1876713300, 'ax': 0.2, 'ay': 0.06, 'az': -1.09, 'gx': -0.06, 'gy': 5.22, 'gz': 1.51}, {'t_us': 1876733270, 'ax': 0.21, 'ay': 0.06, 'az': -1.08, 'gx': -0.4, 'gy': 5.47, 'gz': 1.01}]",2026-02-13 11:10:40,0.0
"[{'t_us': 1876759157, 'ax': 0.21, 'ay': 0.05, 'az': -1.09, 'gx': -3.16, 'gy': 5.33, 'gz': 0.4}, {'t_us': 1876774167, 'ax': 0.22, 'ay': 0.05, 'az': -1.08, 'gx': -4.06, 'gy': 4.6, 'gz': 0.12}, {'t_us': 1876793321, 'ax': 0.2, 'ay': 0.05, 'az': -1.07, 'gx': -4.95, 'gy': 3.01, 'gz': -0.78}, {'t_us': 1876813274, 'ax': 0.21, 'ay': 0.06, 'az': -1.07, 'gx': -5.4, 'gy': 2.02, 'gz': -1.19}, {'t_us': 1876833317, 'ax': 0.21, 'ay': 0.05, 'az': -1.08, 'gx': -4.95, 'gy': 1.63, 'gz': -0.84}]",2026-02-13 11:10:40,0.0
"[{'t_us': 1876860313, 'ax': 0.2, 'ay': 0.05, 'az': -1.07, 'gx': -4.75, 'gy': 1.76, 'gz': -1.88}, {'t_us': 1876875201, 'ax': 0.19, 'ay': 0.05, 'az': -1.06, 'gx': -5.86, 'gy': 1.33, 'gz': -2.78}, {'t_us': 1876893270, 'ax': 0.19, 'ay': 0.07, 'az': -1.09, 'gx': -6.63, 'gy': 0.73, 'gz': -3.3}, {'t_us': 1876913306, 'ax': 0.19, 'ay': 0.06, 'az': -1.09, 'gx': -4.61, 'gy': 0.87, 'gz': -1.8}, {'t_us': 1876933292, 'ax': 0.19, 'ay': 0.07, 'az': -1.07, 'gx': -3.88, 'gy': 1.82, 'gz': -1.25}]",2026-02-13 11:10:40,0.0
"[{'t_us': 1876957803, 'ax': 0.19, 'ay': 0.06, 'az': -1.09, 'gx': -2.9, 'gy': 3.5, 'gz': -1.07}, {'t_us': 1876973274, 'ax': 0.19, 'ay': 0.06, 'az': -1.09, 'gx': -1.92, 'gy': 3.83, 'gz': -0.31}, {'t_us': 1876993279, 'ax': 0.19, 'ay': 0.06, 'az': -1.08, 'gx': -0.93, 'gy': 4.78, 'gz': 0.26}, {'t_us': 1877013310, 'ax': 0.2, 'ay': 0.06, 'az': -1.09, 'gx': 0.03, 'gy': 5.45, 'gz': 0.82}, {'t_us': 1877033284, 'ax': 0.2, 'ay': 0.06, 'az': -1.09, 'gx': 0.82, 'gy': 4.99, 'gz': 1.25}]",2026-02-13 11:10:40,0.0
"[{'t_us': 1877059326, 'ax': 0.2, 'ay': 0.06, 'az': -1.07, 'gx': 2.5, 'gy': 5.08, 'gz': 1.68}, {'t_us': 1877073267, 'ax': 0.2, 'ay': 0.06, 'az': -1.07, 'gx': 2.85, 'gy': 5.04, 'gz': 2.11}, {'t_us': 1877093267, 'ax': 0.19, 'ay': 0.06, 'az': -1.07, 'gx': 1.6, 'gy': 3.25, 'gz': 1.54}, {'t_us': 1877113306, 'ax': 0.19, 'ay': 0.05, 'az': -1.07, 'gx': -0.4, 'gy': 1.65, 'gz': 1.22}, {'t_us': 1877133274, 'ax': 0.2, 'ay': 0.05, 'az': -1.08, 'gx': -1.59, 'gy': 1.62, 'gz': 1.44}]",2026-02-13 11:10:40,0.0
"[{'t_us': 1877157627, 'ax': 0.19, 'ay': 0.05, 'az': -1.1, 'gx': -1.94, 'gy': 0.64, 'gz': 1.53}, {'t_us': 1877173267, 'ax': 0.2, 'ay': 0.05, 'az': -1.1, 'gx': -0.78, 'gy': 2.37, 'gz': 0.99}, {'t_us': 1877193267, 'ax': 0.2, 'ay': 0.05, 'az': -1.09, 'gx': -1.16, 'gy': 2.06, 'gz': 0.23}, {'t_us': 1877213306, 'ax': 0.2, 'ay': 0.05, 'az': -1.09, 'gx': -2.41, 'gy': 2.43, 'gz': 0.43}, {'t_us': 1877233321, 'ax': 0.21, 'ay': 0.04, 'az': -1.1, 'gx': -1.71, 'gy': 4.64, 'gz': 0.46}]",2026-02-13 11:10:41,0.0
"[{'t_us': 1877259420, 'ax': 0.2, 'ay': 0.03, 'az': -1.08, 'gx': -2.0, 'gy': 4.99, 'gz': -0.12}, {'t_us': 1877273269, 'ax': 0.2, 'ay': 0.04, 'az': -1.08, 'gx': -2.5, 'gy': 4.61, 'gz': -0.4}, {'t_us': 1877293333, 'ax': 0.19, 'ay': 0.04, 'az': -1.07, 'gx': -2.82, 'gy': 3.44, 'gz': -0.52}, {'t_us': 1877313300, 'ax': 0.2, 'ay': 0.04, 'az': -1.07, 'gx': -3.22, 'gy': 4.38, 'gz': -0.55}, {'t_us': 1877333333, 'ax': 0.2, 'ay': 0.04, 'az': -1.08, 'gx': -3.85, 'gy': 4.93, 'gz': -0.67}]",2026-02-13 11:10:41,0.0
"[{'t_us': 1877359438, 'ax': 0.19, 'ay': 0.04, 'az': -1.08, 'gx': -4.08, 'gy': 1.88, 'gz': -1.18}, {'t_us': 1877373329, 'ax': 0.19, 'ay': 0.04, 'az': -1.07, 'gx': -4.0, 'gy': 1.08, 'gz': -0.82}, {'t_us': 1877393306, 'ax': 0.19, 'ay': 0.04, 'az': -1.05, 'gx': -4.49, 'gy': 2.47, 'gz': -0.52}, {'t_us': 1877413333, 'ax': 0.2, 'ay': 0.06, 'az': -1.09, 'gx': -5.15, 'gy': 2.76, 'gz': -0.44}, {'t_us': 1877433286, 'ax': 0.2, 'ay': 0.06, 'az': -1.08, 'gx': -4.64, 'gy': 1.88, 'gz': -0.15}]",2026-02-13 11:10:41,0.0
"[{'t_us': 1877459272, 'ax': 0.18, 'ay': 0.06, 'az': -1.08, 'gx': -2.58, 'gy': 1.36, 'gz': 0.09}, {'t_us': 1877475905, 'ax': 0.19, 'ay': 0.05, 'az': -1.08, 'gx': -2.69, 'gy': 1.74, 'gz': 0.21}, {'t_us': 1877493326, 'ax': 0.2, 'ay': 0.04, 'az': -1.08, 'gx': -2.98, 'gy': 2.78, 'gz': 0.44}, {'t_us': 1877513279, 'ax': 0.21, 'ay': 0.04, 'az': -1.09, 'gx': -2.56, 'gy': 3.1, 'gz': 0.52}, {'t_us': 1877533306, 'ax': 0.19, 'ay': 0.05, 'az': -1.09, 'gx': -2.26, 'gy': 3.25, 'gz': 0.56}]",2026-02-13 11:10:41,0.0
"[{'t_us': 1877559854, 'ax': 0.21, 'ay': 0.05, 'az': -1.1, 'gx': -2.06, 'gy': 4.21, 'gz': 0.5}, {'t_us': 1877573301, 'ax': 0.2, 'ay': 0.04, 'az': -1.09, 'gx': -1.86, 'gy': 3.91, 'gz': 0.56}, {'t_us': 1877593292, 'ax': 0.2, 'ay': 0.04, 'az': -1.08, 'gx': -1.77, 'gy': 4.03, 'gz': 0.5}, {'t_us': 1877613321, 'ax': 0.2, 'ay': 0.05, 'az': -1.08, 'gx': -2.6, 'gy': 3.62, 'gz': 0.11}, {'t_us': 1877633270, 'ax': 0.19, 'ay': 0.05, 'az': -1.06, 'gx': -4.02, 'gy': 2.64, 'gz': -0.4}]",2026-02-13 11:10:41,0.0
"[{'t_us': 1877657888, 'ax': 0.2, 'ay': 0.06, 'az': -1.08, 'gx': -4.08, 'gy': 2.63, 'gz': -0.7}, {'t_us': 1877673329, 'ax': 0.19, 'ay': 0.05, 'az': -1.08, 'gx': -3.8, 'gy': 2.32, 'gz': -0.89}, {'t_us': 1877693267, 'ax': 0.21, 'ay': 0.05, 'az': -1.08, 'gx': -3.8, 'gy': 1.6, 'gz': -0.78}, {'t_us': 1877713306, 'ax': 0.2, 'ay': 0.04, 'az': -1.08, 'gx': -3.5, 'gy': 1.47, 'gz': -0.78}, {'t_us': 1877733333, 'ax': 0.19, 'ay': 0.05, 'az': -1.08, 'gx': -3.08, 'gy': 1.56, 'gz': -0.5}]",2026-02-13 11:10:41,0.0
"[{'t_us': 1877759876, 'ax': 0.19, 'ay': 0.05, 'az': -1.08, 'gx': -2.6, 'gy': 3.28, 'gz': -0.05}, {'t_us': 1877773267, 'ax': 0.19, 'ay': 0.05, 'az': -1.09, 'gx': -2.17, 'gy': 2.98, 'gz': -0.26}, {'t_us': 1877793274, 'ax': 0.19, 'ay': 0.04, 'az': -1.08, 'gx': -2.24, 'gy': 1.97, 'gz': -0.15}, {'t_us': 1877813310, 'ax': 0.19, 'ay': 0.04, 'az': -1.09, 'gx': -2.34, 'gy': 3.51, 'gz': 0.18}, {'t_us': 1877833267, 'ax': 0.2, 'ay': 0.04, 'az': -1.08, 'gx': -2.72, 'gy': 4.03, 'gz': 0.05}]",2026-02-13 11:10:41,0.0
"[{'t_us': 1877859406, 'ax': 0.19, 'ay': 0.04, 'az': -1.09, 'gx': -3.4, 'gy': 3.39, 'gz': 0.05}, {'t_us': 1877873321, 'ax': 0.19, 'ay': 0.04, 'az': -1.08, 'gx': -3.44, 'gy': 2.93, 'gz': -0.17}, {'t_us': 1877893306, 'ax': 0.19, 'ay': 0.05, 'az': -1.07, 'gx': -4.14, 'gy': 3.42, 'gz': -0.44}, {'t_us': 1877913333, 'ax': 0.2, 'ay': 0.04, 'az': -1.08, 'gx': -3.45, 'gy': 3.48, 'gz': -0.24}, {'t_us': 1877933300, 'ax': 0.2, 'ay': 0.03, 'az': -1.09, 'gx': -3.34, 'gy': 3.05, 'gz': -0.08}]",2026-02-13 11:10:41,0.0
"[{'t_us': 1877959376, 'ax': 0.18, 'ay': 0.04, 'az': -1.07, 'gx': -3.89, 'gy': 2.56, 'gz': -0.21}, {'t_us': 1877973278, 'ax': 0.19, 'ay': 0.04, 'az': -1.09, 'gx': -3.92, 'gy': 2.75, 'gz': -0.08}, {'t_us': 1877993278, 'ax': 0.2, 'ay': 0.05, 'az': -1.08, 'gx': -3.79, 'gy': 3.19, 'gz': 0.17}, {'t_us': 1878013310, 'ax': 0.2, 'ay': 0.04, 'az': -1.09, 'gx': -3.08, 'gy': 3.13, 'gz': 0.14}, {'t_us': 1878033274, 'ax': 0.19, 'ay': 0.04, 'az': -1.09, 'gx': -3.27, 'gy': 2.9, 'gz': 0.21}]",2026-02-13 11:10:41,0.0
"[{'t_us': 1878059397, 'ax': 0.19, 'ay': 0.05, 'az': -1.08, 'gx': -3.15, 'gy': 2.89, 'gz': -0.03}, {'t_us': 1878073292, 'ax': 0.2, 'ay': 0.05, 'az': -1.08, 'gx': -2.81, 'gy': 3.5, 'gz': 0.26}, {'t_us': 1878093274, 'ax': 0.2, 'ay': 0.05, 'az': -1.09, 'gx': -2.02, 'gy': 3.33, 'gz': 0.44}, {'t_us': 1878113310, 'ax': 0.19, 'ay': 0.04, 'az': -1.08, 'gx': -2.03, 'gy': 3.56, 'gz': 0.29}, {'t_us': 1878133300, 'ax': 0.18, 'ay': 0.04, 'az': -1.08, 'gx': -3.02, 'gy': 3.56, 'gz': -0.05}]",2026-02-13 11:10:41,0.0
"[{'t_us': 1878157848, 'ax': 0.19, 'ay': 0.04, 'az': -1.07, 'gx': -3.25, 'gy': 3.05, 'gz': 0.14}, {'t_us': 1878173306, 'ax': 0.2, 'ay': 0.05, 'az': -1.09, 'gx': -3.11, 'gy': 3.24, 'gz': 0.32}, {'t_us': 1878193333, 'ax': 0.18, 'ay': 0.04, 'az': -1.09, 'gx': -2.67, 'gy': 2.87, 'gz': 0.06}, {'t_us': 1878213300, 'ax': 0.2, 'ay': 0.04, 'az': -1.08, 'gx': -2.84, 'gy': 3.22, 'gz': 0.17}, {'t_us': 1878233292, 'ax': 0.2, 'ay': 0.04, 'az': -1.07, 'gx': -2.79, 'gy': 2.85, 'gz': 0.26}]",2026-02-13 11:10:42,0.0
"[{'t_us': 1878257959, 'ax': 0.19, 'ay': 0.05, 'az': -1.09, 'gx': -2.95, 'gy': 3.22, 'gz': 0.15}, {'t_us': 1878273321, 'ax': 0.2, 'ay': 0.03, 'az': -1.09, 'gx': -2.66, 'gy': 3.24, 'gz': 0.21}, {'t_us': 1878293270, 'ax': 0.2, 'ay': 0.04, 'az': -1.08, 'gx': -2.78, 'gy': 2.82, 'gz': 0.21}, {'t_us': 1878313267, 'ax': 0.19, 'ay': 0.04, 'az': -1.08, 'gx': -2.82, 'gy': 2.78, 'gz': -0.09}, {'t_us': 1878333306, 'ax': 0.19, 'ay': 0.04, 'az': -1.08, 'gx': -3.25, 'gy': 2.84, 'gz': -0.14}]",2026-02-13 11:10:42,0.0
"[{'t_us': 1878359927, 'ax': 0.2, 'ay': 0.04, 'az': -1.08, 'gx': -3.62, 'gy': 2.75, 'gz': -0.18}, {'t_us': 1878373300, 'ax': 0.19, 'ay': 0.04, 'az': -1.08, 'gx': -3.73, 'gy': 2.87, 'gz': -0.34}, {'t_us': 1878393267, 'ax': 0.19, 'ay': 0.04, 'az': -1.08, 'gx': -3.42, 'gy': 2.67, 'gz': -0.21}, {'t_us': 1878413279, 'ax': 0.19, 'ay': 0.04, 'az': -1.09, 'gx': -3.25, 'gy': 2.29, 'gz': -0.4}, {'t_us': 1878433333, 'ax': 0.19, 'ay': 0.05, 'az': -1.07, 'gx': -3.37, 'gy': 2.56, 'gz': -0.41}]",2026-02-13 11:10:42,0.0
"[{'t_us': 1878459839, 'ax': 0.19, 'ay': 0.04, 'az': -1.09, 'gx': -3.48, 'gy': 3.33, 'gz': -0.06}, {'t_us': 1878473329, 'ax': 0.19, 'ay': 0.04, 'az': -1.08, 'gx': -3.54, 'gy': 2.98, 'gz': -0.21}, {'t_us': 1878493333, 'ax': 0.19, 'ay': 0.04, 'az': -1.08, 'gx': -3.22, 'gy': 2.84, 'gz': -0.29}, {'t_us': 1878513270, 'ax': 0.19, 'ay': 0.04, 'az': -1.09, 'gx': -2.47, 'gy': 2.53, 'gz': 0.24}, {'t_us': 1878533292, 'ax': 0.19, 'ay': 0.05, 'az': -1.08, 'gx': -2.47, 'gy': 3.16, 'gz': 0.4}]",2026-02-13 11:10:42,0.0
"[{'t_us': 1878559460, 'ax': 0.19, 'ay': 0.04, 'az': -1.08, 'gx': -2.81, 'gy': 2.6, 'gz': 0.41}, {'t_us': 1878573321, 'ax': 0.18, 'ay': 0.04, 'az': -1.08, 'gx': -3.28, 'gy': 2.41, 'gz': 0.34}, {'t_us': 1878593329, 'ax': 0.19, 'ay': 0.04, 'az': -1.08, 'gx': -2.93, 'gy': 2.31, 'gz': 0.34}, {'t_us': 1878613267, 'ax': 0.19, 'ay': 0.04, 'az': -1.08, 'gx': -2.69, 'gy': 2.63, 'gz': 0.21}, {'t_us': 1878633270, 'ax': 0.19, 'ay': 0.04, 'az': -1.08, 'gx': -2.99, 'gy': 3.07, 'gz': 0.09}]",2026-02-13 11:10:42,0.0
"[{'t_us': 1878657903, 'ax': 0.19, 'ay': 0.05, 'az': -1.09, 'gx': -3.45, 'gy': 3.36, 'gz': -0.12}, {'t_us': 1878673329, 'ax': 0.19, 'ay': 0.04, 'az': -1.08, 'gx': -3.31, 'gy': 3.11, 'gz': -0.23}, {'t_us': 1878693333, 'ax': 0.19, 'ay': 0.04, 'az': -1.09, 'gx': -3.42, 'gy': 2.89, 'gz': -0.05}, {'t_us': 1878713270, 'ax': 0.19, 'ay': 0.05, 'az': -1.09, 'gx': -3.6, 'gy': 3.51, 'gz': -0.17}, {'t_us': 1878733270, 'ax': 0.19, 'ay': 0.04, 'az': -1.08, 'gx': -3.34, 'gy': 3.86, 'gz': -0.26}]",2026-02-13 11:10:42,0.0
"[{'t_us': 1878757763, 'ax': 0.19, 'ay': 0.04, 'az': -1.08, 'gx': -3.33, 'gy': 3.05, 'gz': -0.21}, {'t_us': 1878773274, 'ax': 0.19, 'ay': 0.05, 'az': -1.09, 'gx': -3.48, 'gy': 3.45, 'gz': 0.06}, {'t_us': 1878793310, 'ax': 0.19, 'ay': 0.05, 'az': -1.09, 'gx': -3.21, 'gy': 3.24, 'gz': -0.06}, {'t_us': 1878813284, 'ax': 0.19, 'ay': 0.04, 'az': -1.07, 'gx': -3.4, 'gy': 2.84, 'gz': -0.24}, {'t_us': 1878833292, 'ax': 0.19, 'ay': 0.04, 'az': -1.09, 'gx': -3.34, 'gy': 3.22, 'gz': -0.24}]",2026-02-13 11:10:42,0.0
"[{'t_us': 1878857900, 'ax': 0.19, 'ay': 0.04, 'az': -1.09, 'gx': -3.42, 'gy': 3.08, 'gz': -0.32}, {'t_us': 1878873329, 'ax': 0.19, 'ay': 0.04, 'az': -1.08, 'gx': -3.22, 'gy': 2.75, 'gz': -0.23}, {'t_us': 1878893275, 'ax': 0.19, 'ay': 0.05, 'az': -1.09, 'gx': -3.42, 'gy': 3.39, 'gz': -0.34}, {'t_us': 1878913303, 'ax': 0.2, 'ay': 0.04, 'az': -1.09, 'gx': -2.98, 'gy': 4.11, 'gz': -0.15}, {'t_us': 1878933329, 'ax': 0.2, 'ay': 0.05, 'az': -1.09, 'gx': -2.78, 'gy': 4.11, 'gz': -0.14}]",2026-02-13 11:10:42,0.0
"[{'t_us': 1878959411, 'ax': 0.19, 'ay': 0.04, 'az': -1.09, 'gx': -2.89, 'gy': 4.12, 'gz': -0.21}, {'t_us': 1878973267, 'ax': 0.18, 'ay': 0.05, 'az': -1.07, 'gx': -2.6, 'gy': 3.63, 'gz': -0.18}, {'t_us': 1878993267, 'ax': 0.19, 'ay': 0.04, 'az': -1.08, 'gx': -2.76, 'gy': 4.08, 'gz': -0.15}, {'t_us': 1879013333, 'ax': 0.19, 'ay': 0.04, 'az': -1.08, 'gx': -3.16, 'gy': 4.17, 'gz': 0.03}, {'t_us': 1879033321, 'ax': 0.19, 'ay': 0.03, 'az': -1.08, 'gx': -3.13, 'gy': 3.79, 'gz': -0.18}]",2026-02-13 11:10:42,0.0
"[{'t_us': 1879059358, 'ax': 0.18, 'ay': 0.04, 'az': -1.08, 'gx': -2.76, 'gy': 3.69, 'gz': 0.14}, {'t_us': 1879073326, 'ax': 0.19, 'ay': 0.03, 'az': -1.08, 'gx': -2.98, 'gy': 3.95, 'gz': -0.18}, {'t_us': 1879093329, 'ax': 0.19, 'ay': 0.04, 'az': -1.07, 'gx': -3.22, 'gy': 4.46, 'gz': 0.05}, {'t_us': 1879113329, 'ax': 0.2, 'ay': 0.04, 'az': -1.09, 'gx': -3.13, 'gy': 3.92, 'gz': -0.03}, {'t_us': 1879133306, 'ax': 0.19, 'ay': 0.04, 'az': -1.08, 'gx': -3.21, 'gy': 3.45, 'gz': 0.02}]",2026-02-13 11:10:42,0.0
"[{'t_us': 1879157874, 'ax': 0.19, 'ay': 0.04, 'az': -1.08, 'gx': -2.99, 'gy': 3.36, 'gz': -0.23}, {'t_us': 1879173272, 'ax': 0.2, 'ay': 0.04, 'az': -1.08, 'gx': -2.99, 'gy': 3.59, 'gz': -0.18}, {'t_us': 1879193326, 'ax': 0.19, 'ay': 0.04, 'az': -1.09, 'gx': -3.31, 'gy': 3.45, 'gz': -0.14}, {'t_us': 1879213287, 'ax': 0.19, 'ay': 0.04, 'az': -1.09, 'gx': -2.96, 'gy': 3.13, 'gz': -0.09}, {'t_us': 1879233310, 'ax': 0.19, 'ay': 0.04, 'az': -1.08, 'gx': -3.22, 'gy': 2.66, 'gz': 0.09}]",2026-02-13 11:10:43,0.0
"[{'t_us': 1879259448, 'ax': 0.19, 'ay': 0.04, 'az': -1.09, 'gx': -3.36, 'gy': 3.24, 'gz': -0.21}, {'t_us': 1879274195, 'ax': 0.18, 'ay': 0.04, 'az': -1.09, 'gx': -3.66, 'gy': 3.13, 'gz': -0.12}, {'t_us': 1879293274, 'ax': 0.19, 'ay': 0.04, 'az': -1.09, 'gx': -3.66, 'gy': 3.07, 'gz': -0.11}, {'t_us': 1879313310, 'ax': 0.19, 'ay': 0.04, 'az': -1.09, 'gx': -3.5, 'gy': 3.3, 'gz': -0.14}, {'t_us': 1879333310, 'ax': 0.19, 'ay': 0.04, 'az': -1.08, 'gx': -3.05, 'gy': 3.54, 'gz': -0.18}]",2026-02-13 11:10:43,0.0
"[{'t_us': 1879359915, 'ax': 0.19, 'ay': 0.04, 'az': -1.09, 'gx': -3.24, 'gy': 3.76, 'gz': 0.17}, {'t_us': 1879373317, 'ax': 0.19, 'ay': 0.04, 'az': -1.08, 'gx': -3.18, 'gy': 3.82, 'gz': 0.08}, {'t_us': 1879393270, 'ax': 0.19, 'ay': 0.03, 'az': -1.07, 'gx': -3.18, 'gy': 2.44, 'gz': -0.08}, {'t_us': 1879413284, 'ax': 0.19, 'ay': 0.03, 'az': -1.08, 'gx': -3.82, 'gy': 3.24, 'gz': -0.15}, {'t_us': 1879433270, 'ax': 0.19, 'ay': 0.04, 'az': -1.08, 'gx': -3.62, 'gy': 2.9, 'gz': -0.21}]",2026-02-13 11:10:43,0.0
"[{'t_us': 1879459617, 'ax': 0.19, 'ay': 0.04, 'az': -1.08, 'gx': -3.88, 'gy': 2.47, 'gz': -0.41}, {'t_us': 1879473284, 'ax': 0.19, 'ay': 0.04, 'az': -1.07, 'gx': -3.89, 'gy': 2.37, 'gz': -0.21}, {'t_us': 1879493292, 'ax': 0.19, 'ay': 0.04, 'az': -1.08, 'gx': -3.66, 'gy': 2.0, 'gz': -0.29}, {'t_us': 1879513321, 'ax': 0.19, 'ay': 0.04, 'az': -1.09, 'gx': -3.97, 'gy': 2.58, 'gz': -0.35}, {'t_us': 1879533267, 'ax': 0.19, 'ay': 0.04, 'az': -1.09, 'gx': -4.12, 'gy': 2.18, 'gz': -0.41}]",2026-02-13 11:10:43,0.0
"[{'t_us': 1879559614, 'ax': 0.19, 'ay': 0.04, 'az': -1.08, 'gx': -3.98, 'gy': 2.31, 'gz': -0.27}, {'t_us': 1879573274, 'ax': 0.19, 'ay': 0.04, 'az': -1.08, 'gx': -3.62, 'gy': 2.2, 'gz': -0.24}, {'t_us': 1879593310, 'ax': 0.2, 'ay': 0.04, 'az': -1.08, 'gx': -4.15, 'gy': 2.52, 'gz': -0.29}, {'t_us': 1879613273, 'ax': 0.19, 'ay': 0.04, 'az': -1.1, 'gx': -4.06, 'gy': 2.31, 'gz': -0.53}, {'t_us': 1879633306, 'ax': 0.18, 'ay': 0.04, 'az': -1.08, 'gx': -3.71, 'gy': 2.49, 'gz': -0.31}]",2026-02-13 11:10:43,0.0
"[{'t_us': 1879659994, 'ax': 0.18, 'ay': 0.04, 'az': -1.09, 'gx': -3.54, 'gy': 3.18, 'gz': -0.47}, {'t_us': 1879673286, 'ax': 0.19, 'ay': 0.04, 'az': -1.08, 'gx': -4.11, 'gy': 3.02, 'gz': 0.05}, {'t_us': 1879693300, 'ax': 0.19, 'ay': 0.04, 'az': -1.08, 'gx': -4.05, 'gy': 2.9, 'gz': -0.29}, {'t_us': 1879713329, 'ax': 0.19, 'ay': 0.04, 'az': -1.08, 'gx': -3.54, 'gy': 3.08, 'gz': -0.29}, {'t_us': 1879733331, 'ax': 0.19, 'ay': 0.04, 'az': -1.08, 'gx': -3.56, 'gy': 2.76, 'gz': -0.08}]",2026-02-13 11:10:43,0.0
"[{'t_us': 1879759619, 'ax': 0.18, 'ay': 0.04, 'az': -1.08, 'gx': -3.73, 'gy': 2.35, 'gz': -0.03}, {'t_us': 1879773333, 'ax': 0.19, 'ay': 0.04, 'az': -1.08, 'gx': -3.65, 'gy': 2.55, 'gz': -0.21}, {'t_us': 1879793267, 'ax': 0.19, 'ay': 0.05, 'az': -1.09, 'gx': -3.95, 'gy': 2.27, 'gz': -0.32}, {'t_us': 1879813306, 'ax': 0.18, 'ay': 0.04, 'az': -1.09, 'gx': -3.51, 'gy': 2.18, 'gz': -0.15}, {'t_us': 1879833355, 'ax': 0.19, 'ay': 0.04, 'az': -1.08, 'gx': -3.83, 'gy': 2.17, 'gz': -0.23}]",2026-02-13 11:10:43,0.0
"[{'t_us': 1879860155, 'ax': 0.19, 'ay': 0.04, 'az': -1.09, 'gx': -4.09, 'gy': 2.78, 'gz': -0.49}, {'t_us': 1879873333, 'ax': 0.19, 'ay': 0.04, 'az': -1.1, 'gx': -3.8, 'gy': 2.5, 'gz': -0.12}, {'t_us': 1879893267, 'ax': 0.18, 'ay': 0.04, 'az': -1.09, 'gx': -3.86, 'gy': 2.31, 'gz': -0.31}, {'t_us': 1879913317, 'ax': 0.19, 'ay': 0.04, 'az': -1.08, 'gx': -3.91, 'gy': 2.9, 'gz': -0.38}, {'t_us': 1879933292, 'ax': 0.18, 'ay': 0.04, 'az': -1.09, 'gx': -3.88, 'gy': 2.76, 'gz': -0.6}]",2026-02-13 11:10:43,0.0
"[{'t_us': 1879960091, 'ax': 0.19, 'ay': 0.05, 'az': -1.1, 'gx': -3.53, 'gy': 2.85, 'gz': -0.12}, {'t_us': 1879973321, 'ax': 0.19, 'ay': 0.04, 'az': -1.09, 'gx': -3.5, 'gy': 2.96, 'gz': -0.05}, {'t_us': 1879993329, 'ax': 0.19, 'ay': 0.04, 'az': -1.08, 'gx': -3.73, 'gy': 2.55, 'gz': -0.17}, {'t_us': 1880013284, 'ax': 0.19, 'ay': 0.04, 'az': -1.08, 'gx': -3.83, 'gy': 2.63, 'gz': -0.29}, {'t_us': 1880033276, 'ax': 0.19, 'ay': 0.05, 'az': -1.09, 'gx': -3.53, 'gy': 2.72, 'gz': -0.08}]",2026-02-13 11:10:44,0.0
"[{'t_us': 1880060106, 'ax': 0.18, 'ay': 0.04, 'az': -1.08, 'gx': -3.56, 'gy': 2.43, 'gz': -0.09}, {'t_us': 1880073300, 'ax': 0.18, 'ay': 0.04, 'az': -1.08, 'gx': -3.85, 'gy': 1.91, 'gz': -0.23}, {'t_us': 1880093329, 'ax': 0.19, 'ay': 0.05, 'az': -1.08, 'gx': -3.69, 'gy': 2.21, 'gz': -0.06}, {'t_us': 1880113271, 'ax': 0.19, 'ay': 0.05, 'az': -1.09, 'gx': -3.74, 'gy': 2.61, 'gz': -0.09}, {'t_us': 1880133333, 'ax': 0.18, 'ay': 0.04, 'az': -1.08, 'gx': -3.79, 'gy': 2.5, 'gz': -0.32}]",2026-02-13 11:10:44,0.0
"[{'t_us': 1880158095, 'ax': 0.18, 'ay': 0.05, 'az': -1.08, 'gx': -3.95, 'gy': 2.09, 'gz': -0.24}, {'t_us': 1880173310, 'ax': 0.18, 'ay': 0.04, 'az': -1.1, 'gx': -3.74, 'gy': 2.27, 'gz': -0.21}, {'t_us': 1880193267, 'ax': 0.18, 'ay': 0.05, 'az': -1.08, 'gx': -3.68, 'gy': 2.52, 'gz': -0.09}, {'t_us': 1880213300, 'ax': 0.18, 'ay': 0.05, 'az': -1.08, 'gx': -3.71, 'gy': 2.41, 'gz': -0.17}, {'t_us': 1880233310, 'ax': 0.18, 'ay': 0.05, 'az': -1.08, 'gx': -3.51, 'gy': 2.47, 'gz': -0.32}]",2026-02-13 11:10:44,0.0
"[{'t_us': 1880260055, 'ax': 0.18, 'ay': 0.04, 'az': -1.08, 'gx': -3.63, 'gy': 2.11, 'gz': -0.23}, {'t_us': 1880273346, 'ax': 0.18, 'ay': 0.05, 'az': -1.09, 'gx': -3.47, 'gy': 2.89, 'gz': -0.06}, {'t_us': 1880293300, 'ax': 0.18, 'ay': 0.04, 'az': -1.08, 'gx': -3.86, 'gy': 2.34, 'gz': -0.12}, {'t_us': 1880313329, 'ax': 0.18, 'ay': 0.05, 'az': -1.08, 'gx': -3.69, 'gy': 1.63, 'gz': 0.03}, {'t_us': 1880333333, 'ax': 0.19, 'ay': 0.05, 'az': -1.09, 'gx': -3.19, 'gy': 2.58, 'gz': -0.15}]",2026-02-13 11:10:44,0.0
"[{'t_us': 1880358393, 'ax': 0.18, 'ay': 0.04, 'az': -1.09, 'gx': -3.56, 'gy': 2.7, 'gz': -0.26}, {'t_us': 1880373270, 'ax': 0.18, 'ay': 0.04, 'az': -1.09, 'gx': -3.6, 'gy': 2.72, 'gz': -0.03}, {'t_us': 1880393270, 'ax': 0.18, 'ay': 0.04, 'az': -1.08, 'gx': -3.57, 'gy': 3.04, 'gz': -0.09}, {'t_us': 1880413310, 'ax': 0.18, 'ay': 0.04, 'az': -1.09, 'gx': -3.21, 'gy': 3.1, 'gz': 0.0}, {'t_us': 1880433267, 'ax': 0.18, 'ay': 0.04, 'az': -1.09, 'gx': -3.44, 'gy': 3.21, 'gz': 0.11}]",2026-02-13 11:10:44,0.0
"[{'t_us': 1880459955, 'ax': 0.17, 'ay': 0.05, 'az': -1.08, 'gx': -3.76, 'gy': 2.67, 'gz': -0.11}, {'t_us': 1880473306, 'ax': 0.18, 'ay': 0.05, 'az': -1.09, 'gx': -3.33, 'gy': 3.19, 'gz': -0.14}, {'t_us': 1880493317, 'ax': 0.19, 'ay': 0.05, 'az': -1.09, 'gx': -3.73, 'gy': 3.24, 'gz': -0.29}, {'t_us': 1880513270, 'ax': 0.18, 'ay': 0.04, 'az': -1.09, 'gx': -3.73, 'gy': 3.36, 'gz': -0.2}, {'t_us': 1880533300, 'ax': 0.18, 'ay': 0.05, 'az': -1.08, 'gx': -3.27, 'gy': 3.1, 'gz': -0.21}]",2026-02-13 11:10:44,0.0
"[{'t_us': 1880558312, 'ax': 0.18, 'ay': 0.05, 'az': -1.09, 'gx': -2.85, 'gy': 3.04, 'gz': -0.08}, {'t_us': 1880573284, 'ax': 0.18, 'ay': 0.05, 'az': -1.08, 'gx': -3.28, 'gy': 3.07, 'gz': -0.2}, {'t_us': 1880593292, 'ax': 0.18, 'ay': 0.04, 'az': -1.08, 'gx': -3.28, 'gy': 3.11, 'gz': -0.12}, {'t_us': 1880613321, 'ax': 0.18, 'ay': 0.05, 'az': -1.09, 'gx': -3.15, 'gy': 3.19, 'gz': 0.05}, {'t_us': 1880633271, 'ax': 0.18, 'ay': 0.05, 'az': -1.09, 'gx': -2.93, 'gy': 3.18, 'gz': -0.14}]",2026-02-13 11:10:44,0.0
"[{'t_us': 1880658233, 'ax': 0.18, 'ay': 0.05, 'az': -1.09, 'gx': -2.79, 'gy': 3.27, 'gz': -0.03}, {'t_us': 1880673317, 'ax': 0.18, 'ay': 0.05, 'az': -1.07, 'gx': -2.9, 'gy': 3.33, 'gz': 0.12}, {'t_us': 1880693318, 'ax': 0.18, 'ay': 0.05, 'az': -1.09, 'gx': -3.31, 'gy': 3.45, 'gz': 0.02}, {'t_us': 1880713274, 'ax': 0.18, 'ay': 0.05, 'az': -1.08, 'gx': -3.54, 'gy': 3.02, 'gz': -0.11}, {'t_us': 1880733279, 'ax': 0.18, 'ay': 0.04, 'az': -1.09, 'gx': -2.85, 'gy': 2.93, 'gz': 0.09}]",2026-02-13 11:10:44,0.0
"[{'t_us': 1880760675, 'ax': 0.18, 'ay': 0.05, 'az': -1.09, 'gx': -3.08, 'gy': 3.27, 'gz': 0.06}, {'t_us': 1880773329, 'ax': 0.17, 'ay': 0.05, 'az': -1.09, 'gx': -2.92, 'gy': 2.93, 'gz': 0.02}, {'t_us': 1880793333, 'ax': 0.19, 'ay': 0.05, 'az': -1.08, 'gx': -3.33, 'gy': 3.51, 'gz': -0.27}, {'t_us': 1880813300, 'ax': 0.18, 'ay': 0.04, 'az': -1.09, 'gx': -3.66, 'gy': 2.95, 'gz': -0.29}, {'t_us': 1880833267, 'ax': 0.18, 'ay': 0.04, 'az': -1.07, 'gx': -3.25, 'gy': 2.72, 'gz': -0.2}]",2026-02-13 11:10:44,0.0
"[{'t_us': 1880860765, 'ax': 0.18, 'ay': 0.04, 'az': -1.09, 'gx': -3.21, 'gy': 3.11, 'gz': -0.05}, {'t_us': 1880873310, 'ax': 0.18, 'ay': 0.04, 'az': -1.09, 'gx': -3.22, 'gy': 3.47, 'gz': -0.2}, {'t_us': 1880893317, 'ax': 0.17, 'ay': 0.05, 'az': -1.07, 'gx': -3.4, 'gy': 2.76, 'gz': -0.38}, {'t_us': 1880913292, 'ax': 0.18, 'ay': 0.04, 'az': -1.09, 'gx': -3.31, 'gy': 3.36, 'gz': -0.2}, {'t_us': 1880933321, 'ax': 0.17, 'ay': 0.05, 'az': -1.08, 'gx': -3.79, 'gy': 3.48, 'gz': -0.35}]",2026-02-13 11:10:44,0.0
"[{'t_us': 1880957731, 'ax': 0.18, 'ay': 0.05, 'az': -1.08, 'gx': -3.37, 'gy': 3.62, 'gz': -0.06}, {'t_us': 1880973276, 'ax': 0.18, 'ay': 0.04, 'az': -1.08, 'gx': -3.24, 'gy': 3.53, 'gz': -0.17}, {'t_us': 1880993279, 'ax': 0.18, 'ay': 0.04, 'az': -1.09, 'gx': -3.44, 'gy': 3.44, 'gz': -0.03}, {'t_us': 1881013310, 'ax': 0.17, 'ay': 0.05, 'az': -1.08, 'gx': -3.44, 'gy': 2.96, 'gz': -0.03}, {'t_us': 1881033321, 'ax': 0.18, 'ay': 0.05, 'az': -1.08, 'gx': -3.56, 'gy': 3.3, 'gz': -0.18}]",2026-02-13 11:10:44,0.0
"[{'t_us': 1881059721, 'ax': 0.18, 'ay': 0.05, 'az': -1.09, 'gx': -3.54, 'gy': 3.13, 'gz': -0.09}, {'t_us': 1881073326, 'ax': 0.18, 'ay': 0.04, 'az': -1.09, 'gx': -3.37, 'gy': 3.22, 'gz': -0.17}, {'t_us': 1881093326, 'ax': 0.17, 'ay': 0.04, 'az': -1.08, 'gx': -3.44, 'gy': 2.82, 'gz': -0.15}, {'t_us': 1881113329, 'ax': 0.18, 'ay': 0.05, 'az': -1.08, 'gx': -3.48, 'gy': 3.19, 'gz': -0.29}, {'t_us': 1881133301, 'ax': 0.17, 'ay': 0.04, 'az': -1.09, 'gx': -3.4, 'gy': 3.11, 'gz': -0.23}]",2026-02-13 11:10:44,0.0
"[{'t_us': 1881160099, 'ax': 0.18, 'ay': 0.05, 'az': -1.09, 'gx': -3.22, 'gy': 3.5, 'gz': -0.15}, {'t_us': 1881173333, 'ax': 0.18, 'ay': 0.04, 'az': -1.09, 'gx': -3.21, 'gy': 3.36, 'gz': -0.06}, {'t_us': 1881193267, 'ax': 0.18, 'ay': 0.04, 'az': -1.09, 'gx': -3.39, 'gy': 3.56, 'gz': -0.12}, {'t_us': 1881213306, 'ax': 0.18, 'ay': 0.05, 'az': -1.08, 'gx': -3.07, 'gy': 3.5, 'gz': 0.0}, {'t_us': 1881233284, 'ax': 0.18, 'ay': 0.05, 'az': -1.09, 'gx': -3.04, 'gy': 3.1, 'gz': 0.02}]",2026-02-13 11:10:45,0.0
"[{'t_us': 1881259709, 'ax': 0.18, 'ay': 0.05, 'az': -1.08, 'gx': -3.34, 'gy': 3.62, 'gz': -0.2}, {'t_us': 1881273274, 'ax': 0.18, 'ay': 0.04, 'az': -1.08, 'gx': -3.3, 'gy': 3.74, 'gz': -0.05}, {'t_us': 1881293300, 'ax': 0.18, 'ay': 0.04, 'az': -1.08, 'gx': -3.11, 'gy': 3.16, 'gz': -0.2}, {'t_us': 1881313310, 'ax': 0.18, 'ay': 0.04, 'az': -1.08, 'gx': -3.25, 'gy': 2.87, 'gz': -0.08}, {'t_us': 1881333267, 'ax': 0.18, 'ay': 0.05, 'az': -1.09, 'gx': -3.33, 'gy': 3.16, 'gz': 0.12}]",2026-02-13 11:10:45,0.0
"[{'t_us': 1881359419, 'ax': 0.17, 'ay': 0.05, 'az': -1.09, 'gx': -3.36, 'gy': 3.27, 'gz': -0.17}, {'t_us': 1881375816, 'ax': 0.18, 'ay': 0.04, 'az': -1.08, 'gx': -2.92, 'gy': 3.1, 'gz': -0.08}, {'t_us': 1881393317, 'ax': 0.18, 'ay': 0.05, 'az': -1.09, 'gx': -3.27, 'gy': 2.95, 'gz': -0.2}, {'t_us': 1881413310, 'ax': 0.18, 'ay': 0.05, 'az': -1.08, 'gx': -3.82, 'gy': 3.05, 'gz': -0.09}, {'t_us': 1881433273, 'ax': 0.18, 'ay': 0.04, 'az': -1.09, 'gx': -3.53, 'gy': 3.18, 'gz': -0.18}]",2026-02-13 11:10:45,0.0
"[{'t_us': 1881459508, 'ax': 0.17, 'ay': 0.03, 'az': -1.09, 'gx': -3.07, 'gy': 3.18, 'gz': -0.06}, {'t_us': 1881473296, 'ax': 0.18, 'ay': 0.04, 'az': -1.09, 'gx': -3.18, 'gy': 3.21, 'gz': -0.24}, {'t_us': 1881493306, 'ax': 0.18, 'ay': 0.04, 'az': -1.06, 'gx': -3.6, 'gy': 3.24, 'gz': -0.17}, {'t_us': 1881513333, 'ax': 0.18, 'ay': 0.05, 'az': -1.09, 'gx': -3.66, 'gy': 2.93, 'gz': -0.41}, {'t_us': 1881533329, 'ax': 0.18, 'ay': 0.05, 'az': -1.08, 'gx': -3.53, 'gy': 3.11, 'gz': -0.15}]",2026-02-13 11:10:45,0.0
"[{'t_us': 1881559426, 'ax': 0.18, 'ay': 0.04, 'az': -1.09, 'gx': -3.18, 'gy': 3.07, 'gz': -0.08}, {'t_us': 1881573300, 'ax': 0.17, 'ay': 0.04, 'az': -1.09, 'gx': -3.51, 'gy': 3.1, 'gz': -0.17}, {'t_us': 1881593300, 'ax': 0.17, 'ay': 0.04, 'az': -1.08, 'gx': -3.34, 'gy': 2.55, 'gz': -0.11}, {'t_us': 1881613329, 'ax': 0.18, 'ay': 0.05, 'az': -1.09, 'gx': -3.59, 'gy': 3.62, 'gz': -0.02}, {'t_us': 1881633284, 'ax': 0.18, 'ay': 0.05, 'az': -1.09, 'gx': -3.62, 'gy': 3.36, 'gz': -0.2}]",2026-02-13 11:10:45,0.0
"[{'t_us': 1881659023, 'ax': 0.18, 'ay': 0.04, 'az': -1.09, 'gx': -3.18, 'gy': 3.4, 'gz': -0.06}, {'t_us': 1881673329, 'ax': 0.17, 'ay': 0.04, 'az': -1.07, 'gx': -3.01, 'gy': 3.02, 'gz': -0.08}, {'t_us': 1881693333, 'ax': 0.18, 'ay': 0.04, 'az': -1.08, 'gx': -3.51, 'gy': 3.19, 'gz': -0.11}, {'t_us': 1881713300, 'ax': 0.18, 'ay': 0.04, 'az': -1.09, 'gx': -3.28, 'gy': 3.56, 'gz': -0.14}, {'t_us': 1881733306, 'ax': 0.18, 'ay': 0.05, 'az': -1.09, 'gx': -3.21, 'gy': 3.56, 'gz': -0.05}]",2026-02-13 11:10:45,0.0
"[{'t_us': 1881757810, 'ax': 0.18, 'ay': 0.05, 'az': -1.07, 'gx': -3.47, 'gy': 3.25, 'gz': 0.05}, {'t_us': 1881773299, 'ax': 0.18, 'ay': 0.05, 'az': -1.09, 'gx': -3.11, 'gy': 2.95, 'gz': 0.06}, {'t_us': 1881793279, 'ax': 0.17, 'ay': 0.04, 'az': -1.08, 'gx': -3.15, 'gy': 3.36, 'gz': -0.41}, {'t_us': 1881813310, 'ax': 0.18, 'ay': 0.04, 'az': -1.09, 'gx': -2.98, 'gy': 3.44, 'gz': -0.17}, {'t_us': 1881833274, 'ax': 0.18, 'ay': 0.05, 'az': -1.08, 'gx': -3.22, 'gy': 3.33, 'gz': -0.2}]",2026-02-13 11:10:45,0.0
"[{'t_us': 1881859429, 'ax': 0.18, 'ay': 0.05, 'az': -1.08, 'gx': -3.08, 'gy': 3.47, 'gz': -0.14}, {'t_us': 1881873270, 'ax': 0.17, 'ay': 0.04, 'az': -1.09, 'gx': -3.02, 'gy': 3.53, 'gz': -0.12}, {'t_us': 1881893317, 'ax': 0.18, 'ay': 0.05, 'az': -1.08, 'gx': -2.84, 'gy': 3.69, 'gz': -0.03}, {'t_us': 1881913326, 'ax': 0.18, 'ay': 0.04, 'az': -1.09, 'gx': -2.79, 'gy': 3.47, 'gz': 0.06}, {'t_us': 1881933279, 'ax': 0.18, 'ay': 0.04, 'az': -1.09, 'gx': -3.39, 'gy': 3.74, 'gz': -0.05}]",2026-02-13 11:10:45,0.0
"[{'t_us': 1881957643, 'ax': 0.18, 'ay': 0.05, 'az': -1.09, 'gx': -3.37, 'gy': 3.4, 'gz': 0.05}, {'t_us': 1881973329, 'ax': 0.17, 'ay': 0.04, 'az': -1.08, 'gx': -3.33, 'gy': 3.42, 'gz': -0.29}, {'t_us': 1881993333, 'ax': 0.18, 'ay': 0.05, 'az': -1.08, 'gx': -3.76, 'gy': 3.39, 'gz': -0.29}, {'t_us': 1882013300, 'ax': 0.17, 'ay': 0.05, 'az': -1.08, 'gx': -3.74, 'gy': 2.89, 'gz': -0.21}, {'t_us': 1882033317, 'ax': 0.18, 'ay': 0.05, 'az': -1.08, 'gx': -3.88, 'gy': 2.49, 'gz': -0.27}]",2026-02-13 11:10:45,0.0
"[{'t_us': 1882059288, 'ax': 0.18, 'ay': 0.04, 'az': -1.09, 'gx': -3.95, 'gy': 2.7, 'gz': -0.41}, {'t_us': 1882073306, 'ax': 0.18, 'ay': 0.04, 'az': -1.1, 'gx': -3.69, 'gy': 2.64, 'gz': -0.06}, {'t_us': 1882093333, 'ax': 0.18, 'ay': 0.04, 'az': -1.08, 'gx': -3.63, 'gy': 3.28, 'gz': -0.41}, {'t_us': 1882113300, 'ax': 0.19, 'ay': 0.05, 'az': -1.09, 'gx': -3.37, 'gy': 3.07, 'gz': 0.0}, {'t_us': 1882133333, 'ax': 0.18, 'ay': 0.04, 'az': -1.09, 'gx': -3.27, 'gy': 3.27, 'gz': 0.05}]",2026-02-13 11:10:45,0.0
"[{'t_us': 1882159971, 'ax': 0.17, 'ay': 0.04, 'az': -1.08, 'gx': -3.47, 'gy': 3.83, 'gz': -0.27}, {'t_us': 1882173568, 'ax': 0.17, 'ay': 0.05, 'az': -1.09, 'gx': -3.22, 'gy': 4.85, 'gz': -0.43}, {'t_us': 1882193267, 'ax': 0.18, 'ay': 0.05, 'az': -1.09, 'gx': -3.25, 'gy': 3.4, 'gz': -0.26}, {'t_us': 1882213306, 'ax': 0.18, 'ay': 0.04, 'az': -1.08, 'gx': -3.16, 'gy': 2.98, 'gz': -0.32}, {'t_us': 1882233317, 'ax': 0.18, 'ay': 0.04, 'az': -1.08, 'gx': -3.21, 'gy': 3.86, 'gz': -0.29}]",2026-02-13 11:10:46,0.0
"[{'t_us': 1882258107, 'ax': 0.18, 'ay': 0.05, 'az': -1.08, 'gx': -3.1, 'gy': 3.48, 'gz': -0.23}, {'t_us': 1882273279, 'ax': 0.19, 'ay': 0.05, 'az': -1.1, 'gx': -3.18, 'gy': 2.87, 'gz': -0.37}, {'t_us': 1882293291, 'ax': 0.18, 'ay': 0.05, 'az': -1.1, 'gx': -3.04, 'gy': 1.42, 'gz': -0.15}, {'t_us': 1882313333, 'ax': 0.17, 'ay': 0.04, 'az': -1.07, 'gx': -2.58, 'gy': 2.37, 'gz': -0.11}, {'t_us': 1882333270, 'ax': 0.18, 'ay': 0.05, 'az': -1.1, 'gx': -2.76, 'gy': 2.76, 'gz': -0.17}]",2026-02-13 11:10:46,0.0
"[{'t_us': 1882359731, 'ax': 0.18, 'ay': 0.04, 'az': -1.09, 'gx': -2.93, 'gy': 1.98, 'gz': -0.15}, {'t_us': 1882373284, 'ax': 0.18, 'ay': 0.05, 'az': -1.09, 'gx': -2.56, 'gy': 2.82, 'gz': -0.15}, {'t_us': 1882393292, 'ax': 0.17, 'ay': 0.04, 'az': -1.09, 'gx': -2.95, 'gy': 3.85, 'gz': -0.23}, {'t_us': 1882413298, 'ax': 0.18, 'ay': 0.04, 'az': -1.09, 'gx': -3.24, 'gy': 4.14, 'gz': -0.09}, {'t_us': 1882433329, 'ax': 0.18, 'ay': 0.04, 'az': -1.08, 'gx': -2.56, 'gy': 4.11, 'gz': -0.15}]",2026-02-13 11:10:46,0.0
"[{'t_us': 1882457534, 'ax': 0.18, 'ay': 0.04, 'az': -1.08, 'gx': -2.81, 'gy': 4.37, 'gz': -0.05}, {'t_us': 1882473279, 'ax': 0.17, 'ay': 0.04, 'az': -1.08, 'gx': -2.78, 'gy': 4.24, 'gz': -0.05}, {'t_us': 1882493300, 'ax': 0.18, 'ay': 0.04, 'az': -1.09, 'gx': -2.75, 'gy': 3.85, 'gz': -0.14}, {'t_us': 1882513292, 'ax': 0.17, 'ay': 0.04, 'az': -1.09, 'gx': -2.92, 'gy': 3.66, 'gz': -0.02}, {'t_us': 1882533326, 'ax': 0.17, 'ay': 0.04, 'az': -1.09, 'gx': -2.95, 'gy': 4.2, 'gz': -0.08}]",2026-02-13 11:10:46,0.0
"[{'t_us': 1882559452, 'ax': 0.18, 'ay': 0.04, 'az': -1.08, 'gx': -2.99, 'gy': 4.14, 'gz': 0.06}, {'t_us': 1882573333, 'ax': 0.18, 'ay': 0.04, 'az': -1.09, 'gx': -3.24, 'gy': 3.85, 'gz': -0.03}, {'t_us': 1882593313, 'ax': 0.18, 'ay': 0.04, 'az': -1.08, 'gx': -2.99, 'gy': 3.66, 'gz': -0.14}, {'t_us': 1882613313, 'ax': 0.17, 'ay': 0.04, 'az': -1.09, 'gx': -3.25, 'gy': 3.82, 'gz': 0.21}, {'t_us': 1882633310, 'ax': 0.18, 'ay': 0.05, 'az': -1.09, 'gx': -3.11, 'gy': 4.0, 'gz': -0.17}]",2026-02-13 11:10:46,0.0
"[{'t_us': 1882657931, 'ax': 0.18, 'ay': 0.04, 'az': -1.08, 'gx': -2.96, 'gy': 4.24, 'gz': -0.15}, {'t_us': 1882673292, 'ax': 0.18, 'ay': 0.04, 'az': -1.09, 'gx': -2.96, 'gy': 3.79, 'gz': 0.18}, {'t_us': 1882693321, 'ax': 0.17, 'ay': 0.04, 'az': -1.09, 'gx': -2.87, 'gy': 4.4, 'gz': 0.03}, {'t_us': 1882713290, 'ax': 0.18, 'ay': 0.05, 'az': -1.09, 'gx': -2.95, 'gy': 4.73, 'gz': -0.05}, {'t_us': 1882733292, 'ax': 0.18, 'ay': 0.04, 'az': -1.08, 'gx': -2.85, 'gy': 4.21, 'gz': 0.03}]",2026-02-13 11:10:46,0.0
"[{'t_us': 1882757856, 'ax': 0.18, 'ay': 0.04, 'az': -1.08, 'gx': -2.84, 'gy': 3.76, 'gz': 0.09}, {'t_us': 1882773284, 'ax': 0.18, 'ay': 0.04, 'az': -1.08, 'gx': -2.93, 'gy': 3.73, 'gz': -0.02}, {'t_us': 1882793292, 'ax': 0.18, 'ay': 0.04, 'az': -1.08, 'gx': -3.44, 'gy': 3.83, 'gz': -0.24}, {'t_us': 1882813333, 'ax': 0.18, 'ay': 0.04, 'az': -1.08, 'gx': -3.21, 'gy': 3.51, 'gz': -0.02}, {'t_us': 1882833267, 'ax': 0.19, 'ay': 0.04, 'az': -1.08, 'gx': -3.39, 'gy': 3.33, 'gz': 0.0}]",2026-02-13 11:10:46,0.0
"[{'t_us': 1882857891, 'ax': 0.18, 'ay': 0.04, 'az': -1.09, 'gx': -3.71, 'gy': 3.48, 'gz': 0.08}, {'t_us': 1882873300, 'ax': 0.19, 'ay': 0.04, 'az': -1.08, 'gx': -3.34, 'gy': 3.47, 'gz': -0.23}, {'t_us': 1882893310, 'ax': 0.18, 'ay': 0.04, 'az': -1.09, 'gx': -3.63, 'gy': 3.08, 'gz': -0.03}, {'t_us': 1882913297, 'ax': 0.18, 'ay': 0.04, 'az': -1.1, 'gx': -3.24, 'gy': 2.96, 'gz': -0.17}, {'t_us': 1882933306, 'ax': 0.18, 'ay': 0.04, 'az': -1.08, 'gx': -3.71, 'gy': 3.28, 'gz': 0.02}]",2026-02-13 11:10:46,0.0
"[{'t_us': 1882959382, 'ax': 0.18, 'ay': 0.04, 'az': -1.09, 'gx': -3.31, 'gy': 4.37, 'gz': 0.05}, {'t_us': 1882973284, 'ax': 0.18, 'ay': 0.04, 'az': -1.08, 'gx': -3.34, 'gy': 3.95, 'gz': 0.12}, {'t_us': 1882993292, 'ax': 0.18, 'ay': 0.04, 'az': -1.1, 'gx': -2.78, 'gy': 3.63, 'gz': 0.03}, {'t_us': 1883013317, 'ax': 0.18, 'ay': 0.04, 'az': -1.09, 'gx': -3.3, 'gy': 4.9, 'gz': -0.12}, {'t_us': 1883033274, 'ax': 0.18, 'ay': 0.04, 'az': -1.08, 'gx': -3.71, 'gy': 3.47, 'gz': -0.46}]",2026-02-13 11:10:46,0.0
"[{'t_us': 1883059418, 'ax': 0.19, 'ay': 0.04, 'az': -1.08, 'gx': -3.66, 'gy': 2.7, 'gz': -0.26}, {'t_us': 1883073267, 'ax': 0.19, 'ay': 0.04, 'az': -1.08, 'gx': -3.54, 'gy': 2.63, 'gz': -0.4}, {'t_us': 1883093267, 'ax': 0.18, 'ay': 0.04, 'az': -1.08, 'gx': -3.97, 'gy': 2.6, 'gz': -0.37}, {'t_us': 1883113303, 'ax': 0.19, 'ay': 0.04, 'az': -1.09, 'gx': -3.4, 'gy': 2.4, 'gz': -0.24}, {'t_us': 1883133333, 'ax': 0.18, 'ay': 0.04, 'az': -1.08, 'gx': -3.57, 'gy': 2.84, 'gz': -0.23}]",2026-02-13 11:10:46,0.0
"[{'t_us': 1883159472, 'ax': 0.18, 'ay': 0.04, 'az': -1.08, 'gx': -4.21, 'gy': 2.24, 'gz': -0.35}, {'t_us': 1883173745, 'ax': 0.19, 'ay': 0.05, 'az': -1.09, 'gx': -3.88, 'gy': 2.43, 'gz': -0.12}, {'t_us': 1883193270, 'ax': 0.18, 'ay': 0.04, 'az': -1.09, 'gx': -3.65, 'gy': 2.2, 'gz': -0.18}, {'t_us': 1883213307, 'ax': 0.18, 'ay': 0.04, 'az': -1.08, 'gx': -3.71, 'gy': 2.18, 'gz': -0.27}, {'t_us': 1883233279, 'ax': 0.18, 'ay': 0.04, 'az': -1.08, 'gx': -3.66, 'gy': 2.15, 'gz': -0.49}]",2026-02-13 11:10:47,0.0
"[{'t_us': 1883259411, 'ax': 0.18, 'ay': 0.04, 'az': -1.09, 'gx': -3.74, 'gy': 2.89, 'gz': -0.52}, {'t_us': 1883273270, 'ax': 0.18, 'ay': 0.04, 'az': -1.09, 'gx': -3.54, 'gy': 2.92, 'gz': -0.23}, {'t_us': 1883293274, 'ax': 0.18, 'ay': 0.04, 'az': -1.08, 'gx': -3.65, 'gy': 2.5, 'gz': -0.18}, {'t_us': 1883313278, 'ax': 0.18, 'ay': 0.04, 'az': -1.08, 'gx': -4.06, 'gy': 2.7, 'gz': -0.72}, {'t_us': 1883333326, 'ax': 0.18, 'ay': 0.04, 'az': -1.09, 'gx': -3.82, 'gy': 2.85, 'gz': -0.31}]",2026-02-13 11:10:47,
