samples,timestamp,label
"[{'t_us': 404655580, 'ax': -1.0, 'ay': 0.31, 'az': 0.22, 'gx': 11.69, 'gy': 6.55, 'gz': 13.76}, {'t_us': 404674254, 'ax': -0.73, 'ay': 0.2, 'az': 0.22, 'gx': 4.99, 'gy': 10.95, 'gz': 11.37}, {'t_us': 404694257, 'ax': -0.56, 'ay': 0.14, 'az': 0.21, 'gx': -5.21, 'gy': 17.4, 'gz': 11.37}, {'t_us': 404725052, 'ax': -0.45, 'ay': 0.11, 'az': 0.07, 'gx': -20.47, 'gy': 19.4, 'gz': 9.28}, {'t_us': 404734258, 'ax': -0.39, 'ay': 0.11, 'az': 0.03, 'gx': -23.37, 'gy': 18.43, 'gz': 6.37}]",2026-02-18 09:43:56,0.0
"[{'t_us': 404759275, 'ax': -0.34, 'ay': 0.19, 'az': -0.03, 'gx': -23.33, 'gy': 10.52, 'gz': -4.78}, {'t_us': 404774262, 'ax': -0.29, 'ay': 0.21, 'az': -0.11, 'gx': -24.34, 'gy': -0.09, 'gz': -10.81}, {'t_us': 404794291, 'ax': -0.31, 'ay': 0.14, 'az': -0.17, 'gx': -23.1, 'gy': -5.02, 'gz': -22.27}, {'t_us': 404814321, 'ax': -0.34, 'ay': -0.0, 'az': -0.22, 'gx': -16.11, 'gy': -4.02, 'gz': -26.29}, {'t_us': 404834308, 'ax': -0.49, 'ay': -0.13, 'az': -0.36, 'gx': -8.34, 'gy': -13.18, 'gz': -23.27}]",2026-02-18 09:43:57,0.0
"[{'t_us': 404858949, 'ax': -0.86, 'ay': -0.48, 'az': -0.18, 'gx': 5.04, 'gy': -6.34, 'gz': 3.92}, {'t_us': 404874291, 'ax': -1.45, 'ay': -0.62, 'az': 0.1, 'gx': 19.92, 'gy': 8.27, 'gz': 38.44}, {'t_us': 404894308, 'ax': -2.0, 'ay': -0.39, 'az': 0.38, 'gx': 16.32, 'gy': 16.78, 'gz': 56.92}, {'t_us': 404914277, 'ax': -1.79, 'ay': 0.25, 'az': 0.05, 'gx': -17.95, 'gy': -6.2, 'gz': 29.24}, {'t_us': 404934277, 'ax': -1.22, 'ay': 0.44, 'az': 0.1, 'gx': -4.69, 'gy': -26.46, 'gz': 10.18}]",2026-02-18 09:43:57,0.0
"[{'t_us': 404961619, 'ax': -0.91, 'ay': 0.69, 'az': 0.7, 'gx': 2.69, 'gy': 22.6, 'gz': -0.89}, {'t_us': 404974322, 'ax': -1.09, 'ay': 0.64, 'az': 0.69, 'gx': -11.25, 'gy': 47.5, 'gz': -4.89}, {'t_us': 404994310, 'ax': -1.4, 'ay': 0.35, 'az': 0.45, 'gx': -32.02, 'gy': 56.55, 'gz': -13.05}, {'t_us': 405014301, 'ax': -1.64, 'ay': 0.04, 'az': 0.14, 'gx': -48.75, 'gy': 46.58, 'gz': -20.9}, {'t_us': 405034300, 'ax': -1.54, 'ay': -0.17, 'az': -0.11, 'gx': -50.5, 'gy': 29.27, 'gz': -24.58}]",2026-02-18 09:43:57,0.0
"[{'t_us': 405058706, 'ax': -1.2, 'ay': -0.29, 'az': 0.0, 'gx': -37.54, 'gy': 15.48, 'gz': -22.34}, {'t_us': 405074270, 'ax': -0.95, 'ay': -0.29, 'az': 0.04, 'gx': -27.89, 'gy': 13.92, 'gz': -22.89}, {'t_us': 405094474, 'ax': -0.7, 'ay': -0.22, 'az': 0.11, 'gx': -11.31, 'gy': 16.96, 'gz': -23.31}, {'t_us': 405114296, 'ax': -0.52, 'ay': -0.13, 'az': 0.15, 'gx': -0.32, 'gy': 22.32, 'gz': -23.01}, {'t_us': 405134321, 'ax': -0.41, 'ay': -0.12, 'az': 0.02, 'gx': 1.5, 'gy': 17.59, 'gz': -14.0}]",2026-02-18 09:43:57,0.0
"[{'t_us': 405161257, 'ax': -0.26, 'ay': -0.07, 'az': -0.07, 'gx': -2.32, 'gy': -13.08, 'gz': 2.53}, {'t_us': 405174255, 'ax': -0.15, 'ay': -0.07, 'az': -0.09, 'gx': -8.99, 'gy': -17.01, 'gz': 6.78}, {'t_us': 405194316, 'ax': -0.03, 'ay': -0.12, 'az': -0.25, 'gx': -11.07, 'gy': -25.27, 'gz': 20.2}, {'t_us': 405214312, 'ax': -0.12, 'ay': 0.04, 'az': -0.28, 'gx': -16.87, 'gy': -22.81, 'gz': 33.22}, {'t_us': 405234277, 'ax': -0.37, 'ay': 0.22, 'az': -0.21, 'gx': -31.59, 'gy': -23.31, 'gz': 36.76}]",2026-02-18 09:43:57,0.0
"[{'t_us': 405259890, 'ax': -1.06, 'ay': 0.48, 'az': 0.03, 'gx': -36.56, 'gy': -20.92, 'gz': 11.73}, {'t_us': 405276068, 'ax': -1.75, 'ay': 0.59, 'az': 0.38, 'gx': -36.09, 'gy': -51.69, 'gz': -11.36}, {'t_us': 405294288, 'ax': -1.92, 'ay': 0.72, 'az': 0.67, 'gx': -33.34, 'gy': -35.88, 'gz': -41.13}, {'t_us': 405314308, 'ax': -1.51, 'ay': 0.08, 'az': 0.2, 'gx': -43.15, 'gy': 10.47, 'gz': -47.37}, {'t_us': 405334265, 'ax': -1.14, 'ay': -0.3, 'az': 0.24, 'gx': -29.88, 'gy': -34.14, 'gz': -15.89}]",2026-02-18 09:43:57,0.0
"[{'t_us': 405360178, 'ax': -0.9, 'ay': -0.5, 'az': 0.4, 'gx': -16.35, 'gy': -2.02, 'gz': 8.6}, {'t_us': 405374291, 'ax': -0.97, 'ay': -0.48, 'az': 0.32, 'gx': -8.0, 'gy': 26.64, 'gz': 20.49}, {'t_us': 405394281, 'ax': -1.31, 'ay': -0.29, 'az': 0.21, 'gx': 3.92, 'gy': 43.02, 'gz': 38.31}, {'t_us': 405414281, 'ax': -1.59, 'ay': 0.04, 'az': 0.09, 'gx': 9.79, 'gy': 32.23, 'gz': 36.73}, {'t_us': 405434308, 'ax': -1.57, 'ay': 0.29, 'az': 0.08, 'gx': 18.89, 'gy': 18.37, 'gz': 20.82}]",2026-02-18 09:43:57,0.0
"[{'t_us': 405459164, 'ax': -1.19, 'ay': 0.25, 'az': 0.13, 'gx': 23.02, 'gy': 8.2, 'gz': 2.41}, {'t_us': 405474314, 'ax': -0.87, 'ay': 0.1, 'az': 0.16, 'gx': 28.11, 'gy': 4.15, 'gz': 0.15}, {'t_us': 405494308, 'ax': -0.6, 'ay': 0.02, 'az': 0.19, 'gx': 27.82, 'gy': 9.71, 'gz': 3.36}, {'t_us': 405514277, 'ax': -0.49, 'ay': 0.04, 'az': 0.15, 'gx': 21.63, 'gy': 14.32, 'gz': 4.82}, {'t_us': 405534316, 'ax': -0.35, 'ay': 0.06, 'az': 0.09, 'gx': 11.59, 'gy': 16.4, 'gz': 0.24}]",2026-02-18 09:43:57,0.0
"[{'t_us': 405560374, 'ax': -0.26, 'ay': 0.18, 'az': -0.08, 'gx': 1.53, 'gy': 18.82, 'gz': -2.56}, {'t_us': 405574281, 'ax': -0.24, 'ay': 0.25, 'az': -0.15, 'gx': 0.44, 'gy': 6.38, 'gz': -6.11}, {'t_us': 405594308, 'ax': -0.16, 'ay': 0.28, 'az': -0.23, 'gx': -2.03, 'gy': -6.03, 'gz': -17.92}, {'t_us': 405614281, 'ax': -0.2, 'ay': 0.18, 'az': -0.24, 'gx': 0.6, 'gy': -6.78, 'gz': -24.27}, {'t_us': 405634281, 'ax': -0.28, 'ay': -0.0, 'az': -0.44, 'gx': 10.81, 'gy': -13.73, 'gz': -31.8}]",2026-02-18 09:43:57,0.0
"[{'t_us': 405658964, 'ax': -0.62, 'ay': -0.3, 'az': -0.32, 'gx': 24.56, 'gy': 2.78, 'gz': -26.11}, {'t_us': 405674262, 'ax': -1.11, 'ay': -0.49, 'az': -0.01, 'gx': 26.7, 'gy': 6.08, 'gz': -3.65}, {'t_us': 405694271, 'ax': -2.0, 'ay': -0.74, 'az': 0.54, 'gx': 26.02, 'gy': 3.94, 'gz': 47.31}, {'t_us': 405714316, 'ax': -2.0, 'ay': -0.06, 'az': 0.0, 'gx': 12.75, 'gy': 32.03, 'gz': 58.41}, {'t_us': 405734277, 'ax': -1.58, 'ay': 0.58, 'az': -0.0, 'gx': -5.97, 'gy': -46.69, 'gz': 22.15}]",2026-02-18 09:43:57,0.0
"[{'t_us': 405758669, 'ax': -0.97, 'ay': 0.62, 'az': 0.44, 'gx': 11.79, 'gy': -12.73, 'gz': 14.31}, {'t_us': 405774316, 'ax': -1.06, 'ay': 0.85, 'az': 0.6, 'gx': 3.79, 'gy': 23.89, 'gz': 4.98}, {'t_us': 405794291, 'ax': -1.38, 'ay': 0.55, 'az': 0.55, 'gx': -23.15, 'gy': 42.12, 'gz': -13.59}, {'t_us': 405814321, 'ax': -1.6, 'ay': 0.22, 'az': 0.26, 'gx': -47.13, 'gy': 37.48, 'gz': -22.27}, {'t_us': 405834296, 'ax': -1.52, 'ay': -0.0, 'az': -0.04, 'gx': -62.17, 'gy': 19.48, 'gz': -21.48}]",2026-02-18 09:43:58,0.0
"[{'t_us': 405860436, 'ax': -1.15, 'ay': -0.14, 'az': 0.03, 'gx': -61.42, 'gy': 8.5, 'gz': -16.6}, {'t_us': 405876131, 'ax': -0.93, 'ay': -0.19, 'az': 0.06, 'gx': -51.92, 'gy': 11.47, 'gz': -16.87}, {'t_us': 405894277, 'ax': -0.68, 'ay': -0.21, 'az': 0.09, 'gx': -34.75, 'gy': 26.03, 'gz': -17.56}, {'t_us': 405914303, 'ax': -0.48, 'ay': -0.19, 'az': 0.06, 'gx': -22.63, 'gy': 31.92, 'gz': -16.69}, {'t_us': 405934309, 'ax': -0.32, 'ay': -0.18, 'az': 0.03, 'gx': -18.69, 'gy': 31.07, 'gz': -10.93}]",2026-02-18 09:43:58,0.0
"[{'t_us': 405960502, 'ax': -0.19, 'ay': -0.23, 'az': -0.09, 'gx': -10.46, 'gy': 13.18, 'gz': 15.69}, {'t_us': 405974281, 'ax': -0.19, 'ay': -0.15, 'az': -0.15, 'gx': -11.51, 'gy': 3.22, 'gz': 21.13}, {'t_us': 405994303, 'ax': -0.11, 'ay': -0.24, 'az': -0.33, 'gx': -13.33, 'gy': -14.35, 'gz': 28.31}, {'t_us': 406014262, 'ax': -0.1, 'ay': -0.12, 'az': -0.34, 'gx': -11.44, 'gy': -20.92, 'gz': 37.13}, {'t_us': 406034262, 'ax': -0.31, 'ay': 0.15, 'az': -0.27, 'gx': -23.16, 'gy': -22.09, 'gz': 38.27}]",2026-02-18 09:43:58,0.0
"[{'t_us': 406060647, 'ax': -1.06, 'ay': 0.52, 'az': 0.1, 'gx': -27.76, 'gy': -14.69, 'gz': 17.76}, {'t_us': 406074309, 'ax': -1.63, 'ay': 0.66, 'az': 0.33, 'gx': -22.38, 'gy': -36.55, 'gz': -7.95}, {'t_us': 406094300, 'ax': -2.0, 'ay': 0.87, 'az': 0.79, 'gx': -19.85, 'gy': -10.09, 'gz': -49.4}, {'t_us': 406114321, 'ax': -1.69, 'ay': 0.06, 'az': 0.01, 'gx': -30.85, 'gy': 32.46, 'gz': -49.3}, {'t_us': 406134288, 'ax': -1.32, 'ay': -0.28, 'az': 0.04, 'gx': -25.89, 'gy': -26.69, 'gz': -20.7}]",2026-02-18 09:43:58,0.0
"[{'t_us': 406160433, 'ax': -0.95, 'ay': -0.45, 'az': 0.16, 'gx': -22.66, 'gy': 0.15, 'gz': 3.66}, {'t_us': 406174267, 'ax': -0.99, 'ay': -0.39, 'az': 0.13, 'gx': -9.53, 'gy': 29.24, 'gz': 20.6}, {'t_us': 406194316, 'ax': -1.37, 'ay': -0.22, 'az': 0.16, 'gx': 4.11, 'gy': 40.81, 'gz': 31.89}, {'t_us': 406214271, 'ax': -1.55, 'ay': 0.12, 'az': 0.11, 'gx': 8.06, 'gy': 28.85, 'gz': 26.32}, {'t_us': 406234309, 'ax': -1.39, 'ay': 0.33, 'az': 0.0, 'gx': 19.05, 'gy': 6.24, 'gz': 7.73}]",2026-02-18 09:43:58,0.0
"[{'t_us': 406260368, 'ax': -1.06, 'ay': 0.29, 'az': 0.1, 'gx': 22.66, 'gy': -2.58, 'gz': -4.09}, {'t_us': 406274329, 'ax': -0.78, 'ay': 0.21, 'az': 0.21, 'gx': 21.53, 'gy': -0.35, 'gz': -5.44}, {'t_us': 406294281, 'ax': -0.6, 'ay': 0.08, 'az': 0.2, 'gx': 11.63, 'gy': 0.82, 'gz': -0.78}, {'t_us': 406314281, 'ax': -0.45, 'ay': 0.1, 'az': 0.12, 'gx': 3.85, 'gy': -6.03, 'gz': -6.5}, {'t_us': 406334298, 'ax': -0.3, 'ay': 0.11, 'az': 0.09, 'gx': -6.61, 'gy': -0.44, 'gz': -13.16}]",2026-02-18 09:43:58,0.0
"[{'t_us': 406360489, 'ax': -0.28, 'ay': 0.19, 'az': -0.09, 'gx': -10.82, 'gy': -1.79, 'gz': -18.66}, {'t_us': 406374258, 'ax': -0.27, 'ay': 0.25, 'az': -0.18, 'gx': -8.92, 'gy': -11.98, 'gz': -23.6}, {'t_us': 406394274, 'ax': -0.36, 'ay': 0.2, 'az': -0.27, 'gx': -3.73, 'gy': -20.92, 'gz': -30.46}, {'t_us': 406414281, 'ax': -0.42, 'ay': 0.06, 'az': -0.39, 'gx': 4.27, 'gy': -27.36, 'gz': -36.35}, {'t_us': 406434281, 'ax': -0.54, 'ay': -0.2, 'az': -0.31, 'gx': 16.05, 'gy': -13.13, 'gz': -36.09}]",2026-02-18 09:43:58,0.0
"[{'t_us': 406462684, 'ax': -1.15, 'ay': -0.5, 'az': 0.16, 'gx': 23.01, 'gy': 4.63, 'gz': -1.59}, {'t_us': 406474324, 'ax': -1.52, 'ay': -0.51, 'az': 0.43, 'gx': 16.69, 'gy': -6.81, 'gz': 29.8}, {'t_us': 406494291, 'ax': -1.88, 'ay': -0.24, 'az': 0.25, 'gx': 6.03, 'gy': 30.27, 'gz': 58.14}, {'t_us': 406514321, 'ax': -1.96, 'ay': 0.57, 'az': -0.01, 'gx': -18.52, 'gy': 5.66, 'gz': 34.12}, {'t_us': 406534316, 'ax': -1.37, 'ay': 0.67, 'az': 0.19, 'gx': -25.68, 'gy': -19.65, 'gz': 12.52}]",2026-02-18 09:43:58,0.0
"[{'t_us': 406560706, 'ax': -1.33, 'ay': 0.76, 'az': 0.39, 'gx': -47.02, 'gy': 4.72, 'gz': -1.19}, {'t_us': 406574334, 'ax': -1.36, 'ay': 0.59, 'az': 0.35, 'gx': -62.64, 'gy': 11.68, 'gz': -8.73}, {'t_us': 406594271, 'ax': -1.33, 'ay': 0.3, 'az': 0.27, 'gx': -86.35, 'gy': 13.86, 'gz': -14.29}, {'t_us': 406614277, 'ax': -1.28, 'ay': 0.01, 'az': 0.12, 'gx': -95.15, 'gy': 17.6, 'gz': -13.31}, {'t_us': 406634309, 'ax': -1.14, 'ay': -0.19, 'az': 0.07, 'gx': -90.18, 'gy': 12.84, 'gz': -11.15}]",2026-02-18 09:43:58,0.0
"[{'t_us': 406659154, 'ax': -0.83, 'ay': -0.31, 'az': 0.06, 'gx': -71.65, 'gy': 18.27, 'gz': -11.39}, {'t_us': 406674277, 'ax': -0.64, 'ay': -0.28, 'az': 0.06, 'gx': -61.57, 'gy': 17.57, 'gz': -10.0}, {'t_us': 406694308, 'ax': -0.44, 'ay': -0.14, 'az': 0.07, 'gx': -51.27, 'gy': 17.86, 'gz': -10.7}, {'t_us': 406714309, 'ax': -0.27, 'ay': -0.04, 'az': 0.03, 'gx': -43.24, 'gy': 8.81, 'gz': -6.08}, {'t_us': 406734288, 'ax': -0.11, 'ay': -0.06, 'az': -0.08, 'gx': -37.01, 'gy': 0.79, 'gz': 8.47}]",2026-02-18 09:43:58,0.0
"[{'t_us': 406758781, 'ax': -0.11, 'ay': -0.08, 'az': -0.08, 'gx': -29.34, 'gy': -6.73, 'gz': 25.04}, {'t_us': 406774271, 'ax': -0.12, 'ay': -0.2, 'az': -0.25, 'gx': -32.56, 'gy': -14.5, 'gz': 30.12}, {'t_us': 406794277, 'ax': -0.18, 'ay': -0.13, 'az': -0.34, 'gx': -35.66, 'gy': -26.75, 'gz': 38.6}, {'t_us': 406814255, 'ax': -0.45, 'ay': 0.1, 'az': -0.4, 'gx': -50.85, 'gy': -15.11, 'gz': 38.78}, {'t_us': 406834296, 'ax': -1.1, 'ay': 0.7, 'az': -0.04, 'gx': -65.15, 'gy': 9.34, 'gz': 19.27}]",2026-02-18 09:43:59,0.0
"[{'t_us': 406860467, 'ax': -2.0, 'ay': 1.01, 'az': 0.36, 'gx': -76.32, 'gy': -33.91, 'gz': -33.47}, {'t_us': 406874287, 'ax': -2.0, 'ay': 1.1, 'az': 0.59, 'gx': -74.12, 'gy': -10.03, 'gz': -48.32}, {'t_us': 406894300, 'ax': -1.35, 'ay': 0.08, 'az': 0.06, 'gx': -82.05, 'gy': -5.51, 'gz': -39.25}, {'t_us': 406914281, 'ax': -0.92, 'ay': -0.4, 'az': 0.08, 'gx': -68.75, 'gy': -29.24, 'gz': -18.85}, {'t_us': 406934255, 'ax': -0.8, 'ay': -0.72, 'az': 0.35, 'gx': -61.05, 'gy': -4.35, 'gz': 4.5}]",2026-02-18 09:43:59,0.0
"[{'t_us': 406959149, 'ax': -1.09, 'ay': -0.56, 'az': 0.23, 'gx': -49.69, 'gy': 37.21, 'gz': 34.73}, {'t_us': 406974271, 'ax': -1.4, 'ay': -0.29, 'az': 0.12, 'gx': -40.66, 'gy': 55.01, 'gz': 41.31}, {'t_us': 406994277, 'ax': -1.75, 'ay': 0.27, 'az': -0.0, 'gx': -25.82, 'gy': 40.37, 'gz': 36.61}, {'t_us': 407014277, 'ax': -1.7, 'ay': 0.48, 'az': -0.12, 'gx': -8.46, 'gy': 10.4, 'gz': 15.19}, {'t_us': 407034308, 'ax': -1.3, 'ay': 0.45, 'az': 0.09, 'gx': 1.91, 'gy': -8.32, 'gz': -2.84}]",2026-02-18 09:43:59,0.0
"[{'t_us': 407060404, 'ax': -0.73, 'ay': 0.32, 'az': 0.28, 'gx': -16.4, 'gy': -7.27, 'gz': -5.05}, {'t_us': 407074276, 'ax': -0.49, 'ay': 0.24, 'az': 0.34, 'gx': -32.4, 'gy': -0.2, 'gz': 1.6}, {'t_us': 407094296, 'ax': -0.37, 'ay': 0.16, 'az': 0.23, 'gx': -52.09, 'gy': 13.01, 'gz': 8.5}, {'t_us': 407114288, 'ax': -0.31, 'ay': 0.15, 'az': 0.07, 'gx': -62.21, 'gy': 18.7, 'gz': 4.02}, {'t_us': 407134297, 'ax': -0.24, 'ay': 0.15, 'az': -0.1, 'gx': -65.74, 'gy': 17.79, 'gz': -2.0}]",2026-02-18 09:43:59,0.0
"[{'t_us': 407160904, 'ax': -0.27, 'ay': 0.17, 'az': -0.25, 'gx': -54.79, 'gy': 7.08, 'gz': -11.47}, {'t_us': 407174271, 'ax': -0.25, 'ay': 0.19, 'az': -0.29, 'gx': -48.6, 'gy': -8.03, 'gz': -20.27}, {'t_us': 407194312, 'ax': -0.3, 'ay': 0.12, 'az': -0.34, 'gx': -38.82, 'gy': -13.51, 'gz': -31.24}, {'t_us': 407214335, 'ax': -0.42, 'ay': -0.07, 'az': -0.46, 'gx': -34.34, 'gy': -16.72, 'gz': -41.71}, {'t_us': 407234308, 'ax': -0.7, 'ay': -0.36, 'az': -0.21, 'gx': -26.09, 'gy': -12.5, 'gz': -34.85}]",2026-02-18 09:43:59,0.0
"[{'t_us': 407258736, 'ax': -1.37, 'ay': -0.53, 'az': 0.32, 'gx': -23.25, 'gy': -12.95, 'gz': 12.85}, {'t_us': 407274291, 'ax': -1.78, 'ay': -0.6, 'az': 0.67, 'gx': -28.2, 'gy': -13.07, 'gz': 60.61}, {'t_us': 407294291, 'ax': -2.0, 'ay': 0.2, 'az': 0.19, 'gx': -55.07, 'gy': 30.09, 'gz': 77.92}, {'t_us': 407314281, 'ax': -1.77, 'ay': 0.62, 'az': 0.02, 'gx': -77.5, 'gy': -17.92, 'gz': 34.49}, {'t_us': 407334277, 'ax': -1.19, 'ay': 0.68, 'az': 0.4, 'gx': -59.13, 'gy': -14.63, 'gz': 22.52}]",2026-02-18 09:43:59,0.0
"[{'t_us': 407358963, 'ax': -1.31, 'ay': 0.73, 'az': 0.55, 'gx': -79.05, 'gy': 35.16, 'gz': 3.77}, {'t_us': 407374272, 'ax': -1.39, 'ay': 0.53, 'az': 0.37, 'gx': -101.08, 'gy': 47.31, 'gz': -6.09}, {'t_us': 407394288, 'ax': -1.45, 'ay': 0.24, 'az': 0.11, 'gx': -127.01, 'gy': 46.15, 'gz': -14.67}, {'t_us': 407414291, 'ax': -1.36, 'ay': -0.04, 'az': -0.03, 'gx': -134.14, 'gy': 40.09, 'gz': -14.6}, {'t_us': 407434321, 'ax': -1.17, 'ay': -0.31, 'az': -0.06, 'gx': -117.21, 'gy': 32.08, 'gz': -12.76}]",2026-02-18 09:43:59,0.0
"[{'t_us': 407458873, 'ax': -0.89, 'ay': -0.4, 'az': -0.06, 'gx': -93.21, 'gy': 17.08, 'gz': -13.05}, {'t_us': 407474289, 'ax': -0.68, 'ay': -0.3, 'az': 0.01, 'gx': -81.21, 'gy': 11.22, 'gz': -11.98}, {'t_us': 407494291, 'ax': -0.45, 'ay': -0.14, 'az': 0.05, 'gx': -75.28, 'gy': -0.29, 'gz': -5.83}, {'t_us': 407514281, 'ax': -0.27, 'ay': -0.08, 'az': 0.01, 'gx': -72.14, 'gy': -10.72, 'gz': 4.73}, {'t_us': 407534321, 'ax': -0.11, 'ay': -0.06, 'az': -0.12, 'gx': -61.39, 'gy': -24.26, 'gz': 26.63}]",2026-02-18 09:43:59,0.0
"[{'t_us': 407560479, 'ax': -0.14, 'ay': -0.12, 'az': -0.16, 'gx': -50.67, 'gy': -31.28, 'gz': 25.45}, {'t_us': 407574281, 'ax': -0.11, 'ay': -0.2, 'az': -0.27, 'gx': -42.44, 'gy': -33.39, 'gz': 26.69}, {'t_us': 407594281, 'ax': -0.18, 'ay': -0.23, 'az': -0.3, 'gx': -28.29, 'gy': -37.15, 'gz': 24.43}, {'t_us': 407614308, 'ax': -0.36, 'ay': -0.08, 'az': -0.29, 'gx': -34.69, 'gy': -14.61, 'gz': 18.44}, {'t_us': 407634321, 'ax': -0.86, 'ay': 0.41, 'az': -0.05, 'gx': -58.38, 'gy': 1.07, 'gz': 14.98}]",2026-02-18 09:43:59,0.0
"[{'t_us': 407661033, 'ax': -1.85, 'ay': 1.0, 'az': 0.41, 'gx': -92.9, 'gy': -25.34, 'gz': -21.63}, {'t_us': 407674291, 'ax': -1.87, 'ay': 1.07, 'az': 0.49, 'gx': -96.61, 'gy': -24.89, 'gz': -34.4}, {'t_us': 407694291, 'ax': -1.72, 'ay': 0.52, 'az': 0.18, 'gx': -112.99, 'gy': -19.28, 'gz': -28.72}, {'t_us': 407714291, 'ax': -1.33, 'ay': -0.06, 'az': -0.08, 'gx': -114.67, 'gy': -27.16, 'gz': -5.66}, {'t_us': 407734300, 'ax': -1.05, 'ay': -0.51, 'az': 0.14, 'gx': -101.86, 'gy': -19.18, 'gz': 12.23}]",2026-02-18 09:43:59,0.0
"[{'t_us': 407758866, 'ax': -1.2, 'ay': -0.87, 'az': 0.22, 'gx': -67.18, 'gy': 15.33, 'gz': 36.11}, {'t_us': 407774256, 'ax': -1.38, 'ay': -0.73, 'az': 0.18, 'gx': -54.49, 'gy': 34.06, 'gz': 43.24}, {'t_us': 407794288, 'ax': -1.49, 'ay': -0.33, 'az': 0.04, 'gx': -38.69, 'gy': 32.44, 'gz': 43.34}, {'t_us': 407814288, 'ax': -1.45, 'ay': 0.1, 'az': 0.07, 'gx': -18.49, 'gy': 21.97, 'gz': 36.37}, {'t_us': 407834309, 'ax': -1.29, 'ay': 0.32, 'az': 0.1, 'gx': -6.02, 'gy': 0.27, 'gz': 25.19}]",2026-02-18 09:44:00,0.0
"[{'t_us': 407860678, 'ax': -0.85, 'ay': 0.41, 'az': 0.32, 'gx': -19.39, 'gy': -2.05, 'gz': 23.59}, {'t_us': 407874304, 'ax': -0.68, 'ay': 0.35, 'az': 0.26, 'gx': -34.66, 'gy': -0.63, 'gz': 24.0}, {'t_us': 407894303, 'ax': -0.51, 'ay': 0.2, 'az': 0.2, 'gx': -50.32, 'gy': 1.62, 'gz': 26.84}, {'t_us': 407914303, 'ax': -0.39, 'ay': 0.15, 'az': 0.15, 'gx': -58.72, 'gy': 6.11, 'gz': 22.02}, {'t_us': 407934312, 'ax': -0.28, 'ay': 0.14, 'az': 0.02, 'gx': -59.57, 'gy': 6.64, 'gz': 13.48}]",2026-02-18 09:44:00,0.0
"[{'t_us': 407960437, 'ax': -0.16, 'ay': 0.19, 'az': -0.11, 'gx': -57.88, 'gy': 2.12, 'gz': 1.45}, {'t_us': 407974308, 'ax': -0.15, 'ay': 0.16, 'az': -0.18, 'gx': -52.11, 'gy': -1.24, 'gz': -5.54}, {'t_us': 407994312, 'ax': -0.21, 'ay': 0.1, 'az': -0.29, 'gx': -40.03, 'gy': -4.5, 'gz': -17.85}, {'t_us': 408014308, 'ax': -0.38, 'ay': -0.07, 'az': -0.38, 'gx': -22.02, 'gy': -3.27, 'gz': -25.1}, {'t_us': 408034300, 'ax': -0.72, 'ay': -0.35, 'az': -0.35, 'gx': -1.25, 'gy': 5.27, 'gz': -18.85}]",2026-02-18 09:44:00,0.0
"[{'t_us': 408060408, 'ax': -1.45, 'ay': -0.71, 'az': 0.12, 'gx': 14.17, 'gy': -4.12, 'gz': 20.43}, {'t_us': 408074277, 'ax': -1.76, 'ay': -0.83, 'az': 0.23, 'gx': 17.83, 'gy': 7.02, 'gz': 58.12}, {'t_us': 408094291, 'ax': -1.83, 'ay': -0.26, 'az': 0.04, 'gx': 5.31, 'gy': 13.22, 'gz': 64.66}, {'t_us': 408114291, 'ax': -1.59, 'ay': 0.49, 'az': 0.08, 'gx': -10.46, 'gy': -24.03, 'gz': 33.22}, {'t_us': 408134296, 'ax': -1.14, 'ay': 0.57, 'az': 0.31, 'gx': 1.91, 'gy': -14.78, 'gz': 11.74}]",2026-02-18 09:44:00,0.0
"[{'t_us': 408159249, 'ax': -1.21, 'ay': 0.61, 'az': 0.47, 'gx': -0.09, 'gy': 25.37, 'gz': -4.46}, {'t_us': 408174296, 'ax': -1.34, 'ay': 0.42, 'az': 0.46, 'gx': -14.02, 'gy': 25.74, 'gz': -16.63}, {'t_us': 408194321, 'ax': -1.39, 'ay': 0.19, 'az': 0.37, 'gx': -39.5, 'gy': 25.71, 'gz': -22.92}, {'t_us': 408214300, 'ax': -1.42, 'ay': 0.03, 'az': 0.2, 'gx': -62.84, 'gy': 23.19, 'gz': -19.54}, {'t_us': 408234291, 'ax': -1.23, 'ay': -0.12, 'az': 0.13, 'gx': -72.35, 'gy': 19.89, 'gz': -10.84}]",2026-02-18 09:44:00,0.0
"[{'t_us': 408259245, 'ax': -0.92, 'ay': -0.18, 'az': 0.06, 'gx': -63.18, 'gy': 30.81, 'gz': 0.34}, {'t_us': 408274273, 'ax': -0.81, 'ay': -0.12, 'az': 0.05, 'gx': -55.68, 'gy': 26.18, 'gz': 1.05}, {'t_us': 408294281, 'ax': -0.69, 'ay': -0.03, 'az': 0.08, 'gx': -50.46, 'gy': 20.4, 'gz': 4.2}, {'t_us': 408314281, 'ax': -0.59, 'ay': -0.03, 'az': 0.05, 'gx': -50.47, 'gy': 3.24, 'gz': 8.4}, {'t_us': 408334262, 'ax': -0.43, 'ay': -0.11, 'az': -0.09, 'gx': -46.82, 'gy': -16.55, 'gz': 13.21}]",2026-02-18 09:44:00,0.0
"[{'t_us': 408358937, 'ax': -0.24, 'ay': -0.22, 'az': -0.22, 'gx': -28.46, 'gy': -33.3, 'gz': 22.47}, {'t_us': 408374311, 'ax': -0.19, 'ay': -0.28, 'az': -0.18, 'gx': -20.37, 'gy': -36.75, 'gz': 19.91}, {'t_us': 408394308, 'ax': -0.17, 'ay': -0.34, 'az': -0.26, 'gx': -9.25, 'gy': -44.47, 'gz': 22.53}, {'t_us': 408414277, 'ax': -0.18, 'ay': -0.17, 'az': -0.17, 'gx': -6.95, 'gy': -39.56, 'gz': 24.24}, {'t_us': 408434255, 'ax': -0.42, 'ay': 0.1, 'az': -0.05, 'gx': -23.77, 'gy': -24.98, 'gz': 25.19}]",2026-02-18 09:44:00,0.0
"[{'t_us': 408460634, 'ax': -1.04, 'ay': 0.64, 'az': 0.22, 'gx': -62.64, 'gy': -23.18, 'gz': 11.34}, {'t_us': 408474300, 'ax': -1.64, 'ay': 1.01, 'az': 0.46, 'gx': -73.79, 'gy': -30.82, 'gz': -5.91}, {'t_us': 408494281, 'ax': -1.82, 'ay': 1.13, 'az': 0.81, 'gx': -79.37, 'gy': -27.73, 'gz': -33.45}, {'t_us': 408514281, 'ax': -1.56, 'ay': 0.04, 'az': 0.19, 'gx': -70.78, 'gy': 8.85, 'gz': -28.87}, {'t_us': 408534291, 'ax': -1.28, 'ay': -0.47, 'az': -0.01, 'gx': -55.22, 'gy': -2.18, 'gz': -14.27}]",2026-02-18 09:44:00,0.0
"[{'t_us': 408560614, 'ax': -1.13, 'ay': -0.97, 'az': 0.35, 'gx': -35.39, 'gy': -1.62, 'gz': 7.79}, {'t_us': 408574283, 'ax': -1.17, 'ay': -0.99, 'az': 0.33, 'gx': -19.94, 'gy': 16.38, 'gz': 20.79}, {'t_us': 408594288, 'ax': -1.4, 'ay': -0.56, 'az': 0.16, 'gx': 1.05, 'gy': 33.33, 'gz': 40.46}, {'t_us': 408614308, 'ax': -1.5, 'ay': -0.02, 'az': 0.18, 'gx': 21.73, 'gy': 21.53, 'gz': 40.21}, {'t_us': 408634257, 'ax': -1.37, 'ay': 0.21, 'az': 0.14, 'gx': 38.08, 'gy': 12.66, 'gz': 31.33}]",2026-02-18 09:44:00,0.0
"[{'t_us': 408660618, 'ax': -1.07, 'ay': 0.35, 'az': 0.21, 'gx': 51.91, 'gy': 9.59, 'gz': 16.61}, {'t_us': 408674281, 'ax': -0.83, 'ay': 0.29, 'az': 0.23, 'gx': 48.69, 'gy': 6.26, 'gz': 14.52}, {'t_us': 408694312, 'ax': -0.63, 'ay': 0.23, 'az': 0.23, 'gx': 39.8, 'gy': 12.43, 'gz': 11.53}, {'t_us': 408714308, 'ax': -0.54, 'ay': 0.14, 'az': 0.17, 'gx': 30.2, 'gy': 20.61, 'gz': 8.2}, {'t_us': 408734316, 'ax': -0.5, 'ay': 0.08, 'az': 0.1, 'gx': 19.48, 'gy': 21.25, 'gz': -1.56}]",2026-02-18 09:44:00,0.0
"[{'t_us': 408759218, 'ax': -0.35, 'ay': 0.11, 'az': 0.06, 'gx': 3.47, 'gy': 17.97, 'gz': -12.93}, {'t_us': 408774314, 'ax': -0.31, 'ay': 0.25, 'az': 0.01, 'gx': -5.8, 'gy': 16.75, 'gz': -14.98}, {'t_us': 408794321, 'ax': -0.27, 'ay': 0.32, 'az': -0.1, 'gx': -14.41, 'gy': 5.31, 'gz': -17.69}, {'t_us': 408814316, 'ax': -0.17, 'ay': 0.28, 'az': -0.18, 'gx': -14.49, 'gy': -3.47, 'gz': -19.25}, {'t_us': 408834281, 'ax': -0.2, 'ay': 0.2, 'az': -0.24, 'gx': -12.5, 'gy': -8.81, 'gz': -19.4}]",2026-02-18 09:44:01,0.0
"[{'t_us': 408859393, 'ax': -0.42, 'ay': -0.15, 'az': -0.39, 'gx': -1.91, 'gy': -7.19, 'gz': -17.71}, {'t_us': 408874298, 'ax': -0.75, 'ay': -0.36, 'az': -0.28, 'gx': 5.18, 'gy': 0.15, 'gz': -4.32}, {'t_us': 408894296, 'ax': -1.44, 'ay': -0.6, 'az': 0.22, 'gx': 8.35, 'gy': -0.08, 'gz': 33.89}, {'t_us': 408914321, 'ax': -2.0, 'ay': -0.77, 'az': 0.36, 'gx': 6.87, 'gy': 20.2, 'gz': 62.24}, {'t_us': 408934288, 'ax': -2.0, 'ay': 0.2, 'az': -0.07, 'gx': 4.56, 'gy': 1.98, 'gz': 38.43}]",2026-02-18 09:44:01,0.0
"[{'t_us': 408960842, 'ax': -1.11, 'ay': 0.48, 'az': 0.31, 'gx': 22.31, 'gy': -42.49, 'gz': 3.1}, {'t_us': 408974329, 'ax': -0.98, 'ay': 0.77, 'az': 0.62, 'gx': 23.15, 'gy': -19.01, 'gz': 4.37}, {'t_us': 408994255, 'ax': -1.1, 'ay': 0.98, 'az': 0.79, 'gx': -5.6, 'gy': 22.29, 'gz': -7.56}, {'t_us': 409014321, 'ax': -1.33, 'ay': 0.61, 'az': 0.57, 'gx': -41.74, 'gy': 36.52, 'gz': -29.66}, {'t_us': 409034303, 'ax': -1.43, 'ay': 0.2, 'az': 0.26, 'gx': -62.31, 'gy': 34.87, 'gz': -38.32}]",2026-02-18 09:44:01,0.0
"[{'t_us': 409059361, 'ax': -1.36, 'ay': -0.19, 'az': 0.0, 'gx': -70.17, 'gy': 26.76, 'gz': -31.59}, {'t_us': 409074262, 'ax': -1.17, 'ay': -0.36, 'az': 0.06, 'gx': -70.41, 'gy': 20.82, 'gz': -21.3}, {'t_us': 409094308, 'ax': -0.93, 'ay': -0.45, 'az': 0.05, 'gx': -58.0, 'gy': 20.69, 'gz': -11.02}, {'t_us': 409114303, 'ax': -0.72, 'ay': -0.27, 'az': 0.06, 'gx': -38.14, 'gy': 15.95, 'gz': -9.02}, {'t_us': 409134296, 'ax': -0.54, 'ay': -0.16, 'az': 0.05, 'gx': -22.44, 'gy': 12.63, 'gz': -8.35}]",2026-02-18 09:44:01,0.0
"[{'t_us': 409163389, 'ax': -0.3, 'ay': -0.19, 'az': -0.08, 'gx': -5.8, 'gy': -9.33, 'gz': 0.93}, {'t_us': 409174296, 'ax': -0.19, 'ay': -0.2, 'az': -0.14, 'gx': 0.18, 'gy': -15.1, 'gz': 5.33}, {'t_us': 409194255, 'ax': -0.1, 'ay': -0.17, 'az': -0.13, 'gx': 7.85, 'gy': -16.0, 'gz': 8.56}, {'t_us': 409214321, 'ax': -0.09, 'ay': -0.17, 'az': -0.28, 'gx': 7.36, 'gy': -14.61, 'gz': 12.14}, {'t_us': 409234301, 'ax': -0.12, 'ay': -0.14, 'az': -0.3, 'gx': 9.79, 'gy': -7.73, 'gz': 14.93}]",2026-02-18 09:44:01,0.0
"[{'t_us': 409259415, 'ax': -0.57, 'ay': 0.19, 'az': -0.19, 'gx': -9.5, 'gy': -0.95, 'gz': 14.14}, {'t_us': 409274291, 'ax': -0.86, 'ay': 0.42, 'az': -0.08, 'gx': -22.76, 'gy': -10.31, 'gz': 12.05}, {'t_us': 409294255, 'ax': -1.47, 'ay': 0.86, 'az': 0.28, 'gx': -34.12, 'gy': -24.41, 'gz': 0.79}, {'t_us': 409314321, 'ax': -1.93, 'ay': 1.13, 'az': 0.7, 'gx': -39.3, 'gy': -25.62, 'gz': -24.24}, {'t_us': 409334288, 'ax': -1.74, 'ay': 0.41, 'az': 0.34, 'gx': -62.08, 'gy': 28.89, 'gz': -31.24}]",2026-02-18 09:44:01,0.0
"[{'t_us': 409359146, 'ax': -1.26, 'ay': -0.31, 'az': 0.11, 'gx': -50.6, 'gy': -12.93, 'gz': -14.6}, {'t_us': 409374303, 'ax': -1.13, 'ay': -0.47, 'az': 0.32, 'gx': -40.61, 'gy': -7.3, 'gz': -3.66}, {'t_us': 409394291, 'ax': -1.08, 'ay': -0.61, 'az': 0.33, 'gx': -31.24, 'gy': 14.14, 'gz': 13.5}, {'t_us': 409414291, 'ax': -1.25, 'ay': -0.37, 'az': 0.24, 'gx': -29.65, 'gy': 35.47, 'gz': 36.31}, {'t_us': 409434277, 'ax': -1.5, 'ay': 0.05, 'az': 0.24, 'gx': -26.31, 'gy': 38.46, 'gz': 39.76}]",2026-02-18 09:44:01,0.0
"[{'t_us': 409461245, 'ax': -1.4, 'ay': 0.41, 'az': 0.14, 'gx': -8.73, 'gy': 13.57, 'gz': 17.08}, {'t_us': 409475763, 'ax': -1.19, 'ay': 0.41, 'az': 0.13, 'gx': -4.35, 'gy': 6.63, 'gz': 4.15}, {'t_us': 409494271, 'ax': -0.94, 'ay': 0.25, 'az': 0.15, 'gx': -7.88, 'gy': -9.08, 'gz': 4.27}, {'t_us': 409514296, 'ax': -0.58, 'ay': 0.1, 'az': 0.13, 'gx': -15.76, 'gy': -5.83, 'gz': 4.32}, {'t_us': 409534277, 'ax': -0.44, 'ay': 0.07, 'az': 0.12, 'gx': -20.7, 'gy': 5.28, 'gz': 6.46}]",2026-02-18 09:44:01,0.0
"[{'t_us': 409560615, 'ax': -0.2, 'ay': 0.01, 'az': 0.08, 'gx': -24.69, 'gy': 5.53, 'gz': 0.96}, {'t_us': 409574288, 'ax': -0.21, 'ay': 0.04, 'az': 0.02, 'gx': -26.93, 'gy': 8.08, 'gz': -2.61}, {'t_us': 409594262, 'ax': -0.24, 'ay': 0.21, 'az': -0.05, 'gx': -26.61, 'gy': 1.25, 'gz': -13.19}, {'t_us': 409614271, 'ax': -0.28, 'ay': 0.28, 'az': -0.18, 'gx': -25.71, 'gy': -7.83, 'gz': -27.25}, {'t_us': 409634312, 'ax': -0.3, 'ay': 0.21, 'az': -0.24, 'gx': -20.84, 'gy': -9.1, 'gz': -38.69}]",2026-02-18 09:44:01,0.0
"[{'t_us': 409660386, 'ax': -0.45, 'ay': 0.02, 'az': -0.4, 'gx': -9.94, 'gy': -10.34, 'gz': -45.39}, {'t_us': 409674529, 'ax': -0.53, 'ay': -0.22, 'az': -0.32, 'gx': -3.95, 'gy': 2.56, 'gz': -41.89}, {'t_us': 409694321, 'ax': -1.03, 'ay': -0.54, 'az': 0.02, 'gx': 5.22, 'gy': 7.89, 'gz': 8.93}, {'t_us': 409714281, 'ax': -1.83, 'ay': -0.47, 'az': 0.53, 'gx': 3.36, 'gy': -20.15, 'gz': 71.05}, {'t_us': 409734296, 'ax': -2.0, 'ay': -0.28, 'az': 0.26, 'gx': -21.45, 'gy': 27.37, 'gz': 68.96}]",2026-02-18 09:44:01,0.0
"[{'t_us': 409758702, 'ax': -1.58, 'ay': 0.44, 'az': -0.01, 'gx': -48.31, 'gy': -35.16, 'gz': 26.47}, {'t_us': 409774306, 'ax': -1.07, 'ay': 0.45, 'az': 0.28, 'gx': -28.05, 'gy': -27.95, 'gz': 13.56}, {'t_us': 409794281, 'ax': -1.03, 'ay': 0.63, 'az': 0.67, 'gx': -17.86, 'gy': 8.63, 'gz': 9.01}, {'t_us': 409814308, 'ax': -1.23, 'ay': 0.62, 'az': 0.71, 'gx': -34.79, 'gy': 51.1, 'gz': 2.2}, {'t_us': 409834281, 'ax': -1.35, 'ay': 0.39, 'az': 0.46, 'gx': -75.48, 'gy': 57.15, 'gz': -4.5}]",2026-02-18 09:44:02,0.0
"[{'t_us': 409860369, 'ax': -1.3, 'ay': 0.32, 'az': -0.05, 'gx': -112.2, 'gy': 59.73, 'gz': -25.53}, {'t_us': 409874255, 'ax': -1.38, 'ay': 0.12, 'az': -0.23, 'gx': -111.19, 'gy': 31.21, 'gz': -18.06}, {'t_us': 409894255, 'ax': -1.16, 'ay': -0.04, 'az': -0.16, 'gx': -97.13, 'gy': 20.31, 'gz': -21.57}, {'t_us': 409914321, 'ax': -1.03, 'ay': -0.03, 'az': -0.04, 'gx': -90.15, 'gy': 9.98, 'gz': -20.76}, {'t_us': 409934278, 'ax': -0.72, 'ay': -0.13, 'az': 0.07, 'gx': -87.19, 'gy': 7.91, 'gz': -11.65}]",2026-02-18 09:44:02,0.0
"[{'t_us': 409960377, 'ax': -0.38, 'ay': -0.09, 'az': 0.05, 'gx': -93.02, 'gy': 5.18, 'gz': 9.74}, {'t_us': 409974291, 'ax': -0.26, 'ay': -0.06, 'az': -0.05, 'gx': -94.99, 'gy': 6.35, 'gz': 23.83}, {'t_us': 409994271, 'ax': -0.17, 'ay': -0.03, 'az': -0.2, 'gx': -89.34, 'gy': 5.63, 'gz': 33.95}, {'t_us': 410014277, 'ax': -0.2, 'ay': -0.01, 'az': -0.24, 'gx': -82.03, 'gy': -3.37, 'gz': 34.24}, {'t_us': 410034281, 'ax': -0.23, 'ay': -0.03, 'az': -0.26, 'gx': -73.47, 'gy': -12.41, 'gz': 29.11}]",2026-02-18 09:44:02,0.0
"[{'t_us': 410059123, 'ax': -0.3, 'ay': -0.02, 'az': -0.26, 'gx': -68.52, 'gy': -6.31, 'gz': 17.89}, {'t_us': 410074296, 'ax': -0.5, 'ay': 0.07, 'az': -0.2, 'gx': -74.5, 'gy': -1.01, 'gz': 9.77}, {'t_us': 410094271, 'ax': -0.79, 'ay': 0.26, 'az': -0.02, 'gx': -82.27, 'gy': -1.63, 'gz': 5.33}, {'t_us': 410114277, 'ax': -1.22, 'ay': 0.43, 'az': 0.18, 'gx': -87.54, 'gy': -5.33, 'gz': -0.76}, {'t_us': 410134303, 'ax': -1.78, 'ay': 0.5, 'az': 0.51, 'gx': -85.68, 'gy': -20.24, 'gz': -17.86}]",2026-02-18 09:44:02,0.0
"[{'t_us': 410160263, 'ax': -1.71, 'ay': -0.24, 'az': 0.24, 'gx': -71.69, 'gy': 17.36, 'gz': -14.26}, {'t_us': 410174308, 'ax': -1.49, 'ay': -0.42, 'az': 0.06, 'gx': -54.64, 'gy': -9.62, 'gz': -1.54}, {'t_us': 410194271, 'ax': -1.27, 'ay': -0.32, 'az': 0.41, 'gx': -42.26, 'gy': -24.87, 'gz': 5.07}, {'t_us': 410214277, 'ax': -1.33, 'ay': -0.29, 'az': 0.68, 'gx': -57.48, 'gy': 11.04, 'gz': 10.53}, {'t_us': 410234324, 'ax': -1.2, 'ay': -0.17, 'az': 0.35, 'gx': -56.69, 'gy': 43.6, 'gz': 41.54}]",2026-02-18 09:44:02,0.0
"[{'t_us': 410258824, 'ax': -1.41, 'ay': 0.23, 'az': 0.2, 'gx': -59.44, 'gy': 22.06, 'gz': 45.66}, {'t_us': 410274263, 'ax': -1.34, 'ay': 0.39, 'az': 0.2, 'gx': -67.86, 'gy': 15.24, 'gz': 50.9}, {'t_us': 410294281, 'ax': -1.14, 'ay': 0.33, 'az': 0.1, 'gx': -53.71, 'gy': 22.29, 'gz': 22.38}, {'t_us': 410314281, 'ax': -0.9, 'ay': 0.23, 'az': 0.14, 'gx': -41.86, 'gy': 17.65, 'gz': 12.63}, {'t_us': 410334308, 'ax': -0.63, 'ay': 0.1, 'az': 0.1, 'gx': -40.0, 'gy': 19.92, 'gz': 8.27}]",2026-02-18 09:44:02,0.0
"[{'t_us': 410360649, 'ax': -0.46, 'ay': 0.02, 'az': 0.04, 'gx': -39.22, 'gy': 11.13, 'gz': 5.6}, {'t_us': 410374316, 'ax': -0.3, 'ay': -0.05, 'az': -0.02, 'gx': -39.73, 'gy': 6.47, 'gz': -0.85}, {'t_us': 410394303, 'ax': -0.17, 'ay': 0.03, 'az': -0.06, 'gx': -41.66, 'gy': 13.82, 'gz': -3.66}, {'t_us': 410414278, 'ax': -0.13, 'ay': 0.2, 'az': -0.09, 'gx': -43.37, 'gy': 20.81, 'gz': -11.24}, {'t_us': 410434296, 'ax': -0.18, 'ay': 0.21, 'az': -0.25, 'gx': -42.9, 'gy': 16.82, 'gz': -19.21}]",2026-02-18 09:44:02,0.0
"[{'t_us': 410458958, 'ax': -0.32, 'ay': 0.19, 'az': -0.37, 'gx': -32.27, 'gy': 0.06, 'gz': -27.21}, {'t_us': 410474309, 'ax': -0.46, 'ay': 0.05, 'az': -0.44, 'gx': -21.07, 'gy': 0.05, 'gz': -26.49}, {'t_us': 410494288, 'ax': -0.76, 'ay': -0.17, 'az': -0.29, 'gx': -8.14, 'gy': 10.26, 'gz': -3.8}, {'t_us': 410514308, 'ax': -1.72, 'ay': -0.33, 'az': 0.18, 'gx': -9.56, 'gy': -2.31, 'gz': 35.68}, {'t_us': 410534255, 'ax': -2.0, 'ay': -0.51, 'az': 0.43, 'gx': -36.08, 'gy': 0.69, 'gz': 58.37}]",2026-02-18 09:44:02,0.0
"[{'t_us': 410560746, 'ax': -1.76, 'ay': 0.31, 'az': -0.07, 'gx': -79.13, 'gy': -19.68, 'gz': 26.35}, {'t_us': 410574339, 'ax': -1.3, 'ay': 0.35, 'az': 0.07, 'gx': -61.74, 'gy': -33.63, 'gz': 10.38}, {'t_us': 410594273, 'ax': -0.93, 'ay': 0.38, 'az': 0.35, 'gx': -25.88, 'gy': -13.02, 'gz': 7.47}, {'t_us': 410614308, 'ax': -1.13, 'ay': 0.47, 'az': 0.49, 'gx': -22.55, 'gy': 23.44, 'gz': 6.5}, {'t_us': 410634277, 'ax': -1.36, 'ay': 0.31, 'az': 0.4, 'gx': -38.24, 'gy': 40.78, 'gz': -5.45}]",2026-02-18 09:44:03,0.0
"[{'t_us': 410660207, 'ax': -1.58, 'ay': 0.15, 'az': 0.09, 'gx': -66.9, 'gy': 36.47, 'gz': -14.6}, {'t_us': 410674276, 'ax': -1.55, 'ay': 0.07, 'az': 0.01, 'gx': -76.26, 'gy': 18.31, 'gz': -18.87}, {'t_us': 410694306, 'ax': -1.22, 'ay': -0.11, 'az': 0.04, 'gx': -79.31, 'gy': 1.77, 'gz': -17.69}, {'t_us': 410714316, 'ax': -0.95, 'ay': -0.17, 'az': 0.05, 'gx': -71.27, 'gy': 0.21, 'gz': -15.1}, {'t_us': 410734281, 'ax': -0.71, 'ay': -0.16, 'az': 0.08, 'gx': -59.04, 'gy': 9.56, 'gz': -15.92}]",2026-02-18 09:44:03,0.0
"[{'t_us': 410758454, 'ax': -0.48, 'ay': -0.06, 'az': 0.1, 'gx': -48.56, 'gy': 19.25, 'gz': -7.65}, {'t_us': 410774288, 'ax': -0.4, 'ay': -0.06, 'az': 0.07, 'gx': -47.04, 'gy': 20.18, 'gz': 0.06}, {'t_us': 410794255, 'ax': -0.27, 'ay': -0.1, 'az': -0.05, 'gx': -43.98, 'gy': 16.41, 'gz': 11.68}, {'t_us': 410814288, 'ax': -0.23, 'ay': -0.12, 'az': -0.13, 'gx': -40.23, 'gy': 12.2, 'gz': 24.38}, {'t_us': 410834296, 'ax': -0.31, 'ay': -0.21, 'az': -0.26, 'gx': -35.21, 'gy': 1.8, 'gz': 29.65}]",2026-02-18 09:44:03,0.0
"[{'t_us': 410858778, 'ax': -0.36, 'ay': -0.21, 'az': -0.38, 'gx': -16.06, 'gy': -19.31, 'gz': 31.54}, {'t_us': 410874296, 'ax': -0.51, 'ay': -0.1, 'az': -0.3, 'gx': -13.51, 'gy': -20.09, 'gz': 22.99}, {'t_us': 410894271, 'ax': -0.72, 'ay': 0.13, 'az': -0.28, 'gx': -20.61, 'gy': -21.73, 'gz': 12.96}, {'t_us': 410914303, 'ax': -1.05, 'ay': 0.36, 'az': -0.05, 'gx': -24.87, 'gy': -39.5, 'gz': 7.27}, {'t_us': 410934321, 'ax': -1.53, 'ay': 0.74, 'az': 0.31, 'gx': -30.4, 'gy': -61.16, 'gz': -6.58}]",2026-02-18 09:44:03,0.0
"[{'t_us': 410960555, 'ax': -1.75, 'ay': 0.65, 'az': 0.52, 'gx': -55.77, 'gy': -3.71, 'gz': -20.24}, {'t_us': 410974255, 'ax': -1.42, 'ay': -0.07, 'az': 0.12, 'gx': -59.45, 'gy': 0.56, 'gz': -15.21}, {'t_us': 410994329, 'ax': -1.26, 'ay': -0.4, 'az': 0.12, 'gx': -48.75, 'gy': -7.68, 'gz': -0.09}, {'t_us': 411014262, 'ax': -1.12, 'ay': -0.69, 'az': 0.14, 'gx': -23.45, 'gy': 1.22, 'gz': 4.08}, {'t_us': 411034262, 'ax': -1.15, 'ay': -0.72, 'az': 0.14, 'gx': 3.04, 'gy': 28.78, 'gz': 19.48}]",2026-02-18 09:44:03,0.0
"[{'t_us': 411060241, 'ax': -1.46, 'ay': -0.23, 'az': 0.06, 'gx': 12.26, 'gy': 49.69, 'gz': 41.16}, {'t_us': 411074312, 'ax': -1.59, 'ay': 0.12, 'az': 0.04, 'gx': 15.89, 'gy': 34.43, 'gz': 37.56}, {'t_us': 411094277, 'ax': -1.46, 'ay': 0.41, 'az': 0.1, 'gx': 17.08, 'gy': 12.34, 'gz': 20.99}, {'t_us': 411114288, 'ax': -1.16, 'ay': 0.45, 'az': 0.13, 'gx': 18.4, 'gy': -9.91, 'gz': 7.89}, {'t_us': 411134308, 'ax': -0.71, 'ay': 0.3, 'az': 0.19, 'gx': 17.51, 'gy': -22.72, 'gz': 12.2}]",2026-02-18 09:44:03,0.0
"[{'t_us': 411159112, 'ax': -0.5, 'ay': 0.11, 'az': 0.2, 'gx': 3.4, 'gy': -5.69, 'gz': 13.77}, {'t_us': 411174303, 'ax': -0.41, 'ay': 0.04, 'az': 0.19, 'gx': -6.05, 'gy': 5.4, 'gz': 14.73}, {'t_us': 411194262, 'ax': -0.29, 'ay': -0.06, 'az': 0.07, 'gx': -13.82, 'gy': 6.67, 'gz': 8.89}, {'t_us': 411214271, 'ax': -0.22, 'ay': 0.04, 'az': -0.04, 'gx': -21.77, 'gy': -0.46, 'gz': 2.35}, {'t_us': 411234288, 'ax': -0.19, 'ay': 0.22, 'az': -0.14, 'gx': -25.92, 'gy': 1.82, 'gz': -3.91}]",2026-02-18 09:44:03,0.0
"[{'t_us': 411260491, 'ax': -0.2, 'ay': 0.28, 'az': -0.35, 'gx': -28.72, 'gy': -20.87, 'gz': -11.18}, {'t_us': 411274329, 'ax': -0.26, 'ay': 0.24, 'az': -0.41, 'gx': -25.31, 'gy': -22.92, 'gz': -17.97}, {'t_us': 411297517, 'ax': -0.49, 'ay': -0.06, 'az': -0.43, 'gx': -4.29, 'gy': -14.84, 'gz': -21.39}, {'t_us': 411314316, 'ax': -0.93, 'ay': -0.28, 'az': -0.12, 'gx': 7.57, 'gy': -3.44, 'gz': -12.66}, {'t_us': 411334303, 'ax': -1.78, 'ay': -0.75, 'az': 0.41, 'gx': 16.38, 'gy': -4.09, 'gz': 13.86}]",2026-02-18 09:44:03,0.0
"[{'t_us': 411359099, 'ax': -2.0, 'ay': -0.55, 'az': 0.08, 'gx': 33.04, 'gy': 56.02, 'gz': 51.5}, {'t_us': 411374256, 'ax': -1.98, 'ay': 0.37, 'az': -0.05, 'gx': 10.73, 'gy': -5.08, 'gz': 35.91}, {'t_us': 411394255, 'ax': -1.33, 'ay': 0.64, 'az': 0.13, 'gx': -0.98, 'gy': -35.25, 'gz': 13.59}, {'t_us': 411414303, 'ax': -1.15, 'ay': 0.85, 'az': 0.43, 'gx': -2.56, 'gy': -15.11, 'gz': 8.23}, {'t_us': 411434254, 'ax': -1.26, 'ay': 0.65, 'az': 0.44, 'gx': -13.08, 'gy': 14.72, 'gz': -16.82}]",2026-02-18 09:44:03,0.0
"[{'t_us': 411460499, 'ax': -1.37, 'ay': 0.21, 'az': 0.35, 'gx': -36.67, 'gy': 24.43, 'gz': -35.08}, {'t_us': 411474286, 'ax': -1.42, 'ay': -0.0, 'az': 0.22, 'gx': -50.12, 'gy': 18.34, 'gz': -33.44}, {'t_us': 411494321, 'ax': -1.32, 'ay': -0.19, 'az': 0.17, 'gx': -64.09, 'gy': 2.76, 'gz': -25.4}, {'t_us': 411514267, 'ax': -1.03, 'ay': -0.25, 'az': 0.11, 'gx': -64.61, 'gy': 2.5, 'gz': -17.15}, {'t_us': 411534273, 'ax': -0.73, 'ay': -0.2, 'az': 0.07, 'gx': -50.84, 'gy': 15.15, 'gz': -14.98}]",2026-02-18 09:44:03,0.0
"[{'t_us': 411560424, 'ax': -0.45, 'ay': -0.11, 'az': 0.02, 'gx': -32.5, 'gy': 25.51, 'gz': -14.11}, {'t_us': 411574309, 'ax': -0.36, 'ay': -0.12, 'az': 0.02, 'gx': -28.11, 'gy': 13.89, 'gz': -8.37}, {'t_us': 411594288, 'ax': -0.22, 'ay': -0.1, 'az': 0.02, 'gx': -25.27, 'gy': -0.49, 'gz': 5.74}, {'t_us': 411614262, 'ax': -0.13, 'ay': -0.13, 'az': -0.05, 'gx': -25.42, 'gy': -17.5, 'gz': 20.52}, {'t_us': 411634291, 'ax': -0.12, 'ay': -0.17, 'az': -0.2, 'gx': -27.16, 'gy': -23.07, 'gz': 24.85}]",2026-02-18 09:44:03,0.0
"[{'t_us': 411659083, 'ax': -0.19, 'ay': -0.09, 'az': -0.32, 'gx': -32.38, 'gy': -24.0, 'gz': 33.18}, {'t_us': 411674281, 'ax': -0.43, 'ay': 0.09, 'az': -0.3, 'gx': -37.02, 'gy': -15.57, 'gz': 29.07}, {'t_us': 411694281, 'ax': -0.96, 'ay': 0.37, 'az': -0.05, 'gx': -35.4, 'gy': -1.62, 'gz': 5.19}, {'t_us': 411714277, 'ax': -1.81, 'ay': 0.77, 'az': 0.3, 'gx': -34.44, 'gy': -24.38, 'gz': -28.37}, {'t_us': 411734255, 'ax': -2.0, 'ay': 1.08, 'az': 0.55, 'gx': -37.63, 'gy': 11.86, 'gz': -63.3}]",2026-02-18 09:44:03,0.0
"[{'t_us': 411758989, 'ax': -1.38, 'ay': -0.09, 'az': 0.14, 'gx': -58.43, 'gy': -33.18, 'gz': -23.39}, {'t_us': 411774271, 'ax': -1.04, 'ay': -0.17, 'az': 0.2, 'gx': -56.44, 'gy': -35.44, 'gz': -0.12}, {'t_us': 411794277, 'ax': -0.83, 'ay': -0.4, 'az': 0.27, 'gx': -45.89, 'gy': -10.35, 'gz': 12.9}, {'t_us': 411814282, 'ax': -0.79, 'ay': -0.58, 'az': 0.25, 'gx': -21.47, 'gy': 33.92, 'gz': 26.72}, {'t_us': 411834277, 'ax': -1.1, 'ay': -0.42, 'az': 0.3, 'gx': -9.76, 'gy': 64.03, 'gz': 38.47}]",2026-02-18 09:44:04,0.0
"[{'t_us': 411858947, 'ax': -1.55, 'ay': -0.01, 'az': 0.06, 'gx': -3.62, 'gy': 46.98, 'gz': 33.53}, {'t_us': 411874271, 'ax': -1.59, 'ay': 0.28, 'az': 0.01, 'gx': 6.08, 'gy': 34.17, 'gz': 12.81}, {'t_us': 411894291, 'ax': -1.41, 'ay': 0.4, 'az': 0.0, 'gx': 14.9, 'gy': 16.56, 'gz': -6.92}, {'t_us': 411914291, 'ax': -0.94, 'ay': 0.33, 'az': 0.16, 'gx': 14.18, 'gy': 13.13, 'gz': -9.21}, {'t_us': 411934317, 'ax': -0.71, 'ay': 0.33, 'az': 0.19, 'gx': 0.99, 'gy': 0.81, 'gz': -10.18}]",2026-02-18 09:44:04,0.0
"[{'t_us': 411960660, 'ax': -0.46, 'ay': 0.16, 'az': 0.16, 'gx': -20.17, 'gy': -4.14, 'gz': -12.85}, {'t_us': 411974303, 'ax': -0.39, 'ay': 0.13, 'az': 0.11, 'gx': -31.98, 'gy': -0.73, 'gz': -16.41}, {'t_us': 411994998, 'ax': -0.23, 'ay': 0.07, 'az': -0.0, 'gx': -42.67, 'gy': 7.3, 'gz': -17.21}, {'t_us': 412014291, 'ax': -0.16, 'ay': 0.05, 'az': -0.08, 'gx': -45.24, 'gy': 16.9, 'gz': -19.44}, {'t_us': 412034321, 'ax': -0.23, 'ay': 0.11, 'az': -0.19, 'gx': -45.5, 'gy': 20.53, 'gz': -25.34}]",2026-02-18 09:44:04,0.0
"[{'t_us': 412060731, 'ax': -0.29, 'ay': -0.0, 'az': -0.28, 'gx': -35.22, 'gy': 10.84, 'gz': -29.37}, {'t_us': 412074334, 'ax': -0.42, 'ay': 0.0, 'az': -0.37, 'gx': -28.35, 'gy': 8.49, 'gz': -31.74}, {'t_us': 412094271, 'ax': -0.66, 'ay': -0.28, 'az': -0.39, 'gx': -11.21, 'gy': 15.21, 'gz': -30.81}, {'t_us': 412114277, 'ax': -1.15, 'ay': -0.27, 'az': -0.2, 'gx': -4.23, 'gy': 29.53, 'gz': 0.82}, {'t_us': 412134266, 'ax': -1.99, 'ay': -0.27, 'az': 0.18, 'gx': -21.6, 'gy': 15.53, 'gz': 46.26}]",2026-02-18 09:44:04,0.0
"[{'t_us': 412160660, 'ax': -2.0, 'ay': 0.46, 'az': 0.18, 'gx': -80.14, 'gy': 13.1, 'gz': 25.25}, {'t_us': 412174277, 'ax': -1.61, 'ay': 0.48, 'az': 0.07, 'gx': -93.59, 'gy': -10.23, 'gz': 8.49}, {'t_us': 412194255, 'ax': -1.16, 'ay': 0.46, 'az': 0.22, 'gx': -68.93, 'gy': -6.37, 'gz': 2.82}, {'t_us': 412214321, 'ax': -1.06, 'ay': 0.38, 'az': 0.34, 'gx': -52.85, 'gy': 15.44, 'gz': -1.85}, {'t_us': 412234294, 'ax': -1.22, 'ay': 0.2, 'az': 0.34, 'gx': -52.31, 'gy': 41.98, 'gz': -8.99}]",2026-02-18 09:44:04,0.0
"[{'t_us': 412258935, 'ax': -1.31, 'ay': -0.14, 'az': 0.08, 'gx': -77.39, 'gy': 44.03, 'gz': -4.92}, {'t_us': 412274296, 'ax': -1.37, 'ay': -0.14, 'az': -0.04, 'gx': -94.95, 'gy': 30.41, 'gz': 0.11}, {'t_us': 412294300, 'ax': -1.23, 'ay': -0.1, 'az': -0.06, 'gx': -99.39, 'gy': 8.0, 'gz': 3.97}, {'t_us': 412314300, 'ax': -0.97, 'ay': -0.08, 'az': -0.04, 'gx': -92.79, 'gy': -4.11, 'gz': 5.51}, {'t_us': 412334296, 'ax': -0.69, 'ay': -0.08, 'az': 0.01, 'gx': -77.71, 'gy': -4.2, 'gz': 6.6}]",2026-02-18 09:44:04,0.0
"[{'t_us': 412360998, 'ax': -0.38, 'ay': -0.08, 'az': 0.07, 'gx': -61.91, 'gy': -3.15, 'gz': 12.84}, {'t_us': 412374288, 'ax': -0.24, 'ay': -0.1, 'az': 0.02, 'gx': -54.66, 'gy': -3.36, 'gz': 17.98}, {'t_us': 412394291, 'ax': -0.11, 'ay': -0.14, 'az': -0.03, 'gx': -45.98, 'gy': -6.52, 'gz': 29.85}, {'t_us': 412414291, 'ax': -0.13, 'ay': -0.18, 'az': -0.19, 'gx': -43.66, 'gy': -7.44, 'gz': 33.82}, {'t_us': 412434254, 'ax': -0.21, 'ay': -0.07, 'az': -0.3, 'gx': -48.6, 'gy': -16.47, 'gz': 41.1}]",2026-02-18 09:44:04,0.0
"[{'t_us': 412460502, 'ax': -0.54, 'ay': 0.18, 'az': -0.24, 'gx': -66.02, 'gy': -3.71, 'gz': 37.48}, {'t_us': 412474289, 'ax': -0.91, 'ay': 0.42, 'az': -0.12, 'gx': -71.82, 'gy': -2.11, 'gz': 27.28}, {'t_us': 412495015, 'ax': -1.52, 'ay': 0.68, 'az': 0.15, 'gx': -75.05, 'gy': -19.86, 'gz': 5.79}, {'t_us': 412514271, 'ax': -1.84, 'ay': 0.74, 'az': 0.36, 'gx': -66.92, 'gy': -30.92, 'gz': -22.81}, {'t_us': 412534254, 'ax': -1.55, 'ay': 0.21, 'az': 0.25, 'gx': -67.39, 'gy': -14.61, 'gz': -30.2}]",2026-02-18 09:44:04,0.0
"[{'t_us': 412561111, 'ax': -1.19, 'ay': -0.33, 'az': 0.19, 'gx': -51.37, 'gy': -16.61, 'gz': -8.79}, {'t_us': 412574282, 'ax': -1.02, 'ay': -0.42, 'az': 0.3, 'gx': -41.27, 'gy': -5.69, 'gz': 4.76}, {'t_us': 412594277, 'ax': -1.09, 'ay': -0.36, 'az': 0.17, 'gx': -29.66, 'gy': 30.09, 'gz': 14.15}, {'t_us': 412614312, 'ax': -1.42, 'ay': -0.18, 'az': 0.04, 'gx': -6.34, 'gy': 36.61, 'gz': 22.17}, {'t_us': 412634262, 'ax': -1.6, 'ay': 0.12, 'az': 0.02, 'gx': 4.53, 'gy': 27.02, 'gz': 23.68}]",2026-02-18 09:44:04,0.0
"[{'t_us': 412659223, 'ax': -1.45, 'ay': 0.36, 'az': 0.0, 'gx': 6.46, 'gy': 4.06, 'gz': 3.76}, {'t_us': 412674277, 'ax': -1.26, 'ay': 0.37, 'az': 0.01, 'gx': 5.1, 'gy': -7.54, 'gz': -5.92}, {'t_us': 412694303, 'ax': -0.91, 'ay': 0.24, 'az': 0.13, 'gx': 2.47, 'gy': -15.86, 'gz': -8.49}, {'t_us': 412714316, 'ax': -0.64, 'ay': 0.18, 'az': 0.19, 'gx': -3.59, 'gy': -12.15, 'gz': -4.64}, {'t_us': 412734299, 'ax': -0.53, 'ay': 0.15, 'az': 0.19, 'gx': -15.65, 'gy': -13.82, 'gz': -3.45}]",2026-02-18 09:44:04,0.0
"[{'t_us': 412759090, 'ax': -0.35, 'ay': 0.1, 'az': 0.11, 'gx': -27.4, 'gy': -19.21, 'gz': -4.23}, {'t_us': 412774812, 'ax': -0.26, 'ay': 0.09, 'az': 0.05, 'gx': -27.31, 'gy': -19.97, 'gz': -2.55}, {'t_us': 412794321, 'ax': -0.18, 'ay': 0.16, 'az': -0.03, 'gx': -22.84, 'gy': -19.13, 'gz': -5.85}, {'t_us': 412814281, 'ax': -0.14, 'ay': 0.21, 'az': -0.14, 'gx': -19.15, 'gy': -21.88, 'gz': -14.55}, {'t_us': 412834265, 'ax': -0.19, 'ay': 0.07, 'az': -0.23, 'gx': -9.48, 'gy': -6.03, 'gz': -25.98}]",2026-02-18 09:44:05,0.0
"[{'t_us': 412860538, 'ax': -0.4, 'ay': -0.03, 'az': -0.4, 'gx': -0.67, 'gy': 3.62, 'gz': -38.31}, {'t_us': 412874588, 'ax': -0.64, 'ay': -0.25, 'az': -0.35, 'gx': 6.55, 'gy': 16.89, 'gz': -33.15}, {'t_us': 412894316, 'ax': -1.4, 'ay': -0.46, 'az': -0.06, 'gx': 12.18, 'gy': 20.5, 'gz': 7.28}, {'t_us': 412914277, 'ax': -2.0, 'ay': -0.28, 'az': 0.59, 'gx': 0.9, 'gy': -28.84, 'gz': 61.97}, {'t_us': 412934296, 'ax': -2.0, 'ay': 0.15, 'az': -0.09, 'gx': -27.39, 'gy': 10.96, 'gz': 55.36}]",2026-02-18 09:44:05,0.0
"[{'t_us': 412959396, 'ax': -1.33, 'ay': 0.62, 'az': 0.05, 'gx': -46.93, 'gy': -50.6, 'gz': 16.95}, {'t_us': 412974316, 'ax': -0.86, 'ay': 0.67, 'az': 0.37, 'gx': -34.2, 'gy': -37.91, 'gz': 9.36}, {'t_us': 412994281, 'ax': -0.96, 'ay': 0.69, 'az': 0.6, 'gx': -44.27, 'gy': -2.7, 'gz': 7.59}, {'t_us': 413014263, 'ax': -1.18, 'ay': 0.4, 'az': 0.52, 'gx': -68.53, 'gy': 31.47, 'gz': 0.87}, {'t_us': 413034308, 'ax': -1.29, 'ay': 0.23, 'az': 0.3, 'gx': -97.85, 'gy': 41.74, 'gz': -1.73}]",2026-02-18 09:44:05,0.0
"[{'t_us': 413060448, 'ax': -1.41, 'ay': 0.06, 'az': -0.03, 'gx': -126.61, 'gy': 38.92, 'gz': -2.55}, {'t_us': 413074288, 'ax': -1.29, 'ay': -0.06, 'az': -0.08, 'gx': -122.2, 'gy': 37.63, 'gz': -2.89}, {'t_us': 413094308, 'ax': -1.07, 'ay': -0.12, 'az': -0.06, 'gx': -107.18, 'gy': 25.1, 'gz': -2.73}, {'t_us': 413114277, 'ax': -0.82, 'ay': -0.14, 'az': -0.0, 'gx': -93.66, 'gy': 14.58, 'gz': -3.11}, {'t_us': 413134300, 'ax': -0.63, 'ay': -0.13, 'az': 0.07, 'gx': -83.54, 'gy': 5.19, 'gz': -1.68}]",2026-02-18 09:44:05,0.0
"[{'t_us': 413160492, 'ax': -0.42, 'ay': -0.16, 'az': 0.04, 'gx': -73.69, 'gy': -6.06, 'gz': 11.8}, {'t_us': 413174288, 'ax': -0.31, 'ay': -0.19, 'az': -0.01, 'gx': -65.08, 'gy': -7.85, 'gz': 18.08}, {'t_us': 413194263, 'ax': -0.23, 'ay': -0.23, 'az': -0.1, 'gx': -49.85, 'gy': -8.32, 'gz': 24.79}, {'t_us': 413214269, 'ax': -0.2, 'ay': -0.28, 'az': -0.15, 'gx': -39.4, 'gy': -19.19, 'gz': 29.91}, {'t_us': 413234296, 'ax': -0.23, 'ay': -0.28, 'az': -0.32, 'gx': -22.52, 'gy': -33.21, 'gz': 32.63}]",2026-02-18 09:44:05,0.0
"[{'t_us': 413259148, 'ax': -0.47, 'ay': -0.04, 'az': -0.17, 'gx': -26.0, 'gy': -11.01, 'gz': 29.1}, {'t_us': 413274312, 'ax': -0.71, 'ay': 0.17, 'az': -0.03, 'gx': -36.44, 'gy': -8.34, 'gz': 20.31}, {'t_us': 413294312, 'ax': -1.04, 'ay': 0.53, 'az': 0.19, 'gx': -52.11, 'gy': -12.18, 'gz': 15.4}, {'t_us': 413314311, 'ax': -1.58, 'ay': 0.87, 'az': 0.42, 'gx': -60.7, 'gy': -21.59, 'gz': -5.71}, {'t_us': 413334308, 'ax': -1.7, 'ay': 0.63, 'az': 0.45, 'gx': -67.16, 'gy': -14.03, 'gz': -15.98}]",2026-02-18 09:44:05,0.0
"[{'t_us': 413358842, 'ax': -1.38, 'ay': -0.18, 'az': 0.06, 'gx': -61.28, 'gy': -8.76, 'gz': -2.02}, {'t_us': 413374288, 'ax': -1.17, 'ay': -0.41, 'az': 0.09, 'gx': -50.03, 'gy': -14.89, 'gz': 3.02}, {'t_us': 413394288, 'ax': -1.08, 'ay': -0.59, 'az': 0.33, 'gx': -29.98, 'gy': -3.71, 'gz': 15.21}, {'t_us': 413414308, 'ax': -1.2, 'ay': -0.45, 'az': 0.35, 'gx': -19.33, 'gy': 25.42, 'gz': 27.3}, {'t_us': 413434296, 'ax': -1.45, 'ay': -0.1, 'az': 0.31, 'gx': -13.13, 'gy': 38.55, 'gz': 35.77}]",2026-02-18 09:44:05,0.0
"[{'t_us': 413461540, 'ax': -1.45, 'ay': 0.28, 'az': 0.19, 'gx': -2.23, 'gy': 17.42, 'gz': 34.43}, {'t_us': 413474545, 'ax': -1.36, 'ay': 0.36, 'az': 0.15, 'gx': 1.79, 'gy': 10.5, 'gz': 26.87}, {'t_us': 413494296, 'ax': -1.1, 'ay': 0.29, 'az': 0.16, 'gx': 5.77, 'gy': 2.66, 'gz': 22.14}, {'t_us': 413514321, 'ax': -0.82, 'ay': 0.22, 'az': 0.17, 'gx': 0.05, 'gy': 5.97, 'gz': 20.72}, {'t_us': 413534291, 'ax': -0.62, 'ay': 0.12, 'az': 0.19, 'gx': -10.52, 'gy': 14.06, 'gz': 19.36}]",2026-02-18 09:44:05,0.0
"[{'t_us': 413559411, 'ax': -0.5, 'ay': 0.07, 'az': 0.2, 'gx': -21.85, 'gy': 19.82, 'gz': 11.94}, {'t_us': 413574271, 'ax': -0.45, 'ay': 0.1, 'az': 0.13, 'gx': -26.38, 'gy': 14.93, 'gz': 4.87}, {'t_us': 413594277, 'ax': -0.3, 'ay': 0.18, 'az': 0.03, 'gx': -35.15, 'gy': 4.12, 'gz': -0.79}, {'t_us': 413614303, 'ax': -0.22, 'ay': 0.29, 'az': -0.1, 'gx': -41.68, 'gy': -9.88, 'gz': -5.79}, {'t_us': 413634303, 'ax': -0.16, 'ay': 0.26, 'az': -0.21, 'gx': -40.02, 'gy': -17.08, 'gz': -10.23}]",2026-02-18 09:44:05,0.0
"[{'t_us': 413660850, 'ax': -0.2, 'ay': 0.14, 'az': -0.26, 'gx': -35.8, 'gy': -4.73, 'gz': -10.95}, {'t_us': 413674263, 'ax': -0.31, 'ay': 0.02, 'az': -0.36, 'gx': -35.94, 'gy': 2.53, 'gz': -9.1}, {'t_us': 413694270, 'ax': -0.7, 'ay': -0.3, 'az': -0.3, 'gx': -27.16, 'gy': 9.39, 'gz': -1.39}, {'t_us': 413714321, 'ax': -1.34, 'ay': -0.57, 'az': -0.1, 'gx': -13.73, 'gy': -9.8, 'gz': 20.41}, {'t_us': 413734316, 'ax': -2.0, 'ay': -0.73, 'az': 0.2, 'gx': 5.73, 'gy': 14.37, 'gz': 40.43}]",2026-02-18 09:44:05,0.0
"[{'t_us': 413758661, 'ax': -2.0, 'ay': 0.07, 'az': -0.04, 'gx': 19.59, 'gy': 13.54, 'gz': 32.92}, {'t_us': 413774320, 'ax': -1.62, 'ay': 0.33, 'az': 0.1, 'gx': 20.4, 'gy': -18.93, 'gz': 10.78}, {'t_us': 413794296, 'ax': -1.2, 'ay': 0.52, 'az': 0.46, 'gx': 21.18, 'gy': -7.76, 'gz': 2.24}, {'t_us': 413814296, 'ax': -1.11, 'ay': 0.64, 'az': 0.57, 'gx': -0.87, 'gy': 20.95, 'gz': 2.5}, {'t_us': 413834321, 'ax': -1.36, 'ay': 0.53, 'az': 0.47, 'gx': -31.16, 'gy': 33.21, 'gz': -14.81}]",2026-02-18 09:44:06,0.0
"[{'t_us': 413860268, 'ax': -1.43, 'ay': 0.18, 'az': 0.21, 'gx': -50.76, 'gy': 29.71, 'gz': -23.36}, {'t_us': 413874254, 'ax': -1.39, 'ay': 0.06, 'az': 0.1, 'gx': -55.48, 'gy': 25.97, 'gz': -27.1}, {'t_us': 413894271, 'ax': -1.21, 'ay': -0.16, 'az': 0.03, 'gx': -51.34, 'gy': 16.69, 'gz': -25.48}, {'t_us': 413914277, 'ax': -0.95, 'ay': -0.26, 'az': 0.04, 'gx': -43.92, 'gy': 12.31, 'gz': -21.31}, {'t_us': 413934277, 'ax': -0.67, 'ay': -0.23, 'az': 0.06, 'gx': -34.27, 'gy': 9.88, 'gz': -17.44}]",2026-02-18 09:44:06,0.0
"[{'t_us': 413960346, 'ax': -0.36, 'ay': -0.19, 'az': 0.05, 'gx': -24.32, 'gy': 14.79, 'gz': -6.56}, {'t_us': 413974276, 'ax': -0.26, 'ay': -0.2, 'az': -0.02, 'gx': -20.27, 'gy': 12.09, 'gz': 1.91}, {'t_us': 413994281, 'ax': -0.14, 'ay': -0.21, 'az': -0.12, 'gx': -18.64, 'gy': -0.03, 'gz': 17.47}, {'t_us': 414014281, 'ax': -0.03, 'ay': -0.19, 'az': -0.2, 'gx': -15.8, 'gy': -14.29, 'gz': 30.75}, {'t_us': 414034308, 'ax': -0.04, 'ay': -0.13, 'az': -0.38, 'gx': -22.4, 'gy': -23.4, 'gz': 41.66}]",2026-02-18 09:44:06,0.0
"[{'t_us': 414060707, 'ax': -0.37, 'ay': 0.2, 'az': -0.3, 'gx': -27.76, 'gy': -22.44, 'gz': 34.81}, {'t_us': 414074317, 'ax': -0.69, 'ay': 0.33, 'az': -0.14, 'gx': -28.79, 'gy': -24.72, 'gz': 16.78}, {'t_us': 414094321, 'ax': -1.17, 'ay': 0.63, 'az': 0.1, 'gx': -28.79, 'gy': -12.37, 'gz': -13.04}, {'t_us': 414114316, 'ax': -1.95, 'ay': 0.77, 'az': 0.37, 'gx': -20.05, 'gy': -31.85, 'gz': -57.66}, {'t_us': 414134277, 'ax': -1.85, 'ay': 0.64, 'az': 0.57, 'gx': -31.54, 'gy': 15.28, 'gz': -61.91}]",2026-02-18 09:44:06,0.0
"[{'t_us': 414160076, 'ax': -0.97, 'ay': -0.22, 'az': 0.29, 'gx': -19.94, 'gy': -46.98, 'gz': -23.21}, {'t_us': 414174277, 'ax': -0.79, 'ay': -0.33, 'az': 0.55, 'gx': -18.29, 'gy': -33.37, 'gz': -7.19}, {'t_us': 414194321, 'ax': -0.68, 'ay': -0.38, 'az': 0.63, 'gx': -15.59, 'gy': 15.56, 'gz': 13.33}, {'t_us': 414214316, 'ax': -0.88, 'ay': -0.43, 'az': 0.38, 'gx': -5.71, 'gy': 42.03, 'gz': 35.86}, {'t_us': 414234308, 'ax': -1.43, 'ay': -0.13, 'az': 0.33, 'gx': 5.76, 'gy': 48.4, 'gz': 42.17}]",2026-02-18 09:44:06,0.0
"[{'t_us': 414258918, 'ax': -1.75, 'ay': 0.37, 'az': 0.11, 'gx': 14.9, 'gy': 39.63, 'gz': 21.79}, {'t_us': 414274309, 'ax': -1.65, 'ay': 0.43, 'az': -0.06, 'gx': 24.09, 'gy': 17.68, 'gz': 5.95}, {'t_us': 414294312, 'ax': -1.14, 'ay': 0.24, 'az': 0.02, 'gx': 28.61, 'gy': -2.47, 'gz': 0.98}, {'t_us': 414314277, 'ax': -0.8, 'ay': 0.14, 'az': 0.13, 'gx': 23.69, 'gy': -6.96, 'gz': 7.24}, {'t_us': 414334321, 'ax': -0.61, 'ay': 0.1, 'az': 0.19, 'gx': 9.28, 'gy': -4.02, 'gz': 7.57}]",2026-02-18 09:44:06,0.0
"[{'t_us': 414358978, 'ax': -0.48, 'ay': 0.17, 'az': 0.1, 'gx': -5.34, 'gy': 0.95, 'gz': 1.02}, {'t_us': 414374927, 'ax': -0.43, 'ay': 0.25, 'az': 0.04, 'gx': -12.53, 'gy': 1.6, 'gz': -4.32}, {'t_us': 414394281, 'ax': -0.35, 'ay': 0.27, 'az': -0.09, 'gx': -15.59, 'gy': -1.63, 'gz': -9.3}, {'t_us': 414414308, 'ax': -0.29, 'ay': 0.25, 'az': -0.16, 'gx': -13.3, 'gy': -5.24, 'gz': -16.99}, {'t_us': 414434262, 'ax': -0.25, 'ay': 0.11, 'az': -0.17, 'gx': -8.72, 'gy': -4.81, 'gz': -20.7}]",2026-02-18 09:44:06,0.0
"[{'t_us': 414460440, 'ax': -0.32, 'ay': -0.06, 'az': -0.16, 'gx': -4.0, 'gy': -6.34, 'gz': -21.44}, {'t_us': 414474271, 'ax': -0.37, 'ay': -0.2, 'az': -0.33, 'gx': -2.02, 'gy': -7.94, 'gz': -20.9}, {'t_us': 414494273, 'ax': -0.73, 'ay': -0.3, 'az': -0.12, 'gx': -5.44, 'gy': -13.56, 'gz': -5.92}, {'t_us': 414514291, 'ax': -1.48, 'ay': -0.46, 'az': 0.18, 'gx': -4.63, 'gy': -27.08, 'gz': 32.27}, {'t_us': 414534321, 'ax': -2.0, 'ay': -0.37, 'az': 0.4, 'gx': 8.09, 'gy': 10.99, 'gz': 60.05}]",2026-02-18 09:44:06,0.0
"[{'t_us': 414558901, 'ax': -1.95, 'ay': 0.42, 'az': 0.14, 'gx': -14.81, 'gy': -30.92, 'gz': 25.51}, {'t_us': 414574327, 'ax': -1.36, 'ay': 0.41, 'az': 0.2, 'gx': -8.06, 'gy': -42.99, 'gz': 13.98}, {'t_us': 414594277, 'ax': -0.99, 'ay': 0.69, 'az': 0.52, 'gx': -4.44, 'gy': -23.1, 'gz': 3.42}, {'t_us': 414614281, 'ax': -0.97, 'ay': 0.72, 'az': 0.59, 'gx': -27.07, 'gy': 13.15, 'gz': -12.61}, {'t_us': 414634281, 'ax': -1.09, 'ay': 0.42, 'az': 0.5, 'gx': -44.52, 'gy': 32.66, 'gz': -19.36}]",2026-02-18 09:44:06,
"[{'t_us': 414659024, 'ax': -1.13, 'ay': 0.14, 'az': 0.2, 'gx': -64.55, 'gy': 24.52, 'gz': -23.3}, {'t_us': 414674316, 'ax': -1.11, 'ay': -0.04, 'az': 0.07, 'gx': -69.33, 'gy': 23.18, 'gz': -19.28}, {'t_us': 414694262, 'ax': -1.03, 'ay': -0.24, 'az': 0.03, 'gx': -66.76, 'gy': 34.34, 'gz': -9.11}, {'t_us': 414714271, 'ax': -0.92, 'ay': -0.36, 'az': -0.04, 'gx': -60.18, 'gy': 33.59, 'gz': 2.03}, {'t_us': 414734296, 'ax': -0.7, 'ay': -0.28, 'az': -0.05, 'gx': -47.88, 'gy': 17.8, 'gz': 7.34}]",2026-02-18 09:44:06,0.0
"[{'t_us': 414760324, 'ax': -0.36, 'ay': -0.29, 'az': -0.07, 'gx': -26.76, 'gy': 0.99, 'gz': 23.98}, {'t_us': 414774277, 'ax': -0.22, 'ay': -0.28, 'az': -0.09, 'gx': -20.73, 'gy': -2.27, 'gz': 30.27}, {'t_us': 414794308, 'ax': -0.04, 'ay': -0.27, 'az': -0.13, 'gx': -15.02, 'gy': -3.5, 'gz': 36.75}, {'t_us': 414814277, 'ax': -0.07, 'ay': -0.21, 'az': -0.34, 'gx': -23.91, 'gy': -6.67, 'gz': 44.92}, {'t_us': 414834262, 'ax': -0.32, 'ay': 0.02, 'az': -0.24, 'gx': -26.79, 'gy': -1.05, 'gz': 39.08}]",2026-02-18 09:44:07,0.0
"[{'t_us': 414859106, 'ax': -0.91, 'ay': 0.42, 'az': -0.17, 'gx': -30.64, 'gy': -4.29, 'gz': 5.62}, {'t_us': 414874291, 'ax': -1.26, 'ay': 0.63, 'az': 0.05, 'gx': -21.97, 'gy': -5.04, 'gz': -20.38}, {'t_us': 414894271, 'ax': -1.89, 'ay': 0.86, 'az': 0.39, 'gx': -2.44, 'gy': -23.47, 'gz': -57.01}, {'t_us': 414914296, 'ax': -1.71, 'ay': 0.64, 'az': 0.52, 'gx': -8.31, 'gy': -9.28, 'gz': -58.53}, {'t_us': 414934316, 'ax': -1.05, 'ay': -0.27, 'az': 0.29, 'gx': -17.08, 'gy': -47.97, 'gz': -21.92}]",2026-02-18 09:44:07,0.0
"[{'t_us': 414960437, 'ax': -0.79, 'ay': -0.31, 'az': 0.67, 'gx': -28.67, 'gy': -20.66, 'gz': 8.96}, {'t_us': 414975533, 'ax': -0.72, 'ay': -0.32, 'az': 0.6, 'gx': -28.79, 'gy': 7.71, 'gz': 20.23}, {'t_us': 414994277, 'ax': -0.91, 'ay': -0.19, 'az': 0.47, 'gx': -30.44, 'gy': 36.98, 'gz': 25.34}, {'t_us': 415014255, 'ax': -1.45, 'ay': 0.12, 'az': 0.33, 'gx': -26.08, 'gy': 39.62, 'gz': 28.03}, {'t_us': 415034291, 'ax': -1.56, 'ay': 0.33, 'az': 0.24, 'gx': -13.22, 'gy': 31.04, 'gz': 16.63}]",2026-02-18 09:44:07,0.0
"[{'t_us': 415058948, 'ax': -1.32, 'ay': 0.24, 'az': 0.11, 'gx': -1.65, 'gy': 10.6, 'gz': -2.44}, {'t_us': 415074271, 'ax': -1.05, 'ay': 0.1, 'az': 0.13, 'gx': 0.09, 'gy': 2.87, 'gz': 0.73}, {'t_us': 415094255, 'ax': -0.85, 'ay': 0.03, 'az': 0.19, 'gx': -5.76, 'gy': -1.25, 'gz': 4.7}, {'t_us': 415114300, 'ax': -0.64, 'ay': 0.04, 'az': 0.13, 'gx': -15.31, 'gy': -7.33, 'gz': 0.06}, {'t_us': 415134286, 'ax': -0.51, 'ay': 0.16, 'az': -0.02, 'gx': -25.5, 'gy': -3.73, 'gz': -3.82}]",2026-02-18 09:44:07,0.0
"[{'t_us': 415160943, 'ax': -0.33, 'ay': 0.26, 'az': -0.16, 'gx': -26.21, 'gy': -7.95, 'gz': -19.71}, {'t_us': 415174296, 'ax': -0.19, 'ay': 0.24, 'az': -0.2, 'gx': -24.84, 'gy': -9.01, 'gz': -24.72}, {'t_us': 415194277, 'ax': -0.12, 'ay': 0.13, 'az': -0.26, 'gx': -13.36, 'gy': 5.89, 'gz': -28.85}, {'t_us': 415214303, 'ax': -0.19, 'ay': -0.02, 'az': -0.41, 'gx': 7.11, 'gy': 18.24, 'gz': -30.56}, {'t_us': 415234308, 'ax': -0.52, 'ay': -0.16, 'az': -0.35, 'gx': 22.63, 'gy': 10.81, 'gz': -21.83}]",2026-02-18 09:44:07,0.0
"[{'t_us': 415258661, 'ax': -1.15, 'ay': -0.41, 'az': 0.13, 'gx': 14.5, 'gy': -21.8, 'gz': 2.49}, {'t_us': 415274303, 'ax': -1.7, 'ay': -0.48, 'az': 0.44, 'gx': -5.82, 'gy': -9.56, 'gz': 23.66}, {'t_us': 415294312, 'ax': -2.0, 'ay': -0.21, 'az': 0.28, 'gx': -21.97, 'gy': 42.09, 'gz': 20.5}, {'t_us': 415314281, 'ax': -1.53, 'ay': 0.68, 'az': 0.25, 'gx': -43.07, 'gy': -41.62, 'gz': 8.76}, {'t_us': 415334285, 'ax': -1.17, 'ay': 0.45, 'az': 0.51, 'gx': -31.02, 'gy': -45.36, 'gz': -6.82}]",2026-02-18 09:44:07,0.0
"[{'t_us': 415358889, 'ax': -0.85, 'ay': 0.38, 'az': 0.66, 'gx': -32.98, 'gy': 7.1, 'gz': -13.57}, {'t_us': 415374303, 'ax': -1.01, 'ay': 0.25, 'az': 0.67, 'gx': -45.39, 'gy': 30.38, 'gz': -18.92}, {'t_us': 415394303, 'ax': -1.21, 'ay': 0.04, 'az': 0.5, 'gx': -59.28, 'gy': 43.6, 'gz': -26.79}, {'t_us': 415414316, 'ax': -1.27, 'ay': -0.16, 'az': 0.24, 'gx': -65.62, 'gy': 46.85, 'gz': -28.26}, {'t_us': 415434288, 'ax': -1.18, 'ay': -0.22, 'az': 0.14, 'gx': -74.6, 'gy': 35.56, 'gz': -19.82}]",2026-02-18 09:44:07,0.0
"[{'t_us': 415460700, 'ax': -1.02, 'ay': -0.25, 'az': 0.07, 'gx': -76.87, 'gy': 36.37, 'gz': -10.03}, {'t_us': 415474296, 'ax': -0.93, 'ay': -0.25, 'az': 0.09, 'gx': -73.59, 'gy': 34.67, 'gz': -5.24}, {'t_us': 415494271, 'ax': -0.78, 'ay': -0.24, 'az': 0.12, 'gx': -70.12, 'gy': 26.24, 'gz': 5.95}, {'t_us': 415514316, 'ax': -0.61, 'ay': -0.16, 'az': 0.1, 'gx': -66.52, 'gy': 3.18, 'gz': 20.7}, {'t_us': 415534300, 'ax': -0.43, 'ay': -0.16, 'az': -0.03, 'gx': -58.2, 'gy': -17.37, 'gz': 36.95}]",2026-02-18 09:44:07,0.0
"[{'t_us': 415559183, 'ax': -0.3, 'ay': -0.13, 'az': -0.09, 'gx': -44.2, 'gy': -17.71, 'gz': 43.02}, {'t_us': 415575970, 'ax': -0.23, 'ay': -0.15, 'az': -0.13, 'gx': -36.47, 'gy': -8.81, 'gz': 36.26}, {'t_us': 415594264, 'ax': -0.15, 'ay': -0.16, 'az': -0.15, 'gx': -29.97, 'gy': -0.18, 'gz': 25.27}, {'t_us': 415614301, 'ax': -0.24, 'ay': -0.11, 'az': -0.28, 'gx': -26.32, 'gy': 2.06, 'gz': 14.73}, {'t_us': 415634316, 'ax': -0.58, 'ay': 0.18, 'az': -0.36, 'gx': -30.78, 'gy': 7.51, 'gz': 10.02}]",2026-02-18 09:44:07,0.0
"[{'t_us': 415658817, 'ax': -1.24, 'ay': 0.66, 'az': 0.02, 'gx': -52.93, 'gy': 11.95, 'gz': -8.85}, {'t_us': 415674300, 'ax': -1.84, 'ay': 0.95, 'az': 0.18, 'gx': -68.35, 'gy': 0.46, 'gz': -32.47}, {'t_us': 415694300, 'ax': -1.65, 'ay': 0.79, 'az': 0.29, 'gx': -52.11, 'gy': -28.26, 'gz': -33.16}, {'t_us': 415714296, 'ax': -1.16, 'ay': 0.13, 'az': 0.31, 'gx': -39.31, 'gy': -32.75, 'gz': -14.44}, {'t_us': 415734262, 'ax': -0.95, 'ay': -0.4, 'az': 0.51, 'gx': -44.44, 'gy': -9.1, 'gz': 1.77}]",2026-02-18 09:44:07,0.0
"[{'t_us': 415759030, 'ax': -0.74, 'ay': -0.74, 'az': 0.83, 'gx': -46.85, 'gy': 11.48, 'gz': 32.92}, {'t_us': 415774278, 'ax': -0.96, 'ay': -0.69, 'az': 0.76, 'gx': -55.65, 'gy': 43.68, 'gz': 56.29}, {'t_us': 415794262, 'ax': -1.41, 'ay': -0.2, 'az': 0.49, 'gx': -58.32, 'gy': 44.0, 'gz': 65.69}, {'t_us': 415814308, 'ax': -1.52, 'ay': 0.35, 'az': 0.29, 'gx': -45.27, 'gy': 31.34, 'gz': 61.69}, {'t_us': 415834303, 'ax': -1.46, 'ay': 0.61, 'az': 0.15, 'gx': -28.55, 'gy': 22.84, 'gz': 38.53}]",2026-02-18 09:44:08,0.0
"[{'t_us': 415859016, 'ax': -1.0, 'ay': 0.41, 'az': 0.13, 'gx': -26.34, 'gy': 21.01, 'gz': 17.83}, {'t_us': 415874262, 'ax': -0.77, 'ay': 0.29, 'az': 0.11, 'gx': -31.3, 'gy': 24.4, 'gz': 20.08}, {'t_us': 415894528, 'ax': -0.67, 'ay': 0.26, 'az': 0.14, 'gx': -49.21, 'gy': 23.56, 'gz': 23.76}, {'t_us': 415914288, 'ax': -0.7, 'ay': 0.3, 'az': 0.09, 'gx': -67.34, 'gy': 8.72, 'gz': 19.98}, {'t_us': 415934308, 'ax': -0.65, 'ay': 0.37, 'az': -0.06, 'gx': -76.52, 'gy': -9.3, 'gz': 10.12}]",2026-02-18 09:44:08,0.0
"[{'t_us': 415959179, 'ax': -0.51, 'ay': 0.39, 'az': -0.24, 'gx': -78.11, 'gy': -22.09, 'gz': -12.72}, {'t_us': 415974303, 'ax': -0.41, 'ay': 0.33, 'az': -0.3, 'gx': -73.88, 'gy': -21.27, 'gz': -28.02}, {'t_us': 415994321, 'ax': -0.29, 'ay': 0.18, 'az': -0.3, 'gx': -62.67, 'gy': -9.48, 'gz': -39.8}, {'t_us': 416014254, 'ax': -0.29, 'ay': -0.02, 'az': -0.36, 'gx': -45.91, 'gy': -0.98, 'gz': -44.79}, {'t_us': 416034255, 'ax': -0.49, 'ay': -0.32, 'az': -0.28, 'gx': -28.79, 'gy': 7.01, 'gz': -38.29}]",2026-02-18 09:44:08,0.0
"[{'t_us': 416059177, 'ax': -0.87, 'ay': -0.77, 'az': 0.04, 'gx': -25.18, 'gy': 10.84, 'gz': 8.35}, {'t_us': 416074271, 'ax': -1.11, 'ay': -0.82, 'az': 0.23, 'gx': -30.4, 'gy': 2.5, 'gz': 45.47}, {'t_us': 416094316, 'ax': -1.29, 'ay': -0.57, 'az': 0.36, 'gx': -44.15, 'gy': 15.47, 'gz': 61.77}, {'t_us': 416114320, 'ax': -1.36, 'ay': 0.3, 'az': 0.39, 'gx': -61.36, 'gy': 29.89, 'gz': 52.92}, {'t_us': 416134297, 'ax': -1.49, 'ay': 0.51, 'az': 0.37, 'gx': -47.13, 'gy': 26.87, 'gz': 24.61}]",2026-02-18 09:44:08,0.0
"[{'t_us': 416160554, 'ax': -1.52, 'ay': 0.62, 'az': 0.53, 'gx': -20.5, 'gy': 38.72, 'gz': -4.47}, {'t_us': 416174281, 'ax': -1.52, 'ay': 0.49, 'az': 0.51, 'gx': -30.7, 'gy': 44.99, 'gz': -13.07}, {'t_us': 416194288, 'ax': -1.59, 'ay': 0.13, 'az': 0.21, 'gx': -47.22, 'gy': 48.95, 'gz': -21.74}, {'t_us': 416214288, 'ax': -1.54, 'ay': -0.03, 'az': 0.14, 'gx': -66.79, 'gy': 28.37, 'gz': -21.6}, {'t_us': 416234321, 'ax': -1.2, 'ay': -0.23, 'az': 0.19, 'gx': -80.14, 'gy': 14.4, 'gz': -13.19}]",2026-02-18 09:44:08,0.0
"[{'t_us': 416260789, 'ax': -0.77, 'ay': -0.16, 'az': 0.15, 'gx': -77.47, 'gy': 38.05, 'gz': -6.27}, {'t_us': 416274312, 'ax': -0.68, 'ay': -0.1, 'az': 0.05, 'gx': -72.73, 'gy': 49.82, 'gz': -4.61}, {'t_us': 416294277, 'ax': -0.62, 'ay': -0.01, 'az': -0.03, 'gx': -67.53, 'gy': 55.42, 'gz': 0.52}, {'t_us': 416314303, 'ax': -0.67, 'ay': 0.09, 'az': -0.14, 'gx': -67.74, 'gy': 27.63, 'gz': 6.96}, {'t_us': 416334255, 'ax': -0.58, 'ay': 0.1, 'az': -0.13, 'gx': -75.53, 'gy': -5.6, 'gz': 16.38}]",2026-02-18 09:44:08,0.0
"[{'t_us': 416358965, 'ax': -0.34, 'ay': 0.01, 'az': -0.23, 'gx': -72.24, 'gy': -19.05, 'gz': 37.47}, {'t_us': 416374804, 'ax': -0.22, 'ay': -0.09, 'az': -0.09, 'gx': -69.69, 'gy': -22.24, 'gz': 44.17}, {'t_us': 416394255, 'ax': -0.03, 'ay': -0.04, 'az': -0.15, 'gx': -72.29, 'gy': -14.49, 'gz': 47.68}, {'t_us': 416414288, 'ax': -0.01, 'ay': 0.0, 'az': -0.39, 'gx': -68.18, 'gy': -0.63, 'gz': 52.78}, {'t_us': 416434317, 'ax': -0.47, 'ay': 0.1, 'az': -0.26, 'gx': -63.8, 'gy': 8.49, 'gz': 43.1}]",2026-02-18 09:44:08,0.0
"[{'t_us': 416460677, 'ax': -1.53, 'ay': 0.38, 'az': 0.28, 'gx': -66.2, 'gy': -28.72, 'gz': 10.6}, {'t_us': 416474310, 'ax': -2.0, 'ay': 0.6, 'az': 0.34, 'gx': -60.03, 'gy': -34.38, 'gz': -3.86}, {'t_us': 416494255, 'ax': -2.0, 'ay': 0.32, 'az': -0.03, 'gx': -58.08, 'gy': 56.55, 'gz': -11.91}, {'t_us': 416514300, 'ax': -1.42, 'ay': 0.0, 'az': 0.05, 'gx': -54.89, 'gy': -81.56, 'gz': -10.58}, {'t_us': 416534271, 'ax': -0.87, 'ay': -0.11, 'az': 0.33, 'gx': -36.06, 'gy': -41.88, 'gz': 8.2}]",2026-02-18 09:44:08,0.0
"[{'t_us': 416559131, 'ax': -0.9, 'ay': -0.17, 'az': 0.27, 'gx': -11.71, 'gy': 10.06, 'gz': 13.8}, {'t_us': 416574255, 'ax': -1.22, 'ay': -0.19, 'az': 0.29, 'gx': -6.08, 'gy': 26.64, 'gz': 15.71}, {'t_us': 416594308, 'ax': -1.51, 'ay': 0.03, 'az': 0.25, 'gx': -4.99, 'gy': 40.52, 'gz': 18.29}, {'t_us': 416614303, 'ax': -1.55, 'ay': 0.41, 'az': -0.04, 'gx': 3.24, 'gy': 24.93, 'gz': 3.94}, {'t_us': 416634296, 'ax': -1.26, 'ay': 0.39, 'az': 0.04, 'gx': 10.82, 'gy': 6.95, 'gz': -11.39}]",2026-02-18 09:44:08,0.0
"[{'t_us': 416658983, 'ax': -0.76, 'ay': 0.28, 'az': 0.19, 'gx': 0.4, 'gy': -8.61, 'gz': -10.23}, {'t_us': 416674308, 'ax': -0.53, 'ay': 0.28, 'az': 0.19, 'gx': -13.15, 'gy': -0.52, 'gz': -3.47}, {'t_us': 416694308, 'ax': -0.44, 'ay': 0.23, 'az': 0.1, 'gx': -27.44, 'gy': 4.82, 'gz': 2.55}, {'t_us': 416714303, 'ax': -0.38, 'ay': 0.27, 'az': 0.04, 'gx': -34.31, 'gy': 9.65, 'gz': 4.49}, {'t_us': 416734291, 'ax': -0.39, 'ay': 0.27, 'az': -0.03, 'gx': -34.11, 'gy': 4.9, 'gz': 0.82}]",2026-02-18 09:44:08,0.0
"[{'t_us': 416759013, 'ax': -0.38, 'ay': 0.17, 'az': -0.1, 'gx': -37.22, 'gy': -14.11, 'gz': -9.42}, {'t_us': 416774308, 'ax': -0.27, 'ay': 0.06, 'az': -0.09, 'gx': -33.71, 'gy': -16.14, 'gz': -13.08}, {'t_us': 416794277, 'ax': -0.39, 'ay': 0.02, 'az': -0.15, 'gx': -28.24, 'gy': -24.15, 'gz': -24.08}, {'t_us': 416814281, 'ax': -0.42, 'ay': 0.06, 'az': -0.2, 'gx': -27.07, 'gy': -11.79, 'gz': -36.46}, {'t_us': 416834271, 'ax': -0.54, 'ay': -0.02, 'az': -0.33, 'gx': -28.69, 'gy': -3.22, 'gz': -42.35}]",2026-02-18 09:44:09,0.0
"[{'t_us': 416860952, 'ax': -1.0, 'ay': -0.19, 'az': 0.04, 'gx': -18.17, 'gy': -2.92, 'gz': -16.34}, {'t_us': 416874296, 'ax': -1.42, 'ay': -0.33, 'az': 0.22, 'gx': -7.97, 'gy': -4.49, 'gz': 18.23}, {'t_us': 416894308, 'ax': -1.9, 'ay': -0.44, 'az': 0.19, 'gx': 3.05, 'gy': -11.15, 'gz': 54.95}, {'t_us': 416914303, 'ax': -1.7, 'ay': 0.25, 'az': 0.21, 'gx': -2.4, 'gy': -8.96, 'gz': 32.34}, {'t_us': 416934266, 'ax': -1.14, 'ay': 0.3, 'az': 0.35, 'gx': -13.16, 'gy': -20.93, 'gz': 5.16}]",2026-02-18 09:44:09,0.0
"[{'t_us': 416960667, 'ax': -1.15, 'ay': 0.49, 'az': 0.5, 'gx': -29.48, 'gy': 10.75, 'gz': -0.14}, {'t_us': 416974281, 'ax': -1.36, 'ay': 0.39, 'az': 0.5, 'gx': -29.44, 'gy': 32.63, 'gz': 1.18}, {'t_us': 416994344, 'ax': -1.57, 'ay': 0.35, 'az': 0.35, 'gx': -30.08, 'gy': 50.03, 'gz': -9.02}, {'t_us': 417014311, 'ax': -1.51, 'ay': 0.16, 'az': 0.19, 'gx': -48.61, 'gy': 50.53, 'gz': -16.35}, {'t_us': 417034281, 'ax': -1.35, 'ay': -0.08, 'az': -0.02, 'gx': -56.46, 'gy': 27.89, 'gz': -17.66}]",2026-02-18 09:44:09,0.0
"[{'t_us': 417058844, 'ax': -0.98, 'ay': -0.21, 'az': 0.06, 'gx': -48.61, 'gy': 14.38, 'gz': -15.21}, {'t_us': 417076187, 'ax': -0.77, 'ay': -0.22, 'az': 0.09, 'gx': -33.65, 'gy': 19.97, 'gz': -19.95}, {'t_us': 417094288, 'ax': -0.61, 'ay': -0.24, 'az': 0.01, 'gx': -17.8, 'gy': 27.18, 'gz': -23.68}, {'t_us': 417114308, 'ax': -0.42, 'ay': -0.15, 'az': -0.0, 'gx': -7.21, 'gy': 31.62, 'gz': -20.46}, {'t_us': 417134277, 'ax': -0.32, 'ay': -0.06, 'az': 0.05, 'gx': -12.53, 'gy': 31.76, 'gz': -15.04}]",2026-02-18 09:44:09,0.0
"[{'t_us': 417158854, 'ax': -0.17, 'ay': 0.01, 'az': -0.1, 'gx': -23.45, 'gy': 2.63, 'gz': 7.39}, {'t_us': 417174288, 'ax': -0.13, 'ay': -0.06, 'az': -0.13, 'gx': -21.25, 'gy': -14.44, 'gz': 24.18}, {'t_us': 417194308, 'ax': -0.12, 'ay': -0.06, 'az': -0.32, 'gx': -20.41, 'gy': -24.35, 'gz': 35.97}, {'t_us': 417214300, 'ax': -0.13, 'ay': -0.03, 'az': -0.43, 'gx': -22.18, 'gy': -31.47, 'gz': 53.47}, {'t_us': 417234300, 'ax': -0.48, 'ay': 0.15, 'az': -0.39, 'gx': -29.07, 'gy': -17.86, 'gz': 51.16}]",2026-02-18 09:44:09,0.0
"[{'t_us': 417258767, 'ax': -1.67, 'ay': 0.69, 'az': 0.3, 'gx': -44.6, 'gy': -2.95, 'gz': 3.36}, {'t_us': 417274262, 'ax': -2.0, 'ay': 1.09, 'az': 0.63, 'gx': -55.82, 'gy': -35.6, 'gz': -35.68}, {'t_us': 417294281, 'ax': -2.0, 'ay': 1.06, 'az': 0.4, 'gx': -73.66, 'gy': 19.21, 'gz': -43.5}, {'t_us': 417314308, 'ax': -1.32, 'ay': -0.15, 'az': -0.07, 'gx': -95.77, 'gy': -49.3, 'gz': -3.4}, {'t_us': 417334277, 'ax': -0.98, 'ay': -0.38, 'az': 0.16, 'gx': -83.59, 'gy': -22.44, 'gz': 29.74}]",2026-02-18 09:44:09,0.0
"[{'t_us': 417360760, 'ax': -1.13, 'ay': -0.65, 'az': 0.13, 'gx': -31.27, 'gy': 25.8, 'gz': 34.12}, {'t_us': 417374257, 'ax': -1.35, 'ay': -0.57, 'az': 0.16, 'gx': -14.02, 'gy': 37.3, 'gz': 38.14}, {'t_us': 417394316, 'ax': -1.62, 'ay': -0.32, 'az': 0.06, 'gx': -8.52, 'gy': 44.09, 'gz': 42.02}, {'t_us': 417414312, 'ax': -1.54, 'ay': 0.16, 'az': -0.04, 'gx': 0.15, 'gy': 25.92, 'gz': 31.89}, {'t_us': 417434296, 'ax': -1.3, 'ay': 0.37, 'az': -0.02, 'gx': 10.5, 'gy': 2.89, 'gz': 15.68}]",2026-02-18 09:44:09,0.0
"[{'t_us': 417459406, 'ax': -0.69, 'ay': 0.35, 'az': 0.22, 'gx': 19.1, 'gy': -2.84, 'gz': 2.89}, {'t_us': 417474294, 'ax': -0.52, 'ay': 0.28, 'az': 0.21, 'gx': 10.55, 'gy': 2.53, 'gz': 7.27}, {'t_us': 417494296, 'ax': -0.41, 'ay': 0.27, 'az': 0.12, 'gx': -15.05, 'gy': 5.42, 'gz': 13.37}, {'t_us': 417514288, 'ax': -0.29, 'ay': 0.25, 'az': -0.02, 'gx': -31.15, 'gy': 6.08, 'gz': 12.56}, {'t_us': 417534316, 'ax': -0.2, 'ay': 0.23, 'az': -0.11, 'gx': -36.11, 'gy': 3.71, 'gz': 0.9}]",2026-02-18 09:44:09,0.0
"[{'t_us': 417559374, 'ax': -0.23, 'ay': 0.17, 'az': -0.2, 'gx': -32.03, 'gy': -10.9, 'gz': -12.5}, {'t_us': 417574288, 'ax': -0.17, 'ay': 0.08, 'az': -0.24, 'gx': -22.64, 'gy': -16.34, 'gz': -23.59}, {'t_us': 417594291, 'ax': -0.15, 'ay': 0.02, 'az': -0.26, 'gx': -14.32, 'gy': -17.97, 'gz': -29.73}, {'t_us': 417614321, 'ax': -0.37, 'ay': -0.14, 'az': -0.42, 'gx': -9.6, 'gy': -9.92, 'gz': -33.76}, {'t_us': 417634255, 'ax': -0.61, 'ay': -0.34, 'az': -0.24, 'gx': -3.18, 'gy': 9.3, 'gz': -18.0}]",2026-02-18 09:44:09,0.0
"[{'t_us': 417662136, 'ax': -1.89, 'ay': -0.56, 'az': 0.47, 'gx': -0.21, 'gy': 8.72, 'gz': 59.22}, {'t_us': 417674288, 'ax': -2.0, 'ay': -0.7, 'az': 0.4, 'gx': 1.63, 'gy': 66.2, 'gz': 83.39}, {'t_us': 417694300, 'ax': -2.0, 'ay': 0.44, 'az': -0.32, 'gx': -12.17, 'gy': -12.17, 'gz': 50.5}, {'t_us': 417714300, 'ax': -1.55, 'ay': 0.47, 'az': -0.08, 'gx': -3.44, 'gy': -54.08, 'gz': 7.34}, {'t_us': 417734321, 'ax': -1.07, 'ay': 0.69, 'az': 0.34, 'gx': -0.27, 'gy': -30.75, 'gz': -1.16}]",2026-02-18 09:44:09,0.0
"[{'t_us': 417759376, 'ax': -1.32, 'ay': 0.8, 'az': 0.57, 'gx': -26.66, 'gy': 25.13, 'gz': -21.08}, {'t_us': 417774300, 'ax': -1.47, 'ay': 0.54, 'az': 0.42, 'gx': -46.58, 'gy': 28.95, 'gz': -30.66}, {'t_us': 417794255, 'ax': -1.44, 'ay': 0.2, 'az': 0.2, 'gx': -67.34, 'gy': 18.58, 'gz': -32.09}, {'t_us': 417814321, 'ax': -1.33, 'ay': -0.14, 'az': 0.1, 'gx': -71.39, 'gy': 5.31, 'gz': -26.7}, {'t_us': 417834301, 'ax': -1.1, 'ay': -0.38, 'az': 0.11, 'gx': -58.29, 'gy': 11.77, 'gz': -20.52}]",2026-02-18 09:44:10,0.0
"[{'t_us': 417859001, 'ax': -0.77, 'ay': -0.45, 'az': 0.05, 'gx': -24.63, 'gy': 27.19, 'gz': -20.24}, {'t_us': 417874316, 'ax': -0.59, 'ay': -0.4, 'az': 0.02, 'gx': -8.08, 'gy': 28.52, 'gz': -20.9}, {'t_us': 417894296, 'ax': -0.37, 'ay': -0.3, 'az': 0.03, 'gx': 1.54, 'gy': 24.47, 'gz': -15.07}, {'t_us': 417914296, 'ax': -0.22, 'ay': -0.2, 'az': 0.02, 'gx': -0.03, 'gy': 11.92, 'gz': -3.3}, {'t_us': 417934262, 'ax': -0.08, 'ay': -0.16, 'az': -0.1, 'gx': 2.6, 'gy': -2.98, 'gz': 15.16}]",2026-02-18 09:44:10,0.0
"[{'t_us': 417960818, 'ax': -0.03, 'ay': -0.15, 'az': -0.16, 'gx': 5.4, 'gy': -11.42, 'gz': 30.85}, {'t_us': 417974303, 'ax': -0.01, 'ay': -0.13, 'az': -0.33, 'gx': 2.78, 'gy': -19.76, 'gz': 42.67}, {'t_us': 417994300, 'ax': -0.08, 'ay': 0.04, 'az': -0.41, 'gx': -6.63, 'gy': -24.4, 'gz': 58.09}, {'t_us': 418014300, 'ax': -0.54, 'ay': 0.42, 'az': -0.33, 'gx': -21.98, 'gy': -7.1, 'gz': 53.18}, {'t_us': 418034277, 'ax': -1.65, 'ay': 0.9, 'az': 0.11, 'gx': -40.79, 'gy': -10.27, 'gz': 12.15}]",2026-02-18 09:44:10,0.0
"[{'t_us': 418061394, 'ax': -2.0, 'ay': 1.34, 'az': 0.54, 'gx': -51.95, 'gy': -23.63, 'gz': -76.02}, {'t_us': 418074272, 'ax': -1.6, 'ay': 0.94, 'az': 0.36, 'gx': -63.16, 'gy': 1.92, 'gz': -71.65}, {'t_us': 418094277, 'ax': -1.15, 'ay': -0.17, 'az': -0.12, 'gx': -79.54, 'gy': -48.0, 'gz': -26.0}, {'t_us': 418114303, 'ax': -0.95, 'ay': -0.45, 'az': 0.2, 'gx': -70.08, 'gy': -22.84, 'gz': 10.37}, {'t_us': 418134321, 'ax': -0.89, 'ay': -0.62, 'az': 0.24, 'gx': -58.08, 'gy': 12.95, 'gz': 28.73}]",2026-02-18 09:44:10,0.0
"[{'t_us': 418159123, 'ax': -1.23, 'ay': -0.5, 'az': 0.16, 'gx': -21.33, 'gy': 40.17, 'gz': 37.54}, {'t_us': 418175073, 'ax': -1.56, 'ay': -0.29, 'az': 0.07, 'gx': -6.14, 'gy': 47.94, 'gz': 38.56}, {'t_us': 418194300, 'ax': -1.75, 'ay': -0.01, 'az': -0.01, 'gx': 14.2, 'gy': 29.71, 'gz': 25.48}, {'t_us': 418214321, 'ax': -1.6, 'ay': 0.26, 'az': -0.05, 'gx': 35.36, 'gy': -3.88, 'gz': 11.77}, {'t_us': 418234262, 'ax': -1.12, 'ay': 0.36, 'az': 0.26, 'gx': 40.85, 'gy': -6.4, 'gz': -0.26}]",2026-02-18 09:44:10,0.0
"[{'t_us': 418258897, 'ax': -0.6, 'ay': 0.35, 'az': 0.29, 'gx': 20.27, 'gy': 6.95, 'gz': 2.11}, {'t_us': 418274312, 'ax': -0.44, 'ay': 0.28, 'az': 0.21, 'gx': 5.77, 'gy': 16.78, 'gz': 4.98}, {'t_us': 418294303, 'ax': -0.28, 'ay': 0.2, 'az': 0.12, 'gx': -5.95, 'gy': 24.53, 'gz': 4.49}, {'t_us': 418314303, 'ax': -0.18, 'ay': 0.16, 'az': 0.03, 'gx': -8.87, 'gy': 29.83, 'gz': 1.98}, {'t_us': 418334262, 'ax': -0.2, 'ay': 0.17, 'az': -0.08, 'gx': -8.37, 'gy': 27.28, 'gz': -4.52}]",2026-02-18 09:44:10,0.0
"[{'t_us': 418360469, 'ax': -0.31, 'ay': 0.19, 'az': -0.18, 'gx': -10.98, 'gy': -1.54, 'gz': -21.59}, {'t_us': 418374316, 'ax': -0.28, 'ay': 0.18, 'az': -0.25, 'gx': -12.11, 'gy': -21.08, 'gz': -34.47}, {'t_us': 418394319, 'ax': -0.26, 'ay': 0.15, 'az': -0.33, 'gx': -14.11, 'gy': -33.45, 'gz': -44.87}, {'t_us': 418414296, 'ax': -0.36, 'ay': 0.04, 'az': -0.39, 'gx': -14.46, 'gy': -26.93, 'gz': -50.5}, {'t_us': 418434296, 'ax': -0.65, 'ay': -0.14, 'az': -0.19, 'gx': -5.73, 'gy': -10.12, 'gz': -33.11}]",2026-02-18 09:44:10,0.0
"[{'t_us': 418459113, 'ax': -1.97, 'ay': -0.42, 'az': 0.59, 'gx': -0.81, 'gy': -28.47, 'gz': 24.61}, {'t_us': 418474277, 'ax': -2.0, 'ay': -0.99, 'az': 0.56, 'gx': 7.85, 'gy': 55.66, 'gz': 62.02}, {'t_us': 418494281, 'ax': -2.0, 'ay': 0.32, 'az': -0.28, 'gx': -10.11, 'gy': -4.15, 'gz': 30.38}, {'t_us': 418514308, 'ax': -1.28, 'ay': 0.42, 'az': 0.1, 'gx': -11.98, 'gy': -71.63, 'gz': -3.15}, {'t_us': 418534255, 'ax': -0.84, 'ay': 0.77, 'az': 0.49, 'gx': -9.77, 'gy': -26.09, 'gz': 3.88}]",2026-02-18 09:44:11,0.0
"[{'t_us': 418558688, 'ax': -1.19, 'ay': 0.75, 'az': 0.43, 'gx': -40.03, 'gy': 37.82, 'gz': -6.18}, {'t_us': 418574284, 'ax': -1.41, 'ay': 0.58, 'az': 0.32, 'gx': -56.02, 'gy': 41.74, 'gz': -16.84}, {'t_us': 418594300, 'ax': -1.49, 'ay': 0.26, 'az': 0.13, 'gx': -87.57, 'gy': 33.79, 'gz': -24.41}, {'t_us': 418614288, 'ax': -1.46, 'ay': -0.06, 'az': -0.1, 'gx': -95.04, 'gy': 9.69, 'gz': -18.27}, {'t_us': 418634308, 'ax': -1.16, 'ay': -0.38, 'az': 0.02, 'gx': -87.85, 'gy': 3.1, 'gz': -12.26}]",2026-02-18 09:44:11,0.0
"[{'t_us': 418659361, 'ax': -0.7, 'ay': -0.5, 'az': 0.05, 'gx': -59.31, 'gy': 13.3, 'gz': -4.47}, {'t_us': 418674288, 'ax': -0.45, 'ay': -0.35, 'az': 0.08, 'gx': -41.63, 'gy': 19.15, 'gz': -5.65}, {'t_us': 418694262, 'ax': -0.26, 'ay': -0.17, 'az': 0.08, 'gx': -25.33, 'gy': 24.95, 'gz': -7.1}, {'t_us': 418714308, 'ax': -0.21, 'ay': -0.09, 'az': 0.02, 'gx': -20.2, 'gy': 18.92, 'gz': -0.75}, {'t_us': 418734271, 'ax': -0.12, 'ay': -0.07, 'az': -0.09, 'gx': -17.6, 'gy': -3.1, 'gz': 13.07}]",2026-02-18 09:44:11,0.0
"[{'t_us': 418760815, 'ax': -0.1, 'ay': -0.05, 'az': -0.14, 'gx': -23.74, 'gy': -21.02, 'gz': 25.31}, {'t_us': 418774312, 'ax': -0.07, 'ay': -0.1, 'az': -0.23, 'gx': -27.6, 'gy': -25.94, 'gz': 31.42}, {'t_us': 418794271, 'ax': -0.18, 'ay': 0.01, 'az': -0.36, 'gx': -38.93, 'gy': -33.15, 'gz': 43.34}, {'t_us': 418814288, 'ax': -0.48, 'ay': 0.3, 'az': -0.38, 'gx': -62.15, 'gy': -13.73, 'gz': 44.09}, {'t_us': 418834291, 'ax': -1.43, 'ay': 0.9, 'az': 0.01, 'gx': -80.31, 'gy': 8.93, 'gz': 17.54}]",2026-02-18 09:44:11,0.0
"[{'t_us': 418860274, 'ax': -2.0, 'ay': 1.1, 'az': 0.37, 'gx': -85.56, 'gy': -32.66, 'gz': -48.14}, {'t_us': 418874262, 'ax': -1.89, 'ay': 0.98, 'az': 0.33, 'gx': -81.44, 'gy': -8.61, 'gz': -50.81}, {'t_us': 418894262, 'ax': -1.16, 'ay': 0.0, 'az': -0.08, 'gx': -95.33, 'gy': -59.56, 'gz': -32.38}, {'t_us': 418914262, 'ax': -0.82, 'ay': -0.46, 'az': 0.24, 'gx': -87.01, 'gy': -37.1, 'gz': -2.23}, {'t_us': 418934288, 'ax': -0.67, 'ay': -0.75, 'az': 0.39, 'gx': -74.76, 'gy': 3.31, 'gz': 21.54}]",2026-02-18 09:44:11,0.0
"[{'t_us': 418958987, 'ax': -1.09, 'ay': -0.68, 'az': 0.26, 'gx': -45.1, 'gy': 46.61, 'gz': 41.74}, {'t_us': 418974291, 'ax': -1.47, 'ay': -0.26, 'az': 0.2, 'gx': -30.72, 'gy': 54.29, 'gz': 43.27}, {'t_us': 418994273, 'ax': -1.7, 'ay': 0.23, 'az': 0.03, 'gx': -12.78, 'gy': 35.08, 'gz': 30.76}, {'t_us': 419014296, 'ax': -1.55, 'ay': 0.41, 'az': -0.03, 'gx': 9.98, 'gy': 6.95, 'gz': 13.54}, {'t_us': 419034277, 'ax': -1.2, 'ay': 0.44, 'az': 0.12, 'gx': 15.05, 'gy': 5.62, 'gz': -0.34}]",2026-02-18 09:44:11,0.0
"[{'t_us': 419060539, 'ax': -0.74, 'ay': 0.42, 'az': 0.3, 'gx': -7.25, 'gy': 6.26, 'gz': 3.92}, {'t_us': 419074277, 'ax': -0.55, 'ay': 0.39, 'az': 0.34, 'gx': -24.84, 'gy': 7.42, 'gz': 13.11}, {'t_us': 419094281, 'ax': -0.46, 'ay': 0.3, 'az': 0.24, 'gx': -47.5, 'gy': 5.1, 'gz': 15.82}, {'t_us': 419114308, 'ax': -0.44, 'ay': 0.25, 'az': 0.14, 'gx': -59.45, 'gy': 4.06, 'gz': 11.45}, {'t_us': 419134308, 'ax': -0.36, 'ay': 0.26, 'az': 0.07, 'gx': -65.24, 'gy': 6.52, 'gz': 0.5}]",2026-02-18 09:44:11,0.0
"[{'t_us': 419160428, 'ax': -0.3, 'ay': 0.22, 'az': -0.08, 'gx': -66.12, 'gy': 10.73, 'gz': -15.71}, {'t_us': 419174319, 'ax': -0.32, 'ay': 0.17, 'az': -0.16, 'gx': -64.61, 'gy': 7.95, 'gz': -22.4}, {'t_us': 419196819, 'ax': -0.33, 'ay': 0.08, 'az': -0.23, 'gx': -64.02, 'gy': -2.26, 'gz': -30.44}, {'t_us': 419214277, 'ax': -0.4, 'ay': -0.02, 'az': -0.35, 'gx': -58.69, 'gy': -5.6, 'gz': -30.7}, {'t_us': 419234277, 'ax': -0.57, 'ay': -0.2, 'az': -0.39, 'gx': -45.82, 'gy': -6.44, 'gz': -18.89}]",2026-02-18 09:44:11,0.0
"[{'t_us': 419258999, 'ax': -1.11, 'ay': -0.44, 'az': -0.06, 'gx': -35.39, 'gy': -0.5, 'gz': 17.5}, {'t_us': 419274309, 'ax': -1.63, 'ay': -0.55, 'az': 0.31, 'gx': -33.31, 'gy': -5.66, 'gz': 50.06}, {'t_us': 419294308, 'ax': -1.88, 'ay': -0.39, 'az': 0.23, 'gx': -35.36, 'gy': 23.59, 'gz': 57.4}, {'t_us': 419314277, 'ax': -1.73, 'ay': 0.3, 'az': -0.06, 'gx': -40.58, 'gy': -6.92, 'gz': 32.2}, {'t_us': 419334262, 'ax': -1.18, 'ay': 0.46, 'az': 0.23, 'gx': -27.6, 'gy': -20.2, 'gz': 13.16}]",2026-02-18 09:44:11,0.0
"[{'t_us': 419358984, 'ax': -1.16, 'ay': 0.77, 'az': 0.58, 'gx': -45.22, 'gy': 8.79, 'gz': 9.47}, {'t_us': 419374296, 'ax': -1.3, 'ay': 0.63, 'az': 0.56, 'gx': -63.8, 'gy': 27.76, 'gz': -0.32}, {'t_us': 419394498, 'ax': -1.41, 'ay': 0.39, 'az': 0.43, 'gx': -88.02, 'gy': 37.44, 'gz': -15.76}, {'t_us': 419414288, 'ax': -1.45, 'ay': 0.04, 'az': 0.16, 'gx': -99.44, 'gy': 41.44, 'gz': -22.61}, {'t_us': 419434308, 'ax': -1.33, 'ay': -0.24, 'az': -0.04, 'gx': -94.47, 'gy': 32.96, 'gz': -22.34}]",2026-02-18 09:44:11,0.0
"[{'t_us': 419459604, 'ax': -1.03, 'ay': -0.32, 'az': -0.02, 'gx': -78.12, 'gy': 27.66, 'gz': -14.41}, {'t_us': 419474321, 'ax': -0.85, 'ay': -0.23, 'az': 0.01, 'gx': -71.08, 'gy': 23.37, 'gz': -12.32}, {'t_us': 419494313, 'ax': -0.58, 'ay': -0.07, 'az': 0.08, 'gx': -62.99, 'gy': 22.47, 'gz': -6.49}, {'t_us': 419514255, 'ax': -0.42, 'ay': -0.02, 'az': 0.08, 'gx': -58.79, 'gy': 27.66, 'gz': -3.18}, {'t_us': 419534291, 'ax': -0.31, 'ay': -0.03, 'az': 0.07, 'gx': -57.71, 'gy': 27.39, 'gz': 1.88}]",2026-02-18 09:44:11,0.0
"[{'t_us': 419558675, 'ax': -0.16, 'ay': -0.05, 'az': -0.04, 'gx': -53.76, 'gy': 10.4, 'gz': 15.4}, {'t_us': 419574316, 'ax': -0.21, 'ay': -0.12, 'az': -0.09, 'gx': -47.47, 'gy': 3.11, 'gz': 20.69}, {'t_us': 419594312, 'ax': -0.31, 'ay': -0.16, 'az': -0.1, 'gx': -38.24, 'gy': -8.24, 'gz': 22.5}, {'t_us': 419614308, 'ax': -0.41, 'ay': -0.23, 'az': -0.28, 'gx': -31.16, 'gy': -15.08, 'gz': 19.94}, {'t_us': 419634321, 'ax': -0.68, 'ay': -0.15, 'az': -0.38, 'gx': -30.79, 'gy': -10.82, 'gz': 10.06}]",2026-02-18 09:44:11,0.0
"[{'t_us': 419659057, 'ax': -1.39, 'ay': 0.44, 'az': -0.07, 'gx': -35.4, 'gy': 5.86, 'gz': -15.25}, {'t_us': 419674315, 'ax': -1.73, 'ay': 0.65, 'az': 0.27, 'gx': -47.28, 'gy': -22.03, 'gz': -25.77}, {'t_us': 419694282, 'ax': -2.0, 'ay': 0.73, 'az': 0.32, 'gx': -42.89, 'gy': -35.33, 'gz': -24.05}, {'t_us': 419714308, 'ax': -1.5, 'ay': 0.4, 'az': 0.05, 'gx': -45.6, 'gy': -47.88, 'gz': -12.5}, {'t_us': 419734277, 'ax': -1.02, 'ay': -0.01, 'az': 0.19, 'gx': -58.09, 'gy': -51.94, 'gz': 1.25}]",2026-02-18 09:44:11,0.0
"[{'t_us': 419758865, 'ax': -0.8, 'ay': -0.48, 'az': 0.26, 'gx': -60.99, 'gy': -11.11, 'gz': 21.73}, {'t_us': 419774333, 'ax': -0.98, 'ay': -0.62, 'az': 0.24, 'gx': -45.56, 'gy': 21.47, 'gz': 38.72}, {'t_us': 419794277, 'ax': -1.43, 'ay': -0.35, 'az': 0.24, 'gx': -33.73, 'gy': 34.6, 'gz': 48.49}, {'t_us': 419814300, 'ax': -1.64, 'ay': -0.0, 'az': -0.04, 'gx': -18.98, 'gy': 20.79, 'gz': 44.84}, {'t_us': 419834308, 'ax': -1.47, 'ay': 0.26, 'az': -0.13, 'gx': -3.42, 'gy': 9.3, 'gz': 30.76}]",2026-02-18 09:44:12,0.0
"[{'t_us': 419860457, 'ax': -1.14, 'ay': 0.39, 'az': 0.05, 'gx': 3.36, 'gy': -5.66, 'gz': 16.92}, {'t_us': 419874309, 'ax': -0.92, 'ay': 0.4, 'az': 0.17, 'gx': -2.67, 'gy': -6.82, 'gz': 14.49}, {'t_us': 419894308, 'ax': -0.64, 'ay': 0.35, 'az': 0.23, 'gx': -21.63, 'gy': 0.15, 'gz': 21.19}, {'t_us': 419914291, 'ax': -0.48, 'ay': 0.19, 'az': 0.2, 'gx': -36.41, 'gy': 2.6, 'gz': 23.71}, {'t_us': 419934254, 'ax': -0.36, 'ay': 0.19, 'az': 0.21, 'gx': -47.24, 'gy': 13.8, 'gz': 21.27}]",2026-02-18 09:44:12,0.0
"[{'t_us': 419960502, 'ax': -0.33, 'ay': 0.15, 'az': 0.02, 'gx': -51.91, 'gy': 10.09, 'gz': 12.15}, {'t_us': 419974296, 'ax': -0.29, 'ay': 0.18, 'az': -0.1, 'gx': -54.53, 'gy': 3.65, 'gz': 5.3}, {'t_us': 419994262, 'ax': -0.3, 'ay': 0.23, 'az': -0.17, 'gx': -55.21, 'gy': -7.21, 'gz': -7.1}, {'t_us': 420014296, 'ax': -0.27, 'ay': 0.19, 'az': -0.26, 'gx': -51.63, 'gy': -17.13, 'gz': -18.79}, {'t_us': 420034312, 'ax': -0.24, 'ay': 0.06, 'az': -0.34, 'gx': -39.13, 'gy': -18.67, 'gz': -26.43}]",2026-02-18 09:44:12,0.0
"[{'t_us': 420058865, 'ax': -0.5, 'ay': -0.22, 'az': -0.37, 'gx': -18.43, 'gy': -13.47, 'gz': -24.02}, {'t_us': 420074281, 'ax': -0.87, 'ay': -0.39, 'az': -0.14, 'gx': -13.62, 'gy': -14.18, 'gz': -11.36}, {'t_us': 420094281, 'ax': -1.71, 'ay': -0.72, 'az': 0.29, 'gx': -2.98, 'gy': -14.52, 'gz': 31.4}, {'t_us': 420114300, 'ax': -2.0, 'ay': -0.87, 'az': 0.37, 'gx': -7.44, 'gy': 38.15, 'gz': 59.08}, {'t_us': 420134262, 'ax': -1.78, 'ay': 0.19, 'az': 0.05, 'gx': -27.76, 'gy': -37.71, 'gz': 40.08}]",2026-02-18 09:44:12,0.0
"[{'t_us': 420160434, 'ax': -1.08, 'ay': 0.36, 'az': 0.27, 'gx': 9.82, 'gy': -39.6, 'gz': 15.85}, {'t_us': 420174262, 'ax': -0.96, 'ay': 0.53, 'az': 0.53, 'gx': 15.27, 'gy': -9.07, 'gz': 11.37}, {'t_us': 420194271, 'ax': -1.03, 'ay': 0.67, 'az': 0.71, 'gx': -12.92, 'gy': 42.43, 'gz': -0.03}, {'t_us': 420214262, 'ax': -1.28, 'ay': 0.41, 'az': 0.44, 'gx': -41.25, 'gy': 60.37, 'gz': -14.66}, {'t_us': 420234308, 'ax': -1.42, 'ay': 0.21, 'az': 0.07, 'gx': -54.58, 'gy': 52.93, 'gz': -23.3}]",2026-02-18 09:44:12,0.0
"[{'t_us': 420259195, 'ax': -1.26, 'ay': 0.03, 'az': -0.07, 'gx': -66.35, 'gy': 28.0, 'gz': -22.5}, {'t_us': 420274284, 'ax': -1.07, 'ay': -0.11, 'az': 0.01, 'gx': -67.08, 'gy': 30.9, 'gz': -17.05}, {'t_us': 420294300, 'ax': -0.85, 'ay': -0.21, 'az': 0.03, 'gx': -60.17, 'gy': 41.33, 'gz': -14.96}, {'t_us': 420314318, 'ax': -0.69, 'ay': -0.21, 'az': 0.08, 'gx': -49.59, 'gy': 41.04, 'gz': -14.55}, {'t_us': 420334270, 'ax': -0.58, 'ay': -0.13, 'az': 0.05, 'gx': -47.44, 'gy': 24.08, 'gz': -10.06}]",2026-02-18 09:44:12,0.0
"[{'t_us': 420358926, 'ax': -0.52, 'ay': -0.21, 'az': -0.05, 'gx': -42.53, 'gy': 0.53, 'gz': 1.02}, {'t_us': 420374296, 'ax': -0.38, 'ay': -0.26, 'az': -0.11, 'gx': -32.72, 'gy': -8.38, 'gz': 13.54}, {'t_us': 420394277, 'ax': -0.27, 'ay': -0.31, 'az': -0.09, 'gx': -22.76, 'gy': -18.98, 'gz': 24.03}, {'t_us': 420414281, 'ax': -0.19, 'ay': -0.3, 'az': -0.15, 'gx': -13.77, 'gy': -20.53, 'gz': 32.06}, {'t_us': 420434318, 'ax': -0.21, 'ay': -0.17, 'az': -0.23, 'gx': -4.87, 'gy': -26.56, 'gz': 36.95}]",2026-02-18 09:44:12,0.0
"[{'t_us': 420460660, 'ax': -0.54, 'ay': 0.23, 'az': -0.1, 'gx': -16.24, 'gy': -14.85, 'gz': 31.89}, {'t_us': 420474308, 'ax': -1.02, 'ay': 0.56, 'az': 0.0, 'gx': -31.22, 'gy': -13.24, 'gz': 21.01}, {'t_us': 420494288, 'ax': -1.77, 'ay': 0.99, 'az': 0.31, 'gx': -46.46, 'gy': -32.79, 'gz': -13.83}, {'t_us': 420514288, 'ax': -1.75, 'ay': 1.06, 'az': 0.51, 'gx': -52.79, 'gy': -31.11, 'gz': -51.11}, {'t_us': 420534281, 'ax': -1.33, 'ay': 0.3, 'az': 0.21, 'gx': -50.08, 'gy': -22.84, 'gz': -43.48}]",2026-02-18 09:44:12,0.0
"[{'t_us': 420558890, 'ax': -1.1, 'ay': -0.28, 'az': 0.16, 'gx': -45.83, 'gy': -9.54, 'gz': -16.73}, {'t_us': 420574281, 'ax': -0.95, 'ay': -0.64, 'az': 0.31, 'gx': -43.94, 'gy': -6.85, 'gz': -3.54}, {'t_us': 420594291, 'ax': -1.0, 'ay': -0.86, 'az': 0.41, 'gx': -26.64, 'gy': 19.01, 'gz': 23.69}, {'t_us': 420614291, 'ax': -1.27, 'ay': -0.47, 'az': 0.3, 'gx': -21.31, 'gy': 54.11, 'gz': 44.95}, {'t_us': 420634312, 'ax': -1.52, 'ay': -0.06, 'az': 0.02, 'gx': -6.32, 'gy': 44.47, 'gz': 48.03}]",2026-02-18 09:44:12,0.0
"[{'t_us': 420660432, 'ax': -1.44, 'ay': 0.27, 'az': 0.03, 'gx': 11.18, 'gy': 31.77, 'gz': 34.78}, {'t_us': 420674300, 'ax': -1.27, 'ay': 0.29, 'az': 0.04, 'gx': 19.54, 'gy': 22.89, 'gz': 27.62}, {'t_us': 420694271, 'ax': -1.03, 'ay': 0.37, 'az': 0.16, 'gx': 24.4, 'gy': 17.56, 'gz': 21.08}, {'t_us': 420714277, 'ax': -0.8, 'ay': 0.29, 'az': 0.16, 'gx': 13.77, 'gy': 9.22, 'gz': 17.95}, {'t_us': 420734255, 'ax': -0.61, 'ay': 0.16, 'az': 0.14, 'gx': 1.16, 'gy': 13.66, 'gz': 12.02}]",2026-02-18 09:44:13,0.0
"[{'t_us': 420759208, 'ax': -0.53, 'ay': 0.25, 'az': 0.1, 'gx': -14.52, 'gy': 11.48, 'gz': -0.55}, {'t_us': 420774288, 'ax': -0.43, 'ay': 0.23, 'az': 0.06, 'gx': -22.92, 'gy': 0.09, 'gz': -7.21}, {'t_us': 420794282, 'ax': -0.26, 'ay': 0.14, 'az': 0.05, 'gx': -29.28, 'gy': -10.98, 'gz': -8.82}, {'t_us': 420814271, 'ax': -0.17, 'ay': 0.23, 'az': 0.04, 'gx': -36.9, 'gy': -9.44, 'gz': -7.21}, {'t_us': 420834300, 'ax': -0.15, 'ay': 0.23, 'az': -0.1, 'gx': -47.62, 'gy': -11.94, 'gz': -11.21}]",2026-02-18 09:44:13,0.0
"[{'t_us': 420858780, 'ax': -0.19, 'ay': 0.12, 'az': -0.24, 'gx': -49.36, 'gy': -30.4, 'gz': -14.21}, {'t_us': 420874315, 'ax': -0.37, 'ay': -0.03, 'az': -0.39, 'gx': -41.04, 'gy': -31.44, 'gz': -18.53}, {'t_us': 420894277, 'ax': -0.8, 'ay': -0.18, 'az': -0.29, 'gx': -21.53, 'gy': -17.45, 'gz': -18.21}, {'t_us': 420914303, 'ax': -1.76, 'ay': -0.48, 'az': -0.02, 'gx': -3.25, 'gy': -29.71, 'gz': 7.69}, {'t_us': 420934319, 'ax': -2.0, 'ay': -0.8, 'az': 0.36, 'gx': 23.01, 'gy': 10.49, 'gz': 32.9}]",2026-02-18 09:44:13,0.0
"[{'t_us': 420960965, 'ax': -1.81, 'ay': 0.32, 'az': -0.18, 'gx': -9.39, 'gy': -38.73, 'gz': 12.98}, {'t_us': 420974254, 'ax': -1.26, 'ay': 0.46, 'az': 0.09, 'gx': -16.41, 'gy': -50.9, 'gz': -0.12}, {'t_us': 420994291, 'ax': -0.75, 'ay': 0.58, 'az': 0.43, 'gx': -19.74, 'gy': -2.9, 'gz': 4.27}, {'t_us': 421014321, 'ax': -0.96, 'ay': 0.7, 'az': 0.42, 'gx': -33.82, 'gy': 31.05, 'gz': 11.01}, {'t_us': 421034299, 'ax': -1.24, 'ay': 0.5, 'az': 0.29, 'gx': -46.2, 'gy': 42.32, 'gz': -2.47}]",2026-02-18 09:44:13,0.0
"[{'t_us': 421060340, 'ax': -1.63, 'ay': 0.26, 'az': 0.06, 'gx': -77.45, 'gy': 38.44, 'gz': -13.28}, {'t_us': 421074308, 'ax': -1.58, 'ay': 0.07, 'az': -0.06, 'gx': -87.91, 'gy': 16.85, 'gz': -14.89}, {'t_us': 421094277, 'ax': -1.22, 'ay': -0.16, 'az': 0.08, 'gx': -92.69, 'gy': 5.66, 'gz': -13.04}, {'t_us': 421114325, 'ax': -0.9, 'ay': -0.2, 'az': 0.1, 'gx': -82.87, 'gy': 10.67, 'gz': -11.57}, {'t_us': 421134312, 'ax': -0.63, 'ay': -0.12, 'az': 0.12, 'gx': -69.8, 'gy': 16.14, 'gz': -13.24}]",2026-02-18 09:44:13,0.0
"[{'t_us': 421159110, 'ax': -0.43, 'ay': -0.05, 'az': 0.12, 'gx': -64.61, 'gy': 13.53, 'gz': -14.85}, {'t_us': 421174271, 'ax': -0.36, 'ay': -0.02, 'az': 0.1, 'gx': -63.8, 'gy': 9.18, 'gz': -13.47}, {'t_us': 421194296, 'ax': -0.28, 'ay': -0.05, 'az': 0.07, 'gx': -62.49, 'gy': 4.06, 'gz': -2.17}, {'t_us': 421214321, 'ax': -0.29, 'ay': -0.13, 'az': 0.0, 'gx': -59.97, 'gy': 1.63, 'gz': 11.13}, {'t_us': 421234277, 'ax': -0.29, 'ay': -0.29, 'az': -0.11, 'gx': -56.02, 'gy': -6.76, 'gz': 13.83}]",2026-02-18 09:44:13,0.0
"[{'t_us': 421261035, 'ax': -0.36, 'ay': -0.13, 'az': -0.09, 'gx': -58.27, 'gy': -6.52, 'gz': 14.53}, {'t_us': 421274296, 'ax': -0.51, 'ay': -0.1, 'az': -0.22, 'gx': -66.61, 'gy': -4.52, 'gz': 12.43}, {'t_us': 421294436, 'ax': -0.76, 'ay': 0.3, 'az': -0.19, 'gx': -79.98, 'gy': -7.57, 'gz': 12.53}, {'t_us': 421314277, 'ax': -1.2, 'ay': 0.82, 'az': 0.03, 'gx': -101.08, 'gy': 2.02, 'gz': -0.37}, {'t_us': 421334308, 'ax': -1.69, 'ay': 1.03, 'az': 0.11, 'gx': -110.35, 'gy': -28.09, 'gz': -25.91}]",2026-02-18 09:44:13,0.0
"[{'t_us': 421359254, 'ax': -1.24, 'ay': 0.46, 'az': 0.14, 'gx': -97.76, 'gy': -38.14, 'gz': -27.68}, {'t_us': 421374303, 'ax': -1.2, 'ay': 0.03, 'az': 0.12, 'gx': -91.94, 'gy': -26.66, 'gz': -15.91}, {'t_us': 421394315, 'ax': -1.01, 'ay': -0.66, 'az': 0.18, 'gx': -69.13, 'gy': -28.14, 'gz': -2.76}, {'t_us': 421414262, 'ax': -0.9, 'ay': -0.74, 'az': 0.49, 'gx': -50.2, 'gy': -10.38, 'gz': 18.81}, {'t_us': 421434271, 'ax': -1.16, 'ay': -0.48, 'az': 0.5, 'gx': -46.26, 'gy': 29.44, 'gz': 31.51}]",2026-02-18 09:44:13,0.0
"[{'t_us': 421460671, 'ax': -1.56, 'ay': 0.11, 'az': 0.34, 'gx': -44.79, 'gy': 23.08, 'gz': 40.4}, {'t_us': 421474277, 'ax': -1.55, 'ay': 0.29, 'az': 0.24, 'gx': -38.43, 'gy': 23.01, 'gz': 35.89}, {'t_us': 421494281, 'ax': -1.41, 'ay': 0.46, 'az': 0.26, 'gx': -34.63, 'gy': 17.77, 'gz': 27.57}, {'t_us': 421514308, 'ax': -1.1, 'ay': 0.42, 'az': 0.26, 'gx': -42.72, 'gy': 15.85, 'gz': 15.25}, {'t_us': 421534300, 'ax': -0.67, 'ay': 0.3, 'az': 0.23, 'gx': -60.6, 'gy': 20.89, 'gz': 17.77}]",2026-02-18 09:44:14,0.0
"[{'t_us': 421559228, 'ax': -0.52, 'ay': 0.19, 'az': 0.19, 'gx': -84.96, 'gy': 38.17, 'gz': 29.95}, {'t_us': 421574319, 'ax': -0.64, 'ay': 0.27, 'az': 0.14, 'gx': -102.31, 'gy': 35.85, 'gz': 26.27}, {'t_us': 421594291, 'ax': -0.7, 'ay': 0.4, 'az': 0.01, 'gx': -116.99, 'gy': 10.89, 'gz': 17.19}, {'t_us': 421614308, 'ax': -0.65, 'ay': 0.44, 'az': -0.15, 'gx': -120.63, 'gy': -12.38, 'gz': 4.7}, {'t_us': 421634277, 'ax': -0.43, 'ay': 0.42, 'az': -0.25, 'gx': -117.71, 'gy': -20.35, 'gz': -11.83}]",2026-02-18 09:44:14,0.0
"[{'t_us': 421661070, 'ax': -0.26, 'ay': 0.17, 'az': -0.3, 'gx': -103.53, 'gy': 3.27, 'gz': -31.1}, {'t_us': 421674303, 'ax': -0.23, 'ay': 0.04, 'az': -0.31, 'gx': -98.49, 'gy': 17.07, 'gz': -36.53}, {'t_us': 421694262, 'ax': -0.35, 'ay': -0.15, 'az': -0.23, 'gx': -95.39, 'gy': 30.72, 'gz': -23.62}, {'t_us': 421714291, 'ax': -0.75, 'ay': -0.31, 'az': 0.02, 'gx': -115.01, 'gy': 36.56, 'gz': 14.46}, {'t_us': 421734262, 'ax': -1.39, 'ay': -0.3, 'az': 0.19, 'gx': -132.09, 'gy': 11.33, 'gz': 55.71}]",2026-02-18 09:44:14,0.0
"[{'t_us': 421760547, 'ax': -2.0, 'ay': 0.06, 'az': -0.09, 'gx': -149.51, 'gy': 51.54, 'gz': 51.86}, {'t_us': 421774303, 'ax': -1.92, 'ay': 0.31, 'az': -0.36, 'gx': -150.37, 'gy': 17.1, 'gz': 16.05}, {'t_us': 421794255, 'ax': -1.21, 'ay': 0.19, 'az': -0.0, 'gx': -105.56, 'gy': -6.99, 'gz': -13.73}, {'t_us': 421814288, 'ax': -0.88, 'ay': 0.0, 'az': 0.16, 'gx': -77.59, 'gy': 16.35, 'gz': -18.06}, {'t_us': 421834300, 'ax': -0.98, 'ay': -0.13, 'az': 0.26, 'gx': -73.1, 'gy': 38.31, 'gz': -13.13}]",2026-02-18 09:44:14,0.0
"[{'t_us': 421859219, 'ax': -1.23, 'ay': -0.16, 'az': 0.24, 'gx': -74.46, 'gy': 31.88, 'gz': -13.47}, {'t_us': 421874316, 'ax': -1.35, 'ay': -0.13, 'az': 0.15, 'gx': -75.92, 'gy': 33.68, 'gz': -14.63}, {'t_us': 421894277, 'ax': -1.36, 'ay': -0.14, 'az': 0.05, 'gx': -73.27, 'gy': 19.44, 'gz': -17.39}, {'t_us': 421914303, 'ax': -1.18, 'ay': -0.22, 'az': 0.05, 'gx': -64.43, 'gy': 7.22, 'gz': -17.86}, {'t_us': 421934300, 'ax': -0.98, 'ay': -0.3, 'az': 0.06, 'gx': -46.37, 'gy': 14.72, 'gz': -16.27}]",2026-02-18 09:44:14,0.0
"[{'t_us': 421962447, 'ax': -0.76, 'ay': -0.29, 'az': 0.07, 'gx': -30.7, 'gy': 20.78, 'gz': -12.49}, {'t_us': 421974319, 'ax': -0.74, 'ay': -0.28, 'az': 0.08, 'gx': -29.48, 'gy': 16.87, 'gz': -7.53}, {'t_us': 421994312, 'ax': -0.66, 'ay': -0.22, 'az': 0.05, 'gx': -29.48, 'gy': 1.34, 'gz': 2.37}, {'t_us': 422014277, 'ax': -0.52, 'ay': -0.19, 'az': 0.0, 'gx': -29.91, 'gy': -12.98, 'gz': 16.67}, {'t_us': 422034254, 'ax': -0.43, 'ay': -0.19, 'az': -0.09, 'gx': -22.05, 'gy': -19.3, 'gz': 31.28}]",2026-02-18 09:44:14,0.0
"[{'t_us': 422059452, 'ax': -0.48, 'ay': -0.16, 'az': -0.1, 'gx': -7.97, 'gy': -22.98, 'gz': 28.99}, {'t_us': 422074275, 'ax': -0.44, 'ay': -0.15, 'az': -0.1, 'gx': -4.38, 'gy': -19.74, 'gz': 24.44}, {'t_us': 422094291, 'ax': -0.41, 'ay': -0.1, 'az': -0.23, 'gx': 1.33, 'gy': -26.9, 'gz': 17.53}, {'t_us': 422114271, 'ax': -0.49, 'ay': 0.13, 'az': -0.39, 'gx': -0.56, 'gy': -25.05, 'gz': 22.96}, {'t_us': 422134277, 'ax': -0.98, 'ay': 0.56, 'az': -0.16, 'gx': -9.16, 'gy': -33.45, 'gz': 15.51}]",2026-02-18 09:44:14,0.0
"[{'t_us': 422159147, 'ax': -1.75, 'ay': 0.79, 'az': 0.02, 'gx': -6.43, 'gy': -52.73, 'gz': -20.69}, {'t_us': 422174303, 'ax': -1.6, 'ay': 0.67, 'az': 0.14, 'gx': 0.15, 'gy': -37.21, 'gz': -39.98}, {'t_us': 422194312, 'ax': -1.38, 'ay': 0.05, 'az': 0.25, 'gx': -11.02, 'gy': -20.75, 'gz': -26.38}, {'t_us': 422214308, 'ax': -1.1, 'ay': -0.36, 'az': 0.42, 'gx': -14.49, 'gy': -42.92, 'gz': -6.26}, {'t_us': 422234279, 'ax': -0.77, 'ay': -0.54, 'az': 0.39, 'gx': -12.46, 'gy': -13.77, 'gz': 18.46}]",2026-02-18 09:44:14,0.0
"[{'t_us': 422261172, 'ax': -1.07, 'ay': -0.64, 'az': 0.17, 'gx': 20.92, 'gy': 29.65, 'gz': 37.31}, {'t_us': 422274752, 'ax': -1.35, 'ay': -0.47, 'az': 0.06, 'gx': 39.19, 'gy': 36.55, 'gz': 37.62}, {'t_us': 422294312, 'ax': -1.52, 'ay': -0.14, 'az': -0.02, 'gx': 63.05, 'gy': 40.69, 'gz': 29.69}, {'t_us': 422314277, 'ax': -1.52, 'ay': 0.19, 'az': 0.01, 'gx': 65.51, 'gy': 28.79, 'gz': 20.14}, {'t_us': 422334295, 'ax': -1.23, 'ay': 0.33, 'az': 0.06, 'gx': 53.13, 'gy': 14.78, 'gz': 15.05}]",2026-02-18 09:44:14,0.0
"[{'t_us': 422358888, 'ax': -0.79, 'ay': 0.4, 'az': 0.21, 'gx': 33.08, 'gy': 6.26, 'gz': 23.76}, {'t_us': 422374291, 'ax': -0.55, 'ay': 0.39, 'az': 0.27, 'gx': 22.24, 'gy': 9.5, 'gz': 30.11}, {'t_us': 422394255, 'ax': -0.44, 'ay': 0.31, 'az': 0.21, 'gx': 0.89, 'gy': 18.73, 'gz': 34.52}, {'t_us': 422414321, 'ax': -0.39, 'ay': 0.17, 'az': 0.08, 'gx': -10.52, 'gy': 14.63, 'gz': 29.16}, {'t_us': 422434281, 'ax': -0.39, 'ay': 0.08, 'az': -0.01, 'gx': -12.47, 'gy': 8.44, 'gz': 18.17}]",2026-02-18 09:44:14,0.0
"[{'t_us': 422458970, 'ax': -0.41, 'ay': 0.03, 'az': -0.13, 'gx': -6.35, 'gy': -4.08, 'gz': -5.37}, {'t_us': 422474259, 'ax': -0.44, 'ay': 0.03, 'az': -0.21, 'gx': 1.04, 'gy': -13.56, 'gz': -17.91}, {'t_us': 422494281, 'ax': -0.45, 'ay': 0.02, 'az': -0.34, 'gx': 13.47, 'gy': -14.89, 'gz': -31.74}, {'t_us': 422514281, 'ax': -0.58, 'ay': -0.16, 'az': -0.45, 'gx': 31.39, 'gy': -7.71, 'gz': -31.69}, {'t_us': 422534277, 'ax': -0.92, 'ay': -0.35, 'az': -0.24, 'gx': 46.26, 'gy': 0.21, 'gz': -15.98}]",2026-02-18 09:44:14,0.0
"[{'t_us': 422560726, 'ax': -1.59, 'ay': -0.54, 'az': 0.19, 'gx': 50.06, 'gy': -21.34, 'gz': 10.52}, {'t_us': 422574296, 'ax': -1.69, 'ay': -0.55, 'az': 0.2, 'gx': 46.9, 'gy': -21.74, 'gz': 11.51}, {'t_us': 422594296, 'ax': -1.41, 'ay': 0.0, 'az': -0.03, 'gx': 35.15, 'gy': -20.41, 'gz': 0.11}, {'t_us': 422614321, 'ax': -1.18, 'ay': 0.19, 'az': 0.09, 'gx': 34.85, 'gy': -23.76, 'gz': -15.79}, {'t_us': 422634308, 'ax': -1.0, 'ay': 0.29, 'az': 0.27, 'gx': 38.18, 'gy': -0.17, 'gz': -23.5}]",2026-02-18 09:44:14,0.0
"[{'t_us': 422660476, 'ax': -1.21, 'ay': 0.14, 'az': 0.28, 'gx': 25.74, 'gy': 25.28, 'gz': -24.93}, {'t_us': 422674266, 'ax': -1.4, 'ay': 0.09, 'az': 0.33, 'gx': 10.41, 'gy': 22.43, 'gz': -25.62}, {'t_us': 422694277, 'ax': -1.51, 'ay': -0.06, 'az': 0.28, 'gx': -17.27, 'gy': 24.12, 'gz': -19.71}, {'t_us': 422714303, 'ax': -1.47, 'ay': -0.14, 'az': 0.11, 'gx': -33.53, 'gy': 17.13, 'gz': -10.95}, {'t_us': 422734316, 'ax': -1.3, 'ay': -0.2, 'az': 0.18, 'gx': -32.5, 'gy': 5.57, 'gz': -8.15}]",2026-02-18 09:44:14,0.0
"[{'t_us': 422759124, 'ax': -0.96, 'ay': -0.25, 'az': 0.18, 'gx': -18.4, 'gy': 16.95, 'gz': -10.23}, {'t_us': 422776192, 'ax': -0.75, 'ay': -0.26, 'az': 0.14, 'gx': -10.66, 'gy': 27.83, 'gz': -13.3}, {'t_us': 422794312, 'ax': -0.62, 'ay': -0.27, 'az': 0.1, 'gx': -10.76, 'gy': 34.9, 'gz': -12.0}, {'t_us': 422814277, 'ax': -0.55, 'ay': -0.21, 'az': 0.06, 'gx': -14.76, 'gy': 31.08, 'gz': -7.98}, {'t_us': 422834309, 'ax': -0.51, 'ay': -0.16, 'az': -0.02, 'gx': -16.26, 'gy': 13.47, 'gz': -4.63}]",2026-02-18 09:44:15,0.0
"[{'t_us': 422860433, 'ax': -0.36, 'ay': -0.12, 'az': -0.06, 'gx': -10.82, 'gy': -14.34, 'gz': 9.34}, {'t_us': 422874447, 'ax': -0.29, 'ay': -0.1, 'az': -0.11, 'gx': -6.73, 'gy': -17.95, 'gz': 12.9}, {'t_us': 422894291, 'ax': -0.16, 'ay': -0.09, 'az': -0.18, 'gx': -4.99, 'gy': -15.94, 'gz': 23.5}, {'t_us': 422914321, 'ax': -0.21, 'ay': -0.03, 'az': -0.35, 'gx': -3.83, 'gy': -20.26, 'gz': 32.02}, {'t_us': 422934291, 'ax': -0.39, 'ay': 0.15, 'az': -0.32, 'gx': -7.86, 'gy': -16.96, 'gz': 36.47}]",2026-02-18 09:44:15,0.0
"[{'t_us': 422960458, 'ax': -1.31, 'ay': 0.48, 'az': -0.02, 'gx': -23.24, 'gy': -33.3, 'gz': 17.71}, {'t_us': 422974271, 'ax': -1.81, 'ay': 0.66, 'az': 0.25, 'gx': -23.74, 'gy': -60.81, 'gz': -9.1}, {'t_us': 422994300, 'ax': -1.74, 'ay': 0.7, 'az': 0.43, 'gx': -18.6, 'gy': -42.05, 'gz': -45.59}, {'t_us': 423014321, 'ax': -1.41, 'ay': 0.02, 'az': 0.17, 'gx': -22.09, 'gy': -20.81, 'gz': -42.27}, {'t_us': 423034323, 'ax': -1.02, 'ay': -0.28, 'az': 0.38, 'gx': -24.55, 'gy': -41.02, 'gz': -13.08}]",2026-02-18 09:44:15,0.0
"[{'t_us': 423058926, 'ax': -0.8, 'ay': -0.48, 'az': 0.42, 'gx': -20.98, 'gy': -11.04, 'gz': 15.33}, {'t_us': 423075269, 'ax': -0.97, 'ay': -0.49, 'az': 0.42, 'gx': -12.96, 'gy': 26.0, 'gz': 28.75}, {'t_us': 423094281, 'ax': -1.29, 'ay': -0.3, 'az': 0.27, 'gx': -9.69, 'gy': 38.92, 'gz': 37.3}, {'t_us': 423114308, 'ax': -1.52, 'ay': -0.09, 'az': 0.12, 'gx': -1.6, 'gy': 30.82, 'gz': 36.85}, {'t_us': 423134281, 'ax': -1.41, 'ay': 0.18, 'az': 0.14, 'gx': 9.4, 'gy': 8.63, 'gz': 29.3}]",2026-02-18 09:44:15,0.0
"[{'t_us': 423161003, 'ax': -1.03, 'ay': 0.27, 'az': 0.15, 'gx': 6.17, 'gy': 3.18, 'gz': 16.38}, {'t_us': 423174300, 'ax': -0.88, 'ay': 0.25, 'az': 0.18, 'gx': 5.08, 'gy': -0.2, 'gz': 17.66}, {'t_us': 423194271, 'ax': -0.67, 'ay': 0.25, 'az': 0.24, 'gx': -4.99, 'gy': 2.05, 'gz': 18.09}, {'t_us': 423214257, 'ax': -0.58, 'ay': 0.26, 'az': 0.23, 'gx': -22.89, 'gy': 17.1, 'gz': 19.36}, {'t_us': 423234290, 'ax': -0.57, 'ay': 0.29, 'az': 0.17, 'gx': -38.67, 'gy': 19.65, 'gz': 12.03}]",2026-02-18 09:44:15,0.0
"[{'t_us': 423260809, 'ax': -0.4, 'ay': 0.3, 'az': -0.04, 'gx': -42.05, 'gy': 9.79, 'gz': -10.95}, {'t_us': 423274288, 'ax': -0.32, 'ay': 0.26, 'az': -0.09, 'gx': -39.68, 'gy': 4.23, 'gz': -16.76}, {'t_us': 423294314, 'ax': -0.29, 'ay': 0.19, 'az': -0.15, 'gx': -34.17, 'gy': -7.77, 'gz': -22.95}, {'t_us': 423314288, 'ax': -0.29, 'ay': 0.09, 'az': -0.18, 'gx': -29.47, 'gy': -7.59, 'gz': -32.56}, {'t_us': 423334281, 'ax': -0.35, 'ay': -0.08, 'az': -0.28, 'gx': -27.79, 'gy': -11.48, 'gz': -38.98}]",2026-02-18 09:44:15,0.0
"[{'t_us': 423359085, 'ax': -0.65, 'ay': -0.45, 'az': -0.16, 'gx': -28.26, 'gy': -6.67, 'gz': -35.1}, {'t_us': 423374288, 'ax': -1.08, 'ay': -0.52, 'az': 0.07, 'gx': -31.88, 'gy': -13.69, 'gz': -11.39}, {'t_us': 423394300, 'ax': -1.76, 'ay': -0.67, 'az': 0.43, 'gx': -13.74, 'gy': -30.63, 'gz': 52.03}, {'t_us': 423414321, 'ax': -1.96, 'ay': -0.11, 'az': 0.04, 'gx': 4.21, 'gy': 26.09, 'gz': 58.72}, {'t_us': 423434291, 'ax': -1.62, 'ay': 0.33, 'az': -0.12, 'gx': -19.51, 'gy': -23.6, 'gz': 17.08}]",2026-02-18 09:44:15,0.0
"[{'t_us': 423458831, 'ax': -1.08, 'ay': 0.53, 'az': 0.29, 'gx': -12.9, 'gy': -12.66, 'gz': 6.14}, {'t_us': 423474262, 'ax': -1.07, 'ay': 0.65, 'az': 0.42, 'gx': -22.05, 'gy': 9.34, 'gz': -1.71}, {'t_us': 423494296, 'ax': -1.24, 'ay': 0.45, 'az': 0.4, 'gx': -43.73, 'gy': 27.53, 'gz': -7.13}, {'t_us': 423514321, 'ax': -1.33, 'ay': 0.31, 'az': 0.32, 'gx': -69.8, 'gy': 26.85, 'gz': -16.79}, {'t_us': 423534296, 'ax': -1.28, 'ay': 0.07, 'az': 0.13, 'gx': -86.76, 'gy': 22.53, 'gz': -20.35}]",2026-02-18 09:44:15,0.0
"[{'t_us': 423558686, 'ax': -1.12, 'ay': -0.15, 'az': 0.17, 'gx': -91.92, 'gy': 18.79, 'gz': -19.71}, {'t_us': 423574271, 'ax': -0.94, 'ay': -0.19, 'az': 0.21, 'gx': -95.3, 'gy': 26.52, 'gz': -17.53}, {'t_us': 423594271, 'ax': -0.76, 'ay': -0.21, 'az': 0.18, 'gx': -94.05, 'gy': 45.27, 'gz': -14.85}, {'t_us': 423614303, 'ax': -0.67, 'ay': -0.1, 'az': 0.13, 'gx': -87.07, 'gy': 40.08, 'gz': -12.79}, {'t_us': 423634300, 'ax': -0.57, 'ay': -0.01, 'az': 0.1, 'gx': -85.3, 'gy': 20.53, 'gz': -1.8}]",2026-02-18 09:44:15,0.0
"[{'t_us': 423661024, 'ax': -0.35, 'ay': -0.09, 'az': -0.03, 'gx': -75.71, 'gy': -1.07, 'gz': 23.05}, {'t_us': 423675534, 'ax': -0.32, 'ay': -0.11, 'az': -0.03, 'gx': -69.44, 'gy': 0.6, 'gz': 23.57}, {'t_us': 423694288, 'ax': -0.28, 'ay': -0.26, 'az': -0.06, 'gx': -60.11, 'gy': 6.09, 'gz': 18.66}, {'t_us': 423714300, 'ax': -0.23, 'ay': -0.32, 'az': -0.14, 'gx': -52.98, 'gy': 3.85, 'gz': 16.34}, {'t_us': 423734270, 'ax': -0.33, 'ay': -0.19, 'az': -0.33, 'gx': -46.0, 'gy': -7.71, 'gz': 20.85}]",2026-02-18 09:44:15,0.0
"[{'t_us': 423760375, 'ax': -0.95, 'ay': 0.31, 'az': -0.2, 'gx': -45.95, 'gy': 5.51, 'gz': 24.95}, {'t_us': 423774302, 'ax': -1.69, 'ay': 0.57, 'az': -0.07, 'gx': -52.5, 'gy': -26.43, 'gz': 6.69}, {'t_us': 423794307, 'ax': -2.0, 'ay': 0.63, 'az': 0.04, 'gx': -31.27, 'gy': -47.16, 'gz': -20.52}, {'t_us': 423814271, 'ax': -1.67, 'ay': 0.36, 'az': 0.14, 'gx': -13.02, 'gy': -32.6, 'gz': -27.74}, {'t_us': 423834296, 'ax': -1.28, 'ay': 0.16, 'az': 0.18, 'gx': -28.47, 'gy': -38.12, 'gz': -25.94}]",2026-02-18 09:44:16,0.0
"[{'t_us': 423858972, 'ax': -0.68, 'ay': -0.17, 'az': 0.29, 'gx': -41.82, 'gy': -30.15, 'gz': -2.26}, {'t_us': 423874272, 'ax': -0.66, 'ay': -0.2, 'az': 0.39, 'gx': -45.54, 'gy': 0.98, 'gz': 14.03}, {'t_us': 423894271, 'ax': -1.07, 'ay': -0.2, 'az': 0.46, 'gx': -52.26, 'gy': 22.18, 'gz': 25.19}, {'t_us': 423914303, 'ax': -1.29, 'ay': -0.17, 'az': 0.3, 'gx': -45.4, 'gy': 28.23, 'gz': 34.2}, {'t_us': 423934262, 'ax': -1.57, 'ay': 0.01, 'az': 0.03, 'gx': -27.86, 'gy': 20.09, 'gz': 23.51}]",2026-02-18 09:44:16,0.0
"[{'t_us': 423960982, 'ax': -1.43, 'ay': 0.09, 'az': -0.02, 'gx': -4.87, 'gy': 0.53, 'gz': 10.55}, {'t_us': 423974300, 'ax': -1.28, 'ay': 0.11, 'az': 0.07, 'gx': 0.09, 'gy': -3.07, 'gz': 3.95}, {'t_us': 423994312, 'ax': -0.99, 'ay': 0.12, 'az': 0.24, 'gx': -4.5, 'gy': -7.24, 'gz': 4.29}, {'t_us': 424014277, 'ax': -0.77, 'ay': 0.14, 'az': 0.29, 'gx': -16.38, 'gy': -5.54, 'gz': 9.18}, {'t_us': 424034303, 'ax': -0.65, 'ay': 0.14, 'az': 0.22, 'gx': -26.87, 'gy': -5.31, 'gz': 10.84}]",2026-02-18 09:44:16,0.0
"[{'t_us': 424060454, 'ax': -0.55, 'ay': 0.2, 'az': 0.11, 'gx': -33.66, 'gy': -2.08, 'gz': 4.37}, {'t_us': 424074268, 'ax': -0.48, 'ay': 0.2, 'az': 0.08, 'gx': -33.45, 'gy': -1.36, 'gz': -4.7}, {'t_us': 424094277, 'ax': -0.39, 'ay': 0.27, 'az': 0.02, 'gx': -32.75, 'gy': 1.76, 'gz': -16.32}, {'t_us': 424114255, 'ax': -0.34, 'ay': 0.26, 'az': -0.05, 'gx': -38.98, 'gy': -7.31, 'gz': -27.65}, {'t_us': 424134308, 'ax': -0.31, 'ay': 0.19, 'az': -0.07, 'gx': -43.37, 'gy': -6.14, 'gz': -27.77}]",2026-02-18 09:44:16,0.0
"[{'t_us': 424159144, 'ax': -0.31, 'ay': 0.03, 'az': -0.13, 'gx': -39.16, 'gy': -13.6, 'gz': -23.13}, {'t_us': 424174276, 'ax': -0.4, 'ay': 0.0, 'az': -0.2, 'gx': -36.03, 'gy': -13.25, 'gz': -26.5}, {'t_us': 424194271, 'ax': -0.52, 'ay': -0.16, 'az': -0.22, 'gx': -35.51, 'gy': -6.92, 'gz': -15.24}, {'t_us': 424214271, 'ax': -1.07, 'ay': -0.31, 'az': -0.09, 'gx': -30.96, 'gy': -14.37, 'gz': 14.14}, {'t_us': 424234301, 'ax': -1.68, 'ay': -0.42, 'az': 0.31, 'gx': -23.16, 'gy': -7.07, 'gz': 47.79}]",2026-02-18 09:44:16,0.0
"[{'t_us': 424260669, 'ax': -1.85, 'ay': 0.16, 'az': 0.18, 'gx': -46.03, 'gy': 6.11, 'gz': 32.29}, {'t_us': 424274288, 'ax': -1.52, 'ay': 0.25, 'az': -0.03, 'gx': -54.18, 'gy': -22.96, 'gz': 18.87}, {'t_us': 424294258, 'ax': -1.03, 'ay': 0.45, 'az': 0.35, 'gx': -53.6, 'gy': -18.38, 'gz': 20.87}, {'t_us': 424314308, 'ax': -1.01, 'ay': 0.59, 'az': 0.54, 'gx': -77.16, 'gy': 20.05, 'gz': 26.7}, {'t_us': 424334271, 'ax': -1.2, 'ay': 0.56, 'az': 0.43, 'gx': -107.08, 'gy': 48.03, 'gz': 26.53}]",2026-02-18 09:44:16,0.0
"[{'t_us': 424360839, 'ax': -1.48, 'ay': 0.26, 'az': 0.2, 'gx': -146.93, 'gy': 44.84, 'gz': 14.0}, {'t_us': 424374449, 'ax': -1.57, 'ay': 0.03, 'az': 0.04, 'gx': -149.6, 'gy': 36.56, 'gz': 9.37}, {'t_us': 424394312, 'ax': -1.45, 'ay': -0.12, 'az': -0.01, 'gx': -136.29, 'gy': 28.6, 'gz': 3.97}, {'t_us': 424414312, 'ax': -1.13, 'ay': -0.28, 'az': 0.12, 'gx': -124.06, 'gy': 32.58, 'gz': 4.31}, {'t_us': 424434316, 'ax': -0.9, 'ay': -0.2, 'az': 0.18, 'gx': -114.4, 'gy': 42.9, 'gz': 9.44}]",2026-02-18 09:44:16,0.0
"[{'t_us': 424459159, 'ax': -0.7, 'ay': -0.14, 'az': 0.11, 'gx': -107.94, 'gy': 34.61, 'gz': 17.82}, {'t_us': 424474296, 'ax': -0.62, 'ay': -0.1, 'az': 0.09, 'gx': -102.27, 'gy': 30.44, 'gz': 21.15}, {'t_us': 424494281, 'ax': -0.5, 'ay': -0.09, 'az': 0.01, 'gx': -94.11, 'gy': 18.02, 'gz': 27.37}, {'t_us': 424514296, 'ax': -0.38, 'ay': -0.14, 'az': -0.06, 'gx': -76.85, 'gy': 3.91, 'gz': 38.23}, {'t_us': 424534271, 'ax': -0.3, 'ay': -0.21, 'az': -0.12, 'gx': -61.79, 'gy': -8.26, 'gz': 41.95}]",2026-02-18 09:44:16,0.0
"[{'t_us': 424558766, 'ax': -0.22, 'ay': -0.28, 'az': -0.18, 'gx': -47.18, 'gy': -20.99, 'gz': 36.31}, {'t_us': 424574277, 'ax': -0.13, 'ay': -0.28, 'az': -0.24, 'gx': -40.26, 'gy': -22.34, 'gz': 34.85}, {'t_us': 424594281, 'ax': -0.17, 'ay': -0.14, 'az': -0.35, 'gx': -35.42, 'gy': -16.96, 'gz': 40.05}, {'t_us': 424614304, 'ax': -0.57, 'ay': 0.26, 'az': -0.35, 'gx': -45.13, 'gy': -1.05, 'gz': 36.72}, {'t_us': 424634312, 'ax': -1.17, 'ay': 0.59, 'az': -0.01, 'gx': -66.2, 'gy': -0.69, 'gz': 13.71}]",2026-02-18 09:44:16,
