samples,timestamp,label
"[{'t_us': 210860547, 'ax': -0.36, 'ay': -0.01, 'az': -0.13, 'gx': 62.78, 'gy': 29.91, 'gz': 15.89}, {'t_us': 210862511, 'ax': -0.36, 'ay': -0.01, 'az': -0.13, 'gx': 60.9, 'gy': 28.64, 'gz': 15.1}, {'t_us': 210874322, 'ax': -0.23, 'ay': 0.02, 'az': -0.16, 'gx': 51.98, 'gy': 16.73, 'gz': 11.92}, {'t_us': 210894262, 'ax': -0.08, 'ay': 0.05, 'az': -0.2, 'gx': 35.73, 'gy': -17.69, 'gz': 8.21}, {'t_us': 210914263, 'ax': -0.03, 'ay': 0.13, 'az': -0.25, 'gx': 16.52, 'gy': -61.85, 'gz': 0.66}]",2026-02-18 09:40:43,0.0
"[{'t_us': 210959153, 'ax': 0.13, 'ay': 0.17, 'az': -0.02, 'gx': -33.21, 'gy': -75.53, 'gz': -15.08}, {'t_us': 210974315, 'ax': 0.13, 'ay': 0.14, 'az': -0.04, 'gx': -50.67, 'gy': -58.03, 'gz': -17.31}, {'t_us': 210994299, 'ax': 0.01, 'ay': 0.14, 'az': -0.15, 'gx': -74.18, 'gy': -27.24, 'gz': -15.48}, {'t_us': 211014319, 'ax': -0.23, 'ay': 0.03, 'az': -0.42, 'gx': -87.83, 'gy': -6.47, 'gz': -3.94}, {'t_us': 211034276, 'ax': -0.96, 'ay': -0.13, 'az': -0.74, 'gx': -61.68, 'gy': 38.92, 'gz': 12.52}]",2026-02-18 09:40:43,0.0
"[{'t_us': 211059026, 'ax': -2.0, 'ay': 0.05, 'az': -1.68, 'gx': 48.67, 'gy': 234.14, 'gz': -7.08}, {'t_us': 211074319, 'ax': -1.73, 'ay': 0.13, 'az': -1.3, 'gx': -5.79, 'gy': 229.85, 'gz': -19.56}, {'t_us': 211094315, 'ax': -2.0, 'ay': -0.51, 'az': -0.17, 'gx': -155.54, 'gy': 70.55, 'gz': -100.61}, {'t_us': 211114281, 'ax': -2.0, 'ay': 0.28, 'az': -1.21, 'gx': -141.82, 'gy': -53.66, 'gz': -42.08}, {'t_us': 211134311, 'ax': -1.98, 'ay': 0.2, 'az': -1.1, 'gx': -99.57, 'gy': -125.89, 'gz': -31.63}]",2026-02-18 09:40:43,0.0
"[{'t_us': 211160736, 'ax': -1.26, 'ay': 0.05, 'az': -0.84, 'gx': -95.24, 'gy': -82.11, 'gz': -25.02}, {'t_us': 211174255, 'ax': -1.24, 'ay': 0.11, 'az': -0.67, 'gx': -107.86, 'gy': 3.05, 'gz': -33.68}, {'t_us': 211194308, 'ax': -1.25, 'ay': -0.0, 'az': -0.72, 'gx': -121.69, 'gy': 9.28, 'gz': -46.2}, {'t_us': 211214256, 'ax': -0.96, 'ay': 0.01, 'az': -0.61, 'gx': -122.67, 'gy': -0.7, 'gz': -53.13}, {'t_us': 211234304, 'ax': -0.65, 'ay': -0.09, 'az': -0.44, 'gx': -114.58, 'gy': 6.18, 'gz': -55.74}]",2026-02-18 09:40:43,0.0
"[{'t_us': 211260397, 'ax': -0.29, 'ay': -0.1, 'az': -0.28, 'gx': -114.24, 'gy': 0.81, 'gz': -54.03}, {'t_us': 211274276, 'ax': -0.26, 'ay': -0.11, 'az': -0.22, 'gx': -111.65, 'gy': -24.84, 'gz': -51.01}, {'t_us': 211294271, 'ax': -0.1, 'ay': -0.07, 'az': -0.06, 'gx': -110.05, 'gy': -48.14, 'gz': -46.56}, {'t_us': 211314305, 'ax': 0.05, 'ay': -0.15, 'az': -0.21, 'gx': -94.15, 'gy': -49.6, 'gz': -42.82}, {'t_us': 211334304, 'ax': 0.15, 'ay': -0.16, 'az': -0.3, 'gx': -71.24, 'gy': -48.32, 'gz': -40.12}]",2026-02-18 09:40:43,0.0
"[{'t_us': 211359176, 'ax': 0.21, 'ay': -0.12, 'az': -0.34, 'gx': -48.63, 'gy': -48.41, 'gz': -34.82}, {'t_us': 211374311, 'ax': 0.22, 'ay': -0.06, 'az': -0.36, 'gx': -41.31, 'gy': -61.27, 'gz': -28.7}, {'t_us': 211394308, 'ax': 0.18, 'ay': -0.01, 'az': -0.34, 'gx': -28.85, 'gy': -51.74, 'gz': -24.11}, {'t_us': 211414296, 'ax': -0.05, 'ay': -0.1, 'az': -0.47, 'gx': -30.79, 'gy': -31.37, 'gz': -18.03}, {'t_us': 211434315, 'ax': -0.4, 'ay': -0.23, 'az': -0.79, 'gx': -40.03, 'gy': -4.64, 'gz': 0.56}]",2026-02-18 09:40:43,0.0
"[{'t_us': 211460674, 'ax': -1.51, 'ay': -0.48, 'az': -0.86, 'gx': -17.63, 'gy': 76.64, 'gz': 33.51}, {'t_us': 211475628, 'ax': -1.98, 'ay': -0.53, 'az': -0.64, 'gx': 10.84, 'gy': 57.76, 'gz': 31.13}, {'t_us': 211494291, 'ax': -1.95, 'ay': -0.74, 'az': -0.61, 'gx': 12.87, 'gy': 54.66, 'gz': -1.63}, {'t_us': 211514311, 'ax': -1.5, 'ay': -0.49, 'az': -1.28, 'gx': 18.5, 'gy': 22.26, 'gz': 1.16}, {'t_us': 211534320, 'ax': -1.69, 'ay': -0.11, 'az': -0.87, 'gx': 1.15, 'gy': -34.03, 'gz': -19.73}]",2026-02-18 09:40:43,0.0
"[{'t_us': 211558829, 'ax': -1.62, 'ay': -0.18, 'az': -0.85, 'gx': 8.96, 'gy': -23.88, 'gz': -10.09}, {'t_us': 211574281, 'ax': -1.56, 'ay': -0.4, 'az': -0.64, 'gx': 18.98, 'gy': -20.49, 'gz': -2.35}, {'t_us': 211594281, 'ax': -1.49, 'ay': -0.63, 'az': -0.6, 'gx': 35.05, 'gy': 16.47, 'gz': 4.05}, {'t_us': 211614304, 'ax': -1.38, 'ay': -0.64, 'az': -0.56, 'gx': 42.89, 'gy': 27.5, 'gz': 10.12}, {'t_us': 211634288, 'ax': -1.24, 'ay': -0.41, 'az': -0.46, 'gx': 40.29, 'gy': 33.95, 'gz': 16.21}]",2026-02-18 09:40:43,0.0
"[{'t_us': 211660645, 'ax': -1.03, 'ay': -0.2, 'az': -0.36, 'gx': 45.33, 'gy': 37.47, 'gz': 17.36}, {'t_us': 211674290, 'ax': -0.91, 'ay': -0.11, 'az': -0.27, 'gx': 45.63, 'gy': 30.46, 'gz': 19.33}, {'t_us': 211694276, 'ax': -0.73, 'ay': -0.07, 'az': -0.19, 'gx': 40.2, 'gy': 14.32, 'gz': 22.27}, {'t_us': 211714276, 'ax': -0.57, 'ay': -0.0, 'az': -0.16, 'gx': 33.36, 'gy': 8.15, 'gz': 22.4}, {'t_us': 211734276, 'ax': -0.43, 'ay': 0.02, 'az': -0.15, 'gx': 25.28, 'gy': -12.56, 'gz': 17.1}]",2026-02-18 09:40:43,0.0
"[{'t_us': 211760442, 'ax': -0.24, 'ay': 0.03, 'az': -0.19, 'gx': 6.11, 'gy': -42.84, 'gz': 6.37}, {'t_us': 211774303, 'ax': -0.12, 'ay': 0.07, 'az': -0.2, 'gx': -2.38, 'gy': -58.27, 'gz': 0.82}, {'t_us': 211794255, 'ax': -0.03, 'ay': 0.06, 'az': -0.16, 'gx': -16.27, 'gy': -81.48, 'gz': -10.27}, {'t_us': 211814301, 'ax': 0.1, 'ay': 0.02, 'az': -0.14, 'gx': -32.11, 'gy': -95.04, 'gz': -17.59}, {'t_us': 211834291, 'ax': 0.16, 'ay': -0.01, 'az': -0.19, 'gx': -44.76, 'gy': -96.24, 'gz': -20.23}]",2026-02-18 09:40:44,0.0
"[{'t_us': 211858868, 'ax': 0.1, 'ay': 0.04, 'az': -0.21, 'gx': -56.2, 'gy': -74.89, 'gz': -20.32}, {'t_us': 211874308, 'ax': -0.0, 'ay': 0.05, 'az': -0.25, 'gx': -70.47, 'gy': -56.43, 'gz': -24.09}, {'t_us': 211894296, 'ax': -0.29, 'ay': -0.06, 'az': -0.43, 'gx': -102.03, 'gy': -20.69, 'gz': -26.55}, {'t_us': 211914296, 'ax': -0.98, 'ay': -0.16, 'az': -1.02, 'gx': -80.23, 'gy': 60.47, 'gz': -30.69}, {'t_us': 211934281, 'ax': -1.46, 'ay': 0.1, 'az': -1.33, 'gx': -6.2, 'gy': 128.37, 'gz': -25.01}]",2026-02-18 09:40:44,0.0
"[{'t_us': 211959009, 'ax': -1.29, 'ay': 0.09, 'az': -0.6, 'gx': -11.98, 'gy': 196.5, 'gz': -8.76}, {'t_us': 211974276, 'ax': -2.0, 'ay': 0.12, 'az': 0.23, 'gx': -84.52, 'gy': 140.63, 'gz': -31.6}, {'t_us': 211994263, 'ax': -1.28, 'ay': 0.08, 'az': -1.09, 'gx': -165.13, 'gy': 64.41, 'gz': -46.5}, {'t_us': 212014271, 'ax': -2.0, 'ay': -0.03, 'az': -1.58, 'gx': -109.83, 'gy': -38.55, 'gz': -16.78}, {'t_us': 212034295, 'ax': -1.62, 'ay': -0.09, 'az': -1.18, 'gx': -69.69, 'gy': -155.24, 'gz': -8.9}]",2026-02-18 09:40:44,0.0
"[{'t_us': 212060645, 'ax': -1.31, 'ay': -0.05, 'az': -0.52, 'gx': -94.37, 'gy': -19.98, 'gz': -17.77}, {'t_us': 212074282, 'ax': -1.5, 'ay': 0.03, 'az': -0.53, 'gx': -113.02, 'gy': 28.35, 'gz': -28.85}, {'t_us': 212094324, 'ax': -1.54, 'ay': 0.15, 'az': -0.71, 'gx': -125.89, 'gy': 10.73, 'gz': -39.65}, {'t_us': 212114319, 'ax': -1.33, 'ay': 0.13, 'az': -0.64, 'gx': -127.39, 'gy': -13.51, 'gz': -57.31}, {'t_us': 212134299, 'ax': -0.98, 'ay': 0.03, 'az': -0.41, 'gx': -131.82, 'gy': -1.62, 'gz': -63.56}]",2026-02-18 09:40:44,0.0
"[{'t_us': 212158834, 'ax': -0.66, 'ay': 0.05, 'az': -0.43, 'gx': -130.34, 'gy': 18.08, 'gz': -59.04}, {'t_us': 212174296, 'ax': -0.54, 'ay': 0.05, 'az': -0.42, 'gx': -125.24, 'gy': -3.83, 'gz': -54.43}, {'t_us': 212194304, 'ax': -0.32, 'ay': 0.0, 'az': -0.21, 'gx': -118.11, 'gy': -41.89, 'gz': -52.29}, {'t_us': 212214304, 'ax': -0.13, 'ay': -0.1, 'az': -0.15, 'gx': -119.5, 'gy': -55.77, 'gz': -53.8}, {'t_us': 212234290, 'ax': 0.08, 'ay': -0.08, 'az': -0.31, 'gx': -117.59, 'gy': -52.64, 'gz': -54.73}]",2026-02-18 09:40:44,0.0
"[{'t_us': 212259037, 'ax': 0.14, 'ay': -0.09, 'az': -0.36, 'gx': -105.71, 'gy': -32.44, 'gz': -52.79}, {'t_us': 212274296, 'ax': 0.21, 'ay': -0.09, 'az': -0.36, 'gx': -98.98, 'gy': -38.4, 'gz': -48.08}, {'t_us': 212294311, 'ax': 0.25, 'ay': -0.07, 'az': -0.36, 'gx': -81.74, 'gy': -43.74, 'gz': -41.92}, {'t_us': 212314289, 'ax': 0.25, 'ay': 0.0, 'az': -0.35, 'gx': -60.15, 'gy': -51.77, 'gz': -32.64}, {'t_us': 212334281, 'ax': 0.04, 'ay': -0.11, 'az': -0.59, 'gx': -45.82, 'gy': -37.34, 'gz': -24.55}]",2026-02-18 09:40:44,0.0
"[{'t_us': 212358834, 'ax': -0.58, 'ay': -0.31, 'az': -0.99, 'gx': -41.4, 'gy': -17.66, 'gz': -11.08}, {'t_us': 212374316, 'ax': -1.41, 'ay': -0.5, 'az': -0.68, 'gx': -26.34, 'gy': 114.53, 'gz': 23.57}, {'t_us': 212394281, 'ax': -2.0, 'ay': -0.43, 'az': -0.79, 'gx': -21.85, 'gy': 136.67, 'gz': 18.29}, {'t_us': 212414304, 'ax': -2.0, 'ay': -0.5, 'az': -0.63, 'gx': 15.34, 'gy': 67.57, 'gz': -17.11}, {'t_us': 212434324, 'ax': -1.5, 'ay': -0.49, 'az': -0.82, 'gx': 5.68, 'gy': 43.59, 'gz': 2.44}]",2026-02-18 09:40:44,0.0
"[{'t_us': 212460617, 'ax': -1.7, 'ay': -0.17, 'az': -0.82, 'gx': -4.89, 'gy': -35.34, 'gz': 0.76}, {'t_us': 212474315, 'ax': -1.58, 'ay': -0.24, 'az': -0.84, 'gx': 4.46, 'gy': -29.39, 'gz': 3.13}, {'t_us': 212494304, 'ax': -1.4, 'ay': -0.33, 'az': -0.67, 'gx': 17.19, 'gy': -14.82, 'gz': 3.04}, {'t_us': 212514304, 'ax': -1.21, 'ay': -0.45, 'az': -0.53, 'gx': 23.11, 'gy': 17.44, 'gz': 5.19}, {'t_us': 212534274, 'ax': -1.01, 'ay': -0.41, 'az': -0.54, 'gx': 23.4, 'gy': 50.95, 'gz': 12.7}]",2026-02-18 09:40:45,0.0
"[{'t_us': 212560721, 'ax': -0.95, 'ay': -0.13, 'az': -0.47, 'gx': 22.93, 'gy': 55.95, 'gz': 10.75}, {'t_us': 212574309, 'ax': -0.88, 'ay': -0.04, 'az': -0.41, 'gx': 20.35, 'gy': 51.6, 'gz': 6.56}, {'t_us': 212594276, 'ax': -0.76, 'ay': 0.0, 'az': -0.37, 'gx': 12.11, 'gy': 31.76, 'gz': -0.73}, {'t_us': 212614277, 'ax': -0.52, 'ay': 0.01, 'az': -0.29, 'gx': 9.19, 'gy': -11.24, 'gz': -5.36}, {'t_us': 212634299, 'ax': -0.31, 'ay': -0.03, 'az': -0.19, 'gx': 4.12, 'gy': -31.33, 'gz': -6.4}]",2026-02-18 09:40:45,0.0
"[{'t_us': 212659632, 'ax': -0.09, 'ay': -0.04, 'az': -0.2, 'gx': -2.64, 'gy': -49.21, 'gz': -5.53}, {'t_us': 212674291, 'ax': 0.0, 'ay': 0.02, 'az': -0.16, 'gx': -6.58, 'gy': -56.11, 'gz': -4.14}, {'t_us': 212694311, 'ax': 0.01, 'ay': 0.07, 'az': -0.1, 'gx': -17.66, 'gy': -54.9, 'gz': -6.84}, {'t_us': 212714276, 'ax': -0.02, 'ay': 0.08, 'az': -0.05, 'gx': -36.95, 'gy': -36.79, 'gz': -13.65}, {'t_us': 212734271, 'ax': -0.07, 'ay': 0.07, 'az': -0.1, 'gx': -61.45, 'gy': -18.17, 'gz': -17.92}]",2026-02-18 09:40:45,0.0
"[{'t_us': 212761195, 'ax': -0.23, 'ay': 0.14, 'az': -0.26, 'gx': -89.42, 'gy': 3.34, 'gz': -24.5}, {'t_us': 212774308, 'ax': -0.33, 'ay': 0.02, 'az': -0.52, 'gx': -100.69, 'gy': 36.37, 'gz': -18.56}, {'t_us': 212794276, 'ax': -1.36, 'ay': -0.22, 'az': -1.45, 'gx': -56.38, 'gy': 84.12, 'gz': -9.07}, {'t_us': 212814304, 'ax': -2.0, 'ay': 0.13, 'az': -1.75, 'gx': 23.1, 'gy': 133.21, 'gz': -13.5}, {'t_us': 212834319, 'ax': -2.0, 'ay': -0.38, 'az': -0.28, 'gx': -5.76, 'gy': 8.82, 'gz': -50.0}]",2026-02-18 09:40:45,0.0
"[{'t_us': 212860448, 'ax': -1.04, 'ay': -0.1, 'az': -0.87, 'gx': -101.68, 'gy': -66.0, 'gz': -11.57}, {'t_us': 212874262, 'ax': -1.72, 'ay': 0.36, 'az': -0.89, 'gx': -76.29, 'gy': -52.58, 'gz': -3.5}, {'t_us': 212894291, 'ax': -1.67, 'ay': 0.08, 'az': -0.74, 'gx': -63.11, 'gy': -97.51, 'gz': -11.19}, {'t_us': 212914311, 'ax': -1.26, 'ay': -0.16, 'az': -0.67, 'gx': -58.11, 'gy': -16.26, 'gz': -10.27}, {'t_us': 212934271, 'ax': -1.14, 'ay': 0.02, 'az': -0.76, 'gx': -57.82, 'gy': 46.34, 'gz': -3.31}]",2026-02-18 09:40:45,0.0
"[{'t_us': 212961439, 'ax': -1.16, 'ay': 0.05, 'az': -0.49, 'gx': -64.0, 'gy': 24.52, 'gz': -11.31}, {'t_us': 212974255, 'ax': -1.03, 'ay': 0.0, 'az': -0.42, 'gx': -64.32, 'gy': 16.24, 'gz': -18.06}, {'t_us': 212994304, 'ax': -0.84, 'ay': -0.13, 'az': -0.42, 'gx': -56.37, 'gy': 3.69, 'gz': -25.59}, {'t_us': 213014589, 'ax': -0.61, 'ay': -0.24, 'az': -0.29, 'gx': -50.29, 'gy': -20.43, 'gz': -26.7}, {'t_us': 213034308, 'ax': -0.37, 'ay': -0.26, 'az': -0.26, 'gx': -41.25, 'gy': -39.8, 'gz': -20.76}]",2026-02-18 09:40:45,0.0
"[{'t_us': 213060812, 'ax': -0.02, 'ay': -0.15, 'az': -0.37, 'gx': -16.78, 'gy': -19.97, 'gz': -9.73}, {'t_us': 213076004, 'ax': 0.06, 'ay': -0.13, 'az': -0.43, 'gx': 2.98, 'gy': -17.79, 'gz': -3.08}, {'t_us': 213094296, 'ax': 0.1, 'ay': -0.14, 'az': -0.41, 'gx': 25.98, 'gy': -29.68, 'gz': 1.19}, {'t_us': 213114319, 'ax': 0.17, 'ay': -0.15, 'az': -0.41, 'gx': 46.06, 'gy': -33.59, 'gz': 7.98}, {'t_us': 213134259, 'ax': 0.08, 'ay': -0.06, 'az': -0.53, 'gx': 66.4, 'gy': -35.5, 'gz': 14.24}]",2026-02-18 09:40:45,0.0
"[{'t_us': 213159440, 'ax': -0.17, 'ay': -0.14, 'az': -0.73, 'gx': 68.56, 'gy': -57.57, 'gz': 21.5}, {'t_us': 213174309, 'ax': -0.74, 'ay': -0.31, 'az': -0.63, 'gx': 63.13, 'gy': 14.84, 'gz': 44.98}, {'t_us': 213194304, 'ax': -2.0, 'ay': -0.49, 'az': 0.0, 'gx': 13.85, 'gy': 113.04, 'gz': 51.02}, {'t_us': 213214262, 'ax': -2.0, 'ay': -0.15, 'az': -0.5, 'gx': 15.79, 'gy': 110.29, 'gz': 12.52}, {'t_us': 213234299, 'ax': -1.38, 'ay': -0.42, 'az': -1.15, 'gx': 50.85, 'gy': 110.37, 'gz': -5.65}]",2026-02-18 09:40:45,0.0
"[{'t_us': 213260281, 'ax': -1.57, 'ay': -0.4, 'az': -0.69, 'gx': 29.18, 'gy': -38.66, 'gz': 11.04}, {'t_us': 213274312, 'ax': -1.49, 'ay': -0.19, 'az': -0.6, 'gx': 27.54, 'gy': -18.6, 'gz': 17.48}, {'t_us': 213294263, 'ax': -1.24, 'ay': -0.2, 'az': -0.58, 'gx': 14.43, 'gy': -3.95, 'gz': 15.83}, {'t_us': 213314271, 'ax': -1.17, 'ay': -0.15, 'az': -0.58, 'gx': 16.08, 'gy': 14.18, 'gz': 14.09}, {'t_us': 213334288, 'ax': -1.08, 'ay': -0.15, 'az': -0.49, 'gx': 28.34, 'gy': 34.47, 'gz': 12.63}]",2026-02-18 09:40:45,0.0
"[{'t_us': 213358682, 'ax': -0.84, 'ay': -0.16, 'az': -0.34, 'gx': 36.84, 'gy': 50.7, 'gz': 13.69}, {'t_us': 213374299, 'ax': -0.69, 'ay': -0.14, 'az': -0.28, 'gx': 36.95, 'gy': 54.0, 'gz': 14.15}, {'t_us': 213394299, 'ax': -0.49, 'ay': -0.05, 'az': -0.22, 'gx': 28.14, 'gy': 38.5, 'gz': 16.55}, {'t_us': 213414319, 'ax': -0.3, 'ay': 0.01, 'az': -0.19, 'gx': 14.81, 'gy': 4.95, 'gz': 19.62}, {'t_us': 213434311, 'ax': -0.17, 'ay': 0.03, 'az': -0.15, 'gx': 2.73, 'gy': -25.69, 'gz': 20.09}]",2026-02-18 09:40:45,0.0
"[{'t_us': 213458787, 'ax': -0.06, 'ay': 0.02, 'az': -0.11, 'gx': -5.37, 'gy': -34.53, 'gz': 15.28}, {'t_us': 213474281, 'ax': -0.05, 'ay': -0.02, 'az': -0.14, 'gx': -10.66, 'gy': -34.38, 'gz': 10.2}, {'t_us': 213494311, 'ax': -0.02, 'ay': -0.06, 'az': -0.22, 'gx': -18.49, 'gy': -38.18, 'gz': 4.6}, {'t_us': 213514308, 'ax': -0.07, 'ay': -0.07, 'az': -0.32, 'gx': -33.88, 'gy': -46.09, 'gz': 3.01}, {'t_us': 213534309, 'ax': -0.44, 'ay': -0.32, 'az': -0.68, 'gx': -43.5, 'gy': -32.26, 'gz': -0.75}]",2026-02-18 09:40:45,0.0
"[{'t_us': 213560402, 'ax': -1.52, 'ay': -0.29, 'az': -1.6, 'gx': 18.95, 'gy': 48.05, 'gz': 5.31}, {'t_us': 213574262, 'ax': -1.8, 'ay': 0.01, 'az': -1.38, 'gx': 66.58, 'gy': 102.5, 'gz': 1.66}, {'t_us': 213594258, 'ax': -1.94, 'ay': -0.04, 'az': -0.05, 'gx': 21.51, 'gy': 69.82, 'gz': -3.86}, {'t_us': 213614271, 'ax': -1.79, 'ay': 0.28, 'az': -0.04, 'gx': -111.36, 'gy': 10.87, 'gz': -43.08}, {'t_us': 213634276, 'ax': -1.63, 'ay': 0.21, 'az': -1.4, 'gx': -86.87, 'gy': 23.36, 'gz': -6.49}]",2026-02-18 09:40:45,0.0
"[{'t_us': 213659132, 'ax': -1.86, 'ay': -0.04, 'az': -1.06, 'gx': -43.07, 'gy': -106.17, 'gz': -22.7}, {'t_us': 213674303, 'ax': -1.04, 'ay': -0.22, 'az': -0.76, 'gx': -33.3, 'gy': -74.58, 'gz': -18.38}, {'t_us': 213694304, 'ax': -0.92, 'ay': -0.18, 'az': -0.71, 'gx': -26.31, 'gy': 39.01, 'gz': -14.41}, {'t_us': 213714304, 'ax': -0.96, 'ay': -0.15, 'az': -0.53, 'gx': -36.03, 'gy': 27.97, 'gz': -11.92}, {'t_us': 213734281, 'ax': -0.86, 'ay': -0.09, 'az': -0.28, 'gx': -50.73, 'gy': 8.26, 'gz': -19.69}]",2026-02-18 09:40:45,0.0
"[{'t_us': 213760142, 'ax': -0.53, 'ay': -0.16, 'az': -0.28, 'gx': -56.2, 'gy': 4.84, 'gz': -32.73}, {'t_us': 213774288, 'ax': -0.37, 'ay': -0.19, 'az': -0.24, 'gx': -52.6, 'gy': -0.03, 'gz': -29.97}, {'t_us': 213794288, 'ax': -0.28, 'ay': -0.13, 'az': -0.17, 'gx': -40.35, 'gy': -17.59, 'gz': -19.36}, {'t_us': 213814308, 'ax': -0.17, 'ay': -0.05, 'az': -0.23, 'gx': -24.73, 'gy': -25.07, 'gz': -10.7}, {'t_us': 213834319, 'ax': -0.1, 'ay': -0.02, 'az': -0.31, 'gx': -14.44, 'gy': -29.94, 'gz': -8.12}]",2026-02-18 09:40:46,0.0
"[{'t_us': 213858713, 'ax': -0.03, 'ay': -0.03, 'az': -0.36, 'gx': 5.37, 'gy': -24.31, 'gz': -6.58}, {'t_us': 213874271, 'ax': 0.0, 'ay': -0.05, 'az': -0.36, 'gx': 16.55, 'gy': -19.57, 'gz': -2.09}, {'t_us': 213894288, 'ax': -0.04, 'ay': -0.08, 'az': -0.38, 'gx': 26.2, 'gy': -20.85, 'gz': 3.74}, {'t_us': 213914288, 'ax': -0.15, 'ay': -0.1, 'az': -0.47, 'gx': 35.53, 'gy': -17.56, 'gz': 8.66}, {'t_us': 213934311, 'ax': -0.63, 'ay': -0.18, 'az': -0.84, 'gx': 34.09, 'gy': -18.15, 'gz': 9.71}]",2026-02-18 09:40:46,0.0
"[{'t_us': 213960397, 'ax': -1.61, 'ay': -0.51, 'az': -0.74, 'gx': 8.32, 'gy': 20.37, 'gz': 35.53}, {'t_us': 213974256, 'ax': -2.0, 'ay': -0.37, 'az': -0.36, 'gx': 12.17, 'gy': 16.05, 'gz': 26.6}, {'t_us': 213994291, 'ax': -1.65, 'ay': -0.55, 'az': -0.76, 'gx': 65.45, 'gy': 11.04, 'gz': -3.05}, {'t_us': 214014311, 'ax': -1.55, 'ay': -0.9, 'az': -0.63, 'gx': 93.82, 'gy': -14.87, 'gz': 10.11}, {'t_us': 214034303, 'ax': -1.79, 'ay': -0.4, 'az': -0.63, 'gx': 58.03, 'gy': -20.76, 'gz': 27.4}]",2026-02-18 09:40:46,0.0
"[{'t_us': 214060359, 'ax': -1.57, 'ay': -0.03, 'az': -0.66, 'gx': 33.54, 'gy': 4.03, 'gz': 4.61}, {'t_us': 214074291, 'ax': -1.42, 'ay': 0.02, 'az': -0.64, 'gx': 20.85, 'gy': -12.49, 'gz': -0.95}, {'t_us': 214094315, 'ax': -1.19, 'ay': -0.0, 'az': -0.52, 'gx': 5.85, 'gy': 4.78, 'gz': -5.02}, {'t_us': 214114276, 'ax': -1.06, 'ay': -0.03, 'az': -0.45, 'gx': 10.93, 'gy': 34.4, 'gz': -5.42}, {'t_us': 214134304, 'ax': -0.88, 'ay': -0.1, 'az': -0.3, 'gx': 22.11, 'gy': 46.63, 'gz': -1.31}]",2026-02-18 09:40:46,0.0
"[{'t_us': 214160457, 'ax': -0.7, 'ay': -0.14, 'az': -0.17, 'gx': 21.85, 'gy': 59.53, 'gz': 1.37}, {'t_us': 214174316, 'ax': -0.55, 'ay': -0.12, 'az': -0.17, 'gx': 15.63, 'gy': 51.74, 'gz': -0.84}, {'t_us': 214194271, 'ax': -0.45, 'ay': -0.05, 'az': -0.18, 'gx': 0.53, 'gy': 18.32, 'gz': 0.7}, {'t_us': 214214296, 'ax': -0.27, 'ay': -0.0, 'az': -0.22, 'gx': -11.73, 'gy': -21.8, 'gz': -3.6}, {'t_us': 214234304, 'ax': -0.1, 'ay': -0.0, 'az': -0.26, 'gx': -12.75, 'gy': -45.11, 'gz': -9.76}]",2026-02-18 09:40:46,0.0
"[{'t_us': 214259207, 'ax': -0.03, 'ay': -0.02, 'az': -0.23, 'gx': -15.51, 'gy': -62.6, 'gz': -18.43}, {'t_us': 214277053, 'ax': -0.01, 'ay': -0.08, 'az': -0.22, 'gx': -21.95, 'gy': -76.85, 'gz': -21.07}, {'t_us': 214294315, 'ax': -0.02, 'ay': -0.1, 'az': -0.25, 'gx': -29.65, 'gy': -81.45, 'gz': -20.24}, {'t_us': 214314276, 'ax': -0.11, 'ay': -0.15, 'az': -0.33, 'gx': -37.25, 'gy': -65.89, 'gz': -20.69}, {'t_us': 214334266, 'ax': -0.49, 'ay': -0.35, 'az': -0.75, 'gx': -37.36, 'gy': 7.82, 'gz': -14.21}]",2026-02-18 09:40:46,0.0
"[{'t_us': 214360355, 'ax': -1.62, 'ay': -0.24, 'az': -1.42, 'gx': 15.76, 'gy': 94.29, 'gz': -8.34}, {'t_us': 214374291, 'ax': -1.74, 'ay': 0.18, 'az': -1.13, 'gx': 29.94, 'gy': 149.08, 'gz': -5.92}, {'t_us': 214394288, 'ax': -2.0, 'ay': 0.2, 'az': 0.09, 'gx': -18.46, 'gy': 60.37, 'gz': 2.09}, {'t_us': 214414308, 'ax': -1.59, 'ay': 0.37, 'az': -0.09, 'gx': -131.24, 'gy': -18.67, 'gz': -28.53}, {'t_us': 214434263, 'ax': -1.96, 'ay': 0.09, 'az': -1.41, 'gx': -74.15, 'gy': -7.33, 'gz': -1.66}]",2026-02-18 09:40:46,0.0
"[{'t_us': 214460446, 'ax': -1.53, 'ay': -0.29, 'az': -0.71, 'gx': -50.58, 'gy': -125.56, 'gz': -13.91}, {'t_us': 214474317, 'ax': -1.13, 'ay': -0.37, 'az': -0.47, 'gx': -51.22, 'gy': -56.66, 'gz': -14.66}, {'t_us': 214494263, 'ax': -1.0, 'ay': -0.19, 'az': -0.6, 'gx': -56.47, 'gy': 56.14, 'gz': -16.61}, {'t_us': 214514271, 'ax': -1.05, 'ay': -0.04, 'az': -0.53, 'gx': -67.28, 'gy': 24.76, 'gz': -11.36}, {'t_us': 214534276, 'ax': -0.94, 'ay': 0.03, 'az': -0.27, 'gx': -80.49, 'gy': 3.31, 'gz': -22.67}]",2026-02-18 09:40:46,0.0
"[{'t_us': 214559069, 'ax': -0.77, 'ay': -0.02, 'az': -0.3, 'gx': -89.31, 'gy': 16.34, 'gz': -34.32}, {'t_us': 214574314, 'ax': -0.68, 'ay': -0.05, 'az': -0.29, 'gx': -91.83, 'gy': 3.11, 'gz': -37.08}, {'t_us': 214594318, 'ax': -0.47, 'ay': -0.08, 'az': -0.23, 'gx': -86.67, 'gy': -20.66, 'gz': -37.01}, {'t_us': 214614288, 'ax': -0.25, 'ay': -0.04, 'az': -0.24, 'gx': -79.54, 'gy': -22.02, 'gz': -31.3}, {'t_us': 214634276, 'ax': -0.13, 'ay': 0.0, 'az': -0.3, 'gx': -70.89, 'gy': -18.35, 'gz': -26.72}]",2026-02-18 09:40:46,0.0
"[{'t_us': 214660460, 'ax': -0.05, 'ay': 0.06, 'az': -0.37, 'gx': -65.97, 'gy': -21.02, 'gz': -27.47}, {'t_us': 214674262, 'ax': -0.05, 'ay': 0.04, 'az': -0.33, 'gx': -62.02, 'gy': -17.79, 'gz': -27.31}, {'t_us': 214694291, 'ax': -0.11, 'ay': -0.0, 'az': -0.34, 'gx': -59.79, 'gy': -8.7, 'gz': -24.75}, {'t_us': 214714315, 'ax': -0.16, 'ay': 0.02, 'az': -0.54, 'gx': -54.5, 'gy': -6.05, 'gz': -22.06}, {'t_us': 214734271, 'ax': -0.4, 'ay': -0.07, 'az': -0.8, 'gx': -47.6, 'gy': -9.18, 'gz': -18.72}]",2026-02-18 09:40:46,0.0
"[{'t_us': 214760448, 'ax': -1.02, 'ay': -0.37, 'az': -0.95, 'gx': -8.41, 'gy': 19.02, 'gz': 10.93}, {'t_us': 214774315, 'ax': -1.49, 'ay': -0.54, 'az': -0.78, 'gx': 8.08, 'gy': -2.31, 'gz': 20.03}, {'t_us': 214794288, 'ax': -1.82, 'ay': -0.66, 'az': -0.05, 'gx': 12.2, 'gy': -9.63, 'gz': 6.27}, {'t_us': 214814315, 'ax': -1.33, 'ay': -0.7, 'az': -0.34, 'gx': -29.11, 'gy': 54.35, 'gz': 3.97}, {'t_us': 214834262, 'ax': -2.0, 'ay': -0.2, 'az': -1.2, 'gx': -17.07, 'gy': 13.82, 'gz': 1.54}]",2026-02-18 09:40:47,0.0
"[{'t_us': 214858767, 'ax': -1.81, 'ay': -0.02, 'az': -0.71, 'gx': -29.62, 'gy': -59.53, 'gz': -11.1}, {'t_us': 214874267, 'ax': -1.59, 'ay': -0.03, 'az': -0.61, 'gx': -33.88, 'gy': -25.13, 'gz': -19.59}, {'t_us': 214894319, 'ax': -1.46, 'ay': -0.16, 'az': -0.46, 'gx': -31.63, 'gy': -0.15, 'gz': -24.27}, {'t_us': 214914315, 'ax': -1.29, 'ay': -0.26, 'az': -0.48, 'gx': -34.03, 'gy': 28.32, 'gz': -23.8}, {'t_us': 214934319, 'ax': -1.18, 'ay': -0.19, 'az': -0.47, 'gx': -32.32, 'gy': 29.4, 'gz': -25.62}]",2026-02-18 09:40:47,0.0
"[{'t_us': 214958854, 'ax': -0.89, 'ay': -0.16, 'az': -0.26, 'gx': -31.98, 'gy': 32.44, 'gz': -25.8}, {'t_us': 214974276, 'ax': -0.76, 'ay': -0.14, 'az': -0.2, 'gx': -29.56, 'gy': 33.27, 'gz': -19.08}, {'t_us': 214994276, 'ax': -0.61, 'ay': -0.08, 'az': -0.28, 'gx': -37.59, 'gy': 15.59, 'gz': -20.96}, {'t_us': 215014315, 'ax': -0.32, 'ay': 0.0, 'az': -0.19, 'gx': -44.17, 'gy': -1.54, 'gz': -22.72}, {'t_us': 215034315, 'ax': -0.14, 'ay': 0.01, 'az': -0.21, 'gx': -46.76, 'gy': -26.2, 'gz': -21.63}]",2026-02-18 09:40:47,0.0
"[{'t_us': 215058936, 'ax': 0.03, 'ay': 0.06, 'az': -0.2, 'gx': -53.11, 'gy': -63.85, 'gz': -21.45}, {'t_us': 215074304, 'ax': 0.09, 'ay': 0.07, 'az': -0.18, 'gx': -58.73, 'gy': -71.13, 'gz': -21.83}, {'t_us': 215094263, 'ax': 0.12, 'ay': 0.05, 'az': -0.16, 'gx': -68.98, 'gy': -69.51, 'gz': -23.44}, {'t_us': 215114288, 'ax': 0.07, 'ay': -0.02, 'az': -0.13, 'gx': -83.08, 'gy': -57.77, 'gz': -27.13}, {'t_us': 215134271, 'ax': -0.03, 'ay': -0.03, 'az': -0.26, 'gx': -93.15, 'gy': -27.91, 'gz': -31.04}]",2026-02-18 09:40:47,0.0
"[{'t_us': 215160824, 'ax': -0.29, 'ay': -0.14, 'az': -0.65, 'gx': -101.31, 'gy': 14.99, 'gz': -27.6}, {'t_us': 215174311, 'ax': -0.71, 'ay': -0.25, 'az': -1.05, 'gx': -82.18, 'gy': 53.36, 'gz': -21.4}, {'t_us': 215194308, 'ax': -1.72, 'ay': -0.01, 'az': -1.32, 'gx': -16.46, 'gy': 118.98, 'gz': -14.69}, {'t_us': 215214255, 'ax': -1.97, 'ay': 0.11, 'az': -1.03, 'gx': 0.31, 'gy': 175.08, 'gz': -21.3}, {'t_us': 215234268, 'ax': -2.0, 'ay': -0.33, 'az': 0.5, 'gx': -93.56, 'gy': -51.48, 'gz': -73.05}]",2026-02-18 09:40:47,0.0
"[{'t_us': 215260485, 'ax': -1.76, 'ay': 0.32, 'az': -1.53, 'gx': -125.63, 'gy': -14.92, 'gz': -16.96}, {'t_us': 215274281, 'ax': -2.0, 'ay': 0.35, 'az': -1.37, 'gx': -99.28, 'gy': -91.8, 'gz': -31.53}, {'t_us': 215294311, 'ax': -1.37, 'ay': 0.07, 'az': -0.8, 'gx': -90.9, 'gy': -86.93, 'gz': -31.91}, {'t_us': 215314311, 'ax': -1.06, 'ay': 0.08, 'az': -0.62, 'gx': -100.12, 'gy': 16.4, 'gz': -31.77}, {'t_us': 215334299, 'ax': -1.02, 'ay': 0.13, 'az': -0.61, 'gx': -104.15, 'gy': 38.6, 'gz': -33.24}]",2026-02-18 09:40:47,0.0
"[{'t_us': 215358657, 'ax': -0.9, 'ay': 0.05, 'az': -0.35, 'gx': -122.47, 'gy': 19.97, 'gz': -49.98}, {'t_us': 215374296, 'ax': -0.74, 'ay': -0.02, 'az': -0.23, 'gx': -128.89, 'gy': 19.31, 'gz': -60.27}, {'t_us': 215394296, 'ax': -0.54, 'ay': -0.12, 'az': -0.21, 'gx': -132.29, 'gy': 14.72, 'gz': -67.56}, {'t_us': 215414321, 'ax': -0.38, 'ay': -0.13, 'az': -0.2, 'gx': -124.14, 'gy': -11.92, 'gz': -63.95}, {'t_us': 215434299, 'ax': -0.21, 'ay': -0.07, 'az': -0.26, 'gx': -110.15, 'gy': -36.02, 'gz': -56.43}]",2026-02-18 09:40:47,0.0
"[{'t_us': 215460438, 'ax': -0.09, 'ay': -0.02, 'az': -0.29, 'gx': -97.85, 'gy': -37.18, 'gz': -52.49}, {'t_us': 215474262, 'ax': -0.02, 'ay': -0.03, 'az': -0.34, 'gx': -87.88, 'gy': -44.09, 'gz': -54.76}, {'t_us': 215494262, 'ax': 0.04, 'ay': 0.02, 'az': -0.36, 'gx': -64.41, 'gy': -32.78, 'gz': -54.05}, {'t_us': 215514255, 'ax': -0.01, 'ay': -0.07, 'az': -0.41, 'gx': -42.95, 'gy': -19.15, 'gz': -50.52}, {'t_us': 215534299, 'ax': -0.06, 'ay': -0.12, 'az': -0.54, 'gx': -31.21, 'gy': -7.8, 'gz': -40.55}]",2026-02-18 09:40:47,0.0
"[{'t_us': 215560419, 'ax': -0.6, 'ay': -0.28, 'az': -0.92, 'gx': -33.18, 'gy': -6.95, 'gz': -26.85}, {'t_us': 215574296, 'ax': -1.26, 'ay': -0.49, 'az': -0.64, 'gx': -34.78, 'gy': 44.4, 'gz': 1.95}, {'t_us': 215594311, 'ax': -1.93, 'ay': -0.46, 'az': -0.6, 'gx': -42.31, 'gy': 31.69, 'gz': 16.43}, {'t_us': 215614303, 'ax': -1.74, 'ay': -0.25, 'az': -0.64, 'gx': -35.39, 'gy': 2.58, 'gz': -8.81}, {'t_us': 215634319, 'ax': -1.81, 'ay': -0.11, 'az': -1.2, 'gx': -26.32, 'gy': 17.4, 'gz': -10.15}]",2026-02-18 09:40:47,0.0
"[{'t_us': 215658891, 'ax': -1.81, 'ay': -0.09, 'az': -0.88, 'gx': -31.37, 'gy': -50.21, 'gz': -16.37}, {'t_us': 215674734, 'ax': -1.46, 'ay': -0.17, 'az': -0.78, 'gx': -31.6, 'gy': -37.65, 'gz': -13.62}, {'t_us': 215694308, 'ax': -1.29, 'ay': -0.3, 'az': -0.6, 'gx': -28.27, 'gy': -5.6, 'gz': -8.18}, {'t_us': 215714281, 'ax': -1.2, 'ay': -0.35, 'az': -0.52, 'gx': -30.12, 'gy': 18.43, 'gz': 0.79}, {'t_us': 215734309, 'ax': -1.09, 'ay': -0.27, 'az': -0.53, 'gx': -27.65, 'gy': 37.01, 'gz': 7.68}]",2026-02-18 09:40:47,0.0
"[{'t_us': 215760717, 'ax': -0.94, 'ay': -0.14, 'az': -0.4, 'gx': -17.33, 'gy': 59.91, 'gz': 9.21}, {'t_us': 215774299, 'ax': -0.85, 'ay': -0.08, 'az': -0.32, 'gx': -16.7, 'gy': 64.75, 'gz': 9.63}, {'t_us': 215795499, 'ax': -0.76, 'ay': -0.02, 'az': -0.24, 'gx': -28.47, 'gy': 41.45, 'gz': 8.06}, {'t_us': 215814291, 'ax': -0.55, 'ay': 0.01, 'az': -0.29, 'gx': -35.22, 'gy': 8.58, 'gz': 5.19}, {'t_us': 215834276, 'ax': -0.38, 'ay': 0.01, 'az': -0.22, 'gx': -38.76, 'gy': -14.35, 'gz': 4.58}]",2026-02-18 09:40:48,0.0
"[{'t_us': 215860409, 'ax': -0.15, 'ay': -0.03, 'az': -0.28, 'gx': -33.57, 'gy': -33.37, 'gz': 2.81}, {'t_us': 215874277, 'ax': -0.08, 'ay': -0.05, 'az': -0.27, 'gx': -32.11, 'gy': -39.44, 'gz': 2.72}, {'t_us': 215894276, 'ax': -0.08, 'ay': -0.08, 'az': -0.31, 'gx': -33.44, 'gy': -50.05, 'gz': -0.92}, {'t_us': 215914304, 'ax': -0.12, 'ay': -0.12, 'az': -0.31, 'gx': -35.05, 'gy': -44.75, 'gz': -8.35}, {'t_us': 215934312, 'ax': -0.21, 'ay': -0.18, 'az': -0.39, 'gx': -39.27, 'gy': -27.71, 'gz': -17.57}]",2026-02-18 09:40:48,0.0
"[{'t_us': 215960734, 'ax': -0.2, 'ay': -0.12, 'az': -0.41, 'gx': -47.83, 'gy': 10.9, 'gz': -21.37}, {'t_us': 215974308, 'ax': -0.4, 'ay': -0.13, 'az': -0.56, 'gx': -54.2, 'gy': 27.73, 'gz': -22.38}, {'t_us': 215994288, 'ax': -0.83, 'ay': -0.15, 'az': -0.78, 'gx': -53.57, 'gy': 63.82, 'gz': -17.45}, {'t_us': 216014288, 'ax': -1.44, 'ay': 0.13, 'az': -1.06, 'gx': -19.3, 'gy': 101.47, 'gz': -16.11}, {'t_us': 216034296, 'ax': -1.75, 'ay': 0.06, 'az': -0.44, 'gx': -3.01, 'gy': 41.85, 'gz': -11.77}]",2026-02-18 09:40:48,0.0
"[{'t_us': 216060404, 'ax': -1.73, 'ay': 0.14, 'az': -0.42, 'gx': -75.73, 'gy': -24.37, 'gz': -10.26}, {'t_us': 216074299, 'ax': -1.73, 'ay': 0.01, 'az': -1.13, 'gx': -67.51, 'gy': 32.52, 'gz': -12.69}, {'t_us': 216094296, 'ax': -1.94, 'ay': -0.08, 'az': -1.25, 'gx': -48.21, 'gy': -80.31, 'gz': -1.13}, {'t_us': 216114296, 'ax': -1.58, 'ay': -0.1, 'az': -0.73, 'gx': -34.56, 'gy': -123.6, 'gz': 0.58}, {'t_us': 216134264, 'ax': -1.05, 'ay': -0.07, 'az': -0.45, 'gx': -25.42, 'gy': -23.08, 'gz': -9.36}]",2026-02-18 09:40:48,0.0
"[{'t_us': 216158967, 'ax': -0.97, 'ay': -0.02, 'az': -0.61, 'gx': -31.05, 'gy': 54.14, 'gz': -19.62}, {'t_us': 216174308, 'ax': -0.97, 'ay': 0.03, 'az': -0.53, 'gx': -35.88, 'gy': 35.34, 'gz': -18.2}, {'t_us': 216194263, 'ax': -0.82, 'ay': -0.04, 'az': -0.49, 'gx': -41.95, 'gy': -8.69, 'gz': -18.58}, {'t_us': 216214271, 'ax': -0.57, 'ay': -0.07, 'az': -0.36, 'gx': -37.31, 'gy': -18.14, 'gz': -17.62}, {'t_us': 216234339, 'ax': -0.33, 'ay': -0.14, 'az': -0.28, 'gx': -33.57, 'gy': -29.31, 'gz': -14.27}]",2026-02-18 09:40:48,0.0
"[{'t_us': 216260891, 'ax': -0.04, 'ay': -0.14, 'az': -0.3, 'gx': -21.83, 'gy': -28.47, 'gz': -7.44}, {'t_us': 216274303, 'ax': 0.05, 'ay': -0.12, 'az': -0.31, 'gx': -11.5, 'gy': -26.75, 'gz': -3.63}, {'t_us': 216294291, 'ax': 0.13, 'ay': -0.11, 'az': -0.32, 'gx': 6.29, 'gy': -22.26, 'gz': -1.6}, {'t_us': 216314291, 'ax': 0.19, 'ay': -0.09, 'az': -0.33, 'gx': 20.99, 'gy': -31.1, 'gz': 2.49}, {'t_us': 216334280, 'ax': 0.2, 'ay': -0.04, 'az': -0.3, 'gx': 34.79, 'gy': -41.82, 'gz': 7.27}]",2026-02-18 09:40:48,0.0
"[{'t_us': 216359138, 'ax': 0.19, 'ay': -0.01, 'az': -0.33, 'gx': 39.6, 'gy': -38.67, 'gz': 12.79}, {'t_us': 216374299, 'ax': 0.02, 'ay': -0.11, 'az': -0.45, 'gx': 25.86, 'gy': -39.5, 'gz': 16.79}, {'t_us': 216394319, 'ax': -0.7, 'ay': -0.3, 'az': -0.58, 'gx': 15.33, 'gy': 41.47, 'gz': 40.66}, {'t_us': 216414315, 'ax': -2.0, 'ay': -0.34, 'az': 0.02, 'gx': 0.93, 'gy': 155.83, 'gz': 44.67}, {'t_us': 216434304, 'ax': -2.0, 'ay': -0.45, 'az': -1.46, 'gx': 25.6, 'gy': 137.08, 'gz': 11.31}]",2026-02-18 09:40:48,0.0
"[{'t_us': 216458808, 'ax': -1.98, 'ay': -0.85, 'az': -1.18, 'gx': 74.52, 'gy': -56.73, 'gz': 7.94}, {'t_us': 216474308, 'ax': -1.7, 'ay': -0.48, 'az': -0.55, 'gx': 68.61, 'gy': -78.81, 'gz': 15.74}, {'t_us': 216494263, 'ax': -1.72, 'ay': -0.25, 'az': -0.56, 'gx': 57.68, 'gy': 10.27, 'gz': 5.01}, {'t_us': 216514271, 'ax': -1.53, 'ay': -0.19, 'az': -0.67, 'gx': 48.29, 'gy': 20.11, 'gz': -2.76}, {'t_us': 216534271, 'ax': -1.3, 'ay': -0.16, 'az': -0.52, 'gx': 45.73, 'gy': 15.74, 'gz': -2.53}]",2026-02-18 09:40:48,0.0
"[{'t_us': 216560932, 'ax': -0.97, 'ay': -0.18, 'az': -0.37, 'gx': 46.08, 'gy': 53.28, 'gz': 7.07}, {'t_us': 216574281, 'ax': -0.88, 'ay': -0.16, 'az': -0.27, 'gx': 50.05, 'gy': 61.1, 'gz': 15.1}, {'t_us': 216594315, 'ax': -0.66, 'ay': -0.11, 'az': -0.22, 'gx': 53.71, 'gy': 62.26, 'gz': 20.67}, {'t_us': 216614308, 'ax': -0.43, 'ay': -0.05, 'az': -0.19, 'gx': 46.82, 'gy': 54.11, 'gz': 20.43}, {'t_us': 216634311, 'ax': -0.19, 'ay': -0.05, 'az': -0.24, 'gx': 34.85, 'gy': 20.7, 'gz': 20.66}]",2026-02-18 09:40:48,0.0
"[{'t_us': 216660660, 'ax': 0.01, 'ay': 0.01, 'az': -0.19, 'gx': 23.36, 'gy': -39.94, 'gz': 20.69}, {'t_us': 216677226, 'ax': 0.05, 'ay': 0.03, 'az': -0.15, 'gx': 17.95, 'gy': -50.47, 'gz': 19.62}, {'t_us': 216694319, 'ax': 0.07, 'ay': 0.04, 'az': -0.06, 'gx': 9.34, 'gy': -44.78, 'gz': 17.57}, {'t_us': 216714276, 'ax': 0.07, 'ay': 0.06, 'az': 0.01, 'gx': -17.11, 'gy': -59.47, 'gz': 13.15}, {'t_us': 216734324, 'ax': 0.08, 'ay': 0.09, 'az': -0.08, 'gx': -49.39, 'gy': -52.06, 'gz': 8.64}]",2026-02-18 09:40:48,0.0
"[{'t_us': 216759006, 'ax': -0.25, 'ay': -0.03, 'az': -0.64, 'gx': -92.38, 'gy': -14.09, 'gz': -0.84}, {'t_us': 216774281, 'ax': -1.09, 'ay': -0.31, 'az': -1.38, 'gx': -63.36, 'gy': 15.36, 'gz': -1.79}, {'t_us': 216794281, 'ax': -2.0, 'ay': 0.05, 'az': -1.4, 'gx': 3.02, 'gy': 95.1, 'gz': -3.83}, {'t_us': 216814304, 'ax': -1.88, 'ay': -0.04, 'az': -1.03, 'gx': 19.19, 'gy': 196.78, 'gz': -8.4}, {'t_us': 216834280, 'ax': -2.0, 'ay': -0.2, 'az': 0.17, 'gx': -86.95, 'gy': 16.32, 'gz': -47.25}]",2026-02-18 09:40:49,0.0
"[{'t_us': 216858881, 'ax': -1.39, 'ay': 0.11, 'az': -1.43, 'gx': -62.61, 'gy': -4.06, 'gz': 8.66}, {'t_us': 216874296, 'ax': -1.9, 'ay': 0.1, 'az': -1.23, 'gx': -33.44, 'gy': -80.23, 'gz': 9.24}, {'t_us': 216894296, 'ax': -1.15, 'ay': -0.11, 'az': -0.86, 'gx': -24.2, 'gy': -94.31, 'gz': 2.41}, {'t_us': 216914319, 'ax': -0.76, 'ay': -0.07, 'az': -0.66, 'gx': -24.41, 'gy': 34.2, 'gz': 4.09}, {'t_us': 216934271, 'ax': -0.86, 'ay': -0.07, 'az': -0.62, 'gx': -21.24, 'gy': 46.05, 'gz': 1.5}]",2026-02-18 09:40:49,0.0
"[{'t_us': 216960625, 'ax': -0.75, 'ay': -0.22, 'az': -0.24, 'gx': -30.0, 'gy': 15.36, 'gz': -4.31}, {'t_us': 216975188, 'ax': -0.67, 'ay': -0.22, 'az': -0.13, 'gx': -33.27, 'gy': 24.41, 'gz': -11.01}, {'t_us': 216994262, 'ax': -0.59, 'ay': -0.15, 'az': -0.19, 'gx': -27.1, 'gy': 31.89, 'gz': -8.38}, {'t_us': 217014291, 'ax': -0.5, 'ay': -0.01, 'az': -0.18, 'gx': -20.32, 'gy': 2.06, 'gz': -7.45}, {'t_us': 217034288, 'ax': -0.26, 'ay': 0.06, 'az': -0.2, 'gx': -14.78, 'gy': -14.99, 'gz': -5.68}]",2026-02-18 09:40:49,0.0
"[{'t_us': 217060507, 'ax': -0.13, 'ay': 0.08, 'az': -0.3, 'gx': -11.68, 'gy': -30.46, 'gz': -1.57}, {'t_us': 217074277, 'ax': -0.1, 'ay': 0.07, 'az': -0.33, 'gx': -7.97, 'gy': -32.26, 'gz': -1.27}, {'t_us': 217094309, 'ax': -0.1, 'ay': 0.08, 'az': -0.41, 'gx': 1.76, 'gy': -17.05, 'gz': -0.43}, {'t_us': 217114304, 'ax': -0.24, 'ay': 0.06, 'az': -0.43, 'gx': 4.38, 'gy': -11.59, 'gz': 1.18}, {'t_us': 217134262, 'ax': -0.29, 'ay': 0.03, 'az': -0.53, 'gx': 3.05, 'gy': -8.81, 'gz': 3.53}]",2026-02-18 09:40:49,0.0
"[{'t_us': 217160597, 'ax': -0.72, 'ay': -0.14, 'az': -0.82, 'gx': -0.7, 'gy': -6.64, 'gz': 7.92}, {'t_us': 217174262, 'ax': -1.11, 'ay': -0.28, 'az': -0.8, 'gx': 5.39, 'gy': 9.18, 'gz': 22.06}, {'t_us': 217194281, 'ax': -1.66, 'ay': -0.56, 'az': -0.54, 'gx': 22.27, 'gy': -32.21, 'gz': 19.77}, {'t_us': 217214281, 'ax': -1.37, 'ay': -0.46, 'az': -0.31, 'gx': 41.85, 'gy': -75.68, 'gz': 0.23}, {'t_us': 217234288, 'ax': -1.28, 'ay': -0.42, 'az': -0.62, 'gx': 36.78, 'gy': -10.63, 'gz': 14.53}]",2026-02-18 09:40:49,0.0
"[{'t_us': 217261824, 'ax': -1.79, 'ay': -0.0, 'az': -0.71, 'gx': 28.73, 'gy': -16.32, 'gz': 7.4}, {'t_us': 217274307, 'ax': -1.84, 'ay': 0.06, 'az': -0.76, 'gx': 18.72, 'gy': -9.6, 'gz': -0.99}, {'t_us': 217294281, 'ax': -1.54, 'ay': 0.07, 'az': -0.87, 'gx': 14.76, 'gy': 8.64, 'gz': -10.0}, {'t_us': 217314281, 'ax': -1.43, 'ay': -0.03, 'az': -0.61, 'gx': 19.42, 'gy': 17.94, 'gz': -11.85}, {'t_us': 217334315, 'ax': -1.32, 'ay': -0.08, 'az': -0.38, 'gx': 15.83, 'gy': 41.57, 'gz': -11.98}]",2026-02-18 09:40:49,0.0
"[{'t_us': 217359341, 'ax': -1.11, 'ay': -0.1, 'az': -0.29, 'gx': 21.79, 'gy': 71.77, 'gz': -13.31}, {'t_us': 217374299, 'ax': -0.99, 'ay': -0.15, 'az': -0.2, 'gx': 20.96, 'gy': 75.95, 'gz': -7.88}, {'t_us': 217394319, 'ax': -0.77, 'ay': -0.12, 'az': -0.2, 'gx': 14.14, 'gy': 60.27, 'gz': -0.78}, {'t_us': 217414315, 'ax': -0.54, 'ay': -0.07, 'az': -0.28, 'gx': -0.27, 'gy': 17.45, 'gz': -0.21}, {'t_us': 217434271, 'ax': -0.22, 'ay': -0.04, 'az': -0.33, 'gx': -6.03, 'gy': -22.18, 'gz': -0.44}]",2026-02-18 09:40:49,0.0
"[{'t_us': 217458954, 'ax': -0.01, 'ay': 0.0, 'az': -0.32, 'gx': 0.2, 'gy': -45.5, 'gz': -3.83}, {'t_us': 217474291, 'ax': 0.04, 'ay': -0.02, 'az': -0.33, 'gx': 4.89, 'gy': -59.77, 'gz': -7.79}, {'t_us': 217494291, 'ax': 0.1, 'ay': -0.05, 'az': -0.21, 'gx': 3.22, 'gy': -67.83, 'gz': -10.75}, {'t_us': 217514291, 'ax': 0.08, 'ay': -0.07, 'az': -0.19, 'gx': -15.86, 'gy': -71.18, 'gz': -11.1}, {'t_us': 217534298, 'ax': -0.04, 'ay': -0.03, 'az': -0.25, 'gx': -49.77, 'gy': -79.02, 'gz': -11.59}]",2026-02-18 09:40:49,0.0
"[{'t_us': 217559274, 'ax': -0.46, 'ay': -0.24, 'az': -0.54, 'gx': -89.54, 'gy': -28.56, 'gz': -15.53}, {'t_us': 217574265, 'ax': -1.0, 'ay': -0.32, 'az': -1.06, 'gx': -64.4, 'gy': 22.87, 'gz': -10.7}, {'t_us': 217594319, 'ax': -1.78, 'ay': 0.3, 'az': -1.04, 'gx': -14.32, 'gy': 137.47, 'gz': -11.88}, {'t_us': 217614315, 'ax': -1.85, 'ay': 0.22, 'az': -0.67, 'gx': -15.92, 'gy': 187.71, 'gz': -26.06}, {'t_us': 217634281, 'ax': -2.0, 'ay': -0.07, 'az': -0.12, 'gx': -98.67, 'gy': 63.02, 'gz': -56.41}]",2026-02-18 09:40:49,0.0
"[{'t_us': 217661089, 'ax': -1.82, 'ay': 0.04, 'az': -1.56, 'gx': -99.94, 'gy': -60.89, 'gz': -21.13}, {'t_us': 217674308, 'ax': -2.0, 'ay': 0.16, 'az': -1.21, 'gx': -75.77, 'gy': -133.53, 'gz': -34.85}, {'t_us': 217694304, 'ax': -1.1, 'ay': 0.13, 'az': -0.7, 'gx': -79.39, 'gy': -88.61, 'gz': -40.96}, {'t_us': 217714262, 'ax': -1.04, 'ay': 0.16, 'az': -0.6, 'gx': -90.49, 'gy': 23.95, 'gz': -47.3}, {'t_us': 217734296, 'ax': -0.99, 'ay': 0.04, 'az': -0.64, 'gx': -93.28, 'gy': 12.29, 'gz': -48.9}]",2026-02-18 09:40:49,0.0
"[{'t_us': 217760437, 'ax': -0.78, 'ay': -0.16, 'az': -0.31, 'gx': -102.69, 'gy': -18.55, 'gz': -55.22}, {'t_us': 217774281, 'ax': -0.58, 'ay': -0.24, 'az': -0.23, 'gx': -106.58, 'gy': -15.85, 'gz': -58.87}, {'t_us': 217794288, 'ax': -0.4, 'ay': -0.26, 'az': -0.2, 'gx': -101.71, 'gy': -8.98, 'gz': -56.12}, {'t_us': 217814308, 'ax': -0.26, 'ay': -0.23, 'az': -0.3, 'gx': -80.78, 'gy': -17.82, 'gz': -47.73}, {'t_us': 217834291, 'ax': -0.16, 'ay': -0.09, 'az': -0.23, 'gx': -62.15, 'gy': -33.33, 'gz': -45.59}]",2026-02-18 09:40:50,0.0
"[{'t_us': 217858586, 'ax': -0.07, 'ay': 0.07, 'az': -0.15, 'gx': -61.77, 'gy': -31.59, 'gz': -53.31}, {'t_us': 217875916, 'ax': -0.01, 'ay': 0.14, 'az': -0.26, 'gx': -63.91, 'gy': -20.75, 'gz': -58.67}, {'t_us': 217894281, 'ax': 0.04, 'ay': 0.14, 'az': -0.35, 'gx': -58.23, 'gy': -17.91, 'gz': -60.67}, {'t_us': 217914304, 'ax': 0.09, 'ay': 0.12, 'az': -0.27, 'gx': -49.74, 'gy': -16.69, 'gz': -52.9}, {'t_us': 217934288, 'ax': 0.08, 'ay': 0.0, 'az': -0.34, 'gx': -44.87, 'gy': -2.4, 'gz': -42.76}]",2026-02-18 09:40:50,0.0
"[{'t_us': 217960243, 'ax': -0.49, 'ay': -0.08, 'az': -0.85, 'gx': -50.6, 'gy': 1.92, 'gz': -35.07}, {'t_us': 217974299, 'ax': -1.18, 'ay': -0.41, 'az': -1.14, 'gx': -42.02, 'gy': 40.11, 'gz': -24.24}, {'t_us': 217994299, 'ax': -2.0, 'ay': -0.69, 'az': -0.98, 'gx': -35.85, 'gy': 80.29, 'gz': 22.66}, {'t_us': 218014319, 'ax': -1.92, 'ay': -0.36, 'az': -0.78, 'gx': -14.06, 'gy': -62.2, 'gz': -5.94}, {'t_us': 218034320, 'ax': -0.9, 'ay': -0.55, 'az': -0.66, 'gx': 21.97, 'gy': -19.44, 'gz': -14.23}]",2026-02-18 09:40:50,0.0
"[{'t_us': 218059117, 'ax': -1.58, 'ay': -0.24, 'az': -0.75, 'gx': -15.98, 'gy': -29.59, 'gz': -21.02}, {'t_us': 218074255, 'ax': -1.59, 'ay': -0.12, 'az': -0.79, 'gx': -30.98, 'gy': -26.84, 'gz': -21.68}, {'t_us': 218094291, 'ax': -1.33, 'ay': -0.05, 'az': -0.89, 'gx': -27.1, 'gy': -36.11, 'gz': -28.58}, {'t_us': 218114315, 'ax': -1.15, 'ay': -0.32, 'az': -0.6, 'gx': -15.54, 'gy': -9.39, 'gz': -27.62}, {'t_us': 218134276, 'ax': -1.15, 'ay': -0.37, 'az': -0.49, 'gx': -19.54, 'gy': 15.95, 'gz': -19.98}]",2026-02-18 09:40:50,0.0
"[{'t_us': 218158846, 'ax': -1.07, 'ay': -0.26, 'az': -0.42, 'gx': -19.37, 'gy': 27.34, 'gz': -18.35}, {'t_us': 218175315, 'ax': -0.99, 'ay': -0.17, 'az': -0.37, 'gx': -17.85, 'gy': 28.64, 'gz': -22.21}, {'t_us': 218194319, 'ax': -0.83, 'ay': -0.08, 'az': -0.29, 'gx': -18.95, 'gy': 20.6, 'gz': -25.73}, {'t_us': 218214276, 'ax': -0.67, 'ay': -0.05, 'az': -0.25, 'gx': -26.63, 'gy': 13.33, 'gz': -26.55}, {'t_us': 218234297, 'ax': -0.52, 'ay': 0.01, 'az': -0.23, 'gx': -35.15, 'gy': -3.77, 'gz': -20.76}]",2026-02-18 09:40:50,0.0
"[{'t_us': 218258766, 'ax': -0.41, 'ay': 0.09, 'az': -0.2, 'gx': -47.31, 'gy': -18.87, 'gz': -17.95}, {'t_us': 218274324, 'ax': -0.35, 'ay': 0.11, 'az': -0.16, 'gx': -57.92, 'gy': -26.92, 'gz': -22.72}, {'t_us': 218294288, 'ax': -0.27, 'ay': 0.1, 'az': -0.18, 'gx': -75.86, 'gy': -22.08, 'gz': -29.77}, {'t_us': 218314308, 'ax': -0.21, 'ay': 0.05, 'az': -0.21, 'gx': -92.06, 'gy': -24.35, 'gz': -38.76}, {'t_us': 218334319, 'ax': -0.11, 'ay': 0.02, 'az': -0.25, 'gx': -105.65, 'gy': -33.48, 'gz': -43.24}]",2026-02-18 09:40:50,0.0
"[{'t_us': 218358964, 'ax': -0.07, 'ay': -0.04, 'az': -0.37, 'gx': -119.51, 'gy': -57.76, 'gz': -48.35}, {'t_us': 218374291, 'ax': -0.1, 'ay': -0.13, 'az': -0.57, 'gx': -124.55, 'gy': -64.0, 'gz': -49.94}, {'t_us': 218394311, 'ax': -0.66, 'ay': -0.33, 'az': -1.07, 'gx': -100.9, 'gy': -16.93, 'gz': -40.89}, {'t_us': 218414276, 'ax': -1.19, 'ay': -0.24, 'az': -1.04, 'gx': -37.82, 'gy': 44.81, 'gz': -9.83}, {'t_us': 218434304, 'ax': -1.71, 'ay': -0.17, 'az': -0.38, 'gx': -23.73, 'gy': 78.7, 'gz': -8.21}]",2026-02-18 09:40:50,0.0
"[{'t_us': 218459017, 'ax': -1.46, 'ay': 0.07, 'az': 0.1, 'gx': -155.57, 'gy': -59.3, 'gz': -50.93}, {'t_us': 218474582, 'ax': -1.46, 'ay': 0.27, 'az': -1.1, 'gx': -142.2, 'gy': 4.81, 'gz': -4.41}, {'t_us': 218494291, 'ax': -2.0, 'ay': 0.32, 'az': -1.21, 'gx': -106.11, 'gy': -67.94, 'gz': -18.92}, {'t_us': 218514311, 'ax': -1.56, 'ay': 0.06, 'az': -0.71, 'gx': -95.94, 'gy': -49.37, 'gz': -34.29}, {'t_us': 218534316, 'ax': -1.37, 'ay': 0.05, 'az': -0.61, 'gx': -107.71, 'gy': 44.18, 'gz': -33.8}]",2026-02-18 09:40:50,0.0
"[{'t_us': 218560494, 'ax': -1.47, 'ay': 0.09, 'az': -0.69, 'gx': -112.08, 'gy': 49.47, 'gz': -38.27}, {'t_us': 218574308, 'ax': -1.43, 'ay': 0.06, 'az': -0.69, 'gx': -110.49, 'gy': 33.27, 'gz': -43.05}, {'t_us': 218594299, 'ax': -1.19, 'ay': -0.04, 'az': -0.6, 'gx': -100.67, 'gy': 12.99, 'gz': -48.56}, {'t_us': 218614291, 'ax': -0.87, 'ay': -0.13, 'az': -0.51, 'gx': -90.24, 'gy': -6.37, 'gz': -47.83}, {'t_us': 218634291, 'ax': -0.57, 'ay': -0.13, 'az': -0.34, 'gx': -86.64, 'gy': -28.63, 'gz': -40.05}]",2026-02-18 09:40:50,0.0
"[{'t_us': 218659141, 'ax': -0.32, 'ay': -0.05, 'az': -0.26, 'gx': -78.17, 'gy': -28.49, 'gz': -28.95}, {'t_us': 218674262, 'ax': -0.23, 'ay': -0.0, 'az': -0.25, 'gx': -70.9, 'gy': -29.97, 'gz': -24.18}, {'t_us': 218694311, 'ax': -0.08, 'ay': 0.0, 'az': -0.29, 'gx': -62.2, 'gy': -28.23, 'gz': -22.64}, {'t_us': 218714288, 'ax': 0.04, 'ay': 0.0, 'az': -0.31, 'gx': -53.89, 'gy': -25.73, 'gz': -23.51}, {'t_us': 218734288, 'ax': 0.1, 'ay': 0.01, 'az': -0.29, 'gx': -46.38, 'gy': -31.57, 'gz': -26.21}]",2026-02-18 09:40:50,0.0
"[{'t_us': 218759464, 'ax': 0.14, 'ay': 0.02, 'az': -0.31, 'gx': -39.25, 'gy': -47.53, 'gz': -28.96}, {'t_us': 218774324, 'ax': 0.12, 'ay': 0.01, 'az': -0.31, 'gx': -40.23, 'gy': -53.37, 'gz': -29.86}, {'t_us': 218794308, 'ax': 0.0, 'ay': -0.05, 'az': -0.4, 'gx': -51.56, 'gy': -60.05, 'gz': -26.34}, {'t_us': 218814281, 'ax': -0.54, 'ay': -0.19, 'az': -0.58, 'gx': -70.44, 'gy': -12.89, 'gz': -11.92}, {'t_us': 218834281, 'ax': -1.77, 'ay': -0.45, 'az': -0.72, 'gx': -78.29, 'gy': 83.65, 'gz': 17.76}]",2026-02-18 09:40:51,0.0
"[{'t_us': 218858671, 'ax': -2.0, 'ay': -0.3, 'az': -1.06, 'gx': -51.83, 'gy': 83.85, 'gz': 8.93}, {'t_us': 218874276, 'ax': -1.97, 'ay': -0.41, 'az': -1.2, 'gx': -22.08, 'gy': 49.74, 'gz': -22.66}, {'t_us': 218894266, 'ax': -1.96, 'ay': -0.5, 'az': -0.92, 'gx': -10.76, 'gy': -31.71, 'gz': -3.47}, {'t_us': 218914308, 'ax': -1.51, 'ay': -0.4, 'az': -0.67, 'gx': -5.69, 'gy': -54.34, 'gz': 6.7}, {'t_us': 218934271, 'ax': -1.36, 'ay': -0.22, 'az': -0.55, 'gx': 2.7, 'gy': -18.69, 'gz': 0.75}]",2026-02-18 09:40:51,0.0
"[{'t_us': 218960366, 'ax': -1.23, 'ay': -0.17, 'az': -0.48, 'gx': 4.84, 'gy': 7.08, 'gz': -0.76}, {'t_us': 218974299, 'ax': -1.14, 'ay': -0.1, 'az': -0.44, 'gx': 8.7, 'gy': 19.05, 'gz': 1.39}, {'t_us': 218994315, 'ax': -0.97, 'ay': -0.07, 'az': -0.32, 'gx': 15.85, 'gy': 41.77, 'gz': 2.15}, {'t_us': 219014276, 'ax': -0.78, 'ay': -0.04, 'az': -0.19, 'gx': 15.57, 'gy': 58.81, 'gz': 6.47}, {'t_us': 219034281, 'ax': -0.58, 'ay': 0.01, 'az': -0.17, 'gx': 2.34, 'gy': 52.64, 'gz': 5.56}]",2026-02-18 09:40:51,0.0
"[{'t_us': 219059077, 'ax': -0.31, 'ay': 0.09, 'az': -0.16, 'gx': -19.3, 'gy': 10.2, 'gz': 1.48}, {'t_us': 219074410, 'ax': -0.13, 'ay': 0.06, 'az': -0.2, 'gx': -29.33, 'gy': -12.38, 'gz': 1.11}, {'t_us': 219094296, 'ax': 0.01, 'ay': 0.01, 'az': -0.25, 'gx': -33.57, 'gy': -33.68, 'gz': 2.5}, {'t_us': 219114319, 'ax': 0.05, 'ay': -0.04, 'az': -0.27, 'gx': -40.21, 'gy': -58.17, 'gz': -1.56}, {'t_us': 219134308, 'ax': 0.1, 'ay': -0.1, 'az': -0.33, 'gx': -45.88, 'gy': -74.61, 'gz': -4.0}]",2026-02-18 09:40:51,0.0
"[{'t_us': 219160997, 'ax': 0.04, 'ay': -0.1, 'az': -0.22, 'gx': -63.21, 'gy': -85.73, 'gz': -6.78}, {'t_us': 219174320, 'ax': -0.01, 'ay': -0.1, 'az': -0.2, 'gx': -77.86, 'gy': -73.6, 'gz': -10.61}, {'t_us': 219194315, 'ax': -0.29, 'ay': -0.23, 'az': -0.55, 'gx': -103.21, 'gy': -18.52, 'gz': -13.1}, {'t_us': 219214311, 'ax': -1.42, 'ay': -0.43, 'az': -1.33, 'gx': -70.99, 'gy': 49.77, 'gz': -9.33}, {'t_us': 219234296, 'ax': -2.0, 'ay': 0.39, 'az': -1.51, 'gx': -18.7, 'gy': 194.75, 'gz': -22.66}]",2026-02-18 09:40:51,0.0
"[{'t_us': 219260496, 'ax': -2.0, 'ay': -0.15, 'az': 0.17, 'gx': -66.49, 'gy': -51.28, 'gz': -56.92}, {'t_us': 219274255, 'ax': -1.31, 'ay': 0.18, 'az': 0.11, 'gx': -127.95, 'gy': -115.86, 'gz': -27.77}, {'t_us': 219294319, 'ax': -1.81, 'ay': 0.29, 'az': -1.2, 'gx': -75.33, 'gy': -28.38, 'gz': 1.16}, {'t_us': 219314263, 'ax': -1.94, 'ay': 0.13, 'az': -1.08, 'gx': -44.29, 'gy': -112.49, 'gz': -17.21}, {'t_us': 219334296, 'ax': -1.12, 'ay': -0.13, 'az': -0.8, 'gx': -30.76, 'gy': -58.49, 'gz': -14.89}]",2026-02-18 09:40:51,0.0
"[{'t_us': 219358911, 'ax': -0.93, 'ay': -0.03, 'az': -0.42, 'gx': -30.06, 'gy': 35.24, 'gz': -19.47}, {'t_us': 219374285, 'ax': -0.88, 'ay': -0.11, 'az': -0.3, 'gx': -47.39, 'gy': 24.02, 'gz': -26.14}, {'t_us': 219394288, 'ax': -0.72, 'ay': -0.06, 'az': -0.37, 'gx': -68.58, 'gy': 7.53, 'gz': -26.44}, {'t_us': 219414296, 'ax': -0.51, 'ay': -0.05, 'az': -0.49, 'gx': -66.29, 'gy': 34.02, 'gz': -27.62}, {'t_us': 219434299, 'ax': -0.42, 'ay': -0.05, 'az': -0.47, 'gx': -57.31, 'gy': 14.37, 'gz': -30.05}]",2026-02-18 09:40:51,0.0
"[{'t_us': 219460437, 'ax': -0.26, 'ay': -0.15, 'az': -0.2, 'gx': -52.46, 'gy': -48.52, 'gz': -26.4}, {'t_us': 219474254, 'ax': -0.14, 'ay': -0.14, 'az': -0.15, 'gx': -46.31, 'gy': -59.01, 'gz': -25.62}, {'t_us': 219494276, 'ax': 0.05, 'ay': -0.13, 'az': -0.17, 'gx': -31.85, 'gy': -47.3, 'gz': -25.34}, {'t_us': 219514311, 'ax': 0.12, 'ay': -0.02, 'az': -0.2, 'gx': -21.11, 'gy': -23.74, 'gz': -19.77}, {'t_us': 219534303, 'ax': 0.0, 'ay': 0.05, 'az': -0.29, 'gx': -26.03, 'gy': -20.89, 'gz': -19.79}]",2026-02-18 09:40:51,0.0
"[{'t_us': 219559130, 'ax': -0.06, 'ay': 0.13, 'az': -0.36, 'gx': -32.92, 'gy': -14.4, 'gz': -24.67}, {'t_us': 219574291, 'ax': -0.1, 'ay': 0.1, 'az': -0.45, 'gx': -33.98, 'gy': -5.59, 'gz': -22.89}, {'t_us': 219594291, 'ax': -0.35, 'ay': -0.02, 'az': -0.61, 'gx': -48.78, 'gy': 1.74, 'gz': -17.31}, {'t_us': 219614281, 'ax': -0.88, 'ay': -0.28, 'az': -0.58, 'gx': -55.15, 'gy': 43.77, 'gz': 12.15}, {'t_us': 219634304, 'ax': -1.75, 'ay': -0.38, 'az': -0.52, 'gx': -39.79, 'gy': 44.78, 'gz': 40.99}]",2026-02-18 09:40:51,0.0
"[{'t_us': 219660212, 'ax': -1.85, 'ay': -0.7, 'az': -0.71, 'gx': 25.66, 'gy': -23.6, 'gz': 44.05}, {'t_us': 219674321, 'ax': -2.0, 'ay': -0.73, 'az': -0.95, 'gx': 70.12, 'gy': -31.21, 'gz': 26.73}, {'t_us': 219694315, 'ax': -2.0, 'ay': -0.75, 'az': -0.53, 'gx': 61.1, 'gy': 0.78, 'gz': 2.93}, {'t_us': 219714296, 'ax': -1.78, 'ay': -0.4, 'az': -0.88, 'gx': 52.29, 'gy': 20.58, 'gz': 3.11}, {'t_us': 219734296, 'ax': -1.72, 'ay': -0.22, 'az': -0.71, 'gx': 69.56, 'gy': -8.18, 'gz': 8.18}]",2026-02-18 09:40:51,0.0
"[{'t_us': 219758832, 'ax': -1.52, 'ay': -0.2, 'az': -0.51, 'gx': 74.63, 'gy': 10.43, 'gz': 3.16}, {'t_us': 219774299, 'ax': -1.33, 'ay': -0.23, 'az': -0.48, 'gx': 68.75, 'gy': 23.83, 'gz': 2.6}, {'t_us': 219794299, 'ax': -1.23, 'ay': -0.17, 'az': -0.32, 'gx': 56.69, 'gy': 29.19, 'gz': 5.07}, {'t_us': 219814274, 'ax': -0.99, 'ay': -0.16, 'az': -0.28, 'gx': 47.88, 'gy': 37.48, 'gz': 12.14}, {'t_us': 219834271, 'ax': -0.8, 'ay': -0.13, 'az': -0.18, 'gx': 49.25, 'gy': 39.69, 'gz': 23.36}]",2026-02-18 09:40:52,0.0
"[{'t_us': 219858818, 'ax': -0.56, 'ay': -0.1, 'az': -0.15, 'gx': 47.86, 'gy': 22.52, 'gz': 28.85}, {'t_us': 219874255, 'ax': -0.39, 'ay': -0.03, 'az': -0.19, 'gx': 41.97, 'gy': 0.27, 'gz': 24.03}, {'t_us': 219894291, 'ax': -0.21, 'ay': -0.03, 'az': -0.17, 'gx': 35.82, 'gy': -10.26, 'gz': 14.52}, {'t_us': 219914311, 'ax': -0.11, 'ay': -0.06, 'az': -0.17, 'gx': 26.79, 'gy': -30.32, 'gz': 7.21}, {'t_us': 219934262, 'ax': -0.03, 'ay': -0.08, 'az': -0.2, 'gx': 18.64, 'gy': -52.56, 'gz': 6.18}]",2026-02-18 09:40:52,0.0
"[{'t_us': 219959029, 'ax': 0.01, 'ay': -0.05, 'az': -0.14, 'gx': 11.82, 'gy': -50.24, 'gz': 5.04}, {'t_us': 219974255, 'ax': -0.02, 'ay': -0.02, 'az': -0.12, 'gx': 3.57, 'gy': -41.65, 'gz': 3.07}, {'t_us': 219994308, 'ax': -0.04, 'ay': 0.02, 'az': -0.23, 'gx': -10.87, 'gy': -26.43, 'gz': -1.89}, {'t_us': 220014304, 'ax': -0.24, 'ay': -0.04, 'az': -0.38, 'gx': -31.36, 'gy': -12.58, 'gz': -2.84}, {'t_us': 220034331, 'ax': -0.69, 'ay': -0.1, 'az': -0.79, 'gx': -41.66, 'gy': 23.34, 'gz': 1.68}]",2026-02-18 09:40:52,0.0
"[{'t_us': 220060359, 'ax': -1.25, 'ay': 0.08, 'az': -1.07, 'gx': 9.73, 'gy': 65.42, 'gz': 3.37}, {'t_us': 220074308, 'ax': -1.49, 'ay': 0.08, 'az': -0.62, 'gx': 22.6, 'gy': 100.02, 'gz': 1.77}, {'t_us': 220094304, 'ax': -2.0, 'ay': 0.11, 'az': 0.15, 'gx': -12.44, 'gy': 88.26, 'gz': -6.06}, {'t_us': 220114296, 'ax': -1.86, 'ay': 0.2, 'az': -0.21, 'gx': -97.71, 'gy': 37.27, 'gz': -30.14}, {'t_us': 220134255, 'ax': -2.0, 'ay': 0.06, 'az': -1.33, 'gx': -81.33, 'gy': 1.8, 'gz': -3.79}]",2026-02-18 09:40:52,0.0
"[{'t_us': 220160348, 'ax': -1.66, 'ay': -0.0, 'az': -0.67, 'gx': -62.15, 'gy': -119.21, 'gz': -19.97}, {'t_us': 220174271, 'ax': -1.21, 'ay': -0.03, 'az': -0.38, 'gx': -65.97, 'gy': -41.56, 'gz': -18.26}, {'t_us': 220194276, 'ax': -1.25, 'ay': 0.06, 'az': -0.44, 'gx': -72.46, 'gy': 36.2, 'gz': -19.44}, {'t_us': 220214304, 'ax': -1.2, 'ay': 0.01, 'az': -0.47, 'gx': -72.6, 'gy': 34.06, 'gz': -23.24}, {'t_us': 220234309, 'ax': -1.04, 'ay': -0.1, 'az': -0.41, 'gx': -70.85, 'gy': 28.64, 'gz': -28.89}]",2026-02-18 09:40:52,0.0
"[{'t_us': 220260681, 'ax': -0.74, 'ay': -0.17, 'az': -0.39, 'gx': -62.09, 'gy': 18.84, 'gz': -28.89}, {'t_us': 220274295, 'ax': -0.56, 'ay': -0.19, 'az': -0.44, 'gx': -55.59, 'gy': 10.49, 'gz': -24.47}, {'t_us': 220294319, 'ax': -0.38, 'ay': -0.13, 'az': -0.31, 'gx': -43.28, 'gy': -6.78, 'gz': -17.77}, {'t_us': 220314315, 'ax': -0.21, 'ay': -0.11, 'az': -0.28, 'gx': -37.94, 'gy': -16.96, 'gz': -11.85}, {'t_us': 220334281, 'ax': -0.07, 'ay': -0.08, 'az': -0.28, 'gx': -33.13, 'gy': -21.74, 'gz': -9.11}]",2026-02-18 09:40:52,0.0
"[{'t_us': 220359000, 'ax': 0.07, 'ay': -0.08, 'az': -0.28, 'gx': -20.56, 'gy': -23.95, 'gz': -5.95}, {'t_us': 220374319, 'ax': 0.09, 'ay': -0.08, 'az': -0.3, 'gx': -10.02, 'gy': -16.61, 'gz': -3.27}, {'t_us': 220394299, 'ax': 0.07, 'ay': -0.03, 'az': -0.4, 'gx': 1.94, 'gy': -19.8, 'gz': -2.11}, {'t_us': 220414299, 'ax': -0.07, 'ay': -0.09, 'az': -0.49, 'gx': 2.96, 'gy': -24.63, 'gz': -1.21}, {'t_us': 220434311, 'ax': -0.35, 'ay': -0.22, 'az': -0.57, 'gx': -0.09, 'gy': -11.05, 'gz': 6.69}]",2026-02-18 09:40:52,0.0
"[{'t_us': 220460590, 'ax': -1.3, 'ay': -0.38, 'az': -0.66, 'gx': 9.3, 'gy': 59.24, 'gz': 37.24}, {'t_us': 220474299, 'ax': -1.71, 'ay': -0.35, 'az': -0.6, 'gx': 23.97, 'gy': 39.24, 'gz': 39.13}, {'t_us': 220494296, 'ax': -2.0, 'ay': -0.7, 'az': -0.23, 'gx': 39.66, 'gy': 26.79, 'gz': 19.79}, {'t_us': 220514296, 'ax': -1.68, 'ay': -0.69, 'az': -1.1, 'gx': 43.36, 'gy': 62.15, 'gz': 25.77}, {'t_us': 220534291, 'ax': -2.0, 'ay': -0.42, 'az': -1.03, 'gx': 69.25, 'gy': -19.94, 'gz': 22.11}]",2026-02-18 09:40:52,0.0
"[{'t_us': 220559238, 'ax': -1.49, 'ay': -0.25, 'az': -0.47, 'gx': 66.53, 'gy': 0.15, 'gz': 16.56}, {'t_us': 220574314, 'ax': -1.46, 'ay': -0.22, 'az': -0.43, 'gx': 55.69, 'gy': 21.62, 'gz': 14.05}, {'t_us': 220594296, 'ax': -1.27, 'ay': -0.23, 'az': -0.4, 'gx': 40.5, 'gy': 33.98, 'gz': 13.5}, {'t_us': 220614319, 'ax': -1.04, 'ay': -0.2, 'az': -0.52, 'gx': 44.7, 'gy': 55.57, 'gz': 18.2}, {'t_us': 220634308, 'ax': -0.85, 'ay': -0.12, 'az': -0.45, 'gx': 64.26, 'gy': 77.31, 'gz': 20.31}]",2026-02-18 09:40:52,0.0
"[{'t_us': 220660727, 'ax': -0.61, 'ay': -0.04, 'az': -0.3, 'gx': 75.66, 'gy': 91.05, 'gz': 18.05}, {'t_us': 220674263, 'ax': -0.52, 'ay': -0.02, 'az': -0.21, 'gx': 74.61, 'gy': 89.22, 'gz': 15.57}, {'t_us': 220694308, 'ax': -0.35, 'ay': 0.04, 'az': -0.14, 'gx': 64.17, 'gy': 77.83, 'gz': 11.69}, {'t_us': 220714304, 'ax': -0.16, 'ay': 0.07, 'az': -0.17, 'gx': 45.51, 'gy': 43.04, 'gz': 8.35}, {'t_us': 220734291, 'ax': -0.02, 'ay': 0.07, 'az': -0.19, 'gx': 33.28, 'gy': 11.79, 'gz': 1.98}]",2026-02-18 09:40:52,0.0
"[{'t_us': 220760716, 'ax': 0.04, 'ay': 0.03, 'az': -0.2, 'gx': 23.36, 'gy': -4.64, 'gz': -3.8}, {'t_us': 220774290, 'ax': 0.09, 'ay': -0.02, 'az': -0.22, 'gx': 22.23, 'gy': -19.24, 'gz': -4.81}, {'t_us': 220794296, 'ax': 0.13, 'ay': -0.06, 'az': -0.19, 'gx': 11.85, 'gy': -36.78, 'gz': -0.53}, {'t_us': 220814296, 'ax': -0.03, 'ay': -0.04, 'az': -0.27, 'gx': -7.79, 'gy': -30.47, 'gz': 3.24}, {'t_us': 220834254, 'ax': -0.38, 'ay': -0.25, 'az': -0.71, 'gx': -32.0, 'gy': -31.91, 'gz': 9.42}]",2026-02-18 09:40:53,
"[{'t_us': 220862983, 'ax': -2.0, 'ay': -0.05, 'az': -1.54, 'gx': 35.05, 'gy': 48.27, 'gz': -8.58}, {'t_us': 220874255, 'ax': -1.94, 'ay': 0.31, 'az': -1.19, 'gx': 51.31, 'gy': 152.58, 'gz': -38.99}, {'t_us': 220894304, 'ax': -2.0, 'ay': 0.18, 'az': 0.71, 'gx': -64.37, 'gy': -30.47, 'gz': -75.33}, {'t_us': 220914304, 'ax': -0.77, 'ay': 0.29, 'az': -1.08, 'gx': -155.33, 'gy': 28.08, 'gz': -35.25}, {'t_us': 220934262, 'ax': -2.0, 'ay': 0.6, 'az': -1.66, 'gx': -135.16, 'gy': -48.09, 'gz': -21.68}]",2026-02-18 09:40:53,0.0
"[{'t_us': 220958864, 'ax': -1.55, 'ay': -0.0, 'az': -1.05, 'gx': -93.95, 'gy': -91.94, 'gz': -31.28}, {'t_us': 220974281, 'ax': -1.14, 'ay': -0.11, 'az': -0.94, 'gx': -90.14, 'gy': -21.31, 'gz': -20.78}, {'t_us': 220994281, 'ax': -1.17, 'ay': -0.21, 'az': -0.88, 'gx': -82.0, 'gy': 20.75, 'gz': -18.84}, {'t_us': 221014304, 'ax': -1.17, 'ay': -0.26, 'az': -0.58, 'gx': -82.34, 'gy': 14.37, 'gz': -21.57}, {'t_us': 221034255, 'ax': -1.08, 'ay': -0.22, 'az': -0.3, 'gx': -93.98, 'gy': -1.33, 'gz': -31.19}]",2026-02-18 09:40:53,0.0
"[{'t_us': 221060890, 'ax': -0.83, 'ay': -0.08, 'az': -0.28, 'gx': -92.82, 'gy': -8.43, 'gz': -43.65}, {'t_us': 221074261, 'ax': -0.74, 'ay': -0.02, 'az': -0.24, 'gx': -90.5, 'gy': -23.6, 'gz': -47.68}, {'t_us': 221094263, 'ax': -0.47, 'ay': 0.06, 'az': -0.21, 'gx': -80.52, 'gy': -37.37, 'gz': -48.73}, {'t_us': 221114255, 'ax': -0.27, 'ay': 0.09, 'az': -0.27, 'gx': -72.34, 'gy': -35.91, 'gz': -46.63}, {'t_us': 221134288, 'ax': -0.12, 'ay': 0.12, 'az': -0.31, 'gx': -71.07, 'gy': -42.82, 'gz': -45.37}]",2026-02-18 09:40:53,0.0
"[{'t_us': 221159181, 'ax': -0.05, 'ay': 0.08, 'az': -0.32, 'gx': -63.19, 'gy': -56.95, 'gz': -43.51}, {'t_us': 221174299, 'ax': -0.04, 'ay': 0.02, 'az': -0.29, 'gx': -55.08, 'gy': -59.05, 'gz': -41.86}, {'t_us': 221194299, 'ax': -0.05, 'ay': -0.06, 'az': -0.28, 'gx': -40.05, 'gy': -41.88, 'gz': -39.53}, {'t_us': 221214319, 'ax': -0.08, 'ay': -0.12, 'az': -0.37, 'gx': -15.88, 'gy': -18.67, 'gz': -34.43}, {'t_us': 221234315, 'ax': -0.14, 'ay': -0.21, 'az': -0.61, 'gx': 11.24, 'gy': -20.29, 'gz': -22.6}]",2026-02-18 09:40:53,0.0
"[{'t_us': 221259585, 'ax': -0.63, 'ay': -0.54, 'az': -1.11, 'gx': 51.16, 'gy': -24.35, 'gz': 4.64}, {'t_us': 221274276, 'ax': -1.01, 'ay': -0.66, 'az': -1.16, 'gx': 69.42, 'gy': -2.66, 'gz': 32.55}, {'t_us': 221294304, 'ax': -2.0, 'ay': -0.64, 'az': -0.57, 'gx': 60.92, 'gy': 2.18, 'gz': 39.02}, {'t_us': 221314304, 'ax': -2.0, 'ay': -0.51, 'az': -0.16, 'gx': 27.53, 'gy': 35.24, 'gz': 4.87}, {'t_us': 221334284, 'ax': -1.69, 'ay': -0.22, 'az': -1.26, 'gx': 39.27, 'gy': 96.11, 'gz': 13.86}]",2026-02-18 09:40:53,0.0
"[{'t_us': 221360713, 'ax': -1.9, 'ay': -0.03, 'az': -0.73, 'gx': 46.5, 'gy': -71.83, 'gz': -0.34}, {'t_us': 221374266, 'ax': -1.37, 'ay': -0.17, 'az': -0.45, 'gx': 31.59, 'gy': -64.29, 'gz': 3.3}, {'t_us': 221394276, 'ax': -1.2, 'ay': -0.17, 'az': -0.33, 'gx': 17.79, 'gy': -10.53, 'gz': 4.52}, {'t_us': 221414304, 'ax': -1.16, 'ay': -0.05, 'az': -0.24, 'gx': 26.72, 'gy': 14.2, 'gz': 7.65}, {'t_us': 221434311, 'ax': -0.95, 'ay': -0.04, 'az': -0.18, 'gx': 28.58, 'gy': 37.56, 'gz': 8.03}]",2026-02-18 09:40:53,0.0
"[{'t_us': 221460706, 'ax': -0.75, 'ay': 0.06, 'az': -0.26, 'gx': 4.7, 'gy': 34.09, 'gz': -5.44}, {'t_us': 221474303, 'ax': -0.53, 'ay': 0.1, 'az': -0.28, 'gx': -13.33, 'gy': 2.26, 'gz': -13.31}, {'t_us': 221494308, 'ax': -0.24, 'ay': 0.12, 'az': -0.2, 'gx': -26.37, 'gy': -23.82, 'gz': -17.31}, {'t_us': 221514276, 'ax': -0.1, 'ay': 0.15, 'az': -0.19, 'gx': -38.84, 'gy': -40.79, 'gz': -19.51}, {'t_us': 221534288, 'ax': -0.03, 'ay': 0.14, 'az': -0.27, 'gx': -48.6, 'gy': -47.86, 'gz': -25.02}]",2026-02-18 09:40:53,0.0
"[{'t_us': 221559272, 'ax': 0.01, 'ay': 0.08, 'az': -0.21, 'gx': -68.11, 'gy': -62.34, 'gz': -29.69}, {'t_us': 221574276, 'ax': 0.05, 'ay': 0.03, 'az': -0.21, 'gx': -79.34, 'gy': -67.33, 'gz': -32.52}, {'t_us': 221594299, 'ax': 0.04, 'ay': 0.02, 'az': -0.29, 'gx': -95.71, 'gy': -66.03, 'gz': -39.24}, {'t_us': 221614324, 'ax': -0.02, 'ay': -0.05, 'az': -0.43, 'gx': -121.39, 'gy': -57.94, 'gz': -42.17}, {'t_us': 221634308, 'ax': -0.5, 'ay': -0.28, 'az': -1.0, 'gx': -140.96, 'gy': -3.94, 'gz': -25.83}]",2026-02-18 09:40:53,0.0
"[{'t_us': 221658911, 'ax': -1.73, 'ay': 0.11, 'az': -0.95, 'gx': -86.37, 'gy': 124.38, 'gz': -12.26}, {'t_us': 221674994, 'ax': -2.0, 'ay': 0.39, 'az': -0.72, 'gx': -65.39, 'gy': 232.34, 'gz': -26.95}, {'t_us': 221694291, 'ax': -2.0, 'ay': -0.02, 'az': 0.86, 'gx': -148.87, 'gy': -7.25, 'gz': -101.1}, {'t_us': 221714311, 'ax': -1.65, 'ay': 0.07, 'az': -1.36, 'gx': -165.92, 'gy': 22.08, 'gz': -41.18}, {'t_us': 221734276, 'ax': -2.0, 'ay': 0.08, 'az': -1.33, 'gx': -116.08, 'gy': -105.68, 'gz': -34.08}]",2026-02-18 09:40:53,0.0
"[{'t_us': 221759755, 'ax': -1.27, 'ay': -0.07, 'az': -0.61, 'gx': -94.92, 'gy': -105.85, 'gz': -29.83}, {'t_us': 221774288, 'ax': -1.18, 'ay': -0.07, 'az': -0.4, 'gx': -95.63, 'gy': -22.31, 'gz': -31.98}, {'t_us': 221794263, 'ax': -1.18, 'ay': 0.03, 'az': -0.39, 'gx': -109.36, 'gy': 13.89, 'gz': -39.98}, {'t_us': 221814271, 'ax': -0.99, 'ay': 0.06, 'az': -0.46, 'gx': -105.91, 'gy': 21.76, 'gz': -49.85}, {'t_us': 221834303, 'ax': -0.76, 'ay': -0.03, 'az': -0.41, 'gx': -103.11, 'gy': 11.8, 'gz': -56.78}]",2026-02-18 09:40:54,0.0
"[{'t_us': 221861104, 'ax': -0.48, 'ay': -0.06, 'az': -0.24, 'gx': -103.86, 'gy': -16.02, 'gz': -59.56}, {'t_us': 221874590, 'ax': -0.32, 'ay': -0.03, 'az': -0.21, 'gx': -99.25, 'gy': -29.44, 'gz': -56.92}, {'t_us': 221894315, 'ax': -0.07, 'ay': 0.01, 'az': -0.28, 'gx': -88.44, 'gy': -15.44, 'gz': -49.98}, {'t_us': 221914276, 'ax': 0.04, 'ay': 0.0, 'az': -0.39, 'gx': -74.67, 'gy': -12.46, 'gz': -44.38}, {'t_us': 221934308, 'ax': 0.09, 'ay': 0.02, 'az': -0.39, 'gx': -64.9, 'gy': -37.74, 'gz': -43.33}]",2026-02-18 09:40:54,0.0
"[{'t_us': 221961706, 'ax': 0.19, 'ay': 0.0, 'az': -0.29, 'gx': -52.56, 'gy': -75.8, 'gz': -45.19}, {'t_us': 221974299, 'ax': 0.07, 'ay': -0.02, 'az': -0.32, 'gx': -50.4, 'gy': -40.53, 'gz': -42.02}, {'t_us': 221994299, 'ax': -0.23, 'ay': -0.17, 'az': -0.64, 'gx': -45.42, 'gy': -6.92, 'gz': -35.45}, {'t_us': 222014319, 'ax': -0.87, 'ay': -0.48, 'az': -0.88, 'gx': -21.62, 'gy': 32.4, 'gz': -0.31}, {'t_us': 222034299, 'ax': -1.6, 'ay': -0.65, 'az': -0.85, 'gx': 14.44, 'gy': 85.01, 'gz': 36.31}]",2026-02-18 09:40:54,0.0
"[{'t_us': 222060399, 'ax': -2.0, 'ay': -0.82, 'az': -0.23, 'gx': 0.6, 'gy': 64.52, 'gz': 5.68}, {'t_us': 222074331, 'ax': -1.46, 'ay': -0.57, 'az': -1.14, 'gx': -3.04, 'gy': 105.63, 'gz': 13.8}, {'t_us': 222094271, 'ax': -2.0, 'ay': -0.18, 'az': -1.32, 'gx': 5.25, 'gy': 0.0, 'gz': -1.24}, {'t_us': 222114276, 'ax': -1.66, 'ay': -0.12, 'az': -0.72, 'gx': 8.29, 'gy': -83.34, 'gz': -7.37}, {'t_us': 222134268, 'ax': -1.25, 'ay': -0.16, 'az': -0.45, 'gx': -0.82, 'gy': -27.44, 'gz': -11.77}]",2026-02-18 09:40:54,0.0
"[{'t_us': 222158831, 'ax': -1.08, 'ay': -0.22, 'az': -0.36, 'gx': -7.36, 'gy': 15.88, 'gz': -7.5}, {'t_us': 222174715, 'ax': -0.98, 'ay': -0.2, 'az': -0.37, 'gx': -6.31, 'gy': 29.71, 'gz': -0.17}, {'t_us': 222194299, 'ax': -0.83, 'ay': -0.1, 'az': -0.28, 'gx': -4.4, 'gy': 33.15, 'gz': 0.84}, {'t_us': 222214319, 'ax': -0.66, 'ay': -0.01, 'az': -0.14, 'gx': -9.83, 'gy': 41.4, 'gz': -2.79}, {'t_us': 222234308, 'ax': -0.42, 'ay': 0.05, 'az': -0.12, 'gx': -22.34, 'gy': 32.76, 'gz': -6.44}]",2026-02-18 09:40:54,0.0
"[{'t_us': 222260411, 'ax': -0.2, 'ay': 0.03, 'az': -0.19, 'gx': -41.54, 'gy': -6.35, 'gz': -6.69}, {'t_us': 222274308, 'ax': -0.13, 'ay': 0.04, 'az': -0.21, 'gx': -48.09, 'gy': -28.69, 'gz': -7.37}, {'t_us': 222294288, 'ax': -0.06, 'ay': 0.08, 'az': -0.22, 'gx': -54.44, 'gy': -50.4, 'gz': -14.06}, {'t_us': 222314308, 'ax': 0.02, 'ay': 0.06, 'az': -0.21, 'gx': -62.85, 'gy': -59.71, 'gz': -21.33}, {'t_us': 222334311, 'ax': -0.07, 'ay': -0.03, 'az': -0.25, 'gx': -65.5, 'gy': -44.89, 'gz': -24.21}]",2026-02-18 09:40:54,0.0
"[{'t_us': 222360481, 'ax': -0.18, 'ay': -0.13, 'az': -0.31, 'gx': -62.4, 'gy': -44.95, 'gz': -29.65}, {'t_us': 222374621, 'ax': -0.16, 'ay': -0.17, 'az': -0.39, 'gx': -60.06, 'gy': -30.09, 'gz': -29.6}, {'t_us': 222394296, 'ax': -0.51, 'ay': -0.34, 'az': -0.69, 'gx': -59.98, 'gy': 36.98, 'gz': -25.37}, {'t_us': 222414319, 'ax': -1.37, 'ay': -0.27, 'az': -1.28, 'gx': -29.16, 'gy': 73.16, 'gz': -14.47}, {'t_us': 222434303, 'ax': -2.0, 'ay': -0.03, 'az': -0.74, 'gx': -8.66, 'gy': 62.47, 'gz': -15.51}]",2026-02-18 09:40:54,0.0
"[{'t_us': 222460439, 'ax': -1.24, 'ay': -0.08, 'az': -0.24, 'gx': -103.62, 'gy': -7.73, 'gz': -20.85}, {'t_us': 222474281, 'ax': -2.0, 'ay': 0.19, 'az': -1.02, 'gx': -94.63, 'gy': 36.02, 'gz': -6.96}, {'t_us': 222494315, 'ax': -2.0, 'ay': 0.11, 'az': -1.16, 'gx': -94.26, 'gy': -109.51, 'gz': -12.43}, {'t_us': 222514276, 'ax': -1.63, 'ay': -0.07, 'az': -0.67, 'gx': -83.04, 'gy': -96.31, 'gz': -12.06}, {'t_us': 222534255, 'ax': -1.26, 'ay': -0.07, 'az': -0.54, 'gx': -75.36, 'gy': -7.56, 'gz': -19.07}]",2026-02-18 09:40:54,0.0
"[{'t_us': 222561023, 'ax': -1.16, 'ay': 0.05, 'az': -0.64, 'gx': -77.25, 'gy': 70.15, 'gz': -31.08}, {'t_us': 222574319, 'ax': -1.09, 'ay': 0.02, 'az': -0.55, 'gx': -83.69, 'gy': 47.73, 'gz': -36.76}, {'t_us': 222594256, 'ax': -0.86, 'ay': -0.05, 'az': -0.37, 'gx': -92.58, 'gy': 6.61, 'gz': -42.35}, {'t_us': 222614271, 'ax': -0.61, 'ay': -0.16, 'az': -0.33, 'gx': -99.83, 'gy': -3.91, 'gz': -47.21}, {'t_us': 222634319, 'ax': -0.39, 'ay': -0.18, 'az': -0.28, 'gx': -98.73, 'gy': -25.91, 'gz': -41.63}]",2026-02-18 09:40:54,0.0
"[{'t_us': 222658669, 'ax': -0.15, 'ay': -0.08, 'az': -0.29, 'gx': -79.48, 'gy': -32.98, 'gz': -27.37}, {'t_us': 222674281, 'ax': -0.04, 'ay': -0.03, 'az': -0.31, 'gx': -67.34, 'gy': -27.4, 'gz': -22.95}, {'t_us': 222694319, 'ax': 0.02, 'ay': -0.02, 'az': -0.34, 'gx': -57.33, 'gy': -23.6, 'gz': -21.51}, {'t_us': 222714303, 'ax': 0.1, 'ay': -0.03, 'az': -0.33, 'gx': -47.27, 'gy': -25.85, 'gz': -23.15}, {'t_us': 222734304, 'ax': 0.12, 'ay': -0.01, 'az': -0.38, 'gx': -35.16, 'gy': -34.08, 'gz': -21.36}]",2026-02-18 09:40:54,0.0
"[{'t_us': 222758543, 'ax': 0.04, 'ay': -0.02, 'az': -0.4, 'gx': -18.15, 'gy': -25.28, 'gz': -15.76}, {'t_us': 222774262, 'ax': -0.05, 'ay': -0.05, 'az': -0.45, 'gx': -16.35, 'gy': -22.73, 'gz': -11.34}, {'t_us': 222794288, 'ax': -0.45, 'ay': -0.2, 'az': -0.71, 'gx': -26.34, 'gy': -18.96, 'gz': 0.53}, {'t_us': 222814308, 'ax': -1.56, 'ay': -0.53, 'az': -0.87, 'gx': -24.95, 'gy': 49.51, 'gz': 35.6}, {'t_us': 222834262, 'ax': -2.0, 'ay': -0.68, 'az': -0.47, 'gx': -5.08, 'gy': 55.88, 'gz': 42.69}]",2026-02-18 09:40:55,0.0
"[{'t_us': 222858893, 'ax': -1.49, 'ay': -0.69, 'az': -1.15, 'gx': 24.52, 'gy': 37.95, 'gz': -3.27}, {'t_us': 222874296, 'ax': -1.87, 'ay': -0.48, 'az': -1.11, 'gx': 43.6, 'gy': -11.83, 'gz': 2.5}, {'t_us': 222894387, 'ax': -1.65, 'ay': -0.18, 'az': -0.48, 'gx': 27.05, 'gy': -60.12, 'gz': -5.6}, {'t_us': 222914319, 'ax': -1.38, 'ay': -0.05, 'az': -0.44, 'gx': 13.77, 'gy': -11.6, 'gz': -10.37}, {'t_us': 222934276, 'ax': -1.29, 'ay': -0.13, 'az': -0.52, 'gx': 2.73, 'gy': -5.42, 'gz': -10.5}]",2026-02-18 09:40:55,0.0
"[{'t_us': 222958945, 'ax': -1.06, 'ay': -0.24, 'az': -0.38, 'gx': 9.34, 'gy': 39.85, 'gz': 1.8}, {'t_us': 222974291, 'ax': -0.91, 'ay': -0.25, 'az': -0.31, 'gx': 14.81, 'gy': 64.35, 'gz': 9.71}, {'t_us': 222994311, 'ax': -0.7, 'ay': -0.22, 'az': -0.29, 'gx': 10.44, 'gy': 72.67, 'gz': 9.54}, {'t_us': 223014276, 'ax': -0.55, 'ay': -0.11, 'az': -0.27, 'gx': 4.53, 'gy': 58.35, 'gz': 7.4}, {'t_us': 223034309, 'ax': -0.33, 'ay': -0.01, 'az': -0.2, 'gx': -5.44, 'gy': 24.41, 'gz': 2.63}]",2026-02-18 09:40:55,0.0
"[{'t_us': 223058743, 'ax': -0.19, 'ay': 0.06, 'az': -0.22, 'gx': -17.48, 'gy': -2.32, 'gz': -1.04}, {'t_us': 223074281, 'ax': -0.13, 'ay': 0.09, 'az': -0.25, 'gx': -22.5, 'gy': -24.38, 'gz': -8.87}, {'t_us': 223094287, 'ax': -0.07, 'ay': 0.1, 'az': -0.22, 'gx': -27.18, 'gy': -39.42, 'gz': -18.44}, {'t_us': 223114319, 'ax': -0.06, 'ay': 0.07, 'az': -0.18, 'gx': -39.88, 'gy': -44.96, 'gz': -26.23}, {'t_us': 223134255, 'ax': -0.04, 'ay': -0.01, 'az': -0.24, 'gx': -65.76, 'gy': -64.37, 'gz': -27.73}]",2026-02-18 09:40:55,0.0
"[{'t_us': 223158612, 'ax': -0.44, 'ay': -0.33, 'az': -0.56, 'gx': -88.82, 'gy': -48.05, 'gz': -28.29}, {'t_us': 223174299, 'ax': -1.16, 'ay': -0.5, 'az': -1.29, 'gx': -59.25, 'gy': -29.16, 'gz': -30.08}, {'t_us': 223194281, 'ax': -1.78, 'ay': -0.06, 'az': -0.92, 'gx': -35.76, 'gy': 76.18, 'gz': -27.48}, {'t_us': 223214315, 'ax': -1.81, 'ay': 0.04, 'az': -0.36, 'gx': -76.12, 'gy': 59.77, 'gz': -39.54}, {'t_us': 223234255, 'ax': -1.46, 'ay': 0.25, 'az': -0.61, 'gx': -114.26, 'gy': 20.87, 'gz': -16.18}]",2026-02-18 09:40:55,0.0
"[{'t_us': 223260435, 'ax': -1.91, 'ay': 0.37, 'az': -1.18, 'gx': -88.96, 'gy': -64.99, 'gz': 0.79}, {'t_us': 223275616, 'ax': -1.6, 'ay': -0.06, 'az': -0.96, 'gx': -67.07, 'gy': -49.16, 'gz': -10.93}, {'t_us': 223294314, 'ax': -1.26, 'ay': -0.15, 'az': -0.6, 'gx': -73.5, 'gy': 0.32, 'gz': -3.94}, {'t_us': 223314276, 'ax': -1.18, 'ay': 0.02, 'az': -0.5, 'gx': -84.89, 'gy': -5.95, 'gz': -2.38}, {'t_us': 223334312, 'ax': -0.98, 'ay': 0.09, 'az': -0.45, 'gx': -82.41, 'gy': 16.92, 'gz': -12.17}]",2026-02-18 09:40:55,0.0
"[{'t_us': 223358953, 'ax': -0.83, 'ay': 0.02, 'az': -0.47, 'gx': -73.77, 'gy': 32.67, 'gz': -26.93}, {'t_us': 223374257, 'ax': -0.67, 'ay': -0.1, 'az': -0.36, 'gx': -73.92, 'gy': 8.49, 'gz': -30.98}, {'t_us': 223394300, 'ax': -0.45, 'ay': -0.17, 'az': -0.16, 'gx': -79.18, 'gy': -25.68, 'gz': -34.24}, {'t_us': 223414315, 'ax': -0.26, 'ay': -0.18, 'az': -0.09, 'gx': -75.89, 'gy': -31.76, 'gz': -36.08}, {'t_us': 223434271, 'ax': -0.14, 'ay': -0.16, 'az': -0.17, 'gx': -59.98, 'gy': -14.35, 'gz': -38.47}]",2026-02-18 09:40:55,0.0
"[{'t_us': 223460394, 'ax': -0.13, 'ay': -0.06, 'az': -0.33, 'gx': -34.72, 'gy': -3.66, 'gz': -38.72}, {'t_us': 223474255, 'ax': -0.11, 'ay': -0.02, 'az': -0.39, 'gx': -24.66, 'gy': -4.0, 'gz': -35.33}, {'t_us': 223494271, 'ax': -0.14, 'ay': 0.06, 'az': -0.48, 'gx': -23.3, 'gy': -23.48, 'gz': -29.48}, {'t_us': 223514304, 'ax': -0.2, 'ay': 0.11, 'az': -0.37, 'gx': -31.11, 'gy': -30.37, 'gz': -27.18}, {'t_us': 223534304, 'ax': -0.28, 'ay': 0.12, 'az': -0.33, 'gx': -34.52, 'gy': -24.03, 'gz': -25.45}]",2026-02-18 09:40:55,0.0
"[{'t_us': 223559196, 'ax': -0.71, 'ay': -0.03, 'az': -0.69, 'gx': -35.83, 'gy': -4.14, 'gz': -16.64}, {'t_us': 223574304, 'ax': -1.49, 'ay': -0.27, 'az': -1.1, 'gx': -29.91, 'gy': -11.89, 'gz': -7.24}, {'t_us': 223594281, 'ax': -2.0, 'ay': -0.82, 'az': -0.67, 'gx': -0.58, 'gy': -49.77, 'gz': 3.57}, {'t_us': 223614296, 'ax': -1.46, 'ay': -0.9, 'az': -0.5, 'gx': 18.08, 'gy': -44.24, 'gz': 0.38}, {'t_us': 223634309, 'ax': -1.57, 'ay': -0.68, 'az': -0.91, 'gx': 45.1, 'gy': 29.53, 'gz': 0.52}]",2026-02-18 09:40:55,0.0
"[{'t_us': 223660372, 'ax': -1.67, 'ay': -0.14, 'az': -0.54, 'gx': 34.12, 'gy': -12.15, 'gz': -4.32}, {'t_us': 223674292, 'ax': -1.7, 'ay': 0.08, 'az': -0.47, 'gx': 23.68, 'gy': -0.55, 'gz': -8.7}, {'t_us': 223694291, 'ax': -1.46, 'ay': 0.12, 'az': -0.57, 'gx': 11.37, 'gy': -1.5, 'gz': -19.57}, {'t_us': 223714276, 'ax': -1.23, 'ay': -0.03, 'az': -0.38, 'gx': 4.93, 'gy': -9.3, 'gz': -18.38}, {'t_us': 223734302, 'ax': -0.92, 'ay': -0.2, 'az': -0.17, 'gx': 3.53, 'gy': 13.83, 'gz': -15.48}]",2026-02-18 09:40:55,0.0
"[{'t_us': 223760449, 'ax': -0.66, 'ay': -0.21, 'az': -0.14, 'gx': 4.37, 'gy': 52.99, 'gz': -3.47}, {'t_us': 223774288, 'ax': -0.55, 'ay': -0.2, 'az': -0.22, 'gx': 2.17, 'gy': 44.17, 'gz': 1.42}, {'t_us': 223794263, 'ax': -0.43, 'ay': -0.05, 'az': -0.15, 'gx': -1.82, 'gy': 19.85, 'gz': 4.7}, {'t_us': 223814319, 'ax': -0.28, 'ay': -0.02, 'az': -0.11, 'gx': -7.07, 'gy': 6.84, 'gz': 5.18}, {'t_us': 223834281, 'ax': -0.18, 'ay': 0.0, 'az': -0.21, 'gx': -9.1, 'gy': -5.15, 'gz': 3.71}]",2026-02-18 09:40:56,0.0
"[{'t_us': 223860463, 'ax': -0.1, 'ay': 0.0, 'az': -0.25, 'gx': -6.89, 'gy': -41.02, 'gz': -1.53}, {'t_us': 223874263, 'ax': -0.01, 'ay': -0.05, 'az': -0.23, 'gx': -9.66, 'gy': -45.4, 'gz': -3.24}, {'t_us': 223894271, 'ax': -0.02, 'ay': -0.1, 'az': -0.2, 'gx': -15.05, 'gy': -46.72, 'gz': -3.19}, {'t_us': 223914276, 'ax': -0.17, 'ay': -0.15, 'az': -0.27, 'gx': -20.46, 'gy': -40.92, 'gz': -5.24}, {'t_us': 223934281, 'ax': -0.28, 'ay': -0.21, 'az': -0.36, 'gx': -19.01, 'gy': -37.11, 'gz': -7.73}]",2026-02-18 09:40:56,0.0
"[{'t_us': 223960913, 'ax': -0.91, 'ay': -0.41, 'az': -1.09, 'gx': -18.58, 'gy': 56.84, 'gz': -14.63}, {'t_us': 223974255, 'ax': -1.75, 'ay': -0.19, 'az': -1.06, 'gx': -25.57, 'gy': 60.08, 'gz': -13.11}, {'t_us': 223994319, 'ax': -2.0, 'ay': 0.49, 'az': -0.1, 'gx': -81.21, 'gy': 26.17, 'gz': -64.5}, {'t_us': 224014311, 'ax': -1.14, 'ay': 0.37, 'az': -0.64, 'gx': -119.63, 'gy': 14.38, 'gz': -39.1}, {'t_us': 224034276, 'ax': -1.92, 'ay': 0.4, 'az': -0.97, 'gx': -131.85, 'gy': -49.07, 'gz': -15.16}]",2026-02-18 09:40:56,0.0
"[{'t_us': 224060417, 'ax': -1.67, 'ay': -0.06, 'az': -0.87, 'gx': -110.79, 'gy': -74.32, 'gz': -24.38}, {'t_us': 224074308, 'ax': -1.4, 'ay': -0.16, 'az': -0.72, 'gx': -102.26, 'gy': -11.13, 'gz': -24.73}, {'t_us': 224094276, 'ax': -1.24, 'ay': -0.16, 'az': -0.63, 'gx': -101.19, 'gy': 34.82, 'gz': -16.6}, {'t_us': 224114311, 'ax': -1.26, 'ay': -0.08, 'az': -0.36, 'gx': -108.87, 'gy': 25.65, 'gz': -13.69}, {'t_us': 224134299, 'ax': -1.11, 'ay': -0.03, 'az': -0.53, 'gx': -110.84, 'gy': 35.56, 'gz': -21.33}]",2026-02-18 09:40:56,0.0
"[{'t_us': 224158685, 'ax': -0.89, 'ay': -0.1, 'az': -0.51, 'gx': -94.11, 'gy': 27.57, 'gz': -41.04}, {'t_us': 224174291, 'ax': -0.66, 'ay': -0.15, 'az': -0.39, 'gx': -82.08, 'gy': 15.19, 'gz': -42.92}, {'t_us': 224194291, 'ax': -0.45, 'ay': -0.11, 'az': -0.23, 'gx': -71.45, 'gy': 7.02, 'gz': -36.87}, {'t_us': 224214262, 'ax': -0.32, 'ay': -0.07, 'az': -0.16, 'gx': -69.36, 'gy': -3.02, 'gz': -33.19}, {'t_us': 224234304, 'ax': -0.2, 'ay': -0.04, 'az': -0.15, 'gx': -62.81, 'gy': -4.55, 'gz': -34.09}]",2026-02-18 09:40:56,0.0
"[{'t_us': 224260602, 'ax': -0.1, 'ay': -0.01, 'az': -0.29, 'gx': -53.89, 'gy': -7.19, 'gz': -33.45}, {'t_us': 224274301, 'ax': -0.06, 'ay': 0.0, 'az': -0.36, 'gx': -48.85, 'gy': -5.18, 'gz': -32.55}, {'t_us': 224294299, 'ax': -0.04, 'ay': 0.01, 'az': -0.35, 'gx': -41.18, 'gy': -4.11, 'gz': -33.89}, {'t_us': 224314319, 'ax': -0.03, 'ay': 0.0, 'az': -0.37, 'gx': -37.24, 'gy': -4.75, 'gz': -33.21}, {'t_us': 224334255, 'ax': -0.07, 'ay': -0.06, 'az': -0.55, 'gx': -35.56, 'gy': -18.38, 'gz': -29.65}]",2026-02-18 09:40:56,0.0
"[{'t_us': 224360652, 'ax': -0.54, 'ay': -0.26, 'az': -0.9, 'gx': -29.16, 'gy': -23.51, 'gz': -3.48}, {'t_us': 224374254, 'ax': -1.15, 'ay': -0.49, 'az': -1.14, 'gx': -25.24, 'gy': -11.22, 'gz': 20.7}, {'t_us': 224394291, 'ax': -2.0, 'ay': -0.68, 'az': -0.56, 'gx': -0.37, 'gy': -22.35, 'gz': 34.08}, {'t_us': 224414291, 'ax': -1.58, 'ay': -0.88, 'az': 0.02, 'gx': -5.15, 'gy': -5.3, 'gz': -5.97}, {'t_us': 224434271, 'ax': -1.54, 'ay': -0.53, 'az': -1.08, 'gx': 28.53, 'gy': 85.48, 'gz': 19.98}]",2026-02-18 09:40:56,0.0
"[{'t_us': 224460419, 'ax': -1.96, 'ay': -0.16, 'az': -0.8, 'gx': 24.53, 'gy': -45.04, 'gz': 11.11}, {'t_us': 224474276, 'ax': -1.69, 'ay': -0.11, 'az': -0.57, 'gx': 13.63, 'gy': -41.01, 'gz': 5.28}, {'t_us': 224494291, 'ax': -1.33, 'ay': -0.08, 'az': -0.6, 'gx': 4.12, 'gy': -7.28, 'gz': -0.37}, {'t_us': 224514291, 'ax': -1.12, 'ay': -0.16, 'az': -0.4, 'gx': 8.5, 'gy': 6.98, 'gz': 1.76}, {'t_us': 224534255, 'ax': -1.0, 'ay': -0.15, 'az': -0.3, 'gx': 14.49, 'gy': 44.6, 'gz': 6.27}]",2026-02-18 09:40:56,0.0
"[{'t_us': 224558788, 'ax': -0.85, 'ay': -0.07, 'az': -0.25, 'gx': 14.64, 'gy': 47.47, 'gz': 5.24}, {'t_us': 224574304, 'ax': -0.65, 'ay': -0.06, 'az': -0.21, 'gx': 13.73, 'gy': 50.41, 'gz': 2.44}, {'t_us': 224594304, 'ax': -0.46, 'ay': 0.01, 'az': -0.2, 'gx': 10.23, 'gy': 37.37, 'gz': 2.79}, {'t_us': 224614262, 'ax': -0.26, 'ay': 0.05, 'az': -0.25, 'gx': -0.84, 'gy': 4.03, 'gz': 3.73}, {'t_us': 224634270, 'ax': -0.1, 'ay': 0.02, 'az': -0.32, 'gx': -9.04, 'gy': -24.63, 'gz': 1.31}]",2026-02-18 09:40:56,0.0
"[{'t_us': 224658969, 'ax': 0.02, 'ay': -0.0, 'az': -0.26, 'gx': -17.21, 'gy': -51.51, 'gz': -3.04}, {'t_us': 224674262, 'ax': 0.04, 'ay': -0.02, 'az': -0.27, 'gx': -27.28, 'gy': -71.98, 'gz': -4.67}, {'t_us': 224694255, 'ax': 0.08, 'ay': -0.07, 'az': -0.26, 'gx': -46.31, 'gy': -89.07, 'gz': -9.42}, {'t_us': 224714319, 'ax': 0.01, 'ay': -0.16, 'az': -0.36, 'gx': -64.43, 'gy': -77.16, 'gz': -8.67}, {'t_us': 224734288, 'ax': -0.51, 'ay': -0.24, 'az': -0.86, 'gx': -59.28, 'gy': 8.81, 'gz': -1.01}]",2026-02-18 09:40:56,0.0
"[{'t_us': 224758974, 'ax': -1.63, 'ay': 0.16, 'az': -0.91, 'gx': -14.05, 'gy': 71.89, 'gz': 2.82}, {'t_us': 224774300, 'ax': -1.94, 'ay': 0.28, 'az': -0.41, 'gx': -22.0, 'gy': 152.95, 'gz': -8.05}, {'t_us': 224794263, 'ax': -2.0, 'ay': 0.19, 'az': 0.16, 'gx': -73.54, 'gy': 105.91, 'gz': -36.92}, {'t_us': 224814271, 'ax': -1.62, 'ay': -0.02, 'az': -0.89, 'gx': -119.05, 'gy': 113.83, 'gz': -32.08}, {'t_us': 224834297, 'ax': -2.0, 'ay': -0.14, 'az': -1.44, 'gx': -66.06, 'gy': -43.3, 'gz': -21.15}]",2026-02-18 09:40:57,0.0
"[{'t_us': 224861238, 'ax': -1.21, 'ay': -0.22, 'az': -0.52, 'gx': -27.69, 'gy': -32.93, 'gz': -10.31}, {'t_us': 224874263, 'ax': -1.12, 'ay': -0.22, 'az': -0.53, 'gx': -33.19, 'gy': 29.33, 'gz': -11.13}, {'t_us': 224894271, 'ax': -1.08, 'ay': -0.13, 'az': -0.5, 'gx': -47.62, 'gy': 32.98, 'gz': -15.25}, {'t_us': 224914276, 'ax': -1.02, 'ay': -0.06, 'az': -0.37, 'gx': -57.88, 'gy': 26.09, 'gz': -22.41}, {'t_us': 224934262, 'ax': -0.79, 'ay': -0.1, 'az': -0.29, 'gx': -56.44, 'gy': 11.91, 'gz': -34.69}]",2026-02-18 09:40:57,0.0
"[{'t_us': 224960429, 'ax': -0.51, 'ay': -0.08, 'az': -0.27, 'gx': -43.5, 'gy': -15.37, 'gz': -24.03}, {'t_us': 224974319, 'ax': -0.37, 'ay': -0.07, 'az': -0.19, 'gx': -35.22, 'gy': -46.47, 'gz': -14.4}, {'t_us': 224994262, 'ax': -0.21, 'ay': -0.04, 'az': -0.18, 'gx': -27.27, 'gy': -43.57, 'gz': -6.05}, {'t_us': 225014262, 'ax': -0.09, 'ay': -0.01, 'az': -0.31, 'gx': -20.44, 'gy': -33.04, 'gz': -7.21}, {'t_us': 225034296, 'ax': -0.03, 'ay': -0.02, 'az': -0.33, 'gx': -12.5, 'gy': -35.44, 'gz': -2.24}]",2026-02-18 09:40:57,0.0
"[{'t_us': 225060831, 'ax': 0.03, 'ay': -0.07, 'az': -0.33, 'gx': -4.32, 'gy': -31.56, 'gz': 4.26}, {'t_us': 225074301, 'ax': 0.07, 'ay': -0.05, 'az': -0.33, 'gx': 0.75, 'gy': -18.31, 'gz': 4.72}, {'t_us': 225094255, 'ax': -0.0, 'ay': -0.09, 'az': -0.52, 'gx': 11.04, 'gy': 7.79, 'gz': 12.69}, {'t_us': 225114271, 'ax': -0.59, 'ay': -0.1, 'az': -0.9, 'gx': 12.12, 'gy': 2.46, 'gz': 16.49}, {'t_us': 225134276, 'ax': -1.43, 'ay': -0.33, 'az': -1.15, 'gx': -14.31, 'gy': -6.82, 'gz': 34.41}]",2026-02-18 09:40:57,0.0
"[{'t_us': 225160070, 'ax': -2.0, 'ay': -0.36, 'az': -0.43, 'gx': 12.34, 'gy': -13.53, 'gz': 22.64}, {'t_us': 225174283, 'ax': -1.9, 'ay': -0.57, 'az': -0.49, 'gx': 48.03, 'gy': 32.47, 'gz': -4.93}, {'t_us': 225194288, 'ax': -1.46, 'ay': -0.83, 'az': -0.83, 'gx': 64.58, 'gy': 29.33, 'gz': 12.41}, {'t_us': 225214288, 'ax': -1.68, 'ay': -0.44, 'az': -0.76, 'gx': 50.5, 'gy': -32.41, 'gz': 18.73}, {'t_us': 225234308, 'ax': -1.41, 'ay': -0.2, 'az': -0.6, 'gx': 38.17, 'gy': -4.35, 'gz': 6.15}]",2026-02-18 09:40:57,0.0
"[{'t_us': 225258998, 'ax': -1.29, 'ay': -0.09, 'az': -0.64, 'gx': 30.58, 'gy': -13.69, 'gz': 2.18}, {'t_us': 225274255, 'ax': -1.12, 'ay': -0.05, 'az': -0.51, 'gx': 31.95, 'gy': -11.53, 'gz': 2.17}, {'t_us': 225294319, 'ax': -0.93, 'ay': -0.11, 'az': -0.37, 'gx': 37.79, 'gy': 10.05, 'gz': -0.37}, {'t_us': 225314276, 'ax': -0.69, 'ay': -0.22, 'az': -0.27, 'gx': 50.18, 'gy': 43.24, 'gz': 8.34}, {'t_us': 225334271, 'ax': -0.64, 'ay': -0.15, 'az': -0.14, 'gx': 52.87, 'gy': 48.89, 'gz': 19.82}]",2026-02-18 09:40:57,0.0
"[{'t_us': 225360625, 'ax': -0.32, 'ay': -0.03, 'az': -0.15, 'gx': 33.18, 'gy': 29.5, 'gz': 23.42}, {'t_us': 225374312, 'ax': -0.21, 'ay': 0.02, 'az': -0.21, 'gx': 15.53, 'gy': 14.34, 'gz': 22.84}, {'t_us': 225394311, 'ax': -0.15, 'ay': 0.04, 'az': -0.3, 'gx': 1.98, 'gy': -20.47, 'gz': 15.18}, {'t_us': 225414276, 'ax': -0.09, 'ay': 0.04, 'az': -0.28, 'gx': -8.64, 'gy': -53.21, 'gz': 4.21}, {'t_us': 225434276, 'ax': -0.15, 'ay': -0.0, 'az': -0.14, 'gx': -30.5, 'gy': -81.37, 'gz': -12.14}]",2026-02-18 09:40:57,0.0
"[{'t_us': 225460792, 'ax': -0.08, 'ay': -0.02, 'az': -0.32, 'gx': -57.54, 'gy': -79.71, 'gz': -31.47}, {'t_us': 225474321, 'ax': -0.14, 'ay': -0.05, 'az': -0.52, 'gx': -65.11, 'gy': -64.72, 'gz': -35.51}, {'t_us': 225494271, 'ax': -0.77, 'ay': -0.2, 'az': -0.92, 'gx': -65.79, 'gy': -27.44, 'gz': -44.24}, {'t_us': 225514276, 'ax': -1.58, 'ay': -0.1, 'az': -0.92, 'gx': -48.47, 'gy': 38.53, 'gz': -42.58}, {'t_us': 225534291, 'ax': -1.99, 'ay': 0.12, 'az': -0.34, 'gx': -57.21, 'gy': 49.86, 'gz': -61.47}]",2026-02-18 09:40:57,0.0
"[{'t_us': 225560556, 'ax': -1.19, 'ay': 0.09, 'az': -0.29, 'gx': -69.94, 'gy': 58.92, 'gz': -35.66}, {'t_us': 225574304, 'ax': -1.46, 'ay': -0.05, 'az': -0.71, 'gx': -85.19, 'gy': 33.27, 'gz': -9.74}, {'t_us': 225594304, 'ax': -1.81, 'ay': -0.26, 'az': -0.93, 'gx': -62.56, 'gy': -50.27, 'gz': 13.54}, {'t_us': 225614262, 'ax': -1.52, 'ay': -0.42, 'az': -0.73, 'gx': -27.92, 'gy': -11.76, 'gz': 24.41}, {'t_us': 225634291, 'ax': -1.42, 'ay': -0.4, 'az': -0.64, 'gx': -17.24, 'gy': 50.49, 'gz': 18.09}]",2026-02-18 09:40:57,0.0
"[{'t_us': 225659040, 'ax': -1.33, 'ay': -0.08, 'az': -0.43, 'gx': -34.76, 'gy': 60.7, 'gz': 8.93}, {'t_us': 225674643, 'ax': -1.27, 'ay': 0.03, 'az': -0.43, 'gx': -40.14, 'gy': 30.11, 'gz': 2.06}, {'t_us': 225694308, 'ax': -0.94, 'ay': -0.05, 'az': -0.31, 'gx': -30.32, 'gy': -4.5, 'gz': -11.44}, {'t_us': 225714276, 'ax': -0.77, 'ay': -0.06, 'az': -0.2, 'gx': -24.06, 'gy': 1.42, 'gz': -21.76}, {'t_us': 225734315, 'ax': -0.53, 'ay': -0.06, 'az': -0.25, 'gx': -32.05, 'gy': -8.24, 'gz': -21.97}]",2026-02-18 09:40:57,0.0
"[{'t_us': 225761391, 'ax': -0.32, 'ay': -0.02, 'az': -0.21, 'gx': -33.15, 'gy': -18.47, 'gz': -19.28}, {'t_us': 225774348, 'ax': -0.26, 'ay': -0.04, 'az': -0.18, 'gx': -31.8, 'gy': -33.07, 'gz': -21.33}, {'t_us': 225794288, 'ax': -0.12, 'ay': -0.06, 'az': -0.25, 'gx': -26.78, 'gy': -22.99, 'gz': -22.66}, {'t_us': 225814308, 'ax': -0.07, 'ay': -0.05, 'az': -0.35, 'gx': -15.57, 'gy': -24.53, 'gz': -27.02}, {'t_us': 225834268, 'ax': -0.01, 'ay': -0.11, 'az': -0.39, 'gx': -0.32, 'gy': -30.93, 'gz': -27.48}]",2026-02-18 09:40:58,0.0
"[{'t_us': 225863188, 'ax': 0.06, 'ay': -0.17, 'az': -0.49, 'gx': 27.01, 'gy': -35.1, 'gz': -19.45}, {'t_us': 225874265, 'ax': 0.06, 'ay': -0.15, 'az': -0.57, 'gx': 38.38, 'gy': -33.86, 'gz': -15.62}, {'t_us': 225894309, 'ax': -0.32, 'ay': -0.12, 'az': -0.95, 'gx': 33.1, 'gy': -56.52, 'gz': -21.37}, {'t_us': 225914276, 'ax': -1.39, 'ay': -0.25, 'az': -0.61, 'gx': -30.49, 'gy': -4.53, 'gz': -17.24}, {'t_us': 225934304, 'ax': -2.0, 'ay': -0.38, 'az': -1.12, 'gx': -46.63, 'gy': 124.44, 'gz': 14.58}]",2026-02-18 09:40:58,0.0
"[{'t_us': 225959411, 'ax': -2.0, 'ay': -0.34, 'az': -0.63, 'gx': 51.5, 'gy': 101.91, 'gz': -43.79}, {'t_us': 225974723, 'ax': -1.57, 'ay': -0.77, 'az': -0.28, 'gx': 49.13, 'gy': 69.31, 'gz': -50.82}, {'t_us': 225994304, 'ax': -1.81, 'ay': -0.48, 'az': -0.56, 'gx': -16.81, 'gy': 40.69, 'gz': -28.26}, {'t_us': 226014262, 'ax': -1.61, 'ay': -0.16, 'az': -0.74, 'gx': -24.66, 'gy': -23.8, 'gz': -24.6}, {'t_us': 226034271, 'ax': -1.23, 'ay': -0.21, 'az': -0.49, 'gx': -31.37, 'gy': -41.21, 'gz': -20.99}]",2026-02-18 09:40:58,0.0
"[{'t_us': 226059036, 'ax': -1.02, 'ay': -0.2, 'az': -0.46, 'gx': -30.41, 'gy': -13.42, 'gz': -15.97}, {'t_us': 226074255, 'ax': -0.91, 'ay': -0.23, 'az': -0.42, 'gx': -21.37, 'gy': 4.53, 'gz': -12.09}, {'t_us': 226094288, 'ax': -0.77, 'ay': -0.17, 'az': -0.37, 'gx': -8.72, 'gy': 23.6, 'gz': -7.19}, {'t_us': 226114288, 'ax': -0.64, 'ay': -0.08, 'az': -0.31, 'gx': -2.55, 'gy': 31.39, 'gz': -8.15}, {'t_us': 226134288, 'ax': -0.55, 'ay': -0.04, 'az': -0.3, 'gx': -11.95, 'gy': 20.99, 'gz': -11.15}]",2026-02-18 09:40:58,0.0
"[{'t_us': 226158570, 'ax': -0.35, 'ay': 0.01, 'az': -0.23, 'gx': -33.69, 'gy': -22.06, 'gz': -16.21}, {'t_us': 226174315, 'ax': -0.25, 'ay': 0.03, 'az': -0.22, 'gx': -40.5, 'gy': -43.82, 'gz': -16.98}, {'t_us': 226194308, 'ax': -0.16, 'ay': 0.08, 'az': -0.12, 'gx': -46.18, 'gy': -47.77, 'gz': -17.24}, {'t_us': 226214276, 'ax': -0.12, 'ay': 0.04, 'az': -0.13, 'gx': -57.94, 'gy': -45.11, 'gz': -18.18}, {'t_us': 226234271, 'ax': -0.11, 'ay': 0.0, 'az': -0.23, 'gx': -65.19, 'gy': -49.83, 'gz': -19.98}]",2026-02-18 09:40:58,0.0
"[{'t_us': 226260830, 'ax': -0.11, 'ay': -0.08, 'az': -0.27, 'gx': -69.95, 'gy': -54.05, 'gz': -26.17}, {'t_us': 226274277, 'ax': -0.04, 'ay': -0.09, 'az': -0.26, 'gx': -66.89, 'gy': -31.51, 'gz': -30.09}, {'t_us': 226294276, 'ax': -0.05, 'ay': -0.11, 'az': -0.54, 'gx': -79.79, 'gy': -13.42, 'gz': -36.55}, {'t_us': 226314304, 'ax': -0.58, 'ay': -0.26, 'az': -0.93, 'gx': -99.31, 'gy': 2.14, 'gz': -28.66}, {'t_us': 226334255, 'ax': -2.0, 'ay': -0.01, 'az': -1.01, 'gx': -50.08, 'gy': 81.33, 'gz': -7.19}]",2026-02-18 09:40:58,0.0
"[{'t_us': 226360064, 'ax': -2.0, 'ay': -0.28, 'az': -0.61, 'gx': -49.57, 'gy': -14.87, 'gz': -68.31}, {'t_us': 226374303, 'ax': -1.26, 'ay': -0.4, 'az': -0.78, 'gx': -91.85, 'gy': -37.25, 'gz': -30.76}, {'t_us': 226394679, 'ax': -1.92, 'ay': 0.31, 'az': -0.73, 'gx': -112.9, 'gy': -70.38, 'gz': 5.08}, {'t_us': 226414299, 'ax': -1.79, 'ay': 0.28, 'az': -0.81, 'gx': -121.69, 'gy': -91.98, 'gz': -6.58}, {'t_us': 226434319, 'ax': -1.46, 'ay': 0.16, 'az': -0.87, 'gx': -114.11, 'gy': -13.77, 'gz': -23.74}]",2026-02-18 09:40:58,0.0
"[{'t_us': 226460310, 'ax': -1.25, 'ay': 0.09, 'az': -0.74, 'gx': -114.09, 'gy': 47.66, 'gz': -37.39}, {'t_us': 226474332, 'ax': -1.1, 'ay': 0.04, 'az': -0.63, 'gx': -115.22, 'gy': 31.76, 'gz': -40.93}, {'t_us': 226494276, 'ax': -0.9, 'ay': -0.06, 'az': -0.45, 'gx': -120.21, 'gy': 10.89, 'gz': -48.03}, {'t_us': 226514276, 'ax': -0.71, 'ay': -0.13, 'az': -0.32, 'gx': -123.05, 'gy': -1.6, 'gz': -57.16}, {'t_us': 226534308, 'ax': -0.5, 'ay': -0.14, 'az': -0.25, 'gx': -127.01, 'gy': -19.04, 'gz': -64.21}]",2026-02-18 09:40:58,0.0
"[{'t_us': 226560474, 'ax': -0.27, 'ay': 0.01, 'az': -0.21, 'gx': -125.31, 'gy': -35.59, 'gz': -57.98}, {'t_us': 226574299, 'ax': -0.21, 'ay': 0.05, 'az': -0.21, 'gx': -119.62, 'gy': -46.63, 'gz': -56.56}, {'t_us': 226594255, 'ax': -0.08, 'ay': 0.02, 'az': -0.22, 'gx': -115.82, 'gy': -53.82, 'gz': -57.88}, {'t_us': 226614319, 'ax': 0.08, 'ay': 0.01, 'az': -0.24, 'gx': -109.1, 'gy': -52.99, 'gz': -59.24}, {'t_us': 226634262, 'ax': 0.15, 'ay': 0.05, 'az': -0.28, 'gx': -102.34, 'gy': -57.19, 'gz': -58.02}]",2026-02-18 09:40:58,0.0
"[{'t_us': 226660153, 'ax': 0.14, 'ay': 0.05, 'az': -0.31, 'gx': -103.6, 'gy': -59.71, 'gz': -55.94}, {'t_us': 226674296, 'ax': 0.11, 'ay': 0.0, 'az': -0.4, 'gx': -111.95, 'gy': -53.07, 'gz': -51.65}, {'t_us': 226694311, 'ax': -0.22, 'ay': -0.1, 'az': -0.64, 'gx': -133.94, 'gy': -51.3, 'gz': -30.27}, {'t_us': 226714276, 'ax': -1.26, 'ay': -0.35, 'az': -1.02, 'gx': -118.9, 'gy': 5.88, 'gz': 18.67}, {'t_us': 226734311, 'ax': -2.0, 'ay': -0.43, 'az': -1.45, 'gx': -43.21, 'gy': 47.25, 'gz': 63.73}]",2026-02-18 09:40:58,0.0
"[{'t_us': 226760511, 'ax': -2.0, 'ay': -0.82, 'az': -1.34, 'gx': 81.05, 'gy': 36.14, 'gz': 12.96}, {'t_us': 226774337, 'ax': -1.73, 'ay': -0.95, 'az': -0.98, 'gx': 78.37, 'gy': 8.82, 'gz': -4.98}, {'t_us': 226794255, 'ax': -1.8, 'ay': -0.92, 'az': -0.07, 'gx': 24.4, 'gy': 28.96, 'gz': -14.82}, {'t_us': 226814319, 'ax': -1.54, 'ay': -0.33, 'az': -0.71, 'gx': 18.4, 'gy': 18.98, 'gz': 4.21}, {'t_us': 226834288, 'ax': -1.34, 'ay': -0.06, 'az': -0.71, 'gx': 23.77, 'gy': -33.66, 'gz': 7.6}]",2026-02-18 09:40:59,0.0
"[{'t_us': 226860685, 'ax': -0.88, 'ay': -0.04, 'az': -0.28, 'gx': 27.63, 'gy': 18.63, 'gz': 2.32}, {'t_us': 226874297, 'ax': -0.77, 'ay': -0.08, 'az': -0.31, 'gx': 31.27, 'gy': 59.5, 'gz': 10.17}, {'t_us': 226894296, 'ax': -0.64, 'ay': -0.09, 'az': -0.25, 'gx': 32.09, 'gy': 77.57, 'gz': 18.2}, {'t_us': 226914263, 'ax': -0.48, 'ay': -0.03, 'az': -0.2, 'gx': 19.19, 'gy': 66.99, 'gz': 13.31}, {'t_us': 226934281, 'ax': -0.29, 'ay': 0.03, 'az': -0.15, 'gx': 1.6, 'gy': 56.44, 'gz': 4.11}]",2026-02-18 09:40:59,0.0
"[{'t_us': 226958835, 'ax': -0.06, 'ay': 0.07, 'az': -0.27, 'gx': -15.31, 'gy': 32.15, 'gz': -4.09}, {'t_us': 226975054, 'ax': 0.04, 'ay': 0.08, 'az': -0.29, 'gx': -22.81, 'gy': 5.68, 'gz': -6.44}, {'t_us': 226994308, 'ax': 0.08, 'ay': 0.1, 'az': -0.21, 'gx': -31.13, 'gy': -18.29, 'gz': -12.18}, {'t_us': 227014276, 'ax': 0.06, 'ay': 0.12, 'az': -0.16, 'gx': -39.85, 'gy': -37.31, 'gz': -19.11}, {'t_us': 227034299, 'ax': 0.05, 'ay': 0.08, 'az': -0.15, 'gx': -63.53, 'gy': -51.63, 'gz': -30.2}]",2026-02-18 09:40:59,0.0
"[{'t_us': 227060846, 'ax': -0.05, 'ay': -0.12, 'az': -0.61, 'gx': -88.98, 'gy': -63.56, 'gz': -35.3}, {'t_us': 227074331, 'ax': -0.37, 'ay': -0.24, 'az': -0.9, 'gx': -73.05, 'gy': -26.35, 'gz': -25.62}, {'t_us': 227094262, 'ax': -1.53, 'ay': -0.21, 'az': -1.19, 'gx': 6.21, 'gy': 91.74, 'gz': -26.11}, {'t_us': 227114262, 'ax': -2.0, 'ay': 0.03, 'az': -0.41, 'gx': 5.19, 'gy': 133.13, 'gz': -46.87}, {'t_us': 227134309, 'ax': -1.4, 'ay': -0.46, 'az': -0.23, 'gx': -124.93, 'gy': -41.73, 'gz': -42.2}]",2026-02-18 09:40:59,0.0
"[{'t_us': 227158919, 'ax': -1.82, 'ay': 0.25, 'az': -1.63, 'gx': -106.09, 'gy': -47.47, 'gz': 16.69}, {'t_us': 227174399, 'ax': -2.0, 'ay': 0.3, 'az': -1.54, 'gx': -65.1, 'gy': -116.87, 'gz': -5.79}, {'t_us': 227194315, 'ax': -1.36, 'ay': 0.0, 'az': -0.7, 'gx': -68.72, 'gy': -61.11, 'gz': -7.11}, {'t_us': 227214276, 'ax': -1.2, 'ay': -0.09, 'az': -0.75, 'gx': -69.25, 'gy': 42.69, 'gz': -4.81}, {'t_us': 227234281, 'ax': -1.48, 'ay': -0.01, 'az': -0.35, 'gx': -94.9, 'gy': 43.98, 'gz': -21.89}]",2026-02-18 09:40:59,0.0
"[{'t_us': 227258836, 'ax': -1.12, 'ay': -0.07, 'az': -0.84, 'gx': -82.66, 'gy': 21.56, 'gz': -28.64}, {'t_us': 227274276, 'ax': -1.05, 'ay': -0.02, 'az': -0.57, 'gx': -74.72, 'gy': 3.91, 'gz': -40.95}, {'t_us': 227294281, 'ax': -0.72, 'ay': -0.1, 'az': -0.37, 'gx': -71.79, 'gy': -5.44, 'gz': -44.38}, {'t_us': 227314304, 'ax': -0.41, 'ay': -0.06, 'az': -0.21, 'gx': -71.68, 'gy': -12.93, 'gz': -36.26}, {'t_us': 227334276, 'ax': -0.26, 'ay': -0.04, 'az': -0.24, 'gx': -70.05, 'gy': -20.6, 'gz': -25.89}]",2026-02-18 09:40:59,0.0
"[{'t_us': 227360410, 'ax': -0.1, 'ay': 0.03, 'az': -0.31, 'gx': -59.73, 'gy': -20.61, 'gz': -22.4}, {'t_us': 227374311, 'ax': -0.06, 'ay': 0.04, 'az': -0.34, 'gx': -50.87, 'gy': -35.83, 'gz': -27.53}, {'t_us': 227394276, 'ax': 0.06, 'ay': 0.04, 'az': -0.32, 'gx': -32.99, 'gy': -50.11, 'gz': -31.71}, {'t_us': 227414276, 'ax': 0.09, 'ay': 0.01, 'az': -0.3, 'gx': -18.85, 'gy': -47.37, 'gz': -33.45}, {'t_us': 227434276, 'ax': 0.1, 'ay': -0.06, 'az': -0.25, 'gx': -14.7, 'gy': -48.31, 'gz': -31.01}]",2026-02-18 09:40:59,0.0
"[{'t_us': 227459490, 'ax': 0.05, 'ay': -0.18, 'az': -0.33, 'gx': -20.4, 'gy': -38.56, 'gz': -14.7}, {'t_us': 227474262, 'ax': -0.17, 'ay': -0.3, 'az': -0.49, 'gx': -38.72, 'gy': -37.24, 'gz': -4.7}, {'t_us': 227494291, 'ax': -0.82, 'ay': -0.56, 'az': -0.69, 'gx': -53.86, 'gy': 47.59, 'gz': 31.34}, {'t_us': 227514311, 'ax': -2.0, 'ay': -0.26, 'az': -0.77, 'gx': -62.08, 'gy': 113.39, 'gz': 36.47}, {'t_us': 227534304, 'ax': -2.0, 'ay': -0.32, 'az': -1.0, 'gx': 3.13, 'gy': 103.16, 'gz': -2.58}]",2026-02-18 09:40:59,0.0
"[{'t_us': 227558849, 'ax': -1.87, 'ay': -0.64, 'az': -1.12, 'gx': 46.67, 'gy': 13.19, 'gz': 8.47}, {'t_us': 227574308, 'ax': -1.73, 'ay': -0.53, 'az': -0.69, 'gx': 46.66, 'gy': -31.51, 'gz': 13.91}, {'t_us': 227594311, 'ax': -1.61, 'ay': -0.34, 'az': -0.66, 'gx': 56.37, 'gy': -6.64, 'gz': 17.53}, {'t_us': 227614291, 'ax': -1.4, 'ay': -0.33, 'az': -0.68, 'gx': 63.18, 'gy': 1.8, 'gz': 13.77}, {'t_us': 227634303, 'ax': -1.13, 'ay': -0.25, 'az': -0.56, 'gx': 75.54, 'gy': 28.96, 'gz': 21.25}]",2026-02-18 09:40:59,0.0
"[{'t_us': 227659880, 'ax': -1.0, 'ay': -0.11, 'az': -0.45, 'gx': 80.82, 'gy': 50.05, 'gz': 28.55}, {'t_us': 227674288, 'ax': -0.88, 'ay': -0.0, 'az': -0.39, 'gx': 74.87, 'gy': 46.58, 'gz': 27.89}, {'t_us': 227694311, 'ax': -0.69, 'ay': 0.12, 'az': -0.34, 'gx': 51.98, 'gy': 16.75, 'gz': 25.53}, {'t_us': 227714308, 'ax': -0.4, 'ay': 0.08, 'az': -0.33, 'gx': 29.66, 'gy': -21.16, 'gz': 25.27}, {'t_us': 227734276, 'ax': -0.22, 'ay': 0.01, 'az': -0.27, 'gx': 18.5, 'gy': -48.15, 'gz': 23.07}]",2026-02-18 09:40:59,0.0
"[{'t_us': 227758977, 'ax': -0.12, 'ay': -0.08, 'az': -0.17, 'gx': 9.16, 'gy': -58.15, 'gz': 14.5}, {'t_us': 227774312, 'ax': -0.01, 'ay': -0.09, 'az': -0.11, 'gx': 4.58, 'gy': -62.49, 'gz': 11.04}, {'t_us': 227794308, 'ax': 0.04, 'ay': -0.02, 'az': -0.11, 'gx': -4.41, 'gy': -67.39, 'gz': 4.93}, {'t_us': 227814271, 'ax': 0.14, 'ay': -0.01, 'az': -0.13, 'gx': -15.89, 'gy': -66.58, 'gz': -1.16}, {'t_us': 227834309, 'ax': 0.2, 'ay': 0.01, 'az': -0.21, 'gx': -32.78, 'gy': -63.05, 'gz': -1.22}]",2026-02-18 09:41:00,0.0
"[{'t_us': 227860451, 'ax': -0.11, 'ay': -0.15, 'az': -0.51, 'gx': -60.75, 'gy': -35.36, 'gz': 2.93}, {'t_us': 227874271, 'ax': -0.82, 'ay': -0.32, 'az': -0.96, 'gx': -38.02, 'gy': 26.69, 'gz': 15.77}, {'t_us': 227894276, 'ax': -1.9, 'ay': 0.15, 'az': -0.88, 'gx': 17.05, 'gy': 105.01, 'gz': 18.79}, {'t_us': 227914274, 'ax': -2.0, 'ay': 0.13, 'az': -0.72, 'gx': 14.11, 'gy': 182.78, 'gz': -17.13}, {'t_us': 227934299, 'ax': -2.0, 'ay': -0.16, 'az': 0.25, 'gx': -110.6, 'gy': 79.05, 'gz': -73.42}]",2026-02-18 09:41:00,0.0
"[{'t_us': 227958883, 'ax': -2.0, 'ay': 0.08, 'az': -1.34, 'gx': -102.7, 'gy': -48.26, 'gz': -7.18}, {'t_us': 227974268, 'ax': -2.0, 'ay': 0.17, 'az': -1.05, 'gx': -77.11, 'gy': -156.18, 'gz': -10.29}, {'t_us': 227994276, 'ax': -1.19, 'ay': -0.01, 'az': -0.63, 'gx': -59.47, 'gy': -120.09, 'gz': -10.23}, {'t_us': 228014315, 'ax': -0.97, 'ay': 0.06, 'az': -0.63, 'gx': -62.84, 'gy': 35.02, 'gz': -17.51}, {'t_us': 228034308, 'ax': -1.11, 'ay': -0.01, 'az': -0.72, 'gx': -59.62, 'gy': 45.85, 'gz': -23.42}]",2026-02-18 09:41:00,0.0
"[{'t_us': 228058968, 'ax': -0.88, 'ay': -0.18, 'az': -0.41, 'gx': -65.71, 'gy': -0.5, 'gz': -32.43}, {'t_us': 228074680, 'ax': -0.69, 'ay': -0.27, 'az': -0.15, 'gx': -67.28, 'gy': -9.51, 'gz': -39.53}, {'t_us': 228094262, 'ax': -0.38, 'ay': -0.33, 'az': -0.01, 'gx': -72.69, 'gy': -12.61, 'gz': -48.73}, {'t_us': 228114319, 'ax': -0.08, 'ay': -0.29, 'az': -0.22, 'gx': -55.57, 'gy': -16.9, 'gz': -49.15}, {'t_us': 228134303, 'ax': 0.08, 'ay': -0.21, 'az': -0.28, 'gx': -23.34, 'gy': -11.34, 'gz': -40.09}]",2026-02-18 09:41:00,0.0
"[{'t_us': 228158826, 'ax': 0.24, 'ay': -0.22, 'az': -0.53, 'gx': 28.11, 'gy': -28.15, 'gz': -22.76}, {'t_us': 228174255, 'ax': 0.28, 'ay': -0.2, 'az': -0.53, 'gx': 47.68, 'gy': -46.02, 'gz': -8.9}, {'t_us': 228194319, 'ax': 0.38, 'ay': -0.08, 'az': -0.4, 'gx': 60.66, 'gy': -93.31, 'gz': 8.6}, {'t_us': 228214337, 'ax': 0.32, 'ay': 0.06, 'az': -0.35, 'gx': 51.45, 'gy': -112.02, 'gz': 15.21}, {'t_us': 228234288, 'ax': 0.08, 'ay': -0.08, 'az': -0.47, 'gx': 33.31, 'gy': -33.04, 'gz': 23.28}]",2026-02-18 09:41:00,0.0
"[{'t_us': 228260444, 'ax': -1.25, 'ay': -0.24, 'az': -0.39, 'gx': 18.41, 'gy': 157.22, 'gz': 49.28}, {'t_us': 228274264, 'ax': -2.0, 'ay': -0.26, 'az': -0.2, 'gx': 19.85, 'gy': 202.89, 'gz': 52.08}, {'t_us': 228294315, 'ax': -2.0, 'ay': -0.42, 'az': -1.4, 'gx': 42.02, 'gy': 180.34, 'gz': 35.53}, {'t_us': 228314276, 'ax': -2.0, 'ay': -0.65, 'az': -1.8, 'gx': 59.39, 'gy': 138.15, 'gz': -7.8}, {'t_us': 228334271, 'ax': -2.0, 'ay': -0.46, 'az': -0.68, 'gx': 44.06, 'gy': -85.4, 'gz': -4.29}]",2026-02-18 09:41:00,0.0
"[{'t_us': 228360421, 'ax': -1.44, 'ay': -0.28, 'az': -0.6, 'gx': 46.29, 'gy': -23.04, 'gz': -8.64}, {'t_us': 228374300, 'ax': -1.42, 'ay': -0.27, 'az': -0.46, 'gx': 37.66, 'gy': -30.26, 'gz': -14.89}, {'t_us': 228394299, 'ax': -1.1, 'ay': -0.32, 'az': -0.44, 'gx': 19.48, 'gy': -5.77, 'gz': -20.09}, {'t_us': 228414288, 'ax': -0.96, 'ay': -0.31, 'az': -0.33, 'gx': 19.22, 'gy': 21.48, 'gz': -5.97}, {'t_us': 228434299, 'ax': -0.68, 'ay': -0.16, 'az': -0.2, 'gx': 25.69, 'gy': 14.46, 'gz': 7.45}]",2026-02-18 09:41:00,0.0
"[{'t_us': 228460419, 'ax': -0.37, 'ay': -0.02, 'az': -0.17, 'gx': 32.02, 'gy': 0.98, 'gz': 12.2}, {'t_us': 228474281, 'ax': -0.23, 'ay': 0.03, 'az': -0.12, 'gx': 29.63, 'gy': 1.91, 'gz': 11.6}, {'t_us': 228494281, 'ax': -0.08, 'ay': 0.05, 'az': -0.16, 'gx': 21.42, 'gy': -23.68, 'gz': 6.09}, {'t_us': 228514294, 'ax': 0.03, 'ay': 0.08, 'az': -0.15, 'gx': 11.59, 'gy': -54.69, 'gz': 1.66}, {'t_us': 228534303, 'ax': 0.13, 'ay': 0.1, 'az': -0.13, 'gx': -9.59, 'gy': -88.92, 'gz': 0.84}]",2026-02-18 09:41:00,0.0
"[{'t_us': 228560474, 'ax': 0.16, 'ay': 0.07, 'az': -0.14, 'gx': -32.49, 'gy': -97.22, 'gz': 1.57}, {'t_us': 228574324, 'ax': 0.14, 'ay': 0.07, 'az': -0.1, 'gx': -39.15, 'gy': -87.47, 'gz': 3.16}, {'t_us': 228594319, 'ax': 0.04, 'ay': 0.12, 'az': -0.13, 'gx': -48.21, 'gy': -70.2, 'gz': 6.29}, {'t_us': 228614276, 'ax': -0.29, 'ay': -0.1, 'az': -0.45, 'gx': -55.65, 'gy': -27.95, 'gz': 13.21}, {'t_us': 228634315, 'ax': -1.65, 'ay': -0.39, 'az': -1.16, 'gx': -30.18, 'gy': 69.85, 'gz': 28.87}]",2026-02-18 09:41:00,0.0
"[{'t_us': 228659182, 'ax': -2.0, 'ay': -0.01, 'az': -2.0, 'gx': 94.66, 'gy': 181.3, 'gz': -8.93}, {'t_us': 228674715, 'ax': -1.86, 'ay': -0.4, 'az': -1.33, 'gx': 8.03, 'gy': 137.01, 'gz': -4.61}, {'t_us': 228694296, 'ax': -2.0, 'ay': -0.07, 'az': 0.62, 'gx': -110.61, 'gy': 36.31, 'gz': -52.21}, {'t_us': 228714319, 'ax': -1.39, 'ay': 0.24, 'az': -0.39, 'gx': -153.15, 'gy': -110.41, 'gz': -42.0}, {'t_us': 228734340, 'ax': -1.87, 'ay': 0.22, 'az': -0.55, 'gx': -110.96, 'gy': -65.1, 'gz': -44.31}]",2026-02-18 09:41:00,0.0
"[{'t_us': 228760860, 'ax': -1.07, 'ay': 0.01, 'az': -0.63, 'gx': -80.64, 'gy': -24.99, 'gz': -46.6}, {'t_us': 228774291, 'ax': -0.95, 'ay': -0.01, 'az': -0.37, 'gx': -84.34, 'gy': 21.01, 'gz': -53.54}, {'t_us': 228794311, 'ax': -0.68, 'ay': -0.07, 'az': -0.56, 'gx': -86.32, 'gy': 29.92, 'gz': -59.89}, {'t_us': 228814319, 'ax': -0.61, 'ay': -0.16, 'az': -0.37, 'gx': -100.29, 'gy': -19.65, 'gz': -58.05}, {'t_us': 228834288, 'ax': -0.52, 'ay': -0.21, 'az': -0.31, 'gx': -105.01, 'gy': -18.37, 'gz': -62.69}]",2026-02-18 09:41:01,0.0
"[{'t_us': 228861003, 'ax': -0.45, 'ay': -0.28, 'az': -0.27, 'gx': -94.66, 'gy': -18.18, 'gz': -64.63}, {'t_us': 228874337, 'ax': -0.39, 'ay': -0.24, 'az': -0.28, 'gx': -84.52, 'gy': -34.03, 'gz': -60.4}, {'t_us': 228894288, 'ax': -0.31, 'ay': -0.07, 'az': -0.3, 'gx': -70.58, 'gy': -36.43, 'gz': -59.88}, {'t_us': 228914312, 'ax': -0.21, 'ay': 0.03, 'az': -0.31, 'gx': -63.42, 'gy': -45.25, 'gz': -65.91}, {'t_us': 228934308, 'ax': -0.09, 'ay': 0.1, 'az': -0.35, 'gx': -58.03, 'gy': -60.85, 'gz': -69.4}]",2026-02-18 09:41:01,0.0
"[{'t_us': 228958800, 'ax': 0.09, 'ay': 0.11, 'az': -0.29, 'gx': -54.61, 'gy': -65.47, 'gz': -67.89}, {'t_us': 228974281, 'ax': 0.13, 'ay': 0.07, 'az': -0.3, 'gx': -53.86, 'gy': -56.35, 'gz': -63.37}, {'t_us': 228994299, 'ax': 0.09, 'ay': -0.11, 'az': -0.33, 'gx': -60.44, 'gy': -31.36, 'gz': -53.28}, {'t_us': 229014299, 'ax': -0.46, 'ay': -0.5, 'az': -0.9, 'gx': -67.11, 'gy': 9.15, 'gz': -19.71}, {'t_us': 229034291, 'ax': -2.0, 'ay': -1.14, 'az': -0.82, 'gx': -12.69, 'gy': 84.21, 'gz': 28.87}]",2026-02-18 09:41:01,0.0
"[{'t_us': 229060801, 'ax': -2.0, 'ay': -1.14, 'az': -1.17, 'gx': 40.14, 'gy': 8.37, 'gz': -9.08}, {'t_us': 229074315, 'ax': -1.61, 'ay': -1.2, 'az': -1.02, 'gx': 52.61, 'gy': -87.47, 'gz': -16.29}, {'t_us': 229094288, 'ax': -1.66, 'ay': -0.5, 'az': -0.61, 'gx': 47.63, 'gy': 16.24, 'gz': -0.67}, {'t_us': 229114288, 'ax': -1.78, 'ay': -0.55, 'az': -0.55, 'gx': 20.66, 'gy': -20.89, 'gz': -34.26}, {'t_us': 229134291, 'ax': -1.28, 'ay': -0.48, 'az': -0.56, 'gx': 16.06, 'gy': -2.2, 'gz': -45.69}]",2026-02-18 09:41:01,0.0
"[{'t_us': 229160703, 'ax': -0.91, 'ay': -0.26, 'az': -0.37, 'gx': -4.89, 'gy': -46.73, 'gz': -46.02}, {'t_us': 229174311, 'ax': -0.74, 'ay': -0.13, 'az': -0.19, 'gx': -9.5, 'gy': -35.01, 'gz': -43.79}, {'t_us': 229194271, 'ax': -0.63, 'ay': 0.08, 'az': -0.03, 'gx': -12.34, 'gy': 16.85, 'gz': -44.93}, {'t_us': 229214276, 'ax': -0.47, 'ay': 0.09, 'az': -0.12, 'gx': -29.05, 'gy': 28.23, 'gz': -44.98}, {'t_us': 229234296, 'ax': -0.23, 'ay': 0.15, 'az': -0.32, 'gx': -40.64, 'gy': 30.41, 'gz': -36.21}]",2026-02-18 09:41:01,0.0
"[{'t_us': 229259074, 'ax': -0.15, 'ay': 0.27, 'az': -0.21, 'gx': -43.98, 'gy': 7.63, 'gz': -21.27}, {'t_us': 229274315, 'ax': -0.12, 'ay': 0.23, 'az': -0.22, 'gx': -46.5, 'gy': -13.57, 'gz': -16.29}, {'t_us': 229294272, 'ax': -0.11, 'ay': 0.14, 'az': -0.16, 'gx': -55.31, 'gy': -28.85, 'gz': -10.72}, {'t_us': 229314308, 'ax': -0.11, 'ay': -0.06, 'az': -0.21, 'gx': -77.86, 'gy': -43.73, 'gz': -6.09}, {'t_us': 229334262, 'ax': -0.16, 'ay': -0.13, 'az': -0.31, 'gx': -74.44, 'gy': -47.42, 'gz': 0.93}]",2026-02-18 09:41:01,0.0
"[{'t_us': 229359240, 'ax': -0.15, 'ay': -0.17, 'az': -0.33, 'gx': -53.79, 'gy': -33.94, 'gz': 8.34}, {'t_us': 229374276, 'ax': -0.24, 'ay': -0.19, 'az': -0.38, 'gx': -52.27, 'gy': -13.28, 'gz': 5.6}, {'t_us': 229394276, 'ax': -0.7, 'ay': -0.4, 'az': -0.65, 'gx': -58.14, 'gy': 39.97, 'gz': -2.03}, {'t_us': 229414332, 'ax': -1.58, 'ay': -0.51, 'az': -1.4, 'gx': -41.18, 'gy': 33.3, 'gz': -13.08}, {'t_us': 229434296, 'ax': -1.71, 'ay': -0.43, 'az': -0.98, 'gx': -60.98, 'gy': -12.23, 'gz': -25.27}]",2026-02-18 09:41:01,0.0
"[{'t_us': 229459167, 'ax': -1.26, 'ay': -0.09, 'az': 0.16, 'gx': -149.86, 'gy': -18.53, 'gz': -18.09}, {'t_us': 229474262, 'ax': -1.57, 'ay': 0.24, 'az': -0.25, 'gx': -134.7, 'gy': 10.03, 'gz': -7.62}, {'t_us': 229494315, 'ax': -1.69, 'ay': -0.17, 'az': -0.85, 'gx': -109.74, 'gy': -0.03, 'gz': -13.19}, {'t_us': 229514308, 'ax': -1.69, 'ay': -0.52, 'az': -1.02, 'gx': -104.55, 'gy': -68.31, 'gz': -0.4}, {'t_us': 229534281, 'ax': -1.39, 'ay': -0.64, 'az': -0.77, 'gx': -107.83, 'gy': -19.92, 'gz': 8.66}]",2026-02-18 09:41:01,0.0
"[{'t_us': 229560545, 'ax': -1.33, 'ay': -0.3, 'az': -0.51, 'gx': -136.89, 'gy': 39.47, 'gz': -12.21}, {'t_us': 229574296, 'ax': -1.33, 'ay': -0.05, 'az': -0.62, 'gx': -145.24, 'gy': 38.5, 'gz': -22.61}, {'t_us': 229594291, 'ax': -1.19, 'ay': 0.1, 'az': -0.74, 'gx': -140.56, 'gy': 17.1, 'gz': -25.45}, {'t_us': 229614291, 'ax': -1.05, 'ay': 0.13, 'az': -0.68, 'gx': -126.6, 'gy': -1.4, 'gz': -25.01}, {'t_us': 229634311, 'ax': -0.76, 'ay': 0.14, 'az': -0.48, 'gx': -121.62, 'gy': 6.23, 'gz': -30.32}]",2026-02-18 09:41:01,0.0
"[{'t_us': 229660658, 'ax': -0.55, 'ay': 0.12, 'az': -0.34, 'gx': -144.5, 'gy': 10.96, 'gz': -35.36}, {'t_us': 229674593, 'ax': -0.42, 'ay': 0.2, 'az': -0.29, 'gx': -151.63, 'gy': -0.55, 'gz': -36.63}, {'t_us': 229694319, 'ax': -0.21, 'ay': 0.14, 'az': -0.38, 'gx': -156.72, 'gy': 10.76, 'gz': -37.88}, {'t_us': 229714276, 'ax': -0.11, 'ay': 0.07, 'az': -0.46, 'gx': -152.49, 'gy': -1.73, 'gz': -39.37}, {'t_us': 229734303, 'ax': -0.01, 'ay': -0.01, 'az': -0.5, 'gx': -144.47, 'gy': -27.34, 'gz': -32.11}]",2026-02-18 09:41:01,0.0
"[{'t_us': 229759430, 'ax': 0.07, 'ay': -0.06, 'az': -0.44, 'gx': -126.67, 'gy': -54.75, 'gz': -20.4}, {'t_us': 229774303, 'ax': 0.07, 'ay': -0.05, 'az': -0.43, 'gx': -109.85, 'gy': -52.73, 'gz': -12.81}, {'t_us': 229794299, 'ax': 0.04, 'ay': -0.08, 'az': -0.43, 'gx': -86.72, 'gy': -36.56, 'gz': -6.23}, {'t_us': 229814319, 'ax': -0.17, 'ay': -0.13, 'az': -0.53, 'gx': -72.95, 'gy': -18.6, 'gz': -4.76}, {'t_us': 229834308, 'ax': -0.62, 'ay': -0.18, 'az': -0.83, 'gx': -87.33, 'gy': -40.92, 'gz': -14.56}]",2026-02-18 09:41:02,0.0
"[{'t_us': 229859027, 'ax': -1.17, 'ay': -0.51, 'az': -0.83, 'gx': -112.23, 'gy': 66.38, 'gz': 5.11}, {'t_us': 229874290, 'ax': -1.6, 'ay': -0.46, 'az': -1.05, 'gx': -109.62, 'gy': 107.24, 'gz': 3.19}, {'t_us': 229894291, 'ax': -2.0, 'ay': -0.56, 'az': -0.96, 'gx': -64.26, 'gy': 21.37, 'gz': -26.93}, {'t_us': 229914311, 'ax': -1.88, 'ay': -0.58, 'az': -1.28, 'gx': 0.9, 'gy': -70.56, 'gz': -10.27}, {'t_us': 229934303, 'ax': -1.55, 'ay': -0.49, 'az': -0.89, 'gx': 7.05, 'gy': -60.21, 'gz': -19.15}]",2026-02-18 09:41:02,0.0
"[{'t_us': 229960711, 'ax': -1.23, 'ay': -0.35, 'az': -0.67, 'gx': 30.09, 'gy': -11.07, 'gz': -7.25}, {'t_us': 229974311, 'ax': -1.25, 'ay': -0.41, 'az': -0.51, 'gx': 39.51, 'gy': 2.63, 'gz': -0.43}, {'t_us': 229994308, 'ax': -1.1, 'ay': -0.39, 'az': -0.5, 'gx': 40.15, 'gy': 37.91, 'gz': 4.21}, {'t_us': 230014276, 'ax': -1.07, 'ay': -0.34, 'az': -0.57, 'gx': 49.57, 'gy': 83.76, 'gz': 17.8}, {'t_us': 230034276, 'ax': -0.98, 'ay': -0.17, 'az': -0.56, 'gx': 58.72, 'gy': 78.09, 'gz': 25.69}]",2026-02-18 09:41:02,0.0
"[{'t_us': 230061936, 'ax': -0.72, 'ay': -0.01, 'az': -0.3, 'gx': 53.48, 'gy': 37.79, 'gz': 21.21}, {'t_us': 230074315, 'ax': -0.6, 'ay': 0.02, 'az': -0.22, 'gx': 48.06, 'gy': 32.08, 'gz': 17.76}, {'t_us': 230094317, 'ax': -0.3, 'ay': 0.02, 'az': -0.19, 'gx': 38.85, 'gy': 20.32, 'gz': 16.66}, {'t_us': 230114311, 'ax': -0.11, 'ay': 0.02, 'az': -0.25, 'gx': 30.7, 'gy': -3.3, 'gz': 21.16}, {'t_us': 230134276, 'ax': -0.08, 'ay': -0.04, 'az': -0.24, 'gx': 23.6, 'gy': -35.07, 'gz': 19.74}]",2026-02-18 09:41:02,0.0
"[{'t_us': 230161858, 'ax': -0.07, 'ay': -0.05, 'az': -0.08, 'gx': 10.75, 'gy': -55.4, 'gz': 6.43}, {'t_us': 230174271, 'ax': -0.1, 'ay': -0.04, 'az': -0.07, 'gx': -2.24, 'gy': -60.75, 'gz': 0.15}, {'t_us': 230194315, 'ax': -0.02, 'ay': 0.0, 'az': -0.16, 'gx': -28.72, 'gy': -65.98, 'gz': -12.21}, {'t_us': 230214308, 'ax': -0.0, 'ay': -0.04, 'az': -0.36, 'gx': -74.41, 'gy': -85.8, 'gz': -18.61}, {'t_us': 230234271, 'ax': -0.55, 'ay': -0.39, 'az': -0.7, 'gx': -109.89, 'gy': -38.58, 'gz': -21.11}]",2026-02-18 09:41:02,0.0
"[{'t_us': 230259427, 'ax': -2.0, 'ay': 0.25, 'az': -1.11, 'gx': -64.4, 'gy': 110.35, 'gz': -27.59}, {'t_us': 230274290, 'ax': -1.86, 'ay': 0.52, 'az': -1.32, 'gx': -36.38, 'gy': 157.28, 'gz': -49.22}, {'t_us': 230294291, 'ax': -1.83, 'ay': 0.05, 'az': -0.51, 'gx': -51.05, 'gy': 70.0, 'gz': -45.76}, {'t_us': 230314311, 'ax': -1.79, 'ay': 0.37, 'az': -0.57, 'gx': -116.84, 'gy': -42.69, 'gz': -53.18}, {'t_us': 230334271, 'ax': -1.83, 'ay': 0.23, 'az': -1.5, 'gx': -79.54, 'gy': -63.8, 'gz': -33.01}]",2026-02-18 09:41:02,0.0
"[{'t_us': 230360747, 'ax': -1.15, 'ay': -0.05, 'az': -0.92, 'gx': -45.95, 'gy': -82.06, 'gz': -17.82}, {'t_us': 230375079, 'ax': -1.01, 'ay': -0.07, 'az': -0.67, 'gx': -51.74, 'gy': 12.79, 'gz': -23.01}, {'t_us': 230394299, 'ax': -1.09, 'ay': -0.08, 'az': -0.71, 'gx': -48.2, 'gy': 68.34, 'gz': -31.47}, {'t_us': 230414319, 'ax': -1.07, 'ay': -0.17, 'az': -0.63, 'gx': -48.02, 'gy': 28.2, 'gz': -35.68}, {'t_us': 230434291, 'ax': -0.87, 'ay': -0.33, 'az': -0.51, 'gx': -43.79, 'gy': -22.75, 'gz': -35.8}]",2026-02-18 09:41:02,0.0
"[{'t_us': 230458687, 'ax': -0.51, 'ay': -0.27, 'az': -0.21, 'gx': -36.24, 'gy': -54.17, 'gz': -26.14}, {'t_us': 230474592, 'ax': -0.35, 'ay': -0.19, 'az': -0.08, 'gx': -32.32, 'gy': -42.67, 'gz': -15.88}, {'t_us': 230494319, 'ax': -0.2, 'ay': -0.13, 'az': -0.16, 'gx': -21.69, 'gy': -24.23, 'gz': -6.67}, {'t_us': 230514276, 'ax': -0.14, 'ay': -0.04, 'az': -0.13, 'gx': -18.64, 'gy': -11.08, 'gz': -1.91}, {'t_us': 230534274, 'ax': -0.15, 'ay': 0.03, 'az': -0.16, 'gx': -30.4, 'gy': -13.53, 'gz': -6.08}]",2026-02-18 09:41:02,0.0
"[{'t_us': 230558723, 'ax': -0.14, 'ay': 0.18, 'az': -0.32, 'gx': -52.03, 'gy': -38.93, 'gz': -18.37}, {'t_us': 230574296, 'ax': -0.07, 'ay': 0.26, 'az': -0.38, 'gx': -51.42, 'gy': -37.89, 'gz': -23.92}, {'t_us': 230594296, 'ax': -0.06, 'ay': 0.23, 'az': -0.38, 'gx': -46.93, 'gy': -29.31, 'gz': -30.23}, {'t_us': 230614319, 'ax': -0.12, 'ay': 0.09, 'az': -0.38, 'gx': -55.08, 'gy': -13.05, 'gz': -29.11}, {'t_us': 230634271, 'ax': -0.38, 'ay': 0.08, 'az': -0.65, 'gx': -69.56, 'gy': -8.58, 'gz': -25.31}]",2026-02-18 09:41:02,0.0
"[{'t_us': 230660474, 'ax': -1.16, 'ay': -0.44, 'az': -1.04, 'gx': -55.34, 'gy': 70.73, 'gz': 22.99}, {'t_us': 230674304, 'ax': -1.76, 'ay': -0.35, 'az': -0.85, 'gx': -24.66, 'gy': 39.63, 'gz': 38.14}, {'t_us': 230694304, 'ax': -1.59, 'ay': -0.58, 'az': -0.82, 'gx': 43.51, 'gy': -49.39, 'gz': 19.89}, {'t_us': 230714262, 'ax': -1.5, 'ay': -0.85, 'az': -0.83, 'gx': 78.12, 'gy': -62.23, 'gz': 16.93}, {'t_us': 230734255, 'ax': -1.82, 'ay': -0.73, 'az': -0.65, 'gx': 65.77, 'gy': -6.02, 'gz': 11.94}]",2026-02-18 09:41:02,0.0
"[{'t_us': 230759092, 'ax': -1.7, 'ay': -0.43, 'az': -1.03, 'gx': 49.37, 'gy': 12.43, 'gz': 22.21}, {'t_us': 230774270, 'ax': -1.56, 'ay': -0.22, 'az': -0.89, 'gx': 69.37, 'gy': -6.99, 'gz': 19.65}, {'t_us': 230794308, 'ax': -1.33, 'ay': -0.21, 'az': -0.54, 'gx': 80.11, 'gy': 3.82, 'gz': 15.44}, {'t_us': 230814304, 'ax': -1.18, 'ay': -0.19, 'az': -0.48, 'gx': 68.44, 'gy': 44.61, 'gz': 12.34}, {'t_us': 230834263, 'ax': -1.03, 'ay': -0.23, 'az': -0.58, 'gx': 59.6, 'gy': 71.13, 'gz': 16.53}]",2026-02-18 09:41:03,
