samples,timestamp,label
"[{'t_us': 715655935, 'ax': -1.65, 'ay': 0.14, 'az': -0.02, 'gx': 107.66, 'gy': -25.86, 'gz': -1.37}, {'t_us': 715674291, 'ax': -1.52, 'ay': -0.09, 'az': -0.15, 'gx': 151.68, 'gy': 82.92, 'gz': -27.65}, {'t_us': 715694262, 'ax': -1.95, 'ay': -0.47, 'az': 0.02, 'gx': 171.74, 'gy': 96.85, 'gz': -48.08}, {'t_us': 715714296, 'ax': -1.3, 'ay': -0.25, 'az': -0.09, 'gx': 156.31, 'gy': 17.63, 'gz': -8.2}, {'t_us': 715734321, 'ax': -1.17, 'ay': 0.08, 'az': -0.01, 'gx': 119.37, 'gy': -12.61, 'gz': -1.95}]",2026-02-18 09:49:07,0.0
"[{'t_us': 715760875, 'ax': -0.59, 'ay': 0.09, 'az': -0.28, 'gx': 75.08, 'gy': -42.2, 'gz': -23.13}, {'t_us': 715774321, 'ax': -0.33, 'ay': 0.22, 'az': -0.17, 'gx': 64.4, 'gy': -31.36, 'gz': -16.43}, {'t_us': 715794321, 'ax': -0.03, 'ay': 0.25, 'az': -0.03, 'gx': 54.47, 'gy': -12.02, 'gz': -13.31}, {'t_us': 715814255, 'ax': 0.15, 'ay': 0.21, 'az': -0.03, 'gx': 33.73, 'gy': -3.94, 'gz': -8.69}, {'t_us': 715834288, 'ax': 0.47, 'ay': 0.11, 'az': -0.18, 'gx': 10.02, 'gy': -21.97, 'gz': 0.81}]",2026-02-18 09:49:08,0.0
"[{'t_us': 715860113, 'ax': 0.52, 'ay': 0.01, 'az': -0.19, 'gx': -0.38, 'gy': -12.17, 'gz': 15.16}, {'t_us': 715874271, 'ax': 0.33, 'ay': -0.06, 'az': -0.15, 'gx': 5.62, 'gy': 8.15, 'gz': 16.72}, {'t_us': 715894277, 'ax': -0.14, 'ay': -0.05, 'az': -0.07, 'gx': 20.47, 'gy': 37.59, 'gz': 10.9}, {'t_us': 715914303, 'ax': -0.65, 'ay': 0.01, 'az': -0.09, 'gx': 6.35, 'gy': 26.87, 'gz': -3.01}, {'t_us': 715934303, 'ax': -1.33, 'ay': -0.04, 'az': -0.51, 'gx': 10.02, 'gy': 80.75, 'gz': -21.39}]",2026-02-18 09:49:08,0.0
"[{'t_us': 715959410, 'ax': -2.0, 'ay': 0.26, 'az': -0.29, 'gx': 51.48, 'gy': 42.79, 'gz': -53.62}, {'t_us': 715974296, 'ax': -2.0, 'ay': 0.26, 'az': 0.07, 'gx': 43.82, 'gy': 50.98, 'gz': -26.38}, {'t_us': 715994296, 'ax': -2.0, 'ay': 0.13, 'az': -0.03, 'gx': -30.06, 'gy': -83.65, 'gz': 0.99}, {'t_us': 716014321, 'ax': -0.7, 'ay': 0.23, 'az': 0.39, 'gx': -73.15, 'gy': -111.19, 'gz': -8.49}, {'t_us': 716034277, 'ax': -1.42, 'ay': 0.04, 'az': -0.1, 'gx': -72.0, 'gy': 218.96, 'gz': 44.15}]",2026-02-18 09:49:08,0.0
"[{'t_us': 716062258, 'ax': -1.57, 'ay': 0.25, 'az': -0.22, 'gx': -84.44, 'gy': -10.43, 'gz': -12.0}, {'t_us': 716074255, 'ax': -1.36, 'ay': 0.06, 'az': -0.38, 'gx': -71.83, 'gy': -13.91, 'gz': 0.4}, {'t_us': 716094255, 'ax': -0.91, 'ay': -0.14, 'az': -0.5, 'gx': -28.27, 'gy': -71.76, 'gz': -6.64}, {'t_us': 716114321, 'ax': -0.55, 'ay': -0.18, 'az': -0.47, 'gx': -3.92, 'gy': -51.24, 'gz': -12.35}, {'t_us': 716134324, 'ax': -0.08, 'ay': -0.36, 'az': -0.27, 'gx': 9.57, 'gy': -84.9, 'gz': -3.25}]",2026-02-18 09:49:08,0.0
"[{'t_us': 716161945, 'ax': 0.46, 'ay': -0.23, 'az': -0.08, 'gx': 13.21, 'gy': -82.0, 'gz': 22.44}, {'t_us': 716174291, 'ax': 0.59, 'ay': -0.09, 'az': -0.07, 'gx': 12.5, 'gy': -61.65, 'gz': 27.98}, {'t_us': 716194291, 'ax': 0.55, 'ay': 0.06, 'az': -0.2, 'gx': 16.26, 'gy': -33.6, 'gz': 27.76}, {'t_us': 716214316, 'ax': 0.44, 'ay': 0.15, 'az': -0.26, 'gx': 15.89, 'gy': -42.0, 'gz': 24.7}, {'t_us': 716234277, 'ax': 0.06, 'ay': 0.13, 'az': -0.31, 'gx': 21.04, 'gy': -26.2, 'gz': 18.95}]",2026-02-18 09:49:08,0.0
"[{'t_us': 716259305, 'ax': -1.19, 'ay': -0.0, 'az': 0.13, 'gx': -21.69, 'gy': 8.67, 'gz': -22.81}, {'t_us': 716275187, 'ax': -1.87, 'ay': -0.19, 'az': -0.26, 'gx': -49.02, 'gy': 123.24, 'gz': -38.46}, {'t_us': 716294271, 'ax': -2.0, 'ay': -1.0, 'az': -0.56, 'gx': -0.56, 'gy': 106.26, 'gz': 44.73}, {'t_us': 716314296, 'ax': -2.0, 'ay': -0.79, 'az': -0.36, 'gx': 3.66, 'gy': -65.59, 'gz': 60.02}, {'t_us': 716334255, 'ax': -1.31, 'ay': -0.25, 'az': 0.56, 'gx': 38.06, 'gy': -96.98, 'gz': 47.91}]",2026-02-18 09:49:08,0.0
"[{'t_us': 716360661, 'ax': -1.05, 'ay': 0.31, 'az': -0.15, 'gx': 143.07, 'gy': 137.36, 'gz': -1.5}, {'t_us': 716374321, 'ax': -2.0, 'ay': 0.18, 'az': -0.67, 'gx': 177.21, 'gy': 232.52, 'gz': -29.77}, {'t_us': 716394255, 'ax': -2.0, 'ay': -0.19, 'az': -0.5, 'gx': 122.73, 'gy': -39.56, 'gz': -53.47}, {'t_us': 716414321, 'ax': -1.15, 'ay': -0.01, 'az': -0.26, 'gx': 89.18, 'gy': -86.75, 'gz': -40.63}, {'t_us': 716434291, 'ax': -0.81, 'ay': -0.16, 'az': -0.08, 'gx': 70.81, 'gy': -83.95, 'gz': -51.66}]",2026-02-18 09:49:08,0.0
"[{'t_us': 716458910, 'ax': 0.18, 'ay': -0.05, 'az': 0.16, 'gx': 59.07, 'gy': -16.93, 'gz': -21.83}, {'t_us': 716474308, 'ax': 0.21, 'ay': 0.2, 'az': 0.08, 'gx': 39.62, 'gy': -7.53, 'gz': 2.11}, {'t_us': 716494303, 'ax': 0.36, 'ay': 0.25, 'az': -0.01, 'gx': 14.55, 'gy': -2.2, 'gz': 9.97}, {'t_us': 716514262, 'ax': 0.54, 'ay': 0.18, 'az': -0.23, 'gx': -4.34, 'gy': -6.82, 'gz': 19.02}, {'t_us': 716534312, 'ax': 0.45, 'ay': 0.21, 'az': -0.19, 'gx': -0.7, 'gy': -2.6, 'gz': 13.18}]",2026-02-18 09:49:08,0.0
"[{'t_us': 716560927, 'ax': -0.02, 'ay': -0.03, 'az': -0.09, 'gx': 9.36, 'gy': 73.01, 'gz': 6.43}, {'t_us': 716574320, 'ax': -0.42, 'ay': -0.09, 'az': -0.2, 'gx': -0.34, 'gy': 65.04, 'gz': 3.42}, {'t_us': 716594312, 'ax': -1.29, 'ay': -0.11, 'az': -0.57, 'gx': -11.59, 'gy': 42.09, 'gz': -4.08}, {'t_us': 716614308, 'ax': -2.0, 'ay': 0.13, 'az': -0.92, 'gx': 26.66, 'gy': 57.11, 'gz': -30.61}, {'t_us': 716634290, 'ax': -2.0, 'ay': 0.41, 'az': -0.27, 'gx': 34.49, 'gy': 41.11, 'gz': -11.19}]",2026-02-18 09:49:08,0.0
"[{'t_us': 716658762, 'ax': -2.0, 'ay': 0.1, 'az': -0.37, 'gx': -25.74, 'gy': -149.33, 'gz': 31.66}, {'t_us': 716674300, 'ax': -1.07, 'ay': 0.28, 'az': 0.15, 'gx': -18.92, 'gy': -156.0, 'gz': 7.34}, {'t_us': 716694321, 'ax': -0.23, 'ay': -0.28, 'az': 0.32, 'gx': -29.1, 'gy': 129.62, 'gz': 13.76}, {'t_us': 716714300, 'ax': -1.98, 'ay': -0.03, 'az': -0.33, 'gx': -24.11, 'gy': 155.19, 'gz': 5.68}, {'t_us': 716734300, 'ax': -1.22, 'ay': -0.02, 'az': -0.24, 'gx': -36.18, 'gy': -12.85, 'gz': 22.6}]",2026-02-18 09:49:08,0.0
"[{'t_us': 716759008, 'ax': -1.08, 'ay': -0.01, 'az': -0.4, 'gx': -3.28, 'gy': -8.99, 'gz': 8.0}, {'t_us': 716774259, 'ax': -0.57, 'ay': -0.15, 'az': -0.37, 'gx': 17.37, 'gy': -30.03, 'gz': 6.2}, {'t_us': 716794277, 'ax': -0.29, 'ay': -0.15, 'az': -0.16, 'gx': 36.26, 'gy': -20.08, 'gz': 7.04}, {'t_us': 716814281, 'ax': -0.05, 'ay': -0.3, 'az': -0.06, 'gx': 36.79, 'gy': -40.95, 'gz': 12.02}, {'t_us': 716834309, 'ax': 0.17, 'ay': -0.18, 'az': -0.22, 'gx': 57.33, 'gy': -32.85, 'gz': 9.42}]",2026-02-18 09:49:09,0.0
"[{'t_us': 716860431, 'ax': 0.29, 'ay': -0.07, 'az': -0.34, 'gx': 87.53, 'gy': -26.73, 'gz': 21.66}, {'t_us': 716874300, 'ax': 0.21, 'ay': -0.01, 'az': -0.27, 'gx': 94.56, 'gy': -31.27, 'gz': 25.19}, {'t_us': 716894262, 'ax': -0.01, 'ay': 0.07, 'az': -0.26, 'gx': 87.85, 'gy': -20.29, 'gz': 18.38}, {'t_us': 716914271, 'ax': -0.41, 'ay': 0.06, 'az': -0.25, 'gx': 73.54, 'gy': -2.09, 'gz': 20.53}, {'t_us': 716934309, 'ax': -1.19, 'ay': -0.11, 'az': -0.13, 'gx': 43.62, 'gy': -25.74, 'gz': 10.78}]",2026-02-18 09:49:09,0.0
"[{'t_us': 716960691, 'ax': -2.0, 'ay': -0.45, 'az': -0.2, 'gx': 24.6, 'gy': 31.13, 'gz': 53.25}, {'t_us': 716974303, 'ax': -2.0, 'ay': -0.66, 'az': -0.38, 'gx': 30.61, 'gy': 61.62, 'gz': 76.82}, {'t_us': 716994300, 'ax': -2.0, 'ay': -0.26, 'az': -0.8, 'gx': 69.3, 'gy': -45.71, 'gz': 28.11}, {'t_us': 717014321, 'ax': -1.85, 'ay': 0.21, 'az': 0.0, 'gx': 92.4, 'gy': -36.6, 'gz': 4.26}, {'t_us': 717034291, 'ax': -1.73, 'ay': -0.0, 'az': -0.33, 'gx': 136.73, 'gy': 104.85, 'gz': -14.38}]",2026-02-18 09:49:09,0.0
"[{'t_us': 717059160, 'ax': -1.95, 'ay': -0.26, 'az': -0.16, 'gx': 145.71, 'gy': 85.08, 'gz': -26.81}, {'t_us': 717074308, 'ax': -1.29, 'ay': -0.17, 'az': -0.26, 'gx': 136.5, 'gy': 13.74, 'gz': -10.2}, {'t_us': 717094288, 'ax': -1.02, 'ay': -0.01, 'az': -0.21, 'gx': 110.76, 'gy': -31.98, 'gz': -5.28}, {'t_us': 717114308, 'ax': -0.74, 'ay': 0.01, 'az': -0.25, 'gx': 87.56, 'gy': -44.4, 'gz': -8.56}, {'t_us': 717134288, 'ax': -0.25, 'ay': 0.09, 'az': 0.07, 'gx': 69.34, 'gy': -39.02, 'gz': -14.44}]",2026-02-18 09:49:09,0.0
"[{'t_us': 717160465, 'ax': 0.25, 'ay': 0.2, 'az': 0.22, 'gx': 35.37, 'gy': -11.63, 'gz': -6.27}, {'t_us': 717174273, 'ax': 0.42, 'ay': 0.21, 'az': 0.12, 'gx': 21.63, 'gy': -3.54, 'gz': -9.45}, {'t_us': 717194291, 'ax': 0.44, 'ay': 0.12, 'az': -0.23, 'gx': 16.6, 'gy': -39.02, 'gz': 10.89}, {'t_us': 717214277, 'ax': 0.37, 'ay': 0.18, 'az': -0.07, 'gx': -9.86, 'gy': -26.44, 'gz': 8.46}, {'t_us': 717234288, 'ax': 0.23, 'ay': 0.08, 'az': -0.16, 'gx': -12.31, 'gy': 7.18, 'gz': 3.8}]",2026-02-18 09:49:09,0.0
"[{'t_us': 717260416, 'ax': -0.2, 'ay': -0.17, 'az': -0.18, 'gx': 2.29, 'gy': 8.35, 'gz': -1.04}, {'t_us': 717274271, 'ax': -0.47, 'ay': -0.21, 'az': -0.22, 'gx': 0.75, 'gy': 18.79, 'gz': -6.44}, {'t_us': 717294291, 'ax': -1.05, 'ay': -0.13, 'az': -0.36, 'gx': -12.4, 'gy': 54.31, 'gz': -10.08}, {'t_us': 717314321, 'ax': -2.0, 'ay': -0.14, 'az': -0.51, 'gx': -11.86, 'gy': 52.03, 'gz': -29.21}, {'t_us': 717334321, 'ax': -2.0, 'ay': 0.1, 'az': -0.47, 'gx': 13.34, 'gy': 55.8, 'gz': -33.25}]",2026-02-18 09:49:09,0.0
"[{'t_us': 717359130, 'ax': -2.0, 'ay': 0.32, 'az': -0.5, 'gx': -35.97, 'gy': -150.0, 'gz': 32.81}, {'t_us': 717374288, 'ax': -1.67, 'ay': 0.35, 'az': -0.1, 'gx': -17.89, 'gy': -61.42, 'gz': 24.0}, {'t_us': 717394308, 'ax': -1.57, 'ay': -0.09, 'az': -0.11, 'gx': -21.97, 'gy': 153.79, 'gz': 4.09}, {'t_us': 717414277, 'ax': -1.9, 'ay': -0.25, 'az': 0.18, 'gx': -34.14, 'gy': 61.91, 'gz': -13.92}, {'t_us': 717434300, 'ax': -1.24, 'ay': -0.29, 'az': -0.25, 'gx': -44.02, 'gy': 44.03, 'gz': 5.44}]",2026-02-18 09:49:09,0.0
"[{'t_us': 717458601, 'ax': -0.72, 'ay': -0.21, 'az': -0.5, 'gx': -8.61, 'gy': -29.73, 'gz': 8.55}, {'t_us': 717474276, 'ax': -0.52, 'ay': -0.06, 'az': -0.5, 'gx': 19.71, 'gy': -26.15, 'gz': 10.21}, {'t_us': 717494321, 'ax': -0.28, 'ay': -0.1, 'az': -0.27, 'gx': 41.11, 'gy': -36.23, 'gz': 12.37}, {'t_us': 717514281, 'ax': -0.04, 'ay': -0.21, 'az': -0.11, 'gx': 51.6, 'gy': -40.56, 'gz': 11.94}, {'t_us': 717534274, 'ax': 0.14, 'ay': -0.15, 'az': -0.19, 'gx': 61.73, 'gy': -36.98, 'gz': 21.48}]",2026-02-18 09:49:09,0.0
"[{'t_us': 717560402, 'ax': 0.17, 'ay': -0.04, 'az': -0.32, 'gx': 86.47, 'gy': -50.64, 'gz': 24.64}, {'t_us': 717574300, 'ax': 0.23, 'ay': -0.03, 'az': -0.24, 'gx': 98.15, 'gy': -54.27, 'gz': 25.16}, {'t_us': 717594281, 'ax': 0.2, 'ay': 0.0, 'az': -0.15, 'gx': 106.82, 'gy': -56.5, 'gz': 22.0}, {'t_us': 717614308, 'ax': -0.15, 'ay': -0.01, 'az': -0.26, 'gx': 114.06, 'gy': -3.79, 'gz': 10.79}, {'t_us': 717634271, 'ax': -0.69, 'ay': -0.13, 'az': -0.34, 'gx': 106.66, 'gy': 20.69, 'gz': -1.5}]",2026-02-18 09:49:09,0.0
"[{'t_us': 717660441, 'ax': -1.37, 'ay': -0.32, 'az': -0.34, 'gx': 67.34, 'gy': 55.98, 'gz': -0.85}, {'t_us': 717674300, 'ax': -2.0, 'ay': -0.52, 'az': -0.3, 'gx': 70.67, 'gy': 57.56, 'gz': 39.89}, {'t_us': 717694288, 'ax': -2.0, 'ay': -0.44, 'az': -0.44, 'gx': 72.6, 'gy': -8.96, 'gz': 43.08}, {'t_us': 717714296, 'ax': -2.0, 'ay': -0.09, 'az': -0.72, 'gx': 91.59, 'gy': -94.93, 'gz': 12.38}, {'t_us': 717734321, 'ax': -1.67, 'ay': 0.01, 'az': -0.05, 'gx': 133.95, 'gy': -16.17, 'gz': -7.39}]",2026-02-18 09:49:09,0.0
"[{'t_us': 717759456, 'ax': -1.66, 'ay': -0.34, 'az': -0.07, 'gx': 168.99, 'gy': 86.23, 'gz': -25.34}, {'t_us': 717774332, 'ax': -1.7, 'ay': -0.24, 'az': 0.02, 'gx': 154.52, 'gy': 94.98, 'gz': -25.74}, {'t_us': 717794308, 'ax': -1.18, 'ay': -0.15, 'az': -0.16, 'gx': 152.27, 'gy': 36.03, 'gz': -3.07}, {'t_us': 717814291, 'ax': -0.98, 'ay': 0.01, 'az': -0.19, 'gx': 131.83, 'gy': -1.31, 'gz': -13.44}, {'t_us': 717834259, 'ax': -0.55, 'ay': -0.08, 'az': -0.25, 'gx': 108.37, 'gy': -23.04, 'gz': -4.87}]",2026-02-18 09:49:10,0.0
"[{'t_us': 717860504, 'ax': -0.09, 'ay': 0.05, 'az': -0.2, 'gx': 82.03, 'gy': -30.92, 'gz': 4.26}, {'t_us': 717874319, 'ax': 0.07, 'ay': 0.16, 'az': -0.13, 'gx': 74.06, 'gy': -13.86, 'gz': 6.5}, {'t_us': 717894288, 'ax': 0.34, 'ay': 0.25, 'az': -0.21, 'gx': 54.84, 'gy': -0.67, 'gz': 4.08}, {'t_us': 717914291, 'ax': 0.53, 'ay': 0.15, 'az': -0.29, 'gx': 27.18, 'gy': -10.84, 'gz': -1.01}, {'t_us': 717934288, 'ax': 0.34, 'ay': 0.14, 'az': -0.14, 'gx': 39.62, 'gy': 5.44, 'gz': 14.64}]",2026-02-18 09:49:10,0.0
"[{'t_us': 717958673, 'ax': -0.11, 'ay': -0.06, 'az': -0.13, 'gx': 41.69, 'gy': 16.95, 'gz': 7.1}, {'t_us': 717974296, 'ax': -0.44, 'ay': 0.03, 'az': -0.13, 'gx': 35.47, 'gy': 3.28, 'gz': 4.4}, {'t_us': 717994262, 'ax': -0.93, 'ay': 0.07, 'az': -0.3, 'gx': 25.07, 'gy': -4.12, 'gz': -4.72}, {'t_us': 718014312, 'ax': -1.49, 'ay': 0.09, 'az': -0.51, 'gx': 26.35, 'gy': 54.55, 'gz': -13.85}, {'t_us': 718034288, 'ax': -2.0, 'ay': 0.03, 'az': -0.3, 'gx': 32.02, 'gy': 45.65, 'gz': -17.57}]",2026-02-18 09:49:10,0.0
"[{'t_us': 718060699, 'ax': -2.0, 'ay': 0.3, 'az': -0.24, 'gx': -15.1, 'gy': -28.78, 'gz': 17.51}, {'t_us': 718074288, 'ax': -1.8, 'ay': 0.42, 'az': -0.07, 'gx': -28.49, 'gy': -90.82, 'gz': 24.15}, {'t_us': 718094291, 'ax': -0.85, 'ay': 0.34, 'az': 0.07, 'gx': -44.72, 'gy': 16.24, 'gz': 5.71}, {'t_us': 718114255, 'ax': -1.76, 'ay': 0.12, 'az': -0.15, 'gx': -22.03, 'gy': 152.49, 'gz': 13.24}, {'t_us': 718134291, 'ax': -1.53, 'ay': 0.08, 'az': 0.06, 'gx': -35.76, 'gy': 18.72, 'gz': -11.5}]",2026-02-18 09:49:10,0.0
"[{'t_us': 718158790, 'ax': -1.07, 'ay': -0.1, 'az': -0.3, 'gx': -22.24, 'gy': -9.18, 'gz': 6.03}, {'t_us': 718174310, 'ax': -0.85, 'ay': -0.19, 'az': -0.38, 'gx': -2.87, 'gy': -20.95, 'gz': -0.76}, {'t_us': 718194308, 'ax': -0.51, 'ay': -0.18, 'az': -0.4, 'gx': 6.96, 'gy': -47.13, 'gz': 4.27}, {'t_us': 718214308, 'ax': -0.26, 'ay': -0.21, 'az': -0.25, 'gx': 21.22, 'gy': -60.72, 'gz': 14.06}, {'t_us': 718234277, 'ax': 0.04, 'ay': -0.17, 'az': -0.14, 'gx': 25.94, 'gy': -66.9, 'gz': 15.79}]",2026-02-18 09:49:10,0.0
"[{'t_us': 718259179, 'ax': 0.22, 'ay': -0.14, 'az': -0.41, 'gx': 65.22, 'gy': -33.82, 'gz': 17.34}, {'t_us': 718274296, 'ax': 0.27, 'ay': -0.12, 'az': -0.5, 'gx': 93.76, 'gy': -45.86, 'gz': 14.85}, {'t_us': 718294296, 'ax': 0.23, 'ay': -0.12, 'az': -0.32, 'gx': 104.58, 'gy': -30.76, 'gz': 13.19}, {'t_us': 718314288, 'ax': -0.28, 'ay': -0.14, 'az': -0.24, 'gx': 87.68, 'gy': 13.28, 'gz': 14.02}, {'t_us': 718334316, 'ax': -1.33, 'ay': -0.2, 'az': -0.04, 'gx': 48.18, 'gy': 10.6, 'gz': 0.44}]",2026-02-18 09:49:10,0.0
"[{'t_us': 718359223, 'ax': -2.0, 'ay': -0.62, 'az': -0.1, 'gx': 15.79, 'gy': 58.38, 'gz': 33.54}, {'t_us': 718374271, 'ax': -2.0, 'ay': -0.59, 'az': -0.59, 'gx': 19.85, 'gy': 73.76, 'gz': 69.48}, {'t_us': 718394288, 'ax': -2.0, 'ay': -0.03, 'az': -0.86, 'gx': 61.63, 'gy': -27.48, 'gz': 23.77}, {'t_us': 718414277, 'ax': -2.0, 'ay': 0.29, 'az': -0.2, 'gx': 98.63, 'gy': -0.08, 'gz': -28.41}, {'t_us': 718434300, 'ax': -1.13, 'ay': -0.28, 'az': -0.22, 'gx': 151.82, 'gy': 30.67, 'gz': -31.6}]",2026-02-18 09:49:10,0.0
"[{'t_us': 718460433, 'ax': -1.67, 'ay': -0.42, 'az': -0.08, 'gx': 171.63, 'gy': 50.95, 'gz': -30.64}, {'t_us': 718474300, 'ax': -1.26, 'ay': -0.23, 'az': -0.14, 'gx': 143.13, 'gy': -15.02, 'gz': -18.14}, {'t_us': 718494255, 'ax': -0.93, 'ay': 0.05, 'az': 0.09, 'gx': 86.31, 'gy': -54.31, 'gz': -14.09}, {'t_us': 718514300, 'ax': -0.41, 'ay': 0.21, 'az': -0.07, 'gx': 47.48, 'gy': -25.4, 'gz': -8.21}, {'t_us': 718534321, 'ax': -0.04, 'ay': 0.23, 'az': -0.07, 'gx': 48.96, 'gy': -15.71, 'gz': -8.02}]",2026-02-18 09:49:10,0.0
"[{'t_us': 718559168, 'ax': 0.36, 'ay': 0.18, 'az': 0.06, 'gx': 47.31, 'gy': 14.06, 'gz': 1.11}, {'t_us': 718574265, 'ax': 0.47, 'ay': 0.08, 'az': -0.02, 'gx': 26.81, 'gy': 31.8, 'gz': 9.4}, {'t_us': 718594262, 'ax': 0.4, 'ay': 0.05, 'az': -0.19, 'gx': 12.41, 'gy': 43.4, 'gz': 18.31}, {'t_us': 718614291, 'ax': 0.08, 'ay': 0.06, 'az': -0.34, 'gx': 11.6, 'gy': 48.31, 'gz': 19.94}, {'t_us': 718634281, 'ax': -0.34, 'ay': -0.12, 'az': -0.29, 'gx': 21.27, 'gy': 36.89, 'gz': 14.29}]",2026-02-18 09:49:10,0.0
"[{'t_us': 718660390, 'ax': -1.18, 'ay': -0.13, 'az': -0.22, 'gx': 13.48, 'gy': -38.02, 'gz': 1.92}, {'t_us': 718676030, 'ax': -1.49, 'ay': -0.07, 'az': -0.44, 'gx': 14.75, 'gy': -78.7, 'gz': -6.85}, {'t_us': 718694312, 'ax': -2.0, 'ay': -0.13, 'az': -0.39, 'gx': 46.58, 'gy': -30.89, 'gz': 3.63}, {'t_us': 718714296, 'ax': -2.0, 'ay': 0.27, 'az': 0.04, 'gx': 29.85, 'gy': 3.83, 'gz': 11.77}, {'t_us': 718734296, 'ax': -2.0, 'ay': 0.36, 'az': -0.24, 'gx': -24.32, 'gy': -57.54, 'gz': 32.38}]",2026-02-18 09:49:10,0.0
"[{'t_us': 718760423, 'ax': -1.2, 'ay': 0.26, 'az': -0.2, 'gx': -35.79, 'gy': -8.4, 'gz': 5.71}, {'t_us': 718774300, 'ax': -1.19, 'ay': 0.06, 'az': -0.04, 'gx': -23.85, 'gy': 61.56, 'gz': 12.15}, {'t_us': 718794316, 'ax': -1.23, 'ay': 0.01, 'az': 0.37, 'gx': -57.27, 'gy': 66.02, 'gz': 8.41}, {'t_us': 718814312, 'ax': -1.42, 'ay': 0.16, 'az': -0.11, 'gx': -63.57, 'gy': 14.64, 'gz': 9.62}, {'t_us': 718834274, 'ax': -0.9, 'ay': -0.12, 'az': -0.48, 'gx': -31.36, 'gy': -12.9, 'gz': -1.8}]",2026-02-18 09:49:11,0.0
"[{'t_us': 718859153, 'ax': -0.33, 'ay': -0.24, 'az': -0.45, 'gx': 14.4, 'gy': -56.35, 'gz': 6.49}, {'t_us': 718874321, 'ax': 0.0, 'ay': -0.28, 'az': -0.3, 'gx': 35.89, 'gy': -56.9, 'gz': 12.69}, {'t_us': 718894321, 'ax': 0.2, 'ay': -0.4, 'az': -0.15, 'gx': 53.21, 'gy': -55.5, 'gz': 23.11}, {'t_us': 718914316, 'ax': 0.46, 'ay': -0.28, 'az': -0.11, 'gx': 68.53, 'gy': -19.97, 'gz': 22.67}, {'t_us': 718934262, 'ax': 0.34, 'ay': -0.17, 'az': -0.39, 'gx': 90.27, 'gy': -7.08, 'gz': 24.89}]",2026-02-18 09:49:11,0.0
"[{'t_us': 718958964, 'ax': -0.1, 'ay': -0.0, 'az': -0.25, 'gx': 99.54, 'gy': -13.68, 'gz': 14.78}, {'t_us': 718974277, 'ax': -0.41, 'ay': 0.06, 'az': -0.11, 'gx': 88.47, 'gy': -25.08, 'gz': 7.59}, {'t_us': 718994281, 'ax': -1.01, 'ay': -0.05, 'az': 0.2, 'gx': 52.41, 'gy': -14.46, 'gz': -15.4}, {'t_us': 719014281, 'ax': -1.54, 'ay': -0.2, 'az': 0.03, 'gx': 8.37, 'gy': 22.47, 'gz': 1.1}, {'t_us': 719034271, 'ax': -2.0, 'ay': -0.67, 'az': -0.58, 'gx': 38.08, 'gy': 77.48, 'gz': 55.65}]",2026-02-18 09:49:11,0.0
"[{'t_us': 719058888, 'ax': -2.0, 'ay': -0.62, 'az': -0.74, 'gx': 84.82, 'gy': -58.37, 'gz': 33.83}, {'t_us': 719074287, 'ax': -2.0, 'ay': -0.23, 'az': -0.45, 'gx': 140.5, 'gy': -43.08, 'gz': -0.52}, {'t_us': 719094281, 'ax': -1.26, 'ay': -0.33, 'az': -0.14, 'gx': 206.11, 'gy': 42.9, 'gz': -13.53}, {'t_us': 719114281, 'ax': -1.91, 'ay': -0.42, 'az': -0.04, 'gx': 213.97, 'gy': 88.81, 'gz': -20.66}, {'t_us': 719134281, 'ax': -1.22, 'ay': 0.17, 'az': -0.1, 'gx': 174.17, 'gy': -9.25, 'gz': -22.75}]",2026-02-18 09:49:11,0.0
"[{'t_us': 719159026, 'ax': -0.84, 'ay': 0.24, 'az': 0.05, 'gx': 110.26, 'gy': -37.44, 'gz': -19.68}, {'t_us': 719174303, 'ax': -0.39, 'ay': 0.21, 'az': -0.02, 'gx': 81.57, 'gy': -25.79, 'gz': -15.27}, {'t_us': 719194262, 'ax': -0.04, 'ay': 0.24, 'az': -0.05, 'gx': 60.76, 'gy': -13.42, 'gz': 0.92}, {'t_us': 719214320, 'ax': 0.33, 'ay': 0.13, 'az': -0.08, 'gx': 56.35, 'gy': 2.84, 'gz': 8.31}, {'t_us': 719234308, 'ax': 0.47, 'ay': 0.03, 'az': -0.18, 'gx': 46.27, 'gy': 3.16, 'gz': 10.06}]",2026-02-18 09:49:11,0.0
"[{'t_us': 719258725, 'ax': 0.45, 'ay': -0.0, 'az': -0.19, 'gx': 23.62, 'gy': 16.79, 'gz': 19.92}, {'t_us': 719274291, 'ax': 0.18, 'ay': -0.01, 'az': -0.25, 'gx': 25.68, 'gy': 45.94, 'gz': 15.82}, {'t_us': 719294254, 'ax': -0.32, 'ay': -0.12, 'az': -0.32, 'gx': 11.36, 'gy': 30.35, 'gz': 14.81}, {'t_us': 719314255, 'ax': -0.95, 'ay': -0.0, 'az': -0.08, 'gx': 5.63, 'gy': -39.36, 'gz': 2.03}, {'t_us': 719334321, 'ax': -1.69, 'ay': 0.09, 'az': -0.52, 'gx': -0.32, 'gy': 3.62, 'gz': -28.93}]",2026-02-18 09:49:11,0.0
"[{'t_us': 719359024, 'ax': -2.0, 'ay': 0.27, 'az': -0.66, 'gx': 51.88, 'gy': 73.15, 'gz': -67.19}, {'t_us': 719374321, 'ax': -2.0, 'ay': 0.03, 'az': 0.0, 'gx': 44.56, 'gy': 75.71, 'gz': -37.97}, {'t_us': 719394288, 'ax': -2.0, 'ay': 0.03, 'az': -0.47, 'gx': 8.37, 'gy': -91.76, 'gz': 22.2}, {'t_us': 719414288, 'ax': -1.03, 'ay': 0.31, 'az': 0.27, 'gx': -21.97, 'gy': -103.89, 'gz': -5.39}, {'t_us': 719434262, 'ax': -0.97, 'ay': -0.07, 'az': 0.08, 'gx': -27.04, 'gy': 130.5, 'gz': 1.51}]",2026-02-18 09:49:11,0.0
"[{'t_us': 719462769, 'ax': -1.13, 'ay': 0.13, 'az': -0.07, 'gx': -34.18, 'gy': 22.0, 'gz': 2.78}, {'t_us': 719474288, 'ax': -0.93, 'ay': 0.0, 'az': -0.24, 'gx': -27.07, 'gy': -11.74, 'gz': 11.63}, {'t_us': 719494281, 'ax': -0.72, 'ay': -0.21, 'az': -0.47, 'gx': 4.23, 'gy': -54.75, 'gz': 11.25}, {'t_us': 719514281, 'ax': -0.45, 'ay': -0.23, 'az': -0.48, 'gx': 23.71, 'gy': -48.95, 'gz': 11.22}, {'t_us': 719534311, 'ax': -0.09, 'ay': -0.3, 'az': -0.29, 'gx': 38.03, 'gy': -66.4, 'gz': 15.86}]",2026-02-18 09:49:11,0.0
"[{'t_us': 719559029, 'ax': 0.28, 'ay': -0.24, 'az': -0.32, 'gx': 55.08, 'gy': -61.02, 'gz': 22.34}, {'t_us': 719574263, 'ax': 0.45, 'ay': -0.17, 'az': -0.29, 'gx': 74.92, 'gy': -45.05, 'gz': 28.67}, {'t_us': 719594308, 'ax': 0.34, 'ay': 0.01, 'az': -0.29, 'gx': 93.6, 'gy': -26.89, 'gz': 32.64}, {'t_us': 719614303, 'ax': -0.12, 'ay': 0.01, 'az': -0.23, 'gx': 103.01, 'gy': -19.44, 'gz': 25.48}, {'t_us': 719634290, 'ax': -0.64, 'ay': -0.09, 'az': 0.1, 'gx': 85.69, 'gy': -10.73, 'gz': 14.27}]",2026-02-18 09:49:11,0.0
"[{'t_us': 719658877, 'ax': -2.0, 'ay': -0.3, 'az': 0.0, 'gx': 32.95, 'gy': 17.66, 'gz': -5.15}, {'t_us': 719674296, 'ax': -2.0, 'ay': -0.65, 'az': -0.33, 'gx': 39.22, 'gy': 67.3, 'gz': 8.12}, {'t_us': 719694296, 'ax': -2.0, 'ay': -0.33, 'az': -0.39, 'gx': 56.81, 'gy': 28.87, 'gz': 31.36}, {'t_us': 719714320, 'ax': -2.0, 'ay': 0.17, 'az': -0.06, 'gx': 48.82, 'gy': -36.44, 'gz': 5.71}, {'t_us': 719734281, 'ax': -1.29, 'ay': 0.08, 'az': 0.1, 'gx': 76.96, 'gy': -4.26, 'gz': -32.08}]",2026-02-18 09:49:11,0.0
"[{'t_us': 719758752, 'ax': -1.82, 'ay': -0.25, 'az': -0.06, 'gx': 134.11, 'gy': 117.16, 'gz': -47.45}, {'t_us': 719774309, 'ax': -1.95, 'ay': -0.29, 'az': -0.4, 'gx': 142.67, 'gy': 46.81, 'gz': -58.98}, {'t_us': 719794308, 'ax': -1.28, 'ay': -0.35, 'az': 0.02, 'gx': 133.44, 'gy': -16.02, 'gz': -38.46}, {'t_us': 719814277, 'ax': -0.64, 'ay': -0.18, 'az': 0.14, 'gx': 63.76, 'gy': -59.97, 'gz': -18.31}, {'t_us': 719834255, 'ax': -0.17, 'ay': 0.14, 'az': -0.19, 'gx': 40.43, 'gy': -59.69, 'gz': -0.06}]",2026-02-18 09:49:12,0.0
"[{'t_us': 719860658, 'ax': 0.6, 'ay': 0.23, 'az': 0.01, 'gx': 24.32, 'gy': -31.74, 'gz': 9.4}, {'t_us': 719874715, 'ax': 0.8, 'ay': 0.22, 'az': -0.02, 'gx': 4.72, 'gy': -14.29, 'gz': 17.19}, {'t_us': 719894300, 'ax': 0.74, 'ay': 0.16, 'az': -0.18, 'gx': -10.98, 'gy': 9.95, 'gz': 22.52}, {'t_us': 719914321, 'ax': 0.22, 'ay': 0.23, 'az': -0.14, 'gx': -18.23, 'gy': 51.6, 'gz': 22.09}, {'t_us': 719934288, 'ax': -0.21, 'ay': -0.15, 'az': -0.19, 'gx': -9.25, 'gy': 55.36, 'gz': 10.02}]",2026-02-18 09:49:12,0.0
"[{'t_us': 719959385, 'ax': -0.7, 'ay': -0.11, 'az': -0.06, 'gx': -23.36, 'gy': -8.35, 'gz': -2.85}, {'t_us': 719974281, 'ax': -0.97, 'ay': -0.1, 'az': -0.26, 'gx': -24.37, 'gy': -26.24, 'gz': 1.59}, {'t_us': 719994281, 'ax': -1.73, 'ay': -0.04, 'az': -0.61, 'gx': -16.24, 'gy': 45.94, 'gz': -16.38}, {'t_us': 720014308, 'ax': -2.0, 'ay': 0.03, 'az': -0.65, 'gx': 14.5, 'gy': 24.06, 'gz': -47.01}, {'t_us': 720034321, 'ax': -2.0, 'ay': 0.19, 'az': 0.04, 'gx': 5.4, 'gy': -0.27, 'gz': -29.68}]",2026-02-18 09:49:12,0.0
"[{'t_us': 720060040, 'ax': -1.8, 'ay': 0.23, 'az': 0.36, 'gx': -52.76, 'gy': -75.68, 'gz': 7.6}, {'t_us': 720074291, 'ax': -1.05, 'ay': 0.06, 'az': 0.42, 'gx': -79.04, 'gy': 34.05, 'gz': -2.6}, {'t_us': 720094291, 'ax': -1.99, 'ay': -0.15, 'az': -0.33, 'gx': -77.63, 'gy': 196.99, 'gz': 11.25}, {'t_us': 720114321, 'ax': -1.88, 'ay': 0.21, 'az': -0.41, 'gx': -91.11, 'gy': 7.98, 'gz': -21.65}, {'t_us': 720134288, 'ax': -1.23, 'ay': -0.1, 'az': -0.75, 'gx': -55.24, 'gy': -44.95, 'gz': 11.31}]",2026-02-18 09:49:12,0.0
"[{'t_us': 720161723, 'ax': -0.36, 'ay': -0.07, 'az': -0.29, 'gx': -19.66, 'gy': -87.18, 'gz': 14.41}, {'t_us': 720174291, 'ax': -0.11, 'ay': -0.13, 'az': -0.15, 'gx': -9.31, 'gy': -52.43, 'gz': 11.37}, {'t_us': 720194321, 'ax': 0.15, 'ay': -0.35, 'az': 0.22, 'gx': 7.45, 'gy': 8.73, 'gz': -0.41}, {'t_us': 720214291, 'ax': 0.31, 'ay': -0.43, 'az': -0.07, 'gx': 26.6, 'gy': 30.67, 'gz': -8.32}, {'t_us': 720234303, 'ax': 0.3, 'ay': -0.29, 'az': -0.46, 'gx': 64.53, 'gy': 9.88, 'gz': -16.08}]",2026-02-18 09:49:12,0.0
"[{'t_us': 720260786, 'ax': 0.14, 'ay': -0.09, 'az': -0.15, 'gx': 78.95, 'gy': -2.89, 'gz': -2.95}, {'t_us': 720274281, 'ax': 0.07, 'ay': -0.07, 'az': -0.05, 'gx': 72.55, 'gy': -10.75, 'gz': 3.5}, {'t_us': 720294300, 'ax': -0.1, 'ay': -0.09, 'az': -0.05, 'gx': 59.31, 'gy': -14.31, 'gz': 12.84}, {'t_us': 720314300, 'ax': -0.3, 'ay': -0.03, 'az': -0.34, 'gx': 53.02, 'gy': 5.3, 'gz': 12.21}, {'t_us': 720334321, 'ax': -0.81, 'ay': 0.04, 'az': -0.35, 'gx': 36.47, 'gy': 73.6, 'gz': 14.5}]",2026-02-18 09:49:12,0.0
"[{'t_us': 720359455, 'ax': -2.0, 'ay': -0.44, 'az': -0.29, 'gx': 44.58, 'gy': 41.51, 'gz': 48.98}, {'t_us': 720374298, 'ax': -2.0, 'ay': -0.71, 'az': -0.05, 'gx': 50.11, 'gy': 8.23, 'gz': 29.05}, {'t_us': 720394296, 'ax': -2.0, 'ay': -0.69, 'az': -0.56, 'gx': 35.42, 'gy': -74.72, 'gz': 16.4}, {'t_us': 720414321, 'ax': -1.82, 'ay': 0.12, 'az': 0.05, 'gx': 105.16, 'gy': -48.05, 'gz': 11.28}, {'t_us': 720434321, 'ax': -2.0, 'ay': 0.13, 'az': -0.45, 'gx': 145.01, 'gy': 137.92, 'gz': -22.89}]",2026-02-18 09:49:12,0.0
"[{'t_us': 720459069, 'ax': -1.97, 'ay': 0.16, 'az': -0.12, 'gx': 89.15, 'gy': -7.85, 'gz': -42.89}, {'t_us': 720474289, 'ax': -1.37, 'ay': 0.09, 'az': -0.13, 'gx': 76.23, 'gy': -5.74, 'gz': -20.99}, {'t_us': 720494291, 'ax': -0.73, 'ay': 0.09, 'az': 0.1, 'gx': 41.59, 'gy': -66.49, 'gz': -20.15}, {'t_us': 720514291, 'ax': -0.08, 'ay': -0.07, 'az': 0.07, 'gx': 40.11, 'gy': -10.34, 'gz': -15.74}, {'t_us': 720534321, 'ax': 0.08, 'ay': 0.14, 'az': 0.03, 'gx': 19.89, 'gy': 0.34, 'gz': 5.91}]",2026-02-18 09:49:12,0.0
"[{'t_us': 720558836, 'ax': 0.47, 'ay': 0.09, 'az': -0.04, 'gx': 2.84, 'gy': -19.51, 'gz': 16.9}, {'t_us': 720574296, 'ax': 0.45, 'ay': 0.28, 'az': 0.19, 'gx': -38.79, 'gy': -11.13, 'gz': 16.12}, {'t_us': 720594300, 'ax': 0.43, 'ay': 0.38, 'az': -0.12, 'gx': -66.78, 'gy': 3.08, 'gz': -3.56}, {'t_us': 720614300, 'ax': 0.33, 'ay': 0.01, 'az': -0.31, 'gx': -42.34, 'gy': 56.31, 'gz': -13.8}, {'t_us': 720634255, 'ax': -0.06, 'ay': -0.2, 'az': -0.42, 'gx': -31.79, 'gy': 76.31, 'gz': -8.66}]",2026-02-18 09:49:12,0.0
"[{'t_us': 720660846, 'ax': -0.93, 'ay': -0.12, 'az': -0.48, 'gx': -58.92, 'gy': 1.53, 'gz': -0.55}, {'t_us': 720674401, 'ax': -1.54, 'ay': -0.03, 'az': -0.4, 'gx': -62.85, 'gy': -32.53, 'gz': 3.82}, {'t_us': 720694277, 'ax': -2.0, 'ay': 0.17, 'az': -0.51, 'gx': -36.93, 'gy': -5.4, 'gz': -9.94}, {'t_us': 720714311, 'ax': -2.0, 'ay': 0.22, 'az': -0.17, 'gx': -47.44, 'gy': -14.6, 'gz': 4.87}, {'t_us': 720734281, 'ax': -2.0, 'ay': 0.15, 'az': -0.29, 'gx': -55.98, 'gy': -85.37, 'gz': 5.98}]",2026-02-18 09:49:12,0.0
"[{'t_us': 720758580, 'ax': -0.92, 'ay': 0.03, 'az': 0.44, 'gx': -58.43, 'gy': -1.88, 'gz': 6.38}, {'t_us': 720774287, 'ax': -1.18, 'ay': -0.21, 'az': 0.01, 'gx': -53.1, 'gy': 124.35, 'gz': 22.63}, {'t_us': 720794300, 'ax': -1.83, 'ay': 0.01, 'az': -0.2, 'gx': -58.89, 'gy': 25.11, 'gz': -5.77}, {'t_us': 720814321, 'ax': -1.42, 'ay': 0.02, 'az': -0.18, 'gx': -61.4, 'gy': -2.44, 'gz': 6.87}, {'t_us': 720834283, 'ax': -0.75, 'ay': -0.19, 'az': -0.23, 'gx': -49.01, 'gy': -26.63, 'gz': -8.92}]",2026-02-18 09:49:13,0.0
"[{'t_us': 720860054, 'ax': -0.32, 'ay': -0.2, 'az': -0.22, 'gx': -23.56, 'gy': -22.32, 'gz': -10.05}, {'t_us': 720874270, 'ax': -0.06, 'ay': -0.27, 'az': -0.16, 'gx': -10.15, 'gy': -36.53, 'gz': -11.28}, {'t_us': 720894288, 'ax': 0.34, 'ay': -0.23, 'az': -0.17, 'gx': 13.15, 'gy': -56.5, 'gz': -0.7}, {'t_us': 720914288, 'ax': 0.46, 'ay': -0.25, 'az': -0.42, 'gx': 47.8, 'gy': -65.63, 'gz': 19.91}, {'t_us': 720934303, 'ax': 0.4, 'ay': -0.13, 'az': -0.32, 'gx': 68.18, 'gy': -75.07, 'gz': 25.01}]",2026-02-18 09:49:13,0.0
"[{'t_us': 720960389, 'ax': 0.09, 'ay': 0.13, 'az': -0.14, 'gx': 77.44, 'gy': -5.48, 'gz': 15.42}, {'t_us': 720974281, 'ax': -0.22, 'ay': 0.13, 'az': -0.22, 'gx': 76.87, 'gy': 15.63, 'gz': 13.13}, {'t_us': 720994288, 'ax': -0.76, 'ay': -0.09, 'az': -0.28, 'gx': 64.09, 'gy': -10.23, 'gz': 1.34}, {'t_us': 721014288, 'ax': -1.32, 'ay': -0.26, 'az': -0.3, 'gx': 33.94, 'gy': -18.2, 'gz': -4.49}, {'t_us': 721034308, 'ax': -2.0, 'ay': -0.73, 'az': -0.31, 'gx': 50.49, 'gy': 37.16, 'gz': 50.58}]",2026-02-18 09:49:13,0.0
"[{'t_us': 721059160, 'ax': -2.0, 'ay': -0.45, 'az': -0.49, 'gx': 43.62, 'gy': -18.79, 'gz': 51.16}, {'t_us': 721074288, 'ax': -2.0, 'ay': 0.13, 'az': -0.19, 'gx': 40.37, 'gy': -46.4, 'gz': 37.5}, {'t_us': 721094304, 'ax': -1.43, 'ay': 0.52, 'az': 0.18, 'gx': 35.44, 'gy': -3.91, 'gz': 3.97}, {'t_us': 721114299, 'ax': -1.86, 'ay': 0.23, 'az': -0.62, 'gx': 91.08, 'gy': 121.69, 'gz': -32.12}, {'t_us': 721134300, 'ax': -1.98, 'ay': -0.1, 'az': 0.01, 'gx': 104.73, 'gy': 61.07, 'gz': -46.84}]",2026-02-18 09:49:13,0.0
"[{'t_us': 721160149, 'ax': -1.26, 'ay': -0.21, 'az': -0.03, 'gx': 94.27, 'gy': 13.5, 'gz': -1.74}, {'t_us': 721174296, 'ax': -1.09, 'ay': -0.13, 'az': -0.1, 'gx': 71.57, 'gy': -19.69, 'gz': -8.76}, {'t_us': 721194277, 'ax': -0.36, 'ay': -0.17, 'az': -0.17, 'gx': 44.81, 'gy': -44.79, 'gz': -8.53}, {'t_us': 721214288, 'ax': 0.08, 'ay': -0.06, 'az': -0.03, 'gx': 26.18, 'gy': -35.71, 'gz': 4.14}, {'t_us': 721234291, 'ax': 0.49, 'ay': 0.1, 'az': 0.05, 'gx': 3.31, 'gy': -22.99, 'gz': 14.0}]",2026-02-18 09:49:13,0.0
"[{'t_us': 721258785, 'ax': 0.64, 'ay': 0.24, 'az': -0.11, 'gx': -23.65, 'gy': -20.82, 'gz': 24.96}, {'t_us': 721274262, 'ax': 0.55, 'ay': 0.31, 'az': -0.19, 'gx': -25.45, 'gy': -0.26, 'gz': 18.31}, {'t_us': 721294271, 'ax': 0.19, 'ay': 0.09, 'az': -0.16, 'gx': -8.89, 'gy': 39.71, 'gz': 6.95}, {'t_us': 721314296, 'ax': -0.12, 'ay': -0.18, 'az': -0.21, 'gx': -0.84, 'gy': 54.18, 'gz': -0.27}, {'t_us': 721334321, 'ax': -0.73, 'ay': -0.17, 'az': -0.19, 'gx': -14.08, 'gy': 14.43, 'gz': 4.18}]",2026-02-18 09:49:13,0.0
"[{'t_us': 721360428, 'ax': -1.68, 'ay': 0.08, 'az': -0.17, 'gx': -24.26, 'gy': -49.65, 'gz': 3.53}, {'t_us': 721376828, 'ax': -2.0, 'ay': 0.11, 'az': -0.3, 'gx': -7.82, 'gy': -35.25, 'gz': -6.73}, {'t_us': 721394321, 'ax': -2.0, 'ay': 0.35, 'az': -0.13, 'gx': 3.18, 'gy': 5.54, 'gz': -2.26}, {'t_us': 721414281, 'ax': -1.94, 'ay': 0.22, 'az': -0.07, 'gx': -14.12, 'gy': -88.81, 'gz': 26.43}, {'t_us': 721434289, 'ax': -0.99, 'ay': 0.25, 'az': 0.27, 'gx': -9.04, 'gy': -23.65, 'gz': 16.78}]",2026-02-18 09:49:13,0.0
"[{'t_us': 721458934, 'ax': -1.63, 'ay': -0.22, 'az': -0.02, 'gx': 12.95, 'gy': 208.66, 'gz': 9.21}, {'t_us': 721474271, 'ax': -1.77, 'ay': -0.2, 'az': 0.13, 'gx': 4.56, 'gy': 124.05, 'gz': -13.47}, {'t_us': 721494291, 'ax': -1.41, 'ay': -0.29, 'az': -0.73, 'gx': 20.49, 'gy': 67.1, 'gz': 9.68}, {'t_us': 721514321, 'ax': -0.98, 'ay': -0.09, 'az': -0.8, 'gx': 58.53, 'gy': -37.89, 'gz': 8.14}, {'t_us': 721534308, 'ax': -0.42, 'ay': -0.12, 'az': -0.33, 'gx': 90.7, 'gy': -65.16, 'gz': 14.85}]",2026-02-18 09:49:13,0.0
"[{'t_us': 721559073, 'ax': -0.03, 'ay': -0.2, 'az': -0.01, 'gx': 96.27, 'gy': -45.45, 'gz': 27.44}, {'t_us': 721574291, 'ax': 0.09, 'ay': -0.22, 'az': 0.01, 'gx': 90.24, 'gy': -52.87, 'gz': 40.56}, {'t_us': 721594271, 'ax': 0.15, 'ay': 0.03, 'az': -0.03, 'gx': 93.85, 'gy': -23.77, 'gz': 53.74}, {'t_us': 721614296, 'ax': 0.18, 'ay': 0.27, 'az': -0.14, 'gx': 93.66, 'gy': -21.44, 'gz': 55.66}, {'t_us': 721634308, 'ax': -0.09, 'ay': 0.3, 'az': -0.11, 'gx': 92.93, 'gy': -29.04, 'gz': 40.43}]",2026-02-18 09:49:13,0.0
"[{'t_us': 721660512, 'ax': -0.33, 'ay': 0.1, 'az': -0.04, 'gx': 83.83, 'gy': -14.85, 'gz': 15.54}, {'t_us': 721675443, 'ax': -0.59, 'ay': 0.02, 'az': -0.16, 'gx': 79.98, 'gy': -0.52, 'gz': 2.2}, {'t_us': 721694308, 'ax': -1.01, 'ay': -0.06, 'az': -0.3, 'gx': 68.81, 'gy': 44.66, 'gz': -12.63}, {'t_us': 721714277, 'ax': -1.34, 'ay': -0.25, 'az': -0.43, 'gx': 44.67, 'gy': 53.86, 'gz': -0.29}, {'t_us': 721734309, 'ax': -2.0, 'ay': -0.44, 'az': -0.4, 'gx': 50.2, 'gy': 3.42, 'gz': 38.12}]",2026-02-18 09:49:13,0.0
"[{'t_us': 721760372, 'ax': -2.0, 'ay': -0.4, 'az': -0.65, 'gx': 76.69, 'gy': 12.17, 'gz': 18.52}, {'t_us': 721774306, 'ax': -2.0, 'ay': -0.17, 'az': -0.72, 'gx': 102.34, 'gy': 27.54, 'gz': 17.1}, {'t_us': 721794271, 'ax': -1.98, 'ay': -0.21, 'az': -0.45, 'gx': 147.89, 'gy': 31.53, 'gz': 15.5}, {'t_us': 721814277, 'ax': -1.69, 'ay': -0.19, 'az': -0.33, 'gx': 176.79, 'gy': 61.56, 'gz': 1.11}, {'t_us': 721834308, 'ax': -1.79, 'ay': 0.07, 'az': -0.28, 'gx': 183.88, 'gy': 47.89, 'gz': -22.29}]",2026-02-18 09:49:14,0.0
"[{'t_us': 721859276, 'ax': -1.23, 'ay': 0.08, 'az': -0.1, 'gx': 178.47, 'gy': -16.67, 'gz': -17.98}, {'t_us': 721874312, 'ax': -0.87, 'ay': 0.05, 'az': 0.09, 'gx': 156.31, 'gy': -34.26, 'gz': -18.72}, {'t_us': 721894273, 'ax': -0.39, 'ay': 0.01, 'az': 0.17, 'gx': 118.18, 'gy': -10.98, 'gz': -0.82}, {'t_us': 721914300, 'ax': 0.06, 'ay': 0.15, 'az': 0.15, 'gx': 81.39, 'gy': -1.79, 'gz': 14.85}, {'t_us': 721934303, 'ax': 0.25, 'ay': 0.2, 'az': -0.06, 'gx': 40.67, 'gy': 3.73, 'gz': 38.9}]",2026-02-18 09:49:14,0.0
"[{'t_us': 721960472, 'ax': 0.41, 'ay': 0.1, 'az': -0.51, 'gx': 12.05, 'gy': -11.8, 'gz': 41.79}, {'t_us': 721974271, 'ax': 0.21, 'ay': 0.29, 'az': -0.19, 'gx': 9.97, 'gy': -20.52, 'gz': 41.92}, {'t_us': 721994291, 'ax': 0.17, 'ay': 0.14, 'az': -0.3, 'gx': 2.24, 'gy': -16.63, 'gz': 11.33}, {'t_us': 722014288, 'ax': 0.17, 'ay': -0.0, 'az': -0.37, 'gx': 8.52, 'gy': -1.73, 'gz': -0.7}, {'t_us': 722034313, 'ax': -0.33, 'ay': -0.15, 'az': -0.47, 'gx': 16.93, 'gy': 23.82, 'gz': 9.6}]",2026-02-18 09:49:14,0.0
"[{'t_us': 722060634, 'ax': -1.68, 'ay': -0.0, 'az': -0.44, 'gx': 20.81, 'gy': 53.71, 'gz': 21.8}, {'t_us': 722074314, 'ax': -2.0, 'ay': 0.16, 'az': -0.66, 'gx': 27.86, 'gy': 38.24, 'gz': -0.05}, {'t_us': 722094281, 'ax': -2.0, 'ay': 0.33, 'az': -0.39, 'gx': 47.73, 'gy': 22.05, 'gz': -8.93}, {'t_us': 722114312, 'ax': -2.0, 'ay': 0.3, 'az': -0.62, 'gx': 38.5, 'gy': -66.85, 'gz': 12.37}, {'t_us': 722134276, 'ax': -1.46, 'ay': 0.23, 'az': -0.03, 'gx': 43.39, 'gy': -53.33, 'gz': 8.26}]",2026-02-18 09:49:14,0.0
"[{'t_us': 722160517, 'ax': -1.36, 'ay': -0.08, 'az': -0.09, 'gx': 29.34, 'gy': 104.41, 'gz': 8.23}, {'t_us': 722174272, 'ax': -1.89, 'ay': 0.03, 'az': -0.1, 'gx': 36.37, 'gy': 85.18, 'gz': 3.15}, {'t_us': 722194290, 'ax': -1.46, 'ay': 0.14, 'az': -0.2, 'gx': 11.33, 'gy': 22.5, 'gz': -10.92}, {'t_us': 722214262, 'ax': -1.03, 'ay': -0.1, 'az': -0.3, 'gx': 25.24, 'gy': -29.31, 'gz': -1.47}, {'t_us': 722234255, 'ax': -0.61, 'ay': -0.08, 'az': -0.26, 'gx': 36.79, 'gy': -61.19, 'gz': -1.01}]",2026-02-18 09:49:14,0.0
"[{'t_us': 722258632, 'ax': -0.12, 'ay': -0.09, 'az': -0.25, 'gx': 57.42, 'gy': -46.81, 'gz': -2.46}, {'t_us': 722276208, 'ax': 0.16, 'ay': -0.15, 'az': -0.13, 'gx': 78.05, 'gy': -36.76, 'gz': 0.79}, {'t_us': 722294277, 'ax': 0.4, 'ay': -0.21, 'az': -0.2, 'gx': 95.44, 'gy': -28.31, 'gz': 3.53}, {'t_us': 722314291, 'ax': 0.46, 'ay': -0.2, 'az': -0.44, 'gx': 118.38, 'gy': -35.83, 'gz': 5.91}, {'t_us': 722334291, 'ax': 0.3, 'ay': -0.1, 'az': -0.23, 'gx': 123.44, 'gy': -28.27, 'gz': 6.61}]",2026-02-18 09:49:14,0.0
"[{'t_us': 722360407, 'ax': -0.3, 'ay': -0.04, 'az': -0.16, 'gx': 111.85, 'gy': -3.24, 'gz': 6.95}, {'t_us': 722374291, 'ax': -0.66, 'ay': -0.01, 'az': -0.11, 'gx': 93.37, 'gy': -10.08, 'gz': 1.94}, {'t_us': 722394262, 'ax': -1.24, 'ay': 0.03, 'az': 0.0, 'gx': 51.4, 'gy': -12.35, 'gz': -12.37}, {'t_us': 722414308, 'ax': -2.0, 'ay': -0.24, 'az': -0.29, 'gx': 44.78, 'gy': 24.11, 'gz': 28.02}, {'t_us': 722434277, 'ax': -2.0, 'ay': -0.27, 'az': -0.14, 'gx': 45.19, 'gy': 17.36, 'gz': 38.75}]",2026-02-18 09:49:14,0.0
"[{'t_us': 722460736, 'ax': -2.0, 'ay': 0.09, 'az': -0.49, 'gx': 63.98, 'gy': -67.21, 'gz': 1.89}, {'t_us': 722474309, 'ax': -2.0, 'ay': 0.13, 'az': -0.11, 'gx': 95.16, 'gy': -65.94, 'gz': -8.4}, {'t_us': 722494308, 'ax': -1.62, 'ay': -0.11, 'az': -0.55, 'gx': 150.67, 'gy': 48.96, 'gz': -30.02}, {'t_us': 722514296, 'ax': -1.82, 'ay': -0.1, 'az': 0.05, 'gx': 129.56, 'gy': 10.53, 'gz': -42.15}, {'t_us': 722534296, 'ax': -1.15, 'ay': -0.0, 'az': 0.07, 'gx': 89.79, 'gy': -48.38, 'gz': -20.89}]",2026-02-18 09:49:14,0.0
"[{'t_us': 722559192, 'ax': -0.51, 'ay': -0.14, 'az': 0.02, 'gx': 38.75, 'gy': -36.82, 'gz': -19.94}, {'t_us': 722575073, 'ax': -0.11, 'ay': -0.06, 'az': -0.09, 'gx': 19.66, 'gy': -22.03, 'gz': -5.54}, {'t_us': 722594281, 'ax': 0.17, 'ay': 0.01, 'az': -0.04, 'gx': 13.4, 'gy': 9.04, 'gz': 5.5}, {'t_us': 722614315, 'ax': 0.4, 'ay': 0.08, 'az': -0.03, 'gx': 0.14, 'gy': 27.36, 'gz': 15.16}, {'t_us': 722634316, 'ax': 0.47, 'ay': 0.16, 'az': -0.09, 'gx': -22.73, 'gy': 16.78, 'gz': 20.03}]",2026-02-18 09:49:14,0.0
"[{'t_us': 722660405, 'ax': 0.18, 'ay': 0.18, 'az': -0.14, 'gx': -25.65, 'gy': 8.08, 'gz': 7.85}, {'t_us': 722674329, 'ax': 0.03, 'ay': 0.09, 'az': -0.07, 'gx': -16.27, 'gy': 20.05, 'gz': 0.67}, {'t_us': 722694255, 'ax': -0.3, 'ay': -0.12, 'az': -0.21, 'gx': -16.99, 'gy': 24.73, 'gz': -9.27}, {'t_us': 722714272, 'ax': -0.82, 'ay': -0.08, 'az': -0.29, 'gx': 2.96, 'gy': 31.4, 'gz': -14.4}, {'t_us': 722734255, 'ax': -1.79, 'ay': -0.1, 'az': -0.29, 'gx': -7.86, 'gy': 19.22, 'gz': -25.02}]",2026-02-18 09:49:14,0.0
"[{'t_us': 722758628, 'ax': -2.0, 'ay': 0.3, 'az': -0.27, 'gx': -2.49, 'gy': -5.82, 'gz': -29.82}, {'t_us': 722774309, 'ax': -2.0, 'ay': 0.42, 'az': 0.13, 'gx': -40.17, 'gy': -5.08, 'gz': -11.16}, {'t_us': 722794308, 'ax': -2.0, 'ay': 0.43, 'az': -0.34, 'gx': -78.34, 'gy': -101.47, 'gz': 9.8}, {'t_us': 722814295, 'ax': -1.28, 'ay': 0.4, 'az': -0.24, 'gx': -80.03, 'gy': 81.02, 'gz': -2.35}, {'t_us': 722834300, 'ax': -2.0, 'ay': -0.11, 'az': -0.19, 'gx': -72.34, 'gy': 72.09, 'gz': -11.69}]",2026-02-18 09:49:15,0.0
"[{'t_us': 722860652, 'ax': -1.42, 'ay': -0.01, 'az': -0.26, 'gx': -75.77, 'gy': 4.34, 'gz': 5.53}, {'t_us': 722874297, 'ax': -1.01, 'ay': -0.17, 'az': -0.39, 'gx': -51.05, 'gy': -42.37, 'gz': 0.34}, {'t_us': 722894281, 'ax': -0.48, 'ay': -0.32, 'az': -0.46, 'gx': -7.92, 'gy': -35.27, 'gz': 3.66}, {'t_us': 722914262, 'ax': -0.15, 'ay': -0.24, 'az': -0.34, 'gx': 25.48, 'gy': -36.49, 'gz': 5.89}, {'t_us': 722934271, 'ax': 0.21, 'ay': -0.32, 'az': -0.01, 'gx': 24.67, 'gy': -51.76, 'gz': 11.27}]",2026-02-18 09:49:15,0.0
"[{'t_us': 722958730, 'ax': 0.48, 'ay': -0.17, 'az': -0.22, 'gx': 42.21, 'gy': -39.22, 'gz': 16.29}, {'t_us': 722974277, 'ax': 0.45, 'ay': -0.02, 'az': -0.32, 'gx': 55.63, 'gy': -26.4, 'gz': 5.21}, {'t_us': 722994281, 'ax': 0.42, 'ay': 0.04, 'az': -0.15, 'gx': 65.97, 'gy': -19.15, 'gz': 0.26}, {'t_us': 723014266, 'ax': 0.27, 'ay': 0.05, 'az': -0.06, 'gx': 63.57, 'gy': -8.56, 'gz': 6.85}, {'t_us': 723034271, 'ax': -0.13, 'ay': 0.02, 'az': -0.09, 'gx': 56.72, 'gy': 23.13, 'gz': 6.89}]",2026-02-18 09:49:15,0.0
"[{'t_us': 723058984, 'ax': -1.04, 'ay': -0.06, 'az': -0.1, 'gx': 32.43, 'gy': 30.84, 'gz': -19.71}, {'t_us': 723074316, 'ax': -1.4, 'ay': -0.15, 'az': -0.44, 'gx': 19.1, 'gy': 93.34, 'gz': -15.51}, {'t_us': 723094300, 'ax': -2.0, 'ay': -0.68, 'az': -0.19, 'gx': 22.4, 'gy': 10.37, 'gz': 29.59}, {'t_us': 723114300, 'ax': -2.0, 'ay': -0.91, 'az': -0.58, 'gx': 15.51, 'gy': -38.24, 'gz': 34.6}, {'t_us': 723134308, 'ax': -1.6, 'ay': -0.23, 'az': -0.56, 'gx': 55.18, 'gy': -149.24, 'gz': 49.91}]",2026-02-18 09:49:15,0.0
"[{'t_us': 723160467, 'ax': -1.67, 'ay': 0.33, 'az': 0.08, 'gx': 122.5, 'gy': 46.93, 'gz': 10.14}, {'t_us': 723174255, 'ax': -2.0, 'ay': 0.14, 'az': 0.0, 'gx': 156.06, 'gy': 133.27, 'gz': -52.87}, {'t_us': 723194308, 'ax': -1.63, 'ay': -0.1, 'az': 0.11, 'gx': 122.87, 'gy': 5.8, 'gz': -50.2}, {'t_us': 723214303, 'ax': -1.07, 'ay': 0.13, 'az': 0.06, 'gx': 98.34, 'gy': -23.39, 'gz': -18.99}, {'t_us': 723234305, 'ax': -0.5, 'ay': -0.04, 'az': -0.2, 'gx': 67.04, 'gy': -41.45, 'gz': -28.64}]",2026-02-18 09:49:15,0.0
"[{'t_us': 723258969, 'ax': 0.08, 'ay': 0.21, 'az': -0.12, 'gx': 51.4, 'gy': 4.31, 'gz': -11.95}, {'t_us': 723274299, 'ax': 0.23, 'ay': 0.14, 'az': -0.07, 'gx': 37.79, 'gy': -1.65, 'gz': 1.82}, {'t_us': 723294300, 'ax': 0.45, 'ay': 0.03, 'az': -0.06, 'gx': 18.73, 'gy': 7.79, 'gz': 14.18}, {'t_us': 723314300, 'ax': 0.49, 'ay': 0.02, 'az': -0.11, 'gx': -2.23, 'gy': 12.27, 'gz': 14.98}, {'t_us': 723334285, 'ax': 0.42, 'ay': 0.03, 'az': -0.14, 'gx': -6.95, 'gy': 37.85, 'gz': 13.11}]",2026-02-18 09:49:15,0.0
"[{'t_us': 723360402, 'ax': -0.16, 'ay': -0.02, 'az': -0.15, 'gx': -1.45, 'gy': 61.05, 'gz': 8.69}, {'t_us': 723374303, 'ax': -0.63, 'ay': -0.05, 'az': -0.18, 'gx': -8.34, 'gy': 38.35, 'gz': 7.68}, {'t_us': 723394262, 'ax': -1.36, 'ay': 0.11, 'az': -0.17, 'gx': -19.02, 'gy': -4.81, 'gz': 2.24}, {'t_us': 723414271, 'ax': -2.0, 'ay': 0.26, 'az': -0.43, 'gx': -11.95, 'gy': 1.98, 'gz': -21.63}, {'t_us': 723434291, 'ax': -2.0, 'ay': 0.22, 'az': -0.26, 'gx': 6.7, 'gy': 6.41, 'gz': -17.04}]",2026-02-18 09:49:15,0.0
"[{'t_us': 723460462, 'ax': -2.0, 'ay': 0.02, 'az': -0.3, 'gx': -30.06, 'gy': -81.24, 'gz': 30.72}, {'t_us': 723474291, 'ax': -1.3, 'ay': 0.2, 'az': 0.11, 'gx': -24.87, 'gy': -75.47, 'gz': 14.34}, {'t_us': 723494308, 'ax': -1.0, 'ay': -0.24, 'az': -0.12, 'gx': -8.4, 'gy': 122.15, 'gz': 20.11}, {'t_us': 723514303, 'ax': -2.0, 'ay': -0.02, 'az': -0.1, 'gx': -24.35, 'gy': 111.47, 'gz': 7.44}, {'t_us': 723534332, 'ax': -1.23, 'ay': -0.08, 'az': -0.09, 'gx': -48.35, 'gy': 15.77, 'gz': 7.8}]",2026-02-18 09:49:15,0.0
"[{'t_us': 723560425, 'ax': -0.87, 'ay': -0.11, 'az': -0.46, 'gx': -15.62, 'gy': -31.33, 'gz': -2.58}, {'t_us': 723574300, 'ax': -0.43, 'ay': -0.11, 'az': -0.39, 'gx': 3.48, 'gy': -31.82, 'gz': -6.02}, {'t_us': 723594262, 'ax': -0.09, 'ay': -0.18, 'az': -0.4, 'gx': 28.02, 'gy': -33.1, 'gz': -6.0}, {'t_us': 723614271, 'ax': 0.19, 'ay': -0.28, 'az': -0.28, 'gx': 45.33, 'gy': -45.21, 'gz': 10.99}, {'t_us': 723634317, 'ax': 0.36, 'ay': -0.22, 'az': -0.29, 'gx': 65.65, 'gy': -30.35, 'gz': 22.96}]",2026-02-18 09:49:15,0.0
"[{'t_us': 723660693, 'ax': 0.42, 'ay': -0.04, 'az': -0.16, 'gx': 76.44, 'gy': -28.05, 'gz': 26.31}, {'t_us': 723674316, 'ax': 0.37, 'ay': 0.11, 'az': -0.03, 'gx': 65.21, 'gy': -15.56, 'gz': 17.92}, {'t_us': 723694262, 'ax': 0.13, 'ay': 0.06, 'az': -0.18, 'gx': 83.1, 'gy': -8.06, 'gz': 21.36}, {'t_us': 723714271, 'ax': -0.6, 'ay': -0.11, 'az': -0.14, 'gx': 85.25, 'gy': -37.97, 'gz': 15.88}, {'t_us': 723734308, 'ax': -1.2, 'ay': -0.3, 'az': -0.05, 'gx': 48.87, 'gy': 3.8, 'gz': -8.73}]",2026-02-18 09:49:15,0.0
"[{'t_us': 723759241, 'ax': -2.0, 'ay': -0.6, 'az': -0.51, 'gx': 23.94, 'gy': 53.08, 'gz': 33.48}, {'t_us': 723774317, 'ax': -2.0, 'ay': -0.76, 'az': -0.2, 'gx': 45.04, 'gy': 54.29, 'gz': 73.56}, {'t_us': 723794271, 'ax': -2.0, 'ay': -0.51, 'az': -0.86, 'gx': 48.69, 'gy': -120.84, 'gz': 52.23}, {'t_us': 723814296, 'ax': -1.61, 'ay': 0.07, 'az': 0.04, 'gx': 103.77, 'gy': -30.96, 'gz': 25.6}, {'t_us': 723834263, 'ax': -1.7, 'ay': 0.02, 'az': -0.38, 'gx': 166.82, 'gy': 98.15, 'gz': -15.51}]",2026-02-18 09:49:16,0.0
"[{'t_us': 723858927, 'ax': -1.98, 'ay': -0.23, 'az': -0.01, 'gx': 183.6, 'gy': 75.94, 'gz': -44.73}, {'t_us': 723874316, 'ax': -1.2, 'ay': -0.22, 'az': -0.03, 'gx': 159.6, 'gy': 17.59, 'gz': -7.18}, {'t_us': 723894316, 'ax': -1.1, 'ay': 0.04, 'az': -0.09, 'gx': 109.97, 'gy': -35.91, 'gz': 2.11}, {'t_us': 723914312, 'ax': -0.4, 'ay': 0.09, 'az': -0.07, 'gx': 81.07, 'gy': -33.86, 'gz': 2.87}, {'t_us': 723934271, 'ax': -0.03, 'ay': 0.28, 'az': -0.01, 'gx': 66.24, 'gy': -10.55, 'gz': 6.7}]",2026-02-18 09:49:16,0.0
"[{'t_us': 723960646, 'ax': 0.44, 'ay': 0.13, 'az': 0.0, 'gx': 51.47, 'gy': 28.08, 'gz': 3.39}, {'t_us': 723974276, 'ax': 0.52, 'ay': -0.01, 'az': -0.2, 'gx': 43.51, 'gy': 27.76, 'gz': 11.11}, {'t_us': 723994308, 'ax': 0.46, 'ay': -0.08, 'az': -0.12, 'gx': 28.34, 'gy': 27.51, 'gz': 21.56}, {'t_us': 724014277, 'ax': 0.26, 'ay': -0.03, 'az': -0.18, 'gx': 20.58, 'gy': 32.37, 'gz': 19.69}, {'t_us': 724034321, 'ax': -0.06, 'ay': -0.04, 'az': -0.18, 'gx': 27.11, 'gy': 36.82, 'gz': 13.53}]",2026-02-18 09:49:16,0.0
"[{'t_us': 724059362, 'ax': -0.65, 'ay': -0.04, 'az': -0.35, 'gx': 11.04, 'gy': 13.02, 'gz': 4.73}, {'t_us': 724074321, 'ax': -1.15, 'ay': 0.06, 'az': -0.5, 'gx': 10.89, 'gy': -2.96, 'gz': -1.22}, {'t_us': 724094573, 'ax': -2.0, 'ay': 0.25, 'az': -0.75, 'gx': 16.61, 'gy': -3.56, 'gz': -36.37}, {'t_us': 724114300, 'ax': -2.0, 'ay': 0.41, 'az': -0.15, 'gx': 37.08, 'gy': -21.69, 'gz': -22.44}, {'t_us': 724134321, 'ax': -2.0, 'ay': 0.16, 'az': -0.27, 'gx': -27.82, 'gy': -67.18, 'gz': 17.57}]",2026-02-18 09:49:16,0.0
"[{'t_us': 724160554, 'ax': -1.02, 'ay': 0.24, 'az': 0.28, 'gx': -50.89, 'gy': -94.26, 'gz': 0.61}, {'t_us': 724174300, 'ax': -0.45, 'ay': -0.15, 'az': 0.21, 'gx': -37.01, 'gy': 62.21, 'gz': 7.85}, {'t_us': 724194308, 'ax': -2.0, 'ay': 0.05, 'az': -0.07, 'gx': -46.35, 'gy': 180.18, 'gz': -6.17}, {'t_us': 724214303, 'ax': -1.72, 'ay': 0.05, 'az': -0.42, 'gx': -68.58, 'gy': 23.63, 'gz': 1.07}, {'t_us': 724234316, 'ax': -0.96, 'ay': -0.15, 'az': -0.55, 'gx': -33.6, 'gy': -68.43, 'gz': 8.38}]",2026-02-18 09:49:16,0.0
"[{'t_us': 724259255, 'ax': -0.47, 'ay': -0.1, 'az': -0.45, 'gx': 3.98, 'gy': -69.92, 'gz': 8.12}, {'t_us': 724274291, 'ax': -0.19, 'ay': -0.22, 'az': -0.34, 'gx': 20.29, 'gy': -67.13, 'gz': -0.9}, {'t_us': 724294291, 'ax': 0.3, 'ay': -0.22, 'az': -0.06, 'gx': 41.54, 'gy': -38.35, 'gz': -5.8}, {'t_us': 724314321, 'ax': 0.42, 'ay': -0.32, 'az': -0.14, 'gx': 55.79, 'gy': -3.11, 'gz': -1.51}, {'t_us': 724334254, 'ax': 0.49, 'ay': -0.3, 'az': -0.33, 'gx': 87.3, 'gy': -10.81, 'gz': 5.07}]",2026-02-18 09:49:16,0.0
"[{'t_us': 724360554, 'ax': 0.18, 'ay': -0.11, 'az': -0.22, 'gx': 109.4, 'gy': -14.98, 'gz': 7.5}, {'t_us': 724374313, 'ax': -0.18, 'ay': -0.0, 'az': -0.05, 'gx': 109.3, 'gy': -7.88, 'gz': 4.64}, {'t_us': 724394277, 'ax': -0.6, 'ay': 0.02, 'az': -0.16, 'gx': 81.3, 'gy': -16.11, 'gz': -10.24}, {'t_us': 724414281, 'ax': -1.09, 'ay': -0.1, 'az': -0.11, 'gx': 42.72, 'gy': 10.55, 'gz': -29.51}, {'t_us': 724434300, 'ax': -1.88, 'ay': -0.39, 'az': -0.56, 'gx': 33.15, 'gy': 69.18, 'gz': 12.95}]",2026-02-18 09:49:16,0.0
"[{'t_us': 724460651, 'ax': -2.0, 'ay': -0.68, 'az': -0.44, 'gx': 41.18, 'gy': 7.63, 'gz': 48.76}, {'t_us': 724474304, 'ax': -2.0, 'ay': -0.48, 'az': -0.58, 'gx': 44.34, 'gy': -86.64, 'gz': 41.4}, {'t_us': 724494303, 'ax': -1.99, 'ay': 0.0, 'az': 0.0, 'gx': 97.01, 'gy': -47.88, 'gz': 4.05}, {'t_us': 724514303, 'ax': -1.2, 'ay': -0.16, 'az': -0.16, 'gx': 140.32, 'gy': 69.45, 'gz': -21.07}, {'t_us': 724534271, 'ax': -2.0, 'ay': 0.02, 'az': 0.02, 'gx': 162.37, 'gy': 68.2, 'gz': -48.84}]",2026-02-18 09:49:16,0.0
"[{'t_us': 724560912, 'ax': -1.12, 'ay': -0.14, 'az': -0.0, 'gx': 134.72, 'gy': -21.16, 'gz': -12.93}, {'t_us': 724574262, 'ax': -0.88, 'ay': -0.08, 'az': 0.07, 'gx': 101.15, 'gy': -40.05, 'gz': -20.79}, {'t_us': 724594271, 'ax': -0.11, 'ay': 0.01, 'az': -0.04, 'gx': 62.05, 'gy': -22.72, 'gz': -15.6}, {'t_us': 724614296, 'ax': 0.26, 'ay': 0.23, 'az': -0.01, 'gx': 37.94, 'gy': -6.05, 'gz': -2.2}, {'t_us': 724634316, 'ax': 0.53, 'ay': 0.19, 'az': 0.05, 'gx': 19.77, 'gy': 11.86, 'gz': 6.17}]",2026-02-18 09:49:16,0.0
"[{'t_us': 724659436, 'ax': 0.58, 'ay': 0.07, 'az': -0.21, 'gx': 1.69, 'gy': 4.06, 'gz': 11.63}, {'t_us': 724674284, 'ax': 0.34, 'ay': 0.13, 'az': -0.08, 'gx': -4.53, 'gy': 19.71, 'gz': 14.87}, {'t_us': 724694288, 'ax': 0.02, 'ay': 0.0, 'az': -0.02, 'gx': -4.87, 'gy': 32.14, 'gz': 13.62}, {'t_us': 724714308, 'ax': -0.21, 'ay': -0.07, 'az': -0.07, 'gx': -11.48, 'gy': 4.87, 'gz': 19.19}, {'t_us': 724734308, 'ax': -0.67, 'ay': 0.05, 'az': -0.25, 'gx': -12.82, 'gy': -14.99, 'gz': 25.16}]",2026-02-18 09:49:16,0.0
"[{'t_us': 724758840, 'ax': -1.86, 'ay': 0.0, 'az': -0.82, 'gx': 0.63, 'gy': 29.94, 'gz': -3.54}, {'t_us': 724774271, 'ax': -2.0, 'ay': 0.06, 'az': -0.9, 'gx': 41.47, 'gy': 4.44, 'gz': -32.9}, {'t_us': 724794277, 'ax': -2.0, 'ay': 0.11, 'az': 0.1, 'gx': 37.31, 'gy': -19.22, 'gz': -0.69}, {'t_us': 724814303, 'ax': -2.0, 'ay': 0.26, 'az': -0.02, 'gx': -19.76, 'gy': -107.13, 'gz': 30.31}, {'t_us': 724834312, 'ax': -1.03, 'ay': 0.39, 'az': 0.51, 'gx': -50.95, 'gy': -21.98, 'gz': -3.97}]",2026-02-18 09:49:17,0.0
"[{'t_us': 724860302, 'ax': -1.98, 'ay': -0.14, 'az': -0.03, 'gx': -53.73, 'gy': 219.19, 'gz': 5.69}, {'t_us': 724874277, 'ax': -1.98, 'ay': 0.13, 'az': -0.07, 'gx': -68.52, 'gy': 98.46, 'gz': -26.26}, {'t_us': 724894262, 'ax': -1.42, 'ay': -0.11, 'az': -0.55, 'gx': -64.99, 'gy': -32.0, 'gz': -5.73}, {'t_us': 724914271, 'ax': -0.85, 'ay': 0.02, 'az': -0.46, 'gx': -20.21, 'gy': -90.53, 'gz': -2.87}, {'t_us': 724934325, 'ax': -0.39, 'ay': 0.01, 'az': -0.46, 'gx': 8.78, 'gy': -71.97, 'gz': -6.56}]",2026-02-18 09:49:17,0.0
"[{'t_us': 724961300, 'ax': 0.23, 'ay': -0.19, 'az': -0.06, 'gx': 18.26, 'gy': -73.83, 'gz': -6.32}, {'t_us': 724974262, 'ax': 0.53, 'ay': -0.28, 'az': 0.1, 'gx': 30.12, 'gy': -41.71, 'gz': -2.29}, {'t_us': 724994288, 'ax': 0.66, 'ay': -0.25, 'az': -0.02, 'gx': 47.92, 'gy': 23.77, 'gz': 7.34}, {'t_us': 725014288, 'ax': 0.37, 'ay': -0.06, 'az': -0.31, 'gx': 69.19, 'gy': 19.53, 'gz': 6.55}, {'t_us': 725034276, 'ax': 0.18, 'ay': 0.05, 'az': -0.3, 'gx': 72.47, 'gy': -5.19, 'gz': -0.66}]",2026-02-18 09:49:17,0.0
"[{'t_us': 725058889, 'ax': -0.2, 'ay': 0.01, 'az': -0.23, 'gx': 66.11, 'gy': -31.25, 'gz': 2.21}, {'t_us': 725074281, 'ax': -0.62, 'ay': -0.06, 'az': -0.22, 'gx': 57.85, 'gy': -41.45, 'gz': -3.1}, {'t_us': 725094281, 'ax': -1.26, 'ay': -0.13, 'az': -0.24, 'gx': 38.56, 'gy': -12.63, 'gz': -11.07}, {'t_us': 725114308, 'ax': -2.0, 'ay': -0.66, 'az': -0.26, 'gx': 31.13, 'gy': -4.95, 'gz': 8.98}, {'t_us': 725134288, 'ax': -2.0, 'ay': -1.34, 'az': -0.57, 'gx': 62.92, 'gy': 2.46, 'gz': 58.95}]",2026-02-18 09:49:17,0.0
"[{'t_us': 725160373, 'ax': -1.81, 'ay': 0.25, 'az': 0.17, 'gx': 85.76, 'gy': -120.46, 'gz': 36.87}, {'t_us': 725174299, 'ax': -1.21, 'ay': 0.65, 'az': 0.82, 'gx': 69.04, 'gy': -38.4, 'gz': 15.59}, {'t_us': 725194300, 'ax': -1.67, 'ay': 0.25, 'az': -0.22, 'gx': 114.9, 'gy': 176.44, 'gz': -4.46}, {'t_us': 725214321, 'ax': -2.0, 'ay': -0.05, 'az': -0.38, 'gx': 121.3, 'gy': 104.98, 'gz': -55.68}, {'t_us': 725234274, 'ax': -1.26, 'ay': -0.21, 'az': 0.02, 'gx': 97.04, 'gy': -35.98, 'gz': -19.15}]",2026-02-18 09:49:17,0.0
"[{'t_us': 725258592, 'ax': -1.01, 'ay': 0.12, 'az': -0.2, 'gx': 58.26, 'gy': -65.05, 'gz': -59.04}, {'t_us': 725274295, 'ax': -0.16, 'ay': 0.07, 'az': -0.1, 'gx': 51.59, 'gy': -56.79, 'gz': -59.94}, {'t_us': 725294303, 'ax': 0.29, 'ay': 0.14, 'az': 0.08, 'gx': 41.5, 'gy': 4.93, 'gz': -36.55}, {'t_us': 725314303, 'ax': 0.58, 'ay': 0.12, 'az': 0.09, 'gx': 23.28, 'gy': 21.94, 'gz': -12.29}, {'t_us': 725334288, 'ax': 0.69, 'ay': -0.03, 'az': -0.04, 'gx': -17.86, 'gy': 13.5, 'gz': 4.11}]",2026-02-18 09:49:17,0.0
"[{'t_us': 725360113, 'ax': 0.32, 'ay': 0.14, 'az': -0.19, 'gx': -45.98, 'gy': 35.6, 'gz': 14.17}, {'t_us': 725374269, 'ax': -0.0, 'ay': 0.12, 'az': -0.19, 'gx': -33.63, 'gy': 41.91, 'gz': 7.79}, {'t_us': 725394321, 'ax': -0.11, 'ay': -0.08, 'az': -0.18, 'gx': -18.15, 'gy': 22.0, 'gz': 6.46}, {'t_us': 725414316, 'ax': -0.52, 'ay': -0.07, 'az': -0.08, 'gx': -28.63, 'gy': -4.82, 'gz': 13.79}, {'t_us': 725434296, 'ax': -1.26, 'ay': -0.07, 'az': -0.33, 'gx': -43.19, 'gy': 5.53, 'gz': 10.93}]",2026-02-18 09:49:17,0.0
"[{'t_us': 725460937, 'ax': -2.0, 'ay': 0.3, 'az': -0.32, 'gx': -40.12, 'gy': 9.37, 'gz': -13.59}, {'t_us': 725474254, 'ax': -2.0, 'ay': 0.65, 'az': -0.15, 'gx': -37.82, 'gy': -20.79, 'gz': 1.11}, {'t_us': 725494271, 'ax': -2.0, 'ay': 0.61, 'az': 0.06, 'gx': -98.85, 'gy': -35.11, 'gz': 8.85}, {'t_us': 725514296, 'ax': -1.4, 'ay': 0.27, 'az': 0.24, 'gx': -159.15, 'gy': -274.21, 'gz': -39.05}, {'t_us': 725534322, 'ax': -0.26, 'ay': -0.66, 'az': 0.63, 'gx': -53.62, 'gy': 247.07, 'gz': 36.9}]",2026-02-18 09:49:17,0.0
"[{'t_us': 725558871, 'ax': -2.0, 'ay': -0.14, 'az': -0.5, 'gx': -54.29, 'gy': 181.73, 'gz': 3.68}, {'t_us': 725577008, 'ax': -1.65, 'ay': -0.41, 'az': -0.64, 'gx': -42.75, 'gy': -5.42, 'gz': 18.4}, {'t_us': 725594303, 'ax': -0.89, 'ay': -0.3, 'az': -0.4, 'gx': -25.34, 'gy': -94.89, 'gz': 24.98}, {'t_us': 725614262, 'ax': -0.45, 'ay': -0.11, 'az': -0.3, 'gx': 3.54, 'gy': -65.73, 'gz': 21.25}, {'t_us': 725634291, 'ax': -0.03, 'ay': -0.13, 'az': -0.2, 'gx': 17.82, 'gy': -45.66, 'gz': 20.7}]",2026-02-18 09:49:17,
"[{'t_us': 725658849, 'ax': 0.34, 'ay': -0.3, 'az': -0.1, 'gx': 40.47, 'gy': -44.82, 'gz': 19.54}, {'t_us': 725674309, 'ax': 0.45, 'ay': -0.32, 'az': -0.21, 'gx': 60.87, 'gy': -22.61, 'gz': 16.89}, {'t_us': 725694316, 'ax': 0.38, 'ay': -0.25, 'az': -0.39, 'gx': 91.18, 'gy': -17.5, 'gz': 14.61}, {'t_us': 725714312, 'ax': 0.33, 'ay': -0.16, 'az': -0.31, 'gx': 104.93, 'gy': -33.83, 'gz': 13.21}, {'t_us': 725734255, 'ax': 0.1, 'ay': 0.01, 'az': -0.18, 'gx': 102.89, 'gy': -15.73, 'gz': 18.64}]",2026-02-18 09:49:17,0.0
"[{'t_us': 725758682, 'ax': -0.82, 'ay': 0.07, 'az': -0.21, 'gx': 77.76, 'gy': 8.9, 'gz': 10.05}, {'t_us': 725774295, 'ax': -1.38, 'ay': -0.06, 'az': -0.25, 'gx': 52.56, 'gy': 17.36, 'gz': -9.01}, {'t_us': 725794308, 'ax': -2.0, 'ay': -0.46, 'az': -0.4, 'gx': 63.54, 'gy': 73.98, 'gz': 10.32}, {'t_us': 725814303, 'ax': -2.0, 'ay': -0.87, 'az': -0.05, 'gx': 84.95, 'gy': 21.92, 'gz': 50.41}, {'t_us': 725834288, 'ax': -2.0, 'ay': -0.63, 'az': -0.58, 'gx': 98.52, 'gy': -47.91, 'gz': 32.55}]",2026-02-18 09:49:18,0.0
"[{'t_us': 725860937, 'ax': -1.31, 'ay': 0.18, 'az': 0.32, 'gx': 135.45, 'gy': 25.92, 'gz': -17.53}, {'t_us': 725876345, 'ax': -1.45, 'ay': 0.21, 'az': -0.55, 'gx': 167.13, 'gy': 100.11, 'gz': -36.44}, {'t_us': 725894300, 'ax': -2.0, 'ay': -0.15, 'az': -0.76, 'gx': 191.05, 'gy': 82.64, 'gz': -42.81}, {'t_us': 725914321, 'ax': -1.01, 'ay': -0.36, 'az': -0.34, 'gx': 151.76, 'gy': -63.36, 'gz': -19.15}, {'t_us': 725934331, 'ax': -0.82, 'ay': 0.01, 'az': -0.07, 'gx': 108.38, 'gy': -42.81, 'gz': -8.58}]",2026-02-18 09:49:18,0.0
"[{'t_us': 725960449, 'ax': -0.09, 'ay': 0.16, 'az': -0.03, 'gx': 73.71, 'gy': -32.03, 'gz': 14.79}, {'t_us': 725974281, 'ax': 0.32, 'ay': 0.36, 'az': 0.01, 'gx': 63.45, 'gy': -18.2, 'gz': 23.16}, {'t_us': 725994277, 'ax': 0.66, 'ay': 0.37, 'az': 0.06, 'gx': 31.92, 'gy': 18.08, 'gz': 39.74}, {'t_us': 726014281, 'ax': 0.63, 'ay': 0.25, 'az': -0.24, 'gx': 8.44, 'gy': 13.69, 'gz': 44.41}, {'t_us': 726034308, 'ax': 0.42, 'ay': 0.29, 'az': -0.28, 'gx': -13.48, 'gy': -5.92, 'gz': 15.36}]",2026-02-18 09:49:18,0.0
"[{'t_us': 726060940, 'ax': -0.03, 'ay': -0.07, 'az': -0.08, 'gx': 27.92, 'gy': 42.75, 'gz': 12.58}, {'t_us': 726074366, 'ax': -0.29, 'ay': -0.2, 'az': -0.12, 'gx': 23.16, 'gy': 38.35, 'gz': 7.65}, {'t_us': 726094303, 'ax': -0.83, 'ay': -0.2, 'az': -0.17, 'gx': 5.66, 'gy': 8.49, 'gz': 9.79}, {'t_us': 726114262, 'ax': -1.77, 'ay': -0.06, 'az': -0.36, 'gx': 1.65, 'gy': 29.59, 'gz': -2.44}, {'t_us': 726134291, 'ax': -2.0, 'ay': 0.11, 'az': -0.78, 'gx': 44.34, 'gy': 71.79, 'gz': -49.71}]",2026-02-18 09:49:18,0.0
"[{'t_us': 726160460, 'ax': -2.0, 'ay': 0.07, 'az': -0.12, 'gx': 3.33, 'gy': -43.11, 'gz': 5.54}, {'t_us': 726174369, 'ax': -2.0, 'ay': 0.11, 'az': -0.08, 'gx': -18.76, 'gy': -106.4, 'gz': 27.97}, {'t_us': 726194320, 'ax': -0.76, 'ay': 0.07, 'az': 0.38, 'gx': -15.62, 'gy': -13.19, 'gz': 12.85}, {'t_us': 726214288, 'ax': -1.33, 'ay': -0.27, 'az': 0.1, 'gx': -14.35, 'gy': 212.41, 'gz': 14.75}, {'t_us': 726234300, 'ax': -1.64, 'ay': -0.2, 'az': -0.25, 'gx': -35.08, 'gy': 55.59, 'gz': -9.92}]",2026-02-18 09:49:18,0.0
"[{'t_us': 726260369, 'ax': -0.9, 'ay': -0.05, 'az': -0.58, 'gx': -1.3, 'gy': -15.37, 'gz': -5.02}, {'t_us': 726274402, 'ax': -0.53, 'ay': -0.09, 'az': -0.68, 'gx': 38.76, 'gy': -55.28, 'gz': -4.7}, {'t_us': 726294303, 'ax': -0.01, 'ay': -0.21, 'az': -0.54, 'gx': 74.23, 'gy': -51.15, 'gz': 7.53}, {'t_us': 726314271, 'ax': -0.04, 'ay': -0.15, 'az': -0.06, 'gx': 74.21, 'gy': -51.01, 'gz': 8.61}, {'t_us': 726334291, 'ax': 0.11, 'ay': -0.06, 'az': -0.08, 'gx': 72.24, 'gy': -78.15, 'gz': 17.1}]",2026-02-18 09:49:18,0.0
"[{'t_us': 726360929, 'ax': 0.26, 'ay': 0.01, 'az': -0.09, 'gx': 83.5, 'gy': -47.89, 'gz': 19.82}, {'t_us': 726374316, 'ax': 0.26, 'ay': 0.1, 'az': -0.14, 'gx': 94.81, 'gy': -39.31, 'gz': 16.93}, {'t_us': 726394291, 'ax': 0.11, 'ay': 0.05, 'az': -0.26, 'gx': 117.18, 'gy': -33.63, 'gz': 8.14}, {'t_us': 726414277, 'ax': -0.31, 'ay': 0.01, 'az': -0.16, 'gx': 122.24, 'gy': -44.6, 'gz': -7.44}, {'t_us': 726434291, 'ax': -0.71, 'ay': -0.14, 'az': -0.14, 'gx': 106.34, 'gy': -7.85, 'gz': -19.28}]",2026-02-18 09:49:18,0.0
"[{'t_us': 726460726, 'ax': -1.81, 'ay': -0.79, 'az': -0.14, 'gx': 69.91, 'gy': 47.18, 'gz': 6.95}, {'t_us': 726474314, 'ax': -2.0, 'ay': -1.16, 'az': -0.14, 'gx': 72.05, 'gy': 95.51, 'gz': 57.69}, {'t_us': 726494308, 'ax': -2.0, 'ay': -0.78, 'az': -1.26, 'gx': 82.84, 'gy': -75.71, 'gz': 43.25}, {'t_us': 726514281, 'ax': -1.99, 'ay': -0.01, 'az': -0.68, 'gx': 136.75, 'gy': -49.36, 'gz': 14.85}, {'t_us': 726534308, 'ax': -1.71, 'ay': 0.15, 'az': -0.36, 'gx': 189.54, 'gy': 40.58, 'gz': -25.6}]",2026-02-18 09:49:18,0.0
"[{'t_us': 726560951, 'ax': -2.0, 'ay': -0.25, 'az': -0.27, 'gx': 214.06, 'gy': 81.34, 'gz': -47.21}, {'t_us': 726574386, 'ax': -1.45, 'ay': -0.24, 'az': -0.27, 'gx': 206.32, 'gy': -3.6, 'gz': -35.15}, {'t_us': 726594321, 'ax': -0.77, 'ay': -0.06, 'az': 0.11, 'gx': 165.63, 'gy': -20.61, 'gz': -4.9}, {'t_us': 726614303, 'ax': -0.61, 'ay': 0.11, 'az': -0.09, 'gx': 118.87, 'gy': 4.72, 'gz': -7.07}, {'t_us': 726634321, 'ax': -0.01, 'ay': 0.32, 'az': -0.06, 'gx': 77.82, 'gy': -7.91, 'gz': 2.05}]",2026-02-18 09:49:18,0.0
"[{'t_us': 726659183, 'ax': 0.49, 'ay': 0.37, 'az': -0.01, 'gx': 46.2, 'gy': 27.94, 'gz': 4.75}, {'t_us': 726674262, 'ax': 0.59, 'ay': 0.22, 'az': -0.15, 'gx': 27.77, 'gy': 19.04, 'gz': 12.79}, {'t_us': 726694271, 'ax': 0.56, 'ay': 0.1, 'az': -0.09, 'gx': 12.53, 'gy': 24.2, 'gz': 20.14}, {'t_us': 726714308, 'ax': 0.33, 'ay': 0.11, 'az': -0.14, 'gx': 15.04, 'gy': 49.39, 'gz': 21.45}, {'t_us': 726734288, 'ax': 0.02, 'ay': -0.16, 'az': -0.34, 'gx': 39.98, 'gy': 65.24, 'gz': 25.42}]",2026-02-18 09:49:18,0.0
"[{'t_us': 726759762, 'ax': -0.59, 'ay': -0.23, 'az': -0.54, 'gx': 36.93, 'gy': 9.82, 'gz': 14.21}, {'t_us': 726776065, 'ax': -1.09, 'ay': -0.19, 'az': -0.57, 'gx': 28.12, 'gy': -4.09, 'gz': 11.19}, {'t_us': 726794281, 'ax': -1.78, 'ay': -0.02, 'az': -0.96, 'gx': 35.27, 'gy': 40.92, 'gz': -13.92}, {'t_us': 726814300, 'ax': -2.0, 'ay': 0.61, 'az': -0.26, 'gx': 45.48, 'gy': 10.82, 'gz': -27.53}, {'t_us': 726834309, 'ax': -2.0, 'ay': 0.49, 'az': -0.26, 'gx': 0.41, 'gy': -20.46, 'gz': -10.26}]",2026-02-18 09:49:19,0.0
"[{'t_us': 726860756, 'ax': -1.52, 'ay': 0.17, 'az': 0.26, 'gx': -57.66, 'gy': -89.28, 'gz': 3.15}, {'t_us': 726874288, 'ax': -0.76, 'ay': -0.07, 'az': 0.44, 'gx': -86.09, 'gy': -3.11, 'gz': 2.17}, {'t_us': 726894255, 'ax': -1.51, 'ay': -0.16, 'az': -0.22, 'gx': -66.79, 'gy': 169.51, 'gz': 21.62}, {'t_us': 726914296, 'ax': -1.87, 'ay': 0.16, 'az': -0.07, 'gx': -59.27, 'gy': 24.17, 'gz': -11.02}, {'t_us': 726934321, 'ax': -1.26, 'ay': -0.21, 'az': -0.41, 'gx': -39.05, 'gy': -19.42, 'gz': 12.53}]",2026-02-18 09:49:19,0.0
"[{'t_us': 726960496, 'ax': -0.78, 'ay': -0.09, 'az': -0.4, 'gx': -9.62, 'gy': -70.63, 'gz': 13.83}, {'t_us': 726974315, 'ax': -0.4, 'ay': -0.11, 'az': -0.26, 'gx': 2.95, 'gy': -46.73, 'gz': 14.66}, {'t_us': 726994308, 'ax': -0.12, 'ay': -0.18, 'az': -0.23, 'gx': 19.62, 'gy': -50.69, 'gz': 14.61}, {'t_us': 727014321, 'ax': 0.21, 'ay': -0.19, 'az': -0.01, 'gx': 24.17, 'gy': -49.15, 'gz': 12.9}, {'t_us': 727034281, 'ax': 0.29, 'ay': -0.19, 'az': -0.14, 'gx': 40.08, 'gy': -27.48, 'gz': 5.95}]",2026-02-18 09:49:19,0.0
"[{'t_us': 727059136, 'ax': 0.32, 'ay': -0.24, 'az': -0.41, 'gx': 81.33, 'gy': -14.35, 'gz': 2.67}, {'t_us': 727074312, 'ax': 0.16, 'ay': -0.21, 'az': -0.33, 'gx': 101.04, 'gy': -7.85, 'gz': 9.77}, {'t_us': 727094308, 'ax': -0.08, 'ay': -0.2, 'az': -0.45, 'gx': 118.46, 'gy': 11.1, 'gz': 16.96}, {'t_us': 727114303, 'ax': -0.72, 'ay': -0.21, 'az': -0.59, 'gx': 120.56, 'gy': -4.14, 'gz': 14.96}, {'t_us': 727134303, 'ax': -1.39, 'ay': -0.46, 'az': -0.44, 'gx': 94.75, 'gy': -41.71, 'gz': 7.88}]",2026-02-18 09:49:19,0.0
"[{'t_us': 727160542, 'ax': -2.0, 'ay': -1.12, 'az': -0.33, 'gx': 106.26, 'gy': -22.92, 'gz': 99.65}, {'t_us': 727174255, 'ax': -2.0, 'ay': -0.63, 'az': -0.72, 'gx': 107.97, 'gy': -44.6, 'gz': 95.36}, {'t_us': 727194321, 'ax': -2.0, 'ay': 0.43, 'az': -0.22, 'gx': 102.56, 'gy': -82.52, 'gz': 33.54}, {'t_us': 727214309, 'ax': -1.34, 'ay': 0.32, 'az': 0.16, 'gx': 113.01, 'gy': 32.44, 'gz': -14.67}, {'t_us': 727234296, 'ax': -1.61, 'ay': 0.03, 'az': -0.58, 'gx': 150.29, 'gy': 125.28, 'gz': -38.49}]",2026-02-18 09:49:19,0.0
"[{'t_us': 727258949, 'ax': -1.41, 'ay': -0.19, 'az': -0.36, 'gx': 136.15, 'gy': -0.09, 'gz': -28.14}, {'t_us': 727274319, 'ax': -0.96, 'ay': -0.1, 'az': -0.01, 'gx': 120.85, 'gy': -27.13, 'gz': -6.6}, {'t_us': 727294316, 'ax': -0.58, 'ay': -0.06, 'az': -0.03, 'gx': 94.09, 'gy': -34.53, 'gz': -13.44}, {'t_us': 727314315, 'ax': -0.22, 'ay': 0.04, 'az': -0.07, 'gx': 74.49, 'gy': -23.48, 'gz': 0.06}, {'t_us': 727334300, 'ax': 0.23, 'ay': 0.14, 'az': 0.0, 'gx': 54.53, 'gy': -10.6, 'gz': 2.76}]",2026-02-18 09:49:19,0.0
"[{'t_us': 727360449, 'ax': 0.57, 'ay': 0.02, 'az': -0.07, 'gx': 17.42, 'gy': 7.89, 'gz': 10.29}, {'t_us': 727374277, 'ax': 0.49, 'ay': 0.01, 'az': -0.22, 'gx': 1.18, 'gy': 21.1, 'gz': 0.89}, {'t_us': 727394271, 'ax': 0.43, 'ay': 0.19, 'az': -0.16, 'gx': -9.47, 'gy': 39.94, 'gz': -7.95}, {'t_us': 727414277, 'ax': 0.1, 'ay': 0.17, 'az': -0.25, 'gx': 7.21, 'gy': 47.76, 'gz': -0.14}, {'t_us': 727434262, 'ax': -0.54, 'ay': 0.01, 'az': -0.11, 'gx': 3.31, 'gy': 16.58, 'gz': -0.4}]",2026-02-18 09:49:19,0.0
"[{'t_us': 727458859, 'ax': -1.48, 'ay': 0.0, 'az': -0.31, 'gx': -2.32, 'gy': -59.04, 'gz': -9.62}, {'t_us': 727474274, 'ax': -2.0, 'ay': -0.01, 'az': -0.52, 'gx': -12.12, 'gy': -75.82, 'gz': -28.95}, {'t_us': 727494277, 'ax': -2.0, 'ay': -0.04, 'az': -0.52, 'gx': 6.38, 'gy': -29.44, 'gz': -35.98}, {'t_us': 727514281, 'ax': -2.0, 'ay': -0.13, 'az': -0.28, 'gx': 13.19, 'gy': 6.49, 'gz': 13.88}, {'t_us': 727534300, 'ax': -2.0, 'ay': 0.28, 'az': -0.2, 'gx': -5.97, 'gy': -67.19, 'gz': 28.6}]",2026-02-18 09:49:19,0.0
"[{'t_us': 727559266, 'ax': -0.89, 'ay': -0.03, 'az': 0.14, 'gx': -16.31, 'gy': 31.08, 'gz': -1.56}, {'t_us': 727574318, 'ax': -1.31, 'ay': -0.17, 'az': 0.15, 'gx': -14.96, 'gy': 97.34, 'gz': 13.89}, {'t_us': 727594271, 'ax': -1.19, 'ay': -0.04, 'az': 0.08, 'gx': -22.29, 'gy': 56.82, 'gz': -7.79}, {'t_us': 727614277, 'ax': -1.31, 'ay': -0.03, 'az': -0.3, 'gx': -13.28, 'gy': 35.66, 'gz': -8.81}, {'t_us': 727634283, 'ax': -0.69, 'ay': -0.11, 'az': -0.4, 'gx': 12.34, 'gy': -17.05, 'gz': -7.16}]",2026-02-18 09:49:19,0.0
"[{'t_us': 727660617, 'ax': -0.26, 'ay': -0.21, 'az': -0.4, 'gx': 49.01, 'gy': -38.85, 'gz': 10.11}, {'t_us': 727674300, 'ax': 0.06, 'ay': -0.29, 'az': -0.23, 'gx': 59.62, 'gy': -56.14, 'gz': 20.79}, {'t_us': 727694321, 'ax': 0.28, 'ay': -0.27, 'az': -0.0, 'gx': 57.95, 'gy': -65.94, 'gz': 34.78}, {'t_us': 727714316, 'ax': 0.27, 'ay': -0.02, 'az': -0.05, 'gx': 59.15, 'gy': -32.98, 'gz': 35.11}, {'t_us': 727734312, 'ax': 0.17, 'ay': 0.08, 'az': -0.24, 'gx': 68.35, 'gy': -12.41, 'gz': 9.97}]",2026-02-18 09:49:19,0.0
"[{'t_us': 727758849, 'ax': 0.15, 'ay': 0.04, 'az': -0.28, 'gx': 85.95, 'gy': -14.24, 'gz': -5.27}, {'t_us': 727774308, 'ax': -0.11, 'ay': -0.01, 'az': -0.31, 'gx': 96.2, 'gy': 2.93, 'gz': -8.15}, {'t_us': 727794300, 'ax': -0.72, 'ay': -0.08, 'az': -0.24, 'gx': 93.51, 'gy': -14.85, 'gz': -10.38}, {'t_us': 727814300, 'ax': -1.55, 'ay': -0.35, 'az': -0.03, 'gx': 50.15, 'gy': 6.37, 'gz': -9.57}, {'t_us': 727834308, 'ax': -2.0, 'ay': -1.17, 'az': -0.43, 'gx': 31.36, 'gy': 69.69, 'gz': 56.81}]",2026-02-18 09:49:20,0.0
"[{'t_us': 727860661, 'ax': -2.0, 'ay': -0.43, 'az': -0.74, 'gx': 54.52, 'gy': -99.37, 'gz': 47.44}, {'t_us': 727874308, 'ax': -1.85, 'ay': 0.33, 'az': -0.17, 'gx': 79.02, 'gy': -77.37, 'gz': 32.75}, {'t_us': 727894271, 'ax': -1.68, 'ay': 0.43, 'az': -0.38, 'gx': 132.02, 'gy': 37.8, 'gz': -27.25}, {'t_us': 727914277, 'ax': -1.78, 'ay': -0.19, 'az': -0.24, 'gx': 197.8, 'gy': 97.36, 'gz': -47.48}, {'t_us': 727934254, 'ax': -1.49, 'ay': -0.16, 'az': -0.09, 'gx': 171.33, 'gy': 35.45, 'gz': -52.06}]",2026-02-18 09:49:20,0.0
"[{'t_us': 727960682, 'ax': -1.08, 'ay': -0.15, 'az': 0.0, 'gx': 115.86, 'gy': -55.16, 'gz': -17.69}, {'t_us': 727974314, 'ax': -0.74, 'ay': -0.04, 'az': -0.04, 'gx': 77.88, 'gy': -56.5, 'gz': -29.02}, {'t_us': 727994300, 'ax': 0.01, 'ay': 0.27, 'az': -0.06, 'gx': 45.79, 'gy': -37.37, 'gz': -24.08}, {'t_us': 728014291, 'ax': 0.21, 'ay': 0.44, 'az': -0.07, 'gx': 20.05, 'gy': 14.66, 'gz': -8.58}, {'t_us': 728034291, 'ax': 0.45, 'ay': 0.36, 'az': -0.14, 'gx': 14.08, 'gy': 66.6, 'gz': -1.89}]",2026-02-18 09:49:20,0.0
"[{'t_us': 728060493, 'ax': 0.4, 'ay': 0.14, 'az': -0.2, 'gx': -5.33, 'gy': 18.96, 'gz': 19.91}, {'t_us': 728074291, 'ax': 0.42, 'ay': -0.08, 'az': -0.22, 'gx': -10.43, 'gy': 15.98, 'gz': 18.4}, {'t_us': 728094271, 'ax': 0.07, 'ay': -0.26, 'az': -0.17, 'gx': -3.45, 'gy': 32.52, 'gz': 13.4}, {'t_us': 728114277, 'ax': -0.61, 'ay': -0.32, 'az': -0.1, 'gx': 0.37, 'gy': 7.92, 'gz': 4.98}, {'t_us': 728134291, 'ax': -1.4, 'ay': -0.22, 'az': -0.27, 'gx': 13.51, 'gy': -57.56, 'gz': -3.04}]",2026-02-18 09:49:20,0.0
"[{'t_us': 728159103, 'ax': -2.0, 'ay': -0.13, 'az': -0.58, 'gx': 41.01, 'gy': -61.27, 'gz': -30.03}, {'t_us': 728174312, 'ax': -2.0, 'ay': -0.02, 'az': -0.2, 'gx': 62.08, 'gy': -27.18, 'gz': -22.18}, {'t_us': 728194308, 'ax': -2.0, 'ay': 0.04, 'az': -0.2, 'gx': 37.57, 'gy': -8.37, 'gz': 33.04}, {'t_us': 728214277, 'ax': -1.52, 'ay': 0.23, 'az': -0.07, 'gx': 24.9, 'gy': -109.66, 'gz': 32.73}, {'t_us': 728234300, 'ax': -1.26, 'ay': 0.2, 'az': 0.02, 'gx': 15.56, 'gy': 49.25, 'gz': -10.85}]",2026-02-18 09:49:20,0.0
"[{'t_us': 728260250, 'ax': -1.63, 'ay': -0.05, 'az': 0.11, 'gx': 4.44, 'gy': 79.94, 'gz': 3.07}, {'t_us': 728274303, 'ax': -1.11, 'ay': 0.01, 'az': 0.34, 'gx': -5.92, 'gy': 26.02, 'gz': -2.0}, {'t_us': 728294281, 'ax': -1.37, 'ay': 0.27, 'az': -0.11, 'gx': -7.89, 'gy': 55.22, 'gz': -1.47}, {'t_us': 728314281, 'ax': -0.64, 'ay': -0.13, 'az': -0.62, 'gx': 19.91, 'gy': -7.63, 'gz': -15.31}, {'t_us': 728334308, 'ax': -0.3, 'ay': -0.18, 'az': -0.43, 'gx': 64.6, 'gy': -44.98, 'gz': -8.46}]",2026-02-18 09:49:20,0.0
"[{'t_us': 728360645, 'ax': 0.2, 'ay': -0.29, 'az': -0.33, 'gx': 92.87, 'gy': -71.94, 'gz': 16.82}, {'t_us': 728374288, 'ax': 0.25, 'ay': -0.21, 'az': -0.25, 'gx': 102.41, 'gy': -66.49, 'gz': 29.04}, {'t_us': 728394288, 'ax': 0.26, 'ay': -0.07, 'az': -0.14, 'gx': 102.4, 'gy': -14.23, 'gz': 29.11}, {'t_us': 728414308, 'ax': 0.2, 'ay': -0.02, 'az': -0.26, 'gx': 100.66, 'gy': 20.09, 'gz': 33.04}, {'t_us': 728434312, 'ax': -0.36, 'ay': -0.03, 'az': -0.36, 'gx': 103.27, 'gy': 23.8, 'gz': 23.54}]",2026-02-18 09:49:20,0.0
"[{'t_us': 728459464, 'ax': -1.13, 'ay': -0.22, 'az': -0.09, 'gx': 85.59, 'gy': -49.34, 'gz': 6.78}, {'t_us': 728474324, 'ax': -1.55, 'ay': -0.45, 'az': -0.15, 'gx': 59.19, 'gy': -62.46, 'gz': 10.78}, {'t_us': 728494321, 'ax': -2.0, 'ay': -0.94, 'az': -0.41, 'gx': 61.74, 'gy': 45.59, 'gz': 58.64}, {'t_us': 728514291, 'ax': -2.0, 'ay': -0.34, 'az': -0.6, 'gx': 84.93, 'gy': 23.65, 'gz': 54.79}, {'t_us': 728534321, 'ax': -2.0, 'ay': 0.14, 'az': -0.21, 'gx': 123.59, 'gy': 25.86, 'gz': 8.61}]",2026-02-18 09:49:20,0.0
"[{'t_us': 728558843, 'ax': -1.31, 'ay': -0.33, 'az': -0.21, 'gx': 166.43, 'gy': 15.71, 'gz': -28.56}, {'t_us': 728574281, 'ax': -1.32, 'ay': -0.63, 'az': -0.31, 'gx': 195.5, 'gy': 75.63, 'gz': -18.67}, {'t_us': 728594300, 'ax': -1.69, 'ay': -0.44, 'az': -0.33, 'gx': 190.05, 'gy': 90.87, 'gz': -12.61}, {'t_us': 728614300, 'ax': -1.29, 'ay': -0.02, 'az': -0.23, 'gx': 167.31, 'gy': 49.3, 'gz': 6.63}, {'t_us': 728634321, 'ax': -1.08, 'ay': 0.37, 'az': -0.17, 'gx': 128.66, 'gy': 10.52, 'gz': 6.35}]",2026-02-18 09:49:20,0.0
"[{'t_us': 728661194, 'ax': -0.59, 'ay': 0.42, 'az': -0.2, 'gx': 98.5, 'gy': -12.37, 'gz': 11.13}, {'t_us': 728674300, 'ax': -0.34, 'ay': 0.34, 'az': -0.12, 'gx': 90.38, 'gy': -13.62, 'gz': 9.73}, {'t_us': 728694300, 'ax': -0.0, 'ay': -0.04, 'az': -0.11, 'gx': 86.17, 'gy': -4.85, 'gz': 13.89}, {'t_us': 728714321, 'ax': 0.1, 'ay': -0.14, 'az': 0.01, 'gx': 72.35, 'gy': 22.53, 'gz': 4.81}, {'t_us': 728734255, 'ax': 0.13, 'ay': -0.15, 'az': -0.27, 'gx': 59.45, 'gy': -2.99, 'gz': 13.48}]",2026-02-18 09:49:20,0.0
"[{'t_us': 728760734, 'ax': 0.06, 'ay': 0.11, 'az': -0.2, 'gx': 22.7, 'gy': 3.91, 'gz': 17.18}, {'t_us': 728774284, 'ax': -0.0, 'ay': 0.24, 'az': -0.2, 'gx': 11.48, 'gy': 2.75, 'gz': 21.53}, {'t_us': 728794288, 'ax': -0.38, 'ay': 0.26, 'az': -0.21, 'gx': 4.52, 'gy': -9.51, 'gz': 15.02}, {'t_us': 728814308, 'ax': -0.77, 'ay': 0.2, 'az': -0.15, 'gx': -12.4, 'gy': -6.52, 'gz': 3.48}, {'t_us': 728834316, 'ax': -1.67, 'ay': 0.38, 'az': -0.43, 'gx': -18.2, 'gy': -14.55, 'gz': -14.02}]",2026-02-18 09:49:21,0.0
"[{'t_us': 728859391, 'ax': -2.0, 'ay': 0.31, 'az': -0.44, 'gx': 15.13, 'gy': -28.4, 'gz': -21.53}, {'t_us': 728875979, 'ax': -2.0, 'ay': 0.02, 'az': -0.02, 'gx': 7.68, 'gy': 3.66, 'gz': -11.01}, {'t_us': 728894271, 'ax': -1.76, 'ay': 0.26, 'az': -0.15, 'gx': -71.97, 'gy': -88.82, 'gz': 7.59}, {'t_us': 728914296, 'ax': -1.13, 'ay': 0.37, 'az': 0.12, 'gx': -103.42, 'gy': 10.44, 'gz': 1.68}, {'t_us': 728934271, 'ax': -1.21, 'ay': 0.22, 'az': -0.05, 'gx': -104.72, 'gy': 88.53, 'gz': -17.04}]",2026-02-18 09:49:21,0.0
"[{'t_us': 728961361, 'ax': -1.22, 'ay': 0.1, 'az': -0.41, 'gx': -88.41, 'gy': 46.14, 'gz': -5.27}, {'t_us': 728974288, 'ax': -1.11, 'ay': -0.0, 'az': -0.4, 'gx': -80.78, 'gy': 3.53, 'gz': 4.24}, {'t_us': 728994288, 'ax': -0.93, 'ay': -0.04, 'az': -0.38, 'gx': -74.43, 'gy': -19.53, 'gz': 6.6}, {'t_us': 729014271, 'ax': -0.68, 'ay': -0.07, 'az': -0.32, 'gx': -52.64, 'gy': -43.24, 'gz': 16.15}, {'t_us': 729034296, 'ax': -0.42, 'ay': -0.1, 'az': -0.16, 'gx': -41.42, 'gy': -54.99, 'gz': 18.15}]",2026-02-18 09:49:21,0.0
"[{'t_us': 729058845, 'ax': -0.2, 'ay': -0.04, 'az': 0.01, 'gx': -35.16, 'gy': -41.31, 'gz': 14.02}, {'t_us': 729074303, 'ax': -0.15, 'ay': 0.02, 'az': 0.04, 'gx': -35.73, 'gy': -23.37, 'gz': 8.26}, {'t_us': 729094316, 'ax': -0.19, 'ay': 0.13, 'az': 0.0, 'gx': -35.82, 'gy': 0.14, 'gz': 8.38}, {'t_us': 729114312, 'ax': -0.29, 'ay': 0.16, 'az': -0.14, 'gx': -36.61, 'gy': -2.17, 'gz': 3.34}, {'t_us': 729134300, 'ax': -0.45, 'ay': 0.04, 'az': -0.25, 'gx': -34.7, 'gy': -5.4, 'gz': -6.31}]",2026-02-18 09:49:21,0.0
"[{'t_us': 729160729, 'ax': -0.71, 'ay': -0.08, 'az': -0.32, 'gx': -30.49, 'gy': -6.14, 'gz': 1.63}, {'t_us': 729174321, 'ax': -0.96, 'ay': -0.12, 'az': -0.37, 'gx': -25.56, 'gy': -16.08, 'gz': 4.63}, {'t_us': 729194300, 'ax': -1.14, 'ay': -0.29, 'az': -0.34, 'gx': -28.41, 'gy': -21.89, 'gz': 16.5}, {'t_us': 729214300, 'ax': -1.6, 'ay': -0.34, 'az': -0.32, 'gx': -31.68, 'gy': 2.06, 'gz': 25.83}, {'t_us': 729234321, 'ax': -1.75, 'ay': -0.32, 'az': -0.28, 'gx': -32.85, 'gy': -5.89, 'gz': 20.78}]",2026-02-18 09:49:21,0.0
"[{'t_us': 729258808, 'ax': -1.8, 'ay': -0.1, 'az': -0.37, 'gx': -21.63, 'gy': 13.24, 'gz': 11.56}, {'t_us': 729274262, 'ax': -1.77, 'ay': 0.1, 'az': -0.32, 'gx': -6.31, 'gy': 29.18, 'gz': -6.81}, {'t_us': 729294271, 'ax': -1.54, 'ay': 0.07, 'az': -0.2, 'gx': 12.58, 'gy': 47.28, 'gz': -26.61}, {'t_us': 729314296, 'ax': -1.26, 'ay': 0.02, 'az': -0.02, 'gx': 20.85, 'gy': 46.87, 'gz': -28.49}, {'t_us': 729334277, 'ax': -1.09, 'ay': -0.05, 'az': 0.02, 'gx': 23.21, 'gy': 44.43, 'gz': -21.95}]",2026-02-18 09:49:21,0.0
"[{'t_us': 729360410, 'ax': -0.89, 'ay': -0.1, 'az': -0.01, 'gx': 14.38, 'gy': 51.33, 'gz': -8.63}, {'t_us': 729374356, 'ax': -0.82, 'ay': -0.07, 'az': -0.06, 'gx': 8.12, 'gy': 51.21, 'gz': -6.78}, {'t_us': 729394291, 'ax': -0.69, 'ay': -0.05, 'az': -0.15, 'gx': 3.57, 'gy': 35.28, 'gz': -10.66}, {'t_us': 729414321, 'ax': -0.49, 'ay': -0.05, 'az': -0.14, 'gx': 2.52, 'gy': 23.21, 'gz': -10.49}, {'t_us': 729434276, 'ax': -0.41, 'ay': -0.01, 'az': -0.03, 'gx': -3.28, 'gy': 20.44, 'gz': -11.56}]",2026-02-18 09:49:21,0.0
"[{'t_us': 729460440, 'ax': -0.37, 'ay': 0.06, 'az': -0.08, 'gx': -12.93, 'gy': 11.18, 'gz': -14.95}, {'t_us': 729476808, 'ax': -0.35, 'ay': 0.02, 'az': -0.13, 'gx': -13.4, 'gy': 0.26, 'gz': -15.33}, {'t_us': 729494281, 'ax': -0.37, 'ay': -0.06, 'az': -0.14, 'gx': -14.85, 'gy': -11.42, 'gz': -13.4}, {'t_us': 729514296, 'ax': -0.38, 'ay': -0.09, 'az': -0.09, 'gx': -19.65, 'gy': -15.85, 'gz': -11.4}, {'t_us': 729534296, 'ax': -0.41, 'ay': -0.12, 'az': -0.13, 'gx': -24.37, 'gy': 2.2, 'gz': -12.55}]",2026-02-18 09:49:21,0.0
"[{'t_us': 729560184, 'ax': -0.6, 'ay': -0.08, 'az': -0.18, 'gx': -29.07, 'gy': 21.63, 'gz': -19.27}, {'t_us': 729574271, 'ax': -0.9, 'ay': 0.06, 'az': -0.29, 'gx': -40.12, 'gy': 33.31, 'gz': -30.9}, {'t_us': 729594312, 'ax': -1.28, 'ay': 0.36, 'az': -0.64, 'gx': -33.34, 'gy': 86.18, 'gz': -58.9}, {'t_us': 729614308, 'ax': -2.0, 'ay': 0.41, 'az': -0.61, 'gx': -20.29, 'gy': 53.88, 'gz': -74.95}, {'t_us': 729634277, 'ax': -2.0, 'ay': -0.01, 'az': -0.52, 'gx': -14.43, 'gy': -4.08, 'gz': -41.44}]",2026-02-18 09:49:21,0.0
"[{'t_us': 729659116, 'ax': -1.84, 'ay': 0.08, 'az': -0.24, 'gx': -44.82, 'gy': -39.24, 'gz': -14.49}, {'t_us': 729674281, 'ax': -1.53, 'ay': 0.17, 'az': -0.01, 'gx': -75.04, 'gy': -44.08, 'gz': -15.04}, {'t_us': 729694291, 'ax': -1.23, 'ay': 0.2, 'az': -0.0, 'gx': -96.14, 'gy': -2.08, 'gz': -11.82}, {'t_us': 729714291, 'ax': -1.24, 'ay': 0.04, 'az': -0.21, 'gx': -102.98, 'gy': 30.09, 'gz': -7.34}, {'t_us': 729734261, 'ax': -1.13, 'ay': -0.05, 'az': -0.3, 'gx': -96.99, 'gy': -5.04, 'gz': -1.97}]",2026-02-18 09:49:21,0.0
"[{'t_us': 729758994, 'ax': -0.83, 'ay': -0.05, 'az': -0.32, 'gx': -81.36, 'gy': -10.18, 'gz': 1.56}, {'t_us': 729775384, 'ax': -0.69, 'ay': -0.08, 'az': -0.34, 'gx': -65.95, 'gy': -7.37, 'gz': 6.7}, {'t_us': 729794312, 'ax': -0.54, 'ay': -0.07, 'az': -0.27, 'gx': -47.94, 'gy': -4.09, 'gz': 10.03}, {'t_us': 729814277, 'ax': -0.47, 'ay': -0.07, 'az': -0.18, 'gx': -26.92, 'gy': -11.8, 'gz': 9.73}, {'t_us': 729834303, 'ax': -0.37, 'ay': -0.06, 'az': -0.16, 'gx': -16.2, 'gy': -17.69, 'gz': 4.6}]",2026-02-18 09:49:22,0.0
"[{'t_us': 729860360, 'ax': -0.32, 'ay': -0.04, 'az': -0.16, 'gx': -13.11, 'gy': -17.68, 'gz': -14.43}, {'t_us': 729874322, 'ax': -0.28, 'ay': -0.03, 'az': -0.14, 'gx': -9.39, 'gy': -12.92, 'gz': -18.75}, {'t_us': 729894255, 'ax': -0.23, 'ay': 0.08, 'az': -0.09, 'gx': 1.02, 'gy': 6.5, 'gz': -17.44}, {'t_us': 729914288, 'ax': -0.33, 'ay': 0.19, 'az': -0.12, 'gx': 2.08, 'gy': 26.24, 'gz': -13.31}, {'t_us': 729934291, 'ax': -0.72, 'ay': 0.15, 'az': -0.29, 'gx': -3.07, 'gy': 14.72, 'gz': -7.27}]",2026-02-18 09:49:22,0.0
"[{'t_us': 729960534, 'ax': -0.93, 'ay': -0.13, 'az': -0.43, 'gx': -14.53, 'gy': -16.4, 'gz': 13.79}, {'t_us': 729974281, 'ax': -1.1, 'ay': -0.35, 'az': -0.55, 'gx': -16.4, 'gy': -1.74, 'gz': 28.14}, {'t_us': 729994300, 'ax': -1.38, 'ay': -0.54, 'az': -0.67, 'gx': -17.02, 'gy': 27.4, 'gz': 42.63}, {'t_us': 730014273, 'ax': -1.5, 'ay': -0.43, 'az': -0.48, 'gx': -23.13, 'gy': -15.94, 'gz': 43.28}, {'t_us': 730034316, 'ax': -1.55, 'ay': -0.28, 'az': -0.41, 'gx': -17.22, 'gy': -33.71, 'gz': 37.25}]",2026-02-18 09:49:22,0.0
"[{'t_us': 730058665, 'ax': -1.69, 'ay': -0.03, 'az': -0.24, 'gx': 8.23, 'gy': -7.45, 'gz': 5.08}, {'t_us': 730074301, 'ax': -1.5, 'ay': -0.01, 'az': -0.04, 'gx': 27.22, 'gy': 6.61, 'gz': -13.6}, {'t_us': 730094296, 'ax': -1.3, 'ay': -0.13, 'az': -0.07, 'gx': 54.41, 'gy': 56.64, 'gz': -27.73}, {'t_us': 730114296, 'ax': -1.23, 'ay': -0.21, 'az': -0.22, 'gx': 65.02, 'gy': 58.99, 'gz': -24.82}, {'t_us': 730134321, 'ax': -1.17, 'ay': -0.25, 'az': -0.31, 'gx': 58.03, 'gy': 24.95, 'gz': -13.48}]",2026-02-18 09:49:22,0.0
"[{'t_us': 730160461, 'ax': -0.93, 'ay': -0.15, 'az': -0.18, 'gx': 43.76, 'gy': -4.03, 'gz': 1.85}, {'t_us': 730174262, 'ax': -0.85, 'ay': -0.14, 'az': -0.19, 'gx': 38.64, 'gy': -4.06, 'gz': 3.37}, {'t_us': 730194291, 'ax': -0.66, 'ay': -0.12, 'az': -0.2, 'gx': 39.22, 'gy': -15.27, 'gz': 2.98}, {'t_us': 730214291, 'ax': -0.5, 'ay': -0.08, 'az': -0.15, 'gx': 36.31, 'gy': -21.51, 'gz': -5.77}, {'t_us': 730234288, 'ax': -0.36, 'ay': -0.05, 'az': -0.15, 'gx': 28.23, 'gy': -28.61, 'gz': -13.24}]",2026-02-18 09:49:22,0.0
"[{'t_us': 730260484, 'ax': -0.21, 'ay': -0.04, 'az': -0.11, 'gx': 14.09, 'gy': -28.82, 'gz': -8.64}, {'t_us': 730274271, 'ax': -0.18, 'ay': -0.09, 'az': -0.11, 'gx': 8.56, 'gy': -25.34, 'gz': -2.2}, {'t_us': 730294288, 'ax': -0.23, 'ay': -0.1, 'az': -0.1, 'gx': -1.33, 'gy': -8.69, 'gz': 4.18}, {'t_us': 730314308, 'ax': -0.4, 'ay': -0.08, 'az': -0.18, 'gx': -10.15, 'gy': 7.24, 'gz': 5.51}, {'t_us': 730334320, 'ax': -0.74, 'ay': -0.01, 'az': -0.25, 'gx': -12.02, 'gy': -1.95, 'gz': 5.44}]",2026-02-18 09:49:22,0.0
"[{'t_us': 730360506, 'ax': -1.35, 'ay': 0.06, 'az': -0.34, 'gx': 10.38, 'gy': 16.26, 'gz': -17.34}, {'t_us': 730374300, 'ax': -1.6, 'ay': 0.06, 'az': -0.29, 'gx': 18.58, 'gy': 50.85, 'gz': -26.46}, {'t_us': 730394271, 'ax': -2.0, 'ay': 0.01, 'az': -0.28, 'gx': 24.99, 'gy': 56.93, 'gz': -18.0}, {'t_us': 730414277, 'ax': -2.0, 'ay': 0.02, 'az': -0.35, 'gx': 3.63, 'gy': 27.74, 'gz': 10.15}, {'t_us': 730434303, 'ax': -1.85, 'ay': 0.33, 'az': -0.4, 'gx': -12.63, 'gy': -13.65, 'gz': 2.63}]",2026-02-18 09:49:22,0.0
"[{'t_us': 730460359, 'ax': -1.18, 'ay': 0.21, 'az': 0.11, 'gx': -24.89, 'gy': 17.21, 'gz': -3.77}, {'t_us': 730474281, 'ax': -1.11, 'ay': 0.14, 'az': 0.08, 'gx': -32.06, 'gy': 42.89, 'gz': -0.4}, {'t_us': 730494282, 'ax': -1.21, 'ay': 0.01, 'az': -0.06, 'gx': -36.84, 'gy': 24.02, 'gz': 2.5}, {'t_us': 730514262, 'ax': -0.92, 'ay': -0.14, 'az': -0.15, 'gx': -36.6, 'gy': 11.07, 'gz': 6.08}, {'t_us': 730534316, 'ax': -0.77, 'ay': -0.17, 'az': -0.28, 'gx': -20.46, 'gy': 0.12, 'gz': 10.52}]",2026-02-18 09:49:22,0.0
"[{'t_us': 730558768, 'ax': -0.52, 'ay': -0.22, 'az': -0.27, 'gx': 3.6, 'gy': -15.94, 'gz': 17.44}, {'t_us': 730574308, 'ax': -0.44, 'ay': -0.2, 'az': -0.22, 'gx': 17.13, 'gy': -16.75, 'gz': 19.21}, {'t_us': 730594271, 'ax': -0.33, 'ay': -0.1, 'az': -0.17, 'gx': 23.07, 'gy': -20.47, 'gz': 18.79}, {'t_us': 730614255, 'ax': -0.21, 'ay': -0.07, 'az': -0.19, 'gx': 29.21, 'gy': -20.11, 'gz': 16.93}, {'t_us': 730634319, 'ax': -0.19, 'ay': 0.08, 'az': -0.29, 'gx': 38.32, 'gy': -26.38, 'gz': 14.92}]",2026-02-18 09:49:22,0.0
"[{'t_us': 730660497, 'ax': -0.25, 'ay': 0.12, 'az': -0.37, 'gx': 55.08, 'gy': -29.27, 'gz': 10.78}, {'t_us': 730674472, 'ax': -0.25, 'ay': 0.05, 'az': -0.37, 'gx': 65.97, 'gy': -29.42, 'gz': 14.26}, {'t_us': 730694309, 'ax': -0.42, 'ay': -0.06, 'az': -0.44, 'gx': 88.55, 'gy': -28.34, 'gz': 22.23}, {'t_us': 730714277, 'ax': -0.63, 'ay': -0.24, 'az': -0.22, 'gx': 80.21, 'gy': -1.31, 'gz': 26.75}, {'t_us': 730734288, 'ax': -1.1, 'ay': -0.61, 'az': -0.23, 'gx': 34.47, 'gy': 33.39, 'gz': 56.99}]",2026-02-18 09:49:22,0.0
"[{'t_us': 730758862, 'ax': -2.0, 'ay': -0.3, 'az': -0.09, 'gx': -8.87, 'gy': -36.85, 'gz': 76.73}, {'t_us': 730774271, 'ax': -2.0, 'ay': 0.12, 'az': -0.21, 'gx': -2.5, 'gy': -35.1, 'gz': 55.25}, {'t_us': 730794277, 'ax': -2.0, 'ay': 0.21, 'az': -0.53, 'gx': 49.77, 'gy': -15.76, 'gz': 4.23}, {'t_us': 730814262, 'ax': -1.78, 'ay': -0.11, 'az': -0.28, 'gx': 105.56, 'gy': -2.14, 'gz': -28.61}, {'t_us': 730834312, 'ax': -1.45, 'ay': -0.3, 'az': -0.02, 'gx': 124.76, 'gy': 48.75, 'gz': -26.78}]",2026-02-18 09:49:23,0.0
"[{'t_us': 730860462, 'ax': -1.29, 'ay': -0.23, 'az': -0.14, 'gx': 117.39, 'gy': 69.5, 'gz': -14.67}, {'t_us': 730874291, 'ax': -1.19, 'ay': -0.21, 'az': -0.12, 'gx': 96.41, 'gy': 30.47, 'gz': 1.5}, {'t_us': 730894291, 'ax': -1.05, 'ay': -0.18, 'az': -0.19, 'gx': 78.89, 'gy': 5.25, 'gz': 11.36}, {'t_us': 730914277, 'ax': -0.85, 'ay': -0.09, 'az': -0.23, 'gx': 69.86, 'gy': -16.98, 'gz': 11.68}, {'t_us': 730934288, 'ax': -0.62, 'ay': -0.1, 'az': -0.24, 'gx': 66.38, 'gy': -25.57, 'gz': 8.4}]",2026-02-18 09:49:23,0.0
"[{'t_us': 730959101, 'ax': -0.37, 'ay': -0.11, 'az': -0.16, 'gx': 59.97, 'gy': -27.74, 'gz': 7.8}, {'t_us': 730974255, 'ax': -0.24, 'ay': -0.05, 'az': -0.16, 'gx': 57.89, 'gy': -22.44, 'gz': 11.8}, {'t_us': 730994296, 'ax': -0.15, 'ay': -0.06, 'az': -0.13, 'gx': 51.71, 'gy': -19.21, 'gz': 13.69}, {'t_us': 731014316, 'ax': 0.02, 'ay': -0.09, 'az': -0.17, 'gx': 38.98, 'gy': -10.24, 'gz': 10.84}, {'t_us': 731034296, 'ax': 0.13, 'ay': -0.02, 'az': -0.18, 'gx': 35.65, 'gy': 5.02, 'gz': 7.42}]",2026-02-18 09:49:23,0.0
"[{'t_us': 731060343, 'ax': -0.05, 'ay': 0.09, 'az': -0.15, 'gx': 41.86, 'gy': 27.3, 'gz': 7.16}, {'t_us': 731074281, 'ax': -0.32, 'ay': 0.12, 'az': -0.16, 'gx': 42.79, 'gy': 29.48, 'gz': 5.3}, {'t_us': 731094281, 'ax': -0.82, 'ay': 0.1, 'az': -0.21, 'gx': 40.49, 'gy': 0.98, 'gz': -1.65}, {'t_us': 731114262, 'ax': -1.55, 'ay': 0.05, 'az': -0.38, 'gx': 33.31, 'gy': -29.54, 'gz': -12.87}, {'t_us': 731134316, 'ax': -2.0, 'ay': -0.1, 'az': -0.36, 'gx': 42.9, 'gy': -54.95, 'gz': -16.93}]",2026-02-18 09:49:23,0.0
"[{'t_us': 731159153, 'ax': -2.0, 'ay': -0.16, 'az': -0.48, 'gx': 36.75, 'gy': -63.28, 'gz': 36.53}, {'t_us': 731174303, 'ax': -2.0, 'ay': 0.53, 'az': -0.5, 'gx': 36.09, 'gy': -9.69, 'gz': 28.53}, {'t_us': 731194303, 'ax': -1.21, 'ay': 0.22, 'az': 0.24, 'gx': 28.85, 'gy': -23.25, 'gz': -4.99}, {'t_us': 731214292, 'ax': -1.28, 'ay': -0.04, 'az': 0.41, 'gx': 8.02, 'gy': 62.93, 'gz': -1.86}, {'t_us': 731234300, 'ax': -1.11, 'ay': -0.19, 'az': 0.05, 'gx': 9.28, 'gy': 100.85, 'gz': 2.85}]",2026-02-18 09:49:23,0.0
"[{'t_us': 731260372, 'ax': -0.9, 'ay': -0.28, 'az': -0.27, 'gx': 13.57, 'gy': 24.81, 'gz': 11.02}, {'t_us': 731276880, 'ax': -0.9, 'ay': -0.13, 'az': -0.45, 'gx': 40.27, 'gy': 26.47, 'gz': 10.7}, {'t_us': 731294303, 'ax': -0.64, 'ay': -0.02, 'az': -0.35, 'gx': 55.53, 'gy': 7.1, 'gz': 13.22}, {'t_us': 731314260, 'ax': -0.39, 'ay': -0.02, 'az': -0.35, 'gx': 66.93, 'gy': -14.85, 'gz': 12.52}, {'t_us': 731334266, 'ax': -0.1, 'ay': -0.02, 'az': -0.23, 'gx': 71.21, 'gy': -35.33, 'gz': 11.98}]",2026-02-18 09:49:23,0.0
"[{'t_us': 731360344, 'ax': 0.1, 'ay': -0.09, 'az': -0.16, 'gx': 78.92, 'gy': -31.44, 'gz': 20.81}, {'t_us': 731374255, 'ax': 0.12, 'ay': -0.0, 'az': -0.08, 'gx': 80.46, 'gy': -33.13, 'gz': 24.87}, {'t_us': 731394312, 'ax': 0.05, 'ay': 0.24, 'az': -0.08, 'gx': 77.31, 'gy': -18.67, 'gz': 21.95}, {'t_us': 731414288, 'ax': -0.02, 'ay': 0.16, 'az': -0.17, 'gx': 80.11, 'gy': -9.33, 'gz': 17.74}, {'t_us': 731434277, 'ax': -0.32, 'ay': 0.01, 'az': -0.15, 'gx': 83.51, 'gy': -6.08, 'gz': 16.46}]",2026-02-18 09:49:23,0.0
"[{'t_us': 731460705, 'ax': -0.62, 'ay': -0.13, 'az': -0.24, 'gx': 77.68, 'gy': 0.37, 'gz': 1.76}, {'t_us': 731474303, 'ax': -0.81, 'ay': -0.21, 'az': -0.25, 'gx': 70.37, 'gy': 14.5, 'gz': -0.72}, {'t_us': 731494316, 'ax': -1.43, 'ay': -0.42, 'az': -0.16, 'gx': 44.84, 'gy': 30.76, 'gz': 18.95}, {'t_us': 731514271, 'ax': -2.0, 'ay': -0.54, 'az': -0.06, 'gx': 22.96, 'gy': -5.92, 'gz': 51.95}, {'t_us': 731534303, 'ax': -2.0, 'ay': -0.34, 'az': -0.57, 'gx': 11.76, 'gy': -54.95, 'gz': 53.79}]",2026-02-18 09:49:23,0.0
"[{'t_us': 731558655, 'ax': -2.0, 'ay': 0.22, 'az': -0.34, 'gx': 57.02, 'gy': -52.06, 'gz': 16.15}, {'t_us': 731574299, 'ax': -2.0, 'ay': 0.15, 'az': -0.22, 'gx': 91.47, 'gy': 22.37, 'gz': -36.4}, {'t_us': 731594281, 'ax': -1.6, 'ay': -0.13, 'az': -0.08, 'gx': 114.93, 'gy': 61.44, 'gz': -63.05}, {'t_us': 731614308, 'ax': -1.32, 'ay': -0.5, 'az': -0.04, 'gx': 150.0, 'gy': 136.41, 'gz': -49.33}, {'t_us': 731634288, 'ax': -1.17, 'ay': -0.7, 'az': -0.11, 'gx': 142.18, 'gy': 37.19, 'gz': -14.35}]",2026-02-18 09:49:23,0.0
"[{'t_us': 731660318, 'ax': -0.84, 'ay': -0.15, 'az': -0.17, 'gx': 109.37, 'gy': 4.27, 'gz': 14.35}, {'t_us': 731674304, 'ax': -0.45, 'ay': -0.06, 'az': -0.1, 'gx': 85.63, 'gy': -24.87, 'gz': 5.69}, {'t_us': 731694277, 'ax': 0.05, 'ay': 0.19, 'az': 0.14, 'gx': 42.81, 'gy': -24.85, 'gz': -0.5}, {'t_us': 731714303, 'ax': 0.32, 'ay': 0.39, 'az': 0.13, 'gx': 22.93, 'gy': 25.36, 'gz': -9.79}, {'t_us': 731734271, 'ax': 0.36, 'ay': 0.18, 'az': -0.13, 'gx': 24.18, 'gy': 39.76, 'gz': 1.5}]",2026-02-18 09:49:23,0.0
"[{'t_us': 731760335, 'ax': 0.21, 'ay': -0.0, 'az': -0.39, 'gx': 18.63, 'gy': 2.64, 'gz': 16.4}, {'t_us': 731774263, 'ax': 0.0, 'ay': -0.03, 'az': -0.25, 'gx': 26.32, 'gy': -5.62, 'gz': 20.72}, {'t_us': 731794284, 'ax': -0.15, 'ay': -0.16, 'az': -0.22, 'gx': 34.95, 'gy': -5.02, 'gz': 15.69}, {'t_us': 731814308, 'ax': -0.5, 'ay': -0.09, 'az': -0.1, 'gx': 40.26, 'gy': -10.73, 'gz': 16.41}, {'t_us': 731834296, 'ax': -1.01, 'ay': 0.02, 'az': -0.28, 'gx': 46.12, 'gy': -8.12, 'gz': 1.59}]",2026-02-18 09:49:24,0.0
"[{'t_us': 731860258, 'ax': -2.0, 'ay': 0.14, 'az': -0.53, 'gx': 71.44, 'gy': 10.18, 'gz': -24.08}, {'t_us': 731874262, 'ax': -2.0, 'ay': 0.16, 'az': -0.52, 'gx': 92.89, 'gy': 25.28, 'gz': -30.76}, {'t_us': 731895085, 'ax': -2.0, 'ay': 0.03, 'az': -0.21, 'gx': 74.18, 'gy': -31.37, 'gz': 16.47}, {'t_us': 731914281, 'ax': -1.27, 'ay': 0.13, 'az': 0.29, 'gx': 41.54, 'gy': -127.18, 'gz': 24.38}, {'t_us': 731934303, 'ax': -1.04, 'ay': 0.15, 'az': 0.12, 'gx': 32.41, 'gy': 101.57, 'gz': 34.75}]",2026-02-18 09:49:24,0.0
"[{'t_us': 731960453, 'ax': -1.91, 'ay': 0.23, 'az': 0.07, 'gx': -21.97, 'gy': 110.34, 'gz': 29.74}, {'t_us': 731974315, 'ax': -1.49, 'ay': 0.06, 'az': -0.11, 'gx': -35.19, 'gy': 83.24, 'gz': 23.47}, {'t_us': 731994277, 'ax': -1.08, 'ay': -0.09, 'az': -0.24, 'gx': -34.41, 'gy': 29.33, 'gz': 21.08}, {'t_us': 732014300, 'ax': -0.92, 'ay': 0.07, 'az': -0.39, 'gx': -9.91, 'gy': 13.86, 'gz': 11.22}, {'t_us': 732034281, 'ax': -0.53, 'ay': -0.01, 'az': -0.28, 'gx': 7.22, 'gy': -12.05, 'gz': 7.18}]",2026-02-18 09:49:24,0.0
"[{'t_us': 732059252, 'ax': -0.15, 'ay': -0.08, 'az': -0.22, 'gx': 24.24, 'gy': -31.53, 'gz': 7.94}, {'t_us': 732074262, 'ax': -0.04, 'ay': -0.1, 'az': -0.18, 'gx': 31.24, 'gy': -31.74, 'gz': 10.08}, {'t_us': 732094271, 'ax': 0.02, 'ay': -0.15, 'az': -0.21, 'gx': 37.97, 'gy': -36.4, 'gz': 10.12}, {'t_us': 732114296, 'ax': 0.05, 'ay': -0.01, 'az': -0.2, 'gx': 45.27, 'gy': -32.69, 'gz': 4.23}, {'t_us': 732134313, 'ax': -0.01, 'ay': 0.05, 'az': -0.15, 'gx': 51.73, 'gy': -37.94, 'gz': -3.92}]",2026-02-18 09:49:24,0.0
"[{'t_us': 732161303, 'ax': -0.1, 'ay': -0.14, 'az': -0.04, 'gx': 63.36, 'gy': -38.03, 'gz': -14.27}, {'t_us': 732174277, 'ax': -0.21, 'ay': -0.16, 'az': -0.11, 'gx': 62.31, 'gy': -27.63, 'gz': -21.79}, {'t_us': 732194308, 'ax': -0.38, 'ay': -0.16, 'az': -0.22, 'gx': 59.56, 'gy': 8.26, 'gz': -22.0}, {'t_us': 732214303, 'ax': -0.96, 'ay': -0.18, 'az': -0.37, 'gx': 30.84, 'gy': 39.27, 'gz': 0.41}, {'t_us': 732234271, 'ax': -2.0, 'ay': -0.31, 'az': -0.15, 'gx': 18.02, 'gy': -11.44, 'gz': 42.73}]",2026-02-18 09:49:24,0.0
"[{'t_us': 732261152, 'ax': -2.0, 'ay': -0.4, 'az': -0.76, 'gx': 6.81, 'gy': -76.23, 'gz': 31.01}, {'t_us': 732274282, 'ax': -2.0, 'ay': -0.2, 'az': -0.77, 'gx': 32.47, 'gy': -83.5, 'gz': 12.52}, {'t_us': 732294303, 'ax': -2.0, 'ay': 0.15, 'az': -0.19, 'gx': 80.02, 'gy': 14.96, 'gz': -21.5}, {'t_us': 732314262, 'ax': -1.52, 'ay': -0.02, 'az': 0.2, 'gx': 114.84, 'gy': 79.54, 'gz': -54.61}, {'t_us': 732334300, 'ax': -1.27, 'ay': -0.39, 'az': 0.09, 'gx': 126.75, 'gy': 124.93, 'gz': -46.43}]",2026-02-18 09:49:24,0.0
"[{'t_us': 732360668, 'ax': -1.25, 'ay': -0.1, 'az': -0.18, 'gx': 70.05, 'gy': -44.32, 'gz': -7.8}, {'t_us': 732374262, 'ax': -0.82, 'ay': 0.09, 'az': -0.23, 'gx': 46.0, 'gy': -103.91, 'gz': -1.57}, {'t_us': 732394296, 'ax': -0.41, 'ay': 0.24, 'az': -0.32, 'gx': 29.13, 'gy': -45.42, 'gz': -35.15}, {'t_us': 732414296, 'ax': 0.08, 'ay': 0.26, 'az': -0.03, 'gx': 13.83, 'gy': -14.6, 'gz': -35.05}, {'t_us': 732434272, 'ax': 0.39, 'ay': 0.34, 'az': 0.22, 'gx': -9.37, 'gy': -11.15, 'gz': -23.73}]",2026-02-18 09:49:24,0.0
"[{'t_us': 732460589, 'ax': 0.62, 'ay': 0.24, 'az': 0.0, 'gx': -31.05, 'gy': -10.79, 'gz': 8.73}, {'t_us': 732474304, 'ax': 0.42, 'ay': 0.07, 'az': -0.15, 'gx': -29.82, 'gy': -9.65, 'gz': 19.77}, {'t_us': 732494303, 'ax': 0.15, 'ay': -0.11, 'az': -0.22, 'gx': -21.82, 'gy': -9.51, 'gz': 13.77}, {'t_us': 732514262, 'ax': -0.0, 'ay': -0.15, 'az': -0.18, 'gx': -12.76, 'gy': -4.55, 'gz': 12.78}, {'t_us': 732534254, 'ax': -0.29, 'ay': -0.17, 'az': -0.13, 'gx': -21.27, 'gy': 27.16, 'gz': 9.24}]",2026-02-18 09:49:24,0.0
"[{'t_us': 732558764, 'ax': -1.18, 'ay': 0.03, 'az': -0.18, 'gx': -42.95, 'gy': 28.09, 'gz': 20.43}, {'t_us': 732574312, 'ax': -2.0, 'ay': 0.24, 'az': -0.43, 'gx': -61.59, 'gy': -46.02, 'gz': 23.02}, {'t_us': 732594303, 'ax': -2.0, 'ay': 0.37, 'az': -0.38, 'gx': -22.11, 'gy': -45.82, 'gz': 0.76}, {'t_us': 732614303, 'ax': -2.0, 'ay': -0.03, 'az': -0.35, 'gx': -60.31, 'gy': -60.21, 'gz': 32.08}, {'t_us': 732634303, 'ax': -1.83, 'ay': 0.18, 'az': 0.0, 'gx': -32.82, 'gy': 3.48, 'gz': -2.84}]",2026-02-18 09:49:24,0.0
"[{'t_us': 732659027, 'ax': -0.97, 'ay': -0.23, 'az': 0.09, 'gx': -29.4, 'gy': 149.21, 'gz': 18.81}, {'t_us': 732674277, 'ax': -1.76, 'ay': -0.16, 'az': 0.02, 'gx': -32.37, 'gy': 115.8, 'gz': 17.54}, {'t_us': 732694281, 'ax': -1.42, 'ay': -0.31, 'az': -0.14, 'gx': -42.7, 'gy': 53.63, 'gz': 34.37}, {'t_us': 732714308, 'ax': -1.25, 'ay': -0.01, 'az': -0.6, 'gx': -19.88, 'gy': -10.24, 'gz': 22.61}, {'t_us': 732734312, 'ax': -0.56, 'ay': -0.08, 'az': -0.53, 'gx': 23.53, 'gy': -55.65, 'gz': 18.69}]",2026-02-18 09:49:24,0.0
"[{'t_us': 732760623, 'ax': -0.08, 'ay': -0.11, 'az': -0.25, 'gx': 46.52, 'gy': -47.85, 'gz': 3.86}, {'t_us': 732774323, 'ax': 0.15, 'ay': -0.14, 'az': -0.17, 'gx': 51.33, 'gy': -36.76, 'gz': -2.63}, {'t_us': 732794271, 'ax': 0.58, 'ay': -0.21, 'az': -0.12, 'gx': 65.16, 'gy': -20.14, 'gz': -0.63}, {'t_us': 732814296, 'ax': 0.7, 'ay': -0.17, 'az': -0.1, 'gx': 74.06, 'gy': 2.69, 'gz': 10.43}, {'t_us': 732834288, 'ax': 0.32, 'ay': 0.07, 'az': -0.13, 'gx': 75.02, 'gy': 10.38, 'gz': 15.22}]",2026-02-18 09:49:25,0.0
"[{'t_us': 732860528, 'ax': -0.14, 'ay': 0.17, 'az': -0.23, 'gx': 76.24, 'gy': 3.62, 'gz': 17.62}, {'t_us': 732874302, 'ax': -0.47, 'ay': 0.14, 'az': -0.37, 'gx': 75.28, 'gy': -1.08, 'gz': 13.98}, {'t_us': 732894300, 'ax': -1.33, 'ay': -0.08, 'az': -0.07, 'gx': 34.56, 'gy': -37.02, 'gz': -23.66}, {'t_us': 732914321, 'ax': -1.95, 'ay': -0.46, 'az': -0.46, 'gx': 7.97, 'gy': 45.5, 'gz': -14.76}, {'t_us': 732934312, 'ax': -2.0, 'ay': -1.41, 'az': -0.76, 'gx': 59.31, 'gy': 52.99, 'gz': 39.74}]",2026-02-18 09:49:25,0.0
"[{'t_us': 732959395, 'ax': -2.0, 'ay': -0.29, 'az': -0.74, 'gx': 81.13, 'gy': -72.92, 'gz': 48.63}, {'t_us': 732974260, 'ax': -2.0, 'ay': -0.02, 'az': 0.04, 'gx': 116.76, 'gy': -71.68, 'gz': 5.19}, {'t_us': 732994262, 'ax': -0.96, 'ay': 0.14, 'az': -0.25, 'gx': 174.08, 'gy': 99.27, 'gz': -20.4}, {'t_us': 733014291, 'ax': -1.81, 'ay': -0.28, 'az': -0.21, 'gx': 184.23, 'gy': 66.12, 'gz': -43.97}, {'t_us': 733034300, 'ax': -1.39, 'ay': -0.22, 'az': -0.22, 'gx': 146.63, 'gy': -4.43, 'gz': -13.22}]",2026-02-18 09:49:25,0.0
"[{'t_us': 733060806, 'ax': -0.65, 'ay': -0.07, 'az': 0.01, 'gx': 76.17, 'gy': -52.7, 'gz': -4.64}, {'t_us': 733074300, 'ax': -0.26, 'ay': -0.06, 'az': -0.2, 'gx': 56.37, 'gy': -28.84, 'gz': 1.08}, {'t_us': 733094300, 'ax': 0.11, 'ay': 0.27, 'az': 0.17, 'gx': 29.71, 'gy': -8.17, 'gz': 24.58}, {'t_us': 733114300, 'ax': 0.45, 'ay': 0.23, 'az': 0.05, 'gx': 21.21, 'gy': 18.21, 'gz': 25.98}, {'t_us': 733134310, 'ax': 0.57, 'ay': 0.16, 'az': -0.07, 'gx': 3.69, 'gy': 25.01, 'gz': 14.58}]",2026-02-18 09:49:25,0.0
"[{'t_us': 733162441, 'ax': 0.18, 'ay': 0.13, 'az': -0.09, 'gx': 5.54, 'gy': 42.66, 'gz': 4.75}, {'t_us': 733174286, 'ax': -0.03, 'ay': 0.01, 'az': -0.11, 'gx': 11.24, 'gy': 44.44, 'gz': 3.62}, {'t_us': 733194288, 'ax': -0.31, 'ay': -0.07, 'az': 0.0, 'gx': -8.7, 'gy': 18.81, 'gz': 2.84}, {'t_us': 733214288, 'ax': -0.74, 'ay': -0.04, 'az': -0.34, 'gx': -13.92, 'gy': -18.79, 'gz': 15.18}, {'t_us': 733234296, 'ax': -1.51, 'ay': 0.1, 'az': -0.37, 'gx': -29.94, 'gy': -30.78, 'gz': 2.43}]",2026-02-18 09:49:25,0.0
"[{'t_us': 733259499, 'ax': -2.0, 'ay': 0.06, 'az': -0.72, 'gx': 3.39, 'gy': -7.1, 'gz': -21.39}, {'t_us': 733274296, 'ax': -2.0, 'ay': 0.05, 'az': -0.29, 'gx': 19.51, 'gy': -7.36, 'gz': -7.4}, {'t_us': 733294291, 'ax': -2.0, 'ay': 0.08, 'az': -0.43, 'gx': -9.92, 'gy': -106.2, 'gz': 29.66}, {'t_us': 733314291, 'ax': -1.4, 'ay': -0.0, 'az': 0.16, 'gx': 6.96, 'gy': -48.47, 'gz': 4.64}, {'t_us': 733334321, 'ax': -1.01, 'ay': -0.53, 'az': 0.2, 'gx': 18.14, 'gy': 132.55, 'gz': 24.75}]",2026-02-18 09:49:25,0.0
"[{'t_us': 733358928, 'ax': -1.38, 'ay': -0.37, 'az': 0.16, 'gx': -4.2, 'gy': 42.41, 'gz': 15.01}, {'t_us': 733374291, 'ax': -1.37, 'ay': -0.21, 'az': -0.13, 'gx': 0.75, 'gy': 67.85, 'gz': 21.86}, {'t_us': 733394291, 'ax': -0.9, 'ay': 0.07, 'az': -0.41, 'gx': 1.36, 'gy': 10.67, 'gz': 2.26}, {'t_us': 733414321, 'ax': -0.36, 'ay': 0.11, 'az': -0.5, 'gx': 24.02, 'gy': 1.11, 'gz': 3.57}, {'t_us': 733434312, 'ax': -0.09, 'ay': -0.02, 'az': -0.53, 'gx': 41.6, 'gy': -35.82, 'gz': 5.95}]",2026-02-18 09:49:25,0.0
"[{'t_us': 733461126, 'ax': 0.3, 'ay': -0.09, 'az': -0.28, 'gx': 80.93, 'gy': -53.31, 'gz': 32.84}, {'t_us': 733474281, 'ax': 0.41, 'ay': -0.1, 'az': -0.27, 'gx': 92.64, 'gy': -43.24, 'gz': 45.19}, {'t_us': 733494321, 'ax': 0.42, 'ay': 0.05, 'az': 0.02, 'gx': 88.98, 'gy': -33.34, 'gz': 43.05}, {'t_us': 733514316, 'ax': 0.31, 'ay': 0.1, 'az': -0.12, 'gx': 71.86, 'gy': -8.23, 'gz': 28.27}, {'t_us': 733534281, 'ax': -0.02, 'ay': 0.0, 'az': -0.14, 'gx': 69.92, 'gy': 12.96, 'gz': 9.92}]",2026-02-18 09:49:25,0.0
"[{'t_us': 733558609, 'ax': -0.8, 'ay': -0.15, 'az': -0.27, 'gx': 72.75, 'gy': -41.54, 'gz': -13.39}, {'t_us': 733574324, 'ax': -1.27, 'ay': -0.22, 'az': -0.09, 'gx': 44.12, 'gy': -34.17, 'gz': -41.47}, {'t_us': 733594321, 'ax': -1.8, 'ay': -0.62, 'az': -0.26, 'gx': 38.53, 'gy': 11.66, 'gz': -10.52}, {'t_us': 733614281, 'ax': -2.0, 'ay': -0.76, 'az': -0.06, 'gx': 38.49, 'gy': 35.13, 'gz': 68.89}, {'t_us': 733634288, 'ax': -2.0, 'ay': -0.27, 'az': -0.28, 'gx': 31.82, 'gy': -71.07, 'gz': 23.3}]",2026-02-18 09:49:25,0.0
"[{'t_us': 733660177, 'ax': -1.43, 'ay': -0.11, 'az': 0.09, 'gx': 131.33, 'gy': -55.98, 'gz': -31.13}, {'t_us': 733674288, 'ax': -1.61, 'ay': -0.18, 'az': -0.26, 'gx': 179.77, 'gy': 92.76, 'gz': -48.69}, {'t_us': 733694316, 'ax': -2.0, 'ay': -0.37, 'az': -0.14, 'gx': 202.55, 'gy': 121.86, 'gz': -68.58}, {'t_us': 733714312, 'ax': -1.34, 'ay': -0.36, 'az': -0.13, 'gx': 168.66, 'gy': 32.43, 'gz': -25.22}, {'t_us': 733734287, 'ax': -0.93, 'ay': 0.14, 'az': -0.02, 'gx': 111.28, 'gy': -41.11, 'gz': -20.66}]",2026-02-18 09:49:25,0.0
"[{'t_us': 733760905, 'ax': -0.1, 'ay': 0.06, 'az': 0.03, 'gx': 70.31, 'gy': 22.02, 'gz': 16.84}, {'t_us': 733774279, 'ax': 0.18, 'ay': 0.23, 'az': 0.11, 'gx': 52.55, 'gy': 28.38, 'gz': 19.94}, {'t_us': 733794303, 'ax': 0.35, 'ay': 0.29, 'az': -0.13, 'gx': 13.39, 'gy': -3.02, 'gz': 5.13}, {'t_us': 733814303, 'ax': 0.71, 'ay': 0.33, 'az': -0.37, 'gx': -2.21, 'gy': -39.92, 'gz': -1.77}, {'t_us': 733834334, 'ax': 0.6, 'ay': 0.24, 'az': -0.17, 'gx': 14.55, 'gy': 4.55, 'gz': 13.86}]",2026-02-18 09:49:26,0.0
"[{'t_us': 733860109, 'ax': -0.06, 'ay': -0.17, 'az': -0.17, 'gx': 17.8, 'gy': 49.66, 'gz': 14.66}, {'t_us': 733874275, 'ax': -0.21, 'ay': -0.22, 'az': -0.18, 'gx': 39.68, 'gy': 36.92, 'gz': 22.21}, {'t_us': 733894271, 'ax': -0.71, 'ay': -0.26, 'az': -0.42, 'gx': 24.56, 'gy': -20.32, 'gz': 23.08}, {'t_us': 733914296, 'ax': -1.18, 'ay': -0.03, 'az': -0.52, 'gx': 15.53, 'gy': -6.76, 'gz': 2.4}, {'t_us': 733934300, 'ax': -2.0, 'ay': 0.16, 'az': -0.39, 'gx': 8.21, 'gy': 42.34, 'gz': -18.2}]",2026-02-18 09:49:26,0.0
"[{'t_us': 733960888, 'ax': -2.0, 'ay': 0.14, 'az': -0.02, 'gx': 11.85, 'gy': 2.46, 'gz': -4.17}, {'t_us': 733974296, 'ax': -2.0, 'ay': 0.15, 'az': -0.47, 'gx': -25.11, 'gy': -64.75, 'gz': 6.37}, {'t_us': 733994291, 'ax': -1.75, 'ay': 0.19, 'az': -0.06, 'gx': -15.44, 'gy': -74.11, 'gz': 18.66}, {'t_us': 734014321, 'ax': -0.61, 'ay': -0.26, 'az': 0.32, 'gx': -12.09, 'gy': 37.86, 'gz': 15.37}, {'t_us': 734034276, 'ax': -2.0, 'ay': -0.1, 'az': -0.11, 'gx': -14.18, 'gy': 174.49, 'gz': 8.72}]",2026-02-18 09:49:26,0.0
"[{'t_us': 734058849, 'ax': -1.37, 'ay': -0.16, 'az': -0.07, 'gx': -32.95, 'gy': 45.36, 'gz': 2.56}, {'t_us': 734074299, 'ax': -1.06, 'ay': -0.05, 'az': -0.14, 'gx': -44.56, 'gy': 0.61, 'gz': 4.92}, {'t_us': 734094271, 'ax': -0.55, 'ay': 0.07, 'az': -0.31, 'gx': -37.33, 'gy': -27.48, 'gz': -2.2}, {'t_us': 734114296, 'ax': -0.18, 'ay': 0.01, 'az': -0.38, 'gx': -13.01, 'gy': -18.72, 'gz': -6.96}, {'t_us': 734134291, 'ax': 0.15, 'ay': -0.15, 'az': -0.24, 'gx': 6.38, 'gy': -33.48, 'gz': -2.41}]",2026-02-18 09:49:26,0.0
"[{'t_us': 734160476, 'ax': 0.48, 'ay': -0.12, 'az': -0.35, 'gx': 42.02, 'gy': -27.53, 'gz': 16.99}, {'t_us': 734176647, 'ax': 0.53, 'ay': -0.14, 'az': -0.36, 'gx': 61.86, 'gy': -32.98, 'gz': 26.87}, {'t_us': 734194291, 'ax': 0.43, 'ay': -0.0, 'az': -0.2, 'gx': 64.73, 'gy': -42.72, 'gz': 32.21}, {'t_us': 734214321, 'ax': -0.02, 'ay': 0.06, 'az': -0.19, 'gx': 69.65, 'gy': -0.76, 'gz': 17.33}, {'t_us': 734234295, 'ax': -0.58, 'ay': -0.07, 'az': -0.25, 'gx': 73.31, 'gy': -3.54, 'gz': 2.31}]",2026-02-18 09:49:26,0.0
"[{'t_us': 734260591, 'ax': -1.23, 'ay': -0.29, 'az': -0.03, 'gx': 47.88, 'gy': -42.11, 'gz': -25.82}, {'t_us': 734274829, 'ax': -1.43, 'ay': -0.41, 'az': -0.06, 'gx': 11.31, 'gy': 45.47, 'gz': 0.0}, {'t_us': 734294277, 'ax': -2.0, 'ay': -0.75, 'az': -0.24, 'gx': 17.27, 'gy': 67.79, 'gz': 68.08}, {'t_us': 734314303, 'ax': -2.0, 'ay': -0.13, 'az': -0.67, 'gx': 19.5, 'gy': -22.52, 'gz': 37.4}, {'t_us': 734334262, 'ax': -1.93, 'ay': -0.07, 'az': -0.37, 'gx': 59.85, 'gy': -28.23, 'gz': 17.62}]",2026-02-18 09:49:26,0.0
"[{'t_us': 734358813, 'ax': -1.38, 'ay': -0.09, 'az': -0.36, 'gx': 128.21, 'gy': 68.61, 'gz': -7.4}, {'t_us': 734374452, 'ax': -2.0, 'ay': -0.15, 'az': -0.21, 'gx': 144.37, 'gy': 144.35, 'gz': -40.09}, {'t_us': 734394300, 'ax': -1.64, 'ay': -0.33, 'az': -0.31, 'gx': 121.91, 'gy': 35.88, 'gz': -30.06}, {'t_us': 734414321, 'ax': -1.17, 'ay': 0.01, 'az': -0.1, 'gx': 93.3, 'gy': -17.33, 'gz': -8.32}, {'t_us': 734434300, 'ax': -0.74, 'ay': 0.22, 'az': -0.1, 'gx': 58.02, 'gy': -37.95, 'gz': -23.98}]",2026-02-18 09:49:26,0.0
"[{'t_us': 734460645, 'ax': 0.07, 'ay': 0.3, 'az': 0.01, 'gx': 27.21, 'gy': -18.6, 'gz': -6.15}, {'t_us': 734474281, 'ax': 0.32, 'ay': 0.35, 'az': 0.14, 'gx': 18.81, 'gy': -7.74, 'gz': -0.29}, {'t_us': 734494263, 'ax': 0.48, 'ay': 0.19, 'az': 0.02, 'gx': -1.24, 'gy': 10.27, 'gz': 9.48}, {'t_us': 734514271, 'ax': 0.56, 'ay': 0.04, 'az': -0.21, 'gx': -23.47, 'gy': 12.21, 'gz': 19.1}, {'t_us': 734534277, 'ax': 0.18, 'ay': -0.03, 'az': -0.23, 'gx': -29.08, 'gy': 23.65, 'gz': 15.05}]",2026-02-18 09:49:26,0.0
"[{'t_us': 734560451, 'ax': -0.24, 'ay': -0.08, 'az': -0.3, 'gx': -17.27, 'gy': -2.67, 'gz': 14.63}, {'t_us': 734574291, 'ax': -0.46, 'ay': -0.08, 'az': -0.22, 'gx': -15.63, 'gy': -18.35, 'gz': 4.47}, {'t_us': 734594291, 'ax': -0.98, 'ay': -0.09, 'az': -0.32, 'gx': -27.24, 'gy': -32.24, 'gz': -23.62}, {'t_us': 734614291, 'ax': -1.69, 'ay': 0.14, 'az': -0.62, 'gx': -20.53, 'gy': -16.96, 'gz': -48.96}, {'t_us': 734634264, 'ax': -2.0, 'ay': 0.51, 'az': -0.48, 'gx': 4.75, 'gy': 13.04, 'gz': -46.76}]",2026-02-18 09:49:26,0.0
"[{'t_us': 734660486, 'ax': -2.0, 'ay': -0.05, 'az': -0.31, 'gx': -33.77, 'gy': -60.92, 'gz': -0.87}, {'t_us': 734674271, 'ax': -2.0, 'ay': 0.08, 'az': -0.39, 'gx': -44.64, 'gy': -59.82, 'gz': 8.82}, {'t_us': 734694325, 'ax': -1.0, 'ay': -0.06, 'az': 0.31, 'gx': -56.41, 'gy': -0.08, 'gz': 16.02}, {'t_us': 734714281, 'ax': -1.62, 'ay': -0.19, 'az': 0.11, 'gx': -66.81, 'gy': 116.75, 'gz': 25.31}, {'t_us': 734734321, 'ax': -1.57, 'ay': -0.01, 'az': -0.08, 'gx': -73.3, 'gy': 22.56, 'gz': 13.28}]",2026-02-18 09:49:26,0.0
"[{'t_us': 734760972, 'ax': -0.99, 'ay': -0.04, 'az': -0.52, 'gx': -44.35, 'gy': -49.13, 'gz': 7.69}, {'t_us': 734775285, 'ax': -0.54, 'ay': -0.04, 'az': -0.3, 'gx': -20.67, 'gy': -49.45, 'gz': 6.58}, {'t_us': 734794303, 'ax': -0.3, 'ay': -0.1, 'az': -0.47, 'gx': 8.29, 'gy': -43.4, 'gz': 3.91}, {'t_us': 734814300, 'ax': 0.15, 'ay': -0.16, 'az': -0.19, 'gx': 23.94, 'gy': -44.2, 'gz': -5.54}, {'t_us': 734834312, 'ax': 0.51, 'ay': -0.22, 'az': -0.28, 'gx': 47.28, 'gy': -25.07, 'gz': 1.15}]",2026-02-18 09:49:27,0.0
"[{'t_us': 734860446, 'ax': 0.67, 'ay': -0.07, 'az': -0.35, 'gx': 81.82, 'gy': -21.51, 'gz': 7.33}, {'t_us': 734874308, 'ax': 0.57, 'ay': 0.01, 'az': -0.21, 'gx': 76.24, 'gy': -13.31, 'gz': 14.87}, {'t_us': 734894271, 'ax': 0.12, 'ay': 0.12, 'az': 0.1, 'gx': 40.64, 'gy': 9.8, 'gz': 8.9}, {'t_us': 734914255, 'ax': -0.35, 'ay': 0.1, 'az': 0.02, 'gx': 9.97, 'gy': -5.63, 'gz': -6.99}, {'t_us': 734934288, 'ax': -0.83, 'ay': 0.0, 'az': -0.28, 'gx': -2.76, 'gy': 13.05, 'gz': -23.01}]",2026-02-18 09:49:27,0.0
"[{'t_us': 734960516, 'ax': -1.67, 'ay': -0.16, 'az': -0.4, 'gx': 5.02, 'gy': 28.89, 'gz': -5.5}, {'t_us': 734974871, 'ax': -2.0, 'ay': -0.85, 'az': -0.3, 'gx': 24.03, 'gy': -22.95, 'gz': 34.43}, {'t_us': 734994313, 'ax': -2.0, 'ay': -1.13, 'az': -0.48, 'gx': 9.08, 'gy': -8.32, 'gz': 44.4}, {'t_us': 735014303, 'ax': -1.83, 'ay': -0.21, 'az': -0.19, 'gx': 42.72, 'gy': -72.92, 'gz': 58.69}, {'t_us': 735034288, 'ax': -1.34, 'ay': 0.35, 'az': 0.39, 'gx': 85.8, 'gy': 23.83, 'gz': 23.73}]",2026-02-18 09:49:27,0.0
"[{'t_us': 735058954, 'ax': -2.0, 'ay': 0.15, 'az': -0.82, 'gx': 174.26, 'gy': 209.21, 'gz': -25.02}, {'t_us': 735074274, 'ax': -2.0, 'ay': -0.07, 'az': -0.3, 'gx': 147.33, 'gy': -7.63, 'gz': -44.5}, {'t_us': 735094281, 'ax': -1.34, 'ay': -0.1, 'az': -0.05, 'gx': 118.43, 'gy': -65.21, 'gz': -18.95}, {'t_us': 735114262, 'ax': -0.84, 'ay': 0.01, 'az': -0.13, 'gx': 82.7, 'gy': -89.83, 'gz': -47.8}, {'t_us': 735134288, 'ax': 0.17, 'ay': 0.06, 'az': 0.03, 'gx': 61.57, 'gy': -41.24, 'gz': -21.91}]",2026-02-18 09:49:27,0.0
"[{'t_us': 735158885, 'ax': 0.31, 'ay': 0.13, 'az': 0.17, 'gx': 43.31, 'gy': 10.98, 'gz': 1.31}, {'t_us': 735174281, 'ax': 0.5, 'ay': 0.12, 'az': 0.04, 'gx': 23.18, 'gy': 33.01, 'gz': 15.71}, {'t_us': 735194281, 'ax': 0.51, 'ay': 0.11, 'az': -0.15, 'gx': 2.52, 'gy': 22.0, 'gz': 25.33}, {'t_us': 735214296, 'ax': 0.31, 'ay': 0.09, 'az': -0.2, 'gx': -34.35, 'gy': 22.49, 'gz': 20.32}, {'t_us': 735234291, 'ax': 0.1, 'ay': 0.16, 'az': -0.21, 'gx': 3.45, 'gy': 19.01, 'gz': 29.21}]",2026-02-18 09:49:27,0.0
"[{'t_us': 735261006, 'ax': -0.49, 'ay': -0.03, 'az': -0.07, 'gx': -13.56, 'gy': -12.56, 'gz': 9.94}, {'t_us': 735274319, 'ax': -0.83, 'ay': 0.05, 'az': -0.11, 'gx': -23.63, 'gy': -30.0, 'gz': -3.44}, {'t_us': 735294260, 'ax': -1.3, 'ay': 0.27, 'az': -0.42, 'gx': -10.82, 'gy': 40.53, 'gz': -22.32}, {'t_us': 735314262, 'ax': -2.0, 'ay': 0.3, 'az': -0.64, 'gx': 19.02, 'gy': 44.21, 'gz': -42.56}, {'t_us': 735334291, 'ax': -2.0, 'ay': -0.13, 'az': 0.01, 'gx': 28.53, 'gy': 11.48, 'gz': -30.55}]",2026-02-18 09:49:27,0.0
"[{'t_us': 735361006, 'ax': -1.82, 'ay': -0.11, 'az': -0.19, 'gx': -33.97, 'gy': -122.53, 'gz': 35.95}, {'t_us': 735374321, 'ax': -1.07, 'ay': 0.28, 'az': 0.39, 'gx': -40.93, 'gy': -124.08, 'gz': 38.05}, {'t_us': 735394316, 'ax': -1.05, 'ay': 0.1, 'az': -0.26, 'gx': -34.37, 'gy': 140.31, 'gz': 35.65}, {'t_us': 735414255, 'ax': -2.0, 'ay': 0.2, 'az': -0.21, 'gx': -19.83, 'gy': 53.73, 'gz': -7.63}, {'t_us': 735434281, 'ax': -1.29, 'ay': -0.11, 'az': 0.02, 'gx': -34.87, 'gy': 8.46, 'gz': 0.61}]",2026-02-18 09:49:27,0.0
"[{'t_us': 735458737, 'ax': -0.79, 'ay': -0.26, 'az': -0.53, 'gx': -1.79, 'gy': -14.56, 'gz': -4.44}, {'t_us': 735474296, 'ax': -0.34, 'ay': -0.21, 'az': -0.35, 'gx': 15.31, 'gy': -6.89, 'gz': -6.76}, {'t_us': 735494296, 'ax': 0.08, 'ay': -0.29, 'az': -0.41, 'gx': 40.82, 'gy': -33.45, 'gz': 1.82}, {'t_us': 735514262, 'ax': 0.4, 'ay': -0.27, 'az': -0.21, 'gx': 60.82, 'gy': -50.93, 'gz': 21.07}, {'t_us': 735534255, 'ax': 0.46, 'ay': -0.2, 'az': -0.29, 'gx': 73.15, 'gy': -29.82, 'gz': 29.48}]",2026-02-18 09:49:27,0.0
"[{'t_us': 735558721, 'ax': 0.38, 'ay': -0.01, 'az': -0.21, 'gx': 79.42, 'gy': -17.02, 'gz': 17.25}, {'t_us': 735574274, 'ax': 0.27, 'ay': 0.1, 'az': -0.18, 'gx': 83.92, 'gy': -24.38, 'gz': 20.53}, {'t_us': 735594281, 'ax': -0.33, 'ay': 0.06, 'az': -0.13, 'gx': 86.73, 'gy': -16.92, 'gz': 19.42}, {'t_us': 735614313, 'ax': -1.13, 'ay': -0.05, 'az': -0.02, 'gx': 65.95, 'gy': -42.09, 'gz': -9.5}, {'t_us': 735634296, 'ax': -1.53, 'ay': -0.21, 'az': -0.11, 'gx': 18.99, 'gy': 17.01, 'gz': -30.47}]",2026-02-18 09:49:27,
