samples,timestamp,label
"[{'t_us': 769629779, 'ax': -2.0, 'ay': -0.02, 'az': -0.84, 'gx': 25.56, 'gy': -11.73, 'gz': -6.64}, {'t_us': 769631739, 'ax': -2.0, 'ay': -0.02, 'az': -0.84, 'gx': 32.08, 'gy': -10.32, 'gz': -11.18}, {'t_us': 769633686, 'ax': -2.0, 'ay': 0.05, 'az': -0.69, 'gx': 37.11, 'gy': -12.64, 'gz': -13.82}, {'t_us': 769635631, 'ax': -2.0, 'ay': 0.07, 'az': -0.59, 'gx': 37.11, 'gy': -12.64, 'gz': -13.82}, {'t_us': 769637576, 'ax': -2.0, 'ay': 0.08, 'az': -0.45, 'gx': 40.64, 'gy': -14.29, 'gz': -17.66}]",2026-02-18 09:50:01,0.0
"[{'t_us': 769659011, 'ax': -1.33, 'ay': 0.07, 'az': 0.14, 'gx': 41.57, 'gy': 24.87, 'gz': -28.05}, {'t_us': 769674255, 'ax': -1.16, 'ay': 0.15, 'az': 0.14, 'gx': 24.05, 'gy': 62.84, 'gz': -32.46}, {'t_us': 769694312, 'ax': -1.07, 'ay': 0.1, 'az': -0.14, 'gx': 8.08, 'gy': 47.28, 'gz': -33.16}, {'t_us': 769714296, 'ax': -0.78, 'ay': 0.01, 'az': -0.24, 'gx': -0.98, 'gy': -1.73, 'gz': -30.21}, {'t_us': 769734277, 'ax': -0.64, 'ay': -0.02, 'az': -0.25, 'gx': -10.46, 'gy': -11.08, 'gz': -29.25}]",2026-02-18 09:50:01,0.0
"[{'t_us': 769758979, 'ax': -0.46, 'ay': 0.03, 'az': -0.1, 'gx': -37.95, 'gy': -19.73, 'gz': -27.15}, {'t_us': 769774315, 'ax': -0.34, 'ay': 0.06, 'az': 0.01, 'gx': -54.11, 'gy': -23.05, 'gz': -21.45}, {'t_us': 769794308, 'ax': -0.24, 'ay': 0.09, 'az': 0.01, 'gx': -65.24, 'gy': -20.5, 'gz': -16.52}, {'t_us': 769814291, 'ax': -0.26, 'ay': -0.04, 'az': -0.04, 'gx': -58.6, 'gy': -23.13, 'gz': -15.79}, {'t_us': 769834291, 'ax': -0.29, 'ay': -0.22, 'az': -0.14, 'gx': -43.25, 'gy': -33.92, 'gz': -15.79}]",2026-02-18 09:50:02,0.0
"[{'t_us': 769860409, 'ax': -0.23, 'ay': -0.33, 'az': -0.26, 'gx': -26.4, 'gy': -18.96, 'gz': -17.5}, {'t_us': 769874276, 'ax': -0.26, 'ay': -0.34, 'az': -0.34, 'gx': -19.6, 'gy': 3.83, 'gz': -15.8}, {'t_us': 769894271, 'ax': -0.51, 'ay': -0.23, 'az': -0.22, 'gx': -13.62, 'gy': 7.85, 'gz': -12.52}, {'t_us': 769914308, 'ax': -0.88, 'ay': -0.06, 'az': -0.37, 'gx': -12.46, 'gy': -5.85, 'gz': -26.55}, {'t_us': 769934263, 'ax': -1.36, 'ay': 0.09, 'az': -0.39, 'gx': -20.7, 'gy': 25.65, 'gz': -43.15}]",2026-02-18 09:50:02,0.0
"[{'t_us': 769960453, 'ax': -2.0, 'ay': 0.62, 'az': -0.26, 'gx': -32.58, 'gy': -33.39, 'gz': -57.3}, {'t_us': 769974277, 'ax': -2.0, 'ay': 0.17, 'az': -0.24, 'gx': -29.59, 'gy': -20.02, 'gz': -40.14}, {'t_us': 769994312, 'ax': -2.0, 'ay': -0.03, 'az': -0.26, 'gx': -57.8, 'gy': -6.12, 'gz': 6.61}, {'t_us': 770014308, 'ax': -1.5, 'ay': 0.09, 'az': -0.02, 'gx': -85.27, 'gy': -29.25, 'gz': 14.52}, {'t_us': 770034288, 'ax': -1.29, 'ay': 0.13, 'az': -0.05, 'gx': -95.47, 'gy': 35.86, 'gz': 20.47}]",2026-02-18 09:50:02,0.0
"[{'t_us': 770060393, 'ax': -1.08, 'ay': -0.02, 'az': -0.19, 'gx': -98.85, 'gy': 50.84, 'gz': 16.41}, {'t_us': 770074291, 'ax': -1.1, 'ay': -0.11, 'az': -0.27, 'gx': -94.95, 'gy': 29.86, 'gz': 21.08}, {'t_us': 770094316, 'ax': -0.96, 'ay': -0.08, 'az': -0.37, 'gx': -89.22, 'gy': 2.84, 'gz': 18.95}, {'t_us': 770114312, 'ax': -0.65, 'ay': -0.12, 'az': -0.33, 'gx': -70.18, 'gy': 18.89, 'gz': 18.41}, {'t_us': 770134316, 'ax': -0.56, 'ay': -0.11, 'az': -0.14, 'gx': -52.15, 'gy': 9.54, 'gz': 19.11}]",2026-02-18 09:50:02,0.0
"[{'t_us': 770159196, 'ax': -0.32, 'ay': -0.03, 'az': 0.04, 'gx': -42.64, 'gy': -0.93, 'gz': 11.53}, {'t_us': 770174312, 'ax': -0.21, 'ay': 0.0, 'az': -0.03, 'gx': -41.95, 'gy': 12.05, 'gz': 4.31}, {'t_us': 770194277, 'ax': -0.09, 'ay': 0.01, 'az': -0.13, 'gx': -41.88, 'gy': 17.19, 'gz': -5.88}, {'t_us': 770214281, 'ax': -0.07, 'ay': 0.16, 'az': -0.25, 'gx': -38.21, 'gy': -3.07, 'gz': -13.1}, {'t_us': 770234284, 'ax': -0.2, 'ay': 0.13, 'az': -0.23, 'gx': -27.4, 'gy': -10.55, 'gz': -20.66}]",2026-02-18 09:50:02,0.0
"[{'t_us': 770260368, 'ax': -0.3, 'ay': 0.02, 'az': -0.17, 'gx': -26.75, 'gy': -4.76, 'gz': -24.26}, {'t_us': 770274308, 'ax': -0.37, 'ay': -0.02, 'az': -0.27, 'gx': -30.26, 'gy': -3.16, 'gz': -18.35}, {'t_us': 770294262, 'ax': -0.58, 'ay': -0.03, 'az': -0.42, 'gx': -47.51, 'gy': 38.69, 'gz': -2.89}, {'t_us': 770314271, 'ax': -1.39, 'ay': -0.33, 'az': -0.65, 'gx': -68.11, 'gy': 34.47, 'gz': 30.55}, {'t_us': 770334300, 'ax': -2.0, 'ay': -0.63, 'az': -0.35, 'gx': -57.42, 'gy': -24.55, 'gz': 41.3}]",2026-02-18 09:50:02,0.0
"[{'t_us': 770360645, 'ax': -2.0, 'ay': -0.09, 'az': -0.41, 'gx': -49.95, 'gy': -9.63, 'gz': 16.37}, {'t_us': 770374291, 'ax': -2.0, 'ay': -0.02, 'az': -0.63, 'gx': -25.82, 'gy': 23.47, 'gz': 0.34}, {'t_us': 770394288, 'ax': -1.65, 'ay': -0.16, 'az': -0.39, 'gx': 35.37, 'gy': 30.12, 'gz': -32.58}, {'t_us': 770414288, 'ax': -1.34, 'ay': -0.16, 'az': -0.05, 'gx': 51.36, 'gy': 24.31, 'gz': -34.5}, {'t_us': 770434283, 'ax': -1.13, 'ay': -0.07, 'az': -0.15, 'gx': 39.83, 'gy': 28.52, 'gz': -37.92}]",2026-02-18 09:50:02,0.0
"[{'t_us': 770458776, 'ax': -0.89, 'ay': -0.06, 'az': -0.11, 'gx': 12.9, 'gy': 2.43, 'gz': -27.25}, {'t_us': 770474291, 'ax': -0.88, 'ay': -0.08, 'az': -0.12, 'gx': -6.78, 'gy': -21.1, 'gz': -17.53}, {'t_us': 770494288, 'ax': -0.66, 'ay': 0.05, 'az': -0.08, 'gx': -28.14, 'gy': -30.69, 'gz': -17.59}, {'t_us': 770514288, 'ax': -0.42, 'ay': 0.13, 'az': -0.03, 'gx': -42.0, 'gy': -21.71, 'gz': -14.31}, {'t_us': 770534287, 'ax': -0.25, 'ay': 0.19, 'az': -0.0, 'gx': -49.16, 'gy': -17.3, 'gz': -4.17}]",2026-02-18 09:50:02,0.0
"[{'t_us': 770560613, 'ax': -0.17, 'ay': 0.05, 'az': -0.07, 'gx': -52.93, 'gy': -44.38, 'gz': 5.42}, {'t_us': 770574288, 'ax': -0.11, 'ay': -0.05, 'az': -0.11, 'gx': -57.33, 'gy': -49.73, 'gz': 2.98}, {'t_us': 770594312, 'ax': -0.11, 'ay': -0.11, 'az': -0.21, 'gx': -69.76, 'gy': -48.93, 'gz': -1.37}, {'t_us': 770614308, 'ax': -0.03, 'ay': 0.04, 'az': -0.26, 'gx': -78.0, 'gy': -42.89, 'gz': -7.02}, {'t_us': 770634297, 'ax': -0.17, 'ay': 0.13, 'az': -0.16, 'gx': -86.81, 'gy': -11.65, 'gz': -14.81}]",2026-02-18 09:50:02,0.0
"[{'t_us': 770660677, 'ax': -0.61, 'ay': 0.15, 'az': -0.39, 'gx': -105.13, 'gy': 42.26, 'gz': -29.66}, {'t_us': 770674319, 'ax': -0.99, 'ay': 0.22, 'az': -0.52, 'gx': -110.78, 'gy': 64.66, 'gz': -35.31}, {'t_us': 770694312, 'ax': -2.0, 'ay': 0.53, 'az': -0.67, 'gx': -102.12, 'gy': 25.16, 'gz': -50.6}, {'t_us': 770714308, 'ax': -2.0, 'ay': 0.14, 'az': -0.35, 'gx': -98.26, 'gy': -49.53, 'gz': -38.5}, {'t_us': 770734300, 'ax': -2.0, 'ay': -0.08, 'az': -0.43, 'gx': -127.8, 'gy': -74.05, 'gz': -4.09}]",2026-02-18 09:50:02,0.0
"[{'t_us': 770760950, 'ax': -1.66, 'ay': 0.37, 'az': -0.05, 'gx': -167.04, 'gy': -73.88, 'gz': -4.58}, {'t_us': 770774268, 'ax': -1.19, 'ay': 0.11, 'az': 0.08, 'gx': -172.78, 'gy': -32.02, 'gz': -7.59}, {'t_us': 770794296, 'ax': -1.19, 'ay': -0.1, 'az': 0.14, 'gx': -174.82, 'gy': 65.53, 'gz': -3.13}, {'t_us': 770814321, 'ax': -1.2, 'ay': -0.25, 'az': -0.11, 'gx': -168.92, 'gy': 58.38, 'gz': 6.81}, {'t_us': 770834278, 'ax': -0.96, 'ay': -0.22, 'az': -0.32, 'gx': -158.38, 'gy': -9.11, 'gz': 4.06}]",2026-02-18 09:50:03,0.0
"[{'t_us': 770859357, 'ax': -0.49, 'ay': 0.02, 'az': -0.3, 'gx': -116.17, 'gy': -54.56, 'gz': 16.24}, {'t_us': 770874294, 'ax': -0.24, 'ay': 0.05, 'az': -0.26, 'gx': -101.51, 'gy': -66.67, 'gz': 18.4}, {'t_us': 770894303, 'ax': 0.1, 'ay': 0.1, 'az': -0.18, 'gx': -90.24, 'gy': -68.66, 'gz': 14.53}, {'t_us': 770914303, 'ax': 0.33, 'ay': -0.05, 'az': -0.25, 'gx': -82.78, 'gy': -52.56, 'gz': 2.69}, {'t_us': 770934309, 'ax': 0.48, 'ay': -0.16, 'az': -0.31, 'gx': -53.31, 'gy': -7.82, 'gz': -2.08}]",2026-02-18 09:50:03,0.0
"[{'t_us': 770959159, 'ax': 0.16, 'ay': -0.18, 'az': -0.29, 'gx': -30.41, 'gy': 10.21, 'gz': -5.45}, {'t_us': 770974277, 'ax': -0.09, 'ay': -0.13, 'az': -0.15, 'gx': -37.76, 'gy': 5.77, 'gz': -15.07}, {'t_us': 770994281, 'ax': -0.31, 'ay': -0.09, 'az': -0.18, 'gx': -52.81, 'gy': 1.1, 'gz': -20.32}, {'t_us': 771014308, 'ax': -0.63, 'ay': -0.09, 'az': -0.35, 'gx': -64.21, 'gy': -0.38, 'gz': -30.81}, {'t_us': 771034277, 'ax': -1.18, 'ay': -0.14, 'az': -0.2, 'gx': -75.19, 'gy': 3.5, 'gz': -13.66}]",2026-02-18 09:50:03,0.0
"[{'t_us': 771059350, 'ax': -2.0, 'ay': -0.72, 'az': -0.06, 'gx': -64.49, 'gy': 3.98, 'gz': 40.56}, {'t_us': 771076022, 'ax': -2.0, 'ay': -0.7, 'az': -1.03, 'gx': -50.43, 'gy': -49.3, 'gz': 29.48}, {'t_us': 771094316, 'ax': -2.0, 'ay': -0.4, 'az': -0.73, 'gx': 27.44, 'gy': -60.15, 'gz': 18.53}, {'t_us': 771114277, 'ax': -1.51, 'ay': 0.05, 'az': 0.33, 'gx': 75.51, 'gy': 26.89, 'gz': -13.82}, {'t_us': 771134256, 'ax': -1.35, 'ay': -0.08, 'az': 0.51, 'gx': 64.72, 'gy': 102.56, 'gz': -36.4}]",2026-02-18 09:50:03,0.0
"[{'t_us': 771160710, 'ax': -1.57, 'ay': 0.29, 'az': -0.17, 'gx': 33.89, 'gy': 104.34, 'gz': -51.86}, {'t_us': 771174299, 'ax': -1.25, 'ay': 0.34, 'az': -0.1, 'gx': 11.08, 'gy': -13.15, 'gz': -45.18}, {'t_us': 771194277, 'ax': -0.96, 'ay': 0.07, 'az': -0.25, 'gx': -0.02, 'gy': -38.52, 'gz': -47.85}, {'t_us': 771214303, 'ax': -0.61, 'ay': 0.0, 'az': -0.19, 'gx': -16.7, 'gy': -46.26, 'gz': -25.77}, {'t_us': 771234262, 'ax': -0.2, 'ay': 0.03, 'az': 0.06, 'gx': -35.94, 'gy': -46.15, 'gz': -10.14}]",2026-02-18 09:50:03,0.0
"[{'t_us': 771258989, 'ax': 0.08, 'ay': -0.01, 'az': 0.04, 'gx': -60.12, 'gy': -10.78, 'gz': -0.08}, {'t_us': 771274291, 'ax': 0.13, 'ay': -0.01, 'az': -0.18, 'gx': -61.79, 'gy': 6.4, 'gz': -2.69}, {'t_us': 771294291, 'ax': 0.21, 'ay': 0.01, 'az': -0.42, 'gx': -52.52, 'gy': 1.77, 'gz': -8.02}, {'t_us': 771314321, 'ax': 0.24, 'ay': -0.04, 'az': -0.39, 'gx': -39.27, 'gy': -4.37, 'gz': -7.18}, {'t_us': 771334262, 'ax': 0.1, 'ay': -0.02, 'az': -0.16, 'gx': -36.55, 'gy': 2.21, 'gz': -4.11}]",2026-02-18 09:50:03,0.0
"[{'t_us': 771360703, 'ax': -0.66, 'ay': -0.01, 'az': -0.2, 'gx': -30.72, 'gy': 5.47, 'gz': -10.93}, {'t_us': 771375883, 'ax': -1.03, 'ay': 0.02, 'az': -0.21, 'gx': -39.24, 'gy': -24.34, 'gz': -22.23}, {'t_us': 771394312, 'ax': -1.74, 'ay': 0.1, 'az': -0.14, 'gx': -53.65, 'gy': -29.77, 'gz': -24.03}, {'t_us': 771414277, 'ax': -2.0, 'ay': 0.03, 'az': -0.08, 'gx': -47.11, 'gy': 27.13, 'gz': -18.64}, {'t_us': 771434296, 'ax': -2.0, 'ay': -0.02, 'az': 0.16, 'gx': -83.85, 'gy': -4.11, 'gz': 18.09}]",2026-02-18 09:50:03,0.0
"[{'t_us': 771460888, 'ax': -1.92, 'ay': 0.17, 'az': -0.28, 'gx': -98.84, 'gy': -0.55, 'gz': 14.72}, {'t_us': 771474317, 'ax': -1.32, 'ay': 0.1, 'az': -0.06, 'gx': -99.57, 'gy': 45.69, 'gz': 16.96}, {'t_us': 771494281, 'ax': -1.74, 'ay': 0.13, 'az': 0.11, 'gx': -101.97, 'gy': 90.61, 'gz': 11.51}, {'t_us': 771514281, 'ax': -1.66, 'ay': 0.13, 'az': 0.42, 'gx': -136.67, 'gy': 84.09, 'gz': -9.04}, {'t_us': 771534262, 'ax': -1.27, 'ay': 0.43, 'az': -0.28, 'gx': -133.71, 'gy': -30.53, 'gz': -33.94}]",2026-02-18 09:50:03,0.0
"[{'t_us': 771563071, 'ax': 0.33, 'ay': 0.08, 'az': -0.41, 'gx': -55.18, 'gy': -75.42, 'gz': 2.85}, {'t_us': 771574276, 'ax': 0.32, 'ay': -0.04, 'az': 0.04, 'gx': -58.14, 'gy': -24.89, 'gz': 20.79}, {'t_us': 771594281, 'ax': 0.31, 'ay': -0.06, 'az': -0.04, 'gx': -67.74, 'gy': -8.46, 'gz': -3.91}, {'t_us': 771614308, 'ax': 0.75, 'ay': -0.13, 'az': -0.16, 'gx': -70.17, 'gy': -17.33, 'gz': 18.53}, {'t_us': 771634271, 'ax': 0.34, 'ay': -0.13, 'az': -0.32, 'gx': -33.22, 'gy': 3.88, 'gz': -21.56}]",2026-02-18 09:50:03,0.0
"[{'t_us': 771659588, 'ax': -0.18, 'ay': 0.01, 'az': -0.18, 'gx': -24.08, 'gy': 11.48, 'gz': -20.18}, {'t_us': 771674303, 'ax': -0.3, 'ay': 0.03, 'az': -0.2, 'gx': -25.95, 'gy': -13.6, 'gz': -22.87}, {'t_us': 771694260, 'ax': -0.55, 'ay': -0.08, 'az': -0.12, 'gx': -34.43, 'gy': -47.4, 'gz': -23.11}, {'t_us': 771714308, 'ax': -1.08, 'ay': -0.12, 'az': -0.04, 'gx': -41.44, 'gy': -50.14, 'gz': -32.4}, {'t_us': 771734303, 'ax': -1.46, 'ay': -0.24, 'az': -0.14, 'gx': -60.95, 'gy': 71.47, 'gz': -5.91}]",2026-02-18 09:50:03,0.0
"[{'t_us': 771759054, 'ax': -2.0, 'ay': -0.97, 'az': -0.31, 'gx': -63.3, 'gy': 64.96, 'gz': 56.34}, {'t_us': 771774262, 'ax': -2.0, 'ay': -0.27, 'az': -0.59, 'gx': -59.91, 'gy': -45.37, 'gz': 25.05}, {'t_us': 771794271, 'ax': -1.73, 'ay': 0.21, 'az': -0.12, 'gx': -28.67, 'gy': -57.08, 'gz': 32.76}, {'t_us': 771814296, 'ax': -1.68, 'ay': 0.38, 'az': 0.18, 'gx': 3.19, 'gy': 20.78, 'gz': -17.69}, {'t_us': 771834309, 'ax': -2.0, 'ay': -0.36, 'az': -0.09, 'gx': 30.66, 'gy': 126.09, 'gz': -55.83}]",2026-02-18 09:50:04,0.0
"[{'t_us': 771861377, 'ax': -1.34, 'ay': -0.31, 'az': -0.25, 'gx': 27.54, 'gy': 11.77, 'gz': -32.26}, {'t_us': 771874288, 'ax': -0.98, 'ay': -0.17, 'az': -0.09, 'gx': 14.66, 'gy': -53.24, 'gz': -26.85}, {'t_us': 771894288, 'ax': -0.27, 'ay': -0.15, 'az': -0.03, 'gx': -1.68, 'gy': -28.49, 'gz': -31.89}, {'t_us': 771914308, 'ax': 0.03, 'ay': 0.02, 'az': 0.16, 'gx': -24.49, 'gy': 2.0, 'gz': -10.21}, {'t_us': 771934277, 'ax': 0.2, 'ay': 0.17, 'az': 0.07, 'gx': -46.38, 'gy': -1.77, 'gz': 3.56}]",2026-02-18 09:50:04,0.0
"[{'t_us': 771958887, 'ax': 0.29, 'ay': 0.26, 'az': -0.33, 'gx': -50.17, 'gy': -35.62, 'gz': 2.63}, {'t_us': 771975825, 'ax': 0.35, 'ay': 0.26, 'az': -0.49, 'gx': -49.47, 'gy': -47.77, 'gz': 0.61}, {'t_us': 771994321, 'ax': 0.41, 'ay': 0.25, 'az': -0.34, 'gx': -50.66, 'gy': -31.02, 'gz': 1.91}, {'t_us': 772014281, 'ax': 0.19, 'ay': 0.03, 'az': -0.25, 'gx': -45.24, 'gy': -1.92, 'gz': 9.11}, {'t_us': 772034303, 'ax': -0.43, 'ay': -0.14, 'az': -0.19, 'gx': -44.21, 'gy': -5.36, 'gz': 3.71}]",2026-02-18 09:50:04,0.0
"[{'t_us': 772060161, 'ax': -0.83, 'ay': 0.04, 'az': -0.23, 'gx': -62.52, 'gy': -17.97, 'gz': -9.21}, {'t_us': 772074293, 'ax': -1.53, 'ay': 0.02, 'az': -0.37, 'gx': -65.5, 'gy': 6.52, 'gz': -20.29}, {'t_us': 772094300, 'ax': -2.0, 'ay': 0.04, 'az': -0.14, 'gx': -75.05, 'gy': 40.2, 'gz': -39.45}, {'t_us': 772114321, 'ax': -2.0, 'ay': -0.07, 'az': -0.03, 'gx': -75.34, 'gy': -27.68, 'gz': -0.9}, {'t_us': 772134291, 'ax': -2.0, 'ay': 0.48, 'az': 0.09, 'gx': -123.08, 'gy': -103.51, 'gz': 27.44}]",2026-02-18 09:50:04,0.0
"[{'t_us': 772160389, 'ax': -1.41, 'ay': 0.29, 'az': -0.06, 'gx': -151.73, 'gy': 101.77, 'gz': 33.15}, {'t_us': 772174299, 'ax': -2.0, 'ay': 0.38, 'az': -0.24, 'gx': -170.18, 'gy': 117.27, 'gz': 19.86}, {'t_us': 772194300, 'ax': -1.57, 'ay': -0.01, 'az': -0.58, 'gx': -184.03, 'gy': -78.35, 'gz': -5.71}, {'t_us': 772214281, 'ax': -1.32, 'ay': -0.1, 'az': -0.82, 'gx': -96.44, 'gy': -102.79, 'gz': -3.97}, {'t_us': 772234308, 'ax': -0.21, 'ay': -0.28, 'az': -0.26, 'gx': -34.05, 'gy': -168.31, 'gz': 11.73}]",2026-02-18 09:50:04,0.0
"[{'t_us': 772260111, 'ax': 0.51, 'ay': -0.45, 'az': 0.15, 'gx': -12.99, 'gy': -85.62, 'gz': 68.84}, {'t_us': 772274283, 'ax': 0.63, 'ay': -0.38, 'az': 0.16, 'gx': -33.56, 'gy': -32.69, 'gz': 87.82}, {'t_us': 772294321, 'ax': 0.56, 'ay': -0.07, 'az': -0.15, 'gx': -51.51, 'gy': 5.73, 'gz': 69.15}, {'t_us': 772314316, 'ax': 0.14, 'ay': 0.14, 'az': -0.36, 'gx': -34.17, 'gy': 29.24, 'gz': 44.18}, {'t_us': 772334292, 'ax': -0.07, 'ay': 0.26, 'az': -0.28, 'gx': 3.28, 'gy': 26.89, 'gz': 5.74}]",2026-02-18 09:50:04,0.0
"[{'t_us': 772360661, 'ax': -0.36, 'ay': 0.1, 'az': -0.04, 'gx': -11.25, 'gy': -33.98, 'gz': -10.55}, {'t_us': 772374299, 'ax': -0.31, 'ay': -0.06, 'az': -0.12, 'gx': -35.28, 'gy': -74.84, 'gz': -17.63}, {'t_us': 772394321, 'ax': -0.57, 'ay': 0.03, 'az': -0.34, 'gx': -41.22, 'gy': 12.29, 'gz': -14.56}, {'t_us': 772414281, 'ax': -0.98, 'ay': 0.03, 'az': -0.2, 'gx': -49.11, 'gy': 48.27, 'gz': -30.23}, {'t_us': 772434300, 'ax': -1.74, 'ay': -0.42, 'az': 0.13, 'gx': -34.37, 'gy': 58.14, 'gz': -20.96}]",2026-02-18 09:50:04,0.0
"[{'t_us': 772459026, 'ax': -2.0, 'ay': -1.24, 'az': -0.49, 'gx': -31.04, 'gy': 58.38, 'gz': -4.56}, {'t_us': 772474262, 'ax': -2.0, 'ay': -0.74, 'az': -0.58, 'gx': -12.61, 'gy': -31.22, 'gz': 30.72}, {'t_us': 772494308, 'ax': -1.95, 'ay': 0.09, 'az': 0.4, 'gx': 43.15, 'gy': -96.61, 'gz': 23.28}, {'t_us': 772514277, 'ax': -1.23, 'ay': 0.5, 'az': 0.15, 'gx': 90.79, 'gy': 89.98, 'gz': -26.56}, {'t_us': 772534296, 'ax': -2.0, 'ay': -0.05, 'az': -0.24, 'gx': 133.33, 'gy': 101.63, 'gz': -78.98}]",2026-02-18 09:50:04,0.0
"[{'t_us': 772560944, 'ax': -1.17, 'ay': -0.26, 'az': -0.06, 'gx': 79.16, 'gy': 3.28, 'gz': -35.48}, {'t_us': 772574272, 'ax': -1.17, 'ay': -0.1, 'az': -0.08, 'gx': 53.56, 'gy': -26.29, 'gz': -50.02}, {'t_us': 772594312, 'ax': -0.29, 'ay': -0.01, 'az': 0.03, 'gx': 27.63, 'gy': -57.02, 'gz': -48.05}, {'t_us': 772614277, 'ax': 0.19, 'ay': 0.3, 'az': 0.01, 'gx': 10.29, 'gy': 0.24, 'gz': -34.44}, {'t_us': 772634321, 'ax': 0.29, 'ay': 0.42, 'az': 0.01, 'gx': -17.1, 'gy': -3.63, 'gz': -1.37}]",2026-02-18 09:50:04,0.0
"[{'t_us': 772660495, 'ax': 0.53, 'ay': 0.2, 'az': -0.17, 'gx': -48.43, 'gy': -36.9, 'gz': 19.71}, {'t_us': 772674291, 'ax': 0.47, 'ay': 0.22, 'az': -0.15, 'gx': -55.62, 'gy': -32.15, 'gz': 17.74}, {'t_us': 772694316, 'ax': 0.25, 'ay': 0.12, 'az': -0.27, 'gx': -47.02, 'gy': 13.33, 'gz': 0.26}, {'t_us': 772714262, 'ax': -0.11, 'ay': -0.12, 'az': -0.31, 'gx': -49.5, 'gy': 30.64, 'gz': -0.92}, {'t_us': 772734291, 'ax': -0.69, 'ay': -0.18, 'az': -0.36, 'gx': -48.47, 'gy': 13.25, 'gz': -5.79}]",2026-02-18 09:50:04,0.0
"[{'t_us': 772758977, 'ax': -1.4, 'ay': -0.02, 'az': -0.47, 'gx': -39.74, 'gy': 54.76, 'gz': -15.88}, {'t_us': 772774262, 'ax': -2.0, 'ay': 0.19, 'az': -0.36, 'gx': -44.09, 'gy': 52.81, 'gz': -39.27}, {'t_us': 772794303, 'ax': -2.0, 'ay': 0.53, 'az': -0.14, 'gx': -39.1, 'gy': 28.82, 'gz': -31.63}, {'t_us': 772814262, 'ax': -2.0, 'ay': 0.3, 'az': 0.02, 'gx': -72.08, 'gy': -0.6, 'gz': 4.76}, {'t_us': 772834255, 'ax': -1.85, 'ay': 0.17, 'az': 0.53, 'gx': -139.1, 'gy': -54.15, 'gz': -11.04}]",2026-02-18 09:50:05,0.0
"[{'t_us': 772860439, 'ax': -0.72, 'ay': -0.16, 'az': -0.14, 'gx': -128.89, 'gy': 156.78, 'gz': 15.91}, {'t_us': 772876375, 'ax': -2.0, 'ay': 0.25, 'az': -0.74, 'gx': -120.84, 'gy': 176.14, 'gz': 41.51}, {'t_us': 772894303, 'ax': -1.62, 'ay': 0.18, 'az': -0.16, 'gx': -125.24, 'gy': -19.3, 'gz': -18.75}, {'t_us': 772914262, 'ax': -1.33, 'ay': 0.15, 'az': -0.52, 'gx': -123.73, 'gy': -60.75, 'gz': -2.73}, {'t_us': 772934324, 'ax': -0.24, 'ay': -0.01, 'az': -0.32, 'gx': -97.37, 'gy': -102.55, 'gz': -7.24}]",2026-02-18 09:50:05,0.0
"[{'t_us': 772960877, 'ax': 0.32, 'ay': -0.18, 'az': -0.19, 'gx': -72.75, 'gy': -53.98, 'gz': 4.43}, {'t_us': 772974281, 'ax': 0.6, 'ay': -0.2, 'az': -0.1, 'gx': -62.43, 'gy': -59.27, 'gz': 10.9}, {'t_us': 772994255, 'ax': 0.76, 'ay': -0.35, 'az': -0.42, 'gx': -18.5, 'gy': -38.6, 'gz': 13.4}, {'t_us': 773014288, 'ax': 0.42, 'ay': -0.26, 'az': -0.34, 'gx': 35.47, 'gy': 15.76, 'gz': 0.53}, {'t_us': 773034321, 'ax': 0.03, 'ay': -0.11, 'az': -0.1, 'gx': 39.6, 'gy': 5.83, 'gz': -7.57}]",2026-02-18 09:50:05,0.0
"[{'t_us': 773060460, 'ax': -0.43, 'ay': 0.03, 'az': -0.14, 'gx': 24.75, 'gy': -10.55, 'gz': -12.29}, {'t_us': 773074312, 'ax': -0.65, 'ay': 0.0, 'az': -0.16, 'gx': -1.68, 'gy': -47.86, 'gz': -27.22}, {'t_us': 773094291, 'ax': -1.14, 'ay': -0.0, 'az': -0.36, 'gx': -34.53, 'gy': 5.34, 'gz': -29.69}, {'t_us': 773114291, 'ax': -1.7, 'ay': -0.34, 'az': -0.6, 'gx': -11.22, 'gy': 155.37, 'gz': 41.53}, {'t_us': 773134321, 'ax': -2.0, 'ay': -0.57, 'az': -0.39, 'gx': -28.06, 'gy': 22.79, 'gz': 50.98}]",2026-02-18 09:50:05,0.0
"[{'t_us': 773159101, 'ax': -1.96, 'ay': -0.47, 'az': -0.49, 'gx': -32.5, 'gy': -99.19, 'gz': 25.6}, {'t_us': 773174298, 'ax': -1.74, 'ay': 0.06, 'az': -0.08, 'gx': -7.25, 'gy': -10.43, 'gz': 22.79}, {'t_us': 773194288, 'ax': -1.38, 'ay': 0.12, 'az': 0.23, 'gx': 33.04, 'gy': 7.5, 'gz': -2.67}, {'t_us': 773214277, 'ax': -1.88, 'ay': -0.02, 'az': -0.28, 'gx': 74.27, 'gy': 151.01, 'gz': -33.97}, {'t_us': 773234296, 'ax': -1.98, 'ay': 0.01, 'az': -0.3, 'gx': 33.21, 'gy': 10.99, 'gz': -53.88}]",2026-02-18 09:50:05,0.0
"[{'t_us': 773258891, 'ax': -0.99, 'ay': 0.24, 'az': -0.05, 'gx': -5.8, 'gy': -76.06, 'gz': -51.92}, {'t_us': 773274288, 'ax': -0.67, 'ay': 0.14, 'az': -0.07, 'gx': -21.91, 'gy': -69.4, 'gz': -56.4}, {'t_us': 773294277, 'ax': -0.02, 'ay': 0.02, 'az': -0.04, 'gx': -32.61, 'gy': -48.66, 'gz': -25.73}, {'t_us': 773314316, 'ax': 0.26, 'ay': 0.07, 'az': 0.2, 'gx': -54.27, 'gy': -24.63, 'gz': -10.14}, {'t_us': 773334279, 'ax': 0.32, 'ay': 0.11, 'az': -0.12, 'gx': -68.09, 'gy': -10.0, 'gz': -2.2}]",2026-02-18 09:50:05,0.0
"[{'t_us': 773360389, 'ax': 0.21, 'ay': 0.15, 'az': -0.3, 'gx': -74.49, 'gy': -2.24, 'gz': -7.45}, {'t_us': 773374315, 'ax': 0.15, 'ay': 0.07, 'az': -0.22, 'gx': -79.4, 'gy': 1.56, 'gz': -11.65}, {'t_us': 773394312, 'ax': -0.01, 'ay': 0.01, 'az': -0.09, 'gx': -87.54, 'gy': 6.84, 'gz': -10.0}, {'t_us': 773414316, 'ax': -0.31, 'ay': 0.14, 'az': -0.03, 'gx': -110.32, 'gy': 8.47, 'gz': -5.48}, {'t_us': 773434288, 'ax': -0.75, 'ay': 0.3, 'az': -0.45, 'gx': -114.47, 'gy': 2.03, 'gz': -6.6}]",2026-02-18 09:50:05,0.0
"[{'t_us': 773459419, 'ax': -1.71, 'ay': 0.39, 'az': -0.59, 'gx': -112.32, 'gy': 54.82, 'gz': -28.7}, {'t_us': 773474696, 'ax': -2.0, 'ay': 0.53, 'az': -0.35, 'gx': -111.56, 'gy': 42.46, 'gz': -40.61}, {'t_us': 773494288, 'ax': -2.0, 'ay': 0.06, 'az': 0.1, 'gx': -135.95, 'gy': -60.93, 'gz': -25.95}, {'t_us': 773514271, 'ax': -1.78, 'ay': -0.04, 'az': -0.14, 'gx': -186.15, 'gy': -85.47, 'gz': 25.04}, {'t_us': 773534277, 'ax': -1.44, 'ay': 0.19, 'az': -0.11, 'gx': -182.15, 'gy': 58.27, 'gz': 27.57}]",2026-02-18 09:50:05,0.0
"[{'t_us': 773558863, 'ax': -1.95, 'ay': 0.06, 'az': -0.22, 'gx': -168.7, 'gy': 91.5, 'gz': 13.65}, {'t_us': 773574312, 'ax': -1.61, 'ay': -0.07, 'az': -0.2, 'gx': -163.83, 'gy': 45.05, 'gz': -2.61}, {'t_us': 773594308, 'ax': -1.47, 'ay': -0.16, 'az': -0.53, 'gx': -125.6, 'gy': -20.63, 'gz': -12.18}, {'t_us': 773614312, 'ax': -0.56, 'ay': -0.26, 'az': -0.43, 'gx': -87.5, 'gy': -67.74, 'gz': -17.65}, {'t_us': 773634262, 'ax': -0.2, 'ay': -0.07, 'az': -0.22, 'gx': -63.85, 'gy': -29.86, 'gz': -15.21}]",2026-02-18 09:50:05,0.0
"[{'t_us': 773660385, 'ax': 0.34, 'ay': -0.08, 'az': -0.11, 'gx': -62.53, 'gy': -33.39, 'gz': -16.87}, {'t_us': 773674309, 'ax': 0.62, 'ay': -0.09, 'az': -0.14, 'gx': -53.39, 'gy': -20.84, 'gz': -13.76}, {'t_us': 773694308, 'ax': 0.76, 'ay': -0.08, 'az': -0.33, 'gx': -24.27, 'gy': -7.21, 'gz': -5.08}, {'t_us': 773714291, 'ax': 0.32, 'ay': -0.14, 'az': -0.3, 'gx': -4.14, 'gy': 5.48, 'gz': 3.51}, {'t_us': 773734321, 'ax': -0.2, 'ay': -0.01, 'az': -0.23, 'gx': -9.85, 'gy': -23.65, 'gz': -16.78}]",2026-02-18 09:50:05,0.0
"[{'t_us': 773759011, 'ax': -0.5, 'ay': -0.09, 'az': -0.15, 'gx': -33.98, 'gy': -12.73, 'gz': -22.23}, {'t_us': 773774316, 'ax': -1.15, 'ay': -0.13, 'az': 0.07, 'gx': -60.4, 'gy': -20.81, 'gz': -18.21}, {'t_us': 773794312, 'ax': -2.0, 'ay': -0.07, 'az': -0.24, 'gx': -65.45, 'gy': 104.72, 'gz': 15.15}, {'t_us': 773814300, 'ax': -2.0, 'ay': -0.75, 'az': -0.82, 'gx': -33.39, 'gy': 51.07, 'gz': 22.38}, {'t_us': 773834316, 'ax': -2.0, 'ay': -0.76, 'az': -0.44, 'gx': -43.83, 'gy': -81.54, 'gz': 20.14}]",2026-02-18 09:50:06,0.0
"[{'t_us': 773858833, 'ax': -1.78, 'ay': 0.15, 'az': -0.06, 'gx': 5.34, 'gy': -15.4, 'gz': 19.56}, {'t_us': 773874312, 'ax': -1.29, 'ay': 0.25, 'az': 0.09, 'gx': 26.89, 'gy': -3.91, 'gz': 1.56}, {'t_us': 773894308, 'ax': -1.65, 'ay': 0.11, 'az': -0.11, 'gx': 49.63, 'gy': 117.36, 'gz': -34.73}, {'t_us': 773914311, 'ax': -1.91, 'ay': 0.05, 'az': -0.17, 'gx': 21.31, 'gy': 31.33, 'gz': -54.2}, {'t_us': 773934262, 'ax': -1.09, 'ay': -0.14, 'az': -0.14, 'gx': 4.34, 'gy': -40.06, 'gz': -24.99}]",2026-02-18 09:50:06,0.0
"[{'t_us': 773960414, 'ax': -0.53, 'ay': -0.14, 'az': -0.26, 'gx': -18.02, 'gy': -61.74, 'gz': -9.73}, {'t_us': 773974255, 'ax': -0.24, 'ay': -0.05, 'az': -0.16, 'gx': -23.59, 'gy': -50.17, 'gz': -1.18}, {'t_us': 773994321, 'ax': 0.14, 'ay': 0.04, 'az': -0.04, 'gx': -34.53, 'gy': -20.82, 'gz': 5.16}, {'t_us': 774014308, 'ax': 0.2, 'ay': 0.14, 'az': -0.15, 'gx': -46.53, 'gy': 26.52, 'gz': 2.6}, {'t_us': 774034277, 'ax': 0.25, 'ay': 0.19, 'az': -0.36, 'gx': -70.49, 'gy': 7.34, 'gz': -10.17}]",2026-02-18 09:50:06,0.0
"[{'t_us': 774060619, 'ax': 0.17, 'ay': 0.1, 'az': -0.12, 'gx': -58.14, 'gy': -14.7, 'gz': -6.61}, {'t_us': 774075422, 'ax': 0.0, 'ay': -0.01, 'az': -0.06, 'gx': -64.0, 'gy': -4.24, 'gz': -9.08}, {'t_us': 774094281, 'ax': -0.62, 'ay': 0.03, 'az': -0.1, 'gx': -75.59, 'gy': 1.88, 'gz': -14.89}, {'t_us': 774114271, 'ax': -1.27, 'ay': 0.11, 'az': -0.25, 'gx': -77.02, 'gy': 10.15, 'gz': -15.07}, {'t_us': 774134313, 'ax': -2.0, 'ay': 0.29, 'az': -0.41, 'gx': -85.51, 'gy': 35.31, 'gz': -22.69}]",2026-02-18 09:50:06,0.0
"[{'t_us': 774160710, 'ax': -2.0, 'ay': 0.09, 'az': 0.09, 'gx': -77.89, 'gy': -11.28, 'gz': 3.13}, {'t_us': 774174265, 'ax': -2.0, 'ay': 0.1, 'az': -0.16, 'gx': -118.49, 'gy': -81.07, 'gz': 11.05}, {'t_us': 774194308, 'ax': -1.46, 'ay': -0.08, 'az': -0.11, 'gx': -109.42, 'gy': -49.95, 'gz': 12.14}, {'t_us': 774214274, 'ax': -0.98, 'ay': -0.07, 'az': 0.06, 'gx': -105.04, 'gy': 75.63, 'gz': 22.03}, {'t_us': 774234308, 'ax': -1.5, 'ay': 0.1, 'az': -0.03, 'gx': -104.43, 'gy': 96.56, 'gz': 13.95}]",2026-02-18 09:50:06,0.0
"[{'t_us': 774258813, 'ax': -1.38, 'ay': 0.17, 'az': -0.26, 'gx': -108.17, 'gy': 0.85, 'gz': 8.34}, {'t_us': 774274255, 'ax': -1.01, 'ay': 0.0, 'az': -0.54, 'gx': -90.93, 'gy': -60.81, 'gz': 0.69}, {'t_us': 774294300, 'ax': -0.44, 'ay': -0.15, 'az': -0.49, 'gx': -49.98, 'gy': -49.33, 'gz': 0.23}, {'t_us': 774314300, 'ax': -0.05, 'ay': -0.19, 'az': -0.34, 'gx': -28.34, 'gy': -67.34, 'gz': 5.73}, {'t_us': 774334281, 'ax': 0.34, 'ay': -0.13, 'az': -0.01, 'gx': -20.61, 'gy': -60.95, 'gz': 12.96}]",2026-02-18 09:50:06,0.0
"[{'t_us': 774360669, 'ax': 0.46, 'ay': -0.15, 'az': -0.2, 'gx': -0.66, 'gy': 2.15, 'gz': 2.05}, {'t_us': 774374317, 'ax': 0.32, 'ay': -0.16, 'az': -0.35, 'gx': 21.05, 'gy': 29.65, 'gz': -6.49}, {'t_us': 774394288, 'ax': -0.0, 'ay': -0.21, 'az': -0.31, 'gx': 42.14, 'gy': 32.9, 'gz': -9.95}, {'t_us': 774414288, 'ax': -0.51, 'ay': -0.22, 'az': -0.3, 'gx': 41.11, 'gy': 23.68, 'gz': -2.12}, {'t_us': 774434303, 'ax': -1.03, 'ay': -0.24, 'az': 0.03, 'gx': 2.37, 'gy': -13.22, 'gz': -0.75}]",2026-02-18 09:50:06,0.0
"[{'t_us': 774460615, 'ax': -1.71, 'ay': -0.37, 'az': -0.43, 'gx': -32.7, 'gy': 67.39, 'gz': 33.94}, {'t_us': 774474296, 'ax': -2.0, 'ay': -0.45, 'az': -0.7, 'gx': -24.72, 'gy': 119.68, 'gz': 64.66}, {'t_us': 774494300, 'ax': -2.0, 'ay': -0.13, 'az': -0.69, 'gx': -27.08, 'gy': -34.49, 'gz': 45.83}, {'t_us': 774514300, 'ax': -2.0, 'ay': 0.02, 'az': -0.38, 'gx': 12.69, 'gy': -39.8, 'gz': 11.68}, {'t_us': 774534320, 'ax': -1.13, 'ay': -0.18, 'az': -0.03, 'gx': 58.56, 'gy': -11.85, 'gz': -24.89}]",2026-02-18 09:50:06,0.0
"[{'t_us': 774560418, 'ax': -1.27, 'ay': -0.38, 'az': 0.09, 'gx': 93.33, 'gy': 122.7, 'gz': -29.39}, {'t_us': 774574312, 'ax': -1.7, 'ay': -0.25, 'az': -0.08, 'gx': 86.92, 'gy': 86.47, 'gz': -32.78}, {'t_us': 774594316, 'ax': -1.2, 'ay': -0.07, 'az': -0.1, 'gx': 70.0, 'gy': 2.06, 'gz': -15.05}, {'t_us': 774614312, 'ax': -0.89, 'ay': 0.08, 'az': -0.0, 'gx': 35.57, 'gy': -31.33, 'gz': -21.36}, {'t_us': 774634315, 'ax': -0.49, 'ay': 0.08, 'az': -0.1, 'gx': 9.53, 'gy': -29.71, 'gz': -11.6}]",2026-02-18 09:50:06,0.0
"[{'t_us': 774659093, 'ax': -0.04, 'ay': 0.09, 'az': 0.06, 'gx': -9.83, 'gy': -20.99, 'gz': -3.21}, {'t_us': 774674303, 'ax': 0.14, 'ay': 0.01, 'az': 0.03, 'gx': -18.58, 'gy': 1.11, 'gz': 3.42}, {'t_us': 774694321, 'ax': 0.19, 'ay': 0.02, 'az': 0.01, 'gx': -39.6, 'gy': 41.85, 'gz': -6.67}, {'t_us': 774714302, 'ax': 0.18, 'ay': 0.06, 'az': -0.32, 'gx': -26.26, 'gy': -3.37, 'gz': 14.44}, {'t_us': 774734281, 'ax': -0.0, 'ay': 0.06, 'az': -0.24, 'gx': -25.11, 'gy': -10.29, 'gz': 14.35}]",2026-02-18 09:50:06,0.0
"[{'t_us': 774760413, 'ax': -0.29, 'ay': -0.11, 'az': -0.17, 'gx': -19.13, 'gy': 13.79, 'gz': 6.43}, {'t_us': 774774277, 'ax': -0.73, 'ay': -0.14, 'az': -0.24, 'gx': -18.23, 'gy': 13.44, 'gz': 0.98}, {'t_us': 774794303, 'ax': -1.58, 'ay': 0.02, 'az': -0.15, 'gx': -37.25, 'gy': -13.6, 'gz': -23.69}, {'t_us': 774814303, 'ax': -2.0, 'ay': 0.14, 'az': -0.36, 'gx': -47.48, 'gy': 34.34, 'gz': -50.73}, {'t_us': 774834342, 'ax': -2.0, 'ay': 0.03, 'az': -0.49, 'gx': -31.85, 'gy': 54.76, 'gz': -12.96}]",2026-02-18 09:50:07,0.0
"[{'t_us': 774861248, 'ax': -2.0, 'ay': 0.45, 'az': -0.23, 'gx': -101.51, 'gy': 53.1, 'gz': -41.83}, {'t_us': 774874281, 'ax': -1.64, 'ay': 0.33, 'az': -0.09, 'gx': -104.6, 'gy': 29.74, 'gz': -47.76}, {'t_us': 774894281, 'ax': -1.05, 'ay': 0.13, 'az': -0.36, 'gx': -99.48, 'gy': 86.15, 'gz': -23.65}, {'t_us': 774914308, 'ax': -1.17, 'ay': -0.12, 'az': -0.4, 'gx': -73.4, 'gy': 20.98, 'gz': -24.89}, {'t_us': 774934296, 'ax': -1.13, 'ay': -0.43, 'az': -0.29, 'gx': -72.6, 'gy': -29.69, 'gz': -17.66}]",2026-02-18 09:50:07,0.0
"[{'t_us': 774960646, 'ax': -0.4, 'ay': -0.17, 'az': -0.25, 'gx': -68.0, 'gy': -74.41, 'gz': 5.37}, {'t_us': 774974291, 'ax': -0.24, 'ay': -0.08, 'az': -0.23, 'gx': -62.0, 'gy': -61.73, 'gz': 13.21}, {'t_us': 774994312, 'ax': 0.02, 'ay': -0.01, 'az': -0.14, 'gx': -57.85, 'gy': -58.75, 'gz': 20.27}, {'t_us': 775014277, 'ax': 0.2, 'ay': 0.03, 'az': -0.18, 'gx': -47.69, 'gy': -48.9, 'gz': 16.99}, {'t_us': 775034263, 'ax': 0.26, 'ay': -0.0, 'az': -0.23, 'gx': -13.21, 'gy': -21.76, 'gz': 13.89}]",2026-02-18 09:50:07,0.0
"[{'t_us': 775060519, 'ax': 0.07, 'ay': -0.01, 'az': -0.32, 'gx': 26.61, 'gy': 3.27, 'gz': 6.6}, {'t_us': 775074321, 'ax': -0.08, 'ay': -0.04, 'az': -0.32, 'gx': 38.92, 'gy': 16.84, 'gz': -1.97}, {'t_us': 775094321, 'ax': -0.36, 'ay': -0.16, 'az': -0.36, 'gx': 49.39, 'gy': 26.55, 'gz': -12.7}, {'t_us': 775114316, 'ax': -0.88, 'ay': -0.29, 'az': -0.36, 'gx': 27.11, 'gy': 40.23, 'gz': -28.7}, {'t_us': 775134264, 'ax': -1.43, 'ay': -0.54, 'az': -0.37, 'gx': -42.11, 'gy': 73.63, 'gz': -9.28}]",2026-02-18 09:50:07,0.0
"[{'t_us': 775160683, 'ax': -2.0, 'ay': -0.47, 'az': -1.12, 'gx': -75.02, 'gy': 27.74, 'gz': 52.24}, {'t_us': 775174276, 'ax': -2.0, 'ay': -0.1, 'az': -1.18, 'gx': -34.31, 'gy': -52.61, 'gz': 36.37}, {'t_us': 775194281, 'ax': -1.96, 'ay': 0.04, 'az': -0.43, 'gx': 8.56, 'gy': -28.32, 'gz': 9.89}, {'t_us': 775214308, 'ax': -1.29, 'ay': 0.0, 'az': 0.08, 'gx': 41.31, 'gy': 37.82, 'gz': -21.24}, {'t_us': 775234303, 'ax': -1.17, 'ay': -0.14, 'az': -0.04, 'gx': 43.66, 'gy': 78.76, 'gz': -31.85}]",2026-02-18 09:50:07,0.0
"[{'t_us': 775258768, 'ax': -1.34, 'ay': -0.03, 'az': -0.26, 'gx': 17.65, 'gy': 31.73, 'gz': -50.29}, {'t_us': 775274296, 'ax': -1.22, 'ay': -0.0, 'az': -0.3, 'gx': 3.59, 'gy': 25.11, 'gz': -43.63}, {'t_us': 775294316, 'ax': -0.87, 'ay': 0.01, 'az': -0.11, 'gx': -30.15, 'gy': -58.87, 'gz': -41.05}, {'t_us': 775314312, 'ax': -0.53, 'ay': 0.04, 'az': -0.16, 'gx': -46.7, 'gy': -45.28, 'gz': -24.11}, {'t_us': 775334299, 'ax': -0.25, 'ay': 0.03, 'az': -0.07, 'gx': -45.3, 'gy': -31.16, 'gz': -13.91}]",2026-02-18 09:50:07,0.0
"[{'t_us': 775360661, 'ax': -0.04, 'ay': 0.03, 'az': 0.08, 'gx': -45.62, 'gy': -36.99, 'gz': 0.12}, {'t_us': 775374304, 'ax': -0.02, 'ay': 0.07, 'az': 0.13, 'gx': -54.64, 'gy': -47.45, 'gz': 1.45}, {'t_us': 775394303, 'ax': 0.02, 'ay': 0.04, 'az': 0.02, 'gx': -69.83, 'gy': -43.65, 'gz': -2.75}, {'t_us': 775414262, 'ax': 0.1, 'ay': 0.06, 'az': -0.19, 'gx': -76.61, 'gy': -26.73, 'gz': -4.64}, {'t_us': 775434277, 'ax': -0.05, 'ay': 0.09, 'az': -0.3, 'gx': -77.82, 'gy': -10.34, 'gz': -5.33}]",2026-02-18 09:50:07,0.0
"[{'t_us': 775460554, 'ax': -0.37, 'ay': -0.01, 'az': -0.85, 'gx': -69.36, 'gy': 65.47, 'gz': -21.28}, {'t_us': 775474281, 'ax': -0.84, 'ay': -0.0, 'az': -0.96, 'gx': -65.6, 'gy': 58.87, 'gz': -35.01}, {'t_us': 775494281, 'ax': -1.89, 'ay': 0.25, 'az': -0.55, 'gx': -71.79, 'gy': -35.15, 'gz': -48.18}, {'t_us': 775514308, 'ax': -2.0, 'ay': 0.44, 'az': -0.14, 'gx': -94.02, 'gy': -86.24, 'gz': -38.53}, {'t_us': 775534262, 'ax': -2.0, 'ay': 0.35, 'az': -0.67, 'gx': -117.05, 'gy': -18.24, 'gz': -23.97}]",2026-02-18 09:50:07,0.0
"[{'t_us': 775560575, 'ax': -1.42, 'ay': 0.05, 'az': -0.07, 'gx': -152.37, 'gy': -22.73, 'gz': -17.48}, {'t_us': 775576979, 'ax': -1.19, 'ay': -0.06, 'az': -0.03, 'gx': -160.23, 'gy': 29.19, 'gz': -3.13}, {'t_us': 775594262, 'ax': -1.36, 'ay': 0.01, 'az': -0.23, 'gx': -168.32, 'gy': 64.85, 'gz': -4.69}, {'t_us': 775614291, 'ax': -1.44, 'ay': 0.07, 'az': -0.37, 'gx': -165.73, 'gy': 37.89, 'gz': -16.41}, {'t_us': 775634296, 'ax': -1.32, 'ay': -0.17, 'az': -0.54, 'gx': -150.2, 'gy': -37.44, 'gz': -8.84}]",2026-02-18 09:50:07,0.0
"[{'t_us': 775659313, 'ax': -0.69, 'ay': -0.15, 'az': -0.44, 'gx': -111.71, 'gy': -77.22, 'gz': 1.65}, {'t_us': 775674281, 'ax': -0.44, 'ay': -0.09, 'az': -0.23, 'gx': -97.42, 'gy': -65.63, 'gz': 8.5}, {'t_us': 775694281, 'ax': -0.09, 'ay': -0.08, 'az': 0.01, 'gx': -86.24, 'gy': -37.18, 'gz': 17.16}, {'t_us': 775714308, 'ax': -0.03, 'ay': -0.02, 'az': 0.07, 'gx': -90.35, 'gy': -12.26, 'gz': 11.53}, {'t_us': 775734312, 'ax': 0.11, 'ay': 0.02, 'az': -0.22, 'gx': -73.02, 'gy': 3.18, 'gz': -7.19}]",2026-02-18 09:50:07,0.0
"[{'t_us': 775760162, 'ax': 0.31, 'ay': -0.08, 'az': -0.53, 'gx': -19.62, 'gy': 7.68, 'gz': -20.6}, {'t_us': 775774288, 'ax': 0.22, 'ay': -0.19, 'az': -0.47, 'gx': 6.11, 'gy': 13.3, 'gz': -16.21}, {'t_us': 775794288, 'ax': -0.1, 'ay': -0.2, 'az': -0.2, 'gx': 4.69, 'gy': -2.82, 'gz': -16.84}, {'t_us': 775814308, 'ax': -0.28, 'ay': -0.14, 'az': -0.24, 'gx': -11.53, 'gy': -15.8, 'gz': -16.37}, {'t_us': 775834255, 'ax': -0.59, 'ay': -0.14, 'az': -0.15, 'gx': -38.84, 'gy': -15.53, 'gz': -14.12}]",2026-02-18 09:50:08,0.0
"[{'t_us': 775861894, 'ax': -1.55, 'ay': -0.23, 'az': -0.09, 'gx': -87.8, 'gy': 8.14, 'gz': 8.92}, {'t_us': 775875038, 'ax': -2.0, 'ay': -0.4, 'az': -0.34, 'gx': -89.74, 'gy': 20.43, 'gz': 34.53}, {'t_us': 775894262, 'ax': -2.0, 'ay': -0.5, 'az': -0.81, 'gx': -93.19, 'gy': -7.77, 'gz': 35.18}, {'t_us': 775914291, 'ax': -2.0, 'ay': -0.22, 'az': -0.85, 'gx': -42.37, 'gy': -48.6, 'gz': 19.04}, {'t_us': 775934255, 'ax': -1.81, 'ay': 0.09, 'az': -0.01, 'gx': 6.0, 'gy': 1.05, 'gz': -9.76}]",2026-02-18 09:50:08,0.0
"[{'t_us': 775959394, 'ax': -1.41, 'ay': -0.08, 'az': 0.22, 'gx': 17.8, 'gy': 69.31, 'gz': -27.8}, {'t_us': 775974300, 'ax': -1.52, 'ay': 0.08, 'az': 0.08, 'gx': 5.68, 'gy': 74.15, 'gz': -39.88}, {'t_us': 775994291, 'ax': -1.25, 'ay': 0.07, 'az': -0.23, 'gx': -4.12, 'gy': 35.1, 'gz': -35.07}, {'t_us': 776014291, 'ax': -0.81, 'ay': -0.05, 'az': -0.18, 'gx': -24.6, 'gy': -28.26, 'gz': -24.43}, {'t_us': 776034321, 'ax': -0.65, 'ay': -0.12, 'az': -0.24, 'gx': -30.52, 'gy': -19.83, 'gz': -21.27}]",2026-02-18 09:50:08,0.0
"[{'t_us': 776059321, 'ax': -0.26, 'ay': -0.06, 'az': -0.03, 'gx': -41.63, 'gy': -9.31, 'gz': -14.12}, {'t_us': 776074321, 'ax': -0.08, 'ay': 0.06, 'az': 0.11, 'gx': -47.44, 'gy': 11.68, 'gz': -10.7}, {'t_us': 776094316, 'ax': -0.08, 'ay': 0.04, 'az': -0.23, 'gx': -60.26, 'gy': -27.02, 'gz': 4.64}, {'t_us': 776114277, 'ax': -0.02, 'ay': 0.05, 'az': -0.24, 'gx': -63.39, 'gy': -28.49, 'gz': 5.65}, {'t_us': 776134300, 'ax': 0.1, 'ay': 0.04, 'az': -0.29, 'gx': -72.23, 'gy': -27.37, 'gz': -2.56}]",2026-02-18 09:50:08,0.0
"[{'t_us': 776158953, 'ax': 0.04, 'ay': -0.02, 'az': -0.21, 'gx': -68.02, 'gy': -19.79, 'gz': -12.08}, {'t_us': 776174316, 'ax': -0.19, 'ay': -0.04, 'az': -0.12, 'gx': -66.87, 'gy': 3.82, 'gz': -16.63}, {'t_us': 776196188, 'ax': -0.73, 'ay': 0.06, 'az': -0.21, 'gx': -67.68, 'gy': 15.57, 'gz': -24.5}, {'t_us': 776214288, 'ax': -1.37, 'ay': 0.11, 'az': -0.33, 'gx': -63.51, 'gy': 14.14, 'gz': -21.3}, {'t_us': 776234288, 'ax': -2.0, 'ay': 0.06, 'az': -0.38, 'gx': -59.4, 'gy': 11.74, 'gz': -34.32}]",2026-02-18 09:50:08,0.0
"[{'t_us': 776260131, 'ax': -2.0, 'ay': -0.17, 'az': -0.12, 'gx': -86.79, 'gy': -0.31, 'gz': -7.18}, {'t_us': 776274328, 'ax': -2.0, 'ay': 0.19, 'az': -0.54, 'gx': -119.62, 'gy': -37.73, 'gz': 12.96}, {'t_us': 776294296, 'ax': -1.31, 'ay': 0.28, 'az': -0.0, 'gx': -118.06, 'gy': 5.54, 'gz': -8.53}, {'t_us': 776314296, 'ax': -1.12, 'ay': 0.05, 'az': 0.17, 'gx': -121.15, 'gy': 63.91, 'gz': 15.16}, {'t_us': 776334296, 'ax': -1.45, 'ay': 0.07, 'az': -0.13, 'gx': -124.14, 'gy': 69.5, 'gz': 6.34}]",2026-02-18 09:50:08,0.0
"[{'t_us': 776359095, 'ax': -1.12, 'ay': -0.05, 'az': -0.4, 'gx': -120.66, 'gy': -14.11, 'gz': -4.4}, {'t_us': 776374981, 'ax': -0.71, 'ay': -0.07, 'az': -0.37, 'gx': -107.44, 'gy': -42.52, 'gz': 1.44}, {'t_us': 776394277, 'ax': -0.41, 'ay': 0.01, 'az': -0.34, 'gx': -85.48, 'gy': -47.63, 'gz': 5.69}, {'t_us': 776414303, 'ax': -0.08, 'ay': -0.0, 'az': -0.19, 'gx': -65.04, 'gy': -49.65, 'gz': 9.63}, {'t_us': 776434296, 'ax': 0.2, 'ay': -0.02, 'az': -0.08, 'gx': -55.36, 'gy': -28.12, 'gz': 8.93}]",2026-02-18 09:50:08,0.0
"[{'t_us': 776460327, 'ax': 0.27, 'ay': -0.13, 'az': -0.29, 'gx': -23.36, 'gy': 14.32, 'gz': -1.62}, {'t_us': 776474270, 'ax': 0.18, 'ay': -0.2, 'az': -0.43, 'gx': -4.96, 'gy': 21.05, 'gz': -5.05}, {'t_us': 776494288, 'ax': -0.02, 'ay': -0.27, 'az': -0.36, 'gx': 22.96, 'gy': 2.29, 'gz': -9.07}, {'t_us': 776514288, 'ax': -0.31, 'ay': -0.18, 'az': -0.25, 'gx': 8.82, 'gy': -23.21, 'gz': -8.93}, {'t_us': 776534271, 'ax': -0.65, 'ay': -0.11, 'az': -0.1, 'gx': -15.18, 'gy': -43.89, 'gz': -10.21}]",2026-02-18 09:50:08,0.0
"[{'t_us': 776560059, 'ax': -1.34, 'ay': -0.2, 'az': -0.2, 'gx': -45.85, 'gy': 34.92, 'gz': 9.57}, {'t_us': 776574300, 'ax': -2.0, 'ay': -0.41, 'az': -0.43, 'gx': -35.68, 'gy': 68.66, 'gz': 40.06}, {'t_us': 776594277, 'ax': -2.0, 'ay': -0.46, 'az': -0.61, 'gx': -45.47, 'gy': 10.63, 'gz': 38.38}, {'t_us': 776614281, 'ax': -2.0, 'ay': -0.28, 'az': -0.81, 'gx': -20.03, 'gy': -50.09, 'gz': 24.18}, {'t_us': 776634271, 'ax': -1.73, 'ay': 0.05, 'az': -0.06, 'gx': 30.79, 'gy': 12.31, 'gz': -6.76}]",2026-02-18 09:50:08,0.0
"[{'t_us': 776660683, 'ax': -1.3, 'ay': -0.15, 'az': 0.09, 'gx': 56.63, 'gy': 100.18, 'gz': -24.24}, {'t_us': 776674296, 'ax': -1.7, 'ay': -0.02, 'az': -0.02, 'gx': 49.73, 'gy': 92.56, 'gz': -30.11}, {'t_us': 776694262, 'ax': -1.32, 'ay': 0.05, 'az': -0.31, 'gx': 41.65, 'gy': 47.74, 'gz': -23.88}, {'t_us': 776714271, 'ax': -0.95, 'ay': 0.06, 'az': -0.18, 'gx': 18.52, 'gy': -45.01, 'gz': -16.81}, {'t_us': 776734277, 'ax': -0.61, 'ay': -0.11, 'az': -0.21, 'gx': 2.96, 'gy': -40.87, 'gz': -14.03}]",2026-02-18 09:50:08,0.0
"[{'t_us': 776758620, 'ax': -0.1, 'ay': -0.07, 'az': -0.04, 'gx': -20.69, 'gy': -28.73, 'gz': 2.21}, {'t_us': 776774305, 'ax': 0.07, 'ay': 0.03, 'az': 0.0, 'gx': -28.78, 'gy': -11.66, 'gz': 2.29}, {'t_us': 776794321, 'ax': 0.21, 'ay': 0.04, 'az': -0.14, 'gx': -36.95, 'gy': 2.12, 'gz': 2.55}, {'t_us': 776814281, 'ax': 0.33, 'ay': 0.06, 'az': -0.3, 'gx': -41.59, 'gy': 11.34, 'gz': 0.06}, {'t_us': 776834303, 'ax': 0.27, 'ay': 0.08, 'az': -0.24, 'gx': -37.07, 'gy': 6.82, 'gz': -1.57}]",2026-02-18 09:50:09,0.0
"[{'t_us': 776858778, 'ax': -0.18, 'ay': -0.04, 'az': -0.06, 'gx': -38.66, 'gy': 26.63, 'gz': -3.07}, {'t_us': 776874288, 'ax': -0.56, 'ay': -0.04, 'az': -0.18, 'gx': -47.37, 'gy': -0.5, 'gz': -5.13}, {'t_us': 776894316, 'ax': -1.2, 'ay': 0.15, 'az': -0.19, 'gx': -59.15, 'gy': -22.44, 'gz': -18.41}, {'t_us': 776914277, 'ax': -1.98, 'ay': 0.34, 'az': -0.54, 'gx': -63.16, 'gy': -26.03, 'gz': -44.85}, {'t_us': 776934262, 'ax': -2.0, 'ay': 0.06, 'az': -0.48, 'gx': -36.37, 'gy': 51.53, 'gz': -40.95}]",2026-02-18 09:50:09,0.0
"[{'t_us': 776960435, 'ax': -2.0, 'ay': -0.05, 'az': -0.96, 'gx': -84.87, 'gy': -43.3, 'gz': 2.21}, {'t_us': 776974272, 'ax': -1.86, 'ay': 0.22, 'az': -0.32, 'gx': -75.68, 'gy': -53.86, 'gz': -13.28}, {'t_us': 776994321, 'ax': -0.86, 'ay': -0.15, 'az': -0.01, 'gx': -78.24, 'gy': 37.83, 'gz': -2.09}, {'t_us': 777014281, 'ax': -1.16, 'ay': -0.11, 'az': 0.1, 'gx': -91.62, 'gy': 68.72, 'gz': 7.65}, {'t_us': 777034281, 'ax': -1.33, 'ay': -0.27, 'az': -0.24, 'gx': -85.01, 'gy': 6.81, 'gz': 7.8}]",2026-02-18 09:50:09,0.0
"[{'t_us': 777058867, 'ax': -0.71, 'ay': -0.09, 'az': -0.39, 'gx': -62.6, 'gy': -81.66, 'gz': 16.14}, {'t_us': 777074288, 'ax': -0.42, 'ay': -0.1, 'az': -0.35, 'gx': -39.07, 'gy': -68.2, 'gz': 12.43}, {'t_us': 777094296, 'ax': -0.14, 'ay': -0.03, 'az': -0.28, 'gx': -24.85, 'gy': -51.45, 'gz': 6.66}, {'t_us': 777114321, 'ax': 0.08, 'ay': -0.01, 'az': -0.19, 'gx': -18.99, 'gy': -65.56, 'gz': 9.4}, {'t_us': 777134296, 'ax': 0.25, 'ay': -0.14, 'az': -0.44, 'gx': 20.4, 'gy': -40.98, 'gz': 4.79}]",2026-02-18 09:50:09,0.0
"[{'t_us': 777160453, 'ax': 0.34, 'ay': -0.19, 'az': -0.34, 'gx': 70.66, 'gy': -23.77, 'gz': 6.99}, {'t_us': 777174999, 'ax': 0.2, 'ay': -0.17, 'az': -0.24, 'gx': 74.49, 'gy': -12.82, 'gz': 8.58}, {'t_us': 777194321, 'ax': -0.36, 'ay': -0.15, 'az': -0.19, 'gx': 60.2, 'gy': 5.91, 'gz': 2.46}, {'t_us': 777214281, 'ax': -0.92, 'ay': -0.19, 'az': 0.09, 'gx': 20.31, 'gy': -19.95, 'gz': 0.12}, {'t_us': 777234288, 'ax': -1.5, 'ay': -0.36, 'az': 0.07, 'gx': -18.52, 'gy': -13.83, 'gz': 12.43}]",2026-02-18 09:50:09,0.0
"[{'t_us': 777258729, 'ax': -2.0, 'ay': -0.6, 'az': -0.71, 'gx': -5.5, 'gy': 88.32, 'gz': 61.53}, {'t_us': 777274271, 'ax': -2.0, 'ay': -0.28, 'az': -0.75, 'gx': 6.99, 'gy': -33.88, 'gz': 33.15}, {'t_us': 777294271, 'ax': -1.98, 'ay': 0.03, 'az': -0.25, 'gx': 34.66, 'gy': -59.69, 'gz': 1.83}, {'t_us': 777314296, 'ax': -1.36, 'ay': 0.01, 'az': 0.16, 'gx': 62.02, 'gy': -4.92, 'gz': -29.8}, {'t_us': 777334312, 'ax': -1.21, 'ay': -0.33, 'az': 0.04, 'gx': 85.73, 'gy': 71.74, 'gz': -40.34}]",2026-02-18 09:50:09,0.0
"[{'t_us': 777360483, 'ax': -1.3, 'ay': -0.27, 'az': -0.21, 'gx': 80.23, 'gy': 16.31, 'gz': -37.47}, {'t_us': 777376874, 'ax': -0.91, 'ay': -0.21, 'az': -0.02, 'gx': 56.18, 'gy': -62.2, 'gz': -17.04}, {'t_us': 777394299, 'ax': -0.69, 'ay': 0.04, 'az': -0.02, 'gx': 24.64, 'gy': -50.12, 'gz': -17.83}, {'t_us': 777414281, 'ax': -0.33, 'ay': 0.16, 'az': -0.05, 'gx': -2.66, 'gy': -39.97, 'gz': -10.81}, {'t_us': 777434296, 'ax': 0.03, 'ay': 0.22, 'az': -0.05, 'gx': -17.65, 'gy': -14.38, 'gz': -5.31}]",2026-02-18 09:50:09,0.0
"[{'t_us': 777460609, 'ax': 0.17, 'ay': 0.16, 'az': -0.21, 'gx': -27.01, 'gy': 10.29, 'gz': -3.44}, {'t_us': 777474288, 'ax': 0.17, 'ay': 0.05, 'az': -0.31, 'gx': -27.25, 'gy': 15.1, 'gz': -5.82}, {'t_us': 777494281, 'ax': 0.12, 'ay': 0.22, 'az': -0.16, 'gx': -38.84, 'gy': 1.73, 'gz': -16.0}, {'t_us': 777514312, 'ax': -0.1, 'ay': 0.01, 'az': -0.35, 'gx': -17.3, 'gy': 6.4, 'gz': -6.79}, {'t_us': 777534288, 'ax': -0.71, 'ay': -0.11, 'az': -0.19, 'gx': -22.52, 'gy': 26.9, 'gz': -16.31}]",2026-02-18 09:50:09,0.0
"[{'t_us': 777560382, 'ax': -1.71, 'ay': 0.05, 'az': -0.26, 'gx': -37.76, 'gy': -6.12, 'gz': -34.35}, {'t_us': 777574276, 'ax': -2.0, 'ay': 0.23, 'az': -0.36, 'gx': -37.47, 'gy': 35.74, 'gz': -36.29}, {'t_us': 777594315, 'ax': -2.0, 'ay': 0.28, 'az': -0.06, 'gx': -42.9, 'gy': 19.33, 'gz': -7.83}, {'t_us': 777614277, 'ax': -2.0, 'ay': 0.4, 'az': 0.1, 'gx': -86.03, 'gy': -41.89, 'gz': 2.47}, {'t_us': 777634296, 'ax': -1.55, 'ay': 0.31, 'az': 0.15, 'gx': -104.05, 'gy': 9.59, 'gz': -10.98}]",2026-02-18 09:50:09,0.0
"[{'t_us': 777659095, 'ax': -1.31, 'ay': -0.02, 'az': 0.29, 'gx': -117.69, 'gy': 90.23, 'gz': 13.11}, {'t_us': 777674291, 'ax': -1.39, 'ay': 0.04, 'az': -0.11, 'gx': -115.65, 'gy': 75.71, 'gz': 8.56}, {'t_us': 777694291, 'ax': -1.53, 'ay': -0.01, 'az': -0.33, 'gx': -119.94, 'gy': 3.89, 'gz': 10.21}, {'t_us': 777714296, 'ax': -1.02, 'ay': -0.12, 'az': -0.53, 'gx': -98.23, 'gy': -52.12, 'gz': 1.4}, {'t_us': 777734296, 'ax': -0.56, 'ay': -0.09, 'az': -0.4, 'gx': -67.16, 'gy': -58.7, 'gz': 7.05}]",2026-02-18 09:50:09,0.0
"[{'t_us': 777760400, 'ax': -0.04, 'ay': -0.11, 'az': -0.13, 'gx': -44.63, 'gy': -60.14, 'gz': 11.91}, {'t_us': 777774291, 'ax': 0.21, 'ay': -0.09, 'az': -0.1, 'gx': -41.59, 'gy': -61.22, 'gz': 16.81}, {'t_us': 777794291, 'ax': 0.37, 'ay': -0.06, 'az': -0.17, 'gx': -32.93, 'gy': -20.85, 'gz': 13.13}, {'t_us': 777814308, 'ax': 0.33, 'ay': -0.19, 'az': -0.44, 'gx': -2.89, 'gy': 18.18, 'gz': 2.87}, {'t_us': 777834255, 'ax': 0.09, 'ay': -0.19, 'az': -0.46, 'gx': 23.01, 'gy': 27.53, 'gz': -6.09}]",2026-02-18 09:50:10,0.0
"[{'t_us': 777860409, 'ax': -0.27, 'ay': -0.14, 'az': -0.15, 'gx': 5.86, 'gy': -2.08, 'gz': -13.48}, {'t_us': 777874308, 'ax': -0.59, 'ay': -0.2, 'az': -0.07, 'gx': -10.73, 'gy': -32.76, 'gz': -7.07}, {'t_us': 777894303, 'ax': -1.24, 'ay': -0.1, 'az': -0.18, 'gx': -25.3, 'gy': 53.71, 'gz': -1.33}, {'t_us': 777914288, 'ax': -2.0, 'ay': -0.53, 'az': -0.37, 'gx': -23.89, 'gy': 82.37, 'gz': 47.76}, {'t_us': 777934288, 'ax': -2.0, 'ay': -0.47, 'az': -0.37, 'gx': -44.69, 'gy': 37.54, 'gz': 49.56}]",2026-02-18 09:50:10,0.0
"[{'t_us': 777959065, 'ax': -1.97, 'ay': 0.05, 'az': -0.55, 'gx': -5.71, 'gy': -37.69, 'gz': 19.91}, {'t_us': 777974312, 'ax': -1.79, 'ay': 0.11, 'az': -0.22, 'gx': 36.73, 'gy': 10.61, 'gz': -8.34}, {'t_us': 777994281, 'ax': -1.33, 'ay': 0.04, 'az': -0.09, 'gx': 64.64, 'gy': 66.81, 'gz': -24.32}, {'t_us': 778014291, 'ax': -1.89, 'ay': -0.08, 'az': -0.17, 'gx': 74.43, 'gy': 106.2, 'gz': -38.6}, {'t_us': 778034312, 'ax': -1.35, 'ay': -0.22, 'az': -0.38, 'gx': 56.7, 'gy': 28.2, 'gz': -30.56}]",2026-02-18 09:50:10,0.0
"[{'t_us': 778060324, 'ax': -0.94, 'ay': -0.08, 'az': -0.15, 'gx': 18.12, 'gy': -51.04, 'gz': -31.68}, {'t_us': 778074277, 'ax': -0.67, 'ay': -0.02, 'az': -0.1, 'gx': -3.63, 'gy': -48.61, 'gz': -32.99}, {'t_us': 778094291, 'ax': -0.29, 'ay': 0.05, 'az': -0.02, 'gx': -23.02, 'gy': -28.84, 'gz': -25.28}, {'t_us': 778114277, 'ax': 0.04, 'ay': 0.17, 'az': 0.04, 'gx': -30.27, 'gy': -12.53, 'gz': -13.19}, {'t_us': 778134303, 'ax': 0.04, 'ay': 0.14, 'az': -0.07, 'gx': -37.73, 'gy': -6.43, 'gz': -3.56}]",2026-02-18 09:50:10,0.0
"[{'t_us': 778160442, 'ax': 0.15, 'ay': 0.09, 'az': -0.23, 'gx': -50.35, 'gy': -5.24, 'gz': -5.13}, {'t_us': 778174314, 'ax': 0.18, 'ay': 0.08, 'az': -0.28, 'gx': -49.4, 'gy': -7.77, 'gz': -5.95}, {'t_us': 778194308, 'ax': 0.09, 'ay': -0.05, 'az': -0.27, 'gx': -38.09, 'gy': 2.55, 'gz': -4.06}, {'t_us': 778214334, 'ax': -0.29, 'ay': -0.09, 'az': -0.27, 'gx': -30.46, 'gy': 19.89, 'gz': -4.78}, {'t_us': 778234309, 'ax': -0.84, 'ay': 0.03, 'az': -0.31, 'gx': -34.26, 'gy': 18.23, 'gz': -18.44}]",2026-02-18 09:50:10,0.0
"[{'t_us': 778258725, 'ax': -1.6, 'ay': 0.29, 'az': -0.32, 'gx': -48.43, 'gy': 1.33, 'gz': -38.27}, {'t_us': 778274721, 'ax': -2.0, 'ay': 0.48, 'az': -0.36, 'gx': -53.42, 'gy': 29.82, 'gz': -31.53}, {'t_us': 778294303, 'ax': -2.0, 'ay': 0.35, 'az': -0.17, 'gx': -73.79, 'gy': -1.79, 'gz': -22.27}, {'t_us': 778314296, 'ax': -2.0, 'ay': 0.29, 'az': -0.27, 'gx': -108.98, 'gy': -66.24, 'gz': -3.95}, {'t_us': 778334277, 'ax': -1.27, 'ay': -0.26, 'az': -0.09, 'gx': -112.44, 'gy': 29.85, 'gz': -1.27}]",2026-02-18 09:50:10,0.0
"[{'t_us': 778360365, 'ax': -1.6, 'ay': -0.06, 'az': -0.12, 'gx': -131.76, 'gy': 56.38, 'gz': 19.92}, {'t_us': 778374321, 'ax': -1.59, 'ay': -0.03, 'az': -0.22, 'gx': -137.83, 'gy': 14.32, 'gz': 13.83}, {'t_us': 778394274, 'ax': -1.39, 'ay': -0.03, 'az': -0.4, 'gx': -124.95, 'gy': -0.67, 'gz': 3.71}, {'t_us': 778414312, 'ax': -0.68, 'ay': -0.06, 'az': -0.36, 'gx': -97.36, 'gy': -65.89, 'gz': -3.39}, {'t_us': 778434316, 'ax': -0.4, 'ay': 0.01, 'az': -0.19, 'gx': -73.74, 'gy': -57.69, 'gz': -2.18}]",2026-02-18 09:50:10,0.0
"[{'t_us': 778460487, 'ax': -0.04, 'ay': -0.02, 'az': -0.18, 'gx': -60.72, 'gy': -31.48, 'gz': -5.65}, {'t_us': 778474291, 'ax': 0.12, 'ay': -0.09, 'az': -0.3, 'gx': -41.37, 'gy': -11.13, 'gz': -7.82}, {'t_us': 778494271, 'ax': 0.3, 'ay': -0.22, 'az': -0.41, 'gx': -4.82, 'gy': 8.9, 'gz': -3.48}, {'t_us': 778514277, 'ax': 0.24, 'ay': -0.28, 'az': -0.43, 'gx': 17.79, 'gy': 5.5, 'gz': -1.76}, {'t_us': 778534323, 'ax': -0.07, 'ay': -0.29, 'az': -0.26, 'gx': 9.8, 'gy': -8.5, 'gz': -7.91}]",2026-02-18 09:50:10,0.0
"[{'t_us': 778560384, 'ax': -0.52, 'ay': -0.17, 'az': -0.08, 'gx': -13.88, 'gy': -20.9, 'gz': -7.33}, {'t_us': 778574315, 'ax': -0.87, 'ay': -0.15, 'az': 0.03, 'gx': -34.09, 'gy': -40.49, 'gz': -0.96}, {'t_us': 778594271, 'ax': -1.53, 'ay': -0.23, 'az': -0.16, 'gx': -51.18, 'gy': 22.95, 'gz': 23.59}, {'t_us': 778614277, 'ax': -2.0, 'ay': -0.45, 'az': -0.63, 'gx': -36.96, 'gy': 92.17, 'gz': 47.77}, {'t_us': 778634254, 'ax': -2.0, 'ay': -0.25, 'az': -0.75, 'gx': -32.46, 'gy': -29.47, 'gz': 28.47}]",2026-02-18 09:50:10,0.0
"[{'t_us': 778659142, 'ax': -1.79, 'ay': 0.05, 'az': -0.33, 'gx': 17.44, 'gy': -6.72, 'gz': 2.0}, {'t_us': 778674262, 'ax': -1.27, 'ay': 0.12, 'az': 0.05, 'gx': 30.29, 'gy': -7.19, 'gz': -15.4}, {'t_us': 778694312, 'ax': -1.23, 'ay': -0.06, 'az': 0.1, 'gx': 41.01, 'gy': 59.48, 'gz': -28.37}, {'t_us': 778714308, 'ax': -1.49, 'ay': 0.04, 'az': -0.13, 'gx': 27.69, 'gy': 34.52, 'gz': -37.79}, {'t_us': 778734313, 'ax': -1.06, 'ay': -0.05, 'az': -0.2, 'gx': 10.2, 'gy': -36.58, 'gz': -20.03}]",2026-02-18 09:50:10,0.0
"[{'t_us': 778758733, 'ax': -0.65, 'ay': -0.04, 'az': -0.12, 'gx': -21.85, 'gy': -51.25, 'gz': -20.52}, {'t_us': 778774303, 'ax': -0.47, 'ay': -0.03, 'az': -0.13, 'gx': -32.18, 'gy': -34.95, 'gz': -17.77}, {'t_us': 778794255, 'ax': -0.09, 'ay': 0.03, 'az': -0.09, 'gx': -44.47, 'gy': -35.19, 'gz': -13.21}, {'t_us': 778814321, 'ax': 0.03, 'ay': 0.04, 'az': -0.14, 'gx': -49.45, 'gy': -11.68, 'gz': -7.47}, {'t_us': 778834339, 'ax': 0.01, 'ay': 0.03, 'az': -0.29, 'gx': -49.33, 'gy': 29.27, 'gz': -16.61}]",2026-02-18 09:50:11,0.0
"[{'t_us': 778860598, 'ax': -0.03, 'ay': 0.02, 'az': -0.32, 'gx': -52.41, 'gy': 27.19, 'gz': -15.77}, {'t_us': 778874310, 'ax': -0.09, 'ay': 0.0, 'az': -0.28, 'gx': -54.58, 'gy': 9.33, 'gz': -14.41}, {'t_us': 778894308, 'ax': -0.42, 'ay': 0.05, 'az': -0.16, 'gx': -59.62, 'gy': -4.64, 'gz': -14.64}, {'t_us': 778914303, 'ax': -1.03, 'ay': 0.2, 'az': -0.01, 'gx': -63.02, 'gy': -25.11, 'gz': -20.17}, {'t_us': 778934296, 'ax': -1.59, 'ay': 0.28, 'az': -0.27, 'gx': -66.0, 'gy': -6.15, 'gz': -32.12}]",2026-02-18 09:50:11,0.0
"[{'t_us': 778960979, 'ax': -2.0, 'ay': 0.12, 'az': -0.16, 'gx': -66.47, 'gy': 37.5, 'gz': -23.07}, {'t_us': 778974303, 'ax': -2.0, 'ay': 0.03, 'az': 0.09, 'gx': -88.63, 'gy': 1.65, 'gz': -13.56}, {'t_us': 778994296, 'ax': -2.0, 'ay': 0.33, 'az': -0.09, 'gx': -143.47, 'gy': -50.9, 'gz': 6.82}, {'t_us': 779014296, 'ax': -1.2, 'ay': 0.28, 'az': -0.01, 'gx': -149.02, 'gy': 27.71, 'gz': 0.27}, {'t_us': 779034259, 'ax': -1.53, 'ay': 0.39, 'az': -0.05, 'gx': -150.6, 'gy': 86.99, 'gz': -5.18}]",2026-02-18 09:50:11,0.0
"[{'t_us': 779060312, 'ax': -1.54, 'ay': 0.09, 'az': -0.56, 'gx': -147.05, 'gy': -0.73, 'gz': -8.05}, {'t_us': 779074299, 'ax': -1.06, 'ay': -0.1, 'az': -0.64, 'gx': -117.07, 'gy': -53.08, 'gz': -12.05}, {'t_us': 779094281, 'ax': -0.65, 'ay': -0.24, 'az': -0.39, 'gx': -82.29, 'gy': -62.21, 'gz': -10.72}, {'t_us': 779114281, 'ax': -0.18, 'ay': -0.17, 'az': -0.06, 'gx': -76.84, 'gy': -59.88, 'gz': -0.53}, {'t_us': 779134274, 'ax': 0.09, 'ay': -0.02, 'az': 0.08, 'gx': -102.79, 'gy': -24.67, 'gz': 2.93}]",2026-02-18 09:50:11,0.0
"[{'t_us': 779160760, 'ax': 0.35, 'ay': 0.02, 'az': -0.22, 'gx': -94.63, 'gy': 20.73, 'gz': -5.94}, {'t_us': 779174255, 'ax': 0.39, 'ay': -0.07, 'az': -0.51, 'gx': -64.7, 'gy': 25.98, 'gz': -3.4}, {'t_us': 779194263, 'ax': 0.29, 'ay': -0.12, 'az': -0.54, 'gx': -26.27, 'gy': 39.97, 'gz': 2.23}, {'t_us': 779214255, 'ax': -0.24, 'ay': -0.2, 'az': -0.35, 'gx': -11.83, 'gy': 21.85, 'gz': -7.65}, {'t_us': 779234296, 'ax': -0.55, 'ay': -0.31, 'az': -0.06, 'gx': -28.73, 'gy': -21.34, 'gz': -13.92}]",2026-02-18 09:50:11,0.0
"[{'t_us': 779260716, 'ax': -1.16, 'ay': -0.33, 'az': -0.06, 'gx': -58.75, 'gy': 8.99, 'gz': 14.02}, {'t_us': 779274271, 'ax': -1.57, 'ay': -0.38, 'az': -0.47, 'gx': -47.89, 'gy': 114.0, 'gz': 53.24}, {'t_us': 779294277, 'ax': -2.0, 'ay': -0.3, 'az': -0.75, 'gx': -35.74, 'gy': 60.87, 'gz': 52.95}, {'t_us': 779314303, 'ax': -2.0, 'ay': -0.13, 'az': -0.84, 'gx': -6.76, 'gy': -45.92, 'gz': 23.1}, {'t_us': 779334272, 'ax': -1.9, 'ay': -0.16, 'az': -0.47, 'gx': 38.21, 'gy': -19.45, 'gz': 1.89}]",2026-02-18 09:50:11,0.0
"[{'t_us': 779359408, 'ax': -1.49, 'ay': -0.21, 'az': -0.07, 'gx': 54.66, 'gy': 53.5, 'gz': -10.4}, {'t_us': 779374291, 'ax': -1.65, 'ay': -0.24, 'az': -0.08, 'gx': 54.64, 'gy': 76.67, 'gz': -16.26}, {'t_us': 779394291, 'ax': -1.45, 'ay': 0.11, 'az': -0.13, 'gx': 39.13, 'gy': 39.83, 'gz': -32.49}, {'t_us': 779414321, 'ax': -1.07, 'ay': 0.18, 'az': -0.12, 'gx': 15.47, 'gy': -20.6, 'gz': -24.78}, {'t_us': 779434321, 'ax': -0.63, 'ay': 0.19, 'az': -0.21, 'gx': 0.98, 'gy': -32.26, 'gz': -35.07}]",2026-02-18 09:50:11,0.0
"[{'t_us': 779459062, 'ax': -0.27, 'ay': 0.01, 'az': -0.15, 'gx': -2.61, 'gy': -9.71, 'gz': -23.4}, {'t_us': 779474312, 'ax': -0.04, 'ay': 0.01, 'az': -0.03, 'gx': -7.62, 'gy': -9.91, 'gz': -16.85}, {'t_us': 779494303, 'ax': 0.07, 'ay': 0.05, 'az': 0.01, 'gx': -22.58, 'gy': -6.32, 'gz': -6.93}, {'t_us': 779514303, 'ax': 0.14, 'ay': 0.07, 'az': -0.12, 'gx': -45.21, 'gy': 3.86, 'gz': -9.25}, {'t_us': 779534269, 'ax': 0.25, 'ay': 0.03, 'az': -0.42, 'gx': -47.07, 'gy': -10.43, 'gz': -2.52}]",2026-02-18 09:50:11,
"[{'t_us': 779560595, 'ax': -0.03, 'ay': 0.01, 'az': -0.27, 'gx': -38.03, 'gy': -9.04, 'gz': -7.88}, {'t_us': 779574262, 'ax': -0.28, 'ay': 0.0, 'az': -0.16, 'gx': -38.05, 'gy': -2.95, 'gz': -13.02}, {'t_us': 779594564, 'ax': -0.89, 'ay': 0.1, 'az': -0.07, 'gx': -55.47, 'gy': -7.79, 'gz': -27.71}, {'t_us': 779614296, 'ax': -1.51, 'ay': 0.36, 'az': -0.27, 'gx': -72.87, 'gy': -4.18, 'gz': -38.17}, {'t_us': 779634321, 'ax': -2.0, 'ay': 0.66, 'az': -0.69, 'gx': -71.73, 'gy': 63.1, 'gz': -45.13}]",2026-02-18 09:50:11,0.0
"[{'t_us': 779660694, 'ax': -2.0, 'ay': -0.1, 'az': -0.04, 'gx': -113.31, 'gy': -60.98, 'gz': -8.85}, {'t_us': 779674271, 'ax': -2.0, 'ay': 0.15, 'az': -0.41, 'gx': -138.61, 'gy': -80.93, 'gz': 3.05}, {'t_us': 779694277, 'ax': -1.19, 'ay': 0.06, 'az': -0.24, 'gx': -126.98, 'gy': 7.8, 'gz': -11.62}, {'t_us': 779714303, 'ax': -1.22, 'ay': 0.02, 'az': -0.11, 'gx': -125.48, 'gy': 63.79, 'gz': 12.72}, {'t_us': 779734271, 'ax': -1.22, 'ay': 0.17, 'az': -0.04, 'gx': -133.21, 'gy': 18.11, 'gz': -0.61}]",2026-02-18 09:50:11,0.0
"[{'t_us': 779759052, 'ax': -1.06, 'ay': 0.05, 'az': -0.36, 'gx': -118.66, 'gy': -49.5, 'gz': -4.06}, {'t_us': 779775494, 'ax': -0.53, 'ay': -0.07, 'az': -0.33, 'gx': -96.76, 'gy': -57.15, 'gz': -7.37}, {'t_us': 779794288, 'ax': -0.29, 'ay': -0.06, 'az': -0.26, 'gx': -73.37, 'gy': -25.76, 'gz': -9.89}, {'t_us': 779814308, 'ax': -0.0, 'ay': -0.12, 'az': -0.28, 'gx': -50.2, 'gy': -33.77, 'gz': -8.64}, {'t_us': 779834288, 'ax': 0.28, 'ay': -0.2, 'az': -0.28, 'gx': -25.77, 'gy': -24.75, 'gz': -7.19}]",2026-02-18 09:50:12,0.0
"[{'t_us': 779860676, 'ax': 0.37, 'ay': -0.31, 'az': -0.42, 'gx': 12.27, 'gy': -12.11, 'gz': -1.54}, {'t_us': 779874288, 'ax': 0.22, 'ay': -0.29, 'az': -0.31, 'gx': 25.65, 'gy': -14.35, 'gz': -1.85}, {'t_us': 779894288, 'ax': -0.17, 'ay': -0.16, 'az': -0.14, 'gx': 12.64, 'gy': -1.89, 'gz': -8.34}, {'t_us': 779914308, 'ax': -0.62, 'ay': -0.03, 'az': -0.22, 'gx': -5.21, 'gy': -0.93, 'gz': -7.33}, {'t_us': 779934277, 'ax': -1.28, 'ay': -0.05, 'az': -0.09, 'gx': -40.35, 'gy': -20.6, 'gz': -10.67}]",2026-02-18 09:50:12,0.0
"[{'t_us': 779960773, 'ax': -2.0, 'ay': -0.6, 'az': -0.75, 'gx': -20.92, 'gy': 68.43, 'gz': 53.39}, {'t_us': 779974303, 'ax': -2.0, 'ay': -0.62, 'az': -0.71, 'gx': -26.49, 'gy': 21.89, 'gz': 57.77}, {'t_us': 779994307, 'ax': -1.87, 'ay': -0.24, 'az': -0.72, 'gx': -2.66, 'gy': -61.16, 'gz': 32.09}, {'t_us': 780014277, 'ax': -1.74, 'ay': 0.2, 'az': -0.28, 'gx': 37.37, 'gy': -16.89, 'gz': 3.16}, {'t_us': 780034303, 'ax': -1.14, 'ay': 0.09, 'az': -0.01, 'gx': 46.64, 'gy': 21.76, 'gz': -12.82}]",2026-02-18 09:50:12,0.0
"[{'t_us': 780061761, 'ax': -1.67, 'ay': 0.18, 'az': -0.1, 'gx': 35.79, 'gy': 62.81, 'gz': -42.2}, {'t_us': 780075499, 'ax': -1.31, 'ay': 0.11, 'az': -0.3, 'gx': 30.35, 'gy': 24.96, 'gz': -45.57}, {'t_us': 780094303, 'ax': -1.0, 'ay': 0.01, 'az': -0.11, 'gx': 10.7, 'gy': -44.43, 'gz': -33.57}, {'t_us': 780114262, 'ax': -0.66, 'ay': -0.0, 'az': -0.14, 'gx': -8.49, 'gy': -44.21, 'gz': -24.0}, {'t_us': 780134300, 'ax': -0.31, 'ay': -0.03, 'az': 0.02, 'gx': -21.15, 'gy': -21.66, 'gz': -24.0}]",2026-02-18 09:50:12,0.0
"[{'t_us': 780159546, 'ax': 0.06, 'ay': 0.09, 'az': 0.14, 'gx': -45.05, 'gy': -0.35, 'gz': -8.43}, {'t_us': 780174296, 'ax': 0.08, 'ay': 0.02, 'az': 0.02, 'gx': -56.72, 'gy': 17.31, 'gz': -4.32}, {'t_us': 780194296, 'ax': 0.03, 'ay': 0.14, 'az': -0.11, 'gx': -78.29, 'gy': 12.5, 'gz': -10.49}, {'t_us': 780214321, 'ax': 0.14, 'ay': 0.09, 'az': -0.45, 'gx': -73.86, 'gy': -18.76, 'gz': -0.96}, {'t_us': 780234271, 'ax': 0.02, 'ay': 0.05, 'az': -0.39, 'gx': -67.88, 'gy': -10.41, 'gz': -4.37}]",2026-02-18 09:50:12,0.0
"[{'t_us': 780258787, 'ax': -0.44, 'ay': -0.05, 'az': -0.31, 'gx': -53.07, 'gy': 5.6, 'gz': -7.62}, {'t_us': 780274300, 'ax': -0.83, 'ay': -0.03, 'az': -0.25, 'gx': -52.93, 'gy': 5.62, 'gz': -16.79}, {'t_us': 780294300, 'ax': -1.34, 'ay': 0.05, 'az': -0.26, 'gx': -63.54, 'gy': 3.8, 'gz': -23.15}, {'t_us': 780314321, 'ax': -1.96, 'ay': 0.17, 'az': -0.38, 'gx': -85.24, 'gy': 11.27, 'gz': -24.46}, {'t_us': 780334308, 'ax': -2.0, 'ay': 0.39, 'az': -0.19, 'gx': -92.73, 'gy': 10.79, 'gz': 1.11}]",2026-02-18 09:50:12,0.0
"[{'t_us': 780361302, 'ax': -2.0, 'ay': 0.63, 'az': -0.22, 'gx': -139.36, 'gy': -85.33, 'gz': 3.27}, {'t_us': 780375062, 'ax': -1.42, 'ay': 0.37, 'az': 0.08, 'gx': -142.08, 'gy': -13.08, 'gz': -3.25}, {'t_us': 780394303, 'ax': -1.28, 'ay': 0.05, 'az': 0.07, 'gx': -155.53, 'gy': 67.42, 'gz': 13.94}, {'t_us': 780414262, 'ax': -1.6, 'ay': 0.17, 'az': -0.09, 'gx': -160.29, 'gy': 79.79, 'gz': -3.95}, {'t_us': 780434281, 'ax': -1.63, 'ay': -0.03, 'az': -0.4, 'gx': -158.5, 'gy': 14.6, 'gz': -8.84}]",2026-02-18 09:50:12,0.0
"[{'t_us': 780460107, 'ax': -0.73, 'ay': -0.11, 'az': -0.26, 'gx': -123.59, 'gy': -66.11, 'gz': -13.04}, {'t_us': 780474281, 'ax': -0.57, 'ay': -0.02, 'az': -0.17, 'gx': -106.89, 'gy': -47.98, 'gz': -10.46}, {'t_us': 780494281, 'ax': -0.19, 'ay': -0.05, 'az': -0.34, 'gx': -88.43, 'gy': -46.21, 'gz': -9.33}, {'t_us': 780514296, 'ax': 0.26, 'ay': -0.07, 'az': -0.25, 'gx': -64.9, 'gy': -41.24, 'gz': -4.29}, {'t_us': 780534321, 'ax': 0.34, 'ay': -0.18, 'az': -0.19, 'gx': -35.57, 'gy': 5.97, 'gz': -4.26}]",2026-02-18 09:50:12,0.0
"[{'t_us': 780560151, 'ax': 0.2, 'ay': -0.26, 'az': -0.35, 'gx': -3.69, 'gy': 27.98, 'gz': -4.64}, {'t_us': 780574319, 'ax': -0.08, 'ay': -0.2, 'az': -0.34, 'gx': 0.14, 'gy': 20.27, 'gz': -10.03}, {'t_us': 780594316, 'ax': -0.3, 'ay': -0.1, 'az': -0.38, 'gx': -9.1, 'gy': -11.42, 'gz': -22.73}, {'t_us': 780614277, 'ax': -0.69, 'ay': 0.01, 'az': -0.19, 'gx': -30.43, 'gy': -7.04, 'gz': -24.44}, {'t_us': 780634296, 'ax': -1.39, 'ay': -0.18, 'az': -0.42, 'gx': -67.6, 'gy': 38.0, 'gz': -5.57}]",2026-02-18 09:50:12,0.0
"[{'t_us': 780659100, 'ax': -2.0, 'ay': -0.45, 'az': -0.55, 'gx': -50.35, 'gy': 66.53, 'gz': 62.92}, {'t_us': 780674296, 'ax': -2.0, 'ay': -0.17, 'az': -0.76, 'gx': -53.85, 'gy': -6.84, 'gz': 44.32}, {'t_us': 780694296, 'ax': -1.75, 'ay': -0.02, 'az': -0.47, 'gx': -10.14, 'gy': -30.0, 'gz': 18.18}, {'t_us': 780714321, 'ax': -1.32, 'ay': 0.04, 'az': -0.02, 'gx': 20.52, 'gy': 3.15, 'gz': -9.21}, {'t_us': 780734254, 'ax': -1.06, 'ay': -0.0, 'az': -0.07, 'gx': 21.76, 'gy': 60.67, 'gz': -16.67}]",2026-02-18 09:50:12,0.0
"[{'t_us': 780760373, 'ax': -1.62, 'ay': 0.15, 'az': -0.34, 'gx': 11.18, 'gy': 42.11, 'gz': -45.73}, {'t_us': 780774254, 'ax': -1.22, 'ay': 0.06, 'az': -0.42, 'gx': 13.82, 'gy': 24.26, 'gz': -43.76}, {'t_us': 780794254, 'ax': -0.98, 'ay': -0.12, 'az': -0.18, 'gx': -0.41, 'gy': -36.99, 'gz': -29.57}, {'t_us': 780814262, 'ax': -0.84, 'ay': -0.19, 'az': -0.16, 'gx': -12.34, 'gy': -38.58, 'gz': -23.79}, {'t_us': 780834271, 'ax': -0.45, 'ay': -0.18, 'az': -0.04, 'gx': -22.64, 'gy': -40.72, 'gz': -18.98}]",2026-02-18 09:50:13,0.0
"[{'t_us': 780859248, 'ax': -0.11, 'ay': -0.06, 'az': -0.01, 'gx': -33.18, 'gy': -25.57, 'gz': -3.65}, {'t_us': 780874300, 'ax': -0.09, 'ay': 0.03, 'az': -0.11, 'gx': -33.15, 'gy': -17.95, 'gz': 2.18}, {'t_us': 780894300, 'ax': -0.09, 'ay': -0.01, 'az': -0.4, 'gx': -46.31, 'gy': -10.75, 'gz': -3.28}, {'t_us': 780914321, 'ax': -0.12, 'ay': 0.12, 'az': -0.35, 'gx': -39.01, 'gy': -21.83, 'gz': -8.06}, {'t_us': 780934321, 'ax': -0.08, 'ay': 0.07, 'az': -0.33, 'gx': -38.09, 'gy': -11.76, 'gz': -15.22}]",2026-02-18 09:50:13,0.0
"[{'t_us': 780959066, 'ax': -0.54, 'ay': 0.1, 'az': -0.25, 'gx': -36.23, 'gy': 8.69, 'gz': -19.97}, {'t_us': 780974291, 'ax': -0.94, 'ay': 0.18, 'az': -0.17, 'gx': -39.34, 'gy': 16.53, 'gz': -24.46}, {'t_us': 780994262, 'ax': -1.71, 'ay': 0.36, 'az': -0.35, 'gx': -55.07, 'gy': 13.8, 'gz': -36.52}, {'t_us': 781014296, 'ax': -2.0, 'ay': 0.37, 'az': -0.41, 'gx': -65.44, 'gy': 14.63, 'gz': -41.94}, {'t_us': 781034320, 'ax': -2.0, 'ay': 0.01, 'az': -0.32, 'gx': -77.42, 'gy': 28.72, 'gz': -17.85}]",2026-02-18 09:50:13,0.0
"[{'t_us': 781060334, 'ax': -1.66, 'ay': 0.14, 'az': -0.16, 'gx': -117.71, 'gy': -31.31, 'gz': -11.34}, {'t_us': 781074277, 'ax': -1.12, 'ay': 0.05, 'az': -0.08, 'gx': -119.8, 'gy': 4.27, 'gz': -5.51}, {'t_us': 781094312, 'ax': -1.1, 'ay': 0.13, 'az': -0.02, 'gx': -127.95, 'gy': 43.05, 'gz': 7.48}, {'t_us': 781114277, 'ax': -1.3, 'ay': 0.16, 'az': -0.24, 'gx': -124.92, 'gy': 36.41, 'gz': 8.31}, {'t_us': 781134303, 'ax': -1.18, 'ay': 0.0, 'az': -0.34, 'gx': -117.47, 'gy': -12.03, 'gz': -1.8}]",2026-02-18 09:50:13,0.0
"[{'t_us': 781160552, 'ax': -0.68, 'ay': -0.13, 'az': -0.31, 'gx': -93.34, 'gy': -42.14, 'gz': -1.36}, {'t_us': 781174255, 'ax': -0.49, 'ay': -0.11, 'az': -0.33, 'gx': -75.08, 'gy': -42.95, 'gz': 1.34}, {'t_us': 781194281, 'ax': -0.15, 'ay': -0.13, 'az': -0.24, 'gx': -52.89, 'gy': -41.13, 'gz': 4.26}, {'t_us': 781214308, 'ax': 0.06, 'ay': -0.12, 'az': -0.26, 'gx': -35.3, 'gy': -28.27, 'gz': 2.7}, {'t_us': 781234291, 'ax': 0.29, 'ay': -0.17, 'az': -0.4, 'gx': -5.74, 'gy': -5.76, 'gz': 1.59}]",2026-02-18 09:50:13,0.0
"[{'t_us': 781258571, 'ax': 0.08, 'ay': -0.23, 'az': -0.26, 'gx': 13.8, 'gy': 8.84, 'gz': -1.56}, {'t_us': 781274272, 'ax': -0.14, 'ay': -0.15, 'az': -0.2, 'gx': 4.43, 'gy': 4.17, 'gz': -5.57}, {'t_us': 781294300, 'ax': -0.51, 'ay': -0.09, 'az': -0.2, 'gx': -9.27, 'gy': 4.09, 'gz': -2.7}, {'t_us': 781314321, 'ax': -0.94, 'ay': -0.12, 'az': -0.15, 'gx': -49.4, 'gy': 17.98, 'gz': 1.34}, {'t_us': 781334281, 'ax': -1.88, 'ay': -0.33, 'az': -0.35, 'gx': -65.95, 'gy': -4.35, 'gz': 34.21}]",2026-02-18 09:50:13,0.0
"[{'t_us': 781358901, 'ax': -2.0, 'ay': -0.17, 'az': -0.66, 'gx': -46.02, 'gy': 35.68, 'gz': 44.58}, {'t_us': 781374312, 'ax': -2.0, 'ay': -0.14, 'az': -0.71, 'gx': -12.17, 'gy': -34.26, 'gz': 18.99}, {'t_us': 781394288, 'ax': -1.75, 'ay': -0.12, 'az': -0.18, 'gx': 46.75, 'gy': -24.89, 'gz': -11.5}, {'t_us': 781414308, 'ax': -1.05, 'ay': -0.22, 'az': 0.16, 'gx': 64.35, 'gy': 42.27, 'gz': -16.11}, {'t_us': 781434281, 'ax': -1.49, 'ay': -0.12, 'az': -0.03, 'gx': 58.05, 'gy': 93.73, 'gz': -22.38}]",2026-02-18 09:50:13,0.0
"[{'t_us': 781460632, 'ax': -1.28, 'ay': 0.03, 'az': -0.28, 'gx': 43.1, 'gy': 15.85, 'gz': -16.02}, {'t_us': 781474311, 'ax': -1.14, 'ay': -0.02, 'az': -0.19, 'gx': 20.96, 'gy': -35.42, 'gz': -15.85}, {'t_us': 781494281, 'ax': -0.91, 'ay': 0.05, 'az': -0.23, 'gx': 3.33, 'gy': -32.99, 'gz': -16.72}, {'t_us': 781514255, 'ax': -0.49, 'ay': -0.0, 'az': -0.11, 'gx': -6.35, 'gy': -31.21, 'gz': -17.92}, {'t_us': 781534288, 'ax': -0.17, 'ay': 0.04, 'az': -0.04, 'gx': -14.18, 'gy': -12.37, 'gz': -4.75}]",2026-02-18 09:50:13,0.0
"[{'t_us': 781559576, 'ax': 0.02, 'ay': 0.03, 'az': -0.27, 'gx': -31.1, 'gy': -11.21, 'gz': 9.1}, {'t_us': 781576415, 'ax': 0.08, 'ay': 0.04, 'az': -0.15, 'gx': -35.08, 'gy': -15.3, 'gz': 10.31}, {'t_us': 781594311, 'ax': 0.2, 'ay': 0.08, 'az': -0.22, 'gx': -48.75, 'gy': -22.5, 'gz': 5.83}, {'t_us': 781614288, 'ax': 0.16, 'ay': 0.06, 'az': -0.31, 'gx': -46.34, 'gy': -1.37, 'gz': -0.9}, {'t_us': 781634296, 'ax': -0.26, 'ay': 0.05, 'az': -0.22, 'gx': -36.99, 'gy': 14.87, 'gz': -9.4}]",2026-02-18 09:50:13,0.0
"[{'t_us': 781660390, 'ax': -1.17, 'ay': 0.21, 'az': -0.1, 'gx': -40.06, 'gy': -6.32, 'gz': -23.48}, {'t_us': 781674300, 'ax': -1.75, 'ay': 0.33, 'az': -0.11, 'gx': -48.64, 'gy': -17.62, 'gz': -37.04}, {'t_us': 781694291, 'ax': -2.0, 'ay': 0.3, 'az': -0.46, 'gx': -47.47, 'gy': 15.5, 'gz': -45.07}, {'t_us': 781714321, 'ax': -2.0, 'ay': -0.18, 'az': -0.24, 'gx': -50.14, 'gy': 18.72, 'gz': -10.76}, {'t_us': 781734332, 'ax': -2.0, 'ay': 0.3, 'az': -0.17, 'gx': -99.3, 'gy': -54.61, 'gz': 21.76}]",2026-02-18 09:50:13,0.0
"[{'t_us': 781759584, 'ax': -1.03, 'ay': -0.01, 'az': 0.05, 'gx': -111.65, 'gy': 31.86, 'gz': 8.47}, {'t_us': 781774277, 'ax': -1.17, 'ay': 0.09, 'az': -0.08, 'gx': -113.83, 'gy': 58.03, 'gz': 8.47}, {'t_us': 781794312, 'ax': -1.26, 'ay': 0.1, 'az': -0.09, 'gx': -111.42, 'gy': 18.43, 'gz': 15.13}, {'t_us': 781814303, 'ax': -1.07, 'ay': 0.03, 'az': -0.3, 'gx': -95.53, 'gy': -39.02, 'gz': 9.48}, {'t_us': 781834321, 'ax': -0.48, 'ay': -0.09, 'az': -0.31, 'gx': -72.66, 'gy': -43.27, 'gz': 9.66}]",2026-02-18 09:50:14,0.0
"[{'t_us': 781860485, 'ax': -0.08, 'ay': -0.15, 'az': -0.36, 'gx': -40.06, 'gy': -40.93, 'gz': 11.33}, {'t_us': 781875674, 'ax': 0.2, 'ay': -0.16, 'az': -0.09, 'gx': -31.71, 'gy': -49.95, 'gz': 13.95}, {'t_us': 781894338, 'ax': 0.43, 'ay': -0.19, 'az': -0.14, 'gx': -18.75, 'gy': -27.57, 'gz': 8.96}, {'t_us': 781914300, 'ax': 0.49, 'ay': -0.24, 'az': -0.29, 'gx': 9.88, 'gy': 3.79, 'gz': 15.11}, {'t_us': 781934281, 'ax': -0.01, 'ay': -0.2, 'az': -0.38, 'gx': 28.27, 'gy': 24.18, 'gz': 9.83}]",2026-02-18 09:50:14,0.0
"[{'t_us': 781958891, 'ax': -0.58, 'ay': -0.06, 'az': -0.19, 'gx': 16.17, 'gy': 18.76, 'gz': -9.53}, {'t_us': 781974315, 'ax': -1.02, 'ay': -0.04, 'az': -0.08, 'gx': -2.96, 'gy': -7.08, 'gz': -23.05}, {'t_us': 781994316, 'ax': -1.45, 'ay': -0.27, 'az': -0.06, 'gx': -41.31, 'gy': -38.38, 'gz': -20.84}, {'t_us': 782014303, 'ax': -2.0, 'ay': -0.76, 'az': -0.5, 'gx': -16.96, 'gy': 50.32, 'gz': 44.9}, {'t_us': 782034262, 'ax': -2.0, 'ay': -0.51, 'az': -0.81, 'gx': -16.53, 'gy': -44.44, 'gz': 34.81}]",2026-02-18 09:50:14,0.0
"[{'t_us': 782058645, 'ax': -2.0, 'ay': -0.03, 'az': -0.32, 'gx': 59.04, 'gy': -25.79, 'gz': 0.09}, {'t_us': 782074288, 'ax': -1.42, 'ay': 0.08, 'az': 0.22, 'gx': 74.37, 'gy': -8.81, 'gz': -23.47}, {'t_us': 782094288, 'ax': -1.26, 'ay': -0.15, 'az': 0.15, 'gx': 89.21, 'gy': 64.44, 'gz': -34.9}, {'t_us': 782114308, 'ax': -1.48, 'ay': 0.05, 'az': -0.16, 'gx': 85.36, 'gy': 59.01, 'gz': -46.03}, {'t_us': 782134288, 'ax': -1.06, 'ay': 0.0, 'az': -0.04, 'gx': 57.54, 'gy': -34.38, 'gz': -27.45}]",2026-02-18 09:50:14,0.0
"[{'t_us': 782160899, 'ax': -0.51, 'ay': -0.02, 'az': -0.07, 'gx': 13.98, 'gy': -43.65, 'gz': -19.42}, {'t_us': 782174323, 'ax': -0.31, 'ay': 0.15, 'az': 0.02, 'gx': -3.85, 'gy': -32.82, 'gz': -3.77}, {'t_us': 782194321, 'ax': 0.09, 'ay': 0.25, 'az': 0.11, 'gx': -32.79, 'gy': -11.3, 'gz': 2.37}, {'t_us': 782214321, 'ax': 0.29, 'ay': 0.21, 'az': -0.07, 'gx': -51.69, 'gy': 15.08, 'gz': 2.2}, {'t_us': 782234296, 'ax': 0.31, 'ay': 0.13, 'az': -0.23, 'gx': -53.59, 'gy': 37.77, 'gz': 3.47}]",2026-02-18 09:50:14,0.0
"[{'t_us': 782258952, 'ax': 0.04, 'ay': 0.04, 'az': -0.41, 'gx': -48.5, 'gy': 12.18, 'gz': -3.21}, {'t_us': 782274263, 'ax': -0.23, 'ay': -0.05, 'az': -0.3, 'gx': -33.91, 'gy': 16.61, 'gz': -0.29}, {'t_us': 782294271, 'ax': -0.74, 'ay': -0.16, 'az': -0.22, 'gx': -40.14, 'gy': -3.98, 'gz': -7.34}, {'t_us': 782314291, 'ax': -1.57, 'ay': 0.01, 'az': -0.1, 'gx': -55.15, 'gy': -21.21, 'gz': -23.8}, {'t_us': 782334296, 'ax': -2.0, 'ay': 0.46, 'az': -0.62, 'gx': -46.02, 'gy': 22.29, 'gz': -40.96}]",2026-02-18 09:50:14,0.0
"[{'t_us': 782360488, 'ax': -2.0, 'ay': 0.22, 'az': -0.24, 'gx': -48.38, 'gy': 3.56, 'gz': -15.22}, {'t_us': 782374271, 'ax': -2.0, 'ay': 0.27, 'az': -0.05, 'gx': -74.56, 'gy': -38.24, 'gz': -1.76}, {'t_us': 782394277, 'ax': -1.53, 'ay': 0.16, 'az': -0.01, 'gx': -90.09, 'gy': -12.6, 'gz': -16.05}, {'t_us': 782414291, 'ax': -0.71, 'ay': -0.34, 'az': 0.06, 'gx': -101.98, 'gy': 49.02, 'gz': 0.69}, {'t_us': 782434308, 'ax': -1.07, 'ay': -0.06, 'az': 0.01, 'gx': -108.02, 'gy': 61.3, 'gz': 21.86}]",2026-02-18 09:50:14,0.0
"[{'t_us': 782460946, 'ax': -1.12, 'ay': 0.04, 'az': -0.31, 'gx': -93.51, 'gy': 10.76, 'gz': 17.04}, {'t_us': 782474320, 'ax': -1.16, 'ay': 0.05, 'az': -0.4, 'gx': -82.73, 'gy': -27.02, 'gz': 7.85}, {'t_us': 782494316, 'ax': -0.51, 'ay': 0.08, 'az': -0.26, 'gx': -65.19, 'gy': -49.79, 'gz': 2.11}, {'t_us': 782514271, 'ax': -0.25, 'ay': 0.07, 'az': -0.28, 'gx': -52.92, 'gy': -27.31, 'gz': -3.63}, {'t_us': 782534299, 'ax': 0.02, 'ay': -0.01, 'az': -0.31, 'gx': -26.7, 'gy': -19.25, 'gz': -10.78}]",2026-02-18 09:50:14,0.0
"[{'t_us': 782560400, 'ax': 0.26, 'ay': -0.17, 'az': -0.34, 'gx': 28.9, 'gy': -10.66, 'gz': -1.04}, {'t_us': 782574322, 'ax': 0.2, 'ay': -0.28, 'az': -0.21, 'gx': 39.8, 'gy': -7.77, 'gz': 4.78}, {'t_us': 782594296, 'ax': -0.17, 'ay': -0.27, 'az': -0.12, 'gx': 30.21, 'gy': -0.78, 'gz': 0.56}, {'t_us': 782614271, 'ax': -0.51, 'ay': -0.16, 'az': -0.23, 'gx': 15.51, 'gy': -1.19, 'gz': -10.0}, {'t_us': 782634299, 'ax': -1.03, 'ay': -0.13, 'az': 0.02, 'gx': -17.5, 'gy': -20.02, 'gz': -17.91}]",2026-02-18 09:50:14,0.0
"[{'t_us': 782660459, 'ax': -1.78, 'ay': -0.48, 'az': -0.21, 'gx': -54.31, 'gy': 52.87, 'gz': 32.31}, {'t_us': 782674270, 'ax': -2.0, 'ay': -0.55, 'az': -0.47, 'gx': -53.4, 'gy': 85.31, 'gz': 50.0}, {'t_us': 782694281, 'ax': -2.0, 'ay': -0.0, 'az': -0.83, 'gx': -34.5, 'gy': 22.64, 'gz': 31.04}, {'t_us': 782714308, 'ax': -2.0, 'ay': 0.12, 'az': -0.42, 'gx': 8.24, 'gy': 2.38, 'gz': -10.02}, {'t_us': 782734308, 'ax': -1.36, 'ay': 0.03, 'az': -0.04, 'gx': 27.57, 'gy': 10.4, 'gz': -27.74}]",2026-02-18 09:50:14,0.0
"[{'t_us': 782759152, 'ax': -1.54, 'ay': 0.02, 'az': -0.03, 'gx': 35.74, 'gy': 67.1, 'gz': -41.28}, {'t_us': 782774262, 'ax': -1.34, 'ay': -0.04, 'az': -0.36, 'gx': 30.31, 'gy': 43.11, 'gz': -41.77}, {'t_us': 782794271, 'ax': -1.04, 'ay': -0.0, 'az': -0.08, 'gx': -0.38, 'gy': -33.44, 'gz': -21.53}, {'t_us': 782814277, 'ax': -0.74, 'ay': 0.1, 'az': -0.01, 'gx': -42.6, 'gy': -49.69, 'gz': -18.84}, {'t_us': 782834288, 'ax': -0.35, 'ay': 0.15, 'az': -0.03, 'gx': -69.1, 'gy': -35.15, 'gz': -21.86}]",2026-02-18 09:50:15,0.0
"[{'t_us': 782858808, 'ax': 0.04, 'ay': 0.21, 'az': -0.03, 'gx': -88.26, 'gy': -16.09, 'gz': -15.6}, {'t_us': 782874262, 'ax': 0.12, 'ay': 0.23, 'az': -0.08, 'gx': -95.1, 'gy': -9.54, 'gz': -9.92}, {'t_us': 782894288, 'ax': 0.27, 'ay': 0.05, 'az': -0.28, 'gx': -107.6, 'gy': -10.93, 'gz': -13.19}, {'t_us': 782914288, 'ax': 0.2, 'ay': 0.04, 'az': -0.29, 'gx': -89.11, 'gy': -24.29, 'gz': 0.55}, {'t_us': 782934277, 'ax': 0.16, 'ay': -0.07, 'az': -0.28, 'gx': -89.83, 'gy': -0.18, 'gz': -7.73}]",2026-02-18 09:50:15,0.0
"[{'t_us': 782959020, 'ax': -0.26, 'ay': -0.12, 'az': -0.23, 'gx': -79.89, 'gy': 18.6, 'gz': -16.05}, {'t_us': 782974310, 'ax': -0.63, 'ay': -0.06, 'az': -0.26, 'gx': -79.18, 'gy': 20.11, 'gz': -25.24}, {'t_us': 782994316, 'ax': -1.3, 'ay': 0.08, 'az': -0.24, 'gx': -80.0, 'gy': 39.01, 'gz': -37.66}, {'t_us': 783014284, 'ax': -2.0, 'ay': 0.39, 'az': -0.51, 'gx': -81.85, 'gy': 56.64, 'gz': -56.96}, {'t_us': 783034312, 'ax': -2.0, 'ay': 0.41, 'az': -0.3, 'gx': -73.34, 'gy': 5.66, 'gz': -24.5}]",2026-02-18 09:50:15,0.0
"[{'t_us': 783059149, 'ax': -2.0, 'ay': 0.29, 'az': -0.42, 'gx': -136.76, 'gy': -58.85, 'gz': 1.47}, {'t_us': 783074652, 'ax': -1.85, 'ay': 0.02, 'az': 0.16, 'gx': -154.87, 'gy': 9.07, 'gz': -4.66}, {'t_us': 783094255, 'ax': -1.45, 'ay': -0.1, 'az': 0.02, 'gx': -157.77, 'gy': 94.05, 'gz': 0.46}, {'t_us': 783114288, 'ax': -1.63, 'ay': 0.02, 'az': -0.38, 'gx': -162.89, 'gy': 56.47, 'gz': 2.05}, {'t_us': 783134311, 'ax': -1.58, 'ay': -0.19, 'az': -0.63, 'gx': -146.09, 'gy': -1.98, 'gz': -5.82}]",2026-02-18 09:50:15,0.0
"[{'t_us': 783159005, 'ax': -0.61, 'ay': -0.16, 'az': -0.33, 'gx': -100.15, 'gy': -68.85, 'gz': -10.98}, {'t_us': 783174255, 'ax': -0.35, 'ay': -0.01, 'az': -0.3, 'gx': -84.76, 'gy': -50.21, 'gz': -6.0}, {'t_us': 783194303, 'ax': 0.17, 'ay': 0.0, 'az': -0.23, 'gx': -59.74, 'gy': -60.49, 'gz': 1.74}, {'t_us': 783214300, 'ax': 0.59, 'ay': -0.01, 'az': -0.09, 'gx': -39.05, 'gy': -18.05, 'gz': 20.29}, {'t_us': 783234291, 'ax': 0.59, 'ay': -0.1, 'az': -0.26, 'gx': -10.6, 'gy': -3.18, 'gz': 13.31}]",2026-02-18 09:50:15,0.0
"[{'t_us': 783258971, 'ax': 0.15, 'ay': -0.32, 'az': -0.3, 'gx': 24.47, 'gy': -15.95, 'gz': -2.47}, {'t_us': 783274291, 'ax': -0.08, 'ay': -0.35, 'az': 0.04, 'gx': 7.95, 'gy': -19.02, 'gz': -20.35}, {'t_us': 783294300, 'ax': -0.3, 'ay': -0.16, 'az': -0.02, 'gx': -17.86, 'gy': -6.41, 'gz': -30.32}, {'t_us': 783314300, 'ax': -0.7, 'ay': -0.06, 'az': -0.03, 'gx': -37.65, 'gy': -19.97, 'gz': -37.51}, {'t_us': 783334271, 'ax': -1.13, 'ay': 0.07, 'az': -0.27, 'gx': -55.42, 'gy': 107.47, 'gz': -21.27}]",2026-02-18 09:50:15,0.0
"[{'t_us': 783359044, 'ax': -2.0, 'ay': -0.53, 'az': -0.6, 'gx': -31.21, 'gy': 63.71, 'gz': 45.24}, {'t_us': 783376293, 'ax': -2.0, 'ay': -0.72, 'az': -0.75, 'gx': -48.92, 'gy': -28.44, 'gz': 21.18}, {'t_us': 783394291, 'ax': -1.83, 'ay': -0.46, 'az': -0.92, 'gx': -11.89, 'gy': -103.54, 'gz': 24.52}, {'t_us': 783414321, 'ax': -1.57, 'ay': 0.17, 'az': -0.12, 'gx': 44.6, 'gy': -28.43, 'gz': 14.32}, {'t_us': 783434312, 'ax': -1.72, 'ay': 0.31, 'az': -0.18, 'gx': 48.87, 'gy': 110.15, 'gz': -29.02}]",2026-02-18 09:50:15,0.0
"[{'t_us': 783460598, 'ax': -1.69, 'ay': 0.29, 'az': -0.16, 'gx': 16.82, 'gy': 7.77, 'gz': -62.6}, {'t_us': 783474308, 'ax': -0.87, 'ay': 0.07, 'az': -0.09, 'gx': 10.99, 'gy': -34.82, 'gz': -49.05}, {'t_us': 783494291, 'ax': -0.52, 'ay': -0.02, 'az': -0.06, 'gx': -2.55, 'gy': -42.08, 'gz': -32.26}, {'t_us': 783514273, 'ax': -0.23, 'ay': -0.2, 'az': -0.18, 'gx': -5.44, 'gy': -1.3, 'gz': -14.61}, {'t_us': 783534303, 'ax': 0.05, 'ay': -0.04, 'az': 0.03, 'gx': -24.11, 'gy': 26.02, 'gz': -4.87}]",2026-02-18 09:50:15,0.0
"[{'t_us': 783558778, 'ax': 0.23, 'ay': 0.05, 'az': -0.07, 'gx': -56.31, 'gy': 55.56, 'gz': -0.15}, {'t_us': 783574296, 'ax': 0.3, 'ay': 0.09, 'az': -0.2, 'gx': -69.31, 'gy': 42.12, 'gz': 5.1}, {'t_us': 783594296, 'ax': 0.17, 'ay': 0.24, 'az': -0.27, 'gx': -76.41, 'gy': -17.18, 'gz': -3.21}, {'t_us': 783614321, 'ax': 0.09, 'ay': 0.12, 'az': -0.1, 'gx': -49.04, 'gy': -18.7, 'gz': -5.28}, {'t_us': 783634255, 'ax': -0.44, 'ay': 0.03, 'az': -0.06, 'gx': -62.09, 'gy': -14.92, 'gz': -22.23}]",2026-02-18 09:50:15,0.0
"[{'t_us': 783660660, 'ax': -1.35, 'ay': 0.16, 'az': -0.35, 'gx': -79.04, 'gy': -34.5, 'gz': -17.56}, {'t_us': 783674271, 'ax': -2.0, 'ay': 0.34, 'az': -0.47, 'gx': -87.53, 'gy': -4.93, 'gz': -31.37}, {'t_us': 783694296, 'ax': -2.0, 'ay': 0.26, 'az': -0.86, 'gx': -67.68, 'gy': 44.11, 'gz': -26.84}, {'t_us': 783714321, 'ax': -2.0, 'ay': -0.1, 'az': -0.29, 'gx': -123.71, 'gy': -60.37, 'gz': -0.87}, {'t_us': 783734277, 'ax': -2.0, 'ay': 0.23, 'az': -0.37, 'gx': -120.64, 'gy': -42.47, 'gz': -12.27}]",2026-02-18 09:50:15,0.0
"[{'t_us': 783759211, 'ax': -0.82, 'ay': 0.03, 'az': -0.03, 'gx': -130.95, 'gy': 56.2, 'gz': 5.18}, {'t_us': 783774271, 'ax': -0.89, 'ay': 0.14, 'az': 0.07, 'gx': -134.92, 'gy': 78.41, 'gz': 10.99}, {'t_us': 783794277, 'ax': -1.5, 'ay': -0.01, 'az': -0.16, 'gx': -138.69, 'gy': 15.65, 'gz': 5.71}, {'t_us': 783814303, 'ax': -1.02, 'ay': 0.01, 'az': -0.4, 'gx': -122.67, 'gy': -72.75, 'gz': 2.09}, {'t_us': 783834316, 'ax': -0.59, 'ay': -0.05, 'az': -0.28, 'gx': -93.08, 'gy': -54.66, 'gz': -3.63}]",2026-02-18 09:50:16,0.0
"[{'t_us': 783859435, 'ax': -0.04, 'ay': -0.21, 'az': -0.32, 'gx': -60.21, 'gy': -28.93, 'gz': -9.27}, {'t_us': 783874281, 'ax': 0.11, 'ay': -0.2, 'az': -0.17, 'gx': -39.77, 'gy': -24.6, 'gz': -5.5}, {'t_us': 783894281, 'ax': 0.45, 'ay': -0.31, 'az': -0.35, 'gx': 9.33, 'gy': -5.3, 'gz': -2.95}, {'t_us': 783914308, 'ax': 0.41, 'ay': -0.43, 'az': -0.41, 'gx': 52.92, 'gy': 15.4, 'gz': 3.91}, {'t_us': 783934320, 'ax': -0.02, 'ay': -0.34, 'az': -0.39, 'gx': 74.89, 'gy': 9.33, 'gz': -4.31}]",2026-02-18 09:50:16,0.0
"[{'t_us': 783960675, 'ax': -0.42, 'ay': -0.15, 'az': -0.25, 'gx': 50.79, 'gy': 3.65, 'gz': 3.82}, {'t_us': 783974313, 'ax': -0.84, 'ay': -0.06, 'az': -0.11, 'gx': 23.54, 'gy': -14.31, 'gz': 6.6}, {'t_us': 783994308, 'ax': -1.49, 'ay': -0.17, 'az': -0.05, 'gx': -29.04, 'gy': -34.9, 'gz': 6.63}, {'t_us': 784014277, 'ax': -2.0, 'ay': -0.55, 'az': -0.85, 'gx': -23.8, 'gy': 77.01, 'gz': 47.21}, {'t_us': 784034308, 'ax': -2.0, 'ay': -0.28, 'az': -0.96, 'gx': -10.12, 'gy': -8.35, 'gz': 51.08}]",2026-02-18 09:50:16,0.0
"[{'t_us': 784061085, 'ax': -2.0, 'ay': 0.08, 'az': -0.21, 'gx': 29.13, 'gy': -9.73, 'gz': -2.31}, {'t_us': 784074316, 'ax': -1.54, 'ay': 0.12, 'az': 0.07, 'gx': 38.96, 'gy': 13.01, 'gz': -29.98}, {'t_us': 784094277, 'ax': -1.07, 'ay': -0.09, 'az': -0.06, 'gx': 56.98, 'gy': 66.18, 'gz': -42.23}, {'t_us': 784114281, 'ax': -1.59, 'ay': 0.03, 'az': -0.2, 'gx': 68.23, 'gy': 79.86, 'gz': -42.4}, {'t_us': 784134293, 'ax': -1.23, 'ay': -0.05, 'az': -0.42, 'gx': 65.77, 'gy': 15.22, 'gz': -24.75}]",2026-02-18 09:50:16,0.0
"[{'t_us': 784160707, 'ax': -0.95, 'ay': 0.08, 'az': -0.0, 'gx': 13.37, 'gy': -86.4, 'gz': -18.38}, {'t_us': 784174274, 'ax': -0.61, 'ay': 0.04, 'az': -0.02, 'gx': -8.34, 'gy': -63.59, 'gz': -8.58}, {'t_us': 784194281, 'ax': -0.14, 'ay': -0.02, 'az': 0.04, 'gx': -18.18, 'gy': -37.98, 'gz': -4.84}, {'t_us': 784214308, 'ax': 0.15, 'ay': -0.02, 'az': 0.08, 'gx': -31.69, 'gy': -14.81, 'gz': 3.4}, {'t_us': 784234277, 'ax': 0.28, 'ay': -0.03, 'az': -0.23, 'gx': -33.54, 'gy': 8.29, 'gz': 8.31}]",2026-02-18 09:50:16,0.0
"[{'t_us': 784259449, 'ax': 0.25, 'ay': 0.01, 'az': -0.49, 'gx': -44.78, 'gy': -20.43, 'gz': 12.75}, {'t_us': 784274264, 'ax': 0.15, 'ay': 0.07, 'az': -0.26, 'gx': -34.05, 'gy': -22.53, 'gz': 13.74}, {'t_us': 784294288, 'ax': -0.07, 'ay': -0.06, 'az': -0.11, 'gx': -30.26, 'gy': 11.65, 'gz': 2.78}, {'t_us': 784314288, 'ax': -0.53, 'ay': -0.02, 'az': -0.11, 'gx': -35.86, 'gy': 23.24, 'gz': -7.37}, {'t_us': 784334316, 'ax': -1.17, 'ay': 0.1, 'az': -0.11, 'gx': -55.15, 'gy': 9.85, 'gz': -26.15}]",2026-02-18 09:50:16,0.0
"[{'t_us': 784361330, 'ax': -1.99, 'ay': 0.23, 'az': -0.34, 'gx': -77.44, 'gy': 18.63, 'gz': -51.39}, {'t_us': 784374312, 'ax': -2.0, 'ay': 0.17, 'az': -0.73, 'gx': -61.62, 'gy': 66.15, 'gz': -32.27}, {'t_us': 784394303, 'ax': -2.0, 'ay': 0.12, 'az': -0.45, 'gx': -86.47, 'gy': -34.02, 'gz': -10.17}, {'t_us': 784414303, 'ax': -1.89, 'ay': 0.26, 'az': -0.29, 'gx': -108.84, 'gy': -54.34, 'gz': -9.08}, {'t_us': 784434277, 'ax': -1.17, 'ay': -0.07, 'az': -0.13, 'gx': -107.85, 'gy': 49.1, 'gz': -5.47}]",2026-02-18 09:50:16,0.0
"[{'t_us': 784459488, 'ax': -1.45, 'ay': -0.13, 'az': -0.01, 'gx': -125.34, 'gy': 51.5, 'gz': -14.9}, {'t_us': 784474296, 'ax': -1.4, 'ay': -0.38, 'az': -0.27, 'gx': -135.66, 'gy': 24.78, 'gz': -22.79}, {'t_us': 784494296, 'ax': -0.75, 'ay': -0.2, 'az': -0.45, 'gx': -130.81, 'gy': -37.91, 'gz': -16.23}, {'t_us': 784514296, 'ax': -0.35, 'ay': -0.01, 'az': -0.43, 'gx': -96.05, 'gy': -41.57, 'gz': -16.24}, {'t_us': 784534312, 'ax': -0.01, 'ay': 0.05, 'az': -0.34, 'gx': -61.57, 'gy': -24.66, 'gz': -19.92}]",2026-02-18 09:50:16,0.0
"[{'t_us': 784558987, 'ax': 0.3, 'ay': -0.08, 'az': -0.24, 'gx': -28.32, 'gy': 3.25, 'gz': -25.28}, {'t_us': 784574283, 'ax': 0.44, 'ay': -0.12, 'az': -0.39, 'gx': -5.39, 'gy': 7.05, 'gz': -24.23}, {'t_us': 784594303, 'ax': 0.4, 'ay': -0.2, 'az': -0.36, 'gx': 26.99, 'gy': 10.76, 'gz': -21.53}, {'t_us': 784614303, 'ax': 0.19, 'ay': -0.16, 'az': -0.19, 'gx': 31.27, 'gy': 6.53, 'gz': -9.34}, {'t_us': 784634306, 'ax': -0.28, 'ay': -0.02, 'az': -0.3, 'gx': 20.05, 'gy': 27.24, 'gz': -3.88}]",2026-02-18 09:50:16,0.0
"[{'t_us': 784658889, 'ax': -1.08, 'ay': -0.09, 'az': -0.04, 'gx': -30.35, 'gy': -8.0, 'gz': -14.49}, {'t_us': 784674309, 'ax': -1.53, 'ay': -0.22, 'az': -0.05, 'gx': -80.72, 'gy': -38.23, 'gz': -11.95}, {'t_us': 784694296, 'ax': -2.0, 'ay': -0.47, 'az': -0.66, 'gx': -95.21, 'gy': 59.1, 'gz': 33.18}, {'t_us': 784714296, 'ax': -2.0, 'ay': -0.4, 'az': -1.0, 'gx': -91.85, 'gy': 21.39, 'gz': 27.22}, {'t_us': 784734296, 'ax': -2.0, 'ay': -0.14, 'az': -0.81, 'gx': -63.15, 'gy': -81.36, 'gz': 2.44}]",2026-02-18 09:50:16,0.0
"[{'t_us': 784758963, 'ax': -1.02, 'ay': -0.16, 'az': -0.15, 'gx': 6.72, 'gy': 2.9, 'gz': -34.85}, {'t_us': 784774624, 'ax': -0.96, 'ay': -0.19, 'az': -0.0, 'gx': 13.04, 'gy': 74.9, 'gz': -42.61}, {'t_us': 784794291, 'ax': -1.2, 'ay': -0.22, 'az': -0.01, 'gx': -1.37, 'gy': 82.55, 'gz': -48.21}, {'t_us': 784814321, 'ax': -1.2, 'ay': -0.14, 'az': -0.21, 'gx': -11.05, 'gy': 68.47, 'gz': -45.57}, {'t_us': 784834308, 'ax': -0.74, 'ay': -0.2, 'az': -0.09, 'gx': -46.5, 'gy': -37.62, 'gz': -29.31}]",2026-02-18 09:50:17,0.0
"[{'t_us': 784860352, 'ax': -0.42, 'ay': -0.04, 'az': -0.2, 'gx': -72.46, 'gy': -54.27, 'gz': -21.62}, {'t_us': 784874321, 'ax': -0.3, 'ay': 0.04, 'az': -0.17, 'gx': -80.15, 'gy': -43.48, 'gz': -16.98}, {'t_us': 784894255, 'ax': -0.05, 'ay': 0.08, 'az': -0.12, 'gx': -81.76, 'gy': -41.19, 'gz': -9.02}, {'t_us': 784914321, 'ax': 0.1, 'ay': 0.07, 'az': -0.1, 'gx': -74.47, 'gy': -29.91, 'gz': -5.1}, {'t_us': 784934287, 'ax': 0.14, 'ay': 0.05, 'az': -0.18, 'gx': -58.61, 'gy': -7.77, 'gz': -8.58}]",2026-02-18 09:50:17,0.0
"[{'t_us': 784960171, 'ax': 0.03, 'ay': -0.17, 'az': -0.44, 'gx': -40.78, 'gy': 6.14, 'gz': -15.13}, {'t_us': 784974254, 'ax': -0.35, 'ay': -0.14, 'az': -0.41, 'gx': -32.75, 'gy': 2.69, 'gz': -12.14}, {'t_us': 784994262, 'ax': -0.77, 'ay': -0.09, 'az': -0.49, 'gx': -32.56, 'gy': -0.41, 'gz': -14.63}, {'t_us': 785014271, 'ax': -1.85, 'ay': 0.03, 'az': -0.32, 'gx': -47.11, 'gy': 0.0, 'gz': -23.76}, {'t_us': 785034308, 'ax': -2.0, 'ay': 0.17, 'az': -0.22, 'gx': -55.83, 'gy': -72.18, 'gz': -22.89}]",2026-02-18 09:50:17,0.0
"[{'t_us': 785058609, 'ax': -2.0, 'ay': 0.22, 'az': -0.78, 'gx': -79.05, 'gy': -13.44, 'gz': 0.52}, {'t_us': 785074325, 'ax': -1.95, 'ay': 0.21, 'az': -0.22, 'gx': -96.24, 'gy': -35.16, 'gz': -14.93}, {'t_us': 785094303, 'ax': -0.9, 'ay': -0.26, 'az': 0.08, 'gx': -110.81, 'gy': 19.08, 'gz': 6.5}, {'t_us': 785114262, 'ax': -1.29, 'ay': -0.05, 'az': 0.08, 'gx': -135.54, 'gy': 104.58, 'gz': 9.63}, {'t_us': 785134316, 'ax': -1.49, 'ay': 0.02, 'az': -0.46, 'gx': -142.11, 'gy': 24.44, 'gz': -7.57}]",2026-02-18 09:50:17,0.0
"[{'t_us': 785160450, 'ax': -0.73, 'ay': 0.07, 'az': -0.55, 'gx': -86.95, 'gy': -67.88, 'gz': -5.5}, {'t_us': 785174281, 'ax': -0.6, 'ay': 0.02, 'az': -0.36, 'gx': -60.93, 'gy': -59.57, 'gz': -1.08}, {'t_us': 785194271, 'ax': -0.29, 'ay': 0.02, 'az': -0.13, 'gx': -51.8, 'gy': -32.43, 'gz': 3.24}, {'t_us': 785214296, 'ax': 0.0, 'ay': 0.02, 'az': 0.0, 'gx': -65.3, 'gy': -21.94, 'gz': 12.41}, {'t_us': 785234303, 'ax': 0.28, 'ay': 0.07, 'az': -0.11, 'gx': -65.94, 'gy': -10.12, 'gz': 9.83}]",2026-02-18 09:50:17,0.0
"[{'t_us': 785260402, 'ax': 0.47, 'ay': -0.15, 'az': -0.55, 'gx': -11.13, 'gy': 1.31, 'gz': 3.82}, {'t_us': 785274262, 'ax': 0.28, 'ay': -0.24, 'az': -0.42, 'gx': 19.25, 'gy': 21.95, 'gz': -1.53}, {'t_us': 785294255, 'ax': -0.0, 'ay': -0.29, 'az': -0.12, 'gx': 21.45, 'gy': 13.97, 'gz': -5.07}, {'t_us': 785314321, 'ax': -0.33, 'ay': -0.14, 'az': -0.14, 'gx': -1.31, 'gy': 4.78, 'gz': -1.51}, {'t_us': 785334269, 'ax': -0.73, 'ay': -0.06, 'az': -0.15, 'gx': -34.31, 'gy': -0.92, 'gz': -4.29}]",2026-02-18 09:50:17,0.0
"[{'t_us': 785360401, 'ax': -1.72, 'ay': -0.05, 'az': -0.32, 'gx': -88.81, 'gy': 4.06, 'gz': -1.76}, {'t_us': 785374296, 'ax': -2.0, 'ay': -0.19, 'az': -0.58, 'gx': -77.05, 'gy': 3.74, 'gz': 39.19}, {'t_us': 785394277, 'ax': -2.0, 'ay': -0.33, 'az': -0.93, 'gx': -66.81, 'gy': -2.95, 'gz': 26.47}, {'t_us': 785414303, 'ax': -2.0, 'ay': -0.22, 'az': -1.06, 'gx': -26.29, 'gy': -67.71, 'gz': 5.53}, {'t_us': 785434300, 'ax': -1.71, 'ay': 0.01, 'az': 0.03, 'gx': -9.5, 'gy': -40.2, 'gz': -13.71}]",2026-02-18 09:50:17,0.0
"[{'t_us': 785460962, 'ax': -1.54, 'ay': 0.03, 'az': 0.1, 'gx': -1.53, 'gy': 83.01, 'gz': -24.92}, {'t_us': 785476227, 'ax': -1.56, 'ay': 0.07, 'az': -0.12, 'gx': -12.95, 'gy': 54.87, 'gz': -38.75}, {'t_us': 785494281, 'ax': -1.28, 'ay': -0.01, 'az': -0.2, 'gx': -24.92, 'gy': -4.14, 'gz': -33.95}, {'t_us': 785514308, 'ax': -0.66, 'ay': -0.13, 'az': -0.26, 'gx': -40.44, 'gy': -48.78, 'gz': -23.69}, {'t_us': 785534309, 'ax': -0.5, 'ay': -0.19, 'az': -0.27, 'gx': -41.45, 'gy': -19.27, 'gz': -16.81}]",2026-02-18 09:50:17,0.0
"[{'t_us': 785560454, 'ax': -0.11, 'ay': -0.09, 'az': -0.12, 'gx': -46.58, 'gy': -7.24, 'gz': -4.95}, {'t_us': 785574266, 'ax': 0.01, 'ay': -0.0, 'az': 0.02, 'gx': -52.53, 'gy': 16.84, 'gz': -6.95}, {'t_us': 785594321, 'ax': 0.0, 'ay': -0.01, 'az': -0.22, 'gx': -56.75, 'gy': -5.25, 'gz': 5.07}, {'t_us': 785614281, 'ax': 0.04, 'ay': 0.09, 'az': -0.15, 'gx': -68.23, 'gy': -16.75, 'gz': -0.53}, {'t_us': 785634271, 'ax': 0.15, 'ay': 0.08, 'az': -0.25, 'gx': -77.57, 'gy': -31.82, 'gz': -1.19}]",2026-02-18 09:50:17,0.0
"[{'t_us': 785659213, 'ax': -0.07, 'ay': -0.01, 'az': -0.14, 'gx': -74.2, 'gy': -18.29, 'gz': -9.34}, {'t_us': 785674281, 'ax': -0.33, 'ay': 0.01, 'az': -0.16, 'gx': -73.42, 'gy': -5.1, 'gz': -16.02}, {'t_us': 785694321, 'ax': -0.81, 'ay': 0.11, 'az': -0.24, 'gx': -74.23, 'gy': -10.15, 'gz': -20.44}, {'t_us': 785714281, 'ax': -1.63, 'ay': 0.16, 'az': -0.28, 'gx': -79.95, 'gy': -12.76, 'gz': -30.87}, {'t_us': 785734281, 'ax': -2.0, 'ay': 0.23, 'az': -0.44, 'gx': -74.32, 'gy': -18.21, 'gz': -31.45}]",2026-02-18 09:50:17,0.0
"[{'t_us': 785758901, 'ax': -2.0, 'ay': -0.04, 'az': -0.37, 'gx': -85.73, 'gy': -36.96, 'gz': -1.63}, {'t_us': 785774271, 'ax': -2.0, 'ay': 0.21, 'az': -0.52, 'gx': -96.89, 'gy': -31.82, 'gz': 8.75}, {'t_us': 785794281, 'ax': -1.35, 'ay': 0.04, 'az': -0.1, 'gx': -96.46, 'gy': 41.25, 'gz': 1.51}, {'t_us': 785814308, 'ax': -1.14, 'ay': -0.11, 'az': 0.08, 'gx': -106.53, 'gy': 90.95, 'gz': 8.92}, {'t_us': 785834277, 'ax': -1.29, 'ay': -0.09, 'az': -0.17, 'gx': -110.55, 'gy': 29.39, 'gz': 3.19}]",2026-02-18 09:50:18,0.0
"[{'t_us': 785858904, 'ax': -0.93, 'ay': -0.05, 'az': -0.4, 'gx': -89.44, 'gy': -37.34, 'gz': -4.11}, {'t_us': 785874303, 'ax': -0.57, 'ay': 0.03, 'az': -0.38, 'gx': -74.76, 'gy': -27.68, 'gz': -4.29}, {'t_us': 785894305, 'ax': -0.32, 'ay': 0.05, 'az': -0.34, 'gx': -59.69, 'gy': -17.27, 'gz': -2.41}, {'t_us': 785914271, 'ax': -0.03, 'ay': -0.02, 'az': -0.27, 'gx': -47.48, 'gy': -34.14, 'gz': 0.76}, {'t_us': 785934303, 'ax': 0.18, 'ay': -0.1, 'az': -0.3, 'gx': -20.02, 'gy': -30.89, 'gz': 3.69}]",2026-02-18 09:50:18,0.0
"[{'t_us': 785960946, 'ax': 0.53, 'ay': -0.13, 'az': -0.35, 'gx': 29.92, 'gy': -48.95, 'gz': 17.85}, {'t_us': 785974299, 'ax': 0.35, 'ay': -0.2, 'az': -0.22, 'gx': 38.38, 'gy': -36.06, 'gz': 22.98}, {'t_us': 785994276, 'ax': -0.13, 'ay': -0.17, 'az': -0.05, 'gx': 27.07, 'gy': 5.05, 'gz': 10.95}, {'t_us': 786014300, 'ax': -0.59, 'ay': -0.12, 'az': -0.04, 'gx': 2.34, 'gy': 9.97, 'gz': -2.84}, {'t_us': 786034312, 'ax': -0.94, 'ay': -0.08, 'az': 0.03, 'gx': -37.8, 'gy': 4.89, 'gz': -11.68}]",2026-02-18 09:50:18,0.0
"[{'t_us': 786058684, 'ax': -1.77, 'ay': -0.38, 'az': -0.36, 'gx': -55.21, 'gy': 45.76, 'gz': 19.34}, {'t_us': 786074308, 'ax': -2.0, 'ay': -0.4, 'az': -0.77, 'gx': -50.75, 'gy': 80.09, 'gz': 39.36}, {'t_us': 786094262, 'ax': -2.0, 'ay': -0.22, 'az': -1.09, 'gx': -39.66, 'gy': -35.69, 'gz': 26.63}, {'t_us': 786114291, 'ax': -2.0, 'ay': -0.06, 'az': -0.52, 'gx': 10.41, 'gy': -33.16, 'gz': 13.6}, {'t_us': 786134300, 'ax': -1.42, 'ay': -0.02, 'az': -0.0, 'gx': 32.02, 'gy': 22.31, 'gz': -5.91}]",2026-02-18 09:50:18,0.0
"[{'t_us': 786158802, 'ax': -1.73, 'ay': -0.0, 'az': -0.07, 'gx': 49.59, 'gy': 89.85, 'gz': -33.97}, {'t_us': 786174321, 'ax': -1.34, 'ay': 0.04, 'az': -0.29, 'gx': 40.41, 'gy': 56.31, 'gz': -33.98}, {'t_us': 786194271, 'ax': -1.06, 'ay': 0.09, 'az': -0.17, 'gx': 16.46, 'gy': -22.73, 'gz': -14.89}, {'t_us': 786214303, 'ax': -0.75, 'ay': 0.08, 'az': -0.21, 'gx': -13.01, 'gy': -34.7, 'gz': -7.13}, {'t_us': 786234262, 'ax': -0.34, 'ay': 0.01, 'az': -0.09, 'gx': -31.62, 'gy': -33.57, 'gz': -12.73}]",2026-02-18 09:50:18,0.0
"[{'t_us': 786260846, 'ax': 0.12, 'ay': 0.06, 'az': 0.05, 'gx': -49.27, 'gy': -2.75, 'gz': -2.93}, {'t_us': 786274271, 'ax': 0.23, 'ay': 0.09, 'az': -0.02, 'gx': -56.11, 'gy': 13.39, 'gz': -2.66}, {'t_us': 786294262, 'ax': 0.16, 'ay': -0.01, 'az': -0.42, 'gx': -68.67, 'gy': -11.53, 'gz': 1.47}, {'t_us': 786314321, 'ax': 0.18, 'ay': 0.06, 'az': -0.31, 'gx': -64.55, 'gy': -15.47, 'gz': 3.79}, {'t_us': 786334281, 'ax': 0.16, 'ay': -0.04, 'az': -0.2, 'gx': -54.18, 'gy': -13.1, 'gz': -1.97}]",2026-02-18 09:50:18,0.0
"[{'t_us': 786360465, 'ax': -0.32, 'ay': -0.05, 'az': -0.02, 'gx': -48.81, 'gy': -6.99, 'gz': -11.31}, {'t_us': 786374303, 'ax': -0.64, 'ay': 0.04, 'az': -0.06, 'gx': -50.81, 'gy': -28.09, 'gz': -18.72}, {'t_us': 786394262, 'ax': -1.13, 'ay': 0.16, 'az': -0.36, 'gx': -49.73, 'gy': -15.44, 'gz': -35.48}, {'t_us': 786414300, 'ax': -1.7, 'ay': 0.21, 'az': -0.62, 'gx': -37.79, 'gy': 25.82, 'gz': -54.58}, {'t_us': 786434315, 'ax': -2.0, 'ay': 0.0, 'az': -0.45, 'gx': -23.08, 'gy': 46.17, 'gz': -21.92}]",2026-02-18 09:50:18,0.0
"[{'t_us': 786458853, 'ax': -2.0, 'ay': 0.01, 'az': -0.22, 'gx': -77.08, 'gy': -77.79, 'gz': 18.75}, {'t_us': 786474276, 'ax': -1.79, 'ay': 0.07, 'az': -0.17, 'gx': -80.69, 'gy': -39.4, 'gz': 20.46}, {'t_us': 786494276, 'ax': -1.19, 'ay': 0.0, 'az': -0.13, 'gx': -95.79, 'gy': 78.47, 'gz': 19.21}, {'t_us': 786514315, 'ax': -1.31, 'ay': 0.0, 'az': -0.07, 'gx': -102.52, 'gy': 54.99, 'gz': 13.89}, {'t_us': 786534276, 'ax': -1.48, 'ay': -0.13, 'az': -0.34, 'gx': -108.79, 'gy': 25.69, 'gz': 2.7}]",2026-02-18 09:50:18,0.0
"[{'t_us': 786558597, 'ax': -0.58, 'ay': -0.05, 'az': -0.47, 'gx': -78.15, 'gy': -43.98, 'gz': 4.44}, {'t_us': 786574288, 'ax': -0.33, 'ay': -0.06, 'az': -0.27, 'gx': -64.05, 'gy': -32.21, 'gz': 8.34}, {'t_us': 786594288, 'ax': -0.01, 'ay': -0.07, 'az': -0.2, 'gx': -46.41, 'gy': -25.91, 'gz': 10.09}, {'t_us': 786614268, 'ax': 0.33, 'ay': -0.16, 'az': -0.18, 'gx': -29.27, 'gy': -33.3, 'gz': 9.97}, {'t_us': 786634291, 'ax': 0.63, 'ay': -0.3, 'az': -0.13, 'gx': -1.57, 'gy': -15.13, 'gz': 17.57}]",2026-02-18 09:50:18,0.0
"[{'t_us': 786660411, 'ax': 0.14, 'ay': -0.18, 'az': -0.25, 'gx': 19.98, 'gy': 14.46, 'gz': 10.38}, {'t_us': 786674326, 'ax': -0.2, 'ay': -0.08, 'az': -0.34, 'gx': 19.11, 'gy': 9.33, 'gz': 3.05}, {'t_us': 786694319, 'ax': -0.73, 'ay': 0.01, 'az': -0.23, 'gx': 5.65, 'gy': -29.39, 'gz': 0.96}, {'t_us': 786714300, 'ax': -1.28, 'ay': 0.03, 'az': 0.09, 'gx': -33.48, 'gy': -73.57, 'gz': -11.28}, {'t_us': 786734291, 'ax': -1.96, 'ay': -0.14, 'az': -0.05, 'gx': -47.5, 'gy': -47.82, 'gz': 10.49}]",2026-02-18 09:50:18,0.0
"[{'t_us': 786758899, 'ax': -2.0, 'ay': -0.35, 'az': -0.89, 'gx': -29.02, 'gy': 54.29, 'gz': 22.53}, {'t_us': 786774281, 'ax': -2.0, 'ay': -0.43, 'az': -0.77, 'gx': -14.02, 'gy': -83.6, 'gz': 1.48}, {'t_us': 786794308, 'ax': -1.66, 'ay': -0.28, 'az': -0.15, 'gx': 29.88, 'gy': -44.08, 'gz': -11.48}, {'t_us': 786814321, 'ax': -1.16, 'ay': -0.3, 'az': -0.05, 'gx': 76.52, 'gy': 24.18, 'gz': -19.6}, {'t_us': 786834296, 'ax': -1.29, 'ay': -0.36, 'az': 0.04, 'gx': 85.68, 'gy': 65.63, 'gz': -20.34}]",2026-02-18 09:50:19,0.0
"[{'t_us': 786858823, 'ax': -1.35, 'ay': -0.05, 'az': -0.25, 'gx': 77.66, 'gy': 38.85, 'gz': -12.44}, {'t_us': 786874339, 'ax': -1.0, 'ay': 0.01, 'az': -0.12, 'gx': 54.38, 'gy': -38.46, 'gz': -12.43}, {'t_us': 786894321, 'ax': -0.78, 'ay': -0.08, 'az': -0.21, 'gx': 26.12, 'gy': -36.96, 'gz': -9.02}, {'t_us': 786914274, 'ax': -0.49, 'ay': 0.04, 'az': -0.18, 'gx': 7.01, 'gy': -42.2, 'gz': -10.0}, {'t_us': 786934255, 'ax': -0.07, 'ay': 0.06, 'az': -0.07, 'gx': 2.87, 'gy': -12.75, 'gz': -6.37}]",2026-02-18 09:50:19,0.0
"[{'t_us': 786960397, 'ax': 0.09, 'ay': 0.06, 'az': -0.13, 'gx': -8.6, 'gy': 39.73, 'gz': -2.46}, {'t_us': 786974308, 'ax': 0.12, 'ay': 0.11, 'az': -0.12, 'gx': -21.08, 'gy': 59.71, 'gz': -11.25}, {'t_us': 786994300, 'ax': 0.1, 'ay': 0.1, 'az': -0.32, 'gx': -26.03, 'gy': 16.14, 'gz': -2.76}, {'t_us': 787014273, 'ax': 0.04, 'ay': 0.11, 'az': -0.19, 'gx': -25.73, 'gy': -10.99, 'gz': -12.56}, {'t_us': 787034281, 'ax': -0.41, 'ay': 0.06, 'az': -0.12, 'gx': -19.31, 'gy': 8.85, 'gz': -25.48}]",2026-02-18 09:50:19,0.0
"[{'t_us': 787058889, 'ax': -1.16, 'ay': 0.1, 'az': -0.19, 'gx': -24.95, 'gy': -2.27, 'gz': -27.34}, {'t_us': 787074291, 'ax': -1.78, 'ay': 0.2, 'az': -0.32, 'gx': -32.27, 'gy': -39.54, 'gz': -32.95}, {'t_us': 787094255, 'ax': -2.0, 'ay': 0.31, 'az': -0.37, 'gx': -21.85, 'gy': -18.58, 'gz': -23.24}, {'t_us': 787114321, 'ax': -2.0, 'ay': 0.01, 'az': 0.27, 'gx': -20.98, 'gy': -37.89, 'gz': -7.8}, {'t_us': 787134281, 'ax': -1.98, 'ay': 0.0, 'az': 0.0, 'gx': -61.31, 'gy': 11.11, 'gz': 14.38}]",2026-02-18 09:50:19,0.0
"[{'t_us': 787158968, 'ax': -1.12, 'ay': -0.03, 'az': 0.1, 'gx': -83.47, 'gy': 42.63, 'gz': 6.27}, {'t_us': 787174281, 'ax': -1.39, 'ay': 0.02, 'az': 0.02, 'gx': -86.63, 'gy': 91.27, 'gz': 11.98}, {'t_us': 787194262, 'ax': -1.37, 'ay': 0.12, 'az': -0.05, 'gx': -94.53, 'gy': 43.5, 'gz': 10.35}, {'t_us': 787214271, 'ax': -1.25, 'ay': 0.15, 'az': -0.58, 'gx': -63.42, 'gy': -7.24, 'gz': -11.19}, {'t_us': 787234313, 'ax': -0.57, 'ay': -0.11, 'az': -0.55, 'gx': -13.53, 'gy': -36.11, 'gz': -1.37}]",2026-02-18 09:50:19,0.0
"[{'t_us': 787258925, 'ax': -0.03, 'ay': -0.16, 'az': -0.13, 'gx': -3.82, 'gy': -50.26, 'gz': 22.32}, {'t_us': 787274302, 'ax': 0.07, 'ay': -0.08, 'az': -0.0, 'gx': -12.63, 'gy': -38.43, 'gz': 27.24}, {'t_us': 787294321, 'ax': 0.21, 'ay': -0.1, 'az': -0.01, 'gx': -16.82, 'gy': 12.34, 'gz': 24.46}, {'t_us': 787314316, 'ax': 0.24, 'ay': -0.13, 'az': -0.3, 'gx': 2.43, 'gy': 33.56, 'gz': 18.75}, {'t_us': 787334288, 'ax': 0.07, 'ay': -0.12, 'az': -0.51, 'gx': 35.36, 'gy': 21.1, 'gz': 12.06}]",2026-02-18 09:50:19,0.0
"[{'t_us': 787360348, 'ax': -0.26, 'ay': -0.13, 'az': -0.21, 'gx': 44.84, 'gy': -13.89, 'gz': -6.61}, {'t_us': 787374296, 'ax': -0.32, 'ay': -0.17, 'az': -0.02, 'gx': 36.41, 'gy': -43.57, 'gz': -8.63}, {'t_us': 787394262, 'ax': -0.76, 'ay': -0.12, 'az': 0.11, 'gx': 17.8, 'gy': 0.0, 'gz': -4.61}, {'t_us': 787414271, 'ax': -1.17, 'ay': -0.19, 'az': -0.06, 'gx': -10.79, 'gy': 61.36, 'gz': 12.76}, {'t_us': 787434291, 'ax': -2.0, 'ay': -0.32, 'az': -0.37, 'gx': -22.2, 'gy': 33.02, 'gz': 46.76}]",2026-02-18 09:50:19,0.0
"[{'t_us': 787459184, 'ax': -2.0, 'ay': -0.3, 'az': -0.72, 'gx': -11.8, 'gy': -37.36, 'gz': 22.12}, {'t_us': 787474606, 'ax': -2.0, 'ay': -0.3, 'az': -0.6, 'gx': 26.64, 'gy': -70.29, 'gz': 11.8}, {'t_us': 787494271, 'ax': -1.87, 'ay': 0.0, 'az': 0.08, 'gx': 53.79, 'gy': 17.37, 'gz': -18.99}, {'t_us': 787514296, 'ax': -1.63, 'ay': -0.08, 'az': -0.03, 'gx': 79.88, 'gy': 96.75, 'gz': -24.34}, {'t_us': 787534276, 'ax': -1.68, 'ay': 0.04, 'az': 0.02, 'gx': 73.97, 'gy': 68.34, 'gz': -32.21}]",2026-02-18 09:50:19,0.0
"[{'t_us': 787558733, 'ax': -1.24, 'ay': 0.18, 'az': -0.06, 'gx': 46.29, 'gy': 3.76, 'gz': -27.94}, {'t_us': 787574296, 'ax': -0.85, 'ay': 0.0, 'az': -0.1, 'gx': 21.65, 'gy': -23.63, 'gz': -29.63}, {'t_us': 787594277, 'ax': -0.5, 'ay': -0.02, 'az': -0.08, 'gx': -3.15, 'gy': -11.18, 'gz': -12.98}, {'t_us': 787614303, 'ax': -0.19, 'ay': 0.06, 'az': -0.04, 'gx': -21.36, 'gy': -5.6, 'gz': -15.08}, {'t_us': 787634300, 'ax': 0.07, 'ay': 0.05, 'az': -0.04, 'gx': -31.28, 'gy': 6.98, 'gz': -16.15}]",2026-02-18 09:50:19,0.0
"[{'t_us': 787660583, 'ax': 0.25, 'ay': -0.03, 'az': -0.25, 'gx': -45.07, 'gy': 21.3, 'gz': -17.11}, {'t_us': 787674296, 'ax': 0.28, 'ay': -0.02, 'az': -0.41, 'gx': -28.53, 'gy': 4.84, 'gz': 3.19}, {'t_us': 787694262, 'ax': 0.15, 'ay': -0.03, 'az': -0.31, 'gx': -33.6, 'gy': -7.3, 'gz': 3.21}, {'t_us': 787714271, 'ax': 0.01, 'ay': -0.09, 'az': -0.33, 'gx': -29.39, 'gy': 2.46, 'gz': -4.72}, {'t_us': 787734324, 'ax': -0.53, 'ay': -0.02, 'az': -0.29, 'gx': -27.18, 'gy': 15.86, 'gz': -18.09}]",2026-02-18 09:50:19,0.0
"[{'t_us': 787760659, 'ax': -1.33, 'ay': 0.18, 'az': -0.29, 'gx': -27.66, 'gy': -14.84, 'gz': -30.55}, {'t_us': 787774262, 'ax': -1.92, 'ay': 0.38, 'az': -0.41, 'gx': -24.72, 'gy': 28.43, 'gz': -46.81}, {'t_us': 787794291, 'ax': -2.0, 'ay': 0.32, 'az': -0.43, 'gx': -8.58, 'gy': 28.09, 'gz': -37.24}, {'t_us': 787814321, 'ax': -2.0, 'ay': -0.13, 'az': 0.16, 'gx': -50.21, 'gy': -45.42, 'gz': -11.07}, {'t_us': 787834254, 'ax': -1.97, 'ay': -0.0, 'az': -0.06, 'gx': -97.92, 'gy': -24.87, 'gz': 1.86}]",2026-02-18 09:50:20,0.0
"[{'t_us': 787861252, 'ax': -1.19, 'ay': 0.17, 'az': -0.19, 'gx': -119.22, 'gy': 138.46, 'gz': 9.01}, {'t_us': 787874310, 'ax': -1.97, 'ay': 0.33, 'az': -0.46, 'gx': -114.15, 'gy': 109.18, 'gz': -0.46}, {'t_us': 787894308, 'ax': -1.68, 'ay': 0.31, 'az': -0.48, 'gx': -121.34, 'gy': -7.08, 'gz': -17.76}, {'t_us': 787914277, 'ax': -0.94, 'ay': -0.07, 'az': -0.55, 'gx': -89.36, 'gy': -69.71, 'gz': -9.53}, {'t_us': 787934312, 'ax': -0.47, 'ay': -0.07, 'az': -0.37, 'gx': -62.43, 'gy': -59.42, 'gz': -3.86}]",2026-02-18 09:50:20,0.0
"[{'t_us': 787959303, 'ax': 0.13, 'ay': -0.11, 'az': 0.1, 'gx': -61.21, 'gy': -25.97, 'gz': 7.51}, {'t_us': 787974298, 'ax': 0.29, 'ay': -0.03, 'az': 0.16, 'gx': -79.51, 'gy': -1.18, 'gz': 10.84}, {'t_us': 787994271, 'ax': 0.45, 'ay': -0.03, 'az': -0.34, 'gx': -77.34, 'gy': 10.0, 'gz': 2.46}, {'t_us': 788014277, 'ax': 0.62, 'ay': -0.19, 'az': -0.6, 'gx': -33.18, 'gy': -12.06, 'gz': 6.46}, {'t_us': 788034276, 'ax': 0.26, 'ay': -0.28, 'az': -0.45, 'gx': 22.44, 'gy': 22.43, 'gz': 7.74}]",2026-02-18 09:50:20,0.0
"[{'t_us': 788059160, 'ax': -0.07, 'ay': -0.15, 'az': -0.16, 'gx': 26.4, 'gy': -7.13, 'gz': -3.68}, {'t_us': 788074321, 'ax': -0.33, 'ay': -0.15, 'az': -0.14, 'gx': 19.73, 'gy': -25.48, 'gz': -9.47}, {'t_us': 788094255, 'ax': -0.79, 'ay': -0.13, 'az': -0.07, 'gx': -3.94, 'gy': -44.08, 'gz': -19.98}, {'t_us': 788114321, 'ax': -1.39, 'ay': -0.13, 'az': -0.46, 'gx': -27.07, 'gy': 110.43, 'gz': -21.21}, {'t_us': 788134271, 'ax': -2.0, 'ay': -0.51, 'az': -0.5, 'gx': -27.69, 'gy': 38.56, 'gz': 33.4}]",2026-02-18 09:50:20,0.0
"[{'t_us': 788159352, 'ax': -2.0, 'ay': -0.48, 'az': -0.8, 'gx': -28.14, 'gy': -41.1, 'gz': 18.11}, {'t_us': 788174335, 'ax': -1.6, 'ay': -0.27, 'az': -0.26, 'gx': -24.15, 'gy': -143.85, 'gz': 29.11}, {'t_us': 788194277, 'ax': -1.67, 'ay': 0.19, 'az': -0.07, 'gx': 53.85, 'gy': -22.17, 'gz': 0.34}, {'t_us': 788214281, 'ax': -2.0, 'ay': 0.13, 'az': -0.43, 'gx': 83.4, 'gy': 177.25, 'gz': -34.18}, {'t_us': 788234308, 'ax': -1.99, 'ay': 0.01, 'az': -0.1, 'gx': 52.44, 'gy': 61.45, 'gz': -45.89}]",2026-02-18 09:50:20,0.0
"[{'t_us': 788260619, 'ax': -1.3, 'ay': 0.07, 'az': -0.17, 'gx': 25.21, 'gy': -10.53, 'gz': -31.82}, {'t_us': 788274753, 'ax': -0.87, 'ay': 0.02, 'az': -0.13, 'gx': 10.32, 'gy': -44.64, 'gz': -42.98}, {'t_us': 788294299, 'ax': -0.27, 'ay': -0.07, 'az': -0.11, 'gx': -8.6, 'gy': -27.66, 'gz': -33.31}, {'t_us': 788314277, 'ax': -0.09, 'ay': 0.04, 'az': -0.02, 'gx': -29.51, 'gy': -14.85, 'gz': -2.67}, {'t_us': 788334303, 'ax': 0.16, 'ay': 0.1, 'az': 0.09, 'gx': -42.23, 'gy': -11.65, 'gz': 4.58}]",2026-02-18 09:50:20,0.0
"[{'t_us': 788359262, 'ax': 0.31, 'ay': 0.14, 'az': -0.15, 'gx': -58.11, 'gy': 5.18, 'gz': 3.91}, {'t_us': 788374271, 'ax': 0.4, 'ay': 0.1, 'az': -0.35, 'gx': -59.66, 'gy': -6.31, 'gz': 3.73}, {'t_us': 788394262, 'ax': 0.32, 'ay': -0.01, 'az': -0.41, 'gx': -43.88, 'gy': -13.27, 'gz': 7.69}, {'t_us': 788414271, 'ax': 0.1, 'ay': -0.18, 'az': -0.38, 'gx': -38.02, 'gy': -14.66, 'gz': -2.67}, {'t_us': 788434311, 'ax': -0.3, 'ay': -0.14, 'az': -0.2, 'gx': -29.97, 'gy': -15.57, 'gz': -14.12}]",2026-02-18 09:50:20,0.0
"[{'t_us': 788460938, 'ax': -0.86, 'ay': 0.02, 'az': -0.35, 'gx': -43.71, 'gy': -20.38, 'gz': -28.17}, {'t_us': 788474271, 'ax': -1.32, 'ay': 0.22, 'az': -0.39, 'gx': -55.04, 'gy': -24.99, 'gz': -27.04}, {'t_us': 788494296, 'ax': -2.0, 'ay': 0.52, 'az': -0.47, 'gx': -66.46, 'gy': 25.74, 'gz': -48.9}, {'t_us': 788514321, 'ax': -2.0, 'ay': 0.35, 'az': -0.11, 'gx': -70.4, 'gy': 26.56, 'gz': -27.04}, {'t_us': 788534281, 'ax': -2.0, 'ay': 0.11, 'az': -0.44, 'gx': -150.64, 'gy': -127.02, 'gz': -0.76}]",2026-02-18 09:50:20,0.0
"[{'t_us': 788560308, 'ax': -0.97, 'ay': 0.17, 'az': 0.14, 'gx': -173.02, 'gy': 33.57, 'gz': 12.14}, {'t_us': 788574290, 'ax': -1.55, 'ay': 0.36, 'az': -0.31, 'gx': -185.56, 'gy': 137.21, 'gz': 12.18}, {'t_us': 788594288, 'ax': -1.96, 'ay': 0.35, 'az': -0.5, 'gx': -176.58, 'gy': 21.47, 'gz': -39.59}, {'t_us': 788614308, 'ax': -1.5, 'ay': -0.17, 'az': -0.56, 'gx': -151.02, 'gy': 22.06, 'gz': -18.2}, {'t_us': 788634308, 'ax': -0.71, 'ay': -0.24, 'az': -0.44, 'gx': -115.39, 'gy': -64.32, 'gz': -20.52}]",2026-02-18 09:50:20,0.0
"[{'t_us': 788659431, 'ax': -0.17, 'ay': -0.24, 'az': -0.54, 'gx': -64.72, 'gy': -34.43, 'gz': -14.64}, {'t_us': 788674271, 'ax': 0.19, 'ay': -0.3, 'az': -0.25, 'gx': -39.79, 'gy': -20.46, 'gz': -5.92}, {'t_us': 788694277, 'ax': 0.42, 'ay': -0.11, 'az': 0.04, 'gx': -45.4, 'gy': 0.24, 'gz': -1.66}, {'t_us': 788714303, 'ax': 0.67, 'ay': -0.0, 'az': -0.3, 'gx': -41.18, 'gy': -12.78, 'gz': -0.53}, {'t_us': 788734316, 'ax': 0.41, 'ay': -0.07, 'az': -0.38, 'gx': -14.43, 'gy': -0.31, 'gz': 1.22}]",2026-02-18 09:50:20,0.0
"[{'t_us': 788759050, 'ax': -0.14, 'ay': -0.09, 'az': -0.17, 'gx': 4.18, 'gy': 3.07, 'gz': -17.48}, {'t_us': 788775733, 'ax': -0.11, 'ay': -0.04, 'az': -0.12, 'gx': -3.62, 'gy': -29.18, 'gz': -26.21}, {'t_us': 788794255, 'ax': -0.46, 'ay': -0.13, 'az': -0.1, 'gx': -13.76, 'gy': -87.92, 'gz': -15.85}, {'t_us': 788814288, 'ax': -0.92, 'ay': 0.08, 'az': -0.53, 'gx': -23.88, 'gy': 63.77, 'gz': -30.11}, {'t_us': 788834312, 'ax': -1.87, 'ay': -0.54, 'az': -0.72, 'gx': -8.31, 'gy': 145.85, 'gz': -13.3}]",2026-02-18 09:50:21,0.0
"[{'t_us': 788860686, 'ax': -2.0, 'ay': -0.91, 'az': -0.57, 'gx': -20.93, 'gy': 10.64, 'gz': 0.9}, {'t_us': 788874259, 'ax': -2.0, 'ay': -0.46, 'az': -0.51, 'gx': -29.22, 'gy': -87.22, 'gz': 12.0}, {'t_us': 788894262, 'ax': -1.69, 'ay': 0.23, 'az': -0.17, 'gx': -13.07, 'gy': -65.92, 'gz': 30.64}, {'t_us': 788914271, 'ax': -1.48, 'ay': 0.26, 'az': -0.34, 'gx': 29.04, 'gy': 47.1, 'gz': 1.66}, {'t_us': 788934281, 'ax': -2.0, 'ay': -0.19, 'az': -0.78, 'gx': 43.57, 'gy': 188.17, 'gz': -19.62}]",2026-02-18 09:50:21,0.0
"[{'t_us': 788959114, 'ax': -1.26, 'ay': -0.08, 'az': -0.08, 'gx': 6.11, 'gy': 14.32, 'gz': -46.96}, {'t_us': 788974309, 'ax': -1.21, 'ay': -0.1, 'az': -0.24, 'gx': 2.41, 'gy': 6.49, 'gz': -37.92}, {'t_us': 788994277, 'ax': -0.74, 'ay': -0.07, 'az': -0.26, 'gx': -18.99, 'gy': -50.09, 'gz': -23.07}, {'t_us': 789014281, 'ax': -0.43, 'ay': -0.16, 'az': -0.14, 'gx': -30.03, 'gy': -64.5, 'gz': -13.44}, {'t_us': 789034309, 'ax': 0.04, 'ay': 0.02, 'az': 0.08, 'gx': -42.73, 'gy': -32.61, 'gz': -2.81}]",2026-02-18 09:50:21,0.0
"[{'t_us': 789058941, 'ax': 0.16, 'ay': 0.15, 'az': 0.08, 'gx': -39.01, 'gy': 31.56, 'gz': -12.02}, {'t_us': 789075002, 'ax': 0.23, 'ay': 0.06, 'az': -0.29, 'gx': -56.52, 'gy': -4.17, 'gz': -0.26}, {'t_us': 789094296, 'ax': 0.05, 'ay': 0.1, 'az': -0.21, 'gx': -38.75, 'gy': -31.4, 'gz': 3.34}, {'t_us': 789114321, 'ax': 0.15, 'ay': -0.06, 'az': -0.13, 'gx': -44.52, 'gy': -25.91, 'gz': -11.79}, {'t_us': 789134271, 'ax': -0.05, 'ay': -0.03, 'az': -0.1, 'gx': -56.46, 'gy': -11.56, 'gz': -9.8}]",2026-02-18 09:50:21,0.0
"[{'t_us': 789158758, 'ax': -0.59, 'ay': 0.06, 'az': -0.29, 'gx': -75.25, 'gy': -16.95, 'gz': -17.77}, {'t_us': 789175202, 'ax': -1.0, 'ay': 0.09, 'az': -0.48, 'gx': -87.33, 'gy': -8.35, 'gz': -25.4}, {'t_us': 789194277, 'ax': -1.95, 'ay': 0.45, 'az': -0.51, 'gx': -104.31, 'gy': -41.53, 'gz': -38.02}, {'t_us': 789214303, 'ax': -2.0, 'ay': 0.73, 'az': -0.46, 'gx': -103.24, 'gy': -19.66, 'gz': -39.94}, {'t_us': 789234296, 'ax': -2.0, 'ay': 0.09, 'az': -0.14, 'gx': -148.31, 'gy': -91.92, 'gz': -18.98}]",2026-02-18 09:50:21,0.0
"[{'t_us': 789260930, 'ax': -1.61, 'ay': 0.03, 'az': -0.27, 'gx': -171.24, 'gy': -16.2, 'gz': -11.54}, {'t_us': 789274292, 'ax': -1.3, 'ay': -0.09, 'az': -0.31, 'gx': -159.5, 'gy': 54.05, 'gz': -3.53}, {'t_us': 789294306, 'ax': -1.73, 'ay': -0.02, 'az': -0.19, 'gx': -165.01, 'gy': 55.21, 'gz': 2.73}, {'t_us': 789314300, 'ax': -1.37, 'ay': -0.08, 'az': -0.34, 'gx': -162.78, 'gy': 10.84, 'gz': 6.32}, {'t_us': 789334321, 'ax': -1.14, 'ay': 0.01, 'az': -0.32, 'gx': -147.59, 'gy': -40.03, 'gz': -0.35}]",2026-02-18 09:50:21,0.0
"[{'t_us': 789360608, 'ax': -0.46, 'ay': -0.02, 'az': -0.36, 'gx': -120.69, 'gy': -13.04, 'gz': -1.69}, {'t_us': 789375120, 'ax': -0.17, 'ay': -0.05, 'az': -0.24, 'gx': -98.43, 'gy': 11.28, 'gz': -10.31}, {'t_us': 789394262, 'ax': 0.08, 'ay': -0.12, 'az': -0.19, 'gx': -87.39, 'gy': -7.98, 'gz': -6.98}, {'t_us': 789414291, 'ax': 0.4, 'ay': -0.13, 'az': -0.28, 'gx': -55.53, 'gy': -7.71, 'gz': -6.84}, {'t_us': 789434288, 'ax': 0.68, 'ay': -0.21, 'az': -0.42, 'gx': -18.46, 'gy': -17.92, 'gz': -2.52}]",2026-02-18 09:50:21,0.0
"[{'t_us': 789460401, 'ax': 0.37, 'ay': -0.17, 'az': -0.23, 'gx': 9.08, 'gy': 1.42, 'gz': 7.42}, {'t_us': 789474277, 'ax': 0.03, 'ay': -0.15, 'az': -0.16, 'gx': 1.07, 'gy': 1.73, 'gz': 1.85}, {'t_us': 789494303, 'ax': -0.43, 'ay': -0.08, 'az': -0.25, 'gx': -5.97, 'gy': 4.93, 'gz': -11.51}, {'t_us': 789514308, 'ax': -0.92, 'ay': -0.1, 'az': -0.06, 'gx': -31.11, 'gy': -57.85, 'gz': -35.15}, {'t_us': 789534303, 'ax': -1.45, 'ay': -0.17, 'az': -0.39, 'gx': -49.92, 'gy': 86.24, 'gz': -19.79}]",2026-02-18 09:50:21,
