samples,timestamp,label
"[{'t_us': 175803364, 'ax': -1.96, 'ay': 0.36, 'az': -0.93, 'gx': 23.53, 'gy': 273.08, 'gz': 15.59}, {'t_us': 175805316, 'ax': -1.99, 'ay': 0.35, 'az': -0.89, 'gx': 20.66, 'gy': 280.87, 'gz': 16.09}, {'t_us': 175807253, 'ax': -2.0, 'ay': 0.33, 'az': -0.83, 'gx': 20.66, 'gy': 280.87, 'gz': 16.09}, {'t_us': 175809246, 'ax': -2.0, 'ay': 0.26, 'az': -0.75, 'gx': 16.58, 'gy': 283.16, 'gz': 15.28}, {'t_us': 175811823, 'ax': -2.0, 'ay': 0.23, 'az': -0.7, 'gx': 11.47, 'gy': 280.21, 'gz': 13.04}]",2026-02-18 09:40:08,0.0
"[{'t_us': 175858979, 'ax': -1.6, 'ay': -0.1, 'az': -1.36, 'gx': -91.04, 'gy': 58.41, 'gz': -0.09}, {'t_us': 175874312, 'ax': -2.0, 'ay': 0.12, 'az': -1.27, 'gx': -50.24, 'gy': -37.19, 'gz': -11.4}, {'t_us': 175894308, 'ax': -1.27, 'ay': -0.14, 'az': -0.58, 'gx': -35.47, 'gy': -124.81, 'gz': -24.5}, {'t_us': 175914276, 'ax': -1.02, 'ay': -0.1, 'az': -0.22, 'gx': -58.61, 'gy': -56.31, 'gz': -29.36}, {'t_us': 175934288, 'ax': -0.75, 'ay': -0.05, 'az': -0.31, 'gx': -74.89, 'gy': 0.11, 'gz': -42.89}]",2026-02-18 09:40:08,0.0
"[{'t_us': 175960460, 'ax': -0.48, 'ay': -0.02, 'az': -0.45, 'gx': -66.76, 'gy': -7.92, 'gz': -41.57}, {'t_us': 175974276, 'ax': -0.25, 'ay': -0.04, 'az': -0.43, 'gx': -57.76, 'gy': -23.95, 'gz': -37.24}, {'t_us': 175994291, 'ax': -0.01, 'ay': -0.1, 'az': -0.43, 'gx': -38.79, 'gy': -26.89, 'gz': -30.89}, {'t_us': 176014291, 'ax': 0.15, 'ay': -0.17, 'az': -0.42, 'gx': -17.05, 'gy': -44.73, 'gz': -25.48}, {'t_us': 176034292, 'ax': 0.26, 'ay': -0.15, 'az': -0.43, 'gx': 7.11, 'gy': -44.93, 'gz': -19.11}]",2026-02-18 09:40:08,0.0
"[{'t_us': 176059136, 'ax': 0.22, 'ay': -0.08, 'az': -0.34, 'gx': 31.31, 'gy': -57.13, 'gz': -6.2}, {'t_us': 176074286, 'ax': 0.12, 'ay': -0.14, 'az': -0.31, 'gx': 41.97, 'gy': -41.48, 'gz': -0.7}, {'t_us': 176094268, 'ax': -0.1, 'ay': -0.24, 'az': -0.33, 'gx': 55.39, 'gy': -16.69, 'gz': 10.55}, {'t_us': 176114276, 'ax': -0.86, 'ay': -0.52, 'az': -0.5, 'gx': 72.92, 'gy': 45.19, 'gz': 37.62}, {'t_us': 176134271, 'ax': -2.0, 'ay': -0.63, 'az': 0.26, 'gx': 33.37, 'gy': 86.17, 'gz': 39.51}]",2026-02-18 09:40:08,0.0
"[{'t_us': 176160902, 'ax': -2.0, 'ay': -0.5, 'az': -1.52, 'gx': 14.75, 'gy': 167.65, 'gz': 4.02}, {'t_us': 176174296, 'ax': -2.0, 'ay': -0.3, 'az': -1.59, 'gx': 35.59, 'gy': 79.42, 'gz': -0.64}, {'t_us': 176194299, 'ax': -1.7, 'ay': -0.21, 'az': -0.71, 'gx': 24.78, 'gy': -109.94, 'gz': -4.43}, {'t_us': 176214265, 'ax': -1.39, 'ay': -0.24, 'az': -0.23, 'gx': 14.02, 'gy': -53.6, 'gz': -1.98}, {'t_us': 176234276, 'ax': -1.2, 'ay': -0.26, 'az': -0.34, 'gx': -4.76, 'gy': -14.37, 'gz': -3.85}]",2026-02-18 09:40:08,0.0
"[{'t_us': 176259154, 'ax': -0.93, 'ay': -0.18, 'az': -0.36, 'gx': -5.01, 'gy': -20.02, 'gz': 2.96}, {'t_us': 176274296, 'ax': -0.75, 'ay': -0.16, 'az': -0.18, 'gx': 0.92, 'gy': 0.31, 'gz': 8.34}, {'t_us': 176294291, 'ax': -0.56, 'ay': -0.11, 'az': -0.12, 'gx': 10.84, 'gy': 35.47, 'gz': 10.64}, {'t_us': 176314281, 'ax': -0.38, 'ay': -0.03, 'az': -0.16, 'gx': 12.09, 'gy': 42.7, 'gz': 9.89}, {'t_us': 176334276, 'ax': -0.25, 'ay': 0.01, 'az': -0.21, 'gx': 1.48, 'gy': 21.51, 'gz': 6.43}]",2026-02-18 09:40:08,0.0
"[{'t_us': 176360376, 'ax': -0.09, 'ay': 0.04, 'az': -0.28, 'gx': -16.61, 'gy': -36.67, 'gz': -2.52}, {'t_us': 176376172, 'ax': 0.05, 'ay': 0.05, 'az': -0.26, 'gx': -21.33, 'gy': -42.08, 'gz': -6.66}, {'t_us': 176394296, 'ax': 0.04, 'ay': 0.02, 'az': -0.17, 'gx': -29.02, 'gy': -44.47, 'gz': -4.32}, {'t_us': 176414308, 'ax': -0.06, 'ay': 0.03, 'az': -0.17, 'gx': -43.59, 'gy': -46.17, 'gz': -4.06}, {'t_us': 176434274, 'ax': -0.2, 'ay': -0.02, 'az': -0.27, 'gx': -55.37, 'gy': -28.27, 'gz': -14.52}]",2026-02-18 09:40:08,0.0
"[{'t_us': 176460669, 'ax': -0.94, 'ay': -0.26, 'az': -0.92, 'gx': -63.3, 'gy': 57.18, 'gz': -14.67}, {'t_us': 176474271, 'ax': -1.64, 'ay': -0.19, 'az': -1.43, 'gx': -39.02, 'gy': 80.4, 'gz': -16.12}, {'t_us': 176494304, 'ax': -1.81, 'ay': 0.08, 'az': -1.21, 'gx': 6.34, 'gy': 138.47, 'gz': -1.11}, {'t_us': 176514281, 'ax': -2.0, 'ay': -0.21, 'az': 0.09, 'gx': -41.83, 'gy': 2.21, 'gz': -22.4}, {'t_us': 176534314, 'ax': -1.46, 'ay': 0.09, 'az': -0.55, 'gx': -134.23, 'gy': -42.95, 'gz': -30.76}]",2026-02-18 09:40:08,0.0
"[{'t_us': 176560495, 'ax': -2.0, 'ay': 0.15, 'az': -1.17, 'gx': -72.21, 'gy': -27.34, 'gz': -10.81}, {'t_us': 176574262, 'ax': -1.85, 'ay': 0.0, 'az': -0.88, 'gx': -58.82, 'gy': -112.82, 'gz': -16.75}, {'t_us': 176594262, 'ax': -1.25, 'ay': -0.1, 'az': -0.29, 'gx': -63.28, 'gy': -51.92, 'gz': -16.76}, {'t_us': 176614319, 'ax': -1.05, 'ay': 0.02, 'az': -0.41, 'gx': -75.62, 'gy': 24.99, 'gz': -28.32}, {'t_us': 176634309, 'ax': -0.82, 'ay': 0.03, 'az': -0.52, 'gx': -75.13, 'gy': 9.48, 'gz': -35.83}]",2026-02-18 09:40:08,0.0
"[{'t_us': 176658697, 'ax': -0.47, 'ay': -0.04, 'az': -0.4, 'gx': -63.69, 'gy': -24.34, 'gz': -34.96}, {'t_us': 176674286, 'ax': -0.22, 'ay': -0.1, 'az': -0.37, 'gx': -55.69, 'gy': -32.9, 'gz': -30.72}, {'t_us': 176694304, 'ax': -0.01, 'ay': -0.16, 'az': -0.36, 'gx': -42.7, 'gy': -43.45, 'gz': -23.4}, {'t_us': 176714271, 'ax': 0.07, 'ay': -0.15, 'az': -0.41, 'gx': -25.07, 'gy': -48.29, 'gz': -21.95}, {'t_us': 176734276, 'ax': 0.24, 'ay': -0.16, 'az': -0.43, 'gx': 1.39, 'gy': -55.57, 'gz': -14.44}]",2026-02-18 09:40:08,0.0
"[{'t_us': 176758832, 'ax': 0.33, 'ay': -0.14, 'az': -0.4, 'gx': 33.4, 'gy': -61.05, 'gz': -6.64}, {'t_us': 176774276, 'ax': 0.27, 'ay': -0.12, 'az': -0.3, 'gx': 53.28, 'gy': -73.37, 'gz': 2.23}, {'t_us': 176794276, 'ax': 0.13, 'ay': -0.23, 'az': -0.24, 'gx': 67.22, 'gy': -44.84, 'gz': 9.98}, {'t_us': 176814263, 'ax': -0.3, 'ay': -0.48, 'az': -0.61, 'gx': 55.95, 'gy': 6.0, 'gz': 22.17}, {'t_us': 176834281, 'ax': -1.95, 'ay': -0.72, 'az': 0.11, 'gx': 18.82, 'gy': 157.11, 'gz': 42.73}]",2026-02-18 09:40:09,0.0
"[{'t_us': 176858942, 'ax': -2.0, 'ay': -0.2, 'az': -1.19, 'gx': -66.61, 'gy': 208.96, 'gz': -30.79}, {'t_us': 176874281, 'ax': -1.96, 'ay': 0.05, 'az': -1.71, 'gx': 10.66, 'gy': 97.57, 'gz': -39.82}, {'t_us': 176894271, 'ax': -1.71, 'ay': -0.07, 'az': -0.52, 'gx': 1.16, 'gy': -76.96, 'gz': -38.31}, {'t_us': 176914308, 'ax': -1.35, 'ay': -0.27, 'az': -0.18, 'gx': -14.27, 'gy': -74.89, 'gz': -20.9}, {'t_us': 176934268, 'ax': -1.12, 'ay': -0.33, 'az': -0.34, 'gx': -41.94, 'gy': -39.16, 'gz': -20.67}]",2026-02-18 09:40:09,0.0
"[{'t_us': 176958856, 'ax': -0.92, 'ay': -0.24, 'az': -0.38, 'gx': -69.68, 'gy': -49.59, 'gz': -21.68}, {'t_us': 176975839, 'ax': -0.81, 'ay': -0.17, 'az': -0.29, 'gx': -61.69, 'gy': -32.64, 'gz': -13.97}, {'t_us': 176994271, 'ax': -0.67, 'ay': -0.18, 'az': -0.17, 'gx': -36.46, 'gy': 14.31, 'gz': -5.51}, {'t_us': 177014291, 'ax': -0.59, 'ay': -0.13, 'az': -0.21, 'gx': -18.32, 'gy': 51.71, 'gz': 0.29}, {'t_us': 177034296, 'ax': -0.53, 'ay': -0.02, 'az': -0.31, 'gx': -13.65, 'gy': 46.23, 'gz': -1.65}]",2026-02-18 09:40:09,0.0
"[{'t_us': 177060414, 'ax': -0.27, 'ay': -0.01, 'az': -0.29, 'gx': -20.61, 'gy': 9.54, 'gz': -7.79}, {'t_us': 177074281, 'ax': -0.26, 'ay': 0.02, 'az': -0.21, 'gx': -28.82, 'gy': -7.21, 'gz': -12.95}, {'t_us': 177094281, 'ax': -0.29, 'ay': -0.05, 'az': -0.14, 'gx': -38.79, 'gy': -8.82, 'gz': -16.79}, {'t_us': 177114305, 'ax': -0.25, 'ay': -0.01, 'az': -0.2, 'gx': -49.73, 'gy': -27.73, 'gz': -21.01}, {'t_us': 177134323, 'ax': -0.15, 'ay': 0.0, 'az': -0.27, 'gx': -47.94, 'gy': -38.53, 'gz': -27.3}]",2026-02-18 09:40:09,0.0
"[{'t_us': 177158960, 'ax': -0.01, 'ay': 0.01, 'az': -0.34, 'gx': -53.82, 'gy': -29.83, 'gz': -37.86}, {'t_us': 177174271, 'ax': -0.01, 'ay': -0.09, 'az': -0.49, 'gx': -53.69, 'gy': -20.46, 'gz': -42.06}, {'t_us': 177194299, 'ax': -0.56, 'ay': -0.23, 'az': -0.79, 'gx': -10.11, 'gy': 76.18, 'gz': -34.34}, {'t_us': 177214271, 'ax': -1.52, 'ay': -0.2, 'az': -0.93, 'gx': 61.79, 'gy': 146.32, 'gz': -11.82}, {'t_us': 177234291, 'ax': -2.0, 'ay': -0.32, 'az': 0.6, 'gx': -8.11, 'gy': 56.79, 'gz': -70.17}]",2026-02-18 09:40:09,0.0
"[{'t_us': 177259002, 'ax': -1.8, 'ay': -0.44, 'az': -1.5, 'gx': -87.73, 'gy': 40.49, 'gz': 18.46}, {'t_us': 177274311, 'ax': -2.0, 'ay': 0.31, 'az': -1.56, 'gx': -59.34, 'gy': -96.03, 'gz': 29.82}, {'t_us': 177294263, 'ax': -2.0, 'ay': 0.21, 'az': -0.5, 'gx': -38.43, 'gy': -146.98, 'gz': 11.74}, {'t_us': 177314296, 'ax': -1.55, 'ay': 0.14, 'az': -0.3, 'gx': -65.05, 'gy': 0.24, 'gz': 3.11}, {'t_us': 177334268, 'ax': -1.51, 'ay': 0.2, 'az': -0.58, 'gx': -92.49, 'gy': 49.22, 'gz': -8.18}]",2026-02-18 09:40:09,0.0
"[{'t_us': 177360398, 'ax': -1.28, 'ay': 0.27, 'az': -0.7, 'gx': -94.67, 'gy': 16.93, 'gz': -21.62}, {'t_us': 177374308, 'ax': -1.09, 'ay': 0.19, 'az': -0.56, 'gx': -92.41, 'gy': 5.98, 'gz': -34.21}, {'t_us': 177394255, 'ax': -0.71, 'ay': -0.03, 'az': -0.22, 'gx': -100.18, 'gy': -18.46, 'gz': -42.55}, {'t_us': 177414288, 'ax': -0.38, 'ay': -0.09, 'az': -0.21, 'gx': -115.05, 'gy': -52.35, 'gz': -43.33}, {'t_us': 177434276, 'ax': -0.02, 'ay': -0.08, 'az': -0.31, 'gx': -110.76, 'gy': -77.98, 'gz': -40.17}]",2026-02-18 09:40:09,0.0
"[{'t_us': 177460439, 'ax': 0.12, 'ay': -0.1, 'az': -0.36, 'gx': -78.03, 'gy': -70.92, 'gz': -35.31}, {'t_us': 177474327, 'ax': 0.22, 'ay': -0.12, 'az': -0.36, 'gx': -60.32, 'gy': -56.6, 'gz': -38.79}, {'t_us': 177494263, 'ax': 0.33, 'ay': -0.11, 'az': -0.4, 'gx': -40.85, 'gy': -53.37, 'gz': -37.24}, {'t_us': 177514291, 'ax': 0.4, 'ay': -0.05, 'az': -0.41, 'gx': -26.89, 'gy': -96.49, 'gz': -28.55}, {'t_us': 177534291, 'ax': 0.45, 'ay': -0.04, 'az': -0.32, 'gx': -21.66, 'gy': -130.98, 'gz': -21.51}]",2026-02-18 09:40:09,0.0
"[{'t_us': 177560673, 'ax': 0.25, 'ay': -0.19, 'az': -0.33, 'gx': -32.41, 'gy': -62.61, 'gz': -5.44}, {'t_us': 177574287, 'ax': -0.07, 'ay': -0.24, 'az': -0.59, 'gx': -35.89, 'gy': -31.15, 'gz': 6.56}, {'t_us': 177594319, 'ax': -0.73, 'ay': -0.46, 'az': -0.77, 'gx': -12.69, 'gy': 47.57, 'gz': 43.16}, {'t_us': 177614315, 'ax': -2.0, 'ay': -0.62, 'az': 0.14, 'gx': -12.31, 'gy': 203.16, 'gz': 74.55}, {'t_us': 177634255, 'ax': -2.0, 'ay': -0.42, 'az': -0.72, 'gx': -27.3, 'gy': 184.09, 'gz': 7.27}]",2026-02-18 09:40:09,0.0
"[{'t_us': 177660452, 'ax': -1.46, 'ay': -0.72, 'az': -1.08, 'gx': 9.15, 'gy': 10.21, 'gz': -4.89}, {'t_us': 177674259, 'ax': -2.0, 'ay': -0.58, 'az': -1.54, 'gx': 32.56, 'gy': -56.95, 'gz': 31.34}, {'t_us': 177694271, 'ax': -1.77, 'ay': -0.26, 'az': -0.47, 'gx': 40.27, 'gy': -142.92, 'gz': 7.86}, {'t_us': 177714276, 'ax': -1.46, 'ay': -0.34, 'az': -0.03, 'gx': 31.97, 'gy': -63.74, 'gz': 4.26}, {'t_us': 177734309, 'ax': -1.28, 'ay': -0.43, 'az': -0.25, 'gx': 19.02, 'gy': 11.25, 'gz': -2.67}]",2026-02-18 09:40:09,0.0
"[{'t_us': 177759275, 'ax': -1.15, 'ay': -0.45, 'az': -0.4, 'gx': 10.31, 'gy': 42.98, 'gz': 7.31}, {'t_us': 177774271, 'ax': -1.14, 'ay': -0.43, 'az': -0.37, 'gx': 5.98, 'gy': 47.33, 'gz': 12.05}, {'t_us': 177794296, 'ax': -1.05, 'ay': -0.33, 'az': -0.24, 'gx': 1.01, 'gy': 46.41, 'gz': 24.44}, {'t_us': 177814296, 'ax': -0.76, 'ay': -0.21, 'az': -0.21, 'gx': 12.06, 'gy': 44.32, 'gz': 21.33}, {'t_us': 177834281, 'ax': -0.53, 'ay': -0.17, 'az': -0.09, 'gx': 31.98, 'gy': 65.18, 'gz': 22.72}]",2026-02-18 09:40:10,0.0
"[{'t_us': 177858979, 'ax': -0.29, 'ay': -0.05, 'az': -0.15, 'gx': 28.69, 'gy': 50.37, 'gz': 20.58}, {'t_us': 177874310, 'ax': -0.2, 'ay': 0.03, 'az': -0.22, 'gx': 24.26, 'gy': 22.96, 'gz': 16.61}, {'t_us': 177894263, 'ax': -0.13, 'ay': 0.15, 'az': -0.17, 'gx': 14.02, 'gy': -19.3, 'gz': 5.42}, {'t_us': 177914271, 'ax': -0.06, 'ay': 0.21, 'az': -0.07, 'gx': -2.21, 'gy': -63.42, 'gz': -12.03}, {'t_us': 177934320, 'ax': 0.11, 'ay': 0.02, 'az': -0.18, 'gx': -17.13, 'gy': -65.19, 'gz': -21.53}]",2026-02-18 09:40:10,0.0
"[{'t_us': 177960468, 'ax': -0.1, 'ay': 0.02, 'az': -0.17, 'gx': -35.19, 'gy': -75.01, 'gz': -16.4}, {'t_us': 177974311, 'ax': -0.06, 'ay': -0.04, 'az': -0.29, 'gx': -45.63, 'gy': -76.49, 'gz': -14.55}, {'t_us': 177994263, 'ax': -0.16, 'ay': -0.09, 'az': -0.4, 'gx': -57.98, 'gy': -54.18, 'gz': -10.26}, {'t_us': 178014271, 'ax': -0.45, 'ay': -0.14, 'az': -0.51, 'gx': -51.76, 'gy': 36.98, 'gz': -3.98}, {'t_us': 178034262, 'ax': -1.24, 'ay': -0.08, 'az': -0.75, 'gx': -19.83, 'gy': 132.49, 'gz': -7.25}]",2026-02-18 09:40:10,0.0
"[{'t_us': 178060608, 'ax': -2.0, 'ay': 0.2, 'az': -0.56, 'gx': -30.14, 'gy': 264.73, 'gz': -58.43}, {'t_us': 178074256, 'ax': -2.0, 'ay': 0.02, 'az': -0.36, 'gx': -85.59, 'gy': 198.58, 'gz': -122.84}, {'t_us': 178094303, 'ax': -2.0, 'ay': -0.42, 'az': -1.44, 'gx': -97.27, 'gy': 143.02, 'gz': -82.9}, {'t_us': 178114299, 'ax': -2.0, 'ay': 0.03, 'az': -1.16, 'gx': -95.51, 'gy': -177.34, 'gz': -23.3}, {'t_us': 178134276, 'ax': -1.69, 'ay': 0.23, 'az': -0.59, 'gx': -84.23, 'gy': -197.21, 'gz': 5.68}]",2026-02-18 09:40:10,0.0
"[{'t_us': 178158910, 'ax': -1.37, 'ay': 0.09, 'az': -0.42, 'gx': -91.54, 'gy': -43.54, 'gz': -5.11}, {'t_us': 178174255, 'ax': -1.32, 'ay': 0.01, 'az': -0.53, 'gx': -108.49, 'gy': 7.88, 'gz': -17.39}, {'t_us': 178194288, 'ax': -1.15, 'ay': 0.12, 'az': -0.52, 'gx': -127.86, 'gy': 14.95, 'gz': -35.89}, {'t_us': 178214288, 'ax': -0.75, 'ay': 0.18, 'az': -0.45, 'gx': -138.0, 'gy': -0.11, 'gz': -46.73}, {'t_us': 178234308, 'ax': -0.46, 'ay': 0.18, 'az': -0.37, 'gx': -133.95, 'gy': -8.27, 'gz': -50.93}]",2026-02-18 09:40:10,0.0
"[{'t_us': 178260672, 'ax': -0.11, 'ay': -0.03, 'az': -0.25, 'gx': -122.08, 'gy': -54.56, 'gz': -58.29}, {'t_us': 178274319, 'ax': -0.0, 'ay': -0.11, 'az': -0.19, 'gx': -118.24, 'gy': -74.05, 'gz': -57.18}, {'t_us': 178294304, 'ax': 0.16, 'ay': -0.16, 'az': -0.22, 'gx': -116.43, 'gy': -100.27, 'gz': -47.63}, {'t_us': 178314304, 'ax': 0.24, 'ay': -0.12, 'az': -0.32, 'gx': -99.57, 'gy': -92.32, 'gz': -40.12}, {'t_us': 178334286, 'ax': 0.41, 'ay': -0.12, 'az': -0.44, 'gx': -82.73, 'gy': -57.5, 'gz': -28.49}]",2026-02-18 09:40:10,0.0
"[{'t_us': 178360766, 'ax': 0.27, 'ay': -0.08, 'az': -0.53, 'gx': -61.57, 'gy': -34.0, 'gz': -11.27}, {'t_us': 178374288, 'ax': 0.19, 'ay': -0.02, 'az': -0.53, 'gx': -53.69, 'gy': -48.21, 'gz': -9.97}, {'t_us': 178394292, 'ax': -0.03, 'ay': -0.09, 'az': -0.58, 'gx': -47.25, 'gy': -49.6, 'gz': -7.73}, {'t_us': 178414255, 'ax': -0.36, 'ay': -0.2, 'az': -0.69, 'gx': -39.69, 'gy': 6.46, 'gz': 12.05}, {'t_us': 178434288, 'ax': -1.35, 'ay': -0.47, 'az': -0.48, 'gx': -21.42, 'gy': 129.15, 'gz': 49.74}]",2026-02-18 09:40:10,0.0
"[{'t_us': 178459060, 'ax': -2.0, 'ay': -0.47, 'az': -0.08, 'gx': -26.69, 'gy': 260.05, 'gz': 16.03}, {'t_us': 178476600, 'ax': -2.0, 'ay': -1.07, 'az': -1.32, 'gx': -7.76, 'gy': 102.4, 'gz': -56.32}, {'t_us': 178494288, 'ax': -1.52, 'ay': -0.79, 'az': -1.81, 'gx': 25.95, 'gy': -76.09, 'gz': 31.57}, {'t_us': 178514308, 'ax': -2.0, 'ay': -0.19, 'az': -0.4, 'gx': 31.19, 'gy': -92.78, 'gz': 7.31}, {'t_us': 178534281, 'ax': -1.33, 'ay': -0.26, 'az': -0.24, 'gx': 11.63, 'gy': -67.71, 'gz': -4.09}]",2026-02-18 09:40:10,0.0
"[{'t_us': 178561429, 'ax': -1.18, 'ay': -0.28, 'az': -0.47, 'gx': -16.52, 'gy': -18.56, 'gz': -22.35}, {'t_us': 178574262, 'ax': -0.95, 'ay': -0.32, 'az': -0.48, 'gx': -18.37, 'gy': -14.7, 'gz': -20.44}, {'t_us': 178594262, 'ax': -0.74, 'ay': -0.34, 'az': -0.41, 'gx': -13.88, 'gy': 28.96, 'gz': 0.73}, {'t_us': 178614291, 'ax': -0.62, 'ay': -0.23, 'az': -0.41, 'gx': 0.52, 'gy': 42.95, 'gz': 16.34}, {'t_us': 178634308, 'ax': -0.38, 'ay': -0.19, 'az': -0.28, 'gx': 31.85, 'gy': 61.28, 'gz': 22.63}]",2026-02-18 09:40:10,0.0
"[{'t_us': 178659522, 'ax': -0.28, 'ay': -0.05, 'az': -0.17, 'gx': 53.07, 'gy': 72.35, 'gz': 21.34}, {'t_us': 178674303, 'ax': -0.22, 'ay': 0.03, 'az': -0.13, 'gx': 51.39, 'gy': 54.44, 'gz': 14.95}, {'t_us': 178694299, 'ax': -0.19, 'ay': 0.06, 'az': -0.12, 'gx': 43.05, 'gy': 31.91, 'gz': 1.27}, {'t_us': 178714319, 'ax': -0.12, 'ay': 0.08, 'az': -0.12, 'gx': 27.1, 'gy': -2.61, 'gz': -16.79}, {'t_us': 178734319, 'ax': 0.02, 'ay': -0.01, 'az': -0.21, 'gx': 15.8, 'gy': -18.99, 'gz': -24.12}]",2026-02-18 09:40:10,0.0
"[{'t_us': 178760658, 'ax': 0.08, 'ay': -0.06, 'az': -0.27, 'gx': -1.1, 'gy': -63.18, 'gz': -14.02}, {'t_us': 178774296, 'ax': -0.0, 'ay': -0.07, 'az': -0.23, 'gx': -12.61, 'gy': -70.18, 'gz': -13.88}, {'t_us': 178794311, 'ax': -0.08, 'ay': -0.08, 'az': -0.13, 'gx': -29.22, 'gy': -42.02, 'gz': -15.53}, {'t_us': 178814308, 'ax': -0.33, 'ay': -0.32, 'az': -0.45, 'gx': -31.36, 'gy': 29.21, 'gz': -5.89}, {'t_us': 178834276, 'ax': -1.41, 'ay': -0.36, 'az': -0.89, 'gx': 22.75, 'gy': 118.76, 'gz': 3.05}]",2026-02-18 09:40:11,0.0
"[{'t_us': 178861263, 'ax': -2.0, 'ay': 0.03, 'az': -1.2, 'gx': 32.08, 'gy': 180.27, 'gz': 2.76}, {'t_us': 178874275, 'ax': -2.0, 'ay': -0.23, 'az': -0.44, 'gx': -44.7, 'gy': -5.98, 'gz': -33.86}, {'t_us': 178894319, 'ax': -1.61, 'ay': 0.32, 'az': -1.14, 'gx': -115.11, 'gy': -78.27, 'gz': 28.72}, {'t_us': 178914262, 'ax': -2.0, 'ay': 0.85, 'az': -0.99, 'gx': -95.57, 'gy': -110.47, 'gz': -9.68}, {'t_us': 178934291, 'ax': -1.74, 'ay': 0.31, 'az': -0.6, 'gx': -99.11, 'gy': -78.08, 'gz': -33.82}]",2026-02-18 09:40:11,0.0
"[{'t_us': 178959015, 'ax': -1.3, 'ay': -0.09, 'az': -0.69, 'gx': -131.47, 'gy': 14.21, 'gz': -26.49}, {'t_us': 178974312, 'ax': -1.22, 'ay': 0.08, 'az': -0.81, 'gx': -139.31, 'gy': 12.85, 'gz': -29.02}, {'t_us': 178994308, 'ax': -1.07, 'ay': 0.02, 'az': -0.62, 'gx': -138.73, 'gy': -30.09, 'gz': -42.29}, {'t_us': 179014276, 'ax': -0.66, 'ay': -0.14, 'az': -0.31, 'gx': -131.25, 'gy': -31.76, 'gz': -47.47}, {'t_us': 179034292, 'ax': -0.42, 'ay': -0.15, 'az': -0.33, 'gx': -115.25, 'gy': -25.69, 'gz': -46.72}]",2026-02-18 09:40:11,0.0
"[{'t_us': 179059179, 'ax': -0.18, 'ay': -0.07, 'az': -0.38, 'gx': -89.71, 'gy': -41.73, 'gz': -41.36}, {'t_us': 179074288, 'ax': -0.05, 'ay': -0.08, 'az': -0.37, 'gx': -76.2, 'gy': -51.79, 'gz': -38.63}, {'t_us': 179094308, 'ax': 0.09, 'ay': -0.09, 'az': -0.36, 'gx': -59.15, 'gy': -59.51, 'gz': -35.18}, {'t_us': 179114291, 'ax': 0.18, 'ay': -0.09, 'az': -0.37, 'gx': -51.21, 'gy': -66.52, 'gz': -33.45}, {'t_us': 179134291, 'ax': 0.24, 'ay': -0.07, 'az': -0.42, 'gx': -48.67, 'gy': -93.74, 'gz': -31.05}]",2026-02-18 09:40:11,0.0
"[{'t_us': 179159164, 'ax': 0.27, 'ay': -0.07, 'az': -0.35, 'gx': -48.14, 'gy': -113.59, 'gz': -23.82}, {'t_us': 179174268, 'ax': 0.26, 'ay': -0.1, 'az': -0.34, 'gx': -47.53, 'gy': -87.82, 'gz': -15.08}, {'t_us': 179194271, 'ax': 0.0, 'ay': -0.16, 'az': -0.35, 'gx': -52.52, 'gy': -26.34, 'gz': 6.67}, {'t_us': 179214276, 'ax': -0.63, 'ay': -0.37, 'az': -0.51, 'gx': -38.34, 'gy': 84.4, 'gz': 46.99}, {'t_us': 179234281, 'ax': -2.0, 'ay': -0.56, 'az': -0.25, 'gx': 11.85, 'gy': 246.79, 'gz': 74.56}]",2026-02-18 09:40:11,0.0
"[{'t_us': 179260070, 'ax': -2.0, 'ay': -0.69, 'az': -1.22, 'gx': 44.69, 'gy': 186.37, 'gz': 18.41}, {'t_us': 179274271, 'ax': -2.0, 'ay': -1.02, 'az': -1.27, 'gx': 44.41, 'gy': 125.95, 'gz': -32.43}, {'t_us': 179294276, 'ax': -1.92, 'ay': -0.48, 'az': -0.71, 'gx': 5.04, 'gy': -53.94, 'gz': 19.57}, {'t_us': 179314304, 'ax': -1.88, 'ay': 0.05, 'az': -0.49, 'gx': 33.21, 'gy': -76.05, 'gz': 7.13}, {'t_us': 179334281, 'ax': -1.27, 'ay': -0.25, 'az': -0.32, 'gx': 14.23, 'gy': -72.08, 'gz': -6.14}]",2026-02-18 09:40:11,0.0
"[{'t_us': 179360372, 'ax': -0.87, 'ay': -0.29, 'az': -0.19, 'gx': -3.76, 'gy': -44.53, 'gz': 0.82}, {'t_us': 179374328, 'ax': -0.7, 'ay': -0.25, 'az': -0.22, 'gx': 3.27, 'gy': -17.83, 'gz': 14.87}, {'t_us': 179394304, 'ax': -0.54, 'ay': -0.06, 'az': -0.14, 'gx': 24.85, 'gy': 18.14, 'gz': 26.44}, {'t_us': 179414271, 'ax': -0.42, 'ay': 0.05, 'az': -0.23, 'gx': 22.08, 'gy': 10.53, 'gz': 20.92}, {'t_us': 179434311, 'ax': -0.23, 'ay': 0.08, 'az': -0.4, 'gx': 3.63, 'gy': -9.31, 'gz': 2.21}]",2026-02-18 09:40:11,0.0
"[{'t_us': 179458929, 'ax': -0.08, 'ay': 0.04, 'az': -0.46, 'gx': -16.61, 'gy': -31.07, 'gz': -18.93}, {'t_us': 179474872, 'ax': -0.01, 'ay': 0.0, 'az': -0.38, 'gx': -26.46, 'gy': -33.08, 'gz': -27.53}, {'t_us': 179494291, 'ax': 0.06, 'ay': -0.03, 'az': -0.53, 'gx': -33.15, 'gy': -50.03, 'gz': -30.78}, {'t_us': 179514311, 'ax': 0.14, 'ay': -0.02, 'az': -0.5, 'gx': -29.3, 'gy': -76.12, 'gz': -26.9}, {'t_us': 179534304, 'ax': 0.21, 'ay': -0.0, 'az': -0.3, 'gx': -20.58, 'gy': -80.18, 'gz': -23.77}]",2026-02-18 09:40:11,0.0
"[{'t_us': 179560467, 'ax': 0.04, 'ay': -0.08, 'az': -0.09, 'gx': -16.73, 'gy': 6.95, 'gz': -13.4}, {'t_us': 179574262, 'ax': -0.44, 'ay': -0.14, 'az': -0.35, 'gx': -4.72, 'gy': 73.42, 'gz': -0.66}, {'t_us': 179594268, 'ax': -2.0, 'ay': -0.05, 'az': -0.03, 'gx': 22.08, 'gy': 212.67, 'gz': 19.77}, {'t_us': 179614276, 'ax': -2.0, 'ay': -0.02, 'az': -0.45, 'gx': -17.88, 'gy': 242.75, 'gz': 3.76}, {'t_us': 179634304, 'ax': -2.0, 'ay': -0.11, 'az': -0.43, 'gx': -105.21, 'gy': 112.5, 'gz': -53.74}]",2026-02-18 09:40:11,0.0
"[{'t_us': 179658832, 'ax': -2.0, 'ay': 0.21, 'az': -1.54, 'gx': -48.37, 'gy': -53.74, 'gz': -19.1}, {'t_us': 179674304, 'ax': -2.0, 'ay': 0.33, 'az': -0.86, 'gx': -36.5, 'gy': -207.25, 'gz': -12.75}, {'t_us': 179694299, 'ax': -1.36, 'ay': -0.01, 'az': -0.24, 'gx': -37.44, 'gy': -112.98, 'gz': -27.04}, {'t_us': 179714299, 'ax': -1.13, 'ay': 0.02, 'az': -0.23, 'gx': -58.85, 'gy': -20.72, 'gz': -39.94}, {'t_us': 179734262, 'ax': -0.81, 'ay': -0.03, 'az': -0.42, 'gx': -65.73, 'gy': 9.83, 'gz': -49.91}]",2026-02-18 09:40:11,0.0
"[{'t_us': 179760743, 'ax': -0.5, 'ay': -0.06, 'az': -0.58, 'gx': -59.74, 'gy': -36.53, 'gz': -35.89}, {'t_us': 179774288, 'ax': -0.25, 'ay': -0.06, 'az': -0.44, 'gx': -53.71, 'gy': -49.08, 'gz': -27.54}, {'t_us': 179794263, 'ax': 0.1, 'ay': -0.08, 'az': -0.32, 'gx': -47.66, 'gy': -45.01, 'gz': -18.4}, {'t_us': 179814291, 'ax': 0.18, 'ay': -0.1, 'az': -0.28, 'gx': -41.37, 'gy': -32.05, 'gz': -18.7}, {'t_us': 179834299, 'ax': 0.26, 'ay': -0.08, 'az': -0.27, 'gx': -34.85, 'gy': -42.93, 'gz': -20.14}]",2026-02-18 09:40:12,0.0
"[{'t_us': 179860445, 'ax': 0.35, 'ay': 0.01, 'az': -0.23, 'gx': -15.56, 'gy': -47.98, 'gz': -18.14}, {'t_us': 179874312, 'ax': 0.36, 'ay': -0.01, 'az': -0.26, 'gx': -9.63, 'gy': -44.23, 'gz': -15.71}, {'t_us': 179894271, 'ax': 0.22, 'ay': -0.12, 'az': -0.28, 'gx': -4.24, 'gy': -39.91, 'gz': -12.02}, {'t_us': 179914281, 'ax': 0.08, 'ay': -0.25, 'az': -0.45, 'gx': 5.74, 'gy': -9.51, 'gz': -3.44}, {'t_us': 179934304, 'ax': -0.6, 'ay': -0.39, 'az': -0.86, 'gx': 18.02, 'gy': 45.13, 'gz': 10.08}]",2026-02-18 09:40:12,0.0
"[{'t_us': 179959794, 'ax': -2.0, 'ay': -0.66, 'az': -0.52, 'gx': -17.69, 'gy': 153.15, 'gz': 47.01}, {'t_us': 179976460, 'ax': -2.0, 'ay': -0.31, 'az': -1.03, 'gx': -1.3, 'gy': 147.62, 'gz': 26.66}, {'t_us': 179994276, 'ax': -2.0, 'ay': -0.37, 'az': -0.19, 'gx': 35.88, 'gy': 37.47, 'gz': -26.23}, {'t_us': 180014304, 'ax': -1.61, 'ay': -0.67, 'az': -0.22, 'gx': 30.2, 'gy': 49.74, 'gz': -0.5}, {'t_us': 180034303, 'ax': -2.0, 'ay': -0.17, 'az': -0.75, 'gx': 15.6, 'gy': -26.05, 'gz': 17.83}]",2026-02-18 09:40:12,0.0
"[{'t_us': 180059698, 'ax': -1.63, 'ay': -0.24, 'az': -0.38, 'gx': 5.76, 'gy': -69.77, 'gz': -0.64}, {'t_us': 180074258, 'ax': -1.37, 'ay': -0.38, 'az': -0.26, 'gx': -18.56, 'gy': -38.55, 'gz': -7.92}, {'t_us': 180094271, 'ax': -1.11, 'ay': -0.33, 'az': -0.45, 'gx': -31.91, 'gy': -20.96, 'gz': -2.9}, {'t_us': 180114276, 'ax': -0.86, 'ay': -0.36, 'az': -0.47, 'gx': -23.31, 'gy': -1.27, 'gz': 6.69}, {'t_us': 180134276, 'ax': -0.72, 'ay': -0.19, 'az': -0.32, 'gx': 0.41, 'gy': 27.71, 'gz': 16.43}]",2026-02-18 09:40:12,0.0
"[{'t_us': 180160261, 'ax': -0.52, 'ay': -0.11, 'az': -0.2, 'gx': 19.92, 'gy': 62.02, 'gz': 12.82}, {'t_us': 180174303, 'ax': -0.48, 'ay': -0.06, 'az': -0.22, 'gx': 19.76, 'gy': 55.37, 'gz': 8.96}, {'t_us': 180194263, 'ax': -0.3, 'ay': 0.0, 'az': -0.13, 'gx': 9.48, 'gy': 22.03, 'gz': 2.79}, {'t_us': 180214291, 'ax': -0.16, 'ay': 0.04, 'az': -0.2, 'gx': -4.67, 'gy': -7.15, 'gz': -7.31}, {'t_us': 180234255, 'ax': -0.01, 'ay': 0.04, 'az': -0.29, 'gx': -15.71, 'gy': -30.44, 'gz': -14.69}]",2026-02-18 09:40:12,0.0
"[{'t_us': 180259035, 'ax': 0.0, 'ay': -0.06, 'az': -0.23, 'gx': -17.34, 'gy': -37.44, 'gz': -12.03}, {'t_us': 180274257, 'ax': -0.07, 'ay': -0.02, 'az': -0.28, 'gx': -19.02, 'gy': -39.15, 'gz': -9.88}, {'t_us': 180294296, 'ax': -0.07, 'ay': -0.03, 'az': -0.25, 'gx': -21.22, 'gy': -39.21, 'gz': -10.67}, {'t_us': 180314296, 'ax': -0.12, 'ay': -0.0, 'az': -0.14, 'gx': -32.73, 'gy': -11.42, 'gz': -11.42}, {'t_us': 180334319, 'ax': -0.43, 'ay': -0.09, 'az': -0.18, 'gx': -52.0, 'gy': 52.55, 'gz': -4.32}]",2026-02-18 09:40:12,0.0
"[{'t_us': 180361061, 'ax': -1.88, 'ay': -0.05, 'az': -0.85, 'gx': -44.6, 'gy': 146.58, 'gz': -2.72}, {'t_us': 180374309, 'ax': -2.0, 'ay': 0.02, 'az': -1.0, 'gx': -27.44, 'gy': 147.63, 'gz': -9.89}, {'t_us': 180394263, 'ax': -2.0, 'ay': -0.15, 'az': -0.42, 'gx': -52.73, 'gy': 116.21, 'gz': -57.16}, {'t_us': 180414315, 'ax': -2.0, 'ay': -0.09, 'az': -1.4, 'gx': -83.57, 'gy': -27.21, 'gz': -30.06}, {'t_us': 180434271, 'ax': -2.0, 'ay': 0.08, 'az': -0.94, 'gx': -64.38, 'gy': -105.05, 'gz': -17.54}]",2026-02-18 09:40:12,0.0
"[{'t_us': 180458789, 'ax': -1.54, 'ay': 0.09, 'az': -0.32, 'gx': -69.92, 'gy': -57.92, 'gz': -33.79}, {'t_us': 180474299, 'ax': -1.29, 'ay': 0.05, 'az': -0.37, 'gx': -84.63, 'gy': -3.34, 'gz': -46.99}, {'t_us': 180494327, 'ax': -1.04, 'ay': 0.12, 'az': -0.57, 'gx': -94.7, 'gy': 16.5, 'gz': -54.92}, {'t_us': 180514296, 'ax': -0.71, 'ay': 0.01, 'az': -0.58, 'gx': -98.72, 'gy': -16.31, 'gz': -52.27}, {'t_us': 180534263, 'ax': -0.41, 'ay': -0.04, 'az': -0.39, 'gx': -97.73, 'gy': -65.48, 'gz': -40.75}]",2026-02-18 09:40:12,0.0
"[{'t_us': 180560405, 'ax': 0.02, 'ay': -0.08, 'az': -0.24, 'gx': -98.92, 'gy': -68.99, 'gz': -24.58}, {'t_us': 180575212, 'ax': 0.1, 'ay': -0.1, 'az': -0.27, 'gx': -91.21, 'gy': -57.48, 'gz': -20.7}, {'t_us': 180594263, 'ax': 0.22, 'ay': -0.11, 'az': -0.31, 'gx': -80.73, 'gy': -41.57, 'gz': -17.88}, {'t_us': 180614308, 'ax': 0.25, 'ay': -0.05, 'az': -0.31, 'gx': -67.22, 'gy': -55.31, 'gz': -10.0}, {'t_us': 180634268, 'ax': 0.28, 'ay': 0.02, 'az': -0.35, 'gx': -59.83, 'gy': -69.44, 'gz': -6.6}]",2026-02-18 09:40:12,0.0
"[{'t_us': 180660446, 'ax': 0.2, 'ay': -0.04, 'az': -0.37, 'gx': -44.84, 'gy': -50.41, 'gz': -1.62}, {'t_us': 180674288, 'ax': 0.09, 'ay': -0.05, 'az': -0.43, 'gx': -32.72, 'gy': -41.18, 'gz': 1.86}, {'t_us': 180694309, 'ax': -0.17, 'ay': -0.16, 'az': -0.64, 'gx': -4.61, 'gy': -9.07, 'gz': 8.69}, {'t_us': 180714276, 'ax': -0.87, 'ay': -0.3, 'az': -0.77, 'gx': 26.89, 'gy': 103.63, 'gz': 37.74}, {'t_us': 180734304, 'ax': -2.0, 'ay': -0.64, 'az': -0.65, 'gx': 25.05, 'gy': 124.9, 'gz': 49.31}]",2026-02-18 09:40:12,0.0
"[{'t_us': 180760484, 'ax': -2.0, 'ay': -0.89, 'az': -0.53, 'gx': 0.73, 'gy': 68.96, 'gz': -27.62}, {'t_us': 180774263, 'ax': -1.43, 'ay': -0.94, 'az': -0.87, 'gx': 4.03, 'gy': 31.56, 'gz': -2.78}, {'t_us': 180794262, 'ax': -2.0, 'ay': -0.25, 'az': -1.15, 'gx': 36.7, 'gy': -39.44, 'gz': 16.46}, {'t_us': 180814315, 'ax': -1.63, 'ay': -0.15, 'az': -0.38, 'gx': 26.98, 'gy': -79.65, 'gz': 1.1}, {'t_us': 180834281, 'ax': -1.42, 'ay': -0.18, 'az': -0.27, 'gx': 1.11, 'gy': 11.1, 'gz': -12.29}]",2026-02-18 09:40:13,0.0
"[{'t_us': 180861071, 'ax': -1.16, 'ay': -0.3, 'az': -0.53, 'gx': -12.99, 'gy': 24.21, 'gz': -4.35}, {'t_us': 180874269, 'ax': -0.97, 'ay': -0.25, 'az': -0.53, 'gx': 1.89, 'gy': 47.21, 'gz': 11.98}, {'t_us': 180894276, 'ax': -0.87, 'ay': -0.18, 'az': -0.37, 'gx': 20.64, 'gy': 79.54, 'gz': 24.03}, {'t_us': 180914319, 'ax': -0.69, 'ay': -0.15, 'az': -0.3, 'gx': 28.15, 'gy': 86.53, 'gz': 22.52}, {'t_us': 180934319, 'ax': -0.58, 'ay': -0.05, 'az': -0.11, 'gx': 22.55, 'gy': 89.11, 'gz': 15.63}]",2026-02-18 09:40:13,0.0
"[{'t_us': 180959009, 'ax': -0.36, 'ay': 0.01, 'az': -0.13, 'gx': 4.63, 'gy': 30.17, 'gz': -3.28}, {'t_us': 180974262, 'ax': -0.21, 'ay': -0.0, 'az': -0.15, 'gx': -7.24, 'gy': -5.48, 'gz': -13.01}, {'t_us': 180994276, 'ax': -0.05, 'ay': -0.08, 'az': -0.26, 'gx': -12.55, 'gy': -29.73, 'gz': -19.88}, {'t_us': 181014296, 'ax': 0.09, 'ay': -0.11, 'az': -0.25, 'gx': -14.47, 'gy': -47.4, 'gz': -18.08}, {'t_us': 181034310, 'ax': 0.06, 'ay': -0.06, 'az': -0.28, 'gx': -13.69, 'gy': -51.62, 'gz': -15.08}]",2026-02-18 09:40:13,0.0
"[{'t_us': 181059033, 'ax': 0.0, 'ay': -0.08, 'az': -0.29, 'gx': -11.79, 'gy': -65.37, 'gz': -16.35}, {'t_us': 181074259, 'ax': -0.03, 'ay': -0.07, 'az': -0.24, 'gx': -13.15, 'gy': -58.2, 'gz': -20.34}, {'t_us': 181094263, 'ax': -0.07, 'ay': -0.07, 'az': -0.23, 'gx': -22.11, 'gy': -26.49, 'gz': -23.69}, {'t_us': 181114311, 'ax': -0.31, 'ay': -0.17, 'az': -0.43, 'gx': -41.44, 'gy': 46.7, 'gz': -20.2}, {'t_us': 181134281, 'ax': -1.49, 'ay': -0.25, 'az': -0.75, 'gx': -33.45, 'gy': 137.83, 'gz': -12.73}]",2026-02-18 09:40:13,0.0
"[{'t_us': 181159088, 'ax': -2.0, 'ay': 0.15, 'az': -1.34, 'gx': -28.89, 'gy': 230.12, 'gz': -30.87}, {'t_us': 181174319, 'ax': -2.0, 'ay': 0.06, 'az': -0.59, 'gx': -63.62, 'gy': -32.84, 'gz': -56.81}, {'t_us': 181197042, 'ax': -1.5, 'ay': -0.02, 'az': -0.96, 'gx': -72.06, 'gy': -70.05, 'gz': -15.71}, {'t_us': 181214311, 'ax': -2.0, 'ay': -0.08, 'az': -0.67, 'gx': -52.98, 'gy': -78.43, 'gz': -22.03}, {'t_us': 181234276, 'ax': -1.76, 'ay': 0.04, 'az': -0.47, 'gx': -71.82, 'gy': -86.17, 'gz': -46.08}]",2026-02-18 09:40:13,0.0
"[{'t_us': 181260565, 'ax': -1.07, 'ay': -0.06, 'az': -0.75, 'gx': -67.76, 'gy': -21.89, 'gz': -51.19}, {'t_us': 181274299, 'ax': -0.86, 'ay': -0.05, 'az': -0.73, 'gx': -64.08, 'gy': 15.21, 'gz': -46.81}, {'t_us': 181294299, 'ax': -0.76, 'ay': -0.1, 'az': -0.62, 'gx': -70.87, 'gy': -10.52, 'gz': -34.63}, {'t_us': 181314296, 'ax': -0.63, 'ay': -0.12, 'az': -0.39, 'gx': -81.37, 'gy': -36.43, 'gz': -29.98}, {'t_us': 181334291, 'ax': -0.51, 'ay': -0.13, 'az': -0.27, 'gx': -81.11, 'gy': -23.8, 'gz': -37.28}]",2026-02-18 09:40:13,0.0
"[{'t_us': 181359190, 'ax': -0.34, 'ay': -0.14, 'az': -0.27, 'gx': -72.11, 'gy': -11.18, 'gz': -44.84}, {'t_us': 181374277, 'ax': -0.22, 'ay': -0.15, 'az': -0.29, 'gx': -65.51, 'gy': -14.66, 'gz': -45.77}, {'t_us': 181394284, 'ax': -0.03, 'ay': -0.14, 'az': -0.3, 'gx': -58.24, 'gy': -25.4, 'gz': -40.89}, {'t_us': 181414268, 'ax': 0.08, 'ay': -0.09, 'az': -0.32, 'gx': -50.26, 'gy': -28.35, 'gz': -33.76}, {'t_us': 181434276, 'ax': 0.2, 'ay': -0.04, 'az': -0.33, 'gx': -39.97, 'gy': -43.85, 'gz': -26.43}]",2026-02-18 09:40:13,0.0
"[{'t_us': 181459276, 'ax': 0.23, 'ay': -0.01, 'az': -0.31, 'gx': -29.54, 'gy': -44.15, 'gz': -12.81}, {'t_us': 181474308, 'ax': 0.17, 'ay': -0.04, 'az': -0.33, 'gx': -18.76, 'gy': -23.37, 'gz': -1.02}, {'t_us': 181494308, 'ax': -0.09, 'ay': -0.14, 'az': -0.48, 'gx': -11.08, 'gy': -1.73, 'gz': 16.32}, {'t_us': 181514319, 'ax': -1.09, 'ay': -0.39, 'az': -0.74, 'gx': -3.6, 'gy': 66.32, 'gz': 51.39}, {'t_us': 181534304, 'ax': -2.0, 'ay': -0.62, 'az': -0.2, 'gx': -9.18, 'gy': 134.56, 'gz': 58.63}]",2026-02-18 09:40:13,0.0
"[{'t_us': 181560736, 'ax': -2.0, 'ay': -0.9, 'az': -1.54, 'gx': 6.46, 'gy': 16.41, 'gz': -21.31}, {'t_us': 181574264, 'ax': -1.56, 'ay': -0.6, 'az': -1.13, 'gx': 17.89, 'gy': -62.05, 'gz': 7.98}, {'t_us': 181594291, 'ax': -1.43, 'ay': -0.26, 'az': -0.43, 'gx': 13.48, 'gy': -72.38, 'gz': -7.94}, {'t_us': 181614285, 'ax': -1.23, 'ay': -0.16, 'az': -0.47, 'gx': 3.65, 'gy': -26.69, 'gz': -17.63}, {'t_us': 181634288, 'ax': -1.08, 'ay': -0.23, 'az': -0.58, 'gx': -5.08, 'gy': -21.24, 'gz': -19.89}]",2026-02-18 09:40:13,0.0
"[{'t_us': 181660613, 'ax': -0.88, 'ay': -0.3, 'az': -0.54, 'gx': -0.66, 'gy': -2.03, 'gz': -12.17}, {'t_us': 181674319, 'ax': -0.75, 'ay': -0.33, 'az': -0.48, 'gx': 7.92, 'gy': 22.24, 'gz': -5.08}, {'t_us': 181694315, 'ax': -0.64, 'ay': -0.29, 'az': -0.32, 'gx': 24.98, 'gy': 46.63, 'gz': 10.29}, {'t_us': 181714276, 'ax': -0.59, 'ay': -0.21, 'az': -0.2, 'gx': 33.11, 'gy': 46.99, 'gz': 15.25}, {'t_us': 181734262, 'ax': -0.47, 'ay': -0.12, 'az': -0.12, 'gx': 30.84, 'gy': 55.97, 'gz': 14.44}]",2026-02-18 09:40:13,0.0
"[{'t_us': 181759209, 'ax': -0.39, 'ay': -0.04, 'az': -0.21, 'gx': 13.59, 'gy': 53.37, 'gz': 10.67}, {'t_us': 181774319, 'ax': -0.33, 'ay': -0.02, 'az': -0.27, 'gx': 1.21, 'gy': 33.45, 'gz': 8.17}, {'t_us': 181795337, 'ax': -0.27, 'ay': -0.01, 'az': -0.33, 'gx': -12.76, 'gy': -0.55, 'gz': 3.82}, {'t_us': 181814271, 'ax': -0.22, 'ay': -0.03, 'az': -0.27, 'gx': -18.46, 'gy': -7.4, 'gz': 4.53}, {'t_us': 181834315, 'ax': -0.2, 'ay': -0.04, 'az': -0.25, 'gx': -27.25, 'gy': -6.2, 'gz': 6.32}]",2026-02-18 09:40:14,0.0
"[{'t_us': 181858918, 'ax': -0.25, 'ay': -0.06, 'az': -0.37, 'gx': -38.18, 'gy': -9.68, 'gz': 6.66}, {'t_us': 181874291, 'ax': -0.43, 'ay': -0.08, 'az': -0.55, 'gx': -43.79, 'gy': 0.05, 'gz': 7.59}, {'t_us': 181894263, 'ax': -1.1, 'ay': -0.04, 'az': -0.71, 'gx': -25.91, 'gy': 54.24, 'gz': 9.37}, {'t_us': 181914315, 'ax': -2.0, 'ay': -0.11, 'az': -0.63, 'gx': 1.59, 'gy': 97.83, 'gz': -3.83}, {'t_us': 181934296, 'ax': -2.0, 'ay': -0.29, 'az': -0.16, 'gx': -60.47, 'gy': 10.14, 'gz': -40.15}]",2026-02-18 09:40:14,0.0
"[{'t_us': 181959414, 'ax': -1.93, 'ay': -0.12, 'az': -1.66, 'gx': -82.24, 'gy': -47.88, 'gz': -3.6}, {'t_us': 181974312, 'ax': -2.0, 'ay': 0.19, 'az': -1.3, 'gx': -59.91, 'gy': -100.5, 'gz': -11.79}, {'t_us': 181994308, 'ax': -1.49, 'ay': 0.04, 'az': -0.67, 'gx': -57.01, 'gy': -73.94, 'gz': -27.39}, {'t_us': 182014276, 'ax': -1.29, 'ay': 0.06, 'az': -0.72, 'gx': -64.21, 'gy': -6.69, 'gz': -31.13}, {'t_us': 182034276, 'ax': -1.03, 'ay': -0.09, 'az': -0.76, 'gx': -58.44, 'gy': -6.85, 'gz': -26.53}]",2026-02-18 09:40:14,0.0
"[{'t_us': 182060693, 'ax': -0.88, 'ay': -0.18, 'az': -0.61, 'gx': -46.46, 'gy': -20.69, 'gz': -15.76}, {'t_us': 182074299, 'ax': -0.74, 'ay': -0.19, 'az': -0.46, 'gx': -41.11, 'gy': -26.92, 'gz': -13.15}, {'t_us': 182094255, 'ax': -0.52, 'ay': -0.19, 'az': -0.27, 'gx': -34.6, 'gy': -28.56, 'gz': -11.54}, {'t_us': 182114304, 'ax': -0.26, 'ay': -0.16, 'az': -0.17, 'gx': -29.62, 'gy': -27.82, 'gz': -7.16}, {'t_us': 182134319, 'ax': -0.1, 'ay': -0.14, 'az': -0.07, 'gx': -24.52, 'gy': -32.95, 'gz': -3.45}]",2026-02-18 09:40:14,0.0
"[{'t_us': 182159013, 'ax': 0.07, 'ay': -0.07, 'az': -0.18, 'gx': -17.13, 'gy': -26.14, 'gz': -4.73}, {'t_us': 182174291, 'ax': 0.13, 'ay': -0.04, 'az': -0.25, 'gx': -15.24, 'gy': -22.9, 'gz': -3.86}, {'t_us': 182194319, 'ax': 0.16, 'ay': -0.02, 'az': -0.32, 'gx': -16.15, 'gy': -30.14, 'gz': -7.47}, {'t_us': 182214315, 'ax': 0.18, 'ay': 0.02, 'az': -0.34, 'gx': -14.06, 'gy': -47.39, 'gz': -8.78}, {'t_us': 182234276, 'ax': 0.18, 'ay': 0.01, 'az': -0.39, 'gx': -8.5, 'gy': -56.7, 'gz': -5.27}]",2026-02-18 09:40:14,0.0
"[{'t_us': 182259054, 'ax': -0.03, 'ay': -0.13, 'az': -0.63, 'gx': 0.15, 'gy': -27.36, 'gz': 7.07}, {'t_us': 182274311, 'ax': -0.5, 'ay': -0.25, 'az': -0.71, 'gx': 13.07, 'gy': 14.41, 'gz': 30.66}, {'t_us': 182294281, 'ax': -2.0, 'ay': -0.47, 'az': -0.41, 'gx': 41.77, 'gy': 110.93, 'gz': 62.14}, {'t_us': 182314281, 'ax': -2.0, 'ay': -0.59, 'az': -0.9, 'gx': 55.4, 'gy': 125.8, 'gz': 31.76}, {'t_us': 182334315, 'ax': -2.0, 'ay': -1.06, 'az': -0.67, 'gx': 78.14, 'gy': 67.83, 'gz': -19.34}]",2026-02-18 09:40:14,0.0
"[{'t_us': 182361490, 'ax': -2.0, 'ay': -0.37, 'az': -1.02, 'gx': 59.28, 'gy': -36.02, 'gz': 28.98}, {'t_us': 182374299, 'ax': -1.86, 'ay': -0.2, 'az': -0.64, 'gx': 60.58, 'gy': -59.25, 'gz': 19.89}, {'t_us': 182394288, 'ax': -1.37, 'ay': -0.23, 'az': -0.51, 'gx': 48.43, 'gy': -28.63, 'gz': 11.98}, {'t_us': 182414255, 'ax': -1.17, 'ay': -0.23, 'az': -0.62, 'gx': 42.44, 'gy': -4.43, 'gz': 10.98}, {'t_us': 182434281, 'ax': -0.96, 'ay': -0.17, 'az': -0.47, 'gx': 56.29, 'gy': 17.86, 'gz': 17.57}]",2026-02-18 09:40:14,0.0
"[{'t_us': 182461384, 'ax': -0.68, 'ay': -0.16, 'az': -0.24, 'gx': 68.53, 'gy': 59.53, 'gz': 27.8}, {'t_us': 182474311, 'ax': -0.63, 'ay': -0.1, 'az': -0.17, 'gx': 69.22, 'gy': 80.53, 'gz': 29.02}, {'t_us': 182494276, 'ax': -0.47, 'ay': 0.0, 'az': -0.14, 'gx': 55.83, 'gy': 87.65, 'gz': 25.89}, {'t_us': 182514276, 'ax': -0.31, 'ay': 0.11, 'az': -0.16, 'gx': 33.53, 'gy': 56.17, 'gz': 16.84}, {'t_us': 182534324, 'ax': -0.18, 'ay': 0.12, 'az': -0.18, 'gx': 14.79, 'gy': 2.29, 'gz': 4.37}]",2026-02-18 09:40:14,0.0
"[{'t_us': 182559258, 'ax': -0.01, 'ay': 0.04, 'az': -0.15, 'gx': 1.76, 'gy': -14.05, 'gz': -6.49}, {'t_us': 182574291, 'ax': 0.03, 'ay': 0.03, 'az': -0.16, 'gx': -5.08, 'gy': -24.43, 'gz': -5.94}, {'t_us': 182594291, 'ax': 0.0, 'ay': 0.03, 'az': -0.19, 'gx': -19.8, 'gy': -43.39, 'gz': -5.44}, {'t_us': 182614311, 'ax': -0.07, 'ay': 0.03, 'az': -0.17, 'gx': -32.23, 'gy': -48.49, 'gz': -7.54}, {'t_us': 182634288, 'ax': -0.47, 'ay': -0.11, 'az': -0.27, 'gx': -53.83, 'gy': -22.17, 'gz': -1.86}]",2026-02-18 09:40:14,0.0
"[{'t_us': 182660660, 'ax': -2.0, 'ay': -0.27, 'az': -1.28, 'gx': -59.74, 'gy': 56.96, 'gz': 0.11}, {'t_us': 182674967, 'ax': -2.0, 'ay': -0.02, 'az': -1.49, 'gx': -10.14, 'gy': 115.11, 'gz': -15.59}, {'t_us': 182694304, 'ax': -1.84, 'ay': 0.02, 'az': -1.43, 'gx': -4.17, 'gy': 175.08, 'gz': -31.66}, {'t_us': 182714262, 'ax': -2.0, 'ay': -0.04, 'az': -0.83, 'gx': -63.08, 'gy': 67.47, 'gz': -33.82}, {'t_us': 182734288, 'ax': -1.94, 'ay': 0.19, 'az': -0.37, 'gx': -104.23, 'gy': -102.14, 'gz': -48.35}]",2026-02-18 09:40:14,0.0
"[{'t_us': 182760612, 'ax': -1.3, 'ay': 0.02, 'az': -0.87, 'gx': -80.53, 'gy': -34.4, 'gz': -50.23}, {'t_us': 182774303, 'ax': -0.96, 'ay': -0.12, 'az': -0.75, 'gx': -75.88, 'gy': -46.4, 'gz': -41.83}, {'t_us': 182794308, 'ax': -0.65, 'ay': -0.2, 'az': -0.69, 'gx': -67.85, 'gy': -38.66, 'gz': -17.86}, {'t_us': 182814304, 'ax': -0.51, 'ay': -0.1, 'az': -0.67, 'gx': -49.77, 'gy': -60.75, 'gz': -4.24}, {'t_us': 182834315, 'ax': -0.3, 'ay': -0.13, 'az': -0.47, 'gx': -29.25, 'gy': -72.31, 'gz': 0.26}]",2026-02-18 09:40:15,0.0
"[{'t_us': 182859411, 'ax': -0.12, 'ay': -0.16, 'az': -0.17, 'gx': -15.79, 'gy': -36.72, 'gz': -0.29}, {'t_us': 182874281, 'ax': 0.0, 'ay': -0.18, 'az': -0.14, 'gx': -13.59, 'gy': -14.2, 'gz': 0.4}, {'t_us': 182894319, 'ax': 0.03, 'ay': -0.15, 'az': -0.2, 'gx': -10.26, 'gy': -1.1, 'gz': -2.09}, {'t_us': 182914303, 'ax': 0.11, 'ay': -0.12, 'az': -0.27, 'gx': -9.47, 'gy': -18.55, 'gz': -1.44}, {'t_us': 182934288, 'ax': 0.21, 'ay': -0.13, 'az': -0.38, 'gx': -7.57, 'gy': -24.38, 'gz': -7.98}]",2026-02-18 09:40:15,0.0
"[{'t_us': 182958938, 'ax': 0.11, 'ay': -0.13, 'az': -0.46, 'gx': 0.85, 'gy': -14.56, 'gz': -4.29}, {'t_us': 182974255, 'ax': -0.09, 'ay': -0.12, 'az': -0.5, 'gx': 6.27, 'gy': -3.88, 'gz': -0.67}, {'t_us': 182994288, 'ax': -0.6, 'ay': -0.24, 'az': -0.69, 'gx': 8.5, 'gy': 3.05, 'gz': 3.73}, {'t_us': 183014299, 'ax': -1.52, 'ay': -0.43, 'az': -0.81, 'gx': -0.34, 'gy': 52.31, 'gz': 16.2}, {'t_us': 183034299, 'ax': -2.0, 'ay': -0.44, 'az': -1.03, 'gx': 33.76, 'gy': 105.4, 'gz': 26.31}]",2026-02-18 09:40:15,0.0
"[{'t_us': 183059902, 'ax': -2.0, 'ay': -0.7, 'az': -0.75, 'gx': 80.03, 'gy': 6.24, 'gz': -20.15}, {'t_us': 183074263, 'ax': -1.31, 'ay': -0.77, 'az': -0.55, 'gx': 59.4, 'gy': 25.37, 'gz': 5.68}, {'t_us': 183094262, 'ax': -1.78, 'ay': -0.29, 'az': -0.9, 'gx': 32.66, 'gy': -51.63, 'gz': 23.1}, {'t_us': 183114291, 'ax': -1.43, 'ay': -0.17, 'az': -0.67, 'gx': 28.78, 'gy': -57.92, 'gz': 11.57}, {'t_us': 183134309, 'ax': -1.14, 'ay': -0.21, 'az': -0.62, 'gx': 26.29, 'gy': -20.21, 'gz': 7.91}]",2026-02-18 09:40:15,0.0
"[{'t_us': 183162703, 'ax': -0.87, 'ay': -0.23, 'az': -0.5, 'gx': 45.59, 'gy': 18.37, 'gz': 12.34}, {'t_us': 183174299, 'ax': -0.82, 'ay': -0.23, 'az': -0.42, 'gx': 51.45, 'gy': 44.46, 'gz': 16.61}, {'t_us': 183194281, 'ax': -0.74, 'ay': -0.16, 'az': -0.36, 'gx': 51.65, 'gy': 59.33, 'gz': 17.08}, {'t_us': 183214281, 'ax': -0.62, 'ay': -0.07, 'az': -0.26, 'gx': 38.0, 'gy': 47.74, 'gz': 9.3}, {'t_us': 183234302, 'ax': -0.42, 'ay': -0.01, 'az': -0.16, 'gx': 28.78, 'gy': 31.18, 'gz': 0.31}]",2026-02-18 09:40:15,0.0
"[{'t_us': 183259499, 'ax': -0.29, 'ay': 0.07, 'az': -0.12, 'gx': 11.21, 'gy': 4.38, 'gz': -6.0}, {'t_us': 183274315, 'ax': -0.27, 'ay': 0.03, 'az': -0.15, 'gx': 0.67, 'gy': -21.25, 'gz': -12.03}, {'t_us': 183294296, 'ax': -0.21, 'ay': -0.04, 'az': -0.19, 'gx': -7.95, 'gy': -31.86, 'gz': -16.55}, {'t_us': 183314296, 'ax': -0.24, 'ay': -0.09, 'az': -0.23, 'gx': -15.85, 'gy': -43.3, 'gz': -15.59}, {'t_us': 183334271, 'ax': -0.27, 'ay': -0.06, 'az': -0.26, 'gx': -24.35, 'gy': -53.07, 'gz': -14.5}]",2026-02-18 09:40:15,0.0
"[{'t_us': 183359085, 'ax': -0.28, 'ay': -0.06, 'az': -0.32, 'gx': -29.54, 'gy': -17.94, 'gz': -18.27}, {'t_us': 183374284, 'ax': -0.45, 'ay': -0.12, 'az': -0.53, 'gx': -34.24, 'gy': 19.76, 'gz': -18.98}, {'t_us': 183394288, 'ax': -0.91, 'ay': -0.24, 'az': -0.94, 'gx': -39.71, 'gy': 48.81, 'gz': -21.13}, {'t_us': 183414308, 'ax': -1.4, 'ay': -0.11, 'az': -1.38, 'gx': -10.03, 'gy': 43.19, 'gz': -29.89}, {'t_us': 183434315, 'ax': -1.59, 'ay': -0.07, 'az': -0.35, 'gx': -17.08, 'gy': 44.32, 'gz': -8.85}]",2026-02-18 09:40:15,0.0
"[{'t_us': 183459258, 'ax': -2.0, 'ay': 0.25, 'az': -0.24, 'gx': -108.15, 'gy': 45.88, 'gz': -17.89}, {'t_us': 183474296, 'ax': -1.74, 'ay': 0.23, 'az': -1.41, 'gx': -113.71, 'gy': 35.71, 'gz': -18.85}, {'t_us': 183494296, 'ax': -1.91, 'ay': 0.09, 'az': -1.16, 'gx': -84.17, 'gy': -88.2, 'gz': -21.04}, {'t_us': 183514319, 'ax': -1.18, 'ay': -0.2, 'az': -0.49, 'gx': -94.4, 'gy': -113.76, 'gz': -21.39}, {'t_us': 183534311, 'ax': -0.94, 'ay': -0.19, 'az': -0.65, 'gx': -89.91, 'gy': -20.87, 'gz': -23.8}]",2026-02-18 09:40:15,0.0
"[{'t_us': 183561435, 'ax': -0.78, 'ay': -0.12, 'az': -0.68, 'gx': -88.47, 'gy': 6.53, 'gz': -21.74}, {'t_us': 183574335, 'ax': -0.77, 'ay': -0.07, 'az': -0.61, 'gx': -86.44, 'gy': 3.24, 'gz': -18.82}, {'t_us': 183594271, 'ax': -0.67, 'ay': -0.04, 'az': -0.4, 'gx': -85.45, 'gy': -3.94, 'gz': -20.89}, {'t_us': 183614276, 'ax': -0.51, 'ay': -0.05, 'az': -0.3, 'gx': -82.08, 'gy': -7.47, 'gz': -26.76}, {'t_us': 183634308, 'ax': -0.27, 'ay': -0.11, 'az': -0.29, 'gx': -74.52, 'gy': -6.18, 'gz': -27.79}]",2026-02-18 09:40:15,0.0
"[{'t_us': 183660386, 'ax': -0.1, 'ay': -0.18, 'az': -0.3, 'gx': -57.47, 'gy': -3.02, 'gz': -23.37}, {'t_us': 183674288, 'ax': 0.01, 'ay': -0.2, 'az': -0.33, 'gx': -48.82, 'gy': -3.94, 'gz': -20.72}, {'t_us': 183694311, 'ax': 0.09, 'ay': -0.2, 'az': -0.37, 'gx': -33.66, 'gy': -5.89, 'gz': -14.31}, {'t_us': 183714308, 'ax': 0.02, 'ay': -0.13, 'az': -0.41, 'gx': -18.95, 'gy': -8.11, 'gz': -10.5}, {'t_us': 183734334, 'ax': -0.08, 'ay': -0.1, 'az': -0.47, 'gx': -13.71, 'gy': -18.78, 'gz': -15.66}]",2026-02-18 09:40:15,0.0
"[{'t_us': 183759069, 'ax': -0.2, 'ay': -0.11, 'az': -0.6, 'gx': -27.39, 'gy': -41.33, 'gz': -11.62}, {'t_us': 183774268, 'ax': -0.64, 'ay': -0.18, 'az': -0.76, 'gx': -33.97, 'gy': -14.75, 'gz': -1.69}, {'t_us': 183794276, 'ax': -1.77, 'ay': -0.22, 'az': -0.65, 'gx': -27.92, 'gy': 56.43, 'gz': 20.52}, {'t_us': 183814304, 'ax': -2.0, 'ay': -0.24, 'az': -0.35, 'gx': -17.34, 'gy': 44.31, 'gz': 2.02}, {'t_us': 183834303, 'ax': -1.75, 'ay': -0.54, 'az': -0.73, 'gx': 12.23, 'gy': 18.67, 'gz': -30.99}]",2026-02-18 09:40:16,0.0
"[{'t_us': 183860346, 'ax': -1.73, 'ay': -0.6, 'az': -1.04, 'gx': 20.15, 'gy': -49.59, 'gz': 19.05}, {'t_us': 183876341, 'ax': -1.74, 'ay': -0.27, 'az': -0.62, 'gx': 21.6, 'gy': -61.45, 'gz': 15.36}, {'t_us': 183894271, 'ax': -1.4, 'ay': -0.26, 'az': -0.49, 'gx': 15.53, 'gy': -28.4, 'gz': 2.37}, {'t_us': 183914296, 'ax': -1.19, 'ay': -0.22, 'az': -0.51, 'gx': 15.98, 'gy': -2.49, 'gz': -1.33}, {'t_us': 183934262, 'ax': -0.95, 'ay': -0.24, 'az': -0.45, 'gx': 16.18, 'gy': 12.61, 'gz': 2.84}]",2026-02-18 09:40:16,0.0
"[{'t_us': 183960259, 'ax': -0.82, 'ay': -0.08, 'az': -0.4, 'gx': 16.64, 'gy': 42.29, 'gz': 10.79}, {'t_us': 183974295, 'ax': -0.72, 'ay': -0.04, 'az': -0.32, 'gx': 13.6, 'gy': 47.48, 'gz': 9.85}, {'t_us': 183994319, 'ax': -0.59, 'ay': 0.06, 'az': -0.27, 'gx': 4.61, 'gy': 55.19, 'gz': 4.43}, {'t_us': 184014276, 'ax': -0.47, 'ay': 0.1, 'az': -0.27, 'gx': -13.15, 'gy': 47.85, 'gz': -4.6}, {'t_us': 184034291, 'ax': -0.32, 'ay': 0.08, 'az': -0.29, 'gx': -29.4, 'gy': 2.11, 'gz': -16.27}]",2026-02-18 09:40:16,0.0
"[{'t_us': 184060906, 'ax': -0.1, 'ay': 0.01, 'az': -0.26, 'gx': -36.05, 'gy': -27.57, 'gz': -27.24}, {'t_us': 184074311, 'ax': -0.06, 'ay': -0.02, 'az': -0.24, 'gx': -37.34, 'gy': -31.51, 'gz': -29.95}, {'t_us': 184094291, 'ax': -0.07, 'ay': -0.11, 'az': -0.26, 'gx': -40.03, 'gy': -36.08, 'gz': -29.76}, {'t_us': 184114311, 'ax': -0.05, 'ay': -0.13, 'az': -0.22, 'gx': -50.55, 'gy': -43.8, 'gz': -28.96}, {'t_us': 184134262, 'ax': -0.09, 'ay': -0.06, 'az': -0.18, 'gx': -66.84, 'gy': -40.26, 'gz': -28.35}]",2026-02-18 09:40:16,0.0
"[{'t_us': 184161021, 'ax': -0.52, 'ay': -0.18, 'az': -0.61, 'gx': -82.15, 'gy': -20.7, 'gz': -28.73}, {'t_us': 184175504, 'ax': -0.99, 'ay': -0.21, 'az': -0.99, 'gx': -58.0, 'gy': 27.16, 'gz': -24.95}, {'t_us': 184194263, 'ax': -1.8, 'ay': -0.1, 'az': -1.21, 'gx': -3.77, 'gy': 83.83, 'gz': -8.21}, {'t_us': 184214291, 'ax': -1.83, 'ay': 0.0, 'az': -0.89, 'gx': 2.99, 'gy': 163.6, 'gz': -9.57}, {'t_us': 184234281, 'ax': -2.0, 'ay': 0.16, 'az': 0.33, 'gx': -73.69, 'gy': -32.06, 'gz': -42.53}]",2026-02-18 09:40:16,0.0
"[{'t_us': 184260373, 'ax': -1.95, 'ay': 0.34, 'az': -1.32, 'gx': -97.74, 'gy': -59.05, 'gz': -7.27}, {'t_us': 184274263, 'ax': -2.0, 'ay': 0.38, 'az': -1.04, 'gx': -87.69, 'gy': -111.97, 'gz': -29.08}, {'t_us': 184294311, 'ax': -1.3, 'ay': 0.16, 'az': -0.5, 'gx': -93.62, 'gy': -77.53, 'gz': -40.24}, {'t_us': 184314276, 'ax': -1.13, 'ay': 0.18, 'az': -0.56, 'gx': -110.0, 'gy': 2.93, 'gz': -45.89}, {'t_us': 184334309, 'ax': -0.92, 'ay': 0.18, 'az': -0.66, 'gx': -115.98, 'gy': 8.56, 'gz': -55.24}]",2026-02-18 09:40:16,0.0
"[{'t_us': 184360479, 'ax': -0.67, 'ay': 0.02, 'az': -0.54, 'gx': -123.45, 'gy': -5.01, 'gz': -59.04}, {'t_us': 184374284, 'ax': -0.56, 'ay': -0.01, 'az': -0.52, 'gx': -124.87, 'gy': -13.11, 'gz': -56.66}, {'t_us': 184394308, 'ax': -0.33, 'ay': -0.06, 'az': -0.45, 'gx': -122.34, 'gy': -32.84, 'gz': -48.08}, {'t_us': 184414276, 'ax': -0.14, 'ay': -0.06, 'az': -0.37, 'gx': -114.44, 'gy': -37.16, 'gz': -40.49}, {'t_us': 184434315, 'ax': -0.03, 'ay': -0.05, 'az': -0.33, 'gx': -98.4, 'gy': -27.62, 'gz': -36.0}]",2026-02-18 09:40:16,0.0
"[{'t_us': 184458748, 'ax': 0.04, 'ay': -0.11, 'az': -0.36, 'gx': -79.27, 'gy': -11.73, 'gz': -33.27}, {'t_us': 184474256, 'ax': 0.04, 'ay': -0.13, 'az': -0.39, 'gx': -68.4, 'gy': -7.42, 'gz': -30.32}, {'t_us': 184494315, 'ax': 0.0, 'ay': -0.05, 'az': -0.46, 'gx': -53.27, 'gy': -9.05, 'gz': -29.07}, {'t_us': 184514308, 'ax': -0.02, 'ay': -0.08, 'az': -0.46, 'gx': -41.89, 'gy': -10.75, 'gz': -28.14}, {'t_us': 184534315, 'ax': -0.13, 'ay': -0.17, 'az': -0.62, 'gx': -36.89, 'gy': -16.08, 'gz': -27.05}]",2026-02-18 09:40:16,0.0
"[{'t_us': 184560627, 'ax': -1.04, 'ay': -0.52, 'az': -0.87, 'gx': -32.47, 'gy': 25.62, 'gz': 7.25}, {'t_us': 184574319, 'ax': -1.97, 'ay': -0.61, 'az': -0.72, 'gx': -44.12, 'gy': 19.33, 'gz': 15.92}, {'t_us': 184594271, 'ax': -2.0, 'ay': -0.53, 'az': -0.07, 'gx': -52.89, 'gy': 18.44, 'gz': -1.98}, {'t_us': 184614296, 'ax': -1.38, 'ay': -0.49, 'az': -1.08, 'gx': -23.59, 'gy': 69.94, 'gz': -23.22}, {'t_us': 184634291, 'ax': -1.86, 'ay': -0.43, 'az': -1.16, 'gx': 12.56, 'gy': -42.37, 'gz': -5.57}]",2026-02-18 09:40:16,0.0
"[{'t_us': 184659051, 'ax': -1.41, 'ay': -0.24, 'az': -0.34, 'gx': -7.76, 'gy': -47.08, 'gz': -13.86}, {'t_us': 184674288, 'ax': -1.23, 'ay': -0.22, 'az': -0.48, 'gx': -19.97, 'gy': 15.11, 'gz': -22.7}, {'t_us': 184694255, 'ax': -1.16, 'ay': -0.15, 'az': -0.59, 'gx': -17.4, 'gy': 20.31, 'gz': -23.83}, {'t_us': 184714281, 'ax': -1.0, 'ay': -0.2, 'az': -0.48, 'gx': -10.24, 'gy': 24.66, 'gz': -21.66}, {'t_us': 184734263, 'ax': -0.8, 'ay': -0.22, 'az': -0.4, 'gx': -8.29, 'gy': 41.22, 'gz': -13.05}]",2026-02-18 09:40:16,0.0
"[{'t_us': 184760438, 'ax': -0.71, 'ay': -0.11, 'az': -0.24, 'gx': -3.31, 'gy': 56.23, 'gz': -0.9}, {'t_us': 184774324, 'ax': -0.63, 'ay': -0.01, 'az': -0.2, 'gx': -2.61, 'gy': 38.21, 'gz': -1.56}, {'t_us': 184794291, 'ax': -0.42, 'ay': 0.04, 'az': -0.21, 'gx': -5.22, 'gy': 7.86, 'gz': -6.27}, {'t_us': 184814291, 'ax': -0.22, 'ay': -0.01, 'az': -0.21, 'gx': -12.64, 'gy': -18.73, 'gz': -8.14}, {'t_us': 184834304, 'ax': -0.09, 'ay': -0.07, 'az': -0.22, 'gx': -18.78, 'gy': -36.4, 'gz': -6.82}]",2026-02-18 09:40:17,0.0
"[{'t_us': 184858934, 'ax': -0.13, 'ay': -0.11, 'az': -0.24, 'gx': -25.24, 'gy': -31.07, 'gz': -5.07}, {'t_us': 184874255, 'ax': -0.22, 'ay': -0.06, 'az': -0.26, 'gx': -29.11, 'gy': -31.15, 'gz': -7.76}, {'t_us': 184894271, 'ax': -0.24, 'ay': -0.04, 'az': -0.31, 'gx': -36.06, 'gy': -40.52, 'gz': -18.23}, {'t_us': 184914296, 'ax': -0.19, 'ay': -0.03, 'az': -0.31, 'gx': -50.41, 'gy': -22.55, 'gz': -28.53}, {'t_us': 184934308, 'ax': -0.47, 'ay': -0.13, 'az': -0.59, 'gx': -67.62, 'gy': 30.08, 'gz': -33.83}]",2026-02-18 09:40:17,0.0
"[{'t_us': 184958812, 'ax': -1.24, 'ay': -0.12, 'az': -1.33, 'gx': -28.27, 'gy': 51.57, 'gz': -25.25}, {'t_us': 184974311, 'ax': -1.49, 'ay': 0.15, 'az': -1.12, 'gx': 1.05, 'gy': 89.77, 'gz': -14.12}, {'t_us': 184994255, 'ax': -2.0, 'ay': -0.05, 'az': 0.17, 'gx': -45.1, 'gy': 5.73, 'gz': -21.71}, {'t_us': 185014311, 'ax': -1.45, 'ay': 0.04, 'az': -0.59, 'gx': -115.51, 'gy': 11.36, 'gz': -15.24}, {'t_us': 185034315, 'ax': -2.0, 'ay': 0.18, 'az': -1.48, 'gx': -84.7, 'gy': -34.73, 'gz': -24.46}]",2026-02-18 09:40:17,0.0
"[{'t_us': 185060432, 'ax': -1.41, 'ay': -0.07, 'az': -0.66, 'gx': -71.88, 'gy': -110.15, 'gz': -30.49}, {'t_us': 185074445, 'ax': -1.16, 'ay': -0.01, 'az': -0.49, 'gx': -77.24, 'gy': -8.7, 'gz': -35.4}, {'t_us': 185094288, 'ax': -0.97, 'ay': -0.01, 'az': -0.66, 'gx': -73.82, 'gy': 42.46, 'gz': -38.35}, {'t_us': 185114296, 'ax': -0.96, 'ay': -0.02, 'az': -0.64, 'gx': -80.15, 'gy': 25.02, 'gz': -38.41}, {'t_us': 185134303, 'ax': -0.68, 'ay': -0.07, 'az': -0.59, 'gx': -79.16, 'gy': -6.73, 'gz': -31.69}]",2026-02-18 09:40:17,0.0
"[{'t_us': 185160416, 'ax': -0.35, 'ay': -0.1, 'az': -0.33, 'gx': -74.66, 'gy': -25.31, 'gz': -21.18}, {'t_us': 185174288, 'ax': -0.27, 'ay': -0.1, 'az': -0.25, 'gx': -74.84, 'gy': -26.89, 'gz': -15.66}, {'t_us': 185194314, 'ax': -0.15, 'ay': -0.07, 'az': -0.28, 'gx': -72.09, 'gy': -32.96, 'gz': -13.98}, {'t_us': 185214255, 'ax': -0.0, 'ay': -0.07, 'az': -0.31, 'gx': -50.92, 'gy': -32.69, 'gz': -18.75}, {'t_us': 185234288, 'ax': 0.13, 'ay': -0.15, 'az': -0.3, 'gx': -28.17, 'gy': -17.56, 'gz': -21.47}]",2026-02-18 09:40:17,0.0
"[{'t_us': 185259139, 'ax': 0.14, 'ay': -0.12, 'az': -0.38, 'gx': -4.06, 'gy': -4.02, 'gz': -17.21}, {'t_us': 185274281, 'ax': 0.1, 'ay': -0.12, 'az': -0.46, 'gx': 1.82, 'gy': -15.76, 'gz': -11.95}, {'t_us': 185294281, 'ax': -0.07, 'ay': -0.25, 'az': -0.67, 'gx': -1.6, 'gy': -39.76, 'gz': -3.39}, {'t_us': 185314281, 'ax': -0.53, 'ay': -0.5, 'az': -0.79, 'gx': -5.53, 'gy': -21.15, 'gz': 30.18}, {'t_us': 185334304, 'ax': -1.74, 'ay': -0.52, 'az': -0.61, 'gx': -25.4, 'gy': 41.07, 'gz': 53.4}]",2026-02-18 09:40:17,0.0
"[{'t_us': 185360386, 'ax': -2.0, 'ay': -0.44, 'az': -0.34, 'gx': -8.09, 'gy': 38.89, 'gz': -12.05}, {'t_us': 185374311, 'ax': -1.61, 'ay': -0.8, 'az': -0.78, 'gx': 41.25, 'gy': 65.15, 'gz': -23.95}, {'t_us': 185394263, 'ax': -1.51, 'ay': -0.85, 'az': -1.01, 'gx': 54.18, 'gy': -5.24, 'gz': 2.84}, {'t_us': 185414308, 'ax': -1.65, 'ay': -0.32, 'az': -0.65, 'gx': 50.34, 'gy': -52.63, 'gz': 23.5}, {'t_us': 185434311, 'ax': -1.36, 'ay': -0.18, 'az': -0.51, 'gx': 42.82, 'gy': -22.4, 'gz': 15.25}]",2026-02-18 09:40:17,0.0
"[{'t_us': 185458885, 'ax': -1.13, 'ay': -0.11, 'az': -0.43, 'gx': 33.85, 'gy': -17.45, 'gz': 8.96}, {'t_us': 185474284, 'ax': -0.93, 'ay': -0.13, 'az': -0.33, 'gx': 32.23, 'gy': 2.46, 'gz': 10.05}, {'t_us': 185494281, 'ax': -0.78, 'ay': -0.05, 'az': -0.3, 'gx': 38.03, 'gy': 33.89, 'gz': 14.55}, {'t_us': 185514314, 'ax': -0.64, 'ay': -0.01, 'az': -0.27, 'gx': 42.75, 'gy': 46.02, 'gz': 15.39}, {'t_us': 185534291, 'ax': -0.46, 'ay': 0.03, 'az': -0.27, 'gx': 35.62, 'gy': 31.22, 'gz': 14.0}]",2026-02-18 09:40:17,0.0
"[{'t_us': 185560883, 'ax': -0.26, 'ay': 0.06, 'az': -0.23, 'gx': 17.27, 'gy': 7.34, 'gz': 10.81}, {'t_us': 185574256, 'ax': -0.19, 'ay': 0.06, 'az': -0.2, 'gx': 8.02, 'gy': -5.71, 'gz': 8.24}, {'t_us': 185594304, 'ax': -0.12, 'ay': 0.03, 'az': -0.21, 'gx': -4.76, 'gy': -25.16, 'gz': 3.82}, {'t_us': 185614336, 'ax': -0.05, 'ay': 0.01, 'az': -0.19, 'gx': -24.21, 'gy': -45.54, 'gz': -0.18}, {'t_us': 185634319, 'ax': -0.04, 'ay': 0.02, 'az': -0.24, 'gx': -45.82, 'gy': -50.31, 'gz': -2.11}]",2026-02-18 09:40:17,0.0
"[{'t_us': 185660483, 'ax': -0.19, 'ay': -0.02, 'az': -0.29, 'gx': -69.68, 'gy': -41.4, 'gz': -4.7}, {'t_us': 185676008, 'ax': -0.44, 'ay': -0.08, 'az': -0.51, 'gx': -66.95, 'gy': 6.95, 'gz': -5.77}, {'t_us': 185694311, 'ax': -1.18, 'ay': -0.15, 'az': -1.03, 'gx': -27.07, 'gy': 53.82, 'gz': -0.66}, {'t_us': 185714308, 'ax': -1.91, 'ay': -0.01, 'az': -0.83, 'gx': 23.68, 'gy': 94.76, 'gz': -4.32}, {'t_us': 185734296, 'ax': -2.0, 'ay': -0.33, 'az': 0.48, 'gx': -37.45, 'gy': -3.22, 'gz': -50.93}]",2026-02-18 09:40:17,
"[{'t_us': 185760465, 'ax': -1.85, 'ay': -0.06, 'az': -1.21, 'gx': -108.24, 'gy': 18.96, 'gz': -23.59}, {'t_us': 185774308, 'ax': -2.0, 'ay': 0.23, 'az': -1.35, 'gx': -77.47, 'gy': -85.25, 'gz': -14.29}, {'t_us': 185794281, 'ax': -1.64, 'ay': -0.01, 'az': -0.78, 'gx': -58.29, 'gy': -122.24, 'gz': -22.81}, {'t_us': 185814299, 'ax': -1.14, 'ay': 0.03, 'az': -0.54, 'gx': -59.45, 'gy': 2.27, 'gz': -16.73}, {'t_us': 185834312, 'ax': -1.09, 'ay': -0.04, 'az': -0.65, 'gx': -65.4, 'gy': 23.71, 'gz': -16.31}]",2026-02-18 09:40:18,0.0
"[{'t_us': 185859161, 'ax': -0.94, 'ay': -0.17, 'az': -0.49, 'gx': -47.28, 'gy': 5.31, 'gz': -13.37}, {'t_us': 185874265, 'ax': -0.84, 'ay': -0.29, 'az': -0.4, 'gx': -41.77, 'gy': 4.44, 'gz': -19.07}, {'t_us': 185894262, 'ax': -0.61, 'ay': -0.36, 'az': -0.26, 'gx': -44.15, 'gy': -9.95, 'gz': -30.53}, {'t_us': 185914262, 'ax': -0.28, 'ay': -0.24, 'az': -0.31, 'gx': -38.75, 'gy': -6.98, 'gz': -29.63}, {'t_us': 185934288, 'ax': -0.01, 'ay': -0.21, 'az': -0.32, 'gx': -18.41, 'gy': -11.88, 'gz': -18.66}]",2026-02-18 09:40:18,0.0
"[{'t_us': 185958621, 'ax': 0.12, 'ay': -0.11, 'az': -0.31, 'gx': -5.97, 'gy': -10.64, 'gz': -8.98}, {'t_us': 185974320, 'ax': 0.15, 'ay': -0.03, 'az': -0.31, 'gx': -8.14, 'gy': -17.53, 'gz': -6.26}, {'t_us': 185994315, 'ax': 0.2, 'ay': 0.08, 'az': -0.36, 'gx': -14.7, 'gy': -44.06, 'gz': -7.04}, {'t_us': 186014276, 'ax': 0.21, 'ay': 0.12, 'az': -0.33, 'gx': -11.56, 'gy': -50.69, 'gz': -6.24}, {'t_us': 186034276, 'ax': 0.1, 'ay': 0.06, 'az': -0.35, 'gx': 0.24, 'gy': -15.59, 'gz': 3.86}]",2026-02-18 09:40:18,0.0
"[{'t_us': 186060336, 'ax': -0.29, 'ay': -0.08, 'az': -0.49, 'gx': 14.92, 'gy': 27.13, 'gz': 24.2}, {'t_us': 186074296, 'ax': -0.95, 'ay': -0.19, 'az': -0.51, 'gx': 23.54, 'gy': 82.6, 'gz': 37.27}, {'t_us': 186094296, 'ax': -2.0, 'ay': -0.52, 'az': -0.29, 'gx': 22.29, 'gy': 108.96, 'gz': 41.98}, {'t_us': 186114319, 'ax': -2.0, 'ay': -0.95, 'az': -0.6, 'gx': 23.54, 'gy': 104.92, 'gz': 17.51}, {'t_us': 186134321, 'ax': -2.0, 'ay': -0.87, 'az': -1.38, 'gx': 33.98, 'gy': 62.49, 'gz': 23.33}]",2026-02-18 09:40:18,0.0
"[{'t_us': 186160714, 'ax': -1.82, 'ay': -0.21, 'az': -0.65, 'gx': 48.58, 'gy': -59.1, 'gz': 16.43}, {'t_us': 186174487, 'ax': -1.7, 'ay': -0.15, 'az': -0.52, 'gx': 43.77, 'gy': -25.65, 'gz': 8.43}, {'t_us': 186194299, 'ax': -1.45, 'ay': -0.19, 'az': -0.62, 'gx': 24.75, 'gy': -5.59, 'gz': 1.04}, {'t_us': 186214319, 'ax': -1.2, 'ay': -0.18, 'az': -0.58, 'gx': 18.92, 'gy': -7.76, 'gz': 3.1}, {'t_us': 186234291, 'ax': -0.91, 'ay': -0.16, 'az': -0.43, 'gx': 26.4, 'gy': 27.16, 'gz': 9.69}]",2026-02-18 09:40:18,0.0
"[{'t_us': 186258890, 'ax': -0.69, 'ay': -0.1, 'az': -0.24, 'gx': 38.64, 'gy': 54.79, 'gz': 21.28}, {'t_us': 186274311, 'ax': -0.57, 'ay': -0.03, 'az': -0.16, 'gx': 40.52, 'gy': 53.08, 'gz': 20.56}, {'t_us': 186294263, 'ax': -0.31, 'ay': -0.04, 'az': -0.13, 'gx': 34.87, 'gy': 36.61, 'gz': 17.24}, {'t_us': 186314271, 'ax': -0.08, 'ay': -0.04, 'az': -0.14, 'gx': 21.4, 'gy': 18.03, 'gz': 17.02}, {'t_us': 186334298, 'ax': -0.0, 'ay': -0.02, 'az': -0.28, 'gx': 8.58, 'gy': -11.82, 'gz': 12.32}]",2026-02-18 09:40:18,0.0
"[{'t_us': 186360615, 'ax': 0.1, 'ay': -0.05, 'az': -0.26, 'gx': 1.79, 'gy': -50.76, 'gz': 6.98}, {'t_us': 186374296, 'ax': 0.11, 'ay': -0.05, 'az': -0.21, 'gx': -3.21, 'gy': -61.66, 'gz': 6.32}, {'t_us': 186394299, 'ax': 0.08, 'ay': -0.07, 'az': -0.18, 'gx': -15.85, 'gy': -63.79, 'gz': 3.28}, {'t_us': 186414299, 'ax': -0.03, 'ay': -0.09, 'az': -0.25, 'gx': -32.35, 'gy': -28.46, 'gz': -5.76}, {'t_us': 186434324, 'ax': -0.46, 'ay': -0.26, 'az': -0.71, 'gx': -41.5, 'gy': 66.27, 'gz': -8.96}]",2026-02-18 09:40:18,0.0
"[{'t_us': 186459124, 'ax': -1.62, 'ay': -0.03, 'az': -1.18, 'gx': -0.87, 'gy': 127.47, 'gz': 2.58}, {'t_us': 186474288, 'ax': -2.0, 'ay': 0.31, 'az': -0.93, 'gx': 18.27, 'gy': 173.01, 'gz': 9.73}, {'t_us': 186494288, 'ax': -2.0, 'ay': 0.01, 'az': 0.38, 'gx': -20.52, 'gy': -7.4, 'gz': -19.36}, {'t_us': 186514308, 'ax': -1.28, 'ay': 0.05, 'az': -0.91, 'gx': -91.1, 'gy': 23.56, 'gz': -0.7}, {'t_us': 186534281, 'ax': -2.0, 'ay': 0.3, 'az': -1.34, 'gx': -61.79, 'gy': -30.31, 'gz': -4.9}]",2026-02-18 09:40:18,0.0
"[{'t_us': 186560534, 'ax': -1.17, 'ay': -0.02, 'az': -0.61, 'gx': -47.63, 'gy': -77.56, 'gz': -14.85}, {'t_us': 186574271, 'ax': -0.98, 'ay': -0.04, 'az': -0.49, 'gx': -50.95, 'gy': -10.41, 'gz': -13.56}, {'t_us': 186594309, 'ax': -0.88, 'ay': -0.09, 'az': -0.67, 'gx': -54.7, 'gy': 46.38, 'gz': -12.2}, {'t_us': 186614304, 'ax': -0.92, 'ay': -0.1, 'az': -0.59, 'gx': -61.74, 'gy': 30.08, 'gz': -12.37}, {'t_us': 186634291, 'ax': -0.77, 'ay': -0.13, 'az': -0.43, 'gx': -67.91, 'gy': 0.52, 'gz': -17.11}]",2026-02-18 09:40:18,0.0
"[{'t_us': 186658851, 'ax': -0.46, 'ay': -0.2, 'az': -0.26, 'gx': -56.93, 'gy': -23.21, 'gz': -17.85}, {'t_us': 186674291, 'ax': -0.27, 'ay': -0.19, 'az': -0.22, 'gx': -42.75, 'gy': -20.93, 'gz': -13.79}, {'t_us': 186694291, 'ax': -0.14, 'ay': -0.17, 'az': -0.2, 'gx': -27.11, 'gy': -23.27, 'gz': -10.89}, {'t_us': 186714291, 'ax': -0.05, 'ay': -0.11, 'az': -0.29, 'gx': -13.77, 'gy': -21.15, 'gz': -8.52}, {'t_us': 186734260, 'ax': 0.06, 'ay': -0.07, 'az': -0.34, 'gx': 3.47, 'gy': -11.18, 'gz': -7.68}]",2026-02-18 09:40:18,0.0
"[{'t_us': 186758980, 'ax': 0.03, 'ay': -0.03, 'az': -0.42, 'gx': 15.98, 'gy': -3.51, 'gz': -6.21}, {'t_us': 186774296, 'ax': -0.04, 'ay': -0.03, 'az': -0.41, 'gx': 22.75, 'gy': -4.05, 'gz': -5.34}, {'t_us': 186794288, 'ax': -0.09, 'ay': -0.03, 'az': -0.45, 'gx': 24.67, 'gy': -4.4, 'gz': 0.63}, {'t_us': 186814288, 'ax': -0.59, 'ay': -0.13, 'az': -0.66, 'gx': 13.36, 'gy': -9.05, 'gz': 13.27}, {'t_us': 186834288, 'ax': -2.0, 'ay': -0.33, 'az': -0.33, 'gx': -20.15, 'gy': 6.82, 'gz': 24.52}]",2026-02-18 09:40:19,0.0
"[{'t_us': 186860677, 'ax': -2.0, 'ay': -0.31, 'az': -1.07, 'gx': -13.88, 'gy': 33.33, 'gz': -10.79}, {'t_us': 186874299, 'ax': -1.68, 'ay': -0.45, 'az': -1.26, 'gx': 38.95, 'gy': 9.92, 'gz': -20.21}, {'t_us': 186894311, 'ax': -1.47, 'ay': -0.41, 'az': -0.73, 'gx': 34.98, 'gy': -46.9, 'gz': 11.31}, {'t_us': 186914308, 'ax': -1.48, 'ay': -0.17, 'az': -0.45, 'gx': 30.61, 'gy': -11.74, 'gz': 10.93}, {'t_us': 186934268, 'ax': -1.3, 'ay': 0.02, 'az': -0.62, 'gx': 28.14, 'gy': 27.59, 'gz': -2.4}]",2026-02-18 09:40:19,0.0
"[{'t_us': 186960807, 'ax': -1.11, 'ay': -0.05, 'az': -0.53, 'gx': 23.16, 'gy': 24.79, 'gz': -10.03}, {'t_us': 186974271, 'ax': -1.03, 'ay': -0.08, 'az': -0.43, 'gx': 22.98, 'gy': 37.86, 'gz': -8.87}, {'t_us': 186994276, 'ax': -0.89, 'ay': -0.14, 'az': -0.31, 'gx': 29.05, 'gy': 59.53, 'gz': -1.71}, {'t_us': 187014304, 'ax': -0.75, 'ay': -0.13, 'az': -0.23, 'gx': 25.77, 'gy': 65.33, 'gz': 1.51}, {'t_us': 187034309, 'ax': -0.55, 'ay': -0.03, 'az': -0.24, 'gx': 12.09, 'gy': 55.37, 'gz': 0.56}]",2026-02-18 09:40:19,0.0
"[{'t_us': 187059315, 'ax': -0.31, 'ay': 0.06, 'az': -0.29, 'gx': -10.46, 'gy': -0.38, 'gz': -6.7}, {'t_us': 187074315, 'ax': -0.23, 'ay': 0.06, 'az': -0.24, 'gx': -17.68, 'gy': -29.71, 'gz': -12.05}, {'t_us': 187094308, 'ax': -0.17, 'ay': 0.07, 'az': -0.19, 'gx': -25.62, 'gy': -38.05, 'gz': -21.01}, {'t_us': 187114276, 'ax': -0.12, 'ay': 0.03, 'az': -0.16, 'gx': -34.06, 'gy': -29.19, 'gz': -28.23}, {'t_us': 187134304, 'ax': -0.14, 'ay': -0.03, 'az': -0.19, 'gx': -51.05, 'gy': -33.6, 'gz': -32.61}]",2026-02-18 09:40:19,0.0
"[{'t_us': 187160684, 'ax': -0.26, 'ay': -0.07, 'az': -0.35, 'gx': -74.55, 'gy': -40.08, 'gz': -38.29}, {'t_us': 187174321, 'ax': -0.41, 'ay': -0.2, 'az': -0.62, 'gx': -81.63, 'gy': -13.01, 'gz': -40.63}, {'t_us': 187194271, 'ax': -1.13, 'ay': -0.29, 'az': -1.24, 'gx': -57.53, 'gy': 33.47, 'gz': -35.47}, {'t_us': 187214271, 'ax': -1.82, 'ay': 0.07, 'az': -1.25, 'gx': -10.55, 'gy': 99.36, 'gz': -24.73}, {'t_us': 187234276, 'ax': -2.0, 'ay': -0.01, 'az': -0.05, 'gx': -46.03, 'gy': -42.73, 'gz': -41.25}]",2026-02-18 09:40:19,0.0
"[{'t_us': 187259157, 'ax': -1.29, 'ay': 0.13, 'az': -0.86, 'gx': -123.97, 'gy': 9.56, 'gz': -24.52}, {'t_us': 187274265, 'ax': -2.0, 'ay': 0.32, 'az': -1.33, 'gx': -105.37, 'gy': -23.62, 'gz': -35.08}, {'t_us': 187294276, 'ax': -1.55, 'ay': 0.13, 'az': -0.82, 'gx': -97.91, 'gy': -90.73, 'gz': -46.99}, {'t_us': 187314304, 'ax': -1.05, 'ay': 0.04, 'az': -0.61, 'gx': -94.72, 'gy': -10.75, 'gz': -44.4}, {'t_us': 187334281, 'ax': -0.87, 'ay': -0.04, 'az': -0.73, 'gx': -88.29, 'gy': 27.94, 'gz': -44.49}]",2026-02-18 09:40:19,0.0
"[{'t_us': 187360087, 'ax': -0.78, 'ay': -0.17, 'az': -0.42, 'gx': -88.93, 'gy': 13.91, 'gz': -41.39}, {'t_us': 187374279, 'ax': -0.76, 'ay': -0.21, 'az': -0.34, 'gx': -96.6, 'gy': -0.6, 'gz': -41.91}, {'t_us': 187394271, 'ax': -0.6, 'ay': -0.18, 'az': -0.2, 'gx': -107.98, 'gy': -20.87, 'gz': -44.82}, {'t_us': 187414276, 'ax': -0.42, 'ay': -0.1, 'az': -0.2, 'gx': -103.83, 'gy': -39.62, 'gz': -41.04}, {'t_us': 187434330, 'ax': -0.29, 'ay': 0.01, 'az': -0.18, 'gx': -94.09, 'gy': -50.73, 'gz': -33.89}]",2026-02-18 09:40:19,0.0
"[{'t_us': 187460911, 'ax': -0.15, 'ay': 0.09, 'az': -0.27, 'gx': -77.92, 'gy': -49.22, 'gz': -36.08}, {'t_us': 187474263, 'ax': -0.05, 'ay': 0.06, 'az': -0.38, 'gx': -67.47, 'gy': -39.97, 'gz': -37.71}, {'t_us': 187494291, 'ax': 0.05, 'ay': 0.01, 'az': -0.4, 'gx': -46.26, 'gy': -28.79, 'gz': -36.21}, {'t_us': 187514291, 'ax': 0.14, 'ay': -0.09, 'az': -0.51, 'gx': -29.95, 'gy': -26.84, 'gz': -28.03}, {'t_us': 187534296, 'ax': -0.03, 'ay': -0.18, 'az': -0.75, 'gx': -14.0, 'gy': -45.88, 'gz': -12.23}]",2026-02-18 09:40:19,0.0
"[{'t_us': 187561941, 'ax': -1.1, 'ay': -0.46, 'az': -0.75, 'gx': 10.81, 'gy': -2.81, 'gz': 11.69}, {'t_us': 187574311, 'ax': -1.91, 'ay': -0.6, 'az': -0.51, 'gx': 10.05, 'gy': 39.22, 'gz': 28.24}, {'t_us': 187594255, 'ax': -2.0, 'ay': -0.75, 'az': -0.53, 'gx': -2.09, 'gy': 23.97, 'gz': 30.85}, {'t_us': 187614319, 'ax': -1.89, 'ay': -0.55, 'az': -0.79, 'gx': 2.9, 'gy': 22.43, 'gz': -0.92}, {'t_us': 187634255, 'ax': -2.0, 'ay': -0.25, 'az': -1.04, 'gx': 20.21, 'gy': -12.05, 'gz': -5.1}]",2026-02-18 09:40:19,0.0
"[{'t_us': 187659940, 'ax': -1.48, 'ay': -0.09, 'az': -0.39, 'gx': 4.37, 'gy': -44.15, 'gz': -15.59}, {'t_us': 187674296, 'ax': -1.32, 'ay': -0.03, 'az': -0.43, 'gx': -12.35, 'gy': -10.5, 'gz': -23.42}, {'t_us': 187694311, 'ax': -1.14, 'ay': -0.07, 'az': -0.45, 'gx': -25.71, 'gy': -1.1, 'gz': -26.56}, {'t_us': 187714308, 'ax': -0.87, 'ay': -0.14, 'az': -0.3, 'gx': -30.98, 'gy': 20.14, 'gz': -16.26}, {'t_us': 187734276, 'ax': -0.75, 'ay': -0.09, 'az': -0.21, 'gx': -29.82, 'gy': 50.34, 'gz': -3.13}]",2026-02-18 09:40:19,0.0
"[{'t_us': 187761006, 'ax': -0.52, 'ay': -0.03, 'az': -0.27, 'gx': -38.34, 'gy': 37.22, 'gz': -6.85}, {'t_us': 187776280, 'ax': -0.38, 'ay': 0.02, 'az': -0.31, 'gx': -43.53, 'gy': 31.27, 'gz': -14.75}, {'t_us': 187794276, 'ax': -0.27, 'ay': 0.08, 'az': -0.24, 'gx': -47.4, 'gy': 8.38, 'gz': -24.95}, {'t_us': 187814304, 'ax': -0.16, 'ay': 0.05, 'az': -0.21, 'gx': -54.79, 'gy': -19.21, 'gz': -40.12}, {'t_us': 187834271, 'ax': -0.02, 'ay': -0.05, 'az': -0.24, 'gx': -66.55, 'gy': -41.18, 'gz': -46.41}]",2026-02-18 09:40:20,0.0
"[{'t_us': 187858868, 'ax': 0.01, 'ay': -0.1, 'az': -0.25, 'gx': -75.34, 'gy': -48.96, 'gz': -42.03}, {'t_us': 187874281, 'ax': -0.04, 'ay': -0.09, 'az': -0.31, 'gx': -81.73, 'gy': -45.91, 'gz': -40.67}, {'t_us': 187894311, 'ax': -0.1, 'ay': -0.1, 'az': -0.35, 'gx': -86.46, 'gy': -46.38, 'gz': -41.89}, {'t_us': 187914308, 'ax': -0.1, 'ay': -0.07, 'az': -0.27, 'gx': -83.36, 'gy': -23.73, 'gz': -42.82}, {'t_us': 187934313, 'ax': -0.27, 'ay': -0.01, 'az': -0.39, 'gx': -88.38, 'gy': 18.53, 'gz': -45.8}]",2026-02-18 09:40:20,0.0
"[{'t_us': 187958872, 'ax': -1.25, 'ay': -0.2, 'az': -0.8, 'gx': -94.14, 'gy': 92.81, 'gz': -30.56}, {'t_us': 187974271, 'ax': -2.0, 'ay': 0.07, 'az': -0.8, 'gx': -72.5, 'gy': 125.69, 'gz': -24.05}, {'t_us': 187994263, 'ax': -2.0, 'ay': -0.2, 'az': -0.95, 'gx': -24.67, 'gy': 120.09, 'gz': -29.48}, {'t_us': 188014271, 'ax': -1.93, 'ay': -0.12, 'az': -0.65, 'gx': -124.56, 'gy': -112.18, 'gz': -42.34}, {'t_us': 188034296, 'ax': -2.0, 'ay': 0.35, 'az': -0.93, 'gx': -111.86, 'gy': -110.99, 'gz': -8.99}]",2026-02-18 09:40:20,0.0
"[{'t_us': 188059014, 'ax': -1.81, 'ay': 0.41, 'az': -0.53, 'gx': -128.4, 'gy': -60.63, 'gz': -38.87}, {'t_us': 188074319, 'ax': -1.67, 'ay': 0.46, 'az': -0.67, 'gx': -139.83, 'gy': -3.71, 'gz': -50.73}, {'t_us': 188094288, 'ax': -1.35, 'ay': 0.31, 'az': -0.74, 'gx': -148.12, 'gy': 3.85, 'gz': -61.92}, {'t_us': 188114288, 'ax': -1.06, 'ay': 0.13, 'az': -0.56, 'gx': -151.83, 'gy': -8.12, 'gz': -58.53}, {'t_us': 188134311, 'ax': -0.82, 'ay': 0.03, 'az': -0.4, 'gx': -160.81, 'gy': -24.31, 'gz': -55.53}]",2026-02-18 09:40:20,0.0
"[{'t_us': 188158782, 'ax': -0.56, 'ay': -0.01, 'az': -0.41, 'gx': -165.6, 'gy': -39.05, 'gz': -55.08}, {'t_us': 188174319, 'ax': -0.4, 'ay': -0.04, 'az': -0.36, 'gx': -162.03, 'gy': -40.6, 'gz': -55.57}, {'t_us': 188194262, 'ax': -0.2, 'ay': 0.01, 'az': -0.32, 'gx': -151.33, 'gy': -41.42, 'gz': -55.66}, {'t_us': 188214262, 'ax': -0.04, 'ay': 0.01, 'az': -0.33, 'gx': -138.79, 'gy': -35.68, 'gz': -55.01}, {'t_us': 188234291, 'ax': 0.06, 'ay': 0.04, 'az': -0.37, 'gx': -130.96, 'gy': -33.74, 'gz': -55.21}]",2026-02-18 09:40:20,0.0
"[{'t_us': 188258852, 'ax': 0.13, 'ay': 0.08, 'az': -0.4, 'gx': -131.48, 'gy': -50.18, 'gz': -58.49}, {'t_us': 188274281, 'ax': 0.18, 'ay': 0.04, 'az': -0.4, 'gx': -134.17, 'gy': -67.62, 'gz': -58.99}, {'t_us': 188294291, 'ax': 0.15, 'ay': 0.01, 'az': -0.43, 'gx': -133.4, 'gy': -65.18, 'gz': -53.65}, {'t_us': 188314311, 'ax': -0.13, 'ay': -0.08, 'az': -0.66, 'gx': -120.72, 'gy': -25.74, 'gz': -39.47}, {'t_us': 188334281, 'ax': -0.8, 'ay': -0.23, 'az': -1.0, 'gx': -83.16, 'gy': 18.35, 'gz': -16.85}]",2026-02-18 09:40:20,0.0
"[{'t_us': 188360421, 'ax': -1.93, 'ay': -0.72, 'az': -1.03, 'gx': -5.63, 'gy': 100.2, 'gz': 36.18}, {'t_us': 188376374, 'ax': -2.0, 'ay': -0.77, 'az': -0.29, 'gx': -8.17, 'gy': 120.53, 'gz': 27.98}, {'t_us': 188394299, 'ax': -2.0, 'ay': -0.76, 'az': -0.92, 'gx': -14.47, 'gy': 121.6, 'gz': -8.23}, {'t_us': 188414319, 'ax': -1.86, 'ay': -0.49, 'az': -1.2, 'gx': -14.67, 'gy': 63.33, 'gz': -11.8}, {'t_us': 188434312, 'ax': -1.7, 'ay': -0.26, 'az': -0.69, 'gx': -1.02, 'gy': -46.26, 'gz': -18.2}]",2026-02-18 09:40:20,0.0
"[{'t_us': 188460384, 'ax': -1.03, 'ay': -0.23, 'az': -0.43, 'gx': 3.02, 'gy': -35.39, 'gz': -3.8}, {'t_us': 188474276, 'ax': -1.01, 'ay': -0.2, 'az': -0.34, 'gx': -0.67, 'gy': -10.79, 'gz': 0.11}, {'t_us': 188494291, 'ax': -0.89, 'ay': -0.13, 'az': -0.39, 'gx': -3.04, 'gy': 10.27, 'gz': 0.98}, {'t_us': 188514311, 'ax': -0.65, 'ay': -0.12, 'az': -0.34, 'gx': 1.94, 'gy': 23.13, 'gz': 5.28}, {'t_us': 188534255, 'ax': -0.34, 'ay': -0.05, 'az': -0.27, 'gx': -4.96, 'gy': 19.4, 'gz': 7.25}]",2026-02-18 09:40:20,0.0
"[{'t_us': 188559118, 'ax': -0.09, 'ay': 0.05, 'az': -0.09, 'gx': -10.95, 'gy': 20.69, 'gz': 3.73}, {'t_us': 188574281, 'ax': -0.07, 'ay': 0.07, 'az': -0.09, 'gx': -14.9, 'gy': 25.62, 'gz': 1.73}, {'t_us': 188594315, 'ax': -0.08, 'ay': 0.03, 'az': -0.17, 'gx': -20.87, 'gy': 19.74, 'gz': -0.55}, {'t_us': 188614276, 'ax': -0.05, 'ay': 0.03, 'az': -0.14, 'gx': -34.26, 'gy': 15.16, 'gz': -1.53}, {'t_us': 188634319, 'ax': -0.2, 'ay': 0.06, 'az': -0.28, 'gx': -49.18, 'gy': 10.84, 'gz': -12.0}]",2026-02-18 09:40:20,0.0
"[{'t_us': 188660416, 'ax': -0.37, 'ay': -0.06, 'az': -0.47, 'gx': -65.85, 'gy': -18.61, 'gz': -31.94}, {'t_us': 188675281, 'ax': -0.5, 'ay': -0.14, 'az': -0.7, 'gx': -72.78, 'gy': -15.76, 'gz': -37.04}, {'t_us': 188694262, 'ax': -1.08, 'ay': -0.13, 'az': -1.0, 'gx': -69.82, 'gy': 10.85, 'gz': -36.63}, {'t_us': 188714291, 'ax': -1.9, 'ay': 0.04, 'az': -0.77, 'gx': -50.72, 'gy': 16.23, 'gz': -19.94}, {'t_us': 188734296, 'ax': -2.0, 'ay': 0.22, 'az': -0.4, 'gx': -70.0, 'gy': -42.95, 'gz': -16.89}]",2026-02-18 09:40:20,0.0
"[{'t_us': 188760365, 'ax': -1.83, 'ay': 0.15, 'az': -1.11, 'gx': -83.71, 'gy': -2.67, 'gz': -10.73}, {'t_us': 188774291, 'ax': -1.83, 'ay': 0.05, 'az': -1.17, 'gx': -67.86, 'gy': -40.12, 'gz': -6.46}, {'t_us': 188794261, 'ax': -1.62, 'ay': -0.17, 'az': -0.96, 'gx': -55.91, 'gy': -65.71, 'gz': -9.01}, {'t_us': 188814255, 'ax': -1.18, 'ay': -0.08, 'az': -0.85, 'gx': -41.18, 'gy': 0.61, 'gz': -3.94}, {'t_us': 188834319, 'ax': -1.07, 'ay': -0.04, 'az': -0.49, 'gx': -43.37, 'gy': 7.68, 'gz': -3.74}]",2026-02-18 09:40:21,0.0
"[{'t_us': 188859124, 'ax': -0.9, 'ay': -0.03, 'az': -0.36, 'gx': -51.08, 'gy': -5.95, 'gz': -8.46}, {'t_us': 188874281, 'ax': -0.72, 'ay': -0.06, 'az': -0.37, 'gx': -48.37, 'gy': -8.67, 'gz': -12.98}, {'t_us': 188894288, 'ax': -0.54, 'ay': -0.11, 'az': -0.33, 'gx': -38.06, 'gy': -26.99, 'gz': -17.01}, {'t_us': 188914308, 'ax': -0.27, 'ay': -0.14, 'az': -0.22, 'gx': -26.85, 'gy': -25.65, 'gz': -12.31}, {'t_us': 188934263, 'ax': -0.1, 'ay': -0.1, 'az': -0.3, 'gx': -10.2, 'gy': -13.74, 'gz': -5.94}]",2026-02-18 09:40:21,0.0
"[{'t_us': 188958856, 'ax': -0.0, 'ay': -0.14, 'az': -0.32, 'gx': 6.0, 'gy': -21.82, 'gz': -4.69}, {'t_us': 188974291, 'ax': 0.04, 'ay': -0.17, 'az': -0.36, 'gx': 16.56, 'gy': -35.37, 'gz': -4.27}, {'t_us': 188994292, 'ax': 0.08, 'ay': -0.13, 'az': -0.42, 'gx': 38.27, 'gy': -24.26, 'gz': 1.16}, {'t_us': 189014263, 'ax': -0.01, 'ay': -0.11, 'az': -0.46, 'gx': 55.68, 'gy': -17.19, 'gz': 1.69}, {'t_us': 189034304, 'ax': -0.05, 'ay': -0.07, 'az': -0.49, 'gx': 61.53, 'gy': -21.79, 'gz': 0.67}]",2026-02-18 09:40:21,0.0
"[{'t_us': 189060921, 'ax': -0.44, 'ay': -0.17, 'az': -0.67, 'gx': 43.79, 'gy': -16.4, 'gz': 6.99}, {'t_us': 189074271, 'ax': -1.08, 'ay': -0.27, 'az': -0.35, 'gx': 26.61, 'gy': 39.08, 'gz': 23.48}, {'t_us': 189094291, 'ax': -2.0, 'ay': -0.27, 'az': -0.17, 'gx': 7.92, 'gy': 61.83, 'gz': 29.25}, {'t_us': 189114311, 'ax': -2.0, 'ay': -0.37, 'az': -0.89, 'gx': 50.93, 'gy': 75.91, 'gz': 18.17}, {'t_us': 189134315, 'ax': -1.93, 'ay': -0.63, 'az': -1.12, 'gx': 74.99, 'gy': -34.29, 'gz': 23.11}]",2026-02-18 09:40:21,0.0
"[{'t_us': 189159168, 'ax': -1.84, 'ay': -0.2, 'az': -0.54, 'gx': 59.71, 'gy': -16.23, 'gz': 16.27}, {'t_us': 189174315, 'ax': -1.64, 'ay': -0.04, 'az': -0.51, 'gx': 51.36, 'gy': 7.04, 'gz': 4.79}, {'t_us': 189194271, 'ax': -1.35, 'ay': 0.03, 'az': -0.48, 'gx': 37.04, 'gy': 3.59, 'gz': 1.86}, {'t_us': 189214303, 'ax': -1.18, 'ay': -0.13, 'az': -0.36, 'gx': 22.9, 'gy': 33.92, 'gz': 6.14}, {'t_us': 189234263, 'ax': -1.04, 'ay': -0.23, 'az': -0.51, 'gx': 36.52, 'gy': 66.4, 'gz': 21.36}]",2026-02-18 09:40:21,0.0
"[{'t_us': 189259088, 'ax': -0.85, 'ay': -0.21, 'az': -0.32, 'gx': 44.73, 'gy': 54.72, 'gz': 29.66}, {'t_us': 189274315, 'ax': -0.66, 'ay': -0.13, 'az': -0.24, 'gx': 39.53, 'gy': 43.54, 'gz': 22.03}, {'t_us': 189294288, 'ax': -0.39, 'ay': -0.07, 'az': -0.26, 'gx': 32.17, 'gy': 38.0, 'gz': 12.03}, {'t_us': 189314263, 'ax': -0.26, 'ay': -0.05, 'az': -0.27, 'gx': 22.98, 'gy': -0.4, 'gz': 5.39}, {'t_us': 189334291, 'ax': -0.12, 'ay': -0.07, 'az': -0.29, 'gx': 18.02, 'gy': -36.67, 'gz': 0.05}]",2026-02-18 09:40:21,0.0
"[{'t_us': 189358846, 'ax': 0.05, 'ay': -0.07, 'az': -0.24, 'gx': 19.71, 'gy': -45.4, 'gz': 3.05}, {'t_us': 189374288, 'ax': 0.03, 'ay': -0.01, 'az': -0.21, 'gx': 16.46, 'gy': -53.69, 'gz': 2.99}, {'t_us': 189394288, 'ax': 0.06, 'ay': 0.01, 'az': -0.16, 'gx': 4.9, 'gy': -60.73, 'gz': -1.92}, {'t_us': 189414299, 'ax': 0.01, 'ay': 0.01, 'az': -0.26, 'gx': -8.67, 'gy': -40.06, 'gz': -5.34}, {'t_us': 189434308, 'ax': -0.33, 'ay': -0.16, 'az': -0.58, 'gx': -10.67, 'gy': 9.62, 'gz': -8.2}]",2026-02-18 09:40:21,0.0
"[{'t_us': 189459377, 'ax': -1.36, 'ay': -0.19, 'az': -1.04, 'gx': 32.98, 'gy': 86.63, 'gz': 5.21}, {'t_us': 189474291, 'ax': -1.98, 'ay': 0.11, 'az': -0.79, 'gx': 54.55, 'gy': 132.06, 'gz': 12.98}, {'t_us': 189494291, 'ax': -2.0, 'ay': -0.19, 'az': -0.29, 'gx': 10.9, 'gy': 124.46, 'gz': 13.53}, {'t_us': 189514304, 'ax': -2.0, 'ay': 0.3, 'az': -0.36, 'gx': -60.21, 'gy': 47.04, 'gz': -4.11}, {'t_us': 189534255, 'ax': -2.0, 'ay': 0.05, 'az': -1.35, 'gx': -49.18, 'gy': -9.71, 'gz': 13.16}]",2026-02-18 09:40:21,0.0
"[{'t_us': 189560405, 'ax': -1.61, 'ay': 0.13, 'az': -0.66, 'gx': -37.28, 'gy': -133.8, 'gz': -15.01}, {'t_us': 189574409, 'ax': -1.07, 'ay': -0.01, 'az': -0.42, 'gx': -41.4, 'gy': -37.53, 'gz': -16.66}, {'t_us': 189594291, 'ax': -1.05, 'ay': -0.04, 'az': -0.52, 'gx': -57.16, 'gy': 13.65, 'gz': -23.27}, {'t_us': 189614263, 'ax': -0.91, 'ay': -0.1, 'az': -0.51, 'gx': -57.54, 'gy': -2.41, 'gz': -23.13}, {'t_us': 189634299, 'ax': -0.69, 'ay': -0.13, 'az': -0.38, 'gx': -50.2, 'gy': -10.0, 'gz': -24.35}]",2026-02-18 09:40:21,0.0
"[{'t_us': 189658872, 'ax': -0.35, 'ay': -0.14, 'az': -0.24, 'gx': -42.29, 'gy': -3.21, 'gz': -24.69}, {'t_us': 189674288, 'ax': -0.15, 'ay': -0.15, 'az': -0.28, 'gx': -33.97, 'gy': -4.31, 'gz': -21.79}, {'t_us': 189694288, 'ax': 0.0, 'ay': -0.17, 'az': -0.3, 'gx': -19.04, 'gy': -14.56, 'gz': -18.41}, {'t_us': 189714299, 'ax': 0.19, 'ay': -0.21, 'az': -0.38, 'gx': -5.15, 'gy': -25.47, 'gz': -12.37}, {'t_us': 189734319, 'ax': 0.22, 'ay': -0.17, 'az': -0.35, 'gx': 9.45, 'gy': -40.29, 'gz': -3.44}]",2026-02-18 09:40:21,0.0
"[{'t_us': 189758680, 'ax': 0.23, 'ay': -0.1, 'az': -0.39, 'gx': 21.57, 'gy': -64.85, 'gz': 7.4}, {'t_us': 189774319, 'ax': 0.19, 'ay': -0.08, 'az': -0.35, 'gx': 27.57, 'gy': -68.27, 'gz': 9.62}, {'t_us': 189794315, 'ax': 0.04, 'ay': -0.1, 'az': -0.4, 'gx': 27.66, 'gy': -51.86, 'gz': 14.27}, {'t_us': 189814321, 'ax': -0.39, 'ay': -0.25, 'az': -0.57, 'gx': 11.01, 'gy': -6.0, 'gz': 26.98}, {'t_us': 189834299, 'ax': -1.67, 'ay': -0.35, 'az': -0.29, 'gx': -16.93, 'gy': 109.15, 'gz': 53.31}]",2026-02-18 09:40:22,0.0
"[{'t_us': 189860398, 'ax': -2.0, 'ay': -0.16, 'az': -0.83, 'gx': 15.6, 'gy': 116.5, 'gz': 22.98}, {'t_us': 189874327, 'ax': -2.0, 'ay': -0.51, 'az': -1.18, 'gx': 71.07, 'gy': 113.94, 'gz': -7.82}, {'t_us': 189894299, 'ax': -1.9, 'ay': -0.85, 'az': -0.83, 'gx': 87.57, 'gy': -13.5, 'gz': 7.92}, {'t_us': 189914288, 'ax': -1.8, 'ay': -0.36, 'az': -0.59, 'gx': 58.99, 'gy': -45.07, 'gz': 22.9}, {'t_us': 189934311, 'ax': -1.68, 'ay': -0.13, 'az': -0.56, 'gx': 54.78, 'gy': 3.76, 'gz': 7.79}]",2026-02-18 09:40:22,0.0
"[{'t_us': 189960450, 'ax': -1.37, 'ay': -0.27, 'az': -0.49, 'gx': 34.37, 'gy': -1.36, 'gz': 9.24}, {'t_us': 189974272, 'ax': -1.15, 'ay': -0.3, 'az': -0.5, 'gx': 34.76, 'gy': 11.48, 'gz': 15.22}, {'t_us': 189994319, 'ax': -0.87, 'ay': -0.24, 'az': -0.38, 'gx': 45.86, 'gy': 48.4, 'gz': 25.4}, {'t_us': 190014281, 'ax': -0.73, 'ay': -0.11, 'az': -0.27, 'gx': 58.11, 'gy': 66.43, 'gz': 24.15}, {'t_us': 190034276, 'ax': -0.53, 'ay': -0.02, 'az': -0.18, 'gx': 59.53, 'gy': 67.74, 'gz': 14.44}]",2026-02-18 09:40:22,0.0
"[{'t_us': 190060375, 'ax': -0.34, 'ay': 0.0, 'az': -0.18, 'gx': 43.65, 'gy': 42.24, 'gz': 4.85}, {'t_us': 190074299, 'ax': -0.17, 'ay': 0.02, 'az': -0.19, 'gx': 33.85, 'gy': 14.56, 'gz': 3.85}, {'t_us': 190094255, 'ax': -0.06, 'ay': 0.01, 'az': -0.26, 'gx': 22.35, 'gy': -24.31, 'gz': 1.86}, {'t_us': 190114276, 'ax': 0.07, 'ay': -0.01, 'az': -0.22, 'gx': 17.82, 'gy': -38.47, 'gz': -0.38}, {'t_us': 190134320, 'ax': 0.06, 'ay': -0.04, 'az': -0.12, 'gx': 6.99, 'gy': -52.69, 'gz': 2.7}]",2026-02-18 09:40:22,0.0
"[{'t_us': 190159125, 'ax': -0.01, 'ay': 0.03, 'az': -0.13, 'gx': -13.18, 'gy': -52.06, 'gz': 0.92}, {'t_us': 190174311, 'ax': -0.09, 'ay': 0.04, 'az': -0.2, 'gx': -29.07, 'gy': -45.39, 'gz': -5.33}, {'t_us': 190194276, 'ax': -0.31, 'ay': -0.11, 'az': -0.55, 'gx': -53.42, 'gy': -27.74, 'gz': -12.69}, {'t_us': 190214318, 'ax': -1.23, 'ay': -0.25, 'az': -1.23, 'gx': -39.36, 'gy': 14.21, 'gz': -20.02}, {'t_us': 190234324, 'ax': -1.78, 'ay': 0.18, 'az': -1.38, 'gx': 25.27, 'gy': 95.5, 'gz': -27.89}]",2026-02-18 09:40:22,0.0
"[{'t_us': 190260440, 'ax': -2.0, 'ay': -0.16, 'az': -0.08, 'gx': -8.7, 'gy': 59.48, 'gz': -19.6}, {'t_us': 190274262, 'ax': -2.0, 'ay': -0.09, 'az': 0.5, 'gx': -98.79, 'gy': -51.74, 'gz': -42.76}, {'t_us': 190294262, 'ax': -1.68, 'ay': -0.01, 'az': -1.47, 'gx': -98.23, 'gy': 10.89, 'gz': 8.63}, {'t_us': 190314291, 'ax': -2.0, 'ay': 0.13, 'az': -1.04, 'gx': -60.92, 'gy': -86.05, 'gz': -5.3}, {'t_us': 190334315, 'ax': -1.35, 'ay': -0.01, 'az': -0.72, 'gx': -54.72, 'gy': -66.14, 'gz': -16.78}]",2026-02-18 09:40:22,0.0
"[{'t_us': 190360721, 'ax': -1.15, 'ay': -0.02, 'az': -0.59, 'gx': -59.21, 'gy': 27.69, 'gz': -25.28}, {'t_us': 190374310, 'ax': -1.14, 'ay': -0.09, 'az': -0.51, 'gx': -61.34, 'gy': 25.01, 'gz': -26.64}, {'t_us': 190394308, 'ax': -1.01, 'ay': -0.16, 'az': -0.43, 'gx': -71.5, 'gy': -1.16, 'gz': -32.37}, {'t_us': 190414276, 'ax': -0.72, 'ay': -0.19, 'az': -0.35, 'gx': -71.6, 'gy': -12.38, 'gz': -35.71}, {'t_us': 190434315, 'ax': -0.46, 'ay': -0.12, 'az': -0.28, 'gx': -62.18, 'gy': -11.71, 'gz': -35.59}]",2026-02-18 09:40:22,0.0
"[{'t_us': 190460964, 'ax': -0.09, 'ay': -0.07, 'az': -0.31, 'gx': -36.11, 'gy': -20.02, 'gz': -27.57}, {'t_us': 190474284, 'ax': -0.03, 'ay': -0.07, 'az': -0.28, 'gx': -31.07, 'gy': -24.53, 'gz': -23.24}, {'t_us': 190494304, 'ax': 0.05, 'ay': -0.07, 'az': -0.31, 'gx': -29.31, 'gy': -35.65, 'gz': -23.56}, {'t_us': 190514304, 'ax': 0.24, 'ay': -0.06, 'az': -0.36, 'gx': -18.2, 'gy': -45.18, 'gz': -18.61}, {'t_us': 190534296, 'ax': 0.32, 'ay': -0.01, 'az': -0.3, 'gx': -5.13, 'gy': -51.85, 'gz': -10.46}]",2026-02-18 09:40:22,0.0
"[{'t_us': 190558835, 'ax': 0.31, 'ay': 0.04, 'az': -0.24, 'gx': 6.17, 'gy': -70.5, 'gz': 0.05}, {'t_us': 190574311, 'ax': 0.23, 'ay': -0.02, 'az': -0.25, 'gx': 5.59, 'gy': -76.63, 'gz': 1.73}, {'t_us': 190594271, 'ax': -0.0, 'ay': -0.16, 'az': -0.43, 'gx': -11.16, 'gy': -42.23, 'gz': 4.15}, {'t_us': 190614276, 'ax': -0.57, 'ay': -0.24, 'az': -0.44, 'gx': -11.71, 'gy': 101.27, 'gz': 33.73}, {'t_us': 190634289, 'ax': -2.0, 'ay': -0.42, 'az': -0.15, 'gx': 16.7, 'gy': 210.46, 'gz': 48.95}]",2026-02-18 09:40:22,0.0
"[{'t_us': 190660467, 'ax': -2.0, 'ay': -0.87, 'az': -1.68, 'gx': 77.83, 'gy': 32.64, 'gz': 5.5}, {'t_us': 190674254, 'ax': -2.0, 'ay': -1.09, 'az': -1.07, 'gx': 72.44, 'gy': -25.07, 'gz': -9.71}, {'t_us': 190694315, 'ax': -1.82, 'ay': -0.26, 'az': -0.73, 'gx': 60.98, 'gy': -54.12, 'gz': 24.46}, {'t_us': 190714300, 'ax': -1.69, 'ay': -0.19, 'az': -0.51, 'gx': 67.53, 'gy': -50.27, 'gz': 0.78}, {'t_us': 190734325, 'ax': -1.53, 'ay': -0.27, 'az': -0.35, 'gx': 56.4, 'gy': -21.62, 'gz': -8.14}]",2026-02-18 09:40:22,0.0
"[{'t_us': 190759259, 'ax': -1.17, 'ay': -0.35, 'az': -0.34, 'gx': 37.63, 'gy': 22.23, 'gz': -3.48}, {'t_us': 190774271, 'ax': -1.07, 'ay': -0.24, 'az': -0.4, 'gx': 33.08, 'gy': 36.87, 'gz': 6.29}, {'t_us': 190794315, 'ax': -0.94, 'ay': -0.11, 'az': -0.3, 'gx': 39.24, 'gy': 47.97, 'gz': 16.26}, {'t_us': 190814308, 'ax': -0.79, 'ay': -0.05, 'az': -0.13, 'gx': 42.85, 'gy': 55.48, 'gz': 20.75}, {'t_us': 190834262, 'ax': -0.57, 'ay': 0.06, 'az': -0.09, 'gx': 40.37, 'gy': 48.15, 'gz': 13.21}]",2026-02-18 09:40:23,0.0
"[{'t_us': 190858782, 'ax': -0.26, 'ay': -0.01, 'az': -0.23, 'gx': 35.39, 'gy': 29.3, 'gz': 7.47}, {'t_us': 190874271, 'ax': -0.12, 'ay': -0.03, 'az': -0.28, 'gx': 33.13, 'gy': -18.29, 'gz': 6.81}, {'t_us': 190894299, 'ax': 0.03, 'ay': 0.03, 'az': -0.25, 'gx': 27.02, 'gy': -55.71, 'gz': 4.53}, {'t_us': 190914299, 'ax': 0.14, 'ay': 0.05, 'az': -0.23, 'gx': 14.95, 'gy': -98.08, 'gz': -0.82}, {'t_us': 190934271, 'ax': 0.2, 'ay': 0.01, 'az': -0.13, 'gx': -2.58, 'gy': -128.0, 'gz': -5.45}]",2026-02-18 09:40:23,0.0
"[{'t_us': 190960632, 'ax': 0.16, 'ay': -0.02, 'az': -0.11, 'gx': -26.41, 'gy': -95.08, 'gz': -12.14}, {'t_us': 190974276, 'ax': 0.12, 'ay': -0.05, 'az': -0.21, 'gx': -39.54, 'gy': -60.87, 'gz': -14.84}, {'t_us': 190994319, 'ax': -0.33, 'ay': -0.34, 'az': -1.0, 'gx': -35.4, 'gy': 32.2, 'gz': -15.65}, {'t_us': 191014315, 'ax': -1.52, 'ay': -0.18, 'az': -1.33, 'gx': 37.02, 'gy': 102.75, 'gz': -13.36}, {'t_us': 191034271, 'ax': -2.0, 'ay': 0.37, 'az': -0.88, 'gx': 34.61, 'gy': 249.56, 'gz': -15.54}]",2026-02-18 09:40:23,0.0
"[{'t_us': 191060605, 'ax': -2.0, 'ay': 0.07, 'az': 0.54, 'gx': -110.96, 'gy': 54.03, 'gz': -40.73}, {'t_us': 191074268, 'ax': -1.77, 'ay': 0.49, 'az': -0.5, 'gx': -174.5, 'gy': -31.83, 'gz': -37.85}, {'t_us': 191094319, 'ax': -2.0, 'ay': 0.36, 'az': -1.37, 'gx': -112.18, 'gy': -28.02, 'gz': -27.94}, {'t_us': 191114315, 'ax': -1.86, 'ay': 0.05, 'az': -0.96, 'gx': -114.56, 'gy': -148.73, 'gz': -34.96}, {'t_us': 191134262, 'ax': -1.06, 'ay': -0.07, 'az': -0.5, 'gx': -116.52, 'gy': -80.24, 'gz': -31.25}]",2026-02-18 09:40:23,0.0
"[{'t_us': 191160535, 'ax': -1.01, 'ay': -0.02, 'az': -0.58, 'gx': -117.66, 'gy': 27.1, 'gz': -37.92}, {'t_us': 191174308, 'ax': -0.99, 'ay': -0.06, 'az': -0.55, 'gx': -117.27, 'gy': 10.87, 'gz': -42.4}, {'t_us': 191194299, 'ax': -0.81, 'ay': -0.09, 'az': -0.37, 'gx': -128.53, 'gy': -11.36, 'gz': -47.95}, {'t_us': 191214335, 'ax': -0.56, 'ay': -0.01, 'az': -0.36, 'gx': -132.21, 'gy': -13.19, 'gz': -55.39}, {'t_us': 191234304, 'ax': -0.26, 'ay': 0.01, 'az': -0.39, 'gx': -128.44, 'gy': -26.08, 'gz': -55.59}]",2026-02-18 09:40:23,0.0
"[{'t_us': 191259251, 'ax': -0.07, 'ay': -0.03, 'az': -0.28, 'gx': -116.67, 'gy': -47.34, 'gz': -59.68}, {'t_us': 191274255, 'ax': 0.05, 'ay': -0.03, 'az': -0.3, 'gx': -105.01, 'gy': -43.07, 'gz': -59.92}, {'t_us': 191294319, 'ax': 0.15, 'ay': -0.07, 'az': -0.35, 'gx': -94.18, 'gy': -34.85, 'gz': -57.47}, {'t_us': 191314276, 'ax': 0.19, 'ay': -0.03, 'az': -0.37, 'gx': -85.69, 'gy': -55.18, 'gz': -55.37}, {'t_us': 191334319, 'ax': 0.23, 'ay': -0.01, 'az': -0.37, 'gx': -80.08, 'gy': -75.89, 'gz': -51.59}]",2026-02-18 09:40:23,0.0
"[{'t_us': 191359421, 'ax': 0.22, 'ay': -0.12, 'az': -0.52, 'gx': -75.28, 'gy': -64.09, 'gz': -41.42}, {'t_us': 191374256, 'ax': 0.09, 'ay': -0.21, 'az': -0.66, 'gx': -65.51, 'gy': -36.4, 'gz': -26.09}, {'t_us': 191394319, 'ax': -0.5, 'ay': -0.38, 'az': -0.86, 'gx': -39.92, 'gy': 33.65, 'gz': 17.77}, {'t_us': 191414276, 'ax': -1.94, 'ay': -0.51, 'az': -0.34, 'gx': -20.87, 'gy': 117.74, 'gz': 40.75}, {'t_us': 191434281, 'ax': -2.0, 'ay': -0.57, 'az': -0.24, 'gx': -27.48, 'gy': 80.37, 'gz': 3.47}]",2026-02-18 09:40:23,0.0
"[{'t_us': 191458821, 'ax': -1.63, 'ay': -0.81, 'az': -1.32, 'gx': -32.89, 'gy': 56.31, 'gz': 0.53}, {'t_us': 191474271, 'ax': -2.0, 'ay': -0.13, 'az': -1.41, 'gx': -5.18, 'gy': -55.8, 'gz': -9.47}, {'t_us': 191494276, 'ax': -1.7, 'ay': -0.25, 'az': -0.54, 'gx': -18.41, 'gy': -101.69, 'gz': -23.15}, {'t_us': 191514304, 'ax': -1.45, 'ay': -0.22, 'az': -0.34, 'gx': -38.08, 'gy': -53.53, 'gz': -20.84}, {'t_us': 191534315, 'ax': -1.22, 'ay': -0.26, 'az': -0.38, 'gx': -37.8, 'gy': -12.31, 'gz': -18.35}]",2026-02-18 09:40:23,0.0
"[{'t_us': 191560832, 'ax': -0.88, 'ay': -0.26, 'az': -0.32, 'gx': -18.18, 'gy': 53.76, 'gz': 6.49}, {'t_us': 191574291, 'ax': -0.83, 'ay': -0.18, 'az': -0.24, 'gx': -14.73, 'gy': 65.11, 'gz': 15.16}, {'t_us': 191594291, 'ax': -0.69, 'ay': -0.05, 'az': -0.08, 'gx': -13.1, 'gy': 58.18, 'gz': 15.22}, {'t_us': 191614311, 'ax': -0.51, 'ay': -0.01, 'az': -0.05, 'gx': -17.4, 'gy': 50.87, 'gz': 11.63}, {'t_us': 191634276, 'ax': -0.32, 'ay': 0.04, 'az': -0.11, 'gx': -35.77, 'gy': 17.16, 'gz': 1.8}]",2026-02-18 09:40:23,0.0
"[{'t_us': 191661318, 'ax': -0.12, 'ay': 0.03, 'az': -0.26, 'gx': -51.57, 'gy': -35.15, 'gz': -10.55}, {'t_us': 191674292, 'ax': -0.04, 'ay': 0.05, 'az': -0.28, 'gx': -52.44, 'gy': -56.87, 'gz': -15.04}, {'t_us': 191694291, 'ax': 0.03, 'ay': 0.07, 'az': -0.24, 'gx': -49.57, 'gy': -67.66, 'gz': -20.63}, {'t_us': 191714271, 'ax': 0.04, 'ay': 0.05, 'az': -0.26, 'gx': -56.32, 'gy': -76.78, 'gz': -26.9}, {'t_us': 191734288, 'ax': -0.06, 'ay': -0.1, 'az': -0.27, 'gx': -58.6, 'gy': -89.82, 'gz': -35.86}]",2026-02-18 09:40:23,0.0
"[{'t_us': 191761721, 'ax': -0.04, 'ay': -0.19, 'az': -0.44, 'gx': -62.7, 'gy': -60.31, 'gz': -36.78}, {'t_us': 191774260, 'ax': -0.27, 'ay': -0.35, 'az': -0.64, 'gx': -66.15, 'gy': -19.07, 'gz': -33.65}, {'t_us': 191794281, 'ax': -0.92, 'ay': -0.38, 'az': -1.14, 'gx': -34.78, 'gy': 73.89, 'gz': -28.64}, {'t_us': 191814281, 'ax': -1.37, 'ay': 0.03, 'az': -0.87, 'gx': -9.6, 'gy': 182.81, 'gz': 4.93}, {'t_us': 191834294, 'ax': -1.69, 'ay': 0.12, 'az': -0.55, 'gx': -38.15, 'gy': 173.04, 'gz': 16.69}]",2026-02-18 09:40:24,0.0
"[{'t_us': 191859378, 'ax': -2.0, 'ay': 0.34, 'az': 0.69, 'gx': -179.22, 'gy': -33.65, 'gz': -72.92}, {'t_us': 191874276, 'ax': -1.7, 'ay': 0.15, 'az': -1.57, 'gx': -127.3, 'gy': 96.99, 'gz': -11.76}, {'t_us': 191894276, 'ax': -2.0, 'ay': 0.25, 'az': -1.48, 'gx': -104.41, 'gy': -116.32, 'gz': -23.27}, {'t_us': 191914304, 'ax': -1.41, 'ay': 0.03, 'az': -0.65, 'gx': -87.11, 'gy': -184.03, 'gz': -12.99}, {'t_us': 191934311, 'ax': -1.15, 'ay': 0.07, 'az': -0.36, 'gx': -103.8, 'gy': 1.39, 'gz': -21.11}]",2026-02-18 09:40:24,0.0
"[{'t_us': 191960601, 'ax': -1.23, 'ay': 0.09, 'az': -0.68, 'gx': -101.18, 'gy': 40.38, 'gz': -31.65}, {'t_us': 191974303, 'ax': -1.16, 'ay': 0.01, 'az': -0.59, 'gx': -104.02, 'gy': 6.92, 'gz': -37.98}, {'t_us': 191994281, 'ax': -0.8, 'ay': -0.12, 'az': -0.36, 'gx': -112.66, 'gy': -14.37, 'gz': -45.02}, {'t_us': 192014281, 'ax': -0.52, 'ay': -0.14, 'az': -0.33, 'gx': -117.51, 'gy': -28.92, 'gz': -52.6}, {'t_us': 192034304, 'ax': -0.18, 'ay': -0.15, 'az': -0.39, 'gx': -106.99, 'gy': -40.34, 'gz': -51.82}]",2026-02-18 09:40:24,0.0
"[{'t_us': 192061231, 'ax': 0.06, 'ay': -0.11, 'az': -0.39, 'gx': -74.23, 'gy': -46.26, 'gz': -44.11}, {'t_us': 192074257, 'ax': 0.13, 'ay': -0.11, 'az': -0.39, 'gx': -63.33, 'gy': -45.92, 'gz': -42.87}, {'t_us': 192094319, 'ax': 0.23, 'ay': -0.08, 'az': -0.36, 'gx': -49.24, 'gy': -53.16, 'gz': -38.21}, {'t_us': 192114276, 'ax': 0.24, 'ay': -0.04, 'az': -0.36, 'gx': -46.24, 'gy': -89.42, 'gz': -35.42}, {'t_us': 192134255, 'ax': 0.3, 'ay': -0.0, 'az': -0.27, 'gx': -46.29, 'gy': -116.95, 'gz': -34.72}]",2026-02-18 09:40:24,0.0
"[{'t_us': 192159040, 'ax': 0.26, 'ay': -0.11, 'az': -0.24, 'gx': -59.54, 'gy': -86.49, 'gz': -25.6}, {'t_us': 192174266, 'ax': 0.09, 'ay': -0.22, 'az': -0.36, 'gx': -66.72, 'gy': -29.22, 'gz': -10.2}, {'t_us': 192194276, 'ax': -0.62, 'ay': -0.34, 'az': -0.58, 'gx': -58.61, 'gy': 69.71, 'gz': 25.47}, {'t_us': 192214304, 'ax': -1.97, 'ay': -0.45, 'az': -0.2, 'gx': -39.04, 'gy': 185.74, 'gz': 36.67}, {'t_us': 192234296, 'ax': -2.0, 'ay': -0.35, 'az': -0.62, 'gx': -33.22, 'gy': 181.74, 'gz': 2.34}]",2026-02-18 09:40:24,0.0
"[{'t_us': 192258642, 'ax': -1.91, 'ay': -0.77, 'az': -1.26, 'gx': 9.62, 'gy': 154.63, 'gz': -43.28}, {'t_us': 192275124, 'ax': -2.0, 'ay': -0.82, 'az': -0.92, 'gx': -2.43, 'gy': -23.01, 'gz': -11.42}, {'t_us': 192294276, 'ax': -1.75, 'ay': -0.56, 'az': -0.77, 'gx': 15.73, 'gy': -69.21, 'gz': 15.66}, {'t_us': 192314304, 'ax': -1.29, 'ay': -0.44, 'az': -0.49, 'gx': 20.08, 'gy': -61.18, 'gz': 16.05}, {'t_us': 192334288, 'ax': -1.12, 'ay': -0.32, 'az': -0.33, 'gx': 20.75, 'gy': -15.27, 'gz': 12.15}]",2026-02-18 09:40:24,0.0
"[{'t_us': 192358756, 'ax': -1.0, 'ay': -0.2, 'az': -0.34, 'gx': 46.14, 'gy': 41.16, 'gz': 14.18}, {'t_us': 192374315, 'ax': -0.88, 'ay': -0.09, 'az': -0.35, 'gx': 53.08, 'gy': 42.37, 'gz': 15.5}, {'t_us': 192394281, 'ax': -0.68, 'ay': 0.03, 'az': -0.23, 'gx': 55.28, 'gy': 40.17, 'gz': 10.99}, {'t_us': 192414319, 'ax': -0.48, 'ay': 0.14, 'az': -0.13, 'gx': 40.78, 'gy': 40.0, 'gz': 6.05}, {'t_us': 192434271, 'ax': -0.28, 'ay': 0.14, 'az': -0.23, 'gx': 18.79, 'gy': 0.84, 'gz': 0.53}]",2026-02-18 09:40:24,0.0
"[{'t_us': 192460864, 'ax': -0.08, 'ay': 0.1, 'az': -0.18, 'gx': -8.0, 'gy': -52.5, 'gz': -4.34}, {'t_us': 192474276, 'ax': -0.0, 'ay': 0.08, 'az': -0.12, 'gx': -22.17, 'gy': -63.4, 'gz': -5.07}, {'t_us': 192494288, 'ax': 0.06, 'ay': 0.08, 'az': -0.12, 'gx': -46.66, 'gy': -78.18, 'gz': -5.66}, {'t_us': 192514308, 'ax': 0.07, 'ay': 0.04, 'az': -0.15, 'gx': -68.11, 'gy': -95.22, 'gz': -8.27}, {'t_us': 192534255, 'ax': 0.05, 'ay': 0.06, 'az': -0.14, 'gx': -86.34, 'gy': -85.86, 'gz': -11.57}]",2026-02-18 09:40:24,0.0
"[{'t_us': 192560390, 'ax': -0.24, 'ay': -0.08, 'az': -0.36, 'gx': -110.4, 'gy': -1.69, 'gz': -11.56}, {'t_us': 192576631, 'ax': -1.17, 'ay': -0.28, 'az': -0.84, 'gx': -100.14, 'gy': 73.22, 'gz': -3.83}, {'t_us': 192594291, 'ax': -2.0, 'ay': -0.03, 'az': -1.48, 'gx': -38.99, 'gy': 134.23, 'gz': -7.92}, {'t_us': 192614311, 'ax': -1.85, 'ay': 0.05, 'az': -1.44, 'gx': 0.21, 'gy': 182.35, 'gz': -24.75}, {'t_us': 192634290, 'ax': -2.0, 'ay': -0.39, 'az': 0.17, 'gx': -54.29, 'gy': 43.37, 'gz': -39.16}]",2026-02-18 09:40:24,0.0
"[{'t_us': 192658829, 'ax': -1.94, 'ay': 0.05, 'az': -1.07, 'gx': -101.01, 'gy': -29.16, 'gz': 1.07}, {'t_us': 192674291, 'ax': -2.0, 'ay': 0.2, 'az': -0.93, 'gx': -53.68, 'gy': -38.49, 'gz': -11.44}, {'t_us': 192694311, 'ax': -1.36, 'ay': 0.01, 'az': -0.78, 'gx': -31.89, 'gy': -33.02, 'gz': -17.95}, {'t_us': 192714276, 'ax': -1.04, 'ay': -0.01, 'az': -0.64, 'gx': -26.5, 'gy': 31.33, 'gz': -24.81}, {'t_us': 192734291, 'ax': -0.88, 'ay': -0.1, 'az': -0.62, 'gx': -25.01, 'gy': 38.55, 'gz': -21.6}]",2026-02-18 09:40:24,0.0
"[{'t_us': 192758661, 'ax': -0.7, 'ay': -0.15, 'az': -0.39, 'gx': -39.15, 'gy': -8.56, 'gz': -21.89}, {'t_us': 192774315, 'ax': -0.7, 'ay': -0.08, 'az': -0.05, 'gx': -57.79, 'gy': -21.31, 'gz': -32.87}, {'t_us': 192794263, 'ax': -0.4, 'ay': -0.05, 'az': 0.06, 'gx': -77.92, 'gy': -36.02, 'gz': -47.4}, {'t_us': 192814291, 'ax': 0.01, 'ay': -0.13, 'az': -0.18, 'gx': -80.37, 'gy': -50.63, 'gz': -40.89}, {'t_us': 192834315, 'ax': 0.14, 'ay': -0.17, 'az': -0.3, 'gx': -65.53, 'gy': -43.91, 'gz': -26.09}]",2026-02-18 09:40:25,0.0
"[{'t_us': 192861017, 'ax': 0.23, 'ay': -0.14, 'az': -0.41, 'gx': -36.58, 'gy': -34.41, 'gz': -14.75}, {'t_us': 192876122, 'ax': 0.31, 'ay': -0.09, 'az': -0.49, 'gx': -18.49, 'gy': -36.15, 'gz': -7.88}, {'t_us': 192894315, 'ax': 0.33, 'ay': -0.02, 'az': -0.52, 'gx': 3.05, 'gy': -68.96, 'gz': 0.66}, {'t_us': 192914276, 'ax': 0.31, 'ay': 0.03, 'az': -0.5, 'gx': 21.3, 'gy': -116.0, 'gz': 3.34}, {'t_us': 192934281, 'ax': 0.09, 'ay': -0.2, 'az': -0.65, 'gx': 19.48, 'gy': -82.73, 'gz': 6.49}]",2026-02-18 09:40:25,0.0
"[{'t_us': 192960373, 'ax': -1.34, 'ay': -0.52, 'az': -0.45, 'gx': 48.03, 'gy': 103.86, 'gz': 68.5}, {'t_us': 192974821, 'ax': -2.0, 'ay': -0.27, 'az': -0.61, 'gx': 31.51, 'gy': 146.03, 'gz': 68.34}, {'t_us': 192994288, 'ax': -2.0, 'ay': -0.38, 'az': -0.53, 'gx': 22.38, 'gy': 120.69, 'gz': -17.89}, {'t_us': 193014308, 'ax': -1.34, 'ay': -0.59, 'az': -0.91, 'gx': -4.66, 'gy': 129.28, 'gz': -33.73}, {'t_us': 193034271, 'ax': -2.0, 'ay': -0.2, 'az': -1.03, 'gx': -23.82, 'gy': -22.17, 'gz': -20.31}]",2026-02-18 09:40:25,0.0
"[{'t_us': 193060416, 'ax': -1.51, 'ay': -0.24, 'az': -0.8, 'gx': -12.96, 'gy': -113.71, 'gz': -10.6}, {'t_us': 193074276, 'ax': -1.24, 'ay': -0.32, 'az': -0.46, 'gx': -15.97, 'gy': -105.54, 'gz': -9.68}, {'t_us': 193094308, 'ax': -1.06, 'ay': -0.32, 'az': -0.22, 'gx': -15.27, 'gy': -33.76, 'gz': -8.11}, {'t_us': 193114276, 'ax': -0.9, 'ay': -0.2, 'az': -0.2, 'gx': 4.46, 'gy': 13.22, 'gz': -1.04}, {'t_us': 193134281, 'ax': -0.64, 'ay': -0.24, 'az': -0.14, 'gx': 27.73, 'gy': 52.31, 'gz': 7.65}]",2026-02-18 09:40:25,0.0
"[{'t_us': 193159105, 'ax': -0.39, 'ay': -0.17, 'az': -0.15, 'gx': 36.41, 'gy': 74.82, 'gz': 13.36}, {'t_us': 193174281, 'ax': -0.32, 'ay': -0.07, 'az': -0.11, 'gx': 25.18, 'gy': 68.84, 'gz': 12.9}, {'t_us': 193194288, 'ax': -0.21, 'ay': 0.04, 'az': -0.18, 'gx': 6.76, 'gy': 39.15, 'gz': 8.35}, {'t_us': 193214308, 'ax': -0.15, 'ay': 0.13, 'az': -0.26, 'gx': -9.13, 'gy': -4.37, 'gz': -2.69}, {'t_us': 193234309, 'ax': -0.04, 'ay': 0.12, 'az': -0.2, 'gx': -25.04, 'gy': -29.76, 'gz': -14.55}]",2026-02-18 09:40:25,0.0
"[{'t_us': 193260418, 'ax': 0.01, 'ay': 0.02, 'az': -0.14, 'gx': -52.82, 'gy': -61.22, 'gz': -17.37}, {'t_us': 193274274, 'ax': 0.03, 'ay': 0.01, 'az': -0.14, 'gx': -70.14, 'gy': -72.03, 'gz': -16.81}, {'t_us': 193294296, 'ax': 0.02, 'ay': 0.08, 'az': -0.19, 'gx': -90.35, 'gy': -68.73, 'gz': -16.23}, {'t_us': 193314319, 'ax': -0.18, 'ay': 0.06, 'az': -0.35, 'gx': -120.15, 'gy': -54.34, 'gz': -13.53}, {'t_us': 193334303, 'ax': -0.77, 'ay': -0.09, 'az': -0.8, 'gx': -124.49, 'gy': 38.58, 'gz': -1.63}]",2026-02-18 09:40:25,0.0
"[{'t_us': 193359128, 'ax': -2.0, 'ay': 0.32, 'az': -1.25, 'gx': -44.69, 'gy': 143.94, 'gz': -32.27}, {'t_us': 193374309, 'ax': -2.0, 'ay': 0.15, 'az': -1.11, 'gx': -39.25, 'gy': 198.84, 'gz': -40.78}, {'t_us': 193394271, 'ax': -2.0, 'ay': -0.37, 'az': -0.09, 'gx': -157.79, 'gy': -76.12, 'gz': -88.93}, {'t_us': 193414276, 'ax': -1.89, 'ay': 0.15, 'az': -1.37, 'gx': -127.1, 'gy': -39.79, 'gz': -27.25}, {'t_us': 193434304, 'ax': -1.89, 'ay': 0.27, 'az': -1.1, 'gx': -102.93, 'gy': -111.68, 'gz': -33.57}]",2026-02-18 09:40:25,0.0
"[{'t_us': 193460433, 'ax': -1.24, 'ay': 0.1, 'az': -0.58, 'gx': -110.89, 'gy': -28.6, 'gz': -39.3}, {'t_us': 193474274, 'ax': -1.16, 'ay': 0.09, 'az': -0.77, 'gx': -116.18, 'gy': 16.0, 'gz': -42.23}, {'t_us': 193494274, 'ax': -1.04, 'ay': 0.12, 'az': -0.71, 'gx': -114.21, 'gy': 14.21, 'gz': -49.62}, {'t_us': 193514255, 'ax': -0.79, 'ay': -0.05, 'az': -0.59, 'gx': -109.97, 'gy': 18.67, 'gz': -53.42}, {'t_us': 193534288, 'ax': -0.61, 'ay': -0.16, 'az': -0.31, 'gx': -113.57, 'gy': -8.24, 'gz': -56.29}]",2026-02-18 09:40:25,0.0
"[{'t_us': 193560478, 'ax': -0.32, 'ay': -0.2, 'az': -0.08, 'gx': -119.1, 'gy': -45.34, 'gz': -56.55}, {'t_us': 193574283, 'ax': -0.07, 'ay': -0.15, 'az': -0.18, 'gx': -105.53, 'gy': -32.14, 'gz': -52.41}, {'t_us': 193594311, 'ax': 0.03, 'ay': -0.12, 'az': -0.29, 'gx': -77.76, 'gy': -26.58, 'gz': -46.26}, {'t_us': 193614319, 'ax': 0.11, 'ay': -0.1, 'az': -0.29, 'gx': -52.4, 'gy': -28.5, 'gz': -40.9}, {'t_us': 193634268, 'ax': 0.1, 'ay': -0.06, 'az': -0.34, 'gx': -40.67, 'gy': -24.32, 'gz': -32.73}]",2026-02-18 09:40:25,0.0
"[{'t_us': 193659322, 'ax': 0.11, 'ay': 0.04, 'az': -0.41, 'gx': -36.08, 'gy': -52.23, 'gz': -30.0}, {'t_us': 193674288, 'ax': 0.15, 'ay': -0.02, 'az': -0.54, 'gx': -37.68, 'gy': -82.43, 'gz': -27.86}, {'t_us': 193694288, 'ax': 0.03, 'ay': -0.16, 'az': -0.64, 'gx': -34.4, 'gy': -63.07, 'gz': -13.4}, {'t_us': 193714315, 'ax': -0.8, 'ay': -0.34, 'az': -0.79, 'gx': -26.73, 'gy': 5.15, 'gz': 23.82}, {'t_us': 193734263, 'ax': -2.0, 'ay': -0.38, 'az': -0.38, 'gx': -45.39, 'gy': 132.92, 'gz': 44.92}]",2026-02-18 09:40:25,0.0
"[{'t_us': 193758740, 'ax': -2.0, 'ay': -0.5, 'az': -0.85, 'gx': 2.76, 'gy': 120.93, 'gz': 3.44}, {'t_us': 193775998, 'ax': -1.55, 'ay': -0.55, 'az': -0.85, 'gx': 10.87, 'gy': 97.45, 'gz': -13.94}, {'t_us': 193794255, 'ax': -2.0, 'ay': -0.31, 'az': -0.78, 'gx': -2.64, 'gy': -1.83, 'gz': -1.05}, {'t_us': 193814288, 'ax': -1.59, 'ay': -0.15, 'az': -0.6, 'gx': 0.76, 'gy': -46.78, 'gz': -6.66}, {'t_us': 193834309, 'ax': -1.26, 'ay': -0.18, 'az': -0.57, 'gx': 2.6, 'gy': -26.0, 'gz': -14.56}]",2026-02-18 09:40:26,0.0
"[{'t_us': 193860459, 'ax': -1.1, 'ay': -0.2, 'az': -0.41, 'gx': -0.43, 'gy': -6.31, 'gz': -13.76}, {'t_us': 193874276, 'ax': -0.98, 'ay': -0.2, 'az': -0.39, 'gx': 3.71, 'gy': 16.92, 'gz': -8.37}, {'t_us': 193894276, 'ax': -0.82, 'ay': -0.2, 'az': -0.38, 'gx': 11.27, 'gy': 39.83, 'gz': 2.11}, {'t_us': 193914296, 'ax': -0.68, 'ay': -0.07, 'az': -0.38, 'gx': 14.44, 'gy': 23.82, 'gz': 6.06}, {'t_us': 193934255, 'ax': -0.46, 'ay': 0.01, 'az': -0.34, 'gx': 11.79, 'gy': -3.16, 'gz': 3.6}]",2026-02-18 09:40:26,0.0
"[{'t_us': 193960393, 'ax': -0.22, 'ay': 0.04, 'az': -0.21, 'gx': 0.43, 'gy': -38.44, 'gz': -4.64}, {'t_us': 193974319, 'ax': -0.14, 'ay': 0.06, 'az': -0.14, 'gx': -9.51, 'gy': -50.87, 'gz': -8.03}, {'t_us': 193994281, 'ax': -0.07, 'ay': 0.06, 'az': -0.16, 'gx': -27.89, 'gy': -60.03, 'gz': -15.37}, {'t_us': 194014255, 'ax': -0.05, 'ay': -0.01, 'az': -0.21, 'gx': -42.53, 'gy': -62.9, 'gz': -19.28}, {'t_us': 194034262, 'ax': -0.12, 'ay': -0.03, 'az': -0.19, 'gx': -50.64, 'gy': -58.0, 'gz': -19.6}]",2026-02-18 09:40:26,0.0
"[{'t_us': 194059076, 'ax': -0.08, 'ay': -0.04, 'az': -0.28, 'gx': -51.39, 'gy': -32.64, 'gz': -24.92}, {'t_us': 194074612, 'ax': -0.03, 'ay': -0.06, 'az': -0.44, 'gx': -63.05, 'gy': -12.12, 'gz': -25.31}, {'t_us': 194094276, 'ax': -0.62, 'ay': -0.26, 'az': -0.82, 'gx': -72.96, 'gy': 52.98, 'gz': -21.54}, {'t_us': 194114315, 'ax': -1.47, 'ay': 0.07, 'az': -0.98, 'gx': -34.27, 'gy': 121.34, 'gz': -1.92}, {'t_us': 194134308, 'ax': -2.0, 'ay': 0.02, 'az': -0.42, 'gx': -10.53, 'gy': 106.02, 'gz': -11.77}]",2026-02-18 09:40:26,0.0
"[{'t_us': 194160459, 'ax': -1.2, 'ay': -0.12, 'az': -0.64, 'gx': -118.46, 'gy': 7.27, 'gz': -16.63}, {'t_us': 194174296, 'ax': -2.0, 'ay': 0.14, 'az': -1.4, 'gx': -94.99, 'gy': -20.31, 'gz': -7.54}, {'t_us': 194194276, 'ax': -1.88, 'ay': 0.1, 'az': -0.7, 'gx': -70.49, 'gy': -137.5, 'gz': -9.73}, {'t_us': 194214288, 'ax': -1.45, 'ay': -0.05, 'az': -0.41, 'gx': -67.59, 'gy': -54.29, 'gz': -7.53}, {'t_us': 194234255, 'ax': -1.13, 'ay': -0.09, 'az': -0.77, 'gx': -69.88, 'gy': 26.85, 'gz': -6.95}]",2026-02-18 09:40:26,0.0
"[{'t_us': 194258665, 'ax': -1.25, 'ay': 0.04, 'az': -0.66, 'gx': -58.4, 'gy': 28.44, 'gz': -5.94}, {'t_us': 194274296, 'ax': -1.23, 'ay': 0.01, 'az': -0.3, 'gx': -63.05, 'gy': 16.53, 'gz': -18.15}, {'t_us': 194294296, 'ax': -0.93, 'ay': -0.04, 'az': -0.29, 'gx': -83.11, 'gy': 21.18, 'gz': -37.79}, {'t_us': 194314288, 'ax': -0.63, 'ay': -0.08, 'az': -0.4, 'gx': -81.79, 'gy': 7.5, 'gz': -48.15}, {'t_us': 194334308, 'ax': -0.36, 'ay': -0.16, 'az': -0.31, 'gx': -73.24, 'gy': -26.56, 'gz': -40.08}]",2026-02-18 09:40:26,0.0
"[{'t_us': 194360906, 'ax': -0.11, 'ay': -0.11, 'az': -0.23, 'gx': -55.18, 'gy': -40.2, 'gz': -25.31}, {'t_us': 194374254, 'ax': -0.05, 'ay': -0.14, 'az': -0.3, 'gx': -48.76, 'gy': -47.08, 'gz': -23.18}, {'t_us': 194394299, 'ax': 0.04, 'ay': -0.08, 'az': -0.31, 'gx': -35.34, 'gy': -46.26, 'gz': -22.34}, {'t_us': 194414335, 'ax': 0.14, 'ay': -0.1, 'az': -0.39, 'gx': -17.74, 'gy': -45.27, 'gz': -20.29}, {'t_us': 194434299, 'ax': 0.18, 'ay': -0.06, 'az': -0.45, 'gx': 0.24, 'gy': -41.08, 'gz': -15.59}]",2026-02-18 09:40:26,0.0
"[{'t_us': 194458863, 'ax': 0.08, 'ay': -0.06, 'az': -0.47, 'gx': 3.45, 'gy': -45.57, 'gz': -9.79}, {'t_us': 194474255, 'ax': -0.14, 'ay': -0.15, 'az': -0.61, 'gx': -12.18, 'gy': -19.34, 'gz': 3.77}, {'t_us': 194494255, 'ax': -1.23, 'ay': -0.33, 'az': -0.55, 'gx': -11.57, 'gy': 76.46, 'gz': 36.11}, {'t_us': 194514288, 'ax': -2.0, 'ay': -0.31, 'az': -0.16, 'gx': -13.34, 'gy': 89.34, 'gz': 38.96}, {'t_us': 194534291, 'ax': -2.0, 'ay': -0.79, 'az': -0.73, 'gx': 20.67, 'gy': 72.47, 'gz': -2.0}]",2026-02-18 09:40:26,0.0
"[{'t_us': 194560634, 'ax': -2.0, 'ay': -0.58, 'az': -0.93, 'gx': 35.94, 'gy': -11.69, 'gz': 2.49}, {'t_us': 194574281, 'ax': -1.71, 'ay': -0.33, 'az': -0.72, 'gx': 36.4, 'gy': -52.89, 'gz': -6.37}, {'t_us': 194594255, 'ax': -1.48, 'ay': -0.16, 'az': -0.48, 'gx': 37.57, 'gy': -34.02, 'gz': -7.48}, {'t_us': 194614319, 'ax': -1.27, 'ay': -0.17, 'az': -0.44, 'gx': 21.11, 'gy': -22.14, 'gz': -10.34}, {'t_us': 194634332, 'ax': -1.1, 'ay': -0.21, 'az': -0.31, 'gx': 18.99, 'gy': -15.36, 'gz': -5.3}]",2026-02-18 09:40:26,0.0
"[{'t_us': 194660609, 'ax': -0.75, 'ay': -0.28, 'az': -0.21, 'gx': 32.14, 'gy': 26.89, 'gz': 12.4}, {'t_us': 194674344, 'ax': -0.67, 'ay': -0.28, 'az': -0.13, 'gx': 41.1, 'gy': 41.6, 'gz': 21.42}, {'t_us': 194694263, 'ax': -0.53, 'ay': -0.18, 'az': -0.12, 'gx': 44.67, 'gy': 48.49, 'gz': 23.76}, {'t_us': 194714271, 'ax': -0.32, 'ay': -0.11, 'az': -0.3, 'gx': 41.13, 'gy': 44.09, 'gz': 23.21}, {'t_us': 194734308, 'ax': -0.21, 'ay': -0.01, 'az': -0.34, 'gx': 31.37, 'gy': 10.72, 'gz': 21.1}]",2026-02-18 09:40:26,0.0
"[{'t_us': 194758866, 'ax': -0.12, 'ay': 0.08, 'az': -0.19, 'gx': 21.74, 'gy': -29.97, 'gz': 13.21}, {'t_us': 194774276, 'ax': -0.05, 'ay': 0.06, 'az': -0.13, 'gx': 13.37, 'gy': -40.95, 'gz': 7.13}, {'t_us': 194794281, 'ax': 0.02, 'ay': 0.03, 'az': -0.07, 'gx': 1.6, 'gy': -35.47, 'gz': 5.91}, {'t_us': 194814281, 'ax': 0.03, 'ay': -0.01, 'az': -0.1, 'gx': -10.06, 'gy': -27.28, 'gz': 4.52}, {'t_us': 194834296, 'ax': -0.02, 'ay': -0.06, 'az': -0.23, 'gx': -21.18, 'gy': -5.02, 'gz': 0.29}]",2026-02-18 09:40:27,0.0
"[{'t_us': 194860619, 'ax': -0.48, 'ay': -0.3, 'az': -0.79, 'gx': -22.26, 'gy': 47.89, 'gz': 3.95}, {'t_us': 194874299, 'ax': -0.82, 'ay': -0.3, 'az': -1.17, 'gx': 10.67, 'gy': 63.79, 'gz': 22.12}, {'t_us': 194894309, 'ax': -1.31, 'ay': -0.01, 'az': -0.92, 'gx': 36.18, 'gy': 105.19, 'gz': 34.69}, {'t_us': 194914304, 'ax': -2.0, 'ay': 0.08, 'az': 0.34, 'gx': -20.89, 'gy': 45.66, 'gz': -6.73}, {'t_us': 194934319, 'ax': -1.5, 'ay': 0.07, 'az': -0.7, 'gx': -103.74, 'gy': 137.19, 'gz': -28.76}]",2026-02-18 09:40:27,0.0
"[{'t_us': 194959194, 'ax': -2.0, 'ay': -0.0, 'az': -1.89, 'gx': -54.84, 'gy': -3.31, 'gz': 3.31}, {'t_us': 194974296, 'ax': -2.0, 'ay': -0.09, 'az': -1.26, 'gx': -39.79, 'gy': -146.03, 'gz': 1.83}, {'t_us': 194994281, 'ax': -1.41, 'ay': -0.26, 'az': -0.48, 'gx': -44.35, 'gy': -43.83, 'gz': -3.48}, {'t_us': 195014281, 'ax': -1.43, 'ay': -0.02, 'az': -0.43, 'gx': -66.34, 'gy': 72.0, 'gz': -16.69}, {'t_us': 195034263, 'ax': -1.46, 'ay': 0.08, 'az': -0.65, 'gx': -79.19, 'gy': 23.1, 'gz': -31.07}]",2026-02-18 09:40:27,0.0
"[{'t_us': 195060513, 'ax': -0.92, 'ay': -0.07, 'az': -0.33, 'gx': -71.71, 'gy': -9.33, 'gz': -33.76}, {'t_us': 195074311, 'ax': -0.75, 'ay': -0.1, 'az': -0.19, 'gx': -68.53, 'gy': -30.85, 'gz': -32.06}, {'t_us': 195094311, 'ax': -0.41, 'ay': -0.13, 'az': -0.09, 'gx': -60.99, 'gy': -51.13, 'gz': -31.79}, {'t_us': 195114308, 'ax': -0.14, 'ay': -0.17, 'az': -0.13, 'gx': -49.73, 'gy': -55.8, 'gz': -32.95}, {'t_us': 195134271, 'ax': 0.08, 'ay': -0.14, 'az': -0.25, 'gx': -24.41, 'gy': -51.5, 'gz': -33.22}]",2026-02-18 09:40:27,0.0
"[{'t_us': 195160661, 'ax': 0.28, 'ay': -0.24, 'az': -0.39, 'gx': 19.71, 'gy': -30.75, 'gz': -26.14}, {'t_us': 195174276, 'ax': 0.34, 'ay': -0.24, 'az': -0.44, 'gx': 46.92, 'gy': -25.65, 'gz': -15.73}, {'t_us': 195194288, 'ax': 0.45, 'ay': -0.22, 'az': -0.52, 'gx': 74.08, 'gy': -64.46, 'gz': 4.37}, {'t_us': 195214288, 'ax': 0.49, 'ay': -0.11, 'az': -0.53, 'gx': 78.09, 'gy': -113.04, 'gz': 22.12}, {'t_us': 195234314, 'ax': 0.11, 'ay': -0.23, 'az': -0.49, 'gx': 63.65, 'gy': -27.44, 'gz': 29.59}]",2026-02-18 09:40:27,0.0
"[{'t_us': 195259255, 'ax': -1.28, 'ay': -0.46, 'az': -0.15, 'gx': 52.6, 'gy': 139.91, 'gz': 40.14}, {'t_us': 195274281, 'ax': -2.0, 'ay': -0.3, 'az': 0.16, 'gx': 45.68, 'gy': 173.82, 'gz': 30.18}, {'t_us': 195294281, 'ax': -2.0, 'ay': -0.51, 'az': -1.29, 'gx': 74.37, 'gy': 145.92, 'gz': -9.31}, {'t_us': 195314304, 'ax': -1.68, 'ay': -0.94, 'az': -1.31, 'gx': 93.82, 'gy': 49.8, 'gz': 2.11}, {'t_us': 195334281, 'ax': -2.0, 'ay': -0.64, 'az': -0.75, 'gx': 75.31, 'gy': -46.75, 'gz': 4.9}]",2026-02-18 09:40:27,0.0
"[{'t_us': 195360536, 'ax': -1.46, 'ay': -0.35, 'az': -0.61, 'gx': 68.31, 'gy': -30.44, 'gz': 0.37}, {'t_us': 195374294, 'ax': -1.35, 'ay': -0.32, 'az': -0.48, 'gx': 55.56, 'gy': -26.38, 'gz': -8.66}, {'t_us': 195394291, 'ax': -1.17, 'ay': -0.29, 'az': -0.4, 'gx': 41.47, 'gy': -12.09, 'gz': -13.25}, {'t_us': 195414291, 'ax': -1.09, 'ay': -0.25, 'az': -0.33, 'gx': 38.17, 'gy': 8.29, 'gz': -11.44}, {'t_us': 195434302, 'ax': -0.93, 'ay': -0.18, 'az': -0.2, 'gx': 43.33, 'gy': 13.83, 'gz': -7.19}]",2026-02-18 09:40:27,0.0
"[{'t_us': 195460581, 'ax': -0.68, 'ay': -0.06, 'az': 0.01, 'gx': 43.71, 'gy': 15.66, 'gz': -3.71}, {'t_us': 195474324, 'ax': -0.5, 'ay': -0.02, 'az': -0.03, 'gx': 36.5, 'gy': 21.73, 'gz': -2.15}, {'t_us': 195494319, 'ax': -0.29, 'ay': -0.02, 'az': -0.25, 'gx': 19.71, 'gy': -2.95, 'gz': -1.27}, {'t_us': 195514276, 'ax': -0.13, 'ay': 0.03, 'az': -0.28, 'gx': 5.19, 'gy': -49.57, 'gz': 1.85}, {'t_us': 195534304, 'ax': 0.03, 'ay': 0.1, 'az': -0.17, 'gx': -11.36, 'gy': -81.28, 'gz': 5.16}]",2026-02-18 09:40:27,0.0
"[{'t_us': 195559000, 'ax': 0.11, 'ay': 0.15, 'az': -0.11, 'gx': -29.11, 'gy': -100.78, 'gz': 8.32}, {'t_us': 195576517, 'ax': 0.16, 'ay': 0.13, 'az': -0.09, 'gx': -35.22, 'gy': -87.16, 'gz': 10.38}, {'t_us': 195594311, 'ax': 0.08, 'ay': 0.12, 'az': -0.09, 'gx': -45.51, 'gy': -69.44, 'gz': 8.49}, {'t_us': 195614276, 'ax': -0.16, 'ay': 0.01, 'az': -0.15, 'gx': -58.6, 'gy': -15.44, 'gz': 7.73}, {'t_us': 195634304, 'ax': -1.24, 'ay': -0.17, 'az': -0.68, 'gx': -68.05, 'gy': 68.99, 'gz': 28.93}]",2026-02-18 09:40:27,0.0
"[{'t_us': 195659502, 'ax': -2.0, 'ay': 0.14, 'az': -2.0, 'gx': 8.11, 'gy': 164.7, 'gz': -14.87}, {'t_us': 195674255, 'ax': -1.83, 'ay': -0.23, 'az': -1.46, 'gx': -21.53, 'gy': 206.41, 'gz': -9.91}, {'t_us': 195694319, 'ax': -2.0, 'ay': -0.21, 'az': -0.15, 'gx': -101.5, 'gy': 168.5, 'gz': -39.6}, {'t_us': 195714276, 'ax': -1.78, 'ay': 0.17, 'az': -0.03, 'gx': -153.71, 'gy': 11.91, 'gz': -62.49}, {'t_us': 195734298, 'ax': -1.8, 'ay': -0.16, 'az': -0.92, 'gx': -135.74, 'gy': 35.86, 'gz': -64.21}]",2026-02-18 09:40:27,
