samples,timestamp,label
"[{'t_us': 668466840, 'ax': -1.38, 'ay': -0.12, 'az': -0.16, 'gx': -14.61, 'gy': 10.2, 'gz': -16.58}, {'t_us': 668468797, 'ax': -1.38, 'ay': -0.12, 'az': -0.16, 'gx': -8.95, 'gy': 27.24, 'gz': -17.88}, {'t_us': 668470742, 'ax': -1.27, 'ay': -0.09, 'az': -0.2, 'gx': -4.67, 'gy': 47.13, 'gz': -17.62}, {'t_us': 668472745, 'ax': -1.16, 'ay': -0.07, 'az': -0.16, 'gx': -4.67, 'gy': 47.13, 'gz': -17.62}, {'t_us': 668474675, 'ax': -1.18, 'ay': -0.08, 'az': -0.25, 'gx': 1.13, 'gy': 68.7, 'gz': -17.24}]",2026-02-18 09:48:20,0.0
"[{'t_us': 668560783, 'ax': -0.33, 'ay': 0.0, 'az': 0.19, 'gx': -42.14, 'gy': -52.85, 'gz': -28.41}, {'t_us': 668574271, 'ax': -0.07, 'ay': 0.23, 'az': 0.15, 'gx': -58.15, 'gy': -32.32, 'gz': -28.32}, {'t_us': 668594288, 'ax': 0.08, 'ay': 0.43, 'az': -0.04, 'gx': -75.73, 'gy': 2.55, 'gz': -25.71}, {'t_us': 668614308, 'ax': 0.03, 'ay': 0.41, 'az': -0.25, 'gx': -82.32, 'gy': -4.32, 'gz': -16.92}, {'t_us': 668634321, 'ax': 0.04, 'ay': 0.26, 'az': -0.22, 'gx': -98.31, 'gy': -14.09, 'gz': -19.47}]",2026-02-18 09:48:20,0.0
"[{'t_us': 668659367, 'ax': 0.11, 'ay': -0.0, 'az': -0.26, 'gx': -119.88, 'gy': -41.24, 'gz': -17.5}, {'t_us': 668674300, 'ax': -0.1, 'ay': 0.04, 'az': -0.17, 'gx': -119.22, 'gy': -24.7, 'gz': -12.15}, {'t_us': 668694281, 'ax': -0.66, 'ay': 0.08, 'az': -0.34, 'gx': -119.62, 'gy': -4.53, 'gz': -29.3}, {'t_us': 668714308, 'ax': -1.49, 'ay': -0.01, 'az': -0.79, 'gx': -97.18, 'gy': 45.47, 'gz': -39.4}, {'t_us': 668734277, 'ax': -2.0, 'ay': 0.03, 'az': -0.44, 'gx': -74.05, 'gy': 77.69, 'gz': -62.43}]",2026-02-18 09:48:20,0.0
"[{'t_us': 668760683, 'ax': -2.0, 'ay': -0.44, 'az': -0.02, 'gx': -90.44, 'gy': -41.1, 'gz': 14.96}, {'t_us': 668776518, 'ax': -1.79, 'ay': 0.05, 'az': -0.38, 'gx': -95.01, 'gy': -73.37, 'gz': 33.45}, {'t_us': 668794303, 'ax': -1.64, 'ay': 0.32, 'az': -0.02, 'gx': -88.14, 'gy': 56.37, 'gz': 21.34}, {'t_us': 668814262, 'ax': -1.75, 'ay': 0.33, 'az': 0.33, 'gx': -149.56, 'gy': 74.85, 'gz': -23.94}, {'t_us': 668834310, 'ax': -1.7, 'ay': 0.36, 'az': -0.24, 'gx': -179.34, 'gy': 36.15, 'gz': -35.82}]",2026-02-18 09:48:21,0.0
"[{'t_us': 668860527, 'ax': -0.86, 'ay': -0.0, 'az': -0.68, 'gx': -148.56, 'gy': -21.89, 'gz': -39.02}, {'t_us': 668874679, 'ax': -0.55, 'ay': -0.17, 'az': -0.63, 'gx': -124.29, 'gy': -65.31, 'gz': -24.61}, {'t_us': 668894262, 'ax': -0.2, 'ay': -0.19, 'az': -0.43, 'gx': -75.05, 'gy': -103.91, 'gz': 4.79}, {'t_us': 668914291, 'ax': 0.03, 'ay': -0.23, 'az': -0.13, 'gx': -46.17, 'gy': -109.77, 'gz': 14.7}, {'t_us': 668934312, 'ax': 0.35, 'ay': -0.21, 'az': 0.0, 'gx': -46.53, 'gy': -92.98, 'gz': 19.69}]",2026-02-18 09:48:21,0.0
"[{'t_us': 668959406, 'ax': 0.55, 'ay': -0.15, 'az': -0.19, 'gx': -22.73, 'gy': -63.07, 'gz': 23.27}, {'t_us': 668974312, 'ax': 0.36, 'ay': -0.17, 'az': -0.4, 'gx': -8.64, 'gy': -34.06, 'gz': 10.89}, {'t_us': 668994308, 'ax': -0.05, 'ay': -0.13, 'az': -0.32, 'gx': 6.72, 'gy': -42.55, 'gz': -13.08}, {'t_us': 669014277, 'ax': -0.49, 'ay': -0.16, 'az': -0.25, 'gx': 10.17, 'gy': -16.31, 'gz': -13.21}, {'t_us': 669034303, 'ax': -1.09, 'ay': -0.19, 'az': -0.13, 'gx': -9.91, 'gy': 35.16, 'gz': 0.9}]",2026-02-18 09:48:21,0.0
"[{'t_us': 669060720, 'ax': -2.0, 'ay': -0.29, 'az': -0.16, 'gx': -65.62, 'gy': 109.89, 'gz': 11.42}, {'t_us': 669074344, 'ax': -2.0, 'ay': -0.37, 'az': -0.28, 'gx': -70.31, 'gy': 114.93, 'gz': 26.12}, {'t_us': 669094296, 'ax': -2.0, 'ay': -0.38, 'az': -0.6, 'gx': -62.44, 'gy': -23.28, 'gz': 24.14}, {'t_us': 669114296, 'ax': -1.51, 'ay': -0.23, 'az': 0.05, 'gx': -58.38, 'gy': -80.81, 'gz': 20.93}, {'t_us': 669134262, 'ax': -1.28, 'ay': -0.02, 'az': -0.49, 'gx': -9.85, 'gy': 95.74, 'gz': -4.09}]",2026-02-18 09:48:21,0.0
"[{'t_us': 669161694, 'ax': -2.0, 'ay': -0.12, 'az': -0.41, 'gx': 18.81, 'gy': 34.6, 'gz': -54.6}, {'t_us': 669174303, 'ax': -1.5, 'ay': -0.29, 'az': -0.48, 'gx': 28.43, 'gy': -27.8, 'gz': -24.67}, {'t_us': 669194308, 'ax': -0.86, 'ay': -0.12, 'az': 0.0, 'gx': 23.94, 'gy': -41.73, 'gz': -28.98}, {'t_us': 669214303, 'ax': -0.41, 'ay': -0.14, 'az': 0.08, 'gx': -7.22, 'gy': -66.69, 'gz': -36.4}, {'t_us': 669234262, 'ax': -0.15, 'ay': 0.09, 'az': 0.12, 'gx': -34.87, 'gy': -73.4, 'gz': -6.08}]",2026-02-18 09:48:21,0.0
"[{'t_us': 669259215, 'ax': 0.14, 'ay': 0.19, 'az': -0.02, 'gx': -44.6, 'gy': -42.38, 'gz': 8.7}, {'t_us': 669274312, 'ax': 0.22, 'ay': 0.18, 'az': -0.18, 'gx': -52.4, 'gy': -30.31, 'gz': 13.39}, {'t_us': 669294300, 'ax': 0.27, 'ay': 0.17, 'az': -0.21, 'gx': -66.78, 'gy': -32.26, 'gz': 11.24}, {'t_us': 669314300, 'ax': 0.14, 'ay': 0.05, 'az': -0.27, 'gx': -76.98, 'gy': -29.74, 'gz': 2.43}, {'t_us': 669334291, 'ax': -0.08, 'ay': -0.05, 'az': -0.16, 'gx': -78.87, 'gy': -22.43, 'gz': -4.67}]",2026-02-18 09:48:21,0.0
"[{'t_us': 669359068, 'ax': -0.51, 'ay': -0.04, 'az': -0.3, 'gx': -77.28, 'gy': 28.76, 'gz': -15.13}, {'t_us': 669375453, 'ax': -1.1, 'ay': 0.08, 'az': -0.4, 'gx': -79.01, 'gy': 40.81, 'gz': -16.53}, {'t_us': 669394312, 'ax': -1.99, 'ay': 0.12, 'az': -0.27, 'gx': -80.34, 'gy': 41.83, 'gz': -29.02}, {'t_us': 669414277, 'ax': -2.0, 'ay': 0.13, 'az': 0.0, 'gx': -81.5, 'gy': 39.08, 'gz': -29.94}, {'t_us': 669434277, 'ax': -2.0, 'ay': 0.06, 'az': -0.06, 'gx': -107.79, 'gy': 36.72, 'gz': 6.69}]",2026-02-18 09:48:21,0.0
"[{'t_us': 669459065, 'ax': -1.43, 'ay': 0.17, 'az': -0.05, 'gx': -126.32, 'gy': -82.12, 'gz': 33.36}, {'t_us': 669474288, 'ax': -1.0, 'ay': 0.09, 'az': -0.36, 'gx': -117.68, 'gy': 106.38, 'gz': 28.24}, {'t_us': 669494288, 'ax': -2.0, 'ay': 0.35, 'az': -0.06, 'gx': -141.57, 'gy': 46.05, 'gz': 3.07}, {'t_us': 669514308, 'ax': -1.48, 'ay': 0.04, 'az': -0.31, 'gx': -133.57, 'gy': -30.95, 'gz': -13.25}, {'t_us': 669534296, 'ax': -1.21, 'ay': -0.28, 'az': -0.32, 'gx': -103.86, 'gy': -33.18, 'gz': -4.6}]",2026-02-18 09:48:21,0.0
"[{'t_us': 669559060, 'ax': -0.56, 'ay': -0.15, 'az': -0.17, 'gx': -82.75, 'gy': -93.07, 'gz': 1.16}, {'t_us': 669574823, 'ax': -0.24, 'ay': -0.22, 'az': -0.23, 'gx': -53.69, 'gy': -69.01, 'gz': 0.34}, {'t_us': 669594255, 'ax': 0.07, 'ay': -0.28, 'az': -0.2, 'gx': -32.69, 'gy': -43.83, 'gz': 7.6}, {'t_us': 669614288, 'ax': 0.27, 'ay': -0.29, 'az': -0.41, 'gx': -6.15, 'gy': -51.13, 'gz': 19.22}, {'t_us': 669634305, 'ax': 0.41, 'ay': -0.16, 'az': -0.32, 'gx': 19.68, 'gy': -72.09, 'gz': 18.2}]",2026-02-18 09:48:21,0.0
"[{'t_us': 669660441, 'ax': 0.21, 'ay': -0.11, 'az': -0.24, 'gx': 30.58, 'gy': -28.55, 'gz': 6.82}, {'t_us': 669674321, 'ax': -0.1, 'ay': -0.0, 'az': -0.27, 'gx': 31.89, 'gy': 6.34, 'gz': -1.16}, {'t_us': 669694291, 'ax': -0.62, 'ay': -0.09, 'az': -0.23, 'gx': 25.57, 'gy': 43.24, 'gz': -2.32}, {'t_us': 669714291, 'ax': -1.24, 'ay': -0.25, 'az': -0.12, 'gx': -8.21, 'gy': 53.07, 'gz': -4.85}, {'t_us': 669734286, 'ax': -2.0, 'ay': -0.55, 'az': -0.13, 'gx': -13.08, 'gy': 70.58, 'gz': 12.84}]",2026-02-18 09:48:21,0.0
"[{'t_us': 669760348, 'ax': -2.0, 'ay': -0.46, 'az': -0.54, 'gx': 9.16, 'gy': -9.92, 'gz': 31.95}, {'t_us': 669774312, 'ax': -1.94, 'ay': -0.23, 'az': -0.15, 'gx': 11.54, 'gy': -67.94, 'gz': 32.79}, {'t_us': 669794300, 'ax': -1.25, 'ay': 0.25, 'az': 0.02, 'gx': 37.59, 'gy': 23.62, 'gz': -10.89}, {'t_us': 669814300, 'ax': -1.74, 'ay': 0.11, 'az': -0.25, 'gx': 78.84, 'gy': 157.65, 'gz': -56.08}, {'t_us': 669834301, 'ax': -1.93, 'ay': -0.37, 'az': -0.17, 'gx': 57.65, 'gy': 61.34, 'gz': -40.64}]",2026-02-18 09:48:22,0.0
"[{'t_us': 669859118, 'ax': -0.85, 'ay': -0.25, 'az': -0.12, 'gx': 53.94, 'gy': -13.36, 'gz': 4.37}, {'t_us': 669874311, 'ax': -0.91, 'ay': -0.31, 'az': 0.07, 'gx': 29.37, 'gy': -51.18, 'gz': 14.95}, {'t_us': 669894308, 'ax': -0.63, 'ay': -0.16, 'az': 0.19, 'gx': -6.63, 'gy': -85.68, 'gz': 20.81}, {'t_us': 669914277, 'ax': -0.28, 'ay': 0.26, 'az': 0.11, 'gx': -14.82, 'gy': -57.86, 'gz': 3.33}, {'t_us': 669934321, 'ax': -0.01, 'ay': 0.3, 'az': -0.07, 'gx': -20.6, 'gy': -17.33, 'gz': -5.63}]",2026-02-18 09:48:22,0.0
"[{'t_us': 669958870, 'ax': 0.3, 'ay': 0.35, 'az': -0.15, 'gx': -44.75, 'gy': 38.43, 'gz': -4.29}, {'t_us': 669974296, 'ax': 0.05, 'ay': 0.08, 'az': -0.24, 'gx': -50.32, 'gy': 21.85, 'gz': -0.5}, {'t_us': 669994300, 'ax': -0.23, 'ay': -0.13, 'az': -0.26, 'gx': -73.33, 'gy': -24.41, 'gz': 11.89}, {'t_us': 670014321, 'ax': -0.49, 'ay': 0.03, 'az': -0.08, 'gx': -93.19, 'gy': -24.53, 'gz': -0.14}, {'t_us': 670034321, 'ax': -0.84, 'ay': 0.44, 'az': -0.32, 'gx': -88.55, 'gy': 27.3, 'gz': -19.82}]",2026-02-18 09:48:22,0.0
"[{'t_us': 670060438, 'ax': -1.91, 'ay': 0.38, 'az': -0.11, 'gx': -64.78, 'gy': 45.97, 'gz': -36.0}, {'t_us': 670074288, 'ax': -2.0, 'ay': 0.21, 'az': -0.17, 'gx': -71.15, 'gy': 16.82, 'gz': -26.96}, {'t_us': 670094316, 'ax': -2.0, 'ay': -0.17, 'az': 0.18, 'gx': -78.9, 'gy': -27.33, 'gz': -33.47}, {'t_us': 670114277, 'ax': -0.94, 'ay': -0.07, 'az': -0.23, 'gx': -91.42, 'gy': 56.23, 'gz': 4.0}, {'t_us': 670134303, 'ax': -2.0, 'ay': -0.04, 'az': -0.61, 'gx': -89.15, 'gy': 70.58, 'gz': -6.17}]",2026-02-18 09:48:22,0.0
"[{'t_us': 670161018, 'ax': -1.21, 'ay': -0.27, 'az': -0.18, 'gx': -82.92, 'gy': 10.49, 'gz': -2.24}, {'t_us': 670174303, 'ax': -1.06, 'ay': -0.24, 'az': -0.19, 'gx': -69.48, 'gy': 25.25, 'gz': -10.21}, {'t_us': 670194255, 'ax': -0.96, 'ay': -0.26, 'az': -0.22, 'gx': -50.92, 'gy': -18.53, 'gz': -6.11}, {'t_us': 670214321, 'ax': -0.67, 'ay': -0.19, 'az': -0.14, 'gx': -23.25, 'gy': -44.81, 'gz': 1.34}, {'t_us': 670234281, 'ax': -0.43, 'ay': -0.15, 'az': -0.06, 'gx': -0.87, 'gy': -47.8, 'gz': 8.61}]",2026-02-18 09:48:22,0.0
"[{'t_us': 670260622, 'ax': -0.1, 'ay': -0.13, 'az': -0.1, 'gx': 4.87, 'gy': -32.02, 'gz': 9.88}, {'t_us': 670274316, 'ax': -0.03, 'ay': -0.07, 'az': -0.17, 'gx': 9.98, 'gy': -29.37, 'gz': 8.93}, {'t_us': 670294291, 'ax': 0.06, 'ay': -0.05, 'az': -0.3, 'gx': 23.86, 'gy': -30.75, 'gz': 8.38}, {'t_us': 670314291, 'ax': -0.1, 'ay': -0.08, 'az': -0.31, 'gx': 41.98, 'gy': -25.79, 'gz': -0.84}, {'t_us': 670334321, 'ax': -0.21, 'ay': -0.15, 'az': -0.25, 'gx': 46.03, 'gy': 12.18, 'gz': -5.69}]",2026-02-18 09:48:22,0.0
"[{'t_us': 670360555, 'ax': -0.83, 'ay': -0.27, 'az': -0.11, 'gx': 26.72, 'gy': 32.85, 'gz': 7.98}, {'t_us': 670374262, 'ax': -1.4, 'ay': -0.42, 'az': -0.09, 'gx': 0.31, 'gy': 41.05, 'gz': 17.65}, {'t_us': 670394312, 'ax': -2.0, 'ay': -0.68, 'az': -0.16, 'gx': 2.9, 'gy': 29.79, 'gz': 42.17}, {'t_us': 670414308, 'ax': -2.0, 'ay': -0.17, 'az': -0.53, 'gx': 0.87, 'gy': 28.92, 'gz': 46.24}, {'t_us': 670434320, 'ax': -2.0, 'ay': 0.06, 'az': -0.65, 'gx': 28.26, 'gy': -23.79, 'gz': 11.76}]",2026-02-18 09:48:22,0.0
"[{'t_us': 670458970, 'ax': -1.47, 'ay': -0.2, 'az': -0.13, 'gx': 62.72, 'gy': -9.48, 'gz': -31.6}, {'t_us': 670474255, 'ax': -1.14, 'ay': -0.38, 'az': 0.12, 'gx': 61.48, 'gy': 2.76, 'gz': -28.15}, {'t_us': 670494296, 'ax': -0.83, 'ay': -0.34, 'az': 0.08, 'gx': 51.33, 'gy': 22.7, 'gz': -15.83}, {'t_us': 670514321, 'ax': -0.89, 'ay': -0.18, 'az': -0.02, 'gx': 35.85, 'gy': 32.87, 'gz': -1.66}, {'t_us': 670534281, 'ax': -0.83, 'ay': -0.01, 'az': 0.02, 'gx': 15.56, 'gy': 13.65, 'gz': 6.58}]",2026-02-18 09:48:22,0.0
"[{'t_us': 670558954, 'ax': -0.6, 'ay': 0.06, 'az': 0.01, 'gx': -8.09, 'gy': -4.38, 'gz': 0.82}, {'t_us': 670574299, 'ax': -0.44, 'ay': 0.1, 'az': -0.01, 'gx': -16.11, 'gy': -6.4, 'gz': -6.06}, {'t_us': 670594308, 'ax': -0.22, 'ay': 0.08, 'az': -0.07, 'gx': -21.45, 'gy': -11.97, 'gz': -12.52}, {'t_us': 670614303, 'ax': -0.1, 'ay': 0.05, 'az': -0.08, 'gx': -26.44, 'gy': -14.92, 'gz': -11.97}, {'t_us': 670634303, 'ax': -0.1, 'ay': 0.05, 'az': -0.1, 'gx': -37.07, 'gy': -22.24, 'gz': -8.95}]",2026-02-18 09:48:22,0.0
"[{'t_us': 670658983, 'ax': -0.18, 'ay': 0.02, 'az': -0.2, 'gx': -51.19, 'gy': -17.71, 'gz': -8.02}, {'t_us': 670674354, 'ax': -0.2, 'ay': 0.01, 'az': -0.28, 'gx': -57.62, 'gy': -9.68, 'gz': -6.47}, {'t_us': 670694268, 'ax': -0.56, 'ay': -0.04, 'az': -0.23, 'gx': -62.2, 'gy': 10.89, 'gz': -2.47}, {'t_us': 670714262, 'ax': -1.11, 'ay': 0.09, 'az': -0.18, 'gx': -75.69, 'gy': 4.53, 'gz': -1.33}, {'t_us': 670734291, 'ax': -1.51, 'ay': 0.25, 'az': -0.22, 'gx': -86.6, 'gy': 29.44, 'gz': -6.34}]",2026-02-18 09:48:22,0.0
"[{'t_us': 670758879, 'ax': -2.0, 'ay': 0.23, 'az': -0.12, 'gx': -95.07, 'gy': 42.52, 'gz': -19.27}, {'t_us': 670774319, 'ax': -2.0, 'ay': 0.03, 'az': -0.22, 'gx': -86.29, 'gy': 46.96, 'gz': -20.18}, {'t_us': 670794305, 'ax': -1.87, 'ay': 0.06, 'az': -0.37, 'gx': -87.73, 'gy': 55.11, 'gz': -15.36}, {'t_us': 670814321, 'ax': -1.63, 'ay': 0.0, 'az': -0.41, 'gx': -100.85, 'gy': 27.82, 'gz': -8.96}, {'t_us': 670834304, 'ax': -1.36, 'ay': -0.06, 'az': -0.17, 'gx': -107.79, 'gy': 9.88, 'gz': -1.34}]",2026-02-18 09:48:23,0.0
"[{'t_us': 670860969, 'ax': -1.12, 'ay': -0.2, 'az': -0.15, 'gx': -101.68, 'gy': 0.05, 'gz': 7.25}, {'t_us': 670875622, 'ax': -0.96, 'ay': -0.24, 'az': -0.15, 'gx': -90.82, 'gy': -5.02, 'gz': 10.2}, {'t_us': 670894303, 'ax': -0.72, 'ay': -0.19, 'az': -0.16, 'gx': -73.98, 'gy': -8.17, 'gz': 9.92}, {'t_us': 670914262, 'ax': -0.49, 'ay': -0.16, 'az': -0.15, 'gx': -52.99, 'gy': -7.56, 'gz': 6.08}, {'t_us': 670934271, 'ax': -0.32, 'ay': -0.17, 'az': -0.24, 'gx': -40.76, 'gy': -8.66, 'gz': 1.02}]",2026-02-18 09:48:23,0.0
"[{'t_us': 670958942, 'ax': -0.1, 'ay': -0.14, 'az': -0.19, 'gx': -23.95, 'gy': 3.92, 'gz': -6.26}, {'t_us': 670974312, 'ax': -0.09, 'ay': -0.1, 'az': -0.25, 'gx': -13.66, 'gy': 2.84, 'gz': -6.95}, {'t_us': 670994256, 'ax': -0.12, 'ay': -0.12, 'az': -0.3, 'gx': 7.91, 'gy': -5.07, 'gz': -5.45}, {'t_us': 671014255, 'ax': -0.19, 'ay': -0.16, 'az': -0.34, 'gx': 27.94, 'gy': -7.02, 'gz': -2.4}, {'t_us': 671034281, 'ax': -0.45, 'ay': -0.17, 'az': -0.35, 'gx': 38.24, 'gy': -6.46, 'gz': 5.6}]",2026-02-18 09:48:23,0.0
"[{'t_us': 671060360, 'ax': -0.95, 'ay': -0.19, 'az': -0.34, 'gx': 33.25, 'gy': 7.63, 'gz': 13.15}, {'t_us': 671074300, 'ax': -1.41, 'ay': -0.25, 'az': -0.3, 'gx': 22.99, 'gy': 20.63, 'gz': 13.8}, {'t_us': 671094316, 'ax': -2.0, 'ay': -0.39, 'az': -0.13, 'gx': 2.98, 'gy': 24.56, 'gz': 22.18}, {'t_us': 671114262, 'ax': -2.0, 'ay': -0.11, 'az': -0.47, 'gx': -10.99, 'gy': 32.21, 'gz': -8.09}, {'t_us': 671134291, 'ax': -2.0, 'ay': -0.23, 'az': -0.73, 'gx': 11.86, 'gy': -7.13, 'gz': -29.05}]",2026-02-18 09:48:23,0.0
"[{'t_us': 671160514, 'ax': -1.22, 'ay': -0.43, 'az': -0.28, 'gx': 35.51, 'gy': -0.87, 'gz': -18.78}, {'t_us': 671174262, 'ax': -1.14, 'ay': -0.45, 'az': -0.14, 'gx': 42.89, 'gy': 9.47, 'gz': -10.7}, {'t_us': 671194316, 'ax': -0.99, 'ay': -0.3, 'az': -0.05, 'gx': 40.55, 'gy': -1.76, 'gz': -2.81}, {'t_us': 671214312, 'ax': -0.87, 'ay': -0.14, 'az': 0.04, 'gx': 31.07, 'gy': -3.56, 'gz': 2.82}, {'t_us': 671234281, 'ax': -0.73, 'ay': -0.04, 'az': 0.03, 'gx': 15.1, 'gy': -13.44, 'gz': -0.43}]",2026-02-18 09:48:23,0.0
"[{'t_us': 671258860, 'ax': -0.54, 'ay': 0.07, 'az': -0.06, 'gx': -6.06, 'gy': -11.56, 'gz': -12.82}, {'t_us': 671274291, 'ax': -0.41, 'ay': 0.12, 'az': -0.08, 'gx': -14.96, 'gy': -19.24, 'gz': -17.33}, {'t_us': 671294291, 'ax': -0.26, 'ay': 0.15, 'az': -0.11, 'gx': -23.39, 'gy': -39.33, 'gz': -21.01}, {'t_us': 671314255, 'ax': -0.09, 'ay': 0.07, 'az': -0.12, 'gx': -35.51, 'gy': -50.49, 'gz': -19.42}, {'t_us': 671334316, 'ax': -0.09, 'ay': 0.05, 'az': -0.19, 'gx': -47.04, 'gy': -50.78, 'gz': -11.97}]",2026-02-18 09:48:23,0.0
"[{'t_us': 671359039, 'ax': -0.19, 'ay': -0.0, 'az': -0.24, 'gx': -53.36, 'gy': -35.11, 'gz': -11.15}, {'t_us': 671374804, 'ax': -0.28, 'ay': -0.04, 'az': -0.29, 'gx': -57.3, 'gy': -16.09, 'gz': -17.48}, {'t_us': 671394312, 'ax': -0.56, 'ay': -0.06, 'az': -0.41, 'gx': -56.66, 'gy': -4.5, 'gz': -23.59}, {'t_us': 671414277, 'ax': -1.11, 'ay': 0.05, 'az': -0.33, 'gx': -52.23, 'gy': -13.69, 'gz': -28.03}, {'t_us': 671434291, 'ax': -1.87, 'ay': 0.21, 'az': -0.2, 'gx': -48.05, 'gy': -12.56, 'gz': -46.93}]",2026-02-18 09:48:23,0.0
"[{'t_us': 671460839, 'ax': -2.0, 'ay': -0.11, 'az': 0.05, 'gx': -52.44, 'gy': 24.95, 'gz': -31.98}, {'t_us': 671474315, 'ax': -2.0, 'ay': -0.3, 'az': 0.16, 'gx': -66.69, 'gy': 39.53, 'gz': 2.38}, {'t_us': 671494316, 'ax': -1.98, 'ay': 0.09, 'az': -0.24, 'gx': -81.45, 'gy': 36.44, 'gz': 10.43}, {'t_us': 671514304, 'ax': -1.51, 'ay': 0.18, 'az': -0.11, 'gx': -104.02, 'gy': 36.15, 'gz': -1.54}, {'t_us': 671534254, 'ax': -1.47, 'ay': 0.25, 'az': -0.17, 'gx': -126.24, 'gy': 52.18, 'gz': -6.55}]",2026-02-18 09:48:23,0.0
"[{'t_us': 671560710, 'ax': -1.21, 'ay': 0.03, 'az': -0.46, 'gx': -126.95, 'gy': 35.31, 'gz': -18.4}, {'t_us': 671574276, 'ax': -1.09, 'ay': -0.01, 'az': -0.42, 'gx': -115.86, 'gy': 16.5, 'gz': -12.12}, {'t_us': 671594288, 'ax': -0.81, 'ay': -0.07, 'az': -0.31, 'gx': -104.61, 'gy': -4.85, 'gz': 1.19}, {'t_us': 671614300, 'ax': -0.6, 'ay': -0.07, 'az': -0.22, 'gx': -92.64, 'gy': -26.66, 'gz': 16.73}, {'t_us': 671634303, 'ax': -0.4, 'ay': -0.08, 'az': -0.07, 'gx': -87.6, 'gy': -44.63, 'gz': 25.83}]",2026-02-18 09:48:23,0.0
"[{'t_us': 671659149, 'ax': -0.15, 'ay': -0.1, 'az': -0.1, 'gx': -79.45, 'gy': -44.21, 'gz': 23.21}, {'t_us': 671674264, 'ax': 0.01, 'ay': -0.08, 'az': -0.21, 'gx': -60.17, 'gy': -45.16, 'gz': 17.56}, {'t_us': 671694308, 'ax': 0.09, 'ay': -0.11, 'az': -0.28, 'gx': -31.77, 'gy': -32.17, 'gz': 10.31}, {'t_us': 671714271, 'ax': -0.01, 'ay': -0.14, 'az': -0.3, 'gx': -8.18, 'gy': -4.89, 'gz': 3.18}, {'t_us': 671734281, 'ax': -0.1, 'ay': -0.2, 'az': -0.28, 'gx': -4.72, 'gy': 0.34, 'gz': 6.85}]",2026-02-18 09:48:23,0.0
"[{'t_us': 671759171, 'ax': -0.27, 'ay': -0.22, 'az': -0.26, 'gx': -21.28, 'gy': 22.78, 'gz': 5.45}, {'t_us': 671774301, 'ax': -0.57, 'ay': -0.25, 'az': -0.44, 'gx': -24.09, 'gy': -12.21, 'gz': 37.08}, {'t_us': 671794300, 'ax': -1.65, 'ay': -0.36, 'az': 0.11, 'gx': -75.92, 'gy': 10.87, 'gz': 1.71}, {'t_us': 671814274, 'ax': -2.0, 'ay': -0.24, 'az': -0.12, 'gx': -79.05, 'gy': -13.28, 'gz': 27.82}, {'t_us': 671834288, 'ax': -2.0, 'ay': -0.06, 'az': -0.51, 'gx': -62.93, 'gy': 13.6, 'gz': 10.6}]",2026-02-18 09:48:24,0.0
"[{'t_us': 671858840, 'ax': -2.0, 'ay': -0.38, 'az': -0.72, 'gx': -14.23, 'gy': 40.6, 'gz': -19.53}, {'t_us': 671874387, 'ax': -2.0, 'ay': -0.4, 'az': -0.37, 'gx': 13.34, 'gy': 17.83, 'gz': -40.5}, {'t_us': 671894321, 'ax': -1.58, 'ay': -0.51, 'az': -0.24, 'gx': 34.6, 'gy': 24.98, 'gz': -25.16}, {'t_us': 671914291, 'ax': -1.37, 'ay': -0.46, 'az': -0.11, 'gx': 41.45, 'gy': 2.17, 'gz': -9.1}, {'t_us': 671934277, 'ax': -1.06, 'ay': -0.36, 'az': -0.04, 'gx': 27.18, 'gy': -3.44, 'gz': -4.9}]",2026-02-18 09:48:24,0.0
"[{'t_us': 671958938, 'ax': -0.84, 'ay': -0.1, 'az': -0.03, 'gx': 12.85, 'gy': -11.8, 'gz': -6.85}, {'t_us': 671974316, 'ax': -0.68, 'ay': -0.03, 'az': -0.02, 'gx': 4.67, 'gy': -5.5, 'gz': -12.2}, {'t_us': 671994281, 'ax': -0.46, 'ay': 0.03, 'az': 0.0, 'gx': -4.75, 'gy': 1.24, 'gz': -12.17}, {'t_us': 672014281, 'ax': -0.28, 'ay': 0.1, 'az': -0.03, 'gx': -10.31, 'gy': -8.78, 'gz': -8.6}, {'t_us': 672034310, 'ax': -0.1, 'ay': 0.14, 'az': -0.07, 'gx': -20.06, 'gy': -20.31, 'gz': -4.66}]",2026-02-18 09:48:24,0.0
"[{'t_us': 672059032, 'ax': 0.07, 'ay': 0.07, 'az': -0.23, 'gx': -34.5, 'gy': -31.13, 'gz': 2.27}, {'t_us': 672074308, 'ax': 0.08, 'ay': 0.03, 'az': -0.23, 'gx': -33.19, 'gy': -33.15, 'gz': 1.42}, {'t_us': 672094271, 'ax': 0.09, 'ay': 0.03, 'az': -0.17, 'gx': -29.97, 'gy': -16.11, 'gz': -2.44}, {'t_us': 672114277, 'ax': -0.22, 'ay': -0.01, 'az': -0.06, 'gx': -33.82, 'gy': -1.73, 'gz': -5.3}, {'t_us': 672134300, 'ax': -0.45, 'ay': -0.01, 'az': -0.07, 'gx': -44.03, 'gy': -2.38, 'gz': -5.18}]",2026-02-18 09:48:24,0.0
"[{'t_us': 672160675, 'ax': -1.15, 'ay': -0.07, 'az': -0.26, 'gx': -55.48, 'gy': 25.91, 'gz': -8.17}, {'t_us': 672174296, 'ax': -1.71, 'ay': -0.1, 'az': -0.24, 'gx': -60.4, 'gy': 38.2, 'gz': -18.32}, {'t_us': 672194277, 'ax': -2.0, 'ay': 0.01, 'az': -0.36, 'gx': -57.6, 'gy': 24.37, 'gz': -20.63}, {'t_us': 672214308, 'ax': -2.0, 'ay': 0.15, 'az': -0.67, 'gx': -61.39, 'gy': 11.56, 'gz': 7.45}, {'t_us': 672234281, 'ax': -2.0, 'ay': 0.3, 'az': -0.69, 'gx': -74.46, 'gy': -2.12, 'gz': 3.53}]",2026-02-18 09:48:24,0.0
"[{'t_us': 672259204, 'ax': -1.31, 'ay': -0.08, 'az': 0.09, 'gx': -76.43, 'gy': 8.12, 'gz': -12.56}, {'t_us': 672274281, 'ax': -1.23, 'ay': -0.28, 'az': 0.1, 'gx': -80.72, 'gy': 37.02, 'gz': -10.96}, {'t_us': 672294318, 'ax': -1.15, 'ay': -0.35, 'az': 0.0, 'gx': -93.85, 'gy': 23.83, 'gz': -10.47}, {'t_us': 672314255, 'ax': -0.87, 'ay': -0.25, 'az': -0.09, 'gx': -91.51, 'gy': 2.15, 'gz': -2.46}, {'t_us': 672334271, 'ax': -0.56, 'ay': -0.03, 'az': -0.15, 'gx': -84.76, 'gy': -6.12, 'gz': 12.05}]",2026-02-18 09:48:24,0.0
"[{'t_us': 672360385, 'ax': -0.2, 'ay': -0.01, 'az': -0.29, 'gx': -55.1, 'gy': -23.33, 'gz': 20.37}, {'t_us': 672374281, 'ax': -0.08, 'ay': -0.05, 'az': -0.34, 'gx': -30.73, 'gy': -44.82, 'gz': 26.61}, {'t_us': 672394255, 'ax': 0.0, 'ay': -0.06, 'az': -0.3, 'gx': -0.46, 'gy': -51.44, 'gz': 25.33}, {'t_us': 672414321, 'ax': -0.01, 'ay': -0.13, 'az': -0.23, 'gx': 27.31, 'gy': -53.68, 'gz': 17.07}, {'t_us': 672434334, 'ax': -0.07, 'ay': -0.11, 'az': -0.15, 'gx': 36.26, 'gy': -31.21, 'gz': 7.16}]",2026-02-18 09:48:24,0.0
"[{'t_us': 672460659, 'ax': -0.17, 'ay': -0.01, 'az': -0.19, 'gx': 18.26, 'gy': 2.43, 'gz': -1.31}, {'t_us': 672474288, 'ax': -0.37, 'ay': -0.0, 'az': -0.21, 'gx': 9.83, 'gy': 6.24, 'gz': -3.28}, {'t_us': 672494308, 'ax': -0.7, 'ay': -0.1, 'az': -0.15, 'gx': -16.55, 'gy': 35.73, 'gz': -6.44}, {'t_us': 672514291, 'ax': -1.42, 'ay': -0.29, 'az': 0.02, 'gx': -53.28, 'gy': 62.18, 'gz': 15.62}, {'t_us': 672534312, 'ax': -2.0, 'ay': -0.68, 'az': -0.16, 'gx': -81.24, 'gy': 70.56, 'gz': 37.98}]",2026-02-18 09:48:24,0.0
"[{'t_us': 672559346, 'ax': -2.0, 'ay': 0.01, 'az': -0.95, 'gx': -69.54, 'gy': -16.35, 'gz': 31.11}, {'t_us': 672574300, 'ax': -2.0, 'ay': 0.21, 'az': -0.73, 'gx': -45.15, 'gy': 22.37, 'gz': -1.4}, {'t_us': 672594300, 'ax': -1.71, 'ay': -0.04, 'az': -0.29, 'gx': 12.61, 'gy': -4.41, 'gz': -38.92}, {'t_us': 672614321, 'ax': -1.37, 'ay': -0.2, 'az': -0.16, 'gx': 32.12, 'gy': 52.4, 'gz': -41.97}, {'t_us': 672634255, 'ax': -0.92, 'ay': -0.26, 'az': -0.05, 'gx': 33.76, 'gy': 18.85, 'gz': -28.41}]",2026-02-18 09:48:24,0.0
"[{'t_us': 672660524, 'ax': -0.83, 'ay': -0.36, 'az': -0.04, 'gx': 7.57, 'gy': -15.98, 'gz': -19.24}, {'t_us': 672674277, 'ax': -0.72, 'ay': -0.24, 'az': -0.01, 'gx': -4.96, 'gy': -21.31, 'gz': -16.49}, {'t_us': 672694288, 'ax': -0.51, 'ay': -0.07, 'az': -0.03, 'gx': -21.11, 'gy': -16.93, 'gz': -10.92}, {'t_us': 672714255, 'ax': -0.29, 'ay': 0.04, 'az': -0.07, 'gx': -41.56, 'gy': -18.06, 'gz': -4.78}, {'t_us': 672734294, 'ax': -0.11, 'ay': 0.15, 'az': -0.14, 'gx': -61.1, 'gy': -31.74, 'gz': -1.21}]",2026-02-18 09:48:24,0.0
"[{'t_us': 672758915, 'ax': 0.02, 'ay': 0.02, 'az': -0.27, 'gx': -54.32, 'gy': -51.31, 'gz': 4.41}, {'t_us': 672774316, 'ax': 0.05, 'ay': -0.03, 'az': -0.24, 'gx': -55.95, 'gy': -36.08, 'gz': 3.98}, {'t_us': 672794312, 'ax': -0.16, 'ay': -0.04, 'az': -0.2, 'gx': -47.36, 'gy': -19.33, 'gz': -0.43}, {'t_us': 672814277, 'ax': -0.49, 'ay': 0.01, 'az': -0.1, 'gx': -40.96, 'gy': -3.31, 'gz': -14.17}, {'t_us': 672834262, 'ax': -0.9, 'ay': 0.07, 'az': -0.13, 'gx': -32.58, 'gy': 17.07, 'gz': -28.53}]",2026-02-18 09:48:25,0.0
"[{'t_us': 672860611, 'ax': -1.65, 'ay': 0.07, 'az': -0.17, 'gx': -27.5, 'gy': 38.98, 'gz': -36.98}, {'t_us': 672874281, 'ax': -2.0, 'ay': -0.07, 'az': -0.06, 'gx': -23.36, 'gy': 51.66, 'gz': -23.71}, {'t_us': 672894314, 'ax': -2.0, 'ay': -0.04, 'az': -0.38, 'gx': -38.98, 'gy': 37.94, 'gz': 2.64}, {'t_us': 672914308, 'ax': -1.94, 'ay': 0.14, 'az': -0.47, 'gx': -67.1, 'gy': -34.4, 'gz': 8.69}, {'t_us': 672934277, 'ax': -1.65, 'ay': 0.25, 'az': -0.01, 'gx': -69.54, 'gy': 36.4, 'gz': -9.54}]",2026-02-18 09:48:25,0.0
"[{'t_us': 672959171, 'ax': -1.27, 'ay': 0.18, 'az': -0.09, 'gx': -98.06, 'gy': 13.83, 'gz': -19.48}, {'t_us': 672974255, 'ax': -1.14, 'ay': 0.01, 'az': -0.12, 'gx': -94.75, 'gy': 5.25, 'gz': -17.22}, {'t_us': 672994312, 'ax': -0.8, 'ay': -0.24, 'az': -0.53, 'gx': -68.7, 'gy': -41.76, 'gz': -9.31}, {'t_us': 673014308, 'ax': -0.49, 'ay': -0.25, 'az': -0.34, 'gx': -33.01, 'gy': -79.44, 'gz': 13.47}, {'t_us': 673034309, 'ax': -0.22, 'ay': -0.29, 'az': -0.13, 'gx': -17.68, 'gy': -85.85, 'gz': 26.76}]",2026-02-18 09:48:25,0.0
"[{'t_us': 673060612, 'ax': 0.1, 'ay': -0.26, 'az': -0.1, 'gx': -9.82, 'gy': -68.98, 'gz': 27.45}, {'t_us': 673074946, 'ax': 0.26, 'ay': -0.22, 'az': -0.29, 'gx': 7.66, 'gy': -45.59, 'gz': 22.53}, {'t_us': 673094312, 'ax': 0.31, 'ay': -0.19, 'az': -0.45, 'gx': 40.31, 'gy': -14.84, 'gz': 9.6}, {'t_us': 673114277, 'ax': 0.14, 'ay': -0.06, 'az': -0.44, 'gx': 58.84, 'gy': 5.79, 'gz': 7.21}, {'t_us': 673134288, 'ax': -0.32, 'ay': -0.04, 'az': -0.29, 'gx': 51.63, 'gy': 34.55, 'gz': 2.02}]",2026-02-18 09:48:25,0.0
"[{'t_us': 673159445, 'ax': -1.3, 'ay': -0.23, 'az': 0.05, 'gx': 2.03, 'gy': 63.3, 'gz': -5.59}, {'t_us': 673174306, 'ax': -1.91, 'ay': -0.4, 'az': -0.19, 'gx': -20.82, 'gy': 102.98, 'gz': 7.36}, {'t_us': 673194303, 'ax': -2.0, 'ay': -0.52, 'az': -0.4, 'gx': -33.73, 'gy': 59.44, 'gz': 33.24}, {'t_us': 673214255, 'ax': -2.0, 'ay': -0.08, 'az': -0.37, 'gx': -31.36, 'gy': -77.34, 'gz': 21.45}, {'t_us': 673234303, 'ax': -1.4, 'ay': 0.23, 'az': -0.03, 'gx': -3.57, 'gy': -85.15, 'gz': -10.85}]",2026-02-18 09:48:25,0.0
"[{'t_us': 673259269, 'ax': -1.46, 'ay': -0.04, 'az': 0.03, 'gx': 48.47, 'gy': 59.37, 'gz': -65.27}, {'t_us': 673274296, 'ax': -1.62, 'ay': -0.09, 'az': -0.15, 'gx': 47.68, 'gy': 140.26, 'gz': -81.63}, {'t_us': 673294316, 'ax': -1.24, 'ay': -0.21, 'az': -0.19, 'gx': 43.21, 'gy': 38.09, 'gz': -54.26}, {'t_us': 673314312, 'ax': -1.06, 'ay': -0.43, 'az': -0.12, 'gx': 16.76, 'gy': -2.2, 'gz': -34.34}, {'t_us': 673334277, 'ax': -0.76, 'ay': -0.18, 'az': 0.01, 'gx': -20.23, 'gy': -42.12, 'gz': -17.53}]",2026-02-18 09:48:25,0.0
"[{'t_us': 673360657, 'ax': -0.44, 'ay': 0.12, 'az': -0.03, 'gx': -53.6, 'gy': -40.73, 'gz': -10.55}, {'t_us': 673374337, 'ax': -0.26, 'ay': 0.17, 'az': -0.06, 'gx': -64.56, 'gy': -33.37, 'gz': -7.91}, {'t_us': 673394277, 'ax': -0.03, 'ay': 0.23, 'az': -0.13, 'gx': -73.68, 'gy': -25.4, 'gz': 2.67}, {'t_us': 673414281, 'ax': 0.17, 'ay': 0.27, 'az': -0.1, 'gx': -92.96, 'gy': -18.32, 'gz': -7.4}, {'t_us': 673434312, 'ax': 0.17, 'ay': 0.23, 'az': -0.33, 'gx': -76.53, 'gy': -39.8, 'gz': 3.34}]",2026-02-18 09:48:25,0.0
"[{'t_us': 673459405, 'ax': 0.06, 'ay': 0.02, 'az': -0.25, 'gx': -75.15, 'gy': -15.05, 'gz': -16.96}, {'t_us': 673474303, 'ax': -0.23, 'ay': -0.12, 'az': -0.26, 'gx': -67.39, 'gy': 19.1, 'gz': -25.5}, {'t_us': 673494303, 'ax': -0.69, 'ay': -0.16, 'az': -0.29, 'gx': -63.62, 'gy': 50.96, 'gz': -28.6}, {'t_us': 673514262, 'ax': -1.57, 'ay': -0.1, 'az': -0.24, 'gx': -63.08, 'gy': 68.76, 'gz': -42.5}, {'t_us': 673534255, 'ax': -2.0, 'ay': 0.17, 'az': -0.14, 'gx': -60.66, 'gy': 79.37, 'gz': -59.83}]",2026-02-18 09:48:25,0.0
"[{'t_us': 673559047, 'ax': -2.0, 'ay': -0.06, 'az': -0.29, 'gx': -86.89, 'gy': -38.37, 'gz': -3.39}, {'t_us': 673574326, 'ax': -2.0, 'ay': 0.0, 'az': -0.54, 'gx': -95.13, 'gy': -43.54, 'gz': -12.14}, {'t_us': 673594303, 'ax': -1.24, 'ay': 0.06, 'az': -0.1, 'gx': -113.51, 'gy': 53.57, 'gz': -3.88}, {'t_us': 673614303, 'ax': -1.88, 'ay': 0.39, 'az': -0.11, 'gx': -155.63, 'gy': 97.18, 'gz': -45.18}, {'t_us': 673634262, 'ax': -1.59, 'ay': 0.14, 'az': -0.6, 'gx': -154.18, 'gy': -48.49, 'gz': -52.67}]",2026-02-18 09:48:25,0.0
"[{'t_us': 673658865, 'ax': -0.56, 'ay': -0.18, 'az': -0.56, 'gx': -99.22, 'gy': -75.53, 'gz': -20.84}, {'t_us': 673674312, 'ax': -0.46, 'ay': -0.07, 'az': -0.25, 'gx': -77.53, 'gy': -84.7, 'gz': 5.01}, {'t_us': 673694308, 'ax': -0.2, 'ay': -0.12, 'az': -0.03, 'gx': -64.79, 'gy': -72.78, 'gz': 26.23}, {'t_us': 673714277, 'ax': -0.11, 'ay': -0.13, 'az': -0.06, 'gx': -60.32, 'gy': -59.88, 'gz': 27.66}, {'t_us': 673734281, 'ax': 0.23, 'ay': -0.1, 'az': -0.33, 'gx': -44.18, 'gy': -58.15, 'gz': 25.3}]",2026-02-18 09:48:25,0.0
"[{'t_us': 673759188, 'ax': 0.63, 'ay': -0.1, 'az': -0.42, 'gx': -11.04, 'gy': -48.56, 'gz': 32.66}, {'t_us': 673774309, 'ax': 0.52, 'ay': -0.2, 'az': -0.22, 'gx': -0.75, 'gy': -21.25, 'gz': 28.9}, {'t_us': 673794308, 'ax': 0.12, 'ay': -0.22, 'az': -0.08, 'gx': -7.25, 'gy': -10.95, 'gz': 13.51}, {'t_us': 673814277, 'ax': -0.36, 'ay': -0.11, 'az': -0.16, 'gx': -18.63, 'gy': 15.88, 'gz': -10.69}, {'t_us': 673834316, 'ax': -0.73, 'ay': 0.02, 'az': -0.17, 'gx': -47.82, 'gy': 68.34, 'gz': -17.34}]",2026-02-18 09:48:26,0.0
"[{'t_us': 673861673, 'ax': -2.0, 'ay': 0.22, 'az': 0.01, 'gx': -100.27, 'gy': 132.29, 'gz': -7.6}, {'t_us': 673874308, 'ax': -2.0, 'ay': -0.06, 'az': -0.09, 'gx': -100.96, 'gy': 89.4, 'gz': 4.06}, {'t_us': 673894281, 'ax': -2.0, 'ay': -0.63, 'az': -0.97, 'gx': -95.57, 'gy': -66.5, 'gz': -7.77}, {'t_us': 673914281, 'ax': -1.25, 'ay': -0.42, 'az': 0.38, 'gx': -77.45, 'gy': -152.17, 'gz': 10.41}, {'t_us': 673934308, 'ax': -1.12, 'ay': -0.01, 'az': -0.29, 'gx': -2.31, 'gy': 192.69, 'gz': -5.88}]",2026-02-18 09:48:26,0.0
"[{'t_us': 673958810, 'ax': -2.0, 'ay': -0.16, 'az': -0.46, 'gx': 12.2, 'gy': 85.02, 'gz': -62.47}, {'t_us': 673974333, 'ax': -1.39, 'ay': -0.26, 'az': -0.32, 'gx': 2.76, 'gy': -75.25, 'gz': -22.02}, {'t_us': 673994321, 'ax': -0.74, 'ay': -0.23, 'az': -0.12, 'gx': -22.82, 'gy': -25.48, 'gz': -30.03}, {'t_us': 674014316, 'ax': -0.4, 'ay': -0.15, 'az': -0.13, 'gx': -40.73, 'gy': -51.16, 'gz': -22.44}, {'t_us': 674034296, 'ax': 0.02, 'ay': 0.12, 'az': 0.04, 'gx': -49.8, 'gy': -46.55, 'gz': 3.5}]",2026-02-18 09:48:26,0.0
"[{'t_us': 674059017, 'ax': 0.18, 'ay': 0.3, 'az': -0.03, 'gx': -79.82, 'gy': -27.62, 'gz': 8.79}, {'t_us': 674074323, 'ax': 0.29, 'ay': 0.32, 'az': -0.18, 'gx': -100.53, 'gy': -24.55, 'gz': 11.97}, {'t_us': 674094262, 'ax': 0.28, 'ay': 0.33, 'az': -0.26, 'gx': -115.77, 'gy': -27.4, 'gz': -0.73}, {'t_us': 674114291, 'ax': 0.32, 'ay': 0.03, 'az': -0.36, 'gx': -138.31, 'gy': -33.36, 'gz': -12.17}, {'t_us': 674134276, 'ax': -0.04, 'ay': -0.02, 'az': -0.02, 'gx': -127.65, 'gy': -17.4, 'gz': -16.58}]",2026-02-18 09:48:26,0.0
"[{'t_us': 674160628, 'ax': -0.77, 'ay': 0.17, 'az': -0.48, 'gx': -123.76, 'gy': 25.05, 'gz': -7.5}, {'t_us': 674174280, 'ax': -1.44, 'ay': 0.32, 'az': -0.55, 'gx': -104.99, 'gy': 63.22, 'gz': -28.15}, {'t_us': 674194321, 'ax': -2.0, 'ay': 0.39, 'az': -0.24, 'gx': -86.24, 'gy': 87.71, 'gz': -67.77}, {'t_us': 674214316, 'ax': -2.0, 'ay': -0.29, 'az': 0.05, 'gx': -82.99, 'gy': 53.11, 'gz': -26.69}, {'t_us': 674234255, 'ax': -2.0, 'ay': -0.18, 'az': -0.12, 'gx': -140.78, 'gy': -62.35, 'gz': 17.25}]",2026-02-18 09:48:26,0.0
"[{'t_us': 674260052, 'ax': -0.25, 'ay': 0.29, 'az': 0.19, 'gx': -169.69, 'gy': 7.69, 'gz': 37.45}, {'t_us': 674274300, 'ax': -1.98, 'ay': 0.46, 'az': -1.06, 'gx': -156.29, 'gy': 287.86, 'gz': 24.64}, {'t_us': 674294300, 'ax': -2.0, 'ay': 0.34, 'az': -0.36, 'gx': -154.73, 'gy': -34.9, 'gz': -23.01}, {'t_us': 674314321, 'ax': -0.78, 'ay': -0.01, 'az': -0.25, 'gx': -115.56, 'gy': -87.91, 'gz': -11.83}, {'t_us': 674334312, 'ax': -0.41, 'ay': -0.2, 'az': -0.55, 'gx': -61.6, 'gy': -47.01, 'gz': -6.61}]",2026-02-18 09:48:26,0.0
"[{'t_us': 674359213, 'ax': 0.03, 'ay': -0.24, 'az': -0.22, 'gx': -32.84, 'gy': -85.13, 'gz': -9.33}, {'t_us': 674374277, 'ax': 0.33, 'ay': -0.23, 'az': 0.01, 'gx': -31.83, 'gy': -67.01, 'gz': -9.02}, {'t_us': 674394270, 'ax': 0.56, 'ay': -0.23, 'az': -0.14, 'gx': -20.38, 'gy': -36.66, 'gz': -8.55}, {'t_us': 674414262, 'ax': 0.53, 'ay': -0.08, 'az': -0.2, 'gx': 1.56, 'gy': -30.67, 'gz': 2.93}, {'t_us': 674434271, 'ax': 0.16, 'ay': -0.08, 'az': -0.17, 'gx': -5.53, 'gy': -8.99, 'gz': 7.19}]",2026-02-18 09:48:26,0.0
"[{'t_us': 674458932, 'ax': -0.42, 'ay': -0.01, 'az': -0.13, 'gx': -27.66, 'gy': -17.92, 'gz': 10.31}, {'t_us': 674474330, 'ax': -1.19, 'ay': 0.04, 'az': -0.24, 'gx': -54.81, 'gy': 43.86, 'gz': -12.4}, {'t_us': 674494262, 'ax': -2.0, 'ay': 0.0, 'az': -0.55, 'gx': -61.68, 'gy': 180.73, 'gz': -5.73}, {'t_us': 674514271, 'ax': -2.0, 'ay': -0.41, 'az': -0.48, 'gx': -70.98, 'gy': 79.51, 'gz': 17.83}, {'t_us': 674534309, 'ax': -2.0, 'ay': -0.66, 'az': -0.58, 'gx': -71.27, 'gy': -143.4, 'gz': 2.38}]",2026-02-18 09:48:26,0.0
"[{'t_us': 674560464, 'ax': -1.27, 'ay': -0.08, 'az': -0.06, 'gx': 36.53, 'gy': 8.26, 'gz': 17.47}, {'t_us': 674574300, 'ax': -1.22, 'ay': -0.17, 'az': -0.38, 'gx': 97.98, 'gy': 102.2, 'gz': 8.18}, {'t_us': 674594262, 'ax': -2.0, 'ay': -0.01, 'az': -0.48, 'gx': 88.43, 'gy': 129.74, 'gz': -53.22}, {'t_us': 674614291, 'ax': -1.2, 'ay': -0.23, 'az': -0.5, 'gx': 57.92, 'gy': -122.92, 'gz': -36.24}, {'t_us': 674634296, 'ax': -0.55, 'ay': -0.37, 'az': -0.06, 'gx': 31.3, 'gy': -50.67, 'gz': -48.79}]",2026-02-18 09:48:26,0.0
"[{'t_us': 674659137, 'ax': 0.14, 'ay': 0.02, 'az': 0.15, 'gx': 2.66, 'gy': -28.72, 'gz': -22.56}, {'t_us': 674674312, 'ax': 0.1, 'ay': 0.23, 'az': 0.06, 'gx': -3.77, 'gy': -9.48, 'gz': -0.84}, {'t_us': 674694316, 'ax': 0.31, 'ay': 0.26, 'az': -0.01, 'gx': -19.48, 'gy': -15.91, 'gz': 14.26}, {'t_us': 674714312, 'ax': 0.35, 'ay': 0.27, 'az': -0.21, 'gx': -41.07, 'gy': -31.19, 'gz': 26.09}, {'t_us': 674734296, 'ax': 0.22, 'ay': 0.26, 'az': -0.32, 'gx': -38.05, 'gy': -28.4, 'gz': 22.08}]",2026-02-18 09:48:26,0.0
"[{'t_us': 674758760, 'ax': 0.21, 'ay': -0.06, 'az': -0.24, 'gx': -37.88, 'gy': -29.59, 'gz': 7.88}, {'t_us': 674774291, 'ax': -0.12, 'ay': -0.11, 'az': -0.13, 'gx': -30.46, 'gy': -8.81, 'gz': 8.47}, {'t_us': 674794312, 'ax': -0.54, 'ay': -0.16, 'az': -0.41, 'gx': -50.26, 'gy': 8.61, 'gz': 3.05}, {'t_us': 674814308, 'ax': -1.4, 'ay': 0.15, 'az': -0.54, 'gx': -41.85, 'gy': 30.69, 'gz': -0.44}, {'t_us': 674834269, 'ax': -2.0, 'ay': 0.55, 'az': -0.3, 'gx': -26.15, 'gy': 69.33, 'gz': -62.21}]",2026-02-18 09:48:27,0.0
"[{'t_us': 674860704, 'ax': -2.0, 'ay': 0.01, 'az': -0.13, 'gx': -42.43, 'gy': -19.24, 'gz': -22.23}, {'t_us': 674874281, 'ax': -2.0, 'ay': -0.35, 'az': -0.1, 'gx': -84.75, 'gy': -61.11, 'gz': 8.27}, {'t_us': 674894277, 'ax': -0.46, 'ay': -0.1, 'az': 0.73, 'gx': -117.5, 'gy': -84.0, 'gz': 33.3}, {'t_us': 674914303, 'ax': -1.81, 'ay': 0.12, 'az': -0.64, 'gx': -128.75, 'gy': 330.89, 'gz': 47.76}, {'t_us': 674934303, 'ax': -2.0, 'ay': 0.38, 'az': -0.58, 'gx': -138.67, 'gy': 36.17, 'gz': -29.71}]",2026-02-18 09:48:27,0.0
"[{'t_us': 674960531, 'ax': -1.1, 'ay': -0.06, 'az': -0.56, 'gx': -83.54, 'gy': -20.9, 'gz': -8.66}, {'t_us': 674974308, 'ax': -0.57, 'ay': -0.25, 'az': -0.67, 'gx': -52.6, 'gy': -63.76, 'gz': -1.79}, {'t_us': 674994313, 'ax': -0.14, 'ay': -0.22, 'az': -0.15, 'gx': -31.11, 'gy': -73.1, 'gz': -8.79}, {'t_us': 675014277, 'ax': 0.29, 'ay': -0.31, 'az': -0.1, 'gx': -19.89, 'gy': -75.44, 'gz': 1.24}, {'t_us': 675034308, 'ax': 0.53, 'ay': -0.23, 'az': -0.26, 'gx': 4.58, 'gy': -72.23, 'gz': 2.03}]",2026-02-18 09:48:27,0.0
"[{'t_us': 675060560, 'ax': 0.72, 'ay': -0.05, 'az': -0.3, 'gx': 42.49, 'gy': -52.03, 'gz': 7.54}, {'t_us': 675074338, 'ax': 0.48, 'ay': 0.02, 'az': -0.18, 'gx': 49.71, 'gy': -34.4, 'gz': 8.05}, {'t_us': 675094308, 'ax': 0.09, 'ay': -0.02, 'az': -0.04, 'gx': 50.0, 'gy': -14.0, 'gz': 7.8}, {'t_us': 675114288, 'ax': -0.5, 'ay': 0.01, 'az': 0.08, 'gx': 26.63, 'gy': -38.18, 'gz': 9.83}, {'t_us': 675134308, 'ax': -0.73, 'ay': 0.01, 'az': -0.5, 'gx': 14.4, 'gy': 49.6, 'gz': -6.56}]",2026-02-18 09:48:27,0.0
"[{'t_us': 675160447, 'ax': -1.73, 'ay': -0.34, 'az': -0.27, 'gx': -15.4, 'gy': 139.74, 'gz': -1.91}, {'t_us': 675174289, 'ax': -2.0, 'ay': -0.86, 'az': -0.21, 'gx': -10.96, 'gy': 82.09, 'gz': 21.8}, {'t_us': 675194316, 'ax': -2.0, 'ay': -0.84, 'az': -0.75, 'gx': -20.93, 'gy': -46.24, 'gz': 21.92}, {'t_us': 675214296, 'ax': -2.0, 'ay': -0.09, 'az': -0.03, 'gx': -10.61, 'gy': -151.79, 'gz': 35.18}, {'t_us': 675234312, 'ax': 0.05, 'ay': 0.2, 'az': 0.29, 'gx': 35.95, 'gy': -84.21, 'gz': 16.43}]",2026-02-18 09:48:27,0.0
"[{'t_us': 675258727, 'ax': -2.0, 'ay': 0.03, 'az': -0.11, 'gx': 131.92, 'gy': 191.74, 'gz': -97.82}, {'t_us': 675274262, 'ax': -1.89, 'ay': -0.68, 'az': -0.8, 'gx': 104.47, 'gy': 55.98, 'gz': -62.98}, {'t_us': 675294288, 'ax': -1.01, 'ay': -0.2, 'az': -0.15, 'gx': 90.0, 'gy': -64.15, 'gz': -16.53}, {'t_us': 675314316, 'ax': -0.86, 'ay': -0.23, 'az': -0.04, 'gx': 40.2, 'gy': -45.85, 'gz': -31.68}, {'t_us': 675334321, 'ax': -0.12, 'ay': 0.03, 'az': 0.07, 'gx': 6.47, 'gy': -60.67, 'gz': -21.13}]",2026-02-18 09:48:27,0.0
"[{'t_us': 675358958, 'ax': 0.17, 'ay': 0.37, 'az': 0.08, 'gx': -7.19, 'gy': -23.47, 'gz': 2.9}, {'t_us': 675375194, 'ax': 0.31, 'ay': 0.31, 'az': 0.23, 'gx': -19.95, 'gy': -32.35, 'gz': 13.53}, {'t_us': 675394271, 'ax': 0.6, 'ay': 0.23, 'az': -0.19, 'gx': -25.16, 'gy': -26.26, 'gz': 21.42}, {'t_us': 675414288, 'ax': 0.44, 'ay': 0.03, 'az': -0.18, 'gx': -29.3, 'gy': -12.23, 'gz': 9.66}, {'t_us': 675434300, 'ax': 0.24, 'ay': -0.06, 'az': -0.09, 'gx': -31.65, 'gy': 11.62, 'gz': -4.56}]",2026-02-18 09:48:27,0.0
"[{'t_us': 675458956, 'ax': -0.25, 'ay': -0.2, 'az': -0.22, 'gx': -30.49, 'gy': 22.12, 'gz': 1.51}, {'t_us': 675474319, 'ax': -0.46, 'ay': -0.29, 'az': -0.58, 'gx': -26.15, 'gy': 16.64, 'gz': -2.58}, {'t_us': 675494321, 'ax': -1.11, 'ay': -0.08, 'az': -0.7, 'gx': -20.66, 'gy': 44.82, 'gz': -3.39}, {'t_us': 675514281, 'ax': -2.0, 'ay': 0.13, 'az': -0.37, 'gx': -15.97, 'gy': 70.46, 'gz': -22.58}, {'t_us': 675534301, 'ax': -2.0, 'ay': 0.63, 'az': 0.01, 'gx': -37.39, 'gy': 37.92, 'gz': -23.57}]",2026-02-18 09:48:27,0.0
"[{'t_us': 675560405, 'ax': -2.0, 'ay': 0.4, 'az': -0.38, 'gx': -98.4, 'gy': -75.08, 'gz': 9.56}, {'t_us': 675574278, 'ax': -1.46, 'ay': 0.21, 'az': 0.35, 'gx': -121.22, 'gy': -179.86, 'gz': -2.02}, {'t_us': 675594291, 'ax': 0.13, 'ay': -0.44, 'az': 0.6, 'gx': -141.04, 'gy': 162.47, 'gz': 24.32}, {'t_us': 675614271, 'ax': -2.0, 'ay': 0.47, 'az': -0.87, 'gx': -126.76, 'gy': 196.08, 'gz': -20.9}, {'t_us': 675634281, 'ax': -1.7, 'ay': 0.16, 'az': -0.29, 'gx': -138.58, 'gy': 11.04, 'gz': -17.4}]",2026-02-18 09:48:27,0.0
"[{'t_us': 675660457, 'ax': -0.91, 'ay': -0.16, 'az': -0.5, 'gx': -107.02, 'gy': -44.72, 'gz': -2.89}, {'t_us': 675674304, 'ax': -0.6, 'ay': -0.01, 'az': -0.33, 'gx': -89.1, 'gy': -75.27, 'gz': 2.81}, {'t_us': 675694277, 'ax': -0.05, 'ay': -0.1, 'az': -0.24, 'gx': -60.02, 'gy': -73.5, 'gz': 3.65}, {'t_us': 675714255, 'ax': 0.31, 'ay': -0.18, 'az': -0.11, 'gx': -44.18, 'gy': -73.59, 'gz': 4.47}, {'t_us': 675734262, 'ax': 0.61, 'ay': -0.25, 'az': -0.38, 'gx': -18.72, 'gy': -59.95, 'gz': -4.12}]",2026-02-18 09:48:27,0.0
"[{'t_us': 675758872, 'ax': 0.57, 'ay': -0.16, 'az': -0.38, 'gx': 26.03, 'gy': -20.05, 'gz': -3.77}, {'t_us': 675774303, 'ax': 0.4, 'ay': -0.17, 'az': -0.1, 'gx': 25.97, 'gy': -26.75, 'gz': -0.4}, {'t_us': 675794303, 'ax': 0.06, 'ay': -0.09, 'az': -0.02, 'gx': 2.7, 'gy': -6.98, 'gz': 14.0}, {'t_us': 675814313, 'ax': -0.68, 'ay': -0.01, 'az': -0.14, 'gx': -12.53, 'gy': -72.55, 'gz': 7.39}, {'t_us': 675834281, 'ax': -0.75, 'ay': -0.06, 'az': -0.61, 'gx': 9.69, 'gy': 69.68, 'gz': -3.95}]",2026-02-18 09:48:28,0.0
"[{'t_us': 675861009, 'ax': -2.0, 'ay': -0.54, 'az': -0.16, 'gx': 22.14, 'gy': 107.98, 'gz': 12.06}, {'t_us': 675874262, 'ax': -2.0, 'ay': -0.75, 'az': 0.02, 'gx': 2.96, 'gy': 86.11, 'gz': 12.7}, {'t_us': 675894271, 'ax': -2.0, 'ay': -0.43, 'az': -0.43, 'gx': -46.61, 'gy': -72.92, 'gz': 31.15}, {'t_us': 675914312, 'ax': -1.76, 'ay': 0.31, 'az': 0.33, 'gx': -33.22, 'gy': -71.95, 'gz': 12.81}, {'t_us': 675934304, 'ax': -0.1, 'ay': 0.21, 'az': 0.01, 'gx': 32.12, 'gy': 66.02, 'gz': -5.74}]",2026-02-18 09:48:28,0.0
"[{'t_us': 675960673, 'ax': -2.0, 'ay': -0.14, 'az': -0.49, 'gx': 82.2, 'gy': 88.72, 'gz': -87.8}, {'t_us': 675974308, 'ax': -1.48, 'ay': -0.58, 'az': -0.78, 'gx': 64.55, 'gy': -57.3, 'gz': -18.73}, {'t_us': 675994303, 'ax': -0.94, 'ay': -0.17, 'az': -0.11, 'gx': 35.63, 'gy': -75.8, 'gz': -28.38}, {'t_us': 676014281, 'ax': -0.57, 'ay': -0.19, 'az': 0.0, 'gx': -0.98, 'gy': -79.98, 'gz': -42.6}, {'t_us': 676034299, 'ax': 0.0, 'ay': 0.09, 'az': 0.19, 'gx': -31.92, 'gy': -54.43, 'gz': -22.87}]",2026-02-18 09:48:28,0.0
"[{'t_us': 676060387, 'ax': 0.37, 'ay': 0.36, 'az': -0.01, 'gx': -39.71, 'gy': -48.72, 'gz': -7.79}, {'t_us': 676074312, 'ax': 0.46, 'ay': 0.26, 'az': -0.16, 'gx': -45.66, 'gy': -32.52, 'gz': 0.34}, {'t_us': 676094262, 'ax': 0.59, 'ay': 0.29, 'az': -0.27, 'gx': -60.95, 'gy': -18.29, 'gz': 3.92}, {'t_us': 676114281, 'ax': 0.37, 'ay': 0.03, 'az': -0.24, 'gx': -55.74, 'gy': 9.74, 'gz': -11.28}, {'t_us': 676134291, 'ax': 0.1, 'ay': -0.13, 'az': -0.2, 'gx': -51.74, 'gy': 36.21, 'gz': -4.0}]",2026-02-18 09:48:28,0.0
"[{'t_us': 676159123, 'ax': -0.54, 'ay': -0.18, 'az': -0.33, 'gx': -57.54, 'gy': 2.23, 'gz': -16.27}, {'t_us': 676174255, 'ax': -0.77, 'ay': 0.01, 'az': -0.4, 'gx': -72.84, 'gy': -2.79, 'gz': -19.71}, {'t_us': 676194262, 'ax': -1.6, 'ay': 0.31, 'az': -0.49, 'gx': -76.06, 'gy': 22.69, 'gz': -23.56}, {'t_us': 676214271, 'ax': -2.0, 'ay': 0.82, 'az': -0.13, 'gx': -57.77, 'gy': 71.1, 'gz': -60.7}, {'t_us': 676234303, 'ax': -2.0, 'ay': 0.25, 'az': -0.25, 'gx': -131.45, 'gy': -47.59, 'gz': -18.56}]",2026-02-18 09:48:28,0.0
"[{'t_us': 676258642, 'ax': -1.12, 'ay': -0.51, 'az': 0.43, 'gx': -142.98, 'gy': -196.55, 'gz': 26.67}, {'t_us': 676274623, 'ax': 0.31, 'ay': -0.58, 'az': 0.69, 'gx': -137.85, 'gy': 83.97, 'gz': 51.53}, {'t_us': 676294296, 'ax': -2.0, 'ay': 0.39, 'az': -0.6, 'gx': -143.94, 'gy': 311.45, 'gz': 8.82}, {'t_us': 676314321, 'ax': -2.0, 'ay': 0.69, 'az': -0.92, 'gx': -160.46, 'gy': 9.77, 'gz': -38.4}, {'t_us': 676334277, 'ax': -1.14, 'ay': -0.01, 'az': -1.28, 'gx': -103.44, 'gy': -63.51, 'gz': -47.97}]",2026-02-18 09:48:28,0.0
"[{'t_us': 676360418, 'ax': -0.58, 'ay': -0.0, 'az': -0.24, 'gx': -54.73, 'gy': -149.57, 'gz': -17.66}, {'t_us': 676374255, 'ax': 0.14, 'ay': -0.0, 'az': 0.07, 'gx': -49.71, 'gy': -119.88, 'gz': -12.79}, {'t_us': 676394308, 'ax': 0.47, 'ay': -0.2, 'az': 0.35, 'gx': -63.36, 'gy': -70.64, 'gz': 12.6}, {'t_us': 676414303, 'ax': 0.66, 'ay': -0.21, 'az': -0.08, 'gx': -73.65, 'gy': -49.16, 'gz': 15.22}, {'t_us': 676434262, 'ax': 0.76, 'ay': -0.09, 'az': -0.72, 'gx': -37.56, 'gy': -81.25, 'gz': 11.11}]",2026-02-18 09:48:28,0.0
"[{'t_us': 676459099, 'ax': 0.71, 'ay': -0.12, 'az': -0.29, 'gx': -14.93, 'gy': -89.13, 'gz': 23.16}, {'t_us': 676474262, 'ax': 0.35, 'ay': -0.09, 'az': 0.04, 'gx': -27.5, 'gy': -49.31, 'gz': 28.84}, {'t_us': 676494255, 'ax': -0.71, 'ay': 0.01, 'az': 0.37, 'gx': -63.73, 'gy': -75.51, 'gz': 13.89}, {'t_us': 676514321, 'ax': -0.53, 'ay': 0.2, 'az': -0.43, 'gx': -37.76, 'gy': 130.76, 'gz': -12.5}, {'t_us': 676534281, 'ax': -1.2, 'ay': -0.01, 'az': -0.13, 'gx': -28.85, 'gy': 104.11, 'gz': -22.64}]",2026-02-18 09:48:28,0.0
"[{'t_us': 676560890, 'ax': -2.0, 'ay': -0.87, 'az': -0.03, 'gx': -37.44, 'gy': 172.53, 'gz': -1.57}, {'t_us': 676574303, 'ax': -2.0, 'ay': -1.1, 'az': -0.68, 'gx': -57.24, 'gy': 194.73, 'gz': 4.35}, {'t_us': 676594300, 'ax': -2.0, 'ay': -0.34, 'az': -0.64, 'gx': -71.95, 'gy': -115.88, 'gz': 20.18}, {'t_us': 676614300, 'ax': -1.08, 'ay': 0.44, 'az': 1.08, 'gx': -61.42, 'gy': -270.12, 'gz': 60.66}, {'t_us': 676634296, 'ax': 0.19, 'ay': 0.64, 'az': 0.34, 'gx': -35.4, 'gy': 97.16, 'gz': 21.39}]",2026-02-18 09:48:28,0.0
"[{'t_us': 676660635, 'ax': -2.0, 'ay': 0.2, 'az': -0.64, 'gx': 30.66, 'gy': -7.05, 'gz': -124.87}, {'t_us': 676674300, 'ax': -1.16, 'ay': -0.49, 'az': -0.09, 'gx': 20.78, 'gy': -19.56, 'gz': -59.97}, {'t_us': 676694303, 'ax': -1.2, 'ay': -0.21, 'az': -0.01, 'gx': -8.02, 'gy': -35.25, 'gz': -35.16}, {'t_us': 676714303, 'ax': -0.47, 'ay': -0.33, 'az': -0.25, 'gx': -34.23, 'gy': -62.17, 'gz': -45.33}, {'t_us': 676734260, 'ax': -0.11, 'ay': 0.03, 'az': -0.12, 'gx': -59.1, 'gy': -81.05, 'gz': -11.28}]",2026-02-18 09:48:28,0.0
"[{'t_us': 676759140, 'ax': 0.31, 'ay': 0.22, 'az': 0.14, 'gx': -76.23, 'gy': -37.91, 'gz': 1.08}, {'t_us': 676774631, 'ax': 0.43, 'ay': 0.21, 'az': -0.05, 'gx': -89.04, 'gy': -14.44, 'gz': 13.89}, {'t_us': 676794300, 'ax': 0.33, 'ay': 0.17, 'az': -0.29, 'gx': -96.82, 'gy': -5.18, 'gz': 7.83}, {'t_us': 676814321, 'ax': 0.29, 'ay': -0.0, 'az': -0.24, 'gx': -94.66, 'gy': -19.3, 'gz': -4.21}, {'t_us': 676834277, 'ax': 0.16, 'ay': -0.12, 'az': -0.21, 'gx': -82.9, 'gy': 17.51, 'gz': -11.28}]",2026-02-18 09:48:29,0.0
"[{'t_us': 676859394, 'ax': -0.54, 'ay': -0.08, 'az': -0.15, 'gx': -87.76, 'gy': -2.35, 'gz': -5.65}, {'t_us': 676874308, 'ax': -0.98, 'ay': -0.02, 'az': -0.48, 'gx': -81.73, 'gy': -51.36, 'gz': -6.73}, {'t_us': 676896661, 'ax': -2.0, 'ay': 0.18, 'az': -0.25, 'gx': -74.89, 'gy': -3.3, 'gz': -39.47}, {'t_us': 676914312, 'ax': -2.0, 'ay': 0.11, 'az': -0.18, 'gx': -51.1, 'gy': 114.29, 'gz': -37.62}, {'t_us': 676934300, 'ax': -2.0, 'ay': 0.22, 'az': -0.15, 'gx': -93.21, 'gy': 21.57, 'gz': 9.51}]",2026-02-18 09:48:29,0.0
"[{'t_us': 676958998, 'ax': -1.33, 'ay': -0.02, 'az': 0.44, 'gx': -141.85, 'gy': -227.57, 'gz': 7.15}, {'t_us': 676974291, 'ax': -0.01, 'ay': -0.11, 'az': 0.33, 'gx': -140.24, 'gy': 48.96, 'gz': 39.39}, {'t_us': 676994300, 'ax': -2.0, 'ay': 0.25, 'az': -0.47, 'gx': -122.67, 'gy': 243.5, 'gz': 15.69}, {'t_us': 677014321, 'ax': -1.85, 'ay': 0.45, 'az': -0.19, 'gx': -169.71, 'gy': -1.25, 'gz': -13.89}, {'t_us': 677034281, 'ax': -1.13, 'ay': 0.18, 'az': -0.37, 'gx': -162.79, 'gy': -50.0, 'gz': -23.5}]",2026-02-18 09:48:29,0.0
"[{'t_us': 677060623, 'ax': -0.41, 'ay': 0.25, 'az': -0.4, 'gx': -131.37, 'gy': -67.5, 'gz': -22.43}, {'t_us': 677074255, 'ax': -0.02, 'ay': 0.01, 'az': -0.89, 'gx': -98.98, 'gy': -116.89, 'gz': -13.18}, {'t_us': 677094255, 'ax': 0.7, 'ay': -0.35, 'az': -0.33, 'gx': -24.29, 'gy': -144.32, 'gz': 10.24}, {'t_us': 677114288, 'ax': 1.27, 'ay': -0.29, 'az': 0.28, 'gx': -14.17, 'gy': -66.02, 'gz': 21.85}, {'t_us': 677134296, 'ax': 0.63, 'ay': -0.04, 'az': -0.09, 'gx': -25.71, 'gy': 34.92, 'gz': 9.01}]",2026-02-18 09:48:29,0.0
"[{'t_us': 677159491, 'ax': -0.06, 'ay': 0.04, 'az': -0.17, 'gx': -36.76, 'gy': 64.9, 'gz': -14.4}, {'t_us': 677174316, 'ax': -0.43, 'ay': -0.03, 'az': -0.24, 'gx': -44.31, 'gy': 31.18, 'gz': -14.5}, {'t_us': 677194277, 'ax': -0.91, 'ay': -0.04, 'az': -0.1, 'gx': -65.4, 'gy': -72.76, 'gz': -17.73}, {'t_us': 677214281, 'ax': -0.85, 'ay': -0.02, 'az': -0.52, 'gx': -60.15, 'gy': 61.19, 'gz': -15.6}, {'t_us': 677234312, 'ax': -1.72, 'ay': -0.36, 'az': -0.35, 'gx': -55.33, 'gy': 89.42, 'gz': -5.65}]",2026-02-18 09:48:29,0.0
"[{'t_us': 677260591, 'ax': -2.0, 'ay': -0.94, 'az': -0.46, 'gx': -69.85, 'gy': 71.02, 'gz': 12.81}, {'t_us': 677274277, 'ax': -2.0, 'ay': -0.81, 'az': -0.68, 'gx': -70.99, 'gy': -29.63, 'gz': 20.72}, {'t_us': 677294281, 'ax': -1.89, 'ay': -0.22, 'az': 0.15, 'gx': -45.48, 'gy': -134.6, 'gz': 28.99}, {'t_us': 677314308, 'ax': -0.29, 'ay': 0.18, 'az': 0.38, 'gx': 12.26, 'gy': -12.63, 'gz': 17.01}, {'t_us': 677334320, 'ax': -2.0, 'ay': 0.0, 'az': -0.65, 'gx': 97.34, 'gy': 249.45, 'gz': -85.89}]",2026-02-18 09:48:29,0.0
"[{'t_us': 677361166, 'ax': -1.35, 'ay': -0.1, 'az': -0.38, 'gx': 59.16, 'gy': -25.13, 'gz': -28.05}, {'t_us': 677374320, 'ax': -1.11, 'ay': -0.01, 'az': -0.09, 'gx': 45.85, 'gy': -56.61, 'gz': -36.66}, {'t_us': 677394316, 'ax': -0.45, 'ay': -0.17, 'az': 0.17, 'gx': 2.81, 'gy': -52.08, 'gz': -38.2}, {'t_us': 677414277, 'ax': 0.01, 'ay': 0.1, 'az': 0.14, 'gx': -38.58, 'gy': -36.53, 'gz': -1.34}, {'t_us': 677434300, 'ax': 0.26, 'ay': 0.3, 'az': 0.1, 'gx': -47.37, 'gy': -28.37, 'gz': 12.69}]",2026-02-18 09:48:29,0.0
"[{'t_us': 677460612, 'ax': 0.25, 'ay': 0.14, 'az': -0.27, 'gx': -58.72, 'gy': 22.15, 'gz': 19.01}, {'t_us': 677476041, 'ax': 0.28, 'ay': 0.09, 'az': -0.51, 'gx': -55.21, 'gy': 3.74, 'gz': 19.63}, {'t_us': 677494321, 'ax': 0.34, 'ay': -0.11, 'az': -0.3, 'gx': -65.21, 'gy': -32.85, 'gz': 10.24}, {'t_us': 677514281, 'ax': 0.06, 'ay': -0.03, 'az': 0.08, 'gx': -51.5, 'gy': -17.13, 'gz': 20.38}, {'t_us': 677534317, 'ax': -0.65, 'ay': -0.2, 'az': -0.18, 'gx': -51.83, 'gy': 11.08, 'gz': 3.91}]",2026-02-18 09:48:29,0.0
"[{'t_us': 677560964, 'ax': -1.16, 'ay': 0.26, 'az': -0.35, 'gx': -80.35, 'gy': -7.54, 'gz': -9.76}, {'t_us': 677574308, 'ax': -2.0, 'ay': 0.54, 'az': -0.29, 'gx': -88.12, 'gy': 32.17, 'gz': -26.09}, {'t_us': 677594303, 'ax': -2.0, 'ay': 0.87, 'az': -0.52, 'gx': -80.67, 'gy': 40.03, 'gz': -57.15}, {'t_us': 677614262, 'ax': -2.0, 'ay': -0.1, 'az': -0.26, 'gx': -89.05, 'gy': -23.59, 'gz': -36.46}, {'t_us': 677634308, 'ax': -1.7, 'ay': -0.35, 'az': -0.07, 'gx': -125.1, 'gy': -124.61, 'gz': 11.83}]",2026-02-18 09:48:29,0.0
"[{'t_us': 677660823, 'ax': -1.49, 'ay': 0.08, 'az': 0.05, 'gx': -165.54, 'gy': 200.63, 'gz': 20.15}, {'t_us': 677674312, 'ax': -2.0, 'ay': 0.42, 'az': -0.41, 'gx': -178.14, 'gy': 164.37, 'gz': -29.1}, {'t_us': 677694308, 'ax': -1.71, 'ay': 0.43, 'az': -0.39, 'gx': -184.5, 'gy': 35.25, 'gz': -38.34}, {'t_us': 677714277, 'ax': -0.72, 'ay': 0.03, 'az': -0.81, 'gx': -132.38, 'gy': -49.1, 'gz': -23.18}, {'t_us': 677734315, 'ax': -0.24, 'ay': -0.35, 'az': -0.48, 'gx': -81.24, 'gy': -81.21, 'gz': 2.64}]",2026-02-18 09:48:29,0.0
"[{'t_us': 677761064, 'ax': 0.26, 'ay': -0.37, 'az': -0.13, 'gx': -49.69, 'gy': -127.74, 'gz': 30.11}, {'t_us': 677774586, 'ax': 0.45, 'ay': -0.31, 'az': 0.01, 'gx': -36.66, 'gy': -122.89, 'gz': 39.25}, {'t_us': 677794312, 'ax': 0.64, 'ay': -0.15, 'az': -0.14, 'gx': -26.78, 'gy': -93.65, 'gz': 30.35}, {'t_us': 677814277, 'ax': 0.66, 'ay': -0.08, 'az': -0.33, 'gx': 4.27, 'gy': -46.15, 'gz': 15.39}, {'t_us': 677834255, 'ax': 0.22, 'ay': -0.11, 'az': -0.12, 'gx': 18.46, 'gy': 6.43, 'gz': 2.69}]",2026-02-18 09:48:30,0.0
"[{'t_us': 677859559, 'ax': -0.43, 'ay': -0.07, 'az': 0.06, 'gx': 3.42, 'gy': 3.5, 'gz': -8.99}, {'t_us': 677874255, 'ax': -0.75, 'ay': -0.05, 'az': -0.1, 'gx': -8.44, 'gy': -26.44, 'gz': -19.74}, {'t_us': 677894255, 'ax': -1.05, 'ay': 0.04, 'az': -0.45, 'gx': -18.11, 'gy': 94.29, 'gz': -30.67}, {'t_us': 677914321, 'ax': -2.0, 'ay': -0.26, 'az': -0.61, 'gx': -13.53, 'gy': 166.32, 'gz': -5.6}, {'t_us': 677934291, 'ax': -2.0, 'ay': -0.93, 'az': -0.26, 'gx': -36.32, 'gy': 86.46, 'gz': 0.89}]",2026-02-18 09:48:30,0.0
"[{'t_us': 677960183, 'ax': -1.52, 'ay': -0.57, 'az': -0.18, 'gx': -49.5, 'gy': -196.78, 'gz': 43.22}, {'t_us': 677974255, 'ax': -1.28, 'ay': 0.06, 'az': 0.06, 'gx': -3.98, 'gy': -72.69, 'gz': 45.97}, {'t_us': 677994262, 'ax': -1.36, 'ay': 0.54, 'az': -0.28, 'gx': 84.29, 'gy': 182.41, 'gz': -11.65}, {'t_us': 678014291, 'ax': -2.0, 'ay': 0.06, 'az': -0.0, 'gx': 69.19, 'gy': 67.53, 'gz': -57.8}, {'t_us': 678034321, 'ax': -1.4, 'ay': 0.13, 'az': -0.37, 'gx': 30.43, 'gy': -74.06, 'gz': -14.63}]",2026-02-18 09:48:30,0.0
"[{'t_us': 678059599, 'ax': -0.47, 'ay': -0.32, 'az': -0.03, 'gx': -16.64, 'gy': -74.32, 'gz': -28.26}, {'t_us': 678074288, 'ax': -0.06, 'ay': -0.11, 'az': 0.09, 'gx': -34.69, 'gy': -40.34, 'gz': -17.6}, {'t_us': 678094288, 'ax': 0.3, 'ay': 0.33, 'az': 0.18, 'gx': -58.6, 'gy': -4.26, 'gz': 10.06}, {'t_us': 678114308, 'ax': 0.46, 'ay': 0.23, 'az': 0.05, 'gx': -74.98, 'gy': 9.21, 'gz': 24.61}, {'t_us': 678134288, 'ax': 0.53, 'ay': 0.17, 'az': -0.32, 'gx': -82.98, 'gy': -37.56, 'gz': 30.95}]",2026-02-18 09:48:30,0.0
"[{'t_us': 678160170, 'ax': 0.36, 'ay': -0.12, 'az': -0.27, 'gx': -66.93, 'gy': -14.29, 'gz': 1.59}, {'t_us': 678174265, 'ax': 0.3, 'ay': -0.22, 'az': -0.21, 'gx': -56.29, 'gy': 26.98, 'gz': -12.84}, {'t_us': 678194277, 'ax': -0.13, 'ay': -0.33, 'az': -0.08, 'gx': -56.5, 'gy': 52.76, 'gz': -12.64}, {'t_us': 678214303, 'ax': -0.63, 'ay': -0.21, 'az': -0.17, 'gx': -78.85, 'gy': 25.27, 'gz': -4.9}, {'t_us': 678234271, 'ax': -1.11, 'ay': 0.11, 'az': -0.5, 'gx': -93.27, 'gy': 3.92, 'gz': 5.44}]",2026-02-18 09:48:30,0.0
"[{'t_us': 678258910, 'ax': -2.0, 'ay': 0.49, 'az': -0.17, 'gx': -70.43, 'gy': 73.97, 'gz': -8.92}, {'t_us': 678274321, 'ax': -2.0, 'ay': 0.56, 'az': -0.18, 'gx': -70.43, 'gy': 47.05, 'gz': -3.05}, {'t_us': 678294316, 'ax': -2.0, 'ay': 0.24, 'az': -0.37, 'gx': -125.98, 'gy': -51.34, 'gz': -10.5}, {'t_us': 678314277, 'ax': -1.52, 'ay': 0.06, 'az': 0.25, 'gx': -140.14, 'gy': -194.03, 'gz': -11.07}, {'t_us': 678334321, 'ax': 0.54, 'ay': -0.32, 'az': 0.82, 'gx': -182.95, 'gy': 195.89, 'gz': 44.9}]",2026-02-18 09:48:30,0.0
"[{'t_us': 678360690, 'ax': -2.0, 'ay': 0.6, 'az': -0.91, 'gx': -144.05, 'gy': -59.16, 'gz': -49.27}, {'t_us': 678374309, 'ax': -1.27, 'ay': 0.16, 'az': -0.56, 'gx': -127.54, 'gy': -51.8, 'gz': -35.45}, {'t_us': 678394303, 'ax': -0.57, 'ay': -0.4, 'az': -0.62, 'gx': -67.98, 'gy': -99.15, 'gz': -4.63}, {'t_us': 678414303, 'ax': -0.24, 'ay': -0.12, 'az': -0.04, 'gx': -59.68, 'gy': -86.24, 'gz': -3.54}, {'t_us': 678434262, 'ax': 0.23, 'ay': 0.05, 'az': 0.26, 'gx': -81.34, 'gy': -72.96, 'gz': -16.79}]",2026-02-18 09:48:30,
"[{'t_us': 678460185, 'ax': 0.78, 'ay': -0.17, 'az': -0.37, 'gx': -64.58, 'gy': -62.79, 'gz': -20.35}, {'t_us': 678474277, 'ax': 0.85, 'ay': -0.19, 'az': -0.56, 'gx': -23.95, 'gy': -56.96, 'gz': -6.56}, {'t_us': 678494333, 'ax': 1.3, 'ay': 0.02, 'az': -0.78, 'gx': 55.51, 'gy': 22.81, 'gz': 77.5}, {'t_us': 678514316, 'ax': -0.15, 'ay': -0.03, 'az': -0.16, 'gx': 82.76, 'gy': 115.62, 'gz': 103.6}, {'t_us': 678534277, 'ax': -1.89, 'ay': -0.23, 'az': -0.37, 'gx': 84.58, 'gy': -58.21, 'gz': 57.56}]",2026-02-18 09:48:30,0.0
"[{'t_us': 678558777, 'ax': -1.14, 'ay': 0.02, 'az': 0.17, 'gx': -42.37, 'gy': 19.65, 'gz': -58.76}, {'t_us': 678574262, 'ax': -1.76, 'ay': -0.08, 'az': -0.44, 'gx': -41.39, 'gy': 62.72, 'gz': -61.19}, {'t_us': 678594291, 'ax': -2.0, 'ay': -0.17, 'az': -0.18, 'gx': -90.5, 'gy': 178.79, 'gz': -40.44}, {'t_us': 678614321, 'ax': -2.0, 'ay': -0.36, 'az': -0.81, 'gx': -105.79, 'gy': 24.63, 'gz': -25.76}, {'t_us': 678634255, 'ax': -1.64, 'ay': -0.06, 'az': -0.38, 'gx': -81.65, 'gy': -139.28, 'gz': 18.26}]",2026-02-18 09:48:30,0.0
"[{'t_us': 678660948, 'ax': -0.72, 'ay': 0.17, 'az': -0.1, 'gx': -16.44, 'gy': 30.81, 'gz': -4.78}, {'t_us': 678676974, 'ax': -2.0, 'ay': 0.34, 'az': -0.28, 'gx': 47.65, 'gy': 158.27, 'gz': -58.46}, {'t_us': 678694321, 'ax': -1.99, 'ay': -0.28, 'az': -0.54, 'gx': 38.32, 'gy': 102.32, 'gz': -71.53}, {'t_us': 678714281, 'ax': -1.29, 'ay': -0.24, 'az': -0.16, 'gx': 19.89, 'gy': -42.93, 'gz': -41.01}, {'t_us': 678734304, 'ax': -0.54, 'ay': -0.33, 'az': 0.09, 'gx': -16.15, 'gy': -49.77, 'gz': -31.21}]",2026-02-18 09:48:30,0.0
"[{'t_us': 678758881, 'ax': -0.16, 'ay': -0.03, 'az': -0.0, 'gx': -40.69, 'gy': -42.24, 'gz': -16.92}, {'t_us': 678774281, 'ax': 0.09, 'ay': 0.13, 'az': 0.02, 'gx': -46.72, 'gy': -34.09, 'gz': -4.61}, {'t_us': 678794296, 'ax': 0.41, 'ay': 0.16, 'az': -0.07, 'gx': -53.97, 'gy': -9.4, 'gz': 10.85}, {'t_us': 678814321, 'ax': 0.44, 'ay': 0.17, 'az': -0.15, 'gx': -75.63, 'gy': -1.59, 'gz': 14.46}, {'t_us': 678834262, 'ax': 0.31, 'ay': -0.01, 'az': -0.21, 'gx': -48.4, 'gy': -36.85, 'gz': 21.98}]",2026-02-18 09:48:31,0.0
"[{'t_us': 678858960, 'ax': 0.22, 'ay': -0.15, 'az': -0.11, 'gx': -42.17, 'gy': -12.11, 'gz': 10.93}, {'t_us': 678874288, 'ax': 0.01, 'ay': -0.15, 'az': -0.09, 'gx': -41.25, 'gy': 5.94, 'gz': 3.16}, {'t_us': 678894300, 'ax': -0.35, 'ay': -0.13, 'az': -0.48, 'gx': -52.14, 'gy': 36.38, 'gz': -3.28}, {'t_us': 678914321, 'ax': -1.08, 'ay': 0.15, 'az': -0.51, 'gx': -58.41, 'gy': 40.34, 'gz': -10.53}, {'t_us': 678934300, 'ax': -2.0, 'ay': 0.56, 'az': -0.39, 'gx': -58.56, 'gy': 93.97, 'gz': -40.24}]",2026-02-18 09:48:31,0.0
"[{'t_us': 678958980, 'ax': -2.0, 'ay': 0.3, 'az': -0.4, 'gx': -57.62, 'gy': -9.4, 'gz': -35.77}, {'t_us': 678974255, 'ax': -2.0, 'ay': -0.16, 'az': -0.18, 'gx': -103.5, 'gy': -88.53, 'gz': -11.68}, {'t_us': 678994262, 'ax': -1.19, 'ay': -0.16, 'az': 0.11, 'gx': -135.56, 'gy': -158.14, 'gz': 22.44}, {'t_us': 679014300, 'ax': -0.76, 'ay': -0.24, 'az': 0.09, 'gx': -141.73, 'gy': 135.88, 'gz': 56.96}, {'t_us': 679034308, 'ax': -2.0, 'ay': 0.3, 'az': -0.06, 'gx': -134.15, 'gy': 99.39, 'gz': -3.63}]",2026-02-18 09:48:31,0.0
"[{'t_us': 679060816, 'ax': -1.34, 'ay': -0.05, 'az': -0.76, 'gx': -102.87, 'gy': -57.4, 'gz': -12.93}, {'t_us': 679074308, 'ax': -0.83, 'ay': -0.18, 'az': -0.65, 'gx': -63.74, 'gy': -74.63, 'gz': -8.73}, {'t_us': 679094271, 'ax': -0.3, 'ay': -0.19, 'az': -0.28, 'gx': -43.22, 'gy': -80.76, 'gz': -2.15}, {'t_us': 679114296, 'ax': 0.12, 'ay': -0.12, 'az': -0.13, 'gx': -29.66, 'gy': -84.84, 'gz': 5.34}, {'t_us': 679134277, 'ax': 0.54, 'ay': -0.11, 'az': 0.03, 'gx': -21.42, 'gy': -68.81, 'gz': -0.06}]",2026-02-18 09:48:31,0.0
"[{'t_us': 679159162, 'ax': 0.68, 'ay': -0.18, 'az': -0.52, 'gx': 24.11, 'gy': -34.35, 'gz': -8.56}, {'t_us': 679174321, 'ax': 0.49, 'ay': -0.06, 'az': -0.28, 'gx': 41.34, 'gy': -7.07, 'gz': -13.45}, {'t_us': 679194274, 'ax': 0.32, 'ay': -0.09, 'az': -0.06, 'gx': 29.05, 'gy': -6.79, 'gz': -6.98}, {'t_us': 679214281, 'ax': -0.19, 'ay': 0.04, 'az': 0.01, 'gx': -1.91, 'gy': 9.95, 'gz': 7.18}, {'t_us': 679234315, 'ax': -0.99, 'ay': -0.08, 'az': -0.42, 'gx': -23.31, 'gy': -50.79, 'gz': -7.86}]",2026-02-18 09:48:31,0.0
"[{'t_us': 679258880, 'ax': -1.29, 'ay': 0.02, 'az': -0.76, 'gx': 1.82, 'gy': 206.05, 'gz': 0.12}, {'t_us': 679274255, 'ax': -2.0, 'ay': -0.93, 'az': -0.56, 'gx': 6.84, 'gy': 168.56, 'gz': 28.61}, {'t_us': 679294274, 'ax': -2.0, 'ay': -1.27, 'az': -0.9, 'gx': -5.25, 'gy': 22.41, 'gz': 41.71}, {'t_us': 679314308, 'ax': -1.88, 'ay': -0.23, 'az': -0.39, 'gx': -11.94, 'gy': -205.57, 'gz': 71.63}, {'t_us': 679334262, 'ax': -0.76, 'ay': 0.64, 'az': 0.61, 'gx': 14.52, 'gy': -197.1, 'gz': 25.77}]",2026-02-18 09:48:31,0.0
"[{'t_us': 679360419, 'ax': -2.0, 'ay': 0.71, 'az': -0.75, 'gx': 129.02, 'gy': 340.37, 'gz': -77.54}, {'t_us': 679374300, 'ax': -2.0, 'ay': 0.37, 'az': -0.04, 'gx': 94.95, 'gy': 103.57, 'gz': -109.05}, {'t_us': 679394277, 'ax': -1.52, 'ay': -0.17, 'az': -0.15, 'gx': 76.31, 'gy': 19.07, 'gz': -55.68}, {'t_us': 679414303, 'ax': -1.0, 'ay': -0.42, 'az': 0.05, 'gx': 27.88, 'gy': -58.24, 'gz': -35.27}, {'t_us': 679434299, 'ax': -0.39, 'ay': -0.28, 'az': -0.08, 'gx': -13.54, 'gy': -56.72, 'gz': -27.79}]",2026-02-18 09:48:31,0.0
"[{'t_us': 679459207, 'ax': 0.05, 'ay': 0.04, 'az': -0.08, 'gx': -29.51, 'gy': -45.01, 'gz': 10.12}, {'t_us': 679474281, 'ax': 0.2, 'ay': 0.14, 'az': -0.03, 'gx': -26.46, 'gy': -24.9, 'gz': 20.64}, {'t_us': 679494304, 'ax': 0.28, 'ay': 0.11, 'az': -0.18, 'gx': -30.41, 'gy': -19.51, 'gz': 24.98}, {'t_us': 679514262, 'ax': 0.38, 'ay': 0.11, 'az': -0.21, 'gx': -35.66, 'gy': -21.65, 'gz': 17.69}, {'t_us': 679534291, 'ax': 0.34, 'ay': 0.03, 'az': -0.12, 'gx': -30.41, 'gy': -11.53, 'gz': 5.25}]",2026-02-18 09:48:31,0.0
"[{'t_us': 679559881, 'ax': 0.16, 'ay': -0.14, 'az': -0.07, 'gx': -29.42, 'gy': -3.42, 'gz': -4.81}, {'t_us': 679574308, 'ax': -0.35, 'ay': -0.02, 'az': 0.01, 'gx': -38.14, 'gy': -10.32, 'gz': -7.88}, {'t_us': 679594262, 'ax': -0.46, 'ay': -0.12, 'az': -1.05, 'gx': -44.0, 'gy': 72.75, 'gz': -17.27}, {'t_us': 679614271, 'ax': -2.0, 'ay': 0.37, 'az': -0.49, 'gx': -28.31, 'gy': 76.23, 'gz': -43.01}, {'t_us': 679634300, 'ax': -2.0, 'ay': 1.02, 'az': -0.38, 'gx': -32.44, 'gy': -15.4, 'gz': -58.11}]",2026-02-18 09:48:31,0.0
"[{'t_us': 679658880, 'ax': -2.0, 'ay': -0.32, 'az': -0.01, 'gx': -110.52, 'gy': -146.31, 'gz': 10.55}, {'t_us': 679674277, 'ax': -1.23, 'ay': 0.09, 'az': 0.39, 'gx': -131.89, 'gy': -102.31, 'gz': 16.47}, {'t_us': 679694281, 'ax': -0.81, 'ay': 0.07, 'az': 0.38, 'gx': -166.43, 'gy': 132.95, 'gz': 22.29}, {'t_us': 679714271, 'ax': -2.0, 'ay': 0.53, 'az': -0.06, 'gx': -187.71, 'gy': 120.08, 'gz': -31.6}, {'t_us': 679734262, 'ax': -2.0, 'ay': 0.3, 'az': -0.7, 'gx': -167.08, 'gy': -17.34, 'gz': -19.73}]",2026-02-18 09:48:31,0.0
"[{'t_us': 679758707, 'ax': -0.99, 'ay': 0.11, 'az': -0.48, 'gx': -108.99, 'gy': -69.65, 'gz': -14.96}, {'t_us': 679774271, 'ax': -0.77, 'ay': 0.16, 'az': -0.44, 'gx': -86.73, 'gy': -78.09, 'gz': -13.11}, {'t_us': 679794277, 'ax': -0.1, 'ay': -0.13, 'az': -0.15, 'gx': -78.14, 'gy': -90.98, 'gz': -0.35}, {'t_us': 679814321, 'ax': 0.39, 'ay': -0.15, 'az': 0.06, 'gx': -100.66, 'gy': -100.93, 'gz': 7.77}, {'t_us': 679834321, 'ax': 0.9, 'ay': -0.21, 'az': -0.51, 'gx': -80.67, 'gy': -113.66, 'gz': 11.45}]",2026-02-18 09:48:32,0.0
"[{'t_us': 679859017, 'ax': 0.96, 'ay': -0.24, 'az': -0.3, 'gx': -31.4, 'gy': -37.77, 'gz': 6.03}, {'t_us': 679874288, 'ax': 0.55, 'ay': -0.21, 'az': -0.15, 'gx': -22.64, 'gy': 17.63, 'gz': -0.85}, {'t_us': 679894288, 'ax': 0.03, 'ay': 0.02, 'az': 0.06, 'gx': -32.66, 'gy': 57.83, 'gz': -4.67}, {'t_us': 679914300, 'ax': -0.74, 'ay': 0.02, 'az': -0.05, 'gx': -43.68, 'gy': -9.25, 'gz': -28.82}, {'t_us': 679934296, 'ax': -0.35, 'ay': 0.18, 'az': -1.01, 'gx': -26.7, 'gy': 148.44, 'gz': -36.58}]",2026-02-18 09:48:32,0.0
"[{'t_us': 679960646, 'ax': -1.91, 'ay': -0.5, 'az': -0.76, 'gx': -2.55, 'gy': 266.66, 'gz': -35.97}, {'t_us': 679974312, 'ax': -2.0, 'ay': -1.0, 'az': -0.42, 'gx': -5.92, 'gy': 184.15, 'gz': -6.63}, {'t_us': 679994308, 'ax': -2.0, 'ay': -1.16, 'az': -1.11, 'gx': -57.13, 'gy': -58.85, 'gz': 12.14}, {'t_us': 680014255, 'ax': -2.0, 'ay': -0.08, 'az': 0.0, 'gx': -48.32, 'gy': -259.85, 'gz': 36.81}, {'t_us': 680034288, 'ax': 0.05, 'ay': 0.47, 'az': 1.19, 'gx': -26.56, 'gy': -267.79, 'gz': 25.42}]",2026-02-18 09:48:32,0.0
"[{'t_us': 680059792, 'ax': -2.0, 'ay': 0.29, 'az': -1.52, 'gx': 110.56, 'gy': 424.38, 'gz': -72.52}, {'t_us': 680074291, 'ax': -2.0, 'ay': -0.08, 'az': -0.4, 'gx': 33.51, 'gy': -48.87, 'gz': -95.4}, {'t_us': 680094291, 'ax': -1.07, 'ay': -0.23, 'az': -0.17, 'gx': 16.58, 'gy': -42.15, 'gz': -13.85}, {'t_us': 680114269, 'ax': -0.99, 'ay': -0.23, 'az': -0.21, 'gx': -16.38, 'gy': -81.07, 'gz': -29.92}, {'t_us': 680134255, 'ax': -0.08, 'ay': -0.07, 'az': -0.07, 'gx': -39.69, 'gy': -75.89, 'gz': -29.15}]",2026-02-18 09:48:32,0.0
"[{'t_us': 680160465, 'ax': 0.12, 'ay': 0.4, 'az': 0.1, 'gx': -61.39, 'gy': -46.11, 'gz': 8.41}, {'t_us': 680175289, 'ax': 0.26, 'ay': 0.47, 'az': -0.03, 'gx': -77.62, 'gy': -43.25, 'gz': 18.03}, {'t_us': 680194291, 'ax': 0.33, 'ay': 0.31, 'az': -0.21, 'gx': -84.96, 'gy': -45.53, 'gz': 23.31}, {'t_us': 680214288, 'ax': 0.41, 'ay': 0.11, 'az': -0.22, 'gx': -80.5, 'gy': -32.44, 'gz': 7.44}, {'t_us': 680234300, 'ax': 0.33, 'ay': -0.15, 'az': -0.16, 'gx': -72.4, 'gy': 6.99, 'gz': -8.14}]",2026-02-18 09:48:32,0.0
"[{'t_us': 680260371, 'ax': -0.05, 'ay': -0.17, 'az': -0.2, 'gx': -75.07, 'gy': 24.49, 'gz': -13.04}, {'t_us': 680274317, 'ax': -0.34, 'ay': -0.11, 'az': -0.23, 'gx': -86.41, 'gy': 0.89, 'gz': -17.8}, {'t_us': 680294312, 'ax': -0.79, 'ay': 0.07, 'az': -0.67, 'gx': -80.82, 'gy': 1.79, 'gz': -19.6}, {'t_us': 680314309, 'ax': -2.0, 'ay': 0.4, 'az': -0.85, 'gx': -43.69, 'gy': 119.31, 'gz': -68.06}, {'t_us': 680334277, 'ax': -2.0, 'ay': 0.51, 'az': -0.55, 'gx': -27.83, 'gy': -23.02, 'gz': -90.49}]",2026-02-18 09:48:32,0.0
"[{'t_us': 680360488, 'ax': -2.0, 'ay': -0.33, 'az': -0.3, 'gx': -119.04, 'gy': -118.52, 'gz': 19.92}, {'t_us': 680374541, 'ax': -0.85, 'ay': -0.09, 'az': 0.69, 'gx': -141.48, 'gy': -236.29, 'gz': 34.76}, {'t_us': 680394271, 'ax': -0.64, 'ay': -0.0, 'az': 0.05, 'gx': -133.82, 'gy': 194.6, 'gz': 38.76}, {'t_us': 680414320, 'ax': -2.0, 'ay': 0.24, 'az': -0.24, 'gx': -119.16, 'gy': 106.46, 'gz': -26.0}, {'t_us': 680434321, 'ax': -1.65, 'ay': 0.42, 'az': -0.19, 'gx': -139.11, 'gy': 44.49, 'gz': -11.25}]",2026-02-18 09:48:32,0.0
"[{'t_us': 680460532, 'ax': -0.86, 'ay': -0.1, 'az': -0.67, 'gx': -110.92, 'gy': -34.76, 'gz': -24.24}, {'t_us': 680474318, 'ax': -0.65, 'ay': -0.08, 'az': -0.47, 'gx': -90.92, 'gy': -55.36, 'gz': -22.26}, {'t_us': 680494296, 'ax': -0.08, 'ay': -0.18, 'az': -0.35, 'gx': -53.37, 'gy': -70.37, 'gz': -11.33}, {'t_us': 680514271, 'ax': 0.27, 'ay': -0.28, 'az': -0.04, 'gx': -39.63, 'gy': -83.28, 'gz': 19.11}, {'t_us': 680534319, 'ax': 0.5, 'ay': -0.1, 'az': 0.06, 'gx': -33.05, 'gy': -56.82, 'gz': 29.85}]",2026-02-18 09:48:32,0.0
"[{'t_us': 680559084, 'ax': 0.57, 'ay': 0.11, 'az': -0.16, 'gx': -27.54, 'gy': -22.02, 'gz': 21.53}, {'t_us': 680574291, 'ax': 0.38, 'ay': 0.08, 'az': -0.22, 'gx': -19.68, 'gy': 11.86, 'gz': 3.47}, {'t_us': 680594281, 'ax': 0.32, 'ay': 0.05, 'az': -0.08, 'gx': -26.03, 'gy': 28.82, 'gz': -3.21}, {'t_us': 680614281, 'ax': -0.2, 'ay': -0.05, 'az': -0.08, 'gx': -31.45, 'gy': 62.52, 'gz': -10.5}, {'t_us': 680634308, 'ax': -0.63, 'ay': -0.09, 'az': -0.49, 'gx': -33.63, 'gy': 72.84, 'gz': -20.55}]",2026-02-18 09:48:32,0.0
"[{'t_us': 680660645, 'ax': -1.72, 'ay': -0.61, 'az': -0.82, 'gx': -28.17, 'gy': 188.32, 'gz': -9.65}, {'t_us': 680674329, 'ax': -2.0, 'ay': -1.22, 'az': -0.39, 'gx': -12.78, 'gy': 46.98, 'gz': 21.82}, {'t_us': 680694277, 'ax': -2.0, 'ay': -0.73, 'az': -0.72, 'gx': -61.36, 'gy': -69.19, 'gz': 50.09}, {'t_us': 680714281, 'ax': -1.72, 'ay': 0.14, 'az': -0.38, 'gx': -4.73, 'gy': -157.86, 'gz': 66.11}, {'t_us': 680734292, 'ax': -0.27, 'ay': 0.2, 'az': 1.28, 'gx': 15.22, 'gy': -192.78, 'gz': 29.11}]",2026-02-18 09:48:32,0.0
"[{'t_us': 680762015, 'ax': -2.0, 'ay': 0.15, 'az': -1.09, 'gx': 87.24, 'gy': 228.49, 'gz': -49.28}, {'t_us': 680774281, 'ax': -2.0, 'ay': -0.16, 'az': -0.78, 'gx': 48.23, 'gy': -20.37, 'gz': -45.79}, {'t_us': 680794308, 'ax': -1.36, 'ay': 0.2, 'az': -0.03, 'gx': 20.29, 'gy': -95.5, 'gz': -13.37}, {'t_us': 680814308, 'ax': -0.83, 'ay': -0.16, 'az': -0.21, 'gx': -2.55, 'gy': -73.24, 'gz': -40.95}, {'t_us': 680834308, 'ax': -0.03, 'ay': -0.19, 'az': -0.11, 'gx': 5.66, 'gy': -19.04, 'gz': -35.08}]",2026-02-18 09:48:33,0.0
"[{'t_us': 680859278, 'ax': 0.05, 'ay': 0.02, 'az': -0.08, 'gx': -12.5, 'gy': 4.79, 'gz': -7.57}, {'t_us': 680874255, 'ax': 0.22, 'ay': 0.05, 'az': -0.06, 'gx': -25.53, 'gy': 7.47, 'gz': -1.42}, {'t_us': 680894277, 'ax': 0.36, 'ay': 0.09, 'az': 0.1, 'gx': -50.99, 'gy': -9.18, 'gz': 11.66}, {'t_us': 680914281, 'ax': 0.26, 'ay': 0.15, 'az': 0.07, 'gx': -58.67, 'gy': 5.66, 'gz': 8.12}, {'t_us': 680934334, 'ax': 0.23, 'ay': 0.01, 'az': -0.16, 'gx': -57.22, 'gy': 6.95, 'gz': -1.16}]",2026-02-18 09:48:33,0.0
"[{'t_us': 680958956, 'ax': -0.03, 'ay': 0.0, 'az': -0.28, 'gx': -68.63, 'gy': 14.93, 'gz': 9.07}, {'t_us': 680974321, 'ax': -0.42, 'ay': 0.1, 'az': -0.51, 'gx': -70.85, 'gy': -4.4, 'gz': 21.66}, {'t_us': 680994291, 'ax': -1.14, 'ay': -0.19, 'az': -0.98, 'gx': -77.74, 'gy': -29.79, 'gz': 8.92}, {'t_us': 681014316, 'ax': -2.0, 'ay': 0.28, 'az': 0.29, 'gx': -69.13, 'gy': -87.74, 'gz': -35.8}, {'t_us': 681034296, 'ax': -2.0, 'ay': 0.34, 'az': -0.24, 'gx': -76.78, 'gy': 41.69, 'gz': -15.65}]",2026-02-18 09:48:33,0.0
"[{'t_us': 681059223, 'ax': -1.74, 'ay': 0.23, 'az': -0.03, 'gx': -156.32, 'gy': -167.27, 'gz': 42.08}, {'t_us': 681074277, 'ax': -0.51, 'ay': 0.24, 'az': 0.46, 'gx': -160.55, 'gy': -154.27, 'gz': 28.67}, {'t_us': 681094291, 'ax': -1.14, 'ay': 0.07, 'az': 0.04, 'gx': -140.67, 'gy': 199.8, 'gz': 25.74}, {'t_us': 681114291, 'ax': -2.0, 'ay': 0.06, 'az': -0.01, 'gx': -141.63, 'gy': 79.1, 'gz': -29.77}, {'t_us': 681134291, 'ax': -1.42, 'ay': -0.16, 'az': -0.38, 'gx': -140.93, 'gy': 4.38, 'gz': 10.44}]",2026-02-18 09:48:33,0.0
"[{'t_us': 681160476, 'ax': -0.77, 'ay': 0.01, 'az': -0.36, 'gx': -121.6, 'gy': -46.32, 'gz': 4.76}, {'t_us': 681174312, 'ax': -0.54, 'ay': 0.04, 'az': -0.29, 'gx': -108.41, 'gy': -28.38, 'gz': -4.2}, {'t_us': 681194308, 'ax': -0.1, 'ay': -0.06, 'az': -0.42, 'gx': -85.59, 'gy': -38.03, 'gz': -5.39}, {'t_us': 681214277, 'ax': 0.18, 'ay': -0.28, 'az': -0.49, 'gx': -52.24, 'gy': -52.02, 'gz': -4.2}, {'t_us': 681234257, 'ax': 0.47, 'ay': -0.3, 'az': -0.41, 'gx': -15.07, 'gy': -51.97, 'gz': 1.5}]",2026-02-18 09:48:33,0.0
"[{'t_us': 681260553, 'ax': 0.61, 'ay': -0.28, 'az': -0.23, 'gx': 21.89, 'gy': -37.82, 'gz': 16.52}, {'t_us': 681274309, 'ax': 0.43, 'ay': -0.22, 'az': -0.16, 'gx': 28.47, 'gy': -5.24, 'gz': 26.46}, {'t_us': 681294308, 'ax': 0.05, 'ay': -0.08, 'az': -0.21, 'gx': 24.08, 'gy': 18.92, 'gz': 19.3}, {'t_us': 681314277, 'ax': -0.79, 'ay': 0.14, 'az': -0.17, 'gx': 11.21, 'gy': 66.52, 'gz': 12.23}, {'t_us': 681334300, 'ax': -1.79, 'ay': -0.14, 'az': -0.54, 'gx': -22.87, 'gy': 127.48, 'gz': -20.96}]",2026-02-18 09:48:33,0.0
"[{'t_us': 681359415, 'ax': -2.0, 'ay': -0.99, 'az': -0.52, 'gx': 10.29, 'gy': 139.24, 'gz': 30.35}, {'t_us': 681374271, 'ax': -2.0, 'ay': -0.76, 'az': -0.48, 'gx': -5.57, 'gy': -20.52, 'gz': 45.22}, {'t_us': 681394277, 'ax': -1.98, 'ay': 0.08, 'az': -0.31, 'gx': 2.21, 'gy': -65.73, 'gz': 23.62}, {'t_us': 681414303, 'ax': -1.03, 'ay': 0.24, 'az': 0.11, 'gx': 29.11, 'gy': -127.6, 'gz': -20.95}, {'t_us': 681434256, 'ax': -0.86, 'ay': 0.19, 'az': -0.27, 'gx': 41.13, 'gy': 163.97, 'gz': -37.94}]",2026-02-18 09:48:33,0.0
"[{'t_us': 681460864, 'ax': -1.87, 'ay': -0.04, 'az': -0.7, 'gx': 6.53, 'gy': 75.56, 'gz': -79.19}, {'t_us': 681474288, 'ax': -1.52, 'ay': -0.17, 'az': -0.46, 'gx': 14.98, 'gy': 16.0, 'gz': -67.13}, {'t_us': 681494288, 'ax': -0.96, 'ay': -0.33, 'az': -0.04, 'gx': -20.82, 'gy': -43.57, 'gz': -46.02}, {'t_us': 681514311, 'ax': -0.68, 'ay': -0.43, 'az': -0.07, 'gx': -44.12, 'gy': -40.26, 'gz': -38.03}, {'t_us': 681534281, 'ax': -0.49, 'ay': -0.14, 'az': -0.06, 'gx': -64.49, 'gy': -68.09, 'gz': -18.21}]",2026-02-18 09:48:33,0.0
"[{'t_us': 681559241, 'ax': -0.11, 'ay': 0.1, 'az': -0.01, 'gx': -56.44, 'gy': -45.73, 'gz': -13.69}, {'t_us': 681574296, 'ax': -0.05, 'ay': 0.07, 'az': 0.03, 'gx': -46.63, 'gy': -26.08, 'gz': -7.77}, {'t_us': 681594296, 'ax': -0.14, 'ay': 0.11, 'az': -0.05, 'gx': -48.21, 'gy': -23.85, 'gz': -14.46}, {'t_us': 681614321, 'ax': 0.06, 'ay': 0.07, 'az': -0.25, 'gx': -51.1, 'gy': -20.89, 'gz': -26.75}, {'t_us': 681634271, 'ax': 0.14, 'ay': -0.05, 'az': -0.35, 'gx': -47.51, 'gy': -3.88, 'gz': -27.57}]",2026-02-18 09:48:33,0.0
"[{'t_us': 681660563, 'ax': -0.26, 'ay': -0.11, 'az': -0.57, 'gx': -34.44, 'gy': 25.66, 'gz': -27.53}, {'t_us': 681676260, 'ax': -0.58, 'ay': -0.07, 'az': -0.67, 'gx': -25.45, 'gy': 12.44, 'gz': -31.92}, {'t_us': 681694262, 'ax': -0.77, 'ay': 0.02, 'az': -0.36, 'gx': 10.15, 'gy': 60.05, 'gz': -44.87}, {'t_us': 681714291, 'ax': -1.81, 'ay': 0.01, 'az': -0.58, 'gx': -65.16, 'gy': 17.11, 'gz': -63.56}, {'t_us': 681734277, 'ax': -2.0, 'ay': 0.13, 'az': -0.27, 'gx': -40.11, 'gy': 70.67, 'gz': -38.08}]",2026-02-18 09:48:33,0.0
"[{'t_us': 681760868, 'ax': -2.0, 'ay': 0.14, 'az': -0.14, 'gx': -121.57, 'gy': -16.95, 'gz': -29.27}, {'t_us': 681774312, 'ax': -1.99, 'ay': -0.01, 'az': 0.02, 'gx': -152.52, 'gy': 0.46, 'gz': -51.62}, {'t_us': 681794308, 'ax': -1.13, 'ay': -0.04, 'az': 0.13, 'gx': -191.4, 'gy': 76.43, 'gz': -22.56}, {'t_us': 681814277, 'ax': -2.0, 'ay': 0.44, 'az': -0.47, 'gx': -202.63, 'gy': 74.93, 'gz': -40.12}, {'t_us': 681834312, 'ax': -1.51, 'ay': 0.1, 'az': -0.92, 'gx': -168.58, 'gy': -17.94, 'gz': -41.97}]",2026-02-18 09:48:34,0.0
"[{'t_us': 681861391, 'ax': -0.9, 'ay': -0.27, 'az': -0.43, 'gx': -115.86, 'gy': -94.35, 'gz': -24.14}, {'t_us': 681874309, 'ax': -0.72, 'ay': -0.25, 'az': -0.27, 'gx': -95.86, 'gy': -101.98, 'gz': -12.06}, {'t_us': 681894308, 'ax': -0.23, 'ay': -0.29, 'az': -0.11, 'gx': -86.56, 'gy': -77.65, 'gz': 0.72}, {'t_us': 681914277, 'ax': 0.03, 'ay': -0.25, 'az': -0.22, 'gx': -74.06, 'gy': -54.66, 'gz': 10.38}, {'t_us': 681934300, 'ax': 0.22, 'ay': 0.0, 'az': -0.14, 'gx': -58.34, 'gy': -40.69, 'gz': 10.73}]",2026-02-18 09:48:34,0.0
"[{'t_us': 681961930, 'ax': 0.4, 'ay': 0.12, 'az': -0.27, 'gx': -42.38, 'gy': -38.79, 'gz': 6.32}, {'t_us': 681974312, 'ax': 0.25, 'ay': 0.17, 'az': -0.23, 'gx': -37.07, 'gy': -8.84, 'gz': -3.59}, {'t_us': 681994316, 'ax': 0.11, 'ay': 0.14, 'az': -0.21, 'gx': -31.36, 'gy': 23.04, 'gz': 3.1}, {'t_us': 682014303, 'ax': -0.01, 'ay': 0.16, 'az': -0.09, 'gx': -36.05, 'gy': 50.87, 'gz': -14.49}, {'t_us': 682034281, 'ax': -0.41, 'ay': -0.02, 'az': -0.53, 'gx': -47.07, 'gy': 33.57, 'gz': -11.3}]",2026-02-18 09:48:34,0.0
"[{'t_us': 682059330, 'ax': -1.28, 'ay': -0.2, 'az': -0.51, 'gx': -76.87, 'gy': 32.49, 'gz': -11.51}, {'t_us': 682074312, 'ax': -2.0, 'ay': -0.6, 'az': -0.45, 'gx': -118.15, 'gy': 98.5, 'gz': 20.37}, {'t_us': 682094291, 'ax': -2.0, 'ay': -1.27, 'az': -0.95, 'gx': -137.33, 'gy': 40.53, 'gz': 30.15}, {'t_us': 682114291, 'ax': -2.0, 'ay': -0.54, 'az': -0.75, 'gx': -113.11, 'gy': -184.31, 'gz': 45.11}, {'t_us': 682134321, 'ax': -1.18, 'ay': 0.16, 'az': -0.38, 'gx': -27.88, 'gy': -50.95, 'gz': 23.98}]",2026-02-18 09:48:34,0.0
"[{'t_us': 682159046, 'ax': -1.86, 'ay': 0.12, 'az': -0.24, 'gx': 80.96, 'gy': 56.55, 'gz': -34.6}, {'t_us': 682174300, 'ax': -1.43, 'ay': -0.16, 'az': 0.04, 'gx': 52.66, 'gy': 66.67, 'gz': -59.08}, {'t_us': 682194300, 'ax': -0.68, 'ay': -0.33, 'az': -0.0, 'gx': 21.25, 'gy': -5.42, 'gz': -24.95}, {'t_us': 682214321, 'ax': -0.5, 'ay': -0.19, 'az': 0.17, 'gx': -33.19, 'gy': -14.15, 'gz': -21.39}, {'t_us': 682234271, 'ax': -0.38, 'ay': 0.12, 'az': 0.03, 'gx': -67.01, 'gy': -18.93, 'gz': -0.82}]",2026-02-18 09:48:34,0.0
"[{'t_us': 682260716, 'ax': -0.17, 'ay': 0.37, 'az': -0.16, 'gx': -61.95, 'gy': -19.28, 'gz': 2.76}, {'t_us': 682274336, 'ax': -0.17, 'ay': 0.31, 'az': -0.23, 'gx': -52.81, 'gy': -14.82, 'gz': -4.41}, {'t_us': 682294303, 'ax': -0.1, 'ay': 0.1, 'az': -0.16, 'gx': -51.47, 'gy': -17.77, 'gz': -11.77}, {'t_us': 682314303, 'ax': -0.05, 'ay': -0.05, 'az': -0.1, 'gx': -65.39, 'gy': -29.47, 'gz': -11.74}, {'t_us': 682334268, 'ax': 0.01, 'ay': -0.11, 'az': -0.12, 'gx': -70.85, 'gy': -43.63, 'gz': -5.02}]",2026-02-18 09:48:34,0.0
"[{'t_us': 682361035, 'ax': -0.09, 'ay': -0.07, 'az': -0.42, 'gx': -66.69, 'gy': -16.89, 'gz': -8.78}, {'t_us': 682374265, 'ax': -0.33, 'ay': 0.0, 'az': -0.49, 'gx': -62.63, 'gy': -8.15, 'gz': -11.47}, {'t_us': 682394288, 'ax': -1.11, 'ay': 0.08, 'az': -0.45, 'gx': -54.12, 'gy': -15.91, 'gz': -23.54}, {'t_us': 682414288, 'ax': -2.0, 'ay': 0.16, 'az': -0.11, 'gx': -64.9, 'gy': -27.59, 'gz': -43.57}, {'t_us': 682434283, 'ax': -2.0, 'ay': 0.05, 'az': 0.03, 'gx': -71.54, 'gy': -10.89, 'gz': -17.66}]",2026-02-18 09:48:34,0.0
"[{'t_us': 682459086, 'ax': -2.0, 'ay': -0.2, 'az': -0.73, 'gx': -114.47, 'gy': -31.3, 'gz': 18.12}, {'t_us': 682474271, 'ax': -1.84, 'ay': -0.02, 'az': -0.0, 'gx': -108.72, 'gy': 7.33, 'gz': 8.18}, {'t_us': 682494262, 'ax': -1.57, 'ay': -0.01, 'az': 0.08, 'gx': -127.1, 'gy': 48.93, 'gz': 10.4}, {'t_us': 682514271, 'ax': -1.59, 'ay': 0.24, 'az': -0.16, 'gx': -141.74, 'gy': 48.85, 'gz': 8.37}, {'t_us': 682534255, 'ax': -1.28, 'ay': 0.17, 'az': -0.38, 'gx': -127.56, 'gy': -15.44, 'gz': -8.78}]",2026-02-18 09:48:34,0.0
"[{'t_us': 682558548, 'ax': -0.9, 'ay': -0.02, 'az': -0.38, 'gx': -85.85, 'gy': -56.21, 'gz': -6.82}, {'t_us': 682574274, 'ax': -0.38, 'ay': -0.07, 'az': -0.27, 'gx': -65.5, 'gy': -58.27, 'gz': -1.79}, {'t_us': 682594308, 'ax': -0.03, 'ay': -0.15, 'az': -0.21, 'gx': -51.6, 'gy': -50.44, 'gz': 15.37}, {'t_us': 682614277, 'ax': 0.29, 'ay': -0.15, 'az': -0.23, 'gx': -35.31, 'gy': -39.15, 'gz': 17.54}, {'t_us': 682634267, 'ax': 0.44, 'ay': -0.02, 'az': -0.19, 'gx': -31.28, 'gy': -41.04, 'gz': 13.94}]",2026-02-18 09:48:34,0.0
"[{'t_us': 682660318, 'ax': 0.44, 'ay': -0.02, 'az': -0.27, 'gx': -22.73, 'gy': -26.78, 'gz': -11.31}, {'t_us': 682674340, 'ax': 0.35, 'ay': -0.08, 'az': -0.27, 'gx': -12.81, 'gy': -2.14, 'gz': -4.64}, {'t_us': 682694308, 'ax': -0.04, 'ay': 0.04, 'az': -0.12, 'gx': -10.93, 'gy': 3.5, 'gz': -8.4}, {'t_us': 682714277, 'ax': -0.49, 'ay': 0.02, 'az': -0.1, 'gx': -25.08, 'gy': 16.53, 'gz': -15.76}, {'t_us': 682734303, 'ax': -1.11, 'ay': -0.11, 'az': -0.25, 'gx': -53.68, 'gy': 17.24, 'gz': -26.35}]",2026-02-18 09:48:34,0.0
"[{'t_us': 682760920, 'ax': -2.0, 'ay': -0.56, 'az': -0.44, 'gx': -48.96, 'gy': 102.11, 'gz': 28.85}, {'t_us': 682774281, 'ax': -2.0, 'ay': -0.9, 'az': -0.27, 'gx': -51.92, 'gy': 77.42, 'gz': 44.56}, {'t_us': 682794281, 'ax': -2.0, 'ay': -0.7, 'az': -0.7, 'gx': -55.66, 'gy': -69.45, 'gz': 32.98}, {'t_us': 682814308, 'ax': -1.67, 'ay': 0.02, 'az': -0.03, 'gx': -9.15, 'gy': -70.06, 'gz': 26.84}, {'t_us': 682834255, 'ax': -1.29, 'ay': 0.09, 'az': -0.69, 'gx': 70.75, 'gy': 104.76, 'gz': 1.6}]",2026-02-18 09:48:35,0.0
"[{'t_us': 682860404, 'ax': -2.0, 'ay': -0.26, 'az': -0.08, 'gx': 66.58, 'gy': -16.92, 'gz': -57.21}, {'t_us': 682876407, 'ax': -0.98, 'ay': -0.15, 'az': -0.25, 'gx': 51.95, 'gy': -32.21, 'gz': -28.15}, {'t_us': 682894281, 'ax': -0.7, 'ay': -0.11, 'az': 0.02, 'gx': 24.93, 'gy': -36.47, 'gz': -22.41}, {'t_us': 682914308, 'ax': -0.38, 'ay': -0.06, 'az': 0.21, 'gx': -5.01, 'gy': -34.17, 'gz': -7.63}, {'t_us': 682934320, 'ax': -0.16, 'ay': 0.14, 'az': 0.07, 'gx': -18.87, 'gy': -27.44, 'gz': 1.21}]",2026-02-18 09:48:35,0.0
"[{'t_us': 682960393, 'ax': 0.07, 'ay': 0.21, 'az': -0.15, 'gx': -9.86, 'gy': -12.99, 'gz': 12.89}, {'t_us': 682974273, 'ax': 0.14, 'ay': 0.13, 'az': -0.2, 'gx': -9.13, 'gy': -8.09, 'gz': 10.76}, {'t_us': 682994308, 'ax': 0.22, 'ay': 0.15, 'az': -0.22, 'gx': -17.51, 'gy': -9.91, 'gz': 7.63}, {'t_us': 683014277, 'ax': 0.18, 'ay': -0.09, 'az': -0.15, 'gx': -25.42, 'gy': -8.26, 'gz': 1.45}, {'t_us': 683034288, 'ax': -0.1, 'ay': -0.08, 'az': -0.02, 'gx': -34.78, 'gy': 2.12, 'gz': -5.44}]",2026-02-18 09:48:35,0.0
"[{'t_us': 683058822, 'ax': -0.76, 'ay': -0.03, 'az': -0.25, 'gx': -42.26, 'gy': -10.89, 'gz': -5.05}, {'t_us': 683074321, 'ax': -1.44, 'ay': 0.07, 'az': -0.56, 'gx': -43.83, 'gy': 29.69, 'gz': -25.02}, {'t_us': 683094271, 'ax': -2.0, 'ay': 0.44, 'az': -0.39, 'gx': -40.05, 'gy': -1.28, 'gz': -63.54}, {'t_us': 683114296, 'ax': -2.0, 'ay': 0.05, 'az': -0.18, 'gx': -41.21, 'gy': 37.25, 'gz': -24.56}, {'t_us': 683134300, 'ax': -2.0, 'ay': -0.23, 'az': -0.39, 'gx': -80.02, 'gy': -104.55, 'gz': 12.05}]",2026-02-18 09:48:35,0.0
"[{'t_us': 683159094, 'ax': -0.93, 'ay': -0.19, 'az': 0.24, 'gx': -94.64, 'gy': 52.72, 'gz': 0.73}, {'t_us': 683174255, 'ax': -1.56, 'ay': -0.07, 'az': -0.02, 'gx': -115.18, 'gy': 134.2, 'gz': 4.69}, {'t_us': 683194316, 'ax': -1.54, 'ay': 0.1, 'az': -0.21, 'gx': -143.1, 'gy': 69.62, 'gz': 5.33}, {'t_us': 683214277, 'ax': -1.24, 'ay': 0.16, 'az': -0.59, 'gx': -112.21, 'gy': 5.51, 'gz': -11.76}, {'t_us': 683234291, 'ax': -0.65, 'ay': -0.3, 'az': -0.56, 'gx': -61.04, 'gy': -57.56, 'gz': -1.36}]",2026-02-18 09:48:35,0.0
"[{'t_us': 683261008, 'ax': -0.18, 'ay': -0.06, 'az': -0.15, 'gx': -22.49, 'gy': -63.57, 'gz': 12.11}, {'t_us': 683274301, 'ax': 0.03, 'ay': -0.14, 'az': -0.03, 'gx': -16.29, 'gy': -54.17, 'gz': 12.34}, {'t_us': 683294262, 'ax': 0.35, 'ay': -0.14, 'az': -0.07, 'gx': -8.02, 'gy': -38.93, 'gz': 11.63}, {'t_us': 683314291, 'ax': 0.41, 'ay': -0.06, 'az': -0.37, 'gx': 6.4, 'gy': -41.57, 'gz': 11.16}, {'t_us': 683334311, 'ax': 0.35, 'ay': -0.02, 'az': -0.19, 'gx': 20.14, 'gy': -28.38, 'gz': 6.14}]",2026-02-18 09:48:35,0.0
"[{'t_us': 683358960, 'ax': 0.14, 'ay': 0.11, 'az': -0.06, 'gx': -2.06, 'gy': -13.77, 'gz': 6.63}, {'t_us': 683374300, 'ax': -0.01, 'ay': 0.12, 'az': -0.08, 'gx': -14.53, 'gy': -7.4, 'gz': -0.31}, {'t_us': 683394296, 'ax': -0.41, 'ay': -0.06, 'az': -0.26, 'gx': -13.68, 'gy': 5.76, 'gz': -8.02}, {'t_us': 683414296, 'ax': -0.9, 'ay': -0.24, 'az': -0.24, 'gx': -19.4, 'gy': 8.53, 'gz': -8.7}, {'t_us': 683434321, 'ax': -1.67, 'ay': -0.65, 'az': -0.28, 'gx': -20.4, 'gy': 92.98, 'gz': 23.94}]",2026-02-18 09:48:35,0.0
"[{'t_us': 683460456, 'ax': -2.0, 'ay': -1.21, 'az': -0.76, 'gx': -21.28, 'gy': 48.31, 'gz': 49.4}, {'t_us': 683474336, 'ax': -2.0, 'ay': -0.7, 'az': -0.94, 'gx': -2.92, 'gy': -101.16, 'gz': 46.78}, {'t_us': 683494321, 'ax': -1.35, 'ay': 0.29, 'az': 0.1, 'gx': 40.9, 'gy': -110.98, 'gz': 49.47}, {'t_us': 683514316, 'ax': -2.0, 'ay': 0.49, 'az': -0.59, 'gx': 108.66, 'gy': 144.17, 'gz': -15.01}, {'t_us': 683534262, 'ax': -2.0, 'ay': -0.1, 'az': 0.27, 'gx': 115.48, 'gy': 28.08, 'gz': -85.48}]",2026-02-18 09:48:35,0.0
"[{'t_us': 683558859, 'ax': -1.21, 'ay': -0.16, 'az': -0.05, 'gx': 91.56, 'gy': 26.32, 'gz': -22.55}, {'t_us': 683574281, 'ax': -0.97, 'ay': -0.11, 'az': -0.08, 'gx': 67.27, 'gy': -11.48, 'gz': -34.84}, {'t_us': 683594273, 'ax': -0.4, 'ay': -0.11, 'az': 0.02, 'gx': 24.99, 'gy': -31.21, 'gz': -29.69}, {'t_us': 683614316, 'ax': -0.04, 'ay': 0.12, 'az': -0.02, 'gx': -4.44, 'gy': -16.63, 'gz': -3.47}, {'t_us': 683634281, 'ax': 0.17, 'ay': 0.28, 'az': 0.02, 'gx': -6.84, 'gy': 1.83, 'gz': 9.42}]",2026-02-18 09:48:35,0.0
"[{'t_us': 683660464, 'ax': 0.27, 'ay': 0.13, 'az': -0.21, 'gx': -16.34, 'gy': -4.32, 'gz': 17.3}, {'t_us': 683674303, 'ax': 0.28, 'ay': 0.03, 'az': -0.23, 'gx': -19.85, 'gy': -7.66, 'gz': 11.44}, {'t_us': 683694281, 'ax': 0.31, 'ay': -0.04, 'az': -0.22, 'gx': -19.8, 'gy': -8.67, 'gz': 8.47}, {'t_us': 683714312, 'ax': 0.16, 'ay': -0.1, 'az': -0.22, 'gx': -31.27, 'gy': -16.81, 'gz': -5.94}, {'t_us': 683734284, 'ax': 0.02, 'ay': -0.02, 'az': -0.09, 'gx': -24.66, 'gy': -28.99, 'gz': 2.75}]",2026-02-18 09:48:35,0.0
"[{'t_us': 683760527, 'ax': -0.5, 'ay': 0.02, 'az': -0.29, 'gx': -32.49, 'gy': 2.84, 'gz': -11.62}, {'t_us': 683774266, 'ax': -0.9, 'ay': 0.09, 'az': -0.48, 'gx': -32.27, 'gy': 26.27, 'gz': -12.05}, {'t_us': 683794271, 'ax': -2.0, 'ay': 0.35, 'az': -0.51, 'gx': -11.19, 'gy': -19.56, 'gz': -31.62}, {'t_us': 683814255, 'ax': -2.0, 'ay': 0.49, 'az': 0.1, 'gx': -28.81, 'gy': 28.56, 'gz': -22.85}, {'t_us': 683834288, 'ax': -2.0, 'ay': 0.05, 'az': -0.04, 'gx': -116.18, 'gy': -128.75, 'gz': -8.67}]",2026-02-18 09:48:36,0.0
"[{'t_us': 683860383, 'ax': -0.29, 'ay': 0.01, 'az': 0.86, 'gx': -52.43, 'gy': 3.79, 'gz': 44.38}, {'t_us': 683874281, 'ax': -2.0, 'ay': 0.08, 'az': 0.81, 'gx': -116.41, 'gy': 264.32, 'gz': 15.22}, {'t_us': 683894281, 'ax': -2.0, 'ay': -0.04, 'az': -0.43, 'gx': -138.0, 'gy': 61.21, 'gz': -33.94}, {'t_us': 683914308, 'ax': -1.78, 'ay': 0.24, 'az': -0.26, 'gx': -122.7, 'gy': 25.57, 'gz': -23.4}, {'t_us': 683934255, 'ax': -0.83, 'ay': -0.13, 'az': -0.99, 'gx': -67.5, 'gy': -123.53, 'gz': -4.15}]",2026-02-18 09:48:36,0.0
"[{'t_us': 683959081, 'ax': -0.23, 'ay': 0.15, 'az': -0.36, 'gx': -20.17, 'gy': -113.16, 'gz': 5.88}, {'t_us': 683974291, 'ax': 0.13, 'ay': 0.12, 'az': -0.07, 'gx': -22.38, 'gy': -88.44, 'gz': 13.08}, {'t_us': 683994288, 'ax': 0.44, 'ay': -0.03, 'az': 0.09, 'gx': -36.46, 'gy': -36.73, 'gz': 4.85}, {'t_us': 684014255, 'ax': 0.61, 'ay': -0.19, 'az': -0.19, 'gx': -29.65, 'gy': 3.88, 'gz': -0.56}, {'t_us': 684034255, 'ax': 0.52, 'ay': -0.22, 'az': -0.48, 'gx': 8.43, 'gy': 3.44, 'gz': 2.46}]",2026-02-18 09:48:36,0.0
"[{'t_us': 684058757, 'ax': 0.66, 'ay': -0.19, 'az': -0.14, 'gx': 10.03, 'gy': -57.44, 'gz': 25.15}, {'t_us': 684074300, 'ax': 0.09, 'ay': -0.05, 'az': 0.09, 'gx': -4.58, 'gy': -22.76, 'gz': 18.99}, {'t_us': 684094300, 'ax': -0.46, 'ay': 0.02, 'az': -0.41, 'gx': 12.64, 'gy': 21.05, 'gz': 5.56}, {'t_us': 684114316, 'ax': -1.03, 'ay': 0.2, 'az': -0.15, 'gx': 7.39, 'gy': 109.95, 'gz': -17.89}, {'t_us': 684134303, 'ax': -2.0, 'ay': -0.29, 'az': -0.37, 'gx': -18.76, 'gy': 177.89, 'gz': -25.36}]",2026-02-18 09:48:36,0.0
"[{'t_us': 684160916, 'ax': -2.0, 'ay': -0.77, 'az': -0.77, 'gx': -22.47, 'gy': 53.24, 'gz': 7.68}, {'t_us': 684174315, 'ax': -2.0, 'ay': -0.77, 'az': -0.09, 'gx': -39.91, 'gy': -161.1, 'gz': 25.33}, {'t_us': 684194316, 'ax': -1.08, 'ay': 0.17, 'az': 0.66, 'gx': -19.63, 'gy': -92.73, 'gz': 33.27}, {'t_us': 684214296, 'ax': 0.69, 'ay': -0.05, 'az': 0.19, 'gx': 42.2, 'gy': 63.54, 'gz': 29.86}, {'t_us': 684234297, 'ax': -2.0, 'ay': 0.65, 'az': -1.31, 'gx': 139.97, 'gy': 241.88, 'gz': -81.53}]",2026-02-18 09:48:36,0.0
"[{'t_us': 684260750, 'ax': -1.12, 'ay': -0.48, 'az': -0.1, 'gx': 75.18, 'gy': -77.1, 'gz': -32.85}, {'t_us': 684274264, 'ax': -0.95, 'ay': -0.06, 'az': 0.17, 'gx': 36.17, 'gy': -43.31, 'gz': -44.63}, {'t_us': 684294273, 'ax': -0.57, 'ay': -0.19, 'az': -0.0, 'gx': 2.43, 'gy': -37.71, 'gz': -52.02}, {'t_us': 684314281, 'ax': 0.02, 'ay': -0.02, 'az': -0.01, 'gx': -14.73, 'gy': -27.37, 'gz': -11.19}, {'t_us': 684334308, 'ax': 0.23, 'ay': 0.26, 'az': -0.03, 'gx': -18.27, 'gy': -4.58, 'gz': 7.65}]",2026-02-18 09:48:36,0.0
"[{'t_us': 684360043, 'ax': 0.32, 'ay': 0.13, 'az': -0.29, 'gx': -30.53, 'gy': 0.58, 'gz': 8.66}, {'t_us': 684374321, 'ax': 0.35, 'ay': 0.09, 'az': -0.26, 'gx': -32.55, 'gy': -1.63, 'gz': 11.53}, {'t_us': 684394281, 'ax': 0.18, 'ay': 0.03, 'az': -0.16, 'gx': -19.65, 'gy': 26.2, 'gz': 4.92}, {'t_us': 684414314, 'ax': 0.09, 'ay': -0.15, 'az': -0.07, 'gx': -16.0, 'gy': 0.05, 'gz': 10.82}, {'t_us': 684434300, 'ax': -0.41, 'ay': 0.03, 'az': 0.06, 'gx': -41.37, 'gy': -26.23, 'gz': 2.98}]",2026-02-18 09:48:36,0.0
"[{'t_us': 684460425, 'ax': -0.89, 'ay': -0.05, 'az': -1.41, 'gx': -32.05, 'gy': 140.96, 'gz': -16.26}, {'t_us': 684474288, 'ax': -2.0, 'ay': 0.41, 'az': -0.39, 'gx': -18.49, 'gy': 11.33, 'gz': -55.04}, {'t_us': 684494308, 'ax': -2.0, 'ay': 0.59, 'az': 0.14, 'gx': -33.92, 'gy': -21.25, 'gz': -61.08}, {'t_us': 684514325, 'ax': -2.0, 'ay': -0.2, 'az': 0.28, 'gx': -106.47, 'gy': -79.5, 'gz': -8.61}, {'t_us': 684534296, 'ax': -1.4, 'ay': 0.21, 'az': 0.4, 'gx': -156.18, 'gy': -64.52, 'gz': 3.02}]",2026-02-18 09:48:36,0.0
"[{'t_us': 684560642, 'ax': -1.66, 'ay': 0.18, 'az': -0.11, 'gx': -169.08, 'gy': 117.37, 'gz': 6.9}, {'t_us': 684574312, 'ax': -2.0, 'ay': 0.44, 'az': -0.18, 'gx': -170.52, 'gy': 56.52, 'gz': -20.46}, {'t_us': 684594309, 'ax': -1.79, 'ay': -0.02, 'az': -0.53, 'gx': -149.48, 'gy': -18.38, 'gz': -13.25}, {'t_us': 684614262, 'ax': -1.26, 'ay': -0.14, 'az': -0.48, 'gx': -117.76, 'gy': -53.01, 'gz': -14.38}, {'t_us': 684634291, 'ax': -0.66, 'ay': -0.11, 'az': -0.54, 'gx': -83.45, 'gy': -78.95, 'gz': -4.18}]",2026-02-18 09:48:36,0.0
"[{'t_us': 684658899, 'ax': -0.01, 'ay': -0.24, 'az': -0.16, 'gx': -61.04, 'gy': -71.62, 'gz': 0.24}, {'t_us': 684674262, 'ax': 0.29, 'ay': -0.23, 'az': 0.06, 'gx': -67.16, 'gy': -62.15, 'gz': 1.13}, {'t_us': 684694281, 'ax': 0.63, 'ay': -0.19, 'az': -0.2, 'gx': -64.31, 'gy': -43.34, 'gz': -2.31}, {'t_us': 684714308, 'ax': 0.87, 'ay': -0.17, 'az': -0.54, 'gx': -20.26, 'gy': -36.03, 'gz': 2.34}, {'t_us': 684734296, 'ax': 0.56, 'ay': -0.12, 'az': -0.27, 'gx': 12.02, 'gy': 3.91, 'gz': 14.15}]",2026-02-18 09:48:36,0.0
"[{'t_us': 684760570, 'ax': 0.3, 'ay': 0.04, 'az': 0.01, 'gx': -19.54, 'gy': 11.25, 'gz': -0.14}, {'t_us': 684774288, 'ax': -0.15, 'ay': -0.05, 'az': 0.06, 'gx': -25.94, 'gy': -5.88, 'gz': 0.52}, {'t_us': 684797091, 'ax': -0.37, 'ay': 0.12, 'az': -0.51, 'gx': -21.79, 'gy': 74.49, 'gz': 1.95}, {'t_us': 684814303, 'ax': -1.23, 'ay': 0.09, 'az': -0.83, 'gx': -24.79, 'gy': 229.19, 'gz': 15.28}, {'t_us': 684834316, 'ax': -2.0, 'ay': -0.71, 'az': 0.41, 'gx': -35.39, 'gy': 83.85, 'gz': 19.98}]",2026-02-18 09:48:37,0.0
"[{'t_us': 684859132, 'ax': -2.0, 'ay': -0.62, 'az': -1.64, 'gx': -9.42, 'gy': -32.55, 'gz': 30.11}, {'t_us': 684874266, 'ax': -2.0, 'ay': -0.29, 'az': 0.32, 'gx': -20.61, 'gy': -205.48, 'gz': 10.38}, {'t_us': 684894308, 'ax': -0.5, 'ay': 0.38, 'az': 1.23, 'gx': -31.94, 'gy': -184.41, 'gz': 2.76}, {'t_us': 684914303, 'ax': -2.0, 'ay': 1.0, 'az': -1.25, 'gx': 70.61, 'gy': 456.56, 'gz': -69.77}, {'t_us': 684934255, 'ax': -2.0, 'ay': 0.05, 'az': -0.93, 'gx': 37.1, 'gy': 18.12, 'gz': -119.01}]",2026-02-18 09:48:37,0.0
"[{'t_us': 684960436, 'ax': -1.06, 'ay': -0.21, 'az': 0.18, 'gx': -34.23, 'gy': -52.76, 'gz': -53.88}, {'t_us': 684974262, 'ax': -0.67, 'ay': -0.42, 'az': -0.14, 'gx': -52.08, 'gy': -79.01, 'gz': -38.63}, {'t_us': 684994312, 'ax': -0.3, 'ay': -0.38, 'az': -0.18, 'gx': -71.07, 'gy': -64.35, 'gz': -8.75}, {'t_us': 685014308, 'ax': 0.04, 'ay': -0.04, 'az': -0.01, 'gx': -78.55, 'gy': -29.36, 'gz': 13.79}, {'t_us': 685034271, 'ax': 0.17, 'ay': 0.3, 'az': 0.03, 'gx': -84.43, 'gy': -3.6, 'gz': 25.65}]",2026-02-18 09:48:37,0.0
"[{'t_us': 685058665, 'ax': 0.26, 'ay': 0.32, 'az': -0.11, 'gx': -95.69, 'gy': -13.53, 'gz': 14.78}, {'t_us': 685074296, 'ax': 0.33, 'ay': 0.22, 'az': -0.27, 'gx': -98.15, 'gy': -21.1, 'gz': 4.18}, {'t_us': 685094277, 'ax': 0.33, 'ay': -0.02, 'az': -0.19, 'gx': -102.2, 'gy': -19.11, 'gz': -9.21}, {'t_us': 685114281, 'ax': 0.15, 'ay': -0.23, 'az': -0.24, 'gx': -84.41, 'gy': 3.77, 'gz': -10.6}, {'t_us': 685134306, 'ax': -0.22, 'ay': -0.26, 'az': -0.25, 'gx': -85.45, 'gy': 21.25, 'gz': -19.51}]",2026-02-18 09:48:37,0.0
"[{'t_us': 685160694, 'ax': -1.12, 'ay': -0.01, 'az': -0.61, 'gx': -94.61, 'gy': 5.31, 'gz': -27.24}, {'t_us': 685174262, 'ax': -2.0, 'ay': 0.24, 'az': -0.44, 'gx': -90.09, 'gy': 32.78, 'gz': -41.79}, {'t_us': 685194288, 'ax': -2.0, 'ay': 0.91, 'az': -0.03, 'gx': -81.68, 'gy': 2.0, 'gz': -41.13}, {'t_us': 685214288, 'ax': -2.0, 'ay': -0.07, 'az': -0.13, 'gx': -156.64, 'gy': -16.21, 'gz': 19.53}, {'t_us': 685234345, 'ax': -1.55, 'ay': -0.18, 'az': 0.14, 'gx': -218.0, 'gy': -197.94, 'gz': 32.47}]",2026-02-18 09:48:37,0.0
"[{'t_us': 685260619, 'ax': -0.98, 'ay': 0.27, 'az': -0.18, 'gx': -182.29, 'gy': 184.73, 'gz': 35.88}, {'t_us': 685274255, 'ax': -2.0, 'ay': 0.53, 'az': -0.52, 'gx': -164.08, 'gy': 177.57, 'gz': -10.55}, {'t_us': 685294303, 'ax': -1.87, 'ay': 0.33, 'az': -0.62, 'gx': -164.0, 'gy': 18.7, 'gz': -5.24}, {'t_us': 685314303, 'ax': -0.84, 'ay': -0.14, 'az': -0.81, 'gx': -106.2, 'gy': -75.22, 'gz': -30.11}, {'t_us': 685334291, 'ax': -0.15, 'ay': -0.13, 'az': -0.34, 'gx': -50.17, 'gy': -38.98, 'gz': -29.82}]",2026-02-18 09:48:37,0.0
"[{'t_us': 685360493, 'ax': 0.21, 'ay': -0.27, 'az': 0.22, 'gx': -48.11, 'gy': -8.56, 'gz': -28.26}, {'t_us': 685374303, 'ax': 0.45, 'ay': -0.29, 'az': 0.08, 'gx': -64.41, 'gy': -27.44, 'gz': -21.13}, {'t_us': 685394994, 'ax': 0.65, 'ay': -0.23, 'az': -0.41, 'gx': -47.88, 'gy': -40.43, 'gz': -13.39}, {'t_us': 685414291, 'ax': 0.68, 'ay': -0.14, 'az': -0.41, 'gx': -30.14, 'gy': -49.37, 'gz': -2.82}, {'t_us': 685434291, 'ax': 0.5, 'ay': 0.04, 'az': -0.03, 'gx': -28.24, 'gy': -42.12, 'gz': 21.98}]",2026-02-18 09:48:37,0.0
"[{'t_us': 685459066, 'ax': -0.15, 'ay': 0.24, 'az': 0.17, 'gx': -55.44, 'gy': 18.37, 'gz': 5.97}, {'t_us': 685474276, 'ax': -0.56, 'ay': 0.16, 'az': -0.08, 'gx': -66.56, 'gy': -6.05, 'gz': -1.92}, {'t_us': 685494312, 'ax': -0.63, 'ay': 0.07, 'az': -0.81, 'gx': -48.95, 'gy': 75.97, 'gz': -20.63}, {'t_us': 685514308, 'ax': -1.56, 'ay': -0.31, 'az': -0.56, 'gx': -24.92, 'gy': 174.89, 'gz': -12.89}, {'t_us': 685534300, 'ax': -2.0, 'ay': -1.1, 'az': -0.65, 'gx': 10.78, 'gy': 92.55, 'gz': 0.72}]",2026-02-18 09:48:37,0.0
"[{'t_us': 685560660, 'ax': -2.0, 'ay': -0.91, 'az': -0.73, 'gx': -12.23, 'gy': -151.13, 'gz': 35.02}, {'t_us': 685574316, 'ax': -1.7, 'ay': -0.12, 'az': 0.2, 'gx': -20.89, 'gy': -150.26, 'gz': 45.89}, {'t_us': 685594255, 'ax': -0.14, 'ay': 0.5, 'az': 0.29, 'gx': -0.21, 'gy': -32.9, 'gz': 50.32}, {'t_us': 685614321, 'ax': -2.0, 'ay': 0.5, 'az': -1.09, 'gx': 93.02, 'gy': 307.79, 'gz': -27.54}, {'t_us': 685634274, 'ax': -2.0, 'ay': 0.03, 'az': -0.04, 'gx': 21.48, 'gy': -52.38, 'gz': -56.21}]",2026-02-18 09:48:37,0.0
"[{'t_us': 685660652, 'ax': -1.11, 'ay': 0.03, 'az': -0.04, 'gx': 14.27, 'gy': 4.18, 'gz': -42.2}, {'t_us': 685674303, 'ax': -0.77, 'ay': -0.15, 'az': -0.17, 'gx': 6.12, 'gy': -24.17, 'gz': -48.34}, {'t_us': 685694316, 'ax': -0.15, 'ay': -0.07, 'az': -0.11, 'gx': -19.68, 'gy': -56.81, 'gz': 1.59}, {'t_us': 685714312, 'ax': 0.17, 'ay': 0.17, 'az': 0.08, 'gx': -30.66, 'gy': -43.76, 'gz': 14.99}, {'t_us': 685734277, 'ax': 0.27, 'ay': 0.18, 'az': 0.15, 'gx': -56.84, 'gy': 15.83, 'gz': 15.74}]",2026-02-18 09:48:37,0.0
"[{'t_us': 685760614, 'ax': 0.45, 'ay': 0.21, 'az': -0.16, 'gx': -83.47, 'gy': 21.91, 'gz': -8.52}, {'t_us': 685774620, 'ax': 0.36, 'ay': 0.14, 'az': -0.45, 'gx': -57.85, 'gy': -19.68, 'gz': 4.81}, {'t_us': 685794303, 'ax': 0.13, 'ay': -0.06, 'az': -0.09, 'gx': -59.92, 'gy': -6.5, 'gz': -10.02}, {'t_us': 685814262, 'ax': -0.07, 'ay': -0.12, 'az': -0.07, 'gx': -78.15, 'gy': -1.63, 'gz': -12.02}, {'t_us': 685834316, 'ax': -0.59, 'ay': 0.02, 'az': -0.33, 'gx': -104.03, 'gy': -27.83, 'gz': -19.04}]",2026-02-18 09:48:38,0.0
"[{'t_us': 685860516, 'ax': -1.73, 'ay': 0.34, 'az': -0.65, 'gx': -100.05, 'gy': -2.58, 'gz': -21.42}, {'t_us': 685874277, 'ax': -2.0, 'ay': 0.55, 'az': -0.63, 'gx': -87.18, 'gy': 35.18, 'gz': -37.27}, {'t_us': 685894303, 'ax': -2.0, 'ay': 0.06, 'az': -0.34, 'gx': -69.27, 'gy': 24.17, 'gz': -9.37}, {'t_us': 685914316, 'ax': -2.0, 'ay': -0.39, 'az': -0.29, 'gx': -141.1, 'gy': -113.39, 'gz': -7.59}, {'t_us': 685934277, 'ax': -0.85, 'ay': 0.01, 'az': 0.37, 'gx': -157.74, 'gy': -69.07, 'gz': 19.08}]",2026-02-18 09:48:38,0.0
"[{'t_us': 685959378, 'ax': -1.87, 'ay': 0.33, 'az': -0.46, 'gx': -162.9, 'gy': 202.09, 'gz': 16.09}, {'t_us': 685974288, 'ax': -2.0, 'ay': 0.51, 'az': -0.4, 'gx': -168.4, 'gy': 10.49, 'gz': -23.15}, {'t_us': 685994288, 'ax': -1.36, 'ay': 0.39, 'az': -0.53, 'gx': -142.23, 'gy': 1.19, 'gz': -22.79}, {'t_us': 686014308, 'ax': -0.49, 'ay': -0.14, 'az': -0.89, 'gx': -70.17, 'gy': -53.77, 'gz': -23.97}, {'t_us': 686034331, 'ax': -0.09, 'ay': -0.17, 'az': -0.23, 'gx': -47.95, 'gy': -42.0, 'gz': -22.32}]",2026-02-18 09:48:38,0.0
"[{'t_us': 686059387, 'ax': 0.42, 'ay': -0.42, 'az': 0.05, 'gx': -22.09, 'gy': -49.56, 'gz': -14.24}, {'t_us': 686074281, 'ax': 0.6, 'ay': -0.37, 'az': -0.01, 'gx': -26.44, 'gy': -57.31, 'gz': -10.09}, {'t_us': 686094281, 'ax': 0.68, 'ay': -0.27, 'az': -0.4, 'gx': -3.19, 'gy': -54.78, 'gz': -8.95}, {'t_us': 686114308, 'ax': 0.36, 'ay': -0.06, 'az': -0.2, 'gx': 12.5, 'gy': 7.92, 'gz': 1.98}, {'t_us': 686134255, 'ax': -0.26, 'ay': 0.12, 'az': -0.08, 'gx': 7.1, 'gy': 7.34, 'gz': -5.16}]",2026-02-18 09:48:38,0.0
"[{'t_us': 686161295, 'ax': -0.57, 'ay': 0.07, 'az': -0.01, 'gx': -12.27, 'gy': -58.15, 'gz': -14.72}, {'t_us': 686174288, 'ax': -0.86, 'ay': 0.01, 'az': -0.19, 'gx': -25.62, 'gy': -60.87, 'gz': -21.16}, {'t_us': 686194277, 'ax': -1.08, 'ay': -0.02, 'az': -0.72, 'gx': -31.1, 'gy': 93.27, 'gz': -15.98}, {'t_us': 686214281, 'ax': -2.0, 'ay': -0.64, 'az': -0.87, 'gx': -9.3, 'gy': 53.25, 'gz': 34.52}, {'t_us': 686234308, 'ax': -2.0, 'ay': -0.91, 'az': -0.41, 'gx': -45.91, 'gy': -57.62, 'gz': 46.47}]",2026-02-18 09:48:38,0.0
"[{'t_us': 686262403, 'ax': -1.96, 'ay': 0.58, 'az': 0.19, 'gx': -47.8, 'gy': -25.11, 'gz': 32.52}, {'t_us': 686274255, 'ax': -1.45, 'ay': 0.76, 'az': 0.22, 'gx': -32.34, 'gy': 2.18, 'gz': 5.77}, {'t_us': 686294300, 'ax': -2.0, 'ay': 0.29, 'az': -0.41, 'gx': 40.08, 'gy': 166.67, 'gz': -39.74}, {'t_us': 686314300, 'ax': -2.0, 'ay': 0.11, 'az': -0.11, 'gx': 17.69, 'gy': 59.73, 'gz': -47.73}, {'t_us': 686334321, 'ax': -1.41, 'ay': -0.01, 'az': -0.39, 'gx': 5.48, 'gy': -43.59, 'gz': -25.5}]",2026-02-18 09:48:38,0.0
"[{'t_us': 686361959, 'ax': -0.4, 'ay': -0.49, 'az': -0.09, 'gx': -38.12, 'gy': -83.02, 'gz': -47.71}, {'t_us': 686375561, 'ax': -0.08, 'ay': -0.32, 'az': 0.03, 'gx': -51.4, 'gy': -57.07, 'gz': -45.19}, {'t_us': 686394291, 'ax': 0.27, 'ay': 0.05, 'az': 0.14, 'gx': -68.7, 'gy': -6.7, 'gz': -24.03}, {'t_us': 686414321, 'ax': 0.27, 'ay': 0.24, 'az': 0.04, 'gx': -84.46, 'gy': 9.24, 'gz': -6.41}, {'t_us': 686434299, 'ax': 0.36, 'ay': 0.22, 'az': -0.32, 'gx': -80.18, 'gy': -9.83, 'gz': 0.15}]",2026-02-18 09:48:38,0.0
"[{'t_us': 686459547, 'ax': 0.44, 'ay': 0.09, 'az': -0.28, 'gx': -59.63, 'gy': -7.45, 'gz': -1.92}, {'t_us': 686474255, 'ax': 0.26, 'ay': -0.08, 'az': -0.19, 'gx': -52.69, 'gy': 16.67, 'gz': -0.55}, {'t_us': 686494303, 'ax': -0.02, 'ay': -0.19, 'az': -0.21, 'gx': -55.56, 'gy': -4.02, 'gz': 3.97}, {'t_us': 686514303, 'ax': -0.47, 'ay': -0.22, 'az': -0.3, 'gx': -55.94, 'gy': -15.33, 'gz': -1.27}, {'t_us': 686534296, 'ax': -0.95, 'ay': -0.18, 'az': -0.51, 'gx': -57.65, 'gy': -14.27, 'gz': -11.83}]",2026-02-18 09:48:38,0.0
"[{'t_us': 686559213, 'ax': -2.0, 'ay': -0.03, 'az': -0.38, 'gx': -28.11, 'gy': -16.85, 'gz': -38.79}, {'t_us': 686574271, 'ax': -2.0, 'ay': 0.09, 'az': 0.11, 'gx': -18.18, 'gy': 19.97, 'gz': -37.15}, {'t_us': 686594277, 'ax': -2.0, 'ay': 0.02, 'az': -0.17, 'gx': -81.59, 'gy': -47.08, 'gz': 26.17}, {'t_us': 686614303, 'ax': -1.44, 'ay': 0.43, 'az': 0.88, 'gx': -132.08, 'gy': -180.46, 'gz': 29.65}, {'t_us': 686634312, 'ax': -1.01, 'ay': 0.32, 'az': 0.2, 'gx': -154.11, 'gy': 213.04, 'gz': -4.11}]",2026-02-18 09:48:38,0.0
"[{'t_us': 686658983, 'ax': -2.0, 'ay': 0.25, 'az': -0.58, 'gx': -120.76, 'gy': 5.76, 'gz': -48.95}, {'t_us': 686674269, 'ax': -1.32, 'ay': 0.21, 'az': -0.19, 'gx': -122.76, 'gy': -7.19, 'gz': -23.76}, {'t_us': 686694277, 'ax': -0.81, 'ay': -0.14, 'az': -0.59, 'gx': -102.79, 'gy': -62.7, 'gz': -16.9}, {'t_us': 686714303, 'ax': -0.2, 'ay': -0.15, 'az': -0.31, 'gx': -81.6, 'gy': -66.52, 'gz': -12.72}, {'t_us': 686734321, 'ax': 0.19, 'ay': -0.13, 'az': -0.06, 'gx': -75.65, 'gy': -56.52, 'gz': -6.26}]",2026-02-18 09:48:38,0.0
"[{'t_us': 686760224, 'ax': 0.52, 'ay': -0.13, 'az': -0.2, 'gx': -68.26, 'gy': -16.35, 'gz': -6.56}, {'t_us': 686774291, 'ax': 0.44, 'ay': -0.02, 'az': -0.54, 'gx': -44.47, 'gy': 4.0, 'gz': -12.34}, {'t_us': 686794284, 'ax': 0.33, 'ay': -0.03, 'az': -0.61, 'gx': -0.66, 'gy': -39.07, 'gz': -16.02}, {'t_us': 686814308, 'ax': 0.37, 'ay': -0.11, 'az': -0.24, 'gx': 15.85, 'gy': -66.5, 'gz': -4.79}, {'t_us': 686834277, 'ax': 0.06, 'ay': -0.16, 'az': 0.3, 'gx': -6.98, 'gy': -54.09, 'gz': -12.14}]",2026-02-18 09:48:39,0.0
"[{'t_us': 686860077, 'ax': -0.94, 'ay': -0.09, 'az': -0.29, 'gx': -23.94, 'gy': 82.06, 'gz': -6.47}, {'t_us': 686874317, 'ax': -1.35, 'ay': 0.02, 'az': -0.62, 'gx': -44.93, 'gy': 160.29, 'gz': -33.98}, {'t_us': 686894308, 'ax': -2.0, 'ay': -0.83, 'az': -0.28, 'gx': -39.86, 'gy': 77.39, 'gz': 14.49}, {'t_us': 686914303, 'ax': -2.0, 'ay': -0.98, 'az': -0.43, 'gx': -65.27, 'gy': 48.52, 'gz': 37.18}, {'t_us': 686934349, 'ax': -1.87, 'ay': -0.37, 'az': -0.22, 'gx': -70.05, 'gy': -135.45, 'gz': 55.04}]",2026-02-18 09:48:39,0.0
"[{'t_us': 686960340, 'ax': -0.27, 'ay': 0.2, 'az': -0.05, 'gx': -8.98, 'gy': 27.42, 'gz': 25.66}, {'t_us': 686974254, 'ax': -2.0, 'ay': 0.35, 'az': -0.78, 'gx': 67.07, 'gy': 242.61, 'gz': -26.02}, {'t_us': 686994288, 'ax': -2.0, 'ay': -0.56, 'az': -0.39, 'gx': 83.77, 'gy': -30.18, 'gz': -64.52}, {'t_us': 687014288, 'ax': -1.02, 'ay': -0.26, 'az': 0.06, 'gx': 56.55, 'gy': -45.71, 'gz': -17.34}, {'t_us': 687034308, 'ax': -0.91, 'ay': -0.07, 'az': -0.06, 'gx': 2.18, 'gy': -50.4, 'gz': -29.22}]",2026-02-18 09:48:39,0.0
"[{'t_us': 687060203, 'ax': -0.12, 'ay': 0.04, 'az': -0.08, 'gx': -41.8, 'gy': -49.11, 'gz': -4.89}, {'t_us': 687074267, 'ax': 0.09, 'ay': 0.23, 'az': -0.07, 'gx': -47.21, 'gy': -33.97, 'gz': 2.95}, {'t_us': 687094296, 'ax': 0.29, 'ay': 0.37, 'az': -0.02, 'gx': -55.01, 'gy': 21.13, 'gz': 8.53}, {'t_us': 687114321, 'ax': 0.45, 'ay': 0.26, 'az': -0.21, 'gx': -53.51, 'gy': 15.05, 'gz': 13.63}, {'t_us': 687134277, 'ax': 0.46, 'ay': 0.16, 'az': -0.12, 'gx': -64.43, 'gy': -0.24, 'gz': 2.99}]",2026-02-18 09:48:39,0.0
"[{'t_us': 687160419, 'ax': 0.16, 'ay': -0.19, 'az': -0.05, 'gx': -32.2, 'gy': -3.05, 'gz': 11.54}, {'t_us': 687174313, 'ax': -0.18, 'ay': -0.26, 'az': -0.13, 'gx': -41.1, 'gy': 4.03, 'gz': 8.35}, {'t_us': 687194281, 'ax': -0.98, 'ay': -0.19, 'az': -0.25, 'gx': -49.13, 'gy': -35.76, 'gz': -0.58}, {'t_us': 687214303, 'ax': -1.79, 'ay': 0.06, 'az': -0.66, 'gx': -54.26, 'gy': 19.95, 'gz': -23.82}, {'t_us': 687234303, 'ax': -2.0, 'ay': 0.52, 'az': -0.18, 'gx': -32.18, 'gy': 24.82, 'gz': -41.76}]",2026-02-18 09:48:39,0.0
"[{'t_us': 687259260, 'ax': -2.0, 'ay': 0.12, 'az': 0.18, 'gx': -78.5, 'gy': 22.76, 'gz': -1.36}, {'t_us': 687276505, 'ax': -1.82, 'ay': 0.34, 'az': 0.16, 'gx': -140.32, 'gy': -84.61, 'gz': 9.94}, {'t_us': 687294266, 'ax': -0.59, 'ay': -0.11, 'az': 0.53, 'gx': -152.47, 'gy': 46.63, 'gz': 18.92}, {'t_us': 687314291, 'ax': -2.0, 'ay': 0.16, 'az': -0.74, 'gx': -139.94, 'gy': 226.37, 'gz': 15.76}, {'t_us': 687334291, 'ax': -1.24, 'ay': 0.1, 'az': -0.58, 'gx': -138.0, 'gy': -40.61, 'gz': 7.79}]",2026-02-18 09:48:39,0.0
"[{'t_us': 687358897, 'ax': -0.78, 'ay': -0.18, 'az': -0.56, 'gx': -90.03, 'gy': -61.15, 'gz': 5.5}, {'t_us': 687374311, 'ax': -0.47, 'ay': -0.16, 'az': -0.42, 'gx': -71.63, 'gy': -73.79, 'gz': 6.24}, {'t_us': 687394300, 'ax': 0.09, 'ay': -0.21, 'az': -0.28, 'gx': -62.52, 'gy': -73.94, 'gz': 10.49}, {'t_us': 687414321, 'ax': 0.43, 'ay': -0.32, 'az': -0.23, 'gx': -24.63, 'gy': -69.53, 'gz': 11.95}, {'t_us': 687434291, 'ax': 0.66, 'ay': -0.31, 'az': -0.35, 'gx': 9.3, 'gy': -42.21, 'gz': -0.37}]",2026-02-18 09:48:39,0.0
"[{'t_us': 687460475, 'ax': 0.4, 'ay': -0.05, 'az': -0.23, 'gx': 50.17, 'gy': 31.95, 'gz': -2.41}, {'t_us': 687474272, 'ax': 0.11, 'ay': -0.04, 'az': -0.18, 'gx': 45.22, 'gy': 39.25, 'gz': -1.47}, {'t_us': 687494281, 'ax': -0.42, 'ay': 0.07, 'az': -0.08, 'gx': 16.12, 'gy': 7.27, 'gz': -5.86}, {'t_us': 687514281, 'ax': -0.98, 'ay': 0.05, 'az': -0.12, 'gx': -30.15, 'gy': -47.07, 'gz': -25.21}, {'t_us': 687534309, 'ax': -1.53, 'ay': -0.18, 'az': -0.85, 'gx': -52.06, 'gy': 133.73, 'gz': -15.36}]",2026-02-18 09:48:39,0.0
"[{'t_us': 687558887, 'ax': -2.0, 'ay': -0.7, 'az': -0.35, 'gx': -35.69, 'gy': 42.69, 'gz': 48.78}, {'t_us': 687574599, 'ax': -2.0, 'ay': -0.58, 'az': -0.52, 'gx': -41.95, 'gy': -98.23, 'gz': 46.18}, {'t_us': 687594281, 'ax': -1.59, 'ay': 0.07, 'az': 0.22, 'gx': -22.2, 'gy': -87.79, 'gz': 35.21}, {'t_us': 687614308, 'ax': -0.63, 'ay': 0.17, 'az': 0.26, 'gx': 22.58, 'gy': 22.21, 'gz': 19.36}, {'t_us': 687634296, 'ax': -2.0, 'ay': 0.1, 'az': -0.67, 'gx': 91.71, 'gy': 194.7, 'gz': -19.53}]",2026-02-18 09:48:39,0.0
"[{'t_us': 687660978, 'ax': -1.36, 'ay': -0.24, 'az': -0.45, 'gx': 66.93, 'gy': 8.06, 'gz': -18.76}, {'t_us': 687674272, 'ax': -1.09, 'ay': -0.25, 'az': -0.22, 'gx': 46.37, 'gy': -71.4, 'gz': -5.36}, {'t_us': 687694288, 'ax': -0.8, 'ay': -0.05, 'az': -0.17, 'gx': 9.92, 'gy': -46.31, 'gz': -33.57}, {'t_us': 687714308, 'ax': -0.12, 'ay': 0.03, 'az': 0.07, 'gx': -18.52, 'gy': -37.57, 'gz': -21.04}, {'t_us': 687734296, 'ax': 0.18, 'ay': 0.24, 'az': 0.07, 'gx': -29.95, 'gy': -1.37, 'gz': -11.88}]",2026-02-18 09:48:39,0.0
"[{'t_us': 687760473, 'ax': 0.37, 'ay': 0.19, 'az': -0.1, 'gx': -46.63, 'gy': 26.9, 'gz': -5.91}, {'t_us': 687774321, 'ax': 0.4, 'ay': 0.16, 'az': -0.28, 'gx': -50.43, 'gy': -11.37, 'gz': -2.78}, {'t_us': 687794261, 'ax': 0.35, 'ay': 0.08, 'az': -0.31, 'gx': -44.72, 'gy': -12.38, 'gz': -0.09}, {'t_us': 687814316, 'ax': 0.01, 'ay': -0.06, 'az': -0.21, 'gx': -44.05, 'gy': 32.29, 'gz': -1.73}, {'t_us': 687834277, 'ax': -0.53, 'ay': -0.06, 'az': -0.17, 'gx': -65.36, 'gy': -10.93, 'gz': 1.36}]",2026-02-18 09:48:40,0.0
"[{'t_us': 687858916, 'ax': -1.74, 'ay': 0.19, 'az': -0.42, 'gx': -54.85, 'gy': -65.95, 'gz': -27.15}, {'t_us': 687874291, 'ax': -2.0, 'ay': 0.39, 'az': -0.86, 'gx': -26.06, 'gy': 12.82, 'gz': -69.5}, {'t_us': 687894321, 'ax': -2.0, 'ay': 0.34, 'az': -0.17, 'gx': -15.51, 'gy': 58.7, 'gz': -48.02}, {'t_us': 687914288, 'ax': -2.0, 'ay': -0.18, 'az': 0.03, 'gx': -95.28, 'gy': -61.45, 'gz': 0.89}, {'t_us': 687934298, 'ax': -1.25, 'ay': 0.24, 'az': 0.22, 'gx': -139.05, 'gy': -39.57, 'gz': -7.71}]",2026-02-18 09:48:40,0.0
"[{'t_us': 687960871, 'ax': -1.49, 'ay': 0.17, 'az': -0.5, 'gx': -141.71, 'gy': 143.1, 'gz': 16.32}, {'t_us': 687974281, 'ax': -1.93, 'ay': 0.37, 'az': -0.25, 'gx': -143.15, 'gy': 21.59, 'gz': -26.55}, {'t_us': 687994303, 'ax': -1.28, 'ay': 0.33, 'az': -0.24, 'gx': -120.58, 'gy': -9.47, 'gz': 1.83}, {'t_us': 688014316, 'ax': -0.72, 'ay': -0.11, 'az': -0.46, 'gx': -77.57, 'gy': -36.87, 'gz': -14.02}, {'t_us': 688034321, 'ax': -0.27, 'ay': -0.22, 'az': -0.27, 'gx': -43.92, 'gy': -24.96, 'gz': -23.39}]",2026-02-18 09:48:40,0.0
"[{'t_us': 688059006, 'ax': 0.19, 'ay': -0.31, 'az': -0.04, 'gx': -46.85, 'gy': -44.44, 'gz': -19.76}, {'t_us': 688074265, 'ax': 0.51, 'ay': -0.32, 'az': -0.2, 'gx': -35.65, 'gy': -50.64, 'gz': -20.0}, {'t_us': 688094271, 'ax': 0.64, 'ay': -0.26, 'az': -0.48, 'gx': 9.48, 'gy': -36.18, 'gz': -13.4}, {'t_us': 688114316, 'ax': 0.51, 'ay': -0.01, 'az': -0.37, 'gx': 37.76, 'gy': -23.54, 'gz': -9.44}, {'t_us': 688134288, 'ax': 0.02, 'ay': 0.07, 'az': -0.23, 'gx': 31.89, 'gy': 5.98, 'gz': -2.87}]",2026-02-18 09:48:40,0.0
"[{'t_us': 688160463, 'ax': -0.85, 'ay': 0.01, 'az': -0.14, 'gx': 0.24, 'gy': -11.88, 'gz': -16.98}, {'t_us': 688174307, 'ax': -1.66, 'ay': -0.15, 'az': -0.04, 'gx': -35.02, 'gy': -44.98, 'gz': -26.61}, {'t_us': 688194271, 'ax': -1.98, 'ay': -0.6, 'az': -1.09, 'gx': -15.01, 'gy': 146.17, 'gz': 16.78}, {'t_us': 688214288, 'ax': -2.0, 'ay': -0.94, 'az': -0.33, 'gx': -46.64, 'gy': 42.53, 'gz': 49.5}, {'t_us': 688234300, 'ax': -1.97, 'ay': -0.32, 'az': -0.57, 'gx': -34.31, 'gy': -101.18, 'gz': 49.22}]",2026-02-18 09:48:40,0.0
"[{'t_us': 688260946, 'ax': -0.9, 'ay': 0.55, 'az': 0.01, 'gx': 0.34, 'gy': 10.32, 'gz': 21.8}, {'t_us': 688275038, 'ax': -1.25, 'ay': 0.33, 'az': -0.2, 'gx': 28.38, 'gy': 90.27, 'gz': 6.84}, {'t_us': 688294262, 'ax': -1.98, 'ay': -0.15, 'az': -0.41, 'gx': 48.5, 'gy': 78.61, 'gz': -31.01}, {'t_us': 688314296, 'ax': -1.48, 'ay': -0.0, 'az': -0.29, 'gx': 23.19, 'gy': 11.92, 'gz': -30.27}, {'t_us': 688334321, 'ax': -0.97, 'ay': -0.24, 'az': -0.15, 'gx': 6.38, 'gy': -46.29, 'gz': -22.02}]",2026-02-18 09:48:40,0.0
"[{'t_us': 688359142, 'ax': -0.5, 'ay': -0.19, 'az': -0.08, 'gx': -36.06, 'gy': -56.82, 'gz': -16.47}, {'t_us': 688374255, 'ax': -0.17, 'ay': -0.09, 'az': 0.08, 'gx': -50.44, 'gy': -53.36, 'gz': -12.27}, {'t_us': 688394321, 'ax': 0.15, 'ay': 0.13, 'az': 0.08, 'gx': -58.58, 'gy': -14.43, 'gz': -5.36}, {'t_us': 688414308, 'ax': 0.16, 'ay': 0.18, 'az': -0.1, 'gx': -69.48, 'gy': 4.17, 'gz': -3.36}, {'t_us': 688434262, 'ax': 0.22, 'ay': 0.13, 'az': -0.31, 'gx': -75.8, 'gy': -4.49, 'gz': -1.97}]",2026-02-18 09:48:40,
