samples,timestamp,label
"[{'t_us': 449956058, 'ax': -0.29, 'ay': -0.23, 'az': -0.25, 'gx': 42.67, 'gy': -16.34, 'gz': 6.98}, {'t_us': 449974277, 'ax': -0.3, 'ay': -0.24, 'az': -0.23, 'gx': 50.27, 'gy': -13.45, 'gz': 7.34}, {'t_us': 449994291, 'ax': -0.41, 'ay': -0.19, 'az': -0.27, 'gx': 53.82, 'gy': -13.62, 'gz': 12.11}, {'t_us': 450014255, 'ax': -0.7, 'ay': 0.03, 'az': -0.22, 'gx': 51.45, 'gy': -9.92, 'gz': 9.42}, {'t_us': 450034255, 'ax': -1.19, 'ay': 0.4, 'az': -0.02, 'gx': 46.64, 'gy': -16.32, 'gz': -0.78}]",2026-02-18 09:44:42,0.0
"[{'t_us': 450060840, 'ax': -1.85, 'ay': 0.69, 'az': 0.29, 'gx': 46.46, 'gy': -33.88, 'gz': -30.41}, {'t_us': 450074385, 'ax': -1.93, 'ay': 0.72, 'az': 0.34, 'gx': 46.93, 'gy': -19.53, 'gz': -40.52}, {'t_us': 450094277, 'ax': -1.52, 'ay': 0.19, 'az': 0.19, 'gx': 39.21, 'gy': -41.83, 'gz': -36.89}, {'t_us': 450114272, 'ax': -1.07, 'ay': -0.15, 'az': 0.32, 'gx': 33.65, 'gy': -36.26, 'gz': -23.36}, {'t_us': 450134281, 'ax': -0.97, 'ay': -0.44, 'az': 0.32, 'gx': 35.59, 'gy': -13.31, 'gz': -9.97}]",2026-02-18 09:44:42,0.0
"[{'t_us': 450160629, 'ax': -1.24, 'ay': -0.49, 'az': 0.1, 'gx': 46.32, 'gy': 22.23, 'gz': 8.27}, {'t_us': 450174262, 'ax': -1.35, 'ay': -0.36, 'az': 0.05, 'gx': 52.7, 'gy': 27.18, 'gz': 16.44}, {'t_us': 450194316, 'ax': -1.46, 'ay': -0.09, 'az': -0.11, 'gx': 66.6, 'gy': 16.58, 'gz': 16.95}, {'t_us': 450214283, 'ax': -1.38, 'ay': 0.1, 'az': -0.05, 'gx': 83.74, 'gy': 1.94, 'gz': 10.23}, {'t_us': 450234277, 'ax': -1.06, 'ay': 0.16, 'az': 0.08, 'gx': 93.59, 'gy': -2.11, 'gz': 2.03}]",2026-02-18 09:44:42,0.0
"[{'t_us': 450260454, 'ax': -0.74, 'ay': 0.14, 'az': 0.18, 'gx': 94.27, 'gy': 6.7, 'gz': 2.17}, {'t_us': 450274269, 'ax': -0.64, 'ay': 0.13, 'az': 0.15, 'gx': 86.2, 'gy': 14.44, 'gz': 5.18}, {'t_us': 450294281, 'ax': -0.56, 'ay': 0.11, 'az': 0.12, 'gx': 75.13, 'gy': 16.37, 'gz': 7.42}, {'t_us': 450314281, 'ax': -0.57, 'ay': 0.1, 'az': 0.07, 'gx': 70.06, 'gy': 10.03, 'gz': 0.79}, {'t_us': 450334281, 'ax': -0.55, 'ay': 0.2, 'az': 0.06, 'gx': 61.92, 'gy': -6.12, 'gz': -8.75}]",2026-02-18 09:44:42,0.0
"[{'t_us': 450358787, 'ax': -0.57, 'ay': 0.31, 'az': 0.04, 'gx': 45.34, 'gy': -19.53, 'gz': -18.82}, {'t_us': 450374309, 'ax': -0.5, 'ay': 0.29, 'az': 0.03, 'gx': 37.08, 'gy': -28.81, 'gz': -21.59}, {'t_us': 450394282, 'ax': -0.37, 'ay': 0.24, 'az': 0.01, 'gx': 30.58, 'gy': -28.85, 'gz': -22.96}, {'t_us': 450414281, 'ax': -0.36, 'ay': 0.15, 'az': -0.01, 'gx': 31.79, 'gy': -19.31, 'gz': -22.55}, {'t_us': 450434271, 'ax': -0.45, 'ay': 0.05, 'az': -0.14, 'gx': 41.63, 'gy': -5.94, 'gz': -19.8}]",2026-02-18 09:44:42,0.0
"[{'t_us': 450458703, 'ax': -0.74, 'ay': -0.22, 'az': -0.18, 'gx': 56.37, 'gy': 4.37, 'gz': -6.89}, {'t_us': 450474312, 'ax': -1.13, 'ay': -0.45, 'az': -0.18, 'gx': 69.24, 'gy': 3.54, 'gz': 11.3}, {'t_us': 450494303, 'ax': -1.71, 'ay': -0.45, 'az': 0.0, 'gx': 73.21, 'gy': -10.2, 'gz': 29.73}, {'t_us': 450514303, 'ax': -1.92, 'ay': -0.13, 'az': 0.08, 'gx': 53.04, 'gy': -8.61, 'gz': 16.99}, {'t_us': 450534291, 'ax': -1.57, 'ay': 0.26, 'az': -0.02, 'gx': 42.52, 'gy': -35.34, 'gz': -3.56}]",2026-02-18 09:44:42,0.0
"[{'t_us': 450560615, 'ax': -1.1, 'ay': 0.65, 'az': 0.48, 'gx': 35.02, 'gy': -25.21, 'gz': -6.9}, {'t_us': 450574255, 'ax': -1.12, 'ay': 0.69, 'az': 0.6, 'gx': 22.38, 'gy': -5.15, 'gz': -9.89}, {'t_us': 450594322, 'ax': -1.21, 'ay': 0.68, 'az': 0.57, 'gx': -5.02, 'gy': 14.44, 'gz': -17.25}, {'t_us': 450614262, 'ax': -1.28, 'ay': 0.37, 'az': 0.35, 'gx': -32.98, 'gy': 20.84, 'gz': -26.82}, {'t_us': 450634315, 'ax': -1.34, 'ay': 0.06, 'az': 0.1, 'gx': -48.46, 'gy': 22.81, 'gz': -30.24}]",2026-02-18 09:44:42,0.0
"[{'t_us': 450659017, 'ax': -1.31, 'ay': -0.16, 'az': -0.02, 'gx': -47.11, 'gy': 12.76, 'gz': -33.07}, {'t_us': 450674322, 'ax': -1.13, 'ay': -0.25, 'az': 0.01, 'gx': -43.86, 'gy': 6.69, 'gz': -32.66}, {'t_us': 450694271, 'ax': -0.84, 'ay': -0.26, 'az': 0.07, 'gx': -35.92, 'gy': 4.44, 'gz': -27.47}, {'t_us': 450714277, 'ax': -0.62, 'ay': -0.18, 'az': 0.14, 'gx': -25.37, 'gy': 10.38, 'gz': -24.87}, {'t_us': 450734310, 'ax': -0.5, 'ay': -0.12, 'az': 0.13, 'gx': -18.38, 'gy': 13.8, 'gz': -21.13}]",2026-02-18 09:44:42,0.0
"[{'t_us': 450760720, 'ax': -0.32, 'ay': -0.16, 'az': -0.03, 'gx': -8.92, 'gy': -1.53, 'gz': -7.89}, {'t_us': 450774312, 'ax': -0.23, 'ay': -0.18, 'az': -0.08, 'gx': -3.37, 'gy': -3.83, 'gz': 1.65}, {'t_us': 450794271, 'ax': -0.26, 'ay': -0.11, 'az': -0.13, 'gx': 3.39, 'gy': -4.17, 'gz': 12.53}, {'t_us': 450814277, 'ax': -0.24, 'ay': -0.17, 'az': -0.2, 'gx': 6.67, 'gy': -3.45, 'gz': 13.63}, {'t_us': 450834277, 'ax': -0.25, 'ay': -0.17, 'az': -0.19, 'gx': 12.79, 'gy': -3.77, 'gz': 12.89}]",2026-02-18 09:44:43,0.0
"[{'t_us': 450859095, 'ax': -0.5, 'ay': 0.03, 'az': -0.17, 'gx': 8.44, 'gy': 2.05, 'gz': 9.85}, {'t_us': 450874321, 'ax': -0.75, 'ay': 0.23, 'az': -0.13, 'gx': 1.3, 'gy': 4.32, 'gz': 2.47}, {'t_us': 450894296, 'ax': -1.18, 'ay': 0.5, 'az': 0.03, 'gx': -6.99, 'gy': -3.36, 'gz': -11.73}, {'t_us': 450914296, 'ax': -1.79, 'ay': 0.61, 'az': 0.18, 'gx': -3.47, 'gy': -20.63, 'gz': -36.29}, {'t_us': 450934316, 'ax': -1.84, 'ay': 0.65, 'az': 0.33, 'gx': 1.57, 'gy': -25.88, 'gz': -50.31}]",2026-02-18 09:44:43,0.0
"[{'t_us': 450959009, 'ax': -1.26, 'ay': 0.01, 'az': 0.2, 'gx': 1.5, 'gy': -30.92, 'gz': -39.05}, {'t_us': 450974296, 'ax': -1.04, 'ay': -0.22, 'az': 0.39, 'gx': -0.63, 'gy': -30.23, 'gz': -26.7}, {'t_us': 450994321, 'ax': -0.94, 'ay': -0.5, 'az': 0.55, 'gx': 2.27, 'gy': -13.83, 'gz': -7.97}, {'t_us': 451014316, 'ax': -1.07, 'ay': -0.53, 'az': 0.46, 'gx': 15.27, 'gy': 20.31, 'gz': 8.08}, {'t_us': 451034316, 'ax': -1.3, 'ay': -0.32, 'az': 0.3, 'gx': 19.13, 'gy': 33.18, 'gz': 22.99}]",2026-02-18 09:44:43,0.0
"[{'t_us': 451061243, 'ax': -1.33, 'ay': 0.08, 'az': 0.1, 'gx': 34.44, 'gy': 23.3, 'gz': 31.24}, {'t_us': 451074315, 'ax': -1.29, 'ay': 0.15, 'az': 0.08, 'gx': 43.57, 'gy': 27.83, 'gz': 25.05}, {'t_us': 451094308, 'ax': -1.11, 'ay': 0.19, 'az': 0.09, 'gx': 56.98, 'gy': 26.49, 'gz': 18.08}, {'t_us': 451114277, 'ax': -0.87, 'ay': 0.15, 'az': 0.13, 'gx': 58.82, 'gy': 25.94, 'gz': 11.91}, {'t_us': 451134277, 'ax': -0.78, 'ay': 0.15, 'az': 0.08, 'gx': 50.63, 'gy': 23.4, 'gz': 4.92}]",2026-02-18 09:44:43,0.0
"[{'t_us': 451159206, 'ax': -0.75, 'ay': 0.16, 'az': 0.06, 'gx': 38.79, 'gy': 18.26, 'gz': -1.4}, {'t_us': 451174296, 'ax': -0.72, 'ay': 0.25, 'az': 0.07, 'gx': 31.37, 'gy': 7.48, 'gz': -5.59}, {'t_us': 451194321, 'ax': -0.63, 'ay': 0.37, 'az': 0.01, 'gx': 18.38, 'gy': -10.82, 'gz': -15.45}, {'t_us': 451214316, 'ax': -0.46, 'ay': 0.35, 'az': -0.01, 'gx': 7.37, 'gy': -20.17, 'gz': -20.89}, {'t_us': 451234277, 'ax': -0.3, 'ay': 0.33, 'az': -0.02, 'gx': -0.2, 'gy': -16.52, 'gz': -20.5}]",2026-02-18 09:44:43,0.0
"[{'t_us': 451258808, 'ax': -0.18, 'ay': 0.24, 'az': -0.05, 'gx': -5.94, 'gy': 2.98, 'gz': -15.97}, {'t_us': 451274321, 'ax': -0.23, 'ay': 0.17, 'az': -0.08, 'gx': -4.98, 'gy': 15.42, 'gz': -10.4}, {'t_us': 451294316, 'ax': -0.54, 'ay': -0.02, 'az': -0.18, 'gx': -2.21, 'gy': 21.95, 'gz': 0.79}, {'t_us': 451314277, 'ax': -0.82, 'ay': -0.32, 'az': -0.22, 'gx': 3.28, 'gy': 24.76, 'gz': 9.89}, {'t_us': 451334303, 'ax': -1.23, 'ay': -0.55, 'az': -0.08, 'gx': 8.46, 'gy': 23.76, 'gz': 28.23}]",2026-02-18 09:44:43,0.0
"[{'t_us': 451360686, 'ax': -1.72, 'ay': -0.43, 'az': 0.1, 'gx': 3.45, 'gy': 2.05, 'gz': 29.82}, {'t_us': 451374308, 'ax': -1.65, 'ay': -0.19, 'az': 0.04, 'gx': 1.33, 'gy': 3.13, 'gz': 22.93}, {'t_us': 451394312, 'ax': -1.35, 'ay': 0.29, 'az': 0.2, 'gx': 0.99, 'gy': -12.85, 'gz': 17.05}, {'t_us': 451414277, 'ax': -1.17, 'ay': 0.54, 'az': 0.54, 'gx': -3.85, 'gy': -7.69, 'gz': 12.24}, {'t_us': 451434288, 'ax': -1.24, 'ay': 0.62, 'az': 0.55, 'gx': -16.95, 'gy': 16.26, 'gz': 6.27}]",2026-02-18 09:44:43,0.0
"[{'t_us': 451459187, 'ax': -1.28, 'ay': 0.4, 'az': 0.35, 'gx': -36.69, 'gy': 32.75, 'gz': -12.64}, {'t_us': 451474291, 'ax': -1.28, 'ay': 0.15, 'az': 0.19, 'gx': -48.82, 'gy': 42.66, 'gz': -19.08}, {'t_us': 451494271, 'ax': -1.33, 'ay': -0.09, 'az': -0.03, 'gx': -55.44, 'gy': 47.74, 'gz': -21.69}, {'t_us': 451514277, 'ax': -1.25, 'ay': -0.26, 'az': -0.04, 'gx': -54.63, 'gy': 39.98, 'gz': -14.82}, {'t_us': 451534303, 'ax': -1.05, 'ay': -0.25, 'az': 0.0, 'gx': -54.41, 'gy': 34.32, 'gz': -8.41}]",2026-02-18 09:44:43,0.0
"[{'t_us': 451560523, 'ax': -0.81, 'ay': -0.02, 'az': 0.05, 'gx': -47.5, 'gy': 28.63, 'gz': -3.68}, {'t_us': 451574272, 'ax': -0.71, 'ay': 0.03, 'az': 0.07, 'gx': -46.63, 'gy': 28.79, 'gz': -3.3}, {'t_us': 451594271, 'ax': -0.62, 'ay': 0.06, 'az': 0.06, 'gx': -47.68, 'gy': 25.6, 'gz': -2.38}, {'t_us': 451614277, 'ax': -0.47, 'ay': 0.01, 'az': 0.01, 'gx': -49.71, 'gy': 15.65, 'gz': -0.49}, {'t_us': 451634291, 'ax': -0.3, 'ay': -0.03, 'az': -0.06, 'gx': -46.95, 'gy': 10.61, 'gz': 9.57}]",2026-02-18 09:44:43,0.0
"[{'t_us': 451660720, 'ax': -0.39, 'ay': -0.18, 'az': -0.14, 'gx': -33.37, 'gy': 4.96, 'gz': 19.37}, {'t_us': 451674296, 'ax': -0.46, 'ay': -0.27, 'az': -0.16, 'gx': -20.82, 'gy': 1.13, 'gz': 17.19}, {'t_us': 451694321, 'ax': -0.48, 'ay': -0.34, 'az': -0.23, 'gx': -2.75, 'gy': -13.6, 'gz': 11.83}, {'t_us': 451714281, 'ax': -0.47, 'ay': -0.31, 'az': -0.24, 'gx': 9.83, 'gy': -20.69, 'gz': 12.81}, {'t_us': 451734271, 'ax': -0.61, 'ay': -0.07, 'az': -0.2, 'gx': 5.76, 'gy': -7.48, 'gz': 12.89}]",2026-02-18 09:44:43,0.0
"[{'t_us': 451762503, 'ax': -1.38, 'ay': 0.5, 'az': 0.05, 'gx': -14.69, 'gy': 7.88, 'gz': -1.53}, {'t_us': 451774271, 'ax': -1.69, 'ay': 0.59, 'az': 0.1, 'gx': -19.07, 'gy': -0.09, 'gz': -13.3}, {'t_us': 451794277, 'ax': -2.0, 'ay': 0.61, 'az': 0.12, 'gx': -7.36, 'gy': -31.27, 'gz': -31.25}, {'t_us': 451814303, 'ax': -1.6, 'ay': 0.21, 'az': -0.13, 'gx': 13.48, 'gy': -51.82, 'gz': -32.7}, {'t_us': 451834316, 'ax': -1.12, 'ay': -0.22, 'az': -0.07, 'gx': 26.34, 'gy': -45.82, 'gz': -26.24}]",2026-02-18 09:44:44,0.0
"[{'t_us': 451862082, 'ax': -0.95, 'ay': -0.71, 'az': 0.29, 'gx': 37.37, 'gy': -12.47, 'gz': -0.38}, {'t_us': 451875800, 'ax': -1.13, 'ay': -0.62, 'az': 0.25, 'gx': 36.53, 'gy': 9.13, 'gz': 12.81}, {'t_us': 451894308, 'ax': -1.34, 'ay': -0.27, 'az': 0.03, 'gx': 45.3, 'gy': 19.24, 'gz': 25.34}, {'t_us': 451914288, 'ax': -1.54, 'ay': 0.03, 'az': -0.18, 'gx': 69.05, 'gy': 5.02, 'gz': 16.21}, {'t_us': 451934308, 'ax': -1.43, 'ay': 0.18, 'az': -0.15, 'gx': 90.21, 'gy': -2.2, 'gz': 3.22}]",2026-02-18 09:44:44,0.0
"[{'t_us': 451958779, 'ax': -1.09, 'ay': 0.11, 'az': 0.05, 'gx': 101.89, 'gy': -10.43, 'gz': -3.34}, {'t_us': 451974291, 'ax': -0.9, 'ay': 0.07, 'az': 0.13, 'gx': 98.96, 'gy': -10.18, 'gz': -4.17}, {'t_us': 451994291, 'ax': -0.64, 'ay': 0.05, 'az': 0.19, 'gx': 87.45, 'gy': -5.27, 'gz': -0.43}, {'t_us': 452014321, 'ax': -0.5, 'ay': 0.09, 'az': 0.15, 'gx': 69.36, 'gy': 5.68, 'gz': 5.19}, {'t_us': 452034296, 'ax': -0.44, 'ay': 0.13, 'az': 0.1, 'gx': 54.87, 'gy': 14.41, 'gz': 7.5}]",2026-02-18 09:44:44,0.0
"[{'t_us': 452060794, 'ax': -0.4, 'ay': 0.29, 'az': 0.03, 'gx': 41.97, 'gy': 12.44, 'gz': 4.43}, {'t_us': 452074280, 'ax': -0.4, 'ay': 0.38, 'az': 0.0, 'gx': 31.82, 'gy': 10.4, 'gz': -1.77}, {'t_us': 452094271, 'ax': -0.42, 'ay': 0.42, 'az': -0.02, 'gx': 15.27, 'gy': 10.53, 'gz': -10.5}, {'t_us': 452114277, 'ax': -0.35, 'ay': 0.37, 'az': -0.08, 'gx': 7.57, 'gy': 7.6, 'gz': -14.89}, {'t_us': 452134277, 'ax': -0.31, 'ay': 0.28, 'az': -0.14, 'gx': 2.78, 'gy': 8.31, 'gz': -19.73}]",2026-02-18 09:44:44,0.0
"[{'t_us': 452161426, 'ax': -0.46, 'ay': -0.02, 'az': -0.33, 'gx': 14.55, 'gy': 10.15, 'gz': -24.99}, {'t_us': 452174303, 'ax': -0.57, 'ay': -0.24, 'az': -0.35, 'gx': 22.85, 'gy': 16.4, 'gz': -22.93}, {'t_us': 452194277, 'ax': -0.95, 'ay': -0.66, 'az': -0.19, 'gx': 25.98, 'gy': 27.37, 'gz': -0.35}, {'t_us': 452214303, 'ax': -1.71, 'ay': -0.62, 'az': 0.21, 'gx': 10.89, 'gy': 0.98, 'gz': 40.15}, {'t_us': 452234271, 'ax': -1.97, 'ay': -0.29, 'az': 0.13, 'gx': -2.78, 'gy': -7.25, 'gz': 42.27}]",2026-02-18 09:44:44,0.0
"[{'t_us': 452260388, 'ax': -1.51, 'ay': 0.36, 'az': 0.16, 'gx': -3.66, 'gy': -42.89, 'gz': 21.25}, {'t_us': 452274259, 'ax': -1.27, 'ay': 0.58, 'az': 0.34, 'gx': 9.31, 'gy': -38.06, 'gz': 7.65}, {'t_us': 452294312, 'ax': -1.11, 'ay': 0.56, 'az': 0.61, 'gx': 12.41, 'gy': -8.29, 'gz': -1.68}, {'t_us': 452314308, 'ax': -1.22, 'ay': 0.46, 'az': 0.46, 'gx': -1.24, 'gy': 13.45, 'gz': -15.34}, {'t_us': 452334277, 'ax': -1.39, 'ay': 0.15, 'az': 0.25, 'gx': -21.3, 'gy': 20.03, 'gz': -24.79}]",2026-02-18 09:44:44,0.0
"[{'t_us': 452359069, 'ax': -1.51, 'ay': -0.0, 'az': -0.0, 'gx': -39.39, 'gy': 13.15, 'gz': -29.57}, {'t_us': 452374307, 'ax': -1.43, 'ay': -0.05, 'az': -0.03, 'gx': -44.37, 'gy': 6.49, 'gz': -25.97}, {'t_us': 452394277, 'ax': -1.14, 'ay': -0.06, 'az': 0.03, 'gx': -48.7, 'gy': 4.84, 'gz': -20.5}, {'t_us': 452414281, 'ax': -0.98, 'ay': -0.04, 'az': 0.05, 'gx': -45.21, 'gy': 5.83, 'gz': -18.93}, {'t_us': 452434288, 'ax': -0.77, 'ay': -0.03, 'az': 0.1, 'gx': -41.19, 'gy': 9.68, 'gz': -17.05}]",2026-02-18 09:44:44,0.0
"[{'t_us': 452460603, 'ax': -0.59, 'ay': -0.09, 'az': 0.07, 'gx': -43.97, 'gy': 16.02, 'gz': -9.85}, {'t_us': 452474308, 'ax': -0.51, 'ay': -0.15, 'az': -0.0, 'gx': -48.24, 'gy': 10.02, 'gz': -2.23}, {'t_us': 452494288, 'ax': -0.39, 'ay': -0.17, 'az': -0.13, 'gx': -46.98, 'gy': -2.43, 'gz': 9.8}, {'t_us': 452514308, 'ax': -0.35, 'ay': -0.18, 'az': -0.19, 'gx': -39.95, 'gy': -10.49, 'gz': 19.21}, {'t_us': 452534255, 'ax': -0.29, 'ay': -0.15, 'az': -0.21, 'gx': -23.85, 'gy': -17.07, 'gz': 18.12}]",2026-02-18 09:44:44,0.0
"[{'t_us': 452560389, 'ax': -0.21, 'ay': -0.16, 'az': -0.18, 'gx': -4.37, 'gy': -16.35, 'gz': 8.17}, {'t_us': 452574288, 'ax': -0.21, 'ay': -0.14, 'az': -0.21, 'gx': 0.08, 'gy': -16.37, 'gz': 7.98}, {'t_us': 452594296, 'ax': -0.4, 'ay': -0.04, 'az': -0.3, 'gx': 2.82, 'gy': -14.35, 'gz': 6.24}, {'t_us': 452614321, 'ax': -0.81, 'ay': 0.16, 'az': -0.25, 'gx': 8.0, 'gy': -8.31, 'gz': -7.19}, {'t_us': 452634281, 'ax': -1.39, 'ay': 0.3, 'az': -0.03, 'gx': 10.66, 'gy': -20.6, 'gz': -31.45}]",2026-02-18 09:44:44,0.0
"[{'t_us': 452660903, 'ax': -1.87, 'ay': 0.44, 'az': 0.34, 'gx': 33.4, 'gy': -30.52, 'gz': -55.01}, {'t_us': 452674255, 'ax': -1.87, 'ay': 0.56, 'az': 0.39, 'gx': 34.81, 'gy': -20.93, 'gz': -54.93}, {'t_us': 452694303, 'ax': -1.26, 'ay': 0.14, 'az': 0.31, 'gx': 25.77, 'gy': -50.18, 'gz': -34.38}, {'t_us': 452714262, 'ax': -0.92, 'ay': -0.16, 'az': 0.53, 'gx': 8.21, 'gy': -36.85, 'gz': -6.32}, {'t_us': 452734277, 'ax': -0.97, 'ay': -0.34, 'az': 0.54, 'gx': 12.89, 'gy': 8.37, 'gz': 2.29}]",2026-02-18 09:44:44,0.0
"[{'t_us': 452758850, 'ax': -1.15, 'ay': -0.31, 'az': 0.34, 'gx': 26.85, 'gy': 50.29, 'gz': 12.11}, {'t_us': 452774332, 'ax': -1.33, 'ay': -0.16, 'az': 0.19, 'gx': 30.63, 'gy': 46.69, 'gz': 19.54}, {'t_us': 452794271, 'ax': -1.4, 'ay': 0.05, 'az': 0.08, 'gx': 36.87, 'gy': 32.12, 'gz': 26.12}, {'t_us': 452814277, 'ax': -1.34, 'ay': 0.17, 'az': -0.01, 'gx': 43.22, 'gy': 30.17, 'gz': 21.8}, {'t_us': 452834277, 'ax': -1.11, 'ay': 0.2, 'az': 0.02, 'gx': 55.56, 'gy': 22.4, 'gz': 15.15}]",2026-02-18 09:44:45,0.0
"[{'t_us': 452860928, 'ax': -0.86, 'ay': 0.18, 'az': 0.04, 'gx': 54.23, 'gy': 23.97, 'gz': 6.81}, {'t_us': 452874262, 'ax': -0.82, 'ay': 0.15, 'az': 0.0, 'gx': 49.4, 'gy': 24.56, 'gz': 3.76}, {'t_us': 452894288, 'ax': -0.75, 'ay': 0.12, 'az': 0.04, 'gx': 45.22, 'gy': 18.82, 'gz': 2.58}, {'t_us': 452914308, 'ax': -0.71, 'ay': 0.14, 'az': 0.02, 'gx': 41.08, 'gy': 7.74, 'gz': -1.94}, {'t_us': 452934276, 'ax': -0.58, 'ay': 0.23, 'az': 0.01, 'gx': 32.66, 'gy': -6.98, 'gz': -8.27}]",2026-02-18 09:44:45,0.0
"[{'t_us': 452958665, 'ax': -0.37, 'ay': 0.31, 'az': -0.01, 'gx': 21.37, 'gy': -10.03, 'gz': -14.41}, {'t_us': 452974308, 'ax': -0.27, 'ay': 0.36, 'az': -0.03, 'gx': 13.97, 'gy': -2.79, 'gz': -14.95}, {'t_us': 452994262, 'ax': -0.17, 'ay': 0.27, 'az': -0.1, 'gx': 8.35, 'gy': 4.52, 'gz': -12.58}, {'t_us': 453014291, 'ax': -0.2, 'ay': 0.18, 'az': -0.24, 'gx': 5.28, 'gy': 8.9, 'gz': -6.02}, {'t_us': 453034303, 'ax': -0.41, 'ay': -0.04, 'az': -0.28, 'gx': 7.45, 'gy': 1.89, 'gz': 1.42}]",2026-02-18 09:44:45,0.0
"[{'t_us': 453060450, 'ax': -0.77, 'ay': -0.34, 'az': -0.25, 'gx': 11.97, 'gy': 0.78, 'gz': 22.93}, {'t_us': 453074271, 'ax': -1.23, 'ay': -0.37, 'az': -0.02, 'gx': 9.74, 'gy': -14.72, 'gz': 37.24}, {'t_us': 453094312, 'ax': -1.71, 'ay': -0.29, 'az': 0.35, 'gx': -6.82, 'gy': -33.31, 'gz': 38.08}, {'t_us': 453114277, 'ax': -1.7, 'ay': 0.03, 'az': 0.22, 'gx': -15.88, 'gy': -0.92, 'gz': 26.44}, {'t_us': 453134312, 'ax': -1.46, 'ay': 0.22, 'az': 0.23, 'gx': -20.24, 'gy': -34.87, 'gz': 8.96}]",2026-02-18 09:44:45,0.0
"[{'t_us': 453159215, 'ax': -1.26, 'ay': 0.36, 'az': 0.51, 'gx': 0.69, 'gy': -23.88, 'gz': 4.6}, {'t_us': 453174281, 'ax': -1.29, 'ay': 0.39, 'az': 0.48, 'gx': -5.39, 'gy': -0.63, 'gz': 0.35}, {'t_us': 453194324, 'ax': -1.47, 'ay': 0.26, 'az': 0.42, 'gx': -21.92, 'gy': 16.06, 'gz': -7.07}, {'t_us': 453214281, 'ax': -1.53, 'ay': 0.08, 'az': 0.27, 'gx': -38.12, 'gy': 17.79, 'gz': -16.02}, {'t_us': 453234291, 'ax': -1.43, 'ay': -0.05, 'az': 0.12, 'gx': -45.65, 'gy': 11.79, 'gz': -17.16}]",2026-02-18 09:44:45,0.0
"[{'t_us': 453260935, 'ax': -1.1, 'ay': -0.14, 'az': 0.09, 'gx': -43.65, 'gy': 5.95, 'gz': -15.48}, {'t_us': 453277081, 'ax': -0.89, 'ay': -0.15, 'az': 0.07, 'gx': -36.26, 'gy': 14.75, 'gz': -16.0}, {'t_us': 453294305, 'ax': -0.78, 'ay': -0.13, 'az': 0.06, 'gx': -25.56, 'gy': 24.82, 'gz': -14.43}, {'t_us': 453314271, 'ax': -0.73, 'ay': -0.12, 'az': 0.05, 'gx': -16.5, 'gy': 28.21, 'gz': -10.47}, {'t_us': 453334312, 'ax': -0.68, 'ay': -0.11, 'az': 0.07, 'gx': -18.0, 'gy': 17.91, 'gz': -3.83}]",2026-02-18 09:44:45,0.0
"[{'t_us': 453360983, 'ax': -0.48, 'ay': -0.16, 'az': -0.01, 'gx': -23.1, 'gy': -0.84, 'gz': 14.49}, {'t_us': 453374271, 'ax': -0.41, 'ay': -0.2, 'az': -0.08, 'gx': -19.34, 'gy': -9.31, 'gz': 25.08}, {'t_us': 453394291, 'ax': -0.44, 'ay': -0.17, 'az': -0.12, 'gx': -7.92, 'gy': -24.63, 'gz': 29.69}, {'t_us': 453414321, 'ax': -0.4, 'ay': -0.24, 'az': -0.18, 'gx': 5.77, 'gy': -39.79, 'gz': 26.6}, {'t_us': 453434273, 'ax': -0.28, 'ay': -0.25, 'az': -0.09, 'gx': 22.05, 'gy': -40.26, 'gz': 21.1}]",2026-02-18 09:44:45,0.0
"[{'t_us': 453458589, 'ax': -0.37, 'ay': -0.19, 'az': -0.05, 'gx': 31.47, 'gy': -26.27, 'gz': 18.69}, {'t_us': 453474303, 'ax': -0.56, 'ay': -0.06, 'az': -0.17, 'gx': 35.66, 'gy': -11.13, 'gz': 20.52}, {'t_us': 453494316, 'ax': -1.11, 'ay': 0.14, 'az': -0.17, 'gx': 30.24, 'gy': -3.19, 'gz': 7.56}, {'t_us': 453514277, 'ax': -1.35, 'ay': 0.32, 'az': 0.01, 'gx': 21.88, 'gy': -10.43, 'gz': -18.85}, {'t_us': 453534271, 'ax': -1.2, 'ay': 0.51, 'az': 0.1, 'gx': 15.07, 'gy': -28.84, 'gz': -26.11}]",2026-02-18 09:44:45,0.0
"[{'t_us': 453558932, 'ax': -1.08, 'ay': 0.64, 'az': 0.36, 'gx': 5.98, 'gy': -34.35, 'gz': -27.95}, {'t_us': 453574276, 'ax': -0.97, 'ay': 0.37, 'az': 0.44, 'gx': -5.83, 'gy': -31.53, 'gz': -23.69}, {'t_us': 453594303, 'ax': -0.98, 'ay': 0.2, 'az': 0.52, 'gx': -17.25, 'gy': -5.33, 'gz': -18.0}, {'t_us': 453614303, 'ax': -1.15, 'ay': -0.29, 'az': 0.47, 'gx': -21.53, 'gy': 11.59, 'gz': -18.09}, {'t_us': 453634300, 'ax': -1.42, 'ay': -0.49, 'az': 0.46, 'gx': 7.56, 'gy': 27.66, 'gz': -9.91}]",2026-02-18 09:44:45,0.0
"[{'t_us': 453660426, 'ax': -1.59, 'ay': -0.53, 'az': 0.11, 'gx': 40.75, 'gy': 23.8, 'gz': -1.1}, {'t_us': 453674322, 'ax': -1.46, 'ay': -0.52, 'az': -0.02, 'gx': 60.63, 'gy': 21.48, 'gz': 2.87}, {'t_us': 453694308, 'ax': -1.26, 'ay': -0.26, 'az': 0.04, 'gx': 81.66, 'gy': 18.14, 'gz': 10.5}, {'t_us': 453714271, 'ax': -1.11, 'ay': -0.08, 'az': 0.13, 'gx': 97.98, 'gy': 20.29, 'gz': 14.69}, {'t_us': 453734296, 'ax': -1.01, 'ay': 0.08, 'az': 0.17, 'gx': 111.54, 'gy': 26.9, 'gz': 13.82}]",2026-02-18 09:44:45,0.0
"[{'t_us': 453760365, 'ax': -0.91, 'ay': 0.2, 'az': 0.12, 'gx': 114.82, 'gy': 36.64, 'gz': 4.56}, {'t_us': 453774288, 'ax': -0.86, 'ay': 0.19, 'az': 0.07, 'gx': 115.59, 'gy': 41.34, 'gz': -2.15}, {'t_us': 453794288, 'ax': -0.89, 'ay': 0.26, 'az': 0.06, 'gx': 110.26, 'gy': 47.02, 'gz': -11.44}, {'t_us': 453814312, 'ax': -0.92, 'ay': 0.22, 'az': -0.01, 'gx': 99.56, 'gy': 24.52, 'gz': -19.77}, {'t_us': 453834277, 'ax': -0.84, 'ay': 0.22, 'az': -0.05, 'gx': 79.01, 'gy': -16.63, 'gz': -21.88}]",2026-02-18 09:44:46,0.0
"[{'t_us': 453859095, 'ax': -0.43, 'ay': 0.28, 'az': 0.02, 'gx': 46.5, 'gy': -36.53, 'gz': -23.25}, {'t_us': 453874308, 'ax': -0.19, 'ay': 0.32, 'az': 0.02, 'gx': 29.6, 'gy': -30.58, 'gz': -19.53}, {'t_us': 453894303, 'ax': -0.0, 'ay': 0.3, 'az': -0.0, 'gx': 15.98, 'gy': -11.04, 'gz': -18.11}, {'t_us': 453914291, 'ax': 0.06, 'ay': 0.17, 'az': -0.08, 'gx': 15.4, 'gy': -0.81, 'gz': -9.45}, {'t_us': 453934296, 'ax': -0.07, 'ay': 0.1, 'az': -0.28, 'gx': 22.56, 'gy': 12.47, 'gz': -5.6}]",2026-02-18 09:44:46,0.0
"[{'t_us': 453958905, 'ax': -0.61, 'ay': -0.25, 'az': -0.45, 'gx': 41.3, 'gy': 23.63, 'gz': -5.33}, {'t_us': 453974281, 'ax': -0.98, 'ay': -0.47, 'az': -0.36, 'gx': 52.85, 'gy': 28.02, 'gz': 0.47}, {'t_us': 453994308, 'ax': -1.86, 'ay': -0.64, 'az': 0.03, 'gx': 62.53, 'gy': 22.93, 'gz': 15.16}, {'t_us': 454014299, 'ax': -2.0, 'ay': -0.5, 'az': 0.07, 'gx': 67.1, 'gy': 21.73, 'gz': 18.95}, {'t_us': 454034296, 'ax': -1.59, 'ay': 0.12, 'az': -0.01, 'gx': 49.79, 'gy': -31.8, 'gz': 6.79}]",2026-02-18 09:44:46,0.0
"[{'t_us': 454060390, 'ax': -1.06, 'ay': 0.54, 'az': 0.32, 'gx': 51.19, 'gy': -43.63, 'gz': 1.05}, {'t_us': 454074281, 'ax': -0.99, 'ay': 0.63, 'az': 0.56, 'gx': 42.95, 'gy': -35.74, 'gz': 1.34}, {'t_us': 454094281, 'ax': -1.18, 'ay': 0.64, 'az': 0.56, 'gx': 30.41, 'gy': 8.79, 'gz': -9.89}, {'t_us': 454114288, 'ax': -1.3, 'ay': 0.38, 'az': 0.38, 'gx': 15.6, 'gy': 36.47, 'gz': -19.91}, {'t_us': 454134291, 'ax': -1.48, 'ay': 0.06, 'az': 0.07, 'gx': -0.72, 'gy': 44.18, 'gz': -21.53}]",2026-02-18 09:44:46,0.0
"[{'t_us': 454160442, 'ax': -1.42, 'ay': -0.15, 'az': -0.09, 'gx': -6.52, 'gy': 21.89, 'gz': -13.27}, {'t_us': 454176114, 'ax': -1.23, 'ay': -0.16, 'az': -0.01, 'gx': -4.06, 'gy': 9.34, 'gz': -10.95}, {'t_us': 454194299, 'ax': -0.97, 'ay': -0.14, 'az': 0.04, 'gx': 7.62, 'gy': 0.58, 'gz': -13.63}, {'t_us': 454214296, 'ax': -0.73, 'ay': -0.11, 'az': 0.08, 'gx': 22.47, 'gy': -0.17, 'gz': -18.18}, {'t_us': 454234321, 'ax': -0.59, 'ay': -0.1, 'az': 0.13, 'gx': 32.02, 'gy': -1.1, 'gz': -17.77}]",2026-02-18 09:44:46,0.0
"[{'t_us': 454259192, 'ax': -0.41, 'ay': -0.13, 'az': 0.11, 'gx': 34.23, 'gy': -3.36, 'gz': -8.5}, {'t_us': 454274313, 'ax': -0.31, 'ay': -0.17, 'az': 0.04, 'gx': 33.42, 'gy': -5.47, 'gz': 2.24}, {'t_us': 454294288, 'ax': -0.32, 'ay': -0.22, 'az': -0.05, 'gx': 35.54, 'gy': -5.92, 'gz': 16.52}, {'t_us': 454314296, 'ax': -0.37, 'ay': -0.3, 'az': -0.17, 'gx': 41.44, 'gy': -10.23, 'gz': 21.62}, {'t_us': 454334288, 'ax': -0.4, 'ay': -0.24, 'az': -0.19, 'gx': 47.56, 'gy': -20.38, 'gz': 23.34}]",2026-02-18 09:44:46,0.0
"[{'t_us': 454360488, 'ax': -0.57, 'ay': -0.13, 'az': -0.28, 'gx': 45.3, 'gy': -17.44, 'gz': 20.49}, {'t_us': 454374291, 'ax': -0.81, 'ay': 0.07, 'az': -0.31, 'gx': 40.69, 'gy': -16.08, 'gz': 11.45}, {'t_us': 454394291, 'ax': -1.01, 'ay': 0.38, 'az': -0.27, 'gx': 36.09, 'gy': -13.33, 'gz': -4.92}, {'t_us': 454414281, 'ax': -1.31, 'ay': 0.66, 'az': -0.06, 'gx': 36.73, 'gy': -28.95, 'gz': -20.05}, {'t_us': 454434262, 'ax': -1.53, 'ay': 0.8, 'az': 0.17, 'gx': 47.15, 'gy': -42.52, 'gz': -28.85}]",2026-02-18 09:44:46,0.0
"[{'t_us': 454458595, 'ax': -1.37, 'ay': 0.37, 'az': 0.31, 'gx': 53.76, 'gy': -32.23, 'gz': -33.39}, {'t_us': 454474966, 'ax': -1.15, 'ay': -0.06, 'az': 0.25, 'gx': 45.97, 'gy': -17.21, 'gz': -28.03}, {'t_us': 454494271, 'ax': -1.06, 'ay': -0.36, 'az': 0.26, 'gx': 39.74, 'gy': -14.49, 'gz': -12.98}, {'t_us': 454514296, 'ax': -1.17, 'ay': -0.46, 'az': 0.25, 'gx': 45.85, 'gy': 1.05, 'gz': -5.28}, {'t_us': 454534288, 'ax': -1.35, 'ay': -0.33, 'az': 0.03, 'gx': 56.63, 'gy': 18.9, 'gz': 3.6}]",2026-02-18 09:44:46,0.0
"[{'t_us': 454560497, 'ax': -1.62, 'ay': 0.01, 'az': -0.07, 'gx': 69.82, 'gy': 28.17, 'gz': 10.0}, {'t_us': 454574300, 'ax': -1.54, 'ay': 0.16, 'az': 0.0, 'gx': 78.29, 'gy': 6.82, 'gz': 6.81}, {'t_us': 454594303, 'ax': -1.33, 'ay': 0.26, 'az': 0.11, 'gx': 81.39, 'gy': -8.43, 'gz': 2.41}, {'t_us': 454614303, 'ax': -1.03, 'ay': 0.2, 'az': 0.19, 'gx': 79.45, 'gy': -17.89, 'gz': -2.24}, {'t_us': 454634312, 'ax': -0.74, 'ay': 0.09, 'az': 0.23, 'gx': 72.96, 'gy': -14.23, 'gz': -1.15}]",2026-02-18 09:44:46,0.0
"[{'t_us': 454660708, 'ax': -0.54, 'ay': 0.04, 'az': 0.19, 'gx': 65.77, 'gy': 2.4, 'gz': 1.19}, {'t_us': 454674272, 'ax': -0.47, 'ay': 0.07, 'az': 0.11, 'gx': 64.84, 'gy': 5.45, 'gz': 0.17}, {'t_us': 454694277, 'ax': -0.37, 'ay': 0.16, 'az': 0.07, 'gx': 62.53, 'gy': 4.72, 'gz': -3.92}, {'t_us': 454714281, 'ax': -0.36, 'ay': 0.27, 'az': 0.02, 'gx': 54.15, 'gy': 8.27, 'gz': -10.18}, {'t_us': 454734255, 'ax': -0.47, 'ay': 0.37, 'az': -0.03, 'gx': 43.19, 'gy': 2.82, 'gz': -14.05}]",2026-02-18 09:44:46,0.0
"[{'t_us': 454760403, 'ax': -0.49, 'ay': 0.37, 'az': -0.05, 'gx': 27.95, 'gy': -11.19, 'gz': -18.52}, {'t_us': 454774257, 'ax': -0.48, 'ay': 0.3, 'az': -0.09, 'gx': 23.92, 'gy': -11.98, 'gz': -21.48}, {'t_us': 454794318, 'ax': -0.52, 'ay': 0.16, 'az': -0.12, 'gx': 29.69, 'gy': -11.25, 'gz': -27.62}, {'t_us': 454814316, 'ax': -0.69, 'ay': -0.04, 'az': -0.24, 'gx': 45.8, 'gy': -10.6, 'gz': -33.15}, {'t_us': 454834291, 'ax': -0.92, 'ay': -0.36, 'az': -0.21, 'gx': 65.54, 'gy': -5.76, 'gz': -33.5}]",2026-02-18 09:44:47,0.0
"[{'t_us': 454860382, 'ax': -1.37, 'ay': -0.77, 'az': -0.0, 'gx': 103.68, 'gy': -10.38, 'gz': -8.95}, {'t_us': 454874262, 'ax': -1.59, 'ay': -0.67, 'az': 0.19, 'gx': 105.07, 'gy': -19.5, 'gz': 4.79}, {'t_us': 454894281, 'ax': -1.45, 'ay': -0.12, 'az': 0.14, 'gx': 89.07, 'gy': -22.32, 'gz': 0.85}, {'t_us': 454914281, 'ax': -1.12, 'ay': 0.29, 'az': 0.16, 'gx': 80.11, 'gy': -26.03, 'gz': -3.82}, {'t_us': 454934274, 'ax': -1.0, 'ay': 0.72, 'az': 0.51, 'gx': 73.51, 'gy': -8.67, 'gz': -3.42}]",2026-02-18 09:44:47,0.0
"[{'t_us': 454958609, 'ax': -1.37, 'ay': 0.83, 'az': 0.63, 'gx': 47.48, 'gy': 29.76, 'gz': -18.9}, {'t_us': 454974581, 'ax': -1.46, 'ay': 0.63, 'az': 0.5, 'gx': 29.73, 'gy': 32.09, 'gz': -31.25}, {'t_us': 454994308, 'ax': -1.4, 'ay': 0.19, 'az': 0.3, 'gx': 4.56, 'gy': 25.13, 'gz': -38.12}, {'t_us': 455014277, 'ax': -1.34, 'ay': -0.07, 'az': 0.11, 'gx': -15.18, 'gy': 22.92, 'gz': -36.26}, {'t_us': 455034291, 'ax': -1.18, 'ay': -0.19, 'az': 0.07, 'gx': -24.41, 'gy': 23.8, 'gz': -31.63}]",2026-02-18 09:44:47,0.0
"[{'t_us': 455058968, 'ax': -0.95, 'ay': -0.2, 'az': -0.0, 'gx': -22.05, 'gy': 19.97, 'gz': -28.14}, {'t_us': 455076752, 'ax': -0.86, 'ay': -0.17, 'az': -0.01, 'gx': -16.82, 'gy': 20.44, 'gz': -27.91}, {'t_us': 455094255, 'ax': -0.79, 'ay': -0.07, 'az': 0.07, 'gx': -12.29, 'gy': 20.2, 'gz': -25.89}, {'t_us': 455114288, 'ax': -0.67, 'ay': -0.03, 'az': 0.05, 'gx': -13.73, 'gy': 19.13, 'gz': -20.31}, {'t_us': 455134310, 'ax': -0.49, 'ay': -0.07, 'az': -0.04, 'gx': -17.4, 'gy': 9.07, 'gz': -5.98}]",2026-02-18 09:44:47,0.0
"[{'t_us': 455158947, 'ax': -0.35, 'ay': -0.08, 'az': -0.09, 'gx': -22.47, 'gy': 1.28, 'gz': 15.45}, {'t_us': 455174303, 'ax': -0.3, 'ay': -0.02, 'az': -0.09, 'gx': -27.5, 'gy': -3.76, 'gz': 22.26}, {'t_us': 455194256, 'ax': -0.28, 'ay': -0.05, 'az': -0.17, 'gx': -30.9, 'gy': -11.18, 'gz': 25.05}, {'t_us': 455214288, 'ax': -0.18, 'ay': -0.01, 'az': -0.2, 'gx': -21.44, 'gy': -5.11, 'gz': 19.05}, {'t_us': 455234262, 'ax': -0.46, 'ay': 0.06, 'az': -0.24, 'gx': -17.59, 'gy': 19.15, 'gz': 7.76}]",2026-02-18 09:44:47,0.0
"[{'t_us': 455260572, 'ax': -0.89, 'ay': 0.17, 'az': -0.19, 'gx': -7.57, 'gy': -2.41, 'gz': -11.57}, {'t_us': 455274321, 'ax': -1.09, 'ay': 0.18, 'az': -0.1, 'gx': -2.21, 'gy': -16.5, 'gz': -18.66}, {'t_us': 455294300, 'ax': -1.44, 'ay': 0.25, 'az': 0.17, 'gx': 4.75, 'gy': -41.86, 'gz': -25.88}, {'t_us': 455314300, 'ax': -1.78, 'ay': 0.37, 'az': 0.4, 'gx': 5.89, 'gy': -33.66, 'gz': -32.21}, {'t_us': 455334305, 'ax': -1.44, 'ay': -0.04, 'az': 0.27, 'gx': 1.24, 'gy': -4.46, 'gz': -21.07}]",2026-02-18 09:44:47,0.0
"[{'t_us': 455359191, 'ax': -1.15, 'ay': -0.12, 'az': 0.36, 'gx': -3.47, 'gy': -26.79, 'gz': 6.18}, {'t_us': 455374281, 'ax': -1.03, 'ay': -0.15, 'az': 0.36, 'gx': 0.38, 'gy': -13.68, 'gz': 9.51}, {'t_us': 455394277, 'ax': -1.17, 'ay': -0.12, 'az': 0.36, 'gx': 7.4, 'gy': 15.05, 'gz': 19.3}, {'t_us': 455414303, 'ax': -1.37, 'ay': -0.07, 'az': 0.3, 'gx': 9.47, 'gy': 24.72, 'gz': 28.53}, {'t_us': 455434262, 'ax': -1.47, 'ay': 0.08, 'az': 0.17, 'gx': 12.0, 'gy': 24.82, 'gz': 31.39}]",2026-02-18 09:44:47,0.0
"[{'t_us': 455460632, 'ax': -1.34, 'ay': 0.15, 'az': 0.09, 'gx': 23.3, 'gy': 6.92, 'gz': 23.86}, {'t_us': 455474312, 'ax': -1.15, 'ay': 0.13, 'az': 0.14, 'gx': 28.76, 'gy': 3.83, 'gz': 20.27}, {'t_us': 455494300, 'ax': -0.88, 'ay': 0.04, 'az': 0.12, 'gx': 33.69, 'gy': 5.51, 'gz': 15.5}, {'t_us': 455514300, 'ax': -0.72, 'ay': 0.1, 'az': 0.14, 'gx': 30.08, 'gy': 20.76, 'gz': 13.05}, {'t_us': 455534303, 'ax': -0.57, 'ay': 0.08, 'az': 0.09, 'gx': 26.41, 'gy': 19.51, 'gz': 7.25}]",2026-02-18 09:44:47,0.0
"[{'t_us': 455560833, 'ax': -0.39, 'ay': 0.16, 'az': 0.03, 'gx': 23.36, 'gy': 6.31, 'gz': 5.07}, {'t_us': 455574316, 'ax': -0.34, 'ay': 0.18, 'az': -0.0, 'gx': 20.23, 'gy': 0.64, 'gz': 1.6}, {'t_us': 455594321, 'ax': -0.3, 'ay': 0.25, 'az': -0.02, 'gx': 12.26, 'gy': -8.23, 'gz': -1.31}, {'t_us': 455614316, 'ax': -0.26, 'ay': 0.33, 'az': -0.1, 'gx': -1.22, 'gy': -16.73, 'gz': -12.67}, {'t_us': 455634271, 'ax': -0.26, 'ay': 0.25, 'az': -0.21, 'gx': -8.11, 'gy': -11.68, 'gz': -19.56}]",2026-02-18 09:44:47,0.0
"[{'t_us': 455660575, 'ax': -0.48, 'ay': 0.06, 'az': -0.36, 'gx': 0.23, 'gy': -6.89, 'gz': -29.31}, {'t_us': 455674312, 'ax': -0.64, 'ay': -0.1, 'az': -0.28, 'gx': 11.31, 'gy': 2.47, 'gz': -25.88}, {'t_us': 455694255, 'ax': -1.07, 'ay': -0.33, 'az': -0.01, 'gx': 19.16, 'gy': 8.73, 'gz': -5.71}, {'t_us': 455714277, 'ax': -1.64, 'ay': -0.73, 'az': 0.25, 'gx': 32.5, 'gy': 1.79, 'gz': 24.85}, {'t_us': 455734322, 'ax': -1.71, 'ay': -0.38, 'az': 0.01, 'gx': 33.3, 'gy': 26.81, 'gz': 39.05}]",2026-02-18 09:44:47,0.0
"[{'t_us': 455759447, 'ax': -1.47, 'ay': 0.3, 'az': -0.03, 'gx': 27.33, 'gy': -6.49, 'gz': 14.34}, {'t_us': 455774316, 'ax': -1.26, 'ay': 0.42, 'az': 0.16, 'gx': 35.63, 'gy': 6.47, 'gz': 6.66}, {'t_us': 455794312, 'ax': -1.33, 'ay': 0.6, 'az': 0.3, 'gx': 31.53, 'gy': 22.79, 'gz': -3.3}, {'t_us': 455814277, 'ax': -1.51, 'ay': 0.46, 'az': 0.28, 'gx': 17.36, 'gy': 35.15, 'gz': -17.71}, {'t_us': 455834255, 'ax': -1.56, 'ay': 0.39, 'az': 0.22, 'gx': -4.0, 'gy': 26.89, 'gz': -30.26}]",2026-02-18 09:44:48,0.0
"[{'t_us': 455860776, 'ax': -1.48, 'ay': 0.06, 'az': 0.03, 'gx': -20.4, 'gy': 3.5, 'gz': -33.83}, {'t_us': 455874268, 'ax': -1.32, 'ay': -0.1, 'az': 0.1, 'gx': -21.65, 'gy': -7.79, 'gz': -30.2}, {'t_us': 455894321, 'ax': -1.01, 'ay': -0.27, 'az': 0.15, 'gx': -18.49, 'gy': -2.18, 'gz': -25.21}, {'t_us': 455914316, 'ax': -0.72, 'ay': -0.21, 'az': 0.14, 'gx': -9.01, 'gy': 6.26, 'gz': -23.54}, {'t_us': 455934281, 'ax': -0.5, 'ay': -0.11, 'az': 0.1, 'gx': 1.28, 'gy': 10.79, 'gz': -26.49}]",2026-02-18 09:44:48,0.0
"[{'t_us': 455959412, 'ax': -0.35, 'ay': -0.09, 'az': 0.07, 'gx': 6.09, 'gy': 11.13, 'gz': -24.47}, {'t_us': 455974715, 'ax': -0.24, 'ay': -0.1, 'az': 0.05, 'gx': 5.68, 'gy': 9.45, 'gz': -20.64}, {'t_us': 455994300, 'ax': -0.14, 'ay': -0.1, 'az': -0.06, 'gx': 8.21, 'gy': 6.09, 'gz': -6.29}, {'t_us': 456014321, 'ax': -0.18, 'ay': -0.15, 'az': -0.14, 'gx': 16.99, 'gy': 7.89, 'gz': 4.53}, {'t_us': 456034271, 'ax': -0.27, 'ay': -0.2, 'az': -0.11, 'gx': 22.06, 'gy': -3.63, 'gz': 17.1}]",2026-02-18 09:44:48,0.0
"[{'t_us': 456059426, 'ax': -0.31, 'ay': -0.24, 'az': -0.22, 'gx': 29.57, 'gy': -22.56, 'gz': 27.6}, {'t_us': 456074262, 'ax': -0.4, 'ay': -0.15, 'az': -0.27, 'gx': 31.36, 'gy': -27.69, 'gz': 34.41}, {'t_us': 456094271, 'ax': -0.71, 'ay': -0.02, 'az': -0.3, 'gx': 28.6, 'gy': -30.53, 'gz': 38.37}, {'t_us': 456114296, 'ax': -1.53, 'ay': 0.41, 'az': 0.05, 'gx': 8.08, 'gy': -5.79, 'gz': -1.39}, {'t_us': 456134309, 'ax': -1.81, 'ay': 0.65, 'az': 0.29, 'gx': -3.18, 'gy': -26.66, 'gz': -38.0}]",2026-02-18 09:44:48,0.0
"[{'t_us': 456159071, 'ax': -1.81, 'ay': 1.0, 'az': 0.27, 'gx': -6.96, 'gy': -28.2, 'gz': -42.95}, {'t_us': 456174257, 'ax': -1.45, 'ay': 0.37, 'az': 0.03, 'gx': -10.84, 'gy': -26.29, 'gz': -29.88}, {'t_us': 456194255, 'ax': -1.08, 'ay': -0.08, 'az': -0.01, 'gx': -34.05, 'gy': -10.7, 'gz': -4.79}, {'t_us': 456214316, 'ax': -1.05, 'ay': -0.55, 'az': 0.2, 'gx': -35.57, 'gy': -13.73, 'gz': 5.97}, {'t_us': 456234277, 'ax': -1.14, 'ay': -0.86, 'az': 0.21, 'gx': -1.94, 'gy': 10.03, 'gz': 17.31}]",2026-02-18 09:44:48,0.0
"[{'t_us': 456259109, 'ax': -1.44, 'ay': -0.59, 'az': -0.03, 'gx': 24.78, 'gy': 25.88, 'gz': 24.09}, {'t_us': 456274281, 'ax': -1.49, 'ay': -0.38, 'az': -0.19, 'gx': 47.04, 'gy': 16.05, 'gz': 22.47}, {'t_us': 456294281, 'ax': -1.47, 'ay': 0.02, 'az': -0.12, 'gx': 78.64, 'gy': -3.27, 'gz': 20.55}, {'t_us': 456314308, 'ax': -1.26, 'ay': 0.2, 'az': 0.07, 'gx': 92.53, 'gy': -1.53, 'gz': 11.22}, {'t_us': 456334316, 'ax': -1.08, 'ay': 0.24, 'az': 0.17, 'gx': 87.85, 'gy': -5.79, 'gz': 8.56}]",2026-02-18 09:44:48,0.0
"[{'t_us': 456361522, 'ax': -0.75, 'ay': 0.23, 'az': 0.18, 'gx': 66.89, 'gy': -13.44, 'gz': 8.34}, {'t_us': 456374277, 'ax': -0.6, 'ay': 0.19, 'az': 0.15, 'gx': 57.95, 'gy': -8.08, 'gz': 8.84}, {'t_us': 456394281, 'ax': -0.44, 'ay': 0.18, 'az': 0.1, 'gx': 47.42, 'gy': 5.28, 'gz': 10.4}, {'t_us': 456414308, 'ax': -0.34, 'ay': 0.17, 'az': 0.08, 'gx': 41.3, 'gy': 13.51, 'gz': 4.76}, {'t_us': 456434300, 'ax': -0.25, 'ay': 0.12, 'az': -0.03, 'gx': 38.89, 'gy': 16.81, 'gz': -4.02}]",2026-02-18 09:44:48,0.0
"[{'t_us': 456459464, 'ax': -0.26, 'ay': 0.24, 'az': -0.04, 'gx': 31.48, 'gy': 16.32, 'gz': -12.98}, {'t_us': 456474330, 'ax': -0.31, 'ay': 0.27, 'az': -0.1, 'gx': 24.5, 'gy': 10.66, 'gz': -18.4}, {'t_us': 456494262, 'ax': -0.26, 'ay': 0.21, 'az': -0.18, 'gx': 18.92, 'gy': -4.46, 'gz': -22.2}, {'t_us': 456514271, 'ax': -0.3, 'ay': 0.15, 'az': -0.36, 'gx': 21.53, 'gy': -12.37, 'gz': -21.63}, {'t_us': 456534312, 'ax': -0.42, 'ay': -0.07, 'az': -0.48, 'gx': 31.4, 'gy': -8.64, 'gz': -21.76}]",2026-02-18 09:44:48,0.0
"[{'t_us': 456558976, 'ax': -1.04, 'ay': -0.48, 'az': -0.26, 'gx': 53.86, 'gy': 16.0, 'gz': 9.89}, {'t_us': 456576028, 'ax': -2.0, 'ay': -0.67, 'az': 0.19, 'gx': 61.71, 'gy': 3.33, 'gz': 51.01}, {'t_us': 456594316, 'ax': -2.0, 'ay': -0.55, 'az': 0.08, 'gx': 39.45, 'gy': 25.83, 'gz': 57.21}, {'t_us': 456614277, 'ax': -1.74, 'ay': 0.23, 'az': -0.27, 'gx': 12.7, 'gy': -60.84, 'gz': 21.15}, {'t_us': 456634300, 'ax': -1.07, 'ay': 0.41, 'az': 0.09, 'gx': 36.63, 'gy': -59.31, 'gz': 0.4}]",2026-02-18 09:44:48,0.0
"[{'t_us': 456660488, 'ax': -0.76, 'ay': 0.68, 'az': 0.55, 'gx': 49.4, 'gy': 5.01, 'gz': -9.92}, {'t_us': 456674317, 'ax': -1.05, 'ay': 0.63, 'az': 0.53, 'gx': 41.4, 'gy': 33.71, 'gz': -17.11}, {'t_us': 456694281, 'ax': -1.3, 'ay': 0.37, 'az': 0.29, 'gx': 21.54, 'gy': 41.45, 'gz': -26.4}, {'t_us': 456714271, 'ax': -1.6, 'ay': 0.2, 'az': 0.04, 'gx': -3.33, 'gy': 26.41, 'gz': -36.85}, {'t_us': 456734296, 'ax': -1.41, 'ay': 0.01, 'az': 0.03, 'gx': -15.65, 'gy': -8.2, 'gz': -38.11}]",2026-02-18 09:44:48,0.0
"[{'t_us': 456758762, 'ax': -1.05, 'ay': -0.17, 'az': 0.17, 'gx': -15.57, 'gy': -1.86, 'gz': -33.47}, {'t_us': 456774280, 'ax': -0.84, 'ay': -0.22, 'az': 0.23, 'gx': -5.74, 'gy': 15.05, 'gz': -30.0}, {'t_us': 456794276, 'ax': -0.72, 'ay': -0.17, 'az': 0.21, 'gx': 6.72, 'gy': 36.37, 'gz': -27.04}, {'t_us': 456814262, 'ax': -0.68, 'ay': -0.13, 'az': 0.19, 'gx': 10.24, 'gy': 36.02, 'gz': -24.69}, {'t_us': 456834271, 'ax': -0.64, 'ay': -0.15, 'az': 0.13, 'gx': 3.11, 'gy': 15.16, 'gz': -15.37}]",2026-02-18 09:44:49,0.0
"[{'t_us': 456860354, 'ax': -0.52, 'ay': -0.2, 'az': -0.06, 'gx': -1.31, 'gy': -20.15, 'gz': 13.94}, {'t_us': 456874623, 'ax': -0.52, 'ay': -0.24, 'az': -0.14, 'gx': 1.39, 'gy': -34.18, 'gz': 22.72}, {'t_us': 456894288, 'ax': -0.42, 'ay': -0.25, 'az': -0.17, 'gx': 8.05, 'gy': -44.69, 'gz': 24.49}, {'t_us': 456914308, 'ax': -0.25, 'ay': -0.22, 'az': -0.21, 'gx': 19.19, 'gy': -44.44, 'gz': 20.76}, {'t_us': 456934316, 'ax': -0.25, 'ay': -0.15, 'az': -0.27, 'gx': 24.17, 'gy': -26.61, 'gz': 13.05}]",2026-02-18 09:44:49,0.0
"[{'t_us': 456958841, 'ax': -0.72, 'ay': 0.14, 'az': -0.29, 'gx': 27.88, 'gy': -3.37, 'gz': 2.58}, {'t_us': 456974309, 'ax': -1.04, 'ay': 0.39, 'az': -0.22, 'gx': 25.45, 'gy': -11.45, 'gz': -12.11}, {'t_us': 456994255, 'ax': -1.31, 'ay': 0.63, 'az': -0.05, 'gx': 26.93, 'gy': -38.12, 'gz': -33.57}, {'t_us': 457014288, 'ax': -1.42, 'ay': 0.72, 'az': 0.19, 'gx': 30.06, 'gy': -44.99, 'gz': -37.74}, {'t_us': 457034303, 'ax': -1.35, 'ay': 0.47, 'az': 0.26, 'gx': 10.58, 'gy': -46.35, 'gz': -37.33}]",2026-02-18 09:44:49,0.0
"[{'t_us': 457060477, 'ax': -0.9, 'ay': -0.06, 'az': 0.35, 'gx': -8.12, 'gy': -34.76, 'gz': -18.81}, {'t_us': 457074320, 'ax': -0.93, 'ay': -0.23, 'az': 0.4, 'gx': -9.83, 'gy': -21.4, 'gz': -8.37}, {'t_us': 457094291, 'ax': -1.04, 'ay': -0.39, 'az': 0.38, 'gx': 2.2, 'gy': -0.31, 'gz': -3.11}, {'t_us': 457114321, 'ax': -1.22, 'ay': -0.42, 'az': 0.28, 'gx': 21.47, 'gy': 16.85, 'gz': 7.01}, {'t_us': 457134271, 'ax': -1.5, 'ay': -0.27, 'az': 0.15, 'gx': 44.79, 'gy': 15.97, 'gz': 13.1}]",2026-02-18 09:44:49,0.0
"[{'t_us': 457160459, 'ax': -1.44, 'ay': 0.04, 'az': 0.21, 'gx': 62.9, 'gy': 15.19, 'gz': 12.6}, {'t_us': 457174314, 'ax': -1.36, 'ay': 0.19, 'az': 0.19, 'gx': 69.48, 'gy': 5.97, 'gz': 12.31}, {'t_us': 457194300, 'ax': -1.03, 'ay': 0.25, 'az': 0.25, 'gx': 75.74, 'gy': -1.37, 'gz': 8.32}, {'t_us': 457214308, 'ax': -0.8, 'ay': 0.15, 'az': 0.26, 'gx': 68.98, 'gy': 5.18, 'gz': 7.31}, {'t_us': 457234262, 'ax': -0.64, 'ay': 0.08, 'az': 0.18, 'gx': 61.51, 'gy': 17.88, 'gz': 7.36}]",2026-02-18 09:44:49,0.0
"[{'t_us': 457258937, 'ax': -0.59, 'ay': 0.03, 'az': 0.1, 'gx': 57.16, 'gy': 29.73, 'gz': 2.31}, {'t_us': 457274268, 'ax': -0.57, 'ay': 0.1, 'az': 0.02, 'gx': 55.91, 'gy': 21.51, 'gz': -6.21}, {'t_us': 457294296, 'ax': -0.49, 'ay': 0.16, 'az': 0.01, 'gx': 51.69, 'gy': 10.41, 'gz': -14.85}, {'t_us': 457314296, 'ax': -0.43, 'ay': 0.22, 'az': -0.05, 'gx': 46.46, 'gy': 0.27, 'gz': -13.37}, {'t_us': 457334288, 'ax': -0.29, 'ay': 0.3, 'az': -0.12, 'gx': 36.92, 'gy': -4.43, 'gz': -9.3}]",2026-02-18 09:44:49,0.0
"[{'t_us': 457361000, 'ax': -0.33, 'ay': 0.18, 'az': -0.21, 'gx': 35.76, 'gy': 4.23, 'gz': -0.37}, {'t_us': 457374774, 'ax': -0.45, 'ay': 0.07, 'az': -0.34, 'gx': 41.66, 'gy': 1.97, 'gz': 3.24}, {'t_us': 457394291, 'ax': -0.69, 'ay': -0.22, 'az': -0.33, 'gx': 57.39, 'gy': 0.67, 'gz': 7.1}, {'t_us': 457414321, 'ax': -1.18, 'ay': -0.52, 'az': -0.22, 'gx': 71.83, 'gy': -3.48, 'gz': 23.79}, {'t_us': 457434262, 'ax': -1.84, 'ay': -0.8, 'az': 0.08, 'gx': 90.0, 'gy': -17.21, 'gz': 37.94}]",2026-02-18 09:44:49,0.0
"[{'t_us': 457460482, 'ax': -1.66, 'ay': -0.22, 'az': -0.13, 'gx': 106.34, 'gy': -20.55, 'gz': 19.59}, {'t_us': 457474316, 'ax': -1.4, 'ay': 0.12, 'az': -0.0, 'gx': 106.06, 'gy': -44.27, 'gz': 3.98}, {'t_us': 457494316, 'ax': -1.04, 'ay': 0.33, 'az': 0.2, 'gx': 123.92, 'gy': -34.89, 'gz': -16.93}, {'t_us': 457514312, 'ax': -0.93, 'ay': 0.54, 'az': 0.33, 'gx': 124.92, 'gy': -3.98, 'gz': -23.71}, {'t_us': 457534277, 'ax': -1.12, 'ay': 0.58, 'az': 0.36, 'gx': 108.92, 'gy': 30.52, 'gz': -23.92}]",2026-02-18 09:44:49,0.0
"[{'t_us': 457558874, 'ax': -1.52, 'ay': 0.5, 'az': 0.27, 'gx': 73.24, 'gy': 34.12, 'gz': -30.02}, {'t_us': 457574303, 'ax': -1.58, 'ay': 0.36, 'az': 0.13, 'gx': 50.72, 'gy': 24.05, 'gz': -33.68}, {'t_us': 457594256, 'ax': -1.49, 'ay': 0.06, 'az': -0.02, 'gx': 43.19, 'gy': 1.13, 'gz': -35.82}, {'t_us': 457614296, 'ax': -1.25, 'ay': -0.15, 'az': 0.04, 'gx': 49.33, 'gy': -6.69, 'gz': -37.71}, {'t_us': 457634321, 'ax': -1.03, 'ay': -0.25, 'az': 0.05, 'gx': 61.65, 'gy': -8.93, 'gz': -37.44}]",2026-02-18 09:44:49,0.0
"[{'t_us': 457660489, 'ax': -0.74, 'ay': -0.12, 'az': 0.08, 'gx': 76.38, 'gy': 0.87, 'gz': -36.23}, {'t_us': 457674274, 'ax': -0.67, 'ay': -0.06, 'az': 0.07, 'gx': 80.08, 'gy': -5.05, 'gz': -38.56}, {'t_us': 457694296, 'ax': -0.5, 'ay': -0.04, 'az': 0.06, 'gx': 81.66, 'gy': -9.1, 'gz': -40.47}, {'t_us': 457714322, 'ax': -0.33, 'ay': -0.07, 'az': 0.05, 'gx': 81.18, 'gy': -6.6, 'gz': -34.02}, {'t_us': 457734296, 'ax': -0.22, 'ay': -0.17, 'az': -0.04, 'gx': 80.73, 'gy': -4.52, 'gz': -21.98}]",2026-02-18 09:44:49,0.0
"[{'t_us': 457758804, 'ax': -0.22, 'ay': -0.27, 'az': -0.11, 'gx': 81.76, 'gy': -3.51, 'gz': -3.47}, {'t_us': 457774297, 'ax': -0.32, 'ay': -0.25, 'az': -0.15, 'gx': 76.82, 'gy': -9.62, 'gz': 6.03}, {'t_us': 457794300, 'ax': -0.38, 'ay': -0.19, 'az': -0.17, 'gx': 75.08, 'gy': -17.45, 'gz': 14.12}, {'t_us': 457814277, 'ax': -0.61, 'ay': -0.03, 'az': -0.22, 'gx': 73.89, 'gy': -16.11, 'gz': 16.82}, {'t_us': 457834303, 'ax': -0.95, 'ay': 0.14, 'az': -0.27, 'gx': 69.11, 'gy': -8.14, 'gz': 8.5}]",2026-02-18 09:44:50,0.0
"[{'t_us': 457860448, 'ax': -1.41, 'ay': 0.57, 'az': 0.0, 'gx': 61.36, 'gy': -11.73, 'gz': -26.4}, {'t_us': 457874288, 'ax': -1.49, 'ay': 0.75, 'az': 0.15, 'gx': 56.52, 'gy': -19.36, 'gz': -29.95}, {'t_us': 457894298, 'ax': -1.53, 'ay': 0.91, 'az': 0.32, 'gx': 43.37, 'gy': -26.38, 'gz': -36.31}, {'t_us': 457914271, 'ax': -1.18, 'ay': 0.34, 'az': 0.42, 'gx': 29.07, 'gy': -32.5, 'gz': -30.03}, {'t_us': 457934321, 'ax': -0.88, 'ay': 0.04, 'az': 0.51, 'gx': 10.69, 'gy': -23.13, 'gz': -12.24}]",2026-02-18 09:44:50,0.0
"[{'t_us': 457959187, 'ax': -1.15, 'ay': -0.43, 'az': 0.51, 'gx': 7.53, 'gy': 6.82, 'gz': -1.01}, {'t_us': 457974288, 'ax': -1.33, 'ay': -0.44, 'az': 0.44, 'gx': 11.76, 'gy': 22.56, 'gz': 8.76}, {'t_us': 457994288, 'ax': -1.59, 'ay': -0.29, 'az': 0.12, 'gx': 12.78, 'gy': 12.66, 'gz': 26.46}, {'t_us': 458014291, 'ax': -1.56, 'ay': -0.04, 'az': -0.02, 'gx': 23.48, 'gy': -2.21, 'gz': 27.66}, {'t_us': 458034308, 'ax': -1.31, 'ay': 0.13, 'az': 0.08, 'gx': 34.89, 'gy': -7.19, 'gz': 20.05}]",2026-02-18 09:44:50,0.0
"[{'t_us': 458060420, 'ax': -0.89, 'ay': 0.13, 'az': 0.2, 'gx': 46.49, 'gy': -8.99, 'gz': 14.09}, {'t_us': 458074308, 'ax': -0.74, 'ay': 0.12, 'az': 0.22, 'gx': 45.1, 'gy': -2.37, 'gz': 14.35}, {'t_us': 458094277, 'ax': -0.62, 'ay': 0.1, 'az': 0.21, 'gx': 37.51, 'gy': 14.64, 'gz': 12.73}, {'t_us': 458114280, 'ax': -0.57, 'ay': 0.11, 'az': 0.13, 'gx': 31.8, 'gy': 28.73, 'gz': 8.75}, {'t_us': 458134288, 'ax': -0.55, 'ay': 0.16, 'az': 0.07, 'gx': 31.77, 'gy': 27.31, 'gz': 1.45}]",2026-02-18 09:44:50,0.0
"[{'t_us': 458158616, 'ax': -0.49, 'ay': 0.15, 'az': 0.03, 'gx': 33.79, 'gy': 9.34, 'gz': -10.2}, {'t_us': 458174254, 'ax': -0.41, 'ay': 0.2, 'az': 0.03, 'gx': 27.69, 'gy': 0.98, 'gz': -18.08}, {'t_us': 458194255, 'ax': -0.35, 'ay': 0.27, 'az': 0.04, 'gx': 13.65, 'gy': -1.05, 'gz': -27.28}, {'t_us': 458214298, 'ax': -0.3, 'ay': 0.22, 'az': -0.02, 'gx': 7.19, 'gy': -6.06, 'gz': -30.0}, {'t_us': 458234277, 'ax': -0.28, 'ay': 0.24, 'az': -0.1, 'gx': 6.08, 'gy': -8.08, 'gz': -31.92}]",2026-02-18 09:44:50,0.0
"[{'t_us': 458258544, 'ax': -0.51, 'ay': 0.11, 'az': -0.3, 'gx': 8.76, 'gy': 6.09, 'gz': -30.31}, {'t_us': 458275015, 'ax': -0.9, 'ay': -0.13, 'az': -0.19, 'gx': 14.26, 'gy': 19.91, 'gz': -19.3}, {'t_us': 458294303, 'ax': -1.73, 'ay': -0.43, 'az': 0.06, 'gx': 25.16, 'gy': 0.93, 'gz': 13.98}, {'t_us': 458314288, 'ax': -2.0, 'ay': -0.56, 'az': 0.25, 'gx': 20.55, 'gy': -13.89, 'gz': 25.57}, {'t_us': 458334282, 'ax': -1.65, 'ay': -0.25, 'az': -0.17, 'gx': 13.37, 'gy': -24.84, 'gz': 12.95}]",2026-02-18 09:44:50,0.0
"[{'t_us': 458359021, 'ax': -1.01, 'ay': 0.07, 'az': 0.01, 'gx': 48.98, 'gy': -22.95, 'gz': -8.14}, {'t_us': 458374321, 'ax': -0.81, 'ay': 0.34, 'az': 0.33, 'gx': 66.75, 'gy': 3.71, 'gz': -14.32}, {'t_us': 458394316, 'ax': -1.1, 'ay': 0.52, 'az': 0.48, 'gx': 60.95, 'gy': 39.16, 'gz': -13.85}, {'t_us': 458414296, 'ax': -1.48, 'ay': 0.35, 'az': 0.23, 'gx': 42.79, 'gy': 41.19, 'gz': -16.96}, {'t_us': 458434303, 'ax': -1.61, 'ay': 0.24, 'az': -0.02, 'gx': 19.95, 'gy': 27.45, 'gz': -20.64}]",2026-02-18 09:44:50,0.0
"[{'t_us': 458458870, 'ax': -1.48, 'ay': 0.13, 'az': -0.19, 'gx': 2.11, 'gy': -0.02, 'gz': -21.74}, {'t_us': 458474271, 'ax': -1.26, 'ay': -0.02, 'az': -0.02, 'gx': -3.44, 'gy': -9.95, 'gz': -18.81}, {'t_us': 458494288, 'ax': -0.97, 'ay': -0.07, 'az': 0.14, 'gx': -1.92, 'gy': -14.98, 'gz': -16.17}, {'t_us': 458514277, 'ax': -0.69, 'ay': 0.0, 'az': 0.18, 'gx': 10.14, 'gy': -0.96, 'gz': -22.21}, {'t_us': 458534312, 'ax': -0.51, 'ay': 0.09, 'az': 0.19, 'gx': 19.91, 'gy': 10.29, 'gz': -29.91}]",2026-02-18 09:44:50,0.0
"[{'t_us': 458560508, 'ax': -0.4, 'ay': 0.15, 'az': 0.14, 'gx': 13.01, 'gy': 13.16, 'gz': -34.49}, {'t_us': 458574311, 'ax': -0.36, 'ay': 0.16, 'az': 0.11, 'gx': 2.09, 'gy': 3.22, 'gz': -26.82}, {'t_us': 458594308, 'ax': -0.26, 'ay': 0.08, 'az': -0.02, 'gx': -9.59, 'gy': -5.01, 'gz': -13.98}, {'t_us': 458614276, 'ax': -0.34, 'ay': -0.02, 'az': -0.05, 'gx': -11.45, 'gy': -8.82, 'gz': 6.2}, {'t_us': 458634300, 'ax': -0.38, 'ay': -0.15, 'az': -0.14, 'gx': -9.85, 'gy': -18.2, 'gz': 16.47}]",2026-02-18 09:44:50,0.0
"[{'t_us': 458659179, 'ax': -0.48, 'ay': -0.18, 'az': -0.19, 'gx': -9.04, 'gy': -17.33, 'gz': 23.98}, {'t_us': 458674254, 'ax': -0.67, 'ay': -0.09, 'az': -0.16, 'gx': -16.7, 'gy': -2.17, 'gz': 18.24}, {'t_us': 458694262, 'ax': -1.02, 'ay': 0.12, 'az': -0.11, 'gx': -31.01, 'gy': 2.93, 'gz': 4.53}, {'t_us': 458714284, 'ax': -1.14, 'ay': 0.42, 'az': -0.05, 'gx': -32.37, 'gy': -9.51, 'gz': -14.11}, {'t_us': 458734271, 'ax': -1.37, 'ay': 0.56, 'az': 0.16, 'gx': -21.18, 'gy': -26.98, 'gz': -29.34}]",2026-02-18 09:44:50,0.0
"[{'t_us': 458758920, 'ax': -1.28, 'ay': 0.26, 'az': 0.21, 'gx': -6.09, 'gy': -27.47, 'gz': -25.88}, {'t_us': 458775109, 'ax': -1.09, 'ay': -0.06, 'az': 0.1, 'gx': -11.63, 'gy': -14.09, 'gz': -17.05}, {'t_us': 458794255, 'ax': -1.08, 'ay': -0.23, 'az': 0.29, 'gx': -26.29, 'gy': -4.75, 'gz': 0.66}, {'t_us': 458814288, 'ax': -1.19, 'ay': -0.27, 'az': 0.36, 'gx': -35.34, 'gy': 3.51, 'gz': 14.79}, {'t_us': 458834308, 'ax': -1.28, 'ay': -0.13, 'az': 0.26, 'gx': -32.87, 'gy': 16.56, 'gz': 25.54}]",2026-02-18 09:44:51,0.0
"[{'t_us': 458860712, 'ax': -1.49, 'ay': 0.1, 'az': 0.16, 'gx': -27.83, 'gy': 17.34, 'gz': 31.82}, {'t_us': 458874304, 'ax': -1.49, 'ay': 0.21, 'az': 0.12, 'gx': -21.82, 'gy': 15.37, 'gz': 28.52}, {'t_us': 458894304, 'ax': -1.3, 'ay': 0.18, 'az': 0.14, 'gx': -8.41, 'gy': 10.55, 'gz': 24.14}, {'t_us': 458914299, 'ax': -1.12, 'ay': 0.15, 'az': 0.24, 'gx': -2.11, 'gy': 11.34, 'gz': 20.92}, {'t_us': 458934255, 'ax': -0.92, 'ay': 0.08, 'az': 0.24, 'gx': -6.35, 'gy': 17.11, 'gz': 21.01}]",2026-02-18 09:44:51,0.0
"[{'t_us': 458960471, 'ax': -0.82, 'ay': 0.08, 'az': 0.17, 'gx': -17.39, 'gy': 28.93, 'gz': 26.53}, {'t_us': 458974314, 'ax': -0.8, 'ay': 0.12, 'az': 0.12, 'gx': -21.11, 'gy': 32.11, 'gz': 26.37}, {'t_us': 458994299, 'ax': -0.82, 'ay': 0.21, 'az': 0.11, 'gx': -20.27, 'gy': 33.13, 'gz': 23.91}, {'t_us': 459014299, 'ax': -0.87, 'ay': 0.29, 'az': 0.09, 'gx': -14.09, 'gy': 24.58, 'gz': 16.24}, {'t_us': 459034281, 'ax': -0.84, 'ay': 0.31, 'az': 0.07, 'gx': -8.9, 'gy': 10.75, 'gz': 0.92}]",2026-02-18 09:44:51,0.0
"[{'t_us': 459058886, 'ax': -0.65, 'ay': 0.27, 'az': -0.01, 'gx': -12.89, 'gy': -3.66, 'gz': -15.13}, {'t_us': 459074321, 'ax': -0.51, 'ay': 0.21, 'az': -0.06, 'gx': -19.07, 'gy': -7.02, 'gz': -16.93}, {'t_us': 459094281, 'ax': -0.3, 'ay': 0.09, 'az': -0.08, 'gx': -23.94, 'gy': -4.58, 'gz': -16.26}, {'t_us': 459114281, 'ax': -0.17, 'ay': 0.01, 'az': -0.13, 'gx': -22.47, 'gy': 1.11, 'gz': -13.54}, {'t_us': 459134255, 'ax': -0.18, 'ay': -0.08, 'az': -0.23, 'gx': -15.48, 'gy': 0.15, 'gz': -8.35}]",2026-02-18 09:44:51,0.0
"[{'t_us': 459160966, 'ax': -0.5, 'ay': -0.32, 'az': -0.35, 'gx': 4.44, 'gy': -3.13, 'gz': -2.58}, {'t_us': 459174277, 'ax': -0.72, 'ay': -0.42, 'az': -0.35, 'gx': 13.77, 'gy': -6.66, 'gz': 5.18}, {'t_us': 459194312, 'ax': -1.25, 'ay': -0.54, 'az': -0.18, 'gx': 29.24, 'gy': -14.73, 'gz': 17.74}, {'t_us': 459214308, 'ax': -1.83, 'ay': -0.55, 'az': 0.14, 'gx': 38.99, 'gy': 9.91, 'gz': 21.02}, {'t_us': 459234300, 'ax': -1.77, 'ay': -0.17, 'az': 0.14, 'gx': 40.44, 'gy': 4.49, 'gz': 13.54}]",2026-02-18 09:44:51,0.0
"[{'t_us': 459258808, 'ax': -1.26, 'ay': 0.32, 'az': 0.34, 'gx': 43.48, 'gy': -22.46, 'gz': -3.45}, {'t_us': 459275875, 'ax': -0.97, 'ay': 0.48, 'az': 0.58, 'gx': 44.73, 'gy': -5.98, 'gz': -6.38}, {'t_us': 459294308, 'ax': -1.04, 'ay': 0.58, 'az': 0.6, 'gx': 31.45, 'gy': 24.37, 'gz': -12.37}, {'t_us': 459314277, 'ax': -1.35, 'ay': 0.48, 'az': 0.43, 'gx': 12.73, 'gy': 55.57, 'gz': -22.55}, {'t_us': 459334256, 'ax': -1.55, 'ay': 0.17, 'az': 0.15, 'gx': 0.46, 'gy': 49.16, 'gz': -32.93}]",2026-02-18 09:44:51,0.0
"[{'t_us': 459360669, 'ax': -1.41, 'ay': -0.15, 'az': -0.05, 'gx': -5.74, 'gy': 14.79, 'gz': -32.93}, {'t_us': 459374316, 'ax': -1.19, 'ay': -0.23, 'az': 0.05, 'gx': -9.59, 'gy': 5.83, 'gz': -27.05}, {'t_us': 459394277, 'ax': -0.92, 'ay': -0.24, 'az': 0.09, 'gx': -10.95, 'gy': 10.0, 'gz': -17.1}, {'t_us': 459414281, 'ax': -0.69, 'ay': -0.17, 'az': 0.09, 'gx': -3.02, 'gy': 13.89, 'gz': -15.97}, {'t_us': 459434309, 'ax': -0.55, 'ay': -0.11, 'az': 0.08, 'gx': 4.9, 'gy': 18.26, 'gz': -14.55}]",2026-02-18 09:44:51,0.0
"[{'t_us': 459459136, 'ax': -0.45, 'ay': -0.03, 'az': -0.0, 'gx': 3.13, 'gy': 10.85, 'gz': -9.04}, {'t_us': 459474291, 'ax': -0.34, 'ay': 0.01, 'az': -0.1, 'gx': -1.21, 'gy': 2.29, 'gz': -0.21}, {'t_us': 459494291, 'ax': -0.32, 'ay': 0.02, 'az': -0.16, 'gx': -4.34, 'gy': -13.05, 'gz': 16.93}, {'t_us': 459514321, 'ax': -0.33, 'ay': 0.05, 'az': -0.22, 'gx': -10.75, 'gy': -32.05, 'gz': 32.38}, {'t_us': 459534303, 'ax': -0.33, 'ay': 0.07, 'az': -0.28, 'gx': -16.58, 'gy': -48.78, 'gz': 44.66}]",2026-02-18 09:44:51,0.0
"[{'t_us': 459560681, 'ax': -0.65, 'ay': 0.23, 'az': -0.08, 'gx': -36.69, 'gy': -40.87, 'gz': 50.27}, {'t_us': 459574312, 'ax': -0.97, 'ay': 0.31, 'az': 0.02, 'gx': -47.15, 'gy': -43.94, 'gz': 35.27}, {'t_us': 459594277, 'ax': -1.17, 'ay': 0.45, 'az': 0.22, 'gx': -51.36, 'gy': -47.05, 'gz': 11.79}, {'t_us': 459614288, 'ax': -1.38, 'ay': 0.63, 'az': 0.5, 'gx': -55.15, 'gy': -39.25, 'gz': 2.81}, {'t_us': 459634288, 'ax': -1.58, 'ay': 0.39, 'az': 0.24, 'gx': -56.37, 'gy': -10.4, 'gz': 8.85}]",2026-02-18 09:44:51,0.0
"[{'t_us': 459659240, 'ax': -1.33, 'ay': 0.06, 'az': 0.16, 'gx': -45.91, 'gy': -9.13, 'gz': 22.89}, {'t_us': 459674277, 'ax': -1.28, 'ay': 0.1, 'az': 0.19, 'gx': -46.92, 'gy': -6.06, 'gz': 26.63}, {'t_us': 459694281, 'ax': -1.24, 'ay': -0.04, 'az': 0.21, 'gx': -33.68, 'gy': 4.23, 'gz': 26.67}, {'t_us': 459714308, 'ax': -1.32, 'ay': -0.09, 'az': 0.18, 'gx': -12.96, 'gy': 21.83, 'gz': 36.58}, {'t_us': 459734288, 'ax': -1.52, 'ay': -0.09, 'az': 0.01, 'gx': 14.6, 'gy': 15.73, 'gz': 32.11}]",2026-02-18 09:44:51,0.0
"[{'t_us': 459759204, 'ax': -1.33, 'ay': 0.08, 'az': 0.06, 'gx': 51.92, 'gy': 4.47, 'gz': 23.04}, {'t_us': 459774271, 'ax': -1.12, 'ay': 0.05, 'az': 0.1, 'gx': 67.98, 'gy': -0.31, 'gz': 20.27}, {'t_us': 459794277, 'ax': -0.85, 'ay': 0.05, 'az': 0.11, 'gx': 82.08, 'gy': 2.52, 'gz': 22.82}, {'t_us': 459814303, 'ax': -0.65, 'ay': 0.08, 'az': 0.12, 'gx': 86.66, 'gy': 17.08, 'gz': 19.44}, {'t_us': 459834312, 'ax': -0.54, 'ay': 0.07, 'az': 0.06, 'gx': 87.53, 'gy': 23.92, 'gz': 19.31}]",2026-02-18 09:44:52,0.0
"[{'t_us': 459860592, 'ax': -0.45, 'ay': 0.13, 'az': 0.03, 'gx': 89.94, 'gy': 20.11, 'gz': 11.22}, {'t_us': 459874615, 'ax': -0.42, 'ay': 0.16, 'az': 0.01, 'gx': 91.73, 'gy': 11.34, 'gz': -2.84}, {'t_us': 459894271, 'ax': -0.44, 'ay': 0.21, 'az': 0.03, 'gx': 89.28, 'gy': 4.44, 'gz': -25.37}, {'t_us': 459914296, 'ax': -0.51, 'ay': 0.19, 'az': 0.11, 'gx': 80.58, 'gy': 1.65, 'gz': -35.86}, {'t_us': 459934255, 'ax': -0.45, 'ay': 0.26, 'az': 0.14, 'gx': 60.41, 'gy': -8.6, 'gz': -34.18}]",2026-02-18 09:44:52,
"[{'t_us': 459960579, 'ax': -0.46, 'ay': 0.26, 'az': 0.07, 'gx': 26.0, 'gy': -14.08, 'gz': -16.24}, {'t_us': 459974308, 'ax': -0.52, 'ay': 0.29, 'az': -0.03, 'gx': 8.98, 'gy': -19.11, 'gz': 1.88}, {'t_us': 459994296, 'ax': -0.76, 'ay': 0.38, 'az': -0.25, 'gx': 2.24, 'gy': -1.05, 'gz': 28.06}, {'t_us': 460014309, 'ax': -1.43, 'ay': 0.07, 'az': -0.34, 'gx': 12.27, 'gy': 16.75, 'gz': 59.48}, {'t_us': 460034316, 'ax': -2.0, 'ay': -0.26, 'az': -0.15, 'gx': 21.19, 'gy': -28.9, 'gz': 35.05}]",2026-02-18 09:44:52,0.0
"[{'t_us': 460059300, 'ax': -1.41, 'ay': -0.31, 'az': -0.13, 'gx': 36.46, 'gy': -60.76, 'gz': -14.32}, {'t_us': 460074295, 'ax': -1.2, 'ay': -0.34, 'az': -0.19, 'gx': 47.02, 'gy': -53.45, 'gz': -29.53}, {'t_us': 460094300, 'ax': -0.95, 'ay': -0.16, 'az': -0.04, 'gx': 67.5, 'gy': -42.0, 'gz': -33.73}, {'t_us': 460114300, 'ax': -0.94, 'ay': 0.13, 'az': 0.38, 'gx': 79.73, 'gy': -2.34, 'gz': -23.69}, {'t_us': 460134303, 'ax': -1.29, 'ay': 0.56, 'az': 0.53, 'gx': 64.08, 'gy': 21.94, 'gz': -3.3}]",2026-02-18 09:44:52,0.0
"[{'t_us': 460159394, 'ax': -1.49, 'ay': 0.72, 'az': 0.14, 'gx': 37.01, 'gy': 9.85, 'gz': -13.56}, {'t_us': 460174272, 'ax': -1.46, 'ay': 0.61, 'az': 0.03, 'gx': 16.02, 'gy': -6.4, 'gz': -20.79}, {'t_us': 460194288, 'ax': -1.24, 'ay': 0.33, 'az': 0.0, 'gx': 5.48, 'gy': -3.07, 'gz': -27.6}, {'t_us': 460214262, 'ax': -1.24, 'ay': 0.03, 'az': 0.03, 'gx': 12.52, 'gy': -0.85, 'gz': -39.16}, {'t_us': 460234321, 'ax': -1.12, 'ay': -0.15, 'az': 0.12, 'gx': 23.97, 'gy': -6.44, 'gz': -49.18}]",2026-02-18 09:44:52,0.0
"[{'t_us': 460260367, 'ax': -0.8, 'ay': -0.23, 'az': 0.17, 'gx': 32.29, 'gy': -6.35, 'gz': -44.87}, {'t_us': 460274296, 'ax': -0.7, 'ay': -0.23, 'az': 0.12, 'gx': 35.01, 'gy': -6.38, 'gz': -40.5}, {'t_us': 460294316, 'ax': -0.6, 'ay': -0.16, 'az': 0.05, 'gx': 37.95, 'gy': -6.4, 'gz': -37.73}, {'t_us': 460314312, 'ax': -0.56, 'ay': -0.08, 'az': 0.03, 'gx': 39.31, 'gy': -8.82, 'gz': -36.84}, {'t_us': 460334277, 'ax': -0.47, 'ay': -0.11, 'az': -0.01, 'gx': 43.33, 'gy': -17.65, 'gz': -32.11}]",2026-02-18 09:44:52,0.0
"[{'t_us': 460361902, 'ax': -0.27, 'ay': -0.11, 'az': -0.0, 'gx': 49.6, 'gy': -25.08, 'gz': -9.69}, {'t_us': 460374296, 'ax': -0.28, 'ay': -0.15, 'az': -0.07, 'gx': 49.57, 'gy': -27.88, 'gz': -1.79}, {'t_us': 460394296, 'ax': -0.2, 'ay': -0.17, 'az': -0.15, 'gx': 48.52, 'gy': -27.16, 'gz': 13.51}, {'t_us': 460414321, 'ax': -0.29, 'ay': -0.1, 'az': -0.15, 'gx': 38.7, 'gy': -20.15, 'gz': 24.95}, {'t_us': 460434321, 'ax': -0.53, 'ay': 0.15, 'az': -0.15, 'gx': 24.09, 'gy': -8.29, 'gz': 25.01}]",2026-02-18 09:44:52,0.0
"[{'t_us': 460459456, 'ax': -1.18, 'ay': 0.49, 'az': 0.07, 'gx': 10.84, 'gy': -13.02, 'gz': -1.05}, {'t_us': 460475947, 'ax': -1.43, 'ay': 0.61, 'az': 0.07, 'gx': 14.7, 'gy': -24.99, 'gz': -28.63}, {'t_us': 460494262, 'ax': -1.64, 'ay': 0.91, 'az': 0.43, 'gx': 27.71, 'gy': -44.85, 'gz': -49.62}, {'t_us': 460514300, 'ax': -1.53, 'ay': 0.36, 'az': 0.22, 'gx': 32.99, 'gy': -18.99, 'gz': -62.41}, {'t_us': 460534281, 'ax': -1.11, 'ay': -0.07, 'az': 0.2, 'gx': 34.76, 'gy': -6.75, 'gz': -41.05}]",2026-02-18 09:44:52,0.0
"[{'t_us': 460560679, 'ax': -1.07, 'ay': -0.46, 'az': 0.38, 'gx': 30.56, 'gy': -8.34, 'gz': -21.94}, {'t_us': 460574291, 'ax': -1.15, 'ay': -0.64, 'az': 0.4, 'gx': 39.69, 'gy': 6.84, 'gz': -10.69}, {'t_us': 460594277, 'ax': -1.24, 'ay': -0.63, 'az': 0.25, 'gx': 55.36, 'gy': 30.34, 'gz': 5.95}, {'t_us': 460614281, 'ax': -1.37, 'ay': -0.42, 'az': 0.05, 'gx': 81.69, 'gy': 33.11, 'gz': 13.77}, {'t_us': 460634308, 'ax': -1.37, 'ay': -0.1, 'az': 0.03, 'gx': 103.91, 'gy': 31.48, 'gz': 11.24}]",2026-02-18 09:44:52,0.0
"[{'t_us': 460661156, 'ax': -1.2, 'ay': 0.12, 'az': 0.07, 'gx': 124.53, 'gy': 28.08, 'gz': 8.41}, {'t_us': 460674278, 'ax': -1.11, 'ay': 0.23, 'az': 0.11, 'gx': 128.76, 'gy': 28.05, 'gz': 7.68}, {'t_us': 460694271, 'ax': -0.89, 'ay': 0.29, 'az': 0.13, 'gx': 123.97, 'gy': 25.07, 'gz': 2.89}, {'t_us': 460714277, 'ax': -0.71, 'ay': 0.26, 'az': 0.08, 'gx': 111.18, 'gy': 26.63, 'gz': -0.67}, {'t_us': 460734321, 'ax': -0.64, 'ay': 0.28, 'az': 0.08, 'gx': 96.98, 'gy': 27.18, 'gz': -7.25}]",2026-02-18 09:44:52,0.0
"[{'t_us': 460758766, 'ax': -0.61, 'ay': 0.36, 'az': 0.1, 'gx': 76.29, 'gy': 19.79, 'gz': -13.21}, {'t_us': 460774286, 'ax': -0.54, 'ay': 0.35, 'az': 0.08, 'gx': 61.13, 'gy': 9.16, 'gz': -18.23}, {'t_us': 460794308, 'ax': -0.4, 'ay': 0.32, 'az': 0.04, 'gx': 39.57, 'gy': 1.53, 'gz': -22.08}, {'t_us': 460814303, 'ax': -0.4, 'ay': 0.29, 'az': 0.01, 'gx': 20.55, 'gy': -6.05, 'gz': -22.06}, {'t_us': 460834271, 'ax': -0.3, 'ay': 0.28, 'az': -0.01, 'gx': 6.53, 'gy': -20.06, 'gz': -23.83}]",2026-02-18 09:44:53,0.0
"[{'t_us': 460860685, 'ax': -0.4, 'ay': 0.15, 'az': -0.17, 'gx': -0.76, 'gy': -11.3, 'gz': -28.17}, {'t_us': 460874296, 'ax': -0.6, 'ay': 0.02, 'az': -0.29, 'gx': 7.48, 'gy': -7.59, 'gz': -28.84}, {'t_us': 460894281, 'ax': -0.89, 'ay': -0.22, 'az': -0.26, 'gx': 27.73, 'gy': 5.21, 'gz': -24.24}, {'t_us': 460914281, 'ax': -1.58, 'ay': -0.64, 'az': -0.1, 'gx': 56.4, 'gy': 5.71, 'gz': -3.37}, {'t_us': 460934301, 'ax': -1.9, 'ay': -0.68, 'az': 0.19, 'gx': 71.66, 'gy': -3.94, 'gz': 18.15}]",2026-02-18 09:44:53,0.0
"[{'t_us': 460959127, 'ax': -1.53, 'ay': -0.01, 'az': -0.15, 'gx': 48.7, 'gy': -6.23, 'gz': 18.18}, {'t_us': 460974266, 'ax': -1.37, 'ay': 0.31, 'az': -0.17, 'gx': 53.59, 'gy': -7.24, 'gz': 6.46}, {'t_us': 460994316, 'ax': -1.04, 'ay': 0.66, 'az': 0.27, 'gx': 54.53, 'gy': 2.7, 'gz': 1.95}, {'t_us': 461014312, 'ax': -1.21, 'ay': 0.84, 'az': 0.44, 'gx': 34.78, 'gy': 22.82, 'gz': -13.68}, {'t_us': 461034324, 'ax': -1.34, 'ay': 0.7, 'az': 0.28, 'gx': 20.43, 'gy': 39.04, 'gz': -36.85}]",2026-02-18 09:44:53,0.0
"[{'t_us': 461058991, 'ax': -1.4, 'ay': 0.31, 'az': 0.1, 'gx': -3.8, 'gy': 22.02, 'gz': -47.98}, {'t_us': 461074309, 'ax': -1.27, 'ay': 0.06, 'az': 0.07, 'gx': -13.82, 'gy': 12.41, 'gz': -44.95}, {'t_us': 461094308, 'ax': -1.12, 'ay': -0.22, 'az': 0.08, 'gx': -20.55, 'gy': 12.31, 'gz': -34.52}, {'t_us': 461114277, 'ax': -0.95, 'ay': -0.3, 'az': 0.06, 'gx': -19.8, 'gy': 12.27, 'gz': -31.34}, {'t_us': 461134271, 'ax': -0.75, 'ay': -0.29, 'az': 0.04, 'gx': -6.06, 'gy': 12.89, 'gz': -31.24}]",2026-02-18 09:44:53,0.0
"[{'t_us': 461158777, 'ax': -0.5, 'ay': -0.22, 'az': 0.07, 'gx': 8.37, 'gy': 20.18, 'gz': -30.21}, {'t_us': 461174268, 'ax': -0.42, 'ay': -0.17, 'az': 0.05, 'gx': 13.73, 'gy': 21.24, 'gz': -27.18}, {'t_us': 461194277, 'ax': -0.34, 'ay': -0.14, 'az': -0.01, 'gx': 15.68, 'gy': 14.26, 'gz': -17.92}, {'t_us': 461214303, 'ax': -0.27, 'ay': -0.17, 'az': -0.14, 'gx': 19.36, 'gy': 2.06, 'gz': -3.83}, {'t_us': 461234316, 'ax': -0.35, 'ay': -0.14, 'az': -0.13, 'gx': 21.95, 'gy': -10.58, 'gz': 7.07}]",2026-02-18 09:44:53,0.0
"[{'t_us': 461258838, 'ax': -0.32, 'ay': -0.17, 'az': -0.21, 'gx': 24.53, 'gy': -30.96, 'gz': 22.23}, {'t_us': 461274255, 'ax': -0.33, 'ay': -0.11, 'az': -0.24, 'gx': 20.4, 'gy': -40.67, 'gz': 31.91}, {'t_us': 461294321, 'ax': -0.52, 'ay': 0.01, 'az': -0.29, 'gx': 6.47, 'gy': -29.91, 'gz': 36.92}, {'t_us': 461314281, 'ax': -1.08, 'ay': 0.43, 'az': -0.08, 'gx': -15.53, 'gy': -22.72, 'gz': 23.48}, {'t_us': 461334303, 'ax': -1.64, 'ay': 0.76, 'az': 0.07, 'gx': -35.22, 'gy': -38.06, 'gz': -11.42}]",2026-02-18 09:44:53,0.0
"[{'t_us': 461359102, 'ax': -1.81, 'ay': 1.05, 'az': 0.46, 'gx': -32.69, 'gy': -61.22, 'gz': -42.73}, {'t_us': 461374324, 'ax': -1.52, 'ay': 0.45, 'az': 0.23, 'gx': -24.06, 'gy': -33.89, 'gz': -44.75}, {'t_us': 461394316, 'ax': -1.08, 'ay': -0.19, 'az': 0.03, 'gx': -16.12, 'gy': -5.86, 'gz': -29.51}, {'t_us': 461414277, 'ax': -0.99, 'ay': -0.62, 'az': 0.13, 'gx': -14.98, 'gy': 0.37, 'gz': -7.16}, {'t_us': 461434255, 'ax': -1.11, 'ay': -0.79, 'az': 0.19, 'gx': -1.48, 'gy': 14.61, 'gz': 19.69}]",2026-02-18 09:44:53,0.0
"[{'t_us': 461460901, 'ax': -1.45, 'ay': -0.32, 'az': -0.0, 'gx': 2.99, 'gy': 28.0, 'gz': 46.24}, {'t_us': 461474687, 'ax': -1.54, 'ay': -0.04, 'az': -0.06, 'gx': 17.4, 'gy': 13.82, 'gz': 43.86}, {'t_us': 461494316, 'ax': -1.52, 'ay': 0.26, 'az': -0.02, 'gx': 35.01, 'gy': 6.69, 'gz': 33.04}, {'t_us': 461514277, 'ax': -1.33, 'ay': 0.35, 'az': 0.11, 'gx': 49.88, 'gy': -0.21, 'gz': 17.25}, {'t_us': 461534288, 'ax': -0.95, 'ay': 0.27, 'az': 0.23, 'gx': 57.8, 'gy': -4.06, 'gz': 7.69}]",2026-02-18 09:44:53,0.0
"[{'t_us': 461560404, 'ax': -0.56, 'ay': 0.16, 'az': 0.2, 'gx': 50.06, 'gy': 4.29, 'gz': 11.33}, {'t_us': 461574271, 'ax': -0.47, 'ay': 0.1, 'az': 0.18, 'gx': 42.75, 'gy': 17.44, 'gz': 11.73}, {'t_us': 461594312, 'ax': -0.41, 'ay': 0.05, 'az': 0.11, 'gx': 33.02, 'gy': 28.09, 'gz': 11.37}, {'t_us': 461614277, 'ax': -0.34, 'ay': 0.04, 'az': 0.03, 'gx': 26.96, 'gy': 22.32, 'gz': 6.17}, {'t_us': 461634281, 'ax': -0.35, 'ay': 0.13, 'az': -0.01, 'gx': 22.69, 'gy': 9.71, 'gz': -0.44}]",2026-02-18 09:44:53,0.0
"[{'t_us': 461660997, 'ax': -0.41, 'ay': 0.27, 'az': -0.08, 'gx': 11.88, 'gy': -9.65, 'gz': -10.55}, {'t_us': 461674329, 'ax': -0.36, 'ay': 0.3, 'az': -0.14, 'gx': 6.78, 'gy': -19.05, 'gz': -15.45}, {'t_us': 461694308, 'ax': -0.32, 'ay': 0.28, 'az': -0.19, 'gx': 4.5, 'gy': -15.37, 'gz': -19.19}, {'t_us': 461714303, 'ax': -0.48, 'ay': 0.13, 'az': -0.37, 'gx': 11.22, 'gy': -11.3, 'gz': -17.02}, {'t_us': 461734316, 'ax': -0.75, 'ay': -0.12, 'az': -0.39, 'gx': 28.75, 'gy': 11.21, 'gz': -1.27}]",2026-02-18 09:44:53,0.0
"[{'t_us': 461758969, 'ax': -1.72, 'ay': -0.67, 'az': -0.17, 'gx': 54.78, 'gy': -8.35, 'gz': 21.86}, {'t_us': 461774316, 'ax': -2.0, 'ay': -0.79, 'az': 0.07, 'gx': 64.09, 'gy': -28.53, 'gz': 36.24}, {'t_us': 461794268, 'ax': -1.69, 'ay': -0.46, 'az': -0.15, 'gx': 51.31, 'gy': -32.23, 'gz': 17.53}, {'t_us': 461814277, 'ax': -1.26, 'ay': 0.13, 'az': -0.06, 'gx': 62.46, 'gy': -35.04, 'gz': -3.3}, {'t_us': 461834308, 'ax': -0.88, 'ay': 0.45, 'az': 0.29, 'gx': 75.47, 'gy': 5.53, 'gz': -11.86}]",2026-02-18 09:44:54,0.0
"[{'t_us': 461860703, 'ax': -1.14, 'ay': 0.79, 'az': 0.54, 'gx': 62.79, 'gy': 47.74, 'gz': -5.34}, {'t_us': 461874328, 'ax': -1.45, 'ay': 0.7, 'az': 0.33, 'gx': 43.47, 'gy': 52.76, 'gz': -16.43}, {'t_us': 461894316, 'ax': -1.61, 'ay': 0.56, 'az': 0.16, 'gx': 16.56, 'gy': 38.02, 'gz': -26.24}, {'t_us': 461914312, 'ax': -1.64, 'ay': 0.25, 'az': -0.03, 'gx': -11.01, 'gy': 12.2, 'gz': -28.56}, {'t_us': 461934305, 'ax': -1.37, 'ay': -0.09, 'az': 0.01, 'gx': -17.21, 'gy': -5.73, 'gz': -23.57}]",2026-02-18 09:44:54,0.0
"[{'t_us': 461959187, 'ax': -1.0, 'ay': -0.34, 'az': 0.08, 'gx': -8.98, 'gy': -12.58, 'gz': -22.15}, {'t_us': 461975375, 'ax': -0.72, 'ay': -0.32, 'az': 0.12, 'gx': 4.29, 'gy': -7.22, 'gz': -21.24}, {'t_us': 461994291, 'ax': -0.48, 'ay': -0.22, 'az': 0.15, 'gx': 20.06, 'gy': 2.27, 'gz': -22.67}, {'t_us': 462014321, 'ax': -0.34, 'ay': -0.1, 'az': 0.14, 'gx': 28.64, 'gy': 10.76, 'gz': -21.51}, {'t_us': 462034271, 'ax': -0.29, 'ay': -0.09, 'az': 0.07, 'gx': 30.84, 'gy': 10.99, 'gz': -13.39}]",2026-02-18 09:44:54,0.0
"[{'t_us': 462058850, 'ax': -0.18, 'ay': -0.17, 'az': -0.05, 'gx': 35.1, 'gy': 4.56, 'gz': 8.38}, {'t_us': 462074271, 'ax': -0.25, 'ay': -0.2, 'az': -0.16, 'gx': 38.63, 'gy': 0.96, 'gz': 19.65}, {'t_us': 462094284, 'ax': -0.29, 'ay': -0.27, 'az': -0.27, 'gx': 41.13, 'gy': -16.53, 'gz': 34.92}, {'t_us': 462114277, 'ax': -0.37, 'ay': -0.14, 'az': -0.3, 'gx': 36.7, 'gy': -33.77, 'gz': 45.28}, {'t_us': 462134300, 'ax': -0.6, 'ay': 0.0, 'az': -0.32, 'gx': 27.33, 'gy': -35.77, 'gz': 44.5}]",2026-02-18 09:44:54,0.0
"[{'t_us': 462160905, 'ax': -1.36, 'ay': 0.47, 'az': -0.1, 'gx': 15.47, 'gy': -29.8, 'gz': 22.05}, {'t_us': 462174271, 'ax': -1.61, 'ay': 0.65, 'az': -0.04, 'gx': 3.15, 'gy': -32.09, 'gz': -15.8}, {'t_us': 462194277, 'ax': -1.68, 'ay': 0.9, 'az': 0.21, 'gx': 5.42, 'gy': -56.93, 'gz': -38.52}, {'t_us': 462214316, 'ax': -1.48, 'ay': 0.91, 'az': 0.28, 'gx': 12.99, 'gy': -64.55, 'gz': -42.73}, {'t_us': 462234271, 'ax': -1.05, 'ay': 0.14, 'az': 0.28, 'gx': 13.24, 'gy': -43.57, 'gz': -29.33}]",2026-02-18 09:44:54,0.0
"[{'t_us': 462258979, 'ax': -0.96, 'ay': -0.41, 'az': 0.42, 'gx': -12.5, 'gy': -5.89, 'gz': -6.4}, {'t_us': 462274317, 'ax': -1.0, 'ay': -0.66, 'az': 0.36, 'gx': -9.36, 'gy': 3.91, 'gz': -0.84}, {'t_us': 462294316, 'ax': -1.06, 'ay': -0.57, 'az': 0.21, 'gx': 11.6, 'gy': 24.34, 'gz': 13.97}, {'t_us': 462314288, 'ax': -1.34, 'ay': -0.31, 'az': -0.02, 'gx': 28.43, 'gy': 34.89, 'gz': 19.3}, {'t_us': 462334300, 'ax': -1.53, 'ay': -0.03, 'az': -0.11, 'gx': 51.31, 'gy': 20.4, 'gz': 10.06}]",2026-02-18 09:44:54,0.0
"[{'t_us': 462360417, 'ax': -1.34, 'ay': 0.19, 'az': 0.11, 'gx': 68.32, 'gy': 14.47, 'gz': 4.69}, {'t_us': 462374262, 'ax': -1.22, 'ay': 0.24, 'az': 0.1, 'gx': 75.83, 'gy': 3.73, 'gz': 2.44}, {'t_us': 462394271, 'ax': -0.96, 'ay': 0.21, 'az': 0.15, 'gx': 74.84, 'gy': -7.15, 'gz': 2.76}, {'t_us': 462414300, 'ax': -0.71, 'ay': 0.04, 'az': 0.08, 'gx': 69.71, 'gy': -2.49, 'gz': 1.74}, {'t_us': 462434312, 'ax': -0.58, 'ay': 0.02, 'az': 0.0, 'gx': 70.6, 'gy': 7.66, 'gz': 1.88}]",2026-02-18 09:44:54,0.0
"[{'t_us': 462460490, 'ax': -0.53, 'ay': 0.01, 'az': -0.01, 'gx': 72.92, 'gy': 12.23, 'gz': -6.49}, {'t_us': 462474275, 'ax': -0.51, 'ay': 0.08, 'az': -0.01, 'gx': 71.15, 'gy': 6.49, 'gz': -14.53}, {'t_us': 462494288, 'ax': -0.38, 'ay': 0.19, 'az': -0.07, 'gx': 63.5, 'gy': -4.4, 'gz': -25.36}, {'t_us': 462514271, 'ax': -0.29, 'ay': 0.2, 'az': -0.06, 'gx': 48.7, 'gy': -14.14, 'gz': -26.18}, {'t_us': 462534296, 'ax': -0.21, 'ay': 0.26, 'az': -0.11, 'gx': 32.5, 'gy': -15.89, 'gz': -23.82}]",2026-02-18 09:44:54,0.0
"[{'t_us': 462560632, 'ax': -0.15, 'ay': 0.27, 'az': -0.19, 'gx': 28.21, 'gy': -1.13, 'gz': -12.41}, {'t_us': 462574312, 'ax': -0.31, 'ay': 0.21, 'az': -0.31, 'gx': 31.83, 'gy': 5.88, 'gz': -10.98}, {'t_us': 462594262, 'ax': -0.58, 'ay': -0.13, 'az': -0.31, 'gx': 47.47, 'gy': 7.07, 'gz': -9.69}, {'t_us': 462614274, 'ax': -1.18, 'ay': -0.48, 'az': -0.18, 'gx': 67.16, 'gy': -0.84, 'gz': 3.22}, {'t_us': 462634300, 'ax': -2.0, 'ay': -0.79, 'az': 0.23, 'gx': 81.56, 'gy': 3.04, 'gz': 13.83}]",2026-02-18 09:44:54,0.0
"[{'t_us': 462660394, 'ax': -2.0, 'ay': -0.2, 'az': 0.06, 'gx': 72.12, 'gy': -2.66, 'gz': 18.08}, {'t_us': 462674303, 'ax': -1.63, 'ay': 0.32, 'az': 0.15, 'gx': 74.61, 'gy': -40.63, 'gz': 5.28}, {'t_us': 462694300, 'ax': -1.26, 'ay': 0.73, 'az': 0.63, 'gx': 73.98, 'gy': -19.27, 'gz': -6.56}, {'t_us': 462714255, 'ax': -1.05, 'ay': 0.97, 'az': 0.92, 'gx': 46.63, 'gy': 27.34, 'gz': -10.43}, {'t_us': 462734320, 'ax': -1.27, 'ay': 0.89, 'az': 0.61, 'gx': 16.84, 'gy': 67.95, 'gz': -28.7}]",2026-02-18 09:44:54,0.0
"[{'t_us': 462758642, 'ax': -1.42, 'ay': 0.2, 'az': 0.21, 'gx': 11.68, 'gy': 67.34, 'gz': -55.3}, {'t_us': 462774296, 'ax': -1.56, 'ay': -0.16, 'az': 0.02, 'gx': 15.73, 'gy': 61.76, 'gz': -56.84}, {'t_us': 462794303, 'ax': -1.45, 'ay': -0.43, 'az': -0.09, 'gx': 17.89, 'gy': 49.37, 'gz': -50.31}, {'t_us': 462814262, 'ax': -1.15, 'ay': -0.44, 'az': -0.15, 'gx': 17.18, 'gy': 17.56, 'gz': -41.37}, {'t_us': 462834276, 'ax': -0.8, 'ay': -0.28, 'az': -0.07, 'gx': 20.34, 'gy': -7.97, 'gz': -32.24}]",2026-02-18 09:44:55,0.0
"[{'t_us': 462859040, 'ax': -0.46, 'ay': -0.12, 'az': 0.04, 'gx': 24.64, 'gy': -0.03, 'gz': -18.2}, {'t_us': 462874300, 'ax': -0.34, 'ay': -0.06, 'az': 0.02, 'gx': 27.15, 'gy': 1.68, 'gz': -13.04}, {'t_us': 462894296, 'ax': -0.08, 'ay': -0.06, 'az': -0.04, 'gx': 31.48, 'gy': 1.85, 'gz': -5.94}, {'t_us': 462914414, 'ax': 0.01, 'ay': -0.09, 'az': -0.13, 'gx': 39.02, 'gy': -0.72, 'gz': 6.29}, {'t_us': 462934262, 'ax': 0.06, 'ay': -0.17, 'az': -0.2, 'gx': 46.81, 'gy': -7.86, 'gz': 10.81}]",2026-02-18 09:44:55,0.0
"[{'t_us': 462959112, 'ax': -0.06, 'ay': -0.21, 'az': -0.32, 'gx': 51.37, 'gy': -15.83, 'gz': 24.37}, {'t_us': 462974319, 'ax': -0.18, 'ay': -0.06, 'az': -0.36, 'gx': 51.31, 'gy': -24.9, 'gz': 30.84}, {'t_us': 462994312, 'ax': -0.45, 'ay': 0.02, 'az': -0.4, 'gx': 43.24, 'gy': -24.41, 'gz': 36.18}, {'t_us': 463014277, 'ax': -1.41, 'ay': 0.41, 'az': -0.0, 'gx': 25.83, 'gy': -1.74, 'gz': 4.96}, {'t_us': 463034271, 'ax': -2.0, 'ay': 0.61, 'az': 0.14, 'gx': 13.71, 'gy': -8.96, 'gz': -52.55}]",2026-02-18 09:44:55,0.0
"[{'t_us': 463060441, 'ax': -2.0, 'ay': 1.09, 'az': 0.13, 'gx': 8.66, 'gy': -8.47, 'gz': -55.77}, {'t_us': 463074291, 'ax': -1.61, 'ay': 0.22, 'az': -0.2, 'gx': 11.11, 'gy': -57.24, 'gz': -32.58}, {'t_us': 463094281, 'ax': -1.0, 'ay': -0.19, 'az': -0.01, 'gx': 0.64, 'gy': -42.21, 'gz': -8.18}, {'t_us': 463114281, 'ax': -0.87, 'ay': -0.55, 'az': 0.18, 'gx': 4.72, 'gy': -18.49, 'gz': 2.75}, {'t_us': 463134308, 'ax': -0.87, 'ay': -0.84, 'az': 0.22, 'gx': 23.62, 'gy': 8.2, 'gz': 10.38}]",2026-02-18 09:44:55,0.0
"[{'t_us': 463159147, 'ax': -1.33, 'ay': -0.52, 'az': 0.03, 'gx': 29.05, 'gy': 38.66, 'gz': 29.77}, {'t_us': 463174303, 'ax': -1.61, 'ay': -0.23, 'az': -0.15, 'gx': 38.55, 'gy': 29.34, 'gz': 34.06}, {'t_us': 463194296, 'ax': -1.69, 'ay': 0.16, 'az': -0.17, 'gx': 70.92, 'gy': 1.97, 'gz': 23.85}, {'t_us': 463214296, 'ax': -1.38, 'ay': 0.35, 'az': -0.02, 'gx': 87.89, 'gy': -6.58, 'gz': 6.6}, {'t_us': 463234255, 'ax': -0.95, 'ay': 0.32, 'az': 0.14, 'gx': 86.08, 'gy': -22.02, 'gz': 1.82}]",2026-02-18 09:44:55,0.0
"[{'t_us': 463258880, 'ax': -0.51, 'ay': 0.21, 'az': 0.22, 'gx': 66.37, 'gy': -13.25, 'gz': 6.06}, {'t_us': 463274277, 'ax': -0.4, 'ay': 0.16, 'az': 0.18, 'gx': 51.16, 'gy': 0.09, 'gz': 9.86}, {'t_us': 463294271, 'ax': -0.31, 'ay': 0.1, 'az': 0.12, 'gx': 35.19, 'gy': 7.71, 'gz': 11.54}, {'t_us': 463314277, 'ax': -0.3, 'ay': 0.07, 'az': 0.01, 'gx': 25.5, 'gy': 0.67, 'gz': 8.32}, {'t_us': 463334303, 'ax': -0.3, 'ay': 0.23, 'az': -0.07, 'gx': 17.94, 'gy': -10.82, 'gz': -2.38}]",2026-02-18 09:44:55,0.0
"[{'t_us': 463360391, 'ax': -0.4, 'ay': 0.29, 'az': -0.15, 'gx': 8.18, 'gy': -24.37, 'gz': -12.12}, {'t_us': 463374321, 'ax': -0.31, 'ay': 0.31, 'az': -0.16, 'gx': 7.44, 'gy': -27.62, 'gz': -15.97}, {'t_us': 463394308, 'ax': -0.28, 'ay': 0.21, 'az': -0.16, 'gx': 13.91, 'gy': -24.41, 'gz': -21.18}, {'t_us': 463414303, 'ax': -0.36, 'ay': 0.09, 'az': -0.25, 'gx': 28.14, 'gy': -22.43, 'gz': -21.07}, {'t_us': 463434281, 'ax': -0.6, 'ay': -0.19, 'az': -0.23, 'gx': 46.75, 'gy': 2.98, 'gz': -24.29}]",2026-02-18 09:44:55,0.0
"[{'t_us': 463460422, 'ax': -1.72, 'ay': -0.84, 'az': -0.01, 'gx': 68.29, 'gy': -16.31, 'gz': -0.21}, {'t_us': 463474305, 'ax': -2.0, 'ay': -0.93, 'az': 0.24, 'gx': 83.97, 'gy': -16.09, 'gz': 21.02}, {'t_us': 463494312, 'ax': -2.0, 'ay': -0.4, 'az': -0.13, 'gx': 83.83, 'gy': 8.44, 'gz': 30.06}, {'t_us': 463514308, 'ax': -1.62, 'ay': 0.33, 'az': -0.13, 'gx': 65.01, 'gy': -50.52, 'gz': 9.88}, {'t_us': 463534300, 'ax': -1.13, 'ay': 0.68, 'az': 0.41, 'gx': 61.98, 'gy': -37.48, 'gz': 1.54}]",2026-02-18 09:44:55,0.0
"[{'t_us': 463558819, 'ax': -1.13, 'ay': 0.99, 'az': 0.64, 'gx': 36.76, 'gy': 16.15, 'gz': -8.93}, {'t_us': 463574316, 'ax': -1.3, 'ay': 0.85, 'az': 0.48, 'gx': 23.51, 'gy': 30.85, 'gz': -29.88}, {'t_us': 463594308, 'ax': -1.24, 'ay': 0.37, 'az': 0.33, 'gx': 7.91, 'gy': 39.16, 'gz': -44.44}, {'t_us': 463614321, 'ax': -1.29, 'ay': -0.0, 'az': 0.14, 'gx': -11.85, 'gy': 41.37, 'gz': -43.08}, {'t_us': 463634281, 'ax': -1.21, 'ay': -0.27, 'az': 0.01, 'gx': -25.27, 'gy': 35.91, 'gz': -32.72}]",2026-02-18 09:44:55,0.0
"[{'t_us': 463659743, 'ax': -0.91, 'ay': -0.3, 'az': -0.04, 'gx': -28.6, 'gy': 16.29, 'gz': -20.2}, {'t_us': 463674321, 'ax': -0.7, 'ay': -0.23, 'az': -0.03, 'gx': -22.03, 'gy': 9.76, 'gz': -17.8}, {'t_us': 463694296, 'ax': -0.48, 'ay': -0.15, 'az': 0.08, 'gx': -11.77, 'gy': 18.03, 'gz': -15.39}, {'t_us': 463714321, 'ax': -0.38, 'ay': -0.12, 'az': 0.1, 'gx': -4.27, 'gy': 25.51, 'gz': -11.54}, {'t_us': 463734263, 'ax': -0.27, 'ay': -0.12, 'az': 0.03, 'gx': 1.01, 'gy': 22.93, 'gz': -5.95}]",2026-02-18 09:44:55,0.0
"[{'t_us': 463760675, 'ax': -0.17, 'ay': -0.22, 'az': -0.12, 'gx': 16.47, 'gy': 17.45, 'gz': 9.77}, {'t_us': 463774288, 'ax': -0.24, 'ay': -0.3, 'az': -0.18, 'gx': 25.33, 'gy': 6.0, 'gz': 19.22}, {'t_us': 463794308, 'ax': -0.32, 'ay': -0.28, 'az': -0.25, 'gx': 30.55, 'gy': -19.01, 'gz': 31.89}, {'t_us': 463814277, 'ax': -0.33, 'ay': -0.28, 'az': -0.35, 'gx': 40.5, 'gy': -36.31, 'gz': 36.75}, {'t_us': 463834300, 'ax': -0.56, 'ay': -0.09, 'az': -0.33, 'gx': 37.15, 'gy': -26.2, 'gz': 34.06}]",2026-02-18 09:44:56,0.0
"[{'t_us': 463859420, 'ax': -1.35, 'ay': 0.42, 'az': -0.11, 'gx': 22.14, 'gy': -6.26, 'gz': -7.88}, {'t_us': 463874308, 'ax': -1.81, 'ay': 0.67, 'az': 0.09, 'gx': 16.34, 'gy': -17.86, 'gz': -45.88}, {'t_us': 463894310, 'ax': -2.0, 'ay': 1.15, 'az': 0.42, 'gx': 17.24, 'gy': -33.73, 'gz': -68.58}, {'t_us': 463914303, 'ax': -1.73, 'ay': 0.64, 'az': 0.11, 'gx': 12.03, 'gy': -45.5, 'gz': -49.45}, {'t_us': 463934262, 'ax': -1.02, 'ay': 0.02, 'az': 0.27, 'gx': -9.22, 'gy': -36.75, 'gz': -16.38}]",2026-02-18 09:44:56,0.0
"[{'t_us': 463960734, 'ax': -0.91, 'ay': -0.59, 'az': 0.4, 'gx': -38.47, 'gy': -7.1, 'gz': 3.92}, {'t_us': 463974308, 'ax': -1.04, 'ay': -0.7, 'az': 0.33, 'gx': -23.56, 'gy': 18.4, 'gz': 12.27}, {'t_us': 463994398, 'ax': -1.28, 'ay': -0.49, 'az': 0.25, 'gx': -6.11, 'gy': 41.8, 'gz': 28.23}, {'t_us': 464014321, 'ax': -1.53, 'ay': -0.18, 'az': -0.11, 'gx': 12.08, 'gy': 36.96, 'gz': 32.87}, {'t_us': 464034308, 'ax': -1.48, 'ay': 0.07, 'az': -0.21, 'gx': 38.56, 'gy': 25.85, 'gz': 23.37}]",2026-02-18 09:44:56,0.0
"[{'t_us': 464060561, 'ax': -1.12, 'ay': 0.19, 'az': -0.03, 'gx': 46.67, 'gy': 0.15, 'gz': 19.82}, {'t_us': 464074296, 'ax': -0.93, 'ay': 0.18, 'az': 0.07, 'gx': 44.5, 'gy': -9.3, 'gz': 19.79}, {'t_us': 464094296, 'ax': -0.64, 'ay': 0.21, 'az': 0.16, 'gx': 34.5, 'gy': -2.53, 'gz': 21.83}, {'t_us': 464114321, 'ax': -0.53, 'ay': 0.19, 'az': 0.13, 'gx': 17.74, 'gy': 12.02, 'gz': 26.98}, {'t_us': 464134300, 'ax': -0.52, 'ay': 0.18, 'az': 0.07, 'gx': 9.45, 'gy': 15.53, 'gz': 20.93}]",2026-02-18 09:44:56,0.0
"[{'t_us': 464160608, 'ax': -0.48, 'ay': 0.2, 'az': -0.05, 'gx': 11.36, 'gy': 8.63, 'gz': 3.05}, {'t_us': 464174330, 'ax': -0.47, 'ay': 0.24, 'az': -0.05, 'gx': 13.11, 'gy': 3.36, 'gz': -8.79}, {'t_us': 464194262, 'ax': -0.43, 'ay': 0.21, 'az': -0.1, 'gx': 10.6, 'gy': -3.69, 'gz': -21.68}, {'t_us': 464214291, 'ax': -0.34, 'ay': 0.17, 'az': -0.11, 'gx': 8.93, 'gy': -8.0, 'gz': -26.89}, {'t_us': 464234308, 'ax': -0.27, 'ay': 0.11, 'az': -0.17, 'gx': 10.06, 'gy': -5.73, 'gz': -25.66}]",2026-02-18 09:44:56,0.0
"[{'t_us': 464259330, 'ax': -0.48, 'ay': -0.05, 'az': -0.23, 'gx': 19.31, 'gy': 5.36, 'gz': -11.88}, {'t_us': 464274288, 'ax': -0.77, 'ay': -0.27, 'az': -0.16, 'gx': 26.26, 'gy': 6.14, 'gz': -5.07}, {'t_us': 464294288, 'ax': -1.2, 'ay': -0.5, 'az': -0.02, 'gx': 32.55, 'gy': -10.63, 'gz': 18.67}, {'t_us': 464314308, 'ax': -1.68, 'ay': -0.45, 'az': 0.21, 'gx': 28.61, 'gy': -32.24, 'gz': 30.26}, {'t_us': 464334312, 'ax': -1.58, 'ay': -0.15, 'az': 0.07, 'gx': 31.98, 'gy': -14.02, 'gz': 17.15}]",2026-02-18 09:44:56,0.0
"[{'t_us': 464360662, 'ax': -1.38, 'ay': 0.31, 'az': 0.14, 'gx': 53.73, 'gy': -11.83, 'gz': 0.76}, {'t_us': 464374565, 'ax': -1.24, 'ay': 0.42, 'az': 0.42, 'gx': 62.31, 'gy': -2.78, 'gz': -6.76}, {'t_us': 464394300, 'ax': -1.35, 'ay': 0.48, 'az': 0.58, 'gx': 50.89, 'gy': 24.15, 'gz': -14.78}, {'t_us': 464414321, 'ax': -1.53, 'ay': 0.44, 'az': 0.42, 'gx': 27.15, 'gy': 36.06, 'gz': -27.68}, {'t_us': 464434277, 'ax': -1.61, 'ay': 0.27, 'az': 0.27, 'gx': -1.56, 'gy': 40.4, 'gz': -36.11}]",2026-02-18 09:44:56,0.0
"[{'t_us': 464459447, 'ax': -1.39, 'ay': 0.01, 'az': -0.02, 'gx': -18.2, 'gy': 26.98, 'gz': -28.4}, {'t_us': 464474267, 'ax': -1.2, 'ay': -0.06, 'az': -0.01, 'gx': -19.95, 'gy': 16.56, 'gz': -22.38}, {'t_us': 464494312, 'ax': -0.96, 'ay': -0.12, 'az': 0.02, 'gx': -14.72, 'gy': 4.2, 'gz': -23.02}, {'t_us': 464514277, 'ax': -0.68, 'ay': -0.1, 'az': 0.08, 'gx': -7.34, 'gy': 5.59, 'gz': -21.21}, {'t_us': 464534315, 'ax': -0.54, 'ay': -0.07, 'az': 0.08, 'gx': -2.47, 'gy': 8.78, 'gz': -17.31}]",2026-02-18 09:44:56,0.0
"[{'t_us': 464560381, 'ax': -0.41, 'ay': -0.08, 'az': 0.01, 'gx': -5.4, 'gy': 2.12, 'gz': -11.53}, {'t_us': 464574291, 'ax': -0.29, 'ay': -0.09, 'az': -0.05, 'gx': -8.35, 'gy': -7.48, 'gz': -3.15}, {'t_us': 464594291, 'ax': -0.27, 'ay': -0.12, 'az': -0.08, 'gx': -11.19, 'gy': -16.2, 'gz': 7.36}, {'t_us': 464614321, 'ax': -0.17, 'ay': -0.2, 'az': -0.15, 'gx': -9.68, 'gy': -27.3, 'gz': 16.87}, {'t_us': 464634316, 'ax': -0.07, 'ay': -0.22, 'az': -0.15, 'gx': -6.43, 'gy': -34.14, 'gz': 26.67}]",2026-02-18 09:44:56,0.0
"[{'t_us': 464660791, 'ax': -0.14, 'ay': -0.08, 'az': -0.25, 'gx': -10.44, 'gy': -23.1, 'gz': 40.44}, {'t_us': 464674254, 'ax': -0.47, 'ay': 0.15, 'az': -0.27, 'gx': -17.31, 'gy': -16.55, 'gz': 45.98}, {'t_us': 464694321, 'ax': -1.24, 'ay': 0.6, 'az': 0.01, 'gx': -37.53, 'gy': 0.66, 'gz': 16.53}, {'t_us': 464714281, 'ax': -1.9, 'ay': 0.65, 'az': 0.08, 'gx': -44.55, 'gy': -8.92, 'gz': -28.76}, {'t_us': 464734316, 'ax': -2.0, 'ay': 1.09, 'az': 0.23, 'gx': -47.59, 'gy': -14.96, 'gz': -55.45}]",2026-02-18 09:44:56,0.0
"[{'t_us': 464758998, 'ax': -1.35, 'ay': 0.14, 'az': -0.06, 'gx': -27.42, 'gy': -54.6, 'gz': -43.36}, {'t_us': 464774766, 'ax': -0.83, 'ay': -0.2, 'az': 0.1, 'gx': -23.53, 'gy': -42.66, 'gz': -21.54}, {'t_us': 464794308, 'ax': -0.78, 'ay': -0.59, 'az': 0.45, 'gx': -39.95, 'gy': -25.68, 'gz': -1.13}, {'t_us': 464814277, 'ax': -0.95, 'ay': -0.86, 'az': 0.42, 'gx': -30.99, 'gy': 6.41, 'gz': 12.53}, {'t_us': 464834312, 'ax': -1.2, 'ay': -0.58, 'az': 0.21, 'gx': -13.76, 'gy': 40.29, 'gz': 26.7}]",2026-02-18 09:44:57,0.0
"[{'t_us': 464860788, 'ax': -1.57, 'ay': -0.15, 'az': -0.17, 'gx': 26.75, 'gy': 41.04, 'gz': 22.79}, {'t_us': 464874269, 'ax': -1.59, 'ay': 0.04, 'az': -0.22, 'gx': 41.42, 'gy': 28.14, 'gz': 16.49}, {'t_us': 464894281, 'ax': -1.38, 'ay': 0.2, 'az': -0.01, 'gx': 70.82, 'gy': 5.66, 'gz': 8.63}, {'t_us': 464914281, 'ax': -0.97, 'ay': 0.25, 'az': 0.12, 'gx': 72.73, 'gy': 1.62, 'gz': 4.52}, {'t_us': 464934303, 'ax': -0.69, 'ay': 0.12, 'az': 0.12, 'gx': 69.1, 'gy': -9.31, 'gz': 8.85}]",2026-02-18 09:44:57,0.0
"[{'t_us': 464961669, 'ax': -0.55, 'ay': 0.02, 'az': 0.13, 'gx': 54.98, 'gy': 3.59, 'gz': 14.14}, {'t_us': 464974296, 'ax': -0.54, 'ay': 0.03, 'az': 0.05, 'gx': 49.54, 'gy': 8.63, 'gz': 11.44}, {'t_us': 464994296, 'ax': -0.52, 'ay': 0.21, 'az': -0.03, 'gx': 44.47, 'gy': 16.0, 'gz': -0.56}, {'t_us': 465014300, 'ax': -0.54, 'ay': 0.36, 'az': -0.14, 'gx': 37.3, 'gy': 15.71, 'gz': -15.21}, {'t_us': 465034321, 'ax': -0.47, 'ay': 0.41, 'az': -0.19, 'gx': 32.47, 'gy': 4.37, 'gz': -20.9}]",2026-02-18 09:44:57,0.0
"[{'t_us': 465058885, 'ax': -0.39, 'ay': 0.34, 'az': -0.15, 'gx': 31.65, 'gy': -2.55, 'gz': -22.37}, {'t_us': 465076419, 'ax': -0.42, 'ay': 0.22, 'az': -0.14, 'gx': 33.86, 'gy': -13.56, 'gz': -15.39}, {'t_us': 465094277, 'ax': -0.42, 'ay': -0.03, 'az': -0.22, 'gx': 38.08, 'gy': -17.15, 'gz': -14.63}, {'t_us': 465114303, 'ax': -0.55, 'ay': -0.39, 'az': -0.09, 'gx': 45.16, 'gy': -13.54, 'gz': -0.67}, {'t_us': 465134269, 'ax': -0.76, 'ay': -0.57, 'az': -0.03, 'gx': 44.15, 'gy': -9.28, 'gz': 23.65}]",2026-02-18 09:44:57,0.0
"[{'t_us': 465160223, 'ax': -1.33, 'ay': -0.39, 'az': 0.26, 'gx': 38.49, 'gy': -1.53, 'gz': 48.41}, {'t_us': 465174304, 'ax': -1.57, 'ay': 0.0, 'az': 0.37, 'gx': 33.48, 'gy': 12.85, 'gz': 46.12}, {'t_us': 465194303, 'ax': -1.82, 'ay': 0.63, 'az': 0.43, 'gx': 15.18, 'gy': 12.44, 'gz': 26.08}, {'t_us': 465214262, 'ax': -1.52, 'ay': 0.69, 'az': 0.39, 'gx': 4.37, 'gy': -6.67, 'gz': 4.32}, {'t_us': 465234300, 'ax': -1.4, 'ay': 0.74, 'az': 0.56, 'gx': -1.6, 'gy': -8.03, 'gz': -7.97}]",2026-02-18 09:44:57,0.0
"[{'t_us': 465258861, 'ax': -1.31, 'ay': 0.42, 'az': 0.53, 'gx': -15.56, 'gy': 18.37, 'gz': -28.2}, {'t_us': 465274290, 'ax': -1.36, 'ay': 0.17, 'az': 0.4, 'gx': -20.81, 'gy': 31.95, 'gz': -36.61}, {'t_us': 465294262, 'ax': -1.34, 'ay': -0.09, 'az': 0.18, 'gx': -22.7, 'gy': 39.5, 'gz': -43.01}, {'t_us': 465314291, 'ax': -1.09, 'ay': -0.23, 'az': 0.14, 'gx': -21.16, 'gy': 38.78, 'gz': -37.98}, {'t_us': 465334312, 'ax': -0.92, 'ay': -0.26, 'az': -0.01, 'gx': -12.99, 'gy': 46.56, 'gz': -28.46}]",2026-02-18 09:44:57,0.0
"[{'t_us': 465361084, 'ax': -0.83, 'ay': -0.3, 'az': -0.24, 'gx': -3.63, 'gy': 25.6, 'gz': -12.63}, {'t_us': 465374312, 'ax': -0.73, 'ay': -0.27, 'az': -0.2, 'gx': 0.37, 'gy': 14.82, 'gz': -0.72}, {'t_us': 465394308, 'ax': -0.62, 'ay': -0.18, 'az': -0.16, 'gx': 8.34, 'gy': -12.37, 'gz': 17.71}, {'t_us': 465414277, 'ax': -0.33, 'ay': -0.02, 'az': -0.11, 'gx': 13.8, 'gy': -36.61, 'gz': 28.02}, {'t_us': 465434300, 'ax': -0.12, 'ay': -0.04, 'az': -0.04, 'gx': 14.95, 'gy': -47.08, 'gz': 36.38}]",2026-02-18 09:44:57,0.0
"[{'t_us': 465458892, 'ax': 0.01, 'ay': -0.06, 'az': -0.13, 'gx': 10.12, 'gy': -49.8, 'gz': 37.24}, {'t_us': 465474277, 'ax': -0.0, 'ay': -0.01, 'az': -0.21, 'gx': 9.36, 'gy': -44.85, 'gz': 35.19}, {'t_us': 465494303, 'ax': -0.31, 'ay': 0.11, 'az': -0.31, 'gx': 10.5, 'gy': -7.19, 'gz': 27.59}, {'t_us': 465514288, 'ax': -1.1, 'ay': 0.33, 'az': -0.17, 'gx': 5.74, 'gy': 3.54, 'gz': 3.79}, {'t_us': 465534308, 'ax': -1.55, 'ay': 0.56, 'az': 0.07, 'gx': 11.94, 'gy': -15.74, 'gz': -25.44}]",2026-02-18 09:44:57,0.0
"[{'t_us': 465558915, 'ax': -1.8, 'ay': 0.74, 'az': 0.39, 'gx': 3.21, 'gy': -4.12, 'gz': -30.95}, {'t_us': 465574321, 'ax': -1.63, 'ay': 0.31, 'az': 0.02, 'gx': -2.17, 'gy': -11.91, 'gz': -3.19}, {'t_us': 465594277, 'ax': -1.03, 'ay': 0.14, 'az': 0.18, 'gx': -26.21, 'gy': -53.07, 'gz': 15.56}, {'t_us': 465614303, 'ax': -0.93, 'ay': -0.01, 'az': 0.26, 'gx': -32.64, 'gy': -31.63, 'gz': 26.55}, {'t_us': 465634271, 'ax': -0.97, 'ay': -0.11, 'az': 0.26, 'gx': -10.98, 'gy': -1.31, 'gz': 24.44}]",2026-02-18 09:44:57,0.0
"[{'t_us': 465660374, 'ax': -1.3, 'ay': -0.11, 'az': 0.13, 'gx': 25.92, 'gy': 31.8, 'gz': 18.82}, {'t_us': 465674255, 'ax': -1.51, 'ay': -0.04, 'az': 0.05, 'gx': 39.01, 'gy': 29.28, 'gz': 18.21}, {'t_us': 465694288, 'ax': -1.57, 'ay': 0.08, 'az': 0.06, 'gx': 64.82, 'gy': 4.84, 'gz': 15.27}, {'t_us': 465714308, 'ax': -1.33, 'ay': 0.17, 'az': 0.09, 'gx': 74.23, 'gy': -3.07, 'gz': 12.49}, {'t_us': 465734263, 'ax': -1.01, 'ay': 0.19, 'az': 0.14, 'gx': 80.29, 'gy': -2.37, 'gz': 11.01}]",2026-02-18 09:44:58,0.0
"[{'t_us': 465760523, 'ax': -0.62, 'ay': 0.08, 'az': 0.09, 'gx': 85.79, 'gy': 11.13, 'gz': 10.92}, {'t_us': 465774255, 'ax': -0.56, 'ay': 0.01, 'az': 0.03, 'gx': 91.45, 'gy': 20.2, 'gz': 12.4}, {'t_us': 465794281, 'ax': -0.51, 'ay': -0.03, 'az': -0.05, 'gx': 103.31, 'gy': 30.73, 'gz': 8.37}, {'t_us': 465814288, 'ax': -0.58, 'ay': -0.05, 'az': -0.09, 'gx': 112.84, 'gy': 31.44, 'gz': -7.01}, {'t_us': 465834288, 'ax': -0.59, 'ay': -0.04, 'az': -0.09, 'gx': 109.91, 'gy': 23.92, 'gz': -26.24}]",2026-02-18 09:44:58,0.0
"[{'t_us': 465859130, 'ax': -0.5, 'ay': 0.01, 'az': -0.18, 'gx': 100.38, 'gy': 1.3, 'gz': -37.56}, {'t_us': 465874320, 'ax': -0.49, 'ay': 0.06, 'az': -0.25, 'gx': 96.75, 'gy': -11.92, 'gz': -36.26}, {'t_us': 465894300, 'ax': -0.48, 'ay': 0.04, 'az': -0.26, 'gx': 94.96, 'gy': -32.58, 'gz': -29.59}, {'t_us': 465914321, 'ax': -0.53, 'ay': 0.09, 'az': -0.35, 'gx': 91.36, 'gy': -42.79, 'gz': -23.37}, {'t_us': 465934316, 'ax': -0.77, 'ay': -0.07, 'az': -0.29, 'gx': 99.31, 'gy': -27.53, 'gz': -15.54}]",2026-02-18 09:44:58,0.0
"[{'t_us': 465960924, 'ax': -1.32, 'ay': -0.12, 'az': 0.13, 'gx': 96.09, 'gy': -10.43, 'gz': 5.94}, {'t_us': 465974282, 'ax': -1.64, 'ay': -0.02, 'az': 0.37, 'gx': 85.68, 'gy': 3.89, 'gz': 17.56}, {'t_us': 465994288, 'ax': -1.56, 'ay': 0.33, 'az': 0.34, 'gx': 63.36, 'gy': -19.02, 'gz': 24.5}, {'t_us': 466014312, 'ax': -1.42, 'ay': 0.54, 'az': 0.1, 'gx': 48.24, 'gy': -33.24, 'gz': 18.44}, {'t_us': 466034296, 'ax': -1.13, 'ay': 0.67, 'az': 0.2, 'gx': 39.47, 'gy': -19.08, 'gz': 11.18}]",2026-02-18 09:44:58,0.0
"[{'t_us': 466060873, 'ax': -1.11, 'ay': 0.79, 'az': 0.38, 'gx': 19.82, 'gy': 20.67, 'gz': -4.98}, {'t_us': 466074281, 'ax': -1.24, 'ay': 0.71, 'az': 0.33, 'gx': 14.26, 'gy': 37.18, 'gz': -17.44}, {'t_us': 466094308, 'ax': -1.41, 'ay': 0.29, 'az': 0.22, 'gx': 16.69, 'gy': 33.89, 'gz': -34.67}, {'t_us': 466114277, 'ax': -1.43, 'ay': -0.06, 'az': -0.02, 'gx': 34.23, 'gy': 38.35, 'gz': -48.02}, {'t_us': 466134271, 'ax': -1.34, 'ay': -0.31, 'az': -0.15, 'gx': 59.19, 'gy': 37.71, 'gz': -55.59}]",2026-02-18 09:44:58,0.0
"[{'t_us': 466159070, 'ax': -1.16, 'ay': -0.39, 'az': -0.12, 'gx': 68.29, 'gy': 13.54, 'gz': -46.81}, {'t_us': 466174281, 'ax': -1.01, 'ay': -0.37, 'az': -0.17, 'gx': 73.45, 'gy': -10.58, 'gz': -32.14}, {'t_us': 466194300, 'ax': -0.83, 'ay': -0.24, 'az': -0.14, 'gx': 79.85, 'gy': -41.53, 'gz': -21.94}, {'t_us': 466214296, 'ax': -0.52, 'ay': -0.25, 'az': -0.04, 'gx': 89.36, 'gy': -40.32, 'gz': -11.89}, {'t_us': 466234296, 'ax': -0.34, 'ay': -0.19, 'az': -0.07, 'gx': 94.26, 'gy': -41.83, 'gz': -3.73}]",2026-02-18 09:44:58,0.0
"[{'t_us': 466260682, 'ax': -0.08, 'ay': -0.13, 'az': -0.11, 'gx': 102.21, 'gy': -41.18, 'gz': 4.6}, {'t_us': 466274273, 'ax': 0.01, 'ay': -0.07, 'az': -0.04, 'gx': 97.82, 'gy': -35.18, 'gz': 12.12}, {'t_us': 466294296, 'ax': -0.01, 'ay': -0.03, 'az': -0.28, 'gx': 96.92, 'gy': -22.21, 'gz': 25.36}, {'t_us': 466314296, 'ax': -0.45, 'ay': 0.2, 'az': -0.24, 'gx': 81.71, 'gy': 0.56, 'gz': 26.79}, {'t_us': 466334276, 'ax': -1.02, 'ay': 0.49, 'az': -0.05, 'gx': 65.82, 'gy': 19.63, 'gz': 5.92}]",2026-02-18 09:44:58,0.0
"[{'t_us': 466358929, 'ax': -1.42, 'ay': 0.67, 'az': -0.08, 'gx': 60.76, 'gy': -4.11, 'gz': -30.73}, {'t_us': 466374308, 'ax': -1.48, 'ay': 0.83, 'az': 0.07, 'gx': 58.58, 'gy': -14.93, 'gz': -33.85}, {'t_us': 466394311, 'ax': -1.42, 'ay': 0.47, 'az': 0.05, 'gx': 56.67, 'gy': -27.74, 'gz': -31.01}, {'t_us': 466414316, 'ax': -1.12, 'ay': 0.04, 'az': 0.16, 'gx': 50.23, 'gy': -28.7, 'gz': -20.63}, {'t_us': 466434281, 'ax': -0.87, 'ay': -0.23, 'az': 0.26, 'gx': 38.61, 'gy': -12.61, 'gz': -6.67}]",2026-02-18 09:44:58,0.0
"[{'t_us': 466460434, 'ax': -1.12, 'ay': -0.27, 'az': 0.13, 'gx': 57.34, 'gy': 20.43, 'gz': 5.44}, {'t_us': 466474277, 'ax': -1.28, 'ay': -0.13, 'az': 0.08, 'gx': 70.11, 'gy': 20.43, 'gz': 5.88}, {'t_us': 466494281, 'ax': -1.43, 'ay': -0.02, 'az': 0.04, 'gx': 78.03, 'gy': 34.87, 'gz': 6.78}, {'t_us': 466514262, 'ax': -1.5, 'ay': 0.05, 'az': -0.05, 'gx': 77.8, 'gy': 26.76, 'gz': 11.57}, {'t_us': 466534291, 'ax': -1.26, 'ay': 0.13, 'az': 0.01, 'gx': 78.34, 'gy': 12.81, 'gz': 16.6}]",2026-02-18 09:44:58,0.0
"[{'t_us': 466558599, 'ax': -1.02, 'ay': 0.19, 'az': 0.09, 'gx': 80.47, 'gy': 12.6, 'gz': 23.18}, {'t_us': 466574255, 'ax': -0.93, 'ay': 0.23, 'az': 0.1, 'gx': 80.06, 'gy': 14.4, 'gz': 23.83}, {'t_us': 466594321, 'ax': -0.83, 'ay': 0.3, 'az': 0.16, 'gx': 74.76, 'gy': 15.82, 'gz': 20.37}, {'t_us': 466614288, 'ax': -0.76, 'ay': 0.32, 'az': 0.13, 'gx': 67.63, 'gy': 15.76, 'gz': 11.47}, {'t_us': 466634296, 'ax': -0.65, 'ay': 0.23, 'az': 0.1, 'gx': 62.09, 'gy': 5.39, 'gz': 3.68}]",2026-02-18 09:44:58,0.0
"[{'t_us': 466660964, 'ax': -0.52, 'ay': 0.16, 'az': 0.07, 'gx': 49.45, 'gy': -18.11, 'gz': -12.41}, {'t_us': 466674277, 'ax': -0.41, 'ay': 0.22, 'az': 0.05, 'gx': 39.89, 'gy': -23.77, 'gz': -18.6}, {'t_us': 466694281, 'ax': -0.24, 'ay': 0.2, 'az': 0.03, 'gx': 23.36, 'gy': -24.12, 'gz': -17.18}, {'t_us': 466714303, 'ax': -0.13, 'ay': 0.17, 'az': -0.02, 'gx': 10.82, 'gy': -20.32, 'gz': -10.69}, {'t_us': 466734300, 'ax': -0.33, 'ay': 0.12, 'az': -0.19, 'gx': 6.44, 'gy': -12.6, 'gz': -9.53}]",2026-02-18 09:44:58,0.0
"[{'t_us': 466760528, 'ax': -0.73, 'ay': 0.11, 'az': -0.47, 'gx': 7.33, 'gy': -10.11, 'gz': -4.89}, {'t_us': 466774303, 'ax': -1.09, 'ay': -0.06, 'az': -0.41, 'gx': 11.4, 'gy': -8.89, 'gz': 5.21}, {'t_us': 466794303, 'ax': -1.71, 'ay': -0.24, 'az': -0.12, 'gx': 11.65, 'gy': 13.4, 'gz': 45.24}, {'t_us': 466814281, 'ax': -2.0, 'ay': 0.1, 'az': 0.08, 'gx': -10.55, 'gy': -26.64, 'gz': 49.63}, {'t_us': 466834296, 'ax': -1.37, 'ay': 0.18, 'az': -0.04, 'gx': -5.36, 'gy': -61.56, 'gz': 8.79}]",2026-02-18 09:44:59,0.0
"[{'t_us': 466860463, 'ax': -0.88, 'ay': 0.26, 'az': -0.07, 'gx': 16.98, 'gy': -45.63, 'gz': -16.14}, {'t_us': 466874288, 'ax': -0.55, 'ay': 0.28, 'az': 0.21, 'gx': 24.66, 'gy': -24.38, 'gz': -24.14}, {'t_us': 466894291, 'ax': -0.71, 'ay': 0.3, 'az': 0.42, 'gx': 24.4, 'gy': 20.9, 'gz': -22.24}, {'t_us': 466914291, 'ax': -1.13, 'ay': 0.46, 'az': 0.32, 'gx': 11.16, 'gy': 52.84, 'gz': -11.05}, {'t_us': 466934296, 'ax': -1.52, 'ay': 0.48, 'az': 0.09, 'gx': -13.48, 'gy': 57.98, 'gz': -12.34}]",2026-02-18 09:44:59,0.0
"[{'t_us': 466958826, 'ax': -1.65, 'ay': 0.23, 'az': -0.19, 'gx': -42.02, 'gy': 26.98, 'gz': -17.97}, {'t_us': 466974308, 'ax': -1.51, 'ay': 0.16, 'az': -0.24, 'gx': -34.64, 'gy': 13.48, 'gz': -26.67}, {'t_us': 466994303, 'ax': -1.25, 'ay': 0.0, 'az': -0.12, 'gx': -15.68, 'gy': 2.35, 'gz': -40.84}, {'t_us': 467014279, 'ax': -0.95, 'ay': -0.12, 'az': 0.05, 'gx': -1.21, 'gy': 2.4, 'gz': -46.58}, {'t_us': 467034321, 'ax': -0.74, 'ay': -0.14, 'az': 0.17, 'gx': -1.97, 'gy': 8.12, 'gz': -41.97}]",2026-02-18 09:44:59,0.0
"[{'t_us': 467059105, 'ax': -0.54, 'ay': -0.15, 'az': 0.12, 'gx': -8.92, 'gy': 14.52, 'gz': -35.76}, {'t_us': 467074308, 'ax': -0.47, 'ay': -0.09, 'az': 0.02, 'gx': -11.11, 'gy': 19.54, 'gz': -30.46}, {'t_us': 467094303, 'ax': -0.45, 'ay': -0.06, 'az': -0.05, 'gx': -11.28, 'gy': 18.14, 'gz': -23.15}, {'t_us': 467114303, 'ax': -0.47, 'ay': -0.02, 'az': -0.1, 'gx': -11.89, 'gy': 6.96, 'gz': -14.69}, {'t_us': 467134255, 'ax': -0.49, 'ay': 0.0, 'az': -0.22, 'gx': -16.4, 'gy': -14.34, 'gz': -8.69}]",2026-02-18 09:44:59,0.0
"[{'t_us': 467160476, 'ax': -0.35, 'ay': 0.03, 'az': -0.21, 'gx': -20.31, 'gy': -35.28, 'gz': 5.37}, {'t_us': 467176377, 'ax': -0.3, 'ay': -0.03, 'az': -0.32, 'gx': -28.76, 'gy': -28.27, 'gz': 17.18}, {'t_us': 467194316, 'ax': -0.63, 'ay': 0.28, 'az': -0.2, 'gx': -40.52, 'gy': -19.5, 'gz': 29.5}, {'t_us': 467214296, 'ax': -1.13, 'ay': 0.38, 'az': -0.0, 'gx': -48.95, 'gy': -20.18, 'gz': 11.66}, {'t_us': 467234288, 'ax': -1.49, 'ay': 0.39, 'az': 0.28, 'gx': -36.46, 'gy': -41.4, 'gz': -15.79}]",2026-02-18 09:44:59,0.0
"[{'t_us': 467260434, 'ax': -1.55, 'ay': 0.39, 'az': 0.2, 'gx': 4.85, 'gy': -31.19, 'gz': -49.89}, {'t_us': 467274374, 'ax': -1.41, 'ay': 0.25, 'az': 0.08, 'gx': 18.85, 'gy': -38.15, 'gz': -45.51}, {'t_us': 467294312, 'ax': -1.17, 'ay': -0.25, 'az': 0.22, 'gx': 4.09, 'gy': -34.09, 'gz': -19.86}, {'t_us': 467314277, 'ax': -1.14, 'ay': -0.3, 'az': 0.2, 'gx': -3.22, 'gy': -19.05, 'gz': -0.34}, {'t_us': 467334291, 'ax': -1.18, 'ay': -0.24, 'az': 0.05, 'gx': 13.05, 'gy': 1.15, 'gz': 10.47}]",2026-02-18 09:44:59,0.0
"[{'t_us': 467360473, 'ax': -1.22, 'ay': 0.01, 'az': 0.09, 'gx': 32.49, 'gy': 2.03, 'gz': 13.89}, {'t_us': 467374306, 'ax': -1.16, 'ay': 0.06, 'az': 0.04, 'gx': 32.31, 'gy': 4.12, 'gz': 8.67}, {'t_us': 467394296, 'ax': -1.03, 'ay': 0.08, 'az': -0.0, 'gx': 36.18, 'gy': 8.11, 'gz': 5.91}, {'t_us': 467414296, 'ax': -0.95, 'ay': 0.13, 'az': 0.04, 'gx': 44.31, 'gy': 1.53, 'gz': 3.13}, {'t_us': 467434277, 'ax': -0.84, 'ay': 0.16, 'az': 0.16, 'gx': 45.68, 'gy': -2.92, 'gz': -4.06}]",2026-02-18 09:44:59,0.0
"[{'t_us': 467460672, 'ax': -0.73, 'ay': 0.19, 'az': 0.17, 'gx': 28.38, 'gy': -15.39, 'gz': -5.51}, {'t_us': 467474313, 'ax': -0.64, 'ay': 0.23, 'az': 0.11, 'gx': 17.02, 'gy': -22.72, 'gz': -7.62}, {'t_us': 467494262, 'ax': -0.43, 'ay': 0.38, 'az': -0.01, 'gx': -1.69, 'gy': -19.89, 'gz': -8.03}, {'t_us': 467514319, 'ax': -0.25, 'ay': 0.36, 'az': -0.1, 'gx': -5.51, 'gy': -11.28, 'gz': -11.24}, {'t_us': 467534281, 'ax': -0.29, 'ay': 0.24, 'az': -0.15, 'gx': 1.71, 'gy': -8.55, 'gz': -13.22}]",2026-02-18 09:44:59,0.0
"[{'t_us': 467560621, 'ax': -0.5, 'ay': -0.07, 'az': -0.22, 'gx': 16.96, 'gy': -6.12, 'gz': -23.21}, {'t_us': 467574312, 'ax': -0.57, 'ay': -0.27, 'az': -0.19, 'gx': 24.89, 'gy': 7.85, 'gz': -24.0}, {'t_us': 467594288, 'ax': -1.08, 'ay': -0.52, 'az': 0.01, 'gx': 30.75, 'gy': 26.81, 'gz': -18.52}, {'t_us': 467614288, 'ax': -1.51, 'ay': -0.6, 'az': 0.29, 'gx': 26.35, 'gy': 19.22, 'gz': 6.2}, {'t_us': 467634308, 'ax': -1.66, 'ay': -0.05, 'az': 0.05, 'gx': 16.7, 'gy': 46.37, 'gz': 34.09}]",2026-02-18 09:44:59,0.0
"[{'t_us': 467660693, 'ax': -1.4, 'ay': 0.52, 'az': 0.01, 'gx': -10.14, 'gy': -11.1, 'gz': 21.21}, {'t_us': 467674255, 'ax': -1.2, 'ay': 0.6, 'az': 0.13, 'gx': -12.82, 'gy': -11.79, 'gz': 20.76}, {'t_us': 467694321, 'ax': -1.17, 'ay': 0.6, 'az': 0.24, 'gx': -18.87, 'gy': 12.76, 'gz': 9.47}, {'t_us': 467714316, 'ax': -1.22, 'ay': 0.38, 'az': 0.29, 'gx': -20.76, 'gy': 25.57, 'gz': -7.07}, {'t_us': 467734320, 'ax': -1.19, 'ay': 0.16, 'az': 0.24, 'gx': -33.92, 'gy': 29.39, 'gz': -19.97}]",2026-02-18 09:44:59,0.0
"[{'t_us': 467760864, 'ax': -1.19, 'ay': -0.1, 'az': 0.0, 'gx': -41.39, 'gy': 23.39, 'gz': -25.16}, {'t_us': 467774300, 'ax': -1.1, 'ay': -0.17, 'az': -0.0, 'gx': -37.95, 'gy': 18.5, 'gz': -25.25}, {'t_us': 467794281, 'ax': -0.93, 'ay': -0.27, 'az': 0.03, 'gx': -29.95, 'gy': 15.77, 'gz': -25.19}, {'t_us': 467814281, 'ax': -0.74, 'ay': -0.21, 'az': 0.07, 'gx': -20.37, 'gy': 17.56, 'gz': -24.66}, {'t_us': 467834324, 'ax': -0.61, 'ay': -0.13, 'az': 0.11, 'gx': -14.99, 'gy': 11.69, 'gz': -15.82}]",2026-02-18 09:45:00,0.0
"[{'t_us': 467860921, 'ax': -0.42, 'ay': -0.11, 'az': 0.02, 'gx': -8.49, 'gy': -1.92, 'gz': 2.29}, {'t_us': 467874319, 'ax': -0.43, 'ay': -0.1, 'az': 0.03, 'gx': -9.08, 'gy': -3.88, 'gz': 11.36}, {'t_us': 467894316, 'ax': -0.44, 'ay': -0.07, 'az': 0.03, 'gx': -12.92, 'gy': -12.2, 'gz': 16.47}, {'t_us': 467914277, 'ax': -0.43, 'ay': -0.1, 'az': -0.09, 'gx': -17.82, 'gy': -14.5, 'gz': 21.44}, {'t_us': 467934291, 'ax': -0.48, 'ay': 0.01, 'az': -0.15, 'gx': -26.32, 'gy': -6.15, 'gz': 23.4}]",2026-02-18 09:45:00,0.0
"[{'t_us': 467959407, 'ax': -0.91, 'ay': 0.34, 'az': -0.12, 'gx': -37.15, 'gy': 2.34, 'gz': 11.83}, {'t_us': 467974262, 'ax': -1.24, 'ay': 0.45, 'az': 0.02, 'gx': -40.64, 'gy': -3.44, 'gz': -7.01}, {'t_us': 467994271, 'ax': -1.45, 'ay': 0.47, 'az': 0.08, 'gx': -28.27, 'gy': -26.32, 'gz': -23.56}, {'t_us': 468014300, 'ax': -1.45, 'ay': 0.39, 'az': 0.11, 'gx': -6.66, 'gy': -31.01, 'gz': -35.83}, {'t_us': 468034308, 'ax': -1.28, 'ay': 0.07, 'az': 0.06, 'gx': 2.49, 'gy': -28.85, 'gz': -42.79}]",2026-02-18 09:45:00,0.0
"[{'t_us': 468058827, 'ax': -0.87, 'ay': -0.29, 'az': 0.2, 'gx': 8.72, 'gy': -2.15, 'gz': -23.66}, {'t_us': 468074281, 'ax': -0.9, 'ay': -0.41, 'az': 0.3, 'gx': 7.77, 'gy': 7.59, 'gz': -10.44}, {'t_us': 468094271, 'ax': -1.08, 'ay': -0.39, 'az': 0.24, 'gx': 11.22, 'gy': 20.05, 'gz': 10.29}, {'t_us': 468114277, 'ax': -1.32, 'ay': -0.16, 'az': 0.01, 'gx': 24.55, 'gy': 22.2, 'gz': 19.44}, {'t_us': 468134297, 'ax': -1.41, 'ay': 0.06, 'az': -0.1, 'gx': 42.09, 'gy': 20.0, 'gz': 14.02}]",2026-02-18 09:45:00,0.0
"[{'t_us': 468160683, 'ax': -1.21, 'ay': 0.13, 'az': -0.11, 'gx': 57.28, 'gy': 10.72, 'gz': 4.27}, {'t_us': 468174303, 'ax': -1.1, 'ay': 0.14, 'az': -0.01, 'gx': 61.05, 'gy': 6.0, 'gz': 3.21}, {'t_us': 468194300, 'ax': -0.87, 'ay': 0.11, 'az': 0.13, 'gx': 59.37, 'gy': 3.01, 'gz': 3.95}, {'t_us': 468214321, 'ax': -0.71, 'ay': 0.09, 'az': 0.21, 'gx': 51.18, 'gy': 8.55, 'gz': 6.24}, {'t_us': 468234262, 'ax': -0.58, 'ay': 0.11, 'az': 0.17, 'gx': 38.11, 'gy': 11.89, 'gz': 6.21}]",2026-02-18 09:45:00,0.0
"[{'t_us': 468260526, 'ax': -0.42, 'ay': 0.19, 'az': 0.05, 'gx': 26.05, 'gy': 13.97, 'gz': -0.61}, {'t_us': 468274281, 'ax': -0.38, 'ay': 0.24, 'az': 0.0, 'gx': 22.92, 'gy': 18.18, 'gz': -4.63}, {'t_us': 468294303, 'ax': -0.37, 'ay': 0.29, 'az': -0.12, 'gx': 24.93, 'gy': 15.6, 'gz': -9.01}, {'t_us': 468314262, 'ax': -0.39, 'ay': 0.23, 'az': -0.21, 'gx': 30.37, 'gy': 6.15, 'gz': -12.47}, {'t_us': 468334262, 'ax': -0.51, 'ay': 0.08, 'az': -0.36, 'gx': 42.87, 'gy': 5.18, 'gz': -14.85}]",2026-02-18 09:45:00,0.0
"[{'t_us': 468359450, 'ax': -0.86, 'ay': -0.35, 'az': -0.25, 'gx': 63.68, 'gy': 19.54, 'gz': -12.63}, {'t_us': 468376807, 'ax': -1.3, 'ay': -0.51, 'az': -0.11, 'gx': 70.0, 'gy': 23.05, 'gz': -6.31}, {'t_us': 468394262, 'ax': -1.59, 'ay': -0.59, 'az': 0.15, 'gx': 68.05, 'gy': 28.52, 'gz': 13.68}, {'t_us': 468414271, 'ax': -1.64, 'ay': -0.16, 'az': 0.02, 'gx': 45.31, 'gy': 17.83, 'gz': 25.63}, {'t_us': 468434313, 'ax': -1.45, 'ay': 0.31, 'az': -0.07, 'gx': 17.25, 'gy': -14.81, 'gz': 20.0}]",2026-02-18 09:45:00,0.0
"[{'t_us': 468460667, 'ax': -1.0, 'ay': 0.59, 'az': 0.12, 'gx': 10.32, 'gy': -3.62, 'gz': 15.44}, {'t_us': 468474277, 'ax': -1.04, 'ay': 0.53, 'az': 0.14, 'gx': 10.9, 'gy': 15.91, 'gz': 5.88}, {'t_us': 468494281, 'ax': -1.22, 'ay': 0.33, 'az': 0.12, 'gx': 13.37, 'gy': 28.26, 'gz': -12.14}, {'t_us': 468514308, 'ax': -1.36, 'ay': 0.05, 'az': 0.03, 'gx': 3.85, 'gy': 26.64, 'gz': -21.77}, {'t_us': 468534262, 'ax': -1.44, 'ay': -0.14, 'az': -0.09, 'gx': -12.75, 'gy': 19.85, 'gz': -21.4}]",2026-02-18 09:45:00,0.0
"[{'t_us': 468559241, 'ax': -1.26, 'ay': -0.2, 'az': -0.07, 'gx': -21.59, 'gy': 3.71, 'gz': -12.89}, {'t_us': 468574284, 'ax': -1.06, 'ay': -0.17, 'az': -0.01, 'gx': -17.73, 'gy': 2.34, 'gz': -10.43}, {'t_us': 468594281, 'ax': -0.87, 'ay': -0.12, 'az': 0.04, 'gx': -4.67, 'gy': 3.16, 'gz': -10.75}, {'t_us': 468614281, 'ax': -0.73, 'ay': -0.08, 'az': 0.07, 'gx': 6.96, 'gy': 5.01, 'gz': -12.93}, {'t_us': 468634303, 'ax': -0.58, 'ay': -0.1, 'az': 0.04, 'gx': 14.72, 'gy': 2.21, 'gz': -13.57}]",2026-02-18 09:45:00,0.0
"[{'t_us': 468660691, 'ax': -0.46, 'ay': -0.15, 'az': -0.03, 'gx': 20.53, 'gy': 0.18, 'gz': -4.12}, {'t_us': 468674281, 'ax': -0.42, 'ay': -0.16, 'az': -0.03, 'gx': 19.73, 'gy': 0.64, 'gz': 1.68}, {'t_us': 468694310, 'ax': -0.37, 'ay': -0.17, 'az': -0.08, 'gx': 15.3, 'gy': 4.92, 'gz': 9.88}, {'t_us': 468714308, 'ax': -0.43, 'ay': -0.11, 'az': -0.16, 'gx': 9.98, 'gy': 4.41, 'gz': 20.38}, {'t_us': 468734288, 'ax': -0.54, 'ay': -0.01, 'az': -0.21, 'gx': 4.6, 'gy': 0.09, 'gz': 26.38}]",2026-02-18 09:45:00,0.0
"[{'t_us': 468759123, 'ax': -0.73, 'ay': 0.15, 'az': -0.31, 'gx': 2.23, 'gy': -0.38, 'gz': 25.56}, {'t_us': 468774262, 'ax': -0.93, 'ay': 0.34, 'az': -0.26, 'gx': 4.15, 'gy': -4.56, 'gz': 21.56}, {'t_us': 468794271, 'ax': -1.29, 'ay': 0.51, 'az': -0.07, 'gx': 4.17, 'gy': -15.33, 'gz': 5.31}, {'t_us': 468814296, 'ax': -1.41, 'ay': 0.46, 'az': 0.08, 'gx': 7.34, 'gy': -33.54, 'gz': -16.84}, {'t_us': 468834300, 'ax': -1.34, 'ay': 0.25, 'az': 0.15, 'gx': 8.73, 'gy': -35.82, 'gz': -25.59}]",2026-02-18 09:45:01,0.0
"[{'t_us': 468862901, 'ax': -1.07, 'ay': 0.02, 'az': 0.11, 'gx': 12.02, 'gy': -28.27, 'gz': -21.1}, {'t_us': 468874271, 'ax': -0.92, 'ay': -0.08, 'az': 0.15, 'gx': 12.15, 'gy': -23.36, 'gz': -14.5}, {'t_us': 468894277, 'ax': -0.97, 'ay': -0.14, 'az': 0.22, 'gx': 7.07, 'gy': -2.78, 'gz': 1.47}, {'t_us': 468914303, 'ax': -1.17, 'ay': -0.12, 'az': 0.11, 'gx': 4.4, 'gy': 14.47, 'gz': 9.07}, {'t_us': 468934262, 'ax': -1.36, 'ay': 0.01, 'az': -0.06, 'gx': 13.02, 'gy': 15.91, 'gz': 12.81}]",2026-02-18 09:45:01,0.0
"[{'t_us': 468959431, 'ax': -1.39, 'ay': 0.1, 'az': -0.13, 'gx': 35.11, 'gy': 7.33, 'gz': 2.46}, {'t_us': 468976391, 'ax': -1.3, 'ay': 0.07, 'az': -0.09, 'gx': 45.89, 'gy': 5.94, 'gz': -1.28}, {'t_us': 468994262, 'ax': -1.15, 'ay': 0.01, 'az': -0.04, 'gx': 52.55, 'gy': -2.44, 'gz': 0.17}, {'t_us': 469014291, 'ax': -0.95, 'ay': 0.02, 'az': 0.05, 'gx': 56.02, 'gy': -8.52, 'gz': 2.53}, {'t_us': 469034281, 'ax': -0.8, 'ay': 0.02, 'az': 0.11, 'gx': 51.57, 'gy': -5.53, 'gz': 4.81}]",2026-02-18 09:45:01,0.0
"[{'t_us': 469060513, 'ax': -0.66, 'ay': 0.09, 'az': 0.08, 'gx': 45.89, 'gy': 0.23, 'gz': 3.21}, {'t_us': 469074300, 'ax': -0.6, 'ay': 0.16, 'az': 0.04, 'gx': 44.37, 'gy': 2.26, 'gz': 1.05}, {'t_us': 469094288, 'ax': -0.52, 'ay': 0.25, 'az': -0.01, 'gx': 42.02, 'gy': 2.35, 'gz': -7.4}, {'t_us': 469114288, 'ax': -0.49, 'ay': 0.27, 'az': -0.06, 'gx': 40.93, 'gy': 4.93, 'gz': -14.08}, {'t_us': 469134271, 'ax': -0.46, 'ay': 0.29, 'az': -0.09, 'gx': 40.23, 'gy': 4.69, 'gz': -17.69}]",2026-02-18 09:45:01,0.0
"[{'t_us': 469159733, 'ax': -0.44, 'ay': 0.18, 'az': -0.12, 'gx': 40.69, 'gy': 7.24, 'gz': -18.87}, {'t_us': 469174271, 'ax': -0.49, 'ay': 0.08, 'az': -0.21, 'gx': 43.39, 'gy': 10.41, 'gz': -18.79}, {'t_us': 469194277, 'ax': -0.69, 'ay': -0.11, 'az': -0.25, 'gx': 50.35, 'gy': 15.8, 'gz': -17.4}, {'t_us': 469214303, 'ax': -0.95, 'ay': -0.33, 'az': -0.2, 'gx': 56.24, 'gy': 13.48, 'gz': -11.42}, {'t_us': 469234308, 'ax': -1.33, 'ay': -0.44, 'az': 0.0, 'gx': 57.02, 'gy': 6.9, 'gz': 1.02}]",2026-02-18 09:45:01,0.0
"[{'t_us': 469260407, 'ax': -1.53, 'ay': -0.32, 'az': 0.06, 'gx': 51.59, 'gy': -0.75, 'gz': 13.8}, {'t_us': 469274326, 'ax': -1.42, 'ay': -0.06, 'az': 0.04, 'gx': 44.92, 'gy': -6.82, 'gz': 12.84}, {'t_us': 469294271, 'ax': -1.16, 'ay': 0.23, 'az': 0.18, 'gx': 36.76, 'gy': -18.87, 'gz': 10.64}, {'t_us': 469314296, 'ax': -1.04, 'ay': 0.39, 'az': 0.34, 'gx': 31.56, 'gy': -13.01, 'gz': 6.34}, {'t_us': 469334282, 'ax': -1.1, 'ay': 0.43, 'az': 0.38, 'gx': 22.21, 'gy': 4.75, 'gz': -3.42}]",2026-02-18 09:45:01,0.0
"[{'t_us': 469360690, 'ax': -1.17, 'ay': 0.18, 'az': 0.24, 'gx': 4.34, 'gy': 15.69, 'gz': -15.69}, {'t_us': 469374272, 'ax': -1.19, 'ay': 0.02, 'az': 0.12, 'gx': -4.72, 'gy': 16.02, 'gz': -18.03}, {'t_us': 469394271, 'ax': -1.22, 'ay': -0.15, 'az': 0.02, 'gx': -11.56, 'gy': 13.98, 'gz': -17.15}, {'t_us': 469414277, 'ax': -1.15, 'ay': -0.28, 'az': -0.0, 'gx': -7.88, 'gy': 12.76, 'gz': -15.48}, {'t_us': 469434281, 'ax': -1.01, 'ay': -0.29, 'az': -0.03, 'gx': 3.62, 'gy': 12.47, 'gz': -14.93}]",2026-02-18 09:45:01,0.0
"[{'t_us': 469459070, 'ax': -0.85, 'ay': -0.15, 'az': 0.06, 'gx': 16.38, 'gy': 21.27, 'gz': -17.91}, {'t_us': 469474313, 'ax': -0.81, 'ay': -0.1, 'az': 0.07, 'gx': 17.86, 'gy': 23.45, 'gz': -16.44}, {'t_us': 469494313, 'ax': -0.8, 'ay': -0.08, 'az': 0.08, 'gx': 13.59, 'gy': 22.73, 'gz': -10.14}, {'t_us': 469514268, 'ax': -0.78, 'ay': -0.07, 'az': 0.03, 'gx': 5.27, 'gy': 13.18, 'gz': 0.55}, {'t_us': 469534255, 'ax': -0.68, 'ay': -0.12, 'az': -0.04, 'gx': 0.27, 'gy': 6.5, 'gz': 13.28}]",2026-02-18 09:45:01,0.0
"[{'t_us': 469558759, 'ax': -0.58, 'ay': -0.13, 'az': -0.1, 'gx': 3.54, 'gy': -3.79, 'gz': 28.08}, {'t_us': 469574296, 'ax': -0.55, 'ay': -0.12, 'az': -0.07, 'gx': 5.25, 'gy': -10.84, 'gz': 32.81}, {'t_us': 469594296, 'ax': -0.39, 'ay': -0.15, 'az': -0.1, 'gx': 6.6, 'gy': -17.34, 'gz': 38.29}, {'t_us': 469614321, 'ax': -0.27, 'ay': -0.11, 'az': -0.22, 'gx': 16.63, 'gy': -16.55, 'gz': 44.56}, {'t_us': 469634281, 'ax': -0.42, 'ay': 0.05, 'az': -0.28, 'gx': 20.92, 'gy': -2.23, 'gz': 52.21}]",2026-02-18 09:45:01,0.0
"[{'t_us': 469658854, 'ax': -1.04, 'ay': 0.32, 'az': 0.06, 'gx': 9.95, 'gy': -0.24, 'gz': 39.18}, {'t_us': 469674291, 'ax': -1.71, 'ay': 0.4, 'az': 0.14, 'gx': 11.05, 'gy': -13.44, 'gz': 12.21}, {'t_us': 469694321, 'ax': -1.73, 'ay': 0.54, 'az': 0.42, 'gx': 25.15, 'gy': -33.65, 'gz': -9.76}, {'t_us': 469714281, 'ax': -1.7, 'ay': 0.46, 'az': 0.13, 'gx': 34.95, 'gy': -38.37, 'gz': -15.37}, {'t_us': 469734296, 'ax': -1.25, 'ay': -0.0, 'az': 0.08, 'gx': 34.7, 'gy': -26.46, 'gz': -15.8}]",2026-02-18 09:45:01,0.0
"[{'t_us': 469760462, 'ax': -1.06, 'ay': -0.38, 'az': 0.27, 'gx': 30.06, 'gy': -21.3, 'gz': -1.02}, {'t_us': 469774257, 'ax': -1.17, 'ay': -0.37, 'az': 0.25, 'gx': 34.61, 'gy': -9.3, 'gz': 3.66}, {'t_us': 469794308, 'ax': -1.27, 'ay': -0.23, 'az': 0.1, 'gx': 50.58, 'gy': -2.82, 'gz': 7.5}, {'t_us': 469814303, 'ax': -1.32, 'ay': -0.15, 'az': -0.02, 'gx': 72.98, 'gy': 1.65, 'gz': 7.05}, {'t_us': 469834262, 'ax': -1.31, 'ay': -0.08, 'az': -0.08, 'gx': 91.6, 'gy': -1.37, 'gz': 0.35}]",2026-02-18 09:45:02,0.0
"[{'t_us': 469858855, 'ax': -1.12, 'ay': 0.0, 'az': -0.03, 'gx': 104.23, 'gy': -13.27, 'gz': -1.68}, {'t_us': 469874271, 'ax': -0.95, 'ay': 0.03, 'az': 0.04, 'gx': 103.95, 'gy': -20.49, 'gz': -2.75}, {'t_us': 469894277, 'ax': -0.79, 'ay': 0.1, 'az': 0.08, 'gx': 97.73, 'gy': -18.09, 'gz': -3.53}, {'t_us': 469914303, 'ax': -0.7, 'ay': 0.16, 'az': 0.11, 'gx': 88.17, 'gy': -18.64, 'gz': -3.53}, {'t_us': 469934308, 'ax': -0.58, 'ay': 0.22, 'az': 0.11, 'gx': 80.55, 'gy': -19.48, 'gz': -6.37}]",2026-02-18 09:45:02,
