samples,timestamp,label
"[{'t_us': 369962416, 'ax': -1.12, 'ay': -0.14, 'az': 0.11, 'gx': -14.38, 'gy': -7.85, 'gz': -9.44}, {'t_us': 369964385, 'ax': -1.12, 'ay': -0.14, 'az': 0.11, 'gx': -14.96, 'gy': -8.76, 'gz': -8.79}, {'t_us': 369966323, 'ax': -1.1, 'ay': -0.13, 'az': 0.11, 'gx': -15.45, 'gy': -8.84, 'gz': -8.34}, {'t_us': 369968260, 'ax': -1.06, 'ay': -0.12, 'az': 0.12, 'gx': -15.45, 'gy': -8.84, 'gz': -8.34}, {'t_us': 369974258, 'ax': -1.0, 'ay': -0.12, 'az': 0.13, 'gx': -15.83, 'gy': -9.44, 'gz': -6.96}]",2026-02-18 09:43:22,0.0
"[{'t_us': 370059201, 'ax': -0.26, 'ay': 0.11, 'az': -0.03, 'gx': -21.02, 'gy': -9.01, 'gz': 4.35}, {'t_us': 370074321, 'ax': -0.19, 'ay': 0.08, 'az': -0.05, 'gx': -23.4, 'gy': -6.49, 'gz': 8.37}, {'t_us': 370094296, 'ax': -0.16, 'ay': 0.06, 'az': -0.09, 'gx': -30.58, 'gy': -4.98, 'gz': 10.98}, {'t_us': 370114277, 'ax': -0.15, 'ay': -0.1, 'az': -0.22, 'gx': -30.23, 'gy': -2.66, 'gz': 14.79}, {'t_us': 370134300, 'ax': -0.26, 'ay': -0.08, 'az': -0.22, 'gx': -31.44, 'gy': -2.2, 'gz': 21.27}]",2026-02-18 09:43:22,0.0
"[{'t_us': 370159326, 'ax': -0.6, 'ay': 0.17, 'az': -0.11, 'gx': -38.24, 'gy': 6.81, 'gz': 21.59}, {'t_us': 370174304, 'ax': -0.94, 'ay': 0.38, 'az': 0.06, 'gx': -41.48, 'gy': 9.69, 'gz': 17.34}, {'t_us': 370194303, 'ax': -1.62, 'ay': 0.73, 'az': 0.57, 'gx': -49.28, 'gy': 2.26, 'gz': 6.75}, {'t_us': 370214262, 'ax': -2.0, 'ay': 0.67, 'az': 0.71, 'gx': -58.44, 'gy': 11.31, 'gz': -16.99}, {'t_us': 370234303, 'ax': -1.55, 'ay': 0.02, 'az': 0.19, 'gx': -73.34, 'gy': 5.24, 'gz': -13.05}]",2026-02-18 09:43:22,0.0
"[{'t_us': 370259407, 'ax': -1.05, 'ay': -0.39, 'az': 0.12, 'gx': -59.33, 'gy': -24.9, 'gz': -0.69}, {'t_us': 370274304, 'ax': -1.02, 'ay': -0.51, 'az': 0.23, 'gx': -39.3, 'gy': -14.44, 'gz': 1.63}, {'t_us': 370294303, 'ax': -1.24, 'ay': -0.45, 'az': 0.22, 'gx': -31.08, 'gy': 22.38, 'gz': 16.21}, {'t_us': 370314262, 'ax': -1.52, 'ay': 0.0, 'az': 0.15, 'gx': -37.97, 'gy': 21.24, 'gz': 31.57}, {'t_us': 370334291, 'ax': -1.46, 'ay': 0.33, 'az': 0.09, 'gx': -37.85, 'gy': 6.61, 'gz': 27.54}]",2026-02-18 09:43:22,0.0
"[{'t_us': 370360573, 'ax': -1.04, 'ay': 0.34, 'az': 0.14, 'gx': -27.54, 'gy': -5.37, 'gz': 16.09}, {'t_us': 370374277, 'ax': -0.84, 'ay': 0.26, 'az': 0.17, 'gx': -24.64, 'gy': -4.02, 'gz': 14.95}, {'t_us': 370394262, 'ax': -0.67, 'ay': 0.13, 'az': 0.12, 'gx': -23.31, 'gy': 3.95, 'gz': 12.32}, {'t_us': 370414308, 'ax': -0.61, 'ay': 0.05, 'az': 0.09, 'gx': -20.14, 'gy': 14.49, 'gz': 9.31}, {'t_us': 370434303, 'ax': -0.6, 'ay': -0.01, 'az': 0.02, 'gx': -17.5, 'gy': 13.34, 'gz': 5.42}]",2026-02-18 09:43:22,0.0
"[{'t_us': 370461330, 'ax': -0.54, 'ay': -0.0, 'az': -0.07, 'gx': -13.71, 'gy': 2.02, 'gz': -2.95}, {'t_us': 370474277, 'ax': -0.47, 'ay': -0.04, 'az': -0.1, 'gx': -10.05, 'gy': -4.92, 'gz': -6.67}, {'t_us': 370494288, 'ax': -0.39, 'ay': 0.04, 'az': -0.15, 'gx': -3.01, 'gy': -3.71, 'gz': -8.18}, {'t_us': 370514288, 'ax': -0.37, 'ay': 0.06, 'az': -0.25, 'gx': 8.81, 'gy': -7.91, 'gz': -11.94}, {'t_us': 370534312, 'ax': -0.4, 'ay': 0.08, 'az': -0.22, 'gx': 25.91, 'gy': -5.97, 'gz': -14.05}]",2026-02-18 09:43:22,0.0
"[{'t_us': 370559355, 'ax': -0.68, 'ay': -0.12, 'az': -0.14, 'gx': 49.16, 'gy': -11.25, 'gz': -8.9}, {'t_us': 370575032, 'ax': -0.8, 'ay': -0.31, 'az': 0.04, 'gx': 60.26, 'gy': -8.98, 'gz': -7.28}, {'t_us': 370594271, 'ax': -1.2, 'ay': -0.59, 'az': 0.4, 'gx': 61.57, 'gy': 12.08, 'gz': -1.24}, {'t_us': 370614262, 'ax': -1.68, 'ay': -0.39, 'az': 0.5, 'gx': 45.74, 'gy': 41.16, 'gz': 8.76}, {'t_us': 370634291, 'ax': -1.73, 'ay': 0.31, 'az': 0.19, 'gx': 29.11, 'gy': 34.35, 'gz': 4.76}]",2026-02-18 09:43:22,0.0
"[{'t_us': 370658985, 'ax': -1.37, 'ay': 0.64, 'az': 0.31, 'gx': 20.05, 'gy': -3.05, 'gz': -11.51}, {'t_us': 370674291, 'ax': -1.38, 'ay': 0.59, 'az': 0.32, 'gx': 19.01, 'gy': 7.04, 'gz': -17.91}, {'t_us': 370694291, 'ax': -1.47, 'ay': 0.39, 'az': 0.29, 'gx': 13.92, 'gy': -0.6, 'gz': -26.41}, {'t_us': 370714321, 'ax': -1.36, 'ay': 0.01, 'az': 0.27, 'gx': -2.7, 'gy': 2.37, 'gz': -26.06}, {'t_us': 370734312, 'ax': -1.26, 'ay': -0.21, 'az': 0.18, 'gx': -21.59, 'gy': 3.95, 'gz': -12.92}]",2026-02-18 09:43:22,0.0
"[{'t_us': 370762384, 'ax': -1.06, 'ay': -0.13, 'az': 0.1, 'gx': -34.98, 'gy': -8.67, 'gz': -6.21}, {'t_us': 370774291, 'ax': -0.92, 'ay': -0.09, 'az': 0.11, 'gx': -32.55, 'gy': -7.01, 'gz': -6.15}, {'t_us': 370794277, 'ax': -0.77, 'ay': -0.0, 'az': 0.14, 'gx': -25.91, 'gy': -0.26, 'gz': -8.47}, {'t_us': 370814281, 'ax': -0.54, 'ay': 0.01, 'az': 0.11, 'gx': -21.45, 'gy': 0.96, 'gz': -7.47}, {'t_us': 370834311, 'ax': -0.42, 'ay': 0.05, 'az': 0.07, 'gx': -24.44, 'gy': -2.32, 'gz': -0.52}]",2026-02-18 09:43:23,0.0
"[{'t_us': 370861315, 'ax': -0.26, 'ay': 0.09, 'az': -0.03, 'gx': -27.11, 'gy': -11.73, 'gz': 15.92}, {'t_us': 370874271, 'ax': -0.26, 'ay': 0.12, 'az': -0.0, 'gx': -31.42, 'gy': -8.53, 'gz': 17.68}, {'t_us': 370894316, 'ax': -0.31, 'ay': 0.08, 'az': -0.05, 'gx': -38.72, 'gy': -3.83, 'gz': 18.93}, {'t_us': 370914312, 'ax': -0.35, 'ay': -0.07, 'az': -0.25, 'gx': -35.65, 'gy': -14.46, 'gz': 27.83}, {'t_us': 370934277, 'ax': -0.48, 'ay': -0.03, 'az': -0.23, 'gx': -40.76, 'gy': -7.45, 'gz': 32.02}]",2026-02-18 09:43:23,0.0
"[{'t_us': 370959485, 'ax': -0.84, 'ay': 0.27, 'az': 0.0, 'gx': -60.35, 'gy': -0.76, 'gz': 24.18}, {'t_us': 370974303, 'ax': -1.05, 'ay': 0.48, 'az': 0.22, 'gx': -67.8, 'gy': -2.17, 'gz': 14.79}, {'t_us': 370994281, 'ax': -1.4, 'ay': 0.74, 'az': 0.59, 'gx': -73.79, 'gy': -9.19, 'gz': -2.6}, {'t_us': 371014281, 'ax': -1.71, 'ay': 0.52, 'az': 0.66, 'gx': -78.34, 'gy': 13.1, 'gz': -16.08}, {'t_us': 371034274, 'ax': -1.45, 'ay': -0.15, 'az': 0.14, 'gx': -89.83, 'gy': 17.94, 'gz': -7.33}]",2026-02-18 09:43:23,0.0
"[{'t_us': 371059416, 'ax': -1.07, 'ay': -0.54, 'az': 0.1, 'gx': -74.11, 'gy': -9.66, 'gz': 10.93}, {'t_us': 371074281, 'ax': -1.11, 'ay': -0.6, 'az': 0.22, 'gx': -51.07, 'gy': 9.1, 'gz': 18.47}, {'t_us': 371094291, 'ax': -1.4, 'ay': -0.34, 'az': 0.19, 'gx': -35.91, 'gy': 39.88, 'gz': 28.38}, {'t_us': 371114316, 'ax': -1.57, 'ay': 0.02, 'az': 0.08, 'gx': -32.32, 'gy': 25.79, 'gz': 31.11}, {'t_us': 371134277, 'ax': -1.45, 'ay': 0.3, 'az': 0.06, 'gx': -20.37, 'gy': 3.53, 'gz': 21.77}]",2026-02-18 09:43:23,0.0
"[{'t_us': 371158652, 'ax': -1.03, 'ay': 0.24, 'az': 0.15, 'gx': -9.53, 'gy': -9.5, 'gz': 10.52}, {'t_us': 371174310, 'ax': -0.82, 'ay': 0.14, 'az': 0.19, 'gx': -9.37, 'gy': -7.07, 'gz': 13.63}, {'t_us': 371194288, 'ax': -0.68, 'ay': 0.12, 'az': 0.21, 'gx': -13.24, 'gy': -0.61, 'gz': 17.85}, {'t_us': 371214271, 'ax': -0.62, 'ay': 0.1, 'az': 0.16, 'gx': -18.98, 'gy': 6.02, 'gz': 17.57}, {'t_us': 371234308, 'ax': -0.59, 'ay': 0.11, 'az': 0.08, 'gx': -22.63, 'gy': 2.03, 'gz': 14.64}]",2026-02-18 09:43:23,0.0
"[{'t_us': 371258959, 'ax': -0.5, 'ay': 0.1, 'az': 0.01, 'gx': -18.82, 'gy': -12.06, 'gz': 2.69}, {'t_us': 371274300, 'ax': -0.42, 'ay': 0.1, 'az': -0.0, 'gx': -16.61, 'gy': -14.75, 'gz': -4.29}, {'t_us': 371294296, 'ax': -0.38, 'ay': 0.12, 'az': 0.01, 'gx': -16.75, 'gy': -15.44, 'gz': -9.53}, {'t_us': 371314321, 'ax': -0.38, 'ay': 0.16, 'az': 0.0, 'gx': -20.87, 'gy': -16.7, 'gz': -13.45}, {'t_us': 371334281, 'ax': -0.42, 'ay': 0.19, 'az': -0.03, 'gx': -22.09, 'gy': -12.76, 'gz': -18.82}]",2026-02-18 09:43:23,0.0
"[{'t_us': 371358798, 'ax': -0.63, 'ay': 0.04, 'az': -0.17, 'gx': -14.58, 'gy': -3.53, 'gz': -22.46}, {'t_us': 371374274, 'ax': -0.85, 'ay': -0.15, 'az': -0.12, 'gx': 0.21, 'gy': -0.72, 'gz': -17.22}, {'t_us': 371394281, 'ax': -1.17, 'ay': -0.47, 'az': 0.15, 'gx': 16.64, 'gy': 2.85, 'gz': 1.68}, {'t_us': 371414308, 'ax': -1.59, 'ay': -0.56, 'az': 0.36, 'gx': 27.4, 'gy': 13.88, 'gz': 14.87}, {'t_us': 371434277, 'ax': -1.5, 'ay': -0.18, 'az': 0.23, 'gx': 16.29, 'gy': 5.1, 'gz': 7.11}]",2026-02-18 09:43:23,0.0
"[{'t_us': 371459955, 'ax': -1.13, 'ay': 0.19, 'az': 0.22, 'gx': 15.73, 'gy': -14.52, 'gz': -2.17}, {'t_us': 371474312, 'ax': -1.01, 'ay': 0.39, 'az': 0.34, 'gx': 17.19, 'gy': -0.79, 'gz': -6.11}, {'t_us': 371496243, 'ax': -1.37, 'ay': 0.42, 'az': 0.4, 'gx': 17.73, 'gy': 19.73, 'gz': -8.34}, {'t_us': 371514300, 'ax': -1.61, 'ay': 0.38, 'az': 0.36, 'gx': 12.63, 'gy': 12.49, 'gz': -15.3}, {'t_us': 371534291, 'ax': -1.57, 'ay': 0.19, 'az': 0.22, 'gx': -9.77, 'gy': -0.89, 'gz': -20.43}]",2026-02-18 09:43:23,0.0
"[{'t_us': 371559116, 'ax': -1.27, 'ay': -0.02, 'az': 0.16, 'gx': -38.0, 'gy': -14.96, 'gz': -12.03}, {'t_us': 371574292, 'ax': -1.04, 'ay': -0.08, 'az': 0.16, 'gx': -41.86, 'gy': -9.48, 'gz': -8.53}, {'t_us': 371594271, 'ax': -0.87, 'ay': -0.1, 'az': 0.18, 'gx': -36.11, 'gy': 3.59, 'gz': -11.79}, {'t_us': 371614312, 'ax': -0.71, 'ay': -0.1, 'az': 0.15, 'gx': -29.28, 'gy': 14.72, 'gz': -14.99}, {'t_us': 371634303, 'ax': -0.62, 'ay': -0.03, 'az': 0.13, 'gx': -28.29, 'gy': 16.06, 'gz': -12.9}]",2026-02-18 09:43:23,0.0
"[{'t_us': 371658759, 'ax': -0.48, 'ay': 0.04, 'az': 0.09, 'gx': -36.53, 'gy': 9.89, 'gz': -7.07}, {'t_us': 371674296, 'ax': -0.42, 'ay': 0.08, 'az': 0.04, 'gx': -44.72, 'gy': 4.24, 'gz': 0.81}, {'t_us': 371694312, 'ax': -0.3, 'ay': 0.1, 'az': -0.04, 'gx': -48.08, 'gy': -6.32, 'gz': 13.97}, {'t_us': 371714308, 'ax': -0.26, 'ay': 0.05, 'az': -0.09, 'gx': -44.08, 'gy': -1.98, 'gz': 21.3}, {'t_us': 371734277, 'ax': -0.37, 'ay': -0.0, 'az': -0.09, 'gx': -42.7, 'gy': -4.26, 'gz': 23.48}]",2026-02-18 09:43:23,0.0
"[{'t_us': 371758810, 'ax': -0.38, 'ay': -0.12, 'az': -0.27, 'gx': -42.0, 'gy': -6.72, 'gz': 29.04}, {'t_us': 371774281, 'ax': -0.56, 'ay': 0.01, 'az': -0.09, 'gx': -50.67, 'gy': -0.21, 'gz': 28.02}, {'t_us': 371794308, 'ax': -0.91, 'ay': 0.32, 'az': 0.2, 'gx': -63.36, 'gy': 19.89, 'gz': 19.53}, {'t_us': 371814303, 'ax': -1.33, 'ay': 0.62, 'az': 0.64, 'gx': -78.17, 'gy': 19.48, 'gz': 10.11}, {'t_us': 371834267, 'ax': -1.94, 'ay': 0.74, 'az': 0.76, 'gx': -79.42, 'gy': 16.05, 'gz': -2.96}]",2026-02-18 09:43:24,0.0
"[{'t_us': 371859384, 'ax': -1.43, 'ay': 0.0, 'az': 0.14, 'gx': -83.94, 'gy': -6.67, 'gz': 1.31}, {'t_us': 371874282, 'ax': -1.23, 'ay': -0.2, 'az': 0.21, 'gx': -81.92, 'gy': -18.37, 'gz': 7.04}, {'t_us': 371894291, 'ax': -1.1, 'ay': -0.41, 'az': 0.25, 'gx': -66.35, 'gy': 9.92, 'gz': 10.15}, {'t_us': 371914291, 'ax': -1.26, 'ay': -0.4, 'az': 0.24, 'gx': -54.61, 'gy': 44.11, 'gz': 29.05}, {'t_us': 371934255, 'ax': -1.45, 'ay': -0.1, 'az': 0.16, 'gx': -56.72, 'gy': 35.15, 'gz': 41.92}]",2026-02-18 09:43:24,0.0
"[{'t_us': 371960431, 'ax': -1.38, 'ay': 0.37, 'az': 0.01, 'gx': -47.16, 'gy': 3.65, 'gz': 29.66}, {'t_us': 371974312, 'ax': -1.2, 'ay': 0.37, 'az': 0.07, 'gx': -37.5, 'gy': -0.82, 'gz': 15.74}, {'t_us': 371994262, 'ax': -0.89, 'ay': 0.23, 'az': 0.15, 'gx': -31.39, 'gy': 3.22, 'gz': 10.06}, {'t_us': 372014271, 'ax': -0.71, 'ay': 0.14, 'az': 0.15, 'gx': -35.53, 'gy': 7.8, 'gz': 12.78}, {'t_us': 372034297, 'ax': -0.63, 'ay': 0.11, 'az': 0.16, 'gx': -44.81, 'gy': 9.86, 'gz': 15.65}]",2026-02-18 09:43:24,0.0
"[{'t_us': 372060869, 'ax': -0.53, 'ay': 0.14, 'az': 0.1, 'gx': -50.2, 'gy': 2.17, 'gz': 13.63}, {'t_us': 372074274, 'ax': -0.46, 'ay': 0.09, 'az': 0.03, 'gx': -47.21, 'gy': -2.99, 'gz': 10.2}, {'t_us': 372094288, 'ax': -0.36, 'ay': 0.07, 'az': -0.04, 'gx': -40.85, 'gy': -4.58, 'gz': 4.89}, {'t_us': 372114292, 'ax': -0.36, 'ay': 0.07, 'az': -0.14, 'gx': -34.23, 'gy': -5.57, 'gz': -1.68}, {'t_us': 372134296, 'ax': -0.32, 'ay': 0.02, 'az': -0.24, 'gx': -19.98, 'gy': -2.05, 'gz': -7.92}]",2026-02-18 09:43:24,0.0
"[{'t_us': 372158790, 'ax': -0.5, 'ay': -0.04, 'az': -0.31, 'gx': 0.02, 'gy': 9.59, 'gz': -7.8}, {'t_us': 372174276, 'ax': -0.71, 'ay': -0.19, 'az': -0.23, 'gx': 11.74, 'gy': 4.89, 'gz': -0.2}, {'t_us': 372194299, 'ax': -0.94, 'ay': -0.37, 'az': 0.01, 'gx': 22.64, 'gy': 5.02, 'gz': 7.04}, {'t_us': 372214291, 'ax': -1.31, 'ay': -0.38, 'az': 0.37, 'gx': 23.6, 'gy': 10.31, 'gz': 19.89}, {'t_us': 372234291, 'ax': -1.6, 'ay': -0.14, 'az': 0.47, 'gx': 7.16, 'gy': 10.21, 'gz': 21.31}]",2026-02-18 09:43:24,0.0
"[{'t_us': 372260573, 'ax': -1.48, 'ay': 0.31, 'az': 0.22, 'gx': -7.56, 'gy': 10.37, 'gz': 9.51}, {'t_us': 372274271, 'ax': -1.3, 'ay': 0.44, 'az': 0.27, 'gx': -2.24, 'gy': 1.97, 'gz': -0.31}, {'t_us': 372294321, 'ax': -1.28, 'ay': 0.45, 'az': 0.45, 'gx': -1.28, 'gy': 8.79, 'gz': -5.5}, {'t_us': 372314291, 'ax': -1.48, 'ay': 0.29, 'az': 0.3, 'gx': -8.44, 'gy': 18.09, 'gz': -9.85}, {'t_us': 372334321, 'ax': -1.55, 'ay': 0.11, 'az': 0.16, 'gx': -23.36, 'gy': 15.48, 'gz': -13.76}]",2026-02-18 09:43:24,0.0
"[{'t_us': 372359020, 'ax': -1.35, 'ay': -0.07, 'az': 0.12, 'gx': -47.28, 'gy': 6.76, 'gz': -5.21}, {'t_us': 372374272, 'ax': -1.23, 'ay': -0.04, 'az': 0.11, 'gx': -56.24, 'gy': 0.7, 'gz': 1.21}, {'t_us': 372394255, 'ax': -1.03, 'ay': 0.02, 'az': 0.12, 'gx': -56.87, 'gy': -7.74, 'gz': -1.88}, {'t_us': 372414288, 'ax': -0.8, 'ay': 0.04, 'az': 0.15, 'gx': -51.22, 'gy': -2.14, 'gz': -8.26}, {'t_us': 372434281, 'ax': -0.6, 'ay': 0.08, 'az': 0.17, 'gx': -50.81, 'gy': 3.85, 'gz': -8.79}]",2026-02-18 09:43:24,0.0
"[{'t_us': 372458883, 'ax': -0.37, 'ay': 0.11, 'az': 0.11, 'gx': -62.47, 'gy': 4.9, 'gz': -1.56}, {'t_us': 372474317, 'ax': -0.27, 'ay': 0.11, 'az': 0.02, 'gx': -70.87, 'gy': -1.25, 'gz': 9.16}, {'t_us': 372494296, 'ax': -0.17, 'ay': 0.03, 'az': -0.14, 'gx': -74.87, 'gy': -4.08, 'gz': 26.92}, {'t_us': 372514277, 'ax': -0.32, 'ay': 0.09, 'az': -0.06, 'gx': -79.01, 'gy': -0.06, 'gz': 35.1}, {'t_us': 372534312, 'ax': -0.33, 'ay': -0.14, 'az': -0.28, 'gx': -76.72, 'gy': -10.09, 'gz': 36.14}]",2026-02-18 09:43:24,0.0
"[{'t_us': 372560347, 'ax': -0.45, 'ay': -0.13, 'az': -0.27, 'gx': -70.64, 'gy': -7.73, 'gz': 40.18}, {'t_us': 372574292, 'ax': -0.66, 'ay': 0.06, 'az': -0.15, 'gx': -74.24, 'gy': 4.52, 'gz': 35.65}, {'t_us': 372594315, 'ax': -0.92, 'ay': 0.33, 'az': 0.07, 'gx': -87.88, 'gy': 22.03, 'gz': 20.24}, {'t_us': 372614291, 'ax': -1.4, 'ay': 0.65, 'az': 0.38, 'gx': -98.95, 'gy': 13.51, 'gz': 13.1}, {'t_us': 372634321, 'ax': -1.79, 'ay': 0.71, 'az': 0.54, 'gx': -94.21, 'gy': -2.99, 'gz': -5.21}]",2026-02-18 09:43:24,0.0
"[{'t_us': 372660294, 'ax': -1.41, 'ay': -0.03, 'az': 0.16, 'gx': -99.76, 'gy': 3.22, 'gz': -1.21}, {'t_us': 372674262, 'ax': -1.17, 'ay': -0.33, 'az': 0.12, 'gx': -89.85, 'gy': -14.87, 'gz': 3.91}, {'t_us': 372694308, 'ax': -0.98, 'ay': -0.53, 'az': 0.24, 'gx': -60.7, 'gy': 1.39, 'gz': 14.76}, {'t_us': 372714312, 'ax': -1.34, 'ay': -0.37, 'az': 0.23, 'gx': -52.95, 'gy': 28.34, 'gz': 22.46}, {'t_us': 372734308, 'ax': -1.51, 'ay': -0.03, 'az': 0.12, 'gx': -57.19, 'gy': 24.29, 'gz': 28.03}]",2026-02-18 09:43:24,0.0
"[{'t_us': 372758772, 'ax': -1.46, 'ay': 0.41, 'az': 0.09, 'gx': -50.14, 'gy': 2.21, 'gz': 19.15}, {'t_us': 372774271, 'ax': -1.25, 'ay': 0.38, 'az': 0.13, 'gx': -41.74, 'gy': -7.37, 'gz': 9.54}, {'t_us': 372794288, 'ax': -0.91, 'ay': 0.2, 'az': 0.15, 'gx': -35.16, 'gy': -13.63, 'gz': 10.44}, {'t_us': 372814262, 'ax': -0.72, 'ay': 0.12, 'az': 0.19, 'gx': -35.39, 'gy': -9.11, 'gz': 16.72}, {'t_us': 372834288, 'ax': -0.63, 'ay': 0.07, 'az': 0.17, 'gx': -41.76, 'gy': -2.02, 'gz': 21.04}]",2026-02-18 09:43:25,0.0
"[{'t_us': 372859027, 'ax': -0.56, 'ay': 0.06, 'az': 0.1, 'gx': -44.9, 'gy': 1.71, 'gz': 16.27}, {'t_us': 372874301, 'ax': -0.5, 'ay': 0.05, 'az': 0.07, 'gx': -40.7, 'gy': 0.87, 'gz': 10.82}, {'t_us': 372894300, 'ax': -0.43, 'ay': 0.08, 'az': -0.02, 'gx': -33.76, 'gy': -0.73, 'gz': 2.73}, {'t_us': 372914288, 'ax': -0.38, 'ay': 0.11, 'az': -0.09, 'gx': -30.41, 'gy': 3.59, 'gz': -7.76}, {'t_us': 372934312, 'ax': -0.33, 'ay': 0.08, 'az': -0.13, 'gx': -26.52, 'gy': 3.47, 'gz': -11.77}]",2026-02-18 09:43:25,0.0
"[{'t_us': 372960416, 'ax': -0.32, 'ay': 0.14, 'az': -0.22, 'gx': -17.57, 'gy': 14.35, 'gz': -8.9}, {'t_us': 372975181, 'ax': -0.45, 'ay': 0.1, 'az': -0.32, 'gx': -8.52, 'gy': 23.5, 'gz': -5.53}, {'t_us': 372994277, 'ax': -0.79, 'ay': -0.13, 'az': -0.3, 'gx': 2.98, 'gy': 14.9, 'gz': 5.54}, {'t_us': 373014300, 'ax': -1.15, 'ay': -0.39, 'az': -0.02, 'gx': 15.36, 'gy': 2.24, 'gz': 19.95}, {'t_us': 373034296, 'ax': -1.55, 'ay': -0.41, 'az': 0.41, 'gx': 8.95, 'gy': 7.6, 'gz': 30.7}]",2026-02-18 09:43:25,0.0
"[{'t_us': 373060315, 'ax': -1.7, 'ay': -0.09, 'az': 0.36, 'gx': -22.56, 'gy': 4.76, 'gz': 19.39}, {'t_us': 373074266, 'ax': -1.3, 'ay': 0.12, 'az': 0.33, 'gx': -22.92, 'gy': -15.47, 'gz': 14.4}, {'t_us': 373094300, 'ax': -0.99, 'ay': 0.31, 'az': 0.53, 'gx': -12.06, 'gy': -10.58, 'gz': 5.6}, {'t_us': 373114304, 'ax': -1.3, 'ay': 0.31, 'az': 0.63, 'gx': 4.18, 'gy': 18.61, 'gz': -3.28}, {'t_us': 373134308, 'ax': -1.63, 'ay': 0.29, 'az': 0.46, 'gx': 14.08, 'gy': 34.53, 'gz': -15.33}]",2026-02-18 09:43:25,0.0
"[{'t_us': 373158822, 'ax': -1.64, 'ay': 0.07, 'az': 0.17, 'gx': -8.26, 'gy': 29.95, 'gz': -30.09}, {'t_us': 373174288, 'ax': -1.47, 'ay': -0.01, 'az': 0.14, 'gx': -30.84, 'gy': 17.66, 'gz': -24.69}, {'t_us': 373194288, 'ax': -1.15, 'ay': 0.01, 'az': 0.12, 'gx': -58.38, 'gy': -2.9, 'gz': -12.82}, {'t_us': 373214262, 'ax': -0.82, 'ay': 0.04, 'az': 0.07, 'gx': -68.41, 'gy': -15.73, 'gz': -9.74}, {'t_us': 373234312, 'ax': -0.59, 'ay': 0.05, 'az': 0.02, 'gx': -65.57, 'gy': -20.84, 'gz': -11.73}]",2026-02-18 09:43:25,0.0
"[{'t_us': 373259111, 'ax': -0.42, 'ay': 0.07, 'az': -0.06, 'gx': -53.56, 'gy': -20.5, 'gz': -6.46}, {'t_us': 373274326, 'ax': -0.3, 'ay': -0.01, 'az': -0.14, 'gx': -43.65, 'gy': -21.97, 'gz': 5.02}, {'t_us': 373294303, 'ax': -0.27, 'ay': -0.12, 'az': -0.19, 'gx': -34.41, 'gy': -3.04, 'gz': 18.15}, {'t_us': 373314277, 'ax': -0.38, 'ay': -0.14, 'az': -0.14, 'gx': -44.49, 'gy': 2.37, 'gz': 27.39}, {'t_us': 373334254, 'ax': -0.35, 'ay': -0.15, 'az': -0.14, 'gx': -61.36, 'gy': -0.34, 'gz': 34.55}]",2026-02-18 09:43:25,0.0
"[{'t_us': 373360458, 'ax': -0.45, 'ay': -0.08, 'az': -0.08, 'gx': -69.11, 'gy': 8.85, 'gz': 31.44}, {'t_us': 373374271, 'ax': -0.52, 'ay': 0.04, 'az': -0.03, 'gx': -71.34, 'gy': 23.48, 'gz': 25.77}, {'t_us': 373394277, 'ax': -0.75, 'ay': 0.27, 'az': 0.06, 'gx': -71.28, 'gy': 36.81, 'gz': 18.67}, {'t_us': 373414271, 'ax': -1.15, 'ay': 0.51, 'az': 0.28, 'gx': -63.71, 'gy': 29.83, 'gz': 8.75}, {'t_us': 373434308, 'ax': -1.49, 'ay': 0.5, 'az': 0.44, 'gx': -52.85, 'gy': 0.82, 'gz': -4.34}]",2026-02-18 09:43:25,0.0
"[{'t_us': 373460779, 'ax': -1.36, 'ay': 0.08, 'az': 0.38, 'gx': -52.17, 'gy': 0.23, 'gz': -5.47}, {'t_us': 373474271, 'ax': -1.28, 'ay': -0.11, 'az': 0.34, 'gx': -53.59, 'gy': -1.82, 'gz': -2.66}, {'t_us': 373494271, 'ax': -1.1, 'ay': -0.37, 'az': 0.45, 'gx': -41.51, 'gy': -8.41, 'gz': 0.17}, {'t_us': 373514277, 'ax': -1.08, 'ay': -0.38, 'az': 0.56, 'gx': -33.22, 'gy': 13.3, 'gz': 8.23}, {'t_us': 373534321, 'ax': -1.28, 'ay': -0.14, 'az': 0.39, 'gx': -39.79, 'gy': 31.45, 'gz': 25.21}]",2026-02-18 09:43:25,0.0
"[{'t_us': 373559110, 'ax': -1.55, 'ay': 0.26, 'az': 0.12, 'gx': -41.05, 'gy': 6.34, 'gz': 32.85}, {'t_us': 373574308, 'ax': -1.42, 'ay': 0.34, 'az': 0.14, 'gx': -30.31, 'gy': -0.21, 'gz': 26.47}, {'t_us': 373594318, 'ax': -1.11, 'ay': 0.24, 'az': 0.16, 'gx': -18.56, 'gy': -4.63, 'gz': 23.05}, {'t_us': 373614308, 'ax': -0.88, 'ay': 0.09, 'az': 0.16, 'gx': -14.84, 'gy': -7.44, 'gz': 27.01}, {'t_us': 373634321, 'ax': -0.76, 'ay': 0.03, 'az': 0.17, 'gx': -17.22, 'gy': -4.76, 'gz': 28.69}]",2026-02-18 09:43:25,0.0
"[{'t_us': 373659002, 'ax': -0.7, 'ay': 0.06, 'az': 0.13, 'gx': -20.7, 'gy': 4.66, 'gz': 19.1}, {'t_us': 373674277, 'ax': -0.67, 'ay': 0.06, 'az': 0.05, 'gx': -17.86, 'gy': 2.73, 'gz': 12.82}, {'t_us': 373694308, 'ax': -0.58, 'ay': 0.13, 'az': -0.04, 'gx': -10.44, 'gy': -5.19, 'gz': 3.42}, {'t_us': 373714303, 'ax': -0.46, 'ay': 0.19, 'az': -0.08, 'gx': -7.08, 'gy': -11.79, 'gz': -7.22}, {'t_us': 373734346, 'ax': -0.36, 'ay': 0.11, 'az': -0.11, 'gx': -2.69, 'gy': -9.45, 'gz': -15.54}]",2026-02-18 09:43:25,0.0
"[{'t_us': 373760633, 'ax': -0.19, 'ay': 0.06, 'az': -0.17, 'gx': 8.43, 'gy': -5.89, 'gz': -18.76}, {'t_us': 373774263, 'ax': -0.23, 'ay': 0.07, 'az': -0.24, 'gx': 16.93, 'gy': 12.66, 'gz': -19.19}, {'t_us': 373794316, 'ax': -0.48, 'ay': -0.18, 'az': -0.29, 'gx': 35.01, 'gy': 13.66, 'gz': -10.15}, {'t_us': 373814312, 'ax': -0.8, 'ay': -0.4, 'az': -0.06, 'gx': 46.56, 'gy': 11.66, 'gz': 5.05}, {'t_us': 373834291, 'ax': -1.32, 'ay': -0.43, 'az': 0.54, 'gx': 38.47, 'gy': 13.44, 'gz': 20.87}]",2026-02-18 09:43:26,0.0
"[{'t_us': 373860474, 'ax': -1.83, 'ay': -0.1, 'az': 0.56, 'gx': 0.78, 'gy': 26.53, 'gz': 16.4}, {'t_us': 373874262, 'ax': -1.65, 'ay': 0.11, 'az': 0.22, 'gx': 0.14, 'gy': 18.0, 'gz': 12.79}, {'t_us': 373894316, 'ax': -1.39, 'ay': 0.39, 'az': 0.3, 'gx': 13.28, 'gy': -8.79, 'gz': -5.33}, {'t_us': 373914312, 'ax': -1.3, 'ay': 0.31, 'az': 0.5, 'gx': 31.15, 'gy': -2.14, 'gz': -22.15}, {'t_us': 373934312, 'ax': -1.43, 'ay': 0.26, 'az': 0.49, 'gx': 34.02, 'gy': 11.56, 'gz': -36.38}]",2026-02-18 09:43:26,0.0
"[{'t_us': 373958873, 'ax': -1.45, 'ay': -0.02, 'az': 0.31, 'gx': 12.55, 'gy': 15.85, 'gz': -46.37}, {'t_us': 373974281, 'ax': -1.37, 'ay': -0.21, 'az': 0.24, 'gx': -3.59, 'gy': 12.38, 'gz': -35.33}, {'t_us': 373994316, 'ax': -1.25, 'ay': -0.19, 'az': 0.16, 'gx': -21.27, 'gy': -0.63, 'gz': -16.58}, {'t_us': 374014312, 'ax': -1.07, 'ay': -0.07, 'az': 0.09, 'gx': -21.62, 'gy': -8.15, 'gz': -10.7}, {'t_us': 374034260, 'ax': -0.86, 'ay': -0.03, 'az': 0.06, 'gx': -8.64, 'gy': -7.66, 'gz': -12.89}]",2026-02-18 09:43:26,0.0
"[{'t_us': 374060625, 'ax': -0.59, 'ay': -0.01, 'az': 0.11, 'gx': 1.13, 'gy': -2.92, 'gz': -15.92}, {'t_us': 374074276, 'ax': -0.48, 'ay': -0.02, 'az': 0.09, 'gx': -0.78, 'gy': -9.5, 'gz': -12.35}, {'t_us': 374094308, 'ax': -0.33, 'ay': -0.02, 'az': 0.02, 'gx': -6.85, 'gy': -18.53, 'gz': -2.29}, {'t_us': 374114262, 'ax': -0.25, 'ay': 0.0, 'az': 0.01, 'gx': -16.63, 'gy': -19.31, 'gz': 7.19}, {'t_us': 374134281, 'ax': -0.21, 'ay': 0.07, 'az': -0.0, 'gx': -27.69, 'gy': -14.76, 'gz': 13.59}]",2026-02-18 09:43:26,0.0
"[{'t_us': 374159166, 'ax': -0.23, 'ay': 0.03, 'az': -0.11, 'gx': -37.86, 'gy': -16.64, 'gz': 22.96}, {'t_us': 374174288, 'ax': -0.3, 'ay': 0.07, 'az': -0.13, 'gx': -39.3, 'gy': -20.11, 'gz': 30.05}, {'t_us': 374194312, 'ax': -0.51, 'ay': 0.26, 'az': -0.03, 'gx': -48.12, 'gy': -15.98, 'gz': 31.68}, {'t_us': 374214277, 'ax': -0.93, 'ay': 0.53, 'az': 0.28, 'gx': -56.87, 'gy': -12.29, 'gz': 18.37}, {'t_us': 374234291, 'ax': -1.42, 'ay': 0.67, 'az': 0.59, 'gx': -63.62, 'gy': -14.29, 'gz': -1.5}]",2026-02-18 09:43:26,0.0
"[{'t_us': 374260353, 'ax': -1.62, 'ay': 0.29, 'az': 0.55, 'gx': -75.24, 'gy': 22.26, 'gz': -16.85}, {'t_us': 374274312, 'ax': -1.54, 'ay': -0.15, 'az': 0.23, 'gx': -75.54, 'gy': 14.79, 'gz': -4.75}, {'t_us': 374294277, 'ax': -1.22, 'ay': -0.42, 'az': 0.2, 'gx': -67.33, 'gy': -11.33, 'gz': 8.73}, {'t_us': 374314305, 'ax': -0.98, 'ay': -0.6, 'az': 0.24, 'gx': -45.89, 'gy': 7.4, 'gz': 20.75}, {'t_us': 374334317, 'ax': -1.22, 'ay': -0.43, 'az': 0.31, 'gx': -28.79, 'gy': 37.34, 'gz': 33.63}]",2026-02-18 09:43:26,0.0
"[{'t_us': 374360427, 'ax': -1.49, 'ay': 0.07, 'az': 0.25, 'gx': -26.7, 'gy': 32.31, 'gz': 43.16}, {'t_us': 374374321, 'ax': -1.45, 'ay': 0.33, 'az': 0.21, 'gx': -23.08, 'gy': 27.82, 'gz': 35.34}, {'t_us': 374394281, 'ax': -1.21, 'ay': 0.4, 'az': 0.21, 'gx': -17.8, 'gy': 30.26, 'gz': 20.79}, {'t_us': 374414306, 'ax': -0.93, 'ay': 0.25, 'az': 0.19, 'gx': -15.59, 'gy': 20.58, 'gz': 19.8}, {'t_us': 374434321, 'ax': -0.78, 'ay': 0.17, 'az': 0.2, 'gx': -21.69, 'gy': 17.05, 'gz': 22.44}]",2026-02-18 09:43:26,0.0
"[{'t_us': 374458733, 'ax': -0.67, 'ay': 0.12, 'az': 0.16, 'gx': -33.28, 'gy': 23.59, 'gz': 17.76}, {'t_us': 374474316, 'ax': -0.63, 'ay': 0.1, 'az': 0.13, 'gx': -37.5, 'gy': 19.48, 'gz': 13.62}, {'t_us': 374494277, 'ax': -0.53, 'ay': 0.09, 'az': 0.03, 'gx': -36.95, 'gy': 0.52, 'gz': 5.59}, {'t_us': 374514303, 'ax': -0.39, 'ay': 0.07, 'az': -0.06, 'gx': -33.89, 'gy': -8.75, 'gz': 1.16}, {'t_us': 374534312, 'ax': -0.29, 'ay': -0.0, 'az': -0.11, 'gx': -27.01, 'gy': -7.27, 'gz': -3.83}]",2026-02-18 09:43:26,0.0
"[{'t_us': 374560986, 'ax': -0.34, 'ay': 0.0, 'az': -0.17, 'gx': -13.98, 'gy': -3.16, 'gz': -14.46}, {'t_us': 374574334, 'ax': -0.34, 'ay': 0.03, 'az': -0.16, 'gx': -7.88, 'gy': -5.77, 'gz': -18.79}, {'t_us': 374594303, 'ax': -0.4, 'ay': -0.02, 'az': -0.32, 'gx': 6.14, 'gy': -6.27, 'gz': -26.29}, {'t_us': 374615946, 'ax': -0.66, 'ay': -0.23, 'az': -0.32, 'gx': 32.29, 'gy': -2.66, 'gz': -19.42}, {'t_us': 374634297, 'ax': -1.02, 'ay': -0.53, 'az': -0.0, 'gx': 54.6, 'gy': 6.95, 'gz': -5.25}]",2026-02-18 09:43:26,0.0
"[{'t_us': 374659096, 'ax': -1.92, 'ay': -0.48, 'az': 0.52, 'gx': 69.15, 'gy': 21.04, 'gz': 22.49}, {'t_us': 374674264, 'ax': -1.91, 'ay': -0.12, 'az': 0.38, 'gx': 45.92, 'gy': 15.36, 'gz': 17.56}, {'t_us': 374694277, 'ax': -1.46, 'ay': 0.18, 'az': 0.09, 'gx': 32.47, 'gy': -21.57, 'gz': 2.24}, {'t_us': 374714303, 'ax': -1.06, 'ay': 0.5, 'az': 0.38, 'gx': 42.6, 'gy': -24.69, 'gz': -10.14}, {'t_us': 374734300, 'ax': -1.14, 'ay': 0.57, 'az': 0.57, 'gx': 45.13, 'gy': 10.18, 'gz': -19.68}]",2026-02-18 09:43:26,0.0
"[{'t_us': 374760590, 'ax': -1.51, 'ay': 0.39, 'az': 0.53, 'gx': 28.79, 'gy': 20.75, 'gz': -21.79}, {'t_us': 374775171, 'ax': -1.57, 'ay': 0.21, 'az': 0.3, 'gx': 10.05, 'gy': 19.85, 'gz': -22.0}, {'t_us': 374794312, 'ax': -1.58, 'ay': -0.01, 'az': 0.11, 'gx': -15.73, 'gy': 9.95, 'gz': -15.85}, {'t_us': 374814277, 'ax': -1.3, 'ay': -0.05, 'az': 0.09, 'gx': -36.18, 'gy': -1.91, 'gz': -7.89}, {'t_us': 374834291, 'ax': -1.0, 'ay': -0.04, 'az': 0.08, 'gx': -36.4, 'gy': -3.01, 'gz': -7.88}]",2026-02-18 09:43:27,0.0
"[{'t_us': 374859596, 'ax': -0.75, 'ay': -0.02, 'az': 0.13, 'gx': -23.27, 'gy': 0.37, 'gz': -13.01}, {'t_us': 374874313, 'ax': -0.63, 'ay': 0.03, 'az': 0.15, 'gx': -21.04, 'gy': -0.76, 'gz': -13.31}, {'t_us': 374894262, 'ax': -0.45, 'ay': 0.05, 'az': 0.08, 'gx': -24.47, 'gy': -10.03, 'gz': -6.4}, {'t_us': 374914271, 'ax': -0.28, 'ay': 0.05, 'az': -0.02, 'gx': -31.22, 'gy': -15.5, 'gz': 8.85}, {'t_us': 374934309, 'ax': -0.17, 'ay': 0.03, 'az': -0.08, 'gx': -36.56, 'gy': -9.54, 'gz': 22.79}]",2026-02-18 09:43:27,0.0
"[{'t_us': 374961514, 'ax': -0.18, 'ay': 0.07, 'az': -0.11, 'gx': -54.99, 'gy': -5.48, 'gz': 32.23}, {'t_us': 374976443, 'ax': -0.17, 'ay': -0.04, 'az': -0.26, 'gx': -58.32, 'gy': -5.54, 'gz': 30.81}, {'t_us': 374994312, 'ax': -0.24, 'ay': -0.03, 'az': -0.28, 'gx': -58.35, 'gy': -1.76, 'gz': 30.2}, {'t_us': 375014277, 'ax': -0.49, 'ay': 0.16, 'az': -0.12, 'gx': -64.5, 'gy': 3.68, 'gz': 22.99}, {'t_us': 375034321, 'ax': -0.76, 'ay': 0.33, 'az': 0.07, 'gx': -62.95, 'gy': 5.42, 'gz': 13.89}]",2026-02-18 09:43:27,0.0
"[{'t_us': 375059346, 'ax': -1.33, 'ay': 0.56, 'az': 0.55, 'gx': -45.3, 'gy': 10.35, 'gz': 3.66}, {'t_us': 375074291, 'ax': -1.96, 'ay': 0.5, 'az': 0.76, 'gx': -40.69, 'gy': 26.69, 'gz': -4.75}, {'t_us': 375094291, 'ax': -1.8, 'ay': 0.0, 'az': 0.51, 'gx': -64.46, 'gy': 40.55, 'gz': -8.03}, {'t_us': 375114321, 'ax': -1.32, 'ay': -0.19, 'az': 0.39, 'gx': -69.5, 'gy': -18.08, 'gz': 9.1}, {'t_us': 375134271, 'ax': -1.06, 'ay': -0.29, 'az': 0.42, 'gx': -58.55, 'gy': -5.04, 'gz': 13.74}]",2026-02-18 09:43:27,0.0
"[{'t_us': 375158870, 'ax': -1.21, 'ay': -0.25, 'az': 0.22, 'gx': -39.25, 'gy': 32.17, 'gz': 27.08}, {'t_us': 375174303, 'ax': -1.35, 'ay': 0.01, 'az': 0.18, 'gx': -30.89, 'gy': 28.24, 'gz': 32.23}, {'t_us': 375194288, 'ax': -1.37, 'ay': 0.28, 'az': 0.19, 'gx': -25.37, 'gy': 18.41, 'gz': 29.21}, {'t_us': 375214288, 'ax': -1.16, 'ay': 0.32, 'az': 0.19, 'gx': -21.76, 'gy': 14.76, 'gz': 18.15}, {'t_us': 375234318, 'ax': -0.96, 'ay': 0.25, 'az': 0.19, 'gx': -22.95, 'gy': 11.3, 'gz': 17.11}]",2026-02-18 09:43:27,0.0
"[{'t_us': 375260212, 'ax': -0.78, 'ay': 0.18, 'az': 0.17, 'gx': -30.87, 'gy': 9.53, 'gz': 15.51}, {'t_us': 375274291, 'ax': -0.73, 'ay': 0.16, 'az': 0.14, 'gx': -31.8, 'gy': 12.78, 'gz': 10.43}, {'t_us': 375294303, 'ax': -0.64, 'ay': 0.17, 'az': 0.06, 'gx': -30.72, 'gy': 3.16, 'gz': -1.56}, {'t_us': 375314303, 'ax': -0.5, 'ay': 0.12, 'az': -0.01, 'gx': -27.07, 'gy': -3.83, 'gz': -10.61}, {'t_us': 375334282, 'ax': -0.46, 'ay': 0.07, 'az': -0.06, 'gx': -21.71, 'gy': -8.37, 'gz': -14.4}]",2026-02-18 09:43:27,0.0
"[{'t_us': 375360845, 'ax': -0.3, 'ay': 0.08, 'az': -0.09, 'gx': -16.55, 'gy': -11.65, 'gz': -13.28}, {'t_us': 375374281, 'ax': -0.27, 'ay': 0.08, 'az': -0.14, 'gx': -13.45, 'gy': -8.67, 'gz': -11.15}, {'t_us': 375394296, 'ax': -0.34, 'ay': 0.09, 'az': -0.22, 'gx': -4.46, 'gy': -2.85, 'gz': -9.45}, {'t_us': 375414296, 'ax': -0.49, 'ay': -0.05, 'az': -0.27, 'gx': 6.26, 'gy': -4.73, 'gz': -3.76}, {'t_us': 375434271, 'ax': -0.74, 'ay': -0.25, 'az': -0.13, 'gx': 21.54, 'gy': -11.79, 'gz': 3.68}]",2026-02-18 09:43:27,0.0
"[{'t_us': 375459166, 'ax': -1.18, 'ay': -0.4, 'az': 0.34, 'gx': 31.33, 'gy': -8.29, 'gz': 20.72}, {'t_us': 375474288, 'ax': -1.4, 'ay': -0.4, 'az': 0.54, 'gx': 20.11, 'gy': 9.31, 'gz': 26.05}, {'t_us': 375494288, 'ax': -1.61, 'ay': -0.12, 'az': 0.4, 'gx': 2.67, 'gy': 29.21, 'gz': 21.79}, {'t_us': 375514308, 'ax': -1.45, 'ay': 0.26, 'az': 0.28, 'gx': 5.85, 'gy': 9.15, 'gz': 12.99}, {'t_us': 375534308, 'ax': -1.27, 'ay': 0.43, 'az': 0.4, 'gx': 15.05, 'gy': 7.65, 'gz': -0.35}]",2026-02-18 09:43:27,0.0
"[{'t_us': 375560403, 'ax': -1.38, 'ay': 0.5, 'az': 0.48, 'gx': 13.36, 'gy': 15.25, 'gz': -15.95}, {'t_us': 375574285, 'ax': -1.43, 'ay': 0.41, 'az': 0.45, 'gx': 0.63, 'gy': 17.57, 'gz': -24.18}, {'t_us': 375594316, 'ax': -1.52, 'ay': 0.17, 'az': 0.28, 'gx': -24.4, 'gy': 14.7, 'gz': -31.82}, {'t_us': 375614312, 'ax': -1.43, 'ay': -0.02, 'az': 0.19, 'gx': -45.08, 'gy': 1.76, 'gz': -25.48}, {'t_us': 375634312, 'ax': -1.18, 'ay': -0.1, 'az': 0.18, 'gx': -58.0, 'gy': -4.47, 'gz': -16.14}]",2026-02-18 09:43:27,0.0
"[{'t_us': 375660621, 'ax': -0.89, 'ay': -0.1, 'az': 0.11, 'gx': -51.56, 'gy': 1.04, 'gz': -13.47}, {'t_us': 375674339, 'ax': -0.8, 'ay': -0.06, 'az': 0.09, 'gx': -43.6, 'gy': 4.52, 'gz': -13.21}, {'t_us': 375694321, 'ax': -0.63, 'ay': -0.01, 'az': 0.1, 'gx': -37.42, 'gy': 12.03, 'gz': -10.35}, {'t_us': 375714316, 'ax': -0.46, 'ay': -0.03, 'az': 0.05, 'gx': -36.87, 'gy': 11.28, 'gz': -4.34}, {'t_us': 375734271, 'ax': -0.3, 'ay': -0.03, 'az': 0.0, 'gx': -40.92, 'gy': 8.49, 'gz': 7.36}]",2026-02-18 09:43:27,0.0
"[{'t_us': 375760432, 'ax': -0.19, 'ay': -0.03, 'az': -0.07, 'gx': -46.78, 'gy': 0.11, 'gz': 20.73}, {'t_us': 375774262, 'ax': -0.19, 'ay': -0.0, 'az': -0.08, 'gx': -47.88, 'gy': -1.82, 'gz': 22.79}, {'t_us': 375794271, 'ax': -0.25, 'ay': 0.0, 'az': -0.17, 'gx': -48.47, 'gy': -1.91, 'gz': 22.66}, {'t_us': 375814296, 'ax': -0.37, 'ay': 0.01, 'az': -0.29, 'gx': -51.11, 'gy': -4.32, 'gz': 26.17}, {'t_us': 375834303, 'ax': -0.6, 'ay': 0.18, 'az': -0.3, 'gx': -61.66, 'gy': -3.76, 'gz': 28.12}]",2026-02-18 09:43:28,0.0
"[{'t_us': 375859081, 'ax': -1.08, 'ay': 0.66, 'az': 0.14, 'gx': -67.88, 'gy': 1.6, 'gz': 14.82}, {'t_us': 375874303, 'ax': -1.59, 'ay': 0.81, 'az': 0.56, 'gx': -72.96, 'gy': -3.59, 'gz': -3.62}, {'t_us': 375894308, 'ax': -1.98, 'ay': 0.78, 'az': 0.7, 'gx': -74.15, 'gy': 14.9, 'gz': -31.04}, {'t_us': 375914296, 'ax': -1.43, 'ay': 0.13, 'az': 0.32, 'gx': -81.36, 'gy': -5.89, 'gz': -22.98}, {'t_us': 375934308, 'ax': -0.96, 'ay': -0.23, 'az': 0.27, 'gx': -86.18, 'gy': -29.25, 'gz': -5.59}]",2026-02-18 09:43:28,0.0
"[{'t_us': 375958955, 'ax': -0.61, 'ay': -0.54, 'az': 0.25, 'gx': -76.52, 'gy': -0.03, 'gz': 18.69}, {'t_us': 375974329, 'ax': -0.82, 'ay': -0.48, 'az': 0.39, 'gx': -70.84, 'gy': 32.67, 'gz': 36.26}, {'t_us': 375994281, 'ax': -1.15, 'ay': -0.04, 'az': 0.4, 'gx': -75.68, 'gy': 51.37, 'gz': 46.78}, {'t_us': 376014281, 'ax': -1.48, 'ay': 0.31, 'az': 0.17, 'gx': -70.0, 'gy': 41.98, 'gz': 44.61}, {'t_us': 376034275, 'ax': -1.62, 'ay': 0.44, 'az': 0.07, 'gx': -57.37, 'gy': 17.02, 'gz': 15.04}]",2026-02-18 09:43:28,0.0
"[{'t_us': 376060437, 'ax': -1.02, 'ay': 0.21, 'az': 0.09, 'gx': -42.31, 'gy': -3.45, 'gz': -1.88}, {'t_us': 376074265, 'ax': -0.82, 'ay': 0.09, 'az': 0.1, 'gx': -38.78, 'gy': -4.11, 'gz': 0.93}, {'t_us': 376094316, 'ax': -0.72, 'ay': 0.08, 'az': 0.17, 'gx': -49.97, 'gy': -4.24, 'gz': 9.21}, {'t_us': 376114277, 'ax': -0.67, 'ay': 0.08, 'az': 0.2, 'gx': -64.7, 'gy': -9.01, 'gz': 12.47}, {'t_us': 376134312, 'ax': -0.58, 'ay': 0.17, 'az': 0.13, 'gx': -71.4, 'gy': -10.69, 'gz': 13.3}]",2026-02-18 09:43:28,0.0
"[{'t_us': 376158900, 'ax': -0.49, 'ay': 0.24, 'az': 0.0, 'gx': -68.63, 'gy': -12.98, 'gz': 5.8}, {'t_us': 376174296, 'ax': -0.35, 'ay': 0.25, 'az': -0.12, 'gx': -63.95, 'gy': -14.27, 'gz': -0.93}, {'t_us': 376194321, 'ax': -0.31, 'ay': 0.11, 'az': -0.27, 'gx': -52.2, 'gy': -3.76, 'gz': -5.89}, {'t_us': 376214281, 'ax': -0.38, 'ay': -0.02, 'az': -0.28, 'gx': -33.07, 'gy': 2.64, 'gz': -3.01}, {'t_us': 376234296, 'ax': -0.56, 'ay': -0.18, 'az': -0.28, 'gx': -17.24, 'gy': 4.43, 'gz': -3.5}]",2026-02-18 09:43:28,0.0
"[{'t_us': 376258928, 'ax': -0.78, 'ay': -0.4, 'az': -0.02, 'gx': -14.35, 'gy': -6.35, 'gz': 8.05}, {'t_us': 376274274, 'ax': -0.99, 'ay': -0.55, 'az': 0.37, 'gx': -21.59, 'gy': 0.6, 'gz': 22.98}, {'t_us': 376294300, 'ax': -1.38, 'ay': -0.36, 'az': 0.67, 'gx': -46.32, 'gy': 34.96, 'gz': 33.22}, {'t_us': 376314321, 'ax': -1.66, 'ay': 0.27, 'az': 0.45, 'gx': -61.18, 'gy': 57.74, 'gz': 39.36}, {'t_us': 376334255, 'ax': -1.63, 'ay': 0.55, 'az': 0.27, 'gx': -55.13, 'gy': 32.98, 'gz': 24.89}]",2026-02-18 09:43:28,0.0
"[{'t_us': 376360421, 'ax': -1.42, 'ay': 0.28, 'az': 0.36, 'gx': -39.63, 'gy': 8.21, 'gz': -4.6}, {'t_us': 376374479, 'ax': -1.34, 'ay': 0.13, 'az': 0.39, 'gx': -35.01, 'gy': 11.51, 'gz': -16.05}, {'t_us': 376394271, 'ax': -1.32, 'ay': -0.16, 'az': 0.33, 'gx': -37.02, 'gy': 19.76, 'gz': -21.5}, {'t_us': 376414296, 'ax': -1.27, 'ay': -0.29, 'az': 0.3, 'gx': -41.82, 'gy': 12.78, 'gz': -16.61}, {'t_us': 376434316, 'ax': -1.06, 'ay': -0.35, 'az': 0.25, 'gx': -45.82, 'gy': 2.46, 'gz': -4.6}]",2026-02-18 09:43:28,0.0
"[{'t_us': 376461007, 'ax': -0.85, 'ay': -0.18, 'az': 0.2, 'gx': -42.18, 'gy': 5.73, 'gz': 4.93}, {'t_us': 376474317, 'ax': -0.75, 'ay': -0.09, 'az': 0.11, 'gx': -36.46, 'gy': 8.47, 'gz': 5.3}, {'t_us': 376494296, 'ax': -0.63, 'ay': -0.03, 'az': 0.06, 'gx': -24.58, 'gy': 1.42, 'gz': 5.59}, {'t_us': 376514321, 'ax': -0.55, 'ay': 0.06, 'az': 0.06, 'gx': -22.46, 'gy': -10.64, 'gz': 6.52}, {'t_us': 376534291, 'ax': -0.42, 'ay': 0.07, 'az': 0.02, 'gx': -26.69, 'gy': -28.06, 'gz': 12.17}]",2026-02-18 09:43:28,0.0
"[{'t_us': 376560423, 'ax': -0.24, 'ay': 0.0, 'az': 0.01, 'gx': -29.59, 'gy': -40.7, 'gz': 27.25}, {'t_us': 376574358, 'ax': -0.19, 'ay': -0.04, 'az': -0.02, 'gx': -29.94, 'gy': -34.7, 'gz': 30.56}, {'t_us': 376594316, 'ax': -0.25, 'ay': -0.13, 'az': -0.17, 'gx': -27.28, 'gy': -23.66, 'gz': 33.13}, {'t_us': 376614277, 'ax': -0.34, 'ay': -0.1, 'az': -0.18, 'gx': -26.35, 'gy': -20.79, 'gz': 33.97}, {'t_us': 376634297, 'ax': -0.64, 'ay': 0.12, 'az': -0.12, 'gx': -29.94, 'gy': -8.41, 'gz': 29.69}]",2026-02-18 09:43:28,0.0
"[{'t_us': 376658672, 'ax': -1.26, 'ay': 0.5, 'az': 0.32, 'gx': -29.89, 'gy': -7.37, 'gz': 6.69}, {'t_us': 376674300, 'ax': -1.69, 'ay': 0.82, 'az': 0.8, 'gx': -30.76, 'gy': -14.55, 'gz': -17.11}, {'t_us': 376694312, 'ax': -2.0, 'ay': 0.76, 'az': 0.62, 'gx': -43.79, 'gy': 31.4, 'gz': -28.93}, {'t_us': 376714303, 'ax': -1.65, 'ay': -0.12, 'az': 0.0, 'gx': -50.29, 'gy': -6.73, 'gz': -8.66}, {'t_us': 376734281, 'ax': -1.12, 'ay': -0.44, 'az': 0.12, 'gx': -47.07, 'gy': -33.79, 'gz': 12.87}]",2026-02-18 09:43:28,0.0
"[{'t_us': 376760443, 'ax': -0.98, 'ay': -0.73, 'az': 0.24, 'gx': -12.58, 'gy': -0.18, 'gz': 20.96}, {'t_us': 376774291, 'ax': -1.15, 'ay': -0.64, 'az': 0.3, 'gx': 5.42, 'gy': 29.92, 'gz': 26.79}, {'t_us': 376794292, 'ax': -1.43, 'ay': -0.22, 'az': 0.18, 'gx': 13.36, 'gy': 45.05, 'gz': 29.94}, {'t_us': 376814288, 'ax': -1.6, 'ay': 0.11, 'az': 0.03, 'gx': 22.93, 'gy': 29.08, 'gz': 21.66}, {'t_us': 376834308, 'ax': -1.44, 'ay': 0.29, 'az': 0.05, 'gx': 30.9, 'gy': -0.5, 'gz': 10.26}]",2026-02-18 09:43:29,0.0
"[{'t_us': 376860988, 'ax': -0.89, 'ay': 0.25, 'az': 0.18, 'gx': 34.9, 'gy': -29.31, 'gz': 5.8}, {'t_us': 376874700, 'ax': -0.7, 'ay': 0.19, 'az': 0.24, 'gx': 30.7, 'gy': -25.27, 'gz': 10.2}, {'t_us': 376894277, 'ax': -0.52, 'ay': 0.11, 'az': 0.26, 'gx': 17.97, 'gy': -10.85, 'gz': 17.92}, {'t_us': 376914281, 'ax': -0.42, 'ay': -0.01, 'az': 0.22, 'gx': 7.47, 'gy': -4.7, 'gz': 24.26}, {'t_us': 376934274, 'ax': -0.35, 'ay': -0.06, 'az': 0.16, 'gx': 6.53, 'gy': -7.31, 'gz': 24.4}]",2026-02-18 09:43:29,0.0
"[{'t_us': 376960461, 'ax': -0.28, 'ay': 0.0, 'az': 0.06, 'gx': 12.66, 'gy': -12.56, 'gz': 13.95}, {'t_us': 376974283, 'ax': -0.27, 'ay': 0.09, 'az': -0.01, 'gx': 12.4, 'gy': -5.37, 'gz': 4.52}, {'t_us': 376994303, 'ax': -0.35, 'ay': 0.18, 'az': -0.05, 'gx': 11.37, 'gy': 9.11, 'gz': -10.02}, {'t_us': 377014281, 'ax': -0.47, 'ay': 0.23, 'az': -0.05, 'gx': 9.76, 'gy': -6.53, 'gz': -20.05}, {'t_us': 377034288, 'ax': -0.4, 'ay': 0.26, 'az': -0.11, 'gx': 6.15, 'gy': -20.2, 'gz': -27.11}]",2026-02-18 09:43:29,0.0
"[{'t_us': 377058944, 'ax': -0.5, 'ay': 0.12, 'az': -0.31, 'gx': 11.27, 'gy': -13.48, 'gz': -34.84}, {'t_us': 377074262, 'ax': -0.69, 'ay': -0.09, 'az': -0.18, 'gx': 24.61, 'gy': 8.02, 'gz': -34.64}, {'t_us': 377094291, 'ax': -1.12, 'ay': -0.5, 'az': 0.24, 'gx': 45.77, 'gy': 28.08, 'gz': -19.74}, {'t_us': 377114303, 'ax': -1.93, 'ay': -0.65, 'az': 0.94, 'gx': 48.49, 'gy': 34.82, 'gz': 4.53}, {'t_us': 377134296, 'ax': -1.9, 'ay': -0.32, 'az': 0.28, 'gx': 22.35, 'gy': 42.09, 'gz': 6.7}]",2026-02-18 09:43:29,0.0
"[{'t_us': 377160249, 'ax': -1.43, 'ay': 0.27, 'az': 0.07, 'gx': 35.39, 'gy': -9.98, 'gz': -3.74}, {'t_us': 377174308, 'ax': -1.19, 'ay': 0.48, 'az': 0.42, 'gx': 37.73, 'gy': -0.49, 'gz': -8.7}, {'t_us': 377194312, 'ax': -1.34, 'ay': 0.62, 'az': 0.56, 'gx': 33.33, 'gy': 27.33, 'gz': -19.79}, {'t_us': 377214300, 'ax': -1.44, 'ay': 0.51, 'az': 0.47, 'gx': 24.92, 'gy': 36.47, 'gz': -28.46}, {'t_us': 377234321, 'ax': -1.49, 'ay': 0.15, 'az': 0.25, 'gx': -1.02, 'gy': 18.99, 'gz': -29.88}]",2026-02-18 09:43:29,0.0
"[{'t_us': 377260325, 'ax': -1.33, 'ay': -0.09, 'az': 0.16, 'gx': -30.11, 'gy': -15.31, 'gz': -17.51}, {'t_us': 377274260, 'ax': -1.13, 'ay': -0.17, 'az': 0.15, 'gx': -35.83, 'gy': -18.27, 'gz': -12.72}, {'t_us': 377294296, 'ax': -0.87, 'ay': -0.25, 'az': 0.15, 'gx': -30.11, 'gy': -10.81, 'gz': -9.94}, {'t_us': 377314255, 'ax': -0.67, 'ay': -0.22, 'az': 0.14, 'gx': -16.08, 'gy': -7.05, 'gz': -15.68}, {'t_us': 377334288, 'ax': -0.48, 'ay': -0.15, 'az': 0.13, 'gx': -5.11, 'gy': 0.2, 'gz': -22.02}]",2026-02-18 09:43:29,0.0
"[{'t_us': 377358846, 'ax': -0.29, 'ay': -0.12, 'az': 0.08, 'gx': -1.63, 'gy': -5.3, 'gz': -16.11}, {'t_us': 377374262, 'ax': -0.22, 'ay': -0.06, 'az': 0.02, 'gx': -1.13, 'gy': -10.18, 'gz': -2.31}, {'t_us': 377394277, 'ax': -0.22, 'ay': -0.01, 'az': -0.02, 'gx': -6.61, 'gy': -12.46, 'gz': 13.07}, {'t_us': 377414277, 'ax': -0.19, 'ay': 0.01, 'az': -0.13, 'gx': -15.97, 'gy': -15.68, 'gz': 27.6}, {'t_us': 377434300, 'ax': -0.15, 'ay': 0.05, 'az': -0.26, 'gx': -24.84, 'gy': -10.2, 'gz': 36.72}]",2026-02-18 09:43:29,0.0
"[{'t_us': 377458870, 'ax': -0.46, 'ay': 0.24, 'az': -0.21, 'gx': -41.21, 'gy': -2.75, 'gz': 38.64}, {'t_us': 377474338, 'ax': -0.83, 'ay': 0.45, 'az': -0.1, 'gx': -52.38, 'gy': -3.22, 'gz': 25.74}, {'t_us': 377494281, 'ax': -1.36, 'ay': 0.72, 'az': 0.31, 'gx': -57.83, 'gy': -7.18, 'gz': 0.27}, {'t_us': 377514312, 'ax': -2.0, 'ay': 0.78, 'az': 0.76, 'gx': -41.18, 'gy': -18.08, 'gz': -36.72}, {'t_us': 377534303, 'ax': -1.66, 'ay': 0.31, 'az': 0.56, 'gx': -26.23, 'gy': 10.73, 'gz': -39.31}]",2026-02-18 09:43:29,0.0
"[{'t_us': 377560712, 'ax': -0.98, 'ay': -0.43, 'az': 0.4, 'gx': -36.02, 'gy': -28.61, 'gz': -8.14}, {'t_us': 377574322, 'ax': -0.73, 'ay': -0.5, 'az': 0.51, 'gx': -26.56, 'gy': -20.82, 'gz': 3.15}, {'t_us': 377594312, 'ax': -0.6, 'ay': -0.6, 'az': 0.5, 'gx': -8.98, 'gy': 23.1, 'gz': 17.13}, {'t_us': 377614296, 'ax': -0.92, 'ay': -0.29, 'az': 0.35, 'gx': -4.09, 'gy': 62.92, 'gz': 32.37}, {'t_us': 377634272, 'ax': -1.32, 'ay': 0.14, 'az': 0.24, 'gx': -4.29, 'gy': 67.86, 'gz': 32.67}]",2026-02-18 09:43:29,0.0
"[{'t_us': 377659148, 'ax': -1.52, 'ay': 0.48, 'az': 0.07, 'gx': 1.69, 'gy': 32.24, 'gz': 6.12}, {'t_us': 377674324, 'ax': -1.32, 'ay': 0.41, 'az': 0.07, 'gx': 4.12, 'gy': 10.27, 'gz': -4.2}, {'t_us': 377694300, 'ax': -0.92, 'ay': 0.25, 'az': 0.16, 'gx': 3.73, 'gy': -12.18, 'gz': -1.02}, {'t_us': 377714281, 'ax': -0.67, 'ay': 0.18, 'az': 0.31, 'gx': 2.08, 'gy': -5.31, 'gz': 1.44}, {'t_us': 377734277, 'ax': -0.63, 'ay': 0.11, 'az': 0.29, 'gx': -7.47, 'gy': -2.18, 'gz': 2.67}]",2026-02-18 09:43:29,0.0
"[{'t_us': 377758809, 'ax': -0.58, 'ay': 0.07, 'az': 0.15, 'gx': -22.5, 'gy': -11.16, 'gz': 0.15}, {'t_us': 377774316, 'ax': -0.5, 'ay': 0.1, 'az': 0.03, 'gx': -28.06, 'gy': -12.31, 'gz': -1.39}, {'t_us': 377794312, 'ax': -0.47, 'ay': 0.14, 'az': -0.06, 'gx': -26.29, 'gy': -13.51, 'gz': -4.64}, {'t_us': 377814277, 'ax': -0.38, 'ay': 0.12, 'az': -0.16, 'gx': -13.85, 'gy': -18.64, 'gz': -10.92}, {'t_us': 377834277, 'ax': -0.43, 'ay': 0.12, 'az': -0.21, 'gx': 2.73, 'gy': -14.09, 'gz': -16.56}]",2026-02-18 09:43:30,0.0
"[{'t_us': 377860346, 'ax': -0.41, 'ay': -0.17, 'az': -0.15, 'gx': 24.35, 'gy': -25.57, 'gz': -14.43}, {'t_us': 377874292, 'ax': -0.49, 'ay': -0.25, 'az': -0.07, 'gx': 32.5, 'gy': -14.89, 'gz': -7.25}, {'t_us': 377894296, 'ax': -0.74, 'ay': -0.43, 'az': 0.09, 'gx': 36.24, 'gy': -4.52, 'gz': 7.86}, {'t_us': 377914291, 'ax': -1.02, 'ay': -0.44, 'az': 0.51, 'gx': 24.6, 'gy': 19.16, 'gz': 32.0}, {'t_us': 377934262, 'ax': -1.55, 'ay': -0.02, 'az': 0.68, 'gx': -3.24, 'gy': 55.37, 'gz': 38.95}]",2026-02-18 09:43:30,0.0
"[{'t_us': 377958832, 'ax': -2.0, 'ay': 0.72, 'az': 0.42, 'gx': -22.66, 'gy': 27.27, 'gz': 9.66}, {'t_us': 377974291, 'ax': -1.57, 'ay': 0.52, 'az': 0.39, 'gx': -24.75, 'gy': 6.96, 'gz': 0.18}, {'t_us': 377994321, 'ax': -1.45, 'ay': 0.32, 'az': 0.46, 'gx': -23.86, 'gy': 13.01, 'gz': -8.21}, {'t_us': 378014281, 'ax': -1.44, 'ay': 0.17, 'az': 0.42, 'gx': -24.4, 'gy': 16.31, 'gz': -23.98}, {'t_us': 378034309, 'ax': -1.35, 'ay': -0.02, 'az': 0.35, 'gx': -28.37, 'gy': 18.49, 'gz': -35.91}]",2026-02-18 09:43:30,0.0
"[{'t_us': 378059020, 'ax': -1.11, 'ay': -0.17, 'az': 0.29, 'gx': -38.12, 'gy': 20.56, 'gz': -32.38}, {'t_us': 378074303, 'ax': -0.96, 'ay': -0.13, 'az': 0.28, 'gx': -43.82, 'gy': 20.78, 'gz': -26.49}, {'t_us': 378094262, 'ax': -0.84, 'ay': -0.08, 'az': 0.19, 'gx': -44.53, 'gy': 22.26, 'gz': -21.39}, {'t_us': 378114308, 'ax': -0.76, 'ay': 0.01, 'az': 0.14, 'gx': -39.63, 'gy': 25.04, 'gz': -15.07}, {'t_us': 378134288, 'ax': -0.66, 'ay': 0.08, 'az': 0.12, 'gx': -39.01, 'gy': 19.95, 'gz': -9.08}]",2026-02-18 09:43:30,0.0
"[{'t_us': 378160524, 'ax': -0.5, 'ay': 0.04, 'az': 0.03, 'gx': -43.22, 'gy': 0.76, 'gz': 7.5}, {'t_us': 378174300, 'ax': -0.41, 'ay': -0.0, 'az': -0.0, 'gx': -44.75, 'gy': -9.31, 'gz': 19.36}, {'t_us': 378194262, 'ax': -0.32, 'ay': 0.06, 'az': 0.03, 'gx': -51.76, 'gy': -12.87, 'gz': 26.27}, {'t_us': 378214308, 'ax': -0.2, 'ay': -0.02, 'az': -0.06, 'gx': -60.87, 'gy': -9.53, 'gz': 32.15}, {'t_us': 378234291, 'ax': -0.25, 'ay': -0.05, 'az': -0.17, 'gx': -65.07, 'gy': -3.37, 'gz': 35.82}]",2026-02-18 09:43:30,0.0
"[{'t_us': 378260248, 'ax': -0.52, 'ay': 0.14, 'az': -0.12, 'gx': -61.89, 'gy': -9.54, 'gz': 35.94}, {'t_us': 378274291, 'ax': -0.74, 'ay': 0.36, 'az': 0.07, 'gx': -63.25, 'gy': -2.05, 'gz': 29.01}, {'t_us': 378294281, 'ax': -1.19, 'ay': 0.64, 'az': 0.34, 'gx': -65.83, 'gy': 5.4, 'gz': 17.73}, {'t_us': 378314308, 'ax': -1.92, 'ay': 0.59, 'az': 0.64, 'gx': -62.58, 'gy': -4.7, 'gz': 0.76}, {'t_us': 378334300, 'ax': -1.74, 'ay': 0.02, 'az': 0.37, 'gx': -69.34, 'gy': 8.02, 'gz': -2.46}]",2026-02-18 09:43:30,0.0
"[{'t_us': 378358811, 'ax': -1.13, 'ay': -0.21, 'az': 0.25, 'gx': -73.3, 'gy': -11.63, 'gz': 10.75}, {'t_us': 378374255, 'ax': -0.88, 'ay': -0.31, 'az': 0.27, 'gx': -61.65, 'gy': -0.81, 'gz': 18.29}, {'t_us': 378394277, 'ax': -0.95, 'ay': -0.22, 'az': 0.33, 'gx': -45.77, 'gy': 26.18, 'gz': 26.9}, {'t_us': 378414303, 'ax': -1.11, 'ay': -0.06, 'az': 0.24, 'gx': -41.48, 'gy': 44.29, 'gz': 34.41}, {'t_us': 378434255, 'ax': -1.33, 'ay': 0.23, 'az': 0.15, 'gx': -39.97, 'gy': 40.49, 'gz': 33.15}]",2026-02-18 09:43:30,0.0
"[{'t_us': 378459105, 'ax': -1.33, 'ay': 0.46, 'az': 0.14, 'gx': -38.66, 'gy': 20.0, 'gz': 13.59}, {'t_us': 378474321, 'ax': -1.14, 'ay': 0.37, 'az': 0.12, 'gx': -38.38, 'gy': 4.21, 'gz': 6.21}, {'t_us': 378494296, 'ax': -0.85, 'ay': 0.23, 'az': 0.16, 'gx': -36.73, 'gy': -4.5, 'gz': 8.58}, {'t_us': 378514296, 'ax': -0.69, 'ay': 0.15, 'az': 0.19, 'gx': -37.39, 'gy': -0.46, 'gz': 15.3}, {'t_us': 378534281, 'ax': -0.64, 'ay': 0.06, 'az': 0.15, 'gx': -41.59, 'gy': -2.35, 'gz': 17.77}]",2026-02-18 09:43:30,0.0
"[{'t_us': 378560622, 'ax': -0.54, 'ay': 0.01, 'az': 0.04, 'gx': -46.29, 'gy': -12.6, 'gz': 13.65}, {'t_us': 378574296, 'ax': -0.48, 'ay': 0.0, 'az': -0.04, 'gx': -44.06, 'gy': -20.9, 'gz': 8.56}, {'t_us': 378594291, 'ax': -0.37, 'ay': 0.05, 'az': -0.12, 'gx': -34.73, 'gy': -28.81, 'gz': -2.61}, {'t_us': 378614291, 'ax': -0.34, 'ay': 0.05, 'az': -0.16, 'gx': -22.02, 'gy': -32.2, 'gz': -7.91}, {'t_us': 378634296, 'ax': -0.32, 'ay': -0.06, 'az': -0.15, 'gx': -6.09, 'gy': -36.79, 'gz': -12.75}]",2026-02-18 09:43:30,0.0
"[{'t_us': 378660703, 'ax': -0.47, 'ay': -0.2, 'az': -0.04, 'gx': 7.31, 'gy': -18.09, 'gz': -17.91}, {'t_us': 378674305, 'ax': -0.68, 'ay': -0.25, 'az': 0.08, 'gx': 7.1, 'gy': -13.18, 'gz': -11.27}, {'t_us': 378694312, 'ax': -0.91, 'ay': -0.27, 'az': 0.3, 'gx': 1.28, 'gy': -7.92, 'gz': 12.73}, {'t_us': 378714277, 'ax': -1.59, 'ay': 0.27, 'az': 0.6, 'gx': -17.8, 'gy': 26.27, 'gz': 37.79}, {'t_us': 378734291, 'ax': -2.0, 'ay': 0.55, 'az': 0.35, 'gx': -44.27, 'gy': 40.58, 'gz': 24.56}]",2026-02-18 09:43:30,0.0
"[{'t_us': 378759448, 'ax': -1.71, 'ay': 0.4, 'az': 0.2, 'gx': -58.49, 'gy': -7.71, 'gz': 16.85}, {'t_us': 378774291, 'ax': -1.54, 'ay': 0.28, 'az': 0.37, 'gx': -65.98, 'gy': -5.42, 'gz': 12.63}, {'t_us': 378794291, 'ax': -1.4, 'ay': 0.13, 'az': 0.48, 'gx': -67.47, 'gy': -0.84, 'gz': 2.81}, {'t_us': 378814321, 'ax': -1.26, 'ay': -0.03, 'az': 0.46, 'gx': -58.4, 'gy': 14.73, 'gz': -11.57}, {'t_us': 378834321, 'ax': -1.11, 'ay': -0.05, 'az': 0.48, 'gx': -55.24, 'gy': 29.22, 'gz': -18.6}]",2026-02-18 09:43:31,0.0
"[{'t_us': 378860590, 'ax': -0.87, 'ay': -0.03, 'az': 0.34, 'gx': -62.17, 'gy': 42.89, 'gz': -11.66}, {'t_us': 378874316, 'ax': -0.78, 'ay': 0.01, 'az': 0.23, 'gx': -64.84, 'gy': 42.14, 'gz': -3.69}, {'t_us': 378894271, 'ax': -0.75, 'ay': 0.07, 'az': 0.11, 'gx': -68.95, 'gy': 36.2, 'gz': 4.06}, {'t_us': 378914277, 'ax': -0.66, 'ay': -0.01, 'az': 0.03, 'gx': -69.31, 'gy': 17.86, 'gz': 6.75}, {'t_us': 378934303, 'ax': -0.55, 'ay': 0.0, 'az': 0.02, 'gx': -68.02, 'gy': 3.79, 'gz': 13.8}]",2026-02-18 09:43:31,0.0
"[{'t_us': 378960578, 'ax': -0.42, 'ay': 0.02, 'az': 0.03, 'gx': -63.4, 'gy': -18.29, 'gz': 19.97}, {'t_us': 378974312, 'ax': -0.31, 'ay': -0.05, 'az': 0.03, 'gx': -61.97, 'gy': -25.79, 'gz': 22.17}, {'t_us': 378994300, 'ax': -0.19, 'ay': -0.07, 'az': 0.01, 'gx': -59.8, 'gy': -29.37, 'gz': 30.2}, {'t_us': 379014255, 'ax': -0.15, 'ay': -0.04, 'az': -0.02, 'gx': -60.61, 'gy': -29.77, 'gz': 41.18}, {'t_us': 379034277, 'ax': -0.16, 'ay': 0.02, 'az': -0.03, 'gx': -65.63, 'gy': -19.86, 'gz': 57.59}]",2026-02-18 09:43:31,0.0
"[{'t_us': 379059234, 'ax': -0.59, 'ay': 0.24, 'az': 0.01, 'gx': -81.66, 'gy': -11.02, 'gz': 69.44}, {'t_us': 379074297, 'ax': -0.93, 'ay': 0.59, 'az': 0.26, 'gx': -95.31, 'gy': 1.27, 'gz': 58.93}, {'t_us': 379094284, 'ax': -1.35, 'ay': 0.77, 'az': 0.29, 'gx': -119.73, 'gy': 24.27, 'gz': 38.96}, {'t_us': 379114300, 'ax': -1.83, 'ay': 0.64, 'az': 0.27, 'gx': -116.63, 'gy': 31.19, 'gz': 23.3}, {'t_us': 379134298, 'ax': -2.0, 'ay': 0.17, 'az': 0.12, 'gx': -94.2, 'gy': 27.42, 'gz': 5.45}]",2026-02-18 09:43:31,0.0
"[{'t_us': 379158856, 'ax': -1.45, 'ay': -0.25, 'az': 0.05, 'gx': -68.64, 'gy': 6.4, 'gz': 1.07}, {'t_us': 379174291, 'ax': -1.23, 'ay': -0.37, 'az': 0.19, 'gx': -47.92, 'gy': -1.53, 'gz': 4.73}, {'t_us': 379194308, 'ax': -1.07, 'ay': -0.45, 'az': 0.38, 'gx': -31.79, 'gy': 9.25, 'gz': 16.64}, {'t_us': 379214277, 'ax': -1.07, 'ay': -0.18, 'az': 0.5, 'gx': -36.47, 'gy': 25.62, 'gz': 35.62}, {'t_us': 379234281, 'ax': -1.12, 'ay': 0.11, 'az': 0.43, 'gx': -43.45, 'gy': 21.18, 'gz': 44.31}]",2026-02-18 09:43:31,0.0
"[{'t_us': 379261741, 'ax': -1.13, 'ay': 0.43, 'az': 0.29, 'gx': -30.9, 'gy': 8.29, 'gz': 30.23}, {'t_us': 379274277, 'ax': -1.03, 'ay': 0.4, 'az': 0.27, 'gx': -25.13, 'gy': 7.33, 'gz': 19.21}, {'t_us': 379294303, 'ax': -0.83, 'ay': 0.25, 'az': 0.2, 'gx': -19.25, 'gy': 7.28, 'gz': 11.34}, {'t_us': 379314303, 'ax': -0.7, 'ay': 0.16, 'az': 0.21, 'gx': -21.22, 'gy': 0.79, 'gz': 8.27}, {'t_us': 379334271, 'ax': -0.57, 'ay': 0.08, 'az': 0.23, 'gx': -30.61, 'gy': -9.1, 'gz': 4.67}]",2026-02-18 09:43:31,0.0
"[{'t_us': 379362013, 'ax': -0.39, 'ay': 0.02, 'az': 0.11, 'gx': -39.07, 'gy': -8.31, 'gz': -0.26}, {'t_us': 379374308, 'ax': -0.4, 'ay': 0.07, 'az': 0.04, 'gx': -38.47, 'gy': -12.05, 'gz': -2.66}, {'t_us': 379394281, 'ax': -0.21, 'ay': 0.13, 'az': -0.09, 'gx': -32.08, 'gy': -17.31, 'gz': -5.62}, {'t_us': 379414308, 'ax': -0.28, 'ay': 0.1, 'az': -0.21, 'gx': -20.93, 'gy': -15.21, 'gz': -11.34}, {'t_us': 379434277, 'ax': -0.53, 'ay': 0.01, 'az': -0.3, 'gx': -5.3, 'gy': -14.0, 'gz': -16.66}]",2026-02-18 09:43:31,0.0
"[{'t_us': 379459407, 'ax': -0.78, 'ay': -0.27, 'az': -0.24, 'gx': 23.45, 'gy': -17.34, 'gz': -8.11}, {'t_us': 379474321, 'ax': -1.03, 'ay': -0.34, 'az': 0.0, 'gx': 31.6, 'gy': -14.34, 'gz': 2.34}, {'t_us': 379494271, 'ax': -1.37, 'ay': -0.54, 'az': 0.37, 'gx': 34.44, 'gy': 4.72, 'gz': 17.79}, {'t_us': 379514277, 'ax': -1.57, 'ay': -0.31, 'az': 0.48, 'gx': 23.91, 'gy': 20.69, 'gz': 19.65}, {'t_us': 379534303, 'ax': -1.38, 'ay': 0.06, 'az': 0.31, 'gx': 20.7, 'gy': 10.2, 'gz': 12.79}]",2026-02-18 09:43:31,0.0
"[{'t_us': 379560734, 'ax': -1.08, 'ay': 0.38, 'az': 0.45, 'gx': 28.5, 'gy': -0.37, 'gz': -3.66}, {'t_us': 379574266, 'ax': -1.04, 'ay': 0.49, 'az': 0.54, 'gx': 25.07, 'gy': 12.18, 'gz': -10.08}, {'t_us': 379594271, 'ax': -1.18, 'ay': 0.55, 'az': 0.55, 'gx': 11.45, 'gy': 27.25, 'gz': -20.81}, {'t_us': 379614277, 'ax': -1.3, 'ay': 0.43, 'az': 0.49, 'gx': -9.92, 'gy': 25.77, 'gz': -28.52}, {'t_us': 379634300, 'ax': -1.32, 'ay': 0.16, 'az': 0.32, 'gx': -33.37, 'gy': 12.35, 'gz': -32.92}]",2026-02-18 09:43:31,0.0
"[{'t_us': 379658953, 'ax': -1.13, 'ay': -0.17, 'az': 0.23, 'gx': -41.89, 'gy': 4.21, 'gz': -27.25}, {'t_us': 379674320, 'ax': -1.0, 'ay': -0.29, 'az': 0.22, 'gx': -38.56, 'gy': 7.3, 'gz': -21.28}, {'t_us': 379694303, 'ax': -0.88, 'ay': -0.34, 'az': 0.18, 'gx': -29.05, 'gy': 9.08, 'gz': -17.31}, {'t_us': 379714303, 'ax': -0.78, 'ay': -0.31, 'az': 0.19, 'gx': -19.25, 'gy': 11.31, 'gz': -14.11}, {'t_us': 379734296, 'ax': -0.71, 'ay': -0.21, 'az': 0.2, 'gx': -14.7, 'gy': 10.26, 'gz': -9.6}]",2026-02-18 09:43:31,0.0
"[{'t_us': 379760630, 'ax': -0.5, 'ay': -0.13, 'az': 0.05, 'gx': -10.66, 'gy': -2.93, 'gz': 3.07}, {'t_us': 379774303, 'ax': -0.43, 'ay': -0.12, 'az': 0.01, 'gx': -6.08, 'gy': -10.56, 'gz': 12.99}, {'t_us': 379794321, 'ax': -0.37, 'ay': -0.04, 'az': -0.06, 'gx': -5.27, 'gy': -13.56, 'gz': 19.83}, {'t_us': 379814281, 'ax': -0.39, 'ay': 0.0, 'az': -0.08, 'gx': -11.77, 'gy': -7.91, 'gz': 21.48}, {'t_us': 379834308, 'ax': -0.49, 'ay': 0.14, 'az': -0.05, 'gx': -21.92, 'gy': -3.5, 'gz': 14.41}]",2026-02-18 09:43:32,0.0
"[{'t_us': 379859549, 'ax': -0.7, 'ay': 0.42, 'az': 0.07, 'gx': -32.31, 'gy': -10.55, 'gz': 9.47}, {'t_us': 379874303, 'ax': -0.82, 'ay': 0.64, 'az': 0.21, 'gx': -40.31, 'gy': -16.27, 'gz': 3.6}, {'t_us': 379894291, 'ax': -1.11, 'ay': 0.76, 'az': 0.36, 'gx': -45.45, 'gy': -28.27, 'gz': -5.27}, {'t_us': 379914304, 'ax': -1.24, 'ay': 0.45, 'az': 0.53, 'gx': -45.71, 'gy': -10.5, 'gz': -8.79}, {'t_us': 379934316, 'ax': -1.41, 'ay': -0.06, 'az': 0.44, 'gx': -50.69, 'gy': 22.41, 'gz': -6.69}]",2026-02-18 09:43:32,
"[{'t_us': 379958841, 'ax': -1.26, 'ay': -0.4, 'az': 0.33, 'gx': -30.24, 'gy': 19.19, 'gz': 7.15}, {'t_us': 379974303, 'ax': -1.22, 'ay': -0.36, 'az': 0.34, 'gx': -29.28, 'gy': 15.16, 'gz': 14.61}, {'t_us': 379994321, 'ax': -1.16, 'ay': -0.16, 'az': 0.27, 'gx': -31.54, 'gy': 21.15, 'gz': 30.29}, {'t_us': 380014281, 'ax': -1.22, 'ay': 0.09, 'az': 0.27, 'gx': -32.63, 'gy': 21.8, 'gz': 36.78}, {'t_us': 380034291, 'ax': -1.14, 'ay': 0.28, 'az': 0.29, 'gx': -31.33, 'gy': 16.41, 'gz': 31.47}]",2026-02-18 09:43:32,0.0
"[{'t_us': 380058969, 'ax': -0.92, 'ay': 0.33, 'az': 0.24, 'gx': -27.47, 'gy': 8.41, 'gz': 19.3}, {'t_us': 380074257, 'ax': -0.79, 'ay': 0.27, 'az': 0.25, 'gx': -24.55, 'gy': 8.6, 'gz': 16.08}, {'t_us': 380094263, 'ax': -0.71, 'ay': 0.21, 'az': 0.24, 'gx': -27.21, 'gy': 13.44, 'gz': 12.61}, {'t_us': 380114296, 'ax': -0.66, 'ay': 0.13, 'az': 0.18, 'gx': -32.02, 'gy': 15.73, 'gz': 11.44}, {'t_us': 380134262, 'ax': -0.66, 'ay': 0.11, 'az': 0.11, 'gx': -38.38, 'gy': 8.24, 'gz': 7.3}]",2026-02-18 09:43:32,0.0
"[{'t_us': 380158754, 'ax': -0.61, 'ay': 0.1, 'az': 0.01, 'gx': -42.56, 'gy': -2.43, 'gz': -0.44}, {'t_us': 380174319, 'ax': -0.5, 'ay': 0.13, 'az': -0.07, 'gx': -39.66, 'gy': -8.93, 'gz': -4.43}, {'t_us': 380194255, 'ax': -0.54, 'ay': 0.1, 'az': -0.06, 'gx': -29.8, 'gy': -9.33, 'gz': -14.99}, {'t_us': 380214288, 'ax': -0.55, 'ay': 0.05, 'az': -0.06, 'gx': -17.18, 'gy': -15.15, 'gz': -25.89}, {'t_us': 380234308, 'ax': -0.55, 'ay': -0.06, 'az': -0.15, 'gx': -4.99, 'gy': -13.76, 'gz': -32.98}]",2026-02-18 09:43:32,0.0
"[{'t_us': 380260534, 'ax': -0.8, 'ay': -0.33, 'az': -0.04, 'gx': 7.91, 'gy': -3.36, 'gz': -26.03}, {'t_us': 380274297, 'ax': -0.99, 'ay': -0.4, 'az': 0.14, 'gx': 12.64, 'gy': -5.16, 'gz': -6.0}, {'t_us': 380294291, 'ax': -1.47, 'ay': -0.29, 'az': 0.52, 'gx': 5.45, 'gy': 5.02, 'gz': 32.14}, {'t_us': 380314291, 'ax': -1.69, 'ay': 0.08, 'az': 0.37, 'gx': -18.84, 'gy': 9.16, 'gz': 43.4}, {'t_us': 380334321, 'ax': -1.45, 'ay': 0.37, 'az': 0.23, 'gx': -34.7, 'gy': -16.41, 'gz': 30.12}]",2026-02-18 09:43:32,0.0
"[{'t_us': 380358828, 'ax': -0.94, 'ay': 0.47, 'az': 0.34, 'gx': -47.91, 'gy': -10.7, 'gz': 20.63}, {'t_us': 380374300, 'ax': -1.01, 'ay': 0.44, 'az': 0.42, 'gx': -56.17, 'gy': 5.33, 'gz': 15.95}, {'t_us': 380394281, 'ax': -1.12, 'ay': 0.31, 'az': 0.41, 'gx': -61.16, 'gy': 13.13, 'gz': 12.66}, {'t_us': 380414308, 'ax': -1.17, 'ay': 0.26, 'az': 0.36, 'gx': -83.68, 'gy': 18.9, 'gz': 11.95}, {'t_us': 380434277, 'ax': -1.28, 'ay': 0.19, 'az': 0.26, 'gx': -108.75, 'gy': 17.68, 'gz': 14.76}]",2026-02-18 09:43:32,0.0
"[{'t_us': 380460189, 'ax': -1.13, 'ay': 0.11, 'az': 0.2, 'gx': -124.76, 'gy': 9.04, 'gz': 16.84}, {'t_us': 380476967, 'ax': -0.98, 'ay': 0.08, 'az': 0.16, 'gx': -127.16, 'gy': 6.84, 'gz': 15.76}, {'t_us': 380494308, 'ax': -0.84, 'ay': 0.04, 'az': 0.16, 'gx': -126.44, 'gy': 4.76, 'gz': 14.95}, {'t_us': 380514277, 'ax': -0.72, 'ay': -0.02, 'az': 0.15, 'gx': -126.35, 'gy': 5.68, 'gz': 16.89}, {'t_us': 380534271, 'ax': -0.64, 'ay': -0.03, 'az': 0.16, 'gx': -129.13, 'gy': 6.09, 'gz': 22.75}]",2026-02-18 09:43:32,0.0
"[{'t_us': 380560520, 'ax': -0.56, 'ay': 0.01, 'az': 0.11, 'gx': -138.32, 'gy': -0.84, 'gz': 36.78}, {'t_us': 380574318, 'ax': -0.53, 'ay': 0.04, 'az': 0.05, 'gx': -141.25, 'gy': -4.72, 'gz': 42.61}, {'t_us': 380594281, 'ax': -0.55, 'ay': 0.04, 'az': -0.0, 'gx': -139.62, 'gy': -12.82, 'gz': 50.46}, {'t_us': 380614308, 'ax': -0.65, 'ay': -0.04, 'az': -0.02, 'gx': -135.83, 'gy': -18.53, 'gz': 49.56}, {'t_us': 380634300, 'ax': -0.61, 'ay': -0.09, 'az': 0.02, 'gx': -131.22, 'gy': -16.35, 'gz': 45.4}]",2026-02-18 09:43:32,0.0
"[{'t_us': 380658374, 'ax': -0.64, 'ay': -0.06, 'az': 0.1, 'gx': -131.56, 'gy': -10.56, 'gz': 45.53}, {'t_us': 380674291, 'ax': -0.77, 'ay': 0.11, 'az': 0.12, 'gx': -135.3, 'gy': -2.92, 'gz': 47.47}, {'t_us': 380694286, 'ax': -1.0, 'ay': 0.4, 'az': 0.18, 'gx': -138.4, 'gy': -6.44, 'gz': 47.05}, {'t_us': 380714312, 'ax': -1.22, 'ay': 0.44, 'az': 0.22, 'gx': -134.75, 'gy': -13.6, 'gz': 40.17}, {'t_us': 380734308, 'ax': -1.28, 'ay': 0.31, 'az': 0.29, 'gx': -127.94, 'gy': -12.44, 'gz': 29.76}]",2026-02-18 09:43:32,0.0
"[{'t_us': 380759089, 'ax': -1.19, 'ay': -0.04, 'az': 0.24, 'gx': -113.27, 'gy': 6.66, 'gz': 22.64}, {'t_us': 380774267, 'ax': -1.2, 'ay': -0.16, 'az': 0.26, 'gx': -103.65, 'gy': 10.29, 'gz': 26.37}, {'t_us': 380794303, 'ax': -1.16, 'ay': -0.23, 'az': 0.21, 'gx': -93.31, 'gy': 17.86, 'gz': 33.13}, {'t_us': 380814303, 'ax': -1.19, 'ay': -0.03, 'az': 0.21, 'gx': -88.84, 'gy': 29.02, 'gz': 38.98}, {'t_us': 380834324, 'ax': -1.17, 'ay': 0.13, 'az': 0.14, 'gx': -87.16, 'gy': 27.44, 'gz': 39.8}]",2026-02-18 09:43:33,0.0
"[{'t_us': 380858987, 'ax': -1.06, 'ay': 0.25, 'az': 0.06, 'gx': -81.34, 'gy': 19.86, 'gz': 30.26}, {'t_us': 380874304, 'ax': -0.95, 'ay': 0.25, 'az': 0.04, 'gx': -78.03, 'gy': 13.74, 'gz': 25.19}, {'t_us': 380894317, 'ax': -0.82, 'ay': 0.22, 'az': -0.0, 'gx': -75.31, 'gy': 7.68, 'gz': 20.85}, {'t_us': 380914308, 'ax': -0.71, 'ay': 0.14, 'az': -0.05, 'gx': -73.86, 'gy': 8.5, 'gz': 18.35}, {'t_us': 380934277, 'ax': -0.71, 'ay': 0.07, 'az': 0.01, 'gx': -69.08, 'gy': 10.75, 'gz': 14.79}]",2026-02-18 09:43:33,0.0
"[{'t_us': 380958957, 'ax': -0.67, 'ay': 0.0, 'az': 0.03, 'gx': -63.88, 'gy': 15.1, 'gz': 5.4}, {'t_us': 380974271, 'ax': -0.62, 'ay': -0.12, 'az': -0.04, 'gx': -57.94, 'gy': 13.5, 'gz': -2.14}, {'t_us': 380994288, 'ax': -0.51, 'ay': -0.28, 'az': -0.1, 'gx': -44.92, 'gy': 20.05, 'gz': -9.3}, {'t_us': 381014308, 'ax': -0.48, 'ay': -0.46, 'az': -0.06, 'gx': -30.12, 'gy': 26.92, 'gz': -9.21}, {'t_us': 381034308, 'ax': -0.66, 'ay': -0.37, 'az': 0.14, 'gx': -27.53, 'gy': 43.28, 'gz': 1.6}]",2026-02-18 09:43:33,0.0
"[{'t_us': 381058984, 'ax': -0.98, 'ay': 0.03, 'az': 0.48, 'gx': -48.06, 'gy': 52.64, 'gz': 32.29}, {'t_us': 381074291, 'ax': -1.31, 'ay': 0.16, 'az': 0.57, 'gx': -65.74, 'gy': 29.25, 'gz': 44.99}, {'t_us': 381094316, 'ax': -1.36, 'ay': 0.11, 'az': 0.35, 'gx': -72.7, 'gy': 9.47, 'gz': 41.97}, {'t_us': 381114262, 'ax': -1.37, 'ay': 0.03, 'az': 0.25, 'gx': -62.66, 'gy': -2.96, 'gz': 26.78}, {'t_us': 381134296, 'ax': -1.28, 'ay': -0.21, 'az': 0.32, 'gx': -47.45, 'gy': -13.68, 'gz': 0.61}]",2026-02-18 09:43:33,0.0
"[{'t_us': 381161000, 'ax': -1.06, 'ay': -0.37, 'az': 0.35, 'gx': -26.41, 'gy': -2.87, 'gz': -15.15}, {'t_us': 381174300, 'ax': -1.04, 'ay': -0.43, 'az': 0.29, 'gx': -22.98, 'gy': 1.77, 'gz': -14.03}, {'t_us': 381194281, 'ax': -1.0, 'ay': -0.43, 'az': 0.25, 'gx': -21.11, 'gy': -5.91, 'gz': -4.21}, {'t_us': 381214300, 'ax': -0.89, 'ay': -0.29, 'az': 0.25, 'gx': -21.16, 'gy': -9.37, 'gz': 9.01}, {'t_us': 381234271, 'ax': -0.85, 'ay': -0.14, 'az': 0.18, 'gx': -21.69, 'gy': -6.14, 'gz': 18.24}]",2026-02-18 09:43:33,0.0
"[{'t_us': 381260425, 'ax': -0.81, 'ay': -0.04, 'az': 0.13, 'gx': -18.64, 'gy': 0.11, 'gz': 18.7}, {'t_us': 381274272, 'ax': -0.78, 'ay': -0.06, 'az': 0.1, 'gx': -16.85, 'gy': 0.81, 'gz': 15.3}, {'t_us': 381294277, 'ax': -0.72, 'ay': -0.16, 'az': 0.03, 'gx': -12.35, 'gy': 4.61, 'gz': 8.61}, {'t_us': 381314262, 'ax': -0.69, 'ay': -0.25, 'az': 0.02, 'gx': -9.13, 'gy': 6.11, 'gz': 4.6}, {'t_us': 381334288, 'ax': -0.73, 'ay': -0.29, 'az': 0.0, 'gx': -6.82, 'gy': 8.89, 'gz': 3.47}]",2026-02-18 09:43:33,0.0
"[{'t_us': 381360527, 'ax': -0.92, 'ay': -0.11, 'az': 0.03, 'gx': -2.84, 'gy': 11.95, 'gz': 7.88}, {'t_us': 381374299, 'ax': -1.02, 'ay': -0.0, 'az': 0.09, 'gx': -5.02, 'gy': 7.28, 'gz': 7.21}, {'t_us': 381394262, 'ax': -1.0, 'ay': 0.08, 'az': 0.13, 'gx': -9.89, 'gy': 0.14, 'gz': 9.5}, {'t_us': 381414291, 'ax': -0.92, 'ay': 0.24, 'az': 0.17, 'gx': -12.05, 'gy': -5.68, 'gz': 19.08}, {'t_us': 381434288, 'ax': -0.92, 'ay': 0.37, 'az': 0.26, 'gx': -14.49, 'gy': -9.3, 'gz': 26.89}]",2026-02-18 09:43:33,0.0
"[{'t_us': 381460407, 'ax': -0.95, 'ay': 0.35, 'az': 0.33, 'gx': -8.21, 'gy': -15.56, 'gz': 25.1}, {'t_us': 381474296, 'ax': -1.0, 'ay': 0.33, 'az': 0.37, 'gx': -2.6, 'gy': -13.02, 'gz': 18.92}, {'t_us': 381494296, 'ax': -1.15, 'ay': 0.2, 'az': 0.37, 'gx': 5.91, 'gy': -4.76, 'gz': 7.25}, {'t_us': 381514312, 'ax': -1.26, 'ay': 0.1, 'az': 0.3, 'gx': 17.16, 'gy': 3.95, 'gz': -1.31}, {'t_us': 381534288, 'ax': -1.26, 'ay': 0.04, 'az': 0.15, 'gx': 29.89, 'gy': 4.34, 'gz': -6.75}]",2026-02-18 09:43:33,0.0
"[{'t_us': 381560665, 'ax': -1.1, 'ay': 0.04, 'az': 0.09, 'gx': 38.58, 'gy': 1.94, 'gz': -6.55}, {'t_us': 381574277, 'ax': -1.04, 'ay': 0.11, 'az': 0.11, 'gx': 38.61, 'gy': 1.18, 'gz': -5.59}, {'t_us': 381594303, 'ax': -0.92, 'ay': 0.22, 'az': 0.12, 'gx': 33.79, 'gy': -4.44, 'gz': -8.29}, {'t_us': 381614300, 'ax': -0.79, 'ay': 0.24, 'az': 0.1, 'gx': 27.5, 'gy': -12.32, 'gz': -12.63}, {'t_us': 381634288, 'ax': -0.72, 'ay': 0.22, 'az': 0.07, 'gx': 26.21, 'gy': -20.46, 'gz': -17.42}]",2026-02-18 09:43:33,0.0
"[{'t_us': 381658929, 'ax': -0.58, 'ay': 0.19, 'az': 0.03, 'gx': 30.06, 'gy': -22.03, 'gz': -29.13}, {'t_us': 381674277, 'ax': -0.51, 'ay': 0.08, 'az': -0.07, 'gx': 36.49, 'gy': -10.31, 'gz': -38.67}, {'t_us': 381694312, 'ax': -0.46, 'ay': -0.04, 'az': -0.15, 'gx': 47.08, 'gy': 5.42, 'gz': -53.4}, {'t_us': 381714303, 'ax': -0.4, 'ay': -0.18, 'az': -0.13, 'gx': 59.65, 'gy': 5.15, 'gz': -62.92}, {'t_us': 381734255, 'ax': -0.33, 'ay': -0.28, 'az': -0.06, 'gx': 69.1, 'gy': 14.69, 'gz': -62.53}]",2026-02-18 09:43:33,0.0
"[{'t_us': 381758812, 'ax': -0.52, 'ay': -0.45, 'az': 0.14, 'gx': 67.19, 'gy': 45.36, 'gz': -47.48}, {'t_us': 381774281, 'ax': -0.73, 'ay': -0.47, 'az': 0.34, 'gx': 60.31, 'gy': 57.73, 'gz': -22.03}, {'t_us': 381794291, 'ax': -1.54, 'ay': 0.12, 'az': 0.81, 'gx': 48.44, 'gy': 44.37, 'gz': 26.29}, {'t_us': 381814291, 'ax': -1.93, 'ay': 0.46, 'az': 0.51, 'gx': 23.01, 'gy': 36.64, 'gz': 30.05}, {'t_us': 381834281, 'ax': -1.54, 'ay': 0.38, 'az': 0.18, 'gx': 5.98, 'gy': -12.56, 'gz': 20.49}]",2026-02-18 09:43:34,0.0
"[{'t_us': 381858550, 'ax': -1.22, 'ay': 0.04, 'az': 0.36, 'gx': 5.25, 'gy': -21.66, 'gz': -1.13}, {'t_us': 381874291, 'ax': -1.11, 'ay': -0.17, 'az': 0.47, 'gx': 19.27, 'gy': -16.44, 'gz': -15.74}, {'t_us': 381894254, 'ax': -0.98, 'ay': -0.38, 'az': 0.46, 'gx': 34.89, 'gy': 8.44, 'gz': -28.47}, {'t_us': 381914255, 'ax': -0.94, 'ay': -0.4, 'az': 0.4, 'gx': 34.11, 'gy': 21.39, 'gz': -27.85}, {'t_us': 381934262, 'ax': -0.97, 'ay': -0.27, 'az': 0.34, 'gx': 20.15, 'gy': 20.85, 'gz': -14.78}]",2026-02-18 09:43:34,0.0
"[{'t_us': 381960446, 'ax': -1.04, 'ay': -0.04, 'az': 0.21, 'gx': 9.11, 'gy': 12.96, 'gz': 1.59}, {'t_us': 381974288, 'ax': -1.06, 'ay': 0.03, 'az': 0.18, 'gx': 5.82, 'gy': 7.47, 'gz': 6.79}, {'t_us': 381994281, 'ax': -1.01, 'ay': 0.05, 'az': 0.15, 'gx': -0.23, 'gy': -3.13, 'gz': 7.91}, {'t_us': 382014281, 'ax': -0.9, 'ay': -0.05, 'az': 0.19, 'gx': -4.85, 'gy': -13.88, 'gz': 5.47}, {'t_us': 382034281, 'ax': -0.73, 'ay': -0.19, 'az': 0.21, 'gx': -7.18, 'gy': -18.56, 'gz': 2.31}]",2026-02-18 09:43:34,0.0
"[{'t_us': 382060346, 'ax': -0.52, 'ay': -0.3, 'az': 0.2, 'gx': -6.2, 'gy': -16.79, 'gz': 1.54}, {'t_us': 382074312, 'ax': -0.4, 'ay': -0.32, 'az': 0.22, 'gx': -4.95, 'gy': -7.83, 'gz': 1.92}, {'t_us': 382094316, 'ax': -0.25, 'ay': -0.22, 'az': 0.12, 'gx': -4.06, 'gy': 9.27, 'gz': 5.18}, {'t_us': 382114312, 'ax': -0.29, 'ay': -0.1, 'az': -0.03, 'gx': -1.5, 'gy': 14.99, 'gz': 15.62}, {'t_us': 382134277, 'ax': -0.49, 'ay': 0.08, 'az': -0.1, 'gx': -2.72, 'gy': 12.03, 'gz': 27.02}]",2026-02-18 09:43:34,0.0
"[{'t_us': 382160393, 'ax': -0.85, 'ay': 0.37, 'az': -0.14, 'gx': -8.6, 'gy': 5.1, 'gz': 34.15}, {'t_us': 382174300, 'ax': -1.13, 'ay': 0.49, 'az': -0.12, 'gx': -12.17, 'gy': -0.89, 'gz': 28.37}, {'t_us': 382194281, 'ax': -1.25, 'ay': 0.5, 'az': -0.1, 'gx': 1.37, 'gy': -1.77, 'gz': 14.21}, {'t_us': 382214281, 'ax': -1.43, 'ay': 0.51, 'az': 0.19, 'gx': 15.89, 'gy': 4.09, 'gz': -11.71}, {'t_us': 382234254, 'ax': -1.33, 'ay': 0.33, 'az': 0.35, 'gx': 25.05, 'gy': 8.5, 'gz': -27.07}]",2026-02-18 09:43:34,0.0
"[{'t_us': 382260545, 'ax': -1.05, 'ay': 0.06, 'az': 0.39, 'gx': 29.42, 'gy': 3.15, 'gz': -15.22}, {'t_us': 382274312, 'ax': -0.97, 'ay': -0.06, 'az': 0.43, 'gx': 27.37, 'gy': -1.19, 'gz': -3.85}, {'t_us': 382294255, 'ax': -1.0, 'ay': -0.08, 'az': 0.43, 'gx': 27.19, 'gy': 10.47, 'gz': 7.04}, {'t_us': 382314321, 'ax': -1.14, 'ay': 0.12, 'az': 0.34, 'gx': 21.39, 'gy': 26.7, 'gz': 15.5}, {'t_us': 382334277, 'ax': -1.32, 'ay': 0.21, 'az': 0.25, 'gx': 15.19, 'gy': 20.58, 'gz': 19.89}]",2026-02-18 09:43:34,0.0
"[{'t_us': 382360740, 'ax': -1.23, 'ay': 0.24, 'az': 0.21, 'gx': 9.48, 'gy': 0.52, 'gz': 8.26}, {'t_us': 382374313, 'ax': -1.08, 'ay': 0.2, 'az': 0.19, 'gx': 9.92, 'gy': -5.48, 'gz': 1.89}, {'t_us': 382394271, 'ax': -0.85, 'ay': 0.12, 'az': 0.18, 'gx': 11.56, 'gy': -9.31, 'gz': -4.5}, {'t_us': 382414291, 'ax': -0.68, 'ay': 0.07, 'az': 0.19, 'gx': 9.74, 'gy': -8.56, 'gz': -4.41}, {'t_us': 382434309, 'ax': -0.61, 'ay': 0.04, 'az': 0.16, 'gx': 4.7, 'gy': -7.25, 'gz': -2.17}]",2026-02-18 09:43:34,0.0
"[{'t_us': 382459251, 'ax': -0.59, 'ay': 0.07, 'az': 0.09, 'gx': -0.49, 'gy': -11.25, 'gz': -4.34}, {'t_us': 382474271, 'ax': -0.54, 'ay': 0.09, 'az': 0.0, 'gx': -1.42, 'gy': -9.68, 'gz': -12.69}, {'t_us': 382494299, 'ax': -0.52, 'ay': 0.15, 'az': -0.07, 'gx': 1.82, 'gy': 2.46, 'gz': -25.91}, {'t_us': 382514296, 'ax': -0.59, 'ay': 0.17, 'az': -0.13, 'gx': 7.28, 'gy': 1.88, 'gz': -34.52}, {'t_us': 382534303, 'ax': -0.61, 'ay': 0.06, 'az': -0.13, 'gx': 18.61, 'gy': -2.46, 'gz': -41.44}]",2026-02-18 09:43:34,0.0
"[{'t_us': 382559596, 'ax': -0.64, 'ay': -0.18, 'az': -0.01, 'gx': 30.35, 'gy': 2.49, 'gz': -37.48}, {'t_us': 382574308, 'ax': -0.73, 'ay': -0.31, 'az': 0.1, 'gx': 32.09, 'gy': 16.67, 'gz': -30.98}, {'t_us': 382594291, 'ax': -0.94, 'ay': -0.27, 'az': 0.34, 'gx': 17.48, 'gy': 35.63, 'gz': -12.32}, {'t_us': 382614291, 'ax': -1.39, 'ay': 0.13, 'az': 0.56, 'gx': -11.05, 'gy': 28.98, 'gz': 20.76}, {'t_us': 382634300, 'ax': -1.51, 'ay': 0.33, 'az': 0.36, 'gx': -44.92, 'gy': 26.64, 'gz': 32.47}]",2026-02-18 09:43:34,0.0
"[{'t_us': 382658959, 'ax': -1.41, 'ay': 0.27, 'az': 0.29, 'gx': -64.02, 'gy': -4.98, 'gz': 23.05}, {'t_us': 382674316, 'ax': -1.32, 'ay': 0.15, 'az': 0.3, 'gx': -64.93, 'gy': -1.68, 'gz': 9.86}, {'t_us': 382694291, 'ax': -1.18, 'ay': -0.04, 'az': 0.31, 'gx': -51.45, 'gy': 5.83, 'gz': -7.39}, {'t_us': 382714291, 'ax': -1.04, 'ay': -0.2, 'az': 0.31, 'gx': -39.6, 'gy': 24.15, 'gz': -15.85}, {'t_us': 382734281, 'ax': -0.96, 'ay': -0.26, 'az': 0.29, 'gx': -37.66, 'gy': 31.73, 'gz': -15.54}]",2026-02-18 09:43:34,0.0
"[{'t_us': 382760699, 'ax': -0.93, 'ay': -0.16, 'az': 0.3, 'gx': -50.02, 'gy': 33.42, 'gz': -3.98}, {'t_us': 382774303, 'ax': -0.92, 'ay': -0.06, 'az': 0.25, 'gx': -54.82, 'gy': 31.98, 'gz': 2.47}, {'t_us': 382794262, 'ax': -0.93, 'ay': 0.01, 'az': 0.16, 'gx': -57.74, 'gy': 26.67, 'gz': 7.57}, {'t_us': 382814277, 'ax': -0.9, 'ay': -0.01, 'az': 0.12, 'gx': -58.81, 'gy': 17.42, 'gz': 5.24}, {'t_us': 382834311, 'ax': -0.83, 'ay': -0.09, 'az': 0.11, 'gx': -58.0, 'gy': 5.97, 'gz': 2.87}]",2026-02-18 09:43:35,0.0
"[{'t_us': 382859338, 'ax': -0.72, 'ay': -0.2, 'az': 0.12, 'gx': -53.28, 'gy': -3.31, 'gz': 3.57}, {'t_us': 382874288, 'ax': -0.64, 'ay': -0.28, 'az': 0.12, 'gx': -49.65, 'gy': -5.85, 'gz': 4.9}, {'t_us': 382894321, 'ax': -0.58, 'ay': -0.3, 'az': 0.07, 'gx': -43.94, 'gy': -9.13, 'gz': 7.82}, {'t_us': 382914308, 'ax': -0.58, 'ay': -0.26, 'az': 0.04, 'gx': -38.02, 'gy': -5.21, 'gz': 9.82}, {'t_us': 382934277, 'ax': -0.62, 'ay': -0.18, 'az': -0.02, 'gx': -33.89, 'gy': 1.71, 'gz': 11.65}]",2026-02-18 09:43:35,0.0
"[{'t_us': 382959391, 'ax': -0.88, 'ay': 0.05, 'az': -0.01, 'gx': -35.45, 'gy': 8.4, 'gz': 10.52}, {'t_us': 382974320, 'ax': -0.98, 'ay': 0.22, 'az': 0.01, 'gx': -39.76, 'gy': 8.46, 'gz': 7.65}, {'t_us': 382994277, 'ax': -1.06, 'ay': 0.44, 'az': 0.1, 'gx': -47.68, 'gy': -0.82, 'gz': 8.05}, {'t_us': 383014303, 'ax': -0.99, 'ay': 0.56, 'az': 0.16, 'gx': -48.66, 'gy': -20.73, 'gz': 10.09}, {'t_us': 383034255, 'ax': -0.9, 'ay': 0.49, 'az': 0.26, 'gx': -44.89, 'gy': -28.26, 'gz': 12.98}]",2026-02-18 09:43:35,0.0
"[{'t_us': 383060566, 'ax': -1.01, 'ay': 0.16, 'az': 0.46, 'gx': -38.79, 'gy': -21.15, 'gz': 13.65}, {'t_us': 383074271, 'ax': -1.06, 'ay': -0.13, 'az': 0.5, 'gx': -36.78, 'gy': -16.35, 'gz': 10.29}, {'t_us': 383094312, 'ax': -1.07, 'ay': -0.49, 'az': 0.4, 'gx': -18.11, 'gy': 11.39, 'gz': 6.4}, {'t_us': 383114308, 'ax': -1.17, 'ay': -0.43, 'az': 0.27, 'gx': 7.65, 'gy': 41.97, 'gz': 6.05}, {'t_us': 383134281, 'ax': -1.25, 'ay': -0.24, 'az': 0.19, 'gx': 19.37, 'gy': 34.58, 'gz': 13.1}]",2026-02-18 09:43:35,0.0
"[{'t_us': 383159929, 'ax': -1.3, 'ay': 0.18, 'az': 0.27, 'gx': 21.1, 'gy': 19.94, 'gz': 18.98}, {'t_us': 383174278, 'ax': -1.17, 'ay': 0.33, 'az': 0.24, 'gx': 17.65, 'gy': 18.92, 'gz': 18.35}, {'t_us': 383194276, 'ax': -0.98, 'ay': 0.35, 'az': 0.17, 'gx': 11.11, 'gy': 17.07, 'gz': 12.92}, {'t_us': 383214321, 'ax': -0.78, 'ay': 0.25, 'az': 0.14, 'gx': 6.32, 'gy': 17.54, 'gz': 10.38}, {'t_us': 383234316, 'ax': -0.72, 'ay': 0.08, 'az': 0.1, 'gx': 5.54, 'gy': 10.21, 'gz': 7.92}]",2026-02-18 09:43:35,0.0
"[{'t_us': 383260018, 'ax': -0.77, 'ay': -0.02, 'az': 0.12, 'gx': 4.53, 'gy': -11.18, 'gz': -0.4}, {'t_us': 383274255, 'ax': -0.71, 'ay': -0.01, 'az': 0.09, 'gx': 1.79, 'gy': -14.43, 'gz': -8.21}, {'t_us': 383294312, 'ax': -0.67, 'ay': 0.12, 'az': -0.07, 'gx': -6.29, 'gy': -6.26, 'gz': -22.6}, {'t_us': 383314308, 'ax': -0.65, 'ay': 0.17, 'az': -0.2, 'gx': -5.73, 'gy': -11.05, 'gz': -34.02}, {'t_us': 383334277, 'ax': -0.53, 'ay': 0.16, 'az': -0.21, 'gx': 0.43, 'gy': -16.47, 'gz': -41.76}]",2026-02-18 09:43:35,0.0
"[{'t_us': 383360645, 'ax': -0.55, 'ay': -0.02, 'az': -0.2, 'gx': 9.63, 'gy': -12.66, 'gz': -45.27}, {'t_us': 383374277, 'ax': -0.62, 'ay': -0.17, 'az': -0.07, 'gx': 7.25, 'gy': -5.97, 'gz': -40.4}, {'t_us': 383394308, 'ax': -0.69, 'ay': -0.34, 'az': 0.19, 'gx': -0.58, 'gy': 3.3, 'gz': -16.46}, {'t_us': 383414316, 'ax': -1.13, 'ay': -0.18, 'az': 0.44, 'gx': -17.15, 'gy': 14.63, 'gz': 14.34}, {'t_us': 383434277, 'ax': -1.28, 'ay': 0.2, 'az': 0.51, 'gx': -41.85, 'gy': 1.57, 'gz': 28.15}]",2026-02-18 09:43:35,0.0
"[{'t_us': 383459349, 'ax': -1.4, 'ay': 0.33, 'az': 0.27, 'gx': -51.8, 'gy': 1.91, 'gz': 9.33}, {'t_us': 383474255, 'ax': -1.36, 'ay': 0.25, 'az': 0.28, 'gx': -40.61, 'gy': -8.82, 'gz': -4.11}, {'t_us': 383494255, 'ax': -1.3, 'ay': -0.0, 'az': 0.33, 'gx': -28.69, 'gy': -5.22, 'gz': -15.13}, {'t_us': 383514288, 'ax': -1.25, 'ay': -0.18, 'az': 0.34, 'gx': -26.58, 'gy': 6.17, 'gz': -17.48}, {'t_us': 383534288, 'ax': -1.18, 'ay': -0.15, 'az': 0.31, 'gx': -30.12, 'gy': 8.06, 'gz': -15.1}]",2026-02-18 09:43:35,0.0
"[{'t_us': 383559418, 'ax': -1.08, 'ay': -0.04, 'az': 0.32, 'gx': -41.6, 'gy': 9.97, 'gz': -0.05}, {'t_us': 383574321, 'ax': -1.06, 'ay': 0.04, 'az': 0.29, 'gx': -45.83, 'gy': 8.35, 'gz': 4.27}, {'t_us': 383594300, 'ax': -1.0, 'ay': 0.04, 'az': 0.24, 'gx': -47.83, 'gy': 7.94, 'gz': 2.46}, {'t_us': 383614300, 'ax': -0.87, 'ay': -0.05, 'az': 0.19, 'gx': -45.42, 'gy': 4.09, 'gz': 0.75}, {'t_us': 383634337, 'ax': -0.7, 'ay': -0.05, 'az': 0.17, 'gx': -42.96, 'gy': 1.53, 'gz': 3.18}]",2026-02-18 09:43:35,0.0
"[{'t_us': 383658910, 'ax': -0.44, 'ay': -0.08, 'az': 0.07, 'gx': -40.06, 'gy': -12.09, 'gz': 20.11}, {'t_us': 383674291, 'ax': -0.42, 'ay': -0.03, 'az': 0.05, 'gx': -43.37, 'gy': -17.47, 'gz': 27.13}, {'t_us': 383694291, 'ax': -0.36, 'ay': -0.07, 'az': -0.05, 'gx': -46.44, 'gy': -28.7, 'gz': 39.37}, {'t_us': 383714321, 'ax': -0.34, 'ay': -0.07, 'az': -0.15, 'gx': -46.46, 'gy': -25.88, 'gz': 44.63}, {'t_us': 383734288, 'ax': -0.53, 'ay': 0.01, 'az': -0.21, 'gx': -45.97, 'gy': -21.8, 'gz': 44.99}]",2026-02-18 09:43:35,0.0
"[{'t_us': 383759564, 'ax': -0.92, 'ay': 0.27, 'az': -0.02, 'gx': -48.66, 'gy': -22.21, 'gz': 33.04}, {'t_us': 383774338, 'ax': -1.13, 'ay': 0.42, 'az': 0.18, 'gx': -51.27, 'gy': -26.92, 'gz': 18.0}, {'t_us': 383794281, 'ax': -1.28, 'ay': 0.45, 'az': 0.43, 'gx': -42.72, 'gy': -17.36, 'gz': 4.27}, {'t_us': 383814281, 'ax': -1.53, 'ay': 0.28, 'az': 0.61, 'gx': -45.63, 'gy': -2.46, 'gz': -0.92}, {'t_us': 383834295, 'ax': -1.15, 'ay': -0.12, 'az': 0.39, 'gx': -55.63, 'gy': -15.47, 'gz': 5.57}]",2026-02-18 09:43:36,0.0
"[{'t_us': 383861585, 'ax': -0.79, 'ay': -0.38, 'az': 0.44, 'gx': -34.87, 'gy': -0.55, 'gz': 26.64}, {'t_us': 383874288, 'ax': -0.85, 'ay': -0.36, 'az': 0.49, 'gx': -24.76, 'gy': 26.11, 'gz': 28.38}, {'t_us': 383894288, 'ax': -1.05, 'ay': -0.31, 'az': 0.42, 'gx': -14.6, 'gy': 63.94, 'gz': 28.72}, {'t_us': 383914288, 'ax': -1.21, 'ay': -0.1, 'az': 0.24, 'gx': -6.78, 'gy': 67.5, 'gz': 35.54}, {'t_us': 383934309, 'ax': -1.38, 'ay': 0.2, 'az': 0.13, 'gx': -4.75, 'gy': 49.71, 'gz': 34.61}]",2026-02-18 09:43:36,0.0
"[{'t_us': 383961373, 'ax': -1.19, 'ay': 0.38, 'az': 0.08, 'gx': -7.54, 'gy': 18.95, 'gz': 32.34}, {'t_us': 383974288, 'ax': -1.1, 'ay': 0.4, 'az': 0.13, 'gx': -10.72, 'gy': 10.61, 'gz': 29.91}, {'t_us': 383994291, 'ax': -0.83, 'ay': 0.34, 'az': 0.22, 'gx': -18.69, 'gy': 3.33, 'gz': 24.87}, {'t_us': 384014291, 'ax': -0.7, 'ay': 0.29, 'az': 0.2, 'gx': -25.91, 'gy': 10.4, 'gz': 20.79}, {'t_us': 384034316, 'ax': -0.64, 'ay': 0.2, 'az': 0.14, 'gx': -29.18, 'gy': 10.35, 'gz': 12.21}]",2026-02-18 09:43:36,0.0
"[{'t_us': 384060894, 'ax': -0.53, 'ay': 0.14, 'az': 0.02, 'gx': -32.2, 'gy': 1.89, 'gz': 0.76}, {'t_us': 384074291, 'ax': -0.49, 'ay': 0.15, 'az': -0.0, 'gx': -32.61, 'gy': -5.15, 'gz': -4.98}, {'t_us': 384094271, 'ax': -0.43, 'ay': 0.09, 'az': -0.03, 'gx': -28.61, 'gy': -17.63, 'gz': -13.86}, {'t_us': 384114277, 'ax': -0.42, 'ay': 0.12, 'az': -0.05, 'gx': -22.61, 'gy': -28.47, 'gz': -21.53}, {'t_us': 384134254, 'ax': -0.41, 'ay': 0.11, 'az': -0.07, 'gx': -19.05, 'gy': -32.58, 'gz': -26.82}]",2026-02-18 09:43:36,0.0
"[{'t_us': 384160378, 'ax': -0.57, 'ay': -0.11, 'az': -0.21, 'gx': -12.75, 'gy': -21.07, 'gz': -29.34}, {'t_us': 384174840, 'ax': -0.84, 'ay': -0.25, 'az': -0.08, 'gx': -9.45, 'gy': -19.33, 'gz': -21.85}, {'t_us': 384194277, 'ax': -1.11, 'ay': -0.43, 'az': 0.29, 'gx': -2.06, 'gy': -13.79, 'gz': 20.12}, {'t_us': 384214303, 'ax': -1.85, 'ay': -0.15, 'az': 0.7, 'gx': -9.07, 'gy': 10.5, 'gz': 52.46}, {'t_us': 384234273, 'ax': -1.87, 'ay': 0.17, 'az': 0.19, 'gx': -39.88, 'gy': 3.82, 'gz': 24.11}]",2026-02-18 09:43:36,0.0
"[{'t_us': 384260167, 'ax': -1.14, 'ay': 0.36, 'az': 0.19, 'gx': -30.24, 'gy': -30.67, 'gz': 7.65}, {'t_us': 384274299, 'ax': -0.95, 'ay': 0.52, 'az': 0.4, 'gx': -25.68, 'gy': -13.88, 'gz': -2.15}, {'t_us': 384294300, 'ax': -1.2, 'ay': 0.31, 'az': 0.53, 'gx': -22.9, 'gy': 6.79, 'gz': -12.87}, {'t_us': 384314321, 'ax': -1.33, 'ay': 0.17, 'az': 0.53, 'gx': -26.93, 'gy': 10.98, 'gz': -13.47}, {'t_us': 384334262, 'ax': -1.41, 'ay': 0.03, 'az': 0.3, 'gx': -50.66, 'gy': 7.76, 'gz': -13.11}]",2026-02-18 09:43:36,0.0
"[{'t_us': 384359042, 'ax': -1.24, 'ay': -0.09, 'az': 0.16, 'gx': -67.59, 'gy': -4.55, 'gz': -5.02}, {'t_us': 384374262, 'ax': -0.98, 'ay': -0.13, 'az': 0.17, 'gx': -65.31, 'gy': -6.35, 'gz': 0.76}, {'t_us': 384394277, 'ax': -0.74, 'ay': -0.16, 'az': 0.14, 'gx': -51.39, 'gy': 1.47, 'gz': -4.27}, {'t_us': 384414293, 'ax': -0.5, 'ay': -0.15, 'az': 0.16, 'gx': -33.51, 'gy': 20.11, 'gz': -12.81}, {'t_us': 384434303, 'ax': -0.36, 'ay': -0.12, 'az': 0.15, 'gx': -23.89, 'gy': 30.85, 'gz': -9.66}]",2026-02-18 09:43:36,0.0
"[{'t_us': 384458684, 'ax': -0.22, 'ay': -0.15, 'az': 0.03, 'gx': -23.47, 'gy': 18.21, 'gz': 11.68}, {'t_us': 384474288, 'ax': -0.21, 'ay': -0.17, 'az': -0.06, 'gx': -22.06, 'gy': 11.05, 'gz': 28.44}, {'t_us': 384494308, 'ax': -0.19, 'ay': -0.04, 'az': -0.07, 'gx': -32.46, 'gy': -1.07, 'gz': 42.89}, {'t_us': 384514303, 'ax': -0.2, 'ay': -0.01, 'az': -0.29, 'gx': -39.11, 'gy': -10.31, 'gz': 57.83}, {'t_us': 384534262, 'ax': -0.51, 'ay': 0.2, 'az': -0.29, 'gx': -43.34, 'gy': -8.0, 'gz': 56.69}]",2026-02-18 09:43:36,0.0
"[{'t_us': 384560269, 'ax': -1.33, 'ay': 0.59, 'az': 0.17, 'gx': -43.42, 'gy': -9.05, 'gz': 9.71}, {'t_us': 384574281, 'ax': -1.61, 'ay': 0.67, 'az': 0.34, 'gx': -40.32, 'gy': -6.05, 'gz': -24.38}, {'t_us': 384594271, 'ax': -2.0, 'ay': 0.72, 'az': 0.74, 'gx': -23.77, 'gy': -9.42, 'gz': -65.71}, {'t_us': 384614277, 'ax': -1.39, 'ay': -0.04, 'az': 0.41, 'gx': -16.63, 'gy': -0.9, 'gz': -46.49}, {'t_us': 384634296, 'ax': -0.81, 'ay': -0.24, 'az': 0.49, 'gx': -26.58, 'gy': -44.35, 'gz': -8.72}]",2026-02-18 09:43:36,0.0
"[{'t_us': 384660924, 'ax': -0.56, 'ay': -0.36, 'az': 0.61, 'gx': -29.01, 'gy': -5.04, 'gz': 24.24}, {'t_us': 384674347, 'ax': -0.66, 'ay': -0.38, 'az': 0.55, 'gx': -26.73, 'gy': 31.3, 'gz': 30.58}, {'t_us': 384694303, 'ax': -1.0, 'ay': -0.11, 'az': 0.37, 'gx': -23.57, 'gy': 64.14, 'gz': 42.26}, {'t_us': 384714262, 'ax': -1.45, 'ay': 0.17, 'az': 0.2, 'gx': -15.34, 'gy': 52.41, 'gz': 42.67}, {'t_us': 384734274, 'ax': -1.61, 'ay': 0.4, 'az': 0.06, 'gx': -0.79, 'gy': 32.98, 'gz': 20.87}]",2026-02-18 09:43:36,0.0
"[{'t_us': 384759137, 'ax': -1.11, 'ay': 0.23, 'az': -0.01, 'gx': 11.48, 'gy': 7.95, 'gz': 2.47}, {'t_us': 384774281, 'ax': -0.78, 'ay': 0.12, 'az': 0.07, 'gx': 22.24, 'gy': 3.18, 'gz': -2.35}, {'t_us': 384794300, 'ax': -0.63, 'ay': 0.06, 'az': 0.23, 'gx': 22.78, 'gy': 8.53, 'gz': -1.77}, {'t_us': 384814300, 'ax': -0.59, 'ay': 0.1, 'az': 0.19, 'gx': 7.42, 'gy': 12.43, 'gz': -1.77}, {'t_us': 384834266, 'ax': -0.47, 'ay': 0.19, 'az': 0.04, 'gx': -8.72, 'gy': 10.37, 'gz': -1.56}]",2026-02-18 09:43:37,0.0
"[{'t_us': 384860465, 'ax': -0.44, 'ay': 0.23, 'az': -0.07, 'gx': -14.9, 'gy': 13.66, 'gz': -7.63}, {'t_us': 384874306, 'ax': -0.39, 'ay': 0.23, 'az': -0.15, 'gx': -10.15, 'gy': 11.68, 'gz': -13.34}, {'t_us': 384894288, 'ax': -0.34, 'ay': 0.16, 'az': -0.25, 'gx': 2.44, 'gy': 11.27, 'gz': -19.63}, {'t_us': 384914334, 'ax': -0.39, 'ay': 0.07, 'az': -0.24, 'gx': 14.58, 'gy': 8.31, 'gz': -16.58}, {'t_us': 384934312, 'ax': -0.47, 'ay': -0.21, 'az': -0.31, 'gx': 24.31, 'gy': -2.7, 'gz': -16.21}]",2026-02-18 09:43:37,0.0
"[{'t_us': 384958822, 'ax': -0.75, 'ay': -0.46, 'az': -0.04, 'gx': 27.65, 'gy': -5.71, 'gz': -3.76}, {'t_us': 384974288, 'ax': -1.0, 'ay': -0.45, 'az': 0.33, 'gx': 19.86, 'gy': 2.12, 'gz': 21.31}, {'t_us': 384994303, 'ax': -1.7, 'ay': -0.3, 'az': 0.74, 'gx': 0.79, 'gy': 36.4, 'gz': 41.3}, {'t_us': 385014262, 'ax': -1.96, 'ay': 0.32, 'az': 0.37, 'gx': -24.89, 'gy': 42.12, 'gz': 34.79}, {'t_us': 385034262, 'ax': -1.44, 'ay': 0.6, 'az': 0.26, 'gx': -20.27, 'gy': -6.09, 'gz': 20.63}]",2026-02-18 09:43:37,0.0
"[{'t_us': 385059021, 'ax': -1.23, 'ay': 0.43, 'az': 0.55, 'gx': -15.16, 'gy': -9.85, 'gz': 7.18}, {'t_us': 385075174, 'ax': -1.27, 'ay': 0.37, 'az': 0.49, 'gx': -13.44, 'gy': 10.5, 'gz': -5.94}, {'t_us': 385094303, 'ax': -1.37, 'ay': 0.16, 'az': 0.37, 'gx': -16.56, 'gy': 23.13, 'gz': -20.23}, {'t_us': 385114262, 'ax': -1.38, 'ay': -0.06, 'az': 0.22, 'gx': -22.98, 'gy': 20.63, 'gz': -31.18}, {'t_us': 385134268, 'ax': -1.2, 'ay': -0.18, 'az': 0.17, 'gx': -27.71, 'gy': 7.19, 'gz': -29.18}]",2026-02-18 09:43:37,0.0
"[{'t_us': 385159021, 'ax': -0.88, 'ay': -0.18, 'az': 0.17, 'gx': -30.12, 'gy': 4.0, 'gz': -16.81}, {'t_us': 385174300, 'ax': -0.72, 'ay': -0.19, 'az': 0.16, 'gx': -27.18, 'gy': 7.4, 'gz': -12.92}, {'t_us': 385194291, 'ax': -0.59, 'ay': -0.14, 'az': 0.1, 'gx': -17.11, 'gy': 20.69, 'gz': -11.27}, {'t_us': 385214277, 'ax': -0.53, 'ay': -0.1, 'az': 0.07, 'gx': -7.76, 'gy': 29.4, 'gz': -9.65}, {'t_us': 385234303, 'ax': -0.5, 'ay': -0.12, 'az': 0.02, 'gx': -4.7, 'gy': 20.66, 'gz': -3.6}]",2026-02-18 09:43:37,0.0
"[{'t_us': 385260522, 'ax': -0.38, 'ay': -0.08, 'az': -0.05, 'gx': -4.82, 'gy': -9.86, 'gz': 11.3}, {'t_us': 385274337, 'ax': -0.35, 'ay': -0.08, 'az': -0.05, 'gx': -5.04, 'gy': -19.45, 'gz': 16.73}, {'t_us': 385294288, 'ax': -0.34, 'ay': -0.08, 'az': -0.15, 'gx': -5.88, 'gy': -27.91, 'gz': 22.75}, {'t_us': 385314288, 'ax': -0.41, 'ay': -0.02, 'az': -0.19, 'gx': -7.37, 'gy': -25.36, 'gz': 29.94}, {'t_us': 385334316, 'ax': -0.65, 'ay': 0.06, 'az': -0.13, 'gx': -9.59, 'gy': -18.85, 'gz': 27.5}]",2026-02-18 09:43:37,0.0
"[{'t_us': 385359183, 'ax': -1.11, 'ay': 0.36, 'az': 0.24, 'gx': -19.63, 'gy': -23.53, 'gz': 6.9}, {'t_us': 385375490, 'ax': -1.32, 'ay': 0.56, 'az': 0.46, 'gx': -23.86, 'gy': -34.56, 'gz': -9.19}, {'t_us': 385394302, 'ax': -1.39, 'ay': 0.64, 'az': 0.57, 'gx': -24.5, 'gy': -42.31, 'gz': -22.84}, {'t_us': 385414316, 'ax': -1.18, 'ay': 0.26, 'az': 0.49, 'gx': -28.6, 'gy': -17.82, 'gz': -19.89}, {'t_us': 385434319, 'ax': -1.14, 'ay': -0.1, 'az': 0.39, 'gx': -29.65, 'gy': 0.66, 'gz': -8.98}]",2026-02-18 09:43:37,0.0
"[{'t_us': 385460428, 'ax': -1.01, 'ay': -0.4, 'az': 0.33, 'gx': -17.95, 'gy': 21.5, 'gz': 0.47}, {'t_us': 385474296, 'ax': -1.09, 'ay': -0.43, 'az': 0.38, 'gx': -5.04, 'gy': 39.91, 'gz': 10.7}, {'t_us': 385494296, 'ax': -1.31, 'ay': -0.24, 'az': 0.29, 'gx': -4.61, 'gy': 52.05, 'gz': 28.58}, {'t_us': 385514296, 'ax': -1.56, 'ay': -0.04, 'az': 0.08, 'gx': 1.51, 'gy': 44.98, 'gz': 35.57}, {'t_us': 385534303, 'ax': -1.55, 'ay': 0.22, 'az': 0.04, 'gx': 14.95, 'gy': 24.99, 'gz': 22.29}]",2026-02-18 09:43:37,0.0
"[{'t_us': 385560449, 'ax': -1.1, 'ay': 0.3, 'az': 0.17, 'gx': 25.44, 'gy': 12.72, 'gz': 9.05}, {'t_us': 385574694, 'ax': -0.9, 'ay': 0.24, 'az': 0.23, 'gx': 25.68, 'gy': 8.69, 'gz': 9.04}, {'t_us': 385594281, 'ax': -0.69, 'ay': 0.14, 'az': 0.23, 'gx': 18.21, 'gy': 7.94, 'gz': 14.31}, {'t_us': 385614308, 'ax': -0.64, 'ay': 0.12, 'az': 0.14, 'gx': 7.33, 'gy': 7.04, 'gz': 14.4}, {'t_us': 385634312, 'ax': -0.56, 'ay': 0.06, 'az': 0.11, 'gx': 2.26, 'gy': 1.22, 'gz': 10.23}]",2026-02-18 09:43:37,0.0
"[{'t_us': 385660518, 'ax': -0.4, 'ay': 0.08, 'az': 0.02, 'gx': -0.27, 'gy': -4.11, 'gz': 3.04}, {'t_us': 385674265, 'ax': -0.37, 'ay': 0.11, 'az': -0.04, 'gx': -2.21, 'gy': -4.09, 'gz': -2.6}, {'t_us': 385694291, 'ax': -0.32, 'ay': 0.11, 'az': -0.06, 'gx': -5.45, 'gy': -26.44, 'gz': -5.53}, {'t_us': 385714300, 'ax': -0.31, 'ay': 0.17, 'az': -0.11, 'gx': -9.47, 'gy': -26.21, 'gz': -14.34}, {'t_us': 385734321, 'ax': -0.37, 'ay': 0.18, 'az': -0.19, 'gx': -8.9, 'gy': -24.9, 'gz': -21.42}]",2026-02-18 09:43:37,0.0
"[{'t_us': 385760464, 'ax': -0.54, 'ay': -0.03, 'az': -0.26, 'gx': 1.73, 'gy': -22.37, 'gz': -21.65}, {'t_us': 385774277, 'ax': -0.74, 'ay': -0.22, 'az': -0.13, 'gx': 13.47, 'gy': -15.5, 'gz': -11.48}, {'t_us': 385794281, 'ax': -1.27, 'ay': -0.48, 'az': 0.38, 'gx': 26.95, 'gy': -13.8, 'gz': 15.71}, {'t_us': 385814308, 'ax': -1.77, 'ay': -0.55, 'az': 0.61, 'gx': 30.24, 'gy': 41.76, 'gz': 41.51}, {'t_us': 385834312, 'ax': -2.0, 'ay': 0.2, 'az': 0.22, 'gx': 7.25, 'gy': 12.99, 'gz': 21.88}]",2026-02-18 09:43:38,0.0
"[{'t_us': 385859172, 'ax': -1.31, 'ay': 0.53, 'az': 0.26, 'gx': 9.54, 'gy': -24.56, 'gz': -1.1}, {'t_us': 385874303, 'ax': -1.12, 'ay': 0.64, 'az': 0.48, 'gx': 0.82, 'gy': -8.11, 'gz': -6.72}, {'t_us': 385894303, 'ax': -1.3, 'ay': 0.6, 'az': 0.51, 'gx': -14.15, 'gy': 0.37, 'gz': -14.41}, {'t_us': 385914289, 'ax': -1.37, 'ay': 0.38, 'az': 0.47, 'gx': -31.19, 'gy': 3.15, 'gz': -21.08}, {'t_us': 385934271, 'ax': -1.39, 'ay': 0.14, 'az': 0.27, 'gx': -51.28, 'gy': 2.61, 'gz': -28.09}]",2026-02-18 09:43:38,0.0
"[{'t_us': 385958722, 'ax': -1.19, 'ay': -0.14, 'az': 0.22, 'gx': -56.32, 'gy': -13.27, 'gz': -23.37}, {'t_us': 385975921, 'ax': -0.96, 'ay': -0.28, 'az': 0.25, 'gx': -48.23, 'gy': -10.76, 'gz': -19.94}, {'t_us': 385994281, 'ax': -0.72, 'ay': -0.31, 'az': 0.24, 'gx': -29.48, 'gy': 11.01, 'gz': -23.71}, {'t_us': 386014276, 'ax': -0.53, 'ay': -0.28, 'az': 0.18, 'gx': -12.37, 'gy': 30.6, 'gz': -31.37}, {'t_us': 386034258, 'ax': -0.39, 'ay': -0.25, 'az': 0.1, 'gx': -2.61, 'gy': 41.56, 'gz': -31.68}]",2026-02-18 09:43:38,0.0
"[{'t_us': 386059009, 'ax': -0.3, 'ay': -0.16, 'az': 0.06, 'gx': -3.83, 'gy': 37.51, 'gz': -20.49}, {'t_us': 386074262, 'ax': -0.26, 'ay': -0.07, 'az': -0.03, 'gx': -6.78, 'gy': 17.89, 'gz': -8.08}, {'t_us': 386094271, 'ax': -0.25, 'ay': 0.0, 'az': -0.03, 'gx': -5.34, 'gy': -5.65, 'gz': 9.92}, {'t_us': 386114277, 'ax': -0.33, 'ay': 0.02, 'az': -0.11, 'gx': -2.56, 'gy': -18.41, 'gz': 20.21}, {'t_us': 386134277, 'ax': -0.37, 'ay': 0.06, 'az': -0.3, 'gx': -1.74, 'gy': -32.5, 'gz': 31.08}]",2026-02-18 09:43:38,0.0
"[{'t_us': 386160442, 'ax': -0.6, 'ay': 0.18, 'az': -0.2, 'gx': -11.08, 'gy': -29.13, 'gz': 33.53}, {'t_us': 386174286, 'ax': -0.98, 'ay': 0.32, 'az': 0.07, 'gx': -17.13, 'gy': -26.32, 'gz': 22.27}, {'t_us': 386194300, 'ax': -1.32, 'ay': 0.59, 'az': 0.48, 'gx': -26.55, 'gy': -30.2, 'gz': -5.15}, {'t_us': 386214316, 'ax': -1.44, 'ay': 0.72, 'az': 0.74, 'gx': -34.75, 'gy': -29.79, 'gz': -33.24}, {'t_us': 386234312, 'ax': -1.38, 'ay': 0.25, 'az': 0.52, 'gx': -54.03, 'gy': 5.68, 'gz': -21.85}]",2026-02-18 09:43:38,0.0
"[{'t_us': 386259263, 'ax': -1.24, 'ay': -0.15, 'az': 0.22, 'gx': -63.69, 'gy': -15.47, 'gz': 8.78}, {'t_us': 386274309, 'ax': -1.09, 'ay': -0.32, 'az': 0.25, 'gx': -51.04, 'gy': -5.71, 'gz': 16.9}, {'t_us': 386294300, 'ax': -1.21, 'ay': -0.46, 'az': 0.41, 'gx': -22.55, 'gy': 28.21, 'gz': 23.3}, {'t_us': 386314281, 'ax': -1.51, 'ay': -0.26, 'az': 0.4, 'gx': -9.63, 'gy': 48.05, 'gz': 29.95}, {'t_us': 386334262, 'ax': -1.68, 'ay': -0.02, 'az': 0.28, 'gx': -5.73, 'gy': 30.11, 'gz': 32.43}]",2026-02-18 09:43:38,0.0
"[{'t_us': 386359746, 'ax': -1.39, 'ay': 0.24, 'az': 0.21, 'gx': 1.69, 'gy': 4.96, 'gz': 20.93}, {'t_us': 386374315, 'ax': -1.14, 'ay': 0.3, 'az': 0.24, 'gx': 7.57, 'gy': -0.49, 'gz': 12.14}, {'t_us': 386394272, 'ax': -0.78, 'ay': 0.29, 'az': 0.28, 'gx': 12.89, 'gy': 2.32, 'gz': 5.24}, {'t_us': 386414301, 'ax': -0.59, 'ay': 0.21, 'az': 0.26, 'gx': 5.13, 'gy': 7.65, 'gz': 10.64}, {'t_us': 386434271, 'ax': -0.48, 'ay': 0.14, 'az': 0.19, 'gx': -10.41, 'gy': 11.73, 'gz': 16.06}]",2026-02-18 09:43:38,0.0
"[{'t_us': 386458819, 'ax': -0.44, 'ay': 0.1, 'az': 0.15, 'gx': -18.87, 'gy': 9.04, 'gz': 9.91}, {'t_us': 386474271, 'ax': -0.39, 'ay': 0.16, 'az': 0.1, 'gx': -21.89, 'gy': 5.13, 'gz': 2.72}, {'t_us': 386494277, 'ax': -0.34, 'ay': 0.22, 'az': 0.03, 'gx': -23.88, 'gy': 1.07, 'gz': -4.67}, {'t_us': 386514303, 'ax': -0.37, 'ay': 0.28, 'az': -0.05, 'gx': -26.56, 'gy': -12.76, 'gz': -13.82}, {'t_us': 386534281, 'ax': -0.36, 'ay': 0.2, 'az': -0.12, 'gx': -23.08, 'gy': -15.48, 'gz': -20.26}]",2026-02-18 09:43:38,0.0
"[{'t_us': 386558851, 'ax': -0.42, 'ay': 0.06, 'az': -0.14, 'gx': -13.02, 'gy': -15.07, 'gz': -27.07}, {'t_us': 386574269, 'ax': -0.53, 'ay': -0.1, 'az': -0.26, 'gx': -7.37, 'gy': -12.98, 'gz': -27.51}, {'t_us': 386594288, 'ax': -0.8, 'ay': -0.4, 'az': -0.08, 'gx': 5.73, 'gy': -6.23, 'gz': -17.6}, {'t_us': 386614308, 'ax': -1.18, 'ay': -0.62, 'az': 0.25, 'gx': 19.57, 'gy': 4.18, 'gz': 16.15}, {'t_us': 386634312, 'ax': -1.67, 'ay': -0.51, 'az': 0.44, 'gx': 19.54, 'gy': 27.86, 'gz': 46.27}]",2026-02-18 09:43:38,0.0
"[{'t_us': 386658820, 'ax': -1.68, 'ay': 0.24, 'az': 0.09, 'gx': -1.51, 'gy': 1.05, 'gz': 29.25}, {'t_us': 386674265, 'ax': -1.35, 'ay': 0.45, 'az': 0.18, 'gx': 0.81, 'gy': -20.05, 'gz': 12.26}, {'t_us': 386694296, 'ax': -1.03, 'ay': 0.71, 'az': 0.56, 'gx': -7.53, 'gy': -6.35, 'gz': 4.84}, {'t_us': 386714303, 'ax': -1.21, 'ay': 0.66, 'az': 0.7, 'gx': -28.56, 'gy': 15.66, 'gz': 0.98}, {'t_us': 386734281, 'ax': -1.31, 'ay': 0.46, 'az': 0.59, 'gx': -49.15, 'gy': 20.64, 'gz': -1.1}]",2026-02-18 09:43:38,0.0
"[{'t_us': 386758480, 'ax': -1.52, 'ay': 0.23, 'az': 0.3, 'gx': -84.61, 'gy': 24.37, 'gz': -10.46}, {'t_us': 386774288, 'ax': -1.53, 'ay': 0.07, 'az': 0.16, 'gx': -96.37, 'gy': 8.43, 'gz': -13.01}, {'t_us': 386794281, 'ax': -1.21, 'ay': -0.18, 'az': 0.17, 'gx': -90.84, 'gy': -2.58, 'gz': -10.34}, {'t_us': 386814309, 'ax': -0.94, 'ay': -0.28, 'az': 0.17, 'gx': -79.27, 'gy': -3.74, 'gz': -6.38}, {'t_us': 386834336, 'ax': -0.7, 'ay': -0.22, 'az': 0.19, 'gx': -67.74, 'gy': 4.38, 'gz': -6.75}]",2026-02-18 09:43:39,0.0
"[{'t_us': 386859042, 'ax': -0.51, 'ay': -0.11, 'az': 0.14, 'gx': -60.21, 'gy': 12.53, 'gz': -4.0}, {'t_us': 386874304, 'ax': -0.39, 'ay': -0.04, 'az': 0.12, 'gx': -58.75, 'gy': 15.62, 'gz': 2.87}, {'t_us': 386894312, 'ax': -0.32, 'ay': 0.02, 'az': 0.09, 'gx': -61.57, 'gy': 6.12, 'gz': 16.4}, {'t_us': 386914255, 'ax': -0.3, 'ay': -0.1, 'az': -0.03, 'gx': -59.71, 'gy': 2.06, 'gz': 32.03}, {'t_us': 386934291, 'ax': -0.36, 'ay': -0.05, 'az': -0.04, 'gx': -50.2, 'gy': -10.53, 'gz': 35.77}]",2026-02-18 09:43:39,0.0
"[{'t_us': 386960881, 'ax': -0.35, 'ay': -0.16, 'az': -0.16, 'gx': -34.89, 'gy': -26.78, 'gz': 28.26}, {'t_us': 386974300, 'ax': -0.34, 'ay': -0.22, 'az': -0.21, 'gx': -26.34, 'gy': -25.65, 'gz': 24.18}, {'t_us': 386994303, 'ax': -0.53, 'ay': -0.12, 'az': -0.11, 'gx': -22.49, 'gy': -4.49, 'gz': 14.99}, {'t_us': 387014262, 'ax': -0.79, 'ay': 0.17, 'az': 0.08, 'gx': -35.22, 'gy': 11.94, 'gz': 4.52}, {'t_us': 387034321, 'ax': -1.1, 'ay': 0.6, 'az': 0.42, 'gx': -55.25, 'gy': 12.41, 'gz': -2.95}]",2026-02-18 09:43:39,0.0
"[{'t_us': 387060283, 'ax': -1.63, 'ay': 0.87, 'az': 0.59, 'gx': -61.44, 'gy': 7.77, 'gz': -4.12}, {'t_us': 387074277, 'ax': -1.67, 'ay': 0.66, 'az': 0.52, 'gx': -68.2, 'gy': 4.63, 'gz': -4.43}, {'t_us': 387094262, 'ax': -1.41, 'ay': 0.11, 'az': 0.34, 'gx': -82.17, 'gy': -7.76, 'gz': 7.54}, {'t_us': 387114353, 'ax': -1.1, 'ay': -0.4, 'az': 0.27, 'gx': -65.65, 'gy': -10.23, 'gz': 8.34}, {'t_us': 387134296, 'ax': -0.99, 'ay': -0.69, 'az': 0.37, 'gx': -33.82, 'gy': 17.19, 'gz': 10.9}]",2026-02-18 09:43:39,0.0
"[{'t_us': 387159008, 'ax': -1.2, 'ay': -0.38, 'az': 0.36, 'gx': -25.31, 'gy': 48.76, 'gz': 32.66}, {'t_us': 387174296, 'ax': -1.41, 'ay': -0.03, 'az': 0.27, 'gx': -24.2, 'gy': 46.79, 'gz': 43.44}, {'t_us': 387194277, 'ax': -1.45, 'ay': 0.3, 'az': 0.21, 'gx': -19.8, 'gy': 30.75, 'gz': 40.55}, {'t_us': 387214312, 'ax': -1.25, 'ay': 0.5, 'az': 0.21, 'gx': -17.85, 'gy': 19.31, 'gz': 29.6}, {'t_us': 387234288, 'ax': -0.97, 'ay': 0.48, 'az': 0.25, 'gx': -24.2, 'gy': 5.37, 'gz': 22.06}]",2026-02-18 09:43:39,0.0
"[{'t_us': 387259041, 'ax': -0.7, 'ay': 0.3, 'az': 0.23, 'gx': -36.26, 'gy': 8.87, 'gz': 24.09}, {'t_us': 387274301, 'ax': -0.62, 'ay': 0.2, 'az': 0.21, 'gx': -45.22, 'gy': 13.11, 'gz': 22.82}, {'t_us': 387294300, 'ax': -0.52, 'ay': 0.13, 'az': 0.19, 'gx': -57.48, 'gy': 14.46, 'gz': 20.43}, {'t_us': 387314321, 'ax': -0.43, 'ay': 0.12, 'az': 0.14, 'gx': -64.5, 'gy': 8.23, 'gz': 19.68}, {'t_us': 387334262, 'ax': -0.29, 'ay': 0.14, 'az': 0.06, 'gx': -69.45, 'gy': -0.5, 'gz': 16.73}]",2026-02-18 09:43:39,0.0
"[{'t_us': 387360703, 'ax': -0.31, 'ay': 0.2, 'az': -0.02, 'gx': -73.42, 'gy': 0.05, 'gz': 9.07}, {'t_us': 387376088, 'ax': -0.34, 'ay': 0.24, 'az': -0.1, 'gx': -74.17, 'gy': -4.61, 'gz': 3.28}, {'t_us': 387394305, 'ax': -0.39, 'ay': 0.21, 'az': -0.17, 'gx': -72.43, 'gy': -8.89, 'gz': -2.79}, {'t_us': 387414271, 'ax': -0.52, 'ay': 0.09, 'az': -0.27, 'gx': -62.85, 'gy': -5.33, 'gz': -5.3}, {'t_us': 387434288, 'ax': -0.9, 'ay': -0.19, 'az': -0.23, 'gx': -48.23, 'gy': 0.41, 'gz': -0.78}]",2026-02-18 09:43:39,0.0
"[{'t_us': 387460616, 'ax': -1.33, 'ay': -0.62, 'az': 0.24, 'gx': -27.18, 'gy': -4.23, 'gz': 20.95}, {'t_us': 387474291, 'ax': -1.63, 'ay': -0.61, 'az': 0.48, 'gx': -22.21, 'gy': 11.97, 'gz': 36.73}, {'t_us': 387494277, 'ax': -1.6, 'ay': -0.24, 'az': 0.29, 'gx': -36.47, 'gy': 3.02, 'gz': 32.61}, {'t_us': 387514281, 'ax': -1.3, 'ay': 0.17, 'az': 0.17, 'gx': -32.08, 'gy': -14.64, 'gz': 22.56}, {'t_us': 387534295, 'ax': -1.05, 'ay': 0.41, 'az': 0.35, 'gx': -23.91, 'gy': -1.79, 'gz': 17.07}]",2026-02-18 09:43:39,0.0
"[{'t_us': 387560919, 'ax': -1.39, 'ay': 0.47, 'az': 0.58, 'gx': -31.05, 'gy': 16.61, 'gz': 10.26}, {'t_us': 387574298, 'ax': -1.47, 'ay': 0.36, 'az': 0.54, 'gx': -37.39, 'gy': 19.76, 'gz': 2.56}, {'t_us': 387594316, 'ax': -1.58, 'ay': 0.25, 'az': 0.38, 'gx': -60.37, 'gy': 21.82, 'gz': -9.04}, {'t_us': 387614312, 'ax': -1.58, 'ay': 0.08, 'az': 0.16, 'gx': -77.13, 'gy': 5.05, 'gz': -13.94}, {'t_us': 387634324, 'ax': -1.21, 'ay': -0.07, 'az': 0.22, 'gx': -80.27, 'gy': -4.67, 'gz': -6.11}]",2026-02-18 09:43:39,0.0
"[{'t_us': 387659496, 'ax': -0.92, 'ay': -0.14, 'az': 0.22, 'gx': -69.53, 'gy': 1.63, 'gz': -2.78}, {'t_us': 387674288, 'ax': -0.77, 'ay': -0.13, 'az': 0.25, 'gx': -61.95, 'gy': 7.36, 'gz': -2.78}, {'t_us': 387694291, 'ax': -0.62, 'ay': -0.1, 'az': 0.2, 'gx': -56.93, 'gy': 18.26, 'gz': -2.24}, {'t_us': 387714296, 'ax': -0.54, 'ay': -0.05, 'az': 0.15, 'gx': -57.98, 'gy': 16.55, 'gz': 2.73}, {'t_us': 387734321, 'ax': -0.39, 'ay': -0.03, 'az': 0.09, 'gx': -59.45, 'gy': 7.3, 'gz': 14.64}]",2026-02-18 09:43:39,0.0
"[{'t_us': 387759000, 'ax': -0.26, 'ay': -0.04, 'az': -0.04, 'gx': -52.34, 'gy': -4.7, 'gz': 34.76}, {'t_us': 387774288, 'ax': -0.29, 'ay': 0.02, 'az': -0.03, 'gx': -50.38, 'gy': -14.05, 'gz': 38.6}, {'t_us': 387794308, 'ax': -0.31, 'ay': -0.05, 'az': -0.1, 'gx': -52.84, 'gy': -30.53, 'gz': 37.07}, {'t_us': 387814262, 'ax': -0.21, 'ay': -0.13, 'az': -0.26, 'gx': -47.88, 'gy': -26.81, 'gz': 38.44}, {'t_us': 387834271, 'ax': -0.4, 'ay': -0.01, 'az': -0.24, 'gx': -46.87, 'gy': -3.27, 'gz': 33.21}]",2026-02-18 09:43:40,0.0
"[{'t_us': 387862303, 'ax': -1.03, 'ay': 0.48, 'az': 0.2, 'gx': -63.74, 'gy': 14.61, 'gz': 5.54}, {'t_us': 387874271, 'ax': -1.18, 'ay': 0.56, 'az': 0.3, 'gx': -67.53, 'gy': 14.18, 'gz': -5.79}, {'t_us': 387894308, 'ax': -1.59, 'ay': 0.73, 'az': 0.52, 'gx': -58.29, 'gy': -0.35, 'gz': -16.9}, {'t_us': 387914303, 'ax': -1.55, 'ay': 0.49, 'az': 0.49, 'gx': -60.29, 'gy': 6.53, 'gz': -10.98}, {'t_us': 387934312, 'ax': -1.24, 'ay': 0.02, 'az': 0.26, 'gx': -69.5, 'gy': -13.19, 'gz': -2.78}]",2026-02-18 09:43:40,0.0
"[{'t_us': 387958878, 'ax': -0.79, 'ay': -0.5, 'az': 0.37, 'gx': -44.5, 'gy': 7.27, 'gz': 12.23}, {'t_us': 387974296, 'ax': -0.83, 'ay': -0.55, 'az': 0.54, 'gx': -32.9, 'gy': 41.92, 'gz': 17.04}, {'t_us': 387994305, 'ax': -1.06, 'ay': -0.34, 'az': 0.44, 'gx': -28.11, 'gy': 72.08, 'gz': 27.56}, {'t_us': 388014288, 'ax': -1.45, 'ay': 0.02, 'az': 0.27, 'gx': -20.89, 'gy': 72.82, 'gz': 32.85}, {'t_us': 388034308, 'ax': -1.71, 'ay': 0.35, 'az': 0.12, 'gx': -7.66, 'gy': 50.73, 'gz': 21.83}]",2026-02-18 09:43:40,0.0
"[{'t_us': 388060035, 'ax': -1.29, 'ay': 0.39, 'az': 0.07, 'gx': -2.17, 'gy': 16.85, 'gz': 12.87}, {'t_us': 388074266, 'ax': -1.05, 'ay': 0.3, 'az': 0.04, 'gx': 0.27, 'gy': 3.57, 'gz': 16.05}, {'t_us': 388094298, 'ax': -0.79, 'ay': 0.12, 'az': 0.13, 'gx': -0.43, 'gy': -3.25, 'gz': 21.45}, {'t_us': 388114271, 'ax': -0.6, 'ay': 0.06, 'az': 0.2, 'gx': -10.93, 'gy': 9.63, 'gz': 19.4}, {'t_us': 388134321, 'ax': -0.55, 'ay': 0.03, 'az': 0.18, 'gx': -19.8, 'gy': 22.27, 'gz': 15.83}]",2026-02-18 09:43:40,0.0
"[{'t_us': 388159446, 'ax': -0.53, 'ay': 0.2, 'az': 0.06, 'gx': -21.79, 'gy': 27.74, 'gz': 2.43}, {'t_us': 388174277, 'ax': -0.53, 'ay': 0.23, 'az': -0.02, 'gx': -20.58, 'gy': 31.13, 'gz': -9.59}, {'t_us': 388194309, 'ax': -0.54, 'ay': 0.22, 'az': -0.05, 'gx': -18.32, 'gy': 14.4, 'gz': -20.31}, {'t_us': 388214316, 'ax': -0.41, 'ay': 0.18, 'az': -0.09, 'gx': -16.72, 'gy': 1.98, 'gz': -30.09}, {'t_us': 388234277, 'ax': -0.39, 'ay': 0.08, 'az': -0.16, 'gx': -14.41, 'gy': -3.98, 'gz': -35.66}]",2026-02-18 09:43:41,0.0
"[{'t_us': 388258759, 'ax': -0.48, 'ay': -0.01, 'az': -0.24, 'gx': -15.15, 'gy': -10.63, 'gz': -32.06}, {'t_us': 388274285, 'ax': -0.56, 'ay': -0.21, 'az': -0.28, 'gx': -13.73, 'gy': -3.28, 'gz': -20.46}, {'t_us': 388294277, 'ax': -0.97, 'ay': -0.33, 'az': -0.06, 'gx': -6.67, 'gy': -0.61, 'gz': 4.93}, {'t_us': 388314271, 'ax': -1.5, 'ay': -0.22, 'az': 0.5, 'gx': -19.95, 'gy': 5.25, 'gz': 44.05}, {'t_us': 388334296, 'ax': -1.67, 'ay': -0.02, 'az': 0.35, 'gx': -53.11, 'gy': -3.48, 'gz': 41.42}]",2026-02-18 09:43:41,0.0
"[{'t_us': 388358962, 'ax': -1.45, 'ay': 0.19, 'az': 0.14, 'gx': -48.55, 'gy': -21.22, 'gz': 18.17}, {'t_us': 388374309, 'ax': -1.11, 'ay': 0.35, 'az': 0.3, 'gx': -32.32, 'gy': -26.37, 'gz': 6.95}, {'t_us': 388394277, 'ax': -1.11, 'ay': 0.42, 'az': 0.56, 'gx': -26.96, 'gy': -22.93, 'gz': -2.29}, {'t_us': 388414303, 'ax': -1.34, 'ay': 0.25, 'az': 0.51, 'gx': -32.73, 'gy': -4.38, 'gz': 1.69}, {'t_us': 388434281, 'ax': -1.44, 'ay': 0.15, 'az': 0.37, 'gx': -49.28, 'gy': -12.35, 'gz': -0.4}]",2026-02-18 09:43:41,0.0
"[{'t_us': 388460493, 'ax': -1.44, 'ay': 0.04, 'az': 0.23, 'gx': -75.19, 'gy': -21.85, 'gz': 0.73}, {'t_us': 388474274, 'ax': -1.26, 'ay': 0.01, 'az': 0.23, 'gx': -76.11, 'gy': -20.38, 'gz': -1.63}, {'t_us': 388494271, 'ax': -0.91, 'ay': -0.08, 'az': 0.22, 'gx': -68.7, 'gy': -7.34, 'gz': -7.37}, {'t_us': 388514296, 'ax': -0.7, 'ay': -0.17, 'az': 0.23, 'gx': -55.01, 'gy': 7.47, 'gz': -9.98}, {'t_us': 388534321, 'ax': -0.61, 'ay': -0.17, 'az': 0.14, 'gx': -46.95, 'gy': 16.67, 'gz': -10.03}]",2026-02-18 09:43:41,0.0
"[{'t_us': 388559294, 'ax': -0.48, 'ay': -0.09, 'az': 0.07, 'gx': -46.89, 'gy': 18.67, 'gz': 0.52}, {'t_us': 388574277, 'ax': -0.45, 'ay': -0.05, 'az': 0.05, 'gx': -48.64, 'gy': 14.9, 'gz': 12.84}, {'t_us': 388594255, 'ax': -0.36, 'ay': 0.01, 'az': -0.02, 'gx': -49.57, 'gy': 4.89, 'gz': 28.06}, {'t_us': 388614326, 'ax': -0.37, 'ay': 0.04, 'az': -0.0, 'gx': -50.29, 'gy': 1.73, 'gz': 31.22}, {'t_us': 388634291, 'ax': -0.34, 'ay': 0.01, 'az': -0.14, 'gx': -53.97, 'gy': -13.79, 'gz': 31.1}]",2026-02-18 09:43:41,0.0
"[{'t_us': 388658834, 'ax': -0.38, 'ay': -0.01, 'az': -0.18, 'gx': -52.34, 'gy': -13.27, 'gz': 36.82}, {'t_us': 388674262, 'ax': -0.63, 'ay': 0.1, 'az': -0.11, 'gx': -53.79, 'gy': -3.05, 'gz': 32.64}, {'t_us': 388694262, 'ax': -0.97, 'ay': 0.28, 'az': 0.1, 'gx': -61.57, 'gy': 12.2, 'gz': 20.4}, {'t_us': 388714291, 'ax': -1.3, 'ay': 0.45, 'az': 0.37, 'gx': -63.59, 'gy': 5.42, 'gz': 10.32}, {'t_us': 388734321, 'ax': -1.75, 'ay': 0.38, 'az': 0.52, 'gx': -57.77, 'gy': 6.09, 'gz': 2.67}]",2026-02-18 09:43:41,0.0
"[{'t_us': 388760571, 'ax': -1.4, 'ay': -0.01, 'az': 0.26, 'gx': -72.05, 'gy': -13.88, 'gz': 2.17}, {'t_us': 388774288, 'ax': -1.14, 'ay': -0.17, 'az': 0.27, 'gx': -63.16, 'gy': -35.21, 'gz': 7.57}, {'t_us': 388794273, 'ax': -0.93, 'ay': -0.33, 'az': 0.39, 'gx': -41.79, 'gy': -16.56, 'gz': 13.88}, {'t_us': 388814300, 'ax': -1.17, 'ay': -0.25, 'az': 0.41, 'gx': -25.53, 'gy': 19.02, 'gz': 19.88}, {'t_us': 388834281, 'ax': -1.42, 'ay': 0.02, 'az': 0.3, 'gx': -25.15, 'gy': 26.84, 'gz': 22.93}]",2026-02-18 09:43:41,0.0
"[{'t_us': 388874321, 'ax': -1.18, 'ay': 0.23, 'az': 0.21, 'gx': -24.41, 'gy': -3.48, 'gz': 22.29}, {'t_us': 388894271, 'ax': -0.86, 'ay': 0.25, 'az': 0.28, 'gx': -26.7, 'gy': -9.59, 'gz': 21.28}, {'t_us': 388914300, 'ax': -0.59, 'ay': 0.19, 'az': 0.25, 'gx': -29.37, 'gy': -0.79, 'gz': 26.32}, {'t_us': 388934281, 'ax': -0.54, 'ay': 0.15, 'az': 0.2, 'gx': -30.81, 'gy': 7.28, 'gz': 31.4}]",2026-02-18 09:43:41,0.0
"[{'t_us': 388958745, 'ax': -0.54, 'ay': 0.11, 'az': 0.14, 'gx': -30.61, 'gy': 6.2, 'gz': 28.17}, {'t_us': 388974309, 'ax': -0.51, 'ay': 0.11, 'az': 0.08, 'gx': -31.08, 'gy': 2.43, 'gz': 21.62}, {'t_us': 388994312, 'ax': -0.47, 'ay': 0.08, 'az': -0.0, 'gx': -29.63, 'gy': 1.51, 'gz': 13.86}, {'t_us': 389014277, 'ax': -0.44, 'ay': 0.08, 'az': -0.05, 'gx': -25.45, 'gy': 3.47, 'gz': 1.85}, {'t_us': 389034305, 'ax': -0.42, 'ay': 0.13, 'az': -0.14, 'gx': -21.42, 'gy': 4.4, 'gz': -4.34}]",2026-02-18 09:43:41,0.0
"[{'t_us': 389060390, 'ax': -0.58, 'ay': 0.07, 'az': -0.22, 'gx': -8.2, 'gy': -2.32, 'gz': -14.17}, {'t_us': 389074330, 'ax': -0.7, 'ay': -0.09, 'az': -0.22, 'gx': -1.74, 'gy': -4.98, 'gz': -14.49}, {'t_us': 389094316, 'ax': -1.02, 'ay': -0.33, 'az': 0.06, 'gx': 10.5, 'gy': -4.37, 'gz': -12.78}, {'t_us': 389114312, 'ax': -1.23, 'ay': -0.56, 'az': 0.49, 'gx': 15.65, 'gy': 14.35, 'gz': 4.24}, {'t_us': 389134317, 'ax': -1.58, 'ay': -0.35, 'az': 0.51, 'gx': 13.15, 'gy': 33.68, 'gz': 30.58}]",2026-02-18 09:43:41,0.0
"[{'t_us': 389160973, 'ax': -1.43, 'ay': 0.45, 'az': 0.32, 'gx': -6.18, 'gy': -16.24, 'gz': 20.64}, {'t_us': 389174281, 'ax': -1.15, 'ay': 0.65, 'az': 0.48, 'gx': -13.98, 'gy': -26.08, 'gz': 17.83}, {'t_us': 389194291, 'ax': -1.12, 'ay': 0.7, 'az': 0.55, 'gx': -40.67, 'gy': 9.85, 'gz': 7.83}, {'t_us': 389214288, 'ax': -1.41, 'ay': 0.47, 'az': 0.44, 'gx': -47.59, 'gy': 23.47, 'gz': -6.76}, {'t_us': 389234288, 'ax': -1.49, 'ay': 0.21, 'az': 0.36, 'gx': -58.2, 'gy': 9.31, 'gz': -15.83}]",2026-02-18 09:43:41,0.0
"[{'t_us': 389261242, 'ax': -1.37, 'ay': -0.13, 'az': 0.13, 'gx': -71.02, 'gy': 1.4, 'gz': -20.46}, {'t_us': 389274276, 'ax': -1.15, 'ay': -0.16, 'az': 0.18, 'gx': -71.74, 'gy': -9.8, 'gz': -13.24}, {'t_us': 389294312, 'ax': -0.84, 'ay': -0.19, 'az': 0.23, 'gx': -69.01, 'gy': -8.89, 'gz': -5.05}, {'t_us': 389314308, 'ax': -0.62, 'ay': -0.2, 'az': 0.2, 'gx': -57.42, 'gy': 14.73, 'gz': -4.9}, {'t_us': 389334271, 'ax': -0.5, 'ay': -0.25, 'az': 0.13, 'gx': -45.62, 'gy': 25.05, 'gz': -4.98}]",2026-02-18 09:43:41,0.0
"[{'t_us': 389360569, 'ax': -0.43, 'ay': -0.17, 'az': 0.07, 'gx': -34.56, 'gy': 34.53, 'gz': -6.82}, {'t_us': 389374291, 'ax': -0.39, 'ay': -0.15, 'az': 0.03, 'gx': -32.63, 'gy': 29.69, 'gz': -3.44}, {'t_us': 389394291, 'ax': -0.29, 'ay': -0.15, 'az': -0.05, 'gx': -26.49, 'gy': 12.84, 'gz': 10.85}, {'t_us': 389414277, 'ax': -0.3, 'ay': -0.13, 'az': -0.1, 'gx': -19.95, 'gy': 3.16, 'gz': 16.37}, {'t_us': 389434303, 'ax': -0.33, 'ay': -0.03, 'az': -0.2, 'gx': -21.25, 'gy': -3.66, 'gz': 20.78}]",2026-02-18 09:43:41,0.0
"[{'t_us': 389460832, 'ax': -0.52, 'ay': 0.11, 'az': -0.13, 'gx': -19.6, 'gy': 7.62, 'gz': 19.86}, {'t_us': 389474265, 'ax': -0.68, 'ay': 0.23, 'az': 0.01, 'gx': -27.63, 'gy': 11.24, 'gz': 17.15}, {'t_us': 389494300, 'ax': -1.0, 'ay': 0.53, 'az': 0.2, 'gx': -39.1, 'gy': 10.41, 'gz': 11.54}, {'t_us': 389514255, 'ax': -1.59, 'ay': 0.9, 'az': 0.6, 'gx': -39.48, 'gy': -3.16, 'gz': -2.67}, {'t_us': 389534316, 'ax': -1.87, 'ay': 0.63, 'az': 0.62, 'gx': -49.54, 'gy': 10.11, 'gz': -8.93}]",2026-02-18 09:43:41,0.0
"[{'t_us': 389559165, 'ax': -1.28, 'ay': -0.19, 'az': 0.2, 'gx': -58.12, 'gy': -32.98, 'gz': 10.96}, {'t_us': 389574308, 'ax': -0.99, 'ay': -0.28, 'az': 0.24, 'gx': -42.99, 'gy': -31.5, 'gz': 11.65}, {'t_us': 389594277, 'ax': -0.89, 'ay': -0.44, 'az': 0.32, 'gx': -16.21, 'gy': 7.54, 'gz': 8.52}, {'t_us': 389614281, 'ax': -1.01, 'ay': -0.24, 'az': 0.32, 'gx': -1.02, 'gy': 36.14, 'gz': 14.84}, {'t_us': 389634311, 'ax': -1.4, 'ay': 0.03, 'az': 0.28, 'gx': -0.52, 'gy': 38.43, 'gz': 28.15}]",2026-02-18 09:43:41,0.0
"[{'t_us': 389659028, 'ax': -1.54, 'ay': 0.42, 'az': 0.22, 'gx': -4.06, 'gy': 3.19, 'gz': 22.87}, {'t_us': 389674255, 'ax': -1.32, 'ay': 0.52, 'az': 0.25, 'gx': -10.0, 'gy': -14.92, 'gz': 9.97}, {'t_us': 389694255, 'ax': -0.89, 'ay': 0.41, 'az': 0.32, 'gx': -12.43, 'gy': -12.49, 'gz': 1.73}, {'t_us': 389714281, 'ax': -0.62, 'ay': 0.29, 'az': 0.35, 'gx': -21.54, 'gy': 5.19, 'gz': 6.38}, {'t_us': 389734300, 'ax': -0.56, 'ay': 0.17, 'az': 0.23, 'gx': -40.17, 'gy': 19.54, 'gz': 12.35}]",2026-02-18 09:43:41,0.0
"[{'t_us': 389760407, 'ax': -0.59, 'ay': 0.07, 'az': 0.12, 'gx': -48.93, 'gy': 3.48, 'gz': 17.37}, {'t_us': 389774300, 'ax': -0.59, 'ay': 0.14, 'az': 0.08, 'gx': -50.79, 'gy': -9.22, 'gz': 14.9}, {'t_us': 389794308, 'ax': -0.45, 'ay': 0.22, 'az': -0.0, 'gx': -46.44, 'gy': -20.11, 'gz': 7.69}, {'t_us': 389814300, 'ax': -0.38, 'ay': 0.17, 'az': -0.08, 'gx': -34.08, 'gy': -11.24, 'gz': -5.25}, {'t_us': 389834274, 'ax': -0.33, 'ay': 0.1, 'az': -0.11, 'gx': -25.97, 'gy': 2.52, 'gz': -20.18}]",2026-02-18 09:43:42,0.0
"[{'t_us': 389860867, 'ax': -0.33, 'ay': -0.1, 'az': -0.18, 'gx': -14.27, 'gy': -3.13, 'gz': -24.41}, {'t_us': 389874718, 'ax': -0.51, 'ay': -0.23, 'az': -0.21, 'gx': -3.56, 'gy': 10.76, 'gz': -24.99}, {'t_us': 389894300, 'ax': -0.85, 'ay': -0.45, 'az': -0.11, 'gx': 16.56, 'gy': 20.79, 'gz': -15.73}, {'t_us': 389914277, 'ax': -1.49, 'ay': -0.61, 'az': 0.28, 'gx': 40.11, 'gy': 16.75, 'gz': 5.6}, {'t_us': 389934277, 'ax': -2.0, 'ay': -0.39, 'az': 0.39, 'gx': 51.08, 'gy': 43.28, 'gz': 27.36}]",2026-02-18 09:43:42,
