samples,timestamp,label
"[{'t_us': 466096402, 'ax': -0.86, 'ay': -0.1, 'az': -0.48, 'gx': 1.71, 'gy': 6.05, 'gz': 0.6}, {'t_us': 466098994, 'ax': -0.87, 'ay': -0.1, 'az': -0.48, 'gx': 1.89, 'gy': 6.4, 'gz': 0.52}, {'t_us': 466101215, 'ax': -0.88, 'ay': -0.1, 'az': -0.49, 'gx': 1.92, 'gy': 6.34, 'gz': 0.52}, {'t_us': 466103371, 'ax': -0.87, 'ay': -0.1, 'az': -0.48, 'gx': 2.2, 'gy': 6.47, 'gz': 0.66}, {'t_us': 466105723, 'ax': -0.88, 'ay': -0.1, 'az': -0.49, 'gx': 2.03, 'gy': 6.81, 'gz': 0.52}]",2026-02-13 10:47:10,0.0
"[{'t_us': 466160688, 'ax': -0.86, 'ay': -0.08, 'az': -0.49, 'gx': 2.6, 'gy': 8.0, 'gz': 1.56}, {'t_us': 466162774, 'ax': -0.87, 'ay': -0.09, 'az': -0.5, 'gx': 2.98, 'gy': 8.02, 'gz': 1.44}, {'t_us': 466164721, 'ax': -0.87, 'ay': -0.09, 'az': -0.5, 'gx': 2.78, 'gy': 8.0, 'gz': 1.34}, {'t_us': 466166675, 'ax': -0.87, 'ay': -0.08, 'az': -0.49, 'gx': 2.5, 'gy': 8.09, 'gz': 1.4}, {'t_us': 466168613, 'ax': -0.87, 'ay': -0.08, 'az': -0.5, 'gx': 2.5, 'gy': 8.09, 'gz': 1.4}]",2026-02-13 10:47:10,0.0
"[{'t_us': 466258073, 'ax': -0.86, 'ay': -0.08, 'az': -0.5, 'gx': 1.34, 'gy': 5.51, 'gz': 0.73}, {'t_us': 466260180, 'ax': -0.86, 'ay': -0.08, 'az': -0.5, 'gx': 1.34, 'gy': 5.48, 'gz': 0.61}, {'t_us': 466262121, 'ax': -0.86, 'ay': -0.08, 'az': -0.5, 'gx': 1.19, 'gy': 5.57, 'gz': 0.72}, {'t_us': 466264062, 'ax': -0.86, 'ay': -0.08, 'az': -0.5, 'gx': 1.19, 'gy': 5.57, 'gz': 0.72}, {'t_us': 466266008, 'ax': -0.87, 'ay': -0.08, 'az': -0.49, 'gx': 1.04, 'gy': 5.79, 'gz': 0.64}]",2026-02-13 10:47:10,0.0
"[{'t_us': 466360570, 'ax': -0.86, 'ay': -0.08, 'az': -0.5, 'gx': -3.21, 'gy': 2.98, 'gz': -0.98}, {'t_us': 466362683, 'ax': -0.86, 'ay': -0.08, 'az': -0.5, 'gx': -3.27, 'gy': 2.92, 'gz': -0.79}, {'t_us': 466364619, 'ax': -0.86, 'ay': -0.08, 'az': -0.5, 'gx': -3.47, 'gy': 2.89, 'gz': -0.84}, {'t_us': 466366560, 'ax': -0.86, 'ay': -0.09, 'az': -0.49, 'gx': -3.79, 'gy': 2.66, 'gz': -0.87}, {'t_us': 466368496, 'ax': -0.86, 'ay': -0.08, 'az': -0.49, 'gx': -3.79, 'gy': 2.66, 'gz': -0.87}]",2026-02-13 10:47:10,0.0
"[{'t_us': 466458720, 'ax': -0.86, 'ay': -0.09, 'az': -0.49, 'gx': -5.57, 'gy': 1.98, 'gz': -1.5}, {'t_us': 466460808, 'ax': -0.86, 'ay': -0.09, 'az': -0.5, 'gx': -5.57, 'gy': 1.98, 'gz': -1.5}, {'t_us': 466462752, 'ax': -0.86, 'ay': -0.09, 'az': -0.5, 'gx': -5.71, 'gy': 2.14, 'gz': -1.6}, {'t_us': 466464704, 'ax': -0.86, 'ay': -0.09, 'az': -0.5, 'gx': -5.79, 'gy': 2.26, 'gz': -1.5}, {'t_us': 466466648, 'ax': -0.85, 'ay': -0.09, 'az': -0.5, 'gx': -5.68, 'gy': 2.49, 'gz': -1.51}]",2026-02-13 10:47:10,0.0
"[{'t_us': 466558630, 'ax': -0.86, 'ay': -0.09, 'az': -0.51, 'gx': -5.48, 'gy': 1.94, 'gz': -1.28}, {'t_us': 466560728, 'ax': -0.86, 'ay': -0.09, 'az': -0.5, 'gx': -5.48, 'gy': 1.94, 'gz': -1.28}, {'t_us': 466562680, 'ax': -0.86, 'ay': -0.09, 'az': -0.5, 'gx': -5.47, 'gy': 1.94, 'gz': -1.18}, {'t_us': 466564646, 'ax': -0.86, 'ay': -0.1, 'az': -0.51, 'gx': -5.27, 'gy': 2.14, 'gz': -1.22}, {'t_us': 466567414, 'ax': -0.85, 'ay': -0.09, 'az': -0.5, 'gx': -5.36, 'gy': 2.09, 'gz': -1.1}]",2026-02-13 10:47:10,0.0
"[{'t_us': 466661049, 'ax': -0.86, 'ay': -0.09, 'az': -0.48, 'gx': -5.83, 'gy': 2.37, 'gz': -1.56}, {'t_us': 466663183, 'ax': -0.86, 'ay': -0.09, 'az': -0.49, 'gx': -5.83, 'gy': 2.37, 'gz': -1.56}, {'t_us': 466665123, 'ax': -0.86, 'ay': -0.09, 'az': -0.49, 'gx': -5.6, 'gy': 2.23, 'gz': -1.5}, {'t_us': 466667061, 'ax': -0.86, 'ay': -0.1, 'az': -0.48, 'gx': -5.63, 'gy': 2.27, 'gz': -1.22}, {'t_us': 466669007, 'ax': -0.86, 'ay': -0.1, 'az': -0.48, 'gx': -5.44, 'gy': 2.26, 'gz': -1.27}]",2026-02-13 10:47:10,0.0
"[{'t_us': 466758522, 'ax': -0.87, 'ay': -0.09, 'az': -0.49, 'gx': -4.53, 'gy': 0.78, 'gz': -1.1}, {'t_us': 466760619, 'ax': -0.86, 'ay': -0.1, 'az': -0.48, 'gx': -4.53, 'gy': 0.78, 'gz': -1.1}, {'t_us': 466762561, 'ax': -0.87, 'ay': -0.1, 'az': -0.48, 'gx': -4.41, 'gy': 0.93, 'gz': -1.24}, {'t_us': 466764497, 'ax': -0.87, 'ay': -0.1, 'az': -0.49, 'gx': -4.56, 'gy': 1.07, 'gz': -1.21}, {'t_us': 466766433, 'ax': -0.87, 'ay': -0.1, 'az': -0.49, 'gx': -4.41, 'gy': 1.24, 'gz': -1.08}]",2026-02-13 10:47:10,0.0
"[{'t_us': 466859974, 'ax': -0.85, 'ay': -0.09, 'az': -0.49, 'gx': -3.77, 'gy': 2.12, 'gz': -0.58}, {'t_us': 466873285, 'ax': -0.86, 'ay': -0.08, 'az': -0.48, 'gx': -3.74, 'gy': 2.58, 'gz': -0.56}, {'t_us': 466893269, 'ax': -0.87, 'ay': -0.09, 'az': -0.49, 'gx': -4.06, 'gy': 2.58, 'gz': -0.7}, {'t_us': 466913321, 'ax': -0.86, 'ay': -0.09, 'az': -0.48, 'gx': -4.87, 'gy': 2.7, 'gz': -0.43}, {'t_us': 466933329, 'ax': -0.86, 'ay': -0.08, 'az': -0.48, 'gx': -4.96, 'gy': 2.72, 'gz': -0.52}]",2026-02-13 10:47:10,0.0
"[{'t_us': 466958777, 'ax': -0.87, 'ay': -0.08, 'az': -0.49, 'gx': -4.99, 'gy': 3.31, 'gz': -0.52}, {'t_us': 466973300, 'ax': -0.86, 'ay': -0.08, 'az': -0.5, 'gx': -4.82, 'gy': 3.54, 'gz': -0.46}, {'t_us': 466993317, 'ax': -0.86, 'ay': -0.09, 'az': -0.49, 'gx': -5.08, 'gy': 3.74, 'gz': -0.67}, {'t_us': 467013310, 'ax': -0.86, 'ay': -0.09, 'az': -0.5, 'gx': -4.99, 'gy': 3.56, 'gz': -0.2}, {'t_us': 467033274, 'ax': -0.87, 'ay': -0.09, 'az': -0.5, 'gx': -4.41, 'gy': 3.6, 'gz': -0.34}]",2026-02-13 10:47:10,0.0
"[{'t_us': 467057828, 'ax': -0.87, 'ay': -0.1, 'az': -0.49, 'gx': -4.18, 'gy': 3.68, 'gz': -0.05}, {'t_us': 467073333, 'ax': -0.87, 'ay': -0.09, 'az': -0.49, 'gx': -4.34, 'gy': 3.57, 'gz': -0.06}, {'t_us': 467093292, 'ax': -0.86, 'ay': -0.09, 'az': -0.5, 'gx': -4.05, 'gy': 3.4, 'gz': -0.08}, {'t_us': 467113310, 'ax': -0.86, 'ay': -0.09, 'az': -0.49, 'gx': -4.26, 'gy': 3.68, 'gz': 0.23}, {'t_us': 467133329, 'ax': -0.88, 'ay': -0.09, 'az': -0.5, 'gx': -4.2, 'gy': 2.73, 'gz': -0.05}]",2026-02-13 10:47:10,0.0
"[{'t_us': 467159474, 'ax': -0.86, 'ay': -0.09, 'az': -0.49, 'gx': -3.47, 'gy': 2.49, 'gz': 0.27}, {'t_us': 467173329, 'ax': -0.87, 'ay': -0.09, 'az': -0.49, 'gx': -3.51, 'gy': 1.76, 'gz': 0.21}, {'t_us': 467193333, 'ax': -0.87, 'ay': -0.09, 'az': -0.49, 'gx': -3.34, 'gy': 1.83, 'gz': 0.09}, {'t_us': 467213329, 'ax': -0.86, 'ay': -0.09, 'az': -0.48, 'gx': -3.15, 'gy': 2.95, 'gz': 0.17}, {'t_us': 467233274, 'ax': -0.86, 'ay': -0.09, 'az': -0.49, 'gx': -3.27, 'gy': 2.66, 'gz': 0.31}]",2026-02-13 10:47:11,0.0
"[{'t_us': 467257845, 'ax': -0.88, 'ay': -0.08, 'az': -0.49, 'gx': -3.4, 'gy': 0.44, 'gz': 0.2}, {'t_us': 467273275, 'ax': -0.87, 'ay': -0.09, 'az': -0.48, 'gx': -3.45, 'gy': -0.14, 'gz': 0.21}, {'t_us': 467293274, 'ax': -0.86, 'ay': -0.09, 'az': -0.48, 'gx': -3.97, 'gy': 0.21, 'gz': 0.41}, {'t_us': 467313321, 'ax': -0.87, 'ay': -0.09, 'az': -0.47, 'gx': -4.87, 'gy': 1.44, 'gz': 0.7}, {'t_us': 467333317, 'ax': -0.86, 'ay': -0.08, 'az': -0.48, 'gx': -4.79, 'gy': 2.61, 'gz': 0.38}]",2026-02-13 10:47:11,0.0
"[{'t_us': 467359903, 'ax': -0.87, 'ay': -0.08, 'az': -0.49, 'gx': -4.0, 'gy': 3.42, 'gz': -0.11}, {'t_us': 467373333, 'ax': -0.86, 'ay': -0.08, 'az': -0.48, 'gx': -3.54, 'gy': 3.44, 'gz': -0.23}, {'t_us': 467393333, 'ax': -0.87, 'ay': -0.08, 'az': -0.48, 'gx': -4.08, 'gy': 3.65, 'gz': -0.29}, {'t_us': 467413292, 'ax': -0.87, 'ay': -0.09, 'az': -0.48, 'gx': -4.75, 'gy': 3.51, 'gz': -0.18}, {'t_us': 467433329, 'ax': -0.86, 'ay': -0.08, 'az': -0.48, 'gx': -4.93, 'gy': 4.08, 'gz': -0.11}]",2026-02-13 10:47:11,0.0
"[{'t_us': 467460024, 'ax': -0.88, 'ay': -0.08, 'az': -0.48, 'gx': -4.72, 'gy': 4.31, 'gz': -0.14}, {'t_us': 467473317, 'ax': -0.87, 'ay': -0.07, 'az': -0.49, 'gx': -4.53, 'gy': 4.63, 'gz': -0.31}, {'t_us': 467493321, 'ax': -0.87, 'ay': -0.08, 'az': -0.48, 'gx': -4.61, 'gy': 4.0, 'gz': -0.41}, {'t_us': 467513326, 'ax': -0.87, 'ay': -0.07, 'az': -0.47, 'gx': -5.05, 'gy': 4.6, 'gz': -0.5}, {'t_us': 467533279, 'ax': -0.87, 'ay': -0.08, 'az': -0.49, 'gx': -4.64, 'gy': 6.05, 'gz': -0.5}]",2026-02-13 10:47:11,0.0
"[{'t_us': 467558131, 'ax': -0.87, 'ay': -0.08, 'az': -0.49, 'gx': -4.38, 'gy': 6.03, 'gz': -0.29}, {'t_us': 467573326, 'ax': -0.87, 'ay': -0.08, 'az': -0.49, 'gx': -4.12, 'gy': 6.12, 'gz': -0.41}, {'t_us': 467593329, 'ax': -0.87, 'ay': -0.09, 'az': -0.49, 'gx': -3.8, 'gy': 5.71, 'gz': 0.0}, {'t_us': 467613333, 'ax': -0.87, 'ay': -0.09, 'az': -0.49, 'gx': -3.51, 'gy': 5.54, 'gz': 0.46}, {'t_us': 467633267, 'ax': -0.87, 'ay': -0.08, 'az': -0.49, 'gx': -3.69, 'gy': 4.7, 'gz': 0.67}]",2026-02-13 10:47:11,0.0
"[{'t_us': 467659818, 'ax': -0.88, 'ay': -0.08, 'az': -0.5, 'gx': -3.42, 'gy': 2.84, 'gz': 0.63}, {'t_us': 467673317, 'ax': -0.87, 'ay': -0.07, 'az': -0.48, 'gx': -3.19, 'gy': 2.92, 'gz': 0.61}, {'t_us': 467693321, 'ax': -0.89, 'ay': -0.07, 'az': -0.48, 'gx': -3.18, 'gy': 0.82, 'gz': 0.53}, {'t_us': 467713275, 'ax': -0.88, 'ay': -0.07, 'az': -0.48, 'gx': -3.04, 'gy': -0.87, 'gz': 0.12}, {'t_us': 467733284, 'ax': -0.87, 'ay': -0.08, 'az': -0.47, 'gx': -2.61, 'gy': -1.74, 'gz': 0.14}]",2026-02-13 10:47:11,0.0
"[{'t_us': 467761081, 'ax': -0.87, 'ay': -0.09, 'az': -0.47, 'gx': -1.51, 'gy': -1.21, 'gz': 0.32}, {'t_us': 467773471, 'ax': -0.88, 'ay': -0.09, 'az': -0.48, 'gx': -1.37, 'gy': -0.92, 'gz': 0.38}, {'t_us': 467793270, 'ax': -0.87, 'ay': -0.09, 'az': -0.47, 'gx': -1.04, 'gy': -1.05, 'gz': 0.38}, {'t_us': 467813333, 'ax': -0.87, 'ay': -0.08, 'az': -0.47, 'gx': -1.74, 'gy': -1.76, 'gz': 0.87}, {'t_us': 467833270, 'ax': -0.88, 'ay': -0.07, 'az': -0.47, 'gx': -2.55, 'gy': -2.79, 'gz': 0.41}]",2026-02-13 10:47:11,0.0
"[{'t_us': 467859985, 'ax': -0.88, 'ay': -0.09, 'az': -0.48, 'gx': -2.31, 'gy': -3.1, 'gz': -0.96}, {'t_us': 467873321, 'ax': -0.86, 'ay': -0.1, 'az': -0.47, 'gx': -1.57, 'gy': -2.0, 'gz': -1.28}, {'t_us': 467893329, 'ax': -0.84, 'ay': -0.1, 'az': -0.47, 'gx': -0.85, 'gy': 0.67, 'gz': -0.63}, {'t_us': 467913311, 'ax': -0.87, 'ay': -0.09, 'az': -0.47, 'gx': -1.18, 'gy': 1.86, 'gz': 0.18}, {'t_us': 467933279, 'ax': -0.88, 'ay': -0.08, 'az': -0.47, 'gx': -1.94, 'gy': 1.21, 'gz': -0.05}]",2026-02-13 10:47:11,0.0
"[{'t_us': 467959846, 'ax': -0.87, 'ay': -0.07, 'az': -0.47, 'gx': -2.85, 'gy': 2.34, 'gz': -1.07}, {'t_us': 467973333, 'ax': -0.87, 'ay': -0.09, 'az': -0.47, 'gx': -3.15, 'gy': 3.05, 'gz': -1.3}, {'t_us': 467993333, 'ax': -0.87, 'ay': -0.1, 'az': -0.47, 'gx': -3.53, 'gy': 4.17, 'gz': -1.5}, {'t_us': 468013317, 'ax': -0.86, 'ay': -0.1, 'az': -0.48, 'gx': -3.77, 'gy': 5.69, 'gz': -0.95}, {'t_us': 468033267, 'ax': -0.86, 'ay': -0.09, 'az': -0.47, 'gx': -4.34, 'gy': 5.98, 'gz': -0.24}]",2026-02-13 10:47:11,0.0
"[{'t_us': 468057806, 'ax': -0.88, 'ay': -0.07, 'az': -0.47, 'gx': -6.05, 'gy': 4.29, 'gz': -0.31}, {'t_us': 468073306, 'ax': -0.89, 'ay': -0.07, 'az': -0.48, 'gx': -6.2, 'gy': 2.67, 'gz': -0.75}, {'t_us': 468093310, 'ax': -0.88, 'ay': -0.08, 'az': -0.48, 'gx': -5.48, 'gy': 2.27, 'gz': -1.68}, {'t_us': 468113267, 'ax': -0.87, 'ay': -0.1, 'az': -0.47, 'gx': -4.93, 'gy': 2.96, 'gz': -1.71}, {'t_us': 468133267, 'ax': -0.87, 'ay': -0.1, 'az': -0.47, 'gx': -4.93, 'gy': 3.07, 'gz': -1.33}]",2026-02-13 10:47:12,0.0
"[{'t_us': 468159630, 'ax': -0.87, 'ay': -0.08, 'az': -0.46, 'gx': -5.19, 'gy': 1.47, 'gz': -0.73}, {'t_us': 468173284, 'ax': -0.87, 'ay': -0.07, 'az': -0.46, 'gx': -5.19, 'gy': 1.47, 'gz': -1.05}, {'t_us': 468193317, 'ax': -0.86, 'ay': -0.08, 'az': -0.46, 'gx': -4.81, 'gy': 2.31, 'gz': -1.85}, {'t_us': 468213276, 'ax': -0.87, 'ay': -0.08, 'az': -0.48, 'gx': -5.4, 'gy': 3.02, 'gz': -1.31}, {'t_us': 468233278, 'ax': -0.87, 'ay': -0.09, 'az': -0.48, 'gx': -6.23, 'gy': 3.62, 'gz': -1.07}]",2026-02-13 10:47:12,0.0
"[{'t_us': 468260125, 'ax': -0.89, 'ay': -0.07, 'az': -0.47, 'gx': -7.91, 'gy': 4.82, 'gz': -0.5}, {'t_us': 468273329, 'ax': -0.88, 'ay': -0.06, 'az': -0.47, 'gx': -9.01, 'gy': 5.86, 'gz': -0.24}, {'t_us': 468293329, 'ax': -0.89, 'ay': -0.05, 'az': -0.47, 'gx': -10.6, 'gy': 8.03, 'gz': -1.08}, {'t_us': 468313321, 'ax': -0.89, 'ay': -0.05, 'az': -0.47, 'gx': -11.36, 'gy': 7.08, 'gz': -2.37}, {'t_us': 468333310, 'ax': -0.87, 'ay': -0.06, 'az': -0.49, 'gx': -10.9, 'gy': 7.48, 'gz': -3.57}]",2026-02-13 10:47:12,0.0
"[{'t_us': 468359434, 'ax': -0.87, 'ay': -0.05, 'az': -0.48, 'gx': -12.18, 'gy': 8.5, 'gz': -2.12}, {'t_us': 468373267, 'ax': -0.88, 'ay': -0.04, 'az': -0.48, 'gx': -13.37, 'gy': 8.27, 'gz': -1.53}, {'t_us': 468393267, 'ax': -0.88, 'ay': -0.02, 'az': -0.47, 'gx': -14.72, 'gy': 8.56, 'gz': -2.18}, {'t_us': 468413300, 'ax': -0.87, 'ay': -0.02, 'az': -0.48, 'gx': -14.23, 'gy': 10.76, 'gz': -3.83}, {'t_us': 468433274, 'ax': -0.88, 'ay': -0.04, 'az': -0.49, 'gx': -14.06, 'gy': 11.07, 'gz': -5.5}]",2026-02-13 10:47:12,0.0
"[{'t_us': 468460225, 'ax': -0.86, 'ay': -0.05, 'az': -0.48, 'gx': -14.82, 'gy': 9.57, 'gz': -5.51}, {'t_us': 468473329, 'ax': -0.85, 'ay': -0.05, 'az': -0.48, 'gx': -14.41, 'gy': 8.26, 'gz': -4.99}, {'t_us': 468493333, 'ax': -0.86, 'ay': -0.03, 'az': -0.49, 'gx': -13.07, 'gy': 7.44, 'gz': -4.58}, {'t_us': 468513329, 'ax': -0.88, 'ay': -0.03, 'az': -0.5, 'gx': -12.63, 'gy': 6.52, 'gz': -4.7}, {'t_us': 468533321, 'ax': -0.89, 'ay': -0.06, 'az': -0.51, 'gx': -14.47, 'gy': 4.49, 'gz': -5.83}]",2026-02-13 10:47:12,0.0
"[{'t_us': 468559637, 'ax': -0.86, 'ay': -0.09, 'az': -0.5, 'gx': -17.37, 'gy': 0.6, 'gz': -7.66}, {'t_us': 468573310, 'ax': -0.85, 'ay': -0.1, 'az': -0.5, 'gx': -17.6, 'gy': 2.5, 'gz': -8.11}, {'t_us': 468593317, 'ax': -0.84, 'ay': -0.11, 'az': -0.49, 'gx': -18.09, 'gy': 6.35, 'gz': -8.06}, {'t_us': 468613267, 'ax': -0.84, 'ay': -0.11, 'az': -0.51, 'gx': -18.9, 'gy': 7.74, 'gz': -7.04}, {'t_us': 468633320, 'ax': -0.82, 'ay': -0.09, 'az': -0.51, 'gx': -19.57, 'gy': 6.85, 'gz': -7.33}]",2026-02-13 10:47:12,0.0
"[{'t_us': 468659551, 'ax': -0.82, 'ay': -0.1, 'az': -0.51, 'gx': -18.18, 'gy': 4.66, 'gz': -7.77}, {'t_us': 468673271, 'ax': -0.81, 'ay': -0.12, 'az': -0.51, 'gx': -17.37, 'gy': 5.02, 'gz': -7.37}, {'t_us': 468693270, 'ax': -0.82, 'ay': -0.14, 'az': -0.5, 'gx': -17.07, 'gy': 4.53, 'gz': -4.72}, {'t_us': 468713306, 'ax': -0.85, 'ay': -0.12, 'az': -0.5, 'gx': -16.9, 'gy': 5.85, 'gz': -4.34}, {'t_us': 468733300, 'ax': -0.87, 'ay': -0.1, 'az': -0.49, 'gx': -15.63, 'gy': 7.11, 'gz': -3.28}]",2026-02-13 10:47:12,0.0
"[{'t_us': 468758426, 'ax': -0.89, 'ay': -0.08, 'az': -0.5, 'gx': -10.66, 'gy': 8.47, 'gz': -2.69}, {'t_us': 468773320, 'ax': -0.9, 'ay': -0.08, 'az': -0.53, 'gx': -8.32, 'gy': 10.85, 'gz': -2.72}, {'t_us': 468793329, 'ax': -0.87, 'ay': -0.07, 'az': -0.5, 'gx': -9.21, 'gy': 9.59, 'gz': -3.21}, {'t_us': 468813279, 'ax': -0.82, 'ay': -0.04, 'az': -0.5, 'gx': -12.53, 'gy': 9.1, 'gz': -3.95}, {'t_us': 468833284, 'ax': -0.82, 'ay': -0.02, 'az': -0.5, 'gx': -13.36, 'gy': 12.64, 'gz': -4.95}]",2026-02-13 10:47:12,0.0
"[{'t_us': 468859580, 'ax': -0.82, 'ay': -0.05, 'az': -0.53, 'gx': -10.05, 'gy': 19.15, 'gz': -4.58}, {'t_us': 468873306, 'ax': -0.81, 'ay': -0.07, 'az': -0.56, 'gx': -8.11, 'gy': 21.3, 'gz': -3.04}, {'t_us': 468893310, 'ax': -0.77, 'ay': -0.12, 'az': -0.58, 'gx': -4.29, 'gy': 21.3, 'gz': -1.08}, {'t_us': 468913267, 'ax': -0.72, 'ay': -0.17, 'az': -0.59, 'gx': 2.76, 'gy': 18.32, 'gz': 3.36}, {'t_us': 468933270, 'ax': -0.7, 'ay': -0.22, 'az': -0.55, 'gx': 10.4, 'gy': 17.89, 'gz': 10.4}]",2026-02-13 10:47:13,0.0
"[{'t_us': 468959566, 'ax': -0.81, 'ay': -0.24, 'az': -0.52, 'gx': 14.56, 'gy': 19.89, 'gz': 18.32}, {'t_us': 468973333, 'ax': -0.9, 'ay': -0.21, 'az': -0.49, 'gx': 11.66, 'gy': 18.55, 'gz': 19.59}, {'t_us': 468993292, 'ax': -1.05, 'ay': -0.11, 'az': -0.51, 'gx': 4.23, 'gy': 14.2, 'gz': 13.94}, {'t_us': 469013306, 'ax': -1.06, 'ay': 0.01, 'az': -0.5, 'gx': -4.03, 'gy': 5.88, 'gz': 4.2}, {'t_us': 469033300, 'ax': -1.01, 'ay': 0.09, 'az': -0.57, 'gx': -5.59, 'gy': 5.68, 'gz': -3.62}]",2026-02-13 10:47:13,0.0
"[{'t_us': 469059950, 'ax': -0.91, 'ay': 0.0, 'az': -0.58, 'gx': 2.92, 'gy': 6.09, 'gz': -11.71}, {'t_us': 469073310, 'ax': -0.88, 'ay': -0.08, 'az': -0.55, 'gx': 8.55, 'gy': 0.47, 'gz': -12.75}, {'t_us': 469093267, 'ax': -0.8, 'ay': -0.19, 'az': -0.47, 'gx': 14.11, 'gy': -7.25, 'gz': -13.04}, {'t_us': 469113300, 'ax': -0.76, 'ay': -0.27, 'az': -0.44, 'gx': 18.31, 'gy': -7.22, 'gz': -8.49}, {'t_us': 469133284, 'ax': -0.79, 'ay': -0.3, 'az': -0.44, 'gx': 22.46, 'gy': -4.89, 'gz': -2.17}]",2026-02-13 10:47:13,0.0
"[{'t_us': 469160002, 'ax': -0.87, 'ay': -0.27, 'az': -0.49, 'gx': 24.37, 'gy': -0.93, 'gz': 6.02}, {'t_us': 469173329, 'ax': -0.92, 'ay': -0.22, 'az': -0.5, 'gx': 21.76, 'gy': -0.24, 'gz': 8.61}, {'t_us': 469193279, 'ax': -0.94, 'ay': -0.13, 'az': -0.5, 'gx': 14.6, 'gy': -1.04, 'gz': 8.46}, {'t_us': 469213310, 'ax': -0.91, 'ay': -0.06, 'az': -0.47, 'gx': 8.56, 'gy': 0.02, 'gz': 4.81}, {'t_us': 469233317, 'ax': -0.86, 'ay': -0.06, 'az': -0.46, 'gx': 7.05, 'gy': 0.31, 'gz': 0.6}]",2026-02-13 10:47:13,0.0
"[{'t_us': 469260008, 'ax': -0.77, 'ay': -0.1, 'az': -0.45, 'gx': 10.66, 'gy': 6.72, 'gz': -0.67}, {'t_us': 469273321, 'ax': -0.78, 'ay': -0.13, 'az': -0.44, 'gx': 11.65, 'gy': 11.51, 'gz': 0.11}, {'t_us': 469293274, 'ax': -0.81, 'ay': -0.12, 'az': -0.43, 'gx': 9.42, 'gy': 14.89, 'gz': 0.98}, {'t_us': 469313274, 'ax': -0.84, 'ay': -0.09, 'az': -0.44, 'gx': 5.15, 'gy': 12.84, 'gz': 0.92}, {'t_us': 469333306, 'ax': -0.86, 'ay': -0.09, 'az': -0.44, 'gx': -1.15, 'gy': 9.04, 'gz': -1.21}]",2026-02-13 10:47:13,0.0
"[{'t_us': 469359503, 'ax': -0.87, 'ay': -0.07, 'az': -0.41, 'gx': -9.85, 'gy': 5.18, 'gz': -3.1}, {'t_us': 469373306, 'ax': -0.84, 'ay': -0.06, 'az': -0.39, 'gx': -17.05, 'gy': 4.52, 'gz': -4.0}, {'t_us': 469393310, 'ax': -0.81, 'ay': -0.06, 'az': -0.36, 'gx': -26.06, 'gy': 6.56, 'gz': -3.11}, {'t_us': 469413267, 'ax': -0.8, 'ay': -0.17, 'az': -0.31, 'gx': -34.55, 'gy': 4.64, 'gz': -0.73}, {'t_us': 469433270, 'ax': -0.85, 'ay': -0.21, 'az': -0.31, 'gx': -38.93, 'gy': 5.19, 'gz': 3.48}]",2026-02-13 10:47:13,0.0
"[{'t_us': 469459692, 'ax': -0.84, 'ay': -0.22, 'az': -0.35, 'gx': -34.35, 'gy': 11.27, 'gz': 7.69}, {'t_us': 469473310, 'ax': -0.83, 'ay': -0.21, 'az': -0.4, 'gx': -26.18, 'gy': 20.87, 'gz': 9.68}, {'t_us': 469493317, 'ax': -0.86, 'ay': -0.16, 'az': -0.53, 'gx': -12.31, 'gy': 44.67, 'gz': 9.13}, {'t_us': 469513341, 'ax': -0.94, 'ay': -0.12, 'az': -0.71, 'gx': 6.26, 'gy': 64.75, 'gz': 6.55}, {'t_us': 469533306, 'ax': -0.94, 'ay': -0.1, 'az': -0.74, 'gx': 20.5, 'gy': 67.98, 'gz': -1.51}]",2026-02-13 10:47:13,0.0
"[{'t_us': 469559046, 'ax': -0.75, 'ay': -0.01, 'az': -0.61, 'gx': 20.7, 'gy': 64.47, 'gz': -9.82}, {'t_us': 469573329, 'ax': -0.69, 'ay': 0.02, 'az': -0.6, 'gx': 13.83, 'gy': 69.44, 'gz': -13.86}, {'t_us': 469593333, 'ax': -0.63, 'ay': -0.01, 'az': -0.66, 'gx': 5.15, 'gy': 84.12, 'gz': -18.93}, {'t_us': 469613292, 'ax': -0.64, 'ay': -0.1, 'az': -0.7, 'gx': -6.82, 'gy': 89.02, 'gz': -11.91}, {'t_us': 469633274, 'ax': -0.77, 'ay': -0.2, 'az': -0.84, 'gx': -20.66, 'gy': 74.37, 'gz': -4.75}]",2026-02-13 10:47:13,0.0
"[{'t_us': 469660815, 'ax': -0.78, 'ay': -0.17, 'az': -0.95, 'gx': -25.24, 'gy': 61.47, 'gz': -0.09}, {'t_us': 469673299, 'ax': -0.78, 'ay': -0.12, 'az': -0.94, 'gx': -23.51, 'gy': 53.74, 'gz': 2.67}, {'t_us': 469693306, 'ax': -0.68, 'ay': -0.04, 'az': -0.82, 'gx': -23.02, 'gy': 40.52, 'gz': 4.99}, {'t_us': 469713333, 'ax': -0.62, 'ay': -0.03, 'az': -0.69, 'gx': -23.31, 'gy': 29.11, 'gz': 4.43}, {'t_us': 469733284, 'ax': -0.54, 'ay': -0.02, 'az': -0.65, 'gx': -25.45, 'gy': 33.89, 'gz': 0.41}]",2026-02-13 10:47:13,0.0
"[{'t_us': 469758401, 'ax': -0.65, 'ay': -0.03, 'az': -0.78, 'gx': -31.18, 'gy': 47.13, 'gz': -2.08}, {'t_us': 469773292, 'ax': -0.72, 'ay': -0.03, 'az': -0.88, 'gx': -32.24, 'gy': 50.63, 'gz': -2.46}, {'t_us': 469793306, 'ax': -0.81, 'ay': 0.01, 'az': -0.95, 'gx': -34.29, 'gy': 47.71, 'gz': 1.21}, {'t_us': 469813333, 'ax': -0.89, 'ay': 0.08, 'az': -1.0, 'gx': -35.36, 'gy': 36.47, 'gz': 5.57}, {'t_us': 469833292, 'ax': -0.92, 'ay': 0.14, 'az': -1.02, 'gx': -26.56, 'gy': 20.34, 'gz': 4.69}]",2026-02-13 10:47:13,0.0
"[{'t_us': 469859750, 'ax': -0.75, 'ay': 0.07, 'az': -0.91, 'gx': -8.53, 'gy': 2.44, 'gz': -1.22}, {'t_us': 469873284, 'ax': -0.64, 'ay': 0.0, 'az': -0.81, 'gx': -6.95, 'gy': -0.44, 'gz': 0.84}, {'t_us': 469893317, 'ax': -0.59, 'ay': -0.06, 'az': -0.75, 'gx': -13.36, 'gy': 0.31, 'gz': 2.55}, {'t_us': 469913321, 'ax': -0.62, 'ay': -0.07, 'az': -0.73, 'gx': -22.69, 'gy': 3.47, 'gz': 1.02}, {'t_us': 469933283, 'ax': -0.65, 'ay': -0.03, 'az': -0.73, 'gx': -31.69, 'gy': 0.63, 'gz': 1.82}]",2026-02-13 10:47:13,0.0
"[{'t_us': 469960265, 'ax': -0.68, 'ay': 0.03, 'az': -0.72, 'gx': -36.32, 'gy': -16.75, 'gz': 7.91}, {'t_us': 469973310, 'ax': -0.67, 'ay': 0.08, 'az': -0.71, 'gx': -34.05, 'gy': -22.05, 'gz': 8.9}, {'t_us': 469993317, 'ax': -0.64, 'ay': 0.07, 'az': -0.72, 'gx': -21.88, 'gy': -16.87, 'gz': 6.15}, {'t_us': 470013326, 'ax': -0.63, 'ay': 0.02, 'az': -0.8, 'gx': -1.33, 'gy': -7.22, 'gz': 3.04}, {'t_us': 470033326, 'ax': -0.64, 'ay': -0.05, 'az': -0.85, 'gx': 19.05, 'gy': -10.14, 'gz': 5.57}]",2026-02-13 10:47:13,0.0
"[{'t_us': 470057557, 'ax': -0.59, 'ay': -0.05, 'az': -0.73, 'gx': 31.08, 'gy': -24.41, 'gz': 10.31}, {'t_us': 470073270, 'ax': -0.56, 'ay': -0.05, 'az': -0.61, 'gx': 31.73, 'gy': -18.53, 'gz': 10.32}, {'t_us': 470093270, 'ax': -0.52, 'ay': -0.03, 'az': -0.53, 'gx': 26.26, 'gy': 3.31, 'gz': 10.53}, {'t_us': 470113268, 'ax': -0.53, 'ay': -0.03, 'az': -0.54, 'gx': 17.94, 'gy': 14.79, 'gz': 18.31}, {'t_us': 470133310, 'ax': -0.6, 'ay': 0.03, 'az': -0.58, 'gx': 7.5, 'gy': 9.74, 'gz': 24.0}]",2026-02-13 10:47:13,0.0
"[{'t_us': 470157996, 'ax': -0.62, 'ay': 0.11, 'az': -0.68, 'gx': 1.98, 'gy': 7.27, 'gz': 20.23}, {'t_us': 470173328, 'ax': -0.6, 'ay': 0.15, 'az': -0.79, 'gx': 6.11, 'gy': 7.66, 'gz': 17.66}, {'t_us': 470193329, 'ax': -0.64, 'ay': 0.13, 'az': -0.84, 'gx': 21.68, 'gy': 0.06, 'gz': 18.09}, {'t_us': 470213279, 'ax': -0.72, 'ay': 0.08, 'az': -0.79, 'gx': 36.26, 'gy': -2.0, 'gz': 25.76}, {'t_us': 470233333, 'ax': -0.66, 'ay': 0.02, 'az': -0.77, 'gx': 49.31, 'gy': 15.25, 'gz': 17.18}]",2026-02-13 10:47:14,0.0
"[{'t_us': 470259375, 'ax': -0.35, 'ay': 0.03, 'az': -0.74, 'gx': 25.45, 'gy': 72.4, 'gz': 2.17}, {'t_us': 470273267, 'ax': -0.4, 'ay': 0.06, 'az': -0.78, 'gx': 2.41, 'gy': 75.94, 'gz': 12.82}, {'t_us': 470293267, 'ax': -0.88, 'ay': 0.13, 'az': -0.87, 'gx': -30.4, 'gy': 49.91, 'gz': 12.37}, {'t_us': 470313300, 'ax': -1.08, 'ay': 0.11, 'az': -1.02, 'gx': -21.31, 'gy': 40.79, 'gz': -7.98}, {'t_us': 470333310, 'ax': -0.74, 'ay': -0.05, 'az': -1.02, 'gx': 1.85, 'gy': 39.82, 'gz': -13.48}]",2026-02-13 10:47:14,0.0
"[{'t_us': 470358147, 'ax': -0.46, 'ay': -0.12, 'az': -1.07, 'gx': 21.42, 'gy': 49.45, 'gz': -9.31}, {'t_us': 470373326, 'ax': -0.53, 'ay': -0.1, 'az': -1.01, 'gx': 18.11, 'gy': 46.66, 'gz': -6.09}, {'t_us': 470393310, 'ax': -0.75, 'ay': -0.05, 'az': -0.95, 'gx': 4.87, 'gy': 31.44, 'gz': -8.82}, {'t_us': 470413267, 'ax': -0.73, 'ay': -0.0, 'az': -0.92, 'gx': -8.21, 'gy': 24.72, 'gz': -18.78}, {'t_us': 470433306, 'ax': -0.52, 'ay': 0.0, 'az': -0.96, 'gx': -15.24, 'gy': 30.46, 'gz': -16.81}]",2026-02-13 10:47:14,0.0
"[{'t_us': 470459393, 'ax': -0.42, 'ay': -0.1, 'az': -1.03, 'gx': -16.14, 'gy': 18.89, 'gz': -2.55}, {'t_us': 470473325, 'ax': -0.47, 'ay': -0.17, 'az': -1.1, 'gx': -8.14, 'gy': 10.52, 'gz': -2.55}, {'t_us': 470493270, 'ax': -0.49, 'ay': -0.12, 'az': -1.03, 'gx': 10.11, 'gy': -0.87, 'gz': -5.82}, {'t_us': 470513270, 'ax': -0.47, 'ay': -0.1, 'az': -0.9, 'gx': 19.79, 'gy': -1.44, 'gz': -3.82}, {'t_us': 470533321, 'ax': -0.51, 'ay': -0.13, 'az': -0.86, 'gx': 11.77, 'gy': 3.37, 'gz': -4.26}]",2026-02-13 10:47:14,0.0
"[{'t_us': 470559520, 'ax': -0.52, 'ay': -0.12, 'az': -0.88, 'gx': -10.27, 'gy': -4.09, 'gz': -3.39}, {'t_us': 470573316, 'ax': -0.47, 'ay': -0.12, 'az': -0.92, 'gx': -13.19, 'gy': -5.16, 'gz': -3.31}, {'t_us': 470593274, 'ax': -0.43, 'ay': -0.1, 'az': -0.99, 'gx': -8.11, 'gy': 0.15, 'gz': 0.06}, {'t_us': 470613306, 'ax': -0.48, 'ay': -0.13, 'az': -1.1, 'gx': 3.34, 'gy': 2.75, 'gz': 4.12}, {'t_us': 470633329, 'ax': -0.65, 'ay': -0.14, 'az': -1.16, 'gx': 13.18, 'gy': -7.5, 'gz': 6.34}]",2026-02-13 10:47:14,0.0
"[{'t_us': 470659478, 'ax': -0.75, 'ay': -0.14, 'az': -1.05, 'gx': 21.15, 'gy': -26.98, 'gz': 2.4}, {'t_us': 470673317, 'ax': -0.69, 'ay': -0.14, 'az': -0.96, 'gx': 20.23, 'gy': -29.16, 'gz': 2.41}, {'t_us': 470693300, 'ax': -0.66, 'ay': -0.11, 'az': -0.86, 'gx': 13.48, 'gy': -25.24, 'gz': 5.63}, {'t_us': 470713320, 'ax': -0.7, 'ay': -0.08, 'az': -0.83, 'gx': 4.69, 'gy': -29.01, 'gz': 7.28}, {'t_us': 470733326, 'ax': -0.67, 'ay': -0.06, 'az': -0.85, 'gx': 0.12, 'gy': -39.24, 'gz': 4.14}]",2026-02-13 10:47:14,0.0
"[{'t_us': 470757998, 'ax': -0.6, 'ay': -0.1, 'az': -0.83, 'gx': 2.35, 'gy': -42.7, 'gz': 3.44}, {'t_us': 470773300, 'ax': -0.63, 'ay': -0.1, 'az': -0.82, 'gx': 4.03, 'gy': -41.57, 'gz': 4.14}, {'t_us': 470793279, 'ax': -0.72, 'ay': -0.12, 'az': -0.83, 'gx': 7.42, 'gy': -40.5, 'gz': 1.97}, {'t_us': 470813292, 'ax': -0.72, 'ay': -0.12, 'az': -0.8, 'gx': 8.96, 'gy': -44.64, 'gz': -3.27}, {'t_us': 470833300, 'ax': -0.65, 'ay': -0.13, 'az': -0.71, 'gx': 5.88, 'gy': -49.6, 'gz': -5.36}]",2026-02-13 10:47:14,0.0
"[{'t_us': 470858088, 'ax': -0.57, 'ay': -0.13, 'az': -0.63, 'gx': -3.11, 'gy': -45.76, 'gz': -6.23}, {'t_us': 470873320, 'ax': -0.56, 'ay': -0.09, 'az': -0.58, 'gx': -11.39, 'gy': -42.31, 'gz': -8.46}, {'t_us': 470893326, 'ax': -0.56, 'ay': -0.06, 'az': -0.62, 'gx': -18.58, 'gy': -38.32, 'gz': -10.67}, {'t_us': 470913329, 'ax': -0.58, 'ay': -0.04, 'az': -0.65, 'gx': -19.15, 'gy': -32.96, 'gz': -13.51}, {'t_us': 470933270, 'ax': -0.6, 'ay': -0.04, 'az': -0.66, 'gx': -17.68, 'gy': -31.69, 'gz': -15.85}]",2026-02-13 10:47:14,0.0
"[{'t_us': 470959409, 'ax': -0.62, 'ay': -0.07, 'az': -0.64, 'gx': -19.69, 'gy': -25.65, 'gz': -20.18}, {'t_us': 470973303, 'ax': -0.61, 'ay': -0.11, 'az': -0.62, 'gx': -24.08, 'gy': -25.71, 'gz': -21.39}, {'t_us': 470993284, 'ax': -0.55, 'ay': -0.2, 'az': -0.59, 'gx': -30.31, 'gy': -24.99, 'gz': -17.21}, {'t_us': 471013274, 'ax': -0.53, 'ay': -0.23, 'az': -0.52, 'gx': -35.95, 'gy': -19.48, 'gz': -10.15}, {'t_us': 471033333, 'ax': -0.66, 'ay': -0.22, 'az': -0.5, 'gx': -36.5, 'gy': -7.63, 'gz': -10.29}]",2026-02-13 10:47:14,0.0
"[{'t_us': 471057663, 'ax': -0.72, 'ay': -0.15, 'az': -0.57, 'gx': -37.34, 'gy': 3.19, 'gz': -13.1}, {'t_us': 471073284, 'ax': -0.68, 'ay': -0.07, 'az': -0.62, 'gx': -37.3, 'gy': 9.79, 'gz': -13.44}, {'t_us': 471093285, 'ax': -0.56, 'ay': -0.03, 'az': -0.8, 'gx': -29.25, 'gy': 21.45, 'gz': -7.4}, {'t_us': 471113276, 'ax': -0.56, 'ay': -0.14, 'az': -1.01, 'gx': -8.43, 'gy': 29.57, 'gz': 7.77}, {'t_us': 471133284, 'ax': -0.91, 'ay': -0.29, 'az': -0.9, 'gx': 2.38, 'gy': 23.89, 'gz': 14.21}]",2026-02-13 10:47:14,0.0
"[{'t_us': 471159461, 'ax': -1.09, 'ay': -0.19, 'az': -0.78, 'gx': -4.09, 'gy': 1.15, 'gz': 7.68}, {'t_us': 471173292, 'ax': -0.94, 'ay': -0.18, 'az': -0.72, 'gx': -7.48, 'gy': -5.47, 'gz': 8.08}, {'t_us': 471193321, 'ax': -0.69, 'ay': -0.13, 'az': -0.65, 'gx': -6.56, 'gy': 8.37, 'gz': 17.53}, {'t_us': 471213274, 'ax': -0.64, 'ay': -0.06, 'az': -0.77, 'gx': 1.65, 'gy': 27.3, 'gz': 31.79}, {'t_us': 471233333, 'ax': -0.71, 'ay': -0.04, 'az': -0.82, 'gx': 14.21, 'gy': 25.3, 'gz': 37.66}]",2026-02-13 10:47:15,0.0
"[{'t_us': 471257807, 'ax': -0.85, 'ay': -0.05, 'az': -0.82, 'gx': 17.39, 'gy': 14.44, 'gz': 24.87}, {'t_us': 471273270, 'ax': -0.82, 'ay': -0.04, 'az': -0.82, 'gx': 13.79, 'gy': 13.19, 'gz': 16.03}, {'t_us': 471293306, 'ax': -0.72, 'ay': -0.05, 'az': -0.81, 'gx': 7.21, 'gy': 10.9, 'gz': 12.98}, {'t_us': 471313333, 'ax': -0.67, 'ay': -0.01, 'az': -0.84, 'gx': 3.05, 'gy': 8.0, 'gz': 16.98}, {'t_us': 471333300, 'ax': -0.68, 'ay': 0.02, 'az': -0.86, 'gx': 4.12, 'gy': 4.69, 'gz': 21.88}]",2026-02-13 10:47:15,0.0
"[{'t_us': 471359298, 'ax': -0.63, 'ay': 0.09, 'az': -0.8, 'gx': 4.41, 'gy': 1.59, 'gz': 24.61}, {'t_us': 471373306, 'ax': -0.61, 'ay': 0.08, 'az': -0.76, 'gx': 0.35, 'gy': 1.11, 'gz': 22.17}, {'t_us': 471393300, 'ax': -0.6, 'ay': 0.04, 'az': -0.73, 'gx': -5.94, 'gy': 4.06, 'gz': 16.4}, {'t_us': 471413292, 'ax': -0.65, 'ay': 0.05, 'az': -0.75, 'gx': -9.86, 'gy': 8.72, 'gz': 13.68}, {'t_us': 471433321, 'ax': -0.66, 'ay': 0.11, 'az': -0.83, 'gx': -11.4, 'gy': 9.51, 'gz': 10.32}]",2026-02-13 10:47:15,0.0
"[{'t_us': 471459347, 'ax': -0.65, 'ay': 0.14, 'az': -0.89, 'gx': -12.02, 'gy': 0.35, 'gz': 6.85}, {'t_us': 471473329, 'ax': -0.63, 'ay': 0.12, 'az': -0.87, 'gx': -8.44, 'gy': -3.82, 'gz': 5.24}, {'t_us': 471493279, 'ax': -0.59, 'ay': 0.08, 'az': -0.79, 'gx': -5.08, 'gy': -1.44, 'gz': 2.81}, {'t_us': 471513326, 'ax': -0.58, 'ay': 0.01, 'az': -0.73, 'gx': -6.11, 'gy': 6.75, 'gz': 2.41}, {'t_us': 471533279, 'ax': -0.6, 'ay': -0.02, 'az': -0.76, 'gx': -8.2, 'gy': 14.02, 'gz': 4.79}]",2026-02-13 10:47:15,0.0
"[{'t_us': 471559171, 'ax': -0.62, 'ay': -0.03, 'az': -0.84, 'gx': -5.48, 'gy': 14.06, 'gz': 11.28}, {'t_us': 471573274, 'ax': -0.62, 'ay': -0.01, 'az': -0.87, 'gx': -1.02, 'gy': 13.98, 'gz': 12.64}, {'t_us': 471593326, 'ax': -0.62, 'ay': 0.02, 'az': -0.82, 'gx': 6.03, 'gy': 15.77, 'gz': 13.45}, {'t_us': 471613292, 'ax': -0.63, 'ay': 0.02, 'az': -0.77, 'gx': 9.21, 'gy': 15.86, 'gz': 12.87}, {'t_us': 471633321, 'ax': -0.6, 'ay': 0.04, 'az': -0.73, 'gx': 5.56, 'gy': 16.84, 'gz': 14.63}]",2026-02-13 10:47:15,0.0
"[{'t_us': 471657887, 'ax': -0.6, 'ay': 0.05, 'az': -0.69, 'gx': -3.4, 'gy': 13.91, 'gz': 17.65}, {'t_us': 471673274, 'ax': -0.64, 'ay': 0.06, 'az': -0.71, 'gx': -7.53, 'gy': 15.36, 'gz': 17.08}, {'t_us': 471693274, 'ax': -0.67, 'ay': 0.09, 'az': -0.74, 'gx': -8.24, 'gy': 15.51, 'gz': 16.12}, {'t_us': 471713321, 'ax': -0.7, 'ay': 0.11, 'az': -0.82, 'gx': -2.47, 'gy': 19.95, 'gz': 14.72}, {'t_us': 471733267, 'ax': -0.73, 'ay': 0.13, 'az': -0.83, 'gx': 3.45, 'gy': 16.17, 'gz': 14.67}]",2026-02-13 10:47:15,0.0
"[{'t_us': 471759404, 'ax': -0.74, 'ay': 0.15, 'az': -0.78, 'gx': 7.3, 'gy': 8.55, 'gz': 11.65}, {'t_us': 471773284, 'ax': -0.72, 'ay': 0.13, 'az': -0.74, 'gx': 6.99, 'gy': 5.92, 'gz': 10.05}, {'t_us': 471793284, 'ax': -0.69, 'ay': 0.1, 'az': -0.76, 'gx': 10.32, 'gy': 3.21, 'gz': 9.3}, {'t_us': 471813326, 'ax': -0.66, 'ay': 0.08, 'az': -0.75, 'gx': 17.33, 'gy': 5.53, 'gz': 9.88}, {'t_us': 471833267, 'ax': -0.7, 'ay': 0.04, 'az': -0.73, 'gx': 19.48, 'gy': 5.44, 'gz': 12.27}]",2026-02-13 10:47:15,0.0
"[{'t_us': 471859431, 'ax': -0.75, 'ay': 0.03, 'az': -0.72, 'gx': 14.69, 'gy': -6.7, 'gz': 11.91}, {'t_us': 471875480, 'ax': -0.74, 'ay': 0.02, 'az': -0.71, 'gx': 10.26, 'gy': -9.62, 'gz': 12.44}, {'t_us': 471893270, 'ax': -0.74, 'ay': 0.05, 'az': -0.7, 'gx': 5.01, 'gy': -9.68, 'gz': 14.06}, {'t_us': 471913267, 'ax': -0.78, 'ay': 0.11, 'az': -0.67, 'gx': 2.93, 'gy': -10.32, 'gz': 13.18}, {'t_us': 471933306, 'ax': -0.79, 'ay': 0.13, 'az': -0.68, 'gx': 6.38, 'gy': -10.96, 'gz': 10.72}]",2026-02-13 10:47:15,0.0
"[{'t_us': 471957855, 'ax': -0.8, 'ay': 0.13, 'az': -0.66, 'gx': 15.44, 'gy': -15.45, 'gz': 11.24}, {'t_us': 471973326, 'ax': -0.77, 'ay': 0.15, 'az': -0.67, 'gx': 20.26, 'gy': -17.04, 'gz': 9.16}, {'t_us': 471993329, 'ax': -0.67, 'ay': 0.1, 'az': -0.69, 'gx': 32.09, 'gy': -17.83, 'gz': 8.37}, {'t_us': 472013290, 'ax': -0.69, 'ay': 0.09, 'az': -0.63, 'gx': 39.91, 'gy': -18.9, 'gz': 9.27}, {'t_us': 472033321, 'ax': -0.67, 'ay': 0.14, 'az': -0.56, 'gx': 39.3, 'gy': -8.35, 'gz': -6.95}]",2026-02-13 10:47:15,0.0
"[{'t_us': 472057681, 'ax': -0.43, 'ay': 0.2, 'az': -0.63, 'gx': 20.06, 'gy': 28.09, 'gz': -20.4}, {'t_us': 472073321, 'ax': -0.48, 'ay': 0.15, 'az': -0.68, 'gx': -1.83, 'gy': 41.04, 'gz': 0.11}, {'t_us': 472093329, 'ax': -0.86, 'ay': 0.01, 'az': -0.85, 'gx': -22.03, 'gy': 23.1, 'gz': 18.24}, {'t_us': 472113306, 'ax': -1.1, 'ay': -0.08, 'az': -0.84, 'gx': -24.18, 'gy': 8.32, 'gz': 8.98}, {'t_us': 472133284, 'ax': -0.89, 'ay': -0.03, 'az': -0.83, 'gx': -24.03, 'gy': -6.58, 'gz': -2.85}]",2026-02-13 10:47:16,0.0
"[{'t_us': 472157932, 'ax': -0.54, 'ay': -0.0, 'az': -0.92, 'gx': -10.75, 'gy': -7.77, 'gz': -10.35}, {'t_us': 472174423, 'ax': -0.5, 'ay': -0.05, 'az': -0.97, 'gx': 0.29, 'gy': 5.97, 'gz': -11.5}, {'t_us': 472193300, 'ax': -0.62, 'ay': -0.04, 'az': -0.99, 'gx': 8.78, 'gy': 19.4, 'gz': -11.76}, {'t_us': 472213270, 'ax': -0.75, 'ay': 0.02, 'az': -0.97, 'gx': 16.55, 'gy': 15.19, 'gz': -7.24}, {'t_us': 472233317, 'ax': -0.87, 'ay': 0.08, 'az': -0.83, 'gx': 12.85, 'gy': -4.82, 'gz': -2.35}]",2026-02-13 10:47:16,0.0
"[{'t_us': 472259914, 'ax': -0.67, 'ay': 0.07, 'az': -0.75, 'gx': -4.55, 'gy': 6.5, 'gz': -26.09}, {'t_us': 472273283, 'ax': -0.54, 'ay': 0.0, 'az': -0.82, 'gx': -9.24, 'gy': 14.98, 'gz': -30.82}, {'t_us': 472293267, 'ax': -0.46, 'ay': -0.08, 'az': -1.04, 'gx': -6.23, 'gy': 31.57, 'gz': -28.35}, {'t_us': 472313300, 'ax': -0.61, 'ay': -0.17, 'az': -1.04, 'gx': -3.88, 'gy': 29.89, 'gz': -22.55}, {'t_us': 472333315, 'ax': -0.9, 'ay': -0.03, 'az': -0.95, 'gx': -6.18, 'gy': 7.83, 'gz': -15.45}]",2026-02-13 10:47:16,0.0
"[{'t_us': 472357917, 'ax': -0.58, 'ay': -0.02, 'az': -0.87, 'gx': -0.98, 'gy': 8.89, 'gz': -29.65}, {'t_us': 472373267, 'ax': -0.24, 'ay': -0.1, 'az': -0.78, 'gx': 0.47, 'gy': 12.17, 'gz': -32.0}, {'t_us': 472393267, 'ax': -0.19, 'ay': -0.19, 'az': -0.66, 'gx': 0.11, 'gy': 27.02, 'gz': -15.31}, {'t_us': 472413300, 'ax': -0.46, 'ay': -0.21, 'az': -0.74, 'gx': -4.18, 'gy': 38.32, 'gz': -2.24}, {'t_us': 472433306, 'ax': -0.77, 'ay': -0.16, 'az': -0.82, 'gx': -11.11, 'gy': 29.34, 'gz': -4.58}]",2026-02-13 10:47:16,0.0
"[{'t_us': 472459643, 'ax': -0.78, 'ay': -0.07, 'az': -0.86, 'gx': -16.2, 'gy': 3.16, 'gz': -16.73}, {'t_us': 472473311, 'ax': -0.64, 'ay': -0.08, 'az': -0.88, 'gx': -14.9, 'gy': 1.07, 'gz': -17.54}, {'t_us': 472493317, 'ax': -0.54, 'ay': -0.1, 'az': -0.94, 'gx': -10.79, 'gy': 8.38, 'gz': -12.29}, {'t_us': 472513267, 'ax': -0.71, 'ay': -0.11, 'az': -0.91, 'gx': -9.59, 'gy': 9.07, 'gz': -9.08}, {'t_us': 472533284, 'ax': -0.81, 'ay': -0.09, 'az': -0.99, 'gx': -5.86, 'gy': -5.92, 'gz': -10.41}]",2026-02-13 10:47:16,0.0
"[{'t_us': 472560116, 'ax': -0.65, 'ay': -0.14, 'az': -0.9, 'gx': 7.18, 'gy': -8.43, 'gz': -15.22}, {'t_us': 472573310, 'ax': -0.56, 'ay': -0.15, 'az': -0.9, 'gx': 13.6, 'gy': -10.46, 'gz': -12.84}, {'t_us': 472593317, 'ax': -0.55, 'ay': -0.18, 'az': -0.82, 'gx': 23.11, 'gy': -16.02, 'gz': -4.24}, {'t_us': 472613267, 'ax': -0.6, 'ay': -0.19, 'az': -0.74, 'gx': 28.27, 'gy': -23.47, 'gz': -2.63}, {'t_us': 472633279, 'ax': -0.63, 'ay': -0.22, 'az': -0.64, 'gx': 21.56, 'gy': -25.68, 'gz': -1.88}]",2026-02-13 10:47:16,0.0
"[{'t_us': 472659720, 'ax': -0.66, 'ay': -0.21, 'az': -0.72, 'gx': 5.85, 'gy': -26.34, 'gz': 1.18}, {'t_us': 472673278, 'ax': -0.63, 'ay': -0.16, 'az': -0.82, 'gx': 4.7, 'gy': -21.27, 'gz': 3.5}, {'t_us': 472693279, 'ax': -0.69, 'ay': -0.1, 'az': -0.78, 'gx': 3.18, 'gy': -14.73, 'gz': 3.4}, {'t_us': 472713310, 'ax': -0.71, 'ay': -0.07, 'az': -0.85, 'gx': 1.31, 'gy': -7.18, 'gz': 1.53}, {'t_us': 472733325, 'ax': -0.68, 'ay': -0.05, 'az': -0.73, 'gx': 1.37, 'gy': -18.17, 'gz': -2.03}]",2026-02-13 10:47:16,0.0
"[{'t_us': 472759758, 'ax': -0.57, 'ay': -0.1, 'az': -0.55, 'gx': -2.96, 'gy': -16.38, 'gz': -2.93}, {'t_us': 472773311, 'ax': -0.6, 'ay': -0.13, 'az': -0.5, 'gx': -9.42, 'gy': -10.79, 'gz': -4.5}, {'t_us': 472793300, 'ax': -0.64, 'ay': -0.17, 'az': -0.51, 'gx': -17.16, 'gy': -8.18, 'gz': -7.56}, {'t_us': 472813329, 'ax': -0.65, 'ay': -0.17, 'az': -0.56, 'gx': -18.63, 'gy': -6.29, 'gz': -9.95}, {'t_us': 472833305, 'ax': -0.63, 'ay': -0.13, 'az': -0.66, 'gx': -17.57, 'gy': 2.08, 'gz': -9.47}]",2026-02-13 10:47:16,0.0
"[{'t_us': 472859629, 'ax': -0.77, 'ay': -0.14, 'az': -0.74, 'gx': -22.35, 'gy': 1.88, 'gz': -6.73}, {'t_us': 472873267, 'ax': -0.88, 'ay': -0.15, 'az': -0.74, 'gx': -26.08, 'gy': -10.76, 'gz': -8.64}, {'t_us': 472893267, 'ax': -0.9, 'ay': -0.18, 'az': -0.71, 'gx': -33.13, 'gy': -30.76, 'gz': -12.81}, {'t_us': 472913300, 'ax': -0.75, 'ay': -0.17, 'az': -0.61, 'gx': -33.45, 'gy': -27.74, 'gz': -16.21}, {'t_us': 472933279, 'ax': -0.58, 'ay': -0.2, 'az': -0.49, 'gx': -32.23, 'gy': -18.24, 'gz': -14.11}]",2026-02-13 10:47:16,0.0
"[{'t_us': 472958448, 'ax': -0.54, 'ay': -0.29, 'az': -0.41, 'gx': -33.92, 'gy': -9.42, 'gz': -9.74}, {'t_us': 472973329, 'ax': -0.56, 'ay': -0.3, 'az': -0.48, 'gx': -33.62, 'gy': -1.77, 'gz': -5.56}, {'t_us': 472993333, 'ax': -0.54, 'ay': -0.31, 'az': -0.67, 'gx': -25.79, 'gy': 19.53, 'gz': -1.63}, {'t_us': 473013292, 'ax': -0.62, 'ay': -0.36, 'az': -0.92, 'gx': -7.66, 'gy': 35.18, 'gz': 13.97}, {'t_us': 473033279, 'ax': -0.96, 'ay': -0.31, 'az': -1.02, 'gx': 14.93, 'gy': 26.24, 'gz': 24.87}]",2026-02-13 10:47:16,0.0
"[{'t_us': 473058211, 'ax': -1.21, 'ay': -0.08, 'az': -0.94, 'gx': 29.42, 'gy': 9.3, 'gz': 7.33}, {'t_us': 473073274, 'ax': -1.03, 'ay': 0.01, 'az': -0.92, 'gx': 32.69, 'gy': 8.64, 'gz': -6.85}, {'t_us': 473093274, 'ax': -0.67, 'ay': -0.02, 'az': -0.89, 'gx': 34.11, 'gy': 22.66, 'gz': -10.08}, {'t_us': 473113306, 'ax': -0.45, 'ay': 0.06, 'az': -0.88, 'gx': 24.18, 'gy': 31.91, 'gz': 6.99}, {'t_us': 473133267, 'ax': -0.63, 'ay': 0.01, 'az': -0.94, 'gx': 11.39, 'gy': 34.09, 'gz': 26.29}]",2026-02-13 10:47:16,0.0
"[{'t_us': 473159567, 'ax': -0.79, 'ay': -0.06, 'az': -1.02, 'gx': 6.46, 'gy': 32.38, 'gz': 26.99}, {'t_us': 473173317, 'ax': -0.82, 'ay': -0.05, 'az': -1.03, 'gx': 13.31, 'gy': 29.98, 'gz': 23.36}, {'t_us': 473193321, 'ax': -0.77, 'ay': -0.06, 'az': -0.9, 'gx': 20.37, 'gy': 21.76, 'gz': 15.86}, {'t_us': 473213274, 'ax': -0.68, 'ay': -0.1, 'az': -0.75, 'gx': 14.98, 'gy': 22.21, 'gz': 10.31}, {'t_us': 473233279, 'ax': -0.58, 'ay': -0.02, 'az': -0.68, 'gx': 1.44, 'gy': 9.56, 'gz': 10.38}]",2026-02-13 10:47:17,0.0
"[{'t_us': 473258414, 'ax': -0.56, 'ay': 0.1, 'az': -0.73, 'gx': -10.55, 'gy': 5.54, 'gz': 15.42}, {'t_us': 473273279, 'ax': -0.56, 'ay': 0.13, 'az': -0.77, 'gx': -11.65, 'gy': 3.36, 'gz': 18.41}, {'t_us': 473293329, 'ax': -0.61, 'ay': 0.13, 'az': -0.79, 'gx': -11.11, 'gy': 0.49, 'gz': 17.31}, {'t_us': 473313279, 'ax': -0.57, 'ay': 0.08, 'az': -0.79, 'gx': -13.37, 'gy': -0.12, 'gz': 11.25}, {'t_us': 473333320, 'ax': -0.57, 'ay': 0.05, 'az': -0.85, 'gx': -13.1, 'gy': 3.22, 'gz': 4.95}]",2026-02-13 10:47:17,0.0
"[{'t_us': 473359613, 'ax': -0.67, 'ay': 0.04, 'az': -0.83, 'gx': -7.85, 'gy': -6.17, 'gz': 0.52}, {'t_us': 473373321, 'ax': -0.67, 'ay': 0.05, 'az': -0.79, 'gx': -7.63, 'gy': -8.89, 'gz': -0.61}, {'t_us': 473393329, 'ax': -0.65, 'ay': 0.05, 'az': -0.73, 'gx': -14.93, 'gy': -11.53, 'gz': -1.16}, {'t_us': 473413279, 'ax': -0.65, 'ay': 0.04, 'az': -0.72, 'gx': -20.82, 'gy': -11.89, 'gz': -3.92}, {'t_us': 473433326, 'ax': -0.61, 'ay': 0.02, 'az': -0.73, 'gx': -25.02, 'gy': -8.96, 'gz': -4.37}]",2026-02-13 10:47:17,0.0
"[{'t_us': 473460200, 'ax': -0.61, 'ay': 0.02, 'az': -0.75, 'gx': -32.95, 'gy': -3.39, 'gz': -2.58}, {'t_us': 473473317, 'ax': -0.64, 'ay': 0.05, 'az': -0.77, 'gx': -34.53, 'gy': 0.76, 'gz': -2.84}, {'t_us': 473493321, 'ax': -0.72, 'ay': 0.08, 'az': -0.79, 'gx': -33.48, 'gy': 2.46, 'gz': -4.18}, {'t_us': 473513274, 'ax': -0.76, 'ay': 0.08, 'az': -0.8, 'gx': -32.44, 'gy': -9.19, 'gz': -5.15}, {'t_us': 473533298, 'ax': -0.72, 'ay': 0.07, 'az': -0.77, 'gx': -32.2, 'gy': -12.46, 'gz': -6.72}]",2026-02-13 10:47:17,0.0
"[{'t_us': 473557984, 'ax': -0.72, 'ay': 0.05, 'az': -0.71, 'gx': -29.94, 'gy': -4.87, 'gz': -11.63}, {'t_us': 473573326, 'ax': -0.7, 'ay': 0.02, 'az': -0.68, 'gx': -29.13, 'gy': -3.01, 'gz': -12.41}, {'t_us': 473593329, 'ax': -0.69, 'ay': -0.02, 'az': -0.71, 'gx': -24.95, 'gy': -13.95, 'gz': -9.79}, {'t_us': 473613279, 'ax': -0.7, 'ay': -0.01, 'az': -0.69, 'gx': -20.44, 'gy': -25.6, 'gz': -2.73}, {'t_us': 473633279, 'ax': -0.74, 'ay': 0.01, 'az': -0.64, 'gx': -17.77, 'gy': -29.65, 'gz': 1.5}]",2026-02-13 10:47:17,0.0
"[{'t_us': 473659703, 'ax': -0.78, 'ay': 0.03, 'az': -0.61, 'gx': -18.5, 'gy': -20.44, 'gz': -2.7}, {'t_us': 473673267, 'ax': -0.78, 'ay': 0.06, 'az': -0.61, 'gx': -18.76, 'gy': -20.17, 'gz': -4.87}, {'t_us': 473693300, 'ax': -0.76, 'ay': 0.11, 'az': -0.66, 'gx': -16.06, 'gy': -23.1, 'gz': -6.44}, {'t_us': 473713347, 'ax': -0.76, 'ay': 0.14, 'az': -0.66, 'gx': -6.98, 'gy': -25.77, 'gz': -6.99}, {'t_us': 473733292, 'ax': -0.72, 'ay': 0.14, 'az': -0.65, 'gx': 0.92, 'gy': -23.45, 'gz': -8.29}]",2026-02-13 10:47:17,0.0
"[{'t_us': 473759535, 'ax': -0.64, 'ay': 0.08, 'az': -0.61, 'gx': 5.37, 'gy': -17.31, 'gz': -6.29}, {'t_us': 473773278, 'ax': -0.66, 'ay': 0.06, 'az': -0.55, 'gx': 6.75, 'gy': -16.7, 'gz': -3.08}, {'t_us': 473793333, 'ax': -0.76, 'ay': 0.05, 'az': -0.48, 'gx': 5.68, 'gy': -15.76, 'gz': -0.24}, {'t_us': 473813329, 'ax': -0.83, 'ay': 0.05, 'az': -0.46, 'gx': 2.98, 'gy': -8.02, 'gz': -3.21}, {'t_us': 473833279, 'ax': -0.76, 'ay': 0.08, 'az': -0.45, 'gx': -0.27, 'gy': 5.01, 'gz': -8.75}]",2026-02-13 10:47:17,0.0
"[{'t_us': 473861456, 'ax': -0.67, 'ay': 0.05, 'az': -0.47, 'gx': -13.69, 'gy': 21.77, 'gz': -6.44}, {'t_us': 473873306, 'ax': -0.7, 'ay': 0.06, 'az': -0.59, 'gx': -22.56, 'gy': 26.26, 'gz': -2.63}, {'t_us': 473893310, 'ax': -0.88, 'ay': 0.08, 'az': -0.77, 'gx': -29.18, 'gy': 3.25, 'gz': 0.98}, {'t_us': 473913267, 'ax': -1.0, 'ay': 0.06, 'az': -0.72, 'gx': -23.57, 'gy': -19.16, 'gz': -0.18}, {'t_us': 473933270, 'ax': -0.89, 'ay': 0.11, 'az': -0.58, 'gx': -15.53, 'gy': -4.41, 'gz': -13.04}]",2026-02-13 10:47:17,0.0
"[{'t_us': 473958460, 'ax': -0.63, 'ay': 0.08, 'az': -0.67, 'gx': -23.21, 'gy': 54.46, 'gz': -18.99}, {'t_us': 473973310, 'ax': -0.79, 'ay': 0.01, 'az': -0.76, 'gx': -37.68, 'gy': 51.65, 'gz': -10.81}, {'t_us': 473993317, 'ax': -0.98, 'ay': -0.0, 'az': -0.92, 'gx': -57.48, 'gy': 17.16, 'gz': -5.97}, {'t_us': 474013267, 'ax': -0.93, 'ay': 0.08, 'az': -1.02, 'gx': -53.4, 'gy': -2.98, 'gz': -14.24}, {'t_us': 474033284, 'ax': -0.69, 'ay': 0.08, 'az': -1.01, 'gx': -30.93, 'gy': 21.66, 'gz': -24.76}]",2026-02-13 10:47:17,0.0
"[{'t_us': 474057865, 'ax': -0.54, 'ay': 0.05, 'az': -0.93, 'gx': -9.02, 'gy': 34.12, 'gz': -18.23}, {'t_us': 474073272, 'ax': -0.57, 'ay': 0.02, 'az': -0.9, 'gx': -4.9, 'gy': 33.05, 'gz': -13.31}, {'t_us': 474093274, 'ax': -0.7, 'ay': -0.02, 'az': -0.83, 'gx': -6.4, 'gy': 27.6, 'gz': -12.03}, {'t_us': 474113306, 'ax': -0.85, 'ay': -0.04, 'az': -0.75, 'gx': -14.73, 'gy': 20.5, 'gz': -18.11}, {'t_us': 474133279, 'ax': -0.82, 'ay': -0.02, 'az': -0.77, 'gx': -24.12, 'gy': 10.2, 'gz': -29.37}]",2026-02-13 10:47:17,0.0
"[{'t_us': 474160580, 'ax': -0.64, 'ay': -0.01, 'az': -0.9, 'gx': -24.06, 'gy': -6.15, 'gz': -30.56}, {'t_us': 474173317, 'ax': -0.55, 'ay': -0.05, 'az': -0.89, 'gx': -18.61, 'gy': -3.13, 'gz': -29.02}, {'t_us': 474193321, 'ax': -0.47, 'ay': -0.12, 'az': -0.93, 'gx': -5.76, 'gy': 7.8, 'gz': -23.5}, {'t_us': 474213274, 'ax': -0.54, 'ay': -0.2, 'az': -0.91, 'gx': 6.37, 'gy': 14.23, 'gz': -14.96}, {'t_us': 474233270, 'ax': -0.66, 'ay': -0.22, 'az': -0.84, 'gx': 8.55, 'gy': 4.82, 'gz': -6.08}]",2026-02-13 10:47:18,0.0
"[{'t_us': 474258038, 'ax': -0.75, 'ay': -0.14, 'az': -0.79, 'gx': 5.27, 'gy': -1.27, 'gz': -2.7}, {'t_us': 474273292, 'ax': -0.73, 'ay': -0.11, 'az': -0.8, 'gx': 3.88, 'gy': 1.98, 'gz': -3.1}, {'t_us': 474293279, 'ax': -0.7, 'ay': -0.08, 'az': -0.85, 'gx': 4.92, 'gy': 1.6, 'gz': -1.34}, {'t_us': 474313310, 'ax': -0.72, 'ay': -0.06, 'az': -0.93, 'gx': 10.5, 'gy': -3.5, 'gz': -0.02}, {'t_us': 474333310, 'ax': -0.69, 'ay': -0.06, 'az': -0.88, 'gx': 19.83, 'gy': -9.79, 'gz': -1.1}]",2026-02-13 10:47:18,0.0
"[{'t_us': 474359174, 'ax': -0.61, 'ay': -0.12, 'az': -0.79, 'gx': 28.02, 'gy': -3.92, 'gz': 3.95}, {'t_us': 474373270, 'ax': -0.63, 'ay': -0.13, 'az': -0.76, 'gx': 30.14, 'gy': 0.67, 'gz': 7.1}, {'t_us': 474393329, 'ax': -0.7, 'ay': -0.13, 'az': -0.76, 'gx': 31.65, 'gy': 1.22, 'gz': 9.27}, {'t_us': 474413333, 'ax': -0.74, 'ay': -0.13, 'az': -0.74, 'gx': 34.37, 'gy': -7.5, 'gz': 9.48}, {'t_us': 474433287, 'ax': -0.73, 'ay': -0.14, 'az': -0.71, 'gx': 37.47, 'gy': -11.95, 'gz': 7.98}]",2026-02-13 10:47:18,0.0
"[{'t_us': 474458149, 'ax': -0.68, 'ay': -0.12, 'az': -0.62, 'gx': 37.01, 'gy': -9.19, 'gz': 7.79}, {'t_us': 474473332, 'ax': -0.66, 'ay': -0.12, 'az': -0.61, 'gx': 34.4, 'gy': -4.95, 'gz': 10.02}, {'t_us': 474493333, 'ax': -0.69, 'ay': -0.11, 'az': -0.64, 'gx': 30.92, 'gy': -4.49, 'gz': 12.75}, {'t_us': 474513292, 'ax': -0.75, 'ay': -0.11, 'az': -0.71, 'gx': 30.4, 'gy': -12.58, 'gz': 14.32}, {'t_us': 474533302, 'ax': -0.76, 'ay': -0.14, 'az': -0.62, 'gx': 30.14, 'gy': -15.6, 'gz': 12.63}]",2026-02-13 10:47:18,0.0
"[{'t_us': 474557739, 'ax': -0.81, 'ay': -0.13, 'az': -0.62, 'gx': 26.49, 'gy': -19.8, 'gz': 11.69}, {'t_us': 474573292, 'ax': -0.86, 'ay': -0.11, 'az': -0.64, 'gx': 26.81, 'gy': -26.09, 'gz': 8.09}, {'t_us': 474593279, 'ax': -0.86, 'ay': -0.1, 'az': -0.64, 'gx': 28.73, 'gy': -35.69, 'gz': 2.99}, {'t_us': 474613279, 'ax': -0.71, 'ay': -0.11, 'az': -0.55, 'gx': 25.48, 'gy': -46.24, 'gz': 2.2}, {'t_us': 474633310, 'ax': -0.6, 'ay': -0.08, 'az': -0.37, 'gx': 14.46, 'gy': -44.27, 'gz': 6.87}]",2026-02-13 10:47:18,0.0
"[{'t_us': 474657789, 'ax': -0.67, 'ay': -0.07, 'az': -0.31, 'gx': -2.99, 'gy': -23.86, 'gz': 7.18}, {'t_us': 474673306, 'ax': -0.74, 'ay': -0.08, 'az': -0.34, 'gx': -13.8, 'gy': -15.82, 'gz': 2.7}, {'t_us': 474693310, 'ax': -0.78, 'ay': -0.11, 'az': -0.43, 'gx': -25.42, 'gy': -10.31, 'gz': -0.06}, {'t_us': 474713267, 'ax': -0.77, 'ay': -0.14, 'az': -0.53, 'gx': -26.09, 'gy': -7.4, 'gz': 0.64}, {'t_us': 474733321, 'ax': -0.72, 'ay': -0.2, 'az': -0.54, 'gx': -23.8, 'gy': -5.18, 'gz': 2.58}]",2026-02-13 10:47:18,0.0
"[{'t_us': 474757957, 'ax': -0.79, 'ay': -0.27, 'az': -0.55, 'gx': -27.48, 'gy': -4.58, 'gz': 3.08}, {'t_us': 474773313, 'ax': -0.83, 'ay': -0.26, 'az': -0.57, 'gx': -30.27, 'gy': -15.28, 'gz': -0.24}, {'t_us': 474793300, 'ax': -0.7, 'ay': -0.19, 'az': -0.47, 'gx': -29.8, 'gy': -11.39, 'gz': 0.27}, {'t_us': 474813329, 'ax': -0.57, 'ay': -0.16, 'az': -0.45, 'gx': -29.44, 'gy': 32.11, 'gz': 2.32}, {'t_us': 474833279, 'ax': -0.59, 'ay': -0.18, 'az': -0.74, 'gx': -22.66, 'gy': 73.94, 'gz': 9.56}]",2026-02-13 10:47:18,0.0
"[{'t_us': 474859187, 'ax': -0.9, 'ay': -0.26, 'az': -0.88, 'gx': -2.34, 'gy': 47.3, 'gz': 15.22}, {'t_us': 474873292, 'ax': -0.96, 'ay': -0.24, 'az': -0.78, 'gx': 12.84, 'gy': 31.68, 'gz': 14.11}, {'t_us': 474893284, 'ax': -1.04, 'ay': -0.16, 'az': -0.71, 'gx': 29.6, 'gy': 36.02, 'gz': 3.53}, {'t_us': 474913317, 'ax': -1.01, 'ay': -0.04, 'az': -0.71, 'gx': 32.7, 'gy': 39.83, 'gz': -5.95}, {'t_us': 474933326, 'ax': -0.75, 'ay': 0.0, 'az': -0.73, 'gx': 25.1, 'gy': 39.88, 'gz': -5.39}]",2026-02-13 10:47:18,0.0
"[{'t_us': 474959430, 'ax': -0.59, 'ay': -0.06, 'az': -0.62, 'gx': 5.4, 'gy': 49.5, 'gz': 5.76}, {'t_us': 474973325, 'ax': -0.7, 'ay': -0.11, 'az': -0.62, 'gx': -5.59, 'gy': 45.33, 'gz': 9.11}, {'t_us': 474993267, 'ax': -0.87, 'ay': -0.2, 'az': -0.65, 'gx': -12.58, 'gy': 31.45, 'gz': 14.78}, {'t_us': 475013300, 'ax': -0.91, 'ay': -0.19, 'az': -0.6, 'gx': -12.61, 'gy': 17.51, 'gz': 17.44}, {'t_us': 475033270, 'ax': -0.77, 'ay': -0.12, 'az': -0.57, 'gx': -9.36, 'gy': 19.69, 'gz': 15.63}]",2026-02-13 10:47:18,0.0
"[{'t_us': 475057891, 'ax': -0.64, 'ay': -0.06, 'az': -0.69, 'gx': -4.17, 'gy': 18.05, 'gz': 18.85}, {'t_us': 475073274, 'ax': -0.62, 'ay': -0.05, 'az': -0.77, 'gx': -0.23, 'gy': 20.03, 'gz': 19.44}, {'t_us': 475093279, 'ax': -0.67, 'ay': -0.02, 'az': -0.85, 'gx': -2.17, 'gy': 18.09, 'gz': 25.73}, {'t_us': 475113310, 'ax': -0.86, 'ay': 0.07, 'az': -0.94, 'gx': -5.63, 'gy': 8.06, 'gz': 23.19}, {'t_us': 475133300, 'ax': -0.84, 'ay': 0.13, 'az': -0.94, 'gx': -8.02, 'gy': -1.62, 'gz': 13.92}]",2026-02-13 10:47:18,0.0
"[{'t_us': 475159451, 'ax': -0.65, 'ay': 0.17, 'az': -0.82, 'gx': -12.5, 'gy': -1.8, 'gz': 3.51}, {'t_us': 475173306, 'ax': -0.59, 'ay': 0.17, 'az': -0.79, 'gx': -11.79, 'gy': 4.21, 'gz': 0.64}, {'t_us': 475193267, 'ax': -0.62, 'ay': 0.04, 'az': -0.78, 'gx': -10.5, 'gy': 5.66, 'gz': 0.66}, {'t_us': 475213300, 'ax': -0.61, 'ay': -0.04, 'az': -0.75, 'gx': -13.44, 'gy': 15.69, 'gz': 1.66}, {'t_us': 475233285, 'ax': -0.61, 'ay': -0.03, 'az': -0.87, 'gx': -12.56, 'gy': 28.87, 'gz': 5.6}]",2026-02-13 10:47:19,0.0
"[{'t_us': 475259430, 'ax': -0.69, 'ay': 0.01, 'az': -0.83, 'gx': -10.9, 'gy': 17.89, 'gz': 10.85}, {'t_us': 475273300, 'ax': -0.74, 'ay': -0.0, 'az': -0.86, 'gx': -8.9, 'gy': 11.3, 'gz': 11.02}, {'t_us': 475293317, 'ax': -0.72, 'ay': 0.02, 'az': -0.82, 'gx': -3.88, 'gy': 9.62, 'gz': 8.98}, {'t_us': 475313292, 'ax': -0.64, 'ay': 0.04, 'az': -0.78, 'gx': -0.38, 'gy': 27.02, 'gz': 9.68}, {'t_us': 475333321, 'ax': -0.63, 'ay': 0.05, 'az': -0.85, 'gx': -2.41, 'gy': 36.69, 'gz': 10.4}]",2026-02-13 10:47:19,0.0
"[{'t_us': 475359606, 'ax': -0.65, 'ay': 0.08, 'az': -0.99, 'gx': -3.88, 'gy': 32.05, 'gz': 7.77}, {'t_us': 475373284, 'ax': -0.69, 'ay': 0.1, 'az': -1.01, 'gx': -3.92, 'gy': 21.62, 'gz': 6.87}, {'t_us': 475393289, 'ax': -0.71, 'ay': 0.09, 'az': -0.93, 'gx': -6.09, 'gy': 6.69, 'gz': 10.09}, {'t_us': 475413321, 'ax': -0.74, 'ay': 0.07, 'az': -0.81, 'gx': -8.82, 'gy': -1.68, 'gz': 14.99}, {'t_us': 475433292, 'ax': -0.71, 'ay': 0.08, 'az': -0.73, 'gx': -7.56, 'gy': -4.78, 'gz': 15.19}]",2026-02-13 10:47:19,0.0
"[{'t_us': 475459488, 'ax': -0.59, 'ay': 0.06, 'az': -0.69, 'gx': -0.5, 'gy': 3.59, 'gz': 14.46}, {'t_us': 475473306, 'ax': -0.59, 'ay': 0.05, 'az': -0.71, 'gx': 4.26, 'gy': 5.94, 'gz': 15.1}, {'t_us': 475493292, 'ax': -0.62, 'ay': 0.08, 'az': -0.7, 'gx': 9.69, 'gy': 1.44, 'gz': 12.61}, {'t_us': 475513279, 'ax': -0.69, 'ay': 0.08, 'az': -0.71, 'gx': 10.78, 'gy': -6.58, 'gz': 13.73}, {'t_us': 475533279, 'ax': -0.77, 'ay': 0.05, 'az': -0.7, 'gx': 8.6, 'gy': -16.47, 'gz': 16.08}]",2026-02-13 10:47:19,0.0
"[{'t_us': 475557622, 'ax': -0.81, 'ay': 0.08, 'az': -0.73, 'gx': 6.61, 'gy': -21.54, 'gz': 11.37}, {'t_us': 475573270, 'ax': -0.79, 'ay': 0.08, 'az': -0.7, 'gx': 8.14, 'gy': -22.08, 'gz': 6.0}, {'t_us': 475593306, 'ax': -0.74, 'ay': 0.07, 'az': -0.64, 'gx': 10.58, 'gy': -23.37, 'gz': 3.27}, {'t_us': 475613279, 'ax': -0.74, 'ay': 0.07, 'az': -0.61, 'gx': 13.91, 'gy': -23.21, 'gz': 2.84}, {'t_us': 475633306, 'ax': -0.76, 'ay': 0.06, 'az': -0.59, 'gx': 16.21, 'gy': -26.96, 'gz': 1.15}]",2026-02-13 10:47:19,0.0
"[{'t_us': 475659406, 'ax': -0.71, 'ay': 0.03, 'az': -0.59, 'gx': 14.47, 'gy': -27.68, 'gz': 0.31}, {'t_us': 475673270, 'ax': -0.65, 'ay': 0.01, 'az': -0.62, 'gx': 17.19, 'gy': -23.21, 'gz': 4.49}, {'t_us': 475693335, 'ax': -0.65, 'ay': -0.03, 'az': -0.58, 'gx': 24.23, 'gy': -14.81, 'gz': 5.51}, {'t_us': 475713329, 'ax': -0.72, 'ay': -0.03, 'az': -0.48, 'gx': 29.71, 'gy': -10.99, 'gz': 2.12}, {'t_us': 475733333, 'ax': -0.66, 'ay': 0.04, 'az': -0.46, 'gx': 31.16, 'gy': -8.89, 'gz': 0.69}]",2026-02-13 10:47:19,0.0
"[{'t_us': 475758254, 'ax': -0.54, 'ay': 0.06, 'az': -0.63, 'gx': 38.6, 'gy': 6.34, 'gz': 2.18}, {'t_us': 475773321, 'ax': -0.45, 'ay': 0.02, 'az': -0.77, 'gx': 37.59, 'gy': 33.02, 'gz': 4.93}, {'t_us': 475793329, 'ax': -0.48, 'ay': -0.1, 'az': -0.93, 'gx': 20.73, 'gy': 70.89, 'gz': 23.15}, {'t_us': 475813292, 'ax': -0.88, 'ay': -0.18, 'az': -1.01, 'gx': -5.19, 'gy': 65.8, 'gz': 32.6}, {'t_us': 475833310, 'ax': -1.09, 'ay': -0.14, 'az': -1.02, 'gx': -14.15, 'gy': 35.45, 'gz': 21.31}]",2026-02-13 10:47:19,0.0
"[{'t_us': 475857815, 'ax': -0.75, 'ay': 0.15, 'az': -0.95, 'gx': -2.38, 'gy': 18.98, 'gz': 3.79}, {'t_us': 475873285, 'ax': -0.45, 'ay': 0.12, 'az': -0.92, 'gx': 9.04, 'gy': 40.34, 'gz': -2.67}, {'t_us': 475893284, 'ax': -0.36, 'ay': 0.03, 'az': -1.02, 'gx': 14.66, 'gy': 62.7, 'gz': 4.69}, {'t_us': 475913300, 'ax': -0.53, 'ay': -0.06, 'az': -1.07, 'gx': 15.15, 'gy': 64.55, 'gz': 17.07}, {'t_us': 475933270, 'ax': -0.73, 'ay': -0.13, 'az': -1.06, 'gx': 14.24, 'gy': 52.17, 'gz': 14.5}]",2026-02-13 10:47:19,0.0
"[{'t_us': 475959401, 'ax': -0.73, 'ay': -0.01, 'az': -1.0, 'gx': 12.12, 'gy': 37.91, 'gz': 4.26}, {'t_us': 475973326, 'ax': -0.66, 'ay': 0.01, 'az': -0.94, 'gx': 8.82, 'gy': 33.82, 'gz': -1.88}, {'t_us': 475993329, 'ax': -0.56, 'ay': 0.01, 'az': -0.91, 'gx': 3.02, 'gy': 27.19, 'gz': -6.78}, {'t_us': 476013278, 'ax': -0.53, 'ay': -0.02, 'az': -0.87, 'gx': 2.5, 'gy': 17.54, 'gz': -8.72}, {'t_us': 476033274, 'ax': -0.47, 'ay': -0.05, 'az': -0.82, 'gx': 4.26, 'gy': 16.47, 'gz': -9.16}]",2026-02-13 10:47:19,
"[{'t_us': 476057972, 'ax': -0.52, 'ay': -0.07, 'az': -0.8, 'gx': -1.05, 'gy': 17.53, 'gz': -8.81}, {'t_us': 476073274, 'ax': -0.58, 'ay': -0.07, 'az': -0.83, 'gx': -7.77, 'gy': 11.68, 'gz': -9.73}, {'t_us': 476093270, 'ax': -0.6, 'ay': -0.07, 'az': -0.88, 'gx': -12.41, 'gy': 0.12, 'gz': -14.7}, {'t_us': 476113329, 'ax': -0.52, 'ay': -0.09, 'az': -0.89, 'gx': -11.08, 'gy': -5.94, 'gz': -16.08}, {'t_us': 476133279, 'ax': -0.49, 'ay': -0.08, 'az': -0.88, 'gx': -6.38, 'gy': -5.07, 'gz': -12.75}]",2026-02-13 10:47:19,0.0
"[{'t_us': 476159898, 'ax': -0.54, 'ay': -0.09, 'az': -0.88, 'gx': 2.08, 'gy': -10.7, 'gz': -10.76}, {'t_us': 476173298, 'ax': -0.56, 'ay': -0.13, 'az': -0.85, 'gx': 5.1, 'gy': -16.81, 'gz': -10.67}, {'t_us': 476193306, 'ax': -0.57, 'ay': -0.13, 'az': -0.81, 'gx': 4.98, 'gy': -21.82, 'gz': -10.06}, {'t_us': 476213274, 'ax': -0.57, 'ay': -0.14, 'az': -0.83, 'gx': -1.73, 'gy': -25.07, 'gz': -10.27}, {'t_us': 476233267, 'ax': -0.6, 'ay': -0.14, 'az': -0.88, 'gx': -7.94, 'gy': -30.06, 'gz': -9.62}]",2026-02-13 10:47:20,0.0
"[{'t_us': 476258092, 'ax': -0.6, 'ay': -0.13, 'az': -0.85, 'gx': -3.5, 'gy': -40.98, 'gz': -9.48}, {'t_us': 476273333, 'ax': -0.58, 'ay': -0.13, 'az': -0.81, 'gx': -0.17, 'gy': -38.5, 'gz': -8.05}, {'t_us': 476293333, 'ax': -0.58, 'ay': -0.14, 'az': -0.8, 'gx': 1.92, 'gy': -30.02, 'gz': -7.76}, {'t_us': 476313351, 'ax': -0.55, 'ay': -0.18, 'az': -0.83, 'gx': 6.02, 'gy': -24.03, 'gz': -7.28}, {'t_us': 476333329, 'ax': -0.57, 'ay': -0.2, 'az': -0.79, 'gx': 11.98, 'gy': -30.82, 'gz': -4.61}]",2026-02-13 10:47:20,0.0
"[{'t_us': 476358685, 'ax': -0.68, 'ay': -0.13, 'az': -0.69, 'gx': 13.51, 'gy': -33.69, 'gz': -6.87}, {'t_us': 476373333, 'ax': -0.63, 'ay': -0.12, 'az': -0.78, 'gx': 9.74, 'gy': -22.61, 'gz': -9.28}, {'t_us': 476393306, 'ax': -0.54, 'ay': -0.14, 'az': -0.87, 'gx': 3.5, 'gy': 3.98, 'gz': -10.23}, {'t_us': 476413326, 'ax': -0.67, 'ay': -0.11, 'az': -0.9, 'gx': -1.24, 'gy': 7.18, 'gz': -8.99}, {'t_us': 476433279, 'ax': -0.8, 'ay': -0.11, 'az': -0.77, 'gx': -4.52, 'gy': -5.48, 'gz': -11.98}]",2026-02-13 10:47:20,0.0
"[{'t_us': 476457901, 'ax': -0.74, 'ay': -0.09, 'az': -0.69, 'gx': -5.97, 'gy': 7.82, 'gz': -15.02}, {'t_us': 476473274, 'ax': -0.62, 'ay': -0.15, 'az': -0.8, 'gx': -5.83, 'gy': 13.71, 'gz': -14.76}, {'t_us': 476493274, 'ax': -0.56, 'ay': -0.16, 'az': -0.7, 'gx': -10.27, 'gy': 21.66, 'gz': -5.68}, {'t_us': 476513313, 'ax': -0.76, 'ay': -0.17, 'az': -0.78, 'gx': -21.56, 'gy': 9.02, 'gz': -1.51}, {'t_us': 476533310, 'ax': -0.85, 'ay': -0.18, 'az': -0.71, 'gx': -27.59, 'gy': 11.69, 'gz': -7.02}]",2026-02-13 10:47:20,0.0
"[{'t_us': 476560995, 'ax': -0.92, 'ay': -0.11, 'az': -0.74, 'gx': -36.43, 'gy': 15.53, 'gz': -14.4}, {'t_us': 476573310, 'ax': -0.86, 'ay': -0.09, 'az': -0.75, 'gx': -38.76, 'gy': 4.72, 'gz': -14.95}, {'t_us': 476593317, 'ax': -0.73, 'ay': -0.11, 'az': -0.68, 'gx': -42.92, 'gy': -28.02, 'gz': -11.98}, {'t_us': 476613267, 'ax': -0.74, 'ay': -0.11, 'az': -0.6, 'gx': -45.51, 'gy': -36.53, 'gz': -7.57}, {'t_us': 476633300, 'ax': -0.74, 'ay': -0.12, 'az': -0.6, 'gx': -48.06, 'gy': -24.89, 'gz': -14.2}]",2026-02-13 10:47:20,0.0
"[{'t_us': 476660230, 'ax': -0.76, 'ay': -0.19, 'az': -0.65, 'gx': -54.58, 'gy': -13.63, 'gz': -14.38}, {'t_us': 476673270, 'ax': -0.77, 'ay': -0.25, 'az': -0.66, 'gx': -58.96, 'gy': -28.99, 'gz': -12.31}, {'t_us': 476693306, 'ax': -0.74, 'ay': -0.26, 'az': -0.67, 'gx': -64.55, 'gy': -51.71, 'gz': -9.53}, {'t_us': 476713275, 'ax': -0.78, 'ay': -0.17, 'az': -0.65, 'gx': -73.07, 'gy': -66.26, 'gz': -10.08}, {'t_us': 476733271, 'ax': -0.75, 'ay': -0.11, 'az': -0.75, 'gx': -66.06, 'gy': -67.34, 'gz': -8.12}]",2026-02-13 10:47:20,0.0
"[{'t_us': 476757621, 'ax': 0.02, 'ay': -0.08, 'az': -0.82, 'gx': -77.59, 'gy': 15.36, 'gz': -0.52}, {'t_us': 476773306, 'ax': 0.38, 'ay': -0.37, 'az': -1.74, 'gx': -57.31, 'gy': 74.02, 'gz': 11.76}, {'t_us': 476793317, 'ax': -0.49, 'ay': -0.03, 'az': -0.86, 'gx': -45.37, 'gy': 43.91, 'gz': 50.7}, {'t_us': 476813325, 'ax': -1.88, 'ay': 0.42, 'az': -1.03, 'gx': -1.13, 'gy': -6.55, 'gz': 5.98}, {'t_us': 476833300, 'ax': -0.96, 'ay': 0.27, 'az': -0.55, 'gx': 17.82, 'gy': -16.05, 'gz': -20.18}]",2026-02-13 10:47:20,0.0
"[{'t_us': 476857717, 'ax': -0.0, 'ay': 0.23, 'az': -0.5, 'gx': -14.06, 'gy': 34.66, 'gz': -24.81}, {'t_us': 476873329, 'ax': 0.07, 'ay': 0.06, 'az': -0.54, 'gx': -54.92, 'gy': 35.05, 'gz': -2.15}, {'t_us': 476893333, 'ax': -0.45, 'ay': 0.05, 'az': -0.69, 'gx': -85.92, 'gy': -16.37, 'gz': 21.4}, {'t_us': 476913292, 'ax': -0.75, 'ay': 0.2, 'az': -0.76, 'gx': -80.78, 'gy': -9.88, 'gz': 18.82}, {'t_us': 476933317, 'ax': -1.01, 'ay': 0.26, 'az': -0.88, 'gx': -55.13, 'gy': 13.62, 'gz': -2.44}]",2026-02-13 10:47:20,0.0
"[{'t_us': 476958004, 'ax': -0.83, 'ay': 0.19, 'az': -1.03, 'gx': -28.5, 'gy': 4.56, 'gz': -25.6}, {'t_us': 476973310, 'ax': -0.65, 'ay': 0.1, 'az': -0.98, 'gx': -21.25, 'gy': -9.21, 'gz': -19.62}, {'t_us': 476993317, 'ax': -0.52, 'ay': 0.08, 'az': -0.76, 'gx': -17.22, 'gy': -21.01, 'gz': -6.05}, {'t_us': 477013267, 'ax': -0.49, 'ay': 0.14, 'az': -0.62, 'gx': -22.55, 'gy': -18.5, 'gz': 2.63}, {'t_us': 477033272, 'ax': -0.52, 'ay': 0.17, 'az': -0.65, 'gx': -26.08, 'gy': -7.6, 'gz': 7.25}]",2026-02-13 10:47:20,0.0
"[{'t_us': 477059625, 'ax': -0.67, 'ay': 0.1, 'az': -0.8, 'gx': -16.9, 'gy': -7.82, 'gz': 3.51}, {'t_us': 477073267, 'ax': -0.64, 'ay': 0.03, 'az': -0.8, 'gx': -7.71, 'gy': -15.19, 'gz': 2.18}, {'t_us': 477093267, 'ax': -0.59, 'ay': 0.0, 'az': -0.72, 'gx': -2.98, 'gy': -18.92, 'gz': 3.21}, {'t_us': 477113300, 'ax': -0.61, 'ay': 0.07, 'az': -0.71, 'gx': -1.33, 'gy': -16.15, 'gz': 6.21}, {'t_us': 477133310, 'ax': -0.62, 'ay': 0.11, 'az': -0.73, 'gx': -0.7, 'gy': -10.98, 'gz': 14.56}]",2026-02-13 10:47:20,0.0
"[{'t_us': 477158198, 'ax': -0.7, 'ay': 0.19, 'az': -0.76, 'gx': -2.43, 'gy': -17.62, 'gz': 17.02}, {'t_us': 477173274, 'ax': -0.74, 'ay': 0.23, 'az': -0.73, 'gx': -5.97, 'gy': -28.53, 'gz': 12.63}, {'t_us': 477193274, 'ax': -0.77, 'ay': 0.26, 'az': -0.73, 'gx': -10.27, 'gy': -42.9, 'gz': 4.96}, {'t_us': 477213306, 'ax': -0.67, 'ay': 0.22, 'az': -0.75, 'gx': -11.98, 'gy': -44.55, 'gz': -0.15}, {'t_us': 477233279, 'ax': -0.59, 'ay': 0.18, 'az': -0.78, 'gx': -13.1, 'gy': -33.86, 'gz': 0.37}]",2026-02-13 10:47:21,0.0
"[{'t_us': 477260185, 'ax': -0.71, 'ay': 0.16, 'az': -0.73, 'gx': -22.75, 'gy': -40.79, 'gz': 0.73}, {'t_us': 477273301, 'ax': -0.79, 'ay': 0.18, 'az': -0.73, 'gx': -27.51, 'gy': -47.77, 'gz': -1.47}, {'t_us': 477293310, 'ax': -0.84, 'ay': 0.15, 'az': -0.76, 'gx': -32.09, 'gy': -57.76, 'gz': -9.11}, {'t_us': 477313283, 'ax': -0.66, 'ay': 0.1, 'az': -0.72, 'gx': -35.24, 'gy': -58.37, 'gz': -11.82}, {'t_us': 477333304, 'ax': -0.57, 'ay': 0.09, 'az': -0.69, 'gx': -35.79, 'gy': -53.33, 'gz': -8.23}]",2026-02-13 10:47:21,0.0
"[{'t_us': 477360150, 'ax': -0.69, 'ay': 0.14, 'az': -0.74, 'gx': -35.31, 'gy': -55.18, 'gz': -4.93}, {'t_us': 477373329, 'ax': -0.74, 'ay': 0.15, 'az': -0.74, 'gx': -35.04, 'gy': -60.7, 'gz': -5.92}, {'t_us': 477393333, 'ax': -0.8, 'ay': 0.14, 'az': -0.71, 'gx': -36.17, 'gy': -76.34, 'gz': -7.71}, {'t_us': 477413292, 'ax': -0.68, 'ay': 0.09, 'az': -0.63, 'gx': -38.0, 'gy': -82.37, 'gz': -10.53}, {'t_us': 477433306, 'ax': -0.59, 'ay': 0.08, 'az': -0.55, 'gx': -41.02, 'gy': -75.37, 'gz': -11.5}]",2026-02-13 10:47:21,0.0
"[{'t_us': 477459558, 'ax': -0.57, 'ay': 0.09, 'az': -0.66, 'gx': -42.35, 'gy': -78.18, 'gz': -9.82}, {'t_us': 477473333, 'ax': -0.65, 'ay': 0.1, 'az': -0.72, 'gx': -40.26, 'gy': -94.17, 'gz': -9.57}, {'t_us': 477493333, 'ax': -0.66, 'ay': 0.09, 'az': -0.63, 'gx': -37.63, 'gy': -117.74, 'gz': -11.85}, {'t_us': 477513292, 'ax': -0.6, 'ay': 0.03, 'az': -0.44, 'gx': -34.46, 'gy': -126.7, 'gz': -14.73}, {'t_us': 477533310, 'ax': -0.48, 'ay': -0.03, 'az': -0.34, 'gx': -33.69, 'gy': -126.79, 'gz': -15.94}]",2026-02-13 10:47:21,0.0
"[{'t_us': 477560232, 'ax': -0.34, 'ay': -0.04, 'az': -0.43, 'gx': -38.05, 'gy': -137.97, 'gz': -14.08}, {'t_us': 477573317, 'ax': -0.38, 'ay': 0.02, 'az': -0.4, 'gx': -41.02, 'gy': -149.3, 'gz': -13.57}, {'t_us': 477593321, 'ax': -0.53, 'ay': 0.03, 'az': -0.29, 'gx': -43.02, 'gy': -173.92, 'gz': -16.32}, {'t_us': 477613274, 'ax': -0.57, 'ay': -0.03, 'az': -0.25, 'gx': -46.11, 'gy': -201.36, 'gz': -22.44}, {'t_us': 477633292, 'ax': -0.39, 'ay': -0.04, 'az': -0.3, 'gx': -49.6, 'gy': -205.6, 'gz': -26.44}]",2026-02-13 10:47:21,0.0
"[{'t_us': 477660097, 'ax': -0.28, 'ay': -0.02, 'az': -0.21, 'gx': -55.89, 'gy': -218.9, 'gz': -23.83}, {'t_us': 477673267, 'ax': -0.28, 'ay': -0.02, 'az': -0.2, 'gx': -55.22, 'gy': -224.93, 'gz': -27.51}, {'t_us': 477693267, 'ax': -0.09, 'ay': -0.08, 'az': -0.21, 'gx': -46.29, 'gy': -207.54, 'gz': -29.65}, {'t_us': 477713300, 'ax': -0.2, 'ay': -0.18, 'az': -0.04, 'gx': -40.26, 'gy': -214.27, 'gz': -31.01}, {'t_us': 477733317, 'ax': -0.48, 'ay': -0.2, 'az': 0.21, 'gx': -43.97, 'gy': -236.21, 'gz': -35.62}]",2026-02-13 10:47:21,0.0
"[{'t_us': 477759572, 'ax': -0.64, 'ay': -0.16, 'az': 0.5, 'gx': -46.0, 'gy': -267.56, 'gz': -32.32}, {'t_us': 477773310, 'ax': -0.54, 'ay': -0.17, 'az': 0.33, 'gx': -26.09, 'gy': -264.34, 'gz': -22.58}, {'t_us': 477793317, 'ax': -0.57, 'ay': 0.09, 'az': 0.45, 'gx': 31.82, 'gy': -279.74, 'gz': -1.01}, {'t_us': 477813323, 'ax': -1.0, 'ay': 0.48, 'az': 1.66, 'gx': -2.52, 'gy': -253.01, 'gz': 7.3}, {'t_us': 477833279, 'ax': -0.43, 'ay': 0.22, 'az': 1.94, 'gx': 2.82, 'gy': -340.47, 'gz': -9.56}]",2026-02-13 10:47:21,0.0
"[{'t_us': 477858282, 'ax': -0.36, 'ay': 0.66, 'az': 2.0, 'gx': -19.07, 'gy': -228.93, 'gz': -17.83}, {'t_us': 477873333, 'ax': -0.12, 'ay': 0.51, 'az': 2.0, 'gx': -12.7, 'gy': -215.62, 'gz': 17.77}, {'t_us': 477893333, 'ax': -0.22, 'ay': 0.33, 'az': 2.0, 'gx': 17.25, 'gy': -177.94, 'gz': 42.27}, {'t_us': 477913292, 'ax': 0.48, 'ay': 0.28, 'az': 2.0, 'gx': -1.3, 'gy': -37.24, 'gz': 9.68}, {'t_us': 477933292, 'ax': 0.7, 'ay': 0.18, 'az': 2.0, 'gx': 1.22, 'gy': 5.86, 'gz': -1.51}]",2026-02-13 10:47:21,0.0
"[{'t_us': 477960295, 'ax': 0.48, 'ay': 0.15, 'az': 0.77, 'gx': 24.35, 'gy': 64.32, 'gz': -5.47}, {'t_us': 477973326, 'ax': 0.24, 'ay': 0.03, 'az': 0.68, 'gx': 36.35, 'gy': 105.6, 'gz': 10.32}, {'t_us': 477993329, 'ax': -0.23, 'ay': -0.04, 'az': 0.55, 'gx': 25.02, 'gy': 85.19, 'gz': 34.49}, {'t_us': 478013279, 'ax': -0.72, 'ay': -0.18, 'az': 0.5, 'gx': 28.15, 'gy': 94.84, 'gz': 31.04}, {'t_us': 478033284, 'ax': -0.64, 'ay': -0.31, 'az': 0.55, 'gx': -15.22, 'gy': -6.6, 'gz': 9.82}]",2026-02-13 10:47:21,0.0
"[{'t_us': 478060098, 'ax': 0.57, 'ay': -0.17, 'az': 0.62, 'gx': 0.2, 'gy': -28.09, 'gz': 14.53}, {'t_us': 478073325, 'ax': 0.75, 'ay': -0.17, 'az': 0.58, 'gx': 17.3, 'gy': 20.26, 'gz': 24.96}, {'t_us': 478093329, 'ax': 0.21, 'ay': 0.01, 'az': 0.77, 'gx': 16.21, 'gy': 76.21, 'gz': 28.18}, {'t_us': 478113279, 'ax': -0.2, 'ay': 0.19, 'az': 0.52, 'gx': 4.72, 'gy': 74.05, 'gz': 29.65}, {'t_us': 478133306, 'ax': -0.46, 'ay': 0.22, 'az': 0.59, 'gx': 7.33, 'gy': 46.64, 'gz': 9.88}]",2026-02-13 10:47:22,0.0
"[{'t_us': 478162122, 'ax': -0.2, 'ay': 0.1, 'az': 0.82, 'gx': 3.79, 'gy': 22.72, 'gz': -3.62}, {'t_us': 478175609, 'ax': -0.18, 'ay': 0.02, 'az': 0.92, 'gx': -2.08, 'gy': 19.28, 'gz': 1.62}, {'t_us': 478193270, 'ax': -0.24, 'ay': 0.1, 'az': 0.92, 'gx': -4.98, 'gy': 16.61, 'gz': 9.18}, {'t_us': 478213306, 'ax': -0.15, 'ay': 0.14, 'az': 0.92, 'gx': -7.3, 'gy': 27.56, 'gz': 11.24}, {'t_us': 478233267, 'ax': -0.15, 'ay': 0.13, 'az': 0.9, 'gx': -15.8, 'gy': 46.26, 'gz': 15.85}]",2026-02-13 10:47:22,0.0
"[{'t_us': 478258432, 'ax': -0.5, 'ay': 0.17, 'az': 0.89, 'gx': -16.17, 'gy': 37.8, 'gz': 11.28}, {'t_us': 478273283, 'ax': -0.58, 'ay': 0.23, 'az': 0.92, 'gx': -9.66, 'gy': 15.8, 'gz': 1.91}, {'t_us': 478293310, 'ax': -0.44, 'ay': 0.25, 'az': 1.02, 'gx': -1.37, 'gy': 1.47, 'gz': -4.41}, {'t_us': 478313274, 'ax': -0.38, 'ay': 0.17, 'az': 1.02, 'gx': 2.55, 'gy': 5.76, 'gz': -0.63}, {'t_us': 478333321, 'ax': -0.45, 'ay': 0.21, 'az': 0.99, 'gx': -3.65, 'gy': 5.36, 'gz': 1.02}]",2026-02-13 10:47:22,0.0
"[{'t_us': 478357865, 'ax': -0.41, 'ay': 0.17, 'az': 0.77, 'gx': -6.58, 'gy': -0.15, 'gz': -3.83}, {'t_us': 478373317, 'ax': -0.37, 'ay': 0.11, 'az': 0.71, 'gx': -1.36, 'gy': -3.95, 'gz': -4.58}, {'t_us': 478393300, 'ax': -0.37, 'ay': 0.07, 'az': 0.77, 'gx': 5.21, 'gy': -4.58, 'gz': -1.88}, {'t_us': 478413310, 'ax': -0.4, 'ay': 0.1, 'az': 0.82, 'gx': 6.12, 'gy': -5.21, 'gz': -0.75}, {'t_us': 478433267, 'ax': -0.46, 'ay': 0.13, 'az': 0.84, 'gx': 2.47, 'gy': -16.0, 'gz': -1.63}]",2026-02-13 10:47:22,0.0
"[{'t_us': 478460058, 'ax': -0.45, 'ay': 0.09, 'az': 0.74, 'gx': 7.76, 'gy': -30.53, 'gz': -1.77}, {'t_us': 478473274, 'ax': -0.35, 'ay': 0.06, 'az': 0.72, 'gx': 12.18, 'gy': -27.42, 'gz': -2.05}, {'t_us': 478493306, 'ax': -0.22, 'ay': 0.06, 'az': 0.77, 'gx': 11.82, 'gy': -21.47, 'gz': 3.22}, {'t_us': 478513333, 'ax': -0.27, 'ay': 0.1, 'az': 0.85, 'gx': 6.29, 'gy': -17.31, 'gz': 6.95}, {'t_us': 478533326, 'ax': -0.41, 'ay': 0.18, 'az': 0.9, 'gx': 0.0, 'gy': -15.74, 'gz': 5.47}]",2026-02-13 10:47:22,0.0
"[{'t_us': 478557951, 'ax': -0.38, 'ay': 0.2, 'az': 0.81, 'gx': 1.69, 'gy': -7.1, 'gz': -3.01}, {'t_us': 478573267, 'ax': -0.29, 'ay': 0.16, 'az': 0.8, 'gx': 1.89, 'gy': -2.56, 'gz': -3.89}, {'t_us': 478593300, 'ax': -0.24, 'ay': 0.13, 'az': 0.8, 'gx': 0.2, 'gy': 1.68, 'gz': -0.84}, {'t_us': 478613310, 'ax': -0.31, 'ay': 0.16, 'az': 0.83, 'gx': -1.02, 'gy': 3.37, 'gz': 2.73}, {'t_us': 478633313, 'ax': -0.36, 'ay': 0.19, 'az': 0.84, 'gx': -1.01, 'gy': 2.38, 'gz': -0.23}]",2026-02-13 10:47:22,0.0
"[{'t_us': 478659780, 'ax': -0.29, 'ay': 0.14, 'az': 0.85, 'gx': -2.37, 'gy': 6.27, 'gz': -2.38}, {'t_us': 478673332, 'ax': -0.29, 'ay': 0.12, 'az': 0.84, 'gx': -3.34, 'gy': 9.37, 'gz': -1.95}, {'t_us': 478693333, 'ax': -0.33, 'ay': 0.12, 'az': 0.83, 'gx': -4.09, 'gy': 6.9, 'gz': -0.2}, {'t_us': 478713292, 'ax': -0.37, 'ay': 0.16, 'az': 0.85, 'gx': -3.97, 'gy': 2.95, 'gz': -0.53}, {'t_us': 478733270, 'ax': -0.36, 'ay': 0.16, 'az': 0.88, 'gx': -4.46, 'gy': 1.73, 'gz': -1.37}]",2026-02-13 10:47:22,0.0
"[{'t_us': 478759379, 'ax': -0.33, 'ay': 0.13, 'az': 0.82, 'gx': -6.27, 'gy': 1.91, 'gz': -2.72}, {'t_us': 478773468, 'ax': -0.3, 'ay': 0.11, 'az': 0.81, 'gx': -6.11, 'gy': 1.02, 'gz': -2.56}, {'t_us': 478793267, 'ax': -0.3, 'ay': 0.11, 'az': 0.83, 'gx': -4.52, 'gy': 3.31, 'gz': -0.95}, {'t_us': 478813300, 'ax': -0.34, 'ay': 0.13, 'az': 0.86, 'gx': -4.7, 'gy': 5.37, 'gz': -1.04}, {'t_us': 478833270, 'ax': -0.34, 'ay': 0.12, 'az': 0.85, 'gx': -5.62, 'gy': 5.85, 'gz': -1.36}]",2026-02-13 10:47:22,0.0
"[{'t_us': 478859772, 'ax': -0.31, 'ay': 0.12, 'az': 0.81, 'gx': -5.45, 'gy': 6.96, 'gz': -1.39}, {'t_us': 478873317, 'ax': -0.3, 'ay': 0.12, 'az': 0.81, 'gx': -4.67, 'gy': 6.92, 'gz': 0.0}, {'t_us': 478893333, 'ax': -0.32, 'ay': 0.12, 'az': 0.84, 'gx': -4.08, 'gy': 5.51, 'gz': 1.21}, {'t_us': 478913333, 'ax': -0.33, 'ay': 0.14, 'az': 0.85, 'gx': -4.67, 'gy': 7.24, 'gz': 0.52}, {'t_us': 478933310, 'ax': -0.34, 'ay': 0.13, 'az': 0.83, 'gx': -5.42, 'gy': 7.37, 'gz': -0.21}]",2026-02-13 10:47:22,0.0
"[{'t_us': 478958124, 'ax': -0.32, 'ay': 0.12, 'az': 0.83, 'gx': -4.69, 'gy': 5.91, 'gz': -0.32}, {'t_us': 478973310, 'ax': -0.34, 'ay': 0.14, 'az': 0.85, 'gx': -3.86, 'gy': 5.33, 'gz': -0.18}, {'t_us': 478993292, 'ax': -0.35, 'ay': 0.12, 'az': 0.85, 'gx': -3.36, 'gy': 5.92, 'gz': -0.98}, {'t_us': 479013306, 'ax': -0.32, 'ay': 0.12, 'az': 0.84, 'gx': -3.89, 'gy': 7.27, 'gz': -0.76}, {'t_us': 479033310, 'ax': -0.33, 'ay': 0.13, 'az': 0.83, 'gx': -4.41, 'gy': 7.37, 'gz': 0.0}]",2026-02-13 10:47:22,0.0
"[{'t_us': 479059865, 'ax': -0.34, 'ay': 0.13, 'az': 0.83, 'gx': -4.29, 'gy': 4.23, 'gz': -0.73}, {'t_us': 479073326, 'ax': -0.33, 'ay': 0.12, 'az': 0.83, 'gx': -4.12, 'gy': 2.26, 'gz': -0.79}, {'t_us': 479093300, 'ax': -0.31, 'ay': 0.13, 'az': 0.86, 'gx': -3.4, 'gy': 4.89, 'gz': -0.38}, {'t_us': 479113329, 'ax': -0.34, 'ay': 0.13, 'az': 0.86, 'gx': -3.27, 'gy': 7.25, 'gz': -0.66}, {'t_us': 479133329, 'ax': -0.35, 'ay': 0.12, 'az': 0.81, 'gx': -3.59, 'gy': 3.85, 'gz': -0.98}]",2026-02-13 10:47:22,0.0
"[{'t_us': 479159414, 'ax': -0.31, 'ay': 0.11, 'az': 0.84, 'gx': -2.24, 'gy': 1.51, 'gz': 0.26}, {'t_us': 479173300, 'ax': -0.33, 'ay': 0.12, 'az': 0.84, 'gx': -2.41, 'gy': 0.95, 'gz': 0.52}, {'t_us': 479193326, 'ax': -0.35, 'ay': 0.13, 'az': 0.85, 'gx': -2.72, 'gy': 2.26, 'gz': -0.06}, {'t_us': 479213329, 'ax': -0.34, 'ay': 0.13, 'az': 0.84, 'gx': -2.89, 'gy': 4.31, 'gz': -1.19}, {'t_us': 479233317, 'ax': -0.34, 'ay': 0.13, 'az': 0.84, 'gx': -2.47, 'gy': 3.33, 'gz': -1.24}]",2026-02-13 10:47:23,0.0
"[{'t_us': 479259449, 'ax': -0.33, 'ay': 0.12, 'az': 0.82, 'gx': -2.23, 'gy': 1.18, 'gz': -1.6}, {'t_us': 479273310, 'ax': -0.33, 'ay': 0.11, 'az': 0.83, 'gx': -2.06, 'gy': 0.21, 'gz': -0.49}, {'t_us': 479293300, 'ax': -0.33, 'ay': 0.12, 'az': 0.84, 'gx': -2.34, 'gy': 1.42, 'gz': 0.0}, {'t_us': 479313329, 'ax': -0.34, 'ay': 0.13, 'az': 0.84, 'gx': -2.27, 'gy': 2.37, 'gz': -0.2}, {'t_us': 479333300, 'ax': -0.35, 'ay': 0.13, 'az': 0.84, 'gx': -2.2, 'gy': 1.27, 'gz': -0.72}]",2026-02-13 10:47:23,0.0
"[{'t_us': 479357713, 'ax': -0.33, 'ay': 0.12, 'az': 0.83, 'gx': -2.37, 'gy': 0.66, 'gz': -0.21}, {'t_us': 479373300, 'ax': -0.32, 'ay': 0.13, 'az': 0.84, 'gx': -2.56, 'gy': 1.63, 'gz': 0.02}, {'t_us': 479393275, 'ax': -0.31, 'ay': 0.13, 'az': 0.83, 'gx': -2.99, 'gy': 3.97, 'gz': 0.38}, {'t_us': 479413274, 'ax': -0.33, 'ay': 0.13, 'az': 0.83, 'gx': -2.87, 'gy': 3.89, 'gz': 0.95}, {'t_us': 479433306, 'ax': -0.35, 'ay': 0.12, 'az': 0.84, 'gx': -3.36, 'gy': 1.31, 'gz': -0.09}]",2026-02-13 10:47:23,0.0
"[{'t_us': 479459108, 'ax': -0.33, 'ay': 0.13, 'az': 0.85, 'gx': -2.55, 'gy': 3.3, 'gz': -0.29}, {'t_us': 479473311, 'ax': -0.33, 'ay': 0.14, 'az': 0.84, 'gx': -2.05, 'gy': 6.95, 'gz': -0.95}, {'t_us': 479493317, 'ax': -0.34, 'ay': 0.14, 'az': 0.81, 'gx': -2.96, 'gy': 6.98, 'gz': -0.58}, {'t_us': 479513267, 'ax': -0.34, 'ay': 0.14, 'az': 0.82, 'gx': -3.85, 'gy': 4.84, 'gz': -0.87}, {'t_us': 479533321, 'ax': -0.32, 'ay': 0.14, 'az': 0.84, 'gx': -4.29, 'gy': 5.51, 'gz': -0.84}]",2026-02-13 10:47:23,0.0
"[{'t_us': 479560038, 'ax': -0.33, 'ay': 0.13, 'az': 0.84, 'gx': -4.32, 'gy': 6.49, 'gz': 0.08}, {'t_us': 479573326, 'ax': -0.34, 'ay': 0.12, 'az': 0.84, 'gx': -3.74, 'gy': 5.68, 'gz': 0.58}, {'t_us': 479593317, 'ax': -0.35, 'ay': 0.12, 'az': 0.84, 'gx': -3.04, 'gy': 4.61, 'gz': 1.13}, {'t_us': 479613270, 'ax': -0.33, 'ay': 0.11, 'az': 0.84, 'gx': -3.48, 'gy': 3.79, 'gz': 0.32}, {'t_us': 479633285, 'ax': -0.32, 'ay': 0.12, 'az': 0.83, 'gx': -3.07, 'gy': 3.98, 'gz': -0.09}]",2026-02-13 10:47:23,0.0
"[{'t_us': 479659384, 'ax': -0.33, 'ay': 0.13, 'az': 0.83, 'gx': -1.92, 'gy': 5.37, 'gz': -0.08}, {'t_us': 479673279, 'ax': -0.34, 'ay': 0.13, 'az': 0.84, 'gx': -2.08, 'gy': 4.58, 'gz': -0.12}, {'t_us': 479693291, 'ax': -0.34, 'ay': 0.15, 'az': 0.84, 'gx': -2.43, 'gy': 3.04, 'gz': -0.14}, {'t_us': 479713267, 'ax': -0.34, 'ay': 0.17, 'az': 0.83, 'gx': -2.06, 'gy': 2.75, 'gz': -0.56}, {'t_us': 479733311, 'ax': -0.32, 'ay': 0.15, 'az': 0.83, 'gx': -1.83, 'gy': 2.46, 'gz': -0.47}]",2026-02-13 10:47:23,0.0
"[{'t_us': 479759834, 'ax': -0.33, 'ay': 0.14, 'az': 0.85, 'gx': -2.44, 'gy': 2.12, 'gz': -0.17}, {'t_us': 479773329, 'ax': -0.34, 'ay': 0.12, 'az': 0.85, 'gx': -2.66, 'gy': 1.98, 'gz': -0.55}, {'t_us': 479793292, 'ax': -0.35, 'ay': 0.14, 'az': 0.85, 'gx': -2.69, 'gy': 0.9, 'gz': -0.99}, {'t_us': 479813321, 'ax': -0.33, 'ay': 0.14, 'az': 0.82, 'gx': -2.37, 'gy': -0.52, 'gz': -1.02}, {'t_us': 479833306, 'ax': -0.31, 'ay': 0.14, 'az': 0.84, 'gx': -2.79, 'gy': 0.92, 'gz': -0.08}]",2026-02-13 10:47:23,0.0
"[{'t_us': 479857695, 'ax': -0.31, 'ay': 0.13, 'az': 0.83, 'gx': -3.11, 'gy': 4.08, 'gz': -0.64}, {'t_us': 479873300, 'ax': -0.33, 'ay': 0.13, 'az': 0.83, 'gx': -3.3, 'gy': 3.79, 'gz': -0.21}, {'t_us': 479893329, 'ax': -0.35, 'ay': 0.13, 'az': 0.83, 'gx': -3.11, 'gy': 3.28, 'gz': -0.14}, {'t_us': 479913285, 'ax': -0.35, 'ay': 0.13, 'az': 0.83, 'gx': -3.34, 'gy': 1.73, 'gz': -1.08}, {'t_us': 479933284, 'ax': -0.33, 'ay': 0.13, 'az': 0.82, 'gx': -4.21, 'gy': 1.01, 'gz': -1.63}]",2026-02-13 10:47:23,0.0
"[{'t_us': 479957958, 'ax': -0.3, 'ay': 0.15, 'az': 0.85, 'gx': -4.73, 'gy': 3.51, 'gz': -1.44}, {'t_us': 479974983, 'ax': -0.32, 'ay': 0.14, 'az': 0.84, 'gx': -3.74, 'gy': 6.6, 'gz': -0.96}, {'t_us': 479993274, 'ax': -0.37, 'ay': 0.12, 'az': 0.82, 'gx': -3.27, 'gy': 5.13, 'gz': -0.32}, {'t_us': 480013300, 'ax': -0.38, 'ay': 0.12, 'az': 0.84, 'gx': -5.05, 'gy': -0.17, 'gz': -1.33}, {'t_us': 480033318, 'ax': -0.36, 'ay': 0.13, 'az': 0.86, 'gx': -6.35, 'gy': -3.07, 'gz': -2.26}]",2026-02-13 10:47:23,0.0
"[{'t_us': 480058618, 'ax': -0.29, 'ay': 0.13, 'az': 0.86, 'gx': -4.43, 'gy': -0.23, 'gz': -2.73}, {'t_us': 480073300, 'ax': -0.3, 'ay': 0.12, 'az': 0.85, 'gx': -2.06, 'gy': 3.88, 'gz': -2.34}, {'t_us': 480093300, 'ax': -0.33, 'ay': 0.12, 'az': 0.82, 'gx': -1.04, 'gy': 4.09, 'gz': -1.77}, {'t_us': 480113267, 'ax': -0.31, 'ay': 0.11, 'az': 0.81, 'gx': -3.33, 'gy': 2.17, 'gz': -0.82}, {'t_us': 480133321, 'ax': -0.31, 'ay': 0.11, 'az': 0.84, 'gx': -4.46, 'gy': 0.52, 'gz': 0.38}]",2026-02-13 10:47:23,0.0
"[{'t_us': 480159884, 'ax': -0.33, 'ay': 0.11, 'az': 0.86, 'gx': -0.95, 'gy': 4.03, 'gz': -1.11}, {'t_us': 480173271, 'ax': -0.35, 'ay': 0.12, 'az': 0.85, 'gx': 0.03, 'gy': 5.45, 'gz': -0.85}, {'t_us': 480193270, 'ax': -0.36, 'ay': 0.1, 'az': 0.82, 'gx': -0.27, 'gy': 3.21, 'gz': -0.98}, {'t_us': 480213310, 'ax': -0.35, 'ay': 0.11, 'az': 0.8, 'gx': -1.02, 'gy': 3.68, 'gz': -1.13}, {'t_us': 480233270, 'ax': -0.34, 'ay': 0.14, 'az': 0.83, 'gx': -1.01, 'gy': 0.85, 'gz': -0.5}]",2026-02-13 10:47:24,0.0
"[{'t_us': 480259399, 'ax': -0.37, 'ay': 0.12, 'az': 0.88, 'gx': 0.32, 'gy': -6.46, 'gz': -2.81}, {'t_us': 480273279, 'ax': -0.37, 'ay': 0.12, 'az': 0.89, 'gx': 1.21, 'gy': -6.72, 'gz': -4.46}, {'t_us': 480293279, 'ax': -0.34, 'ay': 0.14, 'az': 0.86, 'gx': 1.82, 'gy': -7.56, 'gz': -6.9}, {'t_us': 480313321, 'ax': -0.29, 'ay': 0.15, 'az': 0.82, 'gx': 2.11, 'gy': -8.66, 'gz': -5.5}, {'t_us': 480333329, 'ax': -0.27, 'ay': 0.13, 'az': 0.83, 'gx': 1.95, 'gy': -6.67, 'gz': -3.07}]",2026-02-13 10:47:24,0.0
"[{'t_us': 480359356, 'ax': -0.27, 'ay': 0.14, 'az': 0.86, 'gx': 0.55, 'gy': -4.47, 'gz': -4.17}, {'t_us': 480373267, 'ax': -0.27, 'ay': 0.15, 'az': 0.86, 'gx': -0.05, 'gy': -4.2, 'gz': -4.29}, {'t_us': 480393267, 'ax': -0.28, 'ay': 0.16, 'az': 0.84, 'gx': 0.37, 'gy': -1.45, 'gz': -4.7}, {'t_us': 480413329, 'ax': -0.29, 'ay': 0.16, 'az': 0.84, 'gx': 0.58, 'gy': 0.99, 'gz': -3.37}, {'t_us': 480433267, 'ax': -0.32, 'ay': 0.13, 'az': 0.85, 'gx': -1.07, 'gy': -0.96, 'gz': -3.08}]",2026-02-13 10:47:24,0.0
"[{'t_us': 480458054, 'ax': -0.32, 'ay': 0.17, 'az': 0.83, 'gx': -1.25, 'gy': -4.03, 'gz': -3.44}, {'t_us': 480473317, 'ax': -0.29, 'ay': 0.18, 'az': 0.86, 'gx': -1.25, 'gy': -3.82, 'gz': -3.15}, {'t_us': 480493321, 'ax': -0.29, 'ay': 0.15, 'az': 0.85, 'gx': -1.05, 'gy': 0.9, 'gz': -3.54}, {'t_us': 480513278, 'ax': -0.31, 'ay': 0.14, 'az': 0.83, 'gx': -0.85, 'gy': 3.24, 'gz': -3.88}, {'t_us': 480533325, 'ax': -0.34, 'ay': 0.14, 'az': 0.83, 'gx': -1.98, 'gy': -0.24, 'gz': -2.92}]",2026-02-13 10:47:24,0.0
"[{'t_us': 480557995, 'ax': -0.32, 'ay': 0.16, 'az': 0.85, 'gx': -2.63, 'gy': -2.85, 'gz': -2.02}, {'t_us': 480573306, 'ax': -0.31, 'ay': 0.16, 'az': 0.86, 'gx': -2.78, 'gy': -0.89, 'gz': -2.02}, {'t_us': 480593270, 'ax': -0.3, 'ay': 0.14, 'az': 0.84, 'gx': -3.07, 'gy': 0.12, 'gz': -3.19}, {'t_us': 480613321, 'ax': -0.29, 'ay': 0.13, 'az': 0.85, 'gx': -2.92, 'gy': 0.79, 'gz': -2.58}, {'t_us': 480633321, 'ax': -0.29, 'ay': 0.13, 'az': 0.84, 'gx': -2.67, 'gy': 3.02, 'gz': -1.48}]",2026-02-13 10:47:24,0.0
"[{'t_us': 480657842, 'ax': -0.29, 'ay': 0.14, 'az': 0.82, 'gx': -3.15, 'gy': 1.68, 'gz': -0.66}, {'t_us': 480673270, 'ax': -0.31, 'ay': 0.13, 'az': 0.85, 'gx': -2.41, 'gy': 0.58, 'gz': -1.08}, {'t_us': 480693270, 'ax': -0.28, 'ay': 0.12, 'az': 0.87, 'gx': -2.58, 'gy': 2.37, 'gz': -0.66}, {'t_us': 480713326, 'ax': -0.26, 'ay': 0.14, 'az': 0.84, 'gx': -3.48, 'gy': 4.31, 'gz': -0.2}, {'t_us': 480733278, 'ax': -0.29, 'ay': 0.15, 'az': 0.84, 'gx': -3.4, 'gy': 6.24, 'gz': 0.02}]",2026-02-13 10:47:24,0.0
"[{'t_us': 480759362, 'ax': -0.27, 'ay': 0.13, 'az': 0.83, 'gx': -3.8, 'gy': 6.63, 'gz': 0.93}, {'t_us': 480773300, 'ax': -0.28, 'ay': 0.12, 'az': 0.81, 'gx': -3.97, 'gy': 5.51, 'gz': 2.21}, {'t_us': 480793329, 'ax': -0.27, 'ay': 0.13, 'az': 0.83, 'gx': -4.32, 'gy': 5.16, 'gz': 3.74}, {'t_us': 480813272, 'ax': -0.32, 'ay': 0.14, 'az': 0.84, 'gx': -3.71, 'gy': 2.64, 'gz': 4.14}, {'t_us': 480833317, 'ax': -0.32, 'ay': 0.13, 'az': 0.86, 'gx': -3.68, 'gy': 0.26, 'gz': 1.89}]",2026-02-13 10:47:24,0.0
"[{'t_us': 480857740, 'ax': -0.31, 'ay': 0.15, 'az': 0.88, 'gx': -5.89, 'gy': -1.47, 'gz': 0.67}, {'t_us': 480873270, 'ax': -0.32, 'ay': 0.16, 'az': 0.88, 'gx': -4.53, 'gy': -1.25, 'gz': 0.34}, {'t_us': 480893270, 'ax': -0.31, 'ay': 0.16, 'az': 0.86, 'gx': -2.73, 'gy': -0.87, 'gz': -1.91}, {'t_us': 480913306, 'ax': -0.24, 'ay': 0.14, 'az': 0.85, 'gx': -3.08, 'gy': 0.31, 'gz': -0.99}, {'t_us': 480933321, 'ax': -0.25, 'ay': 0.14, 'az': 0.86, 'gx': -3.37, 'gy': 2.23, 'gz': -0.27}]",2026-02-13 10:47:24,0.0
"[{'t_us': 480957875, 'ax': -0.28, 'ay': 0.15, 'az': 0.84, 'gx': -2.81, 'gy': 3.98, 'gz': -0.49}, {'t_us': 480973292, 'ax': -0.28, 'ay': 0.13, 'az': 0.85, 'gx': -2.32, 'gy': 4.31, 'gz': -0.12}, {'t_us': 480993326, 'ax': -0.29, 'ay': 0.13, 'az': 0.86, 'gx': -1.71, 'gy': 6.09, 'gz': 0.26}, {'t_us': 481013329, 'ax': -0.32, 'ay': 0.13, 'az': 0.85, 'gx': -1.74, 'gy': 5.31, 'gz': 0.15}, {'t_us': 481033333, 'ax': -0.32, 'ay': 0.15, 'az': 0.85, 'gx': -2.37, 'gy': 2.37, 'gz': -0.52}]",2026-02-13 10:47:24,0.0
"[{'t_us': 481059380, 'ax': -0.29, 'ay': 0.14, 'az': 0.86, 'gx': -1.34, 'gy': 2.08, 'gz': -0.95}, {'t_us': 481073270, 'ax': -0.29, 'ay': 0.13, 'az': 0.85, 'gx': -0.32, 'gy': 2.96, 'gz': -1.19}, {'t_us': 481093300, 'ax': -0.3, 'ay': 0.13, 'az': 0.83, 'gx': -0.63, 'gy': 4.31, 'gz': -1.02}, {'t_us': 481113329, 'ax': -0.31, 'ay': 0.15, 'az': 0.85, 'gx': -2.47, 'gy': 2.64, 'gz': -0.63}, {'t_us': 481133340, 'ax': -0.31, 'ay': 0.16, 'az': 0.86, 'gx': -2.81, 'gy': 1.11, 'gz': -0.5}]",2026-02-13 10:47:24,0.0
"[{'t_us': 481159385, 'ax': -0.28, 'ay': 0.15, 'az': 0.85, 'gx': -1.79, 'gy': 2.58, 'gz': -0.56}, {'t_us': 481174145, 'ax': -0.28, 'ay': 0.13, 'az': 0.85, 'gx': -1.63, 'gy': 2.4, 'gz': -0.11}, {'t_us': 481193300, 'ax': -0.28, 'ay': 0.15, 'az': 0.86, 'gx': -2.7, 'gy': 2.99, 'gz': -0.05}, {'t_us': 481213329, 'ax': -0.29, 'ay': 0.16, 'az': 0.83, 'gx': -1.77, 'gy': 1.36, 'gz': 0.61}, {'t_us': 481233306, 'ax': -0.27, 'ay': 0.14, 'az': 0.85, 'gx': -0.67, 'gy': -0.12, 'gz': 0.72}]",2026-02-13 10:47:25,0.0
"[{'t_us': 481257848, 'ax': -0.28, 'ay': 0.16, 'az': 0.88, 'gx': -2.61, 'gy': 1.3, 'gz': 0.37}, {'t_us': 481273333, 'ax': -0.3, 'ay': 0.16, 'az': 0.86, 'gx': -3.95, 'gy': 2.32, 'gz': -0.63}, {'t_us': 481293333, 'ax': -0.3, 'ay': 0.16, 'az': 0.84, 'gx': -3.37, 'gy': 1.97, 'gz': -0.27}, {'t_us': 481313292, 'ax': -0.29, 'ay': 0.14, 'az': 0.85, 'gx': -1.19, 'gy': 2.14, 'gz': 0.76}, {'t_us': 481333342, 'ax': -0.29, 'ay': 0.14, 'az': 0.87, 'gx': -1.3, 'gy': -0.09, 'gz': -0.27}]",2026-02-13 10:47:25,0.0
"[{'t_us': 481357902, 'ax': -0.25, 'ay': 0.18, 'az': 0.86, 'gx': -2.37, 'gy': 2.21, 'gz': -2.96}, {'t_us': 481373306, 'ax': -0.24, 'ay': 0.17, 'az': 0.83, 'gx': -2.27, 'gy': 6.0, 'gz': -2.34}, {'t_us': 481393317, 'ax': -0.26, 'ay': 0.13, 'az': 0.83, 'gx': -2.63, 'gy': 5.98, 'gz': -0.55}, {'t_us': 481413267, 'ax': -0.29, 'ay': 0.12, 'az': 0.83, 'gx': -2.63, 'gy': 5.6, 'gz': 1.57}, {'t_us': 481433302, 'ax': -0.3, 'ay': 0.12, 'az': 0.83, 'gx': -2.89, 'gy': 3.62, 'gz': 1.39}]",2026-02-13 10:47:25,0.0
"[{'t_us': 481459559, 'ax': -0.31, 'ay': 0.14, 'az': 0.84, 'gx': -2.99, 'gy': 5.1, 'gz': 0.46}, {'t_us': 481473292, 'ax': -0.31, 'ay': 0.13, 'az': 0.83, 'gx': -2.17, 'gy': 4.98, 'gz': 0.5}, {'t_us': 481493306, 'ax': -0.32, 'ay': 0.13, 'az': 0.84, 'gx': -1.15, 'gy': 3.66, 'gz': 1.08}, {'t_us': 481513333, 'ax': -0.32, 'ay': 0.14, 'az': 0.83, 'gx': -1.48, 'gy': 1.51, 'gz': 1.4}, {'t_us': 481533273, 'ax': -0.3, 'ay': 0.17, 'az': 0.85, 'gx': -2.4, 'gy': 0.29, 'gz': 1.07}]",2026-02-13 10:47:25,0.0
"[{'t_us': 481559575, 'ax': -0.28, 'ay': 0.17, 'az': 0.86, 'gx': -1.88, 'gy': 3.57, 'gz': 1.73}, {'t_us': 481573279, 'ax': -0.28, 'ay': 0.16, 'az': 0.86, 'gx': -1.59, 'gy': 4.9, 'gz': 1.59}, {'t_us': 481593274, 'ax': -0.28, 'ay': 0.15, 'az': 0.85, 'gx': -2.08, 'gy': 4.73, 'gz': 2.05}, {'t_us': 481613290, 'ax': -0.29, 'ay': 0.17, 'az': 0.85, 'gx': -2.79, 'gy': 2.92, 'gz': 2.4}, {'t_us': 481633285, 'ax': -0.29, 'ay': 0.18, 'az': 0.86, 'gx': -2.23, 'gy': 2.29, 'gz': 2.32}]",2026-02-13 10:47:25,0.0
"[{'t_us': 481659376, 'ax': -0.28, 'ay': 0.16, 'az': 0.86, 'gx': -2.05, 'gy': 2.03, 'gz': 1.05}, {'t_us': 481673329, 'ax': -0.27, 'ay': 0.15, 'az': 0.85, 'gx': -3.18, 'gy': 1.34, 'gz': 0.5}, {'t_us': 481693333, 'ax': -0.25, 'ay': 0.15, 'az': 0.83, 'gx': -4.53, 'gy': 0.38, 'gz': 1.11}, {'t_us': 481713301, 'ax': -0.26, 'ay': 0.16, 'az': 0.84, 'gx': -3.47, 'gy': 0.21, 'gz': 2.14}, {'t_us': 481733329, 'ax': -0.26, 'ay': 0.15, 'az': 0.85, 'gx': -1.08, 'gy': 1.91, 'gz': 2.35}]",2026-02-13 10:47:25,0.0
"[{'t_us': 481758342, 'ax': -0.28, 'ay': 0.14, 'az': 0.86, 'gx': -1.91, 'gy': 2.61, 'gz': 1.24}, {'t_us': 481773310, 'ax': -0.29, 'ay': 0.16, 'az': 0.86, 'gx': -2.89, 'gy': 2.49, 'gz': 0.69}, {'t_us': 481793317, 'ax': -0.29, 'ay': 0.18, 'az': 0.87, 'gx': -1.4, 'gy': 2.29, 'gz': 1.3}, {'t_us': 481813275, 'ax': -0.28, 'ay': 0.15, 'az': 0.85, 'gx': 1.77, 'gy': -0.82, 'gz': 1.94}, {'t_us': 481833326, 'ax': -0.27, 'ay': 0.15, 'az': 0.84, 'gx': 3.62, 'gy': 4.18, 'gz': 0.23}]",2026-02-13 10:47:25,0.0
"[{'t_us': 481873275, 'ax': -0.29, 'ay': 0.18, 'az': 0.81, 'gx': -0.37, 'gy': 6.53, 'gz': 3.65}, {'t_us': 481893292, 'ax': -0.32, 'ay': 0.18, 'az': 0.83, 'gx': -2.35, 'gy': 3.27, 'gz': 2.93}, {'t_us': 481913321, 'ax': -0.31, 'ay': 0.19, 'az': 0.86, 'gx': -2.87, 'gy': 2.08, 'gz': 1.97}, {'t_us': 481933333, 'ax': -0.29, 'ay': 0.19, 'az': 0.86, 'gx': -2.2, 'gy': 3.54, 'gz': 2.6}]",2026-02-13 10:47:25,0.0
"[{'t_us': 481959153, 'ax': -0.3, 'ay': 0.16, 'az': 0.85, 'gx': -2.15, 'gy': 2.6, 'gz': 1.92}, {'t_us': 481973267, 'ax': -0.29, 'ay': 0.16, 'az': 0.84, 'gx': -2.92, 'gy': 1.57, 'gz': 1.63}, {'t_us': 481993267, 'ax': -0.26, 'ay': 0.17, 'az': 0.84, 'gx': -4.12, 'gy': 1.28, 'gz': 2.03}, {'t_us': 482013300, 'ax': -0.25, 'ay': 0.18, 'az': 0.85, 'gx': -5.01, 'gy': 2.12, 'gz': 2.21}, {'t_us': 482033329, 'ax': -0.27, 'ay': 0.17, 'az': 0.86, 'gx': -4.02, 'gy': 2.49, 'gz': 1.69}]",2026-02-13 10:47:25,0.0
"[{'t_us': 482059505, 'ax': -0.29, 'ay': 0.16, 'az': 0.88, 'gx': -2.84, 'gy': 1.5, 'gz': 0.4}, {'t_us': 482075715, 'ax': -0.28, 'ay': 0.15, 'az': 0.88, 'gx': -2.7, 'gy': 1.73, 'gz': -0.55}, {'t_us': 482093329, 'ax': -0.24, 'ay': 0.14, 'az': 0.86, 'gx': -2.89, 'gy': 2.67, 'gz': -1.27}, {'t_us': 482113279, 'ax': -0.23, 'ay': 0.16, 'az': 0.84, 'gx': -2.05, 'gy': 4.78, 'gz': -1.01}, {'t_us': 482133306, 'ax': -0.26, 'ay': 0.16, 'az': 0.83, 'gx': -2.0, 'gy': 4.78, 'gz': -0.26}]",2026-02-13 10:47:26,0.0
"[{'t_us': 482159525, 'ax': -0.28, 'ay': 0.17, 'az': 0.85, 'gx': -2.15, 'gy': 3.08, 'gz': 0.44}, {'t_us': 482173310, 'ax': -0.3, 'ay': 0.18, 'az': 0.85, 'gx': -1.83, 'gy': 2.46, 'gz': 0.17}, {'t_us': 482193300, 'ax': -0.28, 'ay': 0.19, 'az': 0.85, 'gx': -1.25, 'gy': 3.63, 'gz': -0.26}, {'t_us': 482213310, 'ax': -0.26, 'ay': 0.17, 'az': 0.86, 'gx': -1.88, 'gy': 5.82, 'gz': -0.31}, {'t_us': 482233310, 'ax': -0.28, 'ay': 0.17, 'az': 0.85, 'gx': -2.18, 'gy': 6.92, 'gz': 0.53}]",2026-02-13 10:47:26,0.0
"[{'t_us': 482259962, 'ax': -0.32, 'ay': 0.22, 'az': 0.84, 'gx': -1.95, 'gy': 6.6, 'gz': 0.9}, {'t_us': 482273325, 'ax': -0.31, 'ay': 0.21, 'az': 0.83, 'gx': -2.06, 'gy': 5.16, 'gz': 0.47}, {'t_us': 482293270, 'ax': -0.3, 'ay': 0.2, 'az': 0.85, 'gx': -2.46, 'gy': 4.23, 'gz': -0.38}, {'t_us': 482313306, 'ax': -0.29, 'ay': 0.19, 'az': 0.85, 'gx': -3.74, 'gy': 5.56, 'gz': -0.93}, {'t_us': 482333270, 'ax': -0.3, 'ay': 0.19, 'az': 0.84, 'gx': -4.9, 'gy': 5.25, 'gz': -2.17}]",2026-02-13 10:47:26,0.0
"[{'t_us': 482358223, 'ax': -0.29, 'ay': 0.18, 'az': 0.83, 'gx': -5.48, 'gy': 2.7, 'gz': -3.24}, {'t_us': 482373292, 'ax': -0.26, 'ay': 0.16, 'az': 0.84, 'gx': -4.76, 'gy': 2.09, 'gz': -2.31}, {'t_us': 482393321, 'ax': -0.25, 'ay': 0.17, 'az': 0.84, 'gx': -4.52, 'gy': 3.01, 'gz': -0.66}, {'t_us': 482413303, 'ax': -0.27, 'ay': 0.16, 'az': 0.86, 'gx': -4.64, 'gy': 3.19, 'gz': -0.5}, {'t_us': 482433310, 'ax': -0.27, 'ay': 0.15, 'az': 0.86, 'gx': -5.33, 'gy': 4.69, 'gz': -0.64}]",2026-02-13 10:47:26,0.0
"[{'t_us': 482460217, 'ax': -0.29, 'ay': 0.15, 'az': 0.83, 'gx': -5.4, 'gy': 4.27, 'gz': -0.18}, {'t_us': 482473839, 'ax': -0.28, 'ay': 0.14, 'az': 0.84, 'gx': -4.02, 'gy': 3.16, 'gz': 0.06}, {'t_us': 482493279, 'ax': -0.28, 'ay': 0.17, 'az': 0.85, 'gx': -2.44, 'gy': 2.85, 'gz': 1.13}, {'t_us': 482513310, 'ax': -0.28, 'ay': 0.17, 'az': 0.85, 'gx': -2.61, 'gy': 4.82, 'gz': 0.21}, {'t_us': 482533270, 'ax': -0.31, 'ay': 0.17, 'az': 0.84, 'gx': -3.33, 'gy': 5.62, 'gz': -0.03}]",2026-02-13 10:47:26,0.0
"[{'t_us': 482558406, 'ax': -0.29, 'ay': 0.2, 'az': 0.84, 'gx': -4.31, 'gy': 4.17, 'gz': -1.69}, {'t_us': 482573326, 'ax': -0.28, 'ay': 0.19, 'az': 0.83, 'gx': -3.95, 'gy': 4.72, 'gz': -1.76}, {'t_us': 482593302, 'ax': -0.28, 'ay': 0.18, 'az': 0.84, 'gx': -3.08, 'gy': 3.89, 'gz': -0.61}, {'t_us': 482613267, 'ax': -0.29, 'ay': 0.17, 'az': 0.85, 'gx': -3.74, 'gy': 2.84, 'gz': -0.06}, {'t_us': 482633300, 'ax': -0.27, 'ay': 0.17, 'az': 0.85, 'gx': -3.85, 'gy': 3.73, 'gz': -0.34}]",2026-02-13 10:47:26,0.0
"[{'t_us': 482659628, 'ax': -0.29, 'ay': 0.18, 'az': 0.85, 'gx': -4.21, 'gy': 4.32, 'gz': -0.18}, {'t_us': 482673333, 'ax': -0.3, 'ay': 0.17, 'az': 0.84, 'gx': -4.6, 'gy': 3.57, 'gz': -0.41}, {'t_us': 482693300, 'ax': -0.29, 'ay': 0.17, 'az': 0.84, 'gx': -5.16, 'gy': 3.24, 'gz': -0.56}, {'t_us': 482713310, 'ax': -0.29, 'ay': 0.16, 'az': 0.86, 'gx': -4.78, 'gy': 2.75, 'gz': 0.05}, {'t_us': 482733271, 'ax': -0.29, 'ay': 0.15, 'az': 0.85, 'gx': -3.42, 'gy': 3.71, 'gz': -0.2}]",2026-02-13 10:47:26,0.0
"[{'t_us': 482760351, 'ax': -0.29, 'ay': 0.15, 'az': 0.85, 'gx': -2.32, 'gy': 4.24, 'gz': 0.12}, {'t_us': 482773297, 'ax': -0.29, 'ay': 0.15, 'az': 0.84, 'gx': -1.88, 'gy': 4.49, 'gz': 0.9}, {'t_us': 482793306, 'ax': -0.3, 'ay': 0.14, 'az': 0.84, 'gx': -1.45, 'gy': 3.27, 'gz': 1.8}, {'t_us': 482813333, 'ax': -0.3, 'ay': 0.15, 'az': 0.85, 'gx': -1.91, 'gy': 2.7, 'gz': 1.97}, {'t_us': 482833292, 'ax': -0.28, 'ay': 0.18, 'az': 0.85, 'gx': -2.2, 'gy': 1.5, 'gz': 2.02}]",2026-02-13 10:47:26,0.0
"[{'t_us': 482859070, 'ax': -0.27, 'ay': 0.19, 'az': 0.85, 'gx': -1.36, 'gy': 2.2, 'gz': 1.79}, {'t_us': 482873297, 'ax': -0.26, 'ay': 0.19, 'az': 0.84, 'gx': -1.39, 'gy': 3.37, 'gz': 1.19}, {'t_us': 482893306, 'ax': -0.27, 'ay': 0.19, 'az': 0.84, 'gx': -1.82, 'gy': 4.47, 'gz': 0.95}, {'t_us': 482913333, 'ax': -0.28, 'ay': 0.17, 'az': 0.84, 'gx': -1.47, 'gy': 4.15, 'gz': 1.07}, {'t_us': 482933279, 'ax': -0.28, 'ay': 0.16, 'az': 0.87, 'gx': -1.16, 'gy': 4.49, 'gz': 1.31}]",2026-02-13 10:47:26,0.0
"[{'t_us': 482958093, 'ax': -0.28, 'ay': 0.18, 'az': 0.85, 'gx': -1.25, 'gy': 4.73, 'gz': 1.16}, {'t_us': 482973306, 'ax': -0.28, 'ay': 0.19, 'az': 0.84, 'gx': -2.35, 'gy': 6.2, 'gz': 0.34}, {'t_us': 482993317, 'ax': -0.28, 'ay': 0.19, 'az': 0.84, 'gx': -3.34, 'gy': 6.78, 'gz': 0.06}, {'t_us': 483013267, 'ax': -0.29, 'ay': 0.19, 'az': 0.84, 'gx': -2.89, 'gy': 6.4, 'gz': 0.53}, {'t_us': 483033284, 'ax': -0.29, 'ay': 0.19, 'az': 0.85, 'gx': -2.55, 'gy': 5.85, 'gz': 1.13}]",2026-02-13 10:47:26,0.0
"[{'t_us': 483059379, 'ax': -0.31, 'ay': 0.19, 'az': 0.85, 'gx': -2.73, 'gy': 5.5, 'gz': 1.59}, {'t_us': 483075541, 'ax': -0.32, 'ay': 0.2, 'az': 0.85, 'gx': -3.71, 'gy': 5.31, 'gz': 0.64}, {'t_us': 483093304, 'ax': -0.3, 'ay': 0.2, 'az': 0.85, 'gx': -5.27, 'gy': 4.87, 'gz': -0.87}, {'t_us': 483113329, 'ax': -0.29, 'ay': 0.18, 'az': 0.83, 'gx': -6.24, 'gy': 5.65, 'gz': -2.03}, {'t_us': 483133318, 'ax': -0.29, 'ay': 0.17, 'az': 0.83, 'gx': -5.45, 'gy': 5.95, 'gz': -1.34}]",2026-02-13 10:47:26,0.0
"[{'t_us': 483159327, 'ax': -0.31, 'ay': 0.19, 'az': 0.83, 'gx': -5.18, 'gy': 6.38, 'gz': -0.32}, {'t_us': 483173292, 'ax': -0.32, 'ay': 0.18, 'az': 0.83, 'gx': -5.62, 'gy': 5.86, 'gz': -0.78}, {'t_us': 483193306, 'ax': -0.31, 'ay': 0.17, 'az': 0.83, 'gx': -5.21, 'gy': 5.91, 'gz': -1.18}, {'t_us': 483213333, 'ax': -0.3, 'ay': 0.16, 'az': 0.83, 'gx': -4.67, 'gy': 5.71, 'gz': -0.96}, {'t_us': 483233333, 'ax': -0.31, 'ay': 0.18, 'az': 0.83, 'gx': -4.6, 'gy': 5.22, 'gz': -1.42}]",2026-02-13 10:47:27,0.0
"[{'t_us': 483258105, 'ax': -0.33, 'ay': 0.15, 'az': 0.83, 'gx': -3.95, 'gy': 2.29, 'gz': -2.49}, {'t_us': 483273306, 'ax': -0.31, 'ay': 0.14, 'az': 0.83, 'gx': -2.72, 'gy': 0.78, 'gz': -2.6}, {'t_us': 483293317, 'ax': -0.29, 'ay': 0.14, 'az': 0.84, 'gx': -1.6, 'gy': -0.67, 'gz': -0.55}, {'t_us': 483313321, 'ax': -0.29, 'ay': 0.15, 'az': 0.86, 'gx': -1.6, 'gy': -0.53, 'gz': -0.49}, {'t_us': 483333274, 'ax': -0.28, 'ay': 0.16, 'az': 0.86, 'gx': -1.54, 'gy': 0.63, 'gz': -1.47}]",2026-02-13 10:47:27,0.0
"[{'t_us': 483357580, 'ax': -0.29, 'ay': 0.15, 'az': 0.87, 'gx': -0.4, 'gy': 3.77, 'gz': -1.37}, {'t_us': 483375874, 'ax': -0.31, 'ay': 0.17, 'az': 0.85, 'gx': -0.69, 'gy': 3.83, 'gz': -1.85}, {'t_us': 483393267, 'ax': -0.32, 'ay': 0.16, 'az': 0.83, 'gx': 0.31, 'gy': 2.52, 'gz': -2.92}, {'t_us': 483413300, 'ax': -0.28, 'ay': 0.17, 'az': 0.85, 'gx': 0.55, 'gy': 0.11, 'gz': -2.49}, {'t_us': 483433288, 'ax': -0.25, 'ay': 0.18, 'az': 0.86, 'gx': 0.08, 'gy': 0.55, 'gz': -1.86}]",2026-02-13 10:47:27,0.0
"[{'t_us': 483459897, 'ax': -0.29, 'ay': 0.18, 'az': 0.85, 'gx': -1.07, 'gy': 4.03, 'gz': -0.43}, {'t_us': 483473284, 'ax': -0.31, 'ay': 0.19, 'az': 0.84, 'gx': -0.14, 'gy': 4.64, 'gz': -0.08}, {'t_us': 483493286, 'ax': -0.35, 'ay': 0.17, 'az': 0.85, 'gx': 0.96, 'gy': 4.78, 'gz': -1.88}, {'t_us': 483513310, 'ax': -0.31, 'ay': 0.17, 'az': 0.84, 'gx': -0.26, 'gy': 3.07, 'gz': -5.01}, {'t_us': 483533317, 'ax': -0.26, 'ay': 0.18, 'az': 0.82, 'gx': -1.3, 'gy': 1.34, 'gz': -3.42}]",2026-02-13 10:47:27,0.0
"[{'t_us': 483558087, 'ax': -0.28, 'ay': 0.19, 'az': 0.84, 'gx': -1.76, 'gy': 2.53, 'gz': -1.15}, {'t_us': 483573310, 'ax': -0.3, 'ay': 0.19, 'az': 0.84, 'gx': -2.09, 'gy': 2.81, 'gz': -1.27}, {'t_us': 483593279, 'ax': -0.3, 'ay': 0.18, 'az': 0.85, 'gx': -2.41, 'gy': 3.18, 'gz': -1.39}, {'t_us': 483613292, 'ax': -0.3, 'ay': 0.18, 'az': 0.84, 'gx': -2.66, 'gy': 2.89, 'gz': -1.85}, {'t_us': 483633321, 'ax': -0.3, 'ay': 0.18, 'az': 0.84, 'gx': -3.13, 'gy': 3.21, 'gz': -1.98}]",2026-02-13 10:47:27,0.0
"[{'t_us': 483660098, 'ax': -0.29, 'ay': 0.18, 'az': 0.84, 'gx': -2.72, 'gy': 3.59, 'gz': -1.66}, {'t_us': 483673311, 'ax': -0.29, 'ay': 0.18, 'az': 0.83, 'gx': -2.79, 'gy': 3.66, 'gz': -1.02}, {'t_us': 483693267, 'ax': -0.3, 'ay': 0.18, 'az': 0.84, 'gx': -3.62, 'gy': 2.66, 'gz': -0.73}, {'t_us': 483713300, 'ax': -0.29, 'ay': 0.18, 'az': 0.84, 'gx': -3.97, 'gy': 2.49, 'gz': -0.78}, {'t_us': 483733306, 'ax': -0.29, 'ay': 0.19, 'az': 0.85, 'gx': -3.88, 'gy': 2.96, 'gz': -0.41}]",2026-02-13 10:47:27,0.0
"[{'t_us': 483759415, 'ax': -0.28, 'ay': 0.18, 'az': 0.82, 'gx': -4.93, 'gy': 2.72, 'gz': -0.21}, {'t_us': 483773267, 'ax': -0.29, 'ay': 0.19, 'az': 0.83, 'gx': -6.03, 'gy': 2.75, 'gz': -0.2}, {'t_us': 483793333, 'ax': -0.28, 'ay': 0.2, 'az': 0.83, 'gx': -7.5, 'gy': 2.61, 'gz': -0.21}, {'t_us': 483813292, 'ax': -0.29, 'ay': 0.19, 'az': 0.84, 'gx': -5.36, 'gy': 3.63, 'gz': -0.09}, {'t_us': 483833267, 'ax': -0.27, 'ay': 0.18, 'az': 0.85, 'gx': -3.59, 'gy': 4.64, 'gz': 0.67}]",2026-02-13 10:47:27,0.0
"[{'t_us': 483858018, 'ax': -0.3, 'ay': 0.18, 'az': 0.85, 'gx': -4.84, 'gy': 4.89, 'gz': 0.35}, {'t_us': 483873292, 'ax': -0.3, 'ay': 0.18, 'az': 0.83, 'gx': -5.6, 'gy': 4.79, 'gz': 0.29}, {'t_us': 483893300, 'ax': -0.3, 'ay': 0.18, 'az': 0.85, 'gx': -5.51, 'gy': 4.95, 'gz': 0.08}, {'t_us': 483913343, 'ax': -0.3, 'ay': 0.17, 'az': 0.85, 'gx': -4.55, 'gy': 5.56, 'gz': 0.41}, {'t_us': 483933310, 'ax': -0.32, 'ay': 0.16, 'az': 0.84, 'gx': -3.91, 'gy': 2.15, 'gz': 0.63}]",2026-02-13 10:47:27,0.0
"[{'t_us': 483959963, 'ax': -0.29, 'ay': 0.13, 'az': 0.85, 'gx': -3.47, 'gy': 1.36, 'gz': -0.12}, {'t_us': 483973278, 'ax': -0.3, 'ay': 0.13, 'az': 0.85, 'gx': -3.27, 'gy': 2.21, 'gz': -0.24}, {'t_us': 483993273, 'ax': -0.3, 'ay': 0.13, 'az': 0.86, 'gx': -3.54, 'gy': 1.3, 'gz': -0.58}, {'t_us': 484013321, 'ax': -0.31, 'ay': 0.15, 'az': 0.84, 'gx': -3.68, 'gy': -0.08, 'gz': -1.5}, {'t_us': 484033326, 'ax': -0.28, 'ay': 0.15, 'az': 0.84, 'gx': -1.71, 'gy': 0.41, 'gz': -1.6}]",2026-02-13 10:47:27,0.0
"[{'t_us': 484059349, 'ax': -0.28, 'ay': 0.15, 'az': 0.83, 'gx': -0.43, 'gy': 1.77, 'gz': -0.38}, {'t_us': 484073267, 'ax': -0.29, 'ay': 0.16, 'az': 0.83, 'gx': -0.82, 'gy': 1.47, 'gz': 0.44}, {'t_us': 484093300, 'ax': -0.3, 'ay': 0.18, 'az': 0.86, 'gx': -0.73, 'gy': -0.47, 'gz': 1.19}, {'t_us': 484113279, 'ax': -0.28, 'ay': 0.18, 'az': 0.86, 'gx': 1.36, 'gy': 0.11, 'gz': 0.35}, {'t_us': 484133310, 'ax': -0.27, 'ay': 0.18, 'az': 0.85, 'gx': 2.84, 'gy': 2.52, 'gz': 1.31}]",2026-02-13 10:47:27,0.0
"[{'t_us': 484157701, 'ax': -0.3, 'ay': 0.18, 'az': 0.84, 'gx': 2.2, 'gy': 3.34, 'gz': 2.55}, {'t_us': 484173326, 'ax': -0.32, 'ay': 0.18, 'az': 0.85, 'gx': 0.61, 'gy': 1.36, 'gz': 1.88}, {'t_us': 484193278, 'ax': -0.29, 'ay': 0.19, 'az': 0.84, 'gx': 0.34, 'gy': -0.61, 'gz': 0.11}, {'t_us': 484213299, 'ax': -0.26, 'ay': 0.2, 'az': 0.83, 'gx': 1.54, 'gy': 0.85, 'gz': 1.11}, {'t_us': 484233270, 'ax': -0.28, 'ay': 0.19, 'az': 0.85, 'gx': 1.89, 'gy': 1.68, 'gz': 2.75}]",2026-02-13 10:47:28,0.0
"[{'t_us': 484259907, 'ax': -0.3, 'ay': 0.19, 'az': 0.84, 'gx': 0.24, 'gy': 0.09, 'gz': 2.44}, {'t_us': 484273292, 'ax': -0.3, 'ay': 0.19, 'az': 0.84, 'gx': -0.46, 'gy': -1.34, 'gz': 1.86}, {'t_us': 484293306, 'ax': -0.28, 'ay': 0.21, 'az': 0.83, 'gx': -0.55, 'gy': -1.94, 'gz': 2.24}, {'t_us': 484313333, 'ax': -0.27, 'ay': 0.2, 'az': 0.84, 'gx': 0.05, 'gy': -0.34, 'gz': 2.99}, {'t_us': 484333329, 'ax': -0.28, 'ay': 0.19, 'az': 0.82, 'gx': -0.69, 'gy': 1.88, 'gz': 4.0}]",2026-02-13 10:47:28,0.0
"[{'t_us': 484357984, 'ax': -0.34, 'ay': 0.22, 'az': 0.85, 'gx': -2.29, 'gy': -4.47, 'gz': 3.16}, {'t_us': 484373310, 'ax': -0.28, 'ay': 0.23, 'az': 0.86, 'gx': -0.85, 'gy': -4.43, 'gz': 0.11}, {'t_us': 484393317, 'ax': -0.24, 'ay': 0.22, 'az': 0.86, 'gx': -0.41, 'gy': 0.15, 'gz': -1.18}, {'t_us': 484413333, 'ax': -0.27, 'ay': 0.23, 'az': 0.85, 'gx': -3.47, 'gy': 0.95, 'gz': 0.43}, {'t_us': 484433300, 'ax': -0.29, 'ay': 0.22, 'az': 0.85, 'gx': -4.64, 'gy': -1.3, 'gz': -0.41}]",2026-02-13 10:47:28,0.0
"[{'t_us': 484459428, 'ax': -0.21, 'ay': 0.2, 'az': 0.84, 'gx': 1.27, 'gy': -0.05, 'gz': -0.18}, {'t_us': 484473267, 'ax': -0.2, 'ay': 0.18, 'az': 0.83, 'gx': 3.27, 'gy': 2.24, 'gz': 1.39}, {'t_us': 484493267, 'ax': -0.26, 'ay': 0.18, 'az': 0.86, 'gx': 1.92, 'gy': 3.85, 'gz': 2.64}, {'t_us': 484513274, 'ax': -0.3, 'ay': 0.17, 'az': 0.85, 'gx': -2.18, 'gy': 3.01, 'gz': 2.34}, {'t_us': 484533292, 'ax': -0.27, 'ay': 0.19, 'az': 0.81, 'gx': -2.9, 'gy': -1.25, 'gz': 0.84}]",2026-02-13 10:47:28,0.0
"[{'t_us': 484559886, 'ax': -0.25, 'ay': 0.17, 'az': 0.85, 'gx': 2.93, 'gy': -1.74, 'gz': 1.82}, {'t_us': 484573306, 'ax': -0.26, 'ay': 0.15, 'az': 0.87, 'gx': 5.21, 'gy': -0.18, 'gz': 2.41}, {'t_us': 484593310, 'ax': -0.3, 'ay': 0.16, 'az': 0.86, 'gx': 6.09, 'gy': 1.19, 'gz': 1.66}, {'t_us': 484613306, 'ax': -0.3, 'ay': 0.17, 'az': 0.84, 'gx': 6.05, 'gy': 1.45, 'gz': -0.84}, {'t_us': 484633321, 'ax': -0.26, 'ay': 0.2, 'az': 0.84, 'gx': 5.39, 'gy': -0.82, 'gz': -1.65}]",2026-02-13 10:47:28,0.0
"[{'t_us': 484659403, 'ax': -0.25, 'ay': 0.21, 'az': 0.83, 'gx': 4.96, 'gy': -0.58, 'gz': 1.56}, {'t_us': 484673267, 'ax': -0.26, 'ay': 0.23, 'az': 0.85, 'gx': 5.13, 'gy': -1.24, 'gz': 2.46}, {'t_us': 484693267, 'ax': -0.26, 'ay': 0.24, 'az': 0.86, 'gx': 7.54, 'gy': 1.33, 'gz': 1.63}, {'t_us': 484713306, 'ax': -0.26, 'ay': 0.25, 'az': 0.85, 'gx': 8.9, 'gy': 6.56, 'gz': 1.19}, {'t_us': 484733329, 'ax': -0.28, 'ay': 0.25, 'az': 0.82, 'gx': 6.38, 'gy': 5.31, 'gz': 1.63}]",2026-02-13 10:47:28,0.0
"[{'t_us': 484759493, 'ax': -0.28, 'ay': 0.26, 'az': 0.82, 'gx': 2.99, 'gy': -0.41, 'gz': 2.17}, {'t_us': 484773297, 'ax': -0.27, 'ay': 0.26, 'az': 0.84, 'gx': 4.03, 'gy': -2.75, 'gz': 2.14}, {'t_us': 484793300, 'ax': -0.25, 'ay': 0.26, 'az': 0.85, 'gx': 5.91, 'gy': -0.64, 'gz': 2.02}, {'t_us': 484813283, 'ax': -0.26, 'ay': 0.27, 'az': 0.85, 'gx': 5.25, 'gy': 2.81, 'gz': 1.01}, {'t_us': 484833284, 'ax': -0.28, 'ay': 0.28, 'az': 0.84, 'gx': 1.36, 'gy': 1.37, 'gz': -0.64}]",2026-02-13 10:47:28,0.0
"[{'t_us': 484859989, 'ax': -0.26, 'ay': 0.28, 'az': 0.81, 'gx': -1.51, 'gy': -1.1, 'gz': -3.1}, {'t_us': 484874619, 'ax': -0.24, 'ay': 0.28, 'az': 0.83, 'gx': -0.81, 'gy': -0.09, 'gz': -1.8}, {'t_us': 484893274, 'ax': -0.23, 'ay': 0.27, 'az': 0.85, 'gx': 1.02, 'gy': 1.34, 'gz': -0.47}, {'t_us': 484913326, 'ax': -0.25, 'ay': 0.26, 'az': 0.84, 'gx': -0.14, 'gy': 3.5, 'gz': -1.18}, {'t_us': 484933329, 'ax': -0.25, 'ay': 0.27, 'az': 0.85, 'gx': -2.4, 'gy': 3.21, 'gz': -2.14}]",2026-02-13 10:47:28,0.0
"[{'t_us': 484959402, 'ax': -0.23, 'ay': 0.27, 'az': 0.84, 'gx': -3.02, 'gy': 4.87, 'gz': -2.43}, {'t_us': 484973306, 'ax': -0.25, 'ay': 0.26, 'az': 0.84, 'gx': -3.28, 'gy': 6.03, 'gz': -2.17}, {'t_us': 484993310, 'ax': -0.25, 'ay': 0.27, 'az': 0.83, 'gx': -2.89, 'gy': 5.76, 'gz': -1.5}, {'t_us': 485013304, 'ax': -0.26, 'ay': 0.26, 'az': 0.82, 'gx': -2.9, 'gy': 5.15, 'gz': -2.14}, {'t_us': 485033284, 'ax': -0.25, 'ay': 0.26, 'az': 0.83, 'gx': -1.94, 'gy': 4.05, 'gz': -3.01}]",2026-02-13 10:47:28,0.0
"[{'t_us': 485059406, 'ax': -0.25, 'ay': 0.27, 'az': 0.86, 'gx': -4.56, 'gy': 3.27, 'gz': -3.74}, {'t_us': 485073285, 'ax': -0.27, 'ay': 0.27, 'az': 0.85, 'gx': -8.56, 'gy': 3.01, 'gz': -5.44}, {'t_us': 485093284, 'ax': -0.27, 'ay': 0.27, 'az': 0.82, 'gx': -11.27, 'gy': 2.66, 'gz': -7.86}, {'t_us': 485113283, 'ax': -0.24, 'ay': 0.24, 'az': 0.83, 'gx': -4.76, 'gy': 2.03, 'gz': -8.18}, {'t_us': 485133310, 'ax': -0.25, 'ay': 0.21, 'az': 0.87, 'gx': -1.18, 'gy': 3.02, 'gz': -6.43}]",2026-02-13 10:47:28,0.0
"[{'t_us': 485157776, 'ax': -0.26, 'ay': 0.19, 'az': 0.85, 'gx': -4.17, 'gy': 1.94, 'gz': -5.16}, {'t_us': 485173270, 'ax': -0.25, 'ay': 0.21, 'az': 0.85, 'gx': -6.43, 'gy': 2.35, 'gz': -5.6}, {'t_us': 485193270, 'ax': -0.23, 'ay': 0.23, 'az': 0.82, 'gx': -5.18, 'gy': 5.51, 'gz': -4.93}, {'t_us': 485213306, 'ax': -0.25, 'ay': 0.23, 'az': 0.84, 'gx': -1.11, 'gy': 5.4, 'gz': -4.58}, {'t_us': 485233274, 'ax': -0.25, 'ay': 0.2, 'az': 0.83, 'gx': 0.49, 'gy': 4.47, 'gz': -4.23}]",2026-02-13 10:47:29,0.0
"[{'t_us': 485259581, 'ax': -0.25, 'ay': 0.22, 'az': 0.84, 'gx': -1.42, 'gy': 3.45, 'gz': -2.18}, {'t_us': 485273306, 'ax': -0.27, 'ay': 0.24, 'az': 0.85, 'gx': -1.69, 'gy': 2.11, 'gz': -1.68}, {'t_us': 485293317, 'ax': -0.27, 'ay': 0.25, 'az': 0.85, 'gx': -1.19, 'gy': 2.56, 'gz': -2.31}, {'t_us': 485313267, 'ax': -0.26, 'ay': 0.25, 'az': 0.85, 'gx': 0.26, 'gy': 2.35, 'gz': -1.69}, {'t_us': 485333333, 'ax': -0.26, 'ay': 0.25, 'az': 0.85, 'gx': 0.27, 'gy': 2.21, 'gz': -1.1}]",2026-02-13 10:47:29,0.0
"[{'t_us': 485359660, 'ax': -0.26, 'ay': 0.27, 'az': 0.84, 'gx': -1.44, 'gy': 3.18, 'gz': -0.92}, {'t_us': 485373283, 'ax': -0.26, 'ay': 0.28, 'az': 0.84, 'gx': -2.53, 'gy': 1.69, 'gz': -0.6}, {'t_us': 485393284, 'ax': -0.24, 'ay': 0.26, 'az': 0.84, 'gx': -3.63, 'gy': 2.7, 'gz': -0.27}, {'t_us': 485413317, 'ax': -0.23, 'ay': 0.27, 'az': 0.83, 'gx': -4.52, 'gy': 6.27, 'gz': 0.2}, {'t_us': 485433333, 'ax': -0.25, 'ay': 0.26, 'az': 0.8, 'gx': -5.63, 'gy': 8.12, 'gz': 0.99}]",2026-02-13 10:47:29,0.0
"[{'t_us': 485459655, 'ax': -0.27, 'ay': 0.25, 'az': 0.8, 'gx': -5.31, 'gy': 8.89, 'gz': 2.12}, {'t_us': 485473283, 'ax': -0.28, 'ay': 0.25, 'az': 0.82, 'gx': -5.54, 'gy': 8.18, 'gz': 2.96}, {'t_us': 485493300, 'ax': -0.29, 'ay': 0.26, 'az': 0.83, 'gx': -6.12, 'gy': 6.26, 'gz': 3.28}, {'t_us': 485513310, 'ax': -0.3, 'ay': 0.26, 'az': 0.84, 'gx': -6.32, 'gy': 5.77, 'gz': 2.27}, {'t_us': 485533292, 'ax': -0.29, 'ay': 0.25, 'az': 0.85, 'gx': -7.19, 'gy': 4.85, 'gz': 1.65}]",2026-02-13 10:47:29,0.0
"[{'t_us': 485560154, 'ax': -0.27, 'ay': 0.24, 'az': 0.84, 'gx': -7.25, 'gy': 5.77, 'gz': 0.41}, {'t_us': 485573326, 'ax': -0.27, 'ay': 0.23, 'az': 0.84, 'gx': -7.24, 'gy': 6.02, 'gz': 0.23}, {'t_us': 485593306, 'ax': -0.27, 'ay': 0.23, 'az': 0.84, 'gx': -6.81, 'gy': 5.54, 'gz': 0.7}, {'t_us': 485613267, 'ax': -0.26, 'ay': 0.22, 'az': 0.84, 'gx': -6.29, 'gy': 5.27, 'gz': 0.99}, {'t_us': 485633340, 'ax': -0.26, 'ay': 0.21, 'az': 0.83, 'gx': -6.2, 'gy': 5.54, 'gz': 1.15}]",2026-02-13 10:47:29,0.0
"[{'t_us': 485658215, 'ax': -0.27, 'ay': 0.21, 'az': 0.85, 'gx': -6.14, 'gy': 4.12, 'gz': 1.25}, {'t_us': 485673285, 'ax': -0.26, 'ay': 0.21, 'az': 0.84, 'gx': -6.08, 'gy': 3.34, 'gz': 0.7}, {'t_us': 485693284, 'ax': -0.26, 'ay': 0.21, 'az': 0.83, 'gx': -5.88, 'gy': 2.0, 'gz': 1.08}, {'t_us': 485713317, 'ax': -0.25, 'ay': 0.19, 'az': 0.83, 'gx': -4.7, 'gy': 1.74, 'gz': 1.42}, {'t_us': 485733271, 'ax': -0.25, 'ay': 0.2, 'az': 0.85, 'gx': -3.77, 'gy': 1.33, 'gz': 2.44}]",2026-02-13 10:47:29,0.0
"[{'t_us': 485759487, 'ax': -0.3, 'ay': 0.24, 'az': 0.85, 'gx': -4.84, 'gy': 0.24, 'gz': 1.86}, {'t_us': 485773369, 'ax': -0.29, 'ay': 0.23, 'az': 0.83, 'gx': -4.21, 'gy': -1.6, 'gz': 1.34}, {'t_us': 485793292, 'ax': -0.26, 'ay': 0.21, 'az': 0.83, 'gx': -1.83, 'gy': -0.6, 'gz': 1.34}, {'t_us': 485813306, 'ax': -0.25, 'ay': 0.2, 'az': 0.85, 'gx': -0.52, 'gy': 1.21, 'gz': 2.67}, {'t_us': 485833300, 'ax': -0.27, 'ay': 0.23, 'az': 0.84, 'gx': -2.32, 'gy': 1.16, 'gz': 2.79}]",2026-02-13 10:47:29,0.0
"[{'t_us': 485857906, 'ax': -0.28, 'ay': 0.25, 'az': 0.84, 'gx': -1.76, 'gy': -1.07, 'gz': 2.05}, {'t_us': 485873323, 'ax': -0.26, 'ay': 0.26, 'az': 0.84, 'gx': -0.6, 'gy': -0.99, 'gz': 1.54}, {'t_us': 485893329, 'ax': -0.25, 'ay': 0.25, 'az': 0.84, 'gx': -0.11, 'gy': -1.39, 'gz': 1.77}, {'t_us': 485913279, 'ax': -0.26, 'ay': 0.24, 'az': 0.86, 'gx': -1.74, 'gy': -1.45, 'gz': 1.31}, {'t_us': 485933337, 'ax': -0.25, 'ay': 0.25, 'az': 0.85, 'gx': -1.95, 'gy': -1.28, 'gz': 1.15}]",2026-02-13 10:47:29,0.0
"[{'t_us': 485959644, 'ax': -0.24, 'ay': 0.26, 'az': 0.84, 'gx': -0.46, 'gy': 0.67, 'gz': 0.73}, {'t_us': 485973321, 'ax': -0.25, 'ay': 0.26, 'az': 0.84, 'gx': -0.69, 'gy': 0.5, 'gz': 0.66}, {'t_us': 485993329, 'ax': -0.25, 'ay': 0.26, 'az': 0.84, 'gx': -1.53, 'gy': 1.65, 'gz': -0.44}, {'t_us': 486013279, 'ax': -0.24, 'ay': 0.27, 'az': 0.83, 'gx': -2.47, 'gy': 1.6, 'gz': -0.46}, {'t_us': 486033317, 'ax': -0.23, 'ay': 0.25, 'az': 0.84, 'gx': -2.46, 'gy': 1.66, 'gz': -0.38}]",2026-02-13 10:47:29,
