samples,timestamp,label
"[{'t_us': 1967856539, 'ax': -0.85, 'ay': -0.13, 'az': -0.45, 'gx': -24.09, 'gy': 0.24, 'gz': -13.39}, {'t_us': 1967858494, 'ax': -0.86, 'ay': -0.14, 'az': -0.47, 'gx': -24.17, 'gy': -0.34, 'gz': -13.13}, {'t_us': 1967860453, 'ax': -0.86, 'ay': -0.13, 'az': -0.42, 'gx': -23.36, 'gy': 1.66, 'gz': -14.03}, {'t_us': 1967863012, 'ax': -0.85, 'ay': -0.14, 'az': -0.43, 'gx': -22.87, 'gy': 0.56, 'gz': -13.01}, {'t_us': 1967865233, 'ax': -0.83, 'ay': -0.14, 'az': -0.44, 'gx': -22.63, 'gy': 1.01, 'gz': -12.64}]",2026-02-13 11:12:11,0.0
"[{'t_us': 1967961427, 'ax': -0.92, 'ay': -0.11, 'az': -0.45, 'gx': -11.22, 'gy': -0.69, 'gz': -4.93}, {'t_us': 1967963525, 'ax': -0.91, 'ay': -0.1, 'az': -0.45, 'gx': -11.22, 'gy': -0.69, 'gz': -4.93}, {'t_us': 1967965464, 'ax': -0.9, 'ay': -0.1, 'az': -0.44, 'gx': -11.44, 'gy': -1.51, 'gz': -4.81}, {'t_us': 1967967402, 'ax': -0.9, 'ay': -0.1, 'az': -0.44, 'gx': -11.45, 'gy': -1.83, 'gz': -4.64}, {'t_us': 1967969340, 'ax': -0.9, 'ay': -0.1, 'az': -0.44, 'gx': -11.74, 'gy': -2.98, 'gz': -4.41}]",2026-02-13 11:12:11,0.0
"[{'t_us': 1968058798, 'ax': -0.92, 'ay': -0.12, 'az': -0.49, 'gx': -6.11, 'gy': -19.62, 'gz': 1.27}, {'t_us': 1968060902, 'ax': -0.93, 'ay': -0.13, 'az': -0.5, 'gx': -6.11, 'gy': -19.62, 'gz': 1.27}, {'t_us': 1968062841, 'ax': -0.93, 'ay': -0.12, 'az': -0.5, 'gx': -5.74, 'gy': -19.8, 'gz': 1.3}, {'t_us': 1968064781, 'ax': -0.93, 'ay': -0.12, 'az': -0.5, 'gx': -4.89, 'gy': -19.59, 'gz': 1.16}, {'t_us': 1968066711, 'ax': -0.93, 'ay': -0.12, 'az': -0.5, 'gx': -4.15, 'gy': -19.73, 'gz': 1.45}]",2026-02-13 11:12:11,0.0
"[{'t_us': 1968159539, 'ax': -0.87, 'ay': -0.06, 'az': -0.43, 'gx': 6.5, 'gy': -11.76, 'gz': 6.44}, {'t_us': 1968161647, 'ax': -0.87, 'ay': -0.06, 'az': -0.43, 'gx': 6.53, 'gy': -12.49, 'gz': 6.4}, {'t_us': 1968163589, 'ax': -0.87, 'ay': -0.06, 'az': -0.44, 'gx': 6.53, 'gy': -12.49, 'gz': 6.4}, {'t_us': 1968165528, 'ax': -0.88, 'ay': -0.06, 'az': -0.44, 'gx': 6.18, 'gy': -13.08, 'gz': 6.49}, {'t_us': 1968167470, 'ax': -0.88, 'ay': -0.06, 'az': -0.44, 'gx': 5.79, 'gy': -13.92, 'gz': 6.63}]",2026-02-13 11:12:12,0.0
"[{'t_us': 1968260837, 'ax': -0.85, 'ay': 0.13, 'az': -0.4, 'gx': -14.21, 'gy': -0.89, 'gz': 0.32}, {'t_us': 1968262875, 'ax': -0.85, 'ay': 0.12, 'az': -0.4, 'gx': -15.05, 'gy': 0.34, 'gz': -0.46}, {'t_us': 1968264813, 'ax': -0.84, 'ay': 0.12, 'az': -0.4, 'gx': -16.34, 'gy': 1.44, 'gz': -0.99}, {'t_us': 1968266760, 'ax': -0.84, 'ay': 0.12, 'az': -0.4, 'gx': -17.51, 'gy': 2.2, 'gz': -1.6}, {'t_us': 1968268705, 'ax': -0.85, 'ay': 0.13, 'az': -0.39, 'gx': -18.18, 'gy': 4.5, 'gz': -2.43}]",2026-02-13 11:12:12,0.0
"[{'t_us': 1968358017, 'ax': -0.89, 'ay': 0.0, 'az': -0.34, 'gx': -41.57, 'gy': 16.63, 'gz': -17.13}, {'t_us': 1968360127, 'ax': -0.86, 'ay': -0.0, 'az': -0.33, 'gx': -40.67, 'gy': 18.38, 'gz': -16.43}, {'t_us': 1968362065, 'ax': -0.86, 'ay': -0.03, 'az': -0.32, 'gx': -39.83, 'gy': 19.59, 'gz': -14.69}, {'t_us': 1968364013, 'ax': -0.86, 'ay': -0.03, 'az': -0.32, 'gx': -38.73, 'gy': 20.44, 'gz': -13.63}, {'t_us': 1968365951, 'ax': -0.88, 'ay': -0.05, 'az': -0.33, 'gx': -38.73, 'gy': 20.44, 'gz': -13.63}]",2026-02-13 11:12:12,0.0
"[{'t_us': 1968460706, 'ax': -0.98, 'ay': 0.04, 'az': -0.36, 'gx': -4.93, 'gy': 0.0, 'gz': 9.76}, {'t_us': 1968462795, 'ax': -0.98, 'ay': 0.04, 'az': -0.37, 'gx': -4.35, 'gy': -0.26, 'gz': 10.23}, {'t_us': 1968464743, 'ax': -0.99, 'ay': 0.04, 'az': -0.37, 'gx': -4.32, 'gy': -0.53, 'gz': 10.49}, {'t_us': 1968466697, 'ax': -0.99, 'ay': 0.04, 'az': -0.37, 'gx': -4.08, 'gy': -0.9, 'gz': 10.49}, {'t_us': 1968468636, 'ax': -1.0, 'ay': 0.04, 'az': -0.38, 'gx': -3.85, 'gy': -1.28, 'gz': 10.61}]",2026-02-13 11:12:12,0.0
"[{'t_us': 1968557788, 'ax': -0.85, 'ay': 0.09, 'az': -0.33, 'gx': -7.42, 'gy': 1.71, 'gz': 0.35}, {'t_us': 1968573279, 'ax': -0.87, 'ay': 0.08, 'az': -0.32, 'gx': -8.9, 'gy': 3.1, 'gz': -2.08}, {'t_us': 1968593310, 'ax': -0.9, 'ay': 0.08, 'az': -0.32, 'gx': -9.4, 'gy': 4.02, 'gz': -4.81}, {'t_us': 1968613279, 'ax': -0.86, 'ay': 0.08, 'az': -0.33, 'gx': -10.6, 'gy': 6.06, 'gz': -5.98}, {'t_us': 1968633310, 'ax': -0.85, 'ay': 0.06, 'az': -0.35, 'gx': -10.89, 'gy': 14.17, 'gz': -5.19}]",2026-02-13 11:12:12,0.0
"[{'t_us': 1968657821, 'ax': -0.97, 'ay': 0.08, 'az': -0.36, 'gx': -11.65, 'gy': 11.91, 'gz': -4.27}, {'t_us': 1968673284, 'ax': -0.95, 'ay': 0.08, 'az': -0.37, 'gx': -10.89, 'gy': 9.6, 'gz': -4.66}, {'t_us': 1968693292, 'ax': -0.94, 'ay': 0.05, 'az': -0.36, 'gx': -9.18, 'gy': 6.66, 'gz': -4.75}, {'t_us': 1968713332, 'ax': -0.9, 'ay': 0.05, 'az': -0.35, 'gx': -8.15, 'gy': 6.31, 'gz': -4.79}, {'t_us': 1968733279, 'ax': -0.88, 'ay': 0.07, 'az': -0.34, 'gx': -8.53, 'gy': 6.11, 'gz': -4.23}]",2026-02-13 11:12:12,0.0
"[{'t_us': 1968760212, 'ax': -0.92, 'ay': 0.09, 'az': -0.35, 'gx': -8.98, 'gy': 5.68, 'gz': -3.62}, {'t_us': 1968774250, 'ax': -0.94, 'ay': 0.11, 'az': -0.34, 'gx': -8.82, 'gy': 1.25, 'gz': -4.49}, {'t_us': 1968793333, 'ax': -0.92, 'ay': 0.11, 'az': -0.32, 'gx': -9.68, 'gy': -3.24, 'gz': -5.82}, {'t_us': 1968813300, 'ax': -0.93, 'ay': 0.11, 'az': -0.3, 'gx': -11.08, 'gy': -6.06, 'gz': -6.5}, {'t_us': 1968833271, 'ax': -0.92, 'ay': 0.07, 'az': -0.33, 'gx': -11.57, 'gy': -7.22, 'gz': -6.46}]",2026-02-13 11:12:12,0.0
"[{'t_us': 1968859795, 'ax': -0.87, 'ay': 0.03, 'az': -0.36, 'gx': -11.79, 'gy': -6.79, 'gz': -3.73}, {'t_us': 1968873333, 'ax': -0.85, 'ay': -0.0, 'az': -0.38, 'gx': -10.02, 'gy': -3.68, 'gz': -1.98}, {'t_us': 1968893267, 'ax': -0.82, 'ay': -0.06, 'az': -0.39, 'gx': -6.64, 'gy': -4.35, 'gz': 2.32}, {'t_us': 1968913306, 'ax': -0.83, 'ay': -0.11, 'az': -0.38, 'gx': -3.59, 'gy': -3.85, 'gz': 5.82}, {'t_us': 1968933278, 'ax': -0.89, 'ay': -0.12, 'az': -0.4, 'gx': -1.15, 'gy': -1.83, 'gz': 7.63}]",2026-02-13 11:12:12,0.0
"[{'t_us': 1968959639, 'ax': -1.09, 'ay': -0.11, 'az': -0.43, 'gx': 3.45, 'gy': 4.27, 'gz': 2.79}, {'t_us': 1968973317, 'ax': -1.11, 'ay': -0.12, 'az': -0.45, 'gx': 7.31, 'gy': 1.8, 'gz': -1.13}, {'t_us': 1968993329, 'ax': -1.03, 'ay': -0.12, 'az': -0.36, 'gx': 9.16, 'gy': -4.29, 'gz': -6.34}, {'t_us': 1969013284, 'ax': -0.99, 'ay': -0.09, 'az': -0.29, 'gx': 6.66, 'gy': -3.5, 'gz': -11.88}, {'t_us': 1969033326, 'ax': -1.0, 'ay': -0.04, 'az': -0.27, 'gx': 2.08, 'gy': 0.43, 'gz': -19.33}]",2026-02-13 11:12:12,0.0
"[{'t_us': 1969060191, 'ax': -1.05, 'ay': -0.01, 'az': -0.29, 'gx': -7.68, 'gy': -3.56, 'gz': -26.2}, {'t_us': 1969073267, 'ax': -1.04, 'ay': -0.04, 'az': -0.28, 'gx': -10.29, 'gy': -3.4, 'gz': -27.36}, {'t_us': 1969093326, 'ax': -1.03, 'ay': -0.13, 'az': -0.34, 'gx': -10.55, 'gy': -4.06, 'gz': -28.96}, {'t_us': 1969113279, 'ax': -0.95, 'ay': -0.2, 'az': -0.33, 'gx': -9.42, 'gy': -3.83, 'gz': -26.84}, {'t_us': 1969133326, 'ax': -0.88, 'ay': -0.24, 'az': -0.29, 'gx': -8.12, 'gy': 3.95, 'gz': -24.23}]",2026-02-13 11:12:12,0.0
"[{'t_us': 1969157909, 'ax': -0.87, 'ay': -0.2, 'az': -0.32, 'gx': -7.95, 'gy': 17.37, 'gz': -19.02}, {'t_us': 1969173310, 'ax': -0.92, 'ay': -0.18, 'az': -0.35, 'gx': -8.72, 'gy': 22.5, 'gz': -17.27}, {'t_us': 1969193317, 'ax': -0.92, 'ay': -0.15, 'az': -0.37, 'gx': -12.61, 'gy': 24.64, 'gz': -15.04}, {'t_us': 1969213270, 'ax': -0.9, 'ay': -0.13, 'az': -0.35, 'gx': -14.61, 'gy': 27.11, 'gz': -14.12}, {'t_us': 1969233331, 'ax': -0.9, 'ay': -0.13, 'az': -0.34, 'gx': -16.03, 'gy': 23.01, 'gz': -12.99}]",2026-02-13 11:12:13,0.0
"[{'t_us': 1969260248, 'ax': -0.86, 'ay': -0.11, 'az': -0.33, 'gx': -17.63, 'gy': 10.82, 'gz': -8.43}, {'t_us': 1969273292, 'ax': -0.82, 'ay': -0.1, 'az': -0.3, 'gx': -17.62, 'gy': 8.67, 'gz': -5.76}, {'t_us': 1969293306, 'ax': -0.77, 'ay': -0.12, 'az': -0.3, 'gx': -17.53, 'gy': 9.95, 'gz': 0.72}, {'t_us': 1969313333, 'ax': -0.76, 'ay': -0.12, 'az': -0.32, 'gx': -17.34, 'gy': 12.32, 'gz': 6.96}, {'t_us': 1969333305, 'ax': -0.8, 'ay': -0.11, 'az': -0.29, 'gx': -17.16, 'gy': 10.27, 'gz': 13.07}]",2026-02-13 11:12:13,0.0
"[{'t_us': 1969357874, 'ax': -0.87, 'ay': -0.08, 'az': -0.3, 'gx': -14.81, 'gy': 4.55, 'gz': 14.64}, {'t_us': 1969373333, 'ax': -0.88, 'ay': -0.07, 'az': -0.3, 'gx': -13.71, 'gy': 0.47, 'gz': 14.72}, {'t_us': 1969393284, 'ax': -0.87, 'ay': -0.05, 'az': -0.31, 'gx': -12.38, 'gy': -1.66, 'gz': 16.31}, {'t_us': 1969413292, 'ax': -0.89, 'ay': -0.08, 'az': -0.32, 'gx': -14.35, 'gy': -6.82, 'gz': 16.56}, {'t_us': 1969433269, 'ax': -0.89, 'ay': -0.08, 'az': -0.37, 'gx': -16.53, 'gy': -4.82, 'gz': 13.98}]",2026-02-13 11:12:13,0.0
"[{'t_us': 1969460142, 'ax': -0.96, 'ay': 0.01, 'az': -0.49, 'gx': -20.85, 'gy': 5.22, 'gz': 5.04}, {'t_us': 1969473310, 'ax': -0.99, 'ay': 0.04, 'az': -0.48, 'gx': -21.69, 'gy': 1.37, 'gz': 2.6}, {'t_us': 1969493317, 'ax': -0.92, 'ay': -0.02, 'az': -0.51, 'gx': -20.14, 'gy': -3.98, 'gz': 1.3}, {'t_us': 1969513270, 'ax': -0.87, 'ay': -0.07, 'az': -0.48, 'gx': -19.79, 'gy': 2.92, 'gz': 1.54}, {'t_us': 1969533304, 'ax': -0.94, 'ay': 0.01, 'az': -0.4, 'gx': -24.56, 'gy': 0.44, 'gz': 2.05}]",2026-02-13 11:12:13,0.0
"[{'t_us': 1969560108, 'ax': -0.87, 'ay': 0.05, 'az': -0.36, 'gx': -29.39, 'gy': -10.0, 'gz': 0.06}, {'t_us': 1969573267, 'ax': -0.74, 'ay': 0.02, 'az': -0.41, 'gx': -29.36, 'gy': 2.53, 'gz': 1.73}, {'t_us': 1969593360, 'ax': -0.8, 'ay': -0.05, 'az': -0.49, 'gx': -21.47, 'gy': 28.24, 'gz': -0.31}, {'t_us': 1969613310, 'ax': -0.93, 'ay': -0.17, 'az': -0.58, 'gx': -8.56, 'gy': 39.85, 'gz': -0.53}, {'t_us': 1969633267, 'ax': -0.89, 'ay': -0.18, 'az': -0.65, 'gx': 0.11, 'gy': 22.29, 'gz': 7.24}]",2026-02-13 11:12:13,0.0
"[{'t_us': 1969659414, 'ax': -0.87, 'ay': -0.0, 'az': -0.64, 'gx': 0.46, 'gy': 6.55, 'gz': 14.23}, {'t_us': 1969673310, 'ax': -0.84, 'ay': 0.05, 'az': -0.61, 'gx': 0.55, 'gy': 0.99, 'gz': 13.83}, {'t_us': 1969693317, 'ax': -0.87, 'ay': 0.06, 'az': -0.59, 'gx': 2.0, 'gy': -0.69, 'gz': 13.42}, {'t_us': 1969713270, 'ax': -0.88, 'ay': 0.02, 'az': -0.57, 'gx': 5.11, 'gy': -8.29, 'gz': 12.5}, {'t_us': 1969733267, 'ax': -0.89, 'ay': -0.02, 'az': -0.52, 'gx': 9.65, 'gy': -10.09, 'gz': 12.34}]",2026-02-13 11:12:13,0.0
"[{'t_us': 1969759569, 'ax': -0.82, 'ay': -0.02, 'az': -0.41, 'gx': 13.37, 'gy': -4.17, 'gz': 10.61}, {'t_us': 1969773326, 'ax': -0.8, 'ay': 0.02, 'az': -0.37, 'gx': 13.85, 'gy': 4.26, 'gz': 10.87}, {'t_us': 1969793329, 'ax': -0.84, 'ay': 0.08, 'az': -0.44, 'gx': 11.33, 'gy': 12.58, 'gz': 9.48}, {'t_us': 1969813284, 'ax': -0.96, 'ay': 0.11, 'az': -0.46, 'gx': 7.21, 'gy': 4.93, 'gz': 10.55}, {'t_us': 1969833306, 'ax': -0.99, 'ay': 0.12, 'az': -0.36, 'gx': 0.58, 'gy': -14.03, 'gz': 10.23}]",2026-02-13 11:12:13,0.0
"[{'t_us': 1969857990, 'ax': -0.84, 'ay': 0.13, 'az': -0.24, 'gx': -0.99, 'gy': 0.11, 'gz': 12.03}, {'t_us': 1969873300, 'ax': -0.86, 'ay': 0.07, 'az': -0.28, 'gx': -1.73, 'gy': 20.38, 'gz': 10.49}, {'t_us': 1969893310, 'ax': -0.95, 'ay': 0.07, 'az': -0.39, 'gx': -1.68, 'gy': 34.73, 'gz': 7.08}, {'t_us': 1969913267, 'ax': -1.03, 'ay': 0.1, 'az': -0.44, 'gx': -1.71, 'gy': 29.16, 'gz': 4.92}, {'t_us': 1969933284, 'ax': -0.98, 'ay': 0.13, 'az': -0.43, 'gx': -0.09, 'gy': 20.31, 'gz': 4.96}]",2026-02-13 11:12:13,0.0
"[{'t_us': 1969959571, 'ax': -0.92, 'ay': 0.1, 'az': -0.42, 'gx': 2.09, 'gy': 15.25, 'gz': 2.55}, {'t_us': 1969973278, 'ax': -0.87, 'ay': 0.05, 'az': -0.4, 'gx': 3.91, 'gy': 17.02, 'gz': 2.84}, {'t_us': 1969993284, 'ax': -0.84, 'ay': -0.02, 'az': -0.41, 'gx': 6.72, 'gy': 19.05, 'gz': 4.06}, {'t_us': 1970013317, 'ax': -0.88, 'ay': -0.01, 'az': -0.42, 'gx': 9.08, 'gy': 19.42, 'gz': 3.02}, {'t_us': 1970033270, 'ax': -0.91, 'ay': 0.03, 'az': -0.4, 'gx': 11.48, 'gy': 13.62, 'gz': 1.69}]",2026-02-13 11:12:13,0.0
"[{'t_us': 1970058296, 'ax': -0.9, 'ay': 0.04, 'az': -0.4, 'gx': 14.12, 'gy': 6.5, 'gz': 1.33}, {'t_us': 1970073300, 'ax': -0.88, 'ay': 0.04, 'az': -0.41, 'gx': 15.47, 'gy': 0.14, 'gz': 0.31}, {'t_us': 1970093310, 'ax': -0.84, 'ay': 0.04, 'az': -0.36, 'gx': 18.34, 'gy': -3.39, 'gz': -1.83}, {'t_us': 1970113306, 'ax': -0.86, 'ay': 0.05, 'az': -0.34, 'gx': 20.05, 'gy': -1.69, 'gz': -3.34}, {'t_us': 1970133333, 'ax': -0.86, 'ay': 0.05, 'az': -0.32, 'gx': 18.49, 'gy': -0.31, 'gz': -4.32}]",2026-02-13 11:12:13,0.0
"[{'t_us': 1970158427, 'ax': -0.95, 'ay': 0.03, 'az': -0.39, 'gx': 15.36, 'gy': 6.7, 'gz': -6.35}, {'t_us': 1970173329, 'ax': -0.98, 'ay': 0.04, 'az': -0.44, 'gx': 6.63, 'gy': 13.3, 'gz': -4.29}, {'t_us': 1970193333, 'ax': -1.03, 'ay': 0.09, 'az': -0.49, 'gx': -6.55, 'gy': 12.96, 'gz': 0.79}, {'t_us': 1970213300, 'ax': -0.99, 'ay': 0.06, 'az': -0.48, 'gx': -14.58, 'gy': 2.75, 'gz': 2.96}, {'t_us': 1970233326, 'ax': -0.87, 'ay': 0.02, 'az': -0.43, 'gx': -13.3, 'gy': -1.51, 'gz': 2.35}]",2026-02-13 11:12:14,0.0
"[{'t_us': 1970258399, 'ax': -0.83, 'ay': -0.02, 'az': -0.49, 'gx': -5.4, 'gy': -1.01, 'gz': 0.26}, {'t_us': 1970273306, 'ax': -0.82, 'ay': -0.03, 'az': -0.49, 'gx': 0.76, 'gy': -3.8, 'gz': -3.21}, {'t_us': 1970293317, 'ax': -0.82, 'ay': -0.04, 'az': -0.46, 'gx': 11.07, 'gy': 4.31, 'gz': -8.81}, {'t_us': 1970313270, 'ax': -0.87, 'ay': -0.06, 'az': -0.55, 'gx': 21.27, 'gy': 10.67, 'gz': -12.93}, {'t_us': 1970333310, 'ax': -0.97, 'ay': -0.1, 'az': -0.7, 'gx': 26.99, 'gy': 16.84, 'gz': -16.4}]",2026-02-13 11:12:14,0.0
"[{'t_us': 1970362230, 'ax': -0.83, 'ay': -0.08, 'az': -0.57, 'gx': 19.01, 'gy': -7.5, 'gz': -7.24}, {'t_us': 1970373310, 'ax': -0.8, 'ay': -0.08, 'az': -0.54, 'gx': 14.24, 'gy': -13.65, 'gz': -4.21}, {'t_us': 1970393317, 'ax': -0.83, 'ay': -0.02, 'az': -0.45, 'gx': 3.39, 'gy': -23.73, 'gz': -2.95}, {'t_us': 1970413270, 'ax': -0.85, 'ay': 0.06, 'az': -0.45, 'gx': -1.92, 'gy': -25.5, 'gz': -7.42}, {'t_us': 1970433306, 'ax': -0.88, 'ay': 0.0, 'az': -0.49, 'gx': -6.6, 'gy': -14.26, 'gz': -12.93}]",2026-02-13 11:12:14,0.0
"[{'t_us': 1970458508, 'ax': -0.96, 'ay': -0.06, 'az': -0.67, 'gx': -8.47, 'gy': -3.71, 'gz': -21.22}, {'t_us': 1970473329, 'ax': -0.99, 'ay': -0.06, 'az': -0.73, 'gx': -2.29, 'gy': -10.02, 'gz': -25.95}, {'t_us': 1970493333, 'ax': -0.91, 'ay': -0.14, 'az': -0.68, 'gx': 11.68, 'gy': -37.63, 'gz': -30.18}, {'t_us': 1970513300, 'ax': -0.62, 'ay': -0.23, 'az': -0.39, 'gx': 23.01, 'gy': -34.92, 'gz': -20.05}, {'t_us': 1970533300, 'ax': -0.59, 'ay': -0.28, 'az': -0.33, 'gx': 34.24, 'gy': -14.31, 'gz': -11.54}]",2026-02-13 11:12:14,0.0
"[{'t_us': 1970559275, 'ax': -0.71, 'ay': -0.26, 'az': -0.28, 'gx': 40.47, 'gy': 14.56, 'gz': -5.37}, {'t_us': 1970573700, 'ax': -0.74, 'ay': -0.2, 'az': -0.2, 'gx': 32.34, 'gy': 12.26, 'gz': 1.54}, {'t_us': 1970593306, 'ax': -0.8, 'ay': -0.22, 'az': -0.13, 'gx': 15.11, 'gy': 10.35, 'gz': 9.05}, {'t_us': 1970613310, 'ax': -0.83, 'ay': -0.03, 'az': -0.15, 'gx': -6.55, 'gy': 25.89, 'gz': 14.37}, {'t_us': 1970633285, 'ax': -1.13, 'ay': 0.06, 'az': -0.36, 'gx': -19.13, 'gy': 43.69, 'gz': 4.6}]",2026-02-13 11:12:14,0.0
"[{'t_us': 1970660346, 'ax': -1.25, 'ay': 0.0, 'az': -0.58, 'gx': -26.29, 'gy': 1.04, 'gz': -7.33}, {'t_us': 1970673320, 'ax': -1.2, 'ay': -0.06, 'az': -0.59, 'gx': -24.78, 'gy': -27.31, 'gz': -11.91}, {'t_us': 1970693329, 'ax': -0.89, 'ay': -0.16, 'az': -0.48, 'gx': -16.08, 'gy': -30.11, 'gz': -12.99}, {'t_us': 1970713284, 'ax': -0.85, 'ay': -0.24, 'az': -0.31, 'gx': -9.24, 'gy': -15.54, 'gz': -14.02}, {'t_us': 1970733329, 'ax': -0.72, 'ay': -0.29, 'az': -0.19, 'gx': -4.03, 'gy': 1.71, 'gz': -10.32}]",2026-02-13 11:12:14,0.0
"[{'t_us': 1970759849, 'ax': -0.81, 'ay': -0.32, 'az': -0.14, 'gx': 0.37, 'gy': 27.13, 'gz': -1.94}, {'t_us': 1970773301, 'ax': -0.85, 'ay': -0.29, 'az': -0.18, 'gx': -6.64, 'gy': 27.5, 'gz': 5.6}, {'t_us': 1970793279, 'ax': -0.94, 'ay': -0.2, 'az': -0.27, 'gx': -14.56, 'gy': 15.08, 'gz': 13.88}, {'t_us': 1970813279, 'ax': -0.94, 'ay': -0.15, 'az': -0.26, 'gx': -22.92, 'gy': 8.87, 'gz': 17.97}, {'t_us': 1970833310, 'ax': -0.93, 'ay': -0.03, 'az': -0.28, 'gx': -27.91, 'gy': 27.54, 'gz': 13.79}]",2026-02-13 11:12:14,0.0
"[{'t_us': 1970858345, 'ax': -0.99, 'ay': 0.04, 'az': -0.44, 'gx': -24.64, 'gy': 39.83, 'gz': 4.05}, {'t_us': 1970873270, 'ax': -1.13, 'ay': 0.0, 'az': -0.57, 'gx': -12.76, 'gy': 35.08, 'gz': -2.41}, {'t_us': 1970893274, 'ax': -1.04, 'ay': -0.21, 'az': -0.44, 'gx': -0.26, 'gy': 3.69, 'gz': -1.79}, {'t_us': 1970913279, 'ax': -0.94, 'ay': -0.32, 'az': -0.22, 'gx': -0.47, 'gy': -0.31, 'gz': 6.09}, {'t_us': 1970933320, 'ax': -0.9, 'ay': -0.25, 'az': -0.29, 'gx': -8.37, 'gy': -1.91, 'gz': 13.62}]",2026-02-13 11:12:14,0.0
"[{'t_us': 1970959162, 'ax': -0.9, 'ay': -0.07, 'az': -0.36, 'gx': -5.4, 'gy': 9.85, 'gz': 14.24}, {'t_us': 1970973308, 'ax': -0.93, 'ay': -0.01, 'az': -0.4, 'gx': -3.21, 'gy': 19.02, 'gz': 8.55}, {'t_us': 1970993300, 'ax': -0.96, 'ay': 0.03, 'az': -0.45, 'gx': -2.44, 'gy': 24.63, 'gz': 0.67}, {'t_us': 1971013310, 'ax': -0.95, 'ay': 0.04, 'az': -0.51, 'gx': -3.89, 'gy': 10.12, 'gz': -2.7}, {'t_us': 1971033267, 'ax': -0.83, 'ay': -0.01, 'az': -0.53, 'gx': 0.15, 'gy': -16.23, 'gz': -3.37}]",2026-02-13 11:12:14,0.0
"[{'t_us': 1971059895, 'ax': -0.71, 'ay': -0.21, 'az': -0.45, 'gx': 12.44, 'gy': -7.47, 'gz': -0.52}, {'t_us': 1971073341, 'ax': -0.72, 'ay': -0.22, 'az': -0.42, 'gx': 14.98, 'gy': 2.58, 'gz': 3.13}, {'t_us': 1971093333, 'ax': -0.79, 'ay': -0.17, 'az': -0.49, 'gx': 14.47, 'gy': -1.36, 'gz': 9.25}, {'t_us': 1971113300, 'ax': -0.85, 'ay': -0.0, 'az': -0.47, 'gx': 7.19, 'gy': 12.53, 'gz': 12.89}, {'t_us': 1971133329, 'ax': -0.87, 'ay': 0.06, 'az': -0.52, 'gx': 1.47, 'gy': 24.26, 'gz': 13.79}]",2026-02-13 11:12:14,0.0
"[{'t_us': 1971157718, 'ax': -0.9, 'ay': 0.05, 'az': -0.55, 'gx': 0.64, 'gy': 28.24, 'gz': 14.2}, {'t_us': 1971173279, 'ax': -0.92, 'ay': 0.04, 'az': -0.59, 'gx': 6.26, 'gy': 18.08, 'gz': 11.97}, {'t_us': 1971193321, 'ax': -0.86, 'ay': 0.03, 'az': -0.62, 'gx': 8.81, 'gy': 5.28, 'gz': 12.75}, {'t_us': 1971213274, 'ax': -0.83, 'ay': 0.02, 'az': -0.53, 'gx': -3.88, 'gy': -1.34, 'gz': 18.35}, {'t_us': 1971233270, 'ax': -0.87, 'ay': 0.06, 'az': -0.46, 'gx': -20.06, 'gy': -0.11, 'gz': 23.6}]",2026-02-13 11:12:15,0.0
"[{'t_us': 1971259428, 'ax': -0.99, 'ay': 0.09, 'az': -0.44, 'gx': -26.32, 'gy': -8.75, 'gz': 18.82}, {'t_us': 1971273328, 'ax': -0.88, 'ay': 0.08, 'az': -0.43, 'gx': -27.74, 'gy': 5.25, 'gz': 13.36}, {'t_us': 1971293270, 'ax': -0.85, 'ay': 0.08, 'az': -0.46, 'gx': -28.55, 'gy': 12.63, 'gz': 8.2}, {'t_us': 1971313306, 'ax': -0.83, 'ay': 0.09, 'az': -0.53, 'gx': -27.63, 'gy': -6.85, 'gz': 5.74}, {'t_us': 1971333295, 'ax': -0.82, 'ay': 0.01, 'az': -0.44, 'gx': -27.48, 'gy': -13.16, 'gz': 7.36}]",2026-02-13 11:12:15,0.0
"[{'t_us': 1971357964, 'ax': -0.88, 'ay': -0.02, 'az': -0.46, 'gx': -30.6, 'gy': -11.4, 'gz': 9.91}, {'t_us': 1971373274, 'ax': -0.9, 'ay': 0.0, 'az': -0.45, 'gx': -28.63, 'gy': -4.53, 'gz': 10.05}, {'t_us': 1971393748, 'ax': -0.86, 'ay': 0.03, 'az': -0.45, 'gx': -26.0, 'gy': 2.26, 'gz': 7.97}, {'t_us': 1971413270, 'ax': -0.88, 'ay': 0.03, 'az': -0.42, 'gx': -21.91, 'gy': 13.79, 'gz': 5.01}, {'t_us': 1971433306, 'ax': -0.92, 'ay': 0.06, 'az': -0.5, 'gx': -15.21, 'gy': 7.56, 'gz': 5.08}]",2026-02-13 11:12:15,0.0
"[{'t_us': 1971459355, 'ax': -0.92, 'ay': 0.12, 'az': -0.52, 'gx': -13.36, 'gy': -12.93, 'gz': 8.72}, {'t_us': 1971473274, 'ax': -0.84, 'ay': 0.09, 'az': -0.38, 'gx': -13.28, 'gy': -18.23, 'gz': 8.98}, {'t_us': 1971493270, 'ax': -0.87, 'ay': 0.09, 'az': -0.35, 'gx': -15.82, 'gy': -10.23, 'gz': 9.16}, {'t_us': 1971513306, 'ax': -0.92, 'ay': 0.1, 'az': -0.38, 'gx': -18.85, 'gy': -2.31, 'gz': 7.82}, {'t_us': 1971533326, 'ax': -0.93, 'ay': 0.1, 'az': -0.42, 'gx': -14.9, 'gy': -0.56, 'gz': 4.85}]",2026-02-13 11:12:15,0.0
"[{'t_us': 1971559989, 'ax': -0.92, 'ay': 0.06, 'az': -0.48, 'gx': 1.02, 'gy': 3.88, 'gz': -1.18}, {'t_us': 1971575059, 'ax': -0.88, 'ay': 0.1, 'az': -0.52, 'gx': 8.7, 'gy': 3.28, 'gz': -4.08}, {'t_us': 1971593329, 'ax': -0.87, 'ay': 0.05, 'az': -0.45, 'gx': 10.92, 'gy': -4.27, 'gz': -2.18}, {'t_us': 1971613326, 'ax': -0.89, 'ay': 0.06, 'az': -0.33, 'gx': 4.7, 'gy': -3.19, 'gz': 4.21}, {'t_us': 1971633279, 'ax': -0.97, 'ay': 0.14, 'az': -0.37, 'gx': -5.07, 'gy': 5.54, 'gz': 7.63}]",2026-02-13 11:12:15,0.0
"[{'t_us': 1971657653, 'ax': -1.01, 'ay': 0.19, 'az': -0.44, 'gx': -10.24, 'gy': 8.79, 'gz': 4.99}, {'t_us': 1971673310, 'ax': -1.01, 'ay': 0.22, 'az': -0.44, 'gx': -10.58, 'gy': 10.58, 'gz': -1.68}, {'t_us': 1971693317, 'ax': -0.96, 'ay': 0.23, 'az': -0.45, 'gx': -8.78, 'gy': 8.79, 'gz': -9.21}, {'t_us': 1971713270, 'ax': -0.83, 'ay': 0.1, 'az': -0.37, 'gx': -4.06, 'gy': 7.48, 'gz': -10.81}, {'t_us': 1971733317, 'ax': -0.8, 'ay': 0.07, 'az': -0.42, 'gx': 3.68, 'gy': 15.24, 'gz': -10.09}]",2026-02-13 11:12:15,0.0
"[{'t_us': 1971759484, 'ax': -0.88, 'ay': 0.01, 'az': -0.47, 'gx': 18.58, 'gy': 4.73, 'gz': -7.57}, {'t_us': 1971773292, 'ax': -0.9, 'ay': -0.03, 'az': -0.42, 'gx': 25.22, 'gy': -6.35, 'gz': -6.49}, {'t_us': 1971793326, 'ax': -0.86, 'ay': -0.0, 'az': -0.18, 'gx': 25.36, 'gy': -12.87, 'gz': -5.66}, {'t_us': 1971813279, 'ax': -0.9, 'ay': 0.09, 'az': -0.26, 'gx': 15.54, 'gy': -4.06, 'gz': -6.29}, {'t_us': 1971833274, 'ax': -0.98, 'ay': 0.2, 'az': -0.33, 'gx': -4.93, 'gy': 1.02, 'gz': -9.13}]",2026-02-13 11:12:15,0.0
"[{'t_us': 1971859452, 'ax': -0.95, 'ay': 0.35, 'az': -0.49, 'gx': -26.85, 'gy': 23.4, 'gz': -5.15}, {'t_us': 1971873278, 'ax': -0.92, 'ay': 0.24, 'az': -0.51, 'gx': -22.38, 'gy': 10.15, 'gz': -5.83}, {'t_us': 1971893289, 'ax': -0.81, 'ay': 0.08, 'az': -0.54, 'gx': -11.79, 'gy': 16.09, 'gz': -7.3}, {'t_us': 1971913333, 'ax': -0.72, 'ay': -0.08, 'az': -0.73, 'gx': 5.57, 'gy': 8.27, 'gz': -10.89}, {'t_us': 1971933279, 'ax': -0.78, 'ay': -0.23, 'az': -0.67, 'gx': 24.66, 'gy': -10.96, 'gz': -8.15}]",2026-02-13 11:12:15,0.0
"[{'t_us': 1971959499, 'ax': -0.89, 'ay': -0.27, 'az': -0.47, 'gx': 19.65, 'gy': -38.52, 'gz': 1.19}, {'t_us': 1971973332, 'ax': -0.88, 'ay': -0.28, 'az': -0.38, 'gx': 14.61, 'gy': -38.64, 'gz': 0.52}, {'t_us': 1971993321, 'ax': -0.83, 'ay': -0.01, 'az': -0.41, 'gx': 7.56, 'gy': -2.7, 'gz': -4.82}, {'t_us': 1972013329, 'ax': -0.88, 'ay': 0.14, 'az': -0.45, 'gx': 5.34, 'gy': 35.44, 'gz': -15.53}, {'t_us': 1972033321, 'ax': -1.05, 'ay': 0.1, 'az': -0.6, 'gx': 8.63, 'gy': 51.69, 'gz': -25.76}]",2026-02-13 11:12:15,0.0
"[{'t_us': 1972058128, 'ax': -1.08, 'ay': -0.07, 'az': -0.68, 'gx': 22.34, 'gy': 20.92, 'gz': -27.95}, {'t_us': 1972073317, 'ax': -0.9, 'ay': -0.14, 'az': -0.48, 'gx': 23.4, 'gy': -14.79, 'gz': -19.51}, {'t_us': 1972093306, 'ax': -0.72, 'ay': -0.19, 'az': -0.3, 'gx': 21.68, 'gy': -24.75, 'gz': -7.97}, {'t_us': 1972113306, 'ax': -0.78, 'ay': -0.22, 'az': -0.21, 'gx': 16.6, 'gy': -4.26, 'gz': -8.05}, {'t_us': 1972133317, 'ax': -0.8, 'ay': -0.03, 'az': -0.33, 'gx': 8.84, 'gy': 28.11, 'gz': -10.37}]",2026-02-13 11:12:15,0.0
"[{'t_us': 1972159418, 'ax': -0.81, 'ay': 0.01, 'az': -0.4, 'gx': -0.2, 'gy': 29.22, 'gz': -8.0}, {'t_us': 1972173292, 'ax': -0.9, 'ay': -0.03, 'az': -0.51, 'gx': -2.08, 'gy': 17.68, 'gz': -5.04}, {'t_us': 1972193306, 'ax': -0.93, 'ay': -0.05, 'az': -0.5, 'gx': -0.31, 'gy': -9.62, 'gz': -6.95}, {'t_us': 1972213300, 'ax': -0.83, 'ay': -0.09, 'az': -0.3, 'gx': -6.29, 'gy': -13.16, 'gz': -5.13}, {'t_us': 1972233270, 'ax': -0.81, 'ay': -0.08, 'az': -0.29, 'gx': -12.27, 'gy': -6.49, 'gz': -3.51}]",2026-02-13 11:12:16,0.0
"[{'t_us': 1972259762, 'ax': -0.83, 'ay': -0.13, 'az': -0.34, 'gx': -23.1, 'gy': -0.92, 'gz': -4.15}, {'t_us': 1972273310, 'ax': -0.83, 'ay': -0.07, 'az': -0.38, 'gx': -24.23, 'gy': 6.87, 'gz': -2.2}, {'t_us': 1972293317, 'ax': -0.86, 'ay': -0.04, 'az': -0.48, 'gx': -20.73, 'gy': 17.53, 'gz': -7.05}, {'t_us': 1972313329, 'ax': -0.89, 'ay': -0.13, 'az': -0.55, 'gx': -14.61, 'gy': 28.41, 'gz': -12.46}, {'t_us': 1972333292, 'ax': -0.92, 'ay': -0.16, 'az': -0.62, 'gx': -1.86, 'gy': 21.86, 'gz': -17.79}]",2026-02-13 11:12:16,0.0
"[{'t_us': 1972359954, 'ax': -0.86, 'ay': -0.18, 'az': -0.42, 'gx': 6.75, 'gy': -25.34, 'gz': -17.13}, {'t_us': 1972373292, 'ax': -0.82, 'ay': -0.2, 'az': -0.25, 'gx': 1.44, 'gy': -32.32, 'gz': -13.54}, {'t_us': 1972393306, 'ax': -0.76, 'ay': -0.21, 'az': -0.25, 'gx': -10.46, 'gy': -11.6, 'gz': -7.05}, {'t_us': 1972413292, 'ax': -0.9, 'ay': -0.19, 'az': -0.34, 'gx': -22.09, 'gy': 7.68, 'gz': 1.88}, {'t_us': 1972433274, 'ax': -0.95, 'ay': -0.09, 'az': -0.45, 'gx': -23.24, 'gy': 21.33, 'gz': 5.04}]",2026-02-13 11:12:16,0.0
"[{'t_us': 1972459411, 'ax': -1.04, 'ay': -0.06, 'az': -0.52, 'gx': -10.14, 'gy': 22.47, 'gz': -5.37}, {'t_us': 1972473333, 'ax': -1.01, 'ay': -0.1, 'az': -0.54, 'gx': -2.93, 'gy': 11.59, 'gz': -8.79}, {'t_us': 1972493267, 'ax': -1.03, 'ay': -0.16, 'az': -0.48, 'gx': 2.31, 'gy': -14.15, 'gz': -5.44}, {'t_us': 1972513317, 'ax': -0.98, 'ay': -0.23, 'az': -0.3, 'gx': 3.07, 'gy': -22.35, 'gz': -1.05}, {'t_us': 1972533270, 'ax': -0.9, 'ay': -0.29, 'az': -0.28, 'gx': 1.24, 'gy': -8.63, 'gz': 2.14}]",2026-02-13 11:12:16,0.0
"[{'t_us': 1972559912, 'ax': -0.86, 'ay': -0.17, 'az': -0.24, 'gx': -5.76, 'gy': -7.21, 'gz': 8.26}, {'t_us': 1972573329, 'ax': -0.79, 'ay': -0.1, 'az': -0.22, 'gx': -14.92, 'gy': 0.96, 'gz': 10.35}, {'t_us': 1972593333, 'ax': -0.8, 'ay': 0.02, 'az': -0.23, 'gx': -25.33, 'gy': 17.74, 'gz': 9.8}, {'t_us': 1972613291, 'ax': -0.87, 'ay': 0.04, 'az': -0.58, 'gx': -23.44, 'gy': 28.26, 'gz': 9.62}, {'t_us': 1972633270, 'ax': -1.01, 'ay': -0.06, 'az': -0.9, 'gx': -9.63, 'gy': 45.21, 'gz': 2.23}]",2026-02-13 11:12:16,0.0
"[{'t_us': 1972657778, 'ax': -1.14, 'ay': -0.03, 'az': -0.7, 'gx': -2.38, 'gy': 5.8, 'gz': -3.83}, {'t_us': 1972673286, 'ax': -0.81, 'ay': -0.09, 'az': -0.47, 'gx': -4.46, 'gy': -17.57, 'gz': 1.47}, {'t_us': 1972693300, 'ax': -0.58, 'ay': -0.11, 'az': -0.36, 'gx': -9.53, 'gy': 1.33, 'gz': 10.27}, {'t_us': 1972713326, 'ax': -0.65, 'ay': -0.06, 'az': -0.42, 'gx': -12.27, 'gy': 14.84, 'gz': 15.37}, {'t_us': 1972733333, 'ax': -0.77, 'ay': -0.06, 'az': -0.64, 'gx': -7.62, 'gy': 8.35, 'gz': 20.58}]",2026-02-13 11:12:16,0.0
"[{'t_us': 1972759388, 'ax': -0.91, 'ay': -0.07, 'az': -0.67, 'gx': 9.1, 'gy': 2.67, 'gz': 21.48}, {'t_us': 1972773270, 'ax': -0.91, 'ay': -0.09, 'az': -0.71, 'gx': 18.18, 'gy': 7.48, 'gz': 15.27}, {'t_us': 1972793284, 'ax': -0.81, 'ay': -0.08, 'az': -0.55, 'gx': 25.92, 'gy': -0.09, 'gz': 16.05}, {'t_us': 1972813317, 'ax': -0.8, 'ay': -0.07, 'az': -0.37, 'gx': 24.99, 'gy': -6.0, 'gz': 23.94}, {'t_us': 1972833321, 'ax': -0.78, 'ay': -0.01, 'az': -0.35, 'gx': 22.38, 'gy': 6.58, 'gz': 26.58}]",2026-02-13 11:12:16,0.0
"[{'t_us': 1972860040, 'ax': -0.94, 'ay': 0.1, 'az': -0.57, 'gx': 23.4, 'gy': 8.87, 'gz': 22.85}, {'t_us': 1972873278, 'ax': -1.02, 'ay': 0.15, 'az': -0.57, 'gx': 26.56, 'gy': 5.07, 'gz': 15.68}, {'t_us': 1972893279, 'ax': -1.0, 'ay': 0.15, 'az': -0.57, 'gx': 26.7, 'gy': -8.09, 'gz': 11.11}, {'t_us': 1972913329, 'ax': -0.88, 'ay': 0.12, 'az': -0.53, 'gx': 20.49, 'gy': -13.21, 'gz': 7.63}, {'t_us': 1972933321, 'ax': -0.81, 'ay': 0.09, 'az': -0.51, 'gx': 14.27, 'gy': -4.38, 'gz': 5.5}]",2026-02-13 11:12:16,0.0
"[{'t_us': 1972960032, 'ax': -0.82, 'ay': -0.0, 'az': -0.38, 'gx': 6.75, 'gy': 1.25, 'gz': 11.44}, {'t_us': 1972973317, 'ax': -0.88, 'ay': -0.01, 'az': -0.4, 'gx': 0.24, 'gy': 0.44, 'gz': 15.91}, {'t_us': 1972993329, 'ax': -0.9, 'ay': -0.03, 'az': -0.4, 'gx': -3.21, 'gy': -15.27, 'gz': 14.66}, {'t_us': 1973013317, 'ax': -0.81, 'ay': 0.0, 'az': -0.28, 'gx': -20.0, 'gy': 28.06, 'gz': 19.13}, {'t_us': 1973033270, 'ax': -0.96, 'ay': 0.15, 'az': -0.48, 'gx': -29.88, 'gy': 46.18, 'gz': 6.93}]",2026-02-13 11:12:16,0.0
"[{'t_us': 1973059925, 'ax': -0.94, 'ay': 0.19, 'az': -0.6, 'gx': -23.65, 'gy': 31.95, 'gz': -8.93}, {'t_us': 1973073306, 'ax': -0.86, 'ay': 0.16, 'az': -0.63, 'gx': -16.79, 'gy': 14.6, 'gz': -10.55}, {'t_us': 1973093317, 'ax': -0.75, 'ay': 0.03, 'az': -0.55, 'gx': -9.48, 'gy': 0.56, 'gz': -9.44}, {'t_us': 1973113270, 'ax': -0.7, 'ay': -0.06, 'az': -0.44, 'gx': -9.71, 'gy': -1.19, 'gz': -3.5}, {'t_us': 1973133284, 'ax': -0.77, 'ay': -0.11, 'az': -0.28, 'gx': -14.82, 'gy': 12.61, 'gz': 2.9}]",2026-02-13 11:12:16,0.0
"[{'t_us': 1973158167, 'ax': -0.98, 'ay': 0.02, 'az': -0.33, 'gx': -25.16, 'gy': 17.48, 'gz': 3.28}, {'t_us': 1973173300, 'ax': -1.01, 'ay': 0.14, 'az': -0.37, 'gx': -35.15, 'gy': 16.29, 'gz': -4.89}, {'t_us': 1973193310, 'ax': -0.94, 'ay': 0.2, 'az': -0.36, 'gx': -47.04, 'gy': 19.59, 'gz': -13.34}, {'t_us': 1973213267, 'ax': -0.87, 'ay': 0.23, 'az': -0.44, 'gx': -45.44, 'gy': 17.19, 'gz': -21.04}, {'t_us': 1973233270, 'ax': -0.85, 'ay': 0.16, 'az': -0.49, 'gx': -41.8, 'gy': 20.47, 'gz': -22.9}]",2026-02-13 11:12:17,0.0
"[{'t_us': 1973258039, 'ax': -0.88, 'ay': 0.11, 'az': -0.63, 'gx': -37.13, 'gy': 2.56, 'gz': -24.63}, {'t_us': 1973273326, 'ax': -0.95, 'ay': 0.05, 'az': -0.59, 'gx': -31.97, 'gy': -18.84, 'gz': -19.51}, {'t_us': 1973293329, 'ax': -0.92, 'ay': -0.02, 'az': -0.53, 'gx': -23.07, 'gy': -34.76, 'gz': -12.24}, {'t_us': 1973313284, 'ax': -0.89, 'ay': -0.1, 'az': -0.36, 'gx': -17.25, 'gy': -44.63, 'gz': -0.29}, {'t_us': 1973333267, 'ax': -0.82, 'ay': -0.1, 'az': -0.28, 'gx': -17.1, 'gy': -13.3, 'gz': 3.69}]",2026-02-13 11:12:17,0.0
"[{'t_us': 1973359616, 'ax': -0.87, 'ay': 0.05, 'az': -0.39, 'gx': -18.18, 'gy': 29.89, 'gz': -3.02}, {'t_us': 1973373310, 'ax': -0.94, 'ay': 0.14, 'az': -0.51, 'gx': -13.79, 'gy': 32.82, 'gz': -8.24}, {'t_us': 1973393317, 'ax': -0.94, 'ay': 0.22, 'az': -0.64, 'gx': -0.55, 'gy': 8.09, 'gz': -18.67}, {'t_us': 1973413270, 'ax': -0.86, 'ay': 0.09, 'az': -0.57, 'gx': 9.85, 'gy': -7.04, 'gz': -17.68}, {'t_us': 1973433292, 'ax': -0.79, 'ay': -0.05, 'az': -0.49, 'gx': 12.5, 'gy': -7.53, 'gz': -10.09}]",2026-02-13 11:12:17,0.0
"[{'t_us': 1973458186, 'ax': -0.87, 'ay': -0.12, 'az': -0.45, 'gx': 0.46, 'gy': -10.05, 'gz': 6.21}, {'t_us': 1973473329, 'ax': -0.84, 'ay': -0.18, 'az': -0.33, 'gx': -8.17, 'gy': -14.14, 'gz': 16.12}, {'t_us': 1973493333, 'ax': -0.81, 'ay': -0.03, 'az': -0.33, 'gx': -18.35, 'gy': 4.52, 'gz': 18.56}, {'t_us': 1973513300, 'ax': -0.85, 'ay': 0.2, 'az': -0.45, 'gx': -23.91, 'gy': 34.17, 'gz': 2.63}, {'t_us': 1973533272, 'ax': -0.99, 'ay': 0.31, 'az': -0.69, 'gx': -22.56, 'gy': 28.85, 'gz': -14.72}]",2026-02-13 11:12:17,0.0
"[{'t_us': 1973559640, 'ax': -1.06, 'ay': 0.06, 'az': -0.77, 'gx': -7.63, 'gy': -14.66, 'gz': -25.57}, {'t_us': 1973573270, 'ax': -1.02, 'ay': -0.1, 'az': -0.65, 'gx': -2.58, 'gy': -33.56, 'gz': -25.02}, {'t_us': 1973593274, 'ax': -0.8, 'ay': -0.23, 'az': -0.53, 'gx': 3.65, 'gy': -34.34, 'gz': -24.44}, {'t_us': 1973613310, 'ax': -0.74, 'ay': -0.25, 'az': -0.39, 'gx': -0.17, 'gy': -11.04, 'gz': -23.62}, {'t_us': 1973633311, 'ax': -0.86, 'ay': -0.17, 'az': -0.26, 'gx': -13.25, 'gy': -9.24, 'gz': -24.9}]",2026-02-13 11:12:17,0.0
"[{'t_us': 1973659643, 'ax': -0.86, 'ay': 0.02, 'az': -0.39, 'gx': -33.6, 'gy': 10.99, 'gz': -28.98}, {'t_us': 1973673319, 'ax': -0.83, 'ay': 0.07, 'az': -0.47, 'gx': -42.08, 'gy': 16.81, 'gz': -31.86}, {'t_us': 1973693329, 'ax': -0.85, 'ay': 0.09, 'az': -0.57, 'gx': -48.81, 'gy': 25.98, 'gz': -33.4}, {'t_us': 1973713284, 'ax': -0.95, 'ay': 0.02, 'az': -0.75, 'gx': -37.83, 'gy': 29.76, 'gz': -39.08}, {'t_us': 1973733311, 'ax': -0.97, 'ay': -0.15, 'az': -0.68, 'gx': -19.4, 'gy': -3.28, 'gz': -40.73}]",2026-02-13 11:12:17,0.0
"[{'t_us': 1973758442, 'ax': -0.73, 'ay': -0.33, 'az': -0.39, 'gx': -5.86, 'gy': -29.02, 'gz': -29.51}, {'t_us': 1973773274, 'ax': -0.64, 'ay': -0.35, 'az': -0.32, 'gx': -4.67, 'gy': -27.57, 'gz': -19.82}, {'t_us': 1973793279, 'ax': -0.7, 'ay': -0.25, 'az': -0.33, 'gx': -10.03, 'gy': 1.63, 'gz': -9.97}, {'t_us': 1973813310, 'ax': -0.88, 'ay': -0.05, 'az': -0.49, 'gx': -12.58, 'gy': 19.86, 'gz': -10.23}, {'t_us': 1973833267, 'ax': -0.92, 'ay': 0.04, 'az': -0.56, 'gx': -17.25, 'gy': 17.25, 'gz': -16.2}]",2026-02-13 11:12:17,0.0
"[{'t_us': 1973857984, 'ax': -0.89, 'ay': 0.06, 'az': -0.57, 'gx': -21.85, 'gy': -1.59, 'gz': -19.77}, {'t_us': 1973873489, 'ax': -0.9, 'ay': -0.01, 'az': -0.58, 'gx': -20.61, 'gy': -7.11, 'gz': -22.87}, {'t_us': 1973893300, 'ax': -0.89, 'ay': -0.12, 'az': -0.56, 'gx': -14.05, 'gy': -23.36, 'gz': -23.08}, {'t_us': 1973913329, 'ax': -0.8, 'ay': -0.21, 'az': -0.5, 'gx': -6.61, 'gy': -31.48, 'gz': -19.8}, {'t_us': 1973933279, 'ax': -0.69, 'ay': -0.25, 'az': -0.38, 'gx': -2.95, 'gy': -19.8, 'gz': -10.14}]",2026-02-13 11:12:17,0.0
"[{'t_us': 1973959618, 'ax': -0.8, 'ay': -0.25, 'az': -0.34, 'gx': -0.79, 'gy': 1.74, 'gz': 2.41}, {'t_us': 1973973321, 'ax': -0.87, 'ay': -0.22, 'az': -0.36, 'gx': -1.74, 'gy': 12.99, 'gz': 5.92}, {'t_us': 1973993329, 'ax': -0.9, 'ay': -0.16, 'az': -0.46, 'gx': -1.51, 'gy': 22.47, 'gz': 8.4}, {'t_us': 1974013284, 'ax': -0.99, 'ay': -0.12, 'az': -0.52, 'gx': 6.49, 'gy': 30.67, 'gz': 5.88}, {'t_us': 1974033300, 'ax': -1.11, 'ay': -0.12, 'az': -0.59, 'gx': 23.11, 'gy': 20.41, 'gz': -0.84}]",2026-02-13 11:12:17,0.0
"[{'t_us': 1974060090, 'ax': -0.9, 'ay': -0.22, 'az': -0.4, 'gx': 37.6, 'gy': -22.64, 'gz': 0.21}, {'t_us': 1974073284, 'ax': -0.82, 'ay': -0.24, 'az': -0.27, 'gx': 36.63, 'gy': -24.84, 'gz': 6.52}, {'t_us': 1974093292, 'ax': -0.78, 'ay': -0.22, 'az': -0.15, 'gx': 31.44, 'gy': -14.85, 'gz': 15.07}, {'t_us': 1974113321, 'ax': -0.78, 'ay': -0.2, 'az': -0.16, 'gx': 20.92, 'gy': 4.52, 'gz': 21.97}, {'t_us': 1974133270, 'ax': -0.85, 'ay': -0.1, 'az': -0.25, 'gx': 11.76, 'gy': 30.7, 'gz': 24.32}]",2026-02-13 11:12:17,0.0
"[{'t_us': 1974158221, 'ax': -1.05, 'ay': -0.06, 'az': -0.46, 'gx': 10.18, 'gy': 32.92, 'gz': 18.56}, {'t_us': 1974173271, 'ax': -1.11, 'ay': -0.06, 'az': -0.52, 'gx': 12.55, 'gy': 15.34, 'gz': 12.72}, {'t_us': 1974193285, 'ax': -1.06, 'ay': -0.09, 'az': -0.52, 'gx': 18.03, 'gy': -8.24, 'gz': 9.07}, {'t_us': 1974213317, 'ax': -0.84, 'ay': -0.16, 'az': -0.43, 'gx': 23.01, 'gy': -29.42, 'gz': 12.0}, {'t_us': 1974233270, 'ax': -0.72, 'ay': -0.19, 'az': -0.19, 'gx': 18.11, 'gy': -21.22, 'gz': 17.57}]",2026-02-13 11:12:18,0.0
"[{'t_us': 1974259651, 'ax': -0.81, 'ay': -0.14, 'az': -0.15, 'gx': 0.05, 'gy': 17.25, 'gz': 21.47}, {'t_us': 1974273310, 'ax': -0.9, 'ay': -0.12, 'az': -0.22, 'gx': -7.56, 'gy': 22.26, 'gz': 23.83}, {'t_us': 1974293317, 'ax': -1.02, 'ay': -0.07, 'az': -0.4, 'gx': -12.41, 'gy': 23.82, 'gz': 20.96}, {'t_us': 1974313270, 'ax': -1.12, 'ay': -0.02, 'az': -0.53, 'gx': -4.09, 'gy': 26.14, 'gz': 10.58}, {'t_us': 1974333310, 'ax': -1.09, 'ay': -0.12, 'az': -0.57, 'gx': 9.95, 'gy': 21.76, 'gz': 3.86}]",2026-02-13 11:12:18,0.0
"[{'t_us': 1974359615, 'ax': -0.93, 'ay': -0.26, 'az': -0.34, 'gx': 15.77, 'gy': -4.03, 'gz': 7.19}, {'t_us': 1974373298, 'ax': -0.88, 'ay': -0.22, 'az': -0.32, 'gx': 16.79, 'gy': -1.97, 'gz': 9.51}, {'t_us': 1974393310, 'ax': -0.86, 'ay': -0.15, 'az': -0.33, 'gx': 19.39, 'gy': -3.47, 'gz': 8.81}, {'t_us': 1974413267, 'ax': -0.78, 'ay': -0.11, 'az': -0.39, 'gx': 21.13, 'gy': 1.59, 'gz': 9.59}, {'t_us': 1974433310, 'ax': -0.79, 'ay': -0.12, 'az': -0.54, 'gx': 28.52, 'gy': 7.97, 'gz': 9.31}]",2026-02-13 11:12:18,0.0
"[{'t_us': 1974459687, 'ax': -0.83, 'ay': -0.16, 'az': -0.61, 'gx': 40.5, 'gy': 3.47, 'gz': 7.21}, {'t_us': 1974475572, 'ax': -0.84, 'ay': -0.15, 'az': -0.5, 'gx': 36.46, 'gy': -5.4, 'gz': 10.46}, {'t_us': 1974493300, 'ax': -0.81, 'ay': -0.12, 'az': -0.39, 'gx': 21.63, 'gy': -1.02, 'gz': 17.8}, {'t_us': 1974513329, 'ax': -0.82, 'ay': -0.07, 'az': -0.38, 'gx': 1.91, 'gy': 24.64, 'gz': 24.7}, {'t_us': 1974533301, 'ax': -0.88, 'ay': 0.03, 'az': -0.54, 'gx': 2.75, 'gy': 30.26, 'gz': 26.17}]",2026-02-13 11:12:18,0.0
"[{'t_us': 1974560826, 'ax': -0.87, 'ay': -0.03, 'az': -0.69, 'gx': 27.97, 'gy': 6.75, 'gz': 29.04}, {'t_us': 1974573326, 'ax': -0.79, 'ay': -0.08, 'az': -0.65, 'gx': 35.89, 'gy': -3.21, 'gz': 33.3}, {'t_us': 1974593329, 'ax': -0.74, 'ay': -0.15, 'az': -0.59, 'gx': 52.47, 'gy': -2.69, 'gz': 38.08}, {'t_us': 1974613284, 'ax': -0.83, 'ay': -0.12, 'az': -0.59, 'gx': 65.3, 'gy': -4.95, 'gz': 38.66}, {'t_us': 1974633329, 'ax': -0.91, 'ay': -0.04, 'az': -0.52, 'gx': 63.36, 'gy': -5.34, 'gz': 41.79}]",2026-02-13 11:12:18,0.0
"[{'t_us': 1974659524, 'ax': -0.92, 'ay': 0.13, 'az': -0.27, 'gx': 35.98, 'gy': 4.78, 'gz': 42.55}, {'t_us': 1974673286, 'ax': -0.94, 'ay': 0.19, 'az': -0.33, 'gx': 17.74, 'gy': 9.02, 'gz': 40.82}, {'t_us': 1974693300, 'ax': -1.06, 'ay': 0.3, 'az': -0.32, 'gx': -7.89, 'gy': 12.49, 'gz': 31.45}, {'t_us': 1974713329, 'ax': -1.03, 'ay': 0.32, 'az': -0.43, 'gx': -25.95, 'gy': 8.73, 'gz': 18.31}, {'t_us': 1974733301, 'ax': -0.92, 'ay': 0.29, 'az': -0.52, 'gx': -30.95, 'gy': 6.43, 'gz': 6.2}]",2026-02-13 11:12:18,0.0
"[{'t_us': 1974758427, 'ax': -0.78, 'ay': 0.18, 'az': -0.5, 'gx': -32.05, 'gy': 13.37, 'gz': -4.46}, {'t_us': 1974774287, 'ax': -0.74, 'ay': 0.04, 'az': -0.59, 'gx': -23.6, 'gy': 25.11, 'gz': -10.35}, {'t_us': 1974793306, 'ax': -0.74, 'ay': -0.1, 'az': -0.67, 'gx': -10.96, 'gy': 30.08, 'gz': -10.11}, {'t_us': 1974813333, 'ax': -0.74, 'ay': -0.11, 'az': -0.67, 'gx': -7.5, 'gy': 6.95, 'gz': -2.32}, {'t_us': 1974833311, 'ax': -0.78, 'ay': -0.01, 'az': -0.53, 'gx': -12.66, 'gy': -3.6, 'gz': -0.5}]",2026-02-13 11:12:18,0.0
"[{'t_us': 1974859660, 'ax': -0.92, 'ay': 0.1, 'az': -0.36, 'gx': -25.07, 'gy': 9.82, 'gz': 1.54}, {'t_us': 1974873347, 'ax': -0.96, 'ay': 0.17, 'az': -0.42, 'gx': -34.09, 'gy': 14.98, 'gz': 1.1}, {'t_us': 1974893292, 'ax': -0.91, 'ay': 0.29, 'az': -0.55, 'gx': -39.69, 'gy': 21.18, 'gz': -4.87}, {'t_us': 1974913306, 'ax': -0.74, 'ay': 0.26, 'az': -0.57, 'gx': -41.98, 'gy': 33.63, 'gz': -11.27}, {'t_us': 1974933284, 'ax': -0.71, 'ay': 0.11, 'az': -0.56, 'gx': -39.54, 'gy': 39.66, 'gz': -12.14}]",2026-02-13 11:12:18,0.0
"[{'t_us': 1974960069, 'ax': -0.7, 'ay': -0.06, 'az': -0.56, 'gx': -28.85, 'gy': 4.67, 'gz': -11.28}, {'t_us': 1974973300, 'ax': -0.69, 'ay': -0.11, 'az': -0.46, 'gx': -25.91, 'gy': 4.7, 'gz': -6.98}, {'t_us': 1974993310, 'ax': -0.73, 'ay': -0.12, 'az': -0.42, 'gx': -16.98, 'gy': -2.75, 'gz': -2.11}, {'t_us': 1975013267, 'ax': -0.82, 'ay': -0.1, 'az': -0.34, 'gx': -15.51, 'gy': -1.6, 'gz': -0.08}, {'t_us': 1975033321, 'ax': -0.98, 'ay': 0.01, 'az': -0.3, 'gx': -10.66, 'gy': 10.37, 'gz': -1.91}]",2026-02-13 11:12:18,0.0
"[{'t_us': 1975059728, 'ax': -0.98, 'ay': 0.21, 'az': -0.48, 'gx': -0.64, 'gy': 17.82, 'gz': -7.37}, {'t_us': 1975073601, 'ax': -0.87, 'ay': 0.21, 'az': -0.53, 'gx': 5.08, 'gy': 18.46, 'gz': -11.42}, {'t_us': 1975093310, 'ax': -0.82, 'ay': 0.16, 'az': -0.6, 'gx': 16.2, 'gy': 19.16, 'gz': -19.01}, {'t_us': 1975113267, 'ax': -0.9, 'ay': 0.03, 'az': -0.61, 'gx': 26.43, 'gy': -5.63, 'gz': -19.34}, {'t_us': 1975133310, 'ax': -0.86, 'ay': -0.1, 'az': -0.35, 'gx': 25.11, 'gy': 10.06, 'gz': -8.11}]",2026-02-13 11:12:18,0.0
"[{'t_us': 1975159185, 'ax': -1.02, 'ay': 0.04, 'az': -0.48, 'gx': 7.5, 'gy': 37.25, 'gz': 2.5}, {'t_us': 1975173300, 'ax': -1.14, 'ay': 0.12, 'az': -0.49, 'gx': -5.57, 'gy': 26.09, 'gz': 6.14}, {'t_us': 1975193284, 'ax': -1.1, 'ay': 0.18, 'az': -0.44, 'gx': -26.63, 'gy': 8.9, 'gz': 6.38}, {'t_us': 1975213292, 'ax': -0.95, 'ay': 0.24, 'az': -0.44, 'gx': -29.02, 'gy': 5.8, 'gz': 2.53}, {'t_us': 1975233269, 'ax': -0.81, 'ay': 0.12, 'az': -0.39, 'gx': -26.44, 'gy': 14.06, 'gz': -3.66}]",2026-02-13 11:12:19,0.0
"[{'t_us': 1975259900, 'ax': -0.81, 'ay': 0.08, 'az': -0.54, 'gx': -23.13, 'gy': 25.86, 'gz': -14.02}, {'t_us': 1975273299, 'ax': -0.79, 'ay': 0.07, 'az': -0.69, 'gx': -15.89, 'gy': 17.53, 'gz': -19.25}, {'t_us': 1975293310, 'ax': -0.78, 'ay': -0.08, 'az': -0.63, 'gx': -13.63, 'gy': 2.08, 'gz': -20.27}, {'t_us': 1975313267, 'ax': -0.77, 'ay': -0.19, 'az': -0.45, 'gx': -26.0, 'gy': -4.66, 'gz': -11.11}, {'t_us': 1975333321, 'ax': -0.79, 'ay': -0.15, 'az': -0.47, 'gx': -31.91, 'gy': -2.31, 'gz': -3.28}]",2026-02-13 11:12:19,0.0
"[{'t_us': 1975360009, 'ax': -0.87, 'ay': -0.05, 'az': -0.61, 'gx': -26.89, 'gy': 14.08, 'gz': -5.24}, {'t_us': 1975373340, 'ax': -0.89, 'ay': 0.03, 'az': -0.73, 'gx': -17.77, 'gy': 19.37, 'gz': -11.79}, {'t_us': 1975393306, 'ax': -0.89, 'ay': -0.04, 'az': -0.79, 'gx': -1.18, 'gy': 18.64, 'gz': -21.4}, {'t_us': 1975413333, 'ax': -0.93, 'ay': -0.15, 'az': -0.82, 'gx': 17.65, 'gy': 2.96, 'gz': -25.51}, {'t_us': 1975433270, 'ax': -0.86, 'ay': -0.2, 'az': -0.83, 'gx': 39.11, 'gy': -13.79, 'gz': -24.79}]",2026-02-13 11:12:19,0.0
"[{'t_us': 1975459359, 'ax': -0.68, 'ay': -0.2, 'az': -0.65, 'gx': 63.25, 'gy': -28.26, 'gz': -12.34}, {'t_us': 1975473267, 'ax': -0.6, 'ay': -0.2, 'az': -0.53, 'gx': 69.79, 'gy': -26.11, 'gz': -4.35}, {'t_us': 1975493300, 'ax': -0.59, 'ay': -0.18, 'az': -0.31, 'gx': 65.92, 'gy': -4.93, 'gz': 6.96}, {'t_us': 1975513329, 'ax': -0.65, 'ay': -0.13, 'az': -0.23, 'gx': 46.18, 'gy': 10.12, 'gz': 18.55}, {'t_us': 1975533274, 'ax': -0.75, 'ay': -0.03, 'az': -0.39, 'gx': 27.31, 'gy': 38.26, 'gz': 24.34}]",2026-02-13 11:12:19,0.0
"[{'t_us': 1975559961, 'ax': -0.98, 'ay': 0.16, 'az': -0.62, 'gx': 18.44, 'gy': 47.85, 'gz': 6.79}, {'t_us': 1975573331, 'ax': -0.97, 'ay': 0.17, 'az': -0.69, 'gx': 10.49, 'gy': 30.58, 'gz': 1.47}, {'t_us': 1975593300, 'ax': -0.94, 'ay': 0.09, 'az': -0.6, 'gx': 2.21, 'gy': 22.09, 'gz': -7.37}, {'t_us': 1975613329, 'ax': -0.87, 'ay': -0.0, 'az': -0.6, 'gx': -7.97, 'gy': 8.61, 'gz': -8.43}, {'t_us': 1975633325, 'ax': -0.84, 'ay': -0.11, 'az': -0.52, 'gx': -12.29, 'gy': 19.69, 'gz': -9.8}]",2026-02-13 11:12:19,0.0
"[{'t_us': 1975657935, 'ax': -0.89, 'ay': -0.19, 'az': -0.54, 'gx': -10.9, 'gy': 31.53, 'gz': -14.31}, {'t_us': 1975673310, 'ax': -0.93, 'ay': -0.21, 'az': -0.51, 'gx': -14.26, 'gy': 25.13, 'gz': -15.33}, {'t_us': 1975693317, 'ax': -0.9, 'ay': -0.11, 'az': -0.53, 'gx': -23.79, 'gy': 18.95, 'gz': -14.0}, {'t_us': 1975713270, 'ax': -0.78, 'ay': -0.06, 'az': -0.57, 'gx': -28.05, 'gy': 24.31, 'gz': -16.72}, {'t_us': 1975733284, 'ax': -0.71, 'ay': -0.09, 'az': -0.6, 'gx': -28.7, 'gy': 22.5, 'gz': -17.25}]",2026-02-13 11:12:19,0.0
"[{'t_us': 1975759441, 'ax': -0.7, 'ay': -0.14, 'az': -0.63, 'gx': -15.47, 'gy': 17.98, 'gz': -16.82}, {'t_us': 1975773310, 'ax': -0.74, 'ay': -0.19, 'az': -0.65, 'gx': -6.06, 'gy': 2.63, 'gz': -16.18}, {'t_us': 1975793333, 'ax': -0.71, 'ay': -0.28, 'az': -0.54, 'gx': 4.4, 'gy': -26.87, 'gz': -8.06}, {'t_us': 1975813300, 'ax': -0.64, 'ay': -0.34, 'az': -0.41, 'gx': 2.21, 'gy': -28.53, 'gz': 0.98}, {'t_us': 1975833326, 'ax': -0.76, 'ay': -0.29, 'az': -0.39, 'gx': -6.34, 'gy': -10.81, 'gz': 11.76}]",2026-02-13 11:12:19,0.0
"[{'t_us': 1975859499, 'ax': -0.98, 'ay': -0.1, 'az': -0.55, 'gx': -14.53, 'gy': 21.82, 'gz': 15.08}, {'t_us': 1975873310, 'ax': -1.09, 'ay': -0.03, 'az': -0.67, 'gx': -16.75, 'gy': 22.63, 'gz': 13.01}, {'t_us': 1975893292, 'ax': -1.19, 'ay': 0.01, 'az': -0.77, 'gx': -17.82, 'gy': 6.9, 'gz': 5.28}, {'t_us': 1975913321, 'ax': -1.08, 'ay': -0.03, 'az': -0.79, 'gx': -10.67, 'gy': -14.49, 'gz': -5.59}, {'t_us': 1975933274, 'ax': -0.95, 'ay': -0.14, 'az': -0.69, 'gx': -0.43, 'gy': -35.71, 'gz': -6.75}]",2026-02-13 11:12:19,0.0
"[{'t_us': 1975957908, 'ax': -0.79, 'ay': -0.25, 'az': -0.49, 'gx': -1.07, 'gy': -39.16, 'gz': -0.67}, {'t_us': 1975973325, 'ax': -0.72, 'ay': -0.26, 'az': -0.4, 'gx': -6.2, 'gy': -22.79, 'gz': 4.53}, {'t_us': 1975993329, 'ax': -0.71, 'ay': -0.21, 'az': -0.36, 'gx': -17.74, 'gy': -3.54, 'gz': 8.26}, {'t_us': 1976013284, 'ax': -0.73, 'ay': -0.09, 'az': -0.37, 'gx': -29.31, 'gy': 17.15, 'gz': 10.08}, {'t_us': 1976033284, 'ax': -0.8, 'ay': 0.02, 'az': -0.55, 'gx': -35.34, 'gy': 36.29, 'gz': 8.24}]",2026-02-13 11:12:19,0.0
"[{'t_us': 1976059465, 'ax': -0.94, 'ay': 0.02, 'az': -0.82, 'gx': -24.99, 'gy': 29.11, 'gz': -7.37}, {'t_us': 1976073310, 'ax': -0.93, 'ay': -0.03, 'az': -0.81, 'gx': -15.8, 'gy': 14.14, 'gz': -12.96}, {'t_us': 1976093267, 'ax': -0.88, 'ay': -0.15, 'az': -0.69, 'gx': -3.05, 'gy': -9.16, 'gz': -12.31}, {'t_us': 1976113267, 'ax': -0.71, 'ay': -0.2, 'az': -0.46, 'gx': -4.52, 'gy': -23.48, 'gz': -9.1}, {'t_us': 1976133285, 'ax': -0.65, 'ay': -0.19, 'az': -0.4, 'gx': -9.42, 'gy': -13.39, 'gz': -1.19}]",2026-02-13 11:12:19,0.0
"[{'t_us': 1976157601, 'ax': -0.7, 'ay': -0.11, 'az': -0.46, 'gx': -15.6, 'gy': -5.24, 'gz': 3.36}, {'t_us': 1976173326, 'ax': -0.71, 'ay': -0.07, 'az': -0.48, 'gx': -19.34, 'gy': 3.04, 'gz': 7.1}, {'t_us': 1976193267, 'ax': -0.77, 'ay': -0.01, 'az': -0.65, 'gx': -13.86, 'gy': 18.44, 'gz': 5.08}, {'t_us': 1976213306, 'ax': -0.79, 'ay': 0.01, 'az': -0.76, 'gx': -2.99, 'gy': 24.6, 'gz': 1.65}, {'t_us': 1976233310, 'ax': -0.79, 'ay': -0.04, 'az': -0.66, 'gx': 8.21, 'gy': 8.73, 'gz': 3.31}]",2026-02-13 11:12:20,0.0
"[{'t_us': 1976257948, 'ax': -0.72, 'ay': -0.11, 'az': -0.54, 'gx': 15.02, 'gy': -1.15, 'gz': 12.89}, {'t_us': 1976273267, 'ax': -0.72, 'ay': -0.15, 'az': -0.54, 'gx': 18.14, 'gy': -8.26, 'gz': 24.26}, {'t_us': 1976293283, 'ax': -0.77, 'ay': -0.15, 'az': -0.62, 'gx': 21.31, 'gy': -16.23, 'gz': 34.79}, {'t_us': 1976313292, 'ax': -0.86, 'ay': -0.03, 'az': -0.67, 'gx': 24.5, 'gy': -9.97, 'gz': 36.64}, {'t_us': 1976333326, 'ax': -0.92, 'ay': 0.12, 'az': -0.64, 'gx': 23.39, 'gy': -12.46, 'gz': 37.34}]",2026-02-13 11:12:20,0.0
"[{'t_us': 1976359488, 'ax': -0.87, 'ay': 0.2, 'az': -0.51, 'gx': 10.49, 'gy': -3.45, 'gz': 34.96}, {'t_us': 1976373292, 'ax': -0.86, 'ay': 0.21, 'az': -0.52, 'gx': 3.33, 'gy': 12.26, 'gz': 26.58}, {'t_us': 1976393314, 'ax': -0.92, 'ay': 0.27, 'az': -0.6, 'gx': -2.11, 'gy': 7.21, 'gz': 14.21}, {'t_us': 1976413329, 'ax': -0.92, 'ay': 0.23, 'az': -0.62, 'gx': -5.04, 'gy': -14.14, 'gz': 10.03}, {'t_us': 1976433333, 'ax': -0.86, 'ay': 0.1, 'az': -0.58, 'gx': -6.82, 'gy': -24.23, 'gz': 12.52}]",2026-02-13 11:12:20,0.0
"[{'t_us': 1976458248, 'ax': -0.85, 'ay': -0.01, 'az': -0.52, 'gx': -10.35, 'gy': -28.26, 'gz': 16.23}, {'t_us': 1976473326, 'ax': -0.86, 'ay': -0.03, 'az': -0.51, 'gx': -14.35, 'gy': -13.59, 'gz': 19.71}, {'t_us': 1976493329, 'ax': -0.8, 'ay': 0.03, 'az': -0.56, 'gx': -14.44, 'gy': 3.01, 'gz': 22.23}, {'t_us': 1976513300, 'ax': -0.82, 'ay': 0.11, 'az': -0.63, 'gx': -7.21, 'gy': 21.01, 'gz': 20.05}, {'t_us': 1976533333, 'ax': -0.82, 'ay': 0.12, 'az': -0.65, 'gx': -1.51, 'gy': 27.97, 'gz': 12.43}]",2026-02-13 11:12:20,0.0
"[{'t_us': 1976559380, 'ax': -0.76, 'ay': 0.15, 'az': -0.66, 'gx': -1.16, 'gy': 6.38, 'gz': 7.5}, {'t_us': 1976573333, 'ax': -0.75, 'ay': 0.13, 'az': -0.58, 'gx': 0.14, 'gy': -3.95, 'gz': 8.08}, {'t_us': 1976593333, 'ax': -0.71, 'ay': 0.04, 'az': -0.45, 'gx': -4.05, 'gy': 0.15, 'gz': 8.08}, {'t_us': 1976613270, 'ax': -0.78, 'ay': 0.05, 'az': -0.41, 'gx': -13.39, 'gy': -6.67, 'gz': 12.47}, {'t_us': 1976633285, 'ax': -0.86, 'ay': 0.14, 'az': -0.38, 'gx': -20.29, 'gy': -8.38, 'gz': 12.63}]",2026-02-13 11:12:20,0.0
"[{'t_us': 1976659371, 'ax': -0.76, 'ay': 0.21, 'az': -0.49, 'gx': -17.85, 'gy': 11.92, 'gz': 5.24}, {'t_us': 1976673306, 'ax': -0.77, 'ay': 0.17, 'az': -0.54, 'gx': -14.43, 'gy': 25.28, 'gz': 0.69}, {'t_us': 1976693317, 'ax': -0.89, 'ay': 0.14, 'az': -0.6, 'gx': -7.86, 'gy': 24.82, 'gz': -3.25}, {'t_us': 1976713279, 'ax': -0.97, 'ay': 0.13, 'az': -0.65, 'gx': -2.96, 'gy': 7.18, 'gz': -4.34}, {'t_us': 1976733279, 'ax': -0.91, 'ay': 0.09, 'az': -0.59, 'gx': 0.76, 'gy': -10.93, 'gz': -2.31}]",2026-02-13 11:12:20,0.0
"[{'t_us': 1976759458, 'ax': -0.82, 'ay': 0.06, 'az': -0.55, 'gx': 1.57, 'gy': 1.11, 'gz': 2.06}, {'t_us': 1976773875, 'ax': -0.82, 'ay': 0.06, 'az': -0.58, 'gx': -0.9, 'gy': 3.59, 'gz': 4.12}, {'t_us': 1976793321, 'ax': -0.83, 'ay': 0.11, 'az': -0.56, 'gx': -6.05, 'gy': 3.51, 'gz': 8.03}, {'t_us': 1976813300, 'ax': -0.76, 'ay': 0.14, 'az': -0.56, 'gx': -7.73, 'gy': 6.67, 'gz': 8.64}, {'t_us': 1976833310, 'ax': -0.75, 'ay': 0.2, 'az': -0.55, 'gx': -3.68, 'gy': 16.76, 'gz': 4.98}]",2026-02-13 11:12:20,0.0
"[{'t_us': 1976858124, 'ax': -0.75, 'ay': 0.18, 'az': -0.51, 'gx': 6.47, 'gy': 23.48, 'gz': 1.01}, {'t_us': 1976873300, 'ax': -0.76, 'ay': 0.11, 'az': -0.5, 'gx': 11.39, 'gy': 19.16, 'gz': -0.63}, {'t_us': 1976893279, 'ax': -0.75, 'ay': 0.06, 'az': -0.54, 'gx': 20.38, 'gy': 17.11, 'gz': 1.89}, {'t_us': 1976913300, 'ax': -0.81, 'ay': 0.1, 'az': -0.57, 'gx': 32.2, 'gy': 10.82, 'gz': 2.85}, {'t_us': 1976933321, 'ax': -0.82, 'ay': 0.1, 'az': -0.52, 'gx': 41.76, 'gy': 6.7, 'gz': 5.69}]",2026-02-13 11:12:20,0.0
"[{'t_us': 1976959898, 'ax': -0.94, 'ay': 0.09, 'az': -0.45, 'gx': 48.76, 'gy': 13.07, 'gz': 10.95}, {'t_us': 1976973681, 'ax': -1.04, 'ay': 0.12, 'az': -0.41, 'gx': 49.79, 'gy': 12.78, 'gz': 11.18}, {'t_us': 1976993279, 'ax': -1.13, 'ay': 0.15, 'az': -0.4, 'gx': 43.3, 'gy': 14.23, 'gz': 9.22}, {'t_us': 1977013310, 'ax': -1.01, 'ay': 0.23, 'az': -0.52, 'gx': 34.98, 'gy': 0.66, 'gz': 4.23}, {'t_us': 1977033326, 'ax': -0.89, 'ay': 0.2, 'az': -0.59, 'gx': 28.85, 'gy': 6.06, 'gz': -5.97}]",2026-02-13 11:12:20,0.0
"[{'t_us': 1977059657, 'ax': -0.9, 'ay': 0.1, 'az': -0.62, 'gx': 9.3, 'gy': 9.62, 'gz': -4.53}, {'t_us': 1977073334, 'ax': -0.98, 'ay': 0.1, 'az': -0.62, 'gx': 0.5, 'gy': 11.01, 'gz': 0.7}, {'t_us': 1977093306, 'ax': -1.0, 'ay': 0.08, 'az': -0.66, 'gx': -0.96, 'gy': 3.62, 'gz': 6.23}, {'t_us': 1977113300, 'ax': -0.88, 'ay': 0.05, 'az': -0.55, 'gx': 10.24, 'gy': -4.95, 'gz': 8.08}, {'t_us': 1977133274, 'ax': -0.71, 'ay': -0.02, 'az': -0.47, 'gx': 21.27, 'gy': -2.69, 'gz': 4.23}]",2026-02-13 11:12:20,0.0
"[{'t_us': 1977159254, 'ax': -0.62, 'ay': -0.07, 'az': -0.48, 'gx': 25.37, 'gy': 25.73, 'gz': -4.6}, {'t_us': 1977173310, 'ax': -0.66, 'ay': -0.09, 'az': -0.59, 'gx': 23.89, 'gy': 46.81, 'gz': -6.7}, {'t_us': 1977193317, 'ax': -0.85, 'ay': 0.01, 'az': -0.72, 'gx': 15.56, 'gy': 50.56, 'gz': -11.82}, {'t_us': 1977213292, 'ax': -0.84, 'ay': 0.04, 'az': -0.86, 'gx': 4.05, 'gy': 31.56, 'gz': -14.89}, {'t_us': 1977233279, 'ax': -0.78, 'ay': -0.0, 'az': -0.86, 'gx': -1.01, 'gy': 2.46, 'gz': -18.43}]",2026-02-13 11:12:21,0.0
"[{'t_us': 1977258866, 'ax': -0.53, 'ay': -0.04, 'az': -0.74, 'gx': -3.01, 'gy': -13.24, 'gz': -20.56}, {'t_us': 1977273300, 'ax': -0.49, 'ay': -0.01, 'az': -0.7, 'gx': -0.78, 'gy': -8.0, 'gz': -19.92}, {'t_us': 1977293274, 'ax': -0.58, 'ay': 0.0, 'az': -0.73, 'gx': 7.98, 'gy': 9.48, 'gz': -19.15}, {'t_us': 1977313267, 'ax': -0.69, 'ay': -0.1, 'az': -0.77, 'gx': 20.9, 'gy': 10.63, 'gz': -20.56}, {'t_us': 1977333329, 'ax': -0.74, 'ay': -0.26, 'az': -0.71, 'gx': 31.94, 'gy': -1.54, 'gz': -15.02}]",2026-02-13 11:12:21,0.0
"[{'t_us': 1977359701, 'ax': -0.69, 'ay': -0.32, 'az': -0.54, 'gx': 34.58, 'gy': -16.17, 'gz': 3.33}, {'t_us': 1977373270, 'ax': -0.71, 'ay': -0.32, 'az': -0.44, 'gx': 29.6, 'gy': -11.25, 'gz': 11.22}, {'t_us': 1977393317, 'ax': -0.78, 'ay': -0.19, 'az': -0.46, 'gx': 23.6, 'gy': -3.89, 'gz': 18.06}, {'t_us': 1977413270, 'ax': -0.86, 'ay': -0.11, 'az': -0.52, 'gx': 20.05, 'gy': -6.73, 'gz': 18.69}, {'t_us': 1977433306, 'ax': -0.9, 'ay': -0.03, 'az': -0.54, 'gx': 8.84, 'gy': -10.44, 'gz': 10.0}]",2026-02-13 11:12:21,0.0
"[{'t_us': 1977459432, 'ax': -0.87, 'ay': -0.03, 'az': -0.58, 'gx': -3.77, 'gy': -11.82, 'gz': -0.4}, {'t_us': 1977475881, 'ax': -0.86, 'ay': 0.04, 'az': -0.63, 'gx': -6.56, 'gy': -15.25, 'gz': -6.7}, {'t_us': 1977493321, 'ax': -0.83, 'ay': 0.03, 'az': -0.65, 'gx': -5.65, 'gy': -11.56, 'gz': -17.21}, {'t_us': 1977513274, 'ax': -0.89, 'ay': -0.02, 'az': -0.61, 'gx': -2.14, 'gy': -14.81, 'gz': -24.76}, {'t_us': 1977533289, 'ax': -0.83, 'ay': -0.11, 'az': -0.51, 'gx': 1.33, 'gy': -17.04, 'gz': -29.91}]",2026-02-13 11:12:21,0.0
"[{'t_us': 1977559477, 'ax': -0.76, 'ay': -0.22, 'az': -0.44, 'gx': -2.49, 'gy': -5.1, 'gz': -22.87}, {'t_us': 1977573270, 'ax': -0.83, 'ay': -0.26, 'az': -0.47, 'gx': -10.03, 'gy': -0.96, 'gz': -18.12}, {'t_us': 1977593270, 'ax': -0.89, 'ay': -0.26, 'az': -0.54, 'gx': -21.31, 'gy': -16.55, 'gz': -9.02}, {'t_us': 1977613306, 'ax': -0.78, 'ay': -0.2, 'az': -0.42, 'gx': -27.02, 'gy': -19.73, 'gz': -5.54}, {'t_us': 1977633292, 'ax': -0.75, 'ay': -0.11, 'az': -0.46, 'gx': -24.69, 'gy': 8.37, 'gz': -9.15}]",2026-02-13 11:12:21,0.0
"[{'t_us': 1977657921, 'ax': -0.95, 'ay': -0.06, 'az': -0.54, 'gx': -22.12, 'gy': 39.76, 'gz': -13.42}, {'t_us': 1977673267, 'ax': -0.98, 'ay': -0.11, 'az': -0.73, 'gx': -18.53, 'gy': 36.05, 'gz': -15.51}, {'t_us': 1977693267, 'ax': -0.94, 'ay': -0.16, 'az': -0.78, 'gx': -9.34, 'gy': 12.43, 'gz': -14.81}, {'t_us': 1977713306, 'ax': -0.83, 'ay': -0.2, 'az': -0.61, 'gx': -3.83, 'gy': -3.13, 'gz': -9.79}, {'t_us': 1977733306, 'ax': -0.74, 'ay': -0.25, 'az': -0.51, 'gx': -2.06, 'gy': 4.09, 'gz': -3.45}]",2026-02-13 11:12:21,0.0
"[{'t_us': 1977759615, 'ax': -0.77, 'ay': -0.25, 'az': -0.46, 'gx': -4.5, 'gy': 11.8, 'gz': 2.92}, {'t_us': 1977773292, 'ax': -0.82, 'ay': -0.23, 'az': -0.42, 'gx': -8.43, 'gy': 18.82, 'gz': 4.6}, {'t_us': 1977793306, 'ax': -0.83, 'ay': -0.18, 'az': -0.47, 'gx': -15.85, 'gy': 28.53, 'gz': 7.31}, {'t_us': 1977813333, 'ax': -0.88, 'ay': -0.1, 'az': -0.49, 'gx': -23.66, 'gy': 36.0, 'gz': 5.68}, {'t_us': 1977833276, 'ax': -0.97, 'ay': -0.05, 'az': -0.61, 'gx': -28.82, 'gy': 38.05, 'gz': -0.08}]",2026-02-13 11:12:21,
"[{'t_us': 1977860181, 'ax': -0.91, 'ay': -0.07, 'az': -0.68, 'gx': -32.53, 'gy': 11.79, 'gz': -5.05}, {'t_us': 1977873292, 'ax': -0.81, 'ay': -0.12, 'az': -0.63, 'gx': -33.01, 'gy': 1.82, 'gz': -5.5}, {'t_us': 1977893325, 'ax': -0.7, 'ay': -0.13, 'az': -0.65, 'gx': -29.68, 'gy': 9.19, 'gz': -6.2}, {'t_us': 1977913310, 'ax': -0.62, 'ay': -0.18, 'az': -0.83, 'gx': -24.92, 'gy': 11.76, 'gz': -4.41}, {'t_us': 1977933321, 'ax': -0.65, 'ay': -0.15, 'az': -0.75, 'gx': -13.79, 'gy': 2.73, 'gz': 0.66}]",2026-02-13 11:12:21,0.0
"[{'t_us': 1977957848, 'ax': -0.74, 'ay': -0.23, 'az': -0.44, 'gx': -0.44, 'gy': 13.73, 'gz': 1.63}, {'t_us': 1977973306, 'ax': -0.74, 'ay': -0.27, 'az': -0.4, 'gx': -2.38, 'gy': 19.25, 'gz': 7.24}, {'t_us': 1977993317, 'ax': -0.76, 'ay': -0.18, 'az': -0.47, 'gx': -7.66, 'gy': 35.62, 'gz': 15.68}, {'t_us': 1978013270, 'ax': -0.92, 'ay': -0.07, 'az': -0.63, 'gx': -5.51, 'gy': 40.32, 'gz': 16.52}, {'t_us': 1978033329, 'ax': -1.01, 'ay': 0.01, 'az': -0.79, 'gx': -0.21, 'gy': 23.6, 'gz': 12.23}]",2026-02-13 11:12:21,0.0
"[{'t_us': 1978058042, 'ax': -1.02, 'ay': 0.0, 'az': -0.76, 'gx': 5.76, 'gy': 1.47, 'gz': 2.17}, {'t_us': 1978073934, 'ax': -0.96, 'ay': -0.05, 'az': -0.76, 'gx': 8.85, 'gy': -19.56, 'gz': -5.25}, {'t_us': 1978093310, 'ax': -0.73, 'ay': -0.11, 'az': -0.71, 'gx': 9.47, 'gy': -37.21, 'gz': -1.5}, {'t_us': 1978113267, 'ax': -0.62, 'ay': -0.06, 'az': -0.57, 'gx': 7.57, 'gy': -35.92, 'gz': 6.7}, {'t_us': 1978133329, 'ax': -0.54, 'ay': 0.0, 'az': -0.45, 'gx': 3.53, 'gy': -8.23, 'gz': 9.22}]",2026-02-13 11:12:21,0.0
"[{'t_us': 1978160125, 'ax': -0.75, 'ay': 0.01, 'az': -0.57, 'gx': -1.71, 'gy': 21.95, 'gz': 12.09}, {'t_us': 1978173306, 'ax': -0.86, 'ay': 0.03, 'az': -0.62, 'gx': -7.1, 'gy': 16.76, 'gz': 12.43}, {'t_us': 1978193270, 'ax': -0.95, 'ay': 0.03, 'az': -0.7, 'gx': -14.08, 'gy': 9.34, 'gz': 10.26}, {'t_us': 1978213270, 'ax': -0.96, 'ay': 0.05, 'az': -0.76, 'gx': -19.53, 'gy': 5.16, 'gz': 5.94}, {'t_us': 1978233276, 'ax': -0.86, 'ay': 0.07, 'az': -0.79, 'gx': -21.4, 'gy': -12.09, 'gz': 5.85}]",2026-02-13 11:12:22,0.0
"[{'t_us': 1978259550, 'ax': -0.71, 'ay': 0.03, 'az': -0.67, 'gx': -27.22, 'gy': -8.87, 'gz': 8.61}, {'t_us': 1978273300, 'ax': -0.67, 'ay': 0.02, 'az': -0.67, 'gx': -28.14, 'gy': -8.27, 'gz': 9.5}, {'t_us': 1978293310, 'ax': -0.65, 'ay': 0.02, 'az': -0.68, 'gx': -24.96, 'gy': -13.11, 'gz': 12.95}, {'t_us': 1978313267, 'ax': -0.56, 'ay': 0.04, 'az': -0.63, 'gx': -19.51, 'gy': -12.12, 'gz': 16.05}, {'t_us': 1978333279, 'ax': -0.57, 'ay': -0.0, 'az': -0.59, 'gx': -9.1, 'gy': 3.62, 'gz': 20.23}]",2026-02-13 11:12:22,0.0
"[{'t_us': 1978360144, 'ax': -0.75, 'ay': -0.07, 'az': -0.57, 'gx': -1.95, 'gy': 12.41, 'gz': 24.26}, {'t_us': 1978373300, 'ax': -0.78, 'ay': -0.08, 'az': -0.56, 'gx': -1.31, 'gy': 10.9, 'gz': 25.25}, {'t_us': 1978393278, 'ax': -0.84, 'ay': -0.03, 'az': -0.59, 'gx': 0.78, 'gy': 14.08, 'gz': 23.22}, {'t_us': 1978413310, 'ax': -0.82, 'ay': 0.08, 'az': -0.73, 'gx': 2.81, 'gy': 9.97, 'gz': 18.79}, {'t_us': 1978433333, 'ax': -0.8, 'ay': 0.23, 'az': -0.75, 'gx': 3.88, 'gy': -7.28, 'gz': 17.6}]",2026-02-13 11:12:22,0.0
"[{'t_us': 1978459562, 'ax': -0.62, 'ay': 0.15, 'az': -0.56, 'gx': 9.21, 'gy': -38.73, 'gz': 17.57}, {'t_us': 1978473292, 'ax': -0.49, 'ay': 0.03, 'az': -0.53, 'gx': 6.23, 'gy': -38.05, 'gz': 22.93}, {'t_us': 1978493321, 'ax': -0.42, 'ay': -0.05, 'az': -0.58, 'gx': 2.08, 'gy': -26.37, 'gz': 32.14}, {'t_us': 1978513307, 'ax': -0.7, 'ay': -0.04, 'az': -0.48, 'gx': 3.05, 'gy': -2.17, 'gz': 30.78}, {'t_us': 1978533321, 'ax': -0.95, 'ay': 0.04, 'az': -0.5, 'gx': 4.96, 'gy': 20.4, 'gz': 18.27}]",2026-02-13 11:12:22,0.0
"[{'t_us': 1978558224, 'ax': -1.07, 'ay': 0.21, 'az': -0.59, 'gx': -4.5, 'gy': 11.01, 'gz': 10.18}, {'t_us': 1978573329, 'ax': -1.1, 'ay': 0.27, 'az': -0.68, 'gx': -10.67, 'gy': -0.29, 'gz': 7.8}, {'t_us': 1978593284, 'ax': -1.01, 'ay': 0.25, 'az': -0.72, 'gx': -13.36, 'gy': -15.85, 'gz': 2.4}, {'t_us': 1978613284, 'ax': -0.94, 'ay': 0.16, 'az': -0.67, 'gx': -14.02, 'gy': -18.37, 'gz': -0.82}, {'t_us': 1978633292, 'ax': -0.89, 'ay': 0.11, 'az': -0.69, 'gx': -13.51, 'gy': -17.21, 'gz': -1.39}]",2026-02-13 11:12:22,0.0
"[{'t_us': 1978658753, 'ax': -0.86, 'ay': 0.16, 'az': -0.74, 'gx': -10.05, 'gy': -22.14, 'gz': -0.38}, {'t_us': 1978673292, 'ax': -0.8, 'ay': 0.17, 'az': -0.72, 'gx': -7.01, 'gy': -33.13, 'gz': 2.76}, {'t_us': 1978693306, 'ax': -0.71, 'ay': 0.11, 'az': -0.5, 'gx': -3.21, 'gy': -31.28, 'gz': 7.88}, {'t_us': 1978713306, 'ax': -0.65, 'ay': 0.06, 'az': -0.39, 'gx': -0.73, 'gy': -9.5, 'gz': 12.49}, {'t_us': 1978733321, 'ax': -0.74, 'ay': 0.12, 'az': -0.35, 'gx': -5.16, 'gy': 0.18, 'gz': 13.89}]",2026-02-13 11:12:22,0.0
"[{'t_us': 1978760064, 'ax': -0.86, 'ay': 0.17, 'az': -0.41, 'gx': -9.27, 'gy': 8.14, 'gz': 11.94}, {'t_us': 1978773311, 'ax': -0.92, 'ay': 0.2, 'az': -0.48, 'gx': -8.98, 'gy': 8.4, 'gz': 6.03}, {'t_us': 1978793270, 'ax': -0.96, 'ay': 0.24, 'az': -0.56, 'gx': -1.73, 'gy': 0.41, 'gz': -1.16}, {'t_us': 1978813333, 'ax': -0.97, 'ay': 0.21, 'az': -0.58, 'gx': 5.79, 'gy': -17.01, 'gz': -5.62}, {'t_us': 1978833284, 'ax': -0.93, 'ay': 0.13, 'az': -0.58, 'gx': 15.94, 'gy': -37.18, 'gz': -8.24}]",2026-02-13 11:12:22,0.0
"[{'t_us': 1978861456, 'ax': -0.77, 'ay': 0.06, 'az': -0.49, 'gx': 30.27, 'gy': -43.33, 'gz': -4.85}, {'t_us': 1978873306, 'ax': -0.72, 'ay': 0.05, 'az': -0.44, 'gx': 34.98, 'gy': -31.01, 'gz': -1.91}, {'t_us': 1978893317, 'ax': -0.73, 'ay': 0.05, 'az': -0.35, 'gx': 37.1, 'gy': -8.23, 'gz': 2.67}, {'t_us': 1978913329, 'ax': -0.82, 'ay': 0.08, 'az': -0.31, 'gx': 33.77, 'gy': 5.94, 'gz': 7.34}, {'t_us': 1978933284, 'ax': -0.93, 'ay': 0.15, 'az': -0.34, 'gx': 24.2, 'gy': 28.21, 'gz': 10.29}]",2026-02-13 11:12:22,0.0
"[{'t_us': 1978957860, 'ax': -1.12, 'ay': 0.28, 'az': -0.54, 'gx': 9.48, 'gy': 16.61, 'gz': 2.75}, {'t_us': 1978973270, 'ax': -1.06, 'ay': 0.26, 'az': -0.61, 'gx': 4.49, 'gy': 1.54, 'gz': -1.85}, {'t_us': 1978993306, 'ax': -1.0, 'ay': 0.2, 'az': -0.58, 'gx': -2.98, 'gy': -12.15, 'gz': -4.69}, {'t_us': 1979013317, 'ax': -0.89, 'ay': 0.08, 'az': -0.48, 'gx': 2.17, 'gy': -23.79, 'gz': -6.05}, {'t_us': 1979033285, 'ax': -0.73, 'ay': -0.02, 'az': -0.36, 'gx': 8.21, 'gy': -27.39, 'gz': -2.29}]",2026-02-13 11:12:22,0.0
"[{'t_us': 1979058686, 'ax': -0.59, 'ay': -0.05, 'az': -0.22, 'gx': 9.31, 'gy': -5.94, 'gz': 4.05}, {'t_us': 1979073289, 'ax': -0.62, 'ay': -0.04, 'az': -0.23, 'gx': 5.88, 'gy': 7.22, 'gz': 4.76}, {'t_us': 1979093321, 'ax': -0.8, 'ay': 0.06, 'az': -0.41, 'gx': -1.68, 'gy': 28.05, 'gz': 7.07}, {'t_us': 1979113329, 'ax': -0.99, 'ay': 0.1, 'az': -0.64, 'gx': -10.64, 'gy': 29.66, 'gz': 3.18}, {'t_us': 1979133306, 'ax': -1.09, 'ay': 0.08, 'az': -0.79, 'gx': -8.5, 'gy': 10.41, 'gz': -3.25}]",2026-02-13 11:12:22,0.0
"[{'t_us': 1979158613, 'ax': -0.95, 'ay': -0.04, 'az': -0.74, 'gx': 6.61, 'gy': -20.34, 'gz': -11.01}, {'t_us': 1979173300, 'ax': -0.83, 'ay': -0.06, 'az': -0.66, 'gx': 15.85, 'gy': -25.42, 'gz': -13.92}, {'t_us': 1979193321, 'ax': -0.66, 'ay': -0.02, 'az': -0.56, 'gx': 20.84, 'gy': -16.72, 'gz': -15.97}, {'t_us': 1979213329, 'ax': -0.71, 'ay': -0.04, 'az': -0.49, 'gx': 18.0, 'gy': 8.41, 'gz': -16.09}, {'t_us': 1979233329, 'ax': -0.82, 'ay': -0.02, 'az': -0.54, 'gx': 9.74, 'gy': 15.73, 'gz': -13.77}]",2026-02-13 11:12:23,0.0
"[{'t_us': 1979259372, 'ax': -0.85, 'ay': 0.0, 'az': -0.58, 'gx': 2.08, 'gy': 18.76, 'gz': -12.44}, {'t_us': 1979273333, 'ax': -0.91, 'ay': -0.02, 'az': -0.58, 'gx': -0.2, 'gy': 19.51, 'gz': -15.42}, {'t_us': 1979293267, 'ax': -0.9, 'ay': -0.01, 'az': -0.6, 'gx': -6.5, 'gy': 17.5, 'gz': -20.03}, {'t_us': 1979313267, 'ax': -0.82, 'ay': 0.01, 'az': -0.66, 'gx': -7.39, 'gy': 12.79, 'gz': -24.34}, {'t_us': 1979333297, 'ax': -0.85, 'ay': -0.02, 'az': -0.64, 'gx': -2.55, 'gy': 13.56, 'gz': -26.81}]",2026-02-13 11:12:23,0.0
"[{'t_us': 1979359576, 'ax': -0.9, 'ay': -0.13, 'az': -0.66, 'gx': 5.44, 'gy': 5.01, 'gz': -24.21}, {'t_us': 1979373282, 'ax': -0.86, 'ay': -0.21, 'az': -0.63, 'gx': 7.59, 'gy': -0.72, 'gz': -19.83}, {'t_us': 1979393284, 'ax': -0.83, 'ay': -0.23, 'az': -0.53, 'gx': 5.88, 'gy': -0.76, 'gz': -10.85}, {'t_us': 1979413321, 'ax': -0.92, 'ay': -0.12, 'az': -0.51, 'gx': 5.42, 'gy': 7.27, 'gz': -6.6}, {'t_us': 1979433274, 'ax': -0.97, 'ay': -0.06, 'az': -0.59, 'gx': 5.11, 'gy': 16.08, 'gz': -10.18}]",2026-02-13 11:12:23,0.0
"[{'t_us': 1979458275, 'ax': -0.93, 'ay': -0.01, 'az': -0.58, 'gx': 4.7, 'gy': 13.16, 'gz': -14.31}, {'t_us': 1979473279, 'ax': -0.9, 'ay': -0.03, 'az': -0.54, 'gx': 4.24, 'gy': 12.76, 'gz': -14.27}, {'t_us': 1979493310, 'ax': -0.89, 'ay': -0.07, 'az': -0.55, 'gx': 5.62, 'gy': 12.72, 'gz': -13.5}, {'t_us': 1979513317, 'ax': -0.85, 'ay': -0.14, 'az': -0.53, 'gx': 6.46, 'gy': 6.58, 'gz': -11.48}, {'t_us': 1979533292, 'ax': -0.8, 'ay': -0.19, 'az': -0.44, 'gx': 5.86, 'gy': -1.8, 'gz': -8.29}]",2026-02-13 11:12:23,0.0
"[{'t_us': 1979559863, 'ax': -0.76, 'ay': -0.13, 'az': -0.42, 'gx': 0.0, 'gy': 4.78, 'gz': -5.1}, {'t_us': 1979576096, 'ax': -0.72, 'ay': -0.1, 'az': -0.45, 'gx': -0.96, 'gy': 7.8, 'gz': -2.58}, {'t_us': 1979593284, 'ax': -0.74, 'ay': -0.11, 'az': -0.44, 'gx': -2.27, 'gy': 7.25, 'gz': -0.73}, {'t_us': 1979613317, 'ax': -0.76, 'ay': -0.13, 'az': -0.48, 'gx': -3.08, 'gy': 9.97, 'gz': -0.38}, {'t_us': 1979633267, 'ax': -0.81, 'ay': -0.13, 'az': -0.51, 'gx': -3.8, 'gy': 9.18, 'gz': -1.01}]",2026-02-13 11:12:23,0.0
"[{'t_us': 1979659288, 'ax': -0.85, 'ay': -0.13, 'az': -0.51, 'gx': -6.63, 'gy': 2.87, 'gz': -1.62}, {'t_us': 1979674148, 'ax': -0.88, 'ay': -0.13, 'az': -0.52, 'gx': -9.08, 'gy': -4.2, 'gz': -0.63}, {'t_us': 1979693306, 'ax': -0.87, 'ay': -0.13, 'az': -0.54, 'gx': -10.9, 'gy': -11.68, 'gz': -0.79}, {'t_us': 1979713333, 'ax': -0.87, 'ay': -0.14, 'az': -0.52, 'gx': -10.93, 'gy': -15.53, 'gz': -1.15}, {'t_us': 1979733270, 'ax': -0.94, 'ay': -0.14, 'az': -0.47, 'gx': -10.44, 'gy': -22.49, 'gz': -1.56}]",2026-02-13 11:12:23,0.0
"[{'t_us': 1979758101, 'ax': -0.89, 'ay': -0.14, 'az': -0.42, 'gx': -13.01, 'gy': -27.31, 'gz': -0.7}, {'t_us': 1979773317, 'ax': -0.86, 'ay': -0.15, 'az': -0.41, 'gx': -16.4, 'gy': -23.13, 'gz': 0.73}, {'t_us': 1979793329, 'ax': -0.86, 'ay': -0.13, 'az': -0.44, 'gx': -16.76, 'gy': -11.34, 'gz': 1.08}, {'t_us': 1979813284, 'ax': -0.86, 'ay': -0.11, 'az': -0.42, 'gx': -15.19, 'gy': -7.74, 'gz': 0.89}, {'t_us': 1979833305, 'ax': -0.84, 'ay': -0.13, 'az': -0.47, 'gx': -9.27, 'gy': 9.79, 'gz': 7.21}]",2026-02-13 11:12:23,0.0
"[{'t_us': 1979857984, 'ax': -0.86, 'ay': -0.21, 'az': -0.58, 'gx': 9.01, 'gy': 27.76, 'gz': 8.17}, {'t_us': 1979874089, 'ax': -0.87, 'ay': -0.32, 'az': -0.56, 'gx': 23.65, 'gy': 31.45, 'gz': 11.51}, {'t_us': 1979893300, 'ax': -0.9, 'ay': -0.46, 'az': -0.6, 'gx': 34.34, 'gy': 14.03, 'gz': 22.46}, {'t_us': 1979913292, 'ax': -0.82, 'ay': -0.38, 'az': -0.53, 'gx': 45.56, 'gy': -12.78, 'gz': 36.75}, {'t_us': 1979933303, 'ax': -0.64, 'ay': -0.29, 'az': -0.44, 'gx': 54.06, 'gy': -14.14, 'gz': 42.95}]",2026-02-13 11:12:23,0.0
"[{'t_us': 1979959413, 'ax': -0.59, 'ay': -0.18, 'az': -0.29, 'gx': 58.98, 'gy': -9.83, 'gz': 50.32}, {'t_us': 1979973336, 'ax': -0.66, 'ay': -0.11, 'az': -0.17, 'gx': 55.48, 'gy': -10.49, 'gz': 55.65}, {'t_us': 1979993333, 'ax': -0.68, 'ay': -0.11, 'az': -0.03, 'gx': 40.41, 'gy': -19.69, 'gz': 65.05}, {'t_us': 1980013300, 'ax': -0.58, 'ay': -0.23, 'az': -0.1, 'gx': 26.35, 'gy': -11.77, 'gz': 62.47}, {'t_us': 1980033329, 'ax': -0.55, 'ay': -0.26, 'az': -0.1, 'gx': 18.89, 'gy': -4.5, 'gz': 62.23}]",2026-02-13 11:12:23,0.0
"[{'t_us': 1980057709, 'ax': -0.61, 'ay': -0.24, 'az': -0.13, 'gx': 5.16, 'gy': -11.07, 'gz': 67.82}, {'t_us': 1980073292, 'ax': -0.57, 'ay': -0.12, 'az': -0.14, 'gx': -3.53, 'gy': -9.4, 'gz': 72.61}, {'t_us': 1980093955, 'ax': -0.67, 'ay': -0.01, 'az': -0.47, 'gx': -8.61, 'gy': 6.05, 'gz': 54.24}, {'t_us': 1980113329, 'ax': -0.86, 'ay': 0.01, 'az': -0.59, 'gx': 0.56, 'gy': 6.75, 'gz': 27.33}, {'t_us': 1980133284, 'ax': -1.12, 'ay': -0.07, 'az': -0.59, 'gx': 19.25, 'gy': -31.51, 'gz': 11.95}]",2026-02-13 11:12:23,0.0
"[{'t_us': 1980160741, 'ax': -1.27, 'ay': 0.03, 'az': -0.09, 'gx': 9.57, 'gy': -85.47, 'gz': -21.02}, {'t_us': 1980173690, 'ax': -0.72, 'ay': 0.12, 'az': -0.16, 'gx': -19.27, 'gy': -68.5, 'gz': -14.58}, {'t_us': 1980193267, 'ax': -0.61, 'ay': 0.22, 'az': -0.31, 'gx': -50.99, 'gy': -33.51, 'gz': -11.1}, {'t_us': 1980213306, 'ax': -0.88, 'ay': 0.34, 'az': -0.5, 'gx': -81.3, 'gy': 7.6, 'gz': -10.0}, {'t_us': 1980233267, 'ax': -1.23, 'ay': 0.25, 'az': -0.7, 'gx': -92.73, 'gy': 9.65, 'gz': -14.21}]",2026-02-13 11:12:24,0.0
"[{'t_us': 1980257965, 'ax': -1.0, 'ay': 0.04, 'az': -0.66, 'gx': -90.6, 'gy': -23.62, 'gz': -27.71}, {'t_us': 1980273310, 'ax': -0.86, 'ay': -0.04, 'az': -0.42, 'gx': -99.91, 'gy': -30.24, 'gz': -20.92}, {'t_us': 1980293311, 'ax': -0.8, 'ay': -0.07, 'az': -0.38, 'gx': -108.96, 'gy': -13.16, 'gz': -10.81}, {'t_us': 1980313310, 'ax': -0.84, 'ay': -0.02, 'az': -0.44, 'gx': -111.91, 'gy': -7.86, 'gz': -7.5}, {'t_us': 1980333322, 'ax': -0.84, 'ay': 0.05, 'az': -0.43, 'gx': -114.73, 'gy': -7.42, 'gz': -12.29}]",2026-02-13 11:12:24,0.0
"[{'t_us': 1980359425, 'ax': -0.82, 'ay': 0.18, 'az': -0.48, 'gx': -119.85, 'gy': -10.58, 'gz': -10.75}, {'t_us': 1980373279, 'ax': -0.8, 'ay': 0.16, 'az': -0.51, 'gx': -123.6, 'gy': -24.21, 'gz': -13.27}, {'t_us': 1980393273, 'ax': -0.75, 'ay': 0.12, 'az': -0.53, 'gx': -130.12, 'gy': -47.37, 'gz': -15.8}, {'t_us': 1980413270, 'ax': -0.72, 'ay': 0.13, 'az': -0.46, 'gx': -135.66, 'gy': -64.23, 'gz': -17.3}, {'t_us': 1980433306, 'ax': -0.66, 'ay': 0.1, 'az': -0.38, 'gx': -137.94, 'gy': -79.85, 'gz': -19.36}]",2026-02-13 11:12:24,0.0
"[{'t_us': 1980457752, 'ax': -0.48, 'ay': 0.0, 'az': -0.36, 'gx': -133.54, 'gy': -87.82, 'gz': -23.71}, {'t_us': 1980473326, 'ax': -0.4, 'ay': -0.05, 'az': -0.35, 'gx': -125.3, 'gy': -85.33, 'gz': -22.6}, {'t_us': 1980493270, 'ax': -0.35, 'ay': -0.06, 'az': -0.35, 'gx': -113.5, 'gy': -85.74, 'gz': -19.1}, {'t_us': 1980513306, 'ax': -0.31, 'ay': -0.08, 'az': -0.4, 'gx': -96.32, 'gy': -88.32, 'gz': -16.06}, {'t_us': 1980533306, 'ax': -0.24, 'ay': -0.07, 'az': -0.38, 'gx': -80.37, 'gy': -92.93, 'gz': -8.31}]",2026-02-13 11:12:24,0.0
"[{'t_us': 1980557853, 'ax': -0.2, 'ay': -0.06, 'az': -0.26, 'gx': -63.98, 'gy': -91.95, 'gz': 7.68}, {'t_us': 1980573302, 'ax': -0.24, 'ay': -0.07, 'az': -0.19, 'gx': -62.11, 'gy': -85.86, 'gz': 19.73}, {'t_us': 1980593300, 'ax': -0.35, 'ay': -0.18, 'az': -0.21, 'gx': -66.67, 'gy': -85.56, 'gz': 43.4}, {'t_us': 1980613333, 'ax': -0.69, 'ay': -0.33, 'az': -0.12, 'gx': -69.11, 'gy': -113.98, 'gz': 92.27}, {'t_us': 1980633285, 'ax': -1.07, 'ay': 0.03, 'az': 0.02, 'gx': -54.32, 'gy': -184.44, 'gz': 175.3}]",2026-02-13 11:12:24,0.0
"[{'t_us': 1980659461, 'ax': -0.95, 'ay': 0.69, 'az': -0.04, 'gx': 13.82, 'gy': -189.08, 'gz': 199.65}, {'t_us': 1980673328, 'ax': -1.17, 'ay': 1.08, 'az': -0.03, 'gx': 45.51, 'gy': -163.36, 'gz': 169.07}, {'t_us': 1980693349, 'ax': -1.2, 'ay': 1.54, 'az': 0.21, 'gx': 36.53, 'gy': -184.41, 'gz': 115.33}, {'t_us': 1980713284, 'ax': -1.21, 'ay': 1.72, 'az': 0.36, 'gx': 18.21, 'gy': -189.47, 'gz': 108.0}, {'t_us': 1980733300, 'ax': -1.23, 'ay': 1.49, 'az': 0.64, 'gx': 10.99, 'gy': -204.63, 'gz': 142.61}]",2026-02-13 11:12:24,0.0
"[{'t_us': 1980759993, 'ax': -1.77, 'ay': 0.89, 'az': 1.07, 'gx': -4.73, 'gy': -194.82, 'gz': 122.69}, {'t_us': 1980773300, 'ax': -1.36, 'ay': 1.05, 'az': 1.34, 'gx': -26.58, 'gy': -202.63, 'gz': 114.14}, {'t_us': 1980793300, 'ax': -1.07, 'ay': 1.23, 'az': 1.62, 'gx': -42.34, 'gy': -180.89, 'gz': 102.0}, {'t_us': 1980813310, 'ax': -1.16, 'ay': 1.06, 'az': 1.58, 'gx': -60.78, 'gy': -136.02, 'gz': 55.19}, {'t_us': 1980833267, 'ax': -0.64, 'ay': 1.26, 'az': 1.63, 'gx': -94.38, 'gy': -160.98, 'gz': 33.24}]",2026-02-13 11:12:24,0.0
"[{'t_us': 1980859430, 'ax': 0.04, 'ay': 0.82, 'az': 0.38, 'gx': -93.36, 'gy': -167.97, 'gz': 73.16}, {'t_us': 1980873939, 'ax': -0.38, 'ay': 0.59, 'az': 0.35, 'gx': -85.89, 'gy': -188.64, 'gz': 70.44}, {'t_us': 1980893310, 'ax': -0.23, 'ay': 0.62, 'az': 0.44, 'gx': -45.37, 'gy': -252.0, 'gz': 50.21}, {'t_us': 1980913304, 'ax': 0.07, 'ay': 0.72, 'az': 0.75, 'gx': -17.27, 'gy': -279.16, 'gz': 45.94}, {'t_us': 1980933333, 'ax': 0.42, 'ay': 1.01, 'az': 1.22, 'gx': -15.54, 'gy': -201.19, 'gz': 43.08}]",2026-02-13 11:12:24,0.0
"[{'t_us': 1980957682, 'ax': 0.75, 'ay': 0.6, 'az': 0.51, 'gx': -57.42, 'gy': -118.18, 'gz': 19.63}, {'t_us': 1980973279, 'ax': 0.81, 'ay': 0.41, 'az': 0.76, 'gx': -82.52, 'gy': -29.91, 'gz': 13.28}, {'t_us': 1980993284, 'ax': 0.47, 'ay': 0.3, 'az': 0.67, 'gx': -85.24, 'gy': -0.47, 'gz': 13.44}, {'t_us': 1981013317, 'ax': 0.54, 'ay': 0.19, 'az': 0.73, 'gx': -61.21, 'gy': -4.82, 'gz': 5.62}, {'t_us': 1981033333, 'ax': 0.77, 'ay': 0.1, 'az': 0.7, 'gx': -29.68, 'gy': 13.21, 'gz': -4.4}]",2026-02-13 11:12:25,0.0
"[{'t_us': 1981059361, 'ax': 0.52, 'ay': 0.09, 'az': 0.54, 'gx': -6.69, 'gy': 68.55, 'gz': -6.38}, {'t_us': 1981073329, 'ax': 0.32, 'ay': 0.14, 'az': 0.56, 'gx': -9.71, 'gy': 62.26, 'gz': -11.89}, {'t_us': 1981093284, 'ax': 0.13, 'ay': 0.21, 'az': 0.77, 'gx': -13.65, 'gy': 50.7, 'gz': -7.39}, {'t_us': 1981113348, 'ax': -0.1, 'ay': 0.35, 'az': 1.01, 'gx': -20.98, 'gy': 37.02, 'gz': -10.56}, {'t_us': 1981133279, 'ax': -0.08, 'ay': 0.27, 'az': 1.2, 'gx': -27.15, 'gy': -10.43, 'gz': -9.91}]",2026-02-13 11:12:25,0.0
"[{'t_us': 1981157925, 'ax': 0.14, 'ay': 0.08, 'az': 0.93, 'gx': -22.53, 'gy': 2.7, 'gz': -14.72}, {'t_us': 1981173274, 'ax': 0.1, 'ay': -0.01, 'az': 0.86, 'gx': -13.97, 'gy': 16.85, 'gz': -18.02}, {'t_us': 1981193310, 'ax': -0.0, 'ay': 0.02, 'az': 0.83, 'gx': -5.51, 'gy': 28.92, 'gz': -20.5}, {'t_us': 1981213323, 'ax': -0.14, 'ay': 0.1, 'az': 0.89, 'gx': -4.76, 'gy': 33.91, 'gz': -20.79}, {'t_us': 1981233329, 'ax': -0.23, 'ay': 0.18, 'az': 0.93, 'gx': -3.66, 'gy': 27.48, 'gz': -19.79}]",2026-02-13 11:12:25,0.0
"[{'t_us': 1981259697, 'ax': -0.23, 'ay': 0.22, 'az': 0.77, 'gx': 11.22, 'gy': -10.29, 'gz': -11.59}, {'t_us': 1981273602, 'ax': -0.17, 'ay': 0.25, 'az': 0.76, 'gx': 21.63, 'gy': -11.66, 'gz': -3.08}, {'t_us': 1981293267, 'ax': -0.1, 'ay': 0.3, 'az': 0.84, 'gx': 16.15, 'gy': -16.79, 'gz': -2.84}, {'t_us': 1981313278, 'ax': 0.03, 'ay': 0.32, 'az': 0.86, 'gx': 2.5, 'gy': 0.15, 'gz': -8.63}, {'t_us': 1981333310, 'ax': 0.01, 'ay': 0.33, 'az': 0.82, 'gx': 2.55, 'gy': 22.29, 'gz': -9.68}]",2026-02-13 11:12:25,0.0
"[{'t_us': 1981359453, 'ax': -0.1, 'ay': 0.39, 'az': 0.74, 'gx': 20.92, 'gy': 33.82, 'gz': -11.86}, {'t_us': 1981374068, 'ax': -0.18, 'ay': 0.43, 'az': 0.78, 'gx': 25.76, 'gy': 30.37, 'gz': -10.72}, {'t_us': 1981393300, 'ax': -0.16, 'ay': 0.48, 'az': 0.81, 'gx': 21.36, 'gy': 22.53, 'gz': -7.69}, {'t_us': 1981413317, 'ax': -0.13, 'ay': 0.48, 'az': 0.82, 'gx': 11.11, 'gy': 11.85, 'gz': -2.41}, {'t_us': 1981433321, 'ax': -0.13, 'ay': 0.5, 'az': 0.79, 'gx': 5.22, 'gy': 4.21, 'gz': -2.5}]",2026-02-13 11:12:25,0.0
"[{'t_us': 1981457843, 'ax': -0.16, 'ay': 0.47, 'az': 0.83, 'gx': 1.11, 'gy': -0.41, 'gz': -2.0}, {'t_us': 1981473301, 'ax': -0.1, 'ay': 0.45, 'az': 0.81, 'gx': -2.14, 'gy': -2.27, 'gz': -1.08}, {'t_us': 1981493310, 'ax': -0.1, 'ay': 0.45, 'az': 0.81, 'gx': -5.16, 'gy': -1.98, 'gz': 0.98}, {'t_us': 1981513279, 'ax': -0.07, 'ay': 0.45, 'az': 0.83, 'gx': -7.28, 'gy': -0.96, 'gz': 0.41}, {'t_us': 1981533274, 'ax': -0.07, 'ay': 0.41, 'az': 0.86, 'gx': -9.83, 'gy': 5.28, 'gz': 0.32}]",2026-02-13 11:12:25,0.0
"[{'t_us': 1981559937, 'ax': -0.07, 'ay': 0.38, 'az': 0.88, 'gx': -10.53, 'gy': 4.99, 'gz': -0.06}, {'t_us': 1981573274, 'ax': -0.07, 'ay': 0.36, 'az': 0.86, 'gx': -7.76, 'gy': 5.19, 'gz': 0.55}, {'t_us': 1981593279, 'ax': -0.07, 'ay': 0.33, 'az': 0.84, 'gx': -2.35, 'gy': 4.82, 'gz': 0.21}, {'t_us': 1981613310, 'ax': -0.04, 'ay': 0.36, 'az': 0.9, 'gx': -1.08, 'gy': 10.52, 'gz': -0.15}, {'t_us': 1981633300, 'ax': -0.12, 'ay': 0.38, 'az': 0.87, 'gx': -5.76, 'gy': 8.44, 'gz': -0.27}]",2026-02-13 11:12:25,0.0
"[{'t_us': 1981659690, 'ax': -0.1, 'ay': 0.34, 'az': 0.83, 'gx': -9.56, 'gy': 1.53, 'gz': -1.24}, {'t_us': 1981673300, 'ax': -0.08, 'ay': 0.33, 'az': 0.82, 'gx': -9.5, 'gy': 1.11, 'gz': -1.08}, {'t_us': 1981693310, 'ax': -0.08, 'ay': 0.3, 'az': 0.82, 'gx': -7.3, 'gy': 2.18, 'gz': -0.06}, {'t_us': 1981713267, 'ax': -0.1, 'ay': 0.32, 'az': 0.81, 'gx': -5.68, 'gy': 1.39, 'gz': -0.61}, {'t_us': 1981733317, 'ax': -0.08, 'ay': 0.32, 'az': 0.83, 'gx': -4.5, 'gy': 3.11, 'gz': -0.85}]",2026-02-13 11:12:25,0.0
"[{'t_us': 1981759632, 'ax': -0.09, 'ay': 0.34, 'az': 0.82, 'gx': -3.31, 'gy': 8.02, 'gz': -0.93}, {'t_us': 1981773321, 'ax': -0.09, 'ay': 0.35, 'az': 0.81, 'gx': -2.09, 'gy': 7.89, 'gz': -0.49}, {'t_us': 1981793329, 'ax': -0.09, 'ay': 0.35, 'az': 0.83, 'gx': -1.63, 'gy': 5.95, 'gz': -0.12}, {'t_us': 1981813284, 'ax': -0.07, 'ay': 0.35, 'az': 0.83, 'gx': -2.44, 'gy': 5.39, 'gz': -0.78}, {'t_us': 1981833306, 'ax': -0.1, 'ay': 0.36, 'az': 0.84, 'gx': -1.79, 'gy': 8.32, 'gz': -0.84}]",2026-02-13 11:12:25,0.0
"[{'t_us': 1981859701, 'ax': -0.11, 'ay': 0.38, 'az': 0.83, 'gx': -4.58, 'gy': 4.06, 'gz': -1.05}, {'t_us': 1981873321, 'ax': -0.1, 'ay': 0.38, 'az': 0.85, 'gx': -4.14, 'gy': 5.02, 'gz': -0.98}, {'t_us': 1981893329, 'ax': -0.09, 'ay': 0.37, 'az': 0.84, 'gx': -4.21, 'gy': 3.36, 'gz': -0.47}, {'t_us': 1981913343, 'ax': -0.1, 'ay': 0.38, 'az': 0.85, 'gx': -4.34, 'gy': 5.01, 'gz': -0.79}, {'t_us': 1981933285, 'ax': -0.12, 'ay': 0.36, 'az': 0.87, 'gx': -4.52, 'gy': 7.24, 'gz': 0.84}]",2026-02-13 11:12:25,0.0
"[{'t_us': 1981958220, 'ax': -0.11, 'ay': 0.38, 'az': 0.84, 'gx': -3.65, 'gy': 0.43, 'gz': -0.79}, {'t_us': 1981973292, 'ax': -0.11, 'ay': 0.37, 'az': 0.82, 'gx': -2.92, 'gy': -1.74, 'gz': -0.18}, {'t_us': 1981993292, 'ax': -0.13, 'ay': 0.37, 'az': 0.81, 'gx': -1.5, 'gy': -2.58, 'gz': -0.29}, {'t_us': 1982013321, 'ax': -0.08, 'ay': 0.39, 'az': 0.84, 'gx': -0.03, 'gy': -0.58, 'gz': -0.47}, {'t_us': 1982033267, 'ax': -0.14, 'ay': 0.35, 'az': 0.82, 'gx': 1.22, 'gy': 1.79, 'gz': -2.35}]",2026-02-13 11:12:25,0.0
"[{'t_us': 1982057764, 'ax': -0.12, 'ay': 0.36, 'az': 0.84, 'gx': -2.27, 'gy': -7.76, 'gz': 0.24}, {'t_us': 1982073270, 'ax': -0.06, 'ay': 0.38, 'az': 0.86, 'gx': -1.77, 'gy': -4.11, 'gz': -0.17}, {'t_us': 1982093270, 'ax': -0.1, 'ay': 0.4, 'az': 0.85, 'gx': -3.4, 'gy': 6.4, 'gz': -3.18}, {'t_us': 1982113306, 'ax': -0.1, 'ay': 0.35, 'az': 0.84, 'gx': -3.48, 'gy': 12.5, 'gz': -2.72}, {'t_us': 1982133273, 'ax': -0.07, 'ay': 0.37, 'az': 0.87, 'gx': -4.79, 'gy': 3.4, 'gz': -2.82}]",2026-02-13 11:12:26,0.0
"[{'t_us': 1982160019, 'ax': -0.08, 'ay': 0.33, 'az': 0.83, 'gx': -3.16, 'gy': 6.82, 'gz': -6.53}, {'t_us': 1982173333, 'ax': -0.08, 'ay': 0.34, 'az': 0.8, 'gx': -1.3, 'gy': 8.24, 'gz': -4.99}, {'t_us': 1982193300, 'ax': -0.1, 'ay': 0.36, 'az': 0.82, 'gx': -1.31, 'gy': 13.85, 'gz': -6.38}, {'t_us': 1982213276, 'ax': -0.09, 'ay': 0.36, 'az': 0.83, 'gx': -3.68, 'gy': 6.05, 'gz': -6.03}, {'t_us': 1982233271, 'ax': -0.09, 'ay': 0.36, 'az': 0.85, 'gx': -3.07, 'gy': 15.11, 'gz': -8.43}]",2026-02-13 11:12:26,0.0
"[{'t_us': 1982258182, 'ax': -0.14, 'ay': 0.36, 'az': 0.81, 'gx': -2.56, 'gy': 13.74, 'gz': -6.29}, {'t_us': 1982273270, 'ax': -0.14, 'ay': 0.37, 'az': 0.83, 'gx': -3.62, 'gy': 15.18, 'gz': -6.08}, {'t_us': 1982293306, 'ax': -0.11, 'ay': 0.35, 'az': 0.82, 'gx': -2.46, 'gy': 14.44, 'gz': -7.39}, {'t_us': 1982313267, 'ax': -0.09, 'ay': 0.35, 'az': 0.88, 'gx': -4.23, 'gy': 16.78, 'gz': -6.99}, {'t_us': 1982333267, 'ax': -0.07, 'ay': 0.41, 'az': 0.89, 'gx': -6.35, 'gy': 19.6, 'gz': -4.87}]",2026-02-13 11:12:26,0.0
"[{'t_us': 1982360009, 'ax': -0.17, 'ay': 0.38, 'az': 0.84, 'gx': -4.78, 'gy': 24.06, 'gz': -5.79}, {'t_us': 1982373274, 'ax': -0.19, 'ay': 0.36, 'az': 0.86, 'gx': -4.44, 'gy': 30.7, 'gz': -5.62}, {'t_us': 1982393300, 'ax': -0.2, 'ay': 0.38, 'az': 0.86, 'gx': -5.92, 'gy': 33.95, 'gz': -6.41}, {'t_us': 1982413300, 'ax': -0.2, 'ay': 0.38, 'az': 0.88, 'gx': -8.24, 'gy': 31.07, 'gz': -2.2}, {'t_us': 1982433292, 'ax': -0.21, 'ay': 0.36, 'az': 0.87, 'gx': -11.88, 'gy': 26.76, 'gz': 0.29}]",2026-02-13 11:12:26,0.0
"[{'t_us': 1982457791, 'ax': -0.2, 'ay': 0.34, 'az': 0.9, 'gx': -12.92, 'gy': 37.28, 'gz': -2.67}, {'t_us': 1982473329, 'ax': -0.21, 'ay': 0.37, 'az': 0.85, 'gx': -13.59, 'gy': 35.39, 'gz': -6.52}, {'t_us': 1982493333, 'ax': -0.14, 'ay': 0.36, 'az': 0.78, 'gx': -9.37, 'gy': 27.56, 'gz': -8.9}, {'t_us': 1982513300, 'ax': -0.11, 'ay': 0.33, 'az': 0.79, 'gx': -6.37, 'gy': 24.76, 'gz': -5.88}, {'t_us': 1982533292, 'ax': -0.19, 'ay': 0.35, 'az': 0.79, 'gx': -4.69, 'gy': 25.39, 'gz': -7.05}]",2026-02-13 11:12:26,0.0
"[{'t_us': 1982559675, 'ax': -0.22, 'ay': 0.39, 'az': 0.84, 'gx': -5.5, 'gy': 20.56, 'gz': -9.57}, {'t_us': 1982573279, 'ax': -0.24, 'ay': 0.36, 'az': 0.82, 'gx': -8.69, 'gy': 17.76, 'gz': -11.47}, {'t_us': 1982593310, 'ax': -0.17, 'ay': 0.34, 'az': 0.78, 'gx': -7.85, 'gy': 16.56, 'gz': -8.7}, {'t_us': 1982613345, 'ax': -0.18, 'ay': 0.32, 'az': 0.78, 'gx': -6.4, 'gy': 15.44, 'gz': -3.11}, {'t_us': 1982633300, 'ax': -0.24, 'ay': 0.33, 'az': 0.8, 'gx': -7.18, 'gy': 16.14, 'gz': -3.45}]",2026-02-13 11:12:26,0.0
"[{'t_us': 1982660056, 'ax': -0.28, 'ay': 0.31, 'az': 0.82, 'gx': -9.66, 'gy': 19.16, 'gz': -3.88}, {'t_us': 1982673279, 'ax': -0.29, 'ay': 0.28, 'az': 0.81, 'gx': -10.95, 'gy': 15.97, 'gz': -3.86}, {'t_us': 1982693321, 'ax': -0.28, 'ay': 0.28, 'az': 0.76, 'gx': -8.43, 'gy': 15.85, 'gz': -1.66}, {'t_us': 1982713317, 'ax': -0.21, 'ay': 0.27, 'az': 0.8, 'gx': -6.37, 'gy': 10.81, 'gz': 0.12}, {'t_us': 1982733329, 'ax': -0.29, 'ay': 0.28, 'az': 0.79, 'gx': -1.48, 'gy': 16.32, 'gz': -0.43}]",2026-02-13 11:12:26,0.0
"[{'t_us': 1982758352, 'ax': -0.28, 'ay': 0.3, 'az': 0.84, 'gx': -3.53, 'gy': 10.99, 'gz': 1.05}, {'t_us': 1982773317, 'ax': -0.29, 'ay': 0.31, 'az': 0.81, 'gx': -4.17, 'gy': 9.82, 'gz': -0.38}, {'t_us': 1982793329, 'ax': -0.3, 'ay': 0.34, 'az': 0.8, 'gx': -2.31, 'gy': 9.5, 'gz': -0.55}, {'t_us': 1982813284, 'ax': -0.21, 'ay': 0.31, 'az': 0.81, 'gx': -2.4, 'gy': 4.05, 'gz': -1.01}, {'t_us': 1982833284, 'ax': -0.24, 'ay': 0.33, 'az': 0.79, 'gx': 0.58, 'gy': 10.11, 'gz': 0.24}]",2026-02-13 11:12:26,0.0
"[{'t_us': 1982859929, 'ax': -0.27, 'ay': 0.35, 'az': 0.8, 'gx': 1.31, 'gy': 5.33, 'gz': 0.53}, {'t_us': 1982873328, 'ax': -0.27, 'ay': 0.35, 'az': 0.8, 'gx': -0.81, 'gy': 4.44, 'gz': 0.29}, {'t_us': 1982893326, 'ax': -0.27, 'ay': 0.35, 'az': 0.78, 'gx': -4.55, 'gy': 4.32, 'gz': -0.32}, {'t_us': 1982913279, 'ax': -0.25, 'ay': 0.34, 'az': 0.78, 'gx': -4.66, 'gy': 2.41, 'gz': 1.89}, {'t_us': 1982933321, 'ax': -0.25, 'ay': 0.35, 'az': 0.79, 'gx': -4.52, 'gy': 3.37, 'gz': -0.2}]",2026-02-13 11:12:26,0.0
"[{'t_us': 1982960066, 'ax': -0.26, 'ay': 0.33, 'az': 0.79, 'gx': -5.63, 'gy': 5.76, 'gz': 1.24}, {'t_us': 1982973274, 'ax': -0.29, 'ay': 0.31, 'az': 0.76, 'gx': -5.07, 'gy': 4.34, 'gz': 0.03}, {'t_us': 1982993292, 'ax': -0.24, 'ay': 0.32, 'az': 0.79, 'gx': -3.88, 'gy': 3.79, 'gz': 1.02}, {'t_us': 1983013284, 'ax': -0.29, 'ay': 0.31, 'az': 0.79, 'gx': -3.91, 'gy': 0.6, 'gz': -0.31}, {'t_us': 1983033317, 'ax': -0.3, 'ay': 0.31, 'az': 0.84, 'gx': -4.14, 'gy': 3.16, 'gz': -1.89}]",2026-02-13 11:12:26,0.0
"[{'t_us': 1983060783, 'ax': -0.28, 'ay': 0.31, 'az': 0.82, 'gx': -4.03, 'gy': 3.4, 'gz': -0.5}, {'t_us': 1983073270, 'ax': -0.27, 'ay': 0.32, 'az': 0.84, 'gx': -3.92, 'gy': 6.63, 'gz': 0.27}, {'t_us': 1983093270, 'ax': -0.32, 'ay': 0.33, 'az': 0.82, 'gx': -3.86, 'gy': 9.05, 'gz': 0.32}, {'t_us': 1983113306, 'ax': -0.32, 'ay': 0.3, 'az': 0.81, 'gx': -3.59, 'gy': 3.37, 'gz': 0.78}, {'t_us': 1983133274, 'ax': -0.31, 'ay': 0.32, 'az': 0.8, 'gx': -2.53, 'gy': -1.65, 'gz': 1.24}]",2026-02-13 11:12:26,0.0
"[{'t_us': 1983162175, 'ax': -0.3, 'ay': 0.3, 'az': 0.84, 'gx': -3.21, 'gy': 2.72, 'gz': 0.75}, {'t_us': 1983174458, 'ax': -0.32, 'ay': 0.32, 'az': 0.82, 'gx': -4.08, 'gy': -0.08, 'gz': 3.13}, {'t_us': 1983193329, 'ax': -0.25, 'ay': 0.31, 'az': 0.8, 'gx': -3.15, 'gy': -3.83, 'gz': 0.66}, {'t_us': 1983213284, 'ax': -0.25, 'ay': 0.33, 'az': 0.78, 'gx': -2.44, 'gy': 1.22, 'gz': 0.79}, {'t_us': 1983233292, 'ax': -0.27, 'ay': 0.36, 'az': 0.8, 'gx': -2.7, 'gy': -1.31, 'gz': -1.95}]",2026-02-13 11:12:27,0.0
"[{'t_us': 1983258440, 'ax': -0.22, 'ay': 0.31, 'az': 0.78, 'gx': -3.48, 'gy': -2.29, 'gz': -2.55}, {'t_us': 1983273278, 'ax': -0.24, 'ay': 0.33, 'az': 0.79, 'gx': -0.89, 'gy': 2.27, 'gz': -0.87}, {'t_us': 1983293279, 'ax': -0.24, 'ay': 0.34, 'az': 0.78, 'gx': -0.41, 'gy': 1.92, 'gz': 0.14}, {'t_us': 1983313310, 'ax': -0.26, 'ay': 0.32, 'az': 0.79, 'gx': -1.36, 'gy': 3.44, 'gz': 0.82}, {'t_us': 1983333274, 'ax': -0.28, 'ay': 0.33, 'az': 0.79, 'gx': -2.0, 'gy': 3.98, 'gz': 1.57}]",2026-02-13 11:12:27,0.0
"[{'t_us': 1983359465, 'ax': -0.28, 'ay': 0.36, 'az': 0.78, 'gx': -3.89, 'gy': -0.52, 'gz': 0.84}, {'t_us': 1983373279, 'ax': -0.27, 'ay': 0.35, 'az': 0.78, 'gx': -4.12, 'gy': -1.66, 'gz': 0.99}, {'t_us': 1983393310, 'ax': -0.27, 'ay': 0.34, 'az': 0.79, 'gx': -3.62, 'gy': -0.92, 'gz': 1.48}, {'t_us': 1983413267, 'ax': -0.29, 'ay': 0.34, 'az': 0.81, 'gx': -4.37, 'gy': -1.1, 'gz': 1.74}, {'t_us': 1983433279, 'ax': -0.29, 'ay': 0.34, 'az': 0.81, 'gx': -3.73, 'gy': 0.17, 'gz': 0.92}]",2026-02-13 11:12:27,0.0
"[{'t_us': 1983460096, 'ax': -0.27, 'ay': 0.33, 'az': 0.82, 'gx': -3.22, 'gy': 1.33, 'gz': 0.21}, {'t_us': 1983473270, 'ax': -0.27, 'ay': 0.33, 'az': 0.81, 'gx': -3.74, 'gy': 0.75, 'gz': 0.09}, {'t_us': 1983493326, 'ax': -0.27, 'ay': 0.33, 'az': 0.82, 'gx': -5.01, 'gy': -0.11, 'gz': -0.6}, {'t_us': 1983513329, 'ax': -0.27, 'ay': 0.32, 'az': 0.83, 'gx': -4.81, 'gy': 1.39, 'gz': -0.44}, {'t_us': 1983533284, 'ax': -0.27, 'ay': 0.33, 'az': 0.83, 'gx': -4.66, 'gy': 3.88, 'gz': -0.14}]",2026-02-13 11:12:27,0.0
"[{'t_us': 1983559845, 'ax': -0.25, 'ay': 0.33, 'az': 0.81, 'gx': -3.57, 'gy': 3.85, 'gz': 0.05}, {'t_us': 1983573659, 'ax': -0.26, 'ay': 0.32, 'az': 0.81, 'gx': -3.98, 'gy': 3.4, 'gz': -0.14}, {'t_us': 1983593274, 'ax': -0.26, 'ay': 0.29, 'az': 0.81, 'gx': -3.24, 'gy': 3.71, 'gz': -0.06}, {'t_us': 1983613267, 'ax': -0.25, 'ay': 0.32, 'az': 0.81, 'gx': -2.55, 'gy': 3.57, 'gz': -0.47}, {'t_us': 1983633286, 'ax': -0.26, 'ay': 0.33, 'az': 0.83, 'gx': -2.6, 'gy': 6.76, 'gz': -0.7}]",2026-02-13 11:12:27,0.0
"[{'t_us': 1983659224, 'ax': -0.25, 'ay': 0.31, 'az': 0.8, 'gx': -2.34, 'gy': 5.92, 'gz': -0.43}, {'t_us': 1983673317, 'ax': -0.26, 'ay': 0.32, 'az': 0.81, 'gx': -2.26, 'gy': 4.61, 'gz': -0.29}, {'t_us': 1983693321, 'ax': -0.27, 'ay': 0.33, 'az': 0.8, 'gx': -1.89, 'gy': 5.57, 'gz': -0.52}, {'t_us': 1983713274, 'ax': -0.28, 'ay': 0.33, 'az': 0.79, 'gx': -1.73, 'gy': 3.1, 'gz': -0.17}, {'t_us': 1983733321, 'ax': -0.27, 'ay': 0.33, 'az': 0.78, 'gx': -1.34, 'gy': 0.58, 'gz': 0.05}]",2026-02-13 11:12:27,0.0
"[{'t_us': 1983757932, 'ax': -0.29, 'ay': 0.32, 'az': 0.81, 'gx': -2.27, 'gy': 5.85, 'gz': 0.64}, {'t_us': 1983773284, 'ax': -0.28, 'ay': 0.34, 'az': 0.8, 'gx': -3.57, 'gy': 2.55, 'gz': -0.34}, {'t_us': 1983793300, 'ax': -0.27, 'ay': 0.35, 'az': 0.81, 'gx': -2.63, 'gy': 0.72, 'gz': -0.84}, {'t_us': 1983813310, 'ax': -0.25, 'ay': 0.32, 'az': 0.81, 'gx': -2.92, 'gy': 1.94, 'gz': 0.05}, {'t_us': 1983833267, 'ax': -0.24, 'ay': 0.34, 'az': 0.8, 'gx': -3.48, 'gy': 1.91, 'gz': 1.05}]",2026-02-13 11:12:27,0.0
"[{'t_us': 1983859899, 'ax': -0.25, 'ay': 0.33, 'az': 0.79, 'gx': -3.15, 'gy': 1.47, 'gz': 2.35}, {'t_us': 1983873292, 'ax': -0.26, 'ay': 0.33, 'az': 0.81, 'gx': -2.92, 'gy': 1.82, 'gz': 2.85}, {'t_us': 1983893326, 'ax': -0.26, 'ay': 0.33, 'az': 0.83, 'gx': -3.39, 'gy': 2.26, 'gz': 2.21}, {'t_us': 1983913321, 'ax': -0.26, 'ay': 0.34, 'az': 0.83, 'gx': -4.96, 'gy': 2.73, 'gz': 0.79}, {'t_us': 1983933270, 'ax': -0.28, 'ay': 0.32, 'az': 0.81, 'gx': -5.15, 'gy': 2.02, 'gz': 0.05}]",2026-02-13 11:12:27,0.0
"[{'t_us': 1983957564, 'ax': -0.26, 'ay': 0.32, 'az': 0.81, 'gx': -4.08, 'gy': 0.41, 'gz': -0.37}, {'t_us': 1983973270, 'ax': -0.26, 'ay': 0.32, 'az': 0.8, 'gx': -3.47, 'gy': 1.24, 'gz': 0.27}, {'t_us': 1983993306, 'ax': -0.26, 'ay': 0.33, 'az': 0.81, 'gx': -3.79, 'gy': -0.2, 'gz': 0.72}, {'t_us': 1984013333, 'ax': -0.26, 'ay': 0.34, 'az': 0.79, 'gx': -5.45, 'gy': -1.44, 'gz': 1.13}, {'t_us': 1984033317, 'ax': -0.25, 'ay': 0.34, 'az': 0.81, 'gx': -5.4, 'gy': -2.56, 'gz': 0.78}]",2026-02-13 11:12:27,0.0
"[{'t_us': 1984059351, 'ax': -0.25, 'ay': 0.34, 'az': 0.82, 'gx': -4.84, 'gy': -0.32, 'gz': -0.56}, {'t_us': 1984073313, 'ax': -0.25, 'ay': 0.33, 'az': 0.83, 'gx': -4.99, 'gy': 1.6, 'gz': -0.41}, {'t_us': 1984093321, 'ax': -0.25, 'ay': 0.31, 'az': 0.8, 'gx': -3.77, 'gy': 2.34, 'gz': -0.2}, {'t_us': 1984113274, 'ax': -0.25, 'ay': 0.33, 'az': 0.83, 'gx': -2.35, 'gy': 2.81, 'gz': 0.15}, {'t_us': 1984133274, 'ax': -0.25, 'ay': 0.33, 'az': 0.83, 'gx': -2.43, 'gy': 2.78, 'gz': 0.23}]",2026-02-13 11:12:27,0.0
"[{'t_us': 1984157873, 'ax': -0.26, 'ay': 0.34, 'az': 0.85, 'gx': -4.18, 'gy': 4.03, 'gz': -0.05}, {'t_us': 1984173311, 'ax': -0.25, 'ay': 0.32, 'az': 0.82, 'gx': -4.66, 'gy': 4.08, 'gz': -0.26}, {'t_us': 1984193300, 'ax': -0.25, 'ay': 0.32, 'az': 0.81, 'gx': -4.15, 'gy': 3.3, 'gz': -0.32}, {'t_us': 1984213329, 'ax': -0.25, 'ay': 0.32, 'az': 0.81, 'gx': -3.15, 'gy': 1.97, 'gz': -0.17}, {'t_us': 1984233306, 'ax': -0.24, 'ay': 0.33, 'az': 0.82, 'gx': -2.43, 'gy': 3.28, 'gz': -0.14}]",2026-02-13 11:12:28,0.0
"[{'t_us': 1984259853, 'ax': -0.27, 'ay': 0.33, 'az': 0.81, 'gx': -3.02, 'gy': 3.54, 'gz': -0.15}, {'t_us': 1984273267, 'ax': -0.24, 'ay': 0.33, 'az': 0.82, 'gx': -3.04, 'gy': 3.04, 'gz': -0.06}, {'t_us': 1984293292, 'ax': -0.25, 'ay': 0.33, 'az': 0.82, 'gx': -3.21, 'gy': 3.85, 'gz': -0.24}, {'t_us': 1984313321, 'ax': -0.26, 'ay': 0.33, 'az': 0.8, 'gx': -3.19, 'gy': 4.17, 'gz': -0.34}, {'t_us': 1984333310, 'ax': -0.26, 'ay': 0.33, 'az': 0.81, 'gx': -3.19, 'gy': 2.4, 'gz': -0.35}]",2026-02-13 11:12:28,0.0
"[{'t_us': 1984358099, 'ax': -0.26, 'ay': 0.33, 'az': 0.79, 'gx': -2.14, 'gy': 0.44, 'gz': 0.02}, {'t_us': 1984373310, 'ax': -0.25, 'ay': 0.33, 'az': 0.82, 'gx': -2.18, 'gy': 2.81, 'gz': -0.31}, {'t_us': 1984393274, 'ax': -0.26, 'ay': 0.33, 'az': 0.81, 'gx': -4.56, 'gy': 4.0, 'gz': -0.5}, {'t_us': 1984413310, 'ax': -0.25, 'ay': 0.32, 'az': 0.8, 'gx': -3.24, 'gy': 2.78, 'gz': -0.29}, {'t_us': 1984433321, 'ax': -0.24, 'ay': 0.33, 'az': 0.82, 'gx': -2.85, 'gy': 2.96, 'gz': 0.08}]",2026-02-13 11:12:28,0.0
"[{'t_us': 1984459374, 'ax': -0.24, 'ay': 0.33, 'az': 0.81, 'gx': -3.8, 'gy': 1.88, 'gz': 0.09}, {'t_us': 1984473306, 'ax': -0.25, 'ay': 0.33, 'az': 0.8, 'gx': -3.82, 'gy': 0.82, 'gz': 0.17}, {'t_us': 1984493321, 'ax': -0.24, 'ay': 0.33, 'az': 0.81, 'gx': -3.65, 'gy': 0.95, 'gz': 0.18}, {'t_us': 1984513274, 'ax': -0.25, 'ay': 0.33, 'az': 0.82, 'gx': -3.71, 'gy': 1.02, 'gz': 0.2}, {'t_us': 1984533317, 'ax': -0.25, 'ay': 0.33, 'az': 0.82, 'gx': -4.27, 'gy': 1.36, 'gz': 0.2}]",2026-02-13 11:12:28,0.0
"[{'t_us': 1984559494, 'ax': -0.25, 'ay': 0.33, 'az': 0.82, 'gx': -3.57, 'gy': 3.66, 'gz': 0.12}, {'t_us': 1984573292, 'ax': -0.26, 'ay': 0.33, 'az': 0.82, 'gx': -3.69, 'gy': 3.01, 'gz': -0.21}, {'t_us': 1984593329, 'ax': -0.25, 'ay': 0.32, 'az': 0.81, 'gx': -3.45, 'gy': 2.47, 'gz': -0.27}, {'t_us': 1984613284, 'ax': -0.25, 'ay': 0.33, 'az': 0.81, 'gx': -3.01, 'gy': 2.11, 'gz': -0.31}, {'t_us': 1984633306, 'ax': -0.25, 'ay': 0.32, 'az': 0.82, 'gx': -3.44, 'gy': 2.56, 'gz': -0.09}]",2026-02-13 11:12:28,0.0
"[{'t_us': 1984659459, 'ax': -0.25, 'ay': 0.34, 'az': 0.81, 'gx': -3.39, 'gy': 3.69, 'gz': -0.08}, {'t_us': 1984673272, 'ax': -0.25, 'ay': 0.32, 'az': 0.82, 'gx': -3.13, 'gy': 3.59, 'gz': -0.12}, {'t_us': 1984693324, 'ax': -0.25, 'ay': 0.32, 'az': 0.81, 'gx': -3.27, 'gy': 2.93, 'gz': -0.2}, {'t_us': 1984713306, 'ax': -0.25, 'ay': 0.33, 'az': 0.81, 'gx': -3.34, 'gy': 2.96, 'gz': -0.15}, {'t_us': 1984733326, 'ax': -0.25, 'ay': 0.32, 'az': 0.82, 'gx': -2.98, 'gy': 3.39, 'gz': -0.09}]",2026-02-13 11:12:28,0.0
"[{'t_us': 1984759888, 'ax': -0.24, 'ay': 0.33, 'az': 0.82, 'gx': -3.1, 'gy': 2.76, 'gz': 0.18}, {'t_us': 1984773292, 'ax': -0.24, 'ay': 0.33, 'az': 0.82, 'gx': -3.63, 'gy': 3.08, 'gz': -0.15}, {'t_us': 1984793326, 'ax': -0.25, 'ay': 0.33, 'az': 0.81, 'gx': -4.08, 'gy': 3.83, 'gz': -0.38}, {'t_us': 1984813279, 'ax': -0.25, 'ay': 0.33, 'az': 0.81, 'gx': -3.62, 'gy': 3.92, 'gz': -0.38}, {'t_us': 1984833267, 'ax': -0.25, 'ay': 0.33, 'az': 0.82, 'gx': -3.76, 'gy': 3.82, 'gz': -0.24}]",2026-02-13 11:12:28,0.0
"[{'t_us': 1984858032, 'ax': -0.25, 'ay': 0.33, 'az': 0.81, 'gx': -3.88, 'gy': 3.71, 'gz': -0.37}, {'t_us': 1984873326, 'ax': -0.24, 'ay': 0.33, 'az': 0.81, 'gx': -3.47, 'gy': 2.82, 'gz': 0.02}, {'t_us': 1984893278, 'ax': -0.24, 'ay': 0.33, 'az': 0.82, 'gx': -3.31, 'gy': 2.84, 'gz': -0.15}, {'t_us': 1984913267, 'ax': -0.25, 'ay': 0.33, 'az': 0.82, 'gx': -3.13, 'gy': 4.15, 'gz': -0.02}, {'t_us': 1984933326, 'ax': -0.25, 'ay': 0.33, 'az': 0.83, 'gx': -3.37, 'gy': 4.46, 'gz': -0.15}]",2026-02-13 11:12:28,0.0
"[{'t_us': 1984957903, 'ax': -0.25, 'ay': 0.32, 'az': 0.81, 'gx': -2.72, 'gy': 5.56, 'gz': -0.26}, {'t_us': 1984973284, 'ax': -0.26, 'ay': 0.33, 'az': 0.82, 'gx': -2.75, 'gy': 4.63, 'gz': -0.61}, {'t_us': 1984993306, 'ax': -0.25, 'ay': 0.33, 'az': 0.8, 'gx': -2.52, 'gy': 1.18, 'gz': -0.18}, {'t_us': 1985013306, 'ax': -0.24, 'ay': 0.32, 'az': 0.82, 'gx': -1.92, 'gy': 3.21, 'gz': 0.24}, {'t_us': 1985033334, 'ax': -0.25, 'ay': 0.32, 'az': 0.83, 'gx': -4.29, 'gy': 4.29, 'gz': -0.2}]",2026-02-13 11:12:28,0.0
"[{'t_us': 1985059801, 'ax': -0.24, 'ay': 0.33, 'az': 0.81, 'gx': -3.19, 'gy': 3.5, 'gz': -0.03}, {'t_us': 1985073285, 'ax': -0.24, 'ay': 0.33, 'az': 0.81, 'gx': -3.36, 'gy': 4.49, 'gz': -0.06}, {'t_us': 1985093292, 'ax': -0.24, 'ay': 0.33, 'az': 0.8, 'gx': -3.39, 'gy': 4.0, 'gz': -0.08}, {'t_us': 1985113300, 'ax': -0.25, 'ay': 0.33, 'az': 0.8, 'gx': -3.02, 'gy': 3.74, 'gz': 0.12}, {'t_us': 1985133317, 'ax': -0.25, 'ay': 0.33, 'az': 0.81, 'gx': -3.21, 'gy': 3.54, 'gz': 0.09}]",2026-02-13 11:12:28,0.0
"[{'t_us': 1985159781, 'ax': -0.24, 'ay': 0.33, 'az': 0.82, 'gx': -3.88, 'gy': 3.88, 'gz': -0.06}, {'t_us': 1985173321, 'ax': -0.24, 'ay': 0.33, 'az': 0.82, 'gx': -4.0, 'gy': 3.68, 'gz': 0.0}, {'t_us': 1985193274, 'ax': -0.25, 'ay': 0.33, 'az': 0.82, 'gx': -3.54, 'gy': 5.01, 'gz': -0.18}, {'t_us': 1985213333, 'ax': -0.26, 'ay': 0.32, 'az': 0.8, 'gx': -3.48, 'gy': 3.54, 'gz': -0.35}, {'t_us': 1985233267, 'ax': -0.24, 'ay': 0.32, 'az': 0.8, 'gx': -3.16, 'gy': 3.28, 'gz': -0.14}]",2026-02-13 11:12:29,0.0
"[{'t_us': 1985257887, 'ax': -0.25, 'ay': 0.32, 'az': 0.81, 'gx': -2.44, 'gy': 3.47, 'gz': -0.14}, {'t_us': 1985273329, 'ax': -0.25, 'ay': 0.32, 'az': 0.82, 'gx': -2.72, 'gy': 3.59, 'gz': -0.05}, {'t_us': 1985293333, 'ax': -0.25, 'ay': 0.33, 'az': 0.81, 'gx': -3.27, 'gy': 3.77, 'gz': -0.18}, {'t_us': 1985313321, 'ax': -0.25, 'ay': 0.32, 'az': 0.8, 'gx': -2.81, 'gy': 3.56, 'gz': -0.05}, {'t_us': 1985333317, 'ax': -0.25, 'ay': 0.33, 'az': 0.81, 'gx': -2.56, 'gy': 2.67, 'gz': 0.12}]",2026-02-13 11:12:29,0.0
"[{'t_us': 1985359424, 'ax': -0.25, 'ay': 0.33, 'az': 0.82, 'gx': -3.15, 'gy': 2.61, 'gz': -0.09}, {'t_us': 1985373326, 'ax': -0.24, 'ay': 0.33, 'az': 0.82, 'gx': -3.44, 'gy': 3.34, 'gz': -0.21}, {'t_us': 1985393329, 'ax': -0.26, 'ay': 0.34, 'az': 0.82, 'gx': -2.93, 'gy': 3.01, 'gz': -0.03}, {'t_us': 1985413274, 'ax': -0.25, 'ay': 0.33, 'az': 0.81, 'gx': -2.73, 'gy': 3.11, 'gz': 0.11}, {'t_us': 1985433283, 'ax': -0.26, 'ay': 0.34, 'az': 0.81, 'gx': -2.87, 'gy': 3.6, 'gz': 0.12}]",2026-02-13 11:12:29,0.0
"[{'t_us': 1985457892, 'ax': -0.25, 'ay': 0.33, 'az': 0.81, 'gx': -3.33, 'gy': 3.51, 'gz': -0.09}, {'t_us': 1985473267, 'ax': -0.25, 'ay': 0.33, 'az': 0.82, 'gx': -3.25, 'gy': 3.88, 'gz': -0.21}, {'t_us': 1985493267, 'ax': -0.25, 'ay': 0.33, 'az': 0.82, 'gx': -3.47, 'gy': 3.8, 'gz': -0.14}, {'t_us': 1985513342, 'ax': -0.25, 'ay': 0.33, 'az': 0.81, 'gx': -3.54, 'gy': 3.73, 'gz': -0.12}, {'t_us': 1985533317, 'ax': -0.25, 'ay': 0.34, 'az': 0.81, 'gx': -4.0, 'gy': 2.56, 'gz': -0.11}]",2026-02-13 11:12:29,0.0
"[{'t_us': 1985559458, 'ax': -0.24, 'ay': 0.32, 'az': 0.8, 'gx': -3.5, 'gy': 2.06, 'gz': 0.06}, {'t_us': 1985573295, 'ax': -0.25, 'ay': 0.32, 'az': 0.81, 'gx': -3.54, 'gy': 2.06, 'gz': 0.11}, {'t_us': 1985593306, 'ax': -0.26, 'ay': 0.33, 'az': 0.82, 'gx': -3.34, 'gy': 3.25, 'gz': -0.05}, {'t_us': 1985613310, 'ax': -0.24, 'ay': 0.33, 'az': 0.81, 'gx': -3.19, 'gy': 3.13, 'gz': 0.06}, {'t_us': 1985633317, 'ax': -0.24, 'ay': 0.34, 'az': 0.82, 'gx': -3.19, 'gy': 4.03, 'gz': 0.17}]",2026-02-13 11:12:29,0.0
"[{'t_us': 1985657958, 'ax': -0.25, 'ay': 0.33, 'az': 0.81, 'gx': -2.89, 'gy': 4.09, 'gz': -0.06}, {'t_us': 1985673284, 'ax': -0.26, 'ay': 0.32, 'az': 0.8, 'gx': -2.38, 'gy': 2.79, 'gz': -0.31}, {'t_us': 1985693279, 'ax': -0.24, 'ay': 0.33, 'az': 0.8, 'gx': -1.15, 'gy': 0.32, 'gz': 0.18}, {'t_us': 1985713326, 'ax': -0.24, 'ay': 0.33, 'az': 0.82, 'gx': -2.64, 'gy': 3.59, 'gz': 0.0}, {'t_us': 1985733279, 'ax': -0.25, 'ay': 0.32, 'az': 0.81, 'gx': -3.39, 'gy': 2.6, 'gz': -0.34}]",2026-02-13 11:12:29,0.0
"[{'t_us': 1985757900, 'ax': -0.24, 'ay': 0.33, 'az': 0.83, 'gx': -1.79, 'gy': 4.12, 'gz': 0.12}, {'t_us': 1985773326, 'ax': -0.25, 'ay': 0.33, 'az': 0.82, 'gx': -2.78, 'gy': 4.27, 'gz': -0.09}, {'t_us': 1985793329, 'ax': -0.24, 'ay': 0.32, 'az': 0.8, 'gx': -3.45, 'gy': 2.76, 'gz': -0.2}, {'t_us': 1985813360, 'ax': -0.24, 'ay': 0.33, 'az': 0.79, 'gx': -3.1, 'gy': 1.79, 'gz': 0.24}, {'t_us': 1985833292, 'ax': -0.24, 'ay': 0.33, 'az': 0.81, 'gx': -2.66, 'gy': 2.17, 'gz': 0.4}]",2026-02-13 11:12:29,0.0
"[{'t_us': 1985859624, 'ax': -0.25, 'ay': 0.33, 'az': 0.81, 'gx': -2.93, 'gy': 3.19, 'gz': 0.56}, {'t_us': 1985873310, 'ax': -0.25, 'ay': 0.33, 'az': 0.81, 'gx': -3.01, 'gy': 2.87, 'gz': 0.49}, {'t_us': 1985893317, 'ax': -0.25, 'ay': 0.34, 'az': 0.81, 'gx': -3.57, 'gy': 3.74, 'gz': 0.49}, {'t_us': 1985913270, 'ax': -0.25, 'ay': 0.35, 'az': 0.82, 'gx': -4.12, 'gy': 4.2, 'gz': 0.08}, {'t_us': 1985933301, 'ax': -0.26, 'ay': 0.34, 'az': 0.82, 'gx': -4.44, 'gy': 3.36, 'gz': -0.05}]",2026-02-13 11:12:29,0.0
"[{'t_us': 1985959346, 'ax': -0.25, 'ay': 0.34, 'az': 0.8, 'gx': -2.79, 'gy': 2.37, 'gz': 0.27}, {'t_us': 1985973321, 'ax': -0.24, 'ay': 0.34, 'az': 0.81, 'gx': -2.73, 'gy': 1.74, 'gz': 0.2}, {'t_us': 1985993329, 'ax': -0.25, 'ay': 0.33, 'az': 0.81, 'gx': -2.84, 'gy': 1.47, 'gz': 0.02}, {'t_us': 1986013284, 'ax': -0.24, 'ay': 0.33, 'az': 0.82, 'gx': -3.59, 'gy': 2.26, 'gz': -0.4}, {'t_us': 1986033300, 'ax': -0.25, 'ay': 0.33, 'az': 0.82, 'gx': -3.33, 'gy': 3.05, 'gz': -0.4}]",2026-02-13 11:12:29,0.0
"[{'t_us': 1986059639, 'ax': -0.23, 'ay': 0.33, 'az': 0.82, 'gx': -3.48, 'gy': 2.37, 'gz': -0.14}, {'t_us': 1986073310, 'ax': -0.24, 'ay': 0.33, 'az': 0.81, 'gx': -3.4, 'gy': 2.4, 'gz': -0.03}, {'t_us': 1986093317, 'ax': -0.24, 'ay': 0.33, 'az': 0.81, 'gx': -3.62, 'gy': 2.12, 'gz': 0.26}, {'t_us': 1986113270, 'ax': -0.24, 'ay': 0.33, 'az': 0.81, 'gx': -3.63, 'gy': 1.74, 'gz': 0.02}, {'t_us': 1986133267, 'ax': -0.25, 'ay': 0.33, 'az': 0.81, 'gx': -4.32, 'gy': 1.34, 'gz': 0.02}]",2026-02-13 11:12:30,0.0
"[{'t_us': 1986159642, 'ax': -0.24, 'ay': 0.34, 'az': 0.79, 'gx': -4.73, 'gy': -0.49, 'gz': -0.27}, {'t_us': 1986173267, 'ax': -0.24, 'ay': 0.34, 'az': 0.8, 'gx': -4.18, 'gy': -0.75, 'gz': 0.03}, {'t_us': 1986193284, 'ax': -0.24, 'ay': 0.34, 'az': 0.82, 'gx': -4.34, 'gy': 0.09, 'gz': -0.26}, {'t_us': 1986213317, 'ax': -0.23, 'ay': 0.34, 'az': 0.84, 'gx': -4.24, 'gy': 2.29, 'gz': 0.03}, {'t_us': 1986233317, 'ax': -0.24, 'ay': 0.33, 'az': 0.82, 'gx': -3.92, 'gy': 3.88, 'gz': -0.08}]",2026-02-13 11:12:30,0.0
"[{'t_us': 1986259759, 'ax': -0.23, 'ay': 0.33, 'az': 0.82, 'gx': -3.37, 'gy': 3.04, 'gz': -0.06}, {'t_us': 1986273367, 'ax': -0.24, 'ay': 0.33, 'az': 0.82, 'gx': -3.13, 'gy': 2.4, 'gz': -0.15}, {'t_us': 1986293310, 'ax': -0.23, 'ay': 0.33, 'az': 0.82, 'gx': -3.48, 'gy': 2.56, 'gz': -0.02}, {'t_us': 1986313310, 'ax': -0.24, 'ay': 0.33, 'az': 0.83, 'gx': -3.28, 'gy': 3.85, 'gz': -0.44}, {'t_us': 1986333284, 'ax': -0.23, 'ay': 0.32, 'az': 0.83, 'gx': -2.89, 'gy': 4.66, 'gz': -0.37}]",2026-02-13 11:12:30,0.0
"[{'t_us': 1986357957, 'ax': -0.24, 'ay': 0.33, 'az': 0.82, 'gx': -2.76, 'gy': 5.24, 'gz': -0.18}, {'t_us': 1986373329, 'ax': -0.24, 'ay': 0.32, 'az': 0.8, 'gx': -2.29, 'gy': 4.61, 'gz': -0.24}, {'t_us': 1986393333, 'ax': -0.25, 'ay': 0.33, 'az': 0.8, 'gx': -2.21, 'gy': 1.69, 'gz': -0.17}, {'t_us': 1986413292, 'ax': -0.24, 'ay': 0.34, 'az': 0.8, 'gx': -1.92, 'gy': 1.76, 'gz': -0.03}, {'t_us': 1986433292, 'ax': -0.24, 'ay': 0.34, 'az': 0.83, 'gx': -4.21, 'gy': 3.66, 'gz': -0.43}]",2026-02-13 11:12:30,0.0
"[{'t_us': 1986457890, 'ax': -0.23, 'ay': 0.33, 'az': 0.79, 'gx': -3.4, 'gy': 2.2, 'gz': 0.08}, {'t_us': 1986473301, 'ax': -0.23, 'ay': 0.33, 'az': 0.81, 'gx': -3.18, 'gy': 2.66, 'gz': 0.14}, {'t_us': 1986493310, 'ax': -0.24, 'ay': 0.33, 'az': 0.81, 'gx': -4.17, 'gy': 1.28, 'gz': -0.05}, {'t_us': 1986513267, 'ax': -0.24, 'ay': 0.34, 'az': 0.78, 'gx': -5.6, 'gy': -2.53, 'gz': -0.34}, {'t_us': 1986533306, 'ax': -0.23, 'ay': 0.33, 'az': 0.77, 'gx': -6.27, 'gy': -7.37, 'gz': 0.2}]",2026-02-13 11:12:30,0.0
"[{'t_us': 1986559533, 'ax': -0.24, 'ay': 0.33, 'az': 0.78, 'gx': -6.46, 'gy': -8.56, 'gz': -0.2}, {'t_us': 1986573292, 'ax': -0.23, 'ay': 0.33, 'az': 0.79, 'gx': -4.73, 'gy': -10.09, 'gz': 0.26}, {'t_us': 1986593306, 'ax': -0.21, 'ay': 0.33, 'az': 0.86, 'gx': -3.65, 'gy': -4.92, 'gz': 0.4}, {'t_us': 1986613333, 'ax': -0.23, 'ay': 0.32, 'az': 0.87, 'gx': -4.81, 'gy': 0.06, 'gz': 0.21}, {'t_us': 1986633278, 'ax': -0.24, 'ay': 0.32, 'az': 0.83, 'gx': -4.82, 'gy': -1.15, 'gz': 0.26}]",2026-02-13 11:12:30,0.0
"[{'t_us': 1986660119, 'ax': -0.22, 'ay': 0.32, 'az': 0.8, 'gx': -3.33, 'gy': -4.2, 'gz': 0.43}, {'t_us': 1986673271, 'ax': -0.22, 'ay': 0.32, 'az': 0.82, 'gx': -2.31, 'gy': -3.25, 'gz': 0.41}, {'t_us': 1986693273, 'ax': -0.21, 'ay': 0.32, 'az': 0.84, 'gx': -1.86, 'gy': -1.77, 'gz': 0.34}, {'t_us': 1986713306, 'ax': -0.22, 'ay': 0.33, 'az': 0.86, 'gx': -2.41, 'gy': 1.05, 'gz': 0.27}, {'t_us': 1986733333, 'ax': -0.2, 'ay': 0.33, 'az': 0.86, 'gx': -3.82, 'gy': 2.84, 'gz': -0.08}]",2026-02-13 11:12:30,0.0
"[{'t_us': 1986759403, 'ax': -0.21, 'ay': 0.33, 'az': 0.82, 'gx': -2.9, 'gy': 2.75, 'gz': 0.14}, {'t_us': 1986773300, 'ax': -0.21, 'ay': 0.33, 'az': 0.82, 'gx': -2.64, 'gy': 3.16, 'gz': 0.18}, {'t_us': 1986793311, 'ax': -0.21, 'ay': 0.33, 'az': 0.82, 'gx': -2.52, 'gy': 4.92, 'gz': -0.26}, {'t_us': 1986813279, 'ax': -0.22, 'ay': 0.33, 'az': 0.82, 'gx': -3.33, 'gy': 4.41, 'gz': -0.35}, {'t_us': 1986833310, 'ax': -0.22, 'ay': 0.32, 'az': 0.82, 'gx': -3.42, 'gy': 4.15, 'gz': -0.29}]",2026-02-13 11:12:30,0.0
"[{'t_us': 1986873310, 'ax': -0.22, 'ay': 0.33, 'az': 0.82, 'gx': -3.25, 'gy': 5.11, 'gz': -0.14}, {'t_us': 1986893329, 'ax': -0.22, 'ay': 0.32, 'az': 0.82, 'gx': -3.28, 'gy': 4.18, 'gz': -0.34}, {'t_us': 1986913284, 'ax': -0.22, 'ay': 0.33, 'az': 0.81, 'gx': -3.02, 'gy': 5.07, 'gz': -0.17}, {'t_us': 1986933300, 'ax': -0.22, 'ay': 0.34, 'az': 0.83, 'gx': -3.59, 'gy': 5.88, 'gz': -0.06}]",2026-02-13 11:12:30,0.0
"[{'t_us': 1986957682, 'ax': -0.22, 'ay': 0.32, 'az': 0.83, 'gx': -3.76, 'gy': 4.24, 'gz': -0.06}, {'t_us': 1986973310, 'ax': -0.21, 'ay': 0.33, 'az': 0.82, 'gx': -3.57, 'gy': 3.5, 'gz': 0.02}, {'t_us': 1986993317, 'ax': -0.22, 'ay': 0.33, 'az': 0.83, 'gx': -3.42, 'gy': 3.63, 'gz': 0.32}, {'t_us': 1987013270, 'ax': -0.21, 'ay': 0.33, 'az': 0.83, 'gx': -3.39, 'gy': 3.45, 'gz': 0.47}, {'t_us': 1987033284, 'ax': -0.23, 'ay': 0.33, 'az': 0.84, 'gx': -3.56, 'gy': 5.01, 'gz': 0.38}]",2026-02-13 11:12:30,0.0
"[{'t_us': 1987060111, 'ax': -0.22, 'ay': 0.33, 'az': 0.81, 'gx': -4.03, 'gy': 3.57, 'gz': -0.47}, {'t_us': 1987073310, 'ax': -0.21, 'ay': 0.33, 'az': 0.82, 'gx': -3.92, 'gy': 2.14, 'gz': -0.29}, {'t_us': 1987093317, 'ax': -0.21, 'ay': 0.32, 'az': 0.8, 'gx': -3.47, 'gy': 1.28, 'gz': -0.21}, {'t_us': 1987113270, 'ax': -0.23, 'ay': 0.32, 'az': 0.82, 'gx': -2.78, 'gy': 2.18, 'gz': 0.08}, {'t_us': 1987133306, 'ax': -0.22, 'ay': 0.34, 'az': 0.81, 'gx': -1.68, 'gy': 2.61, 'gz': 0.32}]",2026-02-13 11:12:30,0.0
"[{'t_us': 1987159818, 'ax': -0.22, 'ay': 0.33, 'az': 0.84, 'gx': -4.23, 'gy': 6.85, 'gz': 0.02}, {'t_us': 1987173280, 'ax': -0.22, 'ay': 0.32, 'az': 0.82, 'gx': -4.82, 'gy': 6.09, 'gz': -0.06}, {'t_us': 1987193306, 'ax': -0.21, 'ay': 0.33, 'az': 0.83, 'gx': -3.28, 'gy': 5.91, 'gz': 0.31}, {'t_us': 1987213292, 'ax': -0.22, 'ay': 0.33, 'az': 0.83, 'gx': -3.16, 'gy': 6.11, 'gz': 0.89}, {'t_us': 1987233321, 'ax': -0.21, 'ay': 0.32, 'az': 0.81, 'gx': -3.15, 'gy': 5.08, 'gz': 0.98}]",2026-02-13 11:12:31,0.0
"[{'t_us': 1987259708, 'ax': -0.21, 'ay': 0.32, 'az': 0.83, 'gx': -2.75, 'gy': 4.85, 'gz': 1.24}, {'t_us': 1987273318, 'ax': -0.22, 'ay': 0.33, 'az': 0.83, 'gx': -2.89, 'gy': 5.24, 'gz': 1.31}, {'t_us': 1987293326, 'ax': -0.21, 'ay': 0.33, 'az': 0.83, 'gx': -3.54, 'gy': 5.31, 'gz': 1.28}, {'t_us': 1987313279, 'ax': -0.22, 'ay': 0.33, 'az': 0.82, 'gx': -3.51, 'gy': 6.18, 'gz': 1.65}, {'t_us': 1987333329, 'ax': -0.22, 'ay': 0.33, 'az': 0.83, 'gx': -2.95, 'gy': 6.0, 'gz': 1.37}]",2026-02-13 11:12:31,0.0
"[{'t_us': 1987358405, 'ax': -0.23, 'ay': 0.33, 'az': 0.82, 'gx': -2.69, 'gy': 3.5, 'gz': 1.45}, {'t_us': 1987373310, 'ax': -0.22, 'ay': 0.32, 'az': 0.82, 'gx': -2.34, 'gy': 4.23, 'gz': 1.51}, {'t_us': 1987393317, 'ax': -0.23, 'ay': 0.33, 'az': 0.82, 'gx': -2.49, 'gy': 5.07, 'gz': 1.16}, {'t_us': 1987413270, 'ax': -0.23, 'ay': 0.33, 'az': 0.81, 'gx': -3.01, 'gy': 4.6, 'gz': 0.61}, {'t_us': 1987433279, 'ax': -0.23, 'ay': 0.33, 'az': 0.81, 'gx': -2.79, 'gy': 2.18, 'gz': 0.6}]",2026-02-13 11:12:31,0.0
"[{'t_us': 1987460314, 'ax': -0.22, 'ay': 0.33, 'az': 0.81, 'gx': -1.6, 'gy': 1.94, 'gz': -0.02}, {'t_us': 1987473321, 'ax': -0.21, 'ay': 0.33, 'az': 0.82, 'gx': -1.1, 'gy': 2.14, 'gz': 0.44}, {'t_us': 1987493329, 'ax': -0.21, 'ay': 0.34, 'az': 0.82, 'gx': -1.24, 'gy': 5.18, 'gz': 0.84}, {'t_us': 1987513284, 'ax': -0.21, 'ay': 0.33, 'az': 0.78, 'gx': 0.02, 'gy': 6.49, 'gz': 1.22}, {'t_us': 1987533334, 'ax': -0.22, 'ay': 0.35, 'az': 0.81, 'gx': 1.02, 'gy': 5.44, 'gz': 1.27}]",2026-02-13 11:12:31,0.0
"[{'t_us': 1987558488, 'ax': -0.23, 'ay': 0.34, 'az': 0.84, 'gx': -1.37, 'gy': 6.58, 'gz': 0.67}, {'t_us': 1987573310, 'ax': -0.23, 'ay': 0.33, 'az': 0.83, 'gx': -2.26, 'gy': 6.55, 'gz': 0.38}, {'t_us': 1987593317, 'ax': -0.22, 'ay': 0.32, 'az': 0.83, 'gx': -2.53, 'gy': 7.24, 'gz': 0.17}, {'t_us': 1987613270, 'ax': -0.24, 'ay': 0.33, 'az': 0.81, 'gx': -2.12, 'gy': 7.3, 'gz': 0.15}, {'t_us': 1987633317, 'ax': -0.25, 'ay': 0.34, 'az': 0.83, 'gx': -2.64, 'gy': 6.2, 'gz': 0.06}]",2026-02-13 11:12:31,0.0
"[{'t_us': 1987659979, 'ax': -0.24, 'ay': 0.33, 'az': 0.82, 'gx': -4.08, 'gy': 4.41, 'gz': -0.21}, {'t_us': 1987673342, 'ax': -0.25, 'ay': 0.33, 'az': 0.8, 'gx': -4.18, 'gy': 3.08, 'gz': -0.43}, {'t_us': 1987693270, 'ax': -0.22, 'ay': 0.33, 'az': 0.79, 'gx': -3.6, 'gy': -0.29, 'gz': -0.18}, {'t_us': 1987713329, 'ax': -0.22, 'ay': 0.33, 'az': 0.81, 'gx': -2.93, 'gy': 0.56, 'gz': 0.38}, {'t_us': 1987733306, 'ax': -0.21, 'ay': 0.34, 'az': 0.81, 'gx': -2.49, 'gy': 1.8, 'gz': 0.41}]",2026-02-13 11:12:31,0.0
"[{'t_us': 1987757757, 'ax': -0.22, 'ay': 0.35, 'az': 0.83, 'gx': -3.5, 'gy': 4.41, 'gz': 0.02}, {'t_us': 1987773301, 'ax': -0.22, 'ay': 0.35, 'az': 0.83, 'gx': -4.23, 'gy': 4.93, 'gz': -0.38}, {'t_us': 1987793310, 'ax': -0.22, 'ay': 0.35, 'az': 0.84, 'gx': -5.24, 'gy': 6.49, 'gz': -0.18}, {'t_us': 1987813267, 'ax': -0.22, 'ay': 0.35, 'az': 0.81, 'gx': -4.64, 'gy': 5.05, 'gz': -0.41}, {'t_us': 1987833292, 'ax': -0.22, 'ay': 0.33, 'az': 0.79, 'gx': -3.07, 'gy': 3.36, 'gz': -0.12}]",2026-02-13 11:12:31,
