samples,timestamp,label
"[{'t_us': 620155528, 'ax': -0.89, 'ay': -0.05, 'az': -0.32, 'gx': 3.39, 'gy': -2.44, 'gz': 1.01}, {'t_us': 620157399, 'ax': -0.89, 'ay': -0.05, 'az': -0.32, 'gx': 4.08, 'gy': -2.32, 'gz': 1.15}, {'t_us': 620159249, 'ax': -0.88, 'ay': -0.05, 'az': -0.32, 'gx': 4.08, 'gy': -2.32, 'gz': 1.15}, {'t_us': 620161099, 'ax': -0.88, 'ay': -0.03, 'az': -0.31, 'gx': 4.84, 'gy': -1.57, 'gz': 1.27}, {'t_us': 620162954, 'ax': -0.89, 'ay': -0.03, 'az': -0.33, 'gx': 5.37, 'gy': -0.18, 'gz': 1.44}]",2026-02-13 10:49:44,0.0
"[{'t_us': 620259103, 'ax': -0.86, 'ay': -0.1, 'az': -0.3, 'gx': 0.2, 'gy': -1.02, 'gz': 0.5}, {'t_us': 620261162, 'ax': -0.85, 'ay': -0.1, 'az': -0.3, 'gx': 0.15, 'gy': -0.72, 'gz': 1.13}, {'t_us': 620263104, 'ax': -0.85, 'ay': -0.12, 'az': -0.3, 'gx': 0.38, 'gy': -0.2, 'gz': 1.57}, {'t_us': 620265049, 'ax': -0.85, 'ay': -0.12, 'az': -0.3, 'gx': 0.35, 'gy': 0.26, 'gz': 2.11}, {'t_us': 620266987, 'ax': -0.84, 'ay': -0.12, 'az': -0.3, 'gx': 0.61, 'gy': 0.56, 'gz': 2.46}]",2026-02-13 10:49:44,0.0
"[{'t_us': 620359737, 'ax': -0.97, 'ay': -0.03, 'az': -0.36, 'gx': -0.09, 'gy': 3.71, 'gz': -0.84}, {'t_us': 620361854, 'ax': -0.97, 'ay': -0.02, 'az': -0.35, 'gx': -0.21, 'gy': 3.56, 'gz': -0.93}, {'t_us': 620363792, 'ax': -0.97, 'ay': -0.02, 'az': -0.36, 'gx': -0.21, 'gy': 3.56, 'gz': -0.93}, {'t_us': 620365735, 'ax': -0.97, 'ay': -0.02, 'az': -0.36, 'gx': -0.2, 'gy': 3.22, 'gz': -0.98}, {'t_us': 620367683, 'ax': -0.96, 'ay': -0.02, 'az': -0.35, 'gx': -0.5, 'gy': 3.15, 'gz': -1.24}]",2026-02-13 10:49:44,0.0
"[{'t_us': 620458652, 'ax': -0.93, 'ay': -0.05, 'az': -0.31, 'gx': -1.53, 'gy': 0.23, 'gz': 0.49}, {'t_us': 620460728, 'ax': -0.93, 'ay': -0.04, 'az': -0.3, 'gx': -1.82, 'gy': 0.4, 'gz': 0.4}, {'t_us': 620462680, 'ax': -0.92, 'ay': -0.04, 'az': -0.31, 'gx': -1.91, 'gy': 0.66, 'gz': 0.06}, {'t_us': 620464616, 'ax': -0.92, 'ay': -0.04, 'az': -0.31, 'gx': -2.26, 'gy': 1.01, 'gz': 0.0}, {'t_us': 620466554, 'ax': -0.93, 'ay': -0.05, 'az': -0.31, 'gx': -2.26, 'gy': 1.01, 'gz': 0.0}]",2026-02-13 10:49:44,0.0
"[{'t_us': 620560959, 'ax': -0.92, 'ay': -0.03, 'az': -0.31, 'gx': -4.23, 'gy': 2.15, 'gz': -0.37}, {'t_us': 620563062, 'ax': -0.92, 'ay': -0.03, 'az': -0.31, 'gx': -4.37, 'gy': 2.03, 'gz': -0.5}, {'t_us': 620565008, 'ax': -0.92, 'ay': -0.04, 'az': -0.32, 'gx': -4.26, 'gy': 2.06, 'gz': -0.56}, {'t_us': 620566944, 'ax': -0.92, 'ay': -0.04, 'az': -0.32, 'gx': -4.58, 'gy': 1.98, 'gz': -0.69}, {'t_us': 620568864, 'ax': -0.92, 'ay': -0.03, 'az': -0.32, 'gx': -4.58, 'gy': 1.98, 'gz': -0.69}]",2026-02-13 10:49:44,0.0
"[{'t_us': 620658086, 'ax': -0.93, 'ay': -0.05, 'az': -0.33, 'gx': -7.1, 'gy': 2.92, 'gz': -1.15}, {'t_us': 620673300, 'ax': -0.92, 'ay': -0.04, 'az': -0.32, 'gx': -7.19, 'gy': 3.3, 'gz': -1.45}, {'t_us': 620693310, 'ax': -0.91, 'ay': -0.05, 'az': -0.32, 'gx': -6.7, 'gy': 4.41, 'gz': -1.53}, {'t_us': 620713326, 'ax': -0.92, 'ay': -0.05, 'az': -0.32, 'gx': -6.29, 'gy': 4.95, 'gz': -1.11}, {'t_us': 620733326, 'ax': -0.92, 'ay': -0.05, 'az': -0.32, 'gx': -6.32, 'gy': 5.15, 'gz': -1.04}]",2026-02-13 10:49:44,0.0
"[{'t_us': 620759449, 'ax': -0.94, 'ay': -0.05, 'az': -0.32, 'gx': -6.76, 'gy': 4.47, 'gz': -1.07}, {'t_us': 620773270, 'ax': -0.93, 'ay': -0.06, 'az': -0.32, 'gx': -7.04, 'gy': 4.27, 'gz': -1.51}, {'t_us': 620793270, 'ax': -0.92, 'ay': -0.05, 'az': -0.32, 'gx': -6.61, 'gy': 4.58, 'gz': -1.3}, {'t_us': 620813306, 'ax': -0.92, 'ay': -0.05, 'az': -0.33, 'gx': -6.35, 'gy': 5.21, 'gz': -0.87}, {'t_us': 620833292, 'ax': -0.92, 'ay': -0.06, 'az': -0.33, 'gx': -6.12, 'gy': 6.31, 'gz': -1.39}]",2026-02-13 10:49:44,0.0
"[{'t_us': 620859373, 'ax': -0.92, 'ay': -0.05, 'az': -0.33, 'gx': -5.63, 'gy': 5.22, 'gz': -0.72}, {'t_us': 620873274, 'ax': -0.91, 'ay': -0.05, 'az': -0.32, 'gx': -5.22, 'gy': 5.63, 'gz': -0.75}, {'t_us': 620893274, 'ax': -0.92, 'ay': -0.05, 'az': -0.33, 'gx': -4.9, 'gy': 6.27, 'gz': -0.96}, {'t_us': 620913333, 'ax': -0.93, 'ay': -0.06, 'az': -0.34, 'gx': -4.81, 'gy': 5.39, 'gz': -0.58}, {'t_us': 620933317, 'ax': -0.91, 'ay': -0.06, 'az': -0.33, 'gx': -4.98, 'gy': 5.15, 'gz': -0.66}]",2026-02-13 10:49:44,0.0
"[{'t_us': 620957747, 'ax': -0.91, 'ay': -0.05, 'az': -0.33, 'gx': -4.46, 'gy': 5.56, 'gz': -0.23}, {'t_us': 620973329, 'ax': -0.92, 'ay': -0.05, 'az': -0.33, 'gx': -3.88, 'gy': 5.91, 'gz': -0.12}, {'t_us': 620993333, 'ax': -0.92, 'ay': -0.05, 'az': -0.33, 'gx': -3.19, 'gy': 5.76, 'gz': -0.09}, {'t_us': 621013317, 'ax': -0.92, 'ay': -0.06, 'az': -0.32, 'gx': -3.25, 'gy': 4.89, 'gz': 0.18}, {'t_us': 621033284, 'ax': -0.93, 'ay': -0.05, 'az': -0.33, 'gx': -3.88, 'gy': 4.17, 'gz': -0.09}]",2026-02-13 10:49:44,0.0
"[{'t_us': 621057973, 'ax': -0.96, 'ay': -0.05, 'az': -0.29, 'gx': -4.6, 'gy': -2.5, 'gz': -0.44}, {'t_us': 621073310, 'ax': -0.96, 'ay': -0.06, 'az': -0.31, 'gx': -6.73, 'gy': -6.76, 'gz': -1.16}, {'t_us': 621093317, 'ax': -0.83, 'ay': -0.04, 'az': -0.38, 'gx': -10.06, 'gy': -3.21, 'gz': -1.15}, {'t_us': 621113292, 'ax': -0.8, 'ay': 0.06, 'az': -0.36, 'gx': -13.91, 'gy': 12.61, 'gz': 2.49}, {'t_us': 621133292, 'ax': -0.95, 'ay': 0.09, 'az': -0.33, 'gx': -18.6, 'gy': 18.43, 'gz': 2.26}]",2026-02-13 10:49:44,0.0
"[{'t_us': 621157852, 'ax': -1.0, 'ay': 0.05, 'az': -0.3, 'gx': -25.07, 'gy': 11.39, 'gz': -8.12}, {'t_us': 621173330, 'ax': -0.95, 'ay': 0.03, 'az': -0.29, 'gx': -29.33, 'gy': 6.05, 'gz': -11.04}, {'t_us': 621193306, 'ax': -0.91, 'ay': 0.01, 'az': -0.31, 'gx': -32.31, 'gy': 8.18, 'gz': -10.76}, {'t_us': 621213337, 'ax': -0.91, 'ay': -0.01, 'az': -0.32, 'gx': -33.62, 'gy': 12.24, 'gz': -6.92}, {'t_us': 621233306, 'ax': -0.93, 'ay': -0.07, 'az': -0.31, 'gx': -34.46, 'gy': 12.63, 'gz': -3.65}]",2026-02-13 10:49:45,0.0
"[{'t_us': 621259890, 'ax': -0.96, 'ay': -0.08, 'az': -0.32, 'gx': -35.31, 'gy': 12.67, 'gz': -3.34}, {'t_us': 621273300, 'ax': -0.93, 'ay': -0.06, 'az': -0.31, 'gx': -34.52, 'gy': 12.31, 'gz': -3.8}, {'t_us': 621293310, 'ax': -0.9, 'ay': -0.02, 'az': -0.3, 'gx': -31.18, 'gy': 14.06, 'gz': -3.4}, {'t_us': 621313329, 'ax': -0.89, 'ay': -0.01, 'az': -0.3, 'gx': -28.56, 'gy': 16.15, 'gz': -2.08}, {'t_us': 621333329, 'ax': -0.91, 'ay': -0.0, 'az': -0.34, 'gx': -27.22, 'gy': 16.9, 'gz': -1.95}]",2026-02-13 10:49:45,0.0
"[{'t_us': 621359524, 'ax': -0.91, 'ay': -0.02, 'az': -0.37, 'gx': -24.98, 'gy': 16.98, 'gz': -2.14}, {'t_us': 621373270, 'ax': -0.91, 'ay': -0.02, 'az': -0.37, 'gx': -24.47, 'gy': 17.02, 'gz': -1.05}, {'t_us': 621393270, 'ax': -0.93, 'ay': -0.04, 'az': -0.38, 'gx': -23.71, 'gy': 19.56, 'gz': 0.41}, {'t_us': 621413320, 'ax': -0.93, 'ay': -0.09, 'az': -0.41, 'gx': -21.63, 'gy': 22.05, 'gz': -0.03}, {'t_us': 621433270, 'ax': -0.91, 'ay': -0.1, 'az': -0.4, 'gx': -16.93, 'gy': 22.55, 'gz': 0.32}]",2026-02-13 10:49:45,0.0
"[{'t_us': 621459370, 'ax': -0.85, 'ay': -0.08, 'az': -0.38, 'gx': -7.21, 'gy': 26.93, 'gz': 2.85}, {'t_us': 621473284, 'ax': -0.85, 'ay': -0.08, 'az': -0.36, 'gx': -1.88, 'gy': 29.13, 'gz': 5.53}, {'t_us': 621493306, 'ax': -0.88, 'ay': -0.1, 'az': -0.35, 'gx': 3.13, 'gy': 33.69, 'gz': 6.89}, {'t_us': 621513304, 'ax': -0.91, 'ay': -0.12, 'az': -0.34, 'gx': 5.28, 'gy': 33.86, 'gz': 7.19}, {'t_us': 621533329, 'ax': -0.94, 'ay': -0.11, 'az': -0.36, 'gx': 4.98, 'gy': 28.72, 'gz': 7.47}]",2026-02-13 10:49:45,0.0
"[{'t_us': 621559551, 'ax': -0.93, 'ay': -0.07, 'az': -0.38, 'gx': 7.16, 'gy': 27.36, 'gz': 7.73}, {'t_us': 621573340, 'ax': -0.9, 'ay': -0.05, 'az': -0.38, 'gx': 8.82, 'gy': 29.15, 'gz': 8.03}, {'t_us': 621593279, 'ax': -0.89, 'ay': -0.02, 'az': -0.38, 'gx': 9.63, 'gy': 28.75, 'gz': 8.18}, {'t_us': 621613279, 'ax': -0.92, 'ay': -0.01, 'az': -0.37, 'gx': 9.07, 'gy': 28.69, 'gz': 6.5}, {'t_us': 621633329, 'ax': -0.92, 'ay': -0.01, 'az': -0.36, 'gx': 6.23, 'gy': 24.26, 'gz': 4.55}]",2026-02-13 10:49:45,0.0
"[{'t_us': 621658146, 'ax': -0.9, 'ay': -0.03, 'az': -0.36, 'gx': 3.59, 'gy': 24.7, 'gz': 4.67}, {'t_us': 621673269, 'ax': -0.88, 'ay': -0.03, 'az': -0.36, 'gx': 2.24, 'gy': 24.99, 'gz': 5.15}, {'t_us': 621693279, 'ax': -0.9, 'ay': -0.04, 'az': -0.36, 'gx': 1.76, 'gy': 26.7, 'gz': 4.55}, {'t_us': 621713310, 'ax': -0.91, 'ay': -0.03, 'az': -0.37, 'gx': 1.31, 'gy': 24.26, 'gz': 4.23}, {'t_us': 621733300, 'ax': -0.92, 'ay': -0.04, 'az': -0.39, 'gx': 1.51, 'gy': 22.29, 'gz': 2.82}]",2026-02-13 10:49:45,0.0
"[{'t_us': 621757942, 'ax': -0.9, 'ay': 0.03, 'az': -0.38, 'gx': 2.17, 'gy': 12.81, 'gz': -1.34}, {'t_us': 621773317, 'ax': -0.87, 'ay': 0.06, 'az': -0.38, 'gx': 3.6, 'gy': 9.79, 'gz': -3.48}, {'t_us': 621793300, 'ax': -0.86, 'ay': 0.05, 'az': -0.35, 'gx': 5.08, 'gy': 12.31, 'gz': -5.36}, {'t_us': 621813310, 'ax': -0.87, 'ay': 0.06, 'az': -0.34, 'gx': 3.34, 'gy': 12.93, 'gz': -6.08}, {'t_us': 621833306, 'ax': -0.92, 'ay': 0.04, 'az': -0.35, 'gx': 0.12, 'gy': 10.98, 'gz': -7.98}]",2026-02-13 10:49:45,0.0
"[{'t_us': 621860097, 'ax': -0.92, 'ay': 0.04, 'az': -0.42, 'gx': -4.75, 'gy': 10.43, 'gz': -9.42}, {'t_us': 621873320, 'ax': -0.91, 'ay': 0.05, 'az': -0.47, 'gx': -6.89, 'gy': 10.92, 'gz': -9.1}, {'t_us': 621893329, 'ax': -0.88, 'ay': 0.03, 'az': -0.53, 'gx': -9.97, 'gy': 15.27, 'gz': -4.52}, {'t_us': 621913279, 'ax': -0.89, 'ay': -0.0, 'az': -0.63, 'gx': -16.2, 'gy': 29.08, 'gz': 4.73}, {'t_us': 621933289, 'ax': -0.94, 'ay': -0.09, 'az': -0.66, 'gx': -26.0, 'gy': 27.33, 'gz': 20.2}]",2026-02-13 10:49:45,0.0
"[{'t_us': 621958032, 'ax': -0.98, 'ay': -0.15, 'az': -0.62, 'gx': -26.55, 'gy': -3.8, 'gz': 24.21}, {'t_us': 621973313, 'ax': -0.87, 'ay': -0.11, 'az': -0.56, 'gx': -18.81, 'gy': -6.0, 'gz': 15.97}, {'t_us': 621993317, 'ax': -0.72, 'ay': -0.04, 'az': -0.55, 'gx': -6.12, 'gy': 8.82, 'gz': 8.98}, {'t_us': 622013267, 'ax': -0.64, 'ay': 0.04, 'az': -0.54, 'gx': 6.58, 'gy': 22.18, 'gz': 11.91}, {'t_us': 622033307, 'ax': -0.76, 'ay': 0.1, 'az': -0.53, 'gx': 13.21, 'gy': 36.37, 'gz': 20.6}]",2026-02-13 10:49:45,0.0
"[{'t_us': 622059571, 'ax': -0.98, 'ay': 0.14, 'az': -0.6, 'gx': 8.76, 'gy': 40.85, 'gz': 14.9}, {'t_us': 622073269, 'ax': -1.0, 'ay': 0.12, 'az': -0.67, 'gx': 4.52, 'gy': 31.27, 'gz': 8.5}, {'t_us': 622093300, 'ax': -0.91, 'ay': 0.07, 'az': -0.76, 'gx': 2.95, 'gy': 19.8, 'gz': -1.21}, {'t_us': 622113310, 'ax': -0.73, 'ay': -0.01, 'az': -0.8, 'gx': 9.44, 'gy': 20.5, 'gz': -6.05}, {'t_us': 622133330, 'ax': -0.62, 'ay': -0.04, 'az': -0.78, 'gx': 18.35, 'gy': 23.51, 'gz': 0.38}]",2026-02-13 10:49:45,0.0
"[{'t_us': 622159742, 'ax': -0.65, 'ay': -0.1, 'az': -0.69, 'gx': 26.29, 'gy': 30.35, 'gz': 5.1}, {'t_us': 622173290, 'ax': -0.68, 'ay': -0.11, 'az': -0.63, 'gx': 24.89, 'gy': 29.69, 'gz': 6.18}, {'t_us': 622193279, 'ax': -0.72, 'ay': -0.04, 'az': -0.61, 'gx': 17.15, 'gy': 30.14, 'gz': 6.53}, {'t_us': 622213310, 'ax': -0.82, 'ay': 0.03, 'az': -0.63, 'gx': 6.08, 'gy': 28.26, 'gz': 2.9}, {'t_us': 622233278, 'ax': -0.89, 'ay': 0.06, 'az': -0.72, 'gx': 0.58, 'gy': 24.34, 'gz': -4.72}]",2026-02-13 10:49:46,0.0
"[{'t_us': 622259574, 'ax': -0.92, 'ay': 0.06, 'az': -0.76, 'gx': 1.19, 'gy': 13.65, 'gz': -11.25}, {'t_us': 622273295, 'ax': -0.89, 'ay': 0.01, 'az': -0.73, 'gx': 1.77, 'gy': 6.69, 'gz': -13.48}, {'t_us': 622293300, 'ax': -0.78, 'ay': -0.05, 'az': -0.66, 'gx': 1.68, 'gy': -0.63, 'gz': -14.89}, {'t_us': 622313310, 'ax': -0.72, 'ay': -0.09, 'az': -0.63, 'gx': 1.39, 'gy': -0.89, 'gz': -14.78}, {'t_us': 622333320, 'ax': -0.71, 'ay': -0.09, 'az': -0.59, 'gx': -3.1, 'gy': 5.5, 'gz': -14.63}]",2026-02-13 10:49:46,0.0
"[{'t_us': 622359662, 'ax': -0.73, 'ay': -0.05, 'az': -0.61, 'gx': -12.41, 'gy': 12.08, 'gz': -15.22}, {'t_us': 622373272, 'ax': -0.74, 'ay': -0.03, 'az': -0.63, 'gx': -14.9, 'gy': 12.4, 'gz': -14.96}, {'t_us': 622393284, 'ax': -0.79, 'ay': -0.03, 'az': -0.65, 'gx': -15.07, 'gy': 9.51, 'gz': -16.18}, {'t_us': 622413317, 'ax': -0.81, 'ay': -0.06, 'az': -0.66, 'gx': -13.42, 'gy': 5.27, 'gz': -19.24}, {'t_us': 622433310, 'ax': -0.77, 'ay': -0.1, 'az': -0.63, 'gx': -11.37, 'gy': -1.39, 'gz': -21.48}]",2026-02-13 10:49:46,0.0
"[{'t_us': 622458365, 'ax': -0.73, 'ay': -0.14, 'az': -0.61, 'gx': -7.83, 'gy': -1.98, 'gz': -19.98}, {'t_us': 622473292, 'ax': -0.75, 'ay': -0.18, 'az': -0.61, 'gx': -5.45, 'gy': 0.27, 'gz': -17.63}, {'t_us': 622493306, 'ax': -0.8, 'ay': -0.18, 'az': -0.62, 'gx': -1.48, 'gy': 0.15, 'gz': -16.66}, {'t_us': 622513333, 'ax': -0.83, 'ay': -0.18, 'az': -0.62, 'gx': 4.56, 'gy': -5.16, 'gz': -15.45}, {'t_us': 622533270, 'ax': -0.81, 'ay': -0.16, 'az': -0.58, 'gx': 10.87, 'gy': -13.04, 'gz': -14.43}]",2026-02-13 10:49:46,0.0
"[{'t_us': 622559593, 'ax': -0.75, 'ay': -0.14, 'az': -0.5, 'gx': 8.75, 'gy': -12.82, 'gz': -6.2}, {'t_us': 622573300, 'ax': -0.78, 'ay': -0.11, 'az': -0.48, 'gx': 3.95, 'gy': -9.31, 'gz': -1.42}, {'t_us': 622593329, 'ax': -0.84, 'ay': -0.12, 'az': -0.52, 'gx': -2.73, 'gy': -4.82, 'gz': -0.05}, {'t_us': 622613333, 'ax': -0.83, 'ay': -0.07, 'az': -0.55, 'gx': -5.07, 'gy': -5.22, 'gz': 1.1}, {'t_us': 622633329, 'ax': -0.82, 'ay': -0.02, 'az': -0.51, 'gx': -6.4, 'gy': -10.76, 'gz': 2.84}]",2026-02-13 10:49:46,0.0
"[{'t_us': 622659403, 'ax': -0.81, 'ay': -0.01, 'az': -0.43, 'gx': -17.27, 'gy': -7.74, 'gz': 0.5}, {'t_us': 622673267, 'ax': -0.81, 'ay': 0.01, 'az': -0.42, 'gx': -25.51, 'gy': -1.27, 'gz': -0.03}, {'t_us': 622693310, 'ax': -0.88, 'ay': -0.01, 'az': -0.44, 'gx': -38.11, 'gy': 6.32, 'gz': -0.03}, {'t_us': 622713306, 'ax': -0.9, 'ay': -0.03, 'az': -0.49, 'gx': -44.21, 'gy': 3.71, 'gz': -2.15}, {'t_us': 622733333, 'ax': -0.86, 'ay': -0.06, 'az': -0.5, 'gx': -42.69, 'gy': -2.85, 'gz': -4.43}]",2026-02-13 10:49:46,0.0
"[{'t_us': 622760109, 'ax': -0.83, 'ay': -0.12, 'az': -0.45, 'gx': -34.93, 'gy': -5.97, 'gz': -4.72}, {'t_us': 622773787, 'ax': -0.82, 'ay': -0.13, 'az': -0.44, 'gx': -32.31, 'gy': -1.42, 'gz': -5.79}, {'t_us': 622793310, 'ax': -0.86, 'ay': -0.15, 'az': -0.54, 'gx': -31.83, 'gy': 14.72, 'gz': -7.51}, {'t_us': 622813267, 'ax': -0.87, 'ay': -0.21, 'az': -0.77, 'gx': -25.47, 'gy': 39.53, 'gz': -3.88}, {'t_us': 622833274, 'ax': -0.97, 'ay': -0.25, 'az': -0.9, 'gx': -7.57, 'gy': 39.71, 'gz': -0.53}]",2026-02-13 10:49:46,0.0
"[{'t_us': 622859586, 'ax': -0.92, 'ay': -0.26, 'az': -0.86, 'gx': 20.55, 'gy': 18.93, 'gz': 2.81}, {'t_us': 622873677, 'ax': -0.85, 'ay': -0.25, 'az': -0.78, 'gx': 31.8, 'gy': 10.55, 'gz': 5.02}, {'t_us': 622893270, 'ax': -0.65, 'ay': -0.26, 'az': -0.66, 'gx': 38.99, 'gy': 6.03, 'gz': 11.95}, {'t_us': 622913306, 'ax': -0.49, 'ay': -0.18, 'az': -0.58, 'gx': 39.22, 'gy': 17.68, 'gz': 26.67}, {'t_us': 622933326, 'ax': -0.57, 'ay': -0.08, 'az': -0.58, 'gx': 32.98, 'gy': 38.87, 'gz': 37.66}]",2026-02-13 10:49:46,0.0
"[{'t_us': 622959704, 'ax': -0.77, 'ay': 0.08, 'az': -0.67, 'gx': 17.62, 'gy': 46.06, 'gz': 26.72}, {'t_us': 622973284, 'ax': -0.79, 'ay': 0.19, 'az': -0.72, 'gx': 9.05, 'gy': 47.98, 'gz': 16.84}, {'t_us': 622993284, 'ax': -0.73, 'ay': 0.26, 'az': -0.78, 'gx': -0.4, 'gy': 46.66, 'gz': 0.49}, {'t_us': 623013317, 'ax': -0.61, 'ay': 0.18, 'az': -0.75, 'gx': -3.59, 'gy': 33.56, 'gz': -6.56}, {'t_us': 623033333, 'ax': -0.51, 'ay': 0.04, 'az': -0.74, 'gx': -4.79, 'gy': 29.21, 'gz': -5.19}]",2026-02-13 10:49:46,0.0
"[{'t_us': 623061580, 'ax': -0.65, 'ay': -0.05, 'az': -0.75, 'gx': -10.9, 'gy': 38.92, 'gz': 15.02}, {'t_us': 623073296, 'ax': -0.79, 'ay': -0.02, 'az': -0.81, 'gx': -13.68, 'gy': 39.95, 'gz': 19.31}, {'t_us': 623093306, 'ax': -0.93, 'ay': 0.06, 'az': -0.95, 'gx': -15.83, 'gy': 33.76, 'gz': 12.03}, {'t_us': 623113333, 'ax': -0.91, 'ay': 0.09, 'az': -0.99, 'gx': -12.31, 'gy': 16.49, 'gz': 3.65}, {'t_us': 623133284, 'ax': -0.84, 'ay': 0.06, 'az': -0.93, 'gx': -2.64, 'gy': -2.76, 'gz': 2.6}]",2026-02-13 10:49:46,0.0
"[{'t_us': 623158337, 'ax': -0.72, 'ay': 0.01, 'az': -0.77, 'gx': -0.44, 'gy': -6.46, 'gz': 7.68}, {'t_us': 623173306, 'ax': -0.62, 'ay': 0.0, 'az': -0.68, 'gx': -5.95, 'gy': -2.58, 'gz': 13.51}, {'t_us': 623193300, 'ax': -0.6, 'ay': 0.03, 'az': -0.68, 'gx': -15.63, 'gy': 4.73, 'gz': 18.85}, {'t_us': 623213329, 'ax': -0.7, 'ay': 0.06, 'az': -0.73, 'gx': -20.24, 'gy': 6.98, 'gz': 18.56}, {'t_us': 623233267, 'ax': -0.76, 'ay': 0.08, 'az': -0.8, 'gx': -17.45, 'gy': 2.35, 'gz': 14.32}]",2026-02-13 10:49:47,0.0
"[{'t_us': 623257827, 'ax': -0.78, 'ay': 0.09, 'az': -0.81, 'gx': -10.21, 'gy': -5.86, 'gz': 12.67}, {'t_us': 623273613, 'ax': -0.77, 'ay': 0.09, 'az': -0.75, 'gx': -5.82, 'gy': -12.6, 'gz': 11.53}, {'t_us': 623293279, 'ax': -0.7, 'ay': 0.11, 'az': -0.65, 'gx': -5.57, 'gy': -16.03, 'gz': 11.36}, {'t_us': 623313310, 'ax': -0.64, 'ay': 0.09, 'az': -0.61, 'gx': -6.38, 'gy': -14.69, 'gz': 9.6}, {'t_us': 623333326, 'ax': -0.63, 'ay': 0.09, 'az': -0.6, 'gx': -6.81, 'gy': -9.37, 'gz': 4.98}]",2026-02-13 10:49:47,0.0
"[{'t_us': 623359713, 'ax': -0.61, 'ay': 0.08, 'az': -0.6, 'gx': -5.85, 'gy': -7.6, 'gz': 3.36}, {'t_us': 623373285, 'ax': -0.61, 'ay': 0.1, 'az': -0.6, 'gx': -4.49, 'gy': -6.09, 'gz': 3.3}, {'t_us': 623393292, 'ax': -0.71, 'ay': 0.1, 'az': -0.62, 'gx': -0.44, 'gy': -3.48, 'gz': 1.3}, {'t_us': 623413321, 'ax': -0.79, 'ay': 0.1, 'az': -0.68, 'gx': 8.55, 'gy': -4.81, 'gz': -1.98}, {'t_us': 623433267, 'ax': -0.79, 'ay': 0.1, 'az': -0.63, 'gx': 13.69, 'gy': -12.26, 'gz': -1.8}]",2026-02-13 10:49:47,0.0
"[{'t_us': 623457641, 'ax': -0.74, 'ay': 0.1, 'az': -0.53, 'gx': 11.24, 'gy': -15.3, 'gz': -1.5}, {'t_us': 623473332, 'ax': -0.71, 'ay': 0.09, 'az': -0.49, 'gx': 5.62, 'gy': -13.56, 'gz': -1.44}, {'t_us': 623493333, 'ax': -0.74, 'ay': 0.1, 'az': -0.54, 'gx': 3.28, 'gy': -10.69, 'gz': 1.33}, {'t_us': 623513292, 'ax': -0.88, 'ay': 0.07, 'az': -0.56, 'gx': 5.5, 'gy': -13.04, 'gz': 0.92}, {'t_us': 623533321, 'ax': -0.95, 'ay': 0.07, 'az': -0.55, 'gx': 12.03, 'gy': -22.7, 'gz': -0.23}]",2026-02-13 10:49:47,0.0
"[{'t_us': 623559660, 'ax': -0.88, 'ay': 0.13, 'az': -0.52, 'gx': 17.5, 'gy': -22.17, 'gz': -9.59}, {'t_us': 623573310, 'ax': -0.8, 'ay': 0.15, 'az': -0.52, 'gx': 12.49, 'gy': -11.25, 'gz': -18.12}, {'t_us': 623593317, 'ax': -0.6, 'ay': 0.19, 'az': -0.57, 'gx': -8.82, 'gy': 19.59, 'gz': -15.33}, {'t_us': 623613267, 'ax': -0.58, 'ay': 0.15, 'az': -0.69, 'gx': -40.6, 'gy': 36.06, 'gz': 5.82}, {'t_us': 623633326, 'ax': -0.91, 'ay': 0.0, 'az': -0.98, 'gx': -51.47, 'gy': 33.71, 'gz': 12.5}]",2026-02-13 10:49:47,0.0
"[{'t_us': 623659717, 'ax': -1.23, 'ay': -0.02, 'az': -1.22, 'gx': -31.25, 'gy': 12.61, 'gz': -4.85}, {'t_us': 623673333, 'ax': -1.11, 'ay': 0.02, 'az': -1.2, 'gx': -13.74, 'gy': -7.08, 'gz': -15.65}, {'t_us': 623693267, 'ax': -0.81, 'ay': -0.1, 'az': -1.03, 'gx': 3.5, 'gy': -20.82, 'gz': -21.42}, {'t_us': 623713300, 'ax': -0.55, 'ay': -0.19, 'az': -0.85, 'gx': 7.85, 'gy': -16.79, 'gz': -14.43}, {'t_us': 623733310, 'ax': -0.46, 'ay': -0.16, 'az': -0.73, 'gx': 6.06, 'gy': 4.63, 'gz': -2.79}]",2026-02-13 10:49:47,0.0
"[{'t_us': 623759758, 'ax': -0.75, 'ay': -0.03, 'az': -0.67, 'gx': -8.09, 'gy': 19.8, 'gz': 1.88}, {'t_us': 623773318, 'ax': -0.86, 'ay': 0.08, 'az': -0.72, 'gx': -17.74, 'gy': 14.26, 'gz': -2.41}, {'t_us': 623793270, 'ax': -0.91, 'ay': 0.16, 'az': -0.84, 'gx': -21.65, 'gy': 3.8, 'gz': -13.86}, {'t_us': 623813270, 'ax': -0.76, 'ay': 0.05, 'az': -0.82, 'gx': -16.46, 'gy': 7.08, 'gz': -22.11}, {'t_us': 623833306, 'ax': -0.67, 'ay': -0.05, 'az': -0.8, 'gx': -8.03, 'gy': 11.6, 'gz': -19.59}]",2026-02-13 10:49:47,0.0
"[{'t_us': 623859331, 'ax': -0.65, 'ay': -0.13, 'az': -0.8, 'gx': 2.18, 'gy': 12.37, 'gz': -16.66}, {'t_us': 623873293, 'ax': -0.66, 'ay': -0.15, 'az': -0.81, 'gx': 6.53, 'gy': 8.66, 'gz': -14.11}, {'t_us': 623893284, 'ax': -0.69, 'ay': -0.16, 'az': -0.78, 'gx': 10.29, 'gy': 6.02, 'gz': -12.35}, {'t_us': 623913274, 'ax': -0.67, 'ay': -0.14, 'az': -0.74, 'gx': 11.15, 'gy': 5.53, 'gz': -11.02}, {'t_us': 623933332, 'ax': -0.65, 'ay': -0.11, 'az': -0.71, 'gx': 10.64, 'gy': 1.53, 'gz': -9.1}]",2026-02-13 10:49:47,0.0
"[{'t_us': 623957704, 'ax': -0.62, 'ay': -0.07, 'az': -0.72, 'gx': 14.18, 'gy': 0.34, 'gz': -6.08}, {'t_us': 623973317, 'ax': -0.63, 'ay': -0.08, 'az': -0.73, 'gx': 18.7, 'gy': 2.47, 'gz': -5.19}, {'t_us': 623993284, 'ax': -0.69, 'ay': -0.12, 'az': -0.72, 'gx': 20.21, 'gy': -0.06, 'gz': -5.45}, {'t_us': 624013317, 'ax': -0.74, 'ay': -0.13, 'az': -0.73, 'gx': 16.08, 'gy': -7.94, 'gz': -6.64}, {'t_us': 624033274, 'ax': -0.81, 'ay': -0.1, 'az': -0.71, 'gx': 11.28, 'gy': -15.85, 'gz': -7.65}]",2026-02-13 10:49:47,0.0
"[{'t_us': 624059375, 'ax': -0.74, 'ay': -0.1, 'az': -0.66, 'gx': 6.14, 'gy': -22.2, 'gz': -9.3}, {'t_us': 624073281, 'ax': -0.64, 'ay': -0.11, 'az': -0.62, 'gx': 4.2, 'gy': -24.72, 'gz': -7.47}, {'t_us': 624093267, 'ax': -0.54, 'ay': -0.09, 'az': -0.63, 'gx': 5.21, 'gy': -23.69, 'gz': -5.98}, {'t_us': 624113300, 'ax': -0.51, 'ay': -0.09, 'az': -0.6, 'gx': 8.53, 'gy': -17.56, 'gz': -2.75}, {'t_us': 624133310, 'ax': -0.66, 'ay': -0.12, 'az': -0.57, 'gx': 10.85, 'gy': -6.78, 'gz': 0.85}]",2026-02-13 10:49:47,0.0
"[{'t_us': 624157892, 'ax': -0.81, 'ay': -0.21, 'az': -0.59, 'gx': 10.02, 'gy': -3.5, 'gz': -0.85}, {'t_us': 624173304, 'ax': -0.86, 'ay': -0.21, 'az': -0.6, 'gx': 7.37, 'gy': -6.55, 'gz': 0.09}, {'t_us': 624193294, 'ax': -0.87, 'ay': -0.17, 'az': -0.61, 'gx': 4.64, 'gy': -9.69, 'gz': -0.4}, {'t_us': 624213321, 'ax': -0.84, 'ay': -0.11, 'az': -0.59, 'gx': 3.19, 'gy': -11.66, 'gz': -0.85}, {'t_us': 624233274, 'ax': -0.83, 'ay': -0.07, 'az': -0.61, 'gx': 5.6, 'gy': -9.42, 'gz': -0.95}]",2026-02-13 10:49:48,0.0
"[{'t_us': 624259155, 'ax': -0.89, 'ay': -0.07, 'az': -0.58, 'gx': 4.67, 'gy': -14.5, 'gz': -4.63}, {'t_us': 624273317, 'ax': -0.9, 'ay': -0.07, 'az': -0.55, 'gx': 2.2, 'gy': -17.01, 'gz': -7.31}, {'t_us': 624293274, 'ax': -0.85, 'ay': -0.12, 'az': -0.51, 'gx': -5.37, 'gy': -16.27, 'gz': -9.18}, {'t_us': 624313274, 'ax': -0.82, 'ay': -0.14, 'az': -0.5, 'gx': -14.56, 'gy': -13.74, 'gz': -8.9}, {'t_us': 624333306, 'ax': -0.78, 'ay': -0.12, 'az': -0.47, 'gx': -25.82, 'gy': -13.45, 'gz': -8.29}]",2026-02-13 10:49:48,0.0
"[{'t_us': 624358128, 'ax': -0.75, 'ay': -0.06, 'az': -0.41, 'gx': -39.5, 'gy': -2.61, 'gz': -7.28}, {'t_us': 624374242, 'ax': -0.76, 'ay': -0.05, 'az': -0.4, 'gx': -46.56, 'gy': 5.39, 'gz': -8.5}, {'t_us': 624393274, 'ax': -0.79, 'ay': -0.02, 'az': -0.44, 'gx': -50.29, 'gy': 4.35, 'gz': -11.07}, {'t_us': 624413306, 'ax': -0.81, 'ay': -0.03, 'az': -0.5, 'gx': -50.73, 'gy': 0.03, 'gz': -16.23}, {'t_us': 624433310, 'ax': -0.82, 'ay': -0.1, 'az': -0.56, 'gx': -51.1, 'gy': -2.92, 'gz': -18.67}]",2026-02-13 10:49:48,0.0
"[{'t_us': 624459397, 'ax': -0.78, 'ay': -0.26, 'az': -0.56, 'gx': -54.05, 'gy': -9.63, 'gz': -14.73}, {'t_us': 624473325, 'ax': -0.77, 'ay': -0.31, 'az': -0.56, 'gx': -54.38, 'gy': -8.43, 'gz': -11.22}, {'t_us': 624493321, 'ax': -0.8, 'ay': -0.3, 'az': -0.61, 'gx': -50.4, 'gy': 3.1, 'gz': -4.23}, {'t_us': 624513274, 'ax': -0.93, 'ay': -0.32, 'az': -0.81, 'gx': -33.25, 'gy': 17.21, 'gz': -0.66}, {'t_us': 624533284, 'ax': -0.96, 'ay': -0.31, 'az': -0.79, 'gx': -6.05, 'gy': 22.72, 'gz': 1.86}]",2026-02-13 10:49:48,0.0
"[{'t_us': 624559482, 'ax': -0.88, 'ay': -0.3, 'az': -0.61, 'gx': 21.6, 'gy': 24.15, 'gz': 5.92}, {'t_us': 624573310, 'ax': -0.84, 'ay': -0.24, 'az': -0.54, 'gx': 24.12, 'gy': 25.36, 'gz': 8.72}, {'t_us': 624593297, 'ax': -0.82, 'ay': -0.11, 'az': -0.56, 'gx': 16.49, 'gy': 20.14, 'gz': 11.47}, {'t_us': 624613329, 'ax': -0.82, 'ay': 0.01, 'az': -0.61, 'gx': 6.64, 'gy': 16.53, 'gz': 11.45}, {'t_us': 624633274, 'ax': -0.85, 'ay': 0.09, 'az': -0.7, 'gx': -1.11, 'gy': 15.19, 'gz': 11.44}]",2026-02-13 10:49:48,0.0
"[{'t_us': 624659931, 'ax': -0.82, 'ay': 0.05, 'az': -0.78, 'gx': -5.44, 'gy': 26.6, 'gz': 10.73}, {'t_us': 624673636, 'ax': -0.82, 'ay': 0.04, 'az': -0.75, 'gx': -10.47, 'gy': 34.15, 'gz': 9.53}, {'t_us': 624693326, 'ax': -0.81, 'ay': 0.03, 'az': -0.74, 'gx': -20.95, 'gy': 42.61, 'gz': 3.68}, {'t_us': 624713317, 'ax': -0.7, 'ay': 0.11, 'az': -0.7, 'gx': -29.22, 'gy': 42.95, 'gz': -0.14}, {'t_us': 624733317, 'ax': -0.63, 'ay': 0.17, 'az': -0.74, 'gx': -26.58, 'gy': 34.93, 'gz': 3.37}]",2026-02-13 10:49:48,0.0
"[{'t_us': 624759431, 'ax': -0.68, 'ay': 0.01, 'az': -0.81, 'gx': -9.62, 'gy': 19.94, 'gz': 11.91}, {'t_us': 624773270, 'ax': -0.71, 'ay': -0.07, 'az': -0.81, 'gx': -2.02, 'gy': 11.94, 'gz': 14.09}, {'t_us': 624793306, 'ax': -0.73, 'ay': -0.1, 'az': -0.78, 'gx': 6.11, 'gy': 0.15, 'gz': 18.46}, {'t_us': 624813306, 'ax': -0.69, 'ay': -0.04, 'az': -0.73, 'gx': 8.55, 'gy': -2.75, 'gz': 18.15}, {'t_us': 624833270, 'ax': -0.67, 'ay': 0.02, 'az': -0.72, 'gx': 7.11, 'gy': -2.7, 'gz': 16.61}]",2026-02-13 10:49:48,0.0
"[{'t_us': 624859447, 'ax': -0.72, 'ay': 0.09, 'az': -0.71, 'gx': 1.91, 'gy': -4.96, 'gz': 14.69}, {'t_us': 624873318, 'ax': -0.7, 'ay': 0.1, 'az': -0.69, 'gx': 0.24, 'gy': -7.11, 'gz': 14.03}, {'t_us': 624893809, 'ax': -0.66, 'ay': 0.1, 'az': -0.67, 'gx': -0.64, 'gy': -7.92, 'gz': 14.12}, {'t_us': 624913279, 'ax': -0.66, 'ay': 0.1, 'az': -0.68, 'gx': 2.2, 'gy': -7.13, 'gz': 15.05}, {'t_us': 624933310, 'ax': -0.69, 'ay': 0.07, 'az': -0.67, 'gx': 5.83, 'gy': -5.15, 'gz': 14.63}]",2026-02-13 10:49:48,0.0
"[{'t_us': 624957754, 'ax': -0.63, 'ay': 0.06, 'az': -0.64, 'gx': 2.81, 'gy': -2.46, 'gz': 14.95}, {'t_us': 624973311, 'ax': -0.63, 'ay': 0.07, 'az': -0.67, 'gx': -0.96, 'gy': -2.6, 'gz': 17.66}, {'t_us': 624993317, 'ax': -0.68, 'ay': 0.05, 'az': -0.73, 'gx': 0.56, 'gy': -6.34, 'gz': 18.23}, {'t_us': 625013333, 'ax': -0.7, 'ay': 0.06, 'az': -0.71, 'gx': 5.66, 'gy': -13.02, 'gz': 17.22}, {'t_us': 625033333, 'ax': -0.74, 'ay': 0.09, 'az': -0.61, 'gx': 2.79, 'gy': -17.04, 'gz': 14.98}]",2026-02-13 10:49:48,0.0
"[{'t_us': 625059333, 'ax': -0.84, 'ay': 0.13, 'az': -0.59, 'gx': -7.22, 'gy': -7.31, 'gz': 7.8}, {'t_us': 625073270, 'ax': -0.85, 'ay': 0.13, 'az': -0.59, 'gx': -8.98, 'gy': -8.11, 'gz': 4.32}, {'t_us': 625093317, 'ax': -0.81, 'ay': 0.1, 'az': -0.57, 'gx': -8.35, 'gy': -14.26, 'gz': 1.36}, {'t_us': 625113292, 'ax': -0.76, 'ay': 0.04, 'az': -0.62, 'gx': -1.24, 'gy': -7.77, 'gz': 2.47}, {'t_us': 625133310, 'ax': -0.8, 'ay': -0.07, 'az': -0.66, 'gx': 6.6, 'gy': 1.45, 'gz': 4.08}]",2026-02-13 10:49:48,0.0
"[{'t_us': 625158149, 'ax': -0.84, 'ay': 0.0, 'az': -0.69, 'gx': 15.18, 'gy': 5.3, 'gz': 10.47}, {'t_us': 625173319, 'ax': -0.89, 'ay': 0.03, 'az': -0.63, 'gx': 18.66, 'gy': 3.85, 'gz': 11.24}, {'t_us': 625193333, 'ax': -0.88, 'ay': 0.06, 'az': -0.6, 'gx': 18.99, 'gy': -2.7, 'gz': 10.03}, {'t_us': 625213284, 'ax': -0.84, 'ay': 0.05, 'az': -0.59, 'gx': 18.24, 'gy': -9.3, 'gz': 8.44}, {'t_us': 625233317, 'ax': -0.81, 'ay': 0.07, 'az': -0.58, 'gx': 19.54, 'gy': -10.72, 'gz': 7.16}]",2026-02-13 10:49:49,0.0
"[{'t_us': 625260048, 'ax': -0.81, 'ay': 0.05, 'az': -0.55, 'gx': 18.4, 'gy': -9.89, 'gz': 6.44}, {'t_us': 625273300, 'ax': -0.81, 'ay': 0.05, 'az': -0.54, 'gx': 16.35, 'gy': -6.18, 'gz': 7.45}, {'t_us': 625293333, 'ax': -0.85, 'ay': 0.06, 'az': -0.52, 'gx': 12.49, 'gy': -1.42, 'gz': 7.47}, {'t_us': 625313274, 'ax': -0.83, 'ay': 0.12, 'az': -0.47, 'gx': 4.69, 'gy': 2.31, 'gz': 7.3}, {'t_us': 625333279, 'ax': -0.79, 'ay': 0.19, 'az': -0.43, 'gx': -4.18, 'gy': 5.34, 'gz': 4.2}]",2026-02-13 10:49:49,0.0
"[{'t_us': 625359420, 'ax': -0.7, 'ay': 0.2, 'az': -0.38, 'gx': -9.85, 'gy': 12.27, 'gz': 0.24}, {'t_us': 625373267, 'ax': -0.66, 'ay': 0.19, 'az': -0.39, 'gx': -10.64, 'gy': 15.95, 'gz': 0.87}, {'t_us': 625393267, 'ax': -0.68, 'ay': 0.15, 'az': -0.45, 'gx': -7.28, 'gy': 22.67, 'gz': 0.5}, {'t_us': 625413325, 'ax': -0.71, 'ay': 0.13, 'az': -0.55, 'gx': -2.31, 'gy': 33.13, 'gz': -2.78}, {'t_us': 625433333, 'ax': -0.72, 'ay': 0.11, 'az': -0.72, 'gx': -2.52, 'gy': 50.24, 'gz': -2.44}]",2026-02-13 10:49:49,0.0
"[{'t_us': 625457884, 'ax': -0.87, 'ay': 0.1, 'az': -0.78, 'gx': -19.44, 'gy': 49.59, 'gz': 3.76}, {'t_us': 625473326, 'ax': -1.0, 'ay': 0.14, 'az': -0.85, 'gx': -35.28, 'gy': 40.44, 'gz': 0.02}, {'t_us': 625493329, 'ax': -1.13, 'ay': 0.13, 'az': -0.92, 'gx': -46.26, 'gy': 25.01, 'gz': -11.27}, {'t_us': 625513313, 'ax': -0.98, 'ay': -0.08, 'az': -0.92, 'gx': -38.79, 'gy': 8.15, 'gz': -17.18}, {'t_us': 625533310, 'ax': -0.75, 'ay': -0.28, 'az': -0.88, 'gx': -18.43, 'gy': 4.87, 'gz': -13.05}]",2026-02-13 10:49:49,0.0
"[{'t_us': 625559521, 'ax': -0.44, 'ay': -0.35, 'az': -0.73, 'gx': 10.41, 'gy': 31.65, 'gz': -8.38}, {'t_us': 625573306, 'ax': -0.36, 'ay': -0.25, 'az': -0.68, 'gx': 14.12, 'gy': 52.9, 'gz': 3.57}, {'t_us': 625593333, 'ax': -0.42, 'ay': -0.05, 'az': -0.66, 'gx': 8.72, 'gy': 60.98, 'gz': 23.05}, {'t_us': 625613321, 'ax': -0.72, 'ay': 0.16, 'az': -0.81, 'gx': 9.3, 'gy': 67.33, 'gz': 22.41}, {'t_us': 625633333, 'ax': -0.95, 'ay': 0.29, 'az': -0.95, 'gx': 15.62, 'gy': 53.27, 'gz': 5.76}]",2026-02-13 10:49:49,0.0
"[{'t_us': 625659753, 'ax': -0.9, 'ay': 0.17, 'az': -1.05, 'gx': 17.4, 'gy': 23.01, 'gz': -12.87}, {'t_us': 625673292, 'ax': -0.84, 'ay': 0.08, 'az': -1.05, 'gx': 16.0, 'gy': 7.97, 'gz': -15.92}, {'t_us': 625693306, 'ax': -0.76, 'ay': -0.05, 'az': -0.95, 'gx': 14.5, 'gy': 0.96, 'gz': -19.92}, {'t_us': 625713331, 'ax': -0.69, 'ay': -0.09, 'az': -0.81, 'gx': 11.37, 'gy': -0.17, 'gz': -20.34}, {'t_us': 625733333, 'ax': -0.6, 'ay': -0.04, 'az': -0.7, 'gx': 4.43, 'gy': -2.64, 'gz': -18.92}]",2026-02-13 10:49:49,0.0
"[{'t_us': 625758108, 'ax': -0.55, 'ay': 0.04, 'az': -0.73, 'gx': 1.04, 'gy': -3.21, 'gz': -18.29}, {'t_us': 625773313, 'ax': -0.53, 'ay': 0.02, 'az': -0.8, 'gx': 5.48, 'gy': -1.94, 'gz': -15.5}, {'t_us': 625793274, 'ax': -0.56, 'ay': -0.05, 'az': -0.84, 'gx': 14.64, 'gy': -4.08, 'gz': -8.78}, {'t_us': 625813274, 'ax': -0.65, 'ay': -0.09, 'az': -0.85, 'gx': 21.21, 'gy': -6.52, 'gz': -3.77}, {'t_us': 625833279, 'ax': -0.71, 'ay': -0.13, 'az': -0.84, 'gx': 21.53, 'gy': -7.47, 'gz': -3.92}]",2026-02-13 10:49:49,0.0
"[{'t_us': 625859462, 'ax': -0.66, 'ay': -0.15, 'az': -0.75, 'gx': 14.6, 'gy': -9.08, 'gz': -0.87}, {'t_us': 625873279, 'ax': -0.64, 'ay': -0.12, 'az': -0.74, 'gx': 11.34, 'gy': -9.91, 'gz': 1.3}, {'t_us': 625893321, 'ax': -0.62, 'ay': -0.04, 'az': -0.72, 'gx': 8.93, 'gy': -10.18, 'gz': 2.69}, {'t_us': 625913329, 'ax': -0.57, 'ay': -0.0, 'az': -0.73, 'gx': 8.53, 'gy': -7.28, 'gz': 6.14}, {'t_us': 625933285, 'ax': -0.62, 'ay': 0.01, 'az': -0.79, 'gx': 13.56, 'gy': -2.66, 'gz': 10.03}]",2026-02-13 10:49:49,0.0
"[{'t_us': 625959432, 'ax': -0.72, 'ay': -0.02, 'az': -0.75, 'gx': 20.35, 'gy': -1.89, 'gz': 7.98}, {'t_us': 625973293, 'ax': -0.76, 'ay': -0.01, 'az': -0.76, 'gx': 21.16, 'gy': -5.48, 'gz': 4.24}, {'t_us': 625993310, 'ax': -0.79, 'ay': -0.01, 'az': -0.75, 'gx': 18.09, 'gy': -11.82, 'gz': 0.11}, {'t_us': 626013317, 'ax': -0.74, 'ay': -0.02, 'az': -0.74, 'gx': 12.6, 'gy': -10.46, 'gz': -0.18}, {'t_us': 626033277, 'ax': -0.71, 'ay': -0.05, 'az': -0.7, 'gx': 6.64, 'gy': -9.33, 'gz': 2.78}]",2026-02-13 10:49:49,0.0
"[{'t_us': 626059618, 'ax': -0.76, 'ay': -0.07, 'az': -0.62, 'gx': -7.02, 'gy': -9.01, 'gz': 0.7}, {'t_us': 626073300, 'ax': -0.73, 'ay': -0.07, 'az': -0.6, 'gx': -14.58, 'gy': -8.38, 'gz': -2.12}, {'t_us': 626093300, 'ax': -0.69, 'ay': -0.07, 'az': -0.58, 'gx': -26.26, 'gy': -7.97, 'gz': -0.7}, {'t_us': 626113310, 'ax': -0.69, 'ay': -0.07, 'az': -0.6, 'gx': -34.95, 'gy': -2.14, 'gz': 3.19}, {'t_us': 626133321, 'ax': -0.69, 'ay': -0.09, 'az': -0.64, 'gx': -35.79, 'gy': -0.66, 'gz': 3.86}]",2026-02-13 10:49:49,0.0
"[{'t_us': 626159940, 'ax': -0.65, 'ay': -0.17, 'az': -0.63, 'gx': -26.11, 'gy': -3.1, 'gz': 4.7}, {'t_us': 626174057, 'ax': -0.66, 'ay': -0.19, 'az': -0.65, 'gx': -20.12, 'gy': -3.47, 'gz': 6.24}, {'t_us': 626193292, 'ax': -0.72, 'ay': -0.21, 'az': -0.64, 'gx': -14.23, 'gy': -3.77, 'gz': 8.5}, {'t_us': 626213284, 'ax': -0.75, 'ay': -0.23, 'az': -0.58, 'gx': -17.25, 'gy': -5.71, 'gz': 7.39}, {'t_us': 626233310, 'ax': -0.72, 'ay': -0.21, 'az': -0.56, 'gx': -25.27, 'gy': -6.18, 'gz': 2.89}]",2026-02-13 10:49:50,0.0
"[{'t_us': 626259622, 'ax': -0.69, 'ay': -0.14, 'az': -0.57, 'gx': -34.17, 'gy': -1.68, 'gz': -0.31}, {'t_us': 626273270, 'ax': -0.69, 'ay': -0.07, 'az': -0.6, 'gx': -37.07, 'gy': 5.11, 'gz': 2.37}, {'t_us': 626293300, 'ax': -0.76, 'ay': -0.02, 'az': -0.75, 'gx': -35.89, 'gy': 21.59, 'gz': 7.83}, {'t_us': 626313310, 'ax': -0.82, 'ay': -0.01, 'az': -0.83, 'gx': -24.02, 'gy': 35.74, 'gz': 9.74}, {'t_us': 626333299, 'ax': -0.89, 'ay': -0.02, 'az': -0.83, 'gx': -2.24, 'gy': 34.96, 'gz': 6.43}]",2026-02-13 10:49:50,0.0
"[{'t_us': 626359742, 'ax': -0.92, 'ay': -0.06, 'az': -0.86, 'gx': 28.61, 'gy': 21.57, 'gz': 1.56}, {'t_us': 626373311, 'ax': -0.87, 'ay': -0.06, 'az': -0.83, 'gx': 34.66, 'gy': 13.59, 'gz': 0.95}, {'t_us': 626393317, 'ax': -0.76, 'ay': -0.05, 'az': -0.76, 'gx': 30.87, 'gy': -0.29, 'gz': 5.37}, {'t_us': 626413267, 'ax': -0.68, 'ay': 0.0, 'az': -0.65, 'gx': 14.08, 'gy': -6.24, 'gz': 13.5}, {'t_us': 626433326, 'ax': -0.68, 'ay': 0.02, 'az': -0.62, 'gx': -0.12, 'gy': -1.74, 'gz': 16.56}]",2026-02-13 10:49:50,0.0
"[{'t_us': 626460172, 'ax': -0.74, 'ay': -0.04, 'az': -0.74, 'gx': -9.33, 'gy': 6.43, 'gz': 11.07}, {'t_us': 626473356, 'ax': -0.71, 'ay': -0.08, 'az': -0.78, 'gx': -8.29, 'gy': 14.0, 'gz': 11.04}, {'t_us': 626493310, 'ax': -0.71, 'ay': -0.11, 'az': -0.79, 'gx': -4.66, 'gy': 13.73, 'gz': 21.02}, {'t_us': 626513317, 'ax': -0.67, 'ay': -0.03, 'az': -0.76, 'gx': -2.67, 'gy': -0.64, 'gz': 15.22}, {'t_us': 626533275, 'ax': -0.57, 'ay': 0.03, 'az': -0.7, 'gx': -5.92, 'gy': 1.88, 'gz': 12.35}]",2026-02-13 10:49:50,0.0
"[{'t_us': 626559654, 'ax': -0.61, 'ay': 0.15, 'az': -0.69, 'gx': -12.49, 'gy': 8.35, 'gz': 7.66}, {'t_us': 626573271, 'ax': -0.62, 'ay': 0.22, 'az': -0.75, 'gx': -12.2, 'gy': 14.66, 'gz': 2.67}, {'t_us': 626593306, 'ax': -0.74, 'ay': 0.18, 'az': -0.87, 'gx': -15.04, 'gy': 13.11, 'gz': -1.02}, {'t_us': 626613310, 'ax': -0.8, 'ay': 0.14, 'az': -0.91, 'gx': -15.71, 'gy': -2.03, 'gz': -5.02}, {'t_us': 626633323, 'ax': -0.82, 'ay': 0.05, 'az': -0.92, 'gx': -11.86, 'gy': -12.9, 'gz': -1.44}]",2026-02-13 10:49:50,0.0
"[{'t_us': 626659578, 'ax': -0.83, 'ay': 0.0, 'az': -0.88, 'gx': -5.28, 'gy': -23.36, 'gz': 5.11}, {'t_us': 626673267, 'ax': -0.78, 'ay': 0.01, 'az': -0.82, 'gx': -6.53, 'gy': -21.22, 'gz': 1.68}, {'t_us': 626693300, 'ax': -0.73, 'ay': 0.09, 'az': -0.75, 'gx': -15.98, 'gy': -8.93, 'gz': 3.74}, {'t_us': 626713328, 'ax': -0.82, 'ay': 0.19, 'az': -0.73, 'gx': -22.73, 'gy': -3.16, 'gz': 2.79}, {'t_us': 626733274, 'ax': -0.78, 'ay': 0.16, 'az': -0.73, 'gx': -21.53, 'gy': -0.58, 'gz': -1.89}]",2026-02-13 10:49:50,0.0
"[{'t_us': 626759369, 'ax': -0.72, 'ay': 0.13, 'az': -0.7, 'gx': -13.97, 'gy': -5.76, 'gz': -5.57}, {'t_us': 626773300, 'ax': -0.69, 'ay': 0.11, 'az': -0.72, 'gx': -11.15, 'gy': -6.05, 'gz': -3.57}, {'t_us': 626793310, 'ax': -0.69, 'ay': 0.1, 'az': -0.73, 'gx': -6.76, 'gy': -9.65, 'gz': -3.24}, {'t_us': 626813267, 'ax': -0.66, 'ay': 0.06, 'az': -0.7, 'gx': -4.46, 'gy': -15.66, 'gz': -0.23}, {'t_us': 626833274, 'ax': -0.69, 'ay': 0.03, 'az': -0.67, 'gx': -5.56, 'gy': -21.73, 'gz': 2.12}]",2026-02-13 10:49:50,0.0
"[{'t_us': 626858449, 'ax': -0.75, 'ay': 0.01, 'az': -0.63, 'gx': -9.97, 'gy': -27.47, 'gz': 3.91}, {'t_us': 626873310, 'ax': -0.76, 'ay': 0.06, 'az': -0.6, 'gx': -13.18, 'gy': -28.58, 'gz': 2.95}, {'t_us': 626893284, 'ax': -0.7, 'ay': 0.14, 'az': -0.56, 'gx': -16.63, 'gy': -26.96, 'gz': 1.76}, {'t_us': 626913274, 'ax': -0.65, 'ay': 0.19, 'az': -0.55, 'gx': -14.05, 'gy': -19.28, 'gz': -0.32}, {'t_us': 626933310, 'ax': -0.63, 'ay': 0.15, 'az': -0.56, 'gx': -6.49, 'gy': -11.16, 'gz': -1.36}]",2026-02-13 10:49:50,0.0
"[{'t_us': 626958470, 'ax': -0.67, 'ay': 0.11, 'az': -0.54, 'gx': -3.83, 'gy': -8.35, 'gz': 0.09}, {'t_us': 626973332, 'ax': -0.73, 'ay': 0.11, 'az': -0.59, 'gx': -3.02, 'gy': -9.34, 'gz': -0.75}, {'t_us': 626993333, 'ax': -0.79, 'ay': 0.13, 'az': -0.63, 'gx': 0.12, 'gy': -8.35, 'gz': -4.96}, {'t_us': 627013292, 'ax': -0.79, 'ay': 0.15, 'az': -0.6, 'gx': 6.67, 'gy': -7.27, 'gz': -7.98}, {'t_us': 627033321, 'ax': -0.79, 'ay': 0.13, 'az': -0.56, 'gx': 9.68, 'gy': 0.24, 'gz': -7.77}]",2026-02-13 10:49:50,0.0
"[{'t_us': 627057995, 'ax': -0.84, 'ay': 0.04, 'az': -0.57, 'gx': 8.67, 'gy': 2.49, 'gz': -5.07}, {'t_us': 627074133, 'ax': -0.88, 'ay': 0.03, 'az': -0.58, 'gx': 5.6, 'gy': -0.63, 'gz': -3.86}, {'t_us': 627093292, 'ax': -0.87, 'ay': 0.09, 'az': -0.56, 'gx': -2.75, 'gy': -2.23, 'gz': -7.05}, {'t_us': 627113321, 'ax': -0.77, 'ay': 0.17, 'az': -0.5, 'gx': -13.91, 'gy': -0.12, 'gz': -9.19}, {'t_us': 627133326, 'ax': -0.65, 'ay': 0.18, 'az': -0.52, 'gx': -16.7, 'gy': 7.34, 'gz': -7.44}]",2026-02-13 10:49:50,0.0
"[{'t_us': 627159687, 'ax': -0.69, 'ay': 0.17, 'az': -0.57, 'gx': -7.22, 'gy': 11.79, 'gz': -4.29}, {'t_us': 627173303, 'ax': -0.75, 'ay': 0.15, 'az': -0.57, 'gx': 1.19, 'gy': 14.73, 'gz': -6.82}, {'t_us': 627193310, 'ax': -0.81, 'ay': 0.11, 'az': -0.55, 'gx': 8.95, 'gy': 11.39, 'gz': -8.03}, {'t_us': 627213300, 'ax': -0.83, 'ay': 0.09, 'az': -0.58, 'gx': 13.31, 'gy': 7.16, 'gz': -6.96}, {'t_us': 627233329, 'ax': -0.8, 'ay': 0.08, 'az': -0.57, 'gx': 8.5, 'gy': 22.56, 'gz': -7.57}]",2026-02-13 10:49:51,0.0
"[{'t_us': 627258326, 'ax': -0.9, 'ay': 0.09, 'az': -0.65, 'gx': -7.83, 'gy': 37.77, 'gz': -6.75}, {'t_us': 627273320, 'ax': -0.98, 'ay': 0.11, 'az': -0.72, 'gx': -20.72, 'gy': 31.19, 'gz': -5.6}, {'t_us': 627293329, 'ax': -1.02, 'ay': 0.14, 'az': -0.81, 'gx': -31.05, 'gy': 19.33, 'gz': -8.03}, {'t_us': 627313279, 'ax': -0.86, 'ay': 0.15, 'az': -0.72, 'gx': -31.27, 'gy': 12.27, 'gz': -6.85}, {'t_us': 627333329, 'ax': -0.72, 'ay': 0.12, 'az': -0.61, 'gx': -25.42, 'gy': 11.05, 'gz': 0.93}]",2026-02-13 10:49:51,0.0
"[{'t_us': 627361501, 'ax': -0.66, 'ay': 0.03, 'az': -0.69, 'gx': -6.49, 'gy': 27.59, 'gz': -2.12}, {'t_us': 627374716, 'ax': -0.65, 'ay': -0.02, 'az': -0.75, 'gx': 2.46, 'gy': 34.02, 'gz': -4.24}, {'t_us': 627393306, 'ax': -0.65, 'ay': -0.03, 'az': -0.88, 'gx': 10.84, 'gy': 37.42, 'gz': 0.29}, {'t_us': 627413333, 'ax': -0.84, 'ay': -0.03, 'az': -1.0, 'gx': 12.03, 'gy': 25.47, 'gz': 6.55}, {'t_us': 627433329, 'ax': -1.22, 'ay': 0.03, 'az': -0.9, 'gx': 9.6, 'gy': -8.5, 'gz': -5.3}]",2026-02-13 10:49:51,0.0
"[{'t_us': 627461001, 'ax': -0.75, 'ay': 0.07, 'az': -0.5, 'gx': -4.95, 'gy': -10.98, 'gz': -29.19}, {'t_us': 627473300, 'ax': -0.44, 'ay': 0.07, 'az': -0.48, 'gx': -12.11, 'gy': -0.06, 'gz': -26.21}, {'t_us': 627493310, 'ax': -0.28, 'ay': 0.02, 'az': -0.58, 'gx': -16.67, 'gy': 18.11, 'gz': -6.4}, {'t_us': 627513267, 'ax': -0.48, 'ay': -0.01, 'az': -0.74, 'gx': -15.62, 'gy': 35.73, 'gz': 6.24}, {'t_us': 627533292, 'ax': -0.74, 'ay': -0.02, 'az': -0.9, 'gx': -9.77, 'gy': 40.92, 'gz': 3.13}]",2026-02-13 10:49:51,0.0
"[{'t_us': 627558881, 'ax': -0.88, 'ay': 0.01, 'az': -0.94, 'gx': 0.78, 'gy': 20.14, 'gz': -7.5}, {'t_us': 627573271, 'ax': -0.85, 'ay': -0.01, 'az': -0.89, 'gx': 7.15, 'gy': 11.73, 'gz': -12.46}, {'t_us': 627593270, 'ax': -0.7, 'ay': -0.07, 'az': -0.79, 'gx': 10.0, 'gy': 12.9, 'gz': -13.1}, {'t_us': 627613306, 'ax': -0.59, 'ay': -0.11, 'az': -0.77, 'gx': 10.17, 'gy': 14.38, 'gz': -5.28}, {'t_us': 627633279, 'ax': -0.62, 'ay': -0.12, 'az': -0.81, 'gx': 10.47, 'gy': 10.53, 'gz': 1.08}]",2026-02-13 10:49:51,0.0
"[{'t_us': 627660240, 'ax': -0.71, 'ay': -0.11, 'az': -0.94, 'gx': 19.54, 'gy': 1.62, 'gz': 4.98}, {'t_us': 627673517, 'ax': -0.78, 'ay': -0.08, 'az': -0.9, 'gx': 23.37, 'gy': -5.51, 'gz': 4.26}, {'t_us': 627693329, 'ax': -0.79, 'ay': -0.04, 'az': -0.79, 'gx': 27.3, 'gy': -8.29, 'gz': 0.64}, {'t_us': 627713317, 'ax': -0.71, 'ay': -0.03, 'az': -0.75, 'gx': 30.23, 'gy': -4.05, 'gz': -2.17}, {'t_us': 627733271, 'ax': -0.59, 'ay': -0.04, 'az': -0.74, 'gx': 30.76, 'gy': 1.11, 'gz': 0.44}]",2026-02-13 10:49:51,0.0
"[{'t_us': 627759335, 'ax': -0.53, 'ay': -0.08, 'az': -0.75, 'gx': 29.44, 'gy': 3.5, 'gz': 6.81}, {'t_us': 627773326, 'ax': -0.58, 'ay': -0.09, 'az': -0.74, 'gx': 28.75, 'gy': 9.08, 'gz': 8.99}, {'t_us': 627793300, 'ax': -0.67, 'ay': -0.11, 'az': -0.81, 'gx': 30.89, 'gy': 12.35, 'gz': 10.34}, {'t_us': 627813310, 'ax': -0.74, 'ay': -0.08, 'az': -0.84, 'gx': 35.69, 'gy': 9.05, 'gz': 9.11}, {'t_us': 627833317, 'ax': -0.72, 'ay': -0.09, 'az': -0.79, 'gx': 40.75, 'gy': 0.0, 'gz': 6.87}]",2026-02-13 10:49:51,0.0
"[{'t_us': 627859443, 'ax': -0.61, 'ay': -0.12, 'az': -0.69, 'gx': 39.76, 'gy': -4.05, 'gz': 7.8}, {'t_us': 627873306, 'ax': -0.58, 'ay': -0.15, 'az': -0.68, 'gx': 39.27, 'gy': -1.65, 'gz': 11.53}, {'t_us': 627893321, 'ax': -0.64, 'ay': -0.15, 'az': -0.67, 'gx': 37.44, 'gy': 2.2, 'gz': 16.92}, {'t_us': 627913329, 'ax': -0.76, 'ay': -0.14, 'az': -0.7, 'gx': 32.58, 'gy': 0.05, 'gz': 16.96}, {'t_us': 627933290, 'ax': -0.8, 'ay': -0.12, 'az': -0.68, 'gx': 22.73, 'gy': -5.45, 'gz': 14.47}]",2026-02-13 10:49:51,0.0
"[{'t_us': 627959896, 'ax': -0.74, 'ay': -0.08, 'az': -0.64, 'gx': 9.83, 'gy': -5.56, 'gz': 9.82}, {'t_us': 627973300, 'ax': -0.71, 'ay': -0.06, 'az': -0.62, 'gx': 6.5, 'gy': -1.48, 'gz': 9.36}, {'t_us': 627993317, 'ax': -0.72, 'ay': -0.06, 'az': -0.61, 'gx': 4.27, 'gy': 5.94, 'gz': 9.02}, {'t_us': 628013321, 'ax': -0.72, 'ay': -0.07, 'az': -0.59, 'gx': 1.97, 'gy': 9.89, 'gz': 6.61}, {'t_us': 628033279, 'ax': -0.72, 'ay': -0.11, 'az': -0.62, 'gx': -1.86, 'gy': 13.24, 'gz': 4.31}]",2026-02-13 10:49:51,0.0
"[{'t_us': 628059541, 'ax': -0.76, 'ay': -0.13, 'az': -0.66, 'gx': -5.42, 'gy': 10.79, 'gz': 3.07}, {'t_us': 628073344, 'ax': -0.78, 'ay': -0.12, 'az': -0.68, 'gx': -6.79, 'gy': 10.32, 'gz': 1.19}, {'t_us': 628093329, 'ax': -0.76, 'ay': -0.09, 'az': -0.7, 'gx': -7.51, 'gy': 5.63, 'gz': 1.07}, {'t_us': 628113279, 'ax': -0.77, 'ay': -0.11, 'az': -0.73, 'gx': -7.22, 'gy': -2.9, 'gz': 1.91}, {'t_us': 628133306, 'ax': -0.78, 'ay': -0.16, 'az': -0.71, 'gx': -8.53, 'gy': -7.92, 'gz': 1.74}]",2026-02-13 10:49:51,0.0
"[{'t_us': 628159481, 'ax': -0.78, 'ay': -0.19, 'az': -0.66, 'gx': -15.6, 'gy': -13.69, 'gz': 0.46}, {'t_us': 628173326, 'ax': -0.76, 'ay': -0.19, 'az': -0.6, 'gx': -19.98, 'gy': -14.34, 'gz': 1.27}, {'t_us': 628193329, 'ax': -0.73, 'ay': -0.15, 'az': -0.56, 'gx': -28.08, 'gy': -10.52, 'gz': 3.19}, {'t_us': 628213345, 'ax': -0.7, 'ay': -0.14, 'az': -0.57, 'gx': -31.22, 'gy': -4.27, 'gz': 4.34}, {'t_us': 628233321, 'ax': -0.62, 'ay': -0.15, 'az': -0.55, 'gx': -29.79, 'gy': 6.7, 'gz': 7.15}]",2026-02-13 10:49:52,0.0
"[{'t_us': 628257681, 'ax': -0.65, 'ay': -0.17, 'az': -0.56, 'gx': -24.98, 'gy': 12.64, 'gz': 9.24}, {'t_us': 628273267, 'ax': -0.7, 'ay': -0.18, 'az': -0.58, 'gx': -23.95, 'gy': 12.85, 'gz': 7.95}, {'t_us': 628293317, 'ax': -0.72, 'ay': -0.15, 'az': -0.64, 'gx': -26.63, 'gy': 17.57, 'gz': 7.53}, {'t_us': 628313267, 'ax': -0.76, 'ay': -0.13, 'az': -0.79, 'gx': -26.66, 'gy': 25.07, 'gz': 9.31}, {'t_us': 628333292, 'ax': -0.84, 'ay': -0.12, 'az': -0.95, 'gx': -14.53, 'gy': 29.16, 'gz': 9.66}]",2026-02-13 10:49:52,0.0
"[{'t_us': 628359927, 'ax': -0.87, 'ay': -0.16, 'az': -0.94, 'gx': 23.69, 'gy': 15.48, 'gz': 12.73}, {'t_us': 628373303, 'ax': -0.92, 'ay': -0.12, 'az': -0.78, 'gx': 30.47, 'gy': 24.06, 'gz': 10.96}, {'t_us': 628393274, 'ax': -0.9, 'ay': -0.07, 'az': -0.68, 'gx': 25.54, 'gy': 36.99, 'gz': 3.77}, {'t_us': 628413306, 'ax': -0.75, 'ay': -0.07, 'az': -0.65, 'gx': 4.17, 'gy': 26.26, 'gz': 2.17}, {'t_us': 628433321, 'ax': -0.6, 'ay': -0.01, 'az': -0.71, 'gx': -19.82, 'gy': 12.29, 'gz': 8.21}]",2026-02-13 10:49:52,0.0
"[{'t_us': 628459535, 'ax': -0.65, 'ay': 0.07, 'az': -0.87, 'gx': -24.73, 'gy': 18.85, 'gz': 16.37}, {'t_us': 628473304, 'ax': -0.74, 'ay': 0.08, 'az': -0.88, 'gx': -18.29, 'gy': 15.02, 'gz': 14.46}, {'t_us': 628493284, 'ax': -0.74, 'ay': 0.05, 'az': -0.86, 'gx': -6.27, 'gy': 10.95, 'gz': 9.28}, {'t_us': 628513317, 'ax': -0.67, 'ay': 0.02, 'az': -0.8, 'gx': 1.45, 'gy': 15.15, 'gz': 2.34}, {'t_us': 628533274, 'ax': -0.61, 'ay': 0.04, 'az': -0.78, 'gx': 0.79, 'gy': 18.23, 'gz': 2.78}]",2026-02-13 10:49:52,0.0
"[{'t_us': 628559441, 'ax': -0.58, 'ay': 0.09, 'az': -0.85, 'gx': -2.14, 'gy': 6.87, 'gz': 9.98}, {'t_us': 628573878, 'ax': -0.57, 'ay': 0.11, 'az': -0.9, 'gx': 1.89, 'gy': -0.73, 'gz': 15.62}, {'t_us': 628593270, 'ax': -0.64, 'ay': 0.08, 'az': -0.88, 'gx': 6.69, 'gy': 1.82, 'gz': 18.11}, {'t_us': 628613306, 'ax': -0.77, 'ay': 0.15, 'az': -0.88, 'gx': 6.06, 'gy': 3.74, 'gz': 16.46}, {'t_us': 628633310, 'ax': -0.86, 'ay': 0.17, 'az': -0.89, 'gx': 2.79, 'gy': -6.15, 'gz': 11.02}]",2026-02-13 10:49:52,0.0
"[{'t_us': 628659857, 'ax': -0.73, 'ay': 0.08, 'az': -0.86, 'gx': 0.23, 'gy': -14.18, 'gz': 5.33}, {'t_us': 628673321, 'ax': -0.65, 'ay': 0.07, 'az': -0.84, 'gx': -2.15, 'gy': -10.27, 'gz': 6.64}, {'t_us': 628693317, 'ax': -0.59, 'ay': 0.08, 'az': -0.83, 'gx': -8.32, 'gy': -2.85, 'gz': 11.07}, {'t_us': 628713320, 'ax': -0.67, 'ay': 0.15, 'az': -0.81, 'gx': -16.52, 'gy': -3.54, 'gz': 14.34}, {'t_us': 628733273, 'ax': -0.71, 'ay': 0.2, 'az': -0.77, 'gx': -22.64, 'gy': -11.62, 'gz': 11.48}]",2026-02-13 10:49:52,0.0
"[{'t_us': 628757778, 'ax': -0.66, 'ay': 0.24, 'az': -0.71, 'gx': -25.34, 'gy': -11.48, 'gz': 4.27}, {'t_us': 628773279, 'ax': -0.61, 'ay': 0.22, 'az': -0.7, 'gx': -24.9, 'gy': -5.54, 'gz': -1.16}, {'t_us': 628793274, 'ax': -0.56, 'ay': 0.15, 'az': -0.7, 'gx': -25.56, 'gy': -2.08, 'gz': -4.18}, {'t_us': 628813306, 'ax': -0.57, 'ay': 0.1, 'az': -0.71, 'gx': -26.99, 'gy': -2.7, 'gz': -5.19}, {'t_us': 628833329, 'ax': -0.56, 'ay': 0.07, 'az': -0.73, 'gx': -25.51, 'gy': -3.53, 'gz': -4.21}]",2026-02-13 10:49:52,0.0
"[{'t_us': 628859450, 'ax': -0.61, 'ay': 0.09, 'az': -0.76, 'gx': -17.77, 'gy': -6.92, 'gz': -3.05}, {'t_us': 628874256, 'ax': -0.64, 'ay': 0.12, 'az': -0.77, 'gx': -12.02, 'gy': -6.31, 'gz': -2.73}, {'t_us': 628893324, 'ax': -0.69, 'ay': 0.13, 'az': -0.77, 'gx': -6.85, 'gy': -1.77, 'gz': -3.1}, {'t_us': 628913300, 'ax': -0.75, 'ay': 0.13, 'az': -0.78, 'gx': -4.21, 'gy': -0.12, 'gz': -7.13}, {'t_us': 628933317, 'ax': -0.7, 'ay': 0.09, 'az': -0.76, 'gx': -3.8, 'gy': -10.58, 'gz': -7.92}]",2026-02-13 10:49:52,0.0
"[{'t_us': 628959886, 'ax': -0.65, 'ay': 0.01, 'az': -0.71, 'gx': -0.23, 'gy': -17.86, 'gz': -2.14}, {'t_us': 628973300, 'ax': -0.66, 'ay': 0.01, 'az': -0.67, 'gx': 0.47, 'gy': -15.04, 'gz': 2.67}, {'t_us': 628993274, 'ax': -0.75, 'ay': 0.0, 'az': -0.67, 'gx': 1.74, 'gy': -13.34, 'gz': 5.3}, {'t_us': 629013306, 'ax': -0.83, 'ay': 0.02, 'az': -0.65, 'gx': 1.63, 'gy': -19.21, 'gz': 3.34}, {'t_us': 629033326, 'ax': -0.82, 'ay': 0.03, 'az': -0.59, 'gx': 1.34, 'gy': -14.78, 'gz': 2.96}]",2026-02-13 10:49:52,0.0
"[{'t_us': 629058089, 'ax': -0.8, 'ay': 0.04, 'az': -0.59, 'gx': 2.82, 'gy': -3.11, 'gz': 4.75}, {'t_us': 629073326, 'ax': -0.76, 'ay': 0.08, 'az': -0.62, 'gx': 3.85, 'gy': -3.62, 'gz': 5.95}, {'t_us': 629093321, 'ax': -0.71, 'ay': 0.09, 'az': -0.7, 'gx': 8.09, 'gy': -9.19, 'gz': 9.39}, {'t_us': 629113300, 'ax': -0.81, 'ay': 0.09, 'az': -0.73, 'gx': 13.04, 'gy': -14.0, 'gz': 10.56}, {'t_us': 629133289, 'ax': -0.93, 'ay': 0.12, 'az': -0.72, 'gx': 17.94, 'gy': -21.57, 'gz': 3.45}]",2026-02-13 10:49:52,0.0
"[{'t_us': 629159886, 'ax': -0.69, 'ay': 0.11, 'az': -0.4, 'gx': 13.45, 'gy': -25.89, 'gz': -5.57}, {'t_us': 629175355, 'ax': -0.53, 'ay': 0.07, 'az': -0.44, 'gx': 8.32, 'gy': -3.62, 'gz': -2.87}, {'t_us': 629193341, 'ax': -0.54, 'ay': 0.06, 'az': -0.69, 'gx': 20.98, 'gy': 0.31, 'gz': 7.13}, {'t_us': 629213306, 'ax': -0.75, 'ay': 0.06, 'az': -0.69, 'gx': 38.79, 'gy': -8.12, 'gz': 13.91}, {'t_us': 629233333, 'ax': -0.98, 'ay': 0.04, 'az': -0.36, 'gx': 37.22, 'gy': -3.27, 'gz': 9.33}]",2026-02-13 10:49:53,0.0
"[{'t_us': 629259789, 'ax': -0.84, 'ay': -0.0, 'az': -0.44, 'gx': 19.13, 'gy': 23.5, 'gz': -12.15}, {'t_us': 629273326, 'ax': -0.66, 'ay': -0.01, 'az': -0.55, 'gx': 8.41, 'gy': 12.73, 'gz': -12.23}, {'t_us': 629293329, 'ax': -0.48, 'ay': -0.01, 'az': -0.67, 'gx': -4.58, 'gy': 13.83, 'gz': -0.47}, {'t_us': 629313326, 'ax': -0.7, 'ay': 0.03, 'az': -0.81, 'gx': -4.56, 'gy': 29.5, 'gz': 10.7}, {'t_us': 629333310, 'ax': -0.97, 'ay': 0.13, 'az': -0.81, 'gx': 6.52, 'gy': 16.37, 'gz': 17.22}]",2026-02-13 10:49:53,0.0
"[{'t_us': 629358135, 'ax': -0.97, 'ay': 0.21, 'az': -0.73, 'gx': 12.18, 'gy': 1.91, 'gz': 15.51}, {'t_us': 629373310, 'ax': -0.88, 'ay': 0.2, 'az': -0.87, 'gx': 16.84, 'gy': 1.42, 'gz': 11.57}, {'t_us': 629393317, 'ax': -0.94, 'ay': 0.19, 'az': -0.88, 'gx': 29.68, 'gy': -0.24, 'gz': 10.9}, {'t_us': 629413310, 'ax': -1.22, 'ay': 0.22, 'az': -0.59, 'gx': 27.73, 'gy': -5.63, 'gz': 0.32}, {'t_us': 629433329, 'ax': -0.84, 'ay': 0.07, 'az': -0.48, 'gx': -2.5, 'gy': 4.47, 'gz': -19.98}]",2026-02-13 10:49:53,0.0
"[{'t_us': 629459955, 'ax': -0.48, 'ay': 0.02, 'az': -0.63, 'gx': -31.92, 'gy': 0.43, 'gz': 0.4}, {'t_us': 629473268, 'ax': -0.58, 'ay': 0.03, 'az': -0.68, 'gx': -26.43, 'gy': 5.95, 'gz': 9.21}, {'t_us': 629493267, 'ax': -0.82, 'ay': 0.07, 'az': -0.82, 'gx': -2.81, 'gy': 22.05, 'gz': 3.34}, {'t_us': 629513321, 'ax': -0.87, 'ay': 0.01, 'az': -0.84, 'gx': 10.63, 'gy': 22.03, 'gz': -7.39}, {'t_us': 629533292, 'ax': -0.82, 'ay': 0.01, 'az': -0.82, 'gx': 14.53, 'gy': 17.63, 'gz': -14.23}]",2026-02-13 10:49:53,0.0
"[{'t_us': 629559910, 'ax': -0.67, 'ay': 0.01, 'az': -0.74, 'gx': 3.89, 'gy': 8.41, 'gz': -16.24}, {'t_us': 629573345, 'ax': -0.63, 'ay': -0.01, 'az': -0.73, 'gx': -3.45, 'gy': 1.65, 'gz': -14.52}, {'t_us': 629593284, 'ax': -0.6, 'ay': -0.06, 'az': -0.8, 'gx': -5.3, 'gy': -1.48, 'gz': -13.22}, {'t_us': 629613306, 'ax': -0.58, 'ay': -0.11, 'az': -0.77, 'gx': -6.38, 'gy': -1.82, 'gz': -11.65}, {'t_us': 629633329, 'ax': -0.58, 'ay': -0.17, 'az': -0.79, 'gx': -8.76, 'gy': 5.47, 'gz': -6.26}]",2026-02-13 10:49:53,0.0
"[{'t_us': 629659443, 'ax': -0.66, 'ay': -0.16, 'az': -0.85, 'gx': -6.76, 'gy': 8.79, 'gz': -0.69}, {'t_us': 629673543, 'ax': -0.67, 'ay': -0.06, 'az': -0.87, 'gx': -0.58, 'gy': 9.36, 'gz': 2.64}, {'t_us': 629693270, 'ax': -0.68, 'ay': -0.02, 'az': -0.82, 'gx': 6.41, 'gy': 2.99, 'gz': 2.92}, {'t_us': 629713333, 'ax': -0.65, 'ay': -0.02, 'az': -0.78, 'gx': 8.53, 'gy': -1.45, 'gz': 2.15}, {'t_us': 629733329, 'ax': -0.63, 'ay': -0.04, 'az': -0.76, 'gx': 10.5, 'gy': -4.0, 'gz': 1.8}]",2026-02-13 10:49:53,0.0
"[{'t_us': 629757657, 'ax': -0.65, 'ay': -0.11, 'az': -0.78, 'gx': 13.66, 'gy': -4.84, 'gz': 2.38}, {'t_us': 629773321, 'ax': -0.69, 'ay': -0.1, 'az': -0.77, 'gx': 14.41, 'gy': -6.72, 'gz': 2.52}, {'t_us': 629793329, 'ax': -0.72, 'ay': -0.1, 'az': -0.75, 'gx': 15.63, 'gy': -9.45, 'gz': 1.45}, {'t_us': 629813306, 'ax': -0.7, 'ay': -0.09, 'az': -0.73, 'gx': 18.93, 'gy': -11.48, 'gz': 2.4}, {'t_us': 629833321, 'ax': -0.68, 'ay': -0.11, 'az': -0.72, 'gx': 20.95, 'gy': -12.09, 'gz': 3.8}]",2026-02-13 10:49:53,0.0
"[{'t_us': 629859900, 'ax': -0.72, 'ay': -0.11, 'az': -0.72, 'gx': 20.14, 'gy': -14.32, 'gz': 5.44}, {'t_us': 629873306, 'ax': -0.77, 'ay': -0.1, 'az': -0.72, 'gx': 18.55, 'gy': -19.56, 'gz': 5.73}, {'t_us': 629893310, 'ax': -0.74, 'ay': -0.09, 'az': -0.69, 'gx': 16.87, 'gy': -24.31, 'gz': 5.36}, {'t_us': 629913311, 'ax': -0.72, 'ay': -0.08, 'az': -0.66, 'gx': 17.1, 'gy': -23.36, 'gz': 7.94}, {'t_us': 629933274, 'ax': -0.75, 'ay': -0.09, 'az': -0.66, 'gx': 20.81, 'gy': -19.83, 'gz': 10.14}]",2026-02-13 10:49:53,0.0
"[{'t_us': 629959462, 'ax': -0.85, 'ay': -0.08, 'az': -0.67, 'gx': 21.86, 'gy': -18.79, 'gz': 7.57}, {'t_us': 629973339, 'ax': -0.89, 'ay': -0.1, 'az': -0.68, 'gx': 19.24, 'gy': -18.06, 'gz': 2.98}, {'t_us': 629993279, 'ax': -0.87, 'ay': -0.11, 'az': -0.66, 'gx': 14.5, 'gy': -22.41, 'gz': -2.18}, {'t_us': 630013271, 'ax': -0.79, 'ay': -0.15, 'az': -0.61, 'gx': 10.72, 'gy': -26.43, 'gz': -2.76}, {'t_us': 630033270, 'ax': -0.74, 'ay': -0.14, 'az': -0.53, 'gx': 6.29, 'gy': -22.7, 'gz': -1.02}]",2026-02-13 10:49:53,0.0
"[{'t_us': 630059384, 'ax': -0.74, 'ay': -0.1, 'az': -0.5, 'gx': -3.73, 'gy': -12.78, 'gz': -0.09}, {'t_us': 630074599, 'ax': -0.75, 'ay': -0.08, 'az': -0.51, 'gx': -9.13, 'gy': -13.82, 'gz': -1.63}, {'t_us': 630093333, 'ax': -0.73, 'ay': -0.11, 'az': -0.56, 'gx': -12.46, 'gy': -11.85, 'gz': -4.69}, {'t_us': 630113292, 'ax': -0.74, 'ay': -0.18, 'az': -0.62, 'gx': -9.97, 'gy': -8.61, 'gz': -4.09}, {'t_us': 630133292, 'ax': -0.86, 'ay': -0.2, 'az': -0.59, 'gx': -6.06, 'gy': -9.77, 'gz': -1.44}]",2026-02-13 10:49:53,
"[{'t_us': 630159391, 'ax': -0.87, 'ay': -0.23, 'az': -0.5, 'gx': -6.11, 'gy': -4.32, 'gz': -1.36}, {'t_us': 630173333, 'ax': -0.81, 'ay': -0.25, 'az': -0.47, 'gx': -5.59, 'gy': 4.98, 'gz': -0.79}, {'t_us': 630193267, 'ax': -0.75, 'ay': -0.26, 'az': -0.55, 'gx': -5.97, 'gy': 6.46, 'gz': 3.92}, {'t_us': 630213267, 'ax': -0.85, 'ay': -0.2, 'az': -0.58, 'gx': -5.11, 'gy': 1.18, 'gz': 12.98}, {'t_us': 630233306, 'ax': -0.96, 'ay': -0.05, 'az': -0.63, 'gx': -4.26, 'gy': 11.15, 'gz': 11.39}]",2026-02-13 10:49:54,0.0
"[{'t_us': 630258179, 'ax': -0.73, 'ay': 0.08, 'az': -0.58, 'gx': -5.47, 'gy': 23.33, 'gz': 5.98}, {'t_us': 630273270, 'ax': -0.64, 'ay': 0.15, 'az': -0.51, 'gx': -11.44, 'gy': 24.99, 'gz': 6.09}, {'t_us': 630293270, 'ax': -0.68, 'ay': 0.14, 'az': -0.46, 'gx': -21.73, 'gy': 29.54, 'gz': 2.7}, {'t_us': 630313306, 'ax': -0.86, 'ay': 0.06, 'az': -0.47, 'gx': -32.31, 'gy': 16.63, 'gz': 8.02}, {'t_us': 630333310, 'ax': -0.94, 'ay': -0.02, 'az': -0.43, 'gx': -46.06, 'gy': -13.56, 'gz': -1.91}]",2026-02-13 10:49:54,0.0
"[{'t_us': 630358009, 'ax': -0.81, 'ay': -0.07, 'az': -0.38, 'gx': -67.91, 'gy': -40.84, 'gz': -4.63}, {'t_us': 630373622, 'ax': -0.91, 'ay': -0.06, 'az': -0.37, 'gx': -77.02, 'gy': -54.35, 'gz': -2.99}, {'t_us': 630393300, 'ax': -1.11, 'ay': -0.11, 'az': -0.31, 'gx': -80.61, 'gy': -69.92, 'gz': -13.83}, {'t_us': 630413329, 'ax': -1.02, 'ay': -0.18, 'az': -0.48, 'gx': -83.91, 'gy': -76.53, 'gz': -27.4}, {'t_us': 630433329, 'ax': -0.6, 'ay': -0.29, 'az': -1.2, 'gx': -71.88, 'gy': -34.26, 'gz': -34.08}]",2026-02-13 10:49:54,0.0
"[{'t_us': 630459585, 'ax': -0.63, 'ay': -0.27, 'az': -1.56, 'gx': 12.49, 'gy': 62.14, 'gz': -19.79}, {'t_us': 630473344, 'ax': -1.06, 'ay': -0.2, 'az': -1.34, 'gx': 25.27, 'gy': 56.05, 'gz': -19.89}, {'t_us': 630493300, 'ax': -1.19, 'ay': -0.05, 'az': -0.82, 'gx': 11.83, 'gy': -12.49, 'gz': -10.53}, {'t_us': 630513310, 'ax': -0.86, 'ay': 0.18, 'az': -0.34, 'gx': -29.94, 'gy': -33.21, 'gz': 11.57}, {'t_us': 630533326, 'ax': -0.46, 'ay': 0.19, 'az': -0.3, 'gx': -52.37, 'gy': -2.96, 'gz': 10.0}]",2026-02-13 10:49:54,0.0
"[{'t_us': 630560303, 'ax': -0.53, 'ay': -0.13, 'az': -0.63, 'gx': -39.77, 'gy': 16.99, 'gz': 25.77}, {'t_us': 630573304, 'ax': -0.8, 'ay': -0.22, 'az': -0.74, 'gx': -42.17, 'gy': 10.76, 'gz': 34.38}, {'t_us': 630593310, 'ax': -1.16, 'ay': -0.16, 'az': -0.72, 'gx': -30.7, 'gy': -43.71, 'gz': 37.97}, {'t_us': 630613267, 'ax': -1.13, 'ay': 0.15, 'az': -0.67, 'gx': -10.93, 'gy': -77.79, 'gz': 27.91}, {'t_us': 630633309, 'ax': -0.93, 'ay': 0.3, 'az': -0.29, 'gx': 12.32, 'gy': -64.34, 'gz': 11.71}]",2026-02-13 10:49:54,0.0
"[{'t_us': 630659878, 'ax': -0.74, 'ay': 0.36, 'az': -0.23, 'gx': 28.96, 'gy': -40.92, 'gz': 14.08}, {'t_us': 630673291, 'ax': -0.75, 'ay': 0.41, 'az': -0.22, 'gx': 29.47, 'gy': -45.45, 'gz': 19.69}, {'t_us': 630693274, 'ax': -0.87, 'ay': 0.42, 'az': -0.12, 'gx': 2.66, 'gy': -81.02, 'gz': 16.11}, {'t_us': 630713306, 'ax': -0.92, 'ay': 0.46, 'az': -0.21, 'gx': -37.13, 'gy': -98.92, 'gz': 0.5}, {'t_us': 630733304, 'ax': -0.96, 'ay': 0.47, 'az': -0.25, 'gx': -57.24, 'gy': -117.51, 'gz': -24.78}]",2026-02-13 10:49:54,0.0
"[{'t_us': 630760003, 'ax': -0.77, 'ay': 0.36, 'az': -0.31, 'gx': -57.31, 'gy': -63.79, 'gz': -52.66}, {'t_us': 630773310, 'ax': -0.79, 'ay': 0.14, 'az': -0.36, 'gx': -58.03, 'gy': -47.57, 'gz': -57.34}, {'t_us': 630793317, 'ax': -0.84, 'ay': -0.11, 'az': -0.61, 'gx': -61.24, 'gy': -18.52, 'gz': -55.97}, {'t_us': 630813267, 'ax': -0.85, 'ay': -0.22, 'az': -0.84, 'gx': -55.01, 'gy': -19.54, 'gz': -28.95}, {'t_us': 630833306, 'ax': -1.0, 'ay': -0.51, 'az': -0.83, 'gx': -40.06, 'gy': -50.06, 'gz': 3.13}]",2026-02-13 10:49:54,0.0
"[{'t_us': 630858286, 'ax': -0.99, 'ay': -0.31, 'az': -0.6, 'gx': -20.23, 'gy': -79.65, 'gz': 12.92}, {'t_us': 630873274, 'ax': -0.85, 'ay': 0.22, 'az': -0.48, 'gx': -14.03, 'gy': -74.02, 'gz': 12.4}, {'t_us': 630893300, 'ax': -0.83, 'ay': 0.64, 'az': -0.54, 'gx': -9.56, 'gy': -64.95, 'gz': 13.51}, {'t_us': 630913310, 'ax': -0.75, 'ay': 0.47, 'az': -0.5, 'gx': 0.09, 'gy': -28.27, 'gz': -7.08}, {'t_us': 630933333, 'ax': -0.46, 'ay': 0.13, 'az': -0.17, 'gx': -27.01, 'gy': -43.57, 'gz': 0.9}]",2026-02-13 10:49:54,0.0
"[{'t_us': 630960190, 'ax': -0.74, 'ay': 0.05, 'az': -0.03, 'gx': -80.37, 'gy': -40.38, 'gz': 37.47}, {'t_us': 630973329, 'ax': -1.18, 'ay': -0.12, 'az': -0.03, 'gx': -85.5, 'gy': -29.8, 'gz': 9.04}, {'t_us': 630993333, 'ax': -1.07, 'ay': -0.12, 'az': -0.11, 'gx': -74.52, 'gy': -98.02, 'gz': -19.42}, {'t_us': 631013292, 'ax': -0.52, 'ay': -0.16, 'az': 0.05, 'gx': -56.89, 'gy': -87.68, 'gz': 18.87}, {'t_us': 631033270, 'ax': -1.23, 'ay': -0.16, 'az': -0.08, 'gx': -44.44, 'gy': -41.19, 'gz': 54.15}]",2026-02-13 10:49:54,0.0
"[{'t_us': 631058768, 'ax': -1.83, 'ay': 0.09, 'az': -0.43, 'gx': -24.2, 'gy': -92.73, 'gz': 20.31}, {'t_us': 631073329, 'ax': -1.41, 'ay': 0.07, 'az': -0.21, 'gx': -11.04, 'gy': -152.6, 'gz': -3.19}, {'t_us': 631093333, 'ax': -0.64, 'ay': 0.07, 'az': -0.03, 'gx': 1.25, 'gy': -144.53, 'gz': -16.06}, {'t_us': 631113292, 'ax': -0.15, 'ay': -0.13, 'az': -0.03, 'gx': 13.57, 'gy': -120.84, 'gz': 3.83}, {'t_us': 631133300, 'ax': -0.12, 'ay': -0.32, 'az': 0.14, 'gx': 26.23, 'gy': -100.35, 'gz': 44.02}]",2026-02-13 10:49:54,0.0
"[{'t_us': 631160266, 'ax': -0.7, 'ay': -0.0, 'az': 0.27, 'gx': 10.15, 'gy': -88.15, 'gz': 69.08}, {'t_us': 631173312, 'ax': -1.13, 'ay': 0.26, 'az': 0.11, 'gx': -0.08, 'gy': -91.71, 'gz': 63.69}, {'t_us': 631193329, 'ax': -1.47, 'ay': 0.58, 'az': -0.03, 'gx': -3.71, 'gy': -107.83, 'gz': 27.13}, {'t_us': 631213333, 'ax': -1.15, 'ay': 0.62, 'az': -0.16, 'gx': 7.71, 'gy': -114.6, 'gz': -9.27}, {'t_us': 631233306, 'ax': -0.66, 'ay': 0.27, 'az': -0.04, 'gx': 17.57, 'gy': -96.75, 'gz': -25.01}]",2026-02-13 10:49:55,0.0
"[{'t_us': 631258215, 'ax': -0.49, 'ay': 0.05, 'az': 0.29, 'gx': 7.15, 'gy': -104.23, 'gz': -11.86}, {'t_us': 631273327, 'ax': -0.56, 'ay': -0.06, 'az': 0.07, 'gx': -1.47, 'gy': -82.67, 'gz': 0.26}, {'t_us': 631293300, 'ax': -0.65, 'ay': 0.01, 'az': -0.26, 'gx': 12.05, 'gy': -97.08, 'gz': 12.21}, {'t_us': 631313310, 'ax': -0.75, 'ay': 0.05, 'az': -0.2, 'gx': 15.56, 'gy': -97.66, 'gz': 17.08}, {'t_us': 631333270, 'ax': -0.75, 'ay': 0.15, 'az': -0.15, 'gx': -5.65, 'gy': -90.5, 'gz': 17.22}]",2026-02-13 10:49:55,0.0
"[{'t_us': 631359870, 'ax': -0.72, 'ay': 0.3, 'az': -0.29, 'gx': -20.0, 'gy': -112.82, 'gz': -6.55}, {'t_us': 631373270, 'ax': -0.51, 'ay': 0.31, 'az': -0.34, 'gx': -14.64, 'gy': -114.38, 'gz': -11.6}, {'t_us': 631393306, 'ax': -0.2, 'ay': 0.24, 'az': -0.28, 'gx': 0.73, 'gy': -110.17, 'gz': -8.7}, {'t_us': 631413279, 'ax': 0.03, 'ay': 0.09, 'az': -0.02, 'gx': 13.56, 'gy': -110.56, 'gz': 2.24}, {'t_us': 631433279, 'ax': 0.17, 'ay': -0.13, 'az': 0.1, 'gx': 16.32, 'gy': -90.64, 'gz': 20.9}]",2026-02-13 10:49:55,0.0
"[{'t_us': 631458561, 'ax': 0.14, 'ay': -0.25, 'az': 0.16, 'gx': 20.06, 'gy': -55.8, 'gz': 45.73}, {'t_us': 631473267, 'ax': 0.11, 'ay': -0.15, 'az': 0.19, 'gx': 10.35, 'gy': -48.67, 'gz': 60.66}, {'t_us': 631493300, 'ax': -0.11, 'ay': -0.02, 'az': 0.09, 'gx': -0.6, 'gy': -52.15, 'gz': 67.66}, {'t_us': 631513333, 'ax': -0.26, 'ay': 0.04, 'az': 0.01, 'gx': -1.24, 'gy': -61.5, 'gz': 60.93}, {'t_us': 631533333, 'ax': -0.25, 'ay': 0.02, 'az': 0.06, 'gx': 1.56, 'gy': -77.05, 'gz': 56.27}]",2026-02-13 10:49:55,0.0
"[{'t_us': 631559101, 'ax': 0.08, 'ay': -0.3, 'az': -0.22, 'gx': 15.54, 'gy': -89.65, 'gz': 60.15}, {'t_us': 631573416, 'ax': 0.13, 'ay': -0.32, 'az': -0.27, 'gx': 22.99, 'gy': -102.85, 'gz': 64.26}, {'t_us': 631593292, 'ax': 0.22, 'ay': -0.2, 'az': -0.37, 'gx': 30.98, 'gy': -141.66, 'gz': 60.34}, {'t_us': 631613321, 'ax': 0.4, 'ay': -0.11, 'az': 0.3, 'gx': 19.79, 'gy': -177.39, 'gz': 49.21}, {'t_us': 631633326, 'ax': 0.36, 'ay': 0.24, 'az': 1.15, 'gx': -5.11, 'gy': -128.72, 'gz': 38.56}]",2026-02-13 10:49:55,0.0
"[{'t_us': 631660882, 'ax': -1.13, 'ay': 1.7, 'az': 2.0, 'gx': -153.56, 'gy': -84.29, 'gz': 44.93}, {'t_us': 631673278, 'ax': -1.49, 'ay': 1.8, 'az': 2.0, 'gx': -160.61, 'gy': -86.08, 'gz': 18.84}, {'t_us': 631693279, 'ax': -0.69, 'ay': 1.04, 'az': 2.0, 'gx': -7.79, 'gy': -128.02, 'gz': 22.6}, {'t_us': 631713310, 'ax': -0.5, 'ay': 0.97, 'az': 2.0, 'gx': -3.92, 'gy': -172.11, 'gz': 1.05}, {'t_us': 631733333, 'ax': 0.56, 'ay': 1.45, 'az': 2.0, 'gx': -154.67, 'gy': -151.18, 'gz': -13.45}]",2026-02-13 10:49:55,0.0
"[{'t_us': 631757866, 'ax': 0.59, 'ay': 0.87, 'az': 2.0, 'gx': -159.8, 'gy': -82.31, 'gz': 24.26}, {'t_us': 631773937, 'ax': 0.79, 'ay': 0.02, 'az': 0.98, 'gx': 61.4, 'gy': 13.37, 'gz': -22.95}, {'t_us': 631793310, 'ax': 0.39, 'ay': -0.26, 'az': 0.88, 'gx': 133.4, 'gy': 123.76, 'gz': 20.55}, {'t_us': 631813267, 'ax': -0.19, 'ay': 0.07, 'az': 0.8, 'gx': -8.61, 'gy': 42.78, 'gz': 63.34}, {'t_us': 631833321, 'ax': -0.89, 'ay': 0.33, 'az': 0.29, 'gx': -91.85, 'gy': -52.37, 'gz': 65.56}]",2026-02-13 10:49:55,0.0
"[{'t_us': 631859679, 'ax': -0.8, 'ay': 0.39, 'az': 0.68, 'gx': -43.77, 'gy': -111.39, 'gz': -38.12}, {'t_us': 631874312, 'ax': 0.19, 'ay': -0.01, 'az': 0.55, 'gx': -18.14, 'gy': -52.95, 'gz': -65.45}, {'t_us': 631893326, 'ax': 0.8, 'ay': -0.22, 'az': 0.22, 'gx': 17.02, 'gy': -13.71, 'gz': -47.71}, {'t_us': 631913279, 'ax': 0.8, 'ay': -0.52, 'az': 0.55, 'gx': 11.37, 'gy': -25.62, 'gz': 7.13}, {'t_us': 631933320, 'ax': 0.27, 'ay': -0.6, 'az': 0.87, 'gx': 1.68, 'gy': -7.68, 'gz': 36.2}]",2026-02-13 10:49:55,0.0
"[{'t_us': 631959939, 'ax': -0.26, 'ay': 0.18, 'az': 0.66, 'gx': -23.98, 'gy': 32.87, 'gz': 3.39}, {'t_us': 631973270, 'ax': -0.15, 'ay': 0.3, 'az': 0.64, 'gx': -19.25, 'gy': 14.12, 'gz': -9.28}, {'t_us': 631993317, 'ax': 0.2, 'ay': 0.22, 'az': 0.83, 'gx': -0.31, 'gy': 17.92, 'gz': -10.05}, {'t_us': 632013321, 'ax': 0.17, 'ay': -0.15, 'az': 0.81, 'gx': 7.3, 'gy': 35.95, 'gz': 2.47}, {'t_us': 632033301, 'ax': -0.03, 'ay': -0.14, 'az': 0.74, 'gx': 11.51, 'gy': 26.73, 'gz': 7.68}]",2026-02-13 10:49:56,0.0
"[{'t_us': 632057732, 'ax': -0.15, 'ay': -0.02, 'az': 0.76, 'gx': 16.21, 'gy': 2.31, 'gz': 4.06}, {'t_us': 632073292, 'ax': -0.06, 'ay': 0.1, 'az': 0.84, 'gx': 19.48, 'gy': 4.89, 'gz': -1.91}, {'t_us': 632093321, 'ax': 0.15, 'ay': 0.24, 'az': 0.89, 'gx': 19.88, 'gy': 13.86, 'gz': -3.01}, {'t_us': 632113274, 'ax': 0.19, 'ay': 0.35, 'az': 1.08, 'gx': 18.11, 'gy': -2.67, 'gz': 6.73}, {'t_us': 632133306, 'ax': 0.01, 'ay': 0.38, 'az': 1.21, 'gx': 11.71, 'gy': -8.26, 'gz': 14.95}]",2026-02-13 10:49:56,0.0
"[{'t_us': 632159691, 'ax': -0.22, 'ay': 0.31, 'az': 1.04, 'gx': 12.67, 'gy': 18.98, 'gz': 2.43}, {'t_us': 632173329, 'ax': -0.22, 'ay': 0.26, 'az': 1.01, 'gx': 13.86, 'gy': 15.54, 'gz': -2.67}, {'t_us': 632193274, 'ax': -0.23, 'ay': 0.24, 'az': 1.04, 'gx': 8.29, 'gy': 8.76, 'gz': -6.53}, {'t_us': 632213274, 'ax': -0.22, 'ay': 0.24, 'az': 1.03, 'gx': -0.66, 'gy': 14.14, 'gz': -17.33}, {'t_us': 632233325, 'ax': -0.1, 'ay': 0.3, 'az': 0.97, 'gx': -6.98, 'gy': 16.95, 'gz': -26.55}]",2026-02-13 10:49:56,0.0
"[{'t_us': 632257590, 'ax': 0.01, 'ay': 0.33, 'az': 0.84, 'gx': -1.59, 'gy': 10.21, 'gz': -17.16}, {'t_us': 632273333, 'ax': -0.04, 'ay': 0.25, 'az': 0.8, 'gx': 2.31, 'gy': 10.46, 'gz': -6.24}, {'t_us': 632293333, 'ax': -0.17, 'ay': 0.17, 'az': 0.89, 'gx': 4.08, 'gy': 7.65, 'gz': -2.87}, {'t_us': 632313310, 'ax': -0.26, 'ay': 0.16, 'az': 0.9, 'gx': -3.88, 'gy': 19.74, 'gz': -8.4}, {'t_us': 632333321, 'ax': -0.23, 'ay': 0.16, 'az': 0.75, 'gx': -9.21, 'gy': 12.06, 'gz': -11.05}]",2026-02-13 10:49:56,0.0
"[{'t_us': 632357923, 'ax': -0.14, 'ay': 0.18, 'az': 0.73, 'gx': -6.02, 'gy': -3.79, 'gz': -6.32}, {'t_us': 632373329, 'ax': -0.13, 'ay': 0.16, 'az': 0.82, 'gx': -2.26, 'gy': -2.32, 'gz': -4.09}, {'t_us': 632393267, 'ax': -0.12, 'ay': 0.1, 'az': 0.89, 'gx': 0.34, 'gy': -1.13, 'gz': -4.31}, {'t_us': 632413300, 'ax': -0.08, 'ay': 0.11, 'az': 0.86, 'gx': -3.3, 'gy': 2.14, 'gz': -4.23}, {'t_us': 632433274, 'ax': -0.05, 'ay': 0.16, 'az': 0.76, 'gx': -5.04, 'gy': 0.87, 'gz': -0.76}]",2026-02-13 10:49:56,0.0
"[{'t_us': 632459351, 'ax': -0.08, 'ay': 0.24, 'az': 0.88, 'gx': 1.62, 'gy': -0.67, 'gz': 3.85}, {'t_us': 632475763, 'ax': -0.13, 'ay': 0.22, 'az': 0.96, 'gx': 2.15, 'gy': 6.18, 'gz': 2.38}, {'t_us': 632493310, 'ax': -0.1, 'ay': 0.21, 'az': 0.92, 'gx': 0.43, 'gy': 9.47, 'gz': -1.18}, {'t_us': 632513267, 'ax': -0.11, 'ay': 0.22, 'az': 0.93, 'gx': -2.63, 'gy': 12.98, 'gz': 0.08}, {'t_us': 632533333, 'ax': -0.17, 'ay': 0.24, 'az': 0.95, 'gx': -6.37, 'gy': 8.6, 'gz': -1.59}]",2026-02-13 10:49:56,0.0
"[{'t_us': 632559816, 'ax': -0.1, 'ay': 0.23, 'az': 0.9, 'gx': -5.95, 'gy': 7.44, 'gz': -6.23}, {'t_us': 632573306, 'ax': -0.07, 'ay': 0.22, 'az': 0.88, 'gx': -4.63, 'gy': 7.76, 'gz': -5.28}, {'t_us': 632593279, 'ax': -0.04, 'ay': 0.2, 'az': 0.85, 'gx': -5.53, 'gy': 4.23, 'gz': -1.16}, {'t_us': 632613310, 'ax': -0.07, 'ay': 0.19, 'az': 0.81, 'gx': -3.92, 'gy': -6.55, 'gz': 4.84}, {'t_us': 632633333, 'ax': -0.12, 'ay': 0.19, 'az': 0.82, 'gx': 0.56, 'gy': -13.8, 'gz': 7.62}]",2026-02-13 10:49:56,0.0
"[{'t_us': 632659935, 'ax': -0.07, 'ay': 0.2, 'az': 0.96, 'gx': 2.24, 'gy': -4.32, 'gz': -0.12}, {'t_us': 632673284, 'ax': -0.03, 'ay': 0.21, 'az': 1.0, 'gx': -1.11, 'gy': 2.09, 'gz': -1.73}, {'t_us': 632693317, 'ax': -0.01, 'ay': 0.17, 'az': 1.0, 'gx': -8.76, 'gy': 3.71, 'gz': 0.55}, {'t_us': 632713321, 'ax': -0.05, 'ay': 0.17, 'az': 0.92, 'gx': -12.21, 'gy': 8.92, 'gz': 2.93}, {'t_us': 632733321, 'ax': -0.12, 'ay': 0.15, 'az': 0.85, 'gx': -9.45, 'gy': 10.64, 'gz': 3.51}]",2026-02-13 10:49:56,0.0
"[{'t_us': 632757712, 'ax': -0.19, 'ay': 0.16, 'az': 0.87, 'gx': -3.22, 'gy': 10.75, 'gz': 1.5}, {'t_us': 632773321, 'ax': -0.19, 'ay': 0.16, 'az': 0.93, 'gx': -2.61, 'gy': 11.01, 'gz': -1.27}, {'t_us': 632793284, 'ax': -0.13, 'ay': 0.2, 'az': 0.91, 'gx': -5.22, 'gy': 9.63, 'gz': -3.83}, {'t_us': 632813317, 'ax': -0.07, 'ay': 0.2, 'az': 0.88, 'gx': -5.45, 'gy': 4.76, 'gz': -1.39}, {'t_us': 632833300, 'ax': -0.1, 'ay': 0.18, 'az': 0.86, 'gx': -3.15, 'gy': 2.9, 'gz': 1.62}]",2026-02-13 10:49:56,0.0
"[{'t_us': 632857804, 'ax': -0.13, 'ay': 0.18, 'az': 0.9, 'gx': -3.25, 'gy': 2.12, 'gz': 0.02}, {'t_us': 632873317, 'ax': -0.1, 'ay': 0.2, 'az': 0.85, 'gx': -4.66, 'gy': 0.72, 'gz': -2.9}, {'t_us': 632893292, 'ax': -0.01, 'ay': 0.22, 'az': 0.8, 'gx': -2.67, 'gy': -2.92, 'gz': -1.62}, {'t_us': 632913321, 'ax': -0.03, 'ay': 0.23, 'az': 0.87, 'gx': 0.2, 'gy': -4.58, 'gz': 2.0}, {'t_us': 632933333, 'ax': -0.08, 'ay': 0.21, 'az': 0.96, 'gx': -1.94, 'gy': -1.13, 'gz': 2.87}]",2026-02-13 10:49:56,0.0
"[{'t_us': 632959349, 'ax': -0.08, 'ay': 0.17, 'az': 0.97, 'gx': -11.57, 'gy': 4.08, 'gz': -0.73}, {'t_us': 632973273, 'ax': -0.09, 'ay': 0.18, 'az': 0.93, 'gx': -14.58, 'gy': 6.85, 'gz': -1.24}, {'t_us': 632993329, 'ax': -0.11, 'ay': 0.19, 'az': 0.88, 'gx': -13.31, 'gy': 7.66, 'gz': -0.87}, {'t_us': 633013279, 'ax': -0.13, 'ay': 0.21, 'az': 0.88, 'gx': -9.04, 'gy': 9.69, 'gz': -1.36}, {'t_us': 633033310, 'ax': -0.12, 'ay': 0.2, 'az': 0.86, 'gx': -7.07, 'gy': 12.49, 'gz': -1.77}]",2026-02-13 10:49:56,0.0
"[{'t_us': 633059349, 'ax': -0.15, 'ay': 0.17, 'az': 0.83, 'gx': -5.48, 'gy': 9.05, 'gz': 0.76}, {'t_us': 633073279, 'ax': -0.17, 'ay': 0.17, 'az': 0.82, 'gx': -4.85, 'gy': 4.09, 'gz': 1.86}, {'t_us': 633093306, 'ax': -0.18, 'ay': 0.18, 'az': 0.86, 'gx': -5.07, 'gy': -3.86, 'gz': -0.32}, {'t_us': 633113333, 'ax': -0.1, 'ay': 0.2, 'az': 0.94, 'gx': -7.25, 'gy': -6.56, 'gz': -4.0}, {'t_us': 633133333, 'ax': -0.01, 'ay': 0.22, 'az': 0.98, 'gx': -9.33, 'gy': 0.47, 'gz': -4.53}]",2026-02-13 10:49:56,0.0
"[{'t_us': 633157784, 'ax': -0.01, 'ay': 0.22, 'az': 0.96, 'gx': -15.47, 'gy': 8.6, 'gz': -1.56}, {'t_us': 633173278, 'ax': -0.05, 'ay': 0.23, 'az': 0.91, 'gx': -18.03, 'gy': 12.89, 'gz': 0.06}, {'t_us': 633193306, 'ax': -0.1, 'ay': 0.18, 'az': 0.83, 'gx': -14.82, 'gy': 14.95, 'gz': 0.92}, {'t_us': 633213317, 'ax': -0.16, 'ay': 0.12, 'az': 0.79, 'gx': -7.91, 'gy': 10.37, 'gz': 2.58}, {'t_us': 633233321, 'ax': -0.2, 'ay': 0.08, 'az': 0.77, 'gx': -3.24, 'gy': 1.69, 'gz': 1.47}]",2026-02-13 10:49:57,0.0
"[{'t_us': 633257901, 'ax': -0.14, 'ay': 0.09, 'az': 0.92, 'gx': -3.6, 'gy': -8.06, 'gz': -1.21}, {'t_us': 633273333, 'ax': -0.12, 'ay': 0.14, 'az': 1.03, 'gx': -6.05, 'gy': -6.38, 'gz': -4.18}, {'t_us': 633293326, 'ax': -0.04, 'ay': 0.16, 'az': 1.07, 'gx': -10.02, 'gy': 0.35, 'gz': -5.79}, {'t_us': 633313279, 'ax': 0.01, 'ay': 0.1, 'az': 0.93, 'gx': -10.53, 'gy': 3.33, 'gz': -2.05}, {'t_us': 633333274, 'ax': -0.07, 'ay': 0.09, 'az': 0.87, 'gx': -6.35, 'gy': 1.98, 'gz': 1.79}]",2026-02-13 10:49:57,0.0
"[{'t_us': 633357906, 'ax': -0.15, 'ay': 0.05, 'az': 0.86, 'gx': 1.57, 'gy': 10.08, 'gz': -1.01}, {'t_us': 633373444, 'ax': -0.17, 'ay': 0.06, 'az': 0.89, 'gx': 6.75, 'gy': 16.17, 'gz': -2.09}, {'t_us': 633393270, 'ax': -0.23, 'ay': 0.03, 'az': 0.88, 'gx': 11.45, 'gy': 15.98, 'gz': -4.18}, {'t_us': 633413284, 'ax': -0.21, 'ay': 0.05, 'az': 0.91, 'gx': 11.3, 'gy': 4.4, 'gz': -4.35}, {'t_us': 633433300, 'ax': -0.12, 'ay': 0.13, 'az': 0.88, 'gx': 10.49, 'gy': 1.83, 'gz': -5.28}]",2026-02-13 10:49:57,0.0
"[{'t_us': 633459437, 'ax': -0.06, 'ay': 0.18, 'az': 0.86, 'gx': 14.12, 'gy': 9.91, 'gz': -4.66}, {'t_us': 633473896, 'ax': -0.07, 'ay': 0.19, 'az': 0.82, 'gx': 16.27, 'gy': 10.29, 'gz': -2.92}, {'t_us': 633493320, 'ax': -0.08, 'ay': 0.21, 'az': 0.81, 'gx': 17.44, 'gy': 5.36, 'gz': -1.07}, {'t_us': 633513274, 'ax': -0.13, 'ay': 0.25, 'az': 0.85, 'gx': 18.61, 'gy': -1.07, 'gz': -1.21}, {'t_us': 633533306, 'ax': -0.17, 'ay': 0.29, 'az': 0.99, 'gx': 14.06, 'gy': -0.87, 'gz': -5.19}]",2026-02-13 10:49:57,0.0
"[{'t_us': 633559641, 'ax': -0.06, 'ay': 0.27, 'az': 0.98, 'gx': -4.67, 'gy': -2.14, 'gz': -8.56}, {'t_us': 633573299, 'ax': -0.02, 'ay': 0.24, 'az': 0.9, 'gx': -12.95, 'gy': -0.58, 'gz': -6.08}, {'t_us': 633593310, 'ax': -0.06, 'ay': 0.27, 'az': 0.88, 'gx': -14.24, 'gy': 6.35, 'gz': -1.95}, {'t_us': 633613279, 'ax': -0.15, 'ay': 0.27, 'az': 0.86, 'gx': -8.08, 'gy': 11.83, 'gz': -2.44}, {'t_us': 633633292, 'ax': -0.14, 'ay': 0.28, 'az': 0.88, 'gx': -4.24, 'gy': 15.05, 'gz': -5.68}]",2026-02-13 10:49:57,0.0
"[{'t_us': 633659443, 'ax': -0.16, 'ay': 0.21, 'az': 0.87, 'gx': -4.89, 'gy': 13.13, 'gz': -4.75}, {'t_us': 633673289, 'ax': -0.15, 'ay': 0.22, 'az': 0.85, 'gx': -7.5, 'gy': 5.51, 'gz': -1.19}, {'t_us': 633693326, 'ax': -0.19, 'ay': 0.18, 'az': 0.79, 'gx': -8.2, 'gy': -2.09, 'gz': 1.83}, {'t_us': 633713274, 'ax': -0.17, 'ay': 0.2, 'az': 0.81, 'gx': -5.88, 'gy': -6.81, 'gz': 0.03}, {'t_us': 633733275, 'ax': -0.11, 'ay': 0.23, 'az': 0.89, 'gx': -3.39, 'gy': -4.53, 'gz': -1.05}]",2026-02-13 10:49:57,0.0
"[{'t_us': 633759335, 'ax': -0.04, 'ay': 0.19, 'az': 0.95, 'gx': -3.65, 'gy': -0.56, 'gz': 0.21}, {'t_us': 633773333, 'ax': -0.04, 'ay': 0.17, 'az': 0.96, 'gx': -7.69, 'gy': 4.0, 'gz': 2.21}, {'t_us': 633793333, 'ax': -0.11, 'ay': 0.15, 'az': 0.93, 'gx': -12.96, 'gy': 7.25, 'gz': 1.88}, {'t_us': 633813267, 'ax': -0.16, 'ay': 0.13, 'az': 0.89, 'gx': -12.21, 'gy': 10.23, 'gz': -0.05}, {'t_us': 633833284, 'ax': -0.18, 'ay': 0.13, 'az': 0.89, 'gx': -8.38, 'gy': 12.27, 'gz': -1.39}]",2026-02-13 10:49:57,0.0
"[{'t_us': 633858180, 'ax': -0.2, 'ay': 0.15, 'az': 0.92, 'gx': -9.13, 'gy': 13.73, 'gz': -5.37}, {'t_us': 633873284, 'ax': -0.15, 'ay': 0.16, 'az': 0.88, 'gx': -10.23, 'gy': 10.4, 'gz': -7.89}, {'t_us': 633893284, 'ax': -0.02, 'ay': 0.17, 'az': 0.78, 'gx': -2.24, 'gy': 10.14, 'gz': -7.97}, {'t_us': 633913320, 'ax': 0.02, 'ay': 0.14, 'az': 0.81, 'gx': 12.21, 'gy': 16.05, 'gz': -1.31}, {'t_us': 633933333, 'ax': -0.1, 'ay': 0.14, 'az': 0.92, 'gx': 14.03, 'gy': 28.35, 'gz': 3.36}]",2026-02-13 10:49:57,0.0
"[{'t_us': 633959389, 'ax': -0.24, 'ay': 0.15, 'az': 0.92, 'gx': 5.95, 'gy': 28.6, 'gz': 1.5}, {'t_us': 633975801, 'ax': -0.25, 'ay': 0.16, 'az': 0.86, 'gx': 6.31, 'gy': 26.6, 'gz': -5.07}, {'t_us': 633993317, 'ax': -0.2, 'ay': 0.16, 'az': 0.86, 'gx': 10.12, 'gy': 25.79, 'gz': -6.93}, {'t_us': 634013314, 'ax': -0.16, 'ay': 0.13, 'az': 0.87, 'gx': 13.04, 'gy': 31.22, 'gz': -7.69}, {'t_us': 634033267, 'ax': -0.15, 'ay': 0.11, 'az': 0.88, 'gx': 11.42, 'gy': 44.27, 'gz': -4.66}]",2026-02-13 10:49:57,0.0
"[{'t_us': 634059785, 'ax': -0.22, 'ay': 0.18, 'az': 0.91, 'gx': 6.29, 'gy': 48.64, 'gz': -0.6}, {'t_us': 634073310, 'ax': -0.3, 'ay': 0.23, 'az': 0.9, 'gx': 3.39, 'gy': 42.73, 'gz': -2.29}, {'t_us': 634093317, 'ax': -0.36, 'ay': 0.27, 'az': 0.88, 'gx': -1.11, 'gy': 37.68, 'gz': -6.17}, {'t_us': 634113306, 'ax': -0.37, 'ay': 0.27, 'az': 0.86, 'gx': -2.76, 'gy': 29.27, 'gz': -8.92}, {'t_us': 634133279, 'ax': -0.32, 'ay': 0.23, 'az': 0.81, 'gx': -2.89, 'gy': 12.27, 'gz': -11.59}]",2026-02-13 10:49:57,0.0
"[{'t_us': 634159458, 'ax': -0.2, 'ay': 0.23, 'az': 0.78, 'gx': -1.13, 'gy': -10.15, 'gz': -8.98}, {'t_us': 634173306, 'ax': -0.15, 'ay': 0.27, 'az': 0.78, 'gx': -0.73, 'gy': -14.11, 'gz': -5.97}, {'t_us': 634193310, 'ax': -0.09, 'ay': 0.29, 'az': 0.77, 'gx': 2.2, 'gy': -9.86, 'gz': 0.34}, {'t_us': 634213317, 'ax': -0.06, 'ay': 0.27, 'az': 0.8, 'gx': 8.81, 'gy': 1.97, 'gz': 7.16}, {'t_us': 634233333, 'ax': -0.12, 'ay': 0.18, 'az': 0.86, 'gx': 16.6, 'gy': 22.73, 'gz': 11.11}]",2026-02-13 10:49:58,0.0
"[{'t_us': 634257825, 'ax': -0.18, 'ay': 0.24, 'az': 1.01, 'gx': 14.82, 'gy': 51.85, 'gz': 6.18}, {'t_us': 634273306, 'ax': -0.27, 'ay': 0.3, 'az': 1.14, 'gx': 2.12, 'gy': 46.6, 'gz': 4.6}, {'t_us': 634293292, 'ax': -0.46, 'ay': 0.31, 'az': 1.15, 'gx': -27.63, 'gy': 15.4, 'gz': -0.79}, {'t_us': 634313347, 'ax': -0.47, 'ay': 0.28, 'az': 0.89, 'gx': -42.9, 'gy': -11.88, 'gz': -9.5}, {'t_us': 634333300, 'ax': -0.4, 'ay': 0.23, 'az': 0.55, 'gx': -24.64, 'gy': -10.14, 'gz': -18.43}]",2026-02-13 10:49:58,0.0
"[{'t_us': 634359442, 'ax': -0.23, 'ay': 0.19, 'az': 0.68, 'gx': 15.42, 'gy': -6.95, 'gz': -26.02}, {'t_us': 634373329, 'ax': -0.17, 'ay': 0.15, 'az': 0.94, 'gx': 15.4, 'gy': -3.51, 'gz': -24.27}, {'t_us': 634393333, 'ax': -0.15, 'ay': 0.09, 'az': 1.11, 'gx': -3.54, 'gy': -8.84, 'gz': -18.76}, {'t_us': 634413292, 'ax': -0.19, 'ay': 0.07, 'az': 0.88, 'gx': -14.89, 'gy': -13.18, 'gz': -18.31}, {'t_us': 634433270, 'ax': -0.28, 'ay': 0.11, 'az': 0.7, 'gx': -2.26, 'gy': -6.73, 'gz': -30.72}]",2026-02-13 10:49:58,0.0
"[{'t_us': 634459658, 'ax': -0.29, 'ay': 0.17, 'az': 0.81, 'gx': 10.61, 'gy': 3.69, 'gz': -40.55}, {'t_us': 634473300, 'ax': -0.25, 'ay': 0.16, 'az': 0.83, 'gx': 9.54, 'gy': -5.33, 'gz': -36.06}, {'t_us': 634493310, 'ax': -0.16, 'ay': 0.09, 'az': 0.81, 'gx': 10.17, 'gy': -17.13, 'gz': -26.47}, {'t_us': 634513270, 'ax': -0.13, 'ay': 0.05, 'az': 0.84, 'gx': 17.37, 'gy': -2.93, 'gz': -24.61}, {'t_us': 634533267, 'ax': -0.12, 'ay': 0.16, 'az': 0.87, 'gx': 17.37, 'gy': 7.79, 'gz': -20.46}]",2026-02-13 10:49:58,0.0
"[{'t_us': 634557877, 'ax': -0.27, 'ay': 0.33, 'az': 0.86, 'gx': -0.02, 'gy': -4.03, 'gz': -4.69}, {'t_us': 634573326, 'ax': -0.32, 'ay': 0.4, 'az': 0.8, 'gx': -2.55, 'gy': -2.5, 'gz': -7.88}, {'t_us': 634593329, 'ax': -0.36, 'ay': 0.4, 'az': 0.77, 'gx': 4.79, 'gy': 2.02, 'gz': -14.29}, {'t_us': 634613279, 'ax': -0.3, 'ay': 0.4, 'az': 0.84, 'gx': 8.6, 'gy': -5.39, 'gz': -14.18}, {'t_us': 634633333, 'ax': -0.22, 'ay': 0.38, 'az': 0.88, 'gx': 3.69, 'gy': -14.35, 'gz': -7.3}]",2026-02-13 10:49:58,0.0
"[{'t_us': 634660219, 'ax': -0.19, 'ay': 0.31, 'az': 0.89, 'gx': -0.56, 'gy': -11.91, 'gz': -20.64}, {'t_us': 634673267, 'ax': -0.13, 'ay': 0.24, 'az': 0.89, 'gx': -0.61, 'gy': 1.54, 'gz': -24.72}, {'t_us': 634693631, 'ax': -0.16, 'ay': 0.18, 'az': 0.86, 'gx': 2.89, 'gy': 15.01, 'gz': -26.09}, {'t_us': 634713306, 'ax': -0.26, 'ay': 0.18, 'az': 0.8, 'gx': 2.09, 'gy': 24.55, 'gz': -18.75}, {'t_us': 634733333, 'ax': -0.39, 'ay': 0.19, 'az': 0.76, 'gx': -1.33, 'gy': 18.67, 'gz': -7.89}]",2026-02-13 10:49:58,0.0
"[{'t_us': 634757672, 'ax': -0.34, 'ay': 0.16, 'az': 0.76, 'gx': -2.81, 'gy': 5.6, 'gz': 2.56}, {'t_us': 634773310, 'ax': -0.36, 'ay': 0.09, 'az': 0.8, 'gx': -4.98, 'gy': 10.67, 'gz': 9.69}, {'t_us': 634793317, 'ax': -0.39, 'ay': 0.02, 'az': 0.84, 'gx': -2.52, 'gy': 2.96, 'gz': 13.44}, {'t_us': 634813267, 'ax': -0.34, 'ay': -0.07, 'az': 0.85, 'gx': 7.97, 'gy': -6.23, 'gz': 17.36}, {'t_us': 634833334, 'ax': -0.34, 'ay': -0.06, 'az': 0.91, 'gx': 18.32, 'gy': 3.31, 'gz': 18.79}]",2026-02-13 10:49:58,0.0
"[{'t_us': 634860123, 'ax': -0.37, 'ay': 0.28, 'az': 0.9, 'gx': 3.59, 'gy': 22.64, 'gz': 15.08}, {'t_us': 634873274, 'ax': -0.39, 'ay': 0.46, 'az': 0.9, 'gx': -12.03, 'gy': 11.66, 'gz': 8.43}, {'t_us': 634893274, 'ax': -0.35, 'ay': 0.59, 'az': 0.84, 'gx': -25.07, 'gy': -12.15, 'gz': -4.63}, {'t_us': 634913306, 'ax': -0.22, 'ay': 0.49, 'az': 0.75, 'gx': -11.62, 'gy': -12.0, 'gz': -4.7}, {'t_us': 634933333, 'ax': -0.14, 'ay': 0.33, 'az': 0.74, 'gx': 6.79, 'gy': -4.46, 'gz': 2.12}]",2026-02-13 10:49:58,0.0
"[{'t_us': 634960127, 'ax': -0.09, 'ay': 0.21, 'az': 0.86, 'gx': 1.36, 'gy': 1.74, 'gz': 1.13}, {'t_us': 634973306, 'ax': -0.06, 'ay': 0.18, 'az': 0.89, 'gx': -11.47, 'gy': 0.55, 'gz': -2.76}, {'t_us': 634993310, 'ax': -0.04, 'ay': 0.2, 'az': 0.91, 'gx': -23.36, 'gy': 1.18, 'gz': -2.69}, {'t_us': 635013274, 'ax': -0.14, 'ay': 0.3, 'az': 0.87, 'gx': -22.38, 'gy': 7.92, 'gz': 0.23}, {'t_us': 635033333, 'ax': -0.27, 'ay': 0.3, 'az': 0.87, 'gx': -16.29, 'gy': 16.38, 'gz': 1.02}]",2026-02-13 10:49:58,0.0
"[{'t_us': 635058253, 'ax': -0.36, 'ay': 0.22, 'az': 0.89, 'gx': -11.85, 'gy': 11.68, 'gz': -0.15}, {'t_us': 635073333, 'ax': -0.37, 'ay': 0.17, 'az': 0.88, 'gx': -9.82, 'gy': 2.98, 'gz': -2.46}, {'t_us': 635093333, 'ax': -0.31, 'ay': 0.09, 'az': 0.85, 'gx': -8.2, 'gy': -3.02, 'gz': -4.73}, {'t_us': 635113292, 'ax': -0.27, 'ay': 0.04, 'az': 0.83, 'gx': -7.37, 'gy': -2.17, 'gz': -5.37}, {'t_us': 635133274, 'ax': -0.23, 'ay': 0.09, 'az': 0.85, 'gx': -10.21, 'gy': -4.95, 'gz': -4.75}]",2026-02-13 10:49:58,0.0
"[{'t_us': 635158384, 'ax': -0.21, 'ay': 0.17, 'az': 0.86, 'gx': -13.3, 'gy': -8.37, 'gz': -5.79}, {'t_us': 635173329, 'ax': -0.23, 'ay': 0.17, 'az': 0.87, 'gx': -8.2, 'gy': -2.02, 'gz': -5.6}, {'t_us': 635193333, 'ax': -0.21, 'ay': 0.14, 'az': 0.88, 'gx': 1.3, 'gy': 8.49, 'gz': -3.89}, {'t_us': 635213292, 'ax': -0.22, 'ay': 0.11, 'az': 0.89, 'gx': 5.94, 'gy': 15.3, 'gz': -3.97}, {'t_us': 635233292, 'ax': -0.21, 'ay': 0.11, 'az': 0.85, 'gx': 3.89, 'gy': 19.62, 'gz': -5.82}]",2026-02-13 10:49:59,0.0
"[{'t_us': 635257827, 'ax': -0.18, 'ay': 0.16, 'az': 0.85, 'gx': -7.71, 'gy': 20.09, 'gz': -4.34}, {'t_us': 635274018, 'ax': -0.26, 'ay': 0.23, 'az': 0.94, 'gx': -15.89, 'gy': 26.17, 'gz': -4.12}, {'t_us': 635293321, 'ax': -0.37, 'ay': 0.24, 'az': 0.86, 'gx': -21.24, 'gy': 10.93, 'gz': -0.73}, {'t_us': 635313274, 'ax': -0.39, 'ay': 0.09, 'az': 0.58, 'gx': 14.05, 'gy': 2.49, 'gz': 4.66}, {'t_us': 635333267, 'ax': -0.44, 'ay': 0.07, 'az': 0.71, 'gx': 38.89, 'gy': 13.53, 'gz': -4.44}]",2026-02-13 10:49:59,0.0
"[{'t_us': 635357972, 'ax': -0.23, 'ay': 0.1, 'az': 0.89, 'gx': 13.94, 'gy': 9.01, 'gz': -7.01}, {'t_us': 635373299, 'ax': -0.22, 'ay': 0.21, 'az': 0.86, 'gx': -12.08, 'gy': -1.24, 'gz': -1.19}, {'t_us': 635393321, 'ax': -0.32, 'ay': 0.41, 'az': 0.84, 'gx': -31.13, 'gy': -9.33, 'gz': -3.8}, {'t_us': 635413329, 'ax': -0.38, 'ay': 0.49, 'az': 0.75, 'gx': -15.13, 'gy': -9.39, 'gz': -6.53}, {'t_us': 635433333, 'ax': -0.33, 'ay': 0.35, 'az': 0.88, 'gx': 8.0, 'gy': -7.05, 'gz': -10.89}]",2026-02-13 10:49:59,0.0
"[{'t_us': 635458015, 'ax': -0.24, 'ay': 0.14, 'az': 0.94, 'gx': 8.87, 'gy': 5.33, 'gz': -6.93}, {'t_us': 635473317, 'ax': -0.26, 'ay': 0.05, 'az': 0.85, 'gx': 3.5, 'gy': 10.76, 'gz': -2.7}, {'t_us': 635493321, 'ax': -0.26, 'ay': 0.06, 'az': 0.81, 'gx': -4.43, 'gy': 11.25, 'gz': 3.62}, {'t_us': 635513317, 'ax': -0.25, 'ay': 0.19, 'az': 0.84, 'gx': -12.72, 'gy': 9.48, 'gz': 6.09}, {'t_us': 635533326, 'ax': -0.26, 'ay': 0.29, 'az': 0.84, 'gx': -11.22, 'gy': 12.67, 'gz': 6.9}]",2026-02-13 10:49:59,0.0
"[{'t_us': 635560214, 'ax': -0.29, 'ay': 0.31, 'az': 0.83, 'gx': -4.81, 'gy': 14.31, 'gz': 7.13}, {'t_us': 635573267, 'ax': -0.3, 'ay': 0.26, 'az': 0.84, 'gx': -2.96, 'gy': 13.76, 'gz': 6.61}, {'t_us': 635593267, 'ax': -0.32, 'ay': 0.2, 'az': 0.86, 'gx': -2.55, 'gy': 13.62, 'gz': 4.56}, {'t_us': 635613300, 'ax': -0.32, 'ay': 0.16, 'az': 0.84, 'gx': -3.48, 'gy': 13.04, 'gz': 3.15}, {'t_us': 635633317, 'ax': -0.32, 'ay': 0.18, 'az': 0.84, 'gx': -6.58, 'gy': 6.47, 'gz': 2.72}]",2026-02-13 10:49:59,0.0
"[{'t_us': 635660196, 'ax': -0.33, 'ay': 0.19, 'az': 0.83, 'gx': -9.51, 'gy': -2.17, 'gz': -0.09}, {'t_us': 635673274, 'ax': -0.3, 'ay': 0.16, 'az': 0.81, 'gx': -6.37, 'gy': -1.37, 'gz': -0.05}, {'t_us': 635693306, 'ax': -0.28, 'ay': 0.13, 'az': 0.82, 'gx': 2.08, 'gy': 1.42, 'gz': 0.38}, {'t_us': 635713318, 'ax': -0.26, 'ay': 0.11, 'az': 0.84, 'gx': 4.92, 'gy': 4.7, 'gz': 0.32}, {'t_us': 635733321, 'ax': -0.26, 'ay': 0.13, 'az': 0.87, 'gx': -2.67, 'gy': 4.63, 'gz': 2.0}]",2026-02-13 10:49:59,0.0
"[{'t_us': 635759361, 'ax': -0.31, 'ay': 0.23, 'az': 0.81, 'gx': -9.42, 'gy': 2.53, 'gz': 0.66}, {'t_us': 635773267, 'ax': -0.3, 'ay': 0.29, 'az': 0.82, 'gx': -7.86, 'gy': 2.26, 'gz': 0.0}, {'t_us': 635793267, 'ax': -0.28, 'ay': 0.27, 'az': 0.87, 'gx': -2.78, 'gy': 4.55, 'gz': 1.22}, {'t_us': 635813300, 'ax': -0.3, 'ay': 0.19, 'az': 0.93, 'gx': 0.03, 'gy': 6.32, 'gz': 2.56}, {'t_us': 635833310, 'ax': -0.33, 'ay': 0.13, 'az': 0.88, 'gx': -1.68, 'gy': 4.37, 'gz': 2.03}]",2026-02-13 10:49:59,0.0
"[{'t_us': 635861105, 'ax': -0.31, 'ay': 0.12, 'az': 0.81, 'gx': -1.56, 'gy': 4.2, 'gz': 1.4}, {'t_us': 635873270, 'ax': -0.3, 'ay': 0.16, 'az': 0.83, 'gx': -2.6, 'gy': 3.95, 'gz': 1.04}, {'t_us': 635893321, 'ax': -0.29, 'ay': 0.22, 'az': 0.82, 'gx': -4.47, 'gy': 0.98, 'gz': 0.89}, {'t_us': 635913329, 'ax': -0.29, 'ay': 0.24, 'az': 0.81, 'gx': -3.18, 'gy': -0.08, 'gz': 0.49}, {'t_us': 635933279, 'ax': -0.28, 'ay': 0.24, 'az': 0.82, 'gx': -1.4, 'gy': -0.37, 'gz': 0.76}]",2026-02-13 10:49:59,0.0
"[{'t_us': 635960986, 'ax': -0.29, 'ay': 0.21, 'az': 0.84, 'gx': -2.11, 'gy': -0.43, 'gz': -0.46}, {'t_us': 635973326, 'ax': -0.28, 'ay': 0.2, 'az': 0.83, 'gx': -2.55, 'gy': 0.5, 'gz': -0.63}, {'t_us': 635993329, 'ax': -0.29, 'ay': 0.21, 'az': 0.85, 'gx': -3.15, 'gy': 2.14, 'gz': -0.53}, {'t_us': 636013267, 'ax': -0.29, 'ay': 0.21, 'az': 0.84, 'gx': -3.31, 'gy': 2.66, 'gz': -0.56}, {'t_us': 636033300, 'ax': -0.28, 'ay': 0.21, 'az': 0.82, 'gx': -2.56, 'gy': 2.27, 'gz': -0.99}]",2026-02-13 10:49:59,0.0
"[{'t_us': 636058004, 'ax': -0.28, 'ay': 0.19, 'az': 0.84, 'gx': -2.06, 'gy': 2.96, 'gz': -1.13}, {'t_us': 636073333, 'ax': -0.29, 'ay': 0.2, 'az': 0.84, 'gx': -2.96, 'gy': 2.21, 'gz': -0.58}, {'t_us': 636093279, 'ax': -0.28, 'ay': 0.21, 'az': 0.82, 'gx': -4.06, 'gy': 0.03, 'gz': -0.79}, {'t_us': 636113310, 'ax': -0.28, 'ay': 0.21, 'az': 0.81, 'gx': -3.59, 'gy': 0.9, 'gz': -0.06}, {'t_us': 636133270, 'ax': -0.3, 'ay': 0.21, 'az': 0.84, 'gx': -1.44, 'gy': 3.79, 'gz': 0.0}]",2026-02-13 10:49:59,0.0
"[{'t_us': 636160141, 'ax': -0.31, 'ay': 0.21, 'az': 0.85, 'gx': -1.07, 'gy': 4.21, 'gz': -0.61}, {'t_us': 636173326, 'ax': -0.31, 'ay': 0.2, 'az': 0.84, 'gx': -1.89, 'gy': 3.74, 'gz': -1.16}, {'t_us': 636193329, 'ax': -0.3, 'ay': 0.19, 'az': 0.82, 'gx': -2.95, 'gy': 2.18, 'gz': -2.53}, {'t_us': 636213279, 'ax': -0.28, 'ay': 0.2, 'az': 0.82, 'gx': -2.95, 'gy': 3.04, 'gz': -3.48}, {'t_us': 636233333, 'ax': -0.28, 'ay': 0.21, 'az': 0.83, 'gx': -2.27, 'gy': 4.69, 'gz': -3.1}]",2026-02-13 10:50:00,0.0
"[{'t_us': 636260392, 'ax': -0.27, 'ay': 0.23, 'az': 0.85, 'gx': -1.07, 'gy': 4.26, 'gz': -0.72}, {'t_us': 636273306, 'ax': -0.27, 'ay': 0.23, 'az': 0.87, 'gx': -1.19, 'gy': 4.6, 'gz': 0.09}, {'t_us': 636293310, 'ax': -0.3, 'ay': 0.21, 'az': 0.88, 'gx': -1.74, 'gy': 5.37, 'gz': -0.12}, {'t_us': 636313267, 'ax': -0.31, 'ay': 0.18, 'az': 0.85, 'gx': -2.67, 'gy': 4.87, 'gz': -1.5}, {'t_us': 636333306, 'ax': -0.3, 'ay': 0.18, 'az': 0.83, 'gx': -2.76, 'gy': 4.11, 'gz': -2.47}]",2026-02-13 10:50:00,0.0
"[{'t_us': 636357965, 'ax': -0.3, 'ay': 0.19, 'az': 0.85, 'gx': -2.41, 'gy': 2.6, 'gz': -2.32}, {'t_us': 636373317, 'ax': -0.31, 'ay': 0.19, 'az': 0.84, 'gx': -2.38, 'gy': 0.44, 'gz': -1.98}, {'t_us': 636393321, 'ax': -0.32, 'ay': 0.2, 'az': 0.86, 'gx': -3.69, 'gy': -3.04, 'gz': -2.27}, {'t_us': 636413274, 'ax': -0.31, 'ay': 0.19, 'az': 0.86, 'gx': -4.31, 'gy': -2.34, 'gz': -3.11}, {'t_us': 636433270, 'ax': -0.31, 'ay': 0.18, 'az': 0.86, 'gx': -2.96, 'gy': 4.41, 'gz': -4.21}]",2026-02-13 10:50:00,0.0
"[{'t_us': 636459504, 'ax': -0.31, 'ay': 0.15, 'az': 0.85, 'gx': -0.27, 'gy': 11.79, 'gz': -5.44}, {'t_us': 636474072, 'ax': -0.31, 'ay': 0.16, 'az': 0.83, 'gx': -1.74, 'gy': 8.87, 'gz': -5.07}, {'t_us': 636493300, 'ax': -0.3, 'ay': 0.19, 'az': 0.8, 'gx': -4.2, 'gy': 1.6, 'gz': -4.31}, {'t_us': 636513285, 'ax': -0.26, 'ay': 0.22, 'az': 0.8, 'gx': -3.92, 'gy': -1.68, 'gz': -4.34}, {'t_us': 636533317, 'ax': -0.25, 'ay': 0.22, 'az': 0.83, 'gx': -2.11, 'gy': 2.18, 'gz': -4.37}]",2026-02-13 10:50:00,0.0
"[{'t_us': 636557628, 'ax': -0.25, 'ay': 0.21, 'az': 0.86, 'gx': -0.46, 'gy': 7.02, 'gz': -3.27}, {'t_us': 636573348, 'ax': -0.27, 'ay': 0.21, 'az': 0.87, 'gx': -0.78, 'gy': 11.59, 'gz': -1.94}, {'t_us': 636593333, 'ax': -0.29, 'ay': 0.22, 'az': 0.86, 'gx': -1.44, 'gy': 15.73, 'gz': -1.59}, {'t_us': 636613292, 'ax': -0.32, 'ay': 0.22, 'az': 0.82, 'gx': -1.74, 'gy': 10.09, 'gz': -0.95}, {'t_us': 636633321, 'ax': -0.31, 'ay': 0.21, 'az': 0.8, 'gx': -0.6, 'gy': 1.05, 'gz': -1.04}]",2026-02-13 10:50:00,0.0
"[{'t_us': 636659427, 'ax': -0.29, 'ay': 0.21, 'az': 0.84, 'gx': -2.03, 'gy': 2.41, 'gz': -0.98}, {'t_us': 636673273, 'ax': -0.3, 'ay': 0.22, 'az': 0.84, 'gx': -3.36, 'gy': 3.02, 'gz': -1.53}, {'t_us': 636693310, 'ax': -0.28, 'ay': 0.22, 'az': 0.84, 'gx': -4.27, 'gy': 4.24, 'gz': -1.88}, {'t_us': 636713267, 'ax': -0.3, 'ay': 0.21, 'az': 0.84, 'gx': -3.98, 'gy': 6.92, 'gz': -1.05}, {'t_us': 636733306, 'ax': -0.31, 'ay': 0.21, 'az': 0.85, 'gx': -4.27, 'gy': 6.69, 'gz': -0.73}]",2026-02-13 10:50:00,0.0
"[{'t_us': 636759406, 'ax': -0.31, 'ay': 0.21, 'az': 0.82, 'gx': -4.05, 'gy': 0.93, 'gz': -1.57}, {'t_us': 636773317, 'ax': -0.29, 'ay': 0.21, 'az': 0.83, 'gx': -3.53, 'gy': 0.66, 'gz': -1.42}, {'t_us': 636793270, 'ax': -0.29, 'ay': 0.21, 'az': 0.85, 'gx': -3.11, 'gy': 3.71, 'gz': -1.53}, {'t_us': 636813270, 'ax': -0.3, 'ay': 0.21, 'az': 0.86, 'gx': -3.88, 'gy': 7.13, 'gz': -1.6}, {'t_us': 636833306, 'ax': -0.3, 'ay': 0.22, 'az': 0.84, 'gx': -3.97, 'gy': 8.06, 'gz': -1.74}]",2026-02-13 10:50:00,0.0
"[{'t_us': 636858040, 'ax': -0.3, 'ay': 0.21, 'az': 0.79, 'gx': -2.73, 'gy': 5.86, 'gz': -0.55}, {'t_us': 636873313, 'ax': -0.31, 'ay': 0.2, 'az': 0.79, 'gx': -2.27, 'gy': 3.45, 'gz': 0.73}, {'t_us': 636893279, 'ax': -0.3, 'ay': 0.18, 'az': 0.79, 'gx': -2.08, 'gy': 1.05, 'gz': 0.61}, {'t_us': 636913310, 'ax': -0.29, 'ay': 0.19, 'az': 0.82, 'gx': -2.63, 'gy': 3.18, 'gz': 0.35}, {'t_us': 636933274, 'ax': -0.31, 'ay': 0.2, 'az': 0.82, 'gx': -3.62, 'gy': 2.05, 'gz': 0.49}]",2026-02-13 10:50:00,0.0
"[{'t_us': 636959858, 'ax': -0.3, 'ay': 0.2, 'az': 0.84, 'gx': -3.44, 'gy': 4.29, 'gz': 0.35}, {'t_us': 636973321, 'ax': -0.31, 'ay': 0.2, 'az': 0.85, 'gx': -3.44, 'gy': 7.11, 'gz': 0.15}, {'t_us': 636993292, 'ax': -0.32, 'ay': 0.21, 'az': 0.86, 'gx': -3.66, 'gy': 7.82, 'gz': -0.15}, {'t_us': 637013310, 'ax': -0.32, 'ay': 0.21, 'az': 0.84, 'gx': -3.76, 'gy': 4.31, 'gz': -0.43}, {'t_us': 637033329, 'ax': -0.31, 'ay': 0.21, 'az': 0.82, 'gx': -3.37, 'gy': 1.39, 'gz': -0.67}]",2026-02-13 10:50:00,0.0
"[{'t_us': 637057846, 'ax': -0.3, 'ay': 0.21, 'az': 0.82, 'gx': -2.7, 'gy': 1.95, 'gz': -0.63}, {'t_us': 637073326, 'ax': -0.3, 'ay': 0.2, 'az': 0.83, 'gx': -2.38, 'gy': 3.04, 'gz': -0.35}, {'t_us': 637093279, 'ax': -0.3, 'ay': 0.2, 'az': 0.84, 'gx': -2.73, 'gy': 4.05, 'gz': -0.18}, {'t_us': 637113310, 'ax': -0.31, 'ay': 0.21, 'az': 0.85, 'gx': -3.11, 'gy': 5.21, 'gz': 0.03}, {'t_us': 637133329, 'ax': -0.31, 'ay': 0.19, 'az': 0.84, 'gx': -3.5, 'gy': 6.29, 'gz': -0.05}]",2026-02-13 10:50:00,0.0
"[{'t_us': 637158006, 'ax': -0.3, 'ay': 0.2, 'az': 0.82, 'gx': -3.76, 'gy': 5.45, 'gz': -0.23}, {'t_us': 637173313, 'ax': -0.32, 'ay': 0.2, 'az': 0.81, 'gx': -3.24, 'gy': 2.9, 'gz': -0.09}, {'t_us': 637193326, 'ax': -0.3, 'ay': 0.22, 'az': 0.81, 'gx': -2.6, 'gy': 1.69, 'gz': -0.26}, {'t_us': 637213279, 'ax': -0.3, 'ay': 0.2, 'az': 0.84, 'gx': -2.11, 'gy': 3.98, 'gz': 0.0}, {'t_us': 637233270, 'ax': -0.31, 'ay': 0.2, 'az': 0.84, 'gx': -2.67, 'gy': 3.1, 'gz': 0.38}]",2026-02-13 10:50:01,0.0
"[{'t_us': 637257897, 'ax': -0.31, 'ay': 0.2, 'az': 0.83, 'gx': -3.54, 'gy': 3.08, 'gz': 0.06}, {'t_us': 637273292, 'ax': -0.31, 'ay': 0.22, 'az': 0.83, 'gx': -3.47, 'gy': 4.38, 'gz': -0.35}, {'t_us': 637293325, 'ax': -0.31, 'ay': 0.22, 'az': 0.82, 'gx': -2.6, 'gy': 4.37, 'gz': -0.23}, {'t_us': 637313279, 'ax': -0.31, 'ay': 0.2, 'az': 0.83, 'gx': -2.64, 'gy': 3.1, 'gz': 0.15}, {'t_us': 637333317, 'ax': -0.3, 'ay': 0.19, 'az': 0.83, 'gx': -3.33, 'gy': 3.04, 'gz': 0.34}]",2026-02-13 10:50:01,0.0
"[{'t_us': 637359399, 'ax': -0.32, 'ay': 0.23, 'az': 0.84, 'gx': -3.4, 'gy': 7.5, 'gz': 0.02}, {'t_us': 637373310, 'ax': -0.32, 'ay': 0.24, 'az': 0.84, 'gx': -2.58, 'gy': 8.47, 'gz': 0.0}, {'t_us': 637393267, 'ax': -0.31, 'ay': 0.21, 'az': 0.84, 'gx': -2.69, 'gy': 5.6, 'gz': 0.9}, {'t_us': 637413300, 'ax': -0.31, 'ay': 0.2, 'az': 0.83, 'gx': -4.21, 'gy': 3.47, 'gz': 0.79}, {'t_us': 637433300, 'ax': -0.32, 'ay': 0.21, 'az': 0.81, 'gx': -5.15, 'gy': 0.72, 'gz': 0.53}]",2026-02-13 10:50:01,0.0
"[{'t_us': 637458078, 'ax': -0.33, 'ay': 0.22, 'az': 0.81, 'gx': -4.64, 'gy': -2.6, 'gz': -0.14}, {'t_us': 637473300, 'ax': -0.3, 'ay': 0.21, 'az': 0.83, 'gx': -4.35, 'gy': -1.21, 'gz': -1.18}, {'t_us': 637493329, 'ax': -0.29, 'ay': 0.2, 'az': 0.83, 'gx': -5.21, 'gy': -0.09, 'gz': -1.18}, {'t_us': 637513274, 'ax': -0.29, 'ay': 0.21, 'az': 0.83, 'gx': -5.36, 'gy': 1.79, 'gz': -0.66}, {'t_us': 637533306, 'ax': -0.31, 'ay': 0.22, 'az': 0.85, 'gx': -4.61, 'gy': 4.7, 'gz': -0.17}]",2026-02-13 10:50:01,0.0
"[{'t_us': 637557583, 'ax': -0.32, 'ay': 0.21, 'az': 0.84, 'gx': -4.81, 'gy': 4.44, 'gz': -0.08}, {'t_us': 637573278, 'ax': -0.32, 'ay': 0.2, 'az': 0.82, 'gx': -4.49, 'gy': 3.88, 'gz': -0.38}, {'t_us': 637593311, 'ax': -0.31, 'ay': 0.19, 'az': 0.82, 'gx': -4.35, 'gy': 3.95, 'gz': 0.02}, {'t_us': 637613270, 'ax': -0.3, 'ay': 0.18, 'az': 0.83, 'gx': -4.18, 'gy': 3.5, 'gz': 0.12}, {'t_us': 637633300, 'ax': -0.3, 'ay': 0.19, 'az': 0.83, 'gx': -4.14, 'gy': 3.71, 'gz': 0.27}]",2026-02-13 10:50:01,0.0
"[{'t_us': 637659851, 'ax': -0.3, 'ay': 0.19, 'az': 0.83, 'gx': -3.88, 'gy': 3.28, 'gz': 0.23}, {'t_us': 637673292, 'ax': -0.31, 'ay': 0.18, 'az': 0.84, 'gx': -3.42, 'gy': 3.97, 'gz': 0.12}, {'t_us': 637693271, 'ax': -0.31, 'ay': 0.19, 'az': 0.86, 'gx': -2.9, 'gy': 5.85, 'gz': -0.18}, {'t_us': 637713274, 'ax': -0.32, 'ay': 0.2, 'az': 0.85, 'gx': -3.71, 'gy': 6.78, 'gz': -0.31}, {'t_us': 637733283, 'ax': -0.31, 'ay': 0.21, 'az': 0.83, 'gx': -3.91, 'gy': 4.32, 'gz': -0.26}]",2026-02-13 10:50:01,0.0
"[{'t_us': 637759440, 'ax': -0.31, 'ay': 0.19, 'az': 0.83, 'gx': -2.29, 'gy': 3.86, 'gz': -0.2}, {'t_us': 637773267, 'ax': -0.3, 'ay': 0.2, 'az': 0.82, 'gx': -2.2, 'gy': 3.89, 'gz': -0.03}, {'t_us': 637793267, 'ax': -0.32, 'ay': 0.21, 'az': 0.84, 'gx': -3.39, 'gy': 2.27, 'gz': -0.34}, {'t_us': 637813300, 'ax': -0.33, 'ay': 0.22, 'az': 0.83, 'gx': -4.15, 'gy': -0.18, 'gz': -0.66}, {'t_us': 637833333, 'ax': -0.3, 'ay': 0.21, 'az': 0.82, 'gx': -2.37, 'gy': 1.66, 'gz': -0.26}]",2026-02-13 10:50:01,0.0
"[{'t_us': 637859368, 'ax': -0.3, 'ay': 0.19, 'az': 0.83, 'gx': -1.65, 'gy': 3.51, 'gz': 0.32}, {'t_us': 637873267, 'ax': -0.3, 'ay': 0.2, 'az': 0.83, 'gx': -1.56, 'gy': 3.95, 'gz': 0.41}, {'t_us': 637893310, 'ax': -0.33, 'ay': 0.21, 'az': 0.82, 'gx': -1.79, 'gy': 3.07, 'gz': 1.92}, {'t_us': 637913270, 'ax': -0.31, 'ay': 0.21, 'az': 0.81, 'gx': -2.12, 'gy': 2.63, 'gz': 0.58}, {'t_us': 637933306, 'ax': -0.3, 'ay': 0.2, 'az': 0.83, 'gx': -2.58, 'gy': 1.73, 'gz': 0.03}]",2026-02-13 10:50:01,0.0
"[{'t_us': 637959387, 'ax': -0.3, 'ay': 0.2, 'az': 0.83, 'gx': -3.91, 'gy': 2.55, 'gz': -0.34}, {'t_us': 637973325, 'ax': -0.29, 'ay': 0.21, 'az': 0.83, 'gx': -3.91, 'gy': 3.4, 'gz': -0.03}, {'t_us': 637993329, 'ax': -0.31, 'ay': 0.21, 'az': 0.83, 'gx': -3.56, 'gy': 5.19, 'gz': 0.29}, {'t_us': 638013299, 'ax': -0.33, 'ay': 0.2, 'az': 0.83, 'gx': -3.16, 'gy': 5.36, 'gz': 0.0}, {'t_us': 638033317, 'ax': -0.32, 'ay': 0.19, 'az': 0.83, 'gx': -3.62, 'gy': 3.62, 'gz': -0.24}]",2026-02-13 10:50:01,0.0
"[{'t_us': 638057773, 'ax': -0.3, 'ay': 0.2, 'az': 0.83, 'gx': -3.82, 'gy': 2.4, 'gz': -0.44}, {'t_us': 638073326, 'ax': -0.3, 'ay': 0.21, 'az': 0.81, 'gx': -3.59, 'gy': 1.01, 'gz': -0.12}, {'t_us': 638093329, 'ax': -0.31, 'ay': 0.21, 'az': 0.82, 'gx': -3.01, 'gy': 1.37, 'gz': 0.27}, {'t_us': 638113329, 'ax': -0.31, 'ay': 0.2, 'az': 0.84, 'gx': -3.13, 'gy': 3.62, 'gz': 0.31}, {'t_us': 638133284, 'ax': -0.32, 'ay': 0.19, 'az': 0.85, 'gx': -3.48, 'gy': 4.73, 'gz': 0.0}]",2026-02-13 10:50:01,0.0
"[{'t_us': 638159461, 'ax': -0.31, 'ay': 0.2, 'az': 0.83, 'gx': -3.33, 'gy': 4.49, 'gz': -0.21}, {'t_us': 638173437, 'ax': -0.3, 'ay': 0.2, 'az': 0.82, 'gx': -3.36, 'gy': 4.05, 'gz': -0.21}, {'t_us': 638193317, 'ax': -0.31, 'ay': 0.21, 'az': 0.83, 'gx': -3.59, 'gy': 3.98, 'gz': -0.18}, {'t_us': 638213306, 'ax': -0.31, 'ay': 0.2, 'az': 0.82, 'gx': -3.25, 'gy': 4.18, 'gz': -0.23}, {'t_us': 638233292, 'ax': -0.32, 'ay': 0.2, 'az': 0.83, 'gx': -3.37, 'gy': 3.28, 'gz': 0.05}]",2026-02-13 10:50:02,0.0
"[{'t_us': 638257835, 'ax': -0.3, 'ay': 0.2, 'az': 0.83, 'gx': -3.83, 'gy': 2.32, 'gz': -0.26}, {'t_us': 638273274, 'ax': -0.3, 'ay': 0.2, 'az': 0.82, 'gx': -3.34, 'gy': 2.2, 'gz': 0.02}, {'t_us': 638293274, 'ax': -0.31, 'ay': 0.2, 'az': 0.83, 'gx': -3.25, 'gy': 2.72, 'gz': 0.35}, {'t_us': 638313352, 'ax': -0.31, 'ay': 0.2, 'az': 0.85, 'gx': -3.34, 'gy': 4.49, 'gz': 0.24}, {'t_us': 638333326, 'ax': -0.31, 'ay': 0.2, 'az': 0.83, 'gx': -4.11, 'gy': 3.85, 'gz': -0.17}]",2026-02-13 10:50:02,0.0
"[{'t_us': 638359639, 'ax': -0.31, 'ay': 0.2, 'az': 0.82, 'gx': -2.89, 'gy': 2.29, 'gz': -0.53}, {'t_us': 638373326, 'ax': -0.29, 'ay': 0.21, 'az': 0.83, 'gx': -3.15, 'gy': 2.49, 'gz': -0.05}, {'t_us': 638393279, 'ax': -0.3, 'ay': 0.19, 'az': 0.82, 'gx': -3.65, 'gy': 0.93, 'gz': 0.08}, {'t_us': 638413269, 'ax': -0.31, 'ay': 0.19, 'az': 0.82, 'gx': -3.98, 'gy': -2.64, 'gz': -0.15}, {'t_us': 638433300, 'ax': -0.31, 'ay': 0.2, 'az': 0.83, 'gx': -4.0, 'gy': -3.04, 'gz': 0.11}]",2026-02-13 10:50:02,0.0
"[{'t_us': 638459683, 'ax': -0.31, 'ay': 0.21, 'az': 0.84, 'gx': -3.33, 'gy': 3.4, 'gz': -0.2}, {'t_us': 638473329, 'ax': -0.31, 'ay': 0.2, 'az': 0.84, 'gx': -2.75, 'gy': 5.11, 'gz': -0.32}, {'t_us': 638493333, 'ax': -0.3, 'ay': 0.19, 'az': 0.85, 'gx': -2.6, 'gy': 4.35, 'gz': -0.08}, {'t_us': 638513326, 'ax': -0.3, 'ay': 0.2, 'az': 0.84, 'gx': -3.1, 'gy': 2.99, 'gz': -0.15}, {'t_us': 638533321, 'ax': -0.31, 'ay': 0.2, 'az': 0.83, 'gx': -3.36, 'gy': 2.73, 'gz': -0.06}]",2026-02-13 10:50:02,0.0
"[{'t_us': 638557563, 'ax': -0.3, 'ay': 0.21, 'az': 0.83, 'gx': -3.5, 'gy': 3.21, 'gz': -0.29}, {'t_us': 638573300, 'ax': -0.3, 'ay': 0.2, 'az': 0.83, 'gx': -3.24, 'gy': 3.76, 'gz': -0.02}, {'t_us': 638593310, 'ax': -0.3, 'ay': 0.2, 'az': 0.84, 'gx': -3.19, 'gy': 4.73, 'gz': 0.14}, {'t_us': 638613267, 'ax': -0.31, 'ay': 0.2, 'az': 0.84, 'gx': -2.99, 'gy': 4.69, 'gz': 0.17}, {'t_us': 638633300, 'ax': -0.32, 'ay': 0.2, 'az': 0.83, 'gx': -3.05, 'gy': 5.01, 'gz': 0.11}]",2026-02-13 10:50:02,0.0
"[{'t_us': 638659616, 'ax': -0.3, 'ay': 0.21, 'az': 0.83, 'gx': -2.95, 'gy': 4.73, 'gz': 0.02}, {'t_us': 638673306, 'ax': -0.3, 'ay': 0.2, 'az': 0.82, 'gx': -3.05, 'gy': 3.68, 'gz': -0.14}, {'t_us': 638693333, 'ax': -0.3, 'ay': 0.2, 'az': 0.83, 'gx': -3.5, 'gy': 2.73, 'gz': -0.17}, {'t_us': 638713322, 'ax': -0.31, 'ay': 0.2, 'az': 0.83, 'gx': -3.79, 'gy': 3.94, 'gz': -0.17}, {'t_us': 638733321, 'ax': -0.31, 'ay': 0.21, 'az': 0.83, 'gx': -3.74, 'gy': 4.75, 'gz': -0.43}]",2026-02-13 10:50:02,0.0
"[{'t_us': 638757991, 'ax': -0.32, 'ay': 0.2, 'az': 0.83, 'gx': -3.47, 'gy': 4.35, 'gz': -0.03}, {'t_us': 638773333, 'ax': -0.31, 'ay': 0.21, 'az': 0.83, 'gx': -3.33, 'gy': 3.6, 'gz': -0.4}, {'t_us': 638793292, 'ax': -0.3, 'ay': 0.21, 'az': 0.83, 'gx': -3.19, 'gy': 2.76, 'gz': -0.37}, {'t_us': 638813300, 'ax': -0.31, 'ay': 0.2, 'az': 0.84, 'gx': -3.48, 'gy': 2.79, 'gz': -0.56}, {'t_us': 638833306, 'ax': -0.31, 'ay': 0.21, 'az': 0.84, 'gx': -3.89, 'gy': 2.64, 'gz': -0.35}]",2026-02-13 10:50:02,0.0
"[{'t_us': 638859989, 'ax': -0.31, 'ay': 0.21, 'az': 0.83, 'gx': -4.03, 'gy': 1.02, 'gz': -0.37}, {'t_us': 638873348, 'ax': -0.3, 'ay': 0.2, 'az': 0.82, 'gx': -3.71, 'gy': 0.78, 'gz': -0.44}, {'t_us': 638893300, 'ax': -0.3, 'ay': 0.2, 'az': 0.82, 'gx': -3.18, 'gy': 0.14, 'gz': -0.38}, {'t_us': 638913300, 'ax': -0.29, 'ay': 0.2, 'az': 0.82, 'gx': -3.51, 'gy': 0.17, 'gz': -0.35}, {'t_us': 638933333, 'ax': -0.3, 'ay': 0.2, 'az': 0.83, 'gx': -3.63, 'gy': 1.27, 'gz': -0.11}]",2026-02-13 10:50:02,0.0
"[{'t_us': 638959567, 'ax': -0.31, 'ay': 0.21, 'az': 0.84, 'gx': -4.0, 'gy': 1.53, 'gz': -0.64}, {'t_us': 638973467, 'ax': -0.31, 'ay': 0.2, 'az': 0.83, 'gx': -4.0, 'gy': 1.79, 'gz': -0.63}, {'t_us': 638993267, 'ax': -0.3, 'ay': 0.19, 'az': 0.85, 'gx': -3.44, 'gy': 3.34, 'gz': -0.63}, {'t_us': 639013300, 'ax': -0.3, 'ay': 0.19, 'az': 0.84, 'gx': -3.27, 'gy': 3.76, 'gz': -0.4}, {'t_us': 639033321, 'ax': -0.31, 'ay': 0.2, 'az': 0.85, 'gx': -3.37, 'gy': 3.63, 'gz': -0.27}]",2026-02-13 10:50:02,0.0
"[{'t_us': 639058216, 'ax': -0.3, 'ay': 0.21, 'az': 0.84, 'gx': -3.76, 'gy': 4.0, 'gz': -0.4}, {'t_us': 639073306, 'ax': -0.31, 'ay': 0.2, 'az': 0.83, 'gx': -3.83, 'gy': 1.42, 'gz': -0.5}, {'t_us': 639093317, 'ax': -0.31, 'ay': 0.19, 'az': 0.81, 'gx': -3.22, 'gy': -0.67, 'gz': -0.12}, {'t_us': 639113267, 'ax': -0.3, 'ay': 0.2, 'az': 0.82, 'gx': -3.13, 'gy': 0.35, 'gz': -0.05}, {'t_us': 639133330, 'ax': -0.3, 'ay': 0.21, 'az': 0.85, 'gx': -3.11, 'gy': 3.94, 'gz': -0.29}]",2026-02-13 10:50:02,0.0
"[{'t_us': 639159597, 'ax': -0.3, 'ay': 0.21, 'az': 0.84, 'gx': -3.11, 'gy': 4.79, 'gz': -0.35}, {'t_us': 639173290, 'ax': -0.29, 'ay': 0.19, 'az': 0.84, 'gx': -2.72, 'gy': 3.47, 'gz': -0.18}, {'t_us': 639193306, 'ax': -0.3, 'ay': 0.19, 'az': 0.84, 'gx': -3.45, 'gy': 2.27, 'gz': 0.11}, {'t_us': 639213333, 'ax': -0.3, 'ay': 0.2, 'az': 0.83, 'gx': -3.85, 'gy': 2.53, 'gz': -0.34}, {'t_us': 639233321, 'ax': -0.3, 'ay': 0.21, 'az': 0.83, 'gx': -3.54, 'gy': 3.86, 'gz': -0.21}]",2026-02-13 10:50:03,0.0
"[{'t_us': 639260160, 'ax': -0.3, 'ay': 0.2, 'az': 0.83, 'gx': -3.27, 'gy': 2.98, 'gz': 0.11}, {'t_us': 639273320, 'ax': -0.29, 'ay': 0.19, 'az': 0.83, 'gx': -3.33, 'gy': 2.27, 'gz': -0.03}, {'t_us': 639293333, 'ax': -0.3, 'ay': 0.19, 'az': 0.82, 'gx': -3.19, 'gy': 2.49, 'gz': -0.21}, {'t_us': 639313292, 'ax': -0.3, 'ay': 0.19, 'az': 0.83, 'gx': -2.9, 'gy': 4.11, 'gz': 0.08}, {'t_us': 639333309, 'ax': -0.3, 'ay': 0.2, 'az': 0.85, 'gx': -3.05, 'gy': 5.5, 'gz': 0.18}]",2026-02-13 10:50:03,0.0
"[{'t_us': 639358502, 'ax': -0.33, 'ay': 0.21, 'az': 0.83, 'gx': -3.95, 'gy': 2.26, 'gz': -0.7}, {'t_us': 639373832, 'ax': -0.31, 'ay': 0.22, 'az': 0.82, 'gx': -4.03, 'gy': 0.72, 'gz': -1.1}, {'t_us': 639393270, 'ax': -0.29, 'ay': 0.2, 'az': 0.83, 'gx': -3.04, 'gy': 1.01, 'gz': -0.85}, {'t_us': 639413306, 'ax': -0.29, 'ay': 0.19, 'az': 0.83, 'gx': -3.05, 'gy': 2.11, 'gz': -0.56}, {'t_us': 639433341, 'ax': -0.29, 'ay': 0.2, 'az': 0.84, 'gx': -3.45, 'gy': 4.06, 'gz': -0.52}]",2026-02-13 10:50:03,0.0
"[{'t_us': 639457815, 'ax': -0.3, 'ay': 0.2, 'az': 0.83, 'gx': -3.3, 'gy': 4.69, 'gz': -0.56}, {'t_us': 639473328, 'ax': -0.3, 'ay': 0.2, 'az': 0.84, 'gx': -3.18, 'gy': 4.43, 'gz': -0.35}, {'t_us': 639493329, 'ax': -0.29, 'ay': 0.2, 'az': 0.84, 'gx': -3.37, 'gy': 4.11, 'gz': -0.05}, {'t_us': 639513279, 'ax': -0.3, 'ay': 0.2, 'az': 0.84, 'gx': -3.3, 'gy': 4.41, 'gz': 0.0}, {'t_us': 639533317, 'ax': -0.3, 'ay': 0.2, 'az': 0.83, 'gx': -3.21, 'gy': 4.32, 'gz': 0.15}]",2026-02-13 10:50:03,0.0
"[{'t_us': 639558238, 'ax': -0.31, 'ay': 0.21, 'az': 0.83, 'gx': -3.51, 'gy': 3.22, 'gz': -0.12}, {'t_us': 639573317, 'ax': -0.3, 'ay': 0.2, 'az': 0.84, 'gx': -3.44, 'gy': 3.39, 'gz': -0.2}, {'t_us': 639593321, 'ax': -0.3, 'ay': 0.19, 'az': 0.84, 'gx': -3.3, 'gy': 3.65, 'gz': -0.11}, {'t_us': 639613274, 'ax': -0.3, 'ay': 0.2, 'az': 0.84, 'gx': -3.05, 'gy': 3.97, 'gz': -0.08}, {'t_us': 639633300, 'ax': -0.3, 'ay': 0.2, 'az': 0.84, 'gx': -3.42, 'gy': 3.66, 'gz': 0.03}]",2026-02-13 10:50:03,0.0
"[{'t_us': 639658407, 'ax': -0.3, 'ay': 0.21, 'az': 0.82, 'gx': -3.8, 'gy': 1.94, 'gz': -0.14}, {'t_us': 639675627, 'ax': -0.3, 'ay': 0.19, 'az': 0.83, 'gx': -3.48, 'gy': 3.08, 'gz': -0.08}, {'t_us': 639693284, 'ax': -0.3, 'ay': 0.19, 'az': 0.86, 'gx': -3.69, 'gy': 4.69, 'gz': -0.02}, {'t_us': 639713317, 'ax': -0.3, 'ay': 0.2, 'az': 0.84, 'gx': -4.26, 'gy': 4.76, 'gz': 0.0}, {'t_us': 639733325, 'ax': -0.31, 'ay': 0.21, 'az': 0.83, 'gx': -3.91, 'gy': 3.88, 'gz': -0.43}]",2026-02-13 10:50:03,0.0
"[{'t_us': 639759641, 'ax': -0.29, 'ay': 0.21, 'az': 0.83, 'gx': -2.98, 'gy': 3.33, 'gz': -0.03}, {'t_us': 639774128, 'ax': -0.3, 'ay': 0.2, 'az': 0.84, 'gx': -3.02, 'gy': 0.95, 'gz': 0.02}, {'t_us': 639793284, 'ax': -0.31, 'ay': 0.19, 'az': 0.81, 'gx': -3.07, 'gy': -1.31, 'gz': 0.12}, {'t_us': 639813317, 'ax': -0.3, 'ay': 0.2, 'az': 0.82, 'gx': -3.48, 'gy': 0.27, 'gz': -0.21}, {'t_us': 639833267, 'ax': -0.31, 'ay': 0.21, 'az': 0.85, 'gx': -3.86, 'gy': 3.59, 'gz': -0.79}]",2026-02-13 10:50:03,0.0
"[{'t_us': 639860107, 'ax': -0.3, 'ay': 0.2, 'az': 0.84, 'gx': -3.47, 'gy': 2.0, 'gz': -0.44}, {'t_us': 639873285, 'ax': -0.29, 'ay': 0.19, 'az': 0.82, 'gx': -3.21, 'gy': 1.05, 'gz': -0.06}, {'t_us': 639893292, 'ax': -0.29, 'ay': 0.19, 'az': 0.83, 'gx': -3.34, 'gy': 0.27, 'gz': -0.11}, {'t_us': 639913321, 'ax': -0.29, 'ay': 0.2, 'az': 0.84, 'gx': -3.86, 'gy': 0.21, 'gz': -0.41}, {'t_us': 639933333, 'ax': -0.29, 'ay': 0.2, 'az': 0.83, 'gx': -4.14, 'gy': 1.22, 'gz': -0.27}]",2026-02-13 10:50:03,0.0
"[{'t_us': 639960191, 'ax': -0.29, 'ay': 0.21, 'az': 0.84, 'gx': -3.88, 'gy': 1.65, 'gz': 0.11}, {'t_us': 639973398, 'ax': -0.3, 'ay': 0.2, 'az': 0.83, 'gx': -3.74, 'gy': 0.82, 'gz': 0.17}, {'t_us': 639993267, 'ax': -0.3, 'ay': 0.19, 'az': 0.82, 'gx': -3.33, 'gy': -0.24, 'gz': 0.02}, {'t_us': 640013300, 'ax': -0.3, 'ay': 0.2, 'az': 0.83, 'gx': -3.22, 'gy': 0.67, 'gz': -0.4}, {'t_us': 640033270, 'ax': -0.29, 'ay': 0.21, 'az': 0.85, 'gx': -3.97, 'gy': 2.06, 'gz': -0.55}]",2026-02-13 10:50:03,0.0
"[{'t_us': 640059775, 'ax': -0.28, 'ay': 0.19, 'az': 0.85, 'gx': -3.77, 'gy': 1.3, 'gz': 0.0}, {'t_us': 640074099, 'ax': -0.3, 'ay': 0.19, 'az': 0.83, 'gx': -3.05, 'gy': 1.19, 'gz': 0.18}, {'t_us': 640093329, 'ax': -0.29, 'ay': 0.19, 'az': 0.84, 'gx': -3.24, 'gy': 2.31, 'gz': 0.0}, {'t_us': 640113279, 'ax': -0.29, 'ay': 0.2, 'az': 0.85, 'gx': -3.4, 'gy': 3.5, 'gz': 0.02}, {'t_us': 640133279, 'ax': -0.28, 'ay': 0.2, 'az': 0.85, 'gx': -3.16, 'gy': 4.05, 'gz': 0.52}]",2026-02-13 10:50:03,
