samples,timestamp,label
"[{'t_us': 1124956079, 'ax': -0.92, 'ay': 0.08, 'az': 0.12, 'gx': -3.3, 'gy': 3.08, 'gz': 1.4}, {'t_us': 1124958037, 'ax': -0.92, 'ay': 0.09, 'az': 0.11, 'gx': -3.3, 'gy': 3.08, 'gz': 1.4}, {'t_us': 1124959979, 'ax': -0.92, 'ay': 0.08, 'az': 0.11, 'gx': -3.45, 'gy': 2.9, 'gz': 1.21}, {'t_us': 1124961933, 'ax': -0.92, 'ay': 0.08, 'az': 0.13, 'gx': -3.33, 'gy': 3.47, 'gz': 1.19}, {'t_us': 1124963871, 'ax': -0.92, 'ay': 0.08, 'az': 0.13, 'gx': -3.4, 'gy': 3.27, 'gz': 1.11}]",2026-02-13 11:33:52,0.0
"[{'t_us': 1125060928, 'ax': -0.92, 'ay': 0.09, 'az': 0.12, 'gx': -3.92, 'gy': 2.78, 'gz': 0.85}, {'t_us': 1125063052, 'ax': -0.92, 'ay': 0.08, 'az': 0.14, 'gx': -3.92, 'gy': 2.78, 'gz': 0.85}, {'t_us': 1125065006, 'ax': -0.92, 'ay': 0.08, 'az': 0.12, 'gx': -3.82, 'gy': 2.82, 'gz': 0.96}, {'t_us': 1125066942, 'ax': -0.92, 'ay': 0.08, 'az': 0.12, 'gx': -3.89, 'gy': 2.99, 'gz': 0.9}, {'t_us': 1125068863, 'ax': -0.92, 'ay': 0.08, 'az': 0.12, 'gx': -3.89, 'gy': 3.08, 'gz': 0.82}]",2026-02-13 11:33:52,0.0
"[{'t_us': 1125159645, 'ax': -0.93, 'ay': 0.09, 'az': 0.12, 'gx': -3.85, 'gy': 3.47, 'gz': 1.65}, {'t_us': 1125161761, 'ax': -0.93, 'ay': 0.09, 'az': 0.12, 'gx': -3.76, 'gy': 3.33, 'gz': 1.56}, {'t_us': 1125163713, 'ax': -0.93, 'ay': 0.09, 'az': 0.12, 'gx': -3.98, 'gy': 3.25, 'gz': 1.83}, {'t_us': 1125165692, 'ax': -0.94, 'ay': 0.08, 'az': 0.12, 'gx': -3.86, 'gy': 3.19, 'gz': 1.83}, {'t_us': 1125167639, 'ax': -0.94, 'ay': 0.08, 'az': 0.13, 'gx': -3.86, 'gy': 3.19, 'gz': 1.83}]",2026-02-13 11:33:52,0.0
"[{'t_us': 1125258479, 'ax': -0.92, 'ay': 0.09, 'az': 0.11, 'gx': -3.24, 'gy': 2.95, 'gz': 3.22}, {'t_us': 1125260525, 'ax': -0.92, 'ay': 0.09, 'az': 0.11, 'gx': -3.02, 'gy': 2.81, 'gz': 2.9}, {'t_us': 1125262461, 'ax': -0.92, 'ay': 0.09, 'az': 0.12, 'gx': -3.02, 'gy': 2.81, 'gz': 2.9}, {'t_us': 1125264397, 'ax': -0.93, 'ay': 0.09, 'az': 0.12, 'gx': -3.11, 'gy': 2.5, 'gz': 3.07}, {'t_us': 1125266334, 'ax': -0.93, 'ay': 0.09, 'az': 0.12, 'gx': -3.13, 'gy': 2.53, 'gz': 3.07}]",2026-02-13 11:33:52,0.0
"[{'t_us': 1125359127, 'ax': -0.92, 'ay': 0.09, 'az': 0.12, 'gx': -2.6, 'gy': 4.27, 'gz': 2.11}, {'t_us': 1125373330, 'ax': -0.93, 'ay': 0.09, 'az': 0.13, 'gx': -2.5, 'gy': 4.95, 'gz': 2.56}, {'t_us': 1125393283, 'ax': -0.94, 'ay': 0.1, 'az': 0.12, 'gx': -2.23, 'gy': 4.14, 'gz': 2.53}, {'t_us': 1125413321, 'ax': -0.93, 'ay': 0.09, 'az': 0.12, 'gx': -2.24, 'gy': 4.18, 'gz': 2.9}, {'t_us': 1125433325, 'ax': -0.93, 'ay': 0.1, 'az': 0.12, 'gx': -2.6, 'gy': 2.98, 'gz': 2.98}]",2026-02-13 11:33:52,0.0
"[{'t_us': 1125458187, 'ax': -0.92, 'ay': 0.1, 'az': 0.12, 'gx': -2.53, 'gy': 2.98, 'gz': 2.63}, {'t_us': 1125473318, 'ax': -0.93, 'ay': 0.1, 'az': 0.12, 'gx': -2.47, 'gy': 3.25, 'gz': 2.49}, {'t_us': 1125493278, 'ax': -0.93, 'ay': 0.1, 'az': 0.12, 'gx': -2.7, 'gy': 2.93, 'gz': 2.7}, {'t_us': 1125513310, 'ax': -0.93, 'ay': 0.11, 'az': 0.12, 'gx': -2.58, 'gy': 3.11, 'gz': 3.1}, {'t_us': 1125533328, 'ax': -0.93, 'ay': 0.11, 'az': 0.11, 'gx': -2.79, 'gy': 3.4, 'gz': 3.18}]",2026-02-13 11:33:52,0.0
"[{'t_us': 1125559336, 'ax': -0.93, 'ay': 0.11, 'az': 0.12, 'gx': -2.43, 'gy': 2.61, 'gz': 3.37}, {'t_us': 1125573321, 'ax': -0.93, 'ay': 0.11, 'az': 0.11, 'gx': -2.46, 'gy': 2.78, 'gz': 3.07}, {'t_us': 1125593315, 'ax': -0.93, 'ay': 0.12, 'az': 0.11, 'gx': -2.73, 'gy': 1.88, 'gz': 3.4}, {'t_us': 1125613271, 'ax': -0.93, 'ay': 0.13, 'az': 0.1, 'gx': -2.11, 'gy': 1.85, 'gz': 3.44}, {'t_us': 1125633274, 'ax': -0.93, 'ay': 0.13, 'az': 0.11, 'gx': -1.89, 'gy': 1.63, 'gz': 3.83}]",2026-02-13 11:33:52,0.0
"[{'t_us': 1125659859, 'ax': -0.93, 'ay': 0.13, 'az': 0.13, 'gx': -2.27, 'gy': 1.63, 'gz': 4.49}, {'t_us': 1125673329, 'ax': -0.92, 'ay': 0.13, 'az': 0.15, 'gx': -3.53, 'gy': 2.26, 'gz': 4.44}, {'t_us': 1125693266, 'ax': -0.94, 'ay': 0.13, 'az': 0.13, 'gx': -4.44, 'gy': 1.65, 'gz': 3.3}, {'t_us': 1125713296, 'ax': -0.93, 'ay': 0.13, 'az': 0.12, 'gx': -4.58, 'gy': 2.23, 'gz': 1.44}, {'t_us': 1125733317, 'ax': -0.9, 'ay': 0.12, 'az': 0.13, 'gx': -3.37, 'gy': 3.51, 'gz': -1.11}]",2026-02-13 11:33:52,0.0
"[{'t_us': 1125757874, 'ax': -0.89, 'ay': 0.09, 'az': 0.15, 'gx': -2.76, 'gy': 3.56, 'gz': -0.03}, {'t_us': 1125773321, 'ax': -0.89, 'ay': 0.11, 'az': 0.14, 'gx': -2.96, 'gy': 2.7, 'gz': 1.68}, {'t_us': 1125793321, 'ax': -0.92, 'ay': 0.12, 'az': 0.15, 'gx': -2.26, 'gy': 2.44, 'gz': 3.69}, {'t_us': 1125813274, 'ax': -0.93, 'ay': 0.15, 'az': 0.15, 'gx': -2.31, 'gy': 1.77, 'gz': 3.66}, {'t_us': 1125833304, 'ax': -0.94, 'ay': 0.16, 'az': 0.14, 'gx': -2.18, 'gy': 0.79, 'gz': 3.02}]",2026-02-13 11:33:53,0.0
"[{'t_us': 1125859450, 'ax': -0.93, 'ay': 0.15, 'az': 0.14, 'gx': -2.61, 'gy': -1.66, 'gz': 3.04}, {'t_us': 1125873283, 'ax': -0.92, 'ay': 0.14, 'az': 0.13, 'gx': -2.84, 'gy': -1.8, 'gz': 3.97}, {'t_us': 1125893274, 'ax': -0.92, 'ay': 0.13, 'az': 0.13, 'gx': -3.59, 'gy': -0.63, 'gz': 4.76}, {'t_us': 1125913274, 'ax': -0.92, 'ay': 0.13, 'az': 0.12, 'gx': -3.73, 'gy': 1.94, 'gz': 3.88}, {'t_us': 1125933314, 'ax': -0.92, 'ay': 0.12, 'az': 0.12, 'gx': -3.44, 'gy': 3.07, 'gz': 1.42}]",2026-02-13 11:33:53,0.0
"[{'t_us': 1125957828, 'ax': -0.91, 'ay': 0.12, 'az': 0.12, 'gx': -2.47, 'gy': 3.34, 'gz': -0.73}, {'t_us': 1125973304, 'ax': -0.9, 'ay': 0.13, 'az': 0.12, 'gx': -2.43, 'gy': 3.51, 'gz': -0.47}, {'t_us': 1125993318, 'ax': -0.91, 'ay': 0.14, 'az': 0.13, 'gx': -2.87, 'gy': 3.07, 'gz': 1.36}, {'t_us': 1126013271, 'ax': -0.91, 'ay': 0.15, 'az': 0.12, 'gx': -3.07, 'gy': 3.6, 'gz': 2.21}, {'t_us': 1126033304, 'ax': -0.92, 'ay': 0.16, 'az': 0.11, 'gx': -2.31, 'gy': 4.0, 'gz': 1.85}]",2026-02-13 11:33:53,0.0
"[{'t_us': 1126059805, 'ax': -0.93, 'ay': 0.16, 'az': 0.12, 'gx': -1.63, 'gy': 2.32, 'gz': 0.69}, {'t_us': 1126073296, 'ax': -0.94, 'ay': 0.15, 'az': 0.11, 'gx': -1.86, 'gy': 0.98, 'gz': 0.46}, {'t_us': 1126093344, 'ax': -0.93, 'ay': 0.14, 'az': 0.13, 'gx': -2.06, 'gy': -1.53, 'gz': 0.55}, {'t_us': 1126113321, 'ax': -0.92, 'ay': 0.12, 'az': 0.11, 'gx': -1.83, 'gy': -3.33, 'gz': 0.93}, {'t_us': 1126133274, 'ax': -0.92, 'ay': 0.14, 'az': 0.14, 'gx': -1.57, 'gy': -3.98, 'gz': 0.76}]",2026-02-13 11:33:53,0.0
"[{'t_us': 1126159732, 'ax': -0.91, 'ay': 0.13, 'az': 0.14, 'gx': -1.39, 'gy': -2.89, 'gz': 1.22}, {'t_us': 1126173318, 'ax': -0.91, 'ay': 0.14, 'az': 0.14, 'gx': -1.97, 'gy': -2.69, 'gz': 2.0}, {'t_us': 1126193283, 'ax': -0.91, 'ay': 0.16, 'az': 0.14, 'gx': -2.06, 'gy': -2.93, 'gz': 2.46}, {'t_us': 1126213278, 'ax': -0.9, 'ay': 0.17, 'az': 0.15, 'gx': -1.8, 'gy': -1.05, 'gz': 2.55}, {'t_us': 1126233305, 'ax': -0.91, 'ay': 0.16, 'az': 0.16, 'gx': -2.37, 'gy': 0.49, 'gz': 1.63}]",2026-02-13 11:33:53,0.0
"[{'t_us': 1126259380, 'ax': -0.91, 'ay': 0.16, 'az': 0.15, 'gx': -2.82, 'gy': 1.89, 'gz': 0.84}, {'t_us': 1126273311, 'ax': -0.9, 'ay': 0.16, 'az': 0.16, 'gx': -3.07, 'gy': 2.24, 'gz': 0.43}, {'t_us': 1126293274, 'ax': -0.9, 'ay': 0.14, 'az': 0.15, 'gx': -3.47, 'gy': 2.44, 'gz': 0.14}, {'t_us': 1126313278, 'ax': -0.91, 'ay': 0.13, 'az': 0.16, 'gx': -4.24, 'gy': 3.44, 'gz': -0.37}, {'t_us': 1126333315, 'ax': -0.92, 'ay': 0.14, 'az': 0.16, 'gx': -4.0, 'gy': 6.23, 'gz': -1.71}]",2026-02-13 11:33:53,0.0
"[{'t_us': 1126359499, 'ax': -0.93, 'ay': 0.15, 'az': 0.15, 'gx': -3.19, 'gy': 5.63, 'gz': -3.51}, {'t_us': 1126373266, 'ax': -0.92, 'ay': 0.15, 'az': 0.15, 'gx': -3.53, 'gy': 4.63, 'gz': -2.99}, {'t_us': 1126393266, 'ax': -0.92, 'ay': 0.15, 'az': 0.16, 'gx': -3.45, 'gy': 3.73, 'gz': -1.89}, {'t_us': 1126413304, 'ax': -0.92, 'ay': 0.14, 'az': 0.16, 'gx': -2.79, 'gy': 3.3, 'gz': -1.24}, {'t_us': 1126433310, 'ax': -0.92, 'ay': 0.15, 'az': 0.17, 'gx': -2.61, 'gy': 2.37, 'gz': -1.05}]",2026-02-13 11:33:53,0.0
"[{'t_us': 1126458130, 'ax': -0.92, 'ay': 0.15, 'az': 0.15, 'gx': -2.2, 'gy': 1.3, 'gz': -1.02}, {'t_us': 1126473304, 'ax': -0.92, 'ay': 0.15, 'az': 0.14, 'gx': -1.88, 'gy': 0.82, 'gz': -1.11}, {'t_us': 1126493296, 'ax': -0.91, 'ay': 0.15, 'az': 0.14, 'gx': -1.74, 'gy': -0.47, 'gz': -1.86}, {'t_us': 1126513321, 'ax': -0.91, 'ay': 0.15, 'az': 0.15, 'gx': -1.66, 'gy': -1.33, 'gz': -2.09}, {'t_us': 1126533315, 'ax': -0.91, 'ay': 0.15, 'az': 0.16, 'gx': -1.48, 'gy': -1.3, 'gz': -2.18}]",2026-02-13 11:33:53,0.0
"[{'t_us': 1126559446, 'ax': -0.9, 'ay': 0.16, 'az': 0.15, 'gx': -0.32, 'gy': -0.37, 'gz': -2.18}, {'t_us': 1126573330, 'ax': -0.9, 'ay': 0.15, 'az': 0.16, 'gx': 0.15, 'gy': 0.14, 'gz': -1.57}, {'t_us': 1126593333, 'ax': -0.9, 'ay': 0.14, 'az': 0.17, 'gx': 1.44, 'gy': -0.69, 'gz': -1.33}, {'t_us': 1126613274, 'ax': -0.91, 'ay': 0.14, 'az': 0.17, 'gx': 2.15, 'gy': -1.11, 'gz': -0.84}, {'t_us': 1126633283, 'ax': -0.9, 'ay': 0.15, 'az': 0.17, 'gx': 3.07, 'gy': -0.92, 'gz': -1.25}]",2026-02-13 11:33:53,0.0
"[{'t_us': 1126659466, 'ax': -0.91, 'ay': 0.15, 'az': 0.17, 'gx': 3.42, 'gy': -0.69, 'gz': -2.41}, {'t_us': 1126673278, 'ax': -0.91, 'ay': 0.16, 'az': 0.17, 'gx': 3.28, 'gy': -0.96, 'gz': -2.61}, {'t_us': 1126693278, 'ax': -0.9, 'ay': 0.17, 'az': 0.18, 'gx': 3.76, 'gy': 0.35, 'gz': -3.27}, {'t_us': 1126713321, 'ax': -0.91, 'ay': 0.16, 'az': 0.19, 'gx': 4.2, 'gy': 2.61, 'gz': -3.36}, {'t_us': 1126733315, 'ax': -0.92, 'ay': 0.17, 'az': 0.19, 'gx': 4.73, 'gy': 1.86, 'gz': -3.59}]",2026-02-13 11:33:53,0.0
"[{'t_us': 1126757861, 'ax': -0.91, 'ay': 0.19, 'az': 0.16, 'gx': 5.47, 'gy': 3.6, 'gz': -3.59}, {'t_us': 1126773266, 'ax': -0.9, 'ay': 0.18, 'az': 0.17, 'gx': 5.19, 'gy': 5.13, 'gz': -3.24}, {'t_us': 1126793266, 'ax': -0.91, 'ay': 0.18, 'az': 0.17, 'gx': 4.2, 'gy': 5.16, 'gz': -2.99}, {'t_us': 1126813309, 'ax': -0.91, 'ay': 0.18, 'az': 0.17, 'gx': 3.51, 'gy': 3.05, 'gz': -3.28}, {'t_us': 1126833271, 'ax': -0.88, 'ay': 0.18, 'az': 0.16, 'gx': 2.49, 'gy': 3.85, 'gz': -4.24}]",2026-02-13 11:33:54,0.0
"[{'t_us': 1126859418, 'ax': -0.87, 'ay': 0.16, 'az': 0.17, 'gx': 1.05, 'gy': 5.16, 'gz': -6.11}, {'t_us': 1126873321, 'ax': -0.86, 'ay': 0.16, 'az': 0.18, 'gx': 1.33, 'gy': 5.36, 'gz': -7.13}, {'t_us': 1126893325, 'ax': -0.86, 'ay': 0.17, 'az': 0.17, 'gx': 1.89, 'gy': 6.69, 'gz': -8.2}, {'t_us': 1126913294, 'ax': -0.87, 'ay': 0.16, 'az': 0.19, 'gx': 2.08, 'gy': 7.77, 'gz': -9.73}, {'t_us': 1126933266, 'ax': -0.87, 'ay': 0.17, 'az': 0.19, 'gx': 3.65, 'gy': 7.91, 'gz': -11.62}]",2026-02-13 11:33:54,0.0
"[{'t_us': 1126959448, 'ax': -0.89, 'ay': 0.17, 'az': 0.2, 'gx': 4.24, 'gy': 8.92, 'gz': -14.7}, {'t_us': 1126973288, 'ax': -0.91, 'ay': 0.17, 'az': 0.2, 'gx': 4.21, 'gy': 9.13, 'gz': -15.22}, {'t_us': 1126993316, 'ax': -0.92, 'ay': 0.17, 'az': 0.19, 'gx': 4.82, 'gy': 10.0, 'gz': -15.53}, {'t_us': 1127013283, 'ax': -0.96, 'ay': 0.14, 'az': 0.18, 'gx': 4.64, 'gy': 13.22, 'gz': -13.86}, {'t_us': 1127033333, 'ax': -1.04, 'ay': 0.11, 'az': 0.15, 'gx': 2.93, 'gy': 12.03, 'gz': -10.72}]",2026-02-13 11:33:54,0.0
"[{'t_us': 1127059575, 'ax': -1.02, 'ay': 0.11, 'az': 0.15, 'gx': 1.36, 'gy': 3.8, 'gz': -9.36}, {'t_us': 1127073492, 'ax': -1.0, 'ay': 0.1, 'az': 0.16, 'gx': 2.12, 'gy': -0.5, 'gz': -11.48}, {'t_us': 1127093315, 'ax': -0.95, 'ay': 0.07, 'az': 0.18, 'gx': 4.96, 'gy': -3.34, 'gz': -14.38}, {'t_us': 1127113296, 'ax': -0.92, 'ay': 0.04, 'az': 0.16, 'gx': 7.48, 'gy': -2.02, 'gz': -15.73}, {'t_us': 1127133296, 'ax': -0.91, 'ay': 0.04, 'az': 0.14, 'gx': 8.93, 'gy': 0.67, 'gz': -15.86}]",2026-02-13 11:33:54,0.0
"[{'t_us': 1127159358, 'ax': -0.87, 'ay': 0.02, 'az': 0.1, 'gx': 10.73, 'gy': 5.34, 'gz': -16.31}, {'t_us': 1127173330, 'ax': -0.85, 'ay': 0.02, 'az': 0.08, 'gx': 11.51, 'gy': 8.52, 'gz': -16.17}, {'t_us': 1127193333, 'ax': -0.85, 'ay': 0.0, 'az': 0.1, 'gx': 11.66, 'gy': 15.13, 'gz': -15.25}, {'t_us': 1127213283, 'ax': -0.89, 'ay': 0.03, 'az': 0.09, 'gx': 11.22, 'gy': 20.2, 'gz': -14.21}, {'t_us': 1127233296, 'ax': -0.96, 'ay': 0.05, 'az': 0.11, 'gx': 10.09, 'gy': 21.6, 'gz': -15.3}]",2026-02-13 11:33:54,0.0
"[{'t_us': 1127257861, 'ax': -0.99, 'ay': 0.05, 'az': 0.11, 'gx': 7.83, 'gy': 17.77, 'gz': -17.19}, {'t_us': 1127273330, 'ax': -0.99, 'ay': 0.04, 'az': 0.1, 'gx': 5.88, 'gy': 11.88, 'gz': -17.33}, {'t_us': 1127293333, 'ax': -0.97, 'ay': 0.03, 'az': 0.08, 'gx': 3.95, 'gy': 6.61, 'gz': -16.14}, {'t_us': 1127313283, 'ax': -0.93, 'ay': 0.03, 'az': 0.09, 'gx': 2.79, 'gy': 4.53, 'gz': -14.67}, {'t_us': 1127333321, 'ax': -0.91, 'ay': 0.03, 'az': 0.08, 'gx': 3.07, 'gy': 4.55, 'gz': -13.8}]",2026-02-13 11:33:54,0.0
"[{'t_us': 1127359746, 'ax': -0.9, 'ay': 0.01, 'az': 0.07, 'gx': 2.43, 'gy': 8.38, 'gz': -13.79}, {'t_us': 1127373278, 'ax': -0.92, 'ay': -0.01, 'az': 0.08, 'gx': 2.44, 'gy': 10.92, 'gz': -13.79}, {'t_us': 1127393289, 'ax': -0.93, 'ay': -0.04, 'az': 0.06, 'gx': 2.15, 'gy': 11.22, 'gz': -14.21}, {'t_us': 1127413288, 'ax': -0.93, 'ay': -0.05, 'az': 0.06, 'gx': 1.94, 'gy': 9.1, 'gz': -13.44}, {'t_us': 1127433274, 'ax': -0.95, 'ay': -0.04, 'az': 0.08, 'gx': 2.41, 'gy': 5.66, 'gz': -12.14}]",2026-02-13 11:33:54,0.0
"[{'t_us': 1127459373, 'ax': -0.95, 'ay': -0.04, 'az': 0.07, 'gx': 3.6, 'gy': 2.6, 'gz': -11.22}, {'t_us': 1127473274, 'ax': -0.94, 'ay': -0.04, 'az': 0.08, 'gx': 3.89, 'gy': 1.1, 'gz': -10.53}, {'t_us': 1127493274, 'ax': -0.95, 'ay': -0.04, 'az': 0.09, 'gx': 3.82, 'gy': -1.66, 'gz': -9.62}, {'t_us': 1127513330, 'ax': -0.95, 'ay': -0.02, 'az': 0.11, 'gx': 3.08, 'gy': -4.43, 'gz': -9.59}, {'t_us': 1127533296, 'ax': -0.95, 'ay': -0.01, 'az': 0.09, 'gx': 3.01, 'gy': -5.71, 'gz': -10.15}]",2026-02-13 11:33:54,0.0
"[{'t_us': 1127558485, 'ax': -0.94, 'ay': -0.02, 'az': 0.13, 'gx': 1.53, 'gy': -6.03, 'gz': -10.02}, {'t_us': 1127573325, 'ax': -0.93, 'ay': -0.04, 'az': 0.12, 'gx': 0.69, 'gy': -4.43, 'gz': -9.59}, {'t_us': 1127593333, 'ax': -0.94, 'ay': -0.05, 'az': 0.11, 'gx': -0.09, 'gy': -2.26, 'gz': -9.13}, {'t_us': 1127613283, 'ax': -0.93, 'ay': -0.04, 'az': 0.12, 'gx': -0.81, 'gy': -2.6, 'gz': -9.1}, {'t_us': 1127633274, 'ax': -0.91, 'ay': -0.05, 'az': 0.12, 'gx': -1.53, 'gy': -2.09, 'gz': -9.01}]",2026-02-13 11:33:54,0.0
"[{'t_us': 1127657987, 'ax': -0.91, 'ay': -0.06, 'az': 0.13, 'gx': -2.84, 'gy': 0.63, 'gz': -8.15}, {'t_us': 1127673266, 'ax': -0.94, 'ay': -0.07, 'az': 0.13, 'gx': -3.44, 'gy': 1.89, 'gz': -6.98}, {'t_us': 1127693266, 'ax': -0.96, 'ay': -0.08, 'az': 0.11, 'gx': -4.31, 'gy': 0.6, 'gz': -6.4}, {'t_us': 1127713296, 'ax': -0.96, 'ay': -0.08, 'az': 0.11, 'gx': -6.26, 'gy': 0.98, 'gz': -6.61}, {'t_us': 1127733296, 'ax': -0.96, 'ay': -0.08, 'az': 0.11, 'gx': -7.68, 'gy': 0.7, 'gz': -7.1}]",2026-02-13 11:33:54,0.0
"[{'t_us': 1127759547, 'ax': -0.94, 'ay': -0.09, 'az': 0.11, 'gx': -8.99, 'gy': 0.84, 'gz': -7.39}, {'t_us': 1127773266, 'ax': -0.93, 'ay': -0.09, 'az': 0.11, 'gx': -9.54, 'gy': 0.73, 'gz': -6.11}, {'t_us': 1127793266, 'ax': -0.93, 'ay': -0.1, 'az': 0.11, 'gx': -9.48, 'gy': 0.7, 'gz': -3.79}, {'t_us': 1127813296, 'ax': -0.93, 'ay': -0.1, 'az': 0.11, 'gx': -10.17, 'gy': 0.89, 'gz': -2.55}, {'t_us': 1127833333, 'ax': -0.91, 'ay': -0.1, 'az': 0.12, 'gx': -11.45, 'gy': 0.41, 'gz': -2.26}]",2026-02-13 11:33:55,0.0
"[{'t_us': 1127859648, 'ax': -0.91, 'ay': -0.08, 'az': 0.11, 'gx': -13.18, 'gy': 1.98, 'gz': -2.58}, {'t_us': 1127873333, 'ax': -0.91, 'ay': -0.07, 'az': 0.11, 'gx': -13.59, 'gy': 3.76, 'gz': -2.32}, {'t_us': 1127893266, 'ax': -0.91, 'ay': -0.07, 'az': 0.11, 'gx': -14.18, 'gy': 4.52, 'gz': -1.94}, {'t_us': 1127913296, 'ax': -0.91, 'ay': -0.07, 'az': 0.12, 'gx': -13.89, 'gy': 4.46, 'gz': -0.73}, {'t_us': 1127933304, 'ax': -0.93, 'ay': -0.09, 'az': 0.12, 'gx': -14.24, 'gy': 4.46, 'gz': 0.72}]",2026-02-13 11:33:55,0.0
"[{'t_us': 1127958440, 'ax': -0.91, 'ay': -0.1, 'az': 0.12, 'gx': -14.63, 'gy': 6.05, 'gz': 1.3}, {'t_us': 1127973329, 'ax': -0.91, 'ay': -0.12, 'az': 0.12, 'gx': -15.11, 'gy': 8.85, 'gz': 1.24}, {'t_us': 1127993333, 'ax': -0.93, 'ay': -0.13, 'az': 0.12, 'gx': -15.44, 'gy': 12.38, 'gz': 1.79}, {'t_us': 1128013266, 'ax': -0.93, 'ay': -0.12, 'az': 0.15, 'gx': -16.18, 'gy': 12.37, 'gz': 2.26}, {'t_us': 1128033289, 'ax': -0.93, 'ay': -0.11, 'az': 0.15, 'gx': -16.96, 'gy': 10.58, 'gz': 2.92}]",2026-02-13 11:33:55,0.0
"[{'t_us': 1128060108, 'ax': -0.92, 'ay': -0.09, 'az': 0.17, 'gx': -16.79, 'gy': 6.75, 'gz': 4.93}, {'t_us': 1128073955, 'ax': -0.89, 'ay': -0.09, 'az': 0.19, 'gx': -16.93, 'gy': 5.56, 'gz': 6.52}, {'t_us': 1128093325, 'ax': -0.88, 'ay': -0.11, 'az': 0.2, 'gx': -17.48, 'gy': 4.32, 'gz': 9.82}, {'t_us': 1128113278, 'ax': -0.87, 'ay': -0.09, 'az': 0.21, 'gx': -18.31, 'gy': 3.18, 'gz': 12.7}, {'t_us': 1128133283, 'ax': -0.86, 'ay': -0.08, 'az': 0.22, 'gx': -19.3, 'gy': 1.54, 'gz': 15.86}]",2026-02-13 11:33:55,0.0
"[{'t_us': 1128158376, 'ax': -0.84, 'ay': -0.08, 'az': 0.17, 'gx': -20.24, 'gy': 2.58, 'gz': 19.44}, {'t_us': 1128173296, 'ax': -0.86, 'ay': -0.04, 'az': 0.14, 'gx': -19.21, 'gy': 6.89, 'gz': 21.73}, {'t_us': 1128193310, 'ax': -0.96, 'ay': -0.0, 'az': 0.04, 'gx': -14.2, 'gy': 12.63, 'gz': 21.73}, {'t_us': 1128213266, 'ax': -1.02, 'ay': 0.0, 'az': 0.07, 'gx': -6.76, 'gy': 14.06, 'gz': 19.8}, {'t_us': 1128233278, 'ax': -1.04, 'ay': -0.0, 'az': 0.13, 'gx': -7.89, 'gy': 13.24, 'gz': 18.18}]",2026-02-13 11:33:55,0.0
"[{'t_us': 1128258521, 'ax': -1.02, 'ay': -0.05, 'az': 0.08, 'gx': -10.32, 'gy': 6.79, 'gz': 14.92}, {'t_us': 1128273274, 'ax': -1.0, 'ay': -0.05, 'az': 0.04, 'gx': -12.43, 'gy': 4.75, 'gz': 12.92}, {'t_us': 1128293274, 'ax': -0.93, 'ay': -0.03, 'az': 0.05, 'gx': -14.29, 'gy': 6.52, 'gz': 11.4}, {'t_us': 1128313310, 'ax': -0.87, 'ay': 0.01, 'az': 0.06, 'gx': -15.04, 'gy': 10.99, 'gz': 14.11}, {'t_us': 1128333274, 'ax': -0.85, 'ay': 0.06, 'az': 0.06, 'gx': -14.76, 'gy': 17.19, 'gz': 18.85}]",2026-02-13 11:33:55,0.0
"[{'t_us': 1128358306, 'ax': -0.92, 'ay': 0.12, 'az': 0.08, 'gx': -15.18, 'gy': 23.83, 'gz': 22.72}, {'t_us': 1128373271, 'ax': -1.0, 'ay': 0.11, 'az': 0.08, 'gx': -15.39, 'gy': 25.44, 'gz': 23.66}, {'t_us': 1128393271, 'ax': -1.07, 'ay': 0.1, 'az': 0.06, 'gx': -15.07, 'gy': 19.71, 'gz': 24.35}, {'t_us': 1128413304, 'ax': -1.08, 'ay': 0.06, 'az': 0.06, 'gx': -15.16, 'gy': 8.98, 'gz': 22.81}, {'t_us': 1128433330, 'ax': -1.05, 'ay': 0.04, 'az': 0.05, 'gx': -14.29, 'gy': -1.47, 'gz': 19.59}]",2026-02-13 11:33:55,0.0
"[{'t_us': 1128458082, 'ax': -1.0, 'ay': 0.04, 'az': 0.06, 'gx': -14.12, 'gy': -7.8, 'gz': 15.8}, {'t_us': 1128473265, 'ax': -0.98, 'ay': 0.05, 'az': 0.06, 'gx': -14.38, 'gy': -9.48, 'gz': 14.64}, {'t_us': 1128493266, 'ax': -0.93, 'ay': 0.07, 'az': 0.06, 'gx': -12.38, 'gy': -8.23, 'gz': 13.04}, {'t_us': 1128513330, 'ax': -0.94, 'ay': 0.09, 'az': 0.06, 'gx': -11.22, 'gy': -5.76, 'gz': 12.47}, {'t_us': 1128533283, 'ax': -0.96, 'ay': 0.12, 'az': 0.07, 'gx': -9.3, 'gy': -4.32, 'gz': 12.95}]",2026-02-13 11:33:55,0.0
"[{'t_us': 1128558298, 'ax': -0.99, 'ay': 0.15, 'az': 0.07, 'gx': -6.49, 'gy': -4.96, 'gz': 13.5}, {'t_us': 1128573321, 'ax': -0.99, 'ay': 0.15, 'az': 0.09, 'gx': -4.76, 'gy': -7.5, 'gz': 13.21}, {'t_us': 1128593325, 'ax': -0.97, 'ay': 0.13, 'az': 0.08, 'gx': -3.77, 'gy': -12.17, 'gz': 12.78}, {'t_us': 1128613278, 'ax': -0.95, 'ay': 0.13, 'az': 0.07, 'gx': -3.13, 'gy': -15.37, 'gz': 12.02}, {'t_us': 1128633283, 'ax': -0.92, 'ay': 0.12, 'az': 0.08, 'gx': -2.21, 'gy': -15.82, 'gz': 11.92}]",2026-02-13 11:33:55,0.0
"[{'t_us': 1128659743, 'ax': -0.9, 'ay': 0.14, 'az': 0.09, 'gx': -0.15, 'gy': -15.04, 'gz': 11.94}, {'t_us': 1128673321, 'ax': -0.91, 'ay': 0.14, 'az': 0.09, 'gx': 0.23, 'gy': -15.02, 'gz': 11.65}, {'t_us': 1128693325, 'ax': -0.9, 'ay': 0.16, 'az': 0.09, 'gx': 0.17, 'gy': -16.2, 'gz': 11.04}, {'t_us': 1128713278, 'ax': -0.9, 'ay': 0.18, 'az': 0.1, 'gx': 0.96, 'gy': -16.81, 'gz': 9.76}, {'t_us': 1128733278, 'ax': -0.89, 'ay': 0.18, 'az': 0.11, 'gx': 1.16, 'gy': -15.6, 'gz': 8.09}]",2026-02-13 11:33:55,0.0
"[{'t_us': 1128762224, 'ax': -0.89, 'ay': 0.18, 'az': 0.14, 'gx': 0.92, 'gy': -13.08, 'gz': 5.92}, {'t_us': 1128773279, 'ax': -0.89, 'ay': 0.18, 'az': 0.14, 'gx': 0.66, 'gy': -11.76, 'gz': 5.44}, {'t_us': 1128793278, 'ax': -0.9, 'ay': 0.16, 'az': 0.14, 'gx': 1.27, 'gy': -9.07, 'gz': 4.89}, {'t_us': 1128813310, 'ax': -0.89, 'ay': 0.15, 'az': 0.13, 'gx': 2.21, 'gy': -8.27, 'gz': 3.44}, {'t_us': 1128833274, 'ax': -0.87, 'ay': 0.16, 'az': 0.15, 'gx': 3.28, 'gy': -7.42, 'gz': 2.52}]",2026-02-13 11:33:56,0.0
"[{'t_us': 1128860860, 'ax': -0.88, 'ay': 0.13, 'az': 0.16, 'gx': 4.14, 'gy': -4.38, 'gz': 0.46}, {'t_us': 1128873304, 'ax': -0.88, 'ay': 0.15, 'az': 0.17, 'gx': 4.23, 'gy': -3.77, 'gz': -0.27}, {'t_us': 1128893274, 'ax': -0.88, 'ay': 0.16, 'az': 0.16, 'gx': 4.64, 'gy': -3.04, 'gz': -1.21}, {'t_us': 1128913274, 'ax': -0.89, 'ay': 0.19, 'az': 0.17, 'gx': 6.11, 'gy': -3.01, 'gz': -2.08}, {'t_us': 1128933310, 'ax': -0.88, 'ay': 0.18, 'az': 0.17, 'gx': 6.95, 'gy': -3.73, 'gz': -2.92}]",2026-02-13 11:33:56,0.0
"[{'t_us': 1128958555, 'ax': -0.86, 'ay': 0.15, 'az': 0.23, 'gx': 9.36, 'gy': -3.37, 'gz': -5.05}, {'t_us': 1128973287, 'ax': -0.87, 'ay': 0.14, 'az': 0.24, 'gx': 9.89, 'gy': -3.74, 'gz': -5.98}, {'t_us': 1128993288, 'ax': -0.87, 'ay': 0.13, 'az': 0.23, 'gx': 10.03, 'gy': -2.66, 'gz': -7.66}, {'t_us': 1129013281, 'ax': -0.87, 'ay': 0.13, 'az': 0.23, 'gx': 10.34, 'gy': -1.18, 'gz': -9.57}, {'t_us': 1129033271, 'ax': -0.87, 'ay': 0.15, 'az': 0.22, 'gx': 10.6, 'gy': -0.41, 'gz': -10.73}]",2026-02-13 11:33:56,0.0
"[{'t_us': 1129058075, 'ax': -0.86, 'ay': 0.2, 'az': 0.24, 'gx': 10.79, 'gy': 0.27, 'gz': -12.0}, {'t_us': 1129073266, 'ax': -0.9, 'ay': 0.19, 'az': 0.24, 'gx': 10.18, 'gy': -0.21, 'gz': -12.49}, {'t_us': 1129093266, 'ax': -0.91, 'ay': 0.16, 'az': 0.25, 'gx': 9.94, 'gy': -0.43, 'gz': -12.37}, {'t_us': 1129113296, 'ax': -0.91, 'ay': 0.16, 'az': 0.26, 'gx': 11.02, 'gy': 1.73, 'gz': -11.27}, {'t_us': 1129133289, 'ax': -0.91, 'ay': 0.18, 'az': 0.23, 'gx': 11.44, 'gy': 1.02, 'gz': -8.93}]",2026-02-13 11:33:56,0.0
"[{'t_us': 1129160403, 'ax': -0.92, 'ay': 0.21, 'az': 0.19, 'gx': 12.14, 'gy': -1.76, 'gz': -6.58}, {'t_us': 1129174320, 'ax': -0.92, 'ay': 0.19, 'az': 0.2, 'gx': 10.78, 'gy': -2.87, 'gz': -6.26}, {'t_us': 1129193333, 'ax': -0.92, 'ay': 0.17, 'az': 0.19, 'gx': 9.13, 'gy': -0.58, 'gz': -6.55}, {'t_us': 1129213283, 'ax': -0.92, 'ay': 0.13, 'az': 0.18, 'gx': 8.24, 'gy': 1.92, 'gz': -7.37}, {'t_us': 1129233325, 'ax': -0.91, 'ay': 0.11, 'az': 0.17, 'gx': 6.84, 'gy': 2.84, 'gz': -9.57}]",2026-02-13 11:33:56,0.0
"[{'t_us': 1129259146, 'ax': -0.92, 'ay': 0.12, 'az': 0.19, 'gx': 6.21, 'gy': 5.11, 'gz': -12.79}, {'t_us': 1129273330, 'ax': -0.92, 'ay': 0.11, 'az': 0.18, 'gx': 5.6, 'gy': 6.53, 'gz': -14.34}, {'t_us': 1129293333, 'ax': -0.93, 'ay': 0.11, 'az': 0.17, 'gx': 4.82, 'gy': 8.29, 'gz': -15.34}, {'t_us': 1129313283, 'ax': -0.94, 'ay': 0.12, 'az': 0.18, 'gx': 5.18, 'gy': 8.2, 'gz': -15.56}, {'t_us': 1129333289, 'ax': -0.95, 'ay': 0.1, 'az': 0.16, 'gx': 4.98, 'gy': 4.87, 'gz': -15.94}]",2026-02-13 11:33:56,0.0
"[{'t_us': 1129359453, 'ax': -0.92, 'ay': 0.06, 'az': 0.15, 'gx': 4.05, 'gy': 2.17, 'gz': -16.93}, {'t_us': 1129373342, 'ax': -0.91, 'ay': 0.05, 'az': 0.14, 'gx': 4.7, 'gy': 4.32, 'gz': -17.66}, {'t_us': 1129393278, 'ax': -0.91, 'ay': 0.04, 'az': 0.16, 'gx': 6.06, 'gy': 8.11, 'gz': -18.26}, {'t_us': 1129413278, 'ax': -0.93, 'ay': 0.04, 'az': 0.15, 'gx': 6.52, 'gy': 9.74, 'gz': -18.67}, {'t_us': 1129433283, 'ax': -0.94, 'ay': 0.05, 'az': 0.15, 'gx': 6.79, 'gy': 9.28, 'gz': -19.62}]",2026-02-13 11:33:56,0.0
"[{'t_us': 1129458113, 'ax': -0.93, 'ay': 0.04, 'az': 0.14, 'gx': 7.16, 'gy': 7.5, 'gz': -22.06}, {'t_us': 1129473328, 'ax': -0.91, 'ay': 0.02, 'az': 0.12, 'gx': 7.28, 'gy': 7.59, 'gz': -23.11}, {'t_us': 1129493333, 'ax': -0.91, 'ay': 0.0, 'az': 0.1, 'gx': 6.6, 'gy': 4.35, 'gz': -22.81}, {'t_us': 1129513283, 'ax': -0.88, 'ay': -0.02, 'az': 0.12, 'gx': 6.85, 'gy': 3.8, 'gz': -21.92}, {'t_us': 1129533310, 'ax': -0.86, 'ay': -0.03, 'az': 0.13, 'gx': 8.49, 'gy': 6.02, 'gz': -20.11}]",2026-02-13 11:33:56,0.0
"[{'t_us': 1129559592, 'ax': -0.86, 'ay': -0.04, 'az': 0.14, 'gx': 10.67, 'gy': 10.47, 'gz': -16.89}, {'t_us': 1129573304, 'ax': -0.87, 'ay': -0.05, 'az': 0.14, 'gx': 10.69, 'gy': 13.88, 'gz': -14.7}, {'t_us': 1129593315, 'ax': -0.91, 'ay': -0.07, 'az': 0.17, 'gx': 8.73, 'gy': 16.89, 'gz': -13.13}, {'t_us': 1129613271, 'ax': -0.96, 'ay': -0.08, 'az': 0.18, 'gx': 6.05, 'gy': 15.95, 'gz': -12.23}, {'t_us': 1129633304, 'ax': -0.99, 'ay': -0.07, 'az': 0.18, 'gx': 3.4, 'gy': 13.74, 'gz': -11.95}]",2026-02-13 11:33:56,0.0
"[{'t_us': 1129659535, 'ax': -1.0, 'ay': -0.02, 'az': 0.17, 'gx': 0.49, 'gy': 10.27, 'gz': -12.79}, {'t_us': 1129673333, 'ax': -0.99, 'ay': -0.03, 'az': 0.16, 'gx': -1.92, 'gy': 5.54, 'gz': -12.55}, {'t_us': 1129693310, 'ax': -0.95, 'ay': -0.05, 'az': 0.15, 'gx': -5.1, 'gy': 3.1, 'gz': -12.55}, {'t_us': 1129713266, 'ax': -0.93, 'ay': -0.06, 'az': 0.16, 'gx': -7.11, 'gy': 5.76, 'gz': -11.8}, {'t_us': 1129733278, 'ax': -0.91, 'ay': -0.08, 'az': 0.16, 'gx': -9.02, 'gy': 9.3, 'gz': -11.48}]",2026-02-13 11:33:56,0.0
"[{'t_us': 1129759477, 'ax': -0.9, 'ay': -0.08, 'az': 0.14, 'gx': -12.03, 'gy': 14.9, 'gz': -11.82}, {'t_us': 1129773318, 'ax': -0.9, 'ay': -0.08, 'az': 0.13, 'gx': -12.78, 'gy': 19.11, 'gz': -11.82}, {'t_us': 1129793315, 'ax': -0.93, 'ay': -0.08, 'az': 0.13, 'gx': -14.03, 'gy': 21.01, 'gz': -10.85}, {'t_us': 1129813271, 'ax': -0.94, 'ay': -0.08, 'az': 0.13, 'gx': -15.21, 'gy': 19.45, 'gz': -8.43}, {'t_us': 1129833271, 'ax': -0.95, 'ay': -0.09, 'az': 0.15, 'gx': -16.35, 'gy': 15.89, 'gz': -5.04}]",2026-02-13 11:33:57,0.0
"[{'t_us': 1129859873, 'ax': -0.91, 'ay': -0.08, 'az': 0.16, 'gx': -19.45, 'gy': 11.34, 'gz': -0.64}, {'t_us': 1129873333, 'ax': -0.89, 'ay': -0.08, 'az': 0.17, 'gx': -21.28, 'gy': 10.7, 'gz': 0.76}, {'t_us': 1129893304, 'ax': -0.89, 'ay': -0.05, 'az': 0.2, 'gx': -24.31, 'gy': 9.39, 'gz': 3.04}, {'t_us': 1129913330, 'ax': -0.87, 'ay': -0.03, 'az': 0.21, 'gx': -27.37, 'gy': 7.66, 'gz': 5.24}, {'t_us': 1129933266, 'ax': -0.84, 'ay': -0.02, 'az': 0.2, 'gx': -29.22, 'gy': 7.48, 'gz': 7.13}]",2026-02-13 11:33:57,0.0
"[{'t_us': 1129959907, 'ax': -0.84, 'ay': -0.05, 'az': 0.22, 'gx': -30.02, 'gy': 8.78, 'gz': 9.91}, {'t_us': 1129973275, 'ax': -0.86, 'ay': -0.08, 'az': 0.23, 'gx': -30.85, 'gy': 6.72, 'gz': 10.84}, {'t_us': 1129993321, 'ax': -0.87, 'ay': -0.09, 'az': 0.24, 'gx': -32.15, 'gy': 4.5, 'gz': 13.51}, {'t_us': 1130013274, 'ax': -0.86, 'ay': -0.09, 'az': 0.24, 'gx': -33.66, 'gy': 2.17, 'gz': 17.02}, {'t_us': 1130033278, 'ax': -0.86, 'ay': -0.1, 'az': 0.17, 'gx': -36.2, 'gy': 2.69, 'gz': 20.06}]",2026-02-13 11:33:57,0.0
"[{'t_us': 1130057684, 'ax': -0.9, 'ay': -0.04, 'az': 0.08, 'gx': -36.66, 'gy': 3.42, 'gz': 19.44}, {'t_us': 1130073287, 'ax': -0.93, 'ay': 0.01, 'az': 0.06, 'gx': -31.85, 'gy': 11.34, 'gz': 17.33}, {'t_us': 1130093304, 'ax': -1.04, 'ay': 0.0, 'az': 0.12, 'gx': -27.11, 'gy': 23.19, 'gz': 17.66}, {'t_us': 1130113333, 'ax': -1.18, 'ay': -0.05, 'az': 0.14, 'gx': -22.56, 'gy': 23.6, 'gz': 19.53}, {'t_us': 1130133330, 'ax': -1.21, 'ay': -0.1, 'az': 0.1, 'gx': -19.73, 'gy': 7.54, 'gz': 21.33}]",2026-02-13 11:33:57,0.0
"[{'t_us': 1130159884, 'ax': -1.08, 'ay': -0.11, 'az': 0.05, 'gx': -19.04, 'gy': -16.53, 'gz': 17.28}, {'t_us': 1130173274, 'ax': -0.99, 'ay': -0.08, 'az': 0.03, 'gx': -17.83, 'gy': -20.31, 'gz': 15.92}, {'t_us': 1130193333, 'ax': -0.88, 'ay': -0.03, 'az': -0.01, 'gx': -14.81, 'gy': -17.22, 'gz': 14.81}, {'t_us': 1130213283, 'ax': -0.8, 'ay': 0.01, 'az': 0.01, 'gx': -11.1, 'gy': -3.36, 'gz': 15.04}, {'t_us': 1130233296, 'ax': -0.83, 'ay': 0.06, 'az': 0.02, 'gx': -6.2, 'gy': 12.85, 'gz': 16.61}]",2026-02-13 11:33:57,0.0
"[{'t_us': 1130259781, 'ax': -0.95, 'ay': 0.1, 'az': 0.01, 'gx': -2.46, 'gy': 19.94, 'gz': 20.06}, {'t_us': 1130273266, 'ax': -0.99, 'ay': 0.11, 'az': -0.01, 'gx': -1.85, 'gy': 16.9, 'gz': 20.47}, {'t_us': 1130293290, 'ax': -1.01, 'ay': 0.1, 'az': 0.0, 'gx': -1.33, 'gy': 10.24, 'gz': 19.11}, {'t_us': 1130313278, 'ax': -1.0, 'ay': 0.09, 'az': 0.02, 'gx': -1.71, 'gy': 4.14, 'gz': 15.85}, {'t_us': 1130333310, 'ax': -0.97, 'ay': 0.08, 'az': 0.03, 'gx': -2.27, 'gy': -1.3, 'gz': 13.42}]",2026-02-13 11:33:57,0.0
"[{'t_us': 1130358278, 'ax': -0.94, 'ay': 0.1, 'az': 0.05, 'gx': -2.12, 'gy': -6.05, 'gz': 11.82}, {'t_us': 1130373325, 'ax': -0.93, 'ay': 0.1, 'az': 0.05, 'gx': -1.94, 'gy': -7.25, 'gz': 11.63}, {'t_us': 1130393274, 'ax': -0.93, 'ay': 0.1, 'az': 0.06, 'gx': -0.08, 'gy': -7.16, 'gz': 11.15}, {'t_us': 1130413288, 'ax': -0.95, 'ay': 0.11, 'az': 0.09, 'gx': 2.52, 'gy': -7.47, 'gz': 10.58}, {'t_us': 1130433288, 'ax': -0.96, 'ay': 0.12, 'az': 0.08, 'gx': 4.84, 'gy': -7.45, 'gz': 10.15}]",2026-02-13 11:33:57,0.0
"[{'t_us': 1130458163, 'ax': -0.97, 'ay': 0.12, 'az': 0.1, 'gx': 7.42, 'gy': -9.86, 'gz': 9.97}, {'t_us': 1130473296, 'ax': -0.96, 'ay': 0.13, 'az': 0.09, 'gx': 7.88, 'gy': -12.49, 'gz': 9.68}, {'t_us': 1130493278, 'ax': -0.92, 'ay': 0.13, 'az': 0.09, 'gx': 9.25, 'gy': -12.43, 'gz': 8.4}, {'t_us': 1130513266, 'ax': -0.91, 'ay': 0.13, 'az': 0.1, 'gx': 9.85, 'gy': -9.76, 'gz': 7.5}, {'t_us': 1130533325, 'ax': -0.91, 'ay': 0.13, 'az': 0.09, 'gx': 10.6, 'gy': -8.26, 'gz': 7.94}]",2026-02-13 11:33:57,0.0
"[{'t_us': 1130557602, 'ax': -0.91, 'ay': 0.13, 'az': 0.1, 'gx': 10.38, 'gy': -8.95, 'gz': 8.55}, {'t_us': 1130573288, 'ax': -0.92, 'ay': 0.16, 'az': 0.09, 'gx': 10.61, 'gy': -9.73, 'gz': 8.61}, {'t_us': 1130593305, 'ax': -0.93, 'ay': 0.17, 'az': 0.09, 'gx': 11.24, 'gy': -11.57, 'gz': 7.63}, {'t_us': 1130613271, 'ax': -0.92, 'ay': 0.16, 'az': 0.11, 'gx': 10.99, 'gy': -11.1, 'gz': 7.04}, {'t_us': 1130633321, 'ax': -0.92, 'ay': 0.17, 'az': 0.12, 'gx': 10.17, 'gy': -10.05, 'gz': 5.65}]",2026-02-13 11:33:57,0.0
"[{'t_us': 1130659734, 'ax': -0.9, 'ay': 0.17, 'az': 0.12, 'gx': 8.21, 'gy': -8.55, 'gz': 4.9}, {'t_us': 1130673304, 'ax': -0.88, 'ay': 0.19, 'az': 0.13, 'gx': 7.31, 'gy': -6.53, 'gz': 4.76}, {'t_us': 1130693330, 'ax': -0.88, 'ay': 0.2, 'az': 0.14, 'gx': 7.08, 'gy': -4.15, 'gz': 3.25}, {'t_us': 1130714342, 'ax': -0.9, 'ay': 0.22, 'az': 0.14, 'gx': 7.59, 'gy': -3.25, 'gz': 3.54}, {'t_us': 1130733278, 'ax': -0.9, 'ay': 0.21, 'az': 0.14, 'gx': 8.85, 'gy': -3.89, 'gz': 3.68}]",2026-02-13 11:33:57,0.0
"[{'t_us': 1130757586, 'ax': -0.9, 'ay': 0.18, 'az': 0.13, 'gx': 10.52, 'gy': -3.71, 'gz': 3.77}, {'t_us': 1130773310, 'ax': -0.89, 'ay': 0.17, 'az': 0.14, 'gx': 11.01, 'gy': -3.88, 'gz': 3.33}, {'t_us': 1130793315, 'ax': -0.91, 'ay': 0.15, 'az': 0.14, 'gx': 10.75, 'gy': -2.93, 'gz': 1.1}, {'t_us': 1130813271, 'ax': -0.9, 'ay': 0.17, 'az': 0.14, 'gx': 11.51, 'gy': -1.04, 'gz': -1.69}, {'t_us': 1130833296, 'ax': -0.87, 'ay': 0.18, 'az': 0.16, 'gx': 13.04, 'gy': 2.26, 'gz': -3.94}]",2026-02-13 11:33:58,0.0
"[{'t_us': 1130859381, 'ax': -0.85, 'ay': 0.16, 'az': 0.19, 'gx': 13.62, 'gy': 2.06, 'gz': -4.75}, {'t_us': 1130873310, 'ax': -0.84, 'ay': 0.17, 'az': 0.19, 'gx': 13.98, 'gy': 2.99, 'gz': -5.18}, {'t_us': 1130893321, 'ax': -0.83, 'ay': 0.18, 'az': 0.23, 'gx': 15.66, 'gy': 4.99, 'gz': -5.66}, {'t_us': 1130913330, 'ax': -0.86, 'ay': 0.19, 'az': 0.25, 'gx': 17.94, 'gy': 7.04, 'gz': -6.66}, {'t_us': 1130933278, 'ax': -0.88, 'ay': 0.2, 'az': 0.26, 'gx': 18.29, 'gy': 4.75, 'gz': -8.34}]",2026-02-13 11:33:58,0.0
"[{'t_us': 1130959945, 'ax': -0.91, 'ay': 0.21, 'az': 0.24, 'gx': 18.84, 'gy': 2.79, 'gz': -10.31}, {'t_us': 1130973321, 'ax': -0.92, 'ay': 0.2, 'az': 0.23, 'gx': 18.75, 'gy': 0.03, 'gz': -12.63}, {'t_us': 1130993325, 'ax': -0.91, 'ay': 0.17, 'az': 0.25, 'gx': 18.84, 'gy': -2.21, 'gz': -17.89}, {'t_us': 1131013283, 'ax': -0.96, 'ay': 0.14, 'az': 0.22, 'gx': 18.32, 'gy': 1.24, 'gz': -21.19}, {'t_us': 1131033310, 'ax': -0.99, 'ay': 0.12, 'az': 0.2, 'gx': 17.54, 'gy': 4.18, 'gz': -22.55}]",2026-02-13 11:33:58,0.0
"[{'t_us': 1131059418, 'ax': -1.04, 'ay': 0.12, 'az': 0.14, 'gx': 17.51, 'gy': 3.66, 'gz': -21.3}, {'t_us': 1131073273, 'ax': -1.01, 'ay': 0.13, 'az': 0.16, 'gx': 17.37, 'gy': -1.62, 'gz': -21.31}, {'t_us': 1131093271, 'ax': -0.96, 'ay': 0.12, 'az': 0.15, 'gx': 15.69, 'gy': -6.87, 'gz': -22.47}, {'t_us': 1131113271, 'ax': -0.92, 'ay': 0.13, 'az': 0.14, 'gx': 14.11, 'gy': -5.42, 'gz': -23.11}, {'t_us': 1131133278, 'ax': -0.91, 'ay': 0.13, 'az': 0.14, 'gx': 12.96, 'gy': -1.76, 'gz': -24.21}]",2026-02-13 11:33:58,0.0
"[{'t_us': 1131158140, 'ax': -0.89, 'ay': 0.1, 'az': 0.16, 'gx': 11.6, 'gy': 1.95, 'gz': -27.08}, {'t_us': 1131173304, 'ax': -0.9, 'ay': 0.06, 'az': 0.15, 'gx': 10.84, 'gy': 3.86, 'gz': -29.07}, {'t_us': 1131193315, 'ax': -0.92, 'ay': 0.02, 'az': 0.13, 'gx': 9.65, 'gy': 5.18, 'gz': -30.96}, {'t_us': 1131213274, 'ax': -0.93, 'ay': 0.01, 'az': 0.11, 'gx': 8.0, 'gy': 2.69, 'gz': -31.94}, {'t_us': 1131233325, 'ax': -0.91, 'ay': 0.01, 'az': 0.12, 'gx': 8.78, 'gy': 1.48, 'gz': -31.37}]",2026-02-13 11:33:58,0.0
"[{'t_us': 1131258046, 'ax': -0.91, 'ay': -0.02, 'az': 0.11, 'gx': 9.33, 'gy': -0.32, 'gz': -29.47}, {'t_us': 1131273304, 'ax': -0.89, 'ay': -0.04, 'az': 0.07, 'gx': 9.59, 'gy': 0.85, 'gz': -27.37}, {'t_us': 1131293310, 'ax': -0.87, 'ay': -0.06, 'az': 0.1, 'gx': 9.85, 'gy': 6.41, 'gz': -24.08}, {'t_us': 1131313274, 'ax': -0.88, 'ay': -0.06, 'az': 0.15, 'gx': 8.37, 'gy': 8.63, 'gz': -20.41}, {'t_us': 1131333274, 'ax': -0.89, 'ay': -0.08, 'az': 0.15, 'gx': 5.88, 'gy': 10.72, 'gz': -17.01}]",2026-02-13 11:33:58,0.0
"[{'t_us': 1131359414, 'ax': -0.95, 'ay': -0.09, 'az': 0.14, 'gx': 4.76, 'gy': 13.4, 'gz': -14.38}, {'t_us': 1131373271, 'ax': -0.98, 'ay': -0.08, 'az': 0.13, 'gx': 4.09, 'gy': 10.7, 'gz': -13.82}, {'t_us': 1131393271, 'ax': -1.01, 'ay': -0.08, 'az': 0.12, 'gx': 2.73, 'gy': 5.83, 'gz': -14.17}, {'t_us': 1131413324, 'ax': -0.99, 'ay': -0.07, 'az': 0.11, 'gx': 1.3, 'gy': 1.76, 'gz': -15.31}, {'t_us': 1131433296, 'ax': -0.95, 'ay': -0.08, 'az': 0.11, 'gx': -0.44, 'gy': 0.26, 'gz': -15.71}]",2026-02-13 11:33:58,0.0
"[{'t_us': 1131460261, 'ax': -0.9, 'ay': -0.06, 'az': 0.09, 'gx': -1.91, 'gy': 1.62, 'gz': -14.15}, {'t_us': 1131473327, 'ax': -0.9, 'ay': -0.05, 'az': 0.09, 'gx': -2.87, 'gy': 4.43, 'gz': -12.41}, {'t_us': 1131493278, 'ax': -0.89, 'ay': -0.06, 'az': 0.09, 'gx': -4.29, 'gy': 10.02, 'gz': -10.17}, {'t_us': 1131513278, 'ax': -0.91, 'ay': -0.06, 'az': 0.08, 'gx': -5.89, 'gy': 13.13, 'gz': -8.6}, {'t_us': 1131533325, 'ax': -0.92, 'ay': -0.06, 'az': 0.09, 'gx': -6.69, 'gy': 13.16, 'gz': -7.28}]",2026-02-13 11:33:58,0.0
"[{'t_us': 1131557758, 'ax': -0.92, 'ay': -0.06, 'az': 0.1, 'gx': -7.59, 'gy': 12.29, 'gz': -4.14}, {'t_us': 1131575489, 'ax': -0.93, 'ay': -0.07, 'az': 0.11, 'gx': -8.66, 'gy': 10.78, 'gz': -1.19}, {'t_us': 1131593278, 'ax': -0.93, 'ay': -0.1, 'az': 0.12, 'gx': -9.74, 'gy': 8.7, 'gz': 0.43}, {'t_us': 1131613310, 'ax': -0.92, 'ay': -0.11, 'az': 0.12, 'gx': -10.96, 'gy': 8.38, 'gz': 1.21}, {'t_us': 1131633310, 'ax': -0.92, 'ay': -0.12, 'az': 0.14, 'gx': -11.3, 'gy': 10.0, 'gz': 1.11}]",2026-02-13 11:33:58,0.0
"[{'t_us': 1131659424, 'ax': -0.88, 'ay': -0.12, 'az': 0.17, 'gx': -12.49, 'gy': 9.83, 'gz': 3.94}, {'t_us': 1131673266, 'ax': -0.88, 'ay': -0.11, 'az': 0.19, 'gx': -13.71, 'gy': 10.17, 'gz': 5.76}, {'t_us': 1131693296, 'ax': -0.89, 'ay': -0.1, 'az': 0.18, 'gx': -15.1, 'gy': 9.3, 'gz': 7.18}, {'t_us': 1131713310, 'ax': -0.89, 'ay': -0.08, 'az': 0.2, 'gx': -16.05, 'gy': 9.4, 'gz': 8.63}, {'t_us': 1131733278, 'ax': -0.91, 'ay': -0.08, 'az': 0.17, 'gx': -17.33, 'gy': 9.74, 'gz': 8.98}]",2026-02-13 11:33:58,0.0
"[{'t_us': 1131759481, 'ax': -0.92, 'ay': -0.06, 'az': 0.19, 'gx': -19.33, 'gy': 9.69, 'gz': 8.61}, {'t_us': 1131773271, 'ax': -0.92, 'ay': -0.04, 'az': 0.19, 'gx': -20.87, 'gy': 9.47, 'gz': 9.04}, {'t_us': 1131793302, 'ax': -0.93, 'ay': -0.05, 'az': 0.19, 'gx': -23.05, 'gy': 8.52, 'gz': 9.47}, {'t_us': 1131813296, 'ax': -0.94, 'ay': -0.07, 'az': 0.18, 'gx': -24.9, 'gy': 6.2, 'gz': 10.63}, {'t_us': 1131833278, 'ax': -0.92, 'ay': -0.1, 'az': 0.2, 'gx': -26.21, 'gy': 7.82, 'gz': 11.68}]",2026-02-13 11:33:59,0.0
"[{'t_us': 1131857922, 'ax': -0.91, 'ay': -0.1, 'az': 0.16, 'gx': -25.92, 'gy': 9.91, 'gz': 12.63}, {'t_us': 1131873333, 'ax': -0.92, 'ay': -0.1, 'az': 0.12, 'gx': -23.19, 'gy': 6.21, 'gz': 13.8}, {'t_us': 1131893266, 'ax': -0.91, 'ay': -0.11, 'az': 0.09, 'gx': -19.91, 'gy': 5.97, 'gz': 15.34}, {'t_us': 1131913296, 'ax': -0.93, 'ay': -0.1, 'az': 0.09, 'gx': -17.37, 'gy': 10.49, 'gz': 15.68}, {'t_us': 1131933274, 'ax': -0.98, 'ay': -0.08, 'az': 0.09, 'gx': -13.83, 'gy': 14.12, 'gz': 15.59}]",2026-02-13 11:33:59,0.0
"[{'t_us': 1131959633, 'ax': -1.06, 'ay': -0.07, 'az': 0.08, 'gx': -9.79, 'gy': 11.22, 'gz': 14.92}, {'t_us': 1131973321, 'ax': -1.06, 'ay': -0.05, 'az': 0.05, 'gx': -7.5, 'gy': 5.11, 'gz': 14.18}, {'t_us': 1131993325, 'ax': -0.99, 'ay': -0.01, 'az': 0.05, 'gx': -6.21, 'gy': -3.51, 'gz': 13.47}, {'t_us': 1132013278, 'ax': -0.92, 'ay': 0.02, 'az': 0.03, 'gx': -6.38, 'gy': -6.18, 'gz': 13.15}, {'t_us': 1132033317, 'ax': -0.85, 'ay': 0.07, 'az': 0.05, 'gx': -7.73, 'gy': -0.85, 'gz': 13.53}]",2026-02-13 11:33:59,0.0
"[{'t_us': 1132057995, 'ax': -0.89, 'ay': 0.08, 'az': 0.06, 'gx': -6.72, 'gy': 7.24, 'gz': 16.35}, {'t_us': 1132073315, 'ax': -0.95, 'ay': 0.08, 'az': 0.06, 'gx': -6.69, 'gy': 9.4, 'gz': 18.15}, {'t_us': 1132093321, 'ax': -1.0, 'ay': 0.09, 'az': 0.05, 'gx': -6.47, 'gy': 6.12, 'gz': 19.47}, {'t_us': 1132113274, 'ax': -1.0, 'ay': 0.1, 'az': 0.06, 'gx': -6.17, 'gy': 0.52, 'gz': 19.76}, {'t_us': 1132133330, 'ax': -0.98, 'ay': 0.1, 'az': 0.05, 'gx': -5.04, 'gy': -2.85, 'gz': 19.16}]",2026-02-13 11:33:59,0.0
"[{'t_us': 1132159590, 'ax': -0.95, 'ay': 0.08, 'az': 0.07, 'gx': -4.15, 'gy': -7.88, 'gz': 17.86}, {'t_us': 1132173278, 'ax': -0.92, 'ay': 0.08, 'az': 0.1, 'gx': -4.03, 'gy': -9.4, 'gz': 17.18}, {'t_us': 1132193305, 'ax': -0.9, 'ay': 0.09, 'az': 0.11, 'gx': -2.21, 'gy': -7.27, 'gz': 15.4}, {'t_us': 1132213289, 'ax': -0.92, 'ay': 0.13, 'az': 0.09, 'gx': 0.5, 'gy': -1.66, 'gz': 13.65}, {'t_us': 1132233296, 'ax': -0.94, 'ay': 0.12, 'az': 0.11, 'gx': 4.29, 'gy': 1.56, 'gz': 12.15}]",2026-02-13 11:33:59,0.0
"[{'t_us': 1132259526, 'ax': -0.95, 'ay': 0.12, 'az': 0.15, 'gx': 6.79, 'gy': -2.24, 'gz': 11.94}, {'t_us': 1132273274, 'ax': -0.96, 'ay': 0.13, 'az': 0.16, 'gx': 7.8, 'gy': -3.28, 'gz': 11.5}, {'t_us': 1132293325, 'ax': -0.94, 'ay': 0.14, 'az': 0.14, 'gx': 9.25, 'gy': -4.84, 'gz': 11.07}, {'t_us': 1132313333, 'ax': -0.91, 'ay': 0.15, 'az': 0.11, 'gx': 10.15, 'gy': -2.6, 'gz': 10.6}, {'t_us': 1132333290, 'ax': -0.88, 'ay': 0.18, 'az': 0.1, 'gx': 11.3, 'gy': -1.18, 'gz': 9.37}]",2026-02-13 11:33:59,0.0
"[{'t_us': 1132359947, 'ax': -0.87, 'ay': 0.19, 'az': 0.11, 'gx': 10.81, 'gy': 4.32, 'gz': 8.29}, {'t_us': 1132373296, 'ax': -0.89, 'ay': 0.2, 'az': 0.1, 'gx': 10.23, 'gy': 6.67, 'gz': 7.6}, {'t_us': 1132393310, 'ax': -0.9, 'ay': 0.2, 'az': 0.1, 'gx': 9.02, 'gy': 6.32, 'gz': 6.52}, {'t_us': 1132413266, 'ax': -0.89, 'ay': 0.19, 'az': 0.09, 'gx': 8.0, 'gy': 6.12, 'gz': 5.68}, {'t_us': 1132433288, 'ax': -0.91, 'ay': 0.19, 'az': 0.09, 'gx': 7.05, 'gy': 7.82, 'gz': 4.76}]",2026-02-13 11:33:59,0.0
"[{'t_us': 1132459687, 'ax': -0.94, 'ay': 0.19, 'az': 0.06, 'gx': 6.87, 'gy': 5.25, 'gz': 5.94}, {'t_us': 1132473330, 'ax': -0.94, 'ay': 0.17, 'az': 0.06, 'gx': 7.54, 'gy': 2.67, 'gz': 6.29}, {'t_us': 1132493333, 'ax': -0.93, 'ay': 0.15, 'az': 0.07, 'gx': 9.86, 'gy': -1.04, 'gz': 7.66}, {'t_us': 1132513283, 'ax': -0.95, 'ay': 0.15, 'az': 0.08, 'gx': 12.5, 'gy': -4.18, 'gz': 9.04}, {'t_us': 1132533315, 'ax': -0.96, 'ay': 0.14, 'az': 0.09, 'gx': 14.7, 'gy': -7.54, 'gz': 8.84}]",2026-02-13 11:33:59,0.0
"[{'t_us': 1132558416, 'ax': -0.92, 'ay': 0.13, 'az': 0.12, 'gx': 18.56, 'gy': -9.27, 'gz': 6.9}, {'t_us': 1132573310, 'ax': -0.91, 'ay': 0.12, 'az': 0.13, 'gx': 19.86, 'gy': -9.45, 'gz': 5.07}, {'t_us': 1132593315, 'ax': -0.89, 'ay': 0.13, 'az': 0.14, 'gx': 21.15, 'gy': -8.23, 'gz': 3.36}, {'t_us': 1132613321, 'ax': -0.88, 'ay': 0.12, 'az': 0.14, 'gx': 24.31, 'gy': -4.66, 'gz': 1.05}, {'t_us': 1132633274, 'ax': -0.88, 'ay': 0.14, 'az': 0.15, 'gx': 27.1, 'gy': -2.52, 'gz': -1.33}]",2026-02-13 11:33:59,0.0
"[{'t_us': 1132659679, 'ax': -0.89, 'ay': 0.14, 'az': 0.17, 'gx': 29.53, 'gy': -0.2, 'gz': -5.62}, {'t_us': 1132673289, 'ax': -0.88, 'ay': 0.16, 'az': 0.18, 'gx': 30.84, 'gy': 0.7, 'gz': -8.2}, {'t_us': 1132693288, 'ax': -0.89, 'ay': 0.15, 'az': 0.2, 'gx': 32.81, 'gy': 2.58, 'gz': -12.24}, {'t_us': 1132713321, 'ax': -0.89, 'ay': 0.15, 'az': 0.2, 'gx': 34.26, 'gy': 1.86, 'gz': -15.92}, {'t_us': 1132733333, 'ax': -0.9, 'ay': 0.17, 'az': 0.19, 'gx': 34.58, 'gy': 0.02, 'gz': -17.69}]",2026-02-13 11:33:59,0.0
"[{'t_us': 1132758461, 'ax': -0.92, 'ay': 0.19, 'az': 0.16, 'gx': 34.75, 'gy': -1.6, 'gz': -19.82}, {'t_us': 1132773271, 'ax': -0.94, 'ay': 0.19, 'az': 0.18, 'gx': 34.32, 'gy': -0.61, 'gz': -20.29}, {'t_us': 1132793325, 'ax': -1.01, 'ay': 0.18, 'az': 0.14, 'gx': 32.24, 'gy': 2.69, 'gz': -19.6}, {'t_us': 1132813278, 'ax': -1.08, 'ay': 0.13, 'az': 0.13, 'gx': 30.02, 'gy': -0.15, 'gz': -19.21}, {'t_us': 1132833266, 'ax': -1.04, 'ay': 0.14, 'az': 0.11, 'gx': 28.44, 'gy': -7.62, 'gz': -18.95}]",2026-02-13 11:34:00,0.0
"[{'t_us': 1132860278, 'ax': -0.92, 'ay': 0.15, 'az': 0.11, 'gx': 25.85, 'gy': -17.19, 'gz': -20.38}, {'t_us': 1132873278, 'ax': -0.87, 'ay': 0.14, 'az': 0.11, 'gx': 25.01, 'gy': -14.43, 'gz': -20.73}, {'t_us': 1132893278, 'ax': -0.85, 'ay': 0.13, 'az': 0.11, 'gx': 22.56, 'gy': -8.61, 'gz': -19.68}, {'t_us': 1132913310, 'ax': -0.86, 'ay': 0.12, 'az': 0.09, 'gx': 19.5, 'gy': -0.61, 'gz': -19.36}, {'t_us': 1132933266, 'ax': -0.88, 'ay': 0.12, 'az': 0.06, 'gx': 18.99, 'gy': 5.36, 'gz': -20.41}]",2026-02-13 11:34:00,0.0
"[{'t_us': 1132959968, 'ax': -0.91, 'ay': 0.1, 'az': 0.11, 'gx': 17.47, 'gy': 8.72, 'gz': -22.53}, {'t_us': 1132973330, 'ax': -0.93, 'ay': 0.09, 'az': 0.12, 'gx': 15.11, 'gy': 6.76, 'gz': -23.04}, {'t_us': 1132993333, 'ax': -0.93, 'ay': 0.06, 'az': 0.1, 'gx': 13.01, 'gy': -0.35, 'gz': -22.53}, {'t_us': 1133013283, 'ax': -0.91, 'ay': -0.0, 'az': 0.06, 'gx': 13.65, 'gy': -3.79, 'gz': -22.17}, {'t_us': 1133033309, 'ax': -0.88, 'ay': -0.03, 'az': 0.05, 'gx': 13.48, 'gy': 0.14, 'gz': -21.27}]",2026-02-13 11:34:00,0.0
"[{'t_us': 1133058003, 'ax': -0.91, 'ay': -0.02, 'az': 0.07, 'gx': 15.62, 'gy': 6.99, 'gz': -20.53}, {'t_us': 1133075776, 'ax': -0.93, 'ay': -0.01, 'az': 0.08, 'gx': 17.11, 'gy': 10.63, 'gz': -20.85}, {'t_us': 1133093304, 'ax': -0.95, 'ay': -0.02, 'az': 0.09, 'gx': 17.94, 'gy': 11.01, 'gz': -21.01}, {'t_us': 1133113333, 'ax': -0.96, 'ay': -0.01, 'az': 0.12, 'gx': 17.37, 'gy': 10.98, 'gz': -20.76}, {'t_us': 1133133292, 'ax': -0.97, 'ay': -0.02, 'az': 0.14, 'gx': 16.34, 'gy': 10.37, 'gz': -20.14}]",2026-02-13 11:34:00,0.0
"[{'t_us': 1133157913, 'ax': -0.99, 'ay': -0.04, 'az': 0.09, 'gx': 14.96, 'gy': 7.74, 'gz': -19.51}, {'t_us': 1133173321, 'ax': -0.95, 'ay': -0.05, 'az': 0.1, 'gx': 14.21, 'gy': 7.37, 'gz': -18.92}, {'t_us': 1133193325, 'ax': -0.94, 'ay': -0.05, 'az': 0.08, 'gx': 12.23, 'gy': 9.83, 'gz': -18.29}, {'t_us': 1133213278, 'ax': -0.95, 'ay': -0.03, 'az': 0.09, 'gx': 11.18, 'gy': 12.63, 'gz': -19.57}, {'t_us': 1133233278, 'ax': -0.96, 'ay': -0.03, 'az': 0.08, 'gx': 10.27, 'gy': 14.18, 'gz': -20.56}]",2026-02-13 11:34:00,0.0
"[{'t_us': 1133259328, 'ax': -0.96, 'ay': -0.06, 'az': 0.06, 'gx': 10.26, 'gy': 12.98, 'gz': -19.92}, {'t_us': 1133273275, 'ax': -0.96, 'ay': -0.08, 'az': 0.06, 'gx': 10.21, 'gy': 11.85, 'gz': -19.16}, {'t_us': 1133293266, 'ax': -0.93, 'ay': -0.08, 'az': 0.08, 'gx': 9.76, 'gy': 9.51, 'gz': -17.8}, {'t_us': 1133313296, 'ax': -0.93, 'ay': -0.09, 'az': 0.08, 'gx': 9.02, 'gy': 9.8, 'gz': -16.15}, {'t_us': 1133333325, 'ax': -0.95, 'ay': -0.09, 'az': 0.09, 'gx': 8.63, 'gy': 10.64, 'gz': -15.91}]",2026-02-13 11:34:00,0.0
"[{'t_us': 1133360307, 'ax': -0.95, 'ay': -0.08, 'az': 0.08, 'gx': 7.25, 'gy': 12.52, 'gz': -15.88}, {'t_us': 1133373307, 'ax': -0.95, 'ay': -0.08, 'az': 0.09, 'gx': 5.89, 'gy': 13.33, 'gz': -15.16}, {'t_us': 1133393315, 'ax': -0.95, 'ay': -0.08, 'az': 0.09, 'gx': 4.09, 'gy': 11.66, 'gz': -13.76}, {'t_us': 1133413271, 'ax': -0.95, 'ay': -0.08, 'az': 0.09, 'gx': 1.95, 'gy': 12.05, 'gz': -11.74}, {'t_us': 1133433289, 'ax': -0.93, 'ay': -0.1, 'az': 0.08, 'gx': -0.47, 'gy': 13.4, 'gz': -9.89}]",2026-02-13 11:34:00,0.0
"[{'t_us': 1133459134, 'ax': -0.91, 'ay': -0.11, 'az': 0.1, 'gx': -2.56, 'gy': 16.79, 'gz': -7.74}, {'t_us': 1133473278, 'ax': -0.88, 'ay': -0.12, 'az': 0.1, 'gx': -3.79, 'gy': 18.34, 'gz': -6.47}, {'t_us': 1133493278, 'ax': -0.88, 'ay': -0.11, 'az': 0.11, 'gx': -5.48, 'gy': 19.28, 'gz': -4.26}, {'t_us': 1133513310, 'ax': -0.88, 'ay': -0.1, 'az': 0.14, 'gx': -6.82, 'gy': 18.96, 'gz': -1.34}, {'t_us': 1133533274, 'ax': -0.87, 'ay': -0.08, 'az': 0.15, 'gx': -8.67, 'gy': 17.95, 'gz': 1.69}]",2026-02-13 11:34:00,0.0
"[{'t_us': 1133557881, 'ax': -0.88, 'ay': -0.08, 'az': 0.18, 'gx': -10.58, 'gy': 9.85, 'gz': 7.18}, {'t_us': 1133573271, 'ax': -0.87, 'ay': -0.08, 'az': 0.19, 'gx': -11.05, 'gy': 4.26, 'gz': 11.4}, {'t_us': 1133593271, 'ax': -0.87, 'ay': -0.09, 'az': 0.19, 'gx': -12.76, 'gy': 0.46, 'gz': 17.19}, {'t_us': 1133613304, 'ax': -0.9, 'ay': -0.06, 'az': 0.17, 'gx': -17.22, 'gy': 0.73, 'gz': 22.11}, {'t_us': 1133633310, 'ax': -0.95, 'ay': -0.07, 'az': 0.09, 'gx': -19.69, 'gy': 5.71, 'gz': 23.25}]",2026-02-13 11:34:00,0.0
"[{'t_us': 1133657975, 'ax': -1.03, 'ay': 0.05, 'az': -0.01, 'gx': -19.76, 'gy': 15.16, 'gz': 18.79}, {'t_us': 1133673848, 'ax': -1.05, 'ay': 0.09, 'az': -0.0, 'gx': -17.8, 'gy': 15.57, 'gz': 15.56}, {'t_us': 1133693283, 'ax': -1.03, 'ay': 0.02, 'az': -0.01, 'gx': -16.09, 'gy': 13.45, 'gz': 12.85}, {'t_us': 1133713315, 'ax': -1.03, 'ay': -0.11, 'az': 0.01, 'gx': -13.24, 'gy': 12.32, 'gz': 13.66}, {'t_us': 1133733278, 'ax': -1.06, 'ay': -0.17, 'az': 0.02, 'gx': -11.16, 'gy': 8.87, 'gz': 15.05}]",2026-02-13 11:34:00,0.0
"[{'t_us': 1133759845, 'ax': -1.02, 'ay': -0.13, 'az': -0.03, 'gx': -4.79, 'gy': -1.25, 'gz': 16.84}, {'t_us': 1133773348, 'ax': -0.98, 'ay': -0.08, 'az': -0.03, 'gx': -1.25, 'gy': -5.88, 'gz': 17.05}, {'t_us': 1133793302, 'ax': -0.96, 'ay': 0.01, 'az': -0.01, 'gx': 2.27, 'gy': -6.79, 'gz': 17.28}, {'t_us': 1133813310, 'ax': -0.95, 'ay': 0.07, 'az': -0.0, 'gx': 3.89, 'gy': -4.84, 'gz': 17.51}, {'t_us': 1133833266, 'ax': -0.96, 'ay': 0.11, 'az': -0.0, 'gx': 4.41, 'gy': -2.11, 'gz': 18.9}]",2026-02-13 11:34:01,0.0
"[{'t_us': 1133859160, 'ax': -0.99, 'ay': 0.14, 'az': -0.0, 'gx': 3.82, 'gy': -4.11, 'gz': 20.56}, {'t_us': 1133873301, 'ax': -0.98, 'ay': 0.13, 'az': -0.0, 'gx': 3.5, 'gy': -8.53, 'gz': 20.66}, {'t_us': 1133893274, 'ax': -0.98, 'ay': 0.11, 'az': -0.02, 'gx': 3.25, 'gy': -13.77, 'gz': 18.79}, {'t_us': 1133913310, 'ax': -0.94, 'ay': 0.1, 'az': -0.0, 'gx': 4.2, 'gy': -12.15, 'gz': 15.36}, {'t_us': 1133933271, 'ax': -0.94, 'ay': 0.1, 'az': 0.02, 'gx': 5.13, 'gy': -10.11, 'gz': 12.66}]",2026-02-13 11:34:01,0.0
"[{'t_us': 1133959463, 'ax': -0.93, 'ay': 0.09, 'az': 0.02, 'gx': 7.91, 'gy': -12.44, 'gz': 11.31}, {'t_us': 1133973333, 'ax': -0.93, 'ay': 0.1, 'az': 0.01, 'gx': 8.61, 'gy': -13.11, 'gz': 10.82}, {'t_us': 1133993333, 'ax': -0.93, 'ay': 0.11, 'az': 0.02, 'gx': 9.8, 'gy': -14.23, 'gz': 10.75}, {'t_us': 1134013266, 'ax': -0.93, 'ay': 0.13, 'az': -0.0, 'gx': 10.61, 'gy': -13.69, 'gz': 11.13}, {'t_us': 1134033299, 'ax': -0.94, 'ay': 0.15, 'az': 0.01, 'gx': 10.81, 'gy': -12.4, 'gz': 11.27}]",2026-02-13 11:34:01,0.0
"[{'t_us': 1134059998, 'ax': -0.92, 'ay': 0.15, 'az': 0.03, 'gx': 10.87, 'gy': -12.56, 'gz': 10.69}, {'t_us': 1134073321, 'ax': -0.91, 'ay': 0.14, 'az': 0.03, 'gx': 11.1, 'gy': -12.95, 'gz': 10.11}, {'t_us': 1134093325, 'ax': -0.9, 'ay': 0.14, 'az': 0.05, 'gx': 11.73, 'gy': -12.02, 'gz': 9.39}, {'t_us': 1134113278, 'ax': -0.91, 'ay': 0.12, 'az': 0.07, 'gx': 12.72, 'gy': -9.6, 'gz': 8.75}, {'t_us': 1134133321, 'ax': -0.92, 'ay': 0.12, 'az': 0.08, 'gx': 13.05, 'gy': -9.18, 'gz': 8.0}]",2026-02-13 11:34:01,0.0
"[{'t_us': 1134158226, 'ax': -0.92, 'ay': 0.11, 'az': 0.09, 'gx': 13.51, 'gy': -9.83, 'gz': 6.44}, {'t_us': 1134173320, 'ax': -0.92, 'ay': 0.11, 'az': 0.09, 'gx': 13.85, 'gy': -9.56, 'gz': 5.83}, {'t_us': 1134193325, 'ax': -0.92, 'ay': 0.13, 'az': 0.1, 'gx': 14.05, 'gy': -8.56, 'gz': 4.2}, {'t_us': 1134213333, 'ax': -0.93, 'ay': 0.15, 'az': 0.11, 'gx': 15.16, 'gy': -8.29, 'gz': 2.0}, {'t_us': 1134233278, 'ax': -0.92, 'ay': 0.16, 'az': 0.1, 'gx': 16.67, 'gy': -7.21, 'gz': 0.29}]",2026-02-13 11:34:01,0.0
"[{'t_us': 1134259403, 'ax': -0.9, 'ay': 0.16, 'az': 0.13, 'gx': 17.63, 'gy': -7.16, 'gz': -0.2}, {'t_us': 1134273274, 'ax': -0.89, 'ay': 0.15, 'az': 0.14, 'gx': 17.88, 'gy': -4.27, 'gz': -0.52}, {'t_us': 1134293274, 'ax': -0.9, 'ay': 0.16, 'az': 0.15, 'gx': 19.05, 'gy': -2.67, 'gz': -1.01}, {'t_us': 1134313321, 'ax': -0.9, 'ay': 0.15, 'az': 0.16, 'gx': 19.31, 'gy': -4.06, 'gz': -1.6}, {'t_us': 1134333266, 'ax': -0.89, 'ay': 0.16, 'az': 0.17, 'gx': 20.31, 'gy': -2.92, 'gz': -3.45}]",2026-02-13 11:34:01,0.0
"[{'t_us': 1134359345, 'ax': -0.92, 'ay': 0.14, 'az': 0.15, 'gx': 21.91, 'gy': -2.67, 'gz': -5.39}, {'t_us': 1134373321, 'ax': -0.91, 'ay': 0.15, 'az': 0.16, 'gx': 22.49, 'gy': -3.1, 'gz': -6.35}, {'t_us': 1134393271, 'ax': -0.9, 'ay': 0.16, 'az': 0.16, 'gx': 23.02, 'gy': -6.24, 'gz': -7.51}, {'t_us': 1134413304, 'ax': -0.88, 'ay': 0.16, 'az': 0.18, 'gx': 23.97, 'gy': -6.46, 'gz': -9.04}, {'t_us': 1134433330, 'ax': -0.87, 'ay': 0.15, 'az': 0.18, 'gx': 24.52, 'gy': -4.08, 'gz': -9.33}]",2026-02-13 11:34:01,0.0
"[{'t_us': 1134459435, 'ax': -0.87, 'ay': 0.15, 'az': 0.21, 'gx': 25.21, 'gy': -0.5, 'gz': -10.41}, {'t_us': 1134473317, 'ax': -0.88, 'ay': 0.16, 'az': 0.22, 'gx': 24.52, 'gy': 0.69, 'gz': -11.53}, {'t_us': 1134493321, 'ax': -0.88, 'ay': 0.17, 'az': 0.22, 'gx': 23.86, 'gy': -0.06, 'gz': -13.37}, {'t_us': 1134513274, 'ax': -0.88, 'ay': 0.15, 'az': 0.22, 'gx': 24.79, 'gy': -2.56, 'gz': -15.05}, {'t_us': 1134533325, 'ax': -0.87, 'ay': 0.16, 'az': 0.21, 'gx': 26.84, 'gy': -3.59, 'gz': -16.03}]",2026-02-13 11:34:01,0.0
"[{'t_us': 1134557883, 'ax': -0.91, 'ay': 0.14, 'az': 0.19, 'gx': 28.09, 'gy': 0.66, 'gz': -16.32}, {'t_us': 1134573301, 'ax': -0.96, 'ay': 0.15, 'az': 0.18, 'gx': 28.76, 'gy': 3.48, 'gz': -15.45}, {'t_us': 1134593266, 'ax': -1.04, 'ay': 0.14, 'az': 0.18, 'gx': 29.45, 'gy': 4.69, 'gz': -14.41}, {'t_us': 1134613296, 'ax': -1.06, 'ay': 0.13, 'az': 0.19, 'gx': 28.02, 'gy': 3.31, 'gz': -13.45}, {'t_us': 1134633271, 'ax': -1.04, 'ay': 0.14, 'az': 0.17, 'gx': 26.46, 'gy': -2.52, 'gz': -11.91}]",2026-02-13 11:34:01,0.0
"[{'t_us': 1134657820, 'ax': -0.97, 'ay': 0.12, 'az': 0.14, 'gx': 25.94, 'gy': -7.86, 'gz': -10.08}, {'t_us': 1134673274, 'ax': -0.91, 'ay': 0.11, 'az': 0.13, 'gx': 24.61, 'gy': -8.9, 'gz': -9.57}, {'t_us': 1134693304, 'ax': -0.87, 'ay': 0.1, 'az': 0.13, 'gx': 23.39, 'gy': -3.6, 'gz': -11.02}, {'t_us': 1134713283, 'ax': -0.87, 'ay': 0.08, 'az': 0.12, 'gx': 20.82, 'gy': 5.08, 'gz': -13.95}, {'t_us': 1134733325, 'ax': -0.88, 'ay': 0.06, 'az': 0.1, 'gx': 19.37, 'gy': 12.11, 'gz': -18.49}]",2026-02-13 11:34:01,0.0
"[{'t_us': 1134759464, 'ax': -0.92, 'ay': 0.05, 'az': 0.13, 'gx': 20.21, 'gy': 14.92, 'gz': -24.99}, {'t_us': 1134773266, 'ax': -0.93, 'ay': 0.04, 'az': 0.1, 'gx': 20.61, 'gy': 13.19, 'gz': -27.04}, {'t_us': 1134793324, 'ax': -0.93, 'ay': 0.03, 'az': 0.06, 'gx': 22.31, 'gy': 9.89, 'gz': -27.66}, {'t_us': 1134813288, 'ax': -0.91, 'ay': -0.0, 'az': 0.04, 'gx': 24.9, 'gy': 5.74, 'gz': -26.79}, {'t_us': 1134833321, 'ax': -0.9, 'ay': -0.05, 'az': 0.01, 'gx': 27.11, 'gy': 4.12, 'gz': -25.21}]",2026-02-13 11:34:02,0.0
"[{'t_us': 1134858354, 'ax': -0.89, 'ay': -0.09, 'az': 0.02, 'gx': 29.45, 'gy': 4.58, 'gz': -22.67}, {'t_us': 1134873330, 'ax': -0.9, 'ay': -0.08, 'az': 0.02, 'gx': 30.08, 'gy': 6.4, 'gz': -21.5}, {'t_us': 1134893333, 'ax': -0.93, 'ay': -0.1, 'az': 0.06, 'gx': 29.74, 'gy': 9.95, 'gz': -18.99}, {'t_us': 1134913274, 'ax': -0.99, 'ay': -0.08, 'az': 0.04, 'gx': 29.02, 'gy': 16.66, 'gz': -15.73}, {'t_us': 1134933288, 'ax': -1.02, 'ay': -0.03, 'az': 0.06, 'gx': 28.27, 'gy': 14.85, 'gz': -14.35}]",2026-02-13 11:34:02,
"[{'t_us': 1134959423, 'ax': -1.02, 'ay': 0.0, 'az': 0.06, 'gx': 25.1, 'gy': 7.71, 'gz': -15.91}, {'t_us': 1134973288, 'ax': -0.99, 'ay': -0.0, 'az': 0.07, 'gx': 23.91, 'gy': 5.59, 'gz': -16.32}, {'t_us': 1134993288, 'ax': -0.96, 'ay': -0.03, 'az': 0.07, 'gx': 22.6, 'gy': 4.6, 'gz': -16.02}, {'t_us': 1135013283, 'ax': -0.95, 'ay': -0.05, 'az': 0.06, 'gx': 20.63, 'gy': 5.33, 'gz': -16.06}, {'t_us': 1135033304, 'ax': -0.94, 'ay': -0.07, 'az': 0.07, 'gx': 18.79, 'gy': 7.28, 'gz': -14.96}]",2026-02-13 11:34:02,0.0
"[{'t_us': 1135058191, 'ax': -0.96, 'ay': -0.07, 'az': 0.05, 'gx': 17.42, 'gy': 10.24, 'gz': -13.74}, {'t_us': 1135073271, 'ax': -0.95, 'ay': -0.07, 'az': 0.06, 'gx': 17.25, 'gy': 10.87, 'gz': -12.67}, {'t_us': 1135093271, 'ax': -0.94, 'ay': -0.07, 'az': 0.09, 'gx': 16.38, 'gy': 11.57, 'gz': -11.8}, {'t_us': 1135113325, 'ax': -0.93, 'ay': -0.07, 'az': 0.08, 'gx': 14.95, 'gy': 10.82, 'gz': -10.08}, {'t_us': 1135133271, 'ax': -0.91, 'ay': -0.06, 'az': 0.08, 'gx': 11.76, 'gy': 8.99, 'gz': -8.47}]",2026-02-13 11:34:02,0.0
"[{'t_us': 1135159569, 'ax': -0.89, 'ay': -0.06, 'az': 0.09, 'gx': 8.41, 'gy': 9.04, 'gz': -6.96}, {'t_us': 1135173297, 'ax': -0.89, 'ay': -0.06, 'az': 0.07, 'gx': 7.69, 'gy': 9.27, 'gz': -6.31}, {'t_us': 1135193310, 'ax': -0.91, 'ay': -0.06, 'az': 0.07, 'gx': 5.28, 'gy': 9.54, 'gz': -5.1}, {'t_us': 1135213271, 'ax': -0.9, 'ay': -0.05, 'az': 0.07, 'gx': 2.58, 'gy': 11.4, 'gz': -4.98}, {'t_us': 1135233271, 'ax': -0.91, 'ay': -0.02, 'az': 0.1, 'gx': 0.76, 'gy': 13.51, 'gz': -5.07}]",2026-02-13 11:34:02,0.0
"[{'t_us': 1135259920, 'ax': -0.92, 'ay': -0.03, 'az': 0.12, 'gx': -2.21, 'gy': 15.88, 'gz': -3.24}, {'t_us': 1135273315, 'ax': -0.93, 'ay': -0.05, 'az': 0.12, 'gx': -3.27, 'gy': 13.22, 'gz': -1.98}, {'t_us': 1135293321, 'ax': -0.91, 'ay': -0.07, 'az': 0.13, 'gx': -4.18, 'gy': 9.89, 'gz': -0.21}, {'t_us': 1135313321, 'ax': -0.9, 'ay': -0.1, 'az': 0.1, 'gx': -5.27, 'gy': 9.85, 'gz': 1.08}, {'t_us': 1135333274, 'ax': -0.88, 'ay': -0.11, 'az': 0.09, 'gx': -5.19, 'gy': 12.44, 'gz': 0.99}]",2026-02-13 11:34:02,0.0
"[{'t_us': 1135357694, 'ax': -0.89, 'ay': -0.15, 'az': 0.12, 'gx': -4.9, 'gy': 18.18, 'gz': 2.69}, {'t_us': 1135373297, 'ax': -0.93, 'ay': -0.17, 'az': 0.13, 'gx': -4.41, 'gy': 20.09, 'gz': 4.82}, {'t_us': 1135393310, 'ax': -0.96, 'ay': -0.14, 'az': 0.13, 'gx': -3.86, 'gy': 16.67, 'gz': 8.41}, {'t_us': 1135413318, 'ax': -1.0, 'ay': -0.09, 'az': 0.13, 'gx': -4.98, 'gy': 14.21, 'gz': 13.05}, {'t_us': 1135433283, 'ax': -1.05, 'ay': -0.06, 'az': 0.08, 'gx': -7.24, 'gy': 8.95, 'gz': 15.24}]",2026-02-13 11:34:02,0.0
"[{'t_us': 1135459439, 'ax': -0.94, 'ay': -0.0, 'az': 0.05, 'gx': -12.98, 'gy': -3.44, 'gz': 16.76}, {'t_us': 1135473308, 'ax': -0.89, 'ay': 0.07, 'az': 0.05, 'gx': -17.16, 'gy': -2.93, 'gz': 16.52}, {'t_us': 1135493315, 'ax': -0.88, 'ay': 0.09, 'az': -0.01, 'gx': -17.73, 'gy': 3.71, 'gz': 16.98}, {'t_us': 1135513315, 'ax': -0.96, 'ay': 0.06, 'az': -0.05, 'gx': -13.74, 'gy': 13.27, 'gz': 17.25}, {'t_us': 1135533304, 'ax': -1.07, 'ay': -0.02, 'az': -0.03, 'gx': -9.39, 'gy': 19.56, 'gz': 17.45}]",2026-02-13 11:34:02,0.0
"[{'t_us': 1135559426, 'ax': -1.07, 'ay': 0.01, 'az': -0.02, 'gx': -5.3, 'gy': 8.17, 'gz': 17.85}, {'t_us': 1135573288, 'ax': -1.01, 'ay': 0.06, 'az': -0.03, 'gx': -2.69, 'gy': 1.42, 'gz': 17.56}, {'t_us': 1135593321, 'ax': -0.94, 'ay': 0.1, 'az': -0.01, 'gx': 0.38, 'gy': -3.97, 'gz': 17.21}, {'t_us': 1135613304, 'ax': -0.94, 'ay': 0.1, 'az': -0.0, 'gx': 2.05, 'gy': -6.69, 'gz': 16.98}, {'t_us': 1135633315, 'ax': -0.95, 'ay': 0.11, 'az': 0.0, 'gx': 2.37, 'gy': -4.02, 'gz': 16.63}]",2026-02-13 11:34:02,0.0
"[{'t_us': 1135658262, 'ax': -0.98, 'ay': 0.12, 'az': 0.0, 'gx': 5.62, 'gy': -4.32, 'gz': 16.31}, {'t_us': 1135673315, 'ax': -0.97, 'ay': 0.12, 'az': 0.02, 'gx': 7.59, 'gy': -7.54, 'gz': 15.24}, {'t_us': 1135693321, 'ax': -0.99, 'ay': 0.1, 'az': 0.02, 'gx': 10.2, 'gy': -11.56, 'gz': 13.22}, {'t_us': 1135713283, 'ax': -0.99, 'ay': 0.09, 'az': 0.05, 'gx': 13.21, 'gy': -16.14, 'gz': 11.63}, {'t_us': 1135733288, 'ax': -0.98, 'ay': 0.08, 'az': 0.05, 'gx': 16.5, 'gy': -19.88, 'gz': 9.48}]",2026-02-13 11:34:02,0.0
"[{'t_us': 1135760246, 'ax': -0.96, 'ay': 0.09, 'az': 0.04, 'gx': 20.0, 'gy': -19.45, 'gz': 4.78}, {'t_us': 1135773289, 'ax': -0.95, 'ay': 0.1, 'az': 0.03, 'gx': 20.73, 'gy': -18.18, 'gz': 2.98}, {'t_us': 1135793288, 'ax': -0.94, 'ay': 0.1, 'az': 0.06, 'gx': 22.15, 'gy': -15.82, 'gz': 0.46}, {'t_us': 1135813304, 'ax': -0.94, 'ay': 0.11, 'az': 0.06, 'gx': 23.11, 'gy': -14.82, 'gz': -1.6}, {'t_us': 1135833282, 'ax': -0.93, 'ay': 0.11, 'az': 0.07, 'gx': 23.28, 'gy': -15.47, 'gz': -3.13}]",2026-02-13 11:34:03,0.0
"[{'t_us': 1135859425, 'ax': -0.89, 'ay': 0.1, 'az': 0.08, 'gx': 24.08, 'gy': -18.17, 'gz': -3.07}, {'t_us': 1135873315, 'ax': -0.89, 'ay': 0.12, 'az': 0.08, 'gx': 23.92, 'gy': -17.18, 'gz': -2.76}, {'t_us': 1135893321, 'ax': -0.87, 'ay': 0.13, 'az': 0.09, 'gx': 23.74, 'gy': -14.41, 'gz': -1.69}, {'t_us': 1135913274, 'ax': -0.88, 'ay': 0.14, 'az': 0.09, 'gx': 23.83, 'gy': -11.15, 'gz': -0.96}, {'t_us': 1135933283, 'ax': -0.9, 'ay': 0.15, 'az': 0.12, 'gx': 24.03, 'gy': -9.68, 'gz': -1.31}]",2026-02-13 11:34:03,0.0
"[{'t_us': 1135960326, 'ax': -0.91, 'ay': 0.16, 'az': 0.14, 'gx': 24.84, 'gy': -12.08, 'gz': -2.76}, {'t_us': 1135973266, 'ax': -0.91, 'ay': 0.16, 'az': 0.16, 'gx': 25.42, 'gy': -12.95, 'gz': -3.11}, {'t_us': 1135993266, 'ax': -0.91, 'ay': 0.15, 'az': 0.16, 'gx': 25.37, 'gy': -12.29, 'gz': -2.89}, {'t_us': 1136013296, 'ax': -0.9, 'ay': 0.12, 'az': 0.17, 'gx': 24.18, 'gy': -14.02, 'gz': -1.85}, {'t_us': 1136033315, 'ax': -0.9, 'ay': 0.15, 'az': 0.2, 'gx': 22.02, 'gy': -13.34, 'gz': 0.63}]",2026-02-13 11:34:03,0.0
"[{'t_us': 1136059939, 'ax': -0.93, 'ay': 0.15, 'az': 0.2, 'gx': 17.95, 'gy': -10.58, 'gz': 2.55}, {'t_us': 1136073266, 'ax': -0.93, 'ay': 0.17, 'az': 0.21, 'gx': 16.76, 'gy': -11.56, 'gz': 2.75}, {'t_us': 1136093296, 'ax': -0.89, 'ay': 0.16, 'az': 0.24, 'gx': 15.11, 'gy': -13.59, 'gz': 2.67}, {'t_us': 1136113325, 'ax': -0.85, 'ay': 0.16, 'az': 0.24, 'gx': 13.21, 'gy': -10.92, 'gz': 2.67}, {'t_us': 1136133329, 'ax': -0.83, 'ay': 0.15, 'az': 0.26, 'gx': 12.93, 'gy': -8.5, 'gz': 2.41}]",2026-02-13 11:34:03,0.0
"[{'t_us': 1136159511, 'ax': -0.78, 'ay': 0.12, 'az': 0.28, 'gx': 11.76, 'gy': -3.74, 'gz': 2.52}, {'t_us': 1136173330, 'ax': -0.76, 'ay': 0.12, 'az': 0.27, 'gx': 10.27, 'gy': 0.84, 'gz': 2.58}, {'t_us': 1136193325, 'ax': -0.77, 'ay': 0.13, 'az': 0.28, 'gx': 8.46, 'gy': 8.32, 'gz': 1.85}, {'t_us': 1136213321, 'ax': -0.8, 'ay': 0.13, 'az': 0.26, 'gx': 7.37, 'gy': 13.73, 'gz': 0.26}, {'t_us': 1136233330, 'ax': -0.86, 'ay': 0.15, 'az': 0.27, 'gx': 7.51, 'gy': 16.4, 'gz': -1.25}]",2026-02-13 11:34:03,0.0
"[{'t_us': 1136259834, 'ax': -0.94, 'ay': 0.16, 'az': 0.25, 'gx': 5.37, 'gy': 18.12, 'gz': 4.49}, {'t_us': 1136273278, 'ax': -1.02, 'ay': 0.16, 'az': 0.24, 'gx': 4.15, 'gy': 14.12, 'gz': 8.15}, {'t_us': 1136293315, 'ax': -1.1, 'ay': 0.15, 'az': 0.17, 'gx': 4.5, 'gy': 2.38, 'gz': 12.73}, {'t_us': 1136313305, 'ax': -1.1, 'ay': 0.11, 'az': 0.08, 'gx': 1.53, 'gy': -14.34, 'gz': 9.33}, {'t_us': 1136333321, 'ax': -1.03, 'ay': 0.04, 'az': -0.0, 'gx': 2.56, 'gy': -24.14, 'gz': 2.08}]",2026-02-13 11:34:03,0.0
"[{'t_us': 1136358207, 'ax': -0.93, 'ay': -0.06, 'az': 0.05, 'gx': 5.15, 'gy': -28.47, 'gz': -6.84}, {'t_us': 1136373315, 'ax': -0.79, 'ay': -0.14, 'az': 0.11, 'gx': 4.85, 'gy': -25.3, 'gz': -10.7}, {'t_us': 1136393321, 'ax': -0.74, 'ay': -0.11, 'az': 0.13, 'gx': 0.76, 'gy': -7.88, 'gz': -9.28}, {'t_us': 1136413274, 'ax': -0.89, 'ay': -0.06, 'az': 0.16, 'gx': -1.76, 'gy': 4.7, 'gz': -7.22}, {'t_us': 1136433296, 'ax': -0.99, 'ay': 0.01, 'az': 0.19, 'gx': -3.57, 'gy': 7.25, 'gz': -6.44}]",2026-02-13 11:34:03,0.0
"[{'t_us': 1136459551, 'ax': -1.09, 'ay': 0.1, 'az': 0.26, 'gx': -8.17, 'gy': -9.15, 'gz': -3.48}, {'t_us': 1136473278, 'ax': -1.09, 'ay': 0.09, 'az': 0.27, 'gx': -10.14, 'gy': -17.13, 'gz': -1.83}, {'t_us': 1136493278, 'ax': -1.04, 'ay': 0.02, 'az': 0.25, 'gx': -12.26, 'gy': -24.66, 'gz': 1.86}, {'t_us': 1136513310, 'ax': -0.97, 'ay': -0.04, 'az': 0.2, 'gx': -12.99, 'gy': -28.64, 'gz': 7.6}, {'t_us': 1136533296, 'ax': -0.92, 'ay': -0.09, 'az': 0.16, 'gx': -13.05, 'gy': -23.98, 'gz': 10.31}]",2026-02-13 11:34:03,0.0
"[{'t_us': 1136560264, 'ax': -0.83, 'ay': -0.09, 'az': 0.18, 'gx': -14.47, 'gy': -23.44, 'gz': 7.6}, {'t_us': 1136573271, 'ax': -0.82, 'ay': -0.05, 'az': 0.26, 'gx': -17.95, 'gy': -23.89, 'gz': 7.89}, {'t_us': 1136593271, 'ax': -0.87, 'ay': -0.02, 'az': 0.35, 'gx': -25.44, 'gy': -10.7, 'gz': 13.15}, {'t_us': 1136613330, 'ax': -0.95, 'ay': 0.09, 'az': 0.46, 'gx': -29.71, 'gy': -6.4, 'gz': 20.29}, {'t_us': 1136633274, 'ax': -0.93, 'ay': 0.2, 'az': 0.46, 'gx': -34.23, 'gy': -0.95, 'gz': 29.22}]",2026-02-13 11:34:03,0.0
"[{'t_us': 1136658488, 'ax': -0.72, 'ay': 0.17, 'az': 0.6, 'gx': -32.9, 'gy': 12.55, 'gz': 42.31}, {'t_us': 1136673321, 'ax': -0.73, 'ay': -0.04, 'az': 0.43, 'gx': -28.96, 'gy': 31.42, 'gz': 52.56}, {'t_us': 1136693325, 'ax': -0.79, 'ay': -0.1, 'az': 0.36, 'gx': -29.83, 'gy': 22.15, 'gz': 65.13}, {'t_us': 1136713278, 'ax': -1.06, 'ay': -0.25, 'az': -0.18, 'gx': -16.24, 'gy': 44.05, 'gz': 64.87}, {'t_us': 1136733274, 'ax': -1.19, 'ay': 0.02, 'az': 0.17, 'gx': -33.33, 'gy': 17.69, 'gz': 53.15}]",2026-02-13 11:34:04,0.0
"[{'t_us': 1136757879, 'ax': -1.42, 'ay': 0.25, 'az': 0.01, 'gx': -64.08, 'gy': -36.08, 'gz': 55.71}, {'t_us': 1136773324, 'ax': -1.44, 'ay': 0.61, 'az': -0.05, 'gx': -80.03, 'gy': -65.89, 'gz': 70.34}, {'t_us': 1136793321, 'ax': -1.68, 'ay': 1.22, 'az': 0.22, 'gx': -112.78, 'gy': -69.92, 'gz': 72.06}, {'t_us': 1136813299, 'ax': -1.41, 'ay': 1.08, 'az': -0.02, 'gx': -153.33, 'gy': -103.05, 'gz': 85.51}, {'t_us': 1136833325, 'ax': -1.17, 'ay': 1.11, 'az': -0.19, 'gx': -198.99, 'gy': -103.91, 'gz': 111.36}]",2026-02-13 11:34:04,0.0
"[{'t_us': 1136857745, 'ax': -0.74, 'ay': 0.66, 'az': -0.46, 'gx': -228.4, 'gy': -78.89, 'gz': 137.86}, {'t_us': 1136873274, 'ax': -0.93, 'ay': 0.6, 'az': -0.41, 'gx': -248.2, 'gy': -54.84, 'gz': 120.89}, {'t_us': 1136893310, 'ax': -0.64, 'ay': 0.87, 'az': -0.47, 'gx': -276.12, 'gy': -109.97, 'gz': 106.32}, {'t_us': 1136913266, 'ax': -0.64, 'ay': 0.51, 'az': -0.52, 'gx': -277.19, 'gy': -143.68, 'gz': 111.65}, {'t_us': 1136933288, 'ax': -0.38, 'ay': -0.09, 'az': -0.3, 'gx': -277.88, 'gy': -132.67, 'gz': 93.76}]",2026-02-13 11:34:04,0.0
"[{'t_us': 1136960073, 'ax': -0.11, 'ay': -0.53, 'az': -0.48, 'gx': -277.76, 'gy': -76.17, 'gz': 65.25}, {'t_us': 1136973310, 'ax': -0.11, 'ay': -0.56, 'az': -0.53, 'gx': -270.03, 'gy': -59.04, 'gz': 44.56}, {'t_us': 1136993266, 'ax': 0.13, 'ay': -0.87, 'az': -0.58, 'gx': -253.04, 'gy': -38.64, 'gz': 24.55}, {'t_us': 1137013266, 'ax': 0.23, 'ay': -0.99, 'az': -0.46, 'gx': -230.05, 'gy': -22.93, 'gz': 13.91}, {'t_us': 1137033266, 'ax': 0.3, 'ay': -0.79, 'az': -0.41, 'gx': -183.24, 'gy': -22.7, 'gz': 1.31}]",2026-02-13 11:34:04,0.0
"[{'t_us': 1137058122, 'ax': 0.15, 'ay': -0.37, 'az': -0.04, 'gx': -141.56, 'gy': -49.88, 'gz': 14.75}, {'t_us': 1137073283, 'ax': -0.07, 'ay': 0.16, 'az': 0.6, 'gx': -146.53, 'gy': -50.14, 'gz': 28.03}, {'t_us': 1137093315, 'ax': -1.23, 'ay': 0.39, 'az': 0.33, 'gx': -112.14, 'gy': -55.92, 'gz': 39.21}, {'t_us': 1137113324, 'ax': -2.0, 'ay': 0.03, 'az': 2.0, 'gx': -167.94, 'gy': -142.98, 'gz': -0.81}, {'t_us': 1137133321, 'ax': -2.0, 'ay': -0.11, 'az': 0.24, 'gx': -167.95, 'gy': -137.01, 'gz': 26.09}]",2026-02-13 11:34:04,0.0
"[{'t_us': 1137160144, 'ax': -1.17, 'ay': -0.36, 'az': 0.73, 'gx': -115.22, 'gy': -216.66, 'gz': 39.19}, {'t_us': 1137173333, 'ax': -0.7, 'ay': -0.21, 'az': 0.97, 'gx': -110.17, 'gy': -231.08, 'gz': 45.6}, {'t_us': 1137193296, 'ax': -0.51, 'ay': -0.1, 'az': 0.99, 'gx': -118.52, 'gy': -165.47, 'gz': 56.64}, {'t_us': 1137213310, 'ax': -0.38, 'ay': 0.13, 'az': 0.88, 'gx': -143.18, 'gy': -69.33, 'gz': 55.59}, {'t_us': 1137233266, 'ax': -0.3, 'ay': 0.32, 'az': 0.37, 'gx': -156.56, 'gy': -58.0, 'gz': 56.96}]",2026-02-13 11:34:04,0.0
"[{'t_us': 1137260915, 'ax': 0.1, 'ay': 0.26, 'az': 0.33, 'gx': -179.91, 'gy': -100.55, 'gz': 63.21}, {'t_us': 1137273315, 'ax': 0.15, 'ay': 0.22, 'az': 0.27, 'gx': -187.85, 'gy': -94.43, 'gz': 70.11}, {'t_us': 1137293321, 'ax': 0.05, 'ay': 0.15, 'az': 0.16, 'gx': -198.21, 'gy': -47.42, 'gz': 71.15}, {'t_us': 1137313302, 'ax': -0.15, 'ay': 0.04, 'az': 0.05, 'gx': -218.38, 'gy': -20.55, 'gz': 63.69}, {'t_us': 1137333310, 'ax': -0.38, 'ay': -0.07, 'az': -0.08, 'gx': -238.47, 'gy': -44.58, 'gz': 45.69}]",2026-02-13 11:34:04,0.0
"[{'t_us': 1137360121, 'ax': -0.5, 'ay': -0.07, 'az': -0.3, 'gx': -244.81, 'gy': -84.92, 'gz': 20.11}, {'t_us': 1137373274, 'ax': -0.45, 'ay': -0.06, 'az': -0.22, 'gx': -251.33, 'gy': -100.63, 'gz': 13.54}, {'t_us': 1137393274, 'ax': -0.28, 'ay': 0.11, 'az': -0.41, 'gx': -265.77, 'gy': -111.24, 'gz': 5.36}, {'t_us': 1137413310, 'ax': -0.06, 'ay': -0.02, 'az': -0.32, 'gx': -265.97, 'gy': -126.49, 'gz': 2.05}, {'t_us': 1137433333, 'ax': 0.37, 'ay': -0.6, 'az': -0.46, 'gx': -211.37, 'gy': -119.1, 'gz': 27.4}]",2026-02-13 11:34:04,0.0
"[{'t_us': 1137458410, 'ax': 0.79, 'ay': -2.0, 'az': 0.5, 'gx': -151.62, 'gy': -143.47, 'gz': -118.09}, {'t_us': 1137473304, 'ax': 0.08, 'ay': -2.0, 'az': 0.9, 'gx': -209.74, 'gy': 34.85, 'gz': -0.37}, {'t_us': 1137493315, 'ax': 1.32, 'ay': -2.0, 'az': 0.77, 'gx': -241.08, 'gy': 61.24, 'gz': -210.64}, {'t_us': 1137513271, 'ax': 1.46, 'ay': -2.0, 'az': -0.38, 'gx': -167.02, 'gy': -54.6, 'gz': -154.84}, {'t_us': 1137533296, 'ax': -1.04, 'ay': -2.0, 'az': -1.51, 'gx': -25.63, 'gy': -20.02, 'gz': -202.73}]",2026-02-13 11:34:04,0.0
"[{'t_us': 1137559735, 'ax': 2.0, 'ay': -2.0, 'az': -0.42, 'gx': -27.76, 'gy': 35.88, 'gz': -274.12}, {'t_us': 1137573271, 'ax': 2.0, 'ay': -2.0, 'az': -0.36, 'gx': -42.93, 'gy': 38.56, 'gz': -175.79}, {'t_us': 1137593278, 'ax': 0.53, 'ay': -1.62, 'az': 0.06, 'gx': -27.34, 'gy': -88.03, 'gz': -35.59}, {'t_us': 1137613278, 'ax': 1.28, 'ay': -1.15, 'az': -0.06, 'gx': -34.08, 'gy': -86.53, 'gz': 26.34}, {'t_us': 1137633328, 'ax': 0.71, 'ay': -0.57, 'az': 0.04, 'gx': -53.88, 'gy': -141.62, 'gz': 78.73}]",2026-02-13 11:34:04,0.0
"[{'t_us': 1137660303, 'ax': 0.22, 'ay': -0.24, 'az': -0.02, 'gx': -74.31, 'gy': -143.8, 'gz': 80.34}, {'t_us': 1137675700, 'ax': 0.69, 'ay': -0.44, 'az': -0.36, 'gx': -73.36, 'gy': -108.44, 'gz': 65.66}, {'t_us': 1137693283, 'ax': 0.74, 'ay': -0.49, 'az': -0.08, 'gx': -64.08, 'gy': -106.24, 'gz': 74.11}, {'t_us': 1137713315, 'ax': 0.47, 'ay': -0.43, 'az': 0.13, 'gx': -58.66, 'gy': -86.9, 'gz': 61.89}, {'t_us': 1137733264, 'ax': 0.26, 'ay': -0.58, 'az': -0.01, 'gx': -45.98, 'gy': -74.87, 'gz': 60.64}]",2026-02-13 11:34:04,0.0
"[{'t_us': 1137759112, 'ax': 0.16, 'ay': -0.67, 'az': -0.06, 'gx': -45.15, 'gy': -31.56, 'gz': 30.98}, {'t_us': 1137773274, 'ax': 0.16, 'ay': -0.71, 'az': -0.22, 'gx': -48.12, 'gy': -20.96, 'gz': 20.7}, {'t_us': 1137793304, 'ax': -0.12, 'ay': -0.79, 'az': -0.39, 'gx': -57.62, 'gy': -13.42, 'gz': 5.57}, {'t_us': 1137813315, 'ax': 0.03, 'ay': -0.91, 'az': -0.54, 'gx': -47.98, 'gy': -21.71, 'gz': -21.15}, {'t_us': 1137833310, 'ax': 0.22, 'ay': -0.94, 'az': -0.51, 'gx': -32.9, 'gy': -23.69, 'gz': -21.07}]",2026-02-13 11:34:05,0.0
"[{'t_us': 1137857641, 'ax': 0.44, 'ay': -1.03, 'az': -0.59, 'gx': -21.39, 'gy': -33.3, 'gz': -13.08}, {'t_us': 1137874078, 'ax': 0.46, 'ay': -1.07, 'az': -0.57, 'gx': -18.37, 'gy': -28.55, 'gz': -2.26}, {'t_us': 1137893310, 'ax': 0.35, 'ay': -0.95, 'az': -0.44, 'gx': -21.71, 'gy': -25.97, 'gz': 6.0}, {'t_us': 1137913266, 'ax': 0.32, 'ay': -1.04, 'az': -0.43, 'gx': -26.69, 'gy': -28.5, 'gz': 8.7}, {'t_us': 1137933321, 'ax': 0.26, 'ay': -1.19, 'az': -0.42, 'gx': -30.53, 'gy': -30.53, 'gz': 17.95}]",2026-02-13 11:34:05,0.0
"[{'t_us': 1137959903, 'ax': 0.22, 'ay': -1.14, 'az': -0.58, 'gx': -24.75, 'gy': -30.69, 'gz': 29.86}, {'t_us': 1137974458, 'ax': 0.1, 'ay': -1.1, 'az': -0.55, 'gx': -16.37, 'gy': -33.48, 'gz': 35.04}, {'t_us': 1137993330, 'ax': 0.02, 'ay': -1.06, 'az': -0.45, 'gx': -11.68, 'gy': -38.26, 'gz': 37.45}, {'t_us': 1138013283, 'ax': 0.08, 'ay': -1.08, 'az': -0.4, 'gx': -10.99, 'gy': -42.61, 'gz': 39.25}, {'t_us': 1138033304, 'ax': 0.1, 'ay': -1.03, 'az': -0.37, 'gx': -8.69, 'gy': -40.17, 'gz': 41.79}]",2026-02-13 11:34:05,0.0
"[{'t_us': 1138059894, 'ax': 0.04, 'ay': -0.99, 'az': -0.32, 'gx': -2.78, 'gy': -25.6, 'gz': 45.8}, {'t_us': 1138073329, 'ax': 0.01, 'ay': -1.0, 'az': -0.34, 'gx': 2.17, 'gy': -15.4, 'gz': 47.74}, {'t_us': 1138093310, 'ax': -0.07, 'ay': -0.97, 'az': -0.31, 'gx': 6.44, 'gy': -6.95, 'gz': 47.45}, {'t_us': 1138113266, 'ax': -0.11, 'ay': -0.97, 'az': -0.31, 'gx': 9.48, 'gy': 0.21, 'gz': 43.57}, {'t_us': 1138133296, 'ax': -0.12, 'ay': -0.96, 'az': -0.3, 'gx': 14.38, 'gy': 8.24, 'gz': 38.93}]",2026-02-13 11:34:05,0.0
"[{'t_us': 1138159522, 'ax': -0.16, 'ay': -0.91, 'az': -0.28, 'gx': 20.6, 'gy': 17.15, 'gz': 31.83}, {'t_us': 1138173289, 'ax': -0.2, 'ay': -0.93, 'az': -0.26, 'gx': 23.07, 'gy': 19.25, 'gz': 27.44}, {'t_us': 1138193321, 'ax': -0.23, 'ay': -0.98, 'az': -0.25, 'gx': 22.89, 'gy': 19.51, 'gz': 22.23}, {'t_us': 1138213326, 'ax': -0.27, 'ay': -0.99, 'az': -0.27, 'gx': 19.22, 'gy': 16.44, 'gz': 15.47}, {'t_us': 1138233325, 'ax': -0.26, 'ay': -0.99, 'az': -0.26, 'gx': 15.8, 'gy': 13.45, 'gz': 7.83}]",2026-02-13 11:34:05,0.0
"[{'t_us': 1138257986, 'ax': -0.24, 'ay': -0.98, 'az': -0.28, 'gx': 12.32, 'gy': 6.85, 'gz': -0.17}, {'t_us': 1138273273, 'ax': -0.23, 'ay': -1.02, 'az': -0.28, 'gx': 9.44, 'gy': 5.82, 'gz': -4.17}, {'t_us': 1138293289, 'ax': -0.2, 'ay': -1.01, 'az': -0.25, 'gx': 5.82, 'gy': 5.22, 'gz': -9.3}, {'t_us': 1138313288, 'ax': -0.15, 'ay': -1.0, 'az': -0.24, 'gx': 3.36, 'gy': 4.98, 'gz': -14.14}, {'t_us': 1138333266, 'ax': -0.11, 'ay': -0.98, 'az': -0.23, 'gx': 1.1, 'gy': 4.08, 'gz': -16.47}]",2026-02-13 11:34:05,0.0
"[{'t_us': 1138357678, 'ax': -0.08, 'ay': -0.97, 'az': -0.23, 'gx': -0.72, 'gy': 2.75, 'gz': -18.29}, {'t_us': 1138373283, 'ax': -0.03, 'ay': -0.96, 'az': -0.22, 'gx': -1.97, 'gy': 3.97, 'gz': -17.34}, {'t_us': 1138393283, 'ax': -0.01, 'ay': -0.98, 'az': -0.26, 'gx': -0.73, 'gy': 7.22, 'gz': -14.56}, {'t_us': 1138413315, 'ax': 0.0, 'ay': -1.02, 'az': -0.24, 'gx': -0.29, 'gy': 6.81, 'gz': -11.16}, {'t_us': 1138433274, 'ax': 0.0, 'ay': -1.03, 'az': -0.25, 'gx': -1.5, 'gy': 5.45, 'gz': -7.27}]",2026-02-13 11:34:05,0.0
"[{'t_us': 1138459393, 'ax': -0.02, 'ay': -0.99, 'az': -0.25, 'gx': -0.03, 'gy': 6.34, 'gz': -4.52}, {'t_us': 1138473278, 'ax': -0.01, 'ay': -1.01, 'az': -0.25, 'gx': 1.15, 'gy': 7.27, 'gz': -3.44}, {'t_us': 1138493290, 'ax': -0.01, 'ay': -1.02, 'az': -0.25, 'gx': 1.71, 'gy': 10.41, 'gz': -1.25}, {'t_us': 1138513321, 'ax': -0.02, 'ay': -1.01, 'az': -0.25, 'gx': 1.28, 'gy': 12.08, 'gz': 0.56}, {'t_us': 1138533325, 'ax': -0.05, 'ay': -1.02, 'az': -0.28, 'gx': 2.35, 'gy': 11.56, 'gz': 1.13}]",2026-02-13 11:34:05,0.0
"[{'t_us': 1138559832, 'ax': -0.04, 'ay': -1.02, 'az': -0.26, 'gx': 1.1, 'gy': 7.45, 'gz': 3.33}, {'t_us': 1138573315, 'ax': -0.04, 'ay': -1.0, 'az': -0.24, 'gx': 1.45, 'gy': 7.01, 'gz': 3.82}, {'t_us': 1138593321, 'ax': -0.07, 'ay': -1.02, 'az': -0.25, 'gx': 2.35, 'gy': 7.18, 'gz': 3.83}, {'t_us': 1138613274, 'ax': -0.08, 'ay': -1.03, 'az': -0.27, 'gx': 1.36, 'gy': 4.92, 'gz': 3.94}, {'t_us': 1138633271, 'ax': -0.07, 'ay': -1.01, 'az': -0.27, 'gx': 0.89, 'gy': 2.56, 'gz': 3.73}]",2026-02-13 11:34:05,0.0
"[{'t_us': 1138659485, 'ax': -0.06, 'ay': -1.01, 'az': -0.26, 'gx': 1.73, 'gy': 1.04, 'gz': 3.31}, {'t_us': 1138673310, 'ax': -0.07, 'ay': -0.99, 'az': -0.23, 'gx': 2.05, 'gy': 1.59, 'gz': 3.1}, {'t_us': 1138693329, 'ax': -0.09, 'ay': -0.99, 'az': -0.22, 'gx': 1.24, 'gy': 0.78, 'gz': 1.95}, {'t_us': 1138713333, 'ax': -0.11, 'ay': -0.98, 'az': -0.22, 'gx': -0.78, 'gy': -1.42, 'gz': 0.46}, {'t_us': 1138733283, 'ax': -0.1, 'ay': -0.98, 'az': -0.23, 'gx': -0.93, 'gy': -2.89, 'gz': -1.63}]",2026-02-13 11:34:05,0.0
"[{'t_us': 1138758203, 'ax': -0.08, 'ay': -1.0, 'az': -0.23, 'gx': -0.89, 'gy': -3.5, 'gz': -3.36}, {'t_us': 1138773315, 'ax': -0.06, 'ay': -1.02, 'az': -0.23, 'gx': -1.04, 'gy': -3.02, 'gz': -3.71}, {'t_us': 1138793296, 'ax': -0.06, 'ay': -1.02, 'az': -0.23, 'gx': -1.57, 'gy': -0.61, 'gz': -3.13}, {'t_us': 1138813325, 'ax': -0.06, 'ay': -1.01, 'az': -0.22, 'gx': -1.3, 'gy': 0.82, 'gz': -3.4}, {'t_us': 1138833271, 'ax': -0.06, 'ay': -0.99, 'az': -0.21, 'gx': -1.94, 'gy': 0.26, 'gz': -2.93}]",2026-02-13 11:34:06,0.0
"[{'t_us': 1138857632, 'ax': -0.05, 'ay': -0.99, 'az': -0.2, 'gx': -4.24, 'gy': -0.17, 'gz': -2.0}, {'t_us': 1138873325, 'ax': -0.06, 'ay': -1.0, 'az': -0.2, 'gx': -4.82, 'gy': 0.26, 'gz': -1.6}, {'t_us': 1138893278, 'ax': -0.05, 'ay': -1.01, 'az': -0.23, 'gx': -6.14, 'gy': 0.46, 'gz': -1.21}, {'t_us': 1138913310, 'ax': -0.05, 'ay': -1.0, 'az': -0.23, 'gx': -7.39, 'gy': -0.05, 'gz': -0.52}, {'t_us': 1138933315, 'ax': -0.03, 'ay': -1.01, 'az': -0.23, 'gx': -7.45, 'gy': -1.21, 'gz': 1.19}]",2026-02-13 11:34:06,0.0
"[{'t_us': 1138957883, 'ax': -0.05, 'ay': -1.01, 'az': -0.23, 'gx': -6.58, 'gy': -1.44, 'gz': 2.47}, {'t_us': 1138973639, 'ax': -0.06, 'ay': -1.02, 'az': -0.24, 'gx': -6.76, 'gy': -1.37, 'gz': 3.07}, {'t_us': 1138993333, 'ax': -0.06, 'ay': -1.01, 'az': -0.24, 'gx': -6.85, 'gy': -1.3, 'gz': 3.22}, {'t_us': 1139013325, 'ax': -0.06, 'ay': -1.0, 'az': -0.25, 'gx': -6.02, 'gy': -0.14, 'gz': 3.42}, {'t_us': 1139033325, 'ax': -0.07, 'ay': -1.0, 'az': -0.25, 'gx': -4.81, 'gy': 0.58, 'gz': 3.56}]",2026-02-13 11:34:06,0.0
"[{'t_us': 1139059891, 'ax': -0.08, 'ay': -1.0, 'az': -0.24, 'gx': -3.95, 'gy': 0.72, 'gz': 2.66}, {'t_us': 1139073283, 'ax': -0.09, 'ay': -1.0, 'az': -0.24, 'gx': -3.47, 'gy': 1.24, 'gz': 2.05}, {'t_us': 1139093315, 'ax': -0.08, 'ay': -1.0, 'az': -0.24, 'gx': -3.48, 'gy': 1.77, 'gz': 1.51}, {'t_us': 1139113330, 'ax': -0.09, 'ay': -1.0, 'az': -0.27, 'gx': -3.08, 'gy': 1.66, 'gz': 1.16}, {'t_us': 1139133289, 'ax': -0.09, 'ay': -1.0, 'az': -0.26, 'gx': -2.32, 'gy': 1.56, 'gz': 0.7}]",2026-02-13 11:34:06,0.0
"[{'t_us': 1139159392, 'ax': -0.08, 'ay': -1.0, 'az': -0.23, 'gx': -2.12, 'gy': 2.17, 'gz': -0.29}, {'t_us': 1139173296, 'ax': -0.09, 'ay': -1.0, 'az': -0.22, 'gx': -3.02, 'gy': 2.41, 'gz': -0.47}, {'t_us': 1139193310, 'ax': -0.09, 'ay': -0.99, 'az': -0.23, 'gx': -3.47, 'gy': 2.81, 'gz': -1.53}, {'t_us': 1139213325, 'ax': -0.08, 'ay': -1.0, 'az': -0.24, 'gx': -3.01, 'gy': 2.63, 'gz': -2.46}, {'t_us': 1139233333, 'ax': -0.07, 'ay': -1.0, 'az': -0.25, 'gx': -2.29, 'gy': 2.34, 'gz': -2.69}]",2026-02-13 11:34:06,0.0
"[{'t_us': 1139259873, 'ax': -0.07, 'ay': -1.0, 'az': -0.25, 'gx': -0.41, 'gy': 1.68, 'gz': -2.7}, {'t_us': 1139273304, 'ax': -0.06, 'ay': -1.0, 'az': -0.23, 'gx': 0.32, 'gy': 2.08, 'gz': -2.75}, {'t_us': 1139293315, 'ax': -0.06, 'ay': -1.0, 'az': -0.21, 'gx': -0.08, 'gy': 3.11, 'gz': -2.23}, {'t_us': 1139313289, 'ax': -0.07, 'ay': -1.01, 'az': -0.22, 'gx': -1.16, 'gy': 4.24, 'gz': -1.37}, {'t_us': 1139333272, 'ax': -0.07, 'ay': -1.01, 'az': -0.24, 'gx': -0.73, 'gy': 4.67, 'gz': -1.53}]",2026-02-13 11:34:06,0.0
"[{'t_us': 1139357852, 'ax': -0.07, 'ay': -1.01, 'az': -0.24, 'gx': -0.27, 'gy': 5.08, 'gz': -0.98}, {'t_us': 1139373320, 'ax': -0.06, 'ay': -1.01, 'az': -0.24, 'gx': -0.81, 'gy': 4.99, 'gz': -0.9}, {'t_us': 1139393325, 'ax': -0.07, 'ay': -1.01, 'az': -0.22, 'gx': -1.21, 'gy': 5.71, 'gz': -0.85}, {'t_us': 1139413333, 'ax': -0.06, 'ay': -1.01, 'az': -0.23, 'gx': -1.1, 'gy': 6.26, 'gz': -0.78}, {'t_us': 1139433271, 'ax': -0.07, 'ay': -1.01, 'az': -0.24, 'gx': -0.99, 'gy': 4.82, 'gz': -0.66}]",2026-02-13 11:34:06,0.0
"[{'t_us': 1139459887, 'ax': -0.05, 'ay': -1.01, 'az': -0.23, 'gx': -1.5, 'gy': 2.67, 'gz': 0.12}, {'t_us': 1139473423, 'ax': -0.05, 'ay': -1.0, 'az': -0.22, 'gx': -1.85, 'gy': 2.81, 'gz': 0.58}, {'t_us': 1139493304, 'ax': -0.06, 'ay': -1.0, 'az': -0.21, 'gx': -2.03, 'gy': 3.71, 'gz': 0.72}, {'t_us': 1139513325, 'ax': -0.06, 'ay': -1.0, 'az': -0.22, 'gx': -2.32, 'gy': 4.06, 'gz': 1.66}, {'t_us': 1139533333, 'ax': -0.06, 'ay': -1.01, 'az': -0.2, 'gx': -3.02, 'gy': 4.24, 'gz': 1.69}]",2026-02-13 11:34:06,0.0
"[{'t_us': 1139559380, 'ax': -0.06, 'ay': -1.01, 'az': -0.23, 'gx': -3.37, 'gy': 5.83, 'gz': 2.02}, {'t_us': 1139573291, 'ax': -0.07, 'ay': -1.02, 'az': -0.22, 'gx': -3.07, 'gy': 5.69, 'gz': 1.68}, {'t_us': 1139593315, 'ax': -0.07, 'ay': -1.01, 'az': -0.23, 'gx': -3.25, 'gy': 5.25, 'gz': 1.36}, {'t_us': 1139613271, 'ax': -0.08, 'ay': -1.01, 'az': -0.23, 'gx': -3.27, 'gy': 4.53, 'gz': 1.13}, {'t_us': 1139633304, 'ax': -0.07, 'ay': -1.0, 'az': -0.24, 'gx': -3.42, 'gy': 3.51, 'gz': 1.31}]",2026-02-13 11:34:06,0.0
"[{'t_us': 1139659921, 'ax': -0.08, 'ay': -1.0, 'az': -0.22, 'gx': -3.68, 'gy': 3.25, 'gz': 1.11}, {'t_us': 1139673275, 'ax': -0.08, 'ay': -1.01, 'az': -0.22, 'gx': -4.17, 'gy': 3.39, 'gz': 0.78}, {'t_us': 1139693274, 'ax': -0.08, 'ay': -1.0, 'az': -0.23, 'gx': -4.11, 'gy': 3.53, 'gz': 0.08}, {'t_us': 1139713286, 'ax': -0.07, 'ay': -1.0, 'az': -0.23, 'gx': -4.2, 'gy': 3.71, 'gz': -0.34}, {'t_us': 1139733325, 'ax': -0.07, 'ay': -1.01, 'az': -0.22, 'gx': -4.72, 'gy': 4.08, 'gz': -0.34}]",2026-02-13 11:34:06,0.0
"[{'t_us': 1139759483, 'ax': -0.08, 'ay': -1.0, 'az': -0.23, 'gx': -4.73, 'gy': 4.29, 'gz': -0.37}, {'t_us': 1139773636, 'ax': -0.08, 'ay': -1.0, 'az': -0.23, 'gx': -4.46, 'gy': 4.08, 'gz': -0.63}, {'t_us': 1139793310, 'ax': -0.07, 'ay': -1.01, 'az': -0.23, 'gx': -4.43, 'gy': 2.89, 'gz': -0.64}, {'t_us': 1139813283, 'ax': -0.07, 'ay': -1.01, 'az': -0.24, 'gx': -4.61, 'gy': 1.98, 'gz': -0.12}, {'t_us': 1139833314, 'ax': -0.07, 'ay': -1.02, 'az': -0.25, 'gx': -4.2, 'gy': 1.15, 'gz': 0.43}]",2026-02-13 11:34:07,0.0
"[{'t_us': 1139857847, 'ax': -0.06, 'ay': -1.01, 'az': -0.22, 'gx': -3.85, 'gy': 2.14, 'gz': 0.4}, {'t_us': 1139873288, 'ax': -0.06, 'ay': -1.01, 'az': -0.23, 'gx': -4.08, 'gy': 2.55, 'gz': 0.84}, {'t_us': 1139893288, 'ax': -0.07, 'ay': -1.0, 'az': -0.23, 'gx': -4.17, 'gy': 2.92, 'gz': 0.73}, {'t_us': 1139913275, 'ax': -0.07, 'ay': -1.01, 'az': -0.22, 'gx': -4.14, 'gy': 2.81, 'gz': 1.01}, {'t_us': 1139933321, 'ax': -0.07, 'ay': -1.0, 'az': -0.22, 'gx': -4.7, 'gy': 2.53, 'gz': 1.16}]",2026-02-13 11:34:07,0.0
"[{'t_us': 1139959502, 'ax': -0.07, 'ay': -1.0, 'az': -0.22, 'gx': -4.58, 'gy': 2.82, 'gz': 0.82}, {'t_us': 1139973266, 'ax': -0.07, 'ay': -1.0, 'az': -0.23, 'gx': -4.47, 'gy': 4.02, 'gz': 1.16}, {'t_us': 1139993266, 'ax': -0.08, 'ay': -1.01, 'az': -0.23, 'gx': -4.72, 'gy': 4.0, 'gz': 1.28}, {'t_us': 1140013296, 'ax': -0.07, 'ay': -1.01, 'az': -0.24, 'gx': -5.01, 'gy': 3.48, 'gz': 0.93}, {'t_us': 1140033288, 'ax': -0.07, 'ay': -1.01, 'az': -0.24, 'gx': -4.78, 'gy': 2.93, 'gz': 0.87}]",2026-02-13 11:34:07,0.0
"[{'t_us': 1140059152, 'ax': -0.08, 'ay': -1.01, 'az': -0.24, 'gx': -4.17, 'gy': 2.76, 'gz': 1.22}, {'t_us': 1140073307, 'ax': -0.07, 'ay': -1.01, 'az': -0.23, 'gx': -4.06, 'gy': 2.78, 'gz': 0.87}, {'t_us': 1140093283, 'ax': -0.08, 'ay': -1.0, 'az': -0.23, 'gx': -3.86, 'gy': 3.94, 'gz': 0.98}, {'t_us': 1140113315, 'ax': -0.08, 'ay': -1.0, 'az': -0.23, 'gx': -3.83, 'gy': 4.05, 'gz': 0.85}, {'t_us': 1140133283, 'ax': -0.08, 'ay': -1.0, 'az': -0.23, 'gx': -4.34, 'gy': 3.48, 'gz': 0.63}]",2026-02-13 11:34:07,0.0
"[{'t_us': 1140160209, 'ax': -0.07, 'ay': -1.0, 'az': -0.24, 'gx': -3.79, 'gy': 4.37, 'gz': 0.38}, {'t_us': 1140173266, 'ax': -0.08, 'ay': -1.0, 'az': -0.25, 'gx': -3.21, 'gy': 4.27, 'gz': 0.12}, {'t_us': 1140193266, 'ax': -0.08, 'ay': -1.0, 'az': -0.23, 'gx': -3.18, 'gy': 4.93, 'gz': 0.14}, {'t_us': 1140213296, 'ax': -0.08, 'ay': -1.01, 'az': -0.23, 'gx': -3.21, 'gy': 5.02, 'gz': 0.49}, {'t_us': 1140233333, 'ax': -0.09, 'ay': -1.01, 'az': -0.24, 'gx': -3.48, 'gy': 3.77, 'gz': -0.17}]",2026-02-13 11:34:07,0.0
"[{'t_us': 1140259643, 'ax': -0.08, 'ay': -1.01, 'az': -0.24, 'gx': -2.96, 'gy': 3.28, 'gz': -0.61}, {'t_us': 1140273321, 'ax': -0.08, 'ay': -1.01, 'az': -0.24, 'gx': -2.9, 'gy': 3.13, 'gz': -0.76}, {'t_us': 1140293325, 'ax': -0.07, 'ay': -1.0, 'az': -0.24, 'gx': -2.31, 'gy': 3.18, 'gz': -0.92}, {'t_us': 1140313278, 'ax': -0.07, 'ay': -1.0, 'az': -0.23, 'gx': -2.15, 'gy': 3.24, 'gz': -0.72}, {'t_us': 1140333327, 'ax': -0.07, 'ay': -1.0, 'az': -0.23, 'gx': -2.47, 'gy': 3.68, 'gz': -0.52}]",2026-02-13 11:34:07,0.0
"[{'t_us': 1140357914, 'ax': -0.07, 'ay': -1.01, 'az': -0.22, 'gx': -2.98, 'gy': 3.4, 'gz': -0.27}, {'t_us': 1140373315, 'ax': -0.07, 'ay': -1.01, 'az': -0.23, 'gx': -3.18, 'gy': 3.95, 'gz': -0.11}, {'t_us': 1140393330, 'ax': -0.07, 'ay': -1.0, 'az': -0.23, 'gx': -3.19, 'gy': 4.61, 'gz': -0.03}, {'t_us': 1140413283, 'ax': -0.08, 'ay': -1.0, 'az': -0.24, 'gx': -3.33, 'gy': 4.34, 'gz': 0.02}, {'t_us': 1140433333, 'ax': -0.07, 'ay': -1.0, 'az': -0.24, 'gx': -3.15, 'gy': 3.79, 'gz': 0.18}]",2026-02-13 11:34:07,0.0
"[{'t_us': 1140459613, 'ax': -0.07, 'ay': -1.0, 'az': -0.24, 'gx': -3.69, 'gy': 3.6, 'gz': 0.6}, {'t_us': 1140473321, 'ax': -0.09, 'ay': -1.0, 'az': -0.23, 'gx': -3.56, 'gy': 4.31, 'gz': 0.58}, {'t_us': 1140493325, 'ax': -0.08, 'ay': -1.01, 'az': -0.23, 'gx': -3.28, 'gy': 5.28, 'gz': 0.06}, {'t_us': 1140513278, 'ax': -0.07, 'ay': -1.01, 'az': -0.22, 'gx': -3.51, 'gy': 7.37, 'gz': -0.18}, {'t_us': 1140533264, 'ax': -0.07, 'ay': -1.01, 'az': -0.22, 'gx': -4.67, 'gy': 9.25, 'gz': -0.18}]",2026-02-13 11:34:07,0.0
"[{'t_us': 1140559565, 'ax': -0.07, 'ay': -1.01, 'az': -0.25, 'gx': -4.67, 'gy': 7.37, 'gz': -0.63}, {'t_us': 1140573311, 'ax': -0.07, 'ay': -1.01, 'az': -0.26, 'gx': -4.24, 'gy': 6.11, 'gz': -0.08}, {'t_us': 1140593304, 'ax': -0.06, 'ay': -1.01, 'az': -0.25, 'gx': -3.59, 'gy': 4.34, 'gz': 0.06}, {'t_us': 1140613333, 'ax': -0.07, 'ay': -1.0, 'az': -0.23, 'gx': -2.52, 'gy': 3.89, 'gz': 0.5}, {'t_us': 1140633321, 'ax': -0.07, 'ay': -1.01, 'az': -0.23, 'gx': -3.08, 'gy': 3.92, 'gz': 1.16}]",2026-02-13 11:34:07,0.0
"[{'t_us': 1140659397, 'ax': -0.07, 'ay': -1.0, 'az': -0.23, 'gx': -3.34, 'gy': 3.51, 'gz': 1.21}, {'t_us': 1140673275, 'ax': -0.08, 'ay': -1.0, 'az': -0.23, 'gx': -3.68, 'gy': 3.25, 'gz': 1.16}, {'t_us': 1140693274, 'ax': -0.08, 'ay': -1.0, 'az': -0.24, 'gx': -3.44, 'gy': 3.05, 'gz': 0.81}, {'t_us': 1140713310, 'ax': -0.08, 'ay': -1.01, 'az': -0.24, 'gx': -3.1, 'gy': 3.42, 'gz': 0.55}, {'t_us': 1140733304, 'ax': -0.08, 'ay': -1.01, 'az': -0.23, 'gx': -2.85, 'gy': 3.88, 'gz': 0.21}]",2026-02-13 11:34:07,0.0
"[{'t_us': 1140759588, 'ax': -0.08, 'ay': -1.0, 'az': -0.23, 'gx': -3.07, 'gy': 3.6, 'gz': 0.27}, {'t_us': 1140773278, 'ax': -0.08, 'ay': -1.0, 'az': -0.24, 'gx': -2.87, 'gy': 3.5, 'gz': 0.18}, {'t_us': 1140793271, 'ax': -0.08, 'ay': -1.0, 'az': -0.23, 'gx': -2.56, 'gy': 2.66, 'gz': -0.08}, {'t_us': 1140813271, 'ax': -0.07, 'ay': -1.0, 'az': -0.23, 'gx': -3.02, 'gy': 2.6, 'gz': -0.15}, {'t_us': 1140833343, 'ax': -0.08, 'ay': -1.0, 'az': -0.24, 'gx': -2.93, 'gy': 3.27, 'gz': 0.11}]",2026-02-13 11:34:08,0.0
"[{'t_us': 1140857900, 'ax': -0.07, 'ay': -1.0, 'az': -0.22, 'gx': -2.93, 'gy': 3.4, 'gz': 0.12}, {'t_us': 1140873310, 'ax': -0.08, 'ay': -1.01, 'az': -0.23, 'gx': -2.85, 'gy': 3.24, 'gz': 0.21}, {'t_us': 1140893315, 'ax': -0.08, 'ay': -1.01, 'az': -0.23, 'gx': -2.82, 'gy': 3.07, 'gz': 0.05}, {'t_us': 1140913271, 'ax': -0.08, 'ay': -1.0, 'az': -0.23, 'gx': -3.24, 'gy': 3.54, 'gz': 0.12}, {'t_us': 1140933325, 'ax': -0.08, 'ay': -1.0, 'az': -0.24, 'gx': -2.73, 'gy': 3.42, 'gz': -0.06}]",2026-02-13 11:34:08,0.0
"[{'t_us': 1140958408, 'ax': -0.07, 'ay': -1.0, 'az': -0.23, 'gx': -2.98, 'gy': 3.07, 'gz': -0.15}, {'t_us': 1140973288, 'ax': -0.07, 'ay': -1.0, 'az': -0.23, 'gx': -3.25, 'gy': 3.25, 'gz': 0.02}, {'t_us': 1140993288, 'ax': -0.07, 'ay': -1.0, 'az': -0.22, 'gx': -3.44, 'gy': 3.8, 'gz': 0.12}, {'t_us': 1141013321, 'ax': -0.08, 'ay': -1.0, 'az': -0.22, 'gx': -3.53, 'gy': 3.51, 'gz': 0.61}, {'t_us': 1141033271, 'ax': -0.07, 'ay': -1.0, 'az': -0.24, 'gx': -4.09, 'gy': 3.31, 'gz': 0.5}]",2026-02-13 11:34:08,0.0
"[{'t_us': 1141059532, 'ax': -0.08, 'ay': -1.0, 'az': -0.23, 'gx': -3.53, 'gy': 3.62, 'gz': 0.35}, {'t_us': 1141073288, 'ax': -0.08, 'ay': -1.0, 'az': -0.23, 'gx': -3.5, 'gy': 3.59, 'gz': 0.35}, {'t_us': 1141093321, 'ax': -0.08, 'ay': -1.01, 'az': -0.24, 'gx': -3.48, 'gy': 3.54, 'gz': 0.05}, {'t_us': 1141113283, 'ax': -0.07, 'ay': -1.01, 'az': -0.25, 'gx': -3.63, 'gy': 3.74, 'gz': 0.08}, {'t_us': 1141133315, 'ax': -0.08, 'ay': -1.01, 'az': -0.24, 'gx': -3.19, 'gy': 3.89, 'gz': 0.15}]",2026-02-13 11:34:08,0.0
"[{'t_us': 1141159751, 'ax': -0.08, 'ay': -1.01, 'az': -0.24, 'gx': -2.9, 'gy': 4.09, 'gz': 0.38}, {'t_us': 1141173274, 'ax': -0.08, 'ay': -1.01, 'az': -0.24, 'gx': -2.84, 'gy': 3.98, 'gz': 0.61}, {'t_us': 1141193274, 'ax': -0.08, 'ay': -1.0, 'az': -0.24, 'gx': -2.85, 'gy': 3.19, 'gz': 0.58}, {'t_us': 1141213310, 'ax': -0.07, 'ay': -1.0, 'az': -0.23, 'gx': -2.92, 'gy': 2.43, 'gz': 0.53}, {'t_us': 1141233266, 'ax': -0.08, 'ay': -1.01, 'az': -0.24, 'gx': -2.95, 'gy': 2.84, 'gz': 0.6}]",2026-02-13 11:34:08,0.0
"[{'t_us': 1141258410, 'ax': -0.08, 'ay': -1.0, 'az': -0.23, 'gx': -2.76, 'gy': 3.79, 'gz': 0.46}, {'t_us': 1141273271, 'ax': -0.08, 'ay': -1.0, 'az': -0.23, 'gx': -3.1, 'gy': 3.66, 'gz': 0.49}, {'t_us': 1141293271, 'ax': -0.07, 'ay': -1.01, 'az': -0.22, 'gx': -2.84, 'gy': 3.47, 'gz': 0.44}, {'t_us': 1141313304, 'ax': -0.08, 'ay': -1.0, 'az': -0.23, 'gx': -2.95, 'gy': 3.24, 'gz': 0.12}, {'t_us': 1141333325, 'ax': -0.08, 'ay': -1.0, 'az': -0.23, 'gx': -3.39, 'gy': 3.48, 'gz': 0.31}]",2026-02-13 11:34:08,0.0
"[{'t_us': 1141359739, 'ax': -0.08, 'ay': -1.01, 'az': -0.23, 'gx': -3.19, 'gy': 3.47, 'gz': 0.27}, {'t_us': 1141373324, 'ax': -0.08, 'ay': -1.01, 'az': -0.22, 'gx': -3.33, 'gy': 3.76, 'gz': 0.38}, {'t_us': 1141393333, 'ax': -0.07, 'ay': -1.0, 'az': -0.23, 'gx': -3.42, 'gy': 3.82, 'gz': 0.21}, {'t_us': 1141413283, 'ax': -0.09, 'ay': -1.0, 'az': -0.23, 'gx': -3.37, 'gy': 3.6, 'gz': 0.31}, {'t_us': 1141433321, 'ax': -0.08, 'ay': -1.01, 'az': -0.24, 'gx': -3.3, 'gy': 3.33, 'gz': 0.12}]",2026-02-13 11:34:08,0.0
"[{'t_us': 1141459738, 'ax': -0.08, 'ay': -1.0, 'az': -0.24, 'gx': -3.39, 'gy': 3.22, 'gz': 0.15}, {'t_us': 1141473272, 'ax': -0.08, 'ay': -1.0, 'az': -0.24, 'gx': -3.69, 'gy': 3.54, 'gz': 0.15}, {'t_us': 1141493278, 'ax': -0.09, 'ay': -1.01, 'az': -0.23, 'gx': -3.31, 'gy': 3.74, 'gz': 0.02}, {'t_us': 1141513278, 'ax': -0.08, 'ay': -1.0, 'az': -0.22, 'gx': -3.24, 'gy': 4.18, 'gz': -0.17}, {'t_us': 1141533330, 'ax': -0.08, 'ay': -1.0, 'az': -0.23, 'gx': -3.42, 'gy': 4.02, 'gz': 0.0}]",2026-02-13 11:34:08,0.0
"[{'t_us': 1141561501, 'ax': -0.08, 'ay': -1.0, 'az': -0.23, 'gx': -3.57, 'gy': 2.98, 'gz': -0.2}, {'t_us': 1141573328, 'ax': -0.07, 'ay': -1.01, 'az': -0.23, 'gx': -3.28, 'gy': 3.4, 'gz': -0.27}, {'t_us': 1141593310, 'ax': -0.08, 'ay': -1.01, 'az': -0.23, 'gx': -3.37, 'gy': 3.28, 'gz': 0.24}, {'t_us': 1141613304, 'ax': -0.08, 'ay': -1.01, 'az': -0.23, 'gx': -3.24, 'gy': 3.24, 'gz': 0.11}, {'t_us': 1141633333, 'ax': -0.08, 'ay': -1.0, 'az': -0.24, 'gx': -3.08, 'gy': 3.36, 'gz': 0.12}]",2026-02-13 11:34:08,0.0
"[{'t_us': 1141660896, 'ax': -0.09, 'ay': -1.0, 'az': -0.23, 'gx': -2.73, 'gy': 3.3, 'gz': -0.06}, {'t_us': 1141673330, 'ax': -0.08, 'ay': -1.01, 'az': -0.23, 'gx': -2.89, 'gy': 2.93, 'gz': 0.2}, {'t_us': 1141693333, 'ax': -0.08, 'ay': -1.0, 'az': -0.24, 'gx': -2.67, 'gy': 2.84, 'gz': 0.27}, {'t_us': 1141713283, 'ax': -0.08, 'ay': -1.01, 'az': -0.23, 'gx': -2.93, 'gy': 2.53, 'gz': -0.02}, {'t_us': 1141733283, 'ax': -0.09, 'ay': -1.0, 'az': -0.24, 'gx': -2.66, 'gy': 2.56, 'gz': 0.12}]",2026-02-13 11:34:09,0.0
"[{'t_us': 1141758733, 'ax': -0.09, 'ay': -1.0, 'az': -0.23, 'gx': -2.66, 'gy': 2.56, 'gz': -0.06}, {'t_us': 1141773321, 'ax': -0.08, 'ay': -1.01, 'az': -0.23, 'gx': -2.93, 'gy': 2.56, 'gz': -0.24}, {'t_us': 1141793274, 'ax': -0.09, 'ay': -1.0, 'az': -0.22, 'gx': -3.04, 'gy': 2.44, 'gz': -0.15}, {'t_us': 1141813310, 'ax': -0.08, 'ay': -1.01, 'az': -0.22, 'gx': -3.05, 'gy': 2.76, 'gz': -0.2}, {'t_us': 1141833330, 'ax': -0.08, 'ay': -1.01, 'az': -0.22, 'gx': -3.16, 'gy': 2.72, 'gz': -0.47}]",2026-02-13 11:34:09,0.0
"[{'t_us': 1141860317, 'ax': -0.08, 'ay': -1.01, 'az': -0.23, 'gx': -2.85, 'gy': 3.54, 'gz': -0.67}, {'t_us': 1141873311, 'ax': -0.08, 'ay': -1.01, 'az': -0.23, 'gx': -3.02, 'gy': 3.53, 'gz': -0.79}, {'t_us': 1141893321, 'ax': -0.07, 'ay': -1.0, 'az': -0.22, 'gx': -2.95, 'gy': 3.07, 'gz': -0.58}, {'t_us': 1141913274, 'ax': -0.07, 'ay': -1.0, 'az': -0.24, 'gx': -3.21, 'gy': 3.25, 'gz': -0.21}, {'t_us': 1141933325, 'ax': -0.08, 'ay': -1.0, 'az': -0.23, 'gx': -2.92, 'gy': 3.6, 'gz': -0.38}]",2026-02-13 11:34:09,0.0
"[{'t_us': 1141960541, 'ax': -0.08, 'ay': -1.01, 'az': -0.23, 'gx': -2.81, 'gy': 3.66, 'gz': -0.35}, {'t_us': 1141973299, 'ax': -0.08, 'ay': -1.0, 'az': -0.23, 'gx': -3.19, 'gy': 2.78, 'gz': -0.34}, {'t_us': 1141993278, 'ax': -0.08, 'ay': -1.0, 'az': -0.23, 'gx': -3.48, 'gy': 2.93, 'gz': -0.46}, {'t_us': 1142013266, 'ax': -0.08, 'ay': -1.01, 'az': -0.23, 'gx': -3.07, 'gy': 3.42, 'gz': 0.0}, {'t_us': 1142033315, 'ax': -0.08, 'ay': -1.01, 'az': -0.23, 'gx': -3.18, 'gy': 3.37, 'gz': -0.05}]",2026-02-13 11:34:09,0.0
"[{'t_us': 1142059715, 'ax': -0.08, 'ay': -1.0, 'az': -0.24, 'gx': -3.18, 'gy': 3.39, 'gz': 0.24}, {'t_us': 1142073315, 'ax': -0.08, 'ay': -1.0, 'az': -0.23, 'gx': -3.13, 'gy': 3.39, 'gz': -0.03}, {'t_us': 1142093321, 'ax': -0.08, 'ay': -1.0, 'az': -0.22, 'gx': -3.4, 'gy': 3.56, 'gz': -0.12}, {'t_us': 1142113296, 'ax': -0.08, 'ay': -1.01, 'az': -0.23, 'gx': -3.36, 'gy': 3.02, 'gz': -0.43}, {'t_us': 1142133325, 'ax': -0.08, 'ay': -1.01, 'az': -0.24, 'gx': -2.79, 'gy': 4.09, 'gz': -0.31}]",2026-02-13 11:34:09,0.0
"[{'t_us': 1142158484, 'ax': -0.08, 'ay': -1.01, 'az': -0.23, 'gx': -2.7, 'gy': 2.82, 'gz': -0.12}, {'t_us': 1142173322, 'ax': -0.08, 'ay': -1.01, 'az': -0.23, 'gx': -3.1, 'gy': 2.67, 'gz': -0.17}, {'t_us': 1142193266, 'ax': -0.08, 'ay': -1.0, 'az': -0.23, 'gx': -2.81, 'gy': 3.27, 'gz': 0.14}, {'t_us': 1142213296, 'ax': -0.09, 'ay': -1.01, 'az': -0.23, 'gx': -2.52, 'gy': 3.76, 'gz': -0.05}, {'t_us': 1142233315, 'ax': -0.08, 'ay': -1.0, 'az': -0.22, 'gx': -2.64, 'gy': 3.85, 'gz': -0.17}]",2026-02-13 11:34:09,0.0
"[{'t_us': 1142259333, 'ax': -0.09, 'ay': -1.01, 'az': -0.22, 'gx': -2.58, 'gy': 3.79, 'gz': -0.21}, {'t_us': 1142273305, 'ax': -0.08, 'ay': -1.01, 'az': -0.22, 'gx': -2.61, 'gy': 4.23, 'gz': -0.44}, {'t_us': 1142293315, 'ax': -0.08, 'ay': -1.01, 'az': -0.23, 'gx': -2.72, 'gy': 4.79, 'gz': -0.2}, {'t_us': 1142313271, 'ax': -0.07, 'ay': -1.01, 'az': -0.23, 'gx': -2.4, 'gy': 4.5, 'gz': -0.26}, {'t_us': 1142333271, 'ax': -0.08, 'ay': -1.0, 'az': -0.22, 'gx': -2.24, 'gy': 4.2, 'gz': -0.34}]",2026-02-13 11:34:09,0.0
"[{'t_us': 1142357863, 'ax': -0.07, 'ay': -1.0, 'az': -0.22, 'gx': -2.29, 'gy': 4.09, 'gz': -0.43}, {'t_us': 1142373278, 'ax': -0.07, 'ay': -1.0, 'az': -0.22, 'gx': -2.37, 'gy': 4.78, 'gz': -0.06}, {'t_us': 1142393333, 'ax': -0.08, 'ay': -1.0, 'az': -0.23, 'gx': -2.17, 'gy': 5.21, 'gz': -0.08}, {'t_us': 1142413283, 'ax': -0.08, 'ay': -1.02, 'az': -0.22, 'gx': -2.03, 'gy': 5.33, 'gz': 0.38}, {'t_us': 1142433315, 'ax': -0.07, 'ay': -1.0, 'az': -0.23, 'gx': -2.44, 'gy': 5.62, 'gz': -0.08}]",2026-02-13 11:34:09,0.0
"[{'t_us': 1142459417, 'ax': -0.08, 'ay': -1.0, 'az': -0.22, 'gx': -2.53, 'gy': 5.5, 'gz': -0.05}, {'t_us': 1142473486, 'ax': -0.1, 'ay': -1.0, 'az': -0.16, 'gx': -1.83, 'gy': 6.47, 'gz': -0.06}, {'t_us': 1142493266, 'ax': -0.07, 'ay': -1.0, 'az': -0.23, 'gx': -2.99, 'gy': 5.44, 'gz': 0.32}, {'t_us': 1142513296, 'ax': -0.07, 'ay': -1.0, 'az': -0.21, 'gx': -2.96, 'gy': 5.34, 'gz': 0.34}, {'t_us': 1142533325, 'ax': -0.08, 'ay': -1.0, 'az': -0.22, 'gx': -3.07, 'gy': 5.34, 'gz': 0.4}]",2026-02-13 11:34:09,0.0
"[{'t_us': 1142559908, 'ax': -0.07, 'ay': -1.0, 'az': -0.22, 'gx': -2.84, 'gy': 4.66, 'gz': 1.04}, {'t_us': 1142573266, 'ax': -0.08, 'ay': -1.0, 'az': -0.22, 'gx': -3.39, 'gy': 4.72, 'gz': 0.55}, {'t_us': 1142593304, 'ax': -0.08, 'ay': -1.01, 'az': -0.23, 'gx': -3.07, 'gy': 4.81, 'gz': 0.66}, {'t_us': 1142613310, 'ax': -0.08, 'ay': -1.0, 'az': -0.22, 'gx': -3.31, 'gy': 5.07, 'gz': 0.82}, {'t_us': 1142633266, 'ax': -0.09, 'ay': -1.01, 'az': -0.23, 'gx': -3.59, 'gy': 4.35, 'gz': 0.67}]",2026-02-13 11:34:09,0.0
"[{'t_us': 1142658749, 'ax': -0.08, 'ay': -1.01, 'az': -0.23, 'gx': -3.33, 'gy': 4.23, 'gz': 0.02}, {'t_us': 1142673266, 'ax': -0.08, 'ay': -1.01, 'az': -0.22, 'gx': -3.13, 'gy': 4.53, 'gz': 0.24}, {'t_us': 1142693288, 'ax': -0.09, 'ay': -0.99, 'az': -0.21, 'gx': -3.54, 'gy': 4.73, 'gz': 0.27}, {'t_us': 1142713278, 'ax': -0.08, 'ay': -1.0, 'az': -0.22, 'gx': -3.83, 'gy': 4.23, 'gz': -0.06}, {'t_us': 1142733288, 'ax': -0.08, 'ay': -1.0, 'az': -0.23, 'gx': -3.62, 'gy': 5.11, 'gz': -0.05}]",2026-02-13 11:34:09,0.0
"[{'t_us': 1142759725, 'ax': -0.08, 'ay': -1.01, 'az': -0.23, 'gx': -3.53, 'gy': 4.08, 'gz': -0.27}, {'t_us': 1142773278, 'ax': -0.08, 'ay': -1.0, 'az': -0.23, 'gx': -3.66, 'gy': 3.71, 'gz': -0.14}, {'t_us': 1142793325, 'ax': -0.07, 'ay': -1.0, 'az': -0.23, 'gx': -3.74, 'gy': 3.71, 'gz': 0.02}, {'t_us': 1142813278, 'ax': -0.08, 'ay': -1.01, 'az': -0.23, 'gx': -3.47, 'gy': 4.31, 'gz': 0.02}, {'t_us': 1142833266, 'ax': -0.08, 'ay': -1.01, 'az': -0.23, 'gx': -3.24, 'gy': 4.27, 'gz': 0.43}]",2026-02-13 11:34:10,0.0
"[{'t_us': 1142859487, 'ax': -0.08, 'ay': -1.0, 'az': -0.23, 'gx': -3.4, 'gy': 3.66, 'gz': 0.41}, {'t_us': 1142873315, 'ax': -0.08, 'ay': -1.0, 'az': -0.23, 'gx': -3.36, 'gy': 3.44, 'gz': 0.38}, {'t_us': 1142893283, 'ax': -0.08, 'ay': -1.01, 'az': -0.22, 'gx': -3.53, 'gy': 3.48, 'gz': 0.34}, {'t_us': 1142913315, 'ax': -0.08, 'ay': -1.01, 'az': -0.22, 'gx': -3.45, 'gy': 3.21, 'gz': 0.44}, {'t_us': 1142933310, 'ax': -0.08, 'ay': -1.0, 'az': -0.23, 'gx': -3.44, 'gy': 3.37, 'gz': 0.52}]",2026-02-13 11:34:10,0.0
"[{'t_us': 1142959766, 'ax': -0.09, 'ay': -1.0, 'az': -0.22, 'gx': -3.02, 'gy': 3.6, 'gz': 0.31}, {'t_us': 1142973283, 'ax': -0.08, 'ay': -1.0, 'az': -0.21, 'gx': -2.9, 'gy': 3.94, 'gz': 0.37}, {'t_us': 1142993278, 'ax': -0.08, 'ay': -1.0, 'az': -0.22, 'gx': -3.36, 'gy': 3.62, 'gz': 0.18}, {'t_us': 1143013271, 'ax': -0.09, 'ay': -1.0, 'az': -0.21, 'gx': -3.56, 'gy': 3.37, 'gz': 0.17}, {'t_us': 1143033278, 'ax': -0.09, 'ay': -1.0, 'az': -0.22, 'gx': -3.56, 'gy': 3.02, 'gz': 0.2}]",2026-02-13 11:34:10,0.0
"[{'t_us': 1143057867, 'ax': -0.09, 'ay': -1.0, 'az': -0.24, 'gx': -3.44, 'gy': 2.79, 'gz': 0.26}, {'t_us': 1143073288, 'ax': -0.09, 'ay': -1.01, 'az': -0.23, 'gx': -3.18, 'gy': 2.81, 'gz': 0.18}, {'t_us': 1143093333, 'ax': -0.09, 'ay': -1.0, 'az': -0.23, 'gx': -3.42, 'gy': 2.47, 'gz': 0.03}, {'t_us': 1143113315, 'ax': -0.09, 'ay': -1.0, 'az': -0.22, 'gx': -3.37, 'gy': 2.31, 'gz': -0.12}, {'t_us': 1143133330, 'ax': -0.08, 'ay': -1.0, 'az': -0.23, 'gx': -3.22, 'gy': 2.64, 'gz': -0.14}]",2026-02-13 11:34:10,0.0
"[{'t_us': 1143157603, 'ax': -0.08, 'ay': -1.0, 'az': -0.21, 'gx': -3.25, 'gy': 2.79, 'gz': -0.14}, {'t_us': 1143173346, 'ax': -0.08, 'ay': -1.0, 'az': -0.22, 'gx': -3.04, 'gy': 2.67, 'gz': -0.09}, {'t_us': 1143193325, 'ax': -0.08, 'ay': -1.01, 'az': -0.23, 'gx': -3.18, 'gy': 2.79, 'gz': 0.05}, {'t_us': 1143213296, 'ax': -0.08, 'ay': -1.0, 'az': -0.23, 'gx': -3.25, 'gy': 2.38, 'gz': -0.12}, {'t_us': 1143233333, 'ax': -0.08, 'ay': -1.01, 'az': -0.23, 'gx': -2.81, 'gy': 2.73, 'gz': -0.02}]",2026-02-13 11:34:10,0.0
"[{'t_us': 1143259364, 'ax': -0.09, 'ay': -1.01, 'az': -0.23, 'gx': -2.72, 'gy': 2.06, 'gz': -0.05}, {'t_us': 1143273278, 'ax': -0.08, 'ay': -1.0, 'az': -0.23, 'gx': -2.72, 'gy': 1.97, 'gz': -0.12}, {'t_us': 1143293315, 'ax': -0.08, 'ay': -1.0, 'az': -0.21, 'gx': -2.85, 'gy': 2.67, 'gz': -0.31}, {'t_us': 1143313271, 'ax': -0.09, 'ay': -1.0, 'az': -0.22, 'gx': -3.22, 'gy': 1.73, 'gz': -0.34}, {'t_us': 1143333271, 'ax': -0.07, 'ay': -1.0, 'az': -0.23, 'gx': -3.1, 'gy': 2.06, 'gz': -0.27}]",2026-02-13 11:34:10,0.0
"[{'t_us': 1143358186, 'ax': -0.08, 'ay': -1.01, 'az': -0.23, 'gx': -3.19, 'gy': 2.18, 'gz': -0.17}, {'t_us': 1143373296, 'ax': -0.08, 'ay': -1.0, 'az': -0.22, 'gx': -3.54, 'gy': 1.76, 'gz': -0.03}, {'t_us': 1143393330, 'ax': -0.08, 'ay': -1.0, 'az': -0.22, 'gx': -3.28, 'gy': 1.71, 'gz': -0.26}, {'t_us': 1143413283, 'ax': -0.08, 'ay': -1.01, 'az': -0.22, 'gx': -3.22, 'gy': 2.26, 'gz': -0.2}, {'t_us': 1143433283, 'ax': -0.09, 'ay': -1.01, 'az': -0.22, 'gx': -3.04, 'gy': 2.37, 'gz': 0.02}]",2026-02-13 11:34:10,0.0
"[{'t_us': 1143458536, 'ax': -0.08, 'ay': -1.01, 'az': -0.23, 'gx': -2.89, 'gy': 2.47, 'gz': 0.0}, {'t_us': 1143473321, 'ax': -0.08, 'ay': -1.01, 'az': -0.24, 'gx': -2.47, 'gy': 2.63, 'gz': -0.02}, {'t_us': 1143493326, 'ax': -0.09, 'ay': -1.01, 'az': -0.22, 'gx': -1.98, 'gy': 2.63, 'gz': 0.0}, {'t_us': 1143513296, 'ax': -0.08, 'ay': -1.01, 'az': -0.22, 'gx': -3.05, 'gy': 0.84, 'gz': -0.21}, {'t_us': 1143533310, 'ax': -0.08, 'ay': -0.99, 'az': -0.21, 'gx': -3.22, 'gy': 0.58, 'gz': -0.09}]",2026-02-13 11:34:10,0.0
"[{'t_us': 1143559939, 'ax': -0.08, 'ay': -1.0, 'az': -0.21, 'gx': -3.73, 'gy': 1.31, 'gz': 0.02}, {'t_us': 1143573334, 'ax': -0.09, 'ay': -1.0, 'az': -0.21, 'gx': -4.06, 'gy': 1.47, 'gz': 0.09}, {'t_us': 1143593266, 'ax': -0.09, 'ay': -1.0, 'az': -0.21, 'gx': -4.15, 'gy': 1.6, 'gz': 0.06}, {'t_us': 1143613294, 'ax': -0.08, 'ay': -1.01, 'az': -0.22, 'gx': -4.44, 'gy': 2.35, 'gz': -0.29}, {'t_us': 1143633333, 'ax': -0.08, 'ay': -1.01, 'az': -0.22, 'gx': -4.2, 'gy': 3.33, 'gz': -0.17}]",2026-02-13 11:34:10,0.0
"[{'t_us': 1143657667, 'ax': -0.08, 'ay': -1.01, 'az': -0.23, 'gx': -3.62, 'gy': 3.4, 'gz': -0.41}, {'t_us': 1143673283, 'ax': -0.08, 'ay': -1.0, 'az': -0.23, 'gx': -3.37, 'gy': 3.33, 'gz': -0.15}, {'t_us': 1143693315, 'ax': -0.08, 'ay': -1.01, 'az': -0.22, 'gx': -3.51, 'gy': 3.22, 'gz': -0.21}, {'t_us': 1143713315, 'ax': -0.09, 'ay': -1.0, 'az': -0.23, 'gx': -3.54, 'gy': 2.93, 'gz': -0.4}, {'t_us': 1143733271, 'ax': -0.08, 'ay': -1.01, 'az': -0.22, 'gx': -3.44, 'gy': 2.73, 'gz': -0.03}]",2026-02-13 11:34:10,0.0
"[{'t_us': 1143759644, 'ax': -0.08, 'ay': -1.01, 'az': -0.23, 'gx': -3.44, 'gy': 3.04, 'gz': 0.21}, {'t_us': 1143773297, 'ax': -0.09, 'ay': -1.01, 'az': -0.22, 'gx': -3.07, 'gy': 2.81, 'gz': 0.12}, {'t_us': 1143793271, 'ax': -0.08, 'ay': -1.0, 'az': -0.22, 'gx': -2.85, 'gy': 3.37, 'gz': 0.55}, {'t_us': 1143813333, 'ax': -0.08, 'ay': -1.01, 'az': -0.22, 'gx': -2.52, 'gy': 3.33, 'gz': 0.26}, {'t_us': 1143833283, 'ax': -0.09, 'ay': -1.0, 'az': -0.22, 'gx': -2.18, 'gy': 3.94, 'gz': 0.05}]",2026-02-13 11:34:11,0.0
"[{'t_us': 1143859354, 'ax': -0.08, 'ay': -1.01, 'az': -0.22, 'gx': -2.2, 'gy': 4.82, 'gz': 0.21}, {'t_us': 1143873271, 'ax': -0.08, 'ay': -1.01, 'az': -0.22, 'gx': -2.05, 'gy': 5.47, 'gz': 0.2}, {'t_us': 1143893308, 'ax': -0.09, 'ay': -1.01, 'az': -0.22, 'gx': -2.24, 'gy': 5.54, 'gz': 0.09}, {'t_us': 1143913313, 'ax': -0.08, 'ay': -1.0, 'az': -0.22, 'gx': -2.02, 'gy': 5.91, 'gz': 0.21}, {'t_us': 1143933321, 'ax': -0.08, 'ay': -0.99, 'az': -0.21, 'gx': -2.5, 'gy': 6.21, 'gz': 0.29}]",2026-02-13 11:34:11,0.0
"[{'t_us': 1143959911, 'ax': -0.08, 'ay': -1.01, 'az': -0.22, 'gx': -2.49, 'gy': 5.22, 'gz': 0.21}, {'t_us': 1143973304, 'ax': -0.08, 'ay': -1.01, 'az': -0.23, 'gx': -2.79, 'gy': 5.53, 'gz': 0.43}, {'t_us': 1143993315, 'ax': -0.09, 'ay': -1.0, 'az': -0.22, 'gx': -3.01, 'gy': 5.51, 'gz': 0.53}, {'t_us': 1144013309, 'ax': -0.08, 'ay': -1.0, 'az': -0.22, 'gx': -2.76, 'gy': 5.37, 'gz': 0.5}, {'t_us': 1144033330, 'ax': -0.08, 'ay': -1.01, 'az': -0.22, 'gx': -2.61, 'gy': 5.88, 'gz': 0.37}]",2026-02-13 11:34:11,0.0
"[{'t_us': 1144059357, 'ax': -0.09, 'ay': -1.0, 'az': -0.22, 'gx': -2.53, 'gy': 4.58, 'gz': -0.02}, {'t_us': 1144073315, 'ax': -0.09, 'ay': -1.01, 'az': -0.23, 'gx': -2.69, 'gy': 3.62, 'gz': -0.06}, {'t_us': 1144093271, 'ax': -0.09, 'ay': -1.0, 'az': -0.22, 'gx': -2.53, 'gy': 3.19, 'gz': -0.52}, {'t_us': 1144113275, 'ax': -0.08, 'ay': -1.0, 'az': -0.22, 'gx': -2.03, 'gy': 3.45, 'gz': -0.64}, {'t_us': 1144133315, 'ax': -0.08, 'ay': -1.01, 'az': -0.22, 'gx': -1.86, 'gy': 4.18, 'gz': -0.47}]",2026-02-13 11:34:11,0.0
"[{'t_us': 1144159483, 'ax': -0.08, 'ay': -1.01, 'az': -0.21, 'gx': -2.08, 'gy': 4.52, 'gz': -0.43}, {'t_us': 1144173274, 'ax': -0.09, 'ay': -1.0, 'az': -0.22, 'gx': -1.79, 'gy': 4.17, 'gz': -0.18}, {'t_us': 1144193274, 'ax': -0.08, 'ay': -1.01, 'az': -0.22, 'gx': -2.18, 'gy': 4.64, 'gz': -0.47}, {'t_us': 1144213321, 'ax': -0.07, 'ay': -1.01, 'az': -0.21, 'gx': -2.12, 'gy': 4.29, 'gz': -0.64}, {'t_us': 1144233266, 'ax': -0.08, 'ay': -1.0, 'az': -0.21, 'gx': -2.2, 'gy': 4.4, 'gz': -0.58}]",2026-02-13 11:34:11,0.0
"[{'t_us': 1144260285, 'ax': -0.08, 'ay': -1.01, 'az': -0.21, 'gx': -2.02, 'gy': 4.61, 'gz': -0.26}, {'t_us': 1144273315, 'ax': -0.08, 'ay': -1.01, 'az': -0.21, 'gx': -1.98, 'gy': 4.69, 'gz': -0.12}, {'t_us': 1144293271, 'ax': -0.08, 'ay': -1.01, 'az': -0.21, 'gx': -2.27, 'gy': 4.2, 'gz': 0.02}, {'t_us': 1144313277, 'ax': -0.08, 'ay': -1.0, 'az': -0.21, 'gx': -2.92, 'gy': 3.63, 'gz': -0.05}, {'t_us': 1144333271, 'ax': -0.08, 'ay': -1.0, 'az': -0.22, 'gx': -3.21, 'gy': 3.19, 'gz': 0.21}]",2026-02-13 11:34:11,0.0
"[{'t_us': 1144357902, 'ax': -0.08, 'ay': -1.01, 'az': -0.21, 'gx': -3.18, 'gy': 2.55, 'gz': 0.12}, {'t_us': 1144373274, 'ax': -0.08, 'ay': -1.0, 'az': -0.21, 'gx': -3.37, 'gy': 2.41, 'gz': 0.08}, {'t_us': 1144393310, 'ax': -0.08, 'ay': -1.01, 'az': -0.21, 'gx': -3.37, 'gy': 2.31, 'gz': -0.02}, {'t_us': 1144413266, 'ax': -0.08, 'ay': -1.0, 'az': -0.2, 'gx': -3.69, 'gy': 2.76, 'gz': 0.52}, {'t_us': 1144433266, 'ax': -0.08, 'ay': -1.0, 'az': -0.21, 'gx': -3.56, 'gy': 3.18, 'gz': 0.52}]",2026-02-13 11:34:11,0.0
"[{'t_us': 1144458122, 'ax': -0.08, 'ay': -1.0, 'az': -0.21, 'gx': -4.02, 'gy': 3.39, 'gz': 0.38}, {'t_us': 1144473288, 'ax': -0.08, 'ay': -1.0, 'az': -0.21, 'gx': -3.91, 'gy': 3.56, 'gz': 0.21}, {'t_us': 1144493321, 'ax': -0.09, 'ay': -1.0, 'az': -0.21, 'gx': -3.48, 'gy': 3.34, 'gz': 0.4}, {'t_us': 1144513315, 'ax': -0.09, 'ay': -1.01, 'az': -0.21, 'gx': -4.2, 'gy': 3.56, 'gz': 0.23}, {'t_us': 1144533315, 'ax': -0.09, 'ay': -1.01, 'az': -0.22, 'gx': -4.05, 'gy': 3.47, 'gz': -0.21}]",2026-02-13 11:34:11,0.0
"[{'t_us': 1144558257, 'ax': -0.08, 'ay': -1.01, 'az': -0.22, 'gx': -3.88, 'gy': 3.8, 'gz': 0.08}, {'t_us': 1144573283, 'ax': -0.09, 'ay': -1.0, 'az': -0.21, 'gx': -3.51, 'gy': 3.8, 'gz': -0.24}, {'t_us': 1144593409, 'ax': -0.07, 'ay': -1.01, 'az': -0.22, 'gx': -3.68, 'gy': 2.73, 'gz': -0.58}, {'t_us': 1144613333, 'ax': -0.09, 'ay': -1.01, 'az': -0.22, 'gx': -3.48, 'gy': 3.47, 'gz': -0.29}, {'t_us': 1144633283, 'ax': -0.08, 'ay': -1.0, 'az': -0.22, 'gx': -3.51, 'gy': 2.93, 'gz': -0.03}]",2026-02-13 11:34:11,0.0
"[{'t_us': 1144658217, 'ax': -0.09, 'ay': -1.01, 'az': -0.22, 'gx': -3.31, 'gy': 2.34, 'gz': 0.09}, {'t_us': 1144673321, 'ax': -0.08, 'ay': -1.02, 'az': -0.21, 'gx': -3.13, 'gy': 2.18, 'gz': 0.2}, {'t_us': 1144693274, 'ax': -0.08, 'ay': -1.01, 'az': -0.22, 'gx': -3.33, 'gy': 2.05, 'gz': 0.4}, {'t_us': 1144713278, 'ax': -0.08, 'ay': -1.0, 'az': -0.22, 'gx': -3.39, 'gy': 2.52, 'gz': 0.81}, {'t_us': 1144733296, 'ax': -0.09, 'ay': -1.0, 'az': -0.21, 'gx': -3.28, 'gy': 2.4, 'gz': 0.7}]",2026-02-13 11:34:11,0.0
"[{'t_us': 1144758760, 'ax': -0.1, 'ay': -1.0, 'az': -0.22, 'gx': -2.9, 'gy': 2.38, 'gz': 0.38}, {'t_us': 1144773288, 'ax': -0.08, 'ay': -1.01, 'az': -0.21, 'gx': -2.96, 'gy': 2.37, 'gz': 0.06}, {'t_us': 1144793296, 'ax': -0.09, 'ay': -1.0, 'az': -0.22, 'gx': -3.34, 'gy': 2.11, 'gz': -0.24}, {'t_us': 1144813310, 'ax': -0.09, 'ay': -1.0, 'az': -0.21, 'gx': -3.15, 'gy': 2.44, 'gz': -0.53}, {'t_us': 1144833281, 'ax': -0.09, 'ay': -1.0, 'az': -0.21, 'gx': -3.28, 'gy': 2.66, 'gz': -0.43}]",2026-02-13 11:34:12,0.0
"[{'t_us': 1144859418, 'ax': -0.08, 'ay': -1.01, 'az': -0.21, 'gx': -3.33, 'gy': 2.02, 'gz': -0.18}, {'t_us': 1144875743, 'ax': -0.08, 'ay': -1.0, 'az': -0.22, 'gx': -3.1, 'gy': 1.94, 'gz': -0.2}, {'t_us': 1144893283, 'ax': -0.09, 'ay': -1.01, 'az': -0.22, 'gx': -2.96, 'gy': 1.74, 'gz': -0.38}, {'t_us': 1144913271, 'ax': -0.08, 'ay': -1.01, 'az': -0.21, 'gx': -3.11, 'gy': 2.15, 'gz': -0.35}, {'t_us': 1144933311, 'ax': -0.09, 'ay': -1.0, 'az': -0.21, 'gx': -3.02, 'gy': 2.37, 'gz': -0.14}]",2026-02-13 11:34:12,
