samples,timestamp,label
"[{'t_us': 933719491, 'ax': -0.93, 'ay': -0.17, 'az': 0.02, 'gx': -8.32, 'gy': 2.99, 'gz': 0.35}]",2026-02-13 10:15:36,0.0
"[{'t_us': 933725406, 'ax': -0.94, 'ay': -0.17, 'az': 0.02, 'gx': -8.06, 'gy': 3.13, 'gz': 0.47}]",2026-02-13 10:15:36,0.0
"[{'t_us': 933730879, 'ax': -0.93, 'ay': -0.17, 'az': 0.01, 'gx': -8.14, 'gy': 3.19, 'gz': 0.56}]",2026-02-13 10:15:36,0.0
"[{'t_us': 933735893, 'ax': -0.94, 'ay': -0.17, 'az': 0.02, 'gx': -8.11, 'gy': 3.24, 'gz': 0.53}]",2026-02-13 10:15:36,0.0
"[{'t_us': 933741193, 'ax': -0.94, 'ay': -0.16, 'az': 0.02, 'gx': -8.05, 'gy': 3.21, 'gz': 0.47}]",2026-02-13 10:15:36,0.0
"[{'t_us': 933749356, 'ax': -0.94, 'ay': -0.17, 'az': 0.01, 'gx': -8.02, 'gy': 3.31, 'gz': 0.7}]",2026-02-13 10:15:36,0.0
"[{'t_us': 933755700, 'ax': -0.94, 'ay': -0.16, 'az': 0.02, 'gx': -7.82, 'gy': 3.34, 'gz': 0.76}]",2026-02-13 10:15:36,0.0
"[{'t_us': 933761826, 'ax': -0.94, 'ay': -0.16, 'az': 0.02, 'gx': -7.86, 'gy': 3.15, 'gz': 0.81}]",2026-02-13 10:15:36,0.0
"[{'t_us': 933767578, 'ax': -0.94, 'ay': -0.15, 'az': 0.02, 'gx': -8.23, 'gy': 3.07, 'gz': 0.75}]",2026-02-13 10:15:36,0.0
"[{'t_us': 933772770, 'ax': -0.94, 'ay': -0.16, 'az': 0.03, 'gx': -8.17, 'gy': 2.89, 'gz': 0.66}]",2026-02-13 10:15:36,0.0
"[{'t_us': 933777897, 'ax': -0.94, 'ay': -0.15, 'az': 0.02, 'gx': -8.31, 'gy': 2.56, 'gz': 0.84}]",2026-02-13 10:15:36,0.0
"[{'t_us': 933785382, 'ax': -0.93, 'ay': -0.16, 'az': 0.02, 'gx': -8.11, 'gy': 2.72, 'gz': 0.76}]",2026-02-13 10:15:36,0.0
"[{'t_us': 933790558, 'ax': -0.93, 'ay': -0.15, 'az': 0.03, 'gx': -8.17, 'gy': 2.82, 'gz': 0.7}]",2026-02-13 10:15:36,0.0
"[{'t_us': 933795577, 'ax': -0.94, 'ay': -0.16, 'az': 0.02, 'gx': -8.18, 'gy': 2.64, 'gz': 0.73}]",2026-02-13 10:15:36,0.0
"[{'t_us': 933802559, 'ax': -0.94, 'ay': -0.16, 'az': 0.02, 'gx': -8.06, 'gy': 2.66, 'gz': 0.49}]",2026-02-13 10:15:36,0.0
"[{'t_us': 933816241, 'ax': -0.93, 'ay': -0.16, 'az': 0.01, 'gx': -7.86, 'gy': 2.7, 'gz': 0.81}]",2026-02-13 10:15:36,0.0
"[{'t_us': 933822748, 'ax': -0.93, 'ay': -0.16, 'az': 0.02, 'gx': -7.86, 'gy': 2.93, 'gz': 0.67}]",2026-02-13 10:15:36,0.0
"[{'t_us': 933828730, 'ax': -0.93, 'ay': -0.16, 'az': 0.02, 'gx': -7.74, 'gy': 2.9, 'gz': 0.76}]",2026-02-13 10:15:36,0.0
"[{'t_us': 933834592, 'ax': -0.93, 'ay': -0.16, 'az': 0.03, 'gx': -7.68, 'gy': 2.93, 'gz': 0.89}]",2026-02-13 10:15:36,0.0
"[{'t_us': 933841315, 'ax': -0.93, 'ay': -0.17, 'az': 0.02, 'gx': -7.73, 'gy': 3.31, 'gz': 0.95}]",2026-02-13 10:15:36,0.0
"[{'t_us': 933848204, 'ax': -0.93, 'ay': -0.16, 'az': 0.03, 'gx': -7.53, 'gy': 3.36, 'gz': 1.15}, {'t_us': 933850736, 'ax': -0.93, 'ay': -0.17, 'az': 0.03, 'gx': -7.47, 'gy': 3.39, 'gz': 0.82}, {'t_us': 933854879, 'ax': -0.93, 'ay': -0.16, 'az': 0.03, 'gx': -7.53, 'gy': 3.3, 'gz': 0.95}]",2026-02-13 10:15:36,0.0
"[{'t_us': 933861778, 'ax': -0.94, 'ay': -0.16, 'az': 0.03, 'gx': -7.6, 'gy': 3.51, 'gz': 0.93}, {'t_us': 933864393, 'ax': -0.93, 'ay': -0.16, 'az': 0.02, 'gx': -7.48, 'gy': 3.48, 'gz': 1.27}, {'t_us': 933866731, 'ax': -0.93, 'ay': -0.16, 'az': 0.03, 'gx': -7.65, 'gy': 3.56, 'gz': 1.18}, {'t_us': 933869082, 'ax': -0.93, 'ay': -0.16, 'az': 0.02, 'gx': -7.37, 'gy': 3.53, 'gz': 1.21}, {'t_us': 933871416, 'ax': -0.94, 'ay': -0.17, 'az': 0.03, 'gx': -7.42, 'gy': 3.36, 'gz': 1.21}]",2026-02-13 10:15:36,0.0
"[{'t_us': 933957738, 'ax': -0.95, 'ay': -0.16, 'az': 0.01, 'gx': -5.95, 'gy': 1.86, 'gz': 0.06}, {'t_us': 933959841, 'ax': -0.94, 'ay': -0.16, 'az': 0.02, 'gx': -5.77, 'gy': 1.83, 'gz': -0.03}, {'t_us': 933961783, 'ax': -0.94, 'ay': -0.16, 'az': 0.02, 'gx': -5.66, 'gy': 1.57, 'gz': -0.06}, {'t_us': 933963712, 'ax': -0.94, 'ay': -0.15, 'az': 0.02, 'gx': -5.63, 'gy': 1.6, 'gz': -0.12}, {'t_us': 933965656, 'ax': -0.95, 'ay': -0.15, 'az': 0.02, 'gx': -5.63, 'gy': 1.6, 'gz': -0.12}]",2026-02-13 10:15:37,0.0
"[{'t_us': 934059163, 'ax': -0.93, 'ay': -0.14, 'az': 0.02, 'gx': -6.95, 'gy': 1.62, 'gz': 0.24}, {'t_us': 934061273, 'ax': -0.93, 'ay': -0.14, 'az': 0.02, 'gx': -7.18, 'gy': 1.63, 'gz': 0.35}, {'t_us': 934063210, 'ax': -0.93, 'ay': -0.14, 'az': 0.03, 'gx': -7.18, 'gy': 1.63, 'gz': 0.35}, {'t_us': 934065171, 'ax': -0.94, 'ay': -0.13, 'az': 0.01, 'gx': -7.19, 'gy': 1.91, 'gz': 0.47}, {'t_us': 934067111, 'ax': -0.93, 'ay': -0.14, 'az': 0.02, 'gx': -6.95, 'gy': 1.63, 'gz': 0.52}]",2026-02-13 10:15:37,0.0
"[{'t_us': 934159967, 'ax': -0.93, 'ay': -0.15, 'az': 0.02, 'gx': -8.41, 'gy': 2.31, 'gz': 2.41}, {'t_us': 934162099, 'ax': -0.94, 'ay': -0.15, 'az': 0.02, 'gx': -8.31, 'gy': 2.2, 'gz': 2.12}, {'t_us': 934164044, 'ax': -0.94, 'ay': -0.15, 'az': 0.02, 'gx': -8.34, 'gy': 2.27, 'gz': 2.38}, {'t_us': 934165985, 'ax': -0.94, 'ay': -0.15, 'az': 0.02, 'gx': -8.12, 'gy': 2.14, 'gz': 2.15}, {'t_us': 934167925, 'ax': -0.94, 'ay': -0.15, 'az': 0.02, 'gx': -8.12, 'gy': 2.14, 'gz': 2.15}]",2026-02-13 10:15:37,0.0
"[{'t_us': 934260159, 'ax': -0.94, 'ay': -0.15, 'az': 0.02, 'gx': -3.85, 'gy': 2.03, 'gz': 1.07}, {'t_us': 934262289, 'ax': -0.94, 'ay': -0.16, 'az': 0.02, 'gx': -3.65, 'gy': 1.95, 'gz': 1.08}, {'t_us': 934264254, 'ax': -0.93, 'ay': -0.16, 'az': 0.03, 'gx': -3.44, 'gy': 2.03, 'gz': 0.98}, {'t_us': 934266196, 'ax': -0.93, 'ay': -0.16, 'az': 0.03, 'gx': -3.28, 'gy': 2.11, 'gz': 0.78}, {'t_us': 934268133, 'ax': -0.93, 'ay': -0.16, 'az': 0.03, 'gx': -2.96, 'gy': 2.14, 'gz': 0.96}]",2026-02-13 10:15:37,0.0
"[{'t_us': 934358659, 'ax': -0.93, 'ay': -0.17, 'az': 0.03, 'gx': 3.42, 'gy': 4.29, 'gz': -0.76}, {'t_us': 934360762, 'ax': -0.92, 'ay': -0.16, 'az': 0.04, 'gx': 3.91, 'gy': 4.15, 'gz': -0.89}, {'t_us': 934362754, 'ax': -0.93, 'ay': -0.16, 'az': 0.04, 'gx': 3.91, 'gy': 4.15, 'gz': -0.89}, {'t_us': 934364753, 'ax': -0.94, 'ay': -0.17, 'az': 0.04, 'gx': 3.98, 'gy': 4.56, 'gz': -0.89}, {'t_us': 934369023, 'ax': -0.93, 'ay': -0.16, 'az': 0.04, 'gx': 4.17, 'gy': 4.72, 'gz': -1.01}]",2026-02-13 10:15:37,0.0
"[{'t_us': 934461006, 'ax': -0.94, 'ay': -0.18, 'az': 0.02, 'gx': 14.53, 'gy': 5.25, 'gz': -2.9}, {'t_us': 934463123, 'ax': -0.94, 'ay': -0.18, 'az': 0.01, 'gx': 14.75, 'gy': 5.25, 'gz': -2.96}, {'t_us': 934465084, 'ax': -0.94, 'ay': -0.18, 'az': 0.01, 'gx': 14.75, 'gy': 5.25, 'gz': -2.96}, {'t_us': 934467030, 'ax': -0.94, 'ay': -0.18, 'az': 0.01, 'gx': 15.34, 'gy': 5.59, 'gz': -2.89}, {'t_us': 934468969, 'ax': -0.94, 'ay': -0.18, 'az': 0.01, 'gx': 15.63, 'gy': 5.57, 'gz': -3.08}]",2026-02-13 10:15:37,0.0
"[{'t_us': 934559964, 'ax': -0.93, 'ay': -0.2, 'az': 0.0, 'gx': 32.02, 'gy': 7.16, 'gz': -6.08}, {'t_us': 934562089, 'ax': -0.94, 'ay': -0.19, 'az': 0.0, 'gx': 32.58, 'gy': 7.08, 'gz': -6.21}, {'t_us': 934564033, 'ax': -0.92, 'ay': -0.19, 'az': 0.01, 'gx': 32.63, 'gy': 7.27, 'gz': -5.98}, {'t_us': 934565974, 'ax': -0.92, 'ay': -0.19, 'az': 0.01, 'gx': 33.04, 'gy': 7.39, 'gz': -6.03}, {'t_us': 934567912, 'ax': -0.93, 'ay': -0.19, 'az': 0.01, 'gx': 33.36, 'gy': 7.37, 'gz': -6.06}]",2026-02-13 10:15:37,0.0
"[{'t_us': 934658623, 'ax': -0.93, 'ay': -0.14, 'az': 0.03, 'gx': 38.55, 'gy': 8.37, 'gz': -6.66}, {'t_us': 934660744, 'ax': -0.93, 'ay': -0.14, 'az': 0.03, 'gx': 38.55, 'gy': 8.61, 'gz': -6.56}, {'t_us': 934662698, 'ax': -0.93, 'ay': -0.14, 'az': 0.03, 'gx': 38.26, 'gy': 8.53, 'gz': -6.67}, {'t_us': 934664634, 'ax': -0.93, 'ay': -0.14, 'az': 0.03, 'gx': 38.26, 'gy': 8.53, 'gz': -6.67}, {'t_us': 934666578, 'ax': -0.93, 'ay': -0.14, 'az': 0.03, 'gx': 38.24, 'gy': 8.5, 'gz': -6.81}]",2026-02-13 10:15:37,0.0
"[{'t_us': 934758575, 'ax': -0.94, 'ay': -0.15, 'az': 0.02, 'gx': 31.89, 'gy': 10.0, 'gz': -6.09}, {'t_us': 934760725, 'ax': -0.94, 'ay': -0.15, 'az': 0.02, 'gx': 31.83, 'gy': 9.88, 'gz': -6.29}, {'t_us': 934763793, 'ax': -0.95, 'ay': -0.15, 'az': 0.02, 'gx': 31.77, 'gy': 9.68, 'gz': -6.24}, {'t_us': 934765790, 'ax': -0.95, 'ay': -0.15, 'az': 0.02, 'gx': 31.45, 'gy': 9.63, 'gz': -5.92}, {'t_us': 934767735, 'ax': -0.95, 'ay': -0.15, 'az': 0.02, 'gx': 31.82, 'gy': 9.45, 'gz': -5.85}]",2026-02-13 10:15:37,0.0
"[{'t_us': 934860252, 'ax': -0.93, 'ay': -0.18, 'az': 0.03, 'gx': 35.37, 'gy': 12.6, 'gz': -7.45}, {'t_us': 934862374, 'ax': -0.93, 'ay': -0.17, 'az': 0.02, 'gx': 35.66, 'gy': 13.18, 'gz': -7.44}, {'t_us': 934864310, 'ax': -0.93, 'ay': -0.18, 'az': 0.02, 'gx': 35.66, 'gy': 13.18, 'gz': -7.44}, {'t_us': 934866246, 'ax': -0.94, 'ay': -0.18, 'az': 0.02, 'gx': 35.86, 'gy': 13.33, 'gz': -7.71}, {'t_us': 934868183, 'ax': -0.94, 'ay': -0.17, 'az': 0.02, 'gx': 36.18, 'gy': 14.05, 'gz': -7.63}]",2026-02-13 10:15:37,0.0
"[{'t_us': 934962620, 'ax': -0.95, 'ay': -0.12, 'az': 0.04, 'gx': 31.02, 'gy': 13.88, 'gz': -5.18}, {'t_us': 934967301, 'ax': -0.95, 'ay': -0.12, 'az': 0.05, 'gx': 29.86, 'gy': 13.21, 'gz': -5.19}, {'t_us': 934970024, 'ax': -0.96, 'ay': -0.11, 'az': 0.05, 'gx': 29.79, 'gy': 12.99, 'gz': -5.4}, {'t_us': 934972014, 'ax': -0.96, 'ay': -0.11, 'az': 0.05, 'gx': 29.79, 'gy': 12.99, 'gz': -5.4}, {'t_us': 934973950, 'ax': -0.95, 'ay': -0.11, 'az': 0.05, 'gx': 29.25, 'gy': 12.53, 'gz': -5.28}]",2026-02-13 10:15:38,0.0
"[{'t_us': 935058896, 'ax': -0.97, 'ay': -0.17, 'az': 0.0, 'gx': 22.09, 'gy': 7.94, 'gz': -4.93}, {'t_us': 935061044, 'ax': -0.98, 'ay': -0.16, 'az': -0.01, 'gx': 22.06, 'gy': 7.5, 'gz': -5.31}, {'t_us': 935062985, 'ax': -0.97, 'ay': -0.16, 'az': -0.0, 'gx': 22.34, 'gy': 7.91, 'gz': -5.57}, {'t_us': 935064924, 'ax': -0.97, 'ay': -0.16, 'az': -0.0, 'gx': 21.73, 'gy': 7.77, 'gz': -5.85}, {'t_us': 935066861, 'ax': -0.95, 'ay': -0.17, 'az': 0.01, 'gx': 21.73, 'gy': 7.77, 'gz': -5.85}]",2026-02-13 10:15:38,0.0
"[{'t_us': 935159940, 'ax': -0.96, 'ay': -0.17, 'az': -0.02, 'gx': 24.02, 'gy': -1.73, 'gz': -1.18}, {'t_us': 935162033, 'ax': -0.96, 'ay': -0.16, 'az': -0.02, 'gx': 24.05, 'gy': -2.34, 'gz': -1.18}, {'t_us': 935163969, 'ax': -0.96, 'ay': -0.15, 'az': -0.03, 'gx': 24.05, 'gy': -2.34, 'gz': -1.18}, {'t_us': 935165921, 'ax': -0.96, 'ay': -0.16, 'az': -0.03, 'gx': 23.97, 'gy': -2.4, 'gz': -1.15}, {'t_us': 935167858, 'ax': -0.97, 'ay': -0.16, 'az': -0.02, 'gx': 23.8, 'gy': -2.55, 'gz': -0.96}]",2026-02-13 10:15:38,0.0
"[{'t_us': 935257881, 'ax': -0.95, 'ay': -0.14, 'az': -0.03, 'gx': 23.56, 'gy': -1.62, 'gz': -1.62}, {'t_us': 935259987, 'ax': -0.95, 'ay': -0.14, 'az': -0.03, 'gx': 23.47, 'gy': -1.4, 'gz': -1.71}, {'t_us': 935261942, 'ax': -0.95, 'ay': -0.14, 'az': -0.03, 'gx': 23.4, 'gy': -1.3, 'gz': -1.85}, {'t_us': 935263888, 'ax': -0.94, 'ay': -0.14, 'az': -0.04, 'gx': 23.4, 'gy': -1.3, 'gz': -1.85}, {'t_us': 935265845, 'ax': -0.95, 'ay': -0.14, 'az': -0.02, 'gx': 23.15, 'gy': -1.1, 'gz': -1.83}]",2026-02-13 10:15:38,0.0
"[{'t_us': 935359553, 'ax': -0.92, 'ay': -0.09, 'az': 0.01, 'gx': 12.32, 'gy': -2.26, 'gz': 0.49}, {'t_us': 935361717, 'ax': -0.93, 'ay': -0.1, 'az': 0.02, 'gx': 11.59, 'gy': -1.89, 'gz': 0.27}, {'t_us': 935363697, 'ax': -0.92, 'ay': -0.09, 'az': 0.03, 'gx': 11.59, 'gy': -1.89, 'gz': 0.27}, {'t_us': 935365633, 'ax': -0.92, 'ay': -0.1, 'az': 0.04, 'gx': 11.47, 'gy': -1.63, 'gz': 0.24}, {'t_us': 935367613, 'ax': -0.92, 'ay': -0.1, 'az': 0.03, 'gx': 10.5, 'gy': -1.22, 'gz': 0.35}]",2026-02-13 10:15:38,0.0
"[{'t_us': 935461467, 'ax': -0.91, 'ay': -0.15, 'az': -0.02, 'gx': 1.01, 'gy': 7.45, 'gz': 0.06}, {'t_us': 935463521, 'ax': -0.91, 'ay': -0.15, 'az': -0.01, 'gx': 1.01, 'gy': 7.45, 'gz': 0.06}, {'t_us': 935465461, 'ax': -0.91, 'ay': -0.16, 'az': -0.03, 'gx': 0.76, 'gy': 8.58, 'gz': -0.05}, {'t_us': 935467428, 'ax': -0.91, 'ay': -0.16, 'az': -0.03, 'gx': 1.02, 'gy': 9.08, 'gz': -0.29}, {'t_us': 935469367, 'ax': -0.91, 'ay': -0.16, 'az': -0.03, 'gx': 1.21, 'gy': 9.73, 'gz': -0.44}]",2026-02-13 10:15:38,0.0
"[{'t_us': 935559528, 'ax': -0.99, 'ay': -0.01, 'az': -0.04, 'gx': -11.62, 'gy': 11.62, 'gz': 5.4}, {'t_us': 935561636, 'ax': -0.99, 'ay': -0.01, 'az': -0.04, 'gx': -12.4, 'gy': 11.02, 'gz': 5.59}, {'t_us': 935563585, 'ax': -0.99, 'ay': -0.03, 'az': -0.04, 'gx': -12.4, 'gy': 11.02, 'gz': 5.59}, {'t_us': 935565522, 'ax': -1.0, 'ay': -0.03, 'az': -0.04, 'gx': -12.85, 'gy': 10.46, 'gz': 5.56}, {'t_us': 935567458, 'ax': -1.0, 'ay': -0.04, 'az': -0.04, 'gx': -13.44, 'gy': 9.77, 'gz': 5.69}]",2026-02-13 10:15:38,0.0
"[{'t_us': 935661283, 'ax': -0.91, 'ay': -0.12, 'az': 0.05, 'gx': -16.89, 'gy': -1.69, 'gz': 8.15}, {'t_us': 935663353, 'ax': -0.91, 'ay': -0.12, 'az': 0.05, 'gx': -16.89, 'gy': -1.69, 'gz': 8.15}, {'t_us': 935665289, 'ax': -0.91, 'ay': -0.12, 'az': 0.06, 'gx': -16.81, 'gy': -1.88, 'gz': 8.06}, {'t_us': 935667225, 'ax': -0.9, 'ay': -0.12, 'az': 0.06, 'gx': -16.9, 'gy': -1.22, 'gz': 8.05}, {'t_us': 935669162, 'ax': -0.9, 'ay': -0.12, 'az': 0.06, 'gx': -16.99, 'gy': -1.08, 'gz': 7.83}]",2026-02-13 10:15:38,0.0
"[{'t_us': 935760013, 'ax': -0.91, 'ay': -0.21, 'az': 0.02, 'gx': -1.56, 'gy': 4.81, 'gz': 2.06}, {'t_us': 935762119, 'ax': -0.91, 'ay': -0.2, 'az': 0.02, 'gx': -1.44, 'gy': 5.19, 'gz': 1.94}, {'t_us': 935764058, 'ax': -0.91, 'ay': -0.2, 'az': 0.02, 'gx': -1.28, 'gy': 5.57, 'gz': 1.91}, {'t_us': 935766001, 'ax': -0.91, 'ay': -0.2, 'az': 0.02, 'gx': -1.18, 'gy': 5.47, 'gz': 2.08}, {'t_us': 935767937, 'ax': -0.9, 'ay': -0.2, 'az': 0.03, 'gx': -1.18, 'gy': 5.47, 'gz': 2.08}]",2026-02-13 10:15:38,0.0
"[{'t_us': 935857993, 'ax': -1.04, 'ay': -0.18, 'az': 0.06, 'gx': -9.37, 'gy': -13.21, 'gz': 9.8}, {'t_us': 935860112, 'ax': -1.04, 'ay': -0.18, 'az': 0.06, 'gx': -9.45, 'gy': -14.06, 'gz': 9.71}, {'t_us': 935862054, 'ax': -1.03, 'ay': -0.19, 'az': 0.05, 'gx': -9.07, 'gy': -14.85, 'gz': 9.33}, {'t_us': 935863993, 'ax': -1.03, 'ay': -0.19, 'az': 0.05, 'gx': -9.04, 'gy': -15.48, 'gz': 9.21}, {'t_us': 935865930, 'ax': -1.02, 'ay': -0.18, 'az': 0.06, 'gx': -8.67, 'gy': -16.18, 'gz': 9.1}]",2026-02-13 10:15:38,0.0
"[{'t_us': 935958333, 'ax': -0.89, 'ay': -0.12, 'az': 0.12, 'gx': -9.21, 'gy': 1.79, 'gz': 3.86}, {'t_us': 935960403, 'ax': -0.9, 'ay': -0.12, 'az': 0.12, 'gx': -9.21, 'gy': 1.79, 'gz': 3.86}, {'t_us': 935962339, 'ax': -0.89, 'ay': -0.12, 'az': 0.11, 'gx': -9.66, 'gy': 2.32, 'gz': 3.94}, {'t_us': 935964280, 'ax': -0.9, 'ay': -0.12, 'az': 0.11, 'gx': -9.92, 'gy': 2.58, 'gz': 3.86}, {'t_us': 935966217, 'ax': -0.9, 'ay': -0.12, 'az': 0.11, 'gx': -10.21, 'gy': 2.66, 'gz': 4.14}]",2026-02-13 10:15:39,0.0
"[{'t_us': 936059097, 'ax': -0.94, 'ay': -0.13, 'az': 0.09, 'gx': -19.34, 'gy': -1.07, 'gz': 3.02}, {'t_us': 936061208, 'ax': -0.94, 'ay': -0.13, 'az': 0.09, 'gx': -19.65, 'gy': -1.01, 'gz': 2.99}, {'t_us': 936063152, 'ax': -0.94, 'ay': -0.13, 'az': 0.08, 'gx': -19.92, 'gy': -1.16, 'gz': 2.85}, {'t_us': 936065107, 'ax': -0.94, 'ay': -0.13, 'az': 0.08, 'gx': -19.92, 'gy': -1.16, 'gz': 2.85}, {'t_us': 936067052, 'ax': -0.93, 'ay': -0.13, 'az': 0.09, 'gx': -20.24, 'gy': -1.16, 'gz': 2.96}]",2026-02-13 10:15:39,0.0
"[{'t_us': 936158874, 'ax': -0.92, 'ay': -0.14, 'az': 0.12, 'gx': -26.84, 'gy': 3.65, 'gz': 6.87}, {'t_us': 936160976, 'ax': -0.92, 'ay': -0.14, 'az': 0.12, 'gx': -27.08, 'gy': 3.62, 'gz': 6.82}, {'t_us': 936162917, 'ax': -0.92, 'ay': -0.15, 'az': 0.12, 'gx': -27.18, 'gy': 3.59, 'gz': 6.69}, {'t_us': 936164854, 'ax': -0.92, 'ay': -0.15, 'az': 0.12, 'gx': -27.18, 'gy': 3.59, 'gz': 6.69}, {'t_us': 936166792, 'ax': -0.92, 'ay': -0.14, 'az': 0.11, 'gx': -27.31, 'gy': 3.63, 'gz': 6.55}]",2026-02-13 10:15:39,0.0
"[{'t_us': 936261310, 'ax': -0.92, 'ay': -0.18, 'az': 0.05, 'gx': -29.86, 'gy': 2.44, 'gz': 10.96}, {'t_us': 936263436, 'ax': -0.92, 'ay': -0.18, 'az': 0.05, 'gx': -29.98, 'gy': 2.52, 'gz': 11.39}, {'t_us': 936265374, 'ax': -0.92, 'ay': -0.17, 'az': 0.05, 'gx': -30.21, 'gy': 2.75, 'gz': 11.66}, {'t_us': 936267310, 'ax': -0.93, 'ay': -0.18, 'az': 0.04, 'gx': -30.21, 'gy': 2.75, 'gz': 11.66}, {'t_us': 936269246, 'ax': -0.92, 'ay': -0.17, 'az': 0.04, 'gx': -30.12, 'gy': 2.46, 'gz': 11.68}]",2026-02-13 10:15:39,0.0
"[{'t_us': 936359989, 'ax': -0.95, 'ay': -0.2, 'az': -0.02, 'gx': -21.31, 'gy': 5.91, 'gz': 12.92}, {'t_us': 936362081, 'ax': -0.95, 'ay': -0.2, 'az': -0.02, 'gx': -21.31, 'gy': 5.91, 'gz': 12.92}, {'t_us': 936364025, 'ax': -0.95, 'ay': -0.2, 'az': -0.03, 'gx': -20.93, 'gy': 5.82, 'gz': 12.93}, {'t_us': 936365962, 'ax': -0.95, 'ay': -0.2, 'az': -0.04, 'gx': -20.52, 'gy': 6.02, 'gz': 12.69}, {'t_us': 936367914, 'ax': -0.95, 'ay': -0.2, 'az': -0.04, 'gx': -20.05, 'gy': 5.91, 'gz': 12.58}]",2026-02-13 10:15:39,0.0
"[{'t_us': 936458869, 'ax': -1.01, 'ay': -0.12, 'az': -0.05, 'gx': -13.01, 'gy': 18.05, 'gz': 8.47}, {'t_us': 936460990, 'ax': -1.02, 'ay': -0.12, 'az': -0.05, 'gx': -12.81, 'gy': 19.01, 'gz': 7.66}, {'t_us': 936462928, 'ax': -1.02, 'ay': -0.12, 'az': -0.05, 'gx': -12.32, 'gy': 20.0, 'gz': 6.87}, {'t_us': 936464864, 'ax': -1.04, 'ay': -0.11, 'az': -0.06, 'gx': -12.05, 'gy': 20.84, 'gz': 6.17}, {'t_us': 936466786, 'ax': -1.05, 'ay': -0.12, 'az': -0.07, 'gx': -12.05, 'gy': 20.84, 'gz': 6.17}]",2026-02-13 10:15:39,0.0
"[{'t_us': 936558008, 'ax': -0.84, 'ay': -0.16, 'az': -0.05, 'gx': 13.34, 'gy': 19.07, 'gz': -7.45}, {'t_us': 936560107, 'ax': -0.85, 'ay': -0.13, 'az': -0.06, 'gx': 13.79, 'gy': 18.9, 'gz': -7.25}, {'t_us': 936562077, 'ax': -0.85, 'ay': -0.14, 'az': -0.05, 'gx': 13.79, 'gy': 18.9, 'gz': -7.25}, {'t_us': 936564033, 'ax': -0.86, 'ay': -0.13, 'az': -0.05, 'gx': 13.89, 'gy': 18.82, 'gz': -6.75}, {'t_us': 936565974, 'ax': -0.86, 'ay': -0.12, 'az': -0.04, 'gx': 14.05, 'gy': 18.84, 'gz': -6.61}]",2026-02-13 10:15:39,0.0
"[{'t_us': 936658891, 'ax': -0.89, 'ay': -0.05, 'az': 0.02, 'gx': 12.26, 'gy': 12.02, 'gz': -4.43}, {'t_us': 936661001, 'ax': -0.88, 'ay': -0.05, 'az': 0.02, 'gx': 12.37, 'gy': 12.37, 'gz': -4.02}, {'t_us': 936662939, 'ax': -0.88, 'ay': -0.05, 'az': 0.02, 'gx': 12.5, 'gy': 12.92, 'gz': -3.65}, {'t_us': 936664859, 'ax': -0.88, 'ay': -0.05, 'az': 0.02, 'gx': 12.69, 'gy': 12.64, 'gz': -3.15}, {'t_us': 936666790, 'ax': -0.87, 'ay': -0.05, 'az': 0.03, 'gx': 12.69, 'gy': 12.64, 'gz': -3.15}]",2026-02-13 10:15:39,0.0
"[{'t_us': 936758472, 'ax': -1.0, 'ay': 0.02, 'az': 0.05, 'gx': 1.39, 'gy': 3.45, 'gz': -0.27}, {'t_us': 936760580, 'ax': -0.99, 'ay': 0.01, 'az': 0.05, 'gx': 1.3, 'gy': 3.18, 'gz': 0.08}, {'t_us': 936762532, 'ax': -0.99, 'ay': 0.01, 'az': 0.05, 'gx': 1.48, 'gy': 2.93, 'gz': -0.02}, {'t_us': 936764471, 'ax': -0.98, 'ay': 0.01, 'az': 0.05, 'gx': 1.63, 'gy': 2.69, 'gz': -0.05}, {'t_us': 936766408, 'ax': -0.97, 'ay': 0.0, 'az': 0.06, 'gx': 1.63, 'gy': 2.69, 'gz': -0.05}]",2026-02-13 10:15:39,0.0
"[{'t_us': 936860916, 'ax': -0.92, 'ay': 0.0, 'az': 0.08, 'gx': 2.84, 'gy': 1.28, 'gz': 3.48}, {'t_us': 936863033, 'ax': -0.92, 'ay': 0.01, 'az': 0.08, 'gx': 2.64, 'gy': 1.76, 'gz': 4.08}, {'t_us': 936864974, 'ax': -0.92, 'ay': 0.01, 'az': 0.08, 'gx': 2.09, 'gy': 2.09, 'gz': 4.2}, {'t_us': 936866944, 'ax': -0.92, 'ay': 0.01, 'az': 0.09, 'gx': 2.14, 'gy': 2.43, 'gz': 4.55}, {'t_us': 936868895, 'ax': -0.92, 'ay': 0.02, 'az': 0.08, 'gx': 2.14, 'gy': 2.43, 'gz': 4.55}]",2026-02-13 10:15:39,0.0
"[{'t_us': 936959884, 'ax': -0.95, 'ay': -0.02, 'az': 0.07, 'gx': -0.18, 'gy': 4.5, 'gz': -3.19}, {'t_us': 936961995, 'ax': -0.96, 'ay': -0.02, 'az': 0.06, 'gx': -0.26, 'gy': 4.35, 'gz': -3.39}, {'t_us': 936963932, 'ax': -0.97, 'ay': -0.02, 'az': 0.08, 'gx': -0.26, 'gy': 4.35, 'gz': -3.39}, {'t_us': 936965868, 'ax': -0.96, 'ay': -0.01, 'az': 0.07, 'gx': -0.23, 'gy': 4.14, 'gz': -3.74}, {'t_us': 936967841, 'ax': -0.96, 'ay': -0.01, 'az': 0.06, 'gx': -0.2, 'gy': 3.92, 'gz': -4.12}]",2026-02-13 10:15:40,0.0
"[{'t_us': 937060502, 'ax': -0.93, 'ay': -0.05, 'az': 0.05, 'gx': -4.46, 'gy': -5.3, 'gz': -7.16}, {'t_us': 937062617, 'ax': -0.93, 'ay': -0.04, 'az': 0.04, 'gx': -4.17, 'gy': -5.39, 'gz': -7.34}, {'t_us': 937064555, 'ax': -0.93, 'ay': -0.04, 'az': 0.04, 'gx': -4.29, 'gy': -5.47, 'gz': -7.39}, {'t_us': 937066491, 'ax': -0.93, 'ay': -0.04, 'az': 0.05, 'gx': -4.29, 'gy': -5.47, 'gz': -7.39}, {'t_us': 937068427, 'ax': -0.92, 'ay': -0.05, 'az': 0.05, 'gx': -4.11, 'gy': -5.62, 'gz': -7.8}]",2026-02-13 10:15:40,0.0
"[{'t_us': 937158699, 'ax': -0.98, 'ay': -0.09, 'az': -0.05, 'gx': -11.82, 'gy': -4.29, 'gz': 9.07}, {'t_us': 937160807, 'ax': -0.98, 'ay': -0.09, 'az': -0.05, 'gx': -11.82, 'gy': -4.29, 'gz': 9.07}, {'t_us': 937162782, 'ax': -0.97, 'ay': -0.08, 'az': -0.05, 'gx': -12.38, 'gy': -4.12, 'gz': 9.37}, {'t_us': 937164709, 'ax': -0.97, 'ay': -0.08, 'az': -0.05, 'gx': -12.93, 'gy': -4.06, 'gz': 10.14}, {'t_us': 937166654, 'ax': -0.97, 'ay': -0.07, 'az': -0.06, 'gx': -13.51, 'gy': -4.06, 'gz': 10.38}]",2026-02-13 10:15:40,0.0
"[{'t_us': 937258540, 'ax': -0.9, 'ay': -0.1, 'az': 0.05, 'gx': -17.65, 'gy': -0.46, 'gz': -5.91}, {'t_us': 937260652, 'ax': -0.91, 'ay': -0.1, 'az': 0.05, 'gx': -17.65, 'gy': -0.46, 'gz': -5.91}, {'t_us': 937262608, 'ax': -0.92, 'ay': -0.1, 'az': 0.04, 'gx': -17.5, 'gy': -0.24, 'gz': -6.18}, {'t_us': 937264544, 'ax': -0.92, 'ay': -0.1, 'az': 0.04, 'gx': -17.25, 'gy': -0.23, 'gz': -6.31}, {'t_us': 937266481, 'ax': -0.92, 'ay': -0.12, 'az': 0.04, 'gx': -16.93, 'gy': -0.14, 'gz': -6.47}]",2026-02-13 10:15:40,0.0
"[{'t_us': 937361201, 'ax': -0.94, 'ay': -0.09, 'az': 0.01, 'gx': -20.52, 'gy': 6.87, 'gz': -3.48}, {'t_us': 937363320, 'ax': -0.94, 'ay': -0.09, 'az': 0.01, 'gx': -20.52, 'gy': 6.87, 'gz': -3.48}, {'t_us': 937365257, 'ax': -0.94, 'ay': -0.09, 'az': 0.01, 'gx': -20.76, 'gy': 7.25, 'gz': -3.27}, {'t_us': 937367198, 'ax': -0.94, 'ay': -0.08, 'az': 0.02, 'gx': -21.11, 'gy': 7.79, 'gz': -3.1}, {'t_us': 937369135, 'ax': -0.94, 'ay': -0.08, 'az': 0.02, 'gx': -21.65, 'gy': 8.02, 'gz': -2.7}]",2026-02-13 10:15:40,0.0
"[{'t_us': 937457980, 'ax': -0.96, 'ay': -0.14, 'az': -0.0, 'gx': -20.56, 'gy': 0.11, 'gz': 0.08}, {'t_us': 937460081, 'ax': -0.95, 'ay': -0.14, 'az': -0.0, 'gx': -20.23, 'gy': -0.14, 'gz': 0.09}, {'t_us': 937462025, 'ax': -0.94, 'ay': -0.14, 'az': 0.01, 'gx': -20.14, 'gy': -0.4, 'gz': 0.2}, {'t_us': 937463962, 'ax': -0.94, 'ay': -0.14, 'az': 0.01, 'gx': -20.05, 'gy': -0.6, 'gz': 0.2}, {'t_us': 937465900, 'ax': -0.94, 'ay': -0.14, 'az': 0.02, 'gx': -20.05, 'gy': -0.6, 'gz': 0.2}]",2026-02-13 10:15:40,0.0
"[{'t_us': 937560513, 'ax': -0.95, 'ay': -0.11, 'az': 0.02, 'gx': -13.83, 'gy': 5.24, 'gz': -0.81}, {'t_us': 937562625, 'ax': -0.94, 'ay': -0.11, 'az': 0.0, 'gx': -14.09, 'gy': 4.96, 'gz': -0.81}, {'t_us': 937564571, 'ax': -0.95, 'ay': -0.11, 'az': 0.01, 'gx': -13.85, 'gy': 5.18, 'gz': -0.9}, {'t_us': 937566507, 'ax': -0.95, 'ay': -0.11, 'az': 0.01, 'gx': -13.86, 'gy': 4.89, 'gz': -0.69}, {'t_us': 937568443, 'ax': -0.95, 'ay': -0.11, 'az': -0.0, 'gx': -13.77, 'gy': 5.04, 'gz': -0.78}]",2026-02-13 10:15:40,0.0
"[{'t_us': 937660530, 'ax': -0.94, 'ay': -0.12, 'az': 0.01, 'gx': -9.02, 'gy': 3.91, 'gz': -0.85}, {'t_us': 937662688, 'ax': -0.94, 'ay': -0.11, 'az': 0.0, 'gx': -9.02, 'gy': 3.91, 'gz': -0.85}, {'t_us': 937667777, 'ax': -0.94, 'ay': -0.11, 'az': 0.01, 'gx': -8.78, 'gy': 4.09, 'gz': -0.99}, {'t_us': 937669826, 'ax': -0.94, 'ay': -0.11, 'az': 0.0, 'gx': -8.66, 'gy': 3.77, 'gz': -1.07}, {'t_us': 937671770, 'ax': -0.93, 'ay': -0.11, 'az': 0.01, 'gx': -8.58, 'gy': 3.94, 'gz': -1.05}]",2026-02-13 10:15:40,0.0
"[{'t_us': 937760499, 'ax': -0.95, 'ay': -0.12, 'az': 0.0, 'gx': -3.11, 'gy': 4.24, 'gz': -1.85}, {'t_us': 937762623, 'ax': -0.95, 'ay': -0.12, 'az': 0.01, 'gx': -3.11, 'gy': 4.24, 'gz': -1.85}, {'t_us': 937764567, 'ax': -0.95, 'ay': -0.12, 'az': 0.0, 'gx': -3.15, 'gy': 4.03, 'gz': -1.76}, {'t_us': 937766504, 'ax': -0.94, 'ay': -0.12, 'az': 0.01, 'gx': -3.25, 'gy': 3.88, 'gz': -1.77}, {'t_us': 937768440, 'ax': -0.94, 'ay': -0.12, 'az': 0.01, 'gx': -2.96, 'gy': 3.95, 'gz': -1.8}]",2026-02-13 10:15:40,0.0
"[{'t_us': 937859744, 'ax': -0.94, 'ay': -0.11, 'az': 0.01, 'gx': -0.76, 'gy': 4.35, 'gz': -1.71}, {'t_us': 937861852, 'ax': -0.95, 'ay': -0.11, 'az': 0.0, 'gx': -0.67, 'gy': 4.34, 'gz': -1.83}, {'t_us': 937863790, 'ax': -0.94, 'ay': -0.11, 'az': 0.02, 'gx': -0.67, 'gy': 4.44, 'gz': -1.8}, {'t_us': 937865735, 'ax': -0.94, 'ay': -0.11, 'az': 0.02, 'gx': -0.93, 'gy': 4.29, 'gz': -1.98}, {'t_us': 937867683, 'ax': -0.94, 'ay': -0.11, 'az': 0.02, 'gx': -0.93, 'gy': 4.29, 'gz': -1.98}]",2026-02-13 10:15:40,0.0
"[{'t_us': 937960258, 'ax': -0.94, 'ay': -0.1, 'az': 0.01, 'gx': -0.6, 'gy': 4.34, 'gz': -1.95}, {'t_us': 937962378, 'ax': -0.95, 'ay': -0.1, 'az': 0.01, 'gx': -0.6, 'gy': 4.34, 'gz': -1.95}, {'t_us': 937964317, 'ax': -0.94, 'ay': -0.1, 'az': 0.01, 'gx': -0.56, 'gy': 4.11, 'gz': -2.06}, {'t_us': 937966253, 'ax': -0.95, 'ay': -0.1, 'az': -0.0, 'gx': -0.58, 'gy': 4.34, 'gz': -2.06}, {'t_us': 937968189, 'ax': -0.95, 'ay': -0.1, 'az': -0.0, 'gx': -0.5, 'gy': 4.24, 'gz': -2.15}]",2026-02-13 10:15:41,0.0
"[{'t_us': 938060998, 'ax': -0.94, 'ay': -0.1, 'az': 0.02, 'gx': -2.44, 'gy': 4.06, 'gz': -1.79}, {'t_us': 938063114, 'ax': -0.94, 'ay': -0.1, 'az': 0.02, 'gx': -2.26, 'gy': 4.17, 'gz': -1.73}, {'t_us': 938065078, 'ax': -0.93, 'ay': -0.1, 'az': 0.01, 'gx': -2.55, 'gy': 4.18, 'gz': -1.76}, {'t_us': 938067033, 'ax': -0.94, 'ay': -0.11, 'az': 0.01, 'gx': -2.55, 'gy': 4.18, 'gz': -1.76}, {'t_us': 938068974, 'ax': -0.94, 'ay': -0.11, 'az': 0.01, 'gx': -2.55, 'gy': 4.41, 'gz': -1.91}]",2026-02-13 10:15:41,0.0
"[{'t_us': 938159856, 'ax': -0.95, 'ay': -0.1, 'az': 0.02, 'gx': -5.22, 'gy': 5.59, 'gz': -0.96}, {'t_us': 938161963, 'ax': -0.95, 'ay': -0.1, 'az': 0.02, 'gx': -5.22, 'gy': 5.59, 'gz': -0.96}, {'t_us': 938163900, 'ax': -0.95, 'ay': -0.1, 'az': 0.03, 'gx': -5.34, 'gy': 5.63, 'gz': -0.84}, {'t_us': 938165836, 'ax': -0.95, 'ay': -0.1, 'az': 0.02, 'gx': -5.51, 'gy': 5.8, 'gz': -0.9}, {'t_us': 938167779, 'ax': -0.95, 'ay': -0.1, 'az': 0.02, 'gx': -5.62, 'gy': 5.8, 'gz': -0.84}]",2026-02-13 10:15:41,0.0
"[{'t_us': 938260778, 'ax': -0.95, 'ay': -0.08, 'az': 0.02, 'gx': -11.77, 'gy': 5.51, 'gz': 1.27}, {'t_us': 938262885, 'ax': -0.95, 'ay': -0.08, 'az': 0.02, 'gx': -11.94, 'gy': 5.31, 'gz': 1.47}, {'t_us': 938264820, 'ax': -0.95, 'ay': -0.08, 'az': 0.03, 'gx': -12.17, 'gy': 5.16, 'gz': 1.34}, {'t_us': 938266764, 'ax': -0.96, 'ay': -0.08, 'az': 0.03, 'gx': -12.17, 'gy': 5.16, 'gz': 1.34}, {'t_us': 938268710, 'ax': -0.95, 'ay': -0.07, 'az': 0.02, 'gx': -12.49, 'gy': 4.96, 'gz': 1.24}]",2026-02-13 10:15:41,0.0
"[{'t_us': 938359543, 'ax': -0.94, 'ay': -0.05, 'az': 0.03, 'gx': -24.75, 'gy': 4.66, 'gz': 2.89}, {'t_us': 938361673, 'ax': -0.94, 'ay': -0.06, 'az': 0.03, 'gx': -24.75, 'gy': 4.66, 'gz': 2.89}, {'t_us': 938363609, 'ax': -0.94, 'ay': -0.06, 'az': 0.03, 'gx': -24.99, 'gy': 4.31, 'gz': 3.08}, {'t_us': 938365546, 'ax': -0.94, 'ay': -0.06, 'az': 0.03, 'gx': -25.44, 'gy': 4.5, 'gz': 3.3}, {'t_us': 938367482, 'ax': -0.94, 'ay': -0.06, 'az': 0.03, 'gx': -25.8, 'gy': 4.55, 'gz': 3.15}]",2026-02-13 10:15:41,0.0
"[{'t_us': 938458687, 'ax': -0.94, 'ay': -0.07, 'az': 0.01, 'gx': -35.11, 'gy': 2.96, 'gz': 3.53}, {'t_us': 938460798, 'ax': -0.94, 'ay': -0.08, 'az': 0.02, 'gx': -35.21, 'gy': 2.89, 'gz': 3.62}, {'t_us': 938462744, 'ax': -0.94, 'ay': -0.08, 'az': 0.02, 'gx': -35.68, 'gy': 3.02, 'gz': 3.48}, {'t_us': 938464705, 'ax': -0.94, 'ay': -0.07, 'az': 0.02, 'gx': -35.65, 'gy': 3.18, 'gz': 3.53}, {'t_us': 938466649, 'ax': -0.94, 'ay': -0.08, 'az': 0.0, 'gx': -35.65, 'gy': 3.18, 'gz': 3.53}]",2026-02-13 10:15:41,0.0
"[{'t_us': 938560149, 'ax': -0.96, 'ay': -0.09, 'az': -0.02, 'gx': -41.86, 'gy': 4.38, 'gz': 3.8}, {'t_us': 938562254, 'ax': -0.96, 'ay': -0.09, 'az': -0.02, 'gx': -41.88, 'gy': 4.49, 'gz': 3.62}, {'t_us': 938564191, 'ax': -0.95, 'ay': -0.09, 'az': -0.02, 'gx': -41.88, 'gy': 4.49, 'gz': 3.62}, {'t_us': 938566128, 'ax': -0.95, 'ay': -0.09, 'az': -0.02, 'gx': -42.0, 'gy': 4.23, 'gz': 3.69}, {'t_us': 938568065, 'ax': -0.95, 'ay': -0.09, 'az': -0.03, 'gx': -42.11, 'gy': 3.98, 'gz': 3.82}]",2026-02-13 10:15:41,0.0
"[{'t_us': 938660903, 'ax': -0.92, 'ay': -0.09, 'az': -0.03, 'gx': -41.8, 'gy': 3.42, 'gz': 5.97}, {'t_us': 938663014, 'ax': -0.92, 'ay': -0.09, 'az': -0.03, 'gx': -41.77, 'gy': 3.18, 'gz': 5.92}, {'t_us': 938664952, 'ax': -0.92, 'ay': -0.09, 'az': -0.03, 'gx': -41.59, 'gy': 3.25, 'gz': 5.73}, {'t_us': 938666890, 'ax': -0.92, 'ay': -0.1, 'az': -0.03, 'gx': -41.48, 'gy': 2.93, 'gz': 5.83}, {'t_us': 938668827, 'ax': -0.93, 'ay': -0.1, 'az': -0.03, 'gx': -41.48, 'gy': 2.93, 'gz': 5.83}]",2026-02-13 10:15:41,0.0
"[{'t_us': 938758108, 'ax': -0.94, 'ay': -0.14, 'az': -0.08, 'gx': -30.82, 'gy': 8.15, 'gz': 3.24}, {'t_us': 938760216, 'ax': -0.94, 'ay': -0.14, 'az': -0.09, 'gx': -30.34, 'gy': 8.43, 'gz': 3.24}, {'t_us': 938762153, 'ax': -0.94, 'ay': -0.14, 'az': -0.09, 'gx': -29.97, 'gy': 8.46, 'gz': 3.1}, {'t_us': 938764094, 'ax': -0.95, 'ay': -0.14, 'az': -0.09, 'gx': -29.39, 'gy': 8.79, 'gz': 3.27}, {'t_us': 938766041, 'ax': -0.95, 'ay': -0.14, 'az': -0.1, 'gx': -29.39, 'gy': 8.79, 'gz': 3.27}]",2026-02-13 10:15:41,0.0
"[{'t_us': 938860664, 'ax': -1.0, 'ay': -0.2, 'az': -0.02, 'gx': -21.39, 'gy': 1.45, 'gz': -0.35}, {'t_us': 938862794, 'ax': -1.0, 'ay': -0.19, 'az': -0.01, 'gx': -21.21, 'gy': 1.08, 'gz': -0.75}, {'t_us': 938864774, 'ax': -1.0, 'ay': -0.19, 'az': -0.01, 'gx': -21.18, 'gy': 0.67, 'gz': -0.66}, {'t_us': 938866733, 'ax': -1.01, 'ay': -0.19, 'az': -0.02, 'gx': -20.85, 'gy': 0.12, 'gz': -0.64}, {'t_us': 938868683, 'ax': -1.01, 'ay': -0.19, 'az': -0.02, 'gx': -20.85, 'gy': 0.12, 'gz': -0.64}]",2026-02-13 10:15:41,0.0
"[{'t_us': 938959949, 'ax': -0.9, 'ay': -0.19, 'az': 0.0, 'gx': -13.51, 'gy': 5.1, 'gz': -4.93}, {'t_us': 938962055, 'ax': -0.9, 'ay': -0.19, 'az': 0.0, 'gx': -13.13, 'gy': 5.36, 'gz': -4.78}, {'t_us': 938964014, 'ax': -0.89, 'ay': -0.19, 'az': -0.01, 'gx': -12.92, 'gy': 5.77, 'gz': -4.76}, {'t_us': 938965951, 'ax': -0.89, 'ay': -0.19, 'az': -0.01, 'gx': -12.92, 'gy': 5.77, 'gz': -4.76}, {'t_us': 938967888, 'ax': -0.89, 'ay': -0.19, 'az': -0.0, 'gx': -12.58, 'gy': 6.0, 'gz': -4.52}]",2026-02-13 10:15:42,0.0
"[{'t_us': 939061324, 'ax': -0.91, 'ay': -0.19, 'az': 0.01, 'gx': -9.28, 'gy': 7.5, 'gz': -2.53}, {'t_us': 939063397, 'ax': -0.92, 'ay': -0.21, 'az': 0.0, 'gx': -9.28, 'gy': 7.5, 'gz': -2.53}, {'t_us': 939065335, 'ax': -0.91, 'ay': -0.2, 'az': 0.01, 'gx': -9.36, 'gy': 7.36, 'gz': -2.17}, {'t_us': 939067273, 'ax': -0.92, 'ay': -0.2, 'az': 0.02, 'gx': -9.33, 'gy': 7.21, 'gz': -1.98}, {'t_us': 939069209, 'ax': -0.92, 'ay': -0.2, 'az': 0.02, 'gx': -9.53, 'gy': 7.13, 'gz': -1.92}]",2026-02-13 10:15:42,0.0
"[{'t_us': 939161046, 'ax': -0.97, 'ay': -0.21, 'az': 0.03, 'gx': -13.3, 'gy': 1.27, 'gz': -1.95}, {'t_us': 939163172, 'ax': -0.97, 'ay': -0.21, 'az': 0.05, 'gx': -13.3, 'gy': 1.27, 'gz': -1.95}, {'t_us': 939168242, 'ax': -0.98, 'ay': -0.21, 'az': 0.04, 'gx': -13.16, 'gy': 0.26, 'gz': -2.32}, {'t_us': 939170239, 'ax': -0.97, 'ay': -0.21, 'az': 0.04, 'gx': -13.34, 'gy': -0.06, 'gz': -2.41}, {'t_us': 939172178, 'ax': -0.97, 'ay': -0.22, 'az': 0.05, 'gx': -13.53, 'gy': -0.63, 'gz': -2.41}]",2026-02-13 10:15:42,0.0
"[{'t_us': 939263086, 'ax': -0.96, 'ay': -0.22, 'az': 0.07, 'gx': -19.44, 'gy': -5.68, 'gz': 0.12}, {'t_us': 939265198, 'ax': -0.97, 'ay': -0.21, 'az': 0.06, 'gx': -19.86, 'gy': -4.96, 'gz': 0.35}, {'t_us': 939267135, 'ax': -0.98, 'ay': -0.22, 'az': 0.05, 'gx': -20.38, 'gy': -4.27, 'gz': 0.47}, {'t_us': 939269072, 'ax': -0.98, 'ay': -0.22, 'az': 0.05, 'gx': -20.87, 'gy': -3.02, 'gz': 0.67}, {'t_us': 939271019, 'ax': -1.0, 'ay': -0.21, 'az': 0.04, 'gx': -21.24, 'gy': -1.89, 'gz': 0.85}]",2026-02-13 10:15:42,0.0
"[{'t_us': 939358763, 'ax': -0.84, 'ay': -0.08, 'az': -0.09, 'gx': -15.02, 'gy': -1.6, 'gz': -6.55}, {'t_us': 939360837, 'ax': -0.84, 'ay': -0.08, 'az': -0.09, 'gx': -15.65, 'gy': -0.7, 'gz': -5.39}, {'t_us': 939362802, 'ax': -0.84, 'ay': -0.07, 'az': -0.09, 'gx': -15.65, 'gy': -0.7, 'gz': -5.39}, {'t_us': 939364742, 'ax': -0.83, 'ay': -0.08, 'az': -0.1, 'gx': -16.38, 'gy': 0.31, 'gz': -4.34}, {'t_us': 939366709, 'ax': -0.83, 'ay': -0.07, 'az': -0.09, 'gx': -17.31, 'gy': 1.05, 'gz': -3.33}]",2026-02-13 10:15:42,0.0
"[{'t_us': 939459690, 'ax': -0.9, 'ay': 0.06, 'az': -0.13, 'gx': -30.34, 'gy': 8.84, 'gz': 8.9}, {'t_us': 939473331, 'ax': -0.92, 'ay': 0.04, 'az': -0.11, 'gx': -26.55, 'gy': 8.24, 'gz': 7.15}, {'t_us': 939493333, 'ax': -0.99, 'ay': 0.01, 'az': -0.06, 'gx': -21.62, 'gy': 8.55, 'gz': 5.83}, {'t_us': 939513293, 'ax': -1.01, 'ay': -0.03, 'az': -0.02, 'gx': -22.0, 'gy': 9.1, 'gz': 6.96}, {'t_us': 939533270, 'ax': -1.02, 'ay': -0.01, 'az': -0.01, 'gx': -27.86, 'gy': 10.72, 'gz': 10.56}]",2026-02-13 10:15:42,0.0
"[{'t_us': 939560503, 'ax': -0.98, 'ay': 0.05, 'az': -0.03, 'gx': -35.59, 'gy': 8.0, 'gz': 15.79}, {'t_us': 939573306, 'ax': -0.95, 'ay': 0.05, 'az': -0.02, 'gx': -38.43, 'gy': 7.98, 'gz': 17.24}, {'t_us': 939593317, 'ax': -0.9, 'ay': 0.04, 'az': -0.03, 'gx': -42.18, 'gy': 11.33, 'gz': 16.06}, {'t_us': 939613338, 'ax': -0.89, 'ay': 0.01, 'az': -0.02, 'gx': -43.4, 'gy': 15.51, 'gz': 14.81}, {'t_us': 939633333, 'ax': -0.92, 'ay': -0.01, 'az': -0.04, 'gx': -44.05, 'gy': 18.63, 'gz': 13.89}]",2026-02-13 10:15:42,0.0
"[{'t_us': 939659637, 'ax': -0.94, 'ay': -0.02, 'az': -0.08, 'gx': -41.63, 'gy': 20.15, 'gz': 14.82}, {'t_us': 939673307, 'ax': -0.93, 'ay': -0.02, 'az': -0.07, 'gx': -39.25, 'gy': 21.68, 'gz': 16.0}, {'t_us': 939693322, 'ax': -0.95, 'ay': -0.02, 'az': -0.08, 'gx': -35.77, 'gy': 20.11, 'gz': 16.84}, {'t_us': 939713293, 'ax': -1.0, 'ay': 0.0, 'az': -0.06, 'gx': -29.47, 'gy': 13.5, 'gz': 20.2}, {'t_us': 939733317, 'ax': -0.94, 'ay': 0.01, 'az': -0.08, 'gx': -25.63, 'gy': 11.68, 'gz': 17.3}]",2026-02-13 10:15:42,0.0
"[{'t_us': 939757949, 'ax': -0.89, 'ay': 0.02, 'az': -0.07, 'gx': -24.81, 'gy': 13.22, 'gz': 10.95}, {'t_us': 939773326, 'ax': -0.86, 'ay': 0.04, 'az': -0.08, 'gx': -24.9, 'gy': 15.54, 'gz': 8.08}, {'t_us': 939793317, 'ax': -0.89, 'ay': 0.06, 'az': -0.03, 'gx': -24.82, 'gy': 18.92, 'gz': 4.75}, {'t_us': 939813321, 'ax': -0.94, 'ay': 0.05, 'az': -0.02, 'gx': -24.84, 'gy': 17.59, 'gz': 3.3}, {'t_us': 939833274, 'ax': -1.01, 'ay': 0.0, 'az': -0.0, 'gx': -24.4, 'gy': 11.18, 'gz': 3.68}]",2026-02-13 10:15:42,0.0
"[{'t_us': 939859274, 'ax': -1.04, 'ay': -0.06, 'az': 0.03, 'gx': -20.7, 'gy': 0.67, 'gz': -0.99}, {'t_us': 939873270, 'ax': -1.04, 'ay': -0.08, 'az': 0.04, 'gx': -16.26, 'gy': -2.69, 'gz': -4.08}, {'t_us': 939893274, 'ax': -1.02, 'ay': -0.08, 'az': 0.07, 'gx': -10.75, 'gy': -8.26, 'gz': -7.65}, {'t_us': 939913274, 'ax': -0.96, 'ay': -0.02, 'az': 0.11, 'gx': -6.85, 'gy': -13.31, 'gz': -13.6}, {'t_us': 939933301, 'ax': -0.89, 'ay': 0.06, 'az': 0.1, 'gx': -7.27, 'gy': -14.61, 'gz': -13.51}]",2026-02-13 10:15:42,0.0
"[{'t_us': 939957587, 'ax': -0.82, 'ay': 0.13, 'az': 0.04, 'gx': -11.15, 'gy': -11.62, 'gz': -12.79}, {'t_us': 939978003, 'ax': -0.86, 'ay': 0.14, 'az': -0.1, 'gx': -17.4, 'gy': -0.2, 'gz': -6.95}, {'t_us': 939993280, 'ax': -0.96, 'ay': -0.01, 'az': -0.23, 'gx': -18.89, 'gy': 20.7, 'gz': 2.31}, {'t_us': 940013311, 'ax': -1.29, 'ay': -0.17, 'az': -0.3, 'gx': -16.81, 'gy': 27.8, 'gz': 19.37}, {'t_us': 940033311, 'ax': -1.31, 'ay': -0.17, 'az': -0.33, 'gx': -17.36, 'gy': -12.49, 'gz': 20.53}]",2026-02-13 10:15:43,0.0
"[{'t_us': 940059356, 'ax': -1.05, 'ay': -0.18, 'az': -0.42, 'gx': 3.4, 'gy': -19.88, 'gz': 7.66}, {'t_us': 940073326, 'ax': -0.95, 'ay': -0.19, 'az': -0.41, 'gx': 21.62, 'gy': -8.35, 'gz': -1.63}, {'t_us': 940093306, 'ax': -0.84, 'ay': -0.2, 'az': -0.27, 'gx': 39.15, 'gy': -1.76, 'gz': -10.73}, {'t_us': 940113333, 'ax': -0.82, 'ay': -0.17, 'az': -0.14, 'gx': 43.74, 'gy': 6.21, 'gz': -12.69}, {'t_us': 940133280, 'ax': -0.96, 'ay': -0.09, 'az': -0.1, 'gx': 37.74, 'gy': 8.14, 'gz': -9.25}]",2026-02-13 10:15:43,0.0
"[{'t_us': 940159465, 'ax': -1.06, 'ay': 0.04, 'az': -0.07, 'gx': 21.66, 'gy': -4.61, 'gz': -7.11}, {'t_us': 940173292, 'ax': -1.06, 'ay': 0.06, 'az': -0.06, 'gx': 15.4, 'gy': -9.39, 'gz': -7.79}, {'t_us': 940193311, 'ax': -0.99, 'ay': 0.03, 'az': -0.08, 'gx': 8.47, 'gy': -11.8, 'gz': -10.61}, {'t_us': 940213338, 'ax': -0.9, 'ay': -0.08, 'az': -0.11, 'gx': 6.32, 'gy': -8.5, 'gz': -14.08}, {'t_us': 940233306, 'ax': -0.86, 'ay': -0.15, 'az': -0.09, 'gx': 7.65, 'gy': -6.11, 'gz': -13.59}]",2026-02-13 10:15:43,0.0
"[{'t_us': 940259197, 'ax': -0.88, 'ay': -0.14, 'az': -0.09, 'gx': 8.89, 'gy': 2.93, 'gz': -12.69}, {'t_us': 940274842, 'ax': -0.93, 'ay': -0.1, 'az': -0.08, 'gx': 7.59, 'gy': 4.82, 'gz': -15.13}, {'t_us': 940293270, 'ax': -0.97, 'ay': -0.1, 'az': -0.1, 'gx': 4.92, 'gy': 5.08, 'gz': -16.14}, {'t_us': 940313306, 'ax': -0.97, 'ay': -0.1, 'az': -0.09, 'gx': 2.46, 'gy': 2.18, 'gz': -17.48}, {'t_us': 940333311, 'ax': -0.95, 'ay': -0.13, 'az': -0.08, 'gx': 0.84, 'gy': -3.21, 'gz': -17.24}]",2026-02-13 10:15:43,0.0
"[{'t_us': 940359444, 'ax': -0.9, 'ay': -0.16, 'az': -0.04, 'gx': -0.5, 'gy': -5.74, 'gz': -14.34}, {'t_us': 940373338, 'ax': -0.87, 'ay': -0.18, 'az': -0.03, 'gx': -1.69, 'gy': -4.98, 'gz': -11.15}, {'t_us': 940393338, 'ax': -0.89, 'ay': -0.15, 'az': -0.01, 'gx': -4.24, 'gy': -4.38, 'gz': -7.83}, {'t_us': 940413306, 'ax': -0.91, 'ay': -0.13, 'az': -0.0, 'gx': -8.66, 'gy': -2.38, 'gz': -5.24}, {'t_us': 940433330, 'ax': -0.91, 'ay': -0.12, 'az': -0.0, 'gx': -13.21, 'gy': -1.91, 'gz': -5.82}]",2026-02-13 10:15:43,0.0
"[{'t_us': 940457872, 'ax': -0.89, 'ay': -0.1, 'az': 0.01, 'gx': -18.11, 'gy': 2.11, 'gz': -6.63}, {'t_us': 940473311, 'ax': -0.89, 'ay': -0.11, 'az': 0.03, 'gx': -20.4, 'gy': 3.98, 'gz': -6.76}, {'t_us': 940493317, 'ax': -0.89, 'ay': -0.14, 'az': 0.04, 'gx': -22.61, 'gy': 3.36, 'gz': -5.71}, {'t_us': 940513338, 'ax': -0.88, 'ay': -0.15, 'az': 0.04, 'gx': -25.22, 'gy': 0.27, 'gz': -4.69}, {'t_us': 940533301, 'ax': -0.88, 'ay': -0.18, 'az': 0.04, 'gx': -28.69, 'gy': -2.38, 'gz': -3.33}]",2026-02-13 10:15:43,0.0
"[{'t_us': 940559867, 'ax': -0.9, 'ay': -0.22, 'az': 0.05, 'gx': -30.14, 'gy': -2.78, 'gz': -1.44}, {'t_us': 940574364, 'ax': -0.9, 'ay': -0.23, 'az': 0.06, 'gx': -29.05, 'gy': -5.62, 'gz': 0.0}, {'t_us': 940593333, 'ax': -0.88, 'ay': -0.28, 'az': 0.07, 'gx': -27.44, 'gy': -9.01, 'gz': 2.56}, {'t_us': 940613293, 'ax': -0.88, 'ay': -0.3, 'az': 0.08, 'gx': -25.76, 'gy': -8.99, 'gz': 2.81}, {'t_us': 940633283, 'ax': -0.9, 'ay': -0.26, 'az': 0.08, 'gx': -23.66, 'gy': -5.47, 'gz': 2.37}]",2026-02-13 10:15:43,0.0
"[{'t_us': 940659420, 'ax': -0.95, 'ay': -0.21, 'az': 0.08, 'gx': -21.11, 'gy': -4.06, 'gz': 0.93}, {'t_us': 940673292, 'ax': -1.03, 'ay': -0.16, 'az': 0.03, 'gx': -20.35, 'gy': -4.47, 'gz': 0.4}, {'t_us': 940693301, 'ax': -1.22, 'ay': -0.15, 'az': -0.15, 'gx': -17.92, 'gy': 5.1, 'gz': -3.73}, {'t_us': 940713338, 'ax': -1.4, 'ay': -0.18, 'az': -0.28, 'gx': -16.43, 'gy': 31.66, 'gz': -16.67}, {'t_us': 940733306, 'ax': -1.26, 'ay': -0.23, 'az': -0.16, 'gx': -13.04, 'gy': 9.91, 'gz': -26.05}]",2026-02-13 10:15:43,0.0
"[{'t_us': 940758485, 'ax': -0.89, 'ay': -0.15, 'az': -0.18, 'gx': -14.56, 'gy': -3.05, 'gz': -12.34}, {'t_us': 940773271, 'ax': -0.78, 'ay': -0.06, 'az': -0.17, 'gx': -22.14, 'gy': 5.85, 'gz': -1.91}, {'t_us': 940793292, 'ax': -0.69, 'ay': 0.06, 'az': -0.15, 'gx': -36.89, 'gy': 18.75, 'gz': 14.12}, {'t_us': 940813326, 'ax': -0.72, 'ay': 0.17, 'az': -0.14, 'gx': -46.63, 'gy': 23.08, 'gz': 24.2}, {'t_us': 940833301, 'ax': -0.84, 'ay': 0.18, 'az': -0.15, 'gx': -48.06, 'gy': 22.14, 'gz': 24.12}]",2026-02-13 10:15:43,0.0
"[{'t_us': 940859442, 'ax': -1.13, 'ay': -0.04, 'az': -0.19, 'gx': -39.77, 'gy': 14.72, 'gz': 11.34}, {'t_us': 940874752, 'ax': -1.12, 'ay': -0.18, 'az': -0.23, 'gx': -29.54, 'gy': 4.24, 'gz': 2.43}, {'t_us': 940893317, 'ax': -1.05, 'ay': -0.23, 'az': -0.2, 'gx': -18.4, 'gy': -1.86, 'gz': 1.59}, {'t_us': 940913326, 'ax': -0.93, 'ay': -0.17, 'az': -0.15, 'gx': -12.79, 'gy': 1.89, 'gz': 4.84}, {'t_us': 940933268, 'ax': -0.89, 'ay': -0.06, 'az': -0.07, 'gx': -12.96, 'gy': -1.92, 'gz': 12.75}]",2026-02-13 10:15:43,0.0
"[{'t_us': 940959391, 'ax': -0.89, 'ay': 0.02, 'az': -0.03, 'gx': -17.02, 'gy': -3.18, 'gz': 20.55}, {'t_us': 940973317, 'ax': -0.89, 'ay': 0.03, 'az': -0.04, 'gx': -19.95, 'gy': -1.56, 'gz': 22.69}, {'t_us': 940993307, 'ax': -0.89, 'ay': -0.01, 'az': -0.06, 'gx': -20.31, 'gy': 4.05, 'gz': 21.21}, {'t_us': 941013284, 'ax': -0.9, 'ay': -0.06, 'az': -0.09, 'gx': -17.31, 'gy': 9.3, 'gz': 20.44}, {'t_us': 941033330, 'ax': -0.92, 'ay': -0.06, 'az': -0.09, 'gx': -12.7, 'gy': 10.85, 'gz': 18.21}]",2026-02-13 10:15:44,0.0
"[{'t_us': 941059384, 'ax': -0.94, 'ay': -0.01, 'az': -0.08, 'gx': -6.09, 'gy': 10.89, 'gz': 15.5}, {'t_us': 941073281, 'ax': -0.94, 'ay': -0.0, 'az': -0.05, 'gx': -3.5, 'gy': 11.53, 'gz': 14.0}, {'t_us': 941093280, 'ax': -0.95, 'ay': 0.01, 'az': -0.03, 'gx': -0.34, 'gy': 11.31, 'gz': 11.07}, {'t_us': 941113301, 'ax': -0.97, 'ay': 0.01, 'az': 0.0, 'gx': 2.46, 'gy': 7.01, 'gz': 10.89}, {'t_us': 941133279, 'ax': -0.92, 'ay': 0.01, 'az': -0.02, 'gx': 1.88, 'gy': 8.4, 'gz': 7.8}]",2026-02-13 10:15:44,0.0
"[{'t_us': 941159454, 'ax': -0.88, 'ay': 0.01, 'az': -0.0, 'gx': 1.07, 'gy': 11.82, 'gz': 5.59}, {'t_us': 941174276, 'ax': -0.88, 'ay': 0.01, 'az': -0.01, 'gx': 0.95, 'gy': 13.02, 'gz': 4.82}, {'t_us': 941193311, 'ax': -0.9, 'ay': 0.02, 'az': 0.01, 'gx': 0.4, 'gy': 12.5, 'gz': 3.54}, {'t_us': 941213317, 'ax': -0.95, 'ay': 0.02, 'az': 0.04, 'gx': 0.73, 'gy': 10.14, 'gz': 3.16}, {'t_us': 941233307, 'ax': -0.98, 'ay': 0.06, 'az': 0.05, 'gx': -0.2, 'gy': 3.68, 'gz': 2.81}]",2026-02-13 10:15:44,0.0
"[{'t_us': 941259426, 'ax': -0.95, 'ay': 0.1, 'az': 0.05, 'gx': -1.79, 'gy': -5.69, 'gz': 2.41}, {'t_us': 941273321, 'ax': -0.92, 'ay': 0.09, 'az': 0.05, 'gx': -2.69, 'gy': -10.09, 'gz': 1.65}, {'t_us': 941293301, 'ax': -0.87, 'ay': 0.08, 'az': 0.06, 'gx': -2.73, 'gy': -11.42, 'gz': -0.55}, {'t_us': 941313317, 'ax': -0.85, 'ay': 0.04, 'az': 0.08, 'gx': -1.71, 'gy': -10.72, 'gz': -1.37}, {'t_us': 941333274, 'ax': -0.85, 'ay': -0.01, 'az': 0.09, 'gx': 0.63, 'gy': -7.95, 'gz': 0.99}]",2026-02-13 10:15:44,0.0
"[{'t_us': 941359455, 'ax': -1.09, 'ay': 0.01, 'az': -0.02, 'gx': -1.36, 'gy': -15.07, 'gz': -1.62}, {'t_us': 941373285, 'ax': -1.18, 'ay': 0.02, 'az': -0.13, 'gx': -2.84, 'gy': -9.08, 'gz': -4.29}, {'t_us': 941393293, 'ax': -1.39, 'ay': 0.0, 'az': -0.35, 'gx': -6.44, 'gy': 25.66, 'gz': 4.66}, {'t_us': 941413270, 'ax': -1.46, 'ay': -0.04, 'az': -0.52, 'gx': -1.6, 'gy': 11.8, 'gz': 12.26}, {'t_us': 941433270, 'ax': -1.17, 'ay': -0.11, 'az': -0.36, 'gx': 3.53, 'gy': -26.06, 'gz': 15.28}]",2026-02-13 10:15:44,0.0
"[{'t_us': 941459828, 'ax': -0.69, 'ay': -0.29, 'az': -0.32, 'gx': 14.5, 'gy': -23.18, 'gz': 6.15}, {'t_us': 941473301, 'ax': -0.59, 'ay': -0.33, 'az': -0.29, 'gx': 25.63, 'gy': -11.19, 'gz': -2.7}, {'t_us': 941493311, 'ax': -0.65, 'ay': -0.2, 'az': -0.15, 'gx': 33.31, 'gy': 13.27, 'gz': -11.91}, {'t_us': 941513333, 'ax': -0.92, 'ay': -0.05, 'az': -0.0, 'gx': 24.08, 'gy': 24.84, 'gz': -13.83}, {'t_us': 941533326, 'ax': -1.16, 'ay': 0.04, 'az': -0.01, 'gx': 9.28, 'gy': 14.12, 'gz': -8.63}]",2026-02-13 10:15:44,0.0
"[{'t_us': 941559457, 'ax': -1.23, 'ay': 0.04, 'az': -0.15, 'gx': 0.14, 'gy': -7.95, 'gz': -10.87}, {'t_us': 941573301, 'ax': -1.14, 'ay': -0.02, 'az': -0.16, 'gx': 2.78, 'gy': -17.24, 'gz': -14.27}, {'t_us': 941593311, 'ax': -0.93, 'ay': -0.14, 'az': -0.11, 'gx': 8.58, 'gy': -25.4, 'gz': -18.38}, {'t_us': 941613329, 'ax': -0.78, 'ay': -0.21, 'az': -0.04, 'gx': 11.4, 'gy': -19.74, 'gz': -17.37}, {'t_us': 941633317, 'ax': -0.77, 'ay': -0.2, 'az': -0.0, 'gx': 12.32, 'gy': -7.1, 'gz': -13.73}]",2026-02-13 10:15:44,0.0
"[{'t_us': 941659522, 'ax': -0.89, 'ay': -0.14, 'az': -0.04, 'gx': 11.37, 'gy': 5.74, 'gz': -13.04}, {'t_us': 941673908, 'ax': -0.93, 'ay': -0.13, 'az': -0.07, 'gx': 11.57, 'gy': 6.9, 'gz': -14.93}, {'t_us': 941693274, 'ax': -0.95, 'ay': -0.14, 'az': -0.08, 'gx': 11.97, 'gy': 5.04, 'gz': -17.21}, {'t_us': 941713321, 'ax': -0.9, 'ay': -0.16, 'az': -0.05, 'gx': 12.84, 'gy': 1.8, 'gz': -16.9}, {'t_us': 941733274, 'ax': -0.84, 'ay': -0.18, 'az': -0.03, 'gx': 11.83, 'gy': 1.31, 'gz': -12.7}]",2026-02-13 10:15:44,
"[{'t_us': 941757764, 'ax': -0.84, 'ay': -0.14, 'az': 0.01, 'gx': 8.35, 'gy': 6.14, 'gz': -8.49}, {'t_us': 941773301, 'ax': -0.86, 'ay': -0.12, 'az': 0.01, 'gx': 4.99, 'gy': 7.28, 'gz': -8.03}, {'t_us': 941793330, 'ax': -0.87, 'ay': -0.11, 'az': 0.01, 'gx': -0.09, 'gy': 8.18, 'gz': -8.99}, {'t_us': 941813275, 'ax': -0.88, 'ay': -0.12, 'az': -0.0, 'gx': -3.71, 'gy': 10.14, 'gz': -9.85}, {'t_us': 941833270, 'ax': -0.89, 'ay': -0.16, 'az': 0.01, 'gx': -6.99, 'gy': 8.47, 'gz': -9.6}]",2026-02-13 10:15:44,0.0
"[{'t_us': 941858147, 'ax': -0.89, 'ay': -0.19, 'az': 0.06, 'gx': -11.63, 'gy': 8.03, 'gz': -6.63}, {'t_us': 941873285, 'ax': -0.89, 'ay': -0.2, 'az': 0.07, 'gx': -14.99, 'gy': 7.79, 'gz': -4.37}, {'t_us': 941893293, 'ax': -0.89, 'ay': -0.23, 'az': 0.06, 'gx': -17.04, 'gy': 7.66, 'gz': -2.14}, {'t_us': 941913321, 'ax': -0.92, 'ay': -0.29, 'az': 0.07, 'gx': -14.87, 'gy': 4.29, 'gz': -1.6}, {'t_us': 941933270, 'ax': -0.94, 'ay': -0.33, 'az': 0.04, 'gx': -12.14, 'gy': -0.64, 'gz': -2.4}]",2026-02-13 10:15:44,0.0
"[{'t_us': 941957949, 'ax': -0.96, 'ay': -0.28, 'az': 0.09, 'gx': -9.22, 'gy': -7.89, 'gz': -2.95}, {'t_us': 941973311, 'ax': -0.95, 'ay': -0.27, 'az': 0.09, 'gx': -7.24, 'gy': -11.24, 'gz': -2.56}, {'t_us': 941993317, 'ax': -0.98, 'ay': -0.25, 'az': 0.03, 'gx': -5.4, 'gy': -14.23, 'gz': -0.11}, {'t_us': 942013338, 'ax': -1.1, 'ay': -0.24, 'az': -0.12, 'gx': -5.48, 'gy': -4.82, 'gz': -0.23}, {'t_us': 942033293, 'ax': -1.37, 'ay': -0.18, 'az': -0.41, 'gx': -8.27, 'gy': 50.89, 'gz': -10.9}]",2026-02-13 10:15:45,0.0
"[{'t_us': 942059492, 'ax': -1.3, 'ay': -0.08, 'az': -0.36, 'gx': -0.99, 'gy': 11.02, 'gz': -23.82}, {'t_us': 942074349, 'ax': -1.01, 'ay': 0.12, 'az': -0.19, 'gx': -1.01, 'gy': -10.56, 'gz': -21.36}, {'t_us': 942093293, 'ax': -0.71, 'ay': 0.25, 'az': -0.14, 'gx': -8.96, 'gy': -8.44, 'gz': -9.8}, {'t_us': 942113321, 'ax': -0.71, 'ay': 0.2, 'az': -0.12, 'gx': -25.05, 'gy': 4.38, 'gz': 7.02}, {'t_us': 942133309, 'ax': -0.92, 'ay': 0.02, 'az': -0.11, 'gx': -31.07, 'gy': 13.69, 'gz': 17.36}]",2026-02-13 10:15:45,0.0
"[{'t_us': 942159983, 'ax': -1.14, 'ay': -0.19, 'az': -0.14, 'gx': -22.95, 'gy': 13.59, 'gz': 8.43}, {'t_us': 942173333, 'ax': -1.1, 'ay': -0.24, 'az': -0.18, 'gx': -18.0, 'gy': 10.9, 'gz': 8.49}, {'t_us': 942193333, 'ax': -1.02, 'ay': -0.2, 'az': -0.21, 'gx': -8.06, 'gy': 3.01, 'gz': 8.6}, {'t_us': 942213276, 'ax': -0.88, 'ay': -0.13, 'az': -0.19, 'gx': 0.58, 'gy': 0.7, 'gz': 12.26}, {'t_us': 942233333, 'ax': -0.82, 'ay': -0.03, 'az': -0.11, 'gx': 3.13, 'gy': -1.97, 'gz': 16.02}]",2026-02-13 10:15:45,0.0
"[{'t_us': 942258152, 'ax': -0.77, 'ay': 0.06, 'az': -0.02, 'gx': -0.82, 'gy': 0.0, 'gz': 19.15}, {'t_us': 942273333, 'ax': -0.76, 'ay': 0.08, 'az': -0.04, 'gx': -6.9, 'gy': 6.79, 'gz': 18.93}, {'t_us': 942293333, 'ax': -0.82, 'ay': 0.07, 'az': -0.08, 'gx': -12.08, 'gy': 15.15, 'gz': 20.58}, {'t_us': 942313293, 'ax': -0.9, 'ay': 0.05, 'az': -0.09, 'gx': -13.91, 'gy': 17.66, 'gz': 22.43}, {'t_us': 942333333, 'ax': -0.94, 'ay': 0.01, 'az': -0.11, 'gx': -12.89, 'gy': 17.16, 'gz': 20.66}]",2026-02-13 10:15:45,0.0
"[{'t_us': 942359511, 'ax': -0.92, 'ay': -0.02, 'az': -0.07, 'gx': -6.75, 'gy': 14.14, 'gz': 17.86}, {'t_us': 942374522, 'ax': -0.92, 'ay': -0.02, 'az': -0.05, 'gx': -3.24, 'gy': 13.89, 'gz': 15.28}, {'t_us': 942393321, 'ax': -0.93, 'ay': -0.01, 'az': -0.02, 'gx': -0.38, 'gy': 13.66, 'gz': 11.65}, {'t_us': 942413274, 'ax': -0.93, 'ay': -0.0, 'az': -0.02, 'gx': 1.51, 'gy': 13.97, 'gz': 7.92}, {'t_us': 942433344, 'ax': -0.91, 'ay': 0.01, 'az': 0.01, 'gx': 1.4, 'gy': 14.15, 'gz': 4.67}]",2026-02-13 10:15:45,0.0
"[{'t_us': 942459643, 'ax': -0.88, 'ay': 0.01, 'az': 0.02, 'gx': -3.39, 'gy': 15.48, 'gz': 3.95}, {'t_us': 942473301, 'ax': -0.91, 'ay': 0.01, 'az': 0.03, 'gx': -5.76, 'gy': 15.37, 'gz': 4.34}, {'t_us': 942493311, 'ax': -0.95, 'ay': 0.01, 'az': 0.03, 'gx': -7.53, 'gy': 12.93, 'gz': 5.02}, {'t_us': 942513338, 'ax': -0.96, 'ay': 0.01, 'az': 0.03, 'gx': -6.75, 'gy': 7.83, 'gz': 4.79}, {'t_us': 942533280, 'ax': -0.97, 'ay': 0.0, 'az': 0.03, 'gx': -4.82, 'gy': 1.54, 'gz': 2.79}]",2026-02-13 10:15:45,0.0
"[{'t_us': 942560098, 'ax': -0.91, 'ay': -0.02, 'az': 0.0, 'gx': 2.11, 'gy': -6.41, 'gz': -2.35}, {'t_us': 942573317, 'ax': -0.89, 'ay': -0.02, 'az': -0.01, 'gx': 7.11, 'gy': -7.53, 'gz': -5.21}, {'t_us': 942593321, 'ax': -0.89, 'ay': -0.02, 'az': -0.05, 'gx': 12.6, 'gy': -9.44, 'gz': -9.16}, {'t_us': 942613274, 'ax': -0.98, 'ay': -0.0, 'az': -0.14, 'gx': 9.95, 'gy': -7.1, 'gz': -13.88}, {'t_us': 942633311, 'ax': -1.19, 'ay': -0.02, 'az': -0.39, 'gx': 7.5, 'gy': 46.21, 'gz': -3.18}]",2026-02-13 10:15:45,0.0
"[{'t_us': 942659530, 'ax': -1.43, 'ay': -0.1, 'az': -0.41, 'gx': 18.03, 'gy': 27.51, 'gz': 11.76}, {'t_us': 942674248, 'ax': -1.21, 'ay': -0.15, 'az': -0.36, 'gx': 12.98, 'gy': -16.78, 'gz': 14.34}, {'t_us': 942693338, 'ax': -0.83, 'ay': -0.17, 'az': -0.36, 'gx': 13.92, 'gy': -16.37, 'gz': 6.06}, {'t_us': 942713306, 'ax': -0.63, 'ay': -0.16, 'az': -0.3, 'gx': 23.57, 'gy': 13.16, 'gz': -2.4}, {'t_us': 942733278, 'ax': -0.74, 'ay': -0.04, 'az': -0.14, 'gx': 21.73, 'gy': 34.0, 'gz': -7.59}]",2026-02-13 10:15:45,0.0
"[{'t_us': 942757995, 'ax': -1.07, 'ay': 0.03, 'az': -0.1, 'gx': 6.53, 'gy': 34.6, 'gz': -9.82}, {'t_us': 942773333, 'ax': -1.21, 'ay': 0.02, 'az': -0.18, 'gx': -0.38, 'gy': 20.31, 'gz': -7.15}, {'t_us': 942793333, 'ax': -1.22, 'ay': -0.01, 'az': -0.24, 'gx': -3.18, 'gy': 4.56, 'gz': -6.95}, {'t_us': 942813293, 'ax': -1.11, 'ay': -0.07, 'az': -0.19, 'gx': -4.52, 'gy': -5.19, 'gz': -9.71}, {'t_us': 942833307, 'ax': -0.96, 'ay': -0.15, 'az': -0.14, 'gx': -3.42, 'gy': -7.98, 'gz': -13.88}]",2026-02-13 10:15:45,0.0
"[{'t_us': 942859675, 'ax': -0.8, 'ay': -0.18, 'az': -0.11, 'gx': -1.36, 'gy': -2.9, 'gz': -14.85}, {'t_us': 942873307, 'ax': -0.82, 'ay': -0.18, 'az': -0.14, 'gx': -0.64, 'gy': 3.91, 'gz': -15.07}, {'t_us': 942893311, 'ax': -0.89, 'ay': -0.17, 'az': -0.17, 'gx': 2.93, 'gy': 9.73, 'gz': -16.95}, {'t_us': 942913338, 'ax': -0.97, 'ay': -0.16, 'az': -0.19, 'gx': 8.52, 'gy': 6.38, 'gz': -19.05}, {'t_us': 942933301, 'ax': -0.94, 'ay': -0.16, 'az': -0.17, 'gx': 13.56, 'gy': -3.85, 'gz': -18.2}]",2026-02-13 10:15:45,0.0
"[{'t_us': 942959578, 'ax': -0.85, 'ay': -0.21, 'az': -0.11, 'gx': 14.15, 'gy': -8.9, 'gz': -11.19}, {'t_us': 942973271, 'ax': -0.84, 'ay': -0.21, 'az': -0.09, 'gx': 11.51, 'gy': -9.01, 'gz': -6.26}, {'t_us': 942993330, 'ax': -0.83, 'ay': -0.17, 'az': -0.07, 'gx': 6.85, 'gy': -7.51, 'gz': -2.29}, {'t_us': 943013333, 'ax': -0.84, 'ay': -0.13, 'az': -0.05, 'gx': 2.29, 'gy': -4.7, 'gz': -0.96}, {'t_us': 943033311, 'ax': -0.87, 'ay': -0.11, 'az': -0.04, 'gx': -1.02, 'gy': -2.47, 'gz': -0.44}]",2026-02-13 10:15:46,0.0
"[{'t_us': 943059548, 'ax': -0.91, 'ay': -0.16, 'az': -0.07, 'gx': -1.02, 'gy': -4.87, 'gz': 0.63}, {'t_us': 943073347, 'ax': -0.92, 'ay': -0.17, 'az': -0.07, 'gx': -0.63, 'gy': -7.04, 'gz': 1.57}, {'t_us': 943093306, 'ax': -0.95, 'ay': -0.21, 'az': -0.06, 'gx': -1.76, 'gy': -10.09, 'gz': 1.53}, {'t_us': 943113317, 'ax': -0.96, 'ay': -0.23, 'az': -0.01, 'gx': -3.76, 'gy': -12.6, 'gz': 0.27}, {'t_us': 943133270, 'ax': -0.95, 'ay': -0.21, 'az': 0.04, 'gx': -6.47, 'gy': -14.64, 'gz': -1.53}]",2026-02-13 10:15:46,0.0
"[{'t_us': 943158421, 'ax': -0.92, 'ay': -0.15, 'az': 0.11, 'gx': -10.56, 'gy': -21.39, 'gz': 0.02}, {'t_us': 943173333, 'ax': -0.91, 'ay': -0.14, 'az': 0.12, 'gx': -12.53, 'gy': -25.77, 'gz': 2.99}, {'t_us': 943193274, 'ax': -0.96, 'ay': -0.17, 'az': -0.03, 'gx': -11.47, 'gy': -31.04, 'gz': 9.31}, {'t_us': 943213313, 'ax': -1.04, 'ay': -0.27, 'az': -0.3, 'gx': -12.5, 'gy': 1.56, 'gz': 12.02}, {'t_us': 943233301, 'ax': -1.44, 'ay': -0.25, 'az': -0.59, 'gx': -14.44, 'gy': 67.1, 'gz': -1.21}]",2026-02-13 10:15:46,0.0
"[{'t_us': 943258246, 'ax': -1.42, 'ay': -0.02, 'az': -0.25, 'gx': -3.44, 'gy': 5.45, 'gz': -16.14}, {'t_us': 943273271, 'ax': -1.08, 'ay': 0.19, 'az': -0.18, 'gx': -3.79, 'gy': -17.82, 'gz': -17.21}, {'t_us': 943293270, 'ax': -0.65, 'ay': 0.26, 'az': -0.13, 'gx': -17.42, 'gy': -12.12, 'gz': -6.82}, {'t_us': 943313306, 'ax': -0.56, 'ay': 0.13, 'az': -0.15, 'gx': -30.66, 'gy': 9.04, 'gz': 8.84}, {'t_us': 943333317, 'ax': -0.82, 'ay': -0.13, 'az': -0.23, 'gx': -27.05, 'gy': 28.4, 'gz': 16.18}]",2026-02-13 10:15:46,0.0
"[{'t_us': 943359756, 'ax': -1.12, 'ay': -0.22, 'az': -0.23, 'gx': -15.65, 'gy': 20.21, 'gz': 11.42}, {'t_us': 943373274, 'ax': -1.15, 'ay': -0.19, 'az': -0.23, 'gx': -11.86, 'gy': 7.65, 'gz': 7.89}, {'t_us': 943393306, 'ax': -1.04, 'ay': -0.1, 'az': -0.24, 'gx': -3.34, 'gy': -6.63, 'gz': 5.6}, {'t_us': 943413317, 'ax': -0.87, 'ay': -0.01, 'az': -0.2, 'gx': 4.78, 'gy': -7.85, 'gz': 5.39}, {'t_us': 943433338, 'ax': -0.77, 'ay': 0.05, 'az': -0.14, 'gx': 7.25, 'gy': -2.46, 'gz': 6.98}]",2026-02-13 10:15:46,0.0
"[{'t_us': 943461546, 'ax': -0.75, 'ay': 0.03, 'az': -0.1, 'gx': 1.3, 'gy': 4.61, 'gz': 12.53}, {'t_us': 943473335, 'ax': -0.84, 'ay': 0.03, 'az': -0.11, 'gx': -2.47, 'gy': 8.5, 'gz': 14.81}, {'t_us': 943493338, 'ax': -0.92, 'ay': 0.02, 'az': -0.13, 'gx': -7.57, 'gy': 7.63, 'gz': 15.59}, {'t_us': 943513338, 'ax': -0.95, 'ay': 0.04, 'az': -0.12, 'gx': -11.71, 'gy': 5.02, 'gz': 15.27}, {'t_us': 943533307, 'ax': -0.94, 'ay': 0.06, 'az': -0.13, 'gx': -12.09, 'gy': 4.06, 'gz': 11.47}]",2026-02-13 10:15:46,0.0
"[{'t_us': 943558487, 'ax': -0.9, 'ay': 0.05, 'az': -0.1, 'gx': -8.15, 'gy': 3.92, 'gz': 5.82}, {'t_us': 943574082, 'ax': -0.9, 'ay': 0.03, 'az': -0.08, 'gx': -4.64, 'gy': 3.74, 'gz': 2.75}, {'t_us': 943593306, 'ax': -0.89, 'ay': -0.01, 'az': -0.06, 'gx': -1.31, 'gy': 3.07, 'gz': 0.53}, {'t_us': 943613333, 'ax': -0.91, 'ay': -0.02, 'az': -0.04, 'gx': -0.89, 'gy': 2.35, 'gz': 0.29}, {'t_us': 943633275, 'ax': -0.94, 'ay': -0.01, 'az': -0.0, 'gx': -2.82, 'gy': 2.76, 'gz': 0.66}]",2026-02-13 10:15:46,0.0
"[{'t_us': 943659003, 'ax': -0.97, 'ay': 0.01, 'az': 0.03, 'gx': -4.78, 'gy': -3.25, 'gz': -0.37}, {'t_us': 943673803, 'ax': -0.98, 'ay': 0.02, 'az': 0.04, 'gx': -5.25, 'gy': -7.16, 'gz': -1.42}, {'t_us': 943693321, 'ax': -0.98, 'ay': 0.0, 'az': 0.04, 'gx': -4.85, 'gy': -8.31, 'gz': -2.4}, {'t_us': 943713274, 'ax': -0.96, 'ay': 0.0, 'az': 0.04, 'gx': -4.4, 'gy': -10.99, 'gz': -2.6}, {'t_us': 943733330, 'ax': -0.94, 'ay': 0.01, 'az': 0.04, 'gx': -3.24, 'gy': -15.83, 'gz': -1.01}]",2026-02-13 10:15:46,0.0
"[{'t_us': 943758138, 'ax': -0.9, 'ay': -0.01, 'az': 0.04, 'gx': 0.43, 'gy': -18.6, 'gz': 1.97}, {'t_us': 943773313, 'ax': -0.89, 'ay': -0.02, 'az': 0.04, 'gx': 3.34, 'gy': -20.2, 'gz': 3.07}, {'t_us': 943793317, 'ax': -0.91, 'ay': -0.02, 'az': 0.04, 'gx': 5.97, 'gy': -22.08, 'gz': 2.27}, {'t_us': 943813338, 'ax': -1.01, 'ay': -0.01, 'az': -0.03, 'gx': 6.0, 'gy': -24.05, 'gz': -0.35}, {'t_us': 943833338, 'ax': -1.13, 'ay': -0.05, 'az': -0.11, 'gx': 3.1, 'gy': 2.37, 'gz': 6.15}]",2026-02-13 10:15:46,0.0
"[{'t_us': 943860457, 'ax': -1.46, 'ay': -0.01, 'az': -0.24, 'gx': 2.27, 'gy': 14.69, 'gz': 20.09}, {'t_us': 943875402, 'ax': -1.32, 'ay': 0.04, 'az': -0.25, 'gx': 0.46, 'gy': -15.34, 'gz': 18.03}, {'t_us': 943893280, 'ax': -1.02, 'ay': -0.04, 'az': -0.3, 'gx': 5.4, 'gy': -19.34, 'gz': 6.38}, {'t_us': 943913311, 'ax': -0.82, 'ay': -0.18, 'az': -0.31, 'gx': 20.26, 'gy': -9.3, 'gz': -7.37}, {'t_us': 943933268, 'ax': -0.68, 'ay': -0.27, 'az': -0.21, 'gx': 34.87, 'gy': -3.79, 'gz': -15.82}]",2026-02-13 10:15:46,0.0
"[{'t_us': 943959118, 'ax': -0.8, 'ay': -0.23, 'az': -0.09, 'gx': 33.05, 'gy': 11.77, 'gz': -14.64}, {'t_us': 943973326, 'ax': -0.96, 'ay': -0.13, 'az': -0.03, 'gx': 24.49, 'gy': 16.84, 'gz': -11.82}, {'t_us': 943993330, 'ax': -1.11, 'ay': -0.02, 'az': -0.05, 'gx': 9.57, 'gy': 6.82, 'gz': -7.86}, {'t_us': 944013284, 'ax': -1.07, 'ay': 0.02, 'az': -0.09, 'gx': 0.03, 'gy': -5.74, 'gz': -8.98}, {'t_us': 944033321, 'ax': -0.94, 'ay': -0.04, 'az': -0.12, 'gx': -2.32, 'gy': -9.66, 'gz': -13.22}]",2026-02-13 10:15:47,0.0
"[{'t_us': 944058075, 'ax': -0.82, 'ay': -0.15, 'az': -0.08, 'gx': 0.47, 'gy': -6.32, 'gz': -13.63}, {'t_us': 944073329, 'ax': -0.75, 'ay': -0.19, 'az': -0.07, 'gx': 1.76, 'gy': -2.35, 'gz': -10.66}, {'t_us': 944093274, 'ax': -0.76, 'ay': -0.18, 'az': -0.08, 'gx': 0.9, 'gy': 10.76, 'gz': -6.72}, {'t_us': 944113274, 'ax': -0.87, 'ay': -0.14, 'az': -0.1, 'gx': 0.05, 'gy': 19.89, 'gz': -8.08}, {'t_us': 944133311, 'ax': -0.94, 'ay': -0.13, 'az': -0.1, 'gx': 2.56, 'gy': 21.92, 'gz': -13.92}]",2026-02-13 10:15:47,0.0
"[{'t_us': 944159780, 'ax': -0.95, 'ay': -0.13, 'az': -0.06, 'gx': 4.98, 'gy': 10.98, 'gz': -18.21}, {'t_us': 944173338, 'ax': -0.92, 'ay': -0.17, 'az': -0.05, 'gx': 4.61, 'gy': 7.86, 'gz': -17.21}, {'t_us': 944193270, 'ax': -0.88, 'ay': -0.24, 'az': -0.04, 'gx': 3.77, 'gy': 8.12, 'gz': -12.6}, {'t_us': 944213270, 'ax': -0.88, 'ay': -0.24, 'az': -0.02, 'gx': 2.92, 'gy': 6.4, 'gz': -6.14}, {'t_us': 944233333, 'ax': -0.89, 'ay': -0.18, 'az': 0.0, 'gx': 0.29, 'gy': 6.96, 'gz': -1.95}]",2026-02-13 10:15:47,0.0
"[{'t_us': 944257880, 'ax': -0.89, 'ay': -0.12, 'az': 0.01, 'gx': -3.22, 'gy': 8.64, 'gz': -1.01}, {'t_us': 944273329, 'ax': -0.88, 'ay': -0.12, 'az': 0.03, 'gx': -5.65, 'gy': 10.23, 'gz': -1.34}, {'t_us': 944293306, 'ax': -0.88, 'ay': -0.13, 'az': 0.06, 'gx': -8.66, 'gy': 11.91, 'gz': 0.06}, {'t_us': 944313333, 'ax': -0.92, 'ay': -0.16, 'az': 0.07, 'gx': -10.58, 'gy': 12.05, 'gz': 2.24}, {'t_us': 944333307, 'ax': -0.94, 'ay': -0.2, 'az': 0.07, 'gx': -11.3, 'gy': 10.93, 'gz': 3.13}]",2026-02-13 10:15:47,0.0
"[{'t_us': 944359457, 'ax': -0.95, 'ay': -0.22, 'az': 0.05, 'gx': -11.54, 'gy': 8.61, 'gz': 0.75}, {'t_us': 944373904, 'ax': -0.95, 'ay': -0.23, 'az': 0.04, 'gx': -10.08, 'gy': 7.39, 'gz': -0.7}, {'t_us': 944393301, 'ax': -0.95, 'ay': -0.25, 'az': 0.05, 'gx': -8.38, 'gy': 2.27, 'gz': -1.39}, {'t_us': 944413330, 'ax': -0.97, 'ay': -0.25, 'az': 0.09, 'gx': -7.98, 'gy': -3.54, 'gz': -1.18}, {'t_us': 944433284, 'ax': -0.98, 'ay': -0.26, 'az': 0.08, 'gx': -7.89, 'gy': -7.65, 'gz': -1.6}]",2026-02-13 10:15:47,0.0
"[{'t_us': 944459441, 'ax': -0.98, 'ay': -0.26, 'az': 0.03, 'gx': -5.76, 'gy': -14.23, 'gz': -1.91}, {'t_us': 944474328, 'ax': -1.04, 'ay': -0.27, 'az': -0.05, 'gx': -4.14, 'gy': -17.82, 'gz': -1.59}, {'t_us': 944493301, 'ax': -1.13, 'ay': -0.29, 'az': -0.2, 'gx': -1.31, 'gy': 10.84, 'gz': -5.44}, {'t_us': 944513326, 'ax': -1.4, 'ay': -0.25, 'az': -0.33, 'gx': 0.34, 'gy': 37.37, 'gz': -16.76}, {'t_us': 944533270, 'ax': -1.3, 'ay': -0.12, 'az': -0.14, 'gx': 0.82, 'gy': -0.26, 'gz': -22.32}]",2026-02-13 10:15:47,0.0
"[{'t_us': 944559414, 'ax': -0.92, 'ay': 0.14, 'az': -0.11, 'gx': -16.03, 'gy': -5.63, 'gz': -9.71}, {'t_us': 944573333, 'ax': -0.83, 'ay': 0.18, 'az': -0.13, 'gx': -31.6, 'gy': 3.6, 'gz': -0.12}, {'t_us': 944593274, 'ax': -0.74, 'ay': 0.19, 'az': -0.17, 'gx': -43.42, 'gy': 7.31, 'gz': 10.0}, {'t_us': 944613274, 'ax': -0.77, 'ay': 0.12, 'az': -0.15, 'gx': -41.91, 'gy': 4.93, 'gz': 15.76}, {'t_us': 944633326, 'ax': -0.86, 'ay': -0.04, 'az': -0.15, 'gx': -37.47, 'gy': 7.54, 'gz': 13.97}]",2026-02-13 10:15:47,0.0
"[{'t_us': 944659466, 'ax': -1.05, 'ay': -0.19, 'az': -0.21, 'gx': -29.05, 'gy': 6.05, 'gz': 5.68}, {'t_us': 944673270, 'ax': -1.05, 'ay': -0.22, 'az': -0.18, 'gx': -20.9, 'gy': 2.79, 'gz': 3.97}, {'t_us': 944693338, 'ax': -1.03, 'ay': -0.15, 'az': -0.18, 'gx': -13.82, 'gy': -6.5, 'gz': 6.14}, {'t_us': 944713338, 'ax': -0.95, 'ay': -0.01, 'az': -0.11, 'gx': -12.52, 'gy': -10.46, 'gz': 8.34}, {'t_us': 944733326, 'ax': -0.87, 'ay': 0.08, 'az': -0.05, 'gx': -14.84, 'gy': -11.27, 'gz': 10.6}]",2026-02-13 10:15:47,0.0
"[{'t_us': 944757619, 'ax': -0.84, 'ay': 0.07, 'az': -0.02, 'gx': -19.08, 'gy': -6.38, 'gz': 12.17}, {'t_us': 944773320, 'ax': -0.85, 'ay': 0.02, 'az': -0.05, 'gx': -20.21, 'gy': -3.45, 'gz': 12.5}, {'t_us': 944793274, 'ax': -0.89, 'ay': -0.05, 'az': -0.08, 'gx': -18.52, 'gy': -0.03, 'gz': 12.63}, {'t_us': 944813274, 'ax': -0.93, 'ay': -0.09, 'az': -0.11, 'gx': -14.34, 'gy': -0.02, 'gz': 13.04}, {'t_us': 944833301, 'ax': -0.97, 'ay': -0.09, 'az': -0.1, 'gx': -8.7, 'gy': -3.83, 'gz': 13.37}]",2026-02-13 10:15:47,0.0
"[{'t_us': 944857904, 'ax': -0.96, 'ay': -0.06, 'az': -0.06, 'gx': -1.62, 'gy': -6.46, 'gz': 13.37}, {'t_us': 944873270, 'ax': -0.94, 'ay': -0.04, 'az': -0.04, 'gx': 3.33, 'gy': -7.42, 'gz': 13.04}, {'t_us': 944893311, 'ax': -0.92, 'ay': -0.03, 'az': -0.04, 'gx': 8.72, 'gy': -6.78, 'gz': 12.12}, {'t_us': 944913338, 'ax': -0.91, 'ay': -0.02, 'az': -0.02, 'gx': 12.23, 'gy': -7.02, 'gz': 10.5}, {'t_us': 944933280, 'ax': -0.89, 'ay': -0.03, 'az': 0.0, 'gx': 14.35, 'gy': -4.6, 'gz': 8.64}]",2026-02-13 10:15:47,0.0
"[{'t_us': 944957974, 'ax': -0.9, 'ay': 0.01, 'az': 0.02, 'gx': 16.24, 'gy': -0.66, 'gz': 7.18}, {'t_us': 944973687, 'ax': -0.91, 'ay': 0.02, 'az': 0.02, 'gx': 17.36, 'gy': 0.84, 'gz': 6.06}, {'t_us': 944993345, 'ax': -0.91, 'ay': 0.02, 'az': 0.03, 'gx': 18.26, 'gy': 1.56, 'gz': 3.91}, {'t_us': 945013317, 'ax': -0.91, 'ay': 0.02, 'az': 0.05, 'gx': 18.9, 'gy': 1.82, 'gz': 1.56}, {'t_us': 945033330, 'ax': -0.91, 'ay': 0.02, 'az': 0.06, 'gx': 19.05, 'gy': 2.56, 'gz': -0.5}]",2026-02-13 10:15:48,0.0
"[{'t_us': 945059393, 'ax': -0.91, 'ay': 0.04, 'az': 0.09, 'gx': 17.53, 'gy': 3.71, 'gz': -1.66}, {'t_us': 945074590, 'ax': -0.93, 'ay': 0.06, 'az': 0.11, 'gx': 15.91, 'gy': 3.21, 'gz': -2.81}, {'t_us': 945093301, 'ax': -0.94, 'ay': 0.06, 'az': 0.11, 'gx': 14.41, 'gy': 1.59, 'gz': -5.53}, {'t_us': 945113311, 'ax': -0.93, 'ay': 0.04, 'az': 0.09, 'gx': 13.39, 'gy': 1.57, 'gz': -8.99}, {'t_us': 945133329, 'ax': -0.92, 'ay': 0.02, 'az': 0.1, 'gx': 12.64, 'gy': 4.12, 'gz': -10.99}]",2026-02-13 10:15:48,0.0
"[{'t_us': 945159459, 'ax': -0.91, 'ay': 0.01, 'az': 0.12, 'gx': 9.33, 'gy': 3.42, 'gz': -11.15}, {'t_us': 945173320, 'ax': -0.91, 'ay': 0.01, 'az': 0.13, 'gx': 7.13, 'gy': 2.4, 'gz': -9.05}, {'t_us': 945193293, 'ax': -0.93, 'ay': 0.03, 'az': 0.14, 'gx': 3.82, 'gy': 1.31, 'gz': -5.71}, {'t_us': 945213284, 'ax': -0.99, 'ay': 0.05, 'az': 0.13, 'gx': 1.63, 'gy': -6.06, 'gz': -4.23}, {'t_us': 945233306, 'ax': -1.07, 'ay': 0.01, 'az': 0.09, 'gx': -0.47, 'gy': -9.45, 'gz': -1.88}]",2026-02-13 10:15:48,0.0
"[{'t_us': 945257692, 'ax': -1.2, 'ay': -0.03, 'az': -0.0, 'gx': -5.98, 'gy': 1.25, 'gz': 8.2}, {'t_us': 945273292, 'ax': -1.22, 'ay': 0.0, 'az': -0.04, 'gx': -11.08, 'gy': 3.1, 'gz': 16.6}, {'t_us': 945293319, 'ax': -1.19, 'ay': 0.03, 'az': -0.18, 'gx': -11.04, 'gy': 3.6, 'gz': 26.27}, {'t_us': 945313307, 'ax': -1.05, 'ay': -0.0, 'az': -0.24, 'gx': -2.41, 'gy': -1.25, 'gz': 19.18}, {'t_us': 945333280, 'ax': -0.88, 'ay': -0.16, 'az': -0.31, 'gx': 6.99, 'gy': 2.98, 'gz': 5.53}]",2026-02-13 10:15:48,0.0
"[{'t_us': 945359399, 'ax': -0.81, 'ay': -0.34, 'az': -0.27, 'gx': 19.24, 'gy': 7.21, 'gz': -9.04}, {'t_us': 945374608, 'ax': -0.89, 'ay': -0.28, 'az': -0.22, 'gx': 21.51, 'gy': 14.43, 'gz': -9.08}, {'t_us': 945393274, 'ax': -1.04, 'ay': -0.12, 'az': -0.15, 'gx': 18.05, 'gy': 13.25, 'gz': -5.22}, {'t_us': 945413321, 'ax': -1.08, 'ay': 0.07, 'az': -0.09, 'gx': 12.06, 'gy': 0.27, 'gz': -1.47}, {'t_us': 945433326, 'ax': -1.07, 'ay': 0.15, 'az': -0.06, 'gx': 4.69, 'gy': -6.24, 'gz': -5.94}]",2026-02-13 10:15:48,0.0
"[{'t_us': 945457952, 'ax': -0.99, 'ay': 0.0, 'az': -0.05, 'gx': -2.53, 'gy': -6.72, 'gz': -15.88}, {'t_us': 945473338, 'ax': -0.95, 'ay': -0.1, 'az': -0.06, 'gx': -4.24, 'gy': -5.98, 'gz': -19.15}, {'t_us': 945493326, 'ax': -0.89, 'ay': -0.16, 'az': -0.05, 'gx': -4.66, 'gy': -2.9, 'gz': -19.48}, {'t_us': 945513280, 'ax': -0.85, 'ay': -0.19, 'az': -0.03, 'gx': -2.89, 'gy': -2.26, 'gz': -16.98}, {'t_us': 945533292, 'ax': -0.84, 'ay': -0.16, 'az': -0.03, 'gx': 0.03, 'gy': -0.9, 'gz': -16.14}]",2026-02-13 10:15:48,0.0
"[{'t_us': 945559429, 'ax': -0.86, 'ay': -0.13, 'az': -0.02, 'gx': 0.43, 'gy': 1.73, 'gz': -16.67}, {'t_us': 945573285, 'ax': -0.89, 'ay': -0.13, 'az': -0.01, 'gx': -0.5, 'gy': 1.62, 'gz': -17.73}, {'t_us': 945593293, 'ax': -0.91, 'ay': -0.15, 'az': -0.02, 'gx': -0.87, 'gy': 1.92, 'gz': -18.56}, {'t_us': 945613317, 'ax': -0.93, 'ay': -0.15, 'az': -0.01, 'gx': -2.23, 'gy': 1.34, 'gz': -17.08}, {'t_us': 945633305, 'ax': -0.9, 'ay': -0.12, 'az': 0.01, 'gx': -5.6, 'gy': 1.53, 'gz': -14.5}]",2026-02-13 10:15:48,0.0
"[{'t_us': 945659945, 'ax': -0.84, 'ay': -0.12, 'az': 0.05, 'gx': -12.89, 'gy': 2.56, 'gz': -9.24}, {'t_us': 945674195, 'ax': -0.82, 'ay': -0.13, 'az': 0.07, 'gx': -16.47, 'gy': 5.8, 'gz': -6.84}, {'t_us': 945693293, 'ax': -0.82, 'ay': -0.14, 'az': 0.09, 'gx': -19.95, 'gy': 9.11, 'gz': -4.02}, {'t_us': 945713326, 'ax': -0.85, 'ay': -0.14, 'az': 0.08, 'gx': -23.18, 'gy': 11.48, 'gz': -1.08}, {'t_us': 945733279, 'ax': -0.88, 'ay': -0.15, 'az': 0.06, 'gx': -26.26, 'gy': 12.27, 'gz': 1.45}]",2026-02-13 10:15:48,0.0
"[{'t_us': 945759387, 'ax': -0.91, 'ay': -0.18, 'az': 0.07, 'gx': -29.34, 'gy': 9.34, 'gz': 4.46}, {'t_us': 945773292, 'ax': -0.94, 'ay': -0.19, 'az': 0.07, 'gx': -30.09, 'gy': 7.85, 'gz': 4.89}, {'t_us': 945793306, 'ax': -0.95, 'ay': -0.23, 'az': 0.05, 'gx': -28.44, 'gy': 4.78, 'gz': 3.79}, {'t_us': 945813332, 'ax': -0.94, 'ay': -0.3, 'az': 0.03, 'gx': -22.29, 'gy': 0.73, 'gz': 1.3}, {'t_us': 945833270, 'ax': -0.91, 'ay': -0.35, 'az': 0.04, 'gx': -16.87, 'gy': -2.5, 'gz': -0.72}]",2026-02-13 10:15:48,0.0
"[{'t_us': 945859447, 'ax': -0.91, 'ay': -0.33, 'az': 0.07, 'gx': -11.86, 'gy': -8.23, 'gz': -0.29}, {'t_us': 945873344, 'ax': -0.92, 'ay': -0.29, 'az': 0.09, 'gx': -10.31, 'gy': -10.81, 'gz': 0.64}, {'t_us': 945893306, 'ax': -0.94, 'ay': -0.28, 'az': 0.12, 'gx': -8.12, 'gy': -13.24, 'gz': 0.41}, {'t_us': 945913338, 'ax': -0.95, 'ay': -0.28, 'az': 0.11, 'gx': -6.56, 'gy': -13.5, 'gz': -0.79}, {'t_us': 945933333, 'ax': -1.0, 'ay': -0.23, 'az': 0.03, 'gx': -5.01, 'gy': -7.62, 'gz': -1.48}]",2026-02-13 10:15:48,0.0
"[{'t_us': 945959434, 'ax': -1.25, 'ay': -0.21, 'az': -0.15, 'gx': 3.13, 'gy': 16.99, 'gz': -10.79}, {'t_us': 945974323, 'ax': -1.4, 'ay': -0.22, 'az': -0.21, 'gx': 9.27, 'gy': 34.76, 'gz': -23.11}, {'t_us': 945993301, 'ax': -1.28, 'ay': -0.23, 'az': -0.07, 'gx': 11.95, 'gy': 10.02, 'gz': -32.12}, {'t_us': 946013279, 'ax': -1.0, 'ay': -0.1, 'az': -0.1, 'gx': 10.06, 'gy': -0.64, 'gz': -25.18}, {'t_us': 946033330, 'ax': -0.83, 'ay': 0.06, 'az': -0.08, 'gx': -4.84, 'gy': 6.5, 'gz': -8.72}]",2026-02-13 10:15:49,0.0
"[{'t_us': 946057933, 'ax': -0.75, 'ay': 0.16, 'az': -0.08, 'gx': -26.38, 'gy': 18.27, 'gz': 9.8}, {'t_us': 946073292, 'ax': -0.75, 'ay': 0.2, 'az': -0.06, 'gx': -34.4, 'gy': 23.31, 'gz': 15.16}, {'t_us': 946093306, 'ax': -0.86, 'ay': 0.13, 'az': -0.14, 'gx': -32.09, 'gy': 17.13, 'gz': 13.69}, {'t_us': 946113295, 'ax': -0.97, 'ay': -0.04, 'az': -0.19, 'gx': -24.37, 'gy': 14.5, 'gz': 6.78}, {'t_us': 946133293, 'ax': -1.01, 'ay': -0.17, 'az': -0.16, 'gx': -14.02, 'gy': 9.66, 'gz': 2.69}]",2026-02-13 10:15:49,0.0
"[{'t_us': 946159459, 'ax': -0.97, 'ay': -0.23, 'az': -0.09, 'gx': -4.05, 'gy': 8.7, 'gz': 7.92}, {'t_us': 946173338, 'ax': -0.98, 'ay': -0.15, 'az': -0.07, 'gx': -1.8, 'gy': 6.99, 'gz': 11.8}, {'t_us': 946193338, 'ax': -0.97, 'ay': -0.01, 'az': -0.03, 'gx': -1.73, 'gy': 0.08, 'gz': 14.93}, {'t_us': 946213306, 'ax': -0.93, 'ay': 0.05, 'az': 0.0, 'gx': -2.95, 'gy': -1.66, 'gz': 14.64}, {'t_us': 946233311, 'ax': -0.9, 'ay': 0.04, 'az': -0.0, 'gx': -4.58, 'gy': 2.05, 'gz': 13.89}]",2026-02-13 10:15:49,0.0
"[{'t_us': 946257632, 'ax': -0.89, 'ay': -0.01, 'az': -0.02, 'gx': -5.13, 'gy': 3.11, 'gz': 13.68}, {'t_us': 946273292, 'ax': -0.88, 'ay': -0.05, 'az': -0.05, 'gx': -3.15, 'gy': 4.95, 'gz': 14.85}, {'t_us': 946293306, 'ax': -0.89, 'ay': -0.08, 'az': -0.09, 'gx': 0.53, 'gy': 7.63, 'gz': 18.12}, {'t_us': 946313333, 'ax': -0.91, 'ay': -0.06, 'az': -0.08, 'gx': 4.81, 'gy': 9.53, 'gz': 20.03}, {'t_us': 946333307, 'ax': -0.92, 'ay': -0.04, 'az': -0.05, 'gx': 7.92, 'gy': 9.5, 'gz': 19.01}]",2026-02-13 10:15:49,0.0
"[{'t_us': 946359653, 'ax': -0.92, 'ay': -0.01, 'az': -0.04, 'gx': 10.67, 'gy': 10.24, 'gz': 16.67}, {'t_us': 946373326, 'ax': -0.92, 'ay': 0.01, 'az': -0.02, 'gx': 12.24, 'gy': 10.08, 'gz': 14.78}, {'t_us': 946393330, 'ax': -0.91, 'ay': 0.04, 'az': 0.0, 'gx': 13.69, 'gy': 9.73, 'gz': 12.17}, {'t_us': 946413284, 'ax': -0.9, 'ay': 0.04, 'az': 0.0, 'gx': 14.23, 'gy': 12.69, 'gz': 9.39}, {'t_us': 946433311, 'ax': -0.87, 'ay': 0.04, 'az': 0.02, 'gx': 12.32, 'gy': 15.8, 'gz': 6.56}]",2026-02-13 10:15:49,0.0
"[{'t_us': 946459739, 'ax': -0.87, 'ay': 0.07, 'az': 0.07, 'gx': 8.06, 'gy': 18.85, 'gz': 3.21}, {'t_us': 946473321, 'ax': -0.88, 'ay': 0.07, 'az': 0.06, 'gx': 4.47, 'gy': 18.64, 'gz': 1.86}, {'t_us': 946493330, 'ax': -0.91, 'ay': 0.06, 'az': 0.06, 'gx': 0.73, 'gy': 16.9, 'gz': 1.18}, {'t_us': 946513284, 'ax': -0.93, 'ay': 0.03, 'az': 0.07, 'gx': -1.5, 'gy': 13.33, 'gz': 0.96}, {'t_us': 946533317, 'ax': -0.92, 'ay': 0.03, 'az': 0.08, 'gx': -3.68, 'gy': 12.12, 'gz': 0.64}]",2026-02-13 10:15:49,0.0
"[{'t_us': 946557891, 'ax': -0.96, 'ay': 0.04, 'az': 0.09, 'gx': -3.47, 'gy': 8.9, 'gz': -1.36}, {'t_us': 946575062, 'ax': -0.97, 'ay': 0.01, 'az': 0.1, 'gx': 0.34, 'gy': 4.7, 'gz': -2.21}, {'t_us': 946593301, 'ax': -1.0, 'ay': -0.02, 'az': 0.11, 'gx': 5.01, 'gy': -2.34, 'gz': -4.52}, {'t_us': 946613326, 'ax': -1.0, 'ay': -0.07, 'az': 0.13, 'gx': 8.99, 'gy': -9.73, 'gz': -9.5}, {'t_us': 946633311, 'ax': -0.95, 'ay': -0.06, 'az': 0.14, 'gx': 13.36, 'gy': -10.29, 'gz': -13.57}]",2026-02-13 10:15:49,0.0
"[{'t_us': 946657889, 'ax': -0.99, 'ay': 0.06, 'az': 0.04, 'gx': 10.41, 'gy': -17.48, 'gz': -15.51}, {'t_us': 946673326, 'ax': -1.01, 'ay': 0.12, 'az': -0.08, 'gx': 0.14, 'gy': 0.02, 'gz': -9.71}, {'t_us': 946693330, 'ax': -1.48, 'ay': -0.09, 'az': -0.49, 'gx': 0.81, 'gy': 73.8, 'gz': 19.45}, {'t_us': 946713284, 'ax': -1.56, 'ay': -0.11, 'az': -0.17, 'gx': -2.53, 'gy': -0.93, 'gz': 33.6}, {'t_us': 946733330, 'ax': -1.08, 'ay': -0.12, 'az': -0.34, 'gx': -2.93, 'gy': -20.82, 'gz': 25.4}]",2026-02-13 10:15:49,0.0
"[{'t_us': 946757941, 'ax': -0.76, 'ay': -0.25, 'az': -0.42, 'gx': 23.86, 'gy': 0.81, 'gz': 3.8}, {'t_us': 946773268, 'ax': -0.68, 'ay': -0.23, 'az': -0.3, 'gx': 37.74, 'gy': 6.24, 'gz': -9.6}, {'t_us': 946793338, 'ax': -0.81, 'ay': -0.17, 'az': -0.14, 'gx': 38.75, 'gy': 15.02, 'gz': -15.97}, {'t_us': 946813306, 'ax': -1.04, 'ay': -0.05, 'az': -0.08, 'gx': 27.83, 'gy': 10.18, 'gz': -11.94}, {'t_us': 946833292, 'ax': -1.16, 'ay': 0.07, 'az': -0.09, 'gx': 17.6, 'gy': -7.39, 'gz': -7.54}]",2026-02-13 10:15:49,0.0
"[{'t_us': 946859554, 'ax': -1.11, 'ay': 0.08, 'az': -0.12, 'gx': 11.44, 'gy': -20.66, 'gz': -13.85}, {'t_us': 946874266, 'ax': -1.01, 'ay': -0.04, 'az': -0.11, 'gx': 9.83, 'gy': -22.98, 'gz': -18.73}, {'t_us': 946893274, 'ax': -0.87, 'ay': -0.14, 'az': -0.05, 'gx': 9.27, 'gy': -18.99, 'gz': -23.97}, {'t_us': 946913306, 'ax': -0.8, 'ay': -0.17, 'az': -0.04, 'gx': 7.77, 'gy': -7.69, 'gz': -23.15}, {'t_us': 946933322, 'ax': -0.8, 'ay': -0.13, 'az': -0.06, 'gx': 7.25, 'gy': 2.67, 'gz': -20.26}]",2026-02-13 10:15:49,0.0
"[{'t_us': 946960163, 'ax': -0.84, 'ay': -0.1, 'az': -0.06, 'gx': 8.46, 'gy': 9.57, 'gz': -18.92}, {'t_us': 946973311, 'ax': -0.87, 'ay': -0.13, 'az': -0.07, 'gx': 8.08, 'gy': 9.69, 'gz': -19.91}, {'t_us': 946993292, 'ax': -0.89, 'ay': -0.17, 'az': -0.08, 'gx': 7.21, 'gy': 4.35, 'gz': -22.15}, {'t_us': 947013321, 'ax': -0.89, 'ay': -0.22, 'az': -0.04, 'gx': 8.02, 'gy': -0.79, 'gz': -21.53}, {'t_us': 947033274, 'ax': -0.9, 'ay': -0.24, 'az': -0.02, 'gx': 8.37, 'gy': -2.27, 'gz': -17.4}]",2026-02-13 10:15:50,0.0
"[{'t_us': 947059529, 'ax': -0.9, 'ay': -0.23, 'az': 0.01, 'gx': 6.69, 'gy': -1.79, 'gz': -11.15}, {'t_us': 947073273, 'ax': -0.9, 'ay': -0.22, 'az': 0.01, 'gx': 6.15, 'gy': -0.58, 'gz': -9.05}, {'t_us': 947093270, 'ax': -0.91, 'ay': -0.2, 'az': 0.0, 'gx': 5.94, 'gy': -2.38, 'gz': -5.11}, {'t_us': 947113306, 'ax': -0.89, 'ay': -0.2, 'az': 0.04, 'gx': 5.62, 'gy': -3.66, 'gz': -2.72}, {'t_us': 947133330, 'ax': -0.84, 'ay': -0.21, 'az': 0.08, 'gx': 4.52, 'gy': -1.02, 'gz': -0.47}]",2026-02-13 10:15:50,0.0
"[{'t_us': 947159554, 'ax': -0.84, 'ay': -0.22, 'az': 0.09, 'gx': 4.87, 'gy': 1.16, 'gz': 2.96}, {'t_us': 947174271, 'ax': -0.82, 'ay': -0.24, 'az': 0.09, 'gx': 5.34, 'gy': 1.18, 'gz': 3.88}, {'t_us': 947193311, 'ax': -0.83, 'ay': -0.24, 'az': 0.1, 'gx': 6.11, 'gy': 0.56, 'gz': 3.57}, {'t_us': 947213338, 'ax': -0.86, 'ay': -0.26, 'az': 0.08, 'gx': 7.97, 'gy': -0.44, 'gz': 1.82}, {'t_us': 947233307, 'ax': -0.91, 'ay': -0.29, 'az': 0.05, 'gx': 11.74, 'gy': -1.02, 'gz': -0.98}]",2026-02-13 10:15:50,0.0
"[{'t_us': 947259606, 'ax': -0.99, 'ay': -0.3, 'az': 0.09, 'gx': 11.18, 'gy': -4.02, 'gz': -4.21}, {'t_us': 947273293, 'ax': -1.03, 'ay': -0.26, 'az': 0.13, 'gx': 10.76, 'gy': -8.37, 'gz': -4.61}, {'t_us': 947293326, 'ax': -1.05, 'ay': -0.23, 'az': 0.15, 'gx': 9.63, 'gy': -15.04, 'gz': -3.8}, {'t_us': 947313330, 'ax': -1.01, 'ay': -0.22, 'az': 0.21, 'gx': 7.57, 'gy': -19.77, 'gz': -1.22}, {'t_us': 947333333, 'ax': -1.01, 'ay': -0.2, 'az': 0.28, 'gx': 2.93, 'gy': -22.44, 'gz': 0.84}]",2026-02-13 10:15:50,0.0
"[{'t_us': 947359706, 'ax': -1.06, 'ay': -0.13, 'az': 0.21, 'gx': -7.27, 'gy': -17.57, 'gz': -0.98}, {'t_us': 947373333, 'ax': -1.11, 'ay': -0.17, 'az': 0.08, 'gx': -7.33, 'gy': -11.18, 'gz': -5.13}, {'t_us': 947393333, 'ax': -1.16, 'ay': -0.22, 'az': -0.12, 'gx': -9.45, 'gy': -7.98, 'gz': -13.85}, {'t_us': 947413293, 'ax': -1.15, 'ay': -0.12, 'az': -0.33, 'gx': -13.65, 'gy': 3.53, 'gz': -26.44}, {'t_us': 947433321, 'ax': -1.02, 'ay': -0.03, 'az': -0.44, 'gx': -18.63, 'gy': -0.84, 'gz': -29.91}]",2026-02-13 10:15:50,0.0
"[{'t_us': 947459618, 'ax': -0.88, 'ay': 0.15, 'az': -0.09, 'gx': -18.75, 'gy': -23.18, 'gz': -23.88}, {'t_us': 947474326, 'ax': -0.89, 'ay': 0.13, 'az': 0.06, 'gx': -18.56, 'gy': -31.11, 'gz': -16.87}, {'t_us': 947493317, 'ax': -0.84, 'ay': -0.03, 'az': 0.05, 'gx': -25.97, 'gy': -23.56, 'gz': -6.03}, {'t_us': 947513338, 'ax': -0.9, 'ay': -0.25, 'az': -0.11, 'gx': -28.78, 'gy': -23.4, 'gz': 5.04}, {'t_us': 947533311, 'ax': -0.98, 'ay': -0.4, 'az': -0.2, 'gx': -14.53, 'gy': -26.93, 'gz': 16.21}]",2026-02-13 10:15:50,0.0
"[{'t_us': 947560159, 'ax': -0.95, 'ay': -0.35, 'az': -0.2, 'gx': 16.18, 'gy': -22.0, 'gz': 19.01}, {'t_us': 947573289, 'ax': -0.92, 'ay': -0.3, 'az': -0.02, 'gx': 26.26, 'gy': -22.06, 'gz': 18.34}, {'t_us': 947593301, 'ax': -0.88, 'ay': -0.26, 'az': 0.14, 'gx': 37.66, 'gy': -16.35, 'gz': 17.71}, {'t_us': 947613311, 'ax': -0.91, 'ay': -0.16, 'az': 0.18, 'gx': 40.17, 'gy': -16.2, 'gz': 18.93}, {'t_us': 947633271, 'ax': -0.9, 'ay': -0.01, 'az': 0.13, 'gx': 40.69, 'gy': -20.52, 'gz': 22.82}]",2026-02-13 10:15:50,0.0
"[{'t_us': 947658424, 'ax': -0.81, 'ay': 0.12, 'az': 0.19, 'gx': 36.05, 'gy': -15.66, 'gz': 31.34}, {'t_us': 947673270, 'ax': -0.77, 'ay': 0.12, 'az': 0.19, 'gx': 31.94, 'gy': -10.29, 'gz': 34.26}, {'t_us': 947693274, 'ax': -0.7, 'ay': 0.08, 'az': 0.23, 'gx': 24.43, 'gy': -8.84, 'gz': 31.44}, {'t_us': 947713306, 'ax': -0.73, 'ay': 0.01, 'az': 0.23, 'gx': 17.34, 'gy': -7.74, 'gz': 28.55}, {'t_us': 947733321, 'ax': -0.79, 'ay': 0.02, 'az': 0.21, 'gx': 11.73, 'gy': 1.16, 'gz': 20.61}]",2026-02-13 10:15:50,0.0
"[{'t_us': 947760064, 'ax': -0.83, 'ay': 0.06, 'az': 0.17, 'gx': 12.12, 'gy': 4.2, 'gz': 5.66}, {'t_us': 947773333, 'ax': -0.79, 'ay': 0.03, 'az': 0.23, 'gx': 12.78, 'gy': 3.04, 'gz': 4.31}, {'t_us': 947793333, 'ax': -0.78, 'ay': 0.04, 'az': 0.29, 'gx': 9.83, 'gy': 1.95, 'gz': 2.79}, {'t_us': 947813293, 'ax': -0.83, 'ay': 0.03, 'az': 0.29, 'gx': 5.3, 'gy': -1.73, 'gz': 0.34}, {'t_us': 947833326, 'ax': -0.91, 'ay': 0.02, 'az': 0.28, 'gx': 2.35, 'gy': -7.11, 'gz': -3.44}]",2026-02-13 10:15:50,0.0
"[{'t_us': 947858384, 'ax': -1.06, 'ay': -0.01, 'az': 0.31, 'gx': 7.94, 'gy': -18.12, 'gz': -7.76}, {'t_us': 947873278, 'ax': -1.03, 'ay': -0.05, 'az': 0.35, 'gx': 6.14, 'gy': -8.02, 'gz': -7.33}, {'t_us': 947893293, 'ax': -1.04, 'ay': 0.0, 'az': 0.38, 'gx': -1.16, 'gy': -1.1, 'gz': -0.15}, {'t_us': 947913306, 'ax': -1.03, 'ay': 0.03, 'az': 0.44, 'gx': -3.59, 'gy': 1.74, 'gz': 8.17}, {'t_us': 947933330, 'ax': -0.99, 'ay': 0.07, 'az': 0.43, 'gx': -3.71, 'gy': 3.5, 'gz': 8.14}]",2026-02-13 10:15:50,0.0
"[{'t_us': 947959716, 'ax': -0.97, 'ay': -0.15, 'az': 0.31, 'gx': -0.14, 'gy': 19.18, 'gz': 1.82}, {'t_us': 947973311, 'ax': -0.98, 'ay': -0.16, 'az': 0.19, 'gx': 2.52, 'gy': 24.61, 'gz': 1.89}, {'t_us': 947993338, 'ax': -0.91, 'ay': -0.08, 'az': 0.0, 'gx': 13.05, 'gy': 20.66, 'gz': 4.73}, {'t_us': 948013306, 'ax': -0.97, 'ay': -0.09, 'az': -0.24, 'gx': 23.18, 'gy': 24.87, 'gz': 9.59}, {'t_us': 948033333, 'ax': -1.07, 'ay': -0.15, 'az': -0.27, 'gx': 30.26, 'gy': 14.61, 'gz': 18.44}]",2026-02-13 10:15:51,0.0
"[{'t_us': 948060017, 'ax': -1.21, 'ay': -0.21, 'az': -0.23, 'gx': 43.36, 'gy': -4.14, 'gz': 16.46}, {'t_us': 948074321, 'ax': -1.15, 'ay': -0.2, 'az': -0.16, 'gx': 47.98, 'gy': -5.57, 'gz': 8.17}, {'t_us': 948093274, 'ax': -1.1, 'ay': -0.1, 'az': 0.02, 'gx': 50.32, 'gy': -6.14, 'gz': -5.4}, {'t_us': 948113306, 'ax': -1.01, 'ay': -0.01, 'az': 0.18, 'gx': 44.23, 'gy': 1.04, 'gz': -21.66}, {'t_us': 948133329, 'ax': -0.94, 'ay': 0.07, 'az': 0.2, 'gx': 37.21, 'gy': 5.42, 'gz': -35.39}]",2026-02-13 10:15:51,0.0
"[{'t_us': 948157916, 'ax': -0.93, 'ay': 0.16, 'az': 0.2, 'gx': 25.44, 'gy': 7.82, 'gz': -44.76}, {'t_us': 948173311, 'ax': -0.92, 'ay': 0.11, 'az': 0.17, 'gx': 16.26, 'gy': 3.5, 'gz': -47.69}, {'t_us': 948193326, 'ax': -0.83, 'ay': 0.04, 'az': 0.09, 'gx': 4.27, 'gy': 6.17, 'gz': -45.85}, {'t_us': 948213330, 'ax': -0.78, 'ay': -0.01, 'az': 0.1, 'gx': -3.65, 'gy': 8.0, 'gz': -41.39}, {'t_us': 948233317, 'ax': -0.76, 'ay': -0.04, 'az': 0.12, 'gx': -12.32, 'gy': 8.27, 'gz': -36.43}]",2026-02-13 10:15:51,0.0
"[{'t_us': 948257919, 'ax': -0.8, 'ay': -0.13, 'az': 0.15, 'gx': -23.31, 'gy': 11.33, 'gz': -30.87}, {'t_us': 948273326, 'ax': -0.79, 'ay': -0.2, 'az': 0.15, 'gx': -26.05, 'gy': 10.44, 'gz': -28.24}, {'t_us': 948293330, 'ax': -0.8, 'ay': -0.28, 'az': 0.13, 'gx': -25.25, 'gy': 5.71, 'gz': -24.27}, {'t_us': 948313334, 'ax': -0.78, 'ay': -0.34, 'az': 0.16, 'gx': -22.03, 'gy': 5.22, 'gz': -18.15}, {'t_us': 948333280, 'ax': -0.74, 'ay': -0.41, 'az': 0.14, 'gx': -16.15, 'gy': 7.76, 'gz': -9.3}]",2026-02-13 10:15:51,0.0
"[{'t_us': 948357941, 'ax': -0.73, 'ay': -0.37, 'az': 0.16, 'gx': -6.27, 'gy': 5.83, 'gz': -0.87}, {'t_us': 948373335, 'ax': -0.74, 'ay': -0.37, 'az': 0.19, 'gx': -2.46, 'gy': 4.41, 'gz': 1.71}, {'t_us': 948393317, 'ax': -0.75, 'ay': -0.31, 'az': 0.24, 'gx': -2.96, 'gy': 5.11, 'gz': 4.76}, {'t_us': 948413338, 'ax': -0.82, 'ay': -0.26, 'az': 0.28, 'gx': -5.82, 'gy': 6.58, 'gz': 7.31}, {'t_us': 948433275, 'ax': -0.91, 'ay': -0.22, 'az': 0.3, 'gx': -8.17, 'gy': 4.35, 'gz': 9.56}]",2026-02-13 10:15:51,0.0
"[{'t_us': 948459394, 'ax': -0.96, 'ay': -0.26, 'az': 0.3, 'gx': -3.97, 'gy': 3.01, 'gz': 13.79}, {'t_us': 948474045, 'ax': -1.04, 'ay': -0.31, 'az': 0.27, 'gx': -1.77, 'gy': 2.72, 'gz': 13.92}, {'t_us': 948493333, 'ax': -1.21, 'ay': -0.41, 'az': 0.26, 'gx': 7.56, 'gy': -0.37, 'gz': 6.41}, {'t_us': 948513293, 'ax': -1.14, 'ay': -0.45, 'az': 0.35, 'gx': 14.5, 'gy': -9.57, 'gz': -6.49}, {'t_us': 948533321, 'ax': -1.06, 'ay': -0.3, 'az': 0.34, 'gx': 15.18, 'gy': -16.78, 'gz': -11.6}]",2026-02-13 10:15:51,0.0
"[{'t_us': 948559405, 'ax': -0.91, 'ay': -0.07, 'az': 0.07, 'gx': 10.64, 'gy': 8.6, 'gz': -14.67}, {'t_us': 948573326, 'ax': -0.83, 'ay': -0.02, 'az': -0.04, 'gx': 5.54, 'gy': 7.37, 'gz': -14.7}, {'t_us': 948593311, 'ax': -0.84, 'ay': 0.06, 'az': -0.15, 'gx': -3.1, 'gy': 24.79, 'gz': -14.98}, {'t_us': 948613338, 'ax': -0.99, 'ay': 0.08, 'az': -0.1, 'gx': -3.22, 'gy': 31.27, 'gz': -22.76}, {'t_us': 948633292, 'ax': -1.3, 'ay': -0.01, 'az': 0.04, 'gx': -2.69, 'gy': 27.8, 'gz': -32.27}]",2026-02-13 10:15:51,0.0
"[{'t_us': 948659533, 'ax': -1.31, 'ay': -0.19, 'az': 0.08, 'gx': 2.55, 'gy': 10.79, 'gz': -25.77}, {'t_us': 948673363, 'ax': -1.08, 'ay': -0.29, 'az': 0.07, 'gx': 8.46, 'gy': 18.11, 'gz': -15.91}, {'t_us': 948693274, 'ax': -0.83, 'ay': -0.28, 'az': 0.13, 'gx': 15.1, 'gy': 28.43, 'gz': 9.73}, {'t_us': 948713274, 'ax': -0.65, 'ay': -0.22, 'az': 0.06, 'gx': 16.81, 'gy': 42.15, 'gz': 30.85}, {'t_us': 948733285, 'ax': -0.62, 'ay': -0.1, 'az': -0.03, 'gx': 14.43, 'gy': 51.82, 'gz': 46.75}]",2026-02-13 10:15:51,0.0
"[{'t_us': 948759759, 'ax': -0.62, 'ay': -0.01, 'az': -0.08, 'gx': 9.25, 'gy': 48.7, 'gz': 46.03}, {'t_us': 948773326, 'ax': -0.74, 'ay': -0.01, 'az': -0.12, 'gx': 9.62, 'gy': 45.62, 'gz': 38.41}, {'t_us': 948793333, 'ax': -0.89, 'ay': -0.03, 'az': -0.13, 'gx': 14.6, 'gy': 39.45, 'gz': 23.19}, {'t_us': 948813293, 'ax': -1.01, 'ay': -0.03, 'az': -0.06, 'gx': 21.19, 'gy': 29.98, 'gz': 13.08}, {'t_us': 948833333, 'ax': -1.0, 'ay': -0.02, 'az': -0.0, 'gx': 27.76, 'gy': 10.9, 'gz': 12.26}]",2026-02-13 10:15:51,0.0
"[{'t_us': 948859482, 'ax': -0.88, 'ay': 0.07, 'az': 0.15, 'gx': 25.68, 'gy': 0.64, 'gz': 19.05}, {'t_us': 948873326, 'ax': -0.83, 'ay': 0.1, 'az': 0.24, 'gx': 19.94, 'gy': 0.9, 'gz': 18.87}, {'t_us': 948893270, 'ax': -0.83, 'ay': 0.1, 'az': 0.29, 'gx': 10.35, 'gy': -0.73, 'gz': 15.01}, {'t_us': 948913306, 'ax': -0.85, 'ay': 0.09, 'az': 0.27, 'gx': 3.79, 'gy': -1.37, 'gz': 6.15}, {'t_us': 948933321, 'ax': -0.86, 'ay': 0.06, 'az': 0.22, 'gx': -2.18, 'gy': 1.39, 'gz': -1.11}]",2026-02-13 10:15:51,0.0
"[{'t_us': 948959472, 'ax': -1.05, 'ay': 0.09, 'az': 0.11, 'gx': -2.81, 'gy': 8.17, 'gz': -20.47}, {'t_us': 948974778, 'ax': -0.92, 'ay': 0.01, 'az': 0.16, 'gx': -3.01, 'gy': 11.44, 'gz': -5.13}, {'t_us': 948993317, 'ax': -1.1, 'ay': -0.01, 'az': 0.16, 'gx': -2.81, 'gy': -3.45, 'gz': -2.99}, {'t_us': 949013311, 'ax': -1.16, 'ay': 0.07, 'az': 0.14, 'gx': -7.11, 'gy': -12.43, 'gz': -3.34}, {'t_us': 949033311, 'ax': -1.07, 'ay': 0.09, 'az': 0.18, 'gx': -7.36, 'gy': -29.57, 'gz': 2.03}]",2026-02-13 10:15:52,0.0
"[{'t_us': 949059306, 'ax': -0.92, 'ay': 0.04, 'az': 0.18, 'gx': -4.37, 'gy': -36.23, 'gz': 3.08}, {'t_us': 949073302, 'ax': -0.95, 'ay': -0.08, 'az': 0.05, 'gx': -2.12, 'gy': -26.73, 'gz': 1.54}, {'t_us': 949093274, 'ax': -1.01, 'ay': -0.21, 'az': -0.29, 'gx': 9.4, 'gy': -1.91, 'gz': 8.21}, {'t_us': 949113306, 'ax': -1.04, 'ay': -0.45, 'az': -0.54, 'gx': 18.7, 'gy': 22.27, 'gz': 26.61}, {'t_us': 949133274, 'ax': -1.25, 'ay': -0.48, 'az': -0.62, 'gx': 29.37, 'gy': 25.92, 'gz': 45.01}]",2026-02-13 10:15:52,0.0
"[{'t_us': 949158102, 'ax': -1.25, 'ay': -0.26, 'az': -0.19, 'gx': 41.33, 'gy': -20.11, 'gz': 35.6}, {'t_us': 949173301, 'ax': -1.18, 'ay': -0.16, 'az': -0.06, 'gx': 41.31, 'gy': -18.73, 'gz': 20.46}, {'t_us': 949193318, 'ax': -1.15, 'ay': -0.04, 'az': -0.01, 'gx': 42.15, 'gy': -5.33, 'gz': -9.02}, {'t_us': 949213274, 'ax': -1.17, 'ay': 0.17, 'az': 0.07, 'gx': 43.02, 'gy': 6.03, 'gz': -32.41}, {'t_us': 949233301, 'ax': -1.06, 'ay': 0.21, 'az': 0.07, 'gx': 41.74, 'gy': 6.52, 'gz': -44.52}]",2026-02-13 10:15:52,0.0
"[{'t_us': 949258072, 'ax': -0.88, 'ay': 0.12, 'az': 0.06, 'gx': 29.71, 'gy': -11.01, 'gz': -45.4}, {'t_us': 949273326, 'ax': -0.72, 'ay': 0.09, 'az': 0.09, 'gx': 17.54, 'gy': -16.11, 'gz': -44.31}, {'t_us': 949293282, 'ax': -0.57, 'ay': 0.02, 'az': 0.1, 'gx': 0.06, 'gy': -14.63, 'gz': -38.32}, {'t_us': 949313333, 'ax': -0.51, 'ay': -0.09, 'az': 0.12, 'gx': -16.69, 'gy': 1.1, 'gz': -27.71}, {'t_us': 949333333, 'ax': -0.57, 'ay': -0.19, 'az': 0.12, 'gx': -27.3, 'gy': 19.05, 'gz': -19.25}]",2026-02-13 10:15:52,0.0
"[{'t_us': 949359447, 'ax': -0.74, 'ay': -0.31, 'az': 0.12, 'gx': -29.91, 'gy': 18.96, 'gz': -13.77}, {'t_us': 949373307, 'ax': -0.79, 'ay': -0.31, 'az': 0.11, 'gx': -28.2, 'gy': 15.13, 'gz': -12.43}, {'t_us': 949393329, 'ax': -0.85, 'ay': -0.31, 'az': 0.07, 'gx': -24.43, 'gy': 10.21, 'gz': -10.75}, {'t_us': 949413330, 'ax': -0.84, 'ay': -0.3, 'az': 0.04, 'gx': -20.41, 'gy': 10.05, 'gz': -9.82}, {'t_us': 949433274, 'ax': -0.84, 'ay': -0.24, 'az': 0.14, 'gx': -19.54, 'gy': 2.87, 'gz': -8.08}]",2026-02-13 10:15:52,0.0
"[{'t_us': 949459440, 'ax': -0.88, 'ay': -0.22, 'az': 0.26, 'gx': -26.98, 'gy': -4.84, 'gz': -1.48}, {'t_us': 949473326, 'ax': -0.92, 'ay': -0.22, 'az': 0.27, 'gx': -31.57, 'gy': -5.66, 'gz': 2.78}, {'t_us': 949493271, 'ax': -1.0, 'ay': -0.25, 'az': 0.26, 'gx': -35.4, 'gy': -13.73, 'gz': 8.4}, {'t_us': 949513280, 'ax': -1.04, 'ay': -0.35, 'az': 0.19, 'gx': -32.47, 'gy': -21.56, 'gz': 11.56}, {'t_us': 949533311, 'ax': -1.08, 'ay': -0.55, 'az': 0.1, 'gx': -21.51, 'gy': -12.84, 'gz': 3.16}]",2026-02-13 10:15:52,0.0
"[{'t_us': 949558451, 'ax': -1.04, 'ay': -0.62, 'az': 0.12, 'gx': 7.54, 'gy': -14.24, 'gz': -19.24}, {'t_us': 949573311, 'ax': -0.94, 'ay': -0.55, 'az': 0.12, 'gx': 19.3, 'gy': -20.43, 'gz': -23.04}, {'t_us': 949593317, 'ax': -1.03, 'ay': -0.29, 'az': 0.17, 'gx': 15.57, 'gy': -14.11, 'gz': -23.66}, {'t_us': 949613338, 'ax': -1.09, 'ay': -0.1, 'az': 0.02, 'gx': 9.66, 'gy': -2.43, 'gz': -29.05}, {'t_us': 949633270, 'ax': -1.19, 'ay': 0.1, 'az': -0.39, 'gx': -4.46, 'gy': 18.15, 'gz': -36.95}]",2026-02-13 10:15:52,0.0
"[{'t_us': 949659426, 'ax': -1.22, 'ay': 0.4, 'az': -0.29, 'gx': -11.98, 'gy': 17.51, 'gz': -54.98}, {'t_us': 949673270, 'ax': -1.2, 'ay': 0.31, 'az': -0.06, 'gx': -8.9, 'gy': -19.65, 'gz': -50.17}, {'t_us': 949693274, 'ax': -1.12, 'ay': 0.14, 'az': 0.08, 'gx': -20.03, 'gy': -32.31, 'gz': -31.6}, {'t_us': 949713338, 'ax': -1.05, 'ay': -0.11, 'az': 0.1, 'gx': -33.73, 'gy': -11.88, 'gz': -5.28}, {'t_us': 949733311, 'ax': -1.0, 'ay': -0.35, 'az': 0.07, 'gx': -30.96, 'gy': 6.2, 'gz': 22.64}]",2026-02-13 10:15:52,0.0
"[{'t_us': 949760703, 'ax': -0.92, 'ay': -0.38, 'az': -0.06, 'gx': -16.34, 'gy': 8.66, 'gz': 39.25}, {'t_us': 949773318, 'ax': -0.81, 'ay': -0.33, 'az': -0.12, 'gx': -8.76, 'gy': 6.43, 'gz': 42.5}, {'t_us': 949793321, 'ax': -0.68, 'ay': -0.24, 'az': -0.11, 'gx': 2.7, 'gy': 3.22, 'gz': 42.26}, {'t_us': 949813301, 'ax': -0.63, 'ay': -0.13, 'az': -0.03, 'gx': 10.37, 'gy': 10.63, 'gz': 35.16}, {'t_us': 949833301, 'ax': -0.69, 'ay': -0.07, 'az': 0.0, 'gx': 20.38, 'gy': 16.21, 'gz': 27.4}]",2026-02-13 10:15:52,0.0
"[{'t_us': 949859459, 'ax': -0.86, 'ay': 0.03, 'az': 0.05, 'gx': 30.64, 'gy': 18.89, 'gz': 18.92}, {'t_us': 949874528, 'ax': -0.86, 'ay': 0.05, 'az': 0.08, 'gx': 34.66, 'gy': 15.79, 'gz': 19.19}, {'t_us': 949893326, 'ax': -0.87, 'ay': 0.08, 'az': 0.13, 'gx': 36.08, 'gy': 10.26, 'gz': 19.34}, {'t_us': 949913292, 'ax': -0.84, 'ay': 0.09, 'az': 0.16, 'gx': 33.5, 'gy': 2.89, 'gz': 17.45}, {'t_us': 949933326, 'ax': -0.83, 'ay': 0.11, 'az': 0.17, 'gx': 32.85, 'gy': -2.02, 'gz': 0.67}]",2026-02-13 10:15:52,0.0
"[{'t_us': 949959495, 'ax': -0.89, 'ay': 0.08, 'az': 0.25, 'gx': 29.33, 'gy': -7.07, 'gz': -16.58}, {'t_us': 949973358, 'ax': -0.85, 'ay': 0.06, 'az': 0.24, 'gx': 27.53, 'gy': -12.9, 'gz': -26.43}, {'t_us': 949993306, 'ax': -0.79, 'ay': 0.04, 'az': 0.26, 'gx': 26.56, 'gy': -17.88, 'gz': -27.94}, {'t_us': 950013317, 'ax': -0.79, 'ay': -0.04, 'az': 0.26, 'gx': 23.47, 'gy': -16.58, 'gz': -22.31}, {'t_us': 950033338, 'ax': -0.87, 'ay': -0.11, 'az': 0.21, 'gx': 10.06, 'gy': 8.92, 'gz': -6.96}]",2026-02-13 10:15:53,0.0
"[{'t_us': 950058018, 'ax': -0.99, 'ay': -0.06, 'az': 0.12, 'gx': 9.74, 'gy': 0.4, 'gz': 1.25}, {'t_us': 950073317, 'ax': -0.94, 'ay': -0.06, 'az': 0.12, 'gx': 12.37, 'gy': -7.44, 'gz': 1.74}, {'t_us': 950093321, 'ax': -0.91, 'ay': -0.07, 'az': 0.15, 'gx': 18.29, 'gy': -15.44, 'gz': 1.47}, {'t_us': 950113324, 'ax': -1.07, 'ay': -0.05, 'az': 0.21, 'gx': 20.21, 'gy': -16.32, 'gz': 1.24}, {'t_us': 950133301, 'ax': -1.34, 'ay': 0.03, 'az': 0.07, 'gx': 22.02, 'gy': -17.53, 'gz': 7.07}]",2026-02-13 10:15:53,0.0
"[{'t_us': 950159454, 'ax': -1.28, 'ay': -0.19, 'az': -0.49, 'gx': 24.87, 'gy': 28.09, 'gz': 27.16}, {'t_us': 950173301, 'ax': -1.13, 'ay': -0.22, 'az': -0.38, 'gx': 28.56, 'gy': 10.47, 'gz': 30.73}, {'t_us': 950193326, 'ax': -0.83, 'ay': -0.31, 'az': -0.15, 'gx': 31.88, 'gy': -2.27, 'gz': 27.33}, {'t_us': 950213289, 'ax': -0.99, 'ay': -0.28, 'az': -0.08, 'gx': 29.98, 'gy': 10.78, 'gz': 10.08}, {'t_us': 950233301, 'ax': -1.04, 'ay': -0.07, 'az': -0.01, 'gx': 25.45, 'gy': 15.88, 'gz': -8.29}]",2026-02-13 10:15:53,0.0
"[{'t_us': 950260002, 'ax': -1.21, 'ay': 0.15, 'az': 0.04, 'gx': 13.53, 'gy': 11.85, 'gz': -19.76}, {'t_us': 950273333, 'ax': -1.13, 'ay': 0.17, 'az': 0.06, 'gx': 5.4, 'gy': 7.13, 'gz': -20.79}, {'t_us': 950293338, 'ax': -0.93, 'ay': 0.1, 'az': 0.06, 'gx': -11.28, 'gy': -0.32, 'gz': -18.49}, {'t_us': 950313285, 'ax': -0.77, 'ay': 0.01, 'az': 0.02, 'gx': -27.48, 'gy': 2.92, 'gz': -15.11}, {'t_us': 950333321, 'ax': -0.66, 'ay': -0.09, 'az': 0.03, 'gx': -37.28, 'gy': 5.24, 'gz': -9.31}]",2026-02-13 10:15:53,0.0
"[{'t_us': 950357999, 'ax': -0.72, 'ay': -0.12, 'az': 0.08, 'gx': -51.73, 'gy': 14.43, 'gz': 1.28}, {'t_us': 950373330, 'ax': -0.84, 'ay': -0.12, 'az': 0.06, 'gx': -61.71, 'gy': 19.62, 'gz': 2.95}, {'t_us': 950393333, 'ax': -1.0, 'ay': -0.14, 'az': 0.01, 'gx': -71.18, 'gy': 17.21, 'gz': 2.5}, {'t_us': 950413293, 'ax': -1.02, 'ay': -0.17, 'az': -0.02, 'gx': -72.99, 'gy': 9.97, 'gz': 1.39}, {'t_us': 950433307, 'ax': -0.99, 'ay': -0.19, 'az': 0.0, 'gx': -70.92, 'gy': 6.58, 'gz': -0.92}]",2026-02-13 10:15:53,0.0
"[{'t_us': 950459933, 'ax': -0.95, 'ay': -0.22, 'az': 0.05, 'gx': -71.36, 'gy': 0.92, 'gz': 2.63}, {'t_us': 950473338, 'ax': -0.96, 'ay': -0.19, 'az': 0.09, 'gx': -73.34, 'gy': 0.2, 'gz': 4.44}, {'t_us': 950493306, 'ax': -0.93, 'ay': -0.13, 'az': 0.07, 'gx': -76.6, 'gy': 0.85, 'gz': 6.4}, {'t_us': 950513333, 'ax': -0.92, 'ay': -0.08, 'az': 0.08, 'gx': -78.9, 'gy': 2.6, 'gz': 6.55}, {'t_us': 950533311, 'ax': -0.86, 'ay': -0.12, 'az': 0.09, 'gx': -81.53, 'gy': 3.45, 'gz': 8.44}]",2026-02-13 10:15:53,0.0
"[{'t_us': 950560027, 'ax': -0.87, 'ay': -0.21, 'az': 0.08, 'gx': -84.15, 'gy': 4.31, 'gz': 12.85}, {'t_us': 950573287, 'ax': -0.9, 'ay': -0.23, 'az': 0.03, 'gx': -85.01, 'gy': 6.32, 'gz': 14.61}, {'t_us': 950593280, 'ax': -0.9, 'ay': -0.28, 'az': -0.02, 'gx': -85.65, 'gy': 7.62, 'gz': 16.93}, {'t_us': 950613338, 'ax': -0.88, 'ay': -0.29, 'az': -0.04, 'gx': -84.67, 'gy': 7.82, 'gz': 19.63}, {'t_us': 950633301, 'ax': -0.83, 'ay': -0.25, 'az': -0.01, 'gx': -84.75, 'gy': 6.69, 'gz': 24.14}]",2026-02-13 10:15:53,0.0
"[{'t_us': 950657944, 'ax': -0.78, 'ay': -0.11, 'az': 0.02, 'gx': -95.01, 'gy': 10.78, 'gz': 31.28}, {'t_us': 950673338, 'ax': -0.77, 'ay': 0.03, 'az': 0.02, 'gx': -106.9, 'gy': 13.42, 'gz': 39.3}, {'t_us': 950693338, 'ax': -0.89, 'ay': 0.25, 'az': -0.13, 'gx': -125.1, 'gy': 25.56, 'gz': 48.61}, {'t_us': 950713306, 'ax': -1.13, 'ay': 0.4, 'az': -0.21, 'gx': -133.07, 'gy': 33.01, 'gz': 48.37}, {'t_us': 950733317, 'ax': -1.24, 'ay': 0.28, 'az': -0.17, 'gx': -125.89, 'gy': 29.86, 'gz': 36.17}]",2026-02-13 10:15:53,0.0
"[{'t_us': 950759664, 'ax': -1.16, 'ay': -0.07, 'az': -0.02, 'gx': -103.68, 'gy': 21.02, 'gz': 20.87}, {'t_us': 950775721, 'ax': -1.14, 'ay': -0.18, 'az': -0.11, 'gx': -94.6, 'gy': 26.35, 'gz': 15.74}, {'t_us': 950793306, 'ax': -1.0, 'ay': -0.08, 'az': -0.15, 'gx': -94.93, 'gy': 25.42, 'gz': 17.01}, {'t_us': 950813333, 'ax': -0.95, 'ay': 0.08, 'az': -0.13, 'gx': -89.98, 'gy': 12.84, 'gz': 28.02}, {'t_us': 950833301, 'ax': -0.95, 'ay': 0.17, 'az': -0.05, 'gx': -87.4, 'gy': 3.47, 'gz': 36.41}]",2026-02-13 10:15:53,0.0
"[{'t_us': 950857885, 'ax': -0.97, 'ay': 0.2, 'az': 0.01, 'gx': -88.41, 'gy': -0.61, 'gz': 38.58}, {'t_us': 950873329, 'ax': -0.96, 'ay': 0.16, 'az': 0.01, 'gx': -87.69, 'gy': -0.4, 'gz': 34.84}, {'t_us': 950893333, 'ax': -0.92, 'ay': 0.09, 'az': -0.02, 'gx': -79.68, 'gy': -0.26, 'gz': 28.81}, {'t_us': 950913293, 'ax': -0.89, 'ay': 0.02, 'az': -0.04, 'gx': -67.91, 'gy': -3.11, 'gz': 22.84}, {'t_us': 950933301, 'ax': -0.85, 'ay': 0.02, 'az': -0.04, 'gx': -56.38, 'gy': -9.01, 'gz': 17.76}]",2026-02-13 10:15:53,0.0
"[{'t_us': 950958004, 'ax': -0.87, 'ay': 0.13, 'az': -0.05, 'gx': -45.25, 'gy': -9.71, 'gz': 12.02}, {'t_us': 950973284, 'ax': -0.9, 'ay': 0.21, 'az': -0.02, 'gx': -39.6, 'gy': -6.53, 'gz': 8.43}, {'t_us': 950993293, 'ax': -0.93, 'ay': 0.28, 'az': 0.02, 'gx': -38.43, 'gy': -4.29, 'gz': 4.92}, {'t_us': 951013321, 'ax': -0.91, 'ay': 0.29, 'az': 0.02, 'gx': -40.56, 'gy': -1.79, 'gz': 4.79}, {'t_us': 951033321, 'ax': -0.92, 'ay': 0.3, 'az': -0.01, 'gx': -44.44, 'gy': 2.32, 'gz': 7.19}]",2026-02-13 10:15:54,0.0
"[{'t_us': 951058172, 'ax': -0.92, 'ay': 0.3, 'az': -0.01, 'gx': -46.35, 'gy': 5.05, 'gz': 7.79}, {'t_us': 951073326, 'ax': -0.9, 'ay': 0.3, 'az': -0.0, 'gx': -49.39, 'gy': 7.57, 'gz': 6.17}, {'t_us': 951093330, 'ax': -0.86, 'ay': 0.32, 'az': 0.01, 'gx': -55.22, 'gy': 12.14, 'gz': 3.69}, {'t_us': 951113284, 'ax': -0.88, 'ay': 0.31, 'az': -0.02, 'gx': -56.84, 'gy': 20.35, 'gz': 0.64}, {'t_us': 951133292, 'ax': -0.9, 'ay': 0.3, 'az': -0.03, 'gx': -56.84, 'gy': 24.93, 'gz': -2.56}]",2026-02-13 10:15:54,0.0
"[{'t_us': 951159515, 'ax': -0.87, 'ay': 0.32, 'az': -0.05, 'gx': -59.51, 'gy': 25.45, 'gz': -1.76}, {'t_us': 951173270, 'ax': -0.86, 'ay': 0.34, 'az': -0.04, 'gx': -60.95, 'gy': 26.67, 'gz': -0.53}, {'t_us': 951193270, 'ax': -0.83, 'ay': 0.37, 'az': -0.06, 'gx': -62.64, 'gy': 28.76, 'gz': -0.17}, {'t_us': 951213270, 'ax': -0.78, 'ay': 0.35, 'az': 0.0, 'gx': -63.28, 'gy': 27.8, 'gz': -0.61}, {'t_us': 951233328, 'ax': -0.73, 'ay': 0.28, 'az': 0.02, 'gx': -63.19, 'gy': 30.05, 'gz': -2.15}]",2026-02-13 10:15:54,0.0
"[{'t_us': 951258114, 'ax': -0.79, 'ay': 0.11, 'az': -0.05, 'gx': -55.01, 'gy': 37.86, 'gz': -5.33}, {'t_us': 951273328, 'ax': -0.9, 'ay': 0.02, 'az': -0.1, 'gx': -45.88, 'gy': 39.91, 'gz': -8.09}, {'t_us': 951293330, 'ax': -1.06, 'ay': -0.12, 'az': -0.14, 'gx': -44.84, 'gy': 42.96, 'gz': -7.3}, {'t_us': 951313284, 'ax': -1.38, 'ay': -0.31, 'az': -0.19, 'gx': -46.82, 'gy': 57.28, 'gz': 0.09}, {'t_us': 951333301, 'ax': -1.23, 'ay': -0.17, 'az': 0.02, 'gx': -50.66, 'gy': -4.6, 'gz': 5.27}]",2026-02-13 10:15:54,0.0
"[{'t_us': 951359647, 'ax': -1.08, 'ay': -0.13, 'az': -0.01, 'gx': -56.85, 'gy': 0.23, 'gz': 6.78}, {'t_us': 951375042, 'ax': -1.13, 'ay': -0.17, 'az': -0.07, 'gx': -57.05, 'gy': 11.47, 'gz': -0.23}, {'t_us': 951393330, 'ax': -1.17, 'ay': -0.26, 'az': -0.14, 'gx': -52.03, 'gy': 16.35, 'gz': -14.64}, {'t_us': 951413306, 'ax': -1.24, 'ay': -0.34, 'az': -0.24, 'gx': -48.92, 'gy': 15.94, 'gz': -24.5}, {'t_us': 951433311, 'ax': -1.23, 'ay': -0.31, 'az': -0.2, 'gx': -51.28, 'gy': 8.92, 'gz': -27.71}]",2026-02-13 10:15:54,0.0
"[{'t_us': 951459572, 'ax': -1.0, 'ay': -0.21, 'az': -0.18, 'gx': -54.03, 'gy': 6.46, 'gz': -25.83}, {'t_us': 951473682, 'ax': -0.87, 'ay': -0.21, 'az': -0.16, 'gx': -54.58, 'gy': 10.43, 'gz': -23.28}, {'t_us': 951493274, 'ax': -0.76, 'ay': -0.24, 'az': -0.15, 'gx': -55.4, 'gy': 23.89, 'gz': -17.71}, {'t_us': 951513306, 'ax': -0.69, 'ay': -0.28, 'az': -0.2, 'gx': -52.99, 'gy': 34.15, 'gz': -10.52}, {'t_us': 951533279, 'ax': -0.68, 'ay': -0.29, 'az': -0.19, 'gx': -46.24, 'gy': 39.47, 'gz': -4.75}]",2026-02-13 10:15:54,0.0
"[{'t_us': 951558219, 'ax': -0.73, 'ay': -0.23, 'az': -0.2, 'gx': -35.71, 'gy': 43.86, 'gz': 2.55}, {'t_us': 951573330, 'ax': -0.81, 'ay': -0.2, 'az': -0.22, 'gx': -29.01, 'gy': 42.38, 'gz': 3.63}, {'t_us': 951593333, 'ax': -0.91, 'ay': -0.2, 'az': -0.24, 'gx': -19.45, 'gy': 41.76, 'gz': 2.41}, {'t_us': 951613293, 'ax': -0.96, 'ay': -0.22, 'az': -0.23, 'gx': -11.76, 'gy': 40.17, 'gz': 1.3}, {'t_us': 951633311, 'ax': -0.96, 'ay': -0.19, 'az': -0.18, 'gx': -7.16, 'gy': 36.92, 'gz': 2.92}]",2026-02-13 10:15:54,0.0
"[{'t_us': 951660091, 'ax': -0.95, 'ay': -0.09, 'az': -0.14, 'gx': -3.68, 'gy': 35.91, 'gz': 6.18}, {'t_us': 951673338, 'ax': -0.95, 'ay': -0.02, 'az': -0.12, 'gx': -3.62, 'gy': 35.56, 'gz': 6.2}, {'t_us': 951693338, 'ax': -0.99, 'ay': 0.01, 'az': -0.11, 'gx': -4.63, 'gy': 32.09, 'gz': 3.22}, {'t_us': 951713306, 'ax': -1.03, 'ay': -0.03, 'az': -0.15, 'gx': -2.79, 'gy': 30.55, 'gz': -1.57}, {'t_us': 951733317, 'ax': -1.09, 'ay': -0.07, 'az': -0.17, 'gx': -1.68, 'gy': 32.69, 'gz': -9.91}]",2026-02-13 10:15:54,
"[{'t_us': 951759577, 'ax': -1.09, 'ay': -0.15, 'az': -0.17, 'gx': -0.9, 'gy': 23.57, 'gz': -14.52}, {'t_us': 951773338, 'ax': -1.07, 'ay': -0.14, 'az': -0.16, 'gx': -2.76, 'gy': 18.43, 'gz': -15.89}, {'t_us': 951793274, 'ax': -1.02, 'ay': -0.14, 'az': -0.14, 'gx': -4.31, 'gy': 11.02, 'gz': -13.74}, {'t_us': 951813274, 'ax': -0.95, 'ay': -0.14, 'az': -0.14, 'gx': -2.79, 'gy': 6.99, 'gz': -9.53}, {'t_us': 951833311, 'ax': -0.93, 'ay': -0.18, 'az': -0.14, 'gx': 2.52, 'gy': 9.31, 'gz': -6.63}]",2026-02-13 10:15:54,0.0
"[{'t_us': 951858389, 'ax': -0.93, 'ay': -0.22, 'az': -0.09, 'gx': 8.34, 'gy': 13.48, 'gz': -5.68}, {'t_us': 951873280, 'ax': -0.93, 'ay': -0.22, 'az': -0.07, 'gx': 11.16, 'gy': 13.83, 'gz': -3.74}, {'t_us': 951893311, 'ax': -0.94, 'ay': -0.24, 'az': -0.05, 'gx': 18.46, 'gy': -0.52, 'gz': -0.82}, {'t_us': 951913306, 'ax': -0.91, 'ay': -0.26, 'az': -0.1, 'gx': 20.23, 'gy': -8.03, 'gz': 6.67}, {'t_us': 951933311, 'ax': -0.92, 'ay': -0.21, 'az': -0.1, 'gx': 17.3, 'gy': -20.11, 'gz': 13.27}]",2026-02-13 10:15:54,0.0
"[{'t_us': 951961421, 'ax': -0.94, 'ay': -0.14, 'az': -0.2, 'gx': 17.63, 'gy': -27.51, 'gz': 17.66}, {'t_us': 951973321, 'ax': -0.93, 'ay': -0.14, 'az': -0.38, 'gx': 22.09, 'gy': -27.71, 'gz': 21.36}, {'t_us': 951993326, 'ax': -1.01, 'ay': -0.22, 'az': -0.66, 'gx': 25.76, 'gy': 8.79, 'gz': 22.46}, {'t_us': 952013349, 'ax': -1.37, 'ay': -0.24, 'az': -0.43, 'gx': 23.83, 'gy': 17.66, 'gz': 6.7}, {'t_us': 952033274, 'ax': -1.27, 'ay': -0.05, 'az': -0.19, 'gx': 30.47, 'gy': -20.61, 'gz': -9.51}]",2026-02-13 10:15:55,0.0
"[{'t_us': 952057759, 'ax': -0.6, 'ay': 0.08, 'az': -0.27, 'gx': 26.75, 'gy': -27.74, 'gz': -3.36}, {'t_us': 952073285, 'ax': -0.39, 'ay': 0.11, 'az': -0.32, 'gx': 13.44, 'gy': -9.65, 'gz': 13.4}, {'t_us': 952093293, 'ax': -0.6, 'ay': 0.07, 'az': -0.38, 'gx': 3.86, 'gy': 11.98, 'gz': 27.15}, {'t_us': 952113321, 'ax': -0.96, 'ay': -0.0, 'az': -0.32, 'gx': 3.71, 'gy': 18.32, 'gz': 24.27}, {'t_us': 952133307, 'ax': -1.28, 'ay': -0.03, 'az': -0.31, 'gx': 6.08, 'gy': 14.14, 'gz': 11.53}]",2026-02-13 10:15:55,0.0
"[{'t_us': 952158562, 'ax': -1.21, 'ay': -0.09, 'az': -0.36, 'gx': 18.11, 'gy': 6.23, 'gz': -1.59}, {'t_us': 952173317, 'ax': -1.09, 'ay': -0.09, 'az': -0.33, 'gx': 24.0, 'gy': 5.1, 'gz': -1.83}, {'t_us': 952193338, 'ax': -0.95, 'ay': -0.07, 'az': -0.28, 'gx': 27.01, 'gy': 3.44, 'gz': 6.56}, {'t_us': 952213306, 'ax': -0.9, 'ay': -0.0, 'az': -0.26, 'gx': 24.5, 'gy': 4.2, 'gz': 14.9}, {'t_us': 952233307, 'ax': -0.98, 'ay': 0.02, 'az': -0.21, 'gx': 21.5, 'gy': 7.11, 'gz': 16.81}]",2026-02-13 10:15:55,0.0
"[{'t_us': 952260015, 'ax': -1.07, 'ay': -0.01, 'az': -0.19, 'gx': 21.02, 'gy': 2.32, 'gz': 14.02}, {'t_us': 952273319, 'ax': -1.03, 'ay': -0.04, 'az': -0.19, 'gx': 21.65, 'gy': -0.96, 'gz': 13.22}, {'t_us': 952293338, 'ax': -0.93, 'ay': -0.04, 'az': -0.15, 'gx': 23.6, 'gy': -2.66, 'gz': 12.78}, {'t_us': 952313338, 'ax': -0.84, 'ay': -0.02, 'az': -0.12, 'gx': 25.71, 'gy': -1.54, 'gz': 12.79}, {'t_us': 952333306, 'ax': -0.79, 'ay': 0.01, 'az': -0.1, 'gx': 26.17, 'gy': 0.78, 'gz': 12.26}]",2026-02-13 10:15:55,0.0
"[{'t_us': 952359167, 'ax': -0.83, 'ay': 0.03, 'az': -0.1, 'gx': 25.33, 'gy': 1.97, 'gz': 8.35}, {'t_us': 952373321, 'ax': -0.87, 'ay': 0.05, 'az': -0.11, 'gx': 26.37, 'gy': 1.07, 'gz': 4.58}, {'t_us': 952393284, 'ax': -0.91, 'ay': 0.01, 'az': -0.1, 'gx': 26.84, 'gy': 1.44, 'gz': 0.78}, {'t_us': 952413284, 'ax': -0.94, 'ay': -0.03, 'az': -0.11, 'gx': 29.97, 'gy': -2.38, 'gz': -4.02}, {'t_us': 952433317, 'ax': -0.9, 'ay': -0.05, 'az': -0.08, 'gx': 36.58, 'gy': -11.15, 'gz': -6.67}]",2026-02-13 10:15:55,0.0
"[{'t_us': 952458051, 'ax': -0.88, 'ay': -0.0, 'az': -0.12, 'gx': 41.88, 'gy': -28.67, 'gz': -9.44}, {'t_us': 952473328, 'ax': -0.8, 'ay': 0.03, 'az': -0.14, 'gx': 44.52, 'gy': -33.18, 'gz': -9.4}, {'t_us': 952493321, 'ax': -0.73, 'ay': 0.07, 'az': -0.13, 'gx': 44.29, 'gy': -31.19, 'gz': -6.43}, {'t_us': 952513326, 'ax': -0.72, 'ay': 0.04, 'az': -0.25, 'gx': 37.89, 'gy': -23.98, 'gz': -1.97}, {'t_us': 952533293, 'ax': -0.78, 'ay': -0.11, 'az': -0.41, 'gx': 34.38, 'gy': 5.3, 'gz': 13.28}]",2026-02-13 10:15:55,0.0
"[{'t_us': 952557575, 'ax': -1.2, 'ay': -0.22, 'az': -0.28, 'gx': 35.44, 'gy': -13.86, 'gz': 29.79}, {'t_us': 952574529, 'ax': -1.35, 'ay': -0.14, 'az': -0.34, 'gx': 30.12, 'gy': -21.11, 'gz': 30.32}, {'t_us': 952593338, 'ax': -1.29, 'ay': -0.08, 'az': -0.5, 'gx': 30.29, 'gy': -19.85, 'gz': 13.07}, {'t_us': 952613306, 'ax': -1.09, 'ay': -0.2, 'az': -0.46, 'gx': 44.18, 'gy': -9.6, 'gz': -1.3}, {'t_us': 952633270, 'ax': -0.97, 'ay': -0.18, 'az': -0.3, 'gx': 55.08, 'gy': -5.22, 'gz': -12.64}]",2026-02-13 10:15:55,0.0
"[{'t_us': 952657861, 'ax': -0.95, 'ay': -0.13, 'az': -0.23, 'gx': 51.69, 'gy': 0.5, 'gz': -14.26}, {'t_us': 952673342, 'ax': -1.02, 'ay': -0.12, 'az': -0.28, 'gx': 48.53, 'gy': 3.25, 'gz': -13.54}, {'t_us': 952693326, 'ax': -1.02, 'ay': -0.07, 'az': -0.31, 'gx': 48.81, 'gy': 0.95, 'gz': -14.66}, {'t_us': 952713280, 'ax': -0.98, 'ay': -0.11, 'az': -0.25, 'gx': 48.63, 'gy': -2.43, 'gz': -14.63}, {'t_us': 952733285, 'ax': -0.9, 'ay': -0.25, 'az': -0.22, 'gx': 47.59, 'gy': -1.4, 'gz': -13.66}]",2026-02-13 10:15:55,0.0
"[{'t_us': 952759838, 'ax': -0.85, 'ay': -0.35, 'az': -0.23, 'gx': 51.48, 'gy': 4.82, 'gz': -8.03}, {'t_us': 952773298, 'ax': -0.81, 'ay': -0.31, 'az': -0.22, 'gx': 54.2, 'gy': 7.56, 'gz': -5.04}, {'t_us': 952793285, 'ax': -0.8, 'ay': -0.22, 'az': -0.2, 'gx': 54.84, 'gy': 11.65, 'gz': -0.69}, {'t_us': 952813317, 'ax': -0.81, 'ay': -0.14, 'az': -0.2, 'gx': 54.81, 'gy': 11.88, 'gz': -1.02}, {'t_us': 952833338, 'ax': -0.84, 'ay': -0.12, 'az': -0.2, 'gx': 54.24, 'gy': 12.73, 'gz': -5.22}]",2026-02-13 10:15:55,0.0
"[{'t_us': 952859096, 'ax': -0.91, 'ay': -0.13, 'az': -0.26, 'gx': 59.68, 'gy': 11.66, 'gz': -11.31}, {'t_us': 952875197, 'ax': -0.93, 'ay': -0.13, 'az': -0.21, 'gx': 63.98, 'gy': 4.53, 'gz': -12.98}, {'t_us': 952893321, 'ax': -0.88, 'ay': -0.14, 'az': -0.11, 'gx': 62.47, 'gy': -2.17, 'gz': -11.3}, {'t_us': 952913274, 'ax': -0.82, 'ay': -0.13, 'az': -0.02, 'gx': 51.33, 'gy': 0.18, 'gz': -6.29}, {'t_us': 952933301, 'ax': -0.86, 'ay': -0.16, 'az': -0.03, 'gx': 41.77, 'gy': 7.42, 'gz': -2.31}]",2026-02-13 10:15:55,0.0
"[{'t_us': 952959389, 'ax': -0.98, 'ay': -0.2, 'az': -0.09, 'gx': 39.57, 'gy': 6.23, 'gz': -2.02}, {'t_us': 952973274, 'ax': -1.01, 'ay': -0.22, 'az': -0.12, 'gx': 40.08, 'gy': 2.32, 'gz': -2.92}, {'t_us': 952993317, 'ax': -0.98, 'ay': -0.21, 'az': -0.08, 'gx': 38.49, 'gy': -2.69, 'gz': -1.91}, {'t_us': 953013338, 'ax': -0.94, 'ay': -0.19, 'az': -0.01, 'gx': 32.11, 'gy': -5.92, 'gz': 0.52}, {'t_us': 953033317, 'ax': -0.9, 'ay': -0.15, 'az': 0.05, 'gx': 21.54, 'gy': -7.53, 'gz': 3.21}]",2026-02-13 10:15:56,0.0
"[{'t_us': 953057871, 'ax': -0.83, 'ay': -0.13, 'az': 0.08, 'gx': 8.32, 'gy': -5.73, 'gz': 6.29}, {'t_us': 953073270, 'ax': -0.79, 'ay': -0.12, 'az': 0.08, 'gx': -0.84, 'gy': -1.57, 'gz': 9.18}, {'t_us': 953093333, 'ax': -0.77, 'ay': -0.12, 'az': 0.08, 'gx': -8.23, 'gy': 5.1, 'gz': 11.86}, {'t_us': 953113293, 'ax': -0.8, 'ay': -0.18, 'az': 0.06, 'gx': -9.85, 'gy': 4.89, 'gz': 12.0}, {'t_us': 953133311, 'ax': -0.79, 'ay': -0.27, 'az': 0.02, 'gx': -6.24, 'gy': 5.56, 'gz': 11.4}]",2026-02-13 10:15:56,0.0
"[{'t_us': 953159479, 'ax': -0.79, 'ay': -0.31, 'az': -0.1, 'gx': 3.59, 'gy': 12.63, 'gz': 11.18}, {'t_us': 953173311, 'ax': -0.83, 'ay': -0.33, 'az': -0.08, 'gx': 6.6, 'gy': 9.89, 'gz': 13.19}, {'t_us': 953193292, 'ax': -0.92, 'ay': -0.31, 'az': -0.14, 'gx': 2.32, 'gy': 5.66, 'gz': 19.97}, {'t_us': 953213270, 'ax': -1.09, 'ay': -0.27, 'az': -0.42, 'gx': -1.76, 'gy': 28.4, 'gz': 21.92}, {'t_us': 953233270, 'ax': -1.34, 'ay': -0.2, 'az': -0.61, 'gx': 8.38, 'gy': 37.73, 'gz': 11.71}]",2026-02-13 10:15:56,0.0
"[{'t_us': 953258021, 'ax': -1.38, 'ay': -0.01, 'az': -0.41, 'gx': 28.9, 'gy': 17.04, 'gz': -11.73}, {'t_us': 953273333, 'ax': -1.11, 'ay': 0.14, 'az': -0.33, 'gx': 33.54, 'gy': 5.42, 'gz': -15.65}, {'t_us': 953293274, 'ax': -0.81, 'ay': 0.23, 'az': -0.26, 'gx': 26.89, 'gy': 10.12, 'gz': -8.29}, {'t_us': 953313306, 'ax': -0.86, 'ay': 0.17, 'az': -0.18, 'gx': 15.69, 'gy': 22.75, 'gz': 7.34}, {'t_us': 953333333, 'ax': -1.23, 'ay': 0.07, 'az': -0.13, 'gx': 12.38, 'gy': 26.35, 'gz': 10.69}]",2026-02-13 10:15:56,0.0
"[{'t_us': 953359222, 'ax': -1.39, 'ay': 0.01, 'az': -0.29, 'gx': 15.86, 'gy': 8.85, 'gz': 6.89}, {'t_us': 953373321, 'ax': -1.32, 'ay': 0.04, 'az': -0.28, 'gx': 16.17, 'gy': -2.14, 'gz': 7.37}, {'t_us': 953393329, 'ax': -1.12, 'ay': 0.01, 'az': -0.23, 'gx': 17.71, 'gy': -7.31, 'gz': 10.34}, {'t_us': 953413333, 'ax': -0.95, 'ay': -0.02, 'az': -0.21, 'gx': 18.24, 'gy': -3.5, 'gz': 12.95}, {'t_us': 953433340, 'ax': -0.86, 'ay': -0.01, 'az': -0.17, 'gx': 15.74, 'gy': 3.31, 'gz': 14.35}]",2026-02-13 10:15:56,0.0
"[{'t_us': 953459402, 'ax': -0.88, 'ay': 0.02, 'az': -0.18, 'gx': 9.47, 'gy': 4.38, 'gz': 16.67}, {'t_us': 953475880, 'ax': -0.9, 'ay': 0.05, 'az': -0.17, 'gx': 3.22, 'gy': 1.44, 'gz': 20.17}, {'t_us': 953493334, 'ax': -0.9, 'ay': 0.1, 'az': -0.19, 'gx': -3.15, 'gy': -2.66, 'gz': 22.0}, {'t_us': 953513301, 'ax': -0.85, 'ay': 0.12, 'az': -0.19, 'gx': -8.37, 'gy': -7.01, 'gz': 21.65}, {'t_us': 953533311, 'ax': -0.8, 'ay': 0.11, 'az': -0.15, 'gx': -11.8, 'gy': -8.47, 'gz': 19.19}]",2026-02-13 10:15:56,0.0
"[{'t_us': 953559435, 'ax': -0.81, 'ay': 0.1, 'az': -0.1, 'gx': -14.05, 'gy': -9.45, 'gz': 15.51}, {'t_us': 953574014, 'ax': -0.85, 'ay': 0.1, 'az': -0.11, 'gx': -15.44, 'gy': -9.42, 'gz': 13.24}, {'t_us': 953593279, 'ax': -0.86, 'ay': 0.08, 'az': -0.13, 'gx': -16.03, 'gy': -8.17, 'gz': 10.29}, {'t_us': 953613280, 'ax': -0.9, 'ay': 0.02, 'az': -0.17, 'gx': -12.81, 'gy': -7.86, 'gz': 5.65}, {'t_us': 953633333, 'ax': -0.92, 'ay': 0.0, 'az': -0.13, 'gx': -6.75, 'gy': -11.94, 'gz': 0.84}]",2026-02-13 10:15:56,0.0
"[{'t_us': 953659416, 'ax': -0.91, 'ay': 0.02, 'az': -0.08, 'gx': -1.63, 'gy': -15.42, 'gz': -3.8}, {'t_us': 953673337, 'ax': -0.9, 'ay': 0.04, 'az': -0.06, 'gx': -0.17, 'gy': -15.8, 'gz': -4.87}, {'t_us': 953693307, 'ax': -0.88, 'ay': 0.05, 'az': -0.03, 'gx': -0.58, 'gy': -13.97, 'gz': -5.82}, {'t_us': 953713301, 'ax': -0.9, 'ay': 0.08, 'az': 0.0, 'gx': -1.68, 'gy': -11.56, 'gz': -5.63}, {'t_us': 953733338, 'ax': -0.91, 'ay': 0.09, 'az': 0.02, 'gx': -3.83, 'gy': -9.66, 'gz': -5.02}]",2026-02-13 10:15:56,0.0
"[{'t_us': 953759697, 'ax': -0.89, 'ay': 0.13, 'az': 0.02, 'gx': -9.69, 'gy': -7.44, 'gz': -3.82}, {'t_us': 953775099, 'ax': -0.87, 'ay': 0.15, 'az': 0.01, 'gx': -14.61, 'gy': -6.15, 'gz': -2.82}, {'t_us': 953793321, 'ax': -0.85, 'ay': 0.18, 'az': 0.03, 'gx': -19.92, 'gy': -2.52, 'gz': -2.29}, {'t_us': 953813293, 'ax': -0.89, 'ay': 0.19, 'az': 0.04, 'gx': -25.71, 'gy': 0.56, 'gz': -2.89}, {'t_us': 953833321, 'ax': -0.93, 'ay': 0.18, 'az': 0.05, 'gx': -30.27, 'gy': 1.05, 'gz': -4.95}]",2026-02-13 10:15:56,0.0
"[{'t_us': 953859371, 'ax': -0.98, 'ay': 0.12, 'az': 0.06, 'gx': -31.08, 'gy': -2.81, 'gz': -11.22}, {'t_us': 953873293, 'ax': -0.97, 'ay': 0.06, 'az': 0.07, 'gx': -29.39, 'gy': -6.05, 'gz': -14.43}, {'t_us': 953893306, 'ax': -0.93, 'ay': 0.02, 'az': 0.07, 'gx': -26.81, 'gy': -12.21, 'gz': -17.73}, {'t_us': 953913330, 'ax': -0.89, 'ay': 0.02, 'az': 0.02, 'gx': -26.17, 'gy': -13.54, 'gz': -17.25}, {'t_us': 953933311, 'ax': -0.97, 'ay': 0.05, 'az': -0.06, 'gx': -31.28, 'gy': -15.88, 'gz': -14.85}]",2026-02-13 10:15:56,0.0
"[{'t_us': 953959486, 'ax': -1.14, 'ay': 0.13, 'az': -0.3, 'gx': -44.14, 'gy': 17.01, 'gz': 8.12}, {'t_us': 953973285, 'ax': -1.43, 'ay': 0.11, 'az': -0.5, 'gx': -48.14, 'gy': 35.28, 'gz': 19.6}, {'t_us': 953993293, 'ax': -1.37, 'ay': -0.06, 'az': -0.4, 'gx': -39.16, 'gy': 7.94, 'gz': 31.85}, {'t_us': 954013326, 'ax': -1.11, 'ay': -0.24, 'az': -0.36, 'gx': -23.36, 'gy': -24.29, 'gz': 22.32}, {'t_us': 954033333, 'ax': -0.74, 'ay': -0.39, 'az': -0.45, 'gx': -9.45, 'gy': -17.04, 'gz': 7.4}]",2026-02-13 10:15:57,0.0
"[{'t_us': 954057987, 'ax': -0.76, 'ay': -0.27, 'az': -0.3, 'gx': 6.23, 'gy': 14.98, 'gz': -5.42}, {'t_us': 954073321, 'ax': -0.94, 'ay': -0.06, 'az': -0.16, 'gx': 0.26, 'gy': 17.4, 'gz': -6.7}, {'t_us': 954093326, 'ax': -1.05, 'ay': 0.13, 'az': -0.06, 'gx': -11.71, 'gy': 16.87, 'gz': -2.53}, {'t_us': 954113279, 'ax': -1.18, 'ay': 0.23, 'az': -0.11, 'gx': -22.82, 'gy': 8.44, 'gz': 1.68}, {'t_us': 954133274, 'ax': -1.06, 'ay': 0.14, 'az': -0.16, 'gx': -27.31, 'gy': -3.89, 'gz': -3.27}]",2026-02-13 10:15:57,0.0
"[{'t_us': 954159866, 'ax': -0.91, 'ay': -0.11, 'az': -0.16, 'gx': -24.55, 'gy': -8.76, 'gz': -11.25}, {'t_us': 954173342, 'ax': -0.86, 'ay': -0.21, 'az': -0.15, 'gx': -20.75, 'gy': -4.85, 'gz': -12.85}, {'t_us': 954193280, 'ax': -0.87, 'ay': -0.26, 'az': -0.12, 'gx': -15.22, 'gy': -4.21, 'gz': -12.47}, {'t_us': 954213271, 'ax': -0.92, 'ay': -0.19, 'az': -0.12, 'gx': -11.16, 'gy': -3.94, 'gz': -13.56}, {'t_us': 954233317, 'ax': -0.98, 'ay': -0.14, 'az': -0.14, 'gx': -6.02, 'gy': -4.69, 'gz': -17.82}]",2026-02-13 10:15:57,0.0
"[{'t_us': 954259490, 'ax': -0.97, 'ay': -0.12, 'az': -0.1, 'gx': 1.05, 'gy': -8.41, 'gz': -20.89}, {'t_us': 954273288, 'ax': -0.94, 'ay': -0.12, 'az': -0.08, 'gx': 2.43, 'gy': -10.55, 'gz': -20.82}, {'t_us': 954293311, 'ax': -0.89, 'ay': -0.12, 'az': -0.03, 'gx': 2.21, 'gy': -12.85, 'gz': -18.0}, {'t_us': 954313284, 'ax': -0.82, 'ay': -0.12, 'az': -0.03, 'gx': 0.89, 'gy': -10.02, 'gz': -13.13}, {'t_us': 954333317, 'ax': -0.79, 'ay': -0.1, 'az': -0.01, 'gx': -1.21, 'gy': -4.41, 'gz': -10.85}]",2026-02-13 10:15:57,0.0
"[{'t_us': 954357932, 'ax': -0.85, 'ay': -0.08, 'az': 0.04, 'gx': -2.37, 'gy': 4.98, 'gz': -12.02}, {'t_us': 954373338, 'ax': -0.91, 'ay': -0.09, 'az': 0.03, 'gx': -1.71, 'gy': 8.12, 'gz': -13.91}, {'t_us': 954393338, 'ax': -0.96, 'ay': -0.14, 'az': 0.0, 'gx': 1.37, 'gy': 7.47, 'gz': -16.2}, {'t_us': 954413326, 'ax': -0.95, 'ay': -0.18, 'az': -0.03, 'gx': 3.98, 'gy': 5.47, 'gz': -17.16}, {'t_us': 954433330, 'ax': -0.92, 'ay': -0.21, 'az': -0.03, 'gx': 5.47, 'gy': 4.18, 'gz': -15.74}]",2026-02-13 10:15:57,0.0
"[{'t_us': 954457887, 'ax': -0.88, 'ay': -0.2, 'az': -0.01, 'gx': 6.14, 'gy': 2.84, 'gz': -11.31}, {'t_us': 954473296, 'ax': -0.83, 'ay': -0.19, 'az': 0.01, 'gx': 5.11, 'gy': -0.06, 'gz': -8.27}, {'t_us': 954493306, 'ax': -0.79, 'ay': -0.18, 'az': 0.03, 'gx': 2.87, 'gy': -0.58, 'gz': -4.99}, {'t_us': 954513338, 'ax': -0.78, 'ay': -0.18, 'az': 0.05, 'gx': 0.29, 'gy': 0.5, 'gz': -2.92}, {'t_us': 954533338, 'ax': -0.8, 'ay': -0.19, 'az': 0.04, 'gx': -0.75, 'gy': 0.63, 'gz': -0.85}]",2026-02-13 10:15:57,0.0
"[{'t_us': 954557902, 'ax': -0.82, 'ay': -0.24, 'az': 0.06, 'gx': 1.62, 'gy': 1.37, 'gz': 2.14}, {'t_us': 954573311, 'ax': -0.86, 'ay': -0.29, 'az': 0.06, 'gx': 4.81, 'gy': 3.08, 'gz': 2.87}, {'t_us': 954593317, 'ax': -0.91, 'ay': -0.31, 'az': 0.08, 'gx': 8.38, 'gy': 3.36, 'gz': 3.74}, {'t_us': 954613298, 'ax': -0.92, 'ay': -0.32, 'az': 0.1, 'gx': 11.71, 'gy': 3.11, 'gz': 4.76}, {'t_us': 954633307, 'ax': -0.92, 'ay': -0.28, 'az': 0.08, 'gx': 15.25, 'gy': 6.66, 'gz': 6.75}]",2026-02-13 10:15:57,0.0
"[{'t_us': 954659677, 'ax': -1.06, 'ay': -0.27, 'az': -0.14, 'gx': 28.06, 'gy': 14.7, 'gz': 6.92}, {'t_us': 954673338, 'ax': -1.22, 'ay': -0.28, 'az': -0.22, 'gx': 34.7, 'gy': 31.22, 'gz': 1.68}, {'t_us': 954693338, 'ax': -1.45, 'ay': -0.27, 'az': -0.26, 'gx': 37.88, 'gy': 34.18, 'gz': -11.15}, {'t_us': 954713306, 'ax': -1.37, 'ay': -0.14, 'az': -0.2, 'gx': 34.87, 'gy': 17.13, 'gz': -20.69}, {'t_us': 954733284, 'ax': -1.06, 'ay': 0.04, 'az': -0.27, 'gx': 21.13, 'gy': 15.07, 'gz': -13.71}]",2026-02-13 10:15:57,0.0
"[{'t_us': 954759424, 'ax': -0.67, 'ay': 0.33, 'az': -0.24, 'gx': -7.28, 'gy': 25.11, 'gz': 10.31}, {'t_us': 954773321, 'ax': -0.62, 'ay': 0.44, 'az': -0.13, 'gx': -14.69, 'gy': 25.34, 'gz': 21.77}, {'t_us': 954793317, 'ax': -0.84, 'ay': 0.22, 'az': -0.16, 'gx': -13.27, 'gy': 33.92, 'gz': 25.57}, {'t_us': 954813317, 'ax': -1.24, 'ay': -0.06, 'az': -0.2, 'gx': -5.36, 'gy': 39.65, 'gz': 19.16}, {'t_us': 954833285, 'ax': -1.34, 'ay': -0.24, 'az': -0.27, 'gx': 2.93, 'gy': 20.92, 'gz': 6.26}]",2026-02-13 10:15:57,0.0
"[{'t_us': 954858805, 'ax': -1.1, 'ay': -0.21, 'az': -0.25, 'gx': 12.87, 'gy': 9.68, 'gz': 6.37}, {'t_us': 954873311, 'ax': -1.04, 'ay': -0.13, 'az': -0.17, 'gx': 17.53, 'gy': 2.61, 'gz': 11.86}, {'t_us': 954893317, 'ax': -0.94, 'ay': 0.05, 'az': -0.09, 'gx': 18.64, 'gy': -3.13, 'gz': 15.83}, {'t_us': 954913338, 'ax': -0.87, 'ay': 0.14, 'az': -0.06, 'gx': 12.85, 'gy': -2.34, 'gz': 16.67}, {'t_us': 954933292, 'ax': -0.83, 'ay': 0.13, 'az': -0.06, 'gx': 5.53, 'gy': 7.05, 'gz': 16.09}]",2026-02-13 10:15:57,0.0
"[{'t_us': 954959644, 'ax': -0.84, 'ay': 0.04, 'az': -0.06, 'gx': -1.57, 'gy': 13.73, 'gz': 22.61}, {'t_us': 954973336, 'ax': -0.84, 'ay': 0.01, 'az': -0.07, 'gx': -6.31, 'gy': 15.37, 'gz': 26.12}, {'t_us': 954993338, 'ax': -0.82, 'ay': 0.0, 'az': -0.07, 'gx': -10.4, 'gy': 16.6, 'gz': 27.28}, {'t_us': 955013306, 'ax': -0.81, 'ay': 0.02, 'az': -0.07, 'gx': -12.85, 'gy': 16.6, 'gz': 23.76}, {'t_us': 955033271, 'ax': -0.83, 'ay': 0.06, 'az': -0.06, 'gx': -11.76, 'gy': 15.85, 'gz': 17.51}]",2026-02-13 10:15:58,0.0
"[{'t_us': 955059630, 'ax': -0.89, 'ay': 0.09, 'az': -0.07, 'gx': -4.56, 'gy': 12.55, 'gz': 8.46}, {'t_us': 955073286, 'ax': -0.93, 'ay': 0.07, 'az': -0.07, 'gx': 2.29, 'gy': 7.28, 'gz': 3.22}, {'t_us': 955093293, 'ax': -0.89, 'ay': 0.02, 'az': -0.07, 'gx': 11.42, 'gy': 4.29, 'gz': -3.07}, {'t_us': 955113321, 'ax': -0.81, 'ay': -0.04, 'az': -0.06, 'gx': 19.07, 'gy': 4.03, 'gz': -10.02}, {'t_us': 955133311, 'ax': -0.76, 'ay': -0.1, 'az': -0.06, 'gx': 22.17, 'gy': 7.56, 'gz': -13.13}]",2026-02-13 10:15:58,0.0
"[{'t_us': 955159713, 'ax': -0.78, 'ay': -0.1, 'az': -0.02, 'gx': 26.27, 'gy': 9.97, 'gz': -13.36}, {'t_us': 955173292, 'ax': -0.82, 'ay': -0.08, 'az': 0.02, 'gx': 27.47, 'gy': 12.32, 'gz': -12.61}, {'t_us': 955193306, 'ax': -0.89, 'ay': -0.02, 'az': 0.01, 'gx': 25.92, 'gy': 12.67, 'gz': -10.76}, {'t_us': 955213333, 'ax': -0.95, 'ay': 0.07, 'az': 0.04, 'gx': 21.68, 'gy': 9.22, 'gz': -7.08}, {'t_us': 955233300, 'ax': -1.03, 'ay': 0.14, 'az': 0.05, 'gx': 13.86, 'gy': -0.03, 'gz': -2.56}]",2026-02-13 10:15:58,0.0
"[{'t_us': 955259617, 'ax': -0.97, 'ay': 0.18, 'az': 0.09, 'gx': 4.11, 'gy': -5.6, 'gz': -4.26}, {'t_us': 955273326, 'ax': -0.95, 'ay': 0.18, 'az': 0.07, 'gx': -3.42, 'gy': -5.11, 'gz': -3.13}, {'t_us': 955293338, 'ax': -0.93, 'ay': 0.18, 'az': -0.06, 'gx': -19.19, 'gy': -1.79, 'gz': 3.28}, {'t_us': 955313307, 'ax': -1.12, 'ay': 0.18, 'az': -0.36, 'gx': -29.25, 'gy': 31.42, 'gz': 9.76}, {'t_us': 955333301, 'ax': -1.46, 'ay': 0.02, 'az': -0.37, 'gx': -22.81, 'gy': 22.27, 'gz': 23.68}]",2026-02-13 10:15:58,0.0
"[{'t_us': 955357647, 'ax': -1.28, 'ay': -0.1, 'az': -0.45, 'gx': -16.17, 'gy': -37.57, 'gz': 30.61}, {'t_us': 955373321, 'ax': -0.89, 'ay': -0.14, 'az': -0.57, 'gx': -16.23, 'gy': -32.17, 'gz': 21.47}, {'t_us': 955393317, 'ax': -0.71, 'ay': -0.15, 'az': -0.49, 'gx': -7.71, 'gy': 3.45, 'gz': 10.96}, {'t_us': 955413338, 'ax': -0.75, 'ay': -0.02, 'az': -0.26, 'gx': -6.63, 'gy': 33.21, 'gz': 2.17}, {'t_us': 955433313, 'ax': -1.02, 'ay': 0.14, 'az': -0.23, 'gx': -17.4, 'gy': 36.99, 'gz': -7.01}]",2026-02-13 10:15:58,0.0
"[{'t_us': 955459545, 'ax': -1.26, 'ay': 0.15, 'az': -0.26, 'gx': -34.09, 'gy': 17.92, 'gz': 0.87}, {'t_us': 955473271, 'ax': -1.23, 'ay': 0.1, 'az': -0.35, 'gx': -38.49, 'gy': 9.91, 'gz': -4.03}, {'t_us': 955493270, 'ax': -1.21, 'ay': 0.0, 'az': -0.37, 'gx': -34.05, 'gy': 5.08, 'gz': -12.75}, {'t_us': 955513306, 'ax': -1.1, 'ay': -0.12, 'az': -0.28, 'gx': -24.38, 'gy': -0.14, 'gz': -24.06}, {'t_us': 955533333, 'ax': -0.91, 'ay': -0.25, 'az': -0.2, 'gx': -11.71, 'gy': -4.73, 'gz': -29.68}]",2026-02-13 10:15:58,0.0
"[{'t_us': 955560889, 'ax': -0.88, 'ay': -0.25, 'az': -0.23, 'gx': 1.36, 'gy': 6.63, 'gz': -32.75}, {'t_us': 955573283, 'ax': -0.92, 'ay': -0.21, 'az': -0.25, 'gx': 4.82, 'gy': 9.63, 'gz': -34.0}, {'t_us': 955593284, 'ax': -0.95, 'ay': -0.1, 'az': -0.23, 'gx': 4.49, 'gy': 5.45, 'gz': -32.27}, {'t_us': 955613317, 'ax': -0.9, 'ay': -0.07, 'az': -0.19, 'gx': 0.61, 'gy': 2.24, 'gz': -27.8}, {'t_us': 955633333, 'ax': -0.76, 'ay': -0.06, 'az': -0.1, 'gx': -2.6, 'gy': 10.69, 'gz': -20.12}]",2026-02-13 10:15:58,0.0
"[{'t_us': 955659603, 'ax': -0.64, 'ay': -0.07, 'az': -0.05, 'gx': -10.69, 'gy': 20.08, 'gz': -6.73}, {'t_us': 955673329, 'ax': -0.68, 'ay': -0.11, 'az': -0.07, 'gx': -13.47, 'gy': 21.04, 'gz': -3.44}, {'t_us': 955693333, 'ax': -0.8, 'ay': -0.13, 'az': -0.13, 'gx': -12.03, 'gy': 20.06, 'gz': -0.34}, {'t_us': 955713293, 'ax': -0.92, 'ay': -0.16, 'az': -0.19, 'gx': -7.8, 'gy': 10.72, 'gz': -0.14}, {'t_us': 955733280, 'ax': -1.0, 'ay': -0.2, 'az': -0.17, 'gx': -1.04, 'gy': 5.6, 'gz': -0.55}]",2026-02-13 10:15:58,0.0
"[{'t_us': 955760094, 'ax': -1.02, 'ay': -0.2, 'az': -0.1, 'gx': 2.23, 'gy': -6.18, 'gz': 0.49}, {'t_us': 955773311, 'ax': -0.98, 'ay': -0.13, 'az': -0.04, 'gx': -2.5, 'gy': -12.32, 'gz': 1.05}, {'t_us': 955793317, 'ax': -0.89, 'ay': -0.05, 'az': 0.02, 'gx': -13.13, 'gy': -14.82, 'gz': 2.12}, {'t_us': 955813311, 'ax': -0.81, 'ay': -0.04, 'az': 0.04, 'gx': -22.6, 'gy': -12.46, 'gz': 6.85}, {'t_us': 955833338, 'ax': -0.83, 'ay': -0.08, 'az': 0.03, 'gx': -25.02, 'gy': -9.34, 'gz': 8.84}]",2026-02-13 10:15:58,0.0
"[{'t_us': 955857756, 'ax': -0.91, 'ay': -0.14, 'az': 0.04, 'gx': -15.6, 'gy': -13.69, 'gz': 2.98}, {'t_us': 955873310, 'ax': -0.93, 'ay': -0.2, 'az': 0.07, 'gx': -11.82, 'gy': -23.01, 'gz': -2.11}, {'t_us': 955893311, 'ax': -0.85, 'ay': -0.31, 'az': -0.12, 'gx': -7.28, 'gy': -21.62, 'gz': -3.65}, {'t_us': 955913317, 'ax': -0.81, 'ay': -0.4, 'az': -0.55, 'gx': 1.3, 'gy': -0.93, 'gz': 11.74}, {'t_us': 955933333, 'ax': -1.25, 'ay': -0.46, 'az': -0.71, 'gx': 6.05, 'gy': 62.79, 'gz': 18.31}]",2026-02-13 10:15:58,0.0
"[{'t_us': 955960120, 'ax': -1.44, 'ay': -0.05, 'az': -0.26, 'gx': 23.89, 'gy': -18.72, 'gz': 1.51}, {'t_us': 955973362, 'ax': -1.25, 'ay': 0.22, 'az': -0.19, 'gx': 29.73, 'gy': -43.37, 'gz': -6.98}, {'t_us': 955993317, 'ax': -0.94, 'ay': 0.47, 'az': -0.29, 'gx': 30.26, 'gy': -19.27, 'gz': -11.33}, {'t_us': 956013321, 'ax': -0.94, 'ay': 0.29, 'az': -0.27, 'gx': 22.21, 'gy': 4.17, 'gz': -7.91}, {'t_us': 956033326, 'ax': -0.99, 'ay': 0.04, 'az': -0.19, 'gx': 15.82, 'gy': 11.85, 'gz': -4.37}]",2026-02-13 10:15:59,0.0
"[{'t_us': 956059715, 'ax': -1.06, 'ay': -0.25, 'az': -0.33, 'gx': 13.62, 'gy': 15.34, 'gz': 6.27}, {'t_us': 956073295, 'ax': -1.05, 'ay': -0.25, 'az': -0.39, 'gx': 14.89, 'gy': 15.07, 'gz': 10.23}, {'t_us': 956093306, 'ax': -1.0, 'ay': -0.17, 'az': -0.39, 'gx': 19.34, 'gy': 12.69, 'gz': 16.78}, {'t_us': 956113333, 'ax': -0.84, 'ay': -0.05, 'az': -0.26, 'gx': 22.06, 'gy': 21.37, 'gz': 19.73}, {'t_us': 956133292, 'ax': -0.74, 'ay': 0.1, 'az': -0.16, 'gx': 22.29, 'gy': 28.84, 'gz': 19.94}]",2026-02-13 10:15:59,0.0
"[{'t_us': 956159849, 'ax': -0.75, 'ay': 0.1, 'az': -0.13, 'gx': 21.59, 'gy': 23.08, 'gz': 15.25}, {'t_us': 956174488, 'ax': -0.86, 'ay': 0.06, 'az': -0.18, 'gx': 22.85, 'gy': 18.4, 'gz': 13.63}, {'t_us': 956193280, 'ax': -0.96, 'ay': 0.02, 'az': -0.24, 'gx': 24.09, 'gy': 5.45, 'gz': 12.31}, {'t_us': 956213311, 'ax': -0.93, 'ay': 0.05, 'az': -0.26, 'gx': 21.68, 'gy': -2.98, 'gz': 13.88}, {'t_us': 956233284, 'ax': -0.81, 'ay': 0.05, 'az': -0.16, 'gx': 15.97, 'gy': -1.66, 'gz': 15.07}]",2026-02-13 10:15:59,0.0
"[{'t_us': 956258453, 'ax': -0.76, 'ay': 0.17, 'az': -0.03, 'gx': -4.38, 'gy': 6.69, 'gz': 14.12}, {'t_us': 956273280, 'ax': -0.81, 'ay': 0.25, 'az': -0.04, 'gx': -12.37, 'gy': 7.18, 'gz': 13.16}, {'t_us': 956293280, 'ax': -0.97, 'ay': 0.24, 'az': -0.19, 'gx': -11.18, 'gy': 0.58, 'gz': 6.76}, {'t_us': 956313328, 'ax': -1.01, 'ay': 0.15, 'az': -0.19, 'gx': 1.77, 'gy': -9.05, 'gz': -3.01}, {'t_us': 956333311, 'ax': -1.0, 'ay': 0.04, 'az': -0.16, 'gx': 7.76, 'gy': -13.33, 'gz': -17.48}]",2026-02-13 10:15:59,0.0
"[{'t_us': 956357840, 'ax': -0.91, 'ay': -0.04, 'az': -0.03, 'gx': 0.96, 'gy': -12.09, 'gz': -22.95}, {'t_us': 956373342, 'ax': -0.87, 'ay': -0.02, 'az': 0.01, 'gx': -8.21, 'gy': -9.92, 'gz': -19.79}, {'t_us': 956393270, 'ax': -0.86, 'ay': 0.03, 'az': 0.0, 'gx': -16.79, 'gy': -5.48, 'gz': -11.39}, {'t_us': 956413270, 'ax': -0.94, 'ay': 0.12, 'az': -0.02, 'gx': -25.89, 'gy': 6.46, 'gz': -1.98}, {'t_us': 956433307, 'ax': -1.01, 'ay': 0.21, 'az': -0.05, 'gx': -36.63, 'gy': -2.29, 'gz': 4.73}]",2026-02-13 10:15:59,0.0
"[{'t_us': 956458060, 'ax': -0.99, 'ay': 0.14, 'az': -0.03, 'gx': -40.79, 'gy': -9.83, 'gz': -0.75}, {'t_us': 956474777, 'ax': -1.01, 'ay': 0.04, 'az': 0.05, 'gx': -36.34, 'gy': -17.1, 'gz': -10.79}, {'t_us': 956493293, 'ax': -1.03, 'ay': -0.08, 'az': 0.06, 'gx': -26.69, 'gy': -29.1, 'gz': -23.4}, {'t_us': 956513321, 'ax': -0.97, 'ay': -0.19, 'az': -0.03, 'gx': -17.4, 'gy': -32.24, 'gz': -32.87}, {'t_us': 956533274, 'ax': -0.88, 'ay': -0.15, 'az': -0.2, 'gx': -21.18, 'gy': -14.37, 'gz': -33.77}]",2026-02-13 10:15:59,0.0
"[{'t_us': 956560058, 'ax': -1.08, 'ay': 0.02, 'az': -0.39, 'gx': -29.28, 'gy': 32.26, 'gz': -8.11}, {'t_us': 956573802, 'ax': -1.21, 'ay': 0.05, 'az': -0.36, 'gx': -31.16, 'gy': 22.75, 'gz': 8.44}, {'t_us': 956593317, 'ax': -1.11, 'ay': 0.03, 'az': -0.23, 'gx': -40.12, 'gy': -2.18, 'gz': 15.27}, {'t_us': 956613338, 'ax': -0.94, 'ay': -0.08, 'az': -0.38, 'gx': -43.01, 'gy': 3.05, 'gz': 8.87}, {'t_us': 956633330, 'ax': -0.91, 'ay': -0.18, 'az': -0.4, 'gx': -33.48, 'gy': 17.85, 'gz': 4.78}]",2026-02-13 10:15:59,0.0
"[{'t_us': 956659390, 'ax': -1.16, 'ay': -0.23, 'az': -0.59, 'gx': -12.69, 'gy': 21.92, 'gz': -1.88}, {'t_us': 956673330, 'ax': -1.2, 'ay': -0.22, 'az': -0.47, 'gx': -0.47, 'gy': 20.41, 'gz': -7.79}, {'t_us': 956693333, 'ax': -1.24, 'ay': -0.08, 'az': -0.26, 'gx': -1.95, 'gy': 8.61, 'gz': -9.08}, {'t_us': 956713333, 'ax': -1.09, 'ay': 0.01, 'az': -0.13, 'gx': -15.79, 'gy': 8.14, 'gz': -7.15}, {'t_us': 956733326, 'ax': -0.96, 'ay': 0.08, 'az': -0.14, 'gx': -22.12, 'gy': 15.69, 'gz': -9.11}]",2026-02-13 10:15:59,0.0
"[{'t_us': 956759448, 'ax': -0.81, 'ay': -0.01, 'az': -0.15, 'gx': -23.42, 'gy': 14.23, 'gz': -11.08}, {'t_us': 956775227, 'ax': -0.82, 'ay': -0.08, 'az': -0.17, 'gx': -22.23, 'gy': 10.84, 'gz': -12.03}, {'t_us': 956793306, 'ax': -0.91, 'ay': -0.15, 'az': -0.2, 'gx': -17.6, 'gy': 1.5, 'gz': -15.51}, {'t_us': 956813332, 'ax': -0.96, 'ay': -0.24, 'az': -0.21, 'gx': -6.61, 'gy': -11.13, 'gz': -18.7}, {'t_us': 956833284, 'ax': -0.93, 'ay': -0.28, 'az': -0.21, 'gx': 6.02, 'gy': -16.5, 'gz': -23.04}]",2026-02-13 10:15:59,0.0
"[{'t_us': 956857852, 'ax': -0.82, 'ay': -0.29, 'az': -0.17, 'gx': 19.08, 'gy': -18.78, 'gz': -20.87}, {'t_us': 956873311, 'ax': -0.76, 'ay': -0.26, 'az': -0.11, 'gx': 22.41, 'gy': -18.87, 'gz': -14.23}, {'t_us': 956893317, 'ax': -0.73, 'ay': -0.2, 'az': -0.08, 'gx': 21.57, 'gy': -17.37, 'gz': -6.38}, {'t_us': 956913338, 'ax': -0.76, 'ay': -0.13, 'az': -0.1, 'gx': 20.03, 'gy': -13.39, 'gz': -1.57}, {'t_us': 956933321, 'ax': -0.78, 'ay': -0.09, 'az': -0.08, 'gx': 17.01, 'gy': -10.46, 'gz': 1.36}]",2026-02-13 10:15:59,0.0
"[{'t_us': 956959484, 'ax': -0.77, 'ay': -0.08, 'az': -0.05, 'gx': 12.52, 'gy': -12.12, 'gz': 5.69}, {'t_us': 956973301, 'ax': -0.75, 'ay': -0.1, 'az': -0.06, 'gx': 9.63, 'gy': -9.18, 'gz': 8.72}, {'t_us': 956993306, 'ax': -0.8, 'ay': -0.16, 'az': -0.12, 'gx': 7.1, 'gy': 2.44, 'gz': 9.22}, {'t_us': 957013333, 'ax': -0.91, 'ay': -0.21, 'az': -0.16, 'gx': 8.52, 'gy': 9.33, 'gz': 6.0}, {'t_us': 957033338, 'ax': -1.01, 'ay': -0.2, 'az': -0.14, 'gx': 12.6, 'gy': 4.35, 'gz': 2.08}]",2026-02-13 10:16:00,0.0
"[{'t_us': 957059385, 'ax': -0.96, 'ay': -0.24, 'az': -0.14, 'gx': 20.67, 'gy': -5.3, 'gz': -0.41}, {'t_us': 957073307, 'ax': -0.94, 'ay': -0.26, 'az': -0.09, 'gx': 23.05, 'gy': -8.55, 'gz': 0.56}, {'t_us': 957093270, 'ax': -0.9, 'ay': -0.23, 'az': 0.01, 'gx': 20.61, 'gy': -11.66, 'gz': 5.73}, {'t_us': 957113306, 'ax': -0.93, 'ay': -0.16, 'az': 0.07, 'gx': 11.91, 'gy': -5.88, 'gz': 8.44}, {'t_us': 957133311, 'ax': -0.96, 'ay': -0.1, 'az': 0.08, 'gx': 4.0, 'gy': -4.75, 'gz': 9.21}]",2026-02-13 10:16:00,0.0
"[{'t_us': 957159466, 'ax': -1.01, 'ay': -0.08, 'az': 0.03, 'gx': -3.54, 'gy': 0.08, 'gz': 9.33}, {'t_us': 957173284, 'ax': -1.06, 'ay': -0.11, 'az': -0.05, 'gx': -5.1, 'gy': 10.12, 'gz': 7.27}, {'t_us': 957193321, 'ax': -1.12, 'ay': -0.21, 'az': -0.24, 'gx': -2.24, 'gy': 18.34, 'gz': 2.37}, {'t_us': 957213274, 'ax': -1.29, 'ay': -0.2, 'az': -0.38, 'gx': 4.09, 'gy': 39.22, 'gz': -7.74}, {'t_us': 957233285, 'ax': -1.23, 'ay': -0.11, 'az': -0.28, 'gx': 7.4, 'gy': 21.83, 'gz': -20.03}]",2026-02-13 10:16:00,0.0
"[{'t_us': 957259491, 'ax': -0.92, 'ay': 0.07, 'az': -0.23, 'gx': 1.11, 'gy': 4.79, 'gz': -18.76}, {'t_us': 957273292, 'ax': -0.74, 'ay': 0.15, 'az': -0.23, 'gx': -4.78, 'gy': 1.11, 'gz': -10.96}, {'t_us': 957293274, 'ax': -0.64, 'ay': 0.08, 'az': -0.21, 'gx': -6.93, 'gy': 3.91, 'gz': 5.88}, {'t_us': 957313328, 'ax': -0.83, 'ay': -0.11, 'az': -0.25, 'gx': 1.22, 'gy': 22.46, 'gz': 15.27}, {'t_us': 957333274, 'ax': -1.07, 'ay': -0.22, 'az': -0.26, 'gx': 8.44, 'gy': 21.92, 'gz': 14.64}]",2026-02-13 10:16:00,0.0
"[{'t_us': 957357632, 'ax': -1.15, 'ay': -0.2, 'az': -0.26, 'gx': 12.98, 'gy': 9.1, 'gz': 7.4}, {'t_us': 957373333, 'ax': -1.05, 'ay': -0.09, 'az': -0.23, 'gx': 14.06, 'gy': 7.66, 'gz': 5.76}, {'t_us': 957393338, 'ax': -1.02, 'ay': 0.02, 'az': -0.15, 'gx': 12.52, 'gy': 9.07, 'gz': 7.19}, {'t_us': 957413306, 'ax': -0.93, 'ay': 0.15, 'az': -0.09, 'gx': 3.63, 'gy': 10.06, 'gz': 10.81}, {'t_us': 957433284, 'ax': -0.91, 'ay': 0.22, 'az': -0.08, 'gx': -7.21, 'gy': 11.18, 'gz': 13.4}]",2026-02-13 10:16:00,0.0
"[{'t_us': 957459844, 'ax': -0.91, 'ay': 0.19, 'az': -0.11, 'gx': -20.81, 'gy': 10.67, 'gz': 17.85}, {'t_us': 957473307, 'ax': -0.93, 'ay': 0.11, 'az': -0.15, 'gx': -24.87, 'gy': 10.14, 'gz': 17.15}, {'t_us': 957493326, 'ax': -0.93, 'ay': -0.01, 'az': -0.18, 'gx': -25.07, 'gy': 7.07, 'gz': 16.23}, {'t_us': 957513280, 'ax': -0.92, 'ay': -0.1, 'az': -0.19, 'gx': -18.56, 'gy': 3.74, 'gz': 13.69}, {'t_us': 957533285, 'ax': -0.87, 'ay': -0.12, 'az': -0.16, 'gx': -9.02, 'gy': -0.99, 'gz': 10.61}]",2026-02-13 10:16:00,0.0
"[{'t_us': 957559516, 'ax': -0.84, 'ay': -0.08, 'az': -0.12, 'gx': -0.31, 'gy': -0.67, 'gz': 8.84}, {'t_us': 957573320, 'ax': -0.85, 'ay': -0.02, 'az': -0.09, 'gx': 1.19, 'gy': -0.08, 'gz': 9.66}, {'t_us': 957593317, 'ax': -0.86, 'ay': 0.04, 'az': -0.07, 'gx': 0.81, 'gy': 1.88, 'gz': 10.23}, {'t_us': 957613274, 'ax': -0.89, 'ay': 0.06, 'az': -0.05, 'gx': -2.93, 'gy': 4.37, 'gz': 9.71}, {'t_us': 957633274, 'ax': -0.91, 'ay': 0.09, 'az': -0.02, 'gx': -8.49, 'gy': 5.8, 'gz': 7.98}]",2026-02-13 10:16:00,0.0
"[{'t_us': 957659435, 'ax': -0.91, 'ay': 0.07, 'az': -0.03, 'gx': -13.3, 'gy': 7.1, 'gz': 5.57}, {'t_us': 957673282, 'ax': -0.9, 'ay': 0.08, 'az': -0.03, 'gx': -13.62, 'gy': 8.41, 'gz': 3.69}, {'t_us': 957693307, 'ax': -0.97, 'ay': 0.0, 'az': -0.12, 'gx': -7.21, 'gy': 7.77, 'gz': -2.09}, {'t_us': 957713311, 'ax': -0.97, 'ay': -0.02, 'az': -0.08, 'gx': 0.11, 'gy': 5.18, 'gz': -8.23}, {'t_us': 957733333, 'ax': -0.97, 'ay': -0.08, 'az': -0.06, 'gx': 7.79, 'gy': 2.2, 'gz': -12.21}]",2026-02-13 10:16:00,0.0
"[{'t_us': 957759385, 'ax': -0.93, 'ay': -0.1, 'az': -0.06, 'gx': 15.36, 'gy': -1.13, 'gz': -11.73}, {'t_us': 957773311, 'ax': -0.89, 'ay': -0.08, 'az': -0.04, 'gx': 15.36, 'gy': 1.88, 'gz': -10.06}, {'t_us': 957793323, 'ax': -0.94, 'ay': 0.02, 'az': 0.05, 'gx': 11.15, 'gy': 6.41, 'gz': -7.6}, {'t_us': 957813301, 'ax': -0.97, 'ay': 0.07, 'az': 0.1, 'gx': 5.08, 'gy': 8.5, 'gz': -5.91}, {'t_us': 957833311, 'ax': -1.02, 'ay': 0.06, 'az': 0.04, 'gx': 0.66, 'gy': 8.72, 'gz': -4.35}]",2026-02-13 10:16:00,0.0
"[{'t_us': 957857717, 'ax': -0.95, 'ay': 0.08, 'az': -0.12, 'gx': -3.4, 'gy': -0.02, 'gz': -6.84}, {'t_us': 957873296, 'ax': -0.88, 'ay': 0.04, 'az': -0.32, 'gx': -4.82, 'gy': 13.31, 'gz': -7.45}, {'t_us': 957893333, 'ax': -1.19, 'ay': 0.08, 'az': -0.54, 'gx': 4.38, 'gy': 41.18, 'gz': -0.02}, {'t_us': 957913274, 'ax': -1.33, 'ay': -0.07, 'az': -0.36, 'gx': 11.1, 'gy': 24.08, 'gz': 11.13}, {'t_us': 957933317, 'ax': -1.29, 'ay': -0.24, 'az': -0.34, 'gx': 12.95, 'gy': -10.41, 'gz': 6.15}]",2026-02-13 10:16:00,0.0
"[{'t_us': 957959445, 'ax': -0.96, 'ay': -0.36, 'az': -0.41, 'gx': 24.35, 'gy': -12.55, 'gz': -11.53}, {'t_us': 957974618, 'ax': -0.91, 'ay': -0.32, 'az': -0.35, 'gx': 35.88, 'gy': -2.43, 'gz': -15.21}, {'t_us': 957993311, 'ax': -0.92, 'ay': -0.19, 'az': -0.29, 'gx': 48.06, 'gy': 8.49, 'gz': -14.56}, {'t_us': 958013321, 'ax': -1.0, 'ay': -0.06, 'az': -0.28, 'gx': 56.84, 'gy': 11.91, 'gz': -8.72}, {'t_us': 958033330, 'ax': -1.07, 'ay': -0.1, 'az': -0.34, 'gx': 59.74, 'gy': 13.83, 'gz': -5.47}]",2026-02-13 10:16:01,0.0
"[{'t_us': 958059354, 'ax': -1.05, 'ay': -0.11, 'az': -0.38, 'gx': 66.26, 'gy': 9.71, 'gz': -9.05}, {'t_us': 958073501, 'ax': -1.02, 'ay': -0.15, 'az': -0.36, 'gx': 69.45, 'gy': 6.46, 'gz': -12.08}, {'t_us': 958093311, 'ax': -0.93, 'ay': -0.22, 'az': -0.34, 'gx': 74.79, 'gy': 2.0, 'gz': -15.76}, {'t_us': 958113306, 'ax': -0.82, 'ay': -0.23, 'az': -0.31, 'gx': 85.1, 'gy': -0.31, 'gz': -18.12}, {'t_us': 958133270, 'ax': -0.8, 'ay': -0.19, 'az': -0.24, 'gx': 92.64, 'gy': 0.89, 'gz': -18.81}]",2026-02-13 10:16:01,0.0
"[{'t_us': 958159886, 'ax': -0.83, 'ay': -0.13, 'az': -0.2, 'gx': 93.92, 'gy': -0.92, 'gz': -15.88}, {'t_us': 958173329, 'ax': -0.86, 'ay': -0.13, 'az': -0.21, 'gx': 92.99, 'gy': -3.24, 'gz': -13.63}, {'t_us': 958193333, 'ax': -0.85, 'ay': -0.19, 'az': -0.25, 'gx': 94.72, 'gy': -4.72, 'gz': -11.34}, {'t_us': 958213311, 'ax': -0.86, 'ay': -0.21, 'az': -0.21, 'gx': 97.47, 'gy': -1.97, 'gz': -10.15}, {'t_us': 958233317, 'ax': -0.93, 'ay': -0.15, 'az': -0.12, 'gx': 94.21, 'gy': 0.98, 'gz': -12.23}]",2026-02-13 10:16:01,0.0
"[{'t_us': 958258143, 'ax': -0.9, 'ay': -0.12, 'az': -0.12, 'gx': 90.41, 'gy': -3.18, 'gz': -11.15}, {'t_us': 958274285, 'ax': -0.86, 'ay': -0.13, 'az': -0.12, 'gx': 87.13, 'gy': -5.88, 'gz': -7.31}, {'t_us': 958293301, 'ax': -0.84, 'ay': -0.14, 'az': -0.06, 'gx': 78.03, 'gy': -3.05, 'gz': -3.11}, {'t_us': 958313333, 'ax': -0.85, 'ay': -0.11, 'az': -0.05, 'gx': 68.58, 'gy': 3.74, 'gz': -1.69}, {'t_us': 958333338, 'ax': -0.86, 'ay': -0.11, 'az': -0.06, 'gx': 62.24, 'gy': 5.51, 'gz': -0.87}]",2026-02-13 10:16:01,0.0
"[{'t_us': 958359394, 'ax': -0.88, 'ay': -0.14, 'az': -0.0, 'gx': 54.17, 'gy': 4.85, 'gz': -1.08}, {'t_us': 958373321, 'ax': -0.87, 'ay': -0.18, 'az': 0.01, 'gx': 48.69, 'gy': 7.44, 'gz': -1.65}, {'t_us': 958393326, 'ax': -0.88, 'ay': -0.18, 'az': 0.01, 'gx': 44.38, 'gy': 8.95, 'gz': -0.17}, {'t_us': 958413311, 'ax': -0.89, 'ay': -0.21, 'az': -0.0, 'gx': 44.92, 'gy': 4.2, 'gz': 2.21}, {'t_us': 958433333, 'ax': -0.87, 'ay': -0.24, 'az': -0.01, 'gx': 45.59, 'gy': 3.44, 'gz': 3.97}]",2026-02-13 10:16:01,0.0
"[{'t_us': 958459454, 'ax': -0.85, 'ay': -0.17, 'az': 0.01, 'gx': 42.52, 'gy': 3.65, 'gz': 4.53}, {'t_us': 958473333, 'ax': -0.86, 'ay': -0.11, 'az': 0.02, 'gx': 39.71, 'gy': 4.52, 'gz': 4.76}, {'t_us': 958493321, 'ax': -0.88, 'ay': -0.05, 'az': 0.03, 'gx': 32.52, 'gy': 2.84, 'gz': 6.37}, {'t_us': 958513338, 'ax': -0.9, 'ay': -0.06, 'az': 0.05, 'gx': 24.06, 'gy': 0.47, 'gz': 8.12}, {'t_us': 958533338, 'ax': -0.97, 'ay': -0.14, 'az': -0.05, 'gx': 18.67, 'gy': 0.55, 'gz': 9.15}]",2026-02-13 10:16:01,0.0
"[{'t_us': 958558087, 'ax': -1.19, 'ay': -0.26, 'az': -0.21, 'gx': 16.31, 'gy': 26.82, 'gz': 1.16}, {'t_us': 958574278, 'ax': -1.31, 'ay': -0.27, 'az': -0.22, 'gx': 20.61, 'gy': 26.7, 'gz': -5.13}, {'t_us': 958593293, 'ax': -1.17, 'ay': -0.17, 'az': -0.16, 'gx': 22.56, 'gy': 11.59, 'gz': -7.69}, {'t_us': 958613304, 'ax': -1.02, 'ay': -0.04, 'az': -0.16, 'gx': 12.98, 'gy': 9.4, 'gz': -3.18}, {'t_us': 958633318, 'ax': -0.9, 'ay': 0.06, 'az': -0.15, 'gx': 0.61, 'gy': 5.74, 'gz': 6.75}]",2026-02-13 10:16:01,0.0
"[{'t_us': 958659935, 'ax': -0.89, 'ay': 0.02, 'az': -0.21, 'gx': -6.05, 'gy': 13.57, 'gz': 15.11}, {'t_us': 958673301, 'ax': -1.02, 'ay': -0.05, 'az': -0.21, 'gx': -6.43, 'gy': 15.3, 'gz': 14.58}, {'t_us': 958693311, 'ax': -1.11, 'ay': -0.09, 'az': -0.21, 'gx': -9.74, 'gy': 7.57, 'gz': 7.16}, {'t_us': 958713318, 'ax': -1.09, 'ay': -0.14, 'az': -0.18, 'gx': -13.8, 'gy': 3.45, 'gz': 4.18}, {'t_us': 958733301, 'ax': -1.01, 'ay': -0.09, 'az': -0.14, 'gx': -19.88, 'gy': 0.61, 'gz': 6.87}]",2026-02-13 10:16:01,0.0
"[{'t_us': 958759452, 'ax': -0.93, 'ay': 0.02, 'az': -0.14, 'gx': -28.4, 'gy': 0.79, 'gz': 14.52}, {'t_us': 958773307, 'ax': -0.92, 'ay': 0.04, 'az': -0.15, 'gx': -30.47, 'gy': 2.02, 'gz': 16.9}, {'t_us': 958793311, 'ax': -0.93, 'ay': 0.01, 'az': -0.15, 'gx': -30.47, 'gy': 1.98, 'gz': 14.7}, {'t_us': 958813307, 'ax': -0.94, 'ay': -0.07, 'az': -0.15, 'gx': -28.6, 'gy': -1.82, 'gz': 11.47}, {'t_us': 958833284, 'ax': -0.92, 'ay': -0.15, 'az': -0.15, 'gx': -25.01, 'gy': -3.8, 'gz': 8.75}]",2026-02-13 10:16:01,0.0
"[{'t_us': 958857705, 'ax': -0.88, 'ay': -0.15, 'az': -0.16, 'gx': -18.82, 'gy': -6.06, 'gz': 7.25}, {'t_us': 958875921, 'ax': -0.84, 'ay': -0.09, 'az': -0.11, 'gx': -15.39, 'gy': -2.87, 'gz': 7.05}, {'t_us': 958893284, 'ax': -0.86, 'ay': -0.03, 'az': -0.08, 'gx': -13.18, 'gy': 1.97, 'gz': 6.6}, {'t_us': 958913333, 'ax': -0.88, 'ay': 0.05, 'az': -0.05, 'gx': -14.17, 'gy': 4.61, 'gz': 5.02}, {'t_us': 958933329, 'ax': -0.9, 'ay': 0.12, 'az': -0.04, 'gx': -15.91, 'gy': 2.82, 'gz': 4.15}]",2026-02-13 10:16:01,0.0
"[{'t_us': 958959446, 'ax': -0.9, 'ay': 0.12, 'az': -0.05, 'gx': -16.49, 'gy': -2.66, 'gz': 2.96}, {'t_us': 958973347, 'ax': -0.89, 'ay': 0.11, 'az': -0.05, 'gx': -16.23, 'gy': -4.89, 'gz': 0.92}, {'t_us': 958993306, 'ax': -0.86, 'ay': 0.07, 'az': -0.08, 'gx': -16.08, 'gy': -5.1, 'gz': -1.54}, {'t_us': 959013317, 'ax': -0.83, 'ay': 0.07, 'az': -0.11, 'gx': -15.04, 'gy': -5.36, 'gz': -4.4}, {'t_us': 959033338, 'ax': -0.84, 'ay': 0.02, 'az': -0.1, 'gx': -10.58, 'gy': -4.34, 'gz': -7.25}]",2026-02-13 10:16:02,0.0
"[{'t_us': 959059436, 'ax': -0.88, 'ay': -0.09, 'az': -0.11, 'gx': 0.64, 'gy': 1.04, 'gz': -6.67}, {'t_us': 959073308, 'ax': -0.92, 'ay': -0.06, 'az': -0.15, 'gx': 3.15, 'gy': -1.36, 'gz': -7.53}, {'t_us': 959093326, 'ax': -0.84, 'ay': -0.06, 'az': -0.23, 'gx': 4.34, 'gy': -0.67, 'gz': -3.05}, {'t_us': 959113280, 'ax': -0.86, 'ay': -0.07, 'az': -0.3, 'gx': 2.82, 'gy': 7.97, 'gz': 1.77}, {'t_us': 959133292, 'ax': -1.03, 'ay': -0.13, 'az': -0.3, 'gx': -0.24, 'gy': 14.99, 'gz': 2.37}]",2026-02-13 10:16:02,0.0
"[{'t_us': 959159427, 'ax': -1.18, 'ay': -0.25, 'az': -0.22, 'gx': -2.69, 'gy': -4.79, 'gz': -3.36}, {'t_us': 959174711, 'ax': -1.13, 'ay': -0.29, 'az': -0.21, 'gx': -6.93, 'gy': -11.74, 'gz': -5.3}, {'t_us': 959193306, 'ax': -1.03, 'ay': -0.29, 'az': -0.18, 'gx': -15.73, 'gy': -7.66, 'gz': -6.09}, {'t_us': 959213333, 'ax': -0.94, 'ay': -0.2, 'az': -0.08, 'gx': -26.2, 'gy': -1.08, 'gz': -2.66}, {'t_us': 959233289, 'ax': -0.94, 'ay': -0.11, 'az': 0.01, 'gx': -38.4, 'gy': 13.15, 'gz': 2.69}]",2026-02-13 10:16:02,0.0
"[{'t_us': 959259649, 'ax': -1.01, 'ay': -0.09, 'az': -0.06, 'gx': -54.4, 'gy': 22.67, 'gz': 7.89}, {'t_us': 959273285, 'ax': -1.22, 'ay': -0.11, 'az': -0.3, 'gx': -49.04, 'gy': 22.47, 'gz': 2.89}, {'t_us': 959293301, 'ax': -1.25, 'ay': -0.1, 'az': -0.31, 'gx': -32.81, 'gy': 9.76, 'gz': -11.6}, {'t_us': 959313311, 'ax': -1.1, 'ay': -0.15, 'az': -0.11, 'gx': -35.01, 'gy': 1.15, 'gz': -18.56}, {'t_us': 959333332, 'ax': -0.89, 'ay': -0.26, 'az': -0.05, 'gx': -49.44, 'gy': 3.33, 'gz': -13.66}]",2026-02-13 10:16:02,0.0
"[{'t_us': 959358009, 'ax': -0.88, 'ay': -0.33, 'az': -0.19, 'gx': -53.59, 'gy': 11.86, 'gz': -4.58}, {'t_us': 959373270, 'ax': -0.92, 'ay': -0.32, 'az': -0.24, 'gx': -46.98, 'gy': 12.47, 'gz': -3.79}, {'t_us': 959393270, 'ax': -0.92, 'ay': -0.23, 'az': -0.22, 'gx': -36.87, 'gy': 6.82, 'gz': -4.84}, {'t_us': 959413306, 'ax': -0.86, 'ay': -0.19, 'az': -0.15, 'gx': -31.54, 'gy': 3.33, 'gz': -5.16}, {'t_us': 959433274, 'ax': -0.82, 'ay': -0.13, 'az': -0.08, 'gx': -34.64, 'gy': 4.15, 'gz': -5.28}]",2026-02-13 10:16:02,0.0
"[{'t_us': 959459796, 'ax': -0.88, 'ay': -0.12, 'az': -0.13, 'gx': -40.7, 'gy': 4.43, 'gz': -3.57}, {'t_us': 959473317, 'ax': -0.95, 'ay': -0.14, 'az': -0.19, 'gx': -36.34, 'gy': 3.82, 'gz': -7.04}, {'t_us': 959493284, 'ax': -0.96, 'ay': -0.14, 'az': -0.18, 'gx': -30.96, 'gy': -3.44, 'gz': -9.86}, {'t_us': 959513284, 'ax': -0.95, 'ay': -0.18, 'az': -0.12, 'gx': -32.96, 'gy': -12.47, 'gz': -9.21}, {'t_us': 959533320, 'ax': -0.9, 'ay': -0.24, 'az': -0.12, 'gx': -35.48, 'gy': -17.39, 'gz': -7.45}]",2026-02-13 10:16:02,0.0
"[{'t_us': 959559566, 'ax': -0.88, 'ay': -0.26, 'az': -0.13, 'gx': -34.63, 'gy': -15.45, 'gz': -3.95}, {'t_us': 959573292, 'ax': -0.89, 'ay': -0.24, 'az': -0.1, 'gx': -33.91, 'gy': -14.08, 'gz': -3.45}, {'t_us': 959593326, 'ax': -0.9, 'ay': -0.18, 'az': -0.04, 'gx': -36.11, 'gy': -11.74, 'gz': -3.33}, {'t_us': 959613280, 'ax': -0.92, 'ay': -0.13, 'az': -0.01, 'gx': -40.32, 'gy': -8.81, 'gz': -3.42}, {'t_us': 959633317, 'ax': -0.93, 'ay': -0.1, 'az': -0.01, 'gx': -45.51, 'gy': -8.53, 'gz': -2.53}]",2026-02-13 10:16:02,0.0
"[{'t_us': 959660181, 'ax': -0.9, 'ay': -0.12, 'az': 0.04, 'gx': -55.19, 'gy': -8.99, 'gz': 1.94}, {'t_us': 959673311, 'ax': -0.89, 'ay': -0.17, 'az': 0.0, 'gx': -59.73, 'gy': -10.37, 'gz': 4.98}, {'t_us': 959693317, 'ax': -1.02, 'ay': -0.31, 'az': -0.13, 'gx': -54.43, 'gy': -4.4, 'gz': 2.78}, {'t_us': 959713338, 'ax': -1.08, 'ay': -0.3, 'az': -0.2, 'gx': -36.72, 'gy': -8.02, 'gz': -7.48}, {'t_us': 959733324, 'ax': -0.98, 'ay': -0.28, 'az': -0.09, 'gx': -25.74, 'gy': -16.87, 'gz': -11.59}]",2026-02-13 10:16:02,0.0
"[{'t_us': 959759582, 'ax': -0.82, 'ay': -0.18, 'az': -0.02, 'gx': -23.66, 'gy': -16.72, 'gz': -5.01}, {'t_us': 959773270, 'ax': -0.8, 'ay': -0.14, 'az': -0.0, 'gx': -24.2, 'gy': -10.78, 'gz': -1.83}, {'t_us': 959793301, 'ax': -0.79, 'ay': -0.13, 'az': 0.02, 'gx': -28.64, 'gy': -1.3, 'gz': 1.59}, {'t_us': 959813311, 'ax': -0.76, 'ay': -0.11, 'az': 0.05, 'gx': -35.6, 'gy': 7.08, 'gz': 5.4}, {'t_us': 959833346, 'ax': -0.8, 'ay': -0.1, 'az': 0.04, 'gx': -42.55, 'gy': 10.47, 'gz': 10.69}]",2026-02-13 10:16:02,0.0
"[{'t_us': 959859660, 'ax': -0.94, 'ay': -0.18, 'az': -0.05, 'gx': -33.44, 'gy': 1.28, 'gz': 7.02}, {'t_us': 959873304, 'ax': -0.94, 'ay': -0.24, 'az': -0.03, 'gx': -24.95, 'gy': -5.39, 'gz': 3.74}, {'t_us': 959893311, 'ax': -0.91, 'ay': -0.29, 'az': 0.07, 'gx': -21.77, 'gy': -9.3, 'gz': 2.29}, {'t_us': 959913317, 'ax': -0.89, 'ay': -0.3, 'az': 0.09, 'gx': -23.79, 'gy': -2.89, 'gz': 3.5}, {'t_us': 959933338, 'ax': -1.01, 'ay': -0.29, 'az': -0.04, 'gx': -18.78, 'gy': 0.0, 'gz': 4.18}]",2026-02-13 10:16:03,0.0
"[{'t_us': 959959536, 'ax': -1.24, 'ay': -0.23, 'az': -0.15, 'gx': -16.78, 'gy': 21.05, 'gz': -1.08}, {'t_us': 959973338, 'ax': -1.32, 'ay': -0.15, 'az': -0.12, 'gx': -17.36, 'gy': 22.17, 'gz': -5.76}, {'t_us': 959993306, 'ax': -1.16, 'ay': -0.03, 'az': -0.04, 'gx': -23.4, 'gy': 8.02, 'gz': -4.4}, {'t_us': 960013333, 'ax': -0.93, 'ay': 0.06, 'az': -0.07, 'gx': -38.06, 'gy': 9.69, 'gz': 6.18}, {'t_us': 960033333, 'ax': -0.83, 'ay': 0.11, 'az': -0.13, 'gx': -56.03, 'gy': 16.38, 'gz': 17.39}]",2026-02-13 10:16:03,0.0
"[{'t_us': 960058782, 'ax': -0.82, 'ay': 0.15, 'az': -0.21, 'gx': -66.55, 'gy': 18.61, 'gz': 21.69}, {'t_us': 960073285, 'ax': -0.86, 'ay': 0.18, 'az': -0.21, 'gx': -65.42, 'gy': 15.25, 'gz': 18.63}, {'t_us': 960093301, 'ax': -0.97, 'ay': 0.12, 'az': -0.2, 'gx': -62.29, 'gy': 10.63, 'gz': 11.8}, {'t_us': 960113301, 'ax': -1.05, 'ay': 0.0, 'az': -0.21, 'gx': -59.77, 'gy': 6.26, 'gz': 4.78}, {'t_us': 960133330, 'ax': -1.01, 'ay': -0.04, 'az': -0.2, 'gx': -60.64, 'gy': 6.69, 'gz': 3.16}]",2026-02-13 10:16:03,0.0
"[{'t_us': 960157978, 'ax': -0.98, 'ay': -0.03, 'az': -0.16, 'gx': -64.37, 'gy': 9.63, 'gz': 11.5}, {'t_us': 960173268, 'ax': -0.96, 'ay': 0.03, 'az': -0.15, 'gx': -67.71, 'gy': 10.61, 'gz': 14.9}, {'t_us': 960193333, 'ax': -0.94, 'ay': 0.05, 'az': -0.15, 'gx': -71.18, 'gy': 12.4, 'gz': 19.37}, {'t_us': 960213333, 'ax': -0.97, 'ay': 0.05, 'az': -0.18, 'gx': -73.98, 'gy': 15.92, 'gz': 22.41}, {'t_us': 960233321, 'ax': -1.01, 'ay': 0.04, 'az': -0.21, 'gx': -72.64, 'gy': 12.38, 'gz': 21.63}]",2026-02-13 10:16:03,0.0
"[{'t_us': 960258117, 'ax': -1.03, 'ay': -0.0, 'az': -0.2, 'gx': -65.88, 'gy': 4.26, 'gz': 19.16}, {'t_us': 960273338, 'ax': -0.99, 'ay': -0.03, 'az': -0.19, 'gx': -59.37, 'gy': 1.13, 'gz': 18.7}, {'t_us': 960293338, 'ax': -0.94, 'ay': -0.05, 'az': -0.14, 'gx': -50.12, 'gy': -1.05, 'gz': 18.02}, {'t_us': 960313306, 'ax': -0.92, 'ay': -0.05, 'az': -0.11, 'gx': -40.05, 'gy': -6.37, 'gz': 14.66}, {'t_us': 960333303, 'ax': -0.89, 'ay': -0.05, 'az': -0.1, 'gx': -26.96, 'gy': -5.62, 'gz': 10.61}]",2026-02-13 10:16:03,0.0
"[{'t_us': 960358320, 'ax': -0.89, 'ay': -0.01, 'az': -0.12, 'gx': -14.55, 'gy': -1.74, 'gz': 7.65}, {'t_us': 960373293, 'ax': -0.9, 'ay': 0.0, 'az': -0.13, 'gx': -8.89, 'gy': -1.89, 'gz': 5.92}, {'t_us': 960393274, 'ax': -0.91, 'ay': 0.0, 'az': -0.13, 'gx': -2.7, 'gy': -6.2, 'gz': 0.89}, {'t_us': 960413274, 'ax': -0.9, 'ay': -0.03, 'az': -0.11, 'gx': 0.15, 'gy': -5.56, 'gz': -1.82}, {'t_us': 960433311, 'ax': -0.92, 'ay': 0.0, 'az': -0.09, 'gx': 0.61, 'gy': -2.9, 'gz': -1.07}]",2026-02-13 10:16:03,0.0
"[{'t_us': 960460801, 'ax': -0.93, 'ay': 0.08, 'az': -0.03, 'gx': -2.38, 'gy': -9.44, 'gz': 4.44}, {'t_us': 960473333, 'ax': -0.94, 'ay': 0.08, 'az': -0.01, 'gx': -0.89, 'gy': -16.11, 'gz': 4.82}, {'t_us': 960493274, 'ax': -0.93, 'ay': 0.01, 'az': 0.04, 'gx': 7.71, 'gy': -27.11, 'gz': -2.61}, {'t_us': 960513274, 'ax': -0.85, 'ay': -0.01, 'az': 0.14, 'gx': 19.05, 'gy': -31.07, 'gz': -17.34}, {'t_us': 960533307, 'ax': -0.73, 'ay': -0.0, 'az': 0.17, 'gx': 22.93, 'gy': -25.53, 'gz': -23.44}]",2026-02-13 10:16:03,0.0
"[{'t_us': 960560871, 'ax': -0.88, 'ay': 0.12, 'az': -0.07, 'gx': 8.37, 'gy': -9.63, 'gz': -25.47}, {'t_us': 960573268, 'ax': -0.92, 'ay': 0.13, 'az': -0.2, 'gx': 5.65, 'gy': 11.08, 'gz': -12.63}, {'t_us': 960593274, 'ax': -1.61, 'ay': 0.04, 'az': -0.26, 'gx': 11.04, 'gy': 39.28, 'gz': 19.36}, {'t_us': 960613306, 'ax': -1.7, 'ay': -0.0, 'az': -0.2, 'gx': -2.49, 'gy': -25.42, 'gz': 25.01}, {'t_us': 960633333, 'ax': -1.18, 'ay': -0.07, 'az': -0.28, 'gx': -4.56, 'gy': -49.65, 'gz': 8.79}]",2026-02-13 10:16:03,0.0
"[{'t_us': 960658414, 'ax': -0.74, 'ay': -0.11, 'az': -0.19, 'gx': 11.5, 'gy': -23.95, 'gz': -5.48}, {'t_us': 960673271, 'ax': -0.56, 'ay': -0.09, 'az': -0.12, 'gx': 15.01, 'gy': -10.53, 'gz': -9.88}, {'t_us': 960693330, 'ax': -0.55, 'ay': -0.03, 'az': -0.06, 'gx': 6.85, 'gy': 17.51, 'gz': -9.73}, {'t_us': 960713333, 'ax': -0.81, 'ay': 0.04, 'az': -0.06, 'gx': -7.66, 'gy': 33.18, 'gz': -3.59}, {'t_us': 960733311, 'ax': -1.12, 'ay': 0.11, 'az': -0.17, 'gx': -19.36, 'gy': 18.38, 'gz': 1.07}]",2026-02-13 10:16:03,0.0
"[{'t_us': 960759680, 'ax': -1.1, 'ay': 0.03, 'az': -0.31, 'gx': -18.27, 'gy': -13.02, 'gz': -5.86}, {'t_us': 960773317, 'ax': -1.04, 'ay': -0.05, 'az': -0.29, 'gx': -14.85, 'gy': -18.09, 'gz': -9.28}, {'t_us': 960793333, 'ax': -0.95, 'ay': -0.16, 'az': -0.21, 'gx': -7.95, 'gy': -17.05, 'gz': -14.41}, {'t_us': 960813333, 'ax': -0.89, 'ay': -0.22, 'az': -0.11, 'gx': -5.85, 'gy': -11.79, 'gz': -14.47}, {'t_us': 960833293, 'ax': -0.92, 'ay': -0.2, 'az': -0.09, 'gx': -5.95, 'gy': -6.09, 'gz': -11.79}]",2026-02-13 10:16:03,0.0
"[{'t_us': 960857773, 'ax': -1.0, 'ay': -0.08, 'az': -0.09, 'gx': -3.54, 'gy': -0.96, 'gz': -12.41}, {'t_us': 960873317, 'ax': -0.99, 'ay': -0.04, 'az': -0.08, 'gx': -3.69, 'gy': -1.25, 'gz': -13.1}, {'t_us': 960893321, 'ax': -0.95, 'ay': -0.0, 'az': -0.06, 'gx': -5.97, 'gy': -1.11, 'gz': -13.54}, {'t_us': 960913274, 'ax': -0.92, 'ay': -0.01, 'az': -0.01, 'gx': -10.61, 'gy': -0.63, 'gz': -15.34}, {'t_us': 960933338, 'ax': -0.92, 'ay': -0.08, 'az': -0.03, 'gx': -13.01, 'gy': -1.45, 'gz': -17.16}]",2026-02-13 10:16:04,0.0
"[{'t_us': 960959389, 'ax': -0.98, 'ay': -0.13, 'az': -0.08, 'gx': -7.08, 'gy': -3.59, 'gz': -20.6}, {'t_us': 960973301, 'ax': -1.0, 'ay': -0.14, 'az': -0.09, 'gx': -5.08, 'gy': -5.92, 'gz': -22.0}, {'t_us': 960993326, 'ax': -0.97, 'ay': -0.13, 'az': -0.06, 'gx': -3.62, 'gy': -9.27, 'gz': -22.89}, {'t_us': 961013301, 'ax': -0.91, 'ay': -0.1, 'az': -0.02, 'gx': -6.21, 'gy': -12.21, 'gz': -21.71}, {'t_us': 961033311, 'ax': -0.83, 'ay': -0.11, 'az': -0.01, 'gx': -10.05, 'gy': -9.45, 'gz': -19.37}]",2026-02-13 10:16:04,0.0
"[{'t_us': 961059258, 'ax': -0.84, 'ay': -0.13, 'az': 0.03, 'gx': -15.53, 'gy': -3.05, 'gz': -12.98}, {'t_us': 961073326, 'ax': -0.85, 'ay': -0.18, 'az': 0.04, 'gx': -18.15, 'gy': -1.33, 'gz': -10.5}, {'t_us': 961093473, 'ax': -0.87, 'ay': -0.19, 'az': 0.04, 'gx': -20.47, 'gy': 4.03, 'gz': -7.11}, {'t_us': 961113321, 'ax': -0.89, 'ay': -0.17, 'az': 0.04, 'gx': -19.33, 'gy': 8.18, 'gz': -4.08}, {'t_us': 961133317, 'ax': -0.94, 'ay': -0.16, 'az': 0.02, 'gx': -15.71, 'gy': 8.98, 'gz': -2.81}]",2026-02-13 10:16:04,0.0
"[{'t_us': 961158069, 'ax': -0.99, 'ay': -0.18, 'az': -0.0, 'gx': -8.49, 'gy': 5.18, 'gz': -5.54}, {'t_us': 961173340, 'ax': -0.99, 'ay': -0.21, 'az': 0.01, 'gx': -4.24, 'gy': 1.86, 'gz': -7.79}, {'t_us': 961193274, 'ax': -0.95, 'ay': -0.25, 'az': 0.04, 'gx': -1.01, 'gy': 0.43, 'gz': -9.66}, {'t_us': 961213306, 'ax': -0.92, 'ay': -0.26, 'az': 0.05, 'gx': -0.12, 'gy': -0.72, 'gz': -7.94}, {'t_us': 961233284, 'ax': -0.89, 'ay': -0.23, 'az': 0.07, 'gx': -0.66, 'gy': 0.06, 'gz': -4.21}]",2026-02-13 10:16:04,0.0
"[{'t_us': 961259398, 'ax': -0.87, 'ay': -0.19, 'az': 0.07, 'gx': -3.18, 'gy': 6.85, 'gz': 0.55}, {'t_us': 961273385, 'ax': -0.85, 'ay': -0.18, 'az': 0.08, 'gx': -5.07, 'gy': 8.72, 'gz': 2.24}, {'t_us': 961293326, 'ax': -0.84, 'ay': -0.17, 'az': 0.07, 'gx': -8.56, 'gy': 10.69, 'gz': 3.57}, {'t_us': 961313280, 'ax': -0.84, 'ay': -0.18, 'az': 0.05, 'gx': -10.53, 'gy': 15.79, 'gz': 3.97}, {'t_us': 961333311, 'ax': -0.86, 'ay': -0.19, 'az': 0.04, 'gx': -9.44, 'gy': 18.53, 'gz': 3.6}]",2026-02-13 10:16:04,0.0
"[{'t_us': 961359375, 'ax': -0.91, 'ay': -0.24, 'az': 0.01, 'gx': -4.4, 'gy': 12.9, 'gz': 3.22}, {'t_us': 961373270, 'ax': -0.93, 'ay': -0.28, 'az': -0.01, 'gx': -1.47, 'gy': 9.6, 'gz': 3.22}, {'t_us': 961393280, 'ax': -0.95, 'ay': -0.29, 'az': -0.04, 'gx': 1.71, 'gy': 8.38, 'gz': 4.11}, {'t_us': 961413280, 'ax': -0.99, 'ay': -0.26, 'az': -0.06, 'gx': 3.33, 'gy': 11.21, 'gz': 3.42}, {'t_us': 961433333, 'ax': -1.06, 'ay': -0.2, 'az': -0.09, 'gx': 5.73, 'gy': 21.1, 'gz': -0.89}]",2026-02-13 10:16:04,0.0
"[{'t_us': 961459476, 'ax': -1.05, 'ay': -0.2, 'az': 0.01, 'gx': 9.86, 'gy': 17.98, 'gz': -8.5}, {'t_us': 961473288, 'ax': -1.01, 'ay': -0.16, 'az': 0.05, 'gx': 9.68, 'gy': 11.65, 'gz': -10.73}, {'t_us': 961493270, 'ax': -0.97, 'ay': -0.1, 'az': 0.06, 'gx': 5.94, 'gy': 3.4, 'gz': -10.0}, {'t_us': 961513306, 'ax': -0.96, 'ay': -0.12, 'az': 0.02, 'gx': -0.76, 'gy': 0.64, 'gz': -1.08}, {'t_us': 961533279, 'ax': -1.03, 'ay': -0.13, 'az': -0.11, 'gx': -8.35, 'gy': 3.68, 'gz': 8.38}]",2026-02-13 10:16:04,0.0
"[{'t_us': 961559459, 'ax': -1.08, 'ay': -0.09, 'az': -0.14, 'gx': -14.32, 'gy': 3.82, 'gz': 15.25}, {'t_us': 961574844, 'ax': -1.05, 'ay': -0.02, 'az': -0.12, 'gx': -16.85, 'gy': -0.03, 'gz': 14.67}, {'t_us': 961593333, 'ax': -0.99, 'ay': 0.03, 'az': -0.13, 'gx': -19.28, 'gy': -1.22, 'gz': 11.25}, {'t_us': 961613293, 'ax': -0.89, 'ay': 0.07, 'az': -0.12, 'gx': -22.31, 'gy': -0.27, 'gz': 6.69}, {'t_us': 961633292, 'ax': -0.82, 'ay': 0.08, 'az': -0.1, 'gx': -24.92, 'gy': 2.43, 'gz': 4.29}]",2026-02-13 10:16:04,0.0
"[{'t_us': 961659361, 'ax': -0.85, 'ay': 0.05, 'az': -0.05, 'gx': -28.82, 'gy': 7.54, 'gz': 5.15}, {'t_us': 961673326, 'ax': -0.9, 'ay': 0.03, 'az': -0.04, 'gx': -32.93, 'gy': 7.15, 'gz': 5.88}, {'t_us': 961693317, 'ax': -0.99, 'ay': 0.01, 'az': -0.06, 'gx': -37.54, 'gy': 5.36, 'gz': 6.14}, {'t_us': 961713321, 'ax': -1.04, 'ay': 0.01, 'az': -0.1, 'gx': -42.35, 'gy': -0.09, 'gz': 5.83}, {'t_us': 961733271, 'ax': -0.99, 'ay': 0.02, 'az': -0.1, 'gx': -45.92, 'gy': -7.73, 'gz': 5.98}]",2026-02-13 10:16:04,
"[{'t_us': 961759470, 'ax': -0.93, 'ay': 0.03, 'az': -0.03, 'gx': -49.79, 'gy': -9.86, 'gz': 7.53}, {'t_us': 961773270, 'ax': -0.9, 'ay': 0.02, 'az': -0.03, 'gx': -51.83, 'gy': -7.89, 'gz': 8.87}, {'t_us': 961793274, 'ax': -0.92, 'ay': -0.01, 'az': -0.03, 'gx': -53.18, 'gy': -2.96, 'gz': 11.15}, {'t_us': 961813274, 'ax': -0.95, 'ay': -0.04, 'az': -0.04, 'gx': -52.2, 'gy': 0.73, 'gz': 11.47}, {'t_us': 961833301, 'ax': -0.99, 'ay': -0.09, 'az': -0.05, 'gx': -48.98, 'gy': 1.48, 'gz': 11.8}]",2026-02-13 10:16:04,0.0
"[{'t_us': 961857732, 'ax': -0.98, 'ay': -0.11, 'az': -0.05, 'gx': -42.84, 'gy': -2.69, 'gz': 12.32}, {'t_us': 961874352, 'ax': -0.96, 'ay': -0.11, 'az': -0.05, 'gx': -38.27, 'gy': -3.57, 'gz': 13.37}, {'t_us': 961893321, 'ax': -0.94, 'ay': -0.07, 'az': -0.04, 'gx': -33.19, 'gy': -1.98, 'gz': 14.44}, {'t_us': 961913274, 'ax': -0.93, 'ay': -0.02, 'az': -0.02, 'gx': -28.85, 'gy': -3.79, 'gz': 14.95}, {'t_us': 961933292, 'ax': -0.93, 'ay': 0.01, 'az': 0.02, 'gx': -27.69, 'gy': -4.35, 'gz': 12.63}]",2026-02-13 10:16:04,0.0
"[{'t_us': 961957902, 'ax': -0.94, 'ay': 0.02, 'az': 0.04, 'gx': -27.31, 'gy': -4.37, 'gz': 9.21}, {'t_us': 961973284, 'ax': -0.94, 'ay': 0.0, 'az': 0.05, 'gx': -26.98, 'gy': -6.32, 'gz': 7.74}, {'t_us': 961993301, 'ax': -0.93, 'ay': -0.0, 'az': 0.05, 'gx': -27.59, 'gy': -7.86, 'gz': 4.81}, {'t_us': 962013311, 'ax': -0.9, 'ay': 0.0, 'az': 0.06, 'gx': -27.25, 'gy': -9.19, 'gz': 1.4}, {'t_us': 962033321, 'ax': -0.85, 'ay': 0.02, 'az': 0.08, 'gx': -27.51, 'gy': -8.14, 'gz': -1.73}]",2026-02-13 10:16:05,0.0
"[{'t_us': 962057928, 'ax': -0.83, 'ay': 0.05, 'az': 0.07, 'gx': -28.67, 'gy': -4.29, 'gz': -6.24}, {'t_us': 962073317, 'ax': -0.83, 'ay': 0.07, 'az': 0.09, 'gx': -30.75, 'gy': -4.85, 'gz': -9.24}, {'t_us': 962093269, 'ax': -0.86, 'ay': 0.12, 'az': 0.1, 'gx': -34.67, 'gy': -3.68, 'gz': -13.21}, {'t_us': 962113321, 'ax': -0.92, 'ay': 0.11, 'az': 0.1, 'gx': -40.73, 'gy': -5.11, 'gz': -14.29}, {'t_us': 962133274, 'ax': -1.0, 'ay': 0.07, 'az': 0.07, 'gx': -49.42, 'gy': -11.13, 'gz': -12.64}]",2026-02-13 10:16:05,0.0
"[{'t_us': 962159396, 'ax': -1.12, 'ay': 0.03, 'az': -0.05, 'gx': -62.2, 'gy': -6.87, 'gz': -3.8}, {'t_us': 962176050, 'ax': -1.22, 'ay': 0.02, 'az': -0.14, 'gx': -66.47, 'gy': 1.53, 'gz': 8.09}, {'t_us': 962193301, 'ax': -1.18, 'ay': 0.03, 'az': -0.14, 'gx': -69.34, 'gy': -3.95, 'gz': 20.76}, {'t_us': 962213301, 'ax': -1.03, 'ay': 0.01, 'az': -0.11, 'gx': -69.97, 'gy': -7.27, 'gz': 25.54}, {'t_us': 962233304, 'ax': -0.87, 'ay': -0.06, 'az': -0.13, 'gx': -68.72, 'gy': -9.08, 'gz': 16.34}]",2026-02-13 10:16:05,0.0
"[{'t_us': 962259459, 'ax': -0.79, 'ay': -0.16, 'az': -0.14, 'gx': -67.59, 'gy': -1.22, 'gz': -2.43}, {'t_us': 962273301, 'ax': -0.83, 'ay': -0.11, 'az': -0.08, 'gx': -71.16, 'gy': 5.02, 'gz': -4.87}, {'t_us': 962293273, 'ax': -0.99, 'ay': 0.02, 'az': -0.02, 'gx': -85.21, 'gy': 3.59, 'gz': 4.55}, {'t_us': 962313306, 'ax': -1.12, 'ay': 0.15, 'az': -0.06, 'gx': -102.17, 'gy': -6.29, 'gz': 12.96}, {'t_us': 962333301, 'ax': -1.09, 'ay': 0.16, 'az': -0.06, 'gx': -120.23, 'gy': -10.47, 'gz': 12.14}]",2026-02-13 10:16:05,0.0
"[{'t_us': 962357601, 'ax': -0.99, 'ay': 0.05, 'az': -0.09, 'gx': -137.47, 'gy': -11.85, 'gz': 4.72}, {'t_us': 962373295, 'ax': -0.9, 'ay': -0.05, 'az': -0.1, 'gx': -143.88, 'gy': -9.95, 'gz': 4.24}, {'t_us': 962393306, 'ax': -0.86, 'ay': -0.09, 'az': -0.11, 'gx': -151.68, 'gy': -5.28, 'gz': 8.35}, {'t_us': 962413311, 'ax': -0.89, 'ay': -0.08, 'az': -0.11, 'gx': -158.23, 'gy': -3.16, 'gz': 12.49}, {'t_us': 962433338, 'ax': -0.96, 'ay': -0.03, 'az': -0.11, 'gx': -163.66, 'gy': -4.06, 'gz': 15.34}]",2026-02-13 10:16:05,0.0
"[{'t_us': 962459791, 'ax': -0.97, 'ay': -0.01, 'az': -0.13, 'gx': -171.88, 'gy': -5.22, 'gz': 13.63}, {'t_us': 962473292, 'ax': -0.96, 'ay': -0.05, 'az': -0.13, 'gx': -174.52, 'gy': -3.88, 'gz': 12.84}, {'t_us': 962493307, 'ax': -0.93, 'ay': -0.1, 'az': -0.12, 'gx': -175.94, 'gy': -2.12, 'gz': 12.61}, {'t_us': 962513326, 'ax': -0.91, 'ay': -0.17, 'az': -0.12, 'gx': -174.93, 'gy': -1.98, 'gz': 14.82}, {'t_us': 962533317, 'ax': -0.92, 'ay': -0.23, 'az': -0.12, 'gx': -170.99, 'gy': -1.4, 'gz': 18.15}]",2026-02-13 10:16:05,0.0
"[{'t_us': 962557987, 'ax': -0.96, 'ay': -0.22, 'az': -0.15, 'gx': -164.31, 'gy': -1.8, 'gz': 19.22}, {'t_us': 962573304, 'ax': -1.0, 'ay': -0.21, 'az': -0.13, 'gx': -160.38, 'gy': 0.85, 'gz': 18.89}, {'t_us': 962593311, 'ax': -0.98, 'ay': -0.19, 'az': -0.13, 'gx': -151.19, 'gy': -1.16, 'gz': 16.26}, {'t_us': 962613330, 'ax': -0.95, 'ay': -0.2, 'az': -0.1, 'gx': -142.34, 'gy': -3.45, 'gz': 14.15}, {'t_us': 962633284, 'ax': -0.93, 'ay': -0.23, 'az': -0.1, 'gx': -133.92, 'gy': -1.95, 'gz': 13.11}]",2026-02-13 10:16:05,0.0
"[{'t_us': 962658737, 'ax': -0.96, 'ay': -0.28, 'az': -0.13, 'gx': -122.18, 'gy': 0.63, 'gz': 10.2}, {'t_us': 962673333, 'ax': -0.96, 'ay': -0.3, 'az': -0.14, 'gx': -114.37, 'gy': 0.18, 'gz': 8.02}, {'t_us': 962693333, 'ax': -0.92, 'ay': -0.28, 'az': -0.14, 'gx': -104.82, 'gy': -1.07, 'gz': 6.0}, {'t_us': 962713311, 'ax': -0.88, 'ay': -0.25, 'az': -0.11, 'gx': -94.78, 'gy': 1.63, 'gz': 4.03}, {'t_us': 962733321, 'ax': -0.9, 'ay': -0.18, 'az': -0.12, 'gx': -88.95, 'gy': 11.4, 'gz': 3.11}]",2026-02-13 10:16:05,0.0
"[{'t_us': 962759517, 'ax': -0.93, 'ay': -0.09, 'az': -0.1, 'gx': -70.95, 'gy': 13.62, 'gz': 1.31}, {'t_us': 962774867, 'ax': -0.98, 'ay': -0.06, 'az': -0.11, 'gx': -55.97, 'gy': 16.66, 'gz': 0.49}, {'t_us': 962793306, 'ax': -1.01, 'ay': -0.16, 'az': -0.11, 'gx': -39.13, 'gy': 21.08, 'gz': -1.63}, {'t_us': 962813326, 'ax': -1.01, 'ay': -0.22, 'az': -0.09, 'gx': -20.23, 'gy': 15.28, 'gz': -3.5}, {'t_us': 962833338, 'ax': -1.01, 'ay': -0.18, 'az': -0.09, 'gx': -3.16, 'gy': 13.1, 'gz': -0.85}]",2026-02-13 10:16:05,0.0
"[{'t_us': 962859366, 'ax': -0.91, 'ay': -0.04, 'az': -0.07, 'gx': 7.27, 'gy': 13.6, 'gz': 4.67}, {'t_us': 962873325, 'ax': -0.9, 'ay': 0.05, 'az': -0.05, 'gx': 9.83, 'gy': 14.47, 'gz': 6.87}, {'t_us': 962893330, 'ax': -0.92, 'ay': 0.13, 'az': -0.02, 'gx': 11.94, 'gy': 11.98, 'gz': 8.46}, {'t_us': 962913291, 'ax': -0.93, 'ay': 0.14, 'az': -0.03, 'gx': 12.37, 'gy': 8.93, 'gz': 6.21}, {'t_us': 962933270, 'ax': -0.97, 'ay': 0.11, 'az': -0.05, 'gx': 14.69, 'gy': 6.27, 'gz': 1.45}]",2026-02-13 10:16:05,0.0
"[{'t_us': 962959465, 'ax': -0.93, 'ay': 0.02, 'az': -0.05, 'gx': 21.5, 'gy': 7.31, 'gz': -4.4}, {'t_us': 962973274, 'ax': -0.91, 'ay': -0.03, 'az': -0.06, 'gx': 25.31, 'gy': 7.8, 'gz': -4.93}, {'t_us': 962993274, 'ax': -0.92, 'ay': -0.04, 'az': -0.05, 'gx': 31.71, 'gy': 6.92, 'gz': -5.37}, {'t_us': 963013330, 'ax': -0.95, 'ay': -0.04, 'az': -0.08, 'gx': 38.64, 'gy': 6.73, 'gz': -6.52}, {'t_us': 963033338, 'ax': -0.99, 'ay': -0.02, 'az': -0.08, 'gx': 46.35, 'gy': 6.41, 'gz': -6.89}]",2026-02-13 10:16:06,0.0
"[{'t_us': 963058079, 'ax': -1.06, 'ay': -0.01, 'az': -0.04, 'gx': 56.05, 'gy': 4.32, 'gz': -5.54}, {'t_us': 963073307, 'ax': -1.08, 'ay': -0.02, 'az': -0.01, 'gx': 59.51, 'gy': 3.3, 'gz': -4.03}, {'t_us': 963093311, 'ax': -1.06, 'ay': -0.0, 'az': 0.0, 'gx': 61.66, 'gy': 4.5, 'gz': -1.4}, {'t_us': 963113285, 'ax': -0.96, 'ay': 0.02, 'az': 0.02, 'gx': 62.89, 'gy': 7.3, 'gz': 0.78}, {'t_us': 963133279, 'ax': -0.88, 'ay': 0.04, 'az': 0.04, 'gx': 61.37, 'gy': 13.27, 'gz': 2.08}]",2026-02-13 10:16:06,0.0
"[{'t_us': 963159414, 'ax': -0.9, 'ay': 0.09, 'az': 0.0, 'gx': 54.55, 'gy': 17.18, 'gz': 0.99}, {'t_us': 963173317, 'ax': -0.91, 'ay': 0.11, 'az': -0.01, 'gx': 51.6, 'gy': 15.85, 'gz': -0.5}, {'t_us': 963193321, 'ax': -0.93, 'ay': 0.12, 'az': -0.05, 'gx': 47.47, 'gy': 13.16, 'gz': -1.76}, {'t_us': 963213274, 'ax': -0.88, 'ay': 0.08, 'az': -0.05, 'gx': 43.57, 'gy': 11.37, 'gz': -3.85}, {'t_us': 963233274, 'ax': -0.92, 'ay': 0.02, 'az': -0.05, 'gx': 41.01, 'gy': 8.89, 'gz': -3.92}]",2026-02-13 10:16:06,0.0
"[{'t_us': 963259643, 'ax': -0.85, 'ay': -0.06, 'az': -0.05, 'gx': 42.4, 'gy': 12.93, 'gz': -2.75}, {'t_us': 963273275, 'ax': -0.85, 'ay': -0.07, 'az': -0.06, 'gx': 44.6, 'gy': 12.98, 'gz': -3.07}, {'t_us': 963293274, 'ax': -0.85, 'ay': -0.1, 'az': -0.07, 'gx': 46.67, 'gy': 13.24, 'gz': -3.53}, {'t_us': 963313306, 'ax': -0.89, 'ay': -0.11, 'az': -0.04, 'gx': 46.85, 'gy': 16.87, 'gz': -2.56}, {'t_us': 963333338, 'ax': -0.98, 'ay': -0.06, 'az': -0.01, 'gx': 46.17, 'gy': 14.64, 'gz': -1.88}]",2026-02-13 10:16:06,0.0
"[{'t_us': 963358173, 'ax': -0.99, 'ay': -0.08, 'az': 0.03, 'gx': 44.93, 'gy': 17.95, 'gz': -3.77}, {'t_us': 963373317, 'ax': -1.0, 'ay': -0.09, 'az': 0.02, 'gx': 39.45, 'gy': 24.18, 'gz': -4.55}, {'t_us': 963393321, 'ax': -1.01, 'ay': -0.07, 'az': -0.02, 'gx': 32.82, 'gy': 32.08, 'gz': -0.46}, {'t_us': 963413274, 'ax': -1.1, 'ay': 0.02, 'az': -0.04, 'gx': 29.85, 'gy': 26.0, 'gz': 5.63}, {'t_us': 963433321, 'ax': -1.1, 'ay': 0.07, 'az': -0.08, 'gx': 28.63, 'gy': 6.6, 'gz': 4.84}]",2026-02-13 10:16:06,0.0
"[{'t_us': 963459688, 'ax': -0.95, 'ay': -0.01, 'az': -0.14, 'gx': 30.29, 'gy': 3.77, 'gz': 1.4}, {'t_us': 963473307, 'ax': -0.91, 'ay': -0.04, 'az': -0.11, 'gx': 28.63, 'gy': 12.24, 'gz': 0.23}, {'t_us': 963493311, 'ax': -0.83, 'ay': -0.12, 'az': -0.14, 'gx': 27.21, 'gy': 19.8, 'gz': -0.15}, {'t_us': 963513338, 'ax': -0.76, 'ay': -0.14, 'az': -0.17, 'gx': 26.55, 'gy': 19.16, 'gz': 2.78}, {'t_us': 963533274, 'ax': -0.8, 'ay': -0.14, 'az': -0.2, 'gx': 30.61, 'gy': 16.56, 'gz': 5.28}]",2026-02-13 10:16:06,0.0
"[{'t_us': 963558162, 'ax': -0.95, 'ay': -0.15, 'az': -0.24, 'gx': 40.34, 'gy': 18.82, 'gz': 6.72}, {'t_us': 963573788, 'ax': -1.07, 'ay': -0.19, 'az': -0.22, 'gx': 45.25, 'gy': 16.47, 'gz': 5.83}, {'t_us': 963593311, 'ax': -1.09, 'ay': -0.24, 'az': -0.19, 'gx': 48.17, 'gy': 10.32, 'gz': 1.92}, {'t_us': 963613285, 'ax': -1.04, 'ay': -0.26, 'az': -0.15, 'gx': 48.06, 'gy': 6.64, 'gz': -2.0}, {'t_us': 963633320, 'ax': -0.94, 'ay': -0.17, 'az': -0.09, 'gx': 46.84, 'gy': 10.0, 'gz': -3.25}]",2026-02-13 10:16:06,0.0
"[{'t_us': 963659384, 'ax': -0.82, 'ay': -0.09, 'az': -0.04, 'gx': 40.82, 'gy': 23.97, 'gz': -0.05}, {'t_us': 963673333, 'ax': -0.81, 'ay': -0.09, 'az': -0.07, 'gx': 36.73, 'gy': 36.67, 'gz': 2.21}, {'t_us': 963693333, 'ax': -0.84, 'ay': -0.11, 'az': -0.12, 'gx': 30.03, 'gy': 47.66, 'gz': 2.73}, {'t_us': 963713293, 'ax': -0.92, 'ay': -0.12, 'az': -0.16, 'gx': 23.66, 'gy': 45.57, 'gz': 1.62}, {'t_us': 963733344, 'ax': -1.03, 'ay': -0.11, 'az': -0.2, 'gx': 18.24, 'gy': 40.06, 'gz': -1.44}]",2026-02-13 10:16:06,0.0
"[{'t_us': 963759810, 'ax': -1.08, 'ay': -0.04, 'az': -0.22, 'gx': 11.08, 'gy': 32.85, 'gz': -5.25}, {'t_us': 963773326, 'ax': -1.06, 'ay': -0.05, 'az': -0.21, 'gx': 5.24, 'gy': 25.94, 'gz': -6.41}, {'t_us': 963793330, 'ax': -1.0, 'ay': -0.1, 'az': -0.24, 'gx': -2.84, 'gy': 18.2, 'gz': -6.58}, {'t_us': 963813284, 'ax': -0.96, 'ay': -0.16, 'az': -0.25, 'gx': -6.69, 'gy': 12.75, 'gz': -5.22}, {'t_us': 963833330, 'ax': -0.97, 'ay': -0.21, 'az': -0.25, 'gx': -7.68, 'gy': 3.47, 'gz': -3.11}]",2026-02-13 10:16:06,0.0
"[{'t_us': 963859527, 'ax': -0.97, 'ay': -0.23, 'az': -0.24, 'gx': -10.5, 'gy': -3.13, 'gz': -1.31}, {'t_us': 963873303, 'ax': -0.93, 'ay': -0.23, 'az': -0.23, 'gx': -12.92, 'gy': -2.34, 'gz': -0.89}, {'t_us': 963893326, 'ax': -0.89, 'ay': -0.24, 'az': -0.22, 'gx': -14.64, 'gy': -0.18, 'gz': -0.27}, {'t_us': 963913330, 'ax': -0.87, 'ay': -0.27, 'az': -0.22, 'gx': -13.68, 'gy': 4.37, 'gz': 0.17}, {'t_us': 963933311, 'ax': -0.84, 'ay': -0.29, 'az': -0.23, 'gx': -12.95, 'gy': 8.02, 'gz': 0.0}]",2026-02-13 10:16:06,0.0
"[{'t_us': 963959555, 'ax': -0.83, 'ay': -0.28, 'az': -0.23, 'gx': -15.1, 'gy': 15.94, 'gz': -1.21}, {'t_us': 963973280, 'ax': -0.82, 'ay': -0.25, 'az': -0.23, 'gx': -18.2, 'gy': 17.68, 'gz': 0.34}, {'t_us': 963993311, 'ax': -0.86, 'ay': -0.18, 'az': -0.29, 'gx': -21.02, 'gy': 18.06, 'gz': 4.58}, {'t_us': 964013321, 'ax': -0.91, 'ay': -0.15, 'az': -0.35, 'gx': -21.34, 'gy': 15.04, 'gz': 6.47}, {'t_us': 964033271, 'ax': -1.01, 'ay': -0.13, 'az': -0.35, 'gx': -18.53, 'gy': 5.62, 'gz': 4.49}]",2026-02-13 10:16:07,0.0
"[{'t_us': 964058840, 'ax': -1.02, 'ay': -0.08, 'az': -0.28, 'gx': -13.69, 'gy': -16.47, 'gz': 4.27}, {'t_us': 964073307, 'ax': -1.04, 'ay': -0.03, 'az': -0.25, 'gx': -14.05, 'gy': -24.67, 'gz': 3.27}, {'t_us': 964093311, 'ax': -1.04, 'ay': 0.04, 'az': -0.26, 'gx': -15.39, 'gy': -31.02, 'gz': 4.21}, {'t_us': 964113301, 'ax': -1.06, 'ay': 0.08, 'az': -0.24, 'gx': -12.55, 'gy': -29.54, 'gz': 7.31}, {'t_us': 964133326, 'ax': -1.0, 'ay': 0.03, 'az': -0.15, 'gx': -7.16, 'gy': -33.05, 'gz': 9.01}]",2026-02-13 10:16:07,0.0
"[{'t_us': 964158224, 'ax': -0.83, 'ay': -0.09, 'az': -0.05, 'gx': 0.18, 'gy': -23.13, 'gz': 8.27}, {'t_us': 964173330, 'ax': -0.75, 'ay': -0.13, 'az': -0.08, 'gx': 4.84, 'gy': -8.18, 'gz': 7.33}, {'t_us': 964193333, 'ax': -0.79, 'ay': -0.1, 'az': -0.12, 'gx': 14.03, 'gy': 12.34, 'gz': 9.24}, {'t_us': 964213293, 'ax': -0.91, 'ay': -0.02, 'az': -0.15, 'gx': 24.38, 'gy': 23.74, 'gz': 12.15}, {'t_us': 964233307, 'ax': -1.03, 'ay': 0.07, 'az': -0.17, 'gx': 31.08, 'gy': 20.02, 'gz': 13.07}]",2026-02-13 10:16:07,0.0
"[{'t_us': 964259525, 'ax': -1.12, 'ay': 0.14, 'az': -0.2, 'gx': 37.24, 'gy': 8.84, 'gz': 9.74}, {'t_us': 964273330, 'ax': -1.09, 'ay': 0.13, 'az': -0.19, 'gx': 39.82, 'gy': 1.79, 'gz': 7.27}, {'t_us': 964293326, 'ax': -0.96, 'ay': 0.07, 'az': -0.14, 'gx': 40.9, 'gy': -2.23, 'gz': 5.89}, {'t_us': 964313330, 'ax': -0.9, 'ay': 0.03, 'az': -0.14, 'gx': 40.17, 'gy': 3.45, 'gz': 8.75}, {'t_us': 964333311, 'ax': -0.93, 'ay': 0.02, 'az': -0.17, 'gx': 39.48, 'gy': 6.6, 'gz': 11.27}]",2026-02-13 10:16:07,0.0
"[{'t_us': 964358396, 'ax': -0.97, 'ay': -0.01, 'az': -0.2, 'gx': 44.05, 'gy': 5.76, 'gz': 10.7}, {'t_us': 964373321, 'ax': -0.98, 'ay': -0.03, 'az': -0.2, 'gx': 48.69, 'gy': 4.09, 'gz': 8.9}, {'t_us': 964393326, 'ax': -0.94, 'ay': -0.06, 'az': -0.2, 'gx': 54.31, 'gy': 5.05, 'gz': 8.24}, {'t_us': 964413280, 'ax': -0.94, 'ay': -0.06, 'az': -0.18, 'gx': 58.95, 'gy': 8.18, 'gz': 9.53}, {'t_us': 964433270, 'ax': -0.91, 'ay': -0.03, 'az': -0.17, 'gx': 62.73, 'gy': 11.51, 'gz': 9.91}]",2026-02-13 10:16:07,0.0
"[{'t_us': 964458051, 'ax': -0.87, 'ay': 0.02, 'az': -0.14, 'gx': 66.58, 'gy': 17.08, 'gz': 9.94}, {'t_us': 964473292, 'ax': -0.87, 'ay': 0.04, 'az': -0.13, 'gx': 68.76, 'gy': 17.89, 'gz': 10.03}, {'t_us': 964493306, 'ax': -0.92, 'ay': 0.05, 'az': -0.14, 'gx': 71.3, 'gy': 18.41, 'gz': 10.44}, {'t_us': 964513333, 'ax': -1.0, 'ay': 0.04, 'az': -0.15, 'gx': 73.71, 'gy': 17.86, 'gz': 9.39}, {'t_us': 964533330, 'ax': -1.04, 'ay': 0.01, 'az': -0.13, 'gx': 73.63, 'gy': 12.29, 'gz': 7.66}]",2026-02-13 10:16:07,0.0
"[{'t_us': 964558216, 'ax': -1.0, 'ay': -0.02, 'az': -0.11, 'gx': 68.55, 'gy': 6.44, 'gz': 8.93}, {'t_us': 964575094, 'ax': -0.94, 'ay': -0.01, 'az': -0.09, 'gx': 62.76, 'gy': 4.4, 'gz': 11.05}, {'t_us': 964593284, 'ax': -0.9, 'ay': 0.02, 'az': -0.06, 'gx': 56.84, 'gy': 3.82, 'gz': 13.01}, {'t_us': 964613279, 'ax': -0.92, 'ay': 0.01, 'az': -0.07, 'gx': 53.22, 'gy': 2.38, 'gz': 13.65}, {'t_us': 964633318, 'ax': -0.96, 'ay': -0.02, 'az': -0.09, 'gx': 54.2, 'gy': 0.69, 'gz': 11.33}]",2026-02-13 10:16:07,0.0
"[{'t_us': 964659875, 'ax': -0.98, 'ay': -0.1, 'az': -0.08, 'gx': 59.63, 'gy': -6.58, 'gz': 6.76}, {'t_us': 964674060, 'ax': -0.92, 'ay': -0.11, 'az': -0.08, 'gx': 63.83, 'gy': -10.79, 'gz': 1.59}, {'t_us': 964693301, 'ax': -0.85, 'ay': -0.09, 'az': -0.09, 'gx': 67.94, 'gy': -9.18, 'gz': -3.37}, {'t_us': 964713330, 'ax': -0.87, 'ay': -0.01, 'az': -0.17, 'gx': 63.56, 'gy': -0.47, 'gz': -6.81}, {'t_us': 964733270, 'ax': -0.92, 'ay': 0.06, 'az': -0.33, 'gx': 54.69, 'gy': 26.66, 'gz': 2.49}]",2026-02-13 10:16:07,0.0
"[{'t_us': 964758457, 'ax': -1.23, 'ay': 0.12, 'az': -0.33, 'gx': 50.23, 'gy': 21.24, 'gz': 16.11}, {'t_us': 964773270, 'ax': -1.13, 'ay': 0.05, 'az': -0.31, 'gx': 44.11, 'gy': 0.98, 'gz': 15.04}, {'t_us': 964793284, 'ax': -0.87, 'ay': -0.03, 'az': -0.37, 'gx': 40.55, 'gy': -4.38, 'gz': 4.46}, {'t_us': 964813284, 'ax': -0.73, 'ay': -0.08, 'az': -0.41, 'gx': 47.5, 'gy': 8.63, 'gz': -4.23}, {'t_us': 964833302, 'ax': -0.78, 'ay': -0.08, 'az': -0.33, 'gx': 51.02, 'gy': 21.6, 'gz': -4.18}]",2026-02-13 10:16:07,0.0
"[{'t_us': 964858057, 'ax': -0.98, 'ay': -0.05, 'az': -0.26, 'gx': 43.5, 'gy': 26.66, 'gz': 2.64}, {'t_us': 964873285, 'ax': -1.06, 'ay': -0.03, 'az': -0.29, 'gx': 37.74, 'gy': 20.7, 'gz': 5.47}, {'t_us': 964893293, 'ax': -1.04, 'ay': -0.01, 'az': -0.38, 'gx': 32.96, 'gy': 15.97, 'gz': 4.35}, {'t_us': 964913321, 'ax': -0.97, 'ay': -0.05, 'az': -0.4, 'gx': 34.34, 'gy': 15.62, 'gz': 0.21}, {'t_us': 964933333, 'ax': -0.9, 'ay': -0.13, 'az': -0.34, 'gx': 39.34, 'gy': 21.18, 'gz': -2.03}]",2026-02-13 10:16:07,0.0
"[{'t_us': 964958641, 'ax': -0.93, 'ay': -0.22, 'az': -0.32, 'gx': 45.24, 'gy': 23.76, 'gz': -2.14}, {'t_us': 964973268, 'ax': -0.98, 'ay': -0.22, 'az': -0.35, 'gx': 48.98, 'gy': 23.27, 'gz': -3.92}, {'t_us': 964993293, 'ax': -1.03, 'ay': -0.18, 'az': -0.36, 'gx': 55.68, 'gy': 20.37, 'gz': -8.47}, {'t_us': 965013306, 'ax': -1.01, 'ay': -0.1, 'az': -0.3, 'gx': 58.15, 'gy': 13.95, 'gz': -11.62}, {'t_us': 965033333, 'ax': -0.94, 'ay': -0.07, 'az': -0.26, 'gx': 55.18, 'gy': 10.44, 'gz': -11.05}]",2026-02-13 10:16:08,0.0
"[{'t_us': 965060510, 'ax': -0.84, 'ay': -0.1, 'az': -0.24, 'gx': 45.48, 'gy': 14.73, 'gz': -7.77}, {'t_us': 965073301, 'ax': -0.82, 'ay': -0.11, 'az': -0.25, 'gx': 38.81, 'gy': 16.89, 'gz': -4.14}, {'t_us': 965093311, 'ax': -0.83, 'ay': -0.11, 'az': -0.27, 'gx': 30.93, 'gy': 16.64, 'gz': -1.04}, {'t_us': 965113288, 'ax': -0.88, 'ay': -0.11, 'az': -0.28, 'gx': 26.15, 'gy': 15.25, 'gz': -0.64}, {'t_us': 965133280, 'ax': -0.92, 'ay': -0.13, 'az': -0.26, 'gx': 24.73, 'gy': 11.76, 'gz': -2.76}]",2026-02-13 10:16:08,0.0
"[{'t_us': 965157753, 'ax': -0.93, 'ay': -0.17, 'az': -0.24, 'gx': 24.38, 'gy': 8.21, 'gz': -5.79}, {'t_us': 965173279, 'ax': -0.92, 'ay': -0.18, 'az': -0.25, 'gx': 24.55, 'gy': 7.71, 'gz': -5.66}, {'t_us': 965193284, 'ax': -0.93, 'ay': -0.19, 'az': -0.25, 'gx': 24.96, 'gy': 5.83, 'gz': -3.19}, {'t_us': 965213284, 'ax': -0.97, 'ay': -0.19, 'az': -0.25, 'gx': 24.02, 'gy': 0.61, 'gz': -0.21}, {'t_us': 965233317, 'ax': -0.99, 'ay': -0.19, 'az': -0.22, 'gx': 22.58, 'gy': -7.6, 'gz': 1.73}]",2026-02-13 10:16:08,0.0
"[{'t_us': 965259399, 'ax': -0.94, 'ay': -0.19, 'az': -0.15, 'gx': 17.37, 'gy': -17.8, 'gz': 3.01}, {'t_us': 965273316, 'ax': -0.9, 'ay': -0.18, 'az': -0.15, 'gx': 12.43, 'gy': -20.09, 'gz': 4.53}, {'t_us': 965293326, 'ax': -0.83, 'ay': -0.15, 'az': -0.11, 'gx': 4.18, 'gy': -17.37, 'gz': 10.72}, {'t_us': 965313330, 'ax': -0.82, 'ay': -0.11, 'az': -0.1, 'gx': -7.83, 'gy': -13.11, 'gz': 17.74}, {'t_us': 965333284, 'ax': -0.85, 'ay': -0.06, 'az': -0.19, 'gx': -18.69, 'gy': -10.64, 'gz': 22.23}]",2026-02-13 10:16:08,0.0
"[{'t_us': 965359413, 'ax': -0.97, 'ay': -0.06, 'az': -0.42, 'gx': -22.08, 'gy': 5.69, 'gz': 19.68}, {'t_us': 965373301, 'ax': -1.15, 'ay': -0.1, 'az': -0.44, 'gx': -19.15, 'gy': 20.37, 'gz': 7.68}, {'t_us': 965393311, 'ax': -1.14, 'ay': -0.18, 'az': -0.38, 'gx': -11.53, 'gy': 1.08, 'gz': -2.66}, {'t_us': 965413338, 'ax': -0.96, 'ay': -0.1, 'az': -0.34, 'gx': -1.89, 'gy': -11.48, 'gz': -6.43}, {'t_us': 965433326, 'ax': -0.81, 'ay': -0.0, 'az': -0.32, 'gx': 1.47, 'gy': -14.2, 'gz': -3.8}]",2026-02-13 10:16:08,0.0
"[{'t_us': 965459731, 'ax': -0.79, 'ay': 0.03, 'az': -0.29, 'gx': 2.7, 'gy': -16.0, 'gz': 2.93}, {'t_us': 965473284, 'ax': -0.82, 'ay': 0.01, 'az': -0.29, 'gx': 4.46, 'gy': -12.26, 'gz': 6.32}, {'t_us': 965493330, 'ax': -0.92, 'ay': -0.04, 'az': -0.28, 'gx': 8.18, 'gy': -6.53, 'gz': 6.75}, {'t_us': 965513333, 'ax': -0.96, 'ay': -0.08, 'az': -0.27, 'gx': 9.22, 'gy': -2.73, 'gz': 4.12}, {'t_us': 965533293, 'ax': -0.93, 'ay': -0.08, 'az': -0.27, 'gx': 7.94, 'gy': -1.19, 'gz': 3.94}]",2026-02-13 10:16:08,0.0
"[{'t_us': 965557826, 'ax': -0.9, 'ay': -0.02, 'az': -0.26, 'gx': 5.73, 'gy': 1.47, 'gz': 8.02}, {'t_us': 965573311, 'ax': -0.88, 'ay': 0.05, 'az': -0.23, 'gx': 2.02, 'gy': 0.81, 'gz': 9.83}, {'t_us': 965593338, 'ax': -0.9, 'ay': 0.15, 'az': -0.16, 'gx': -6.15, 'gy': 1.63, 'gz': 9.1}, {'t_us': 965613338, 'ax': -0.99, 'ay': 0.16, 'az': -0.2, 'gx': -12.98, 'gy': 1.69, 'gz': 6.98}, {'t_us': 965633330, 'ax': -1.1, 'ay': 0.13, 'az': -0.25, 'gx': -15.83, 'gy': 0.55, 'gz': 5.16}]",2026-02-13 10:16:08,0.0
"[{'t_us': 965657553, 'ax': -1.08, 'ay': -0.05, 'az': -0.31, 'gx': -12.98, 'gy': -3.73, 'gz': 1.97}, {'t_us': 965673276, 'ax': -1.01, 'ay': -0.16, 'az': -0.31, 'gx': -7.73, 'gy': -3.33, 'gz': 2.0}, {'t_us': 965693317, 'ax': -0.94, 'ay': -0.2, 'az': -0.26, 'gx': -3.34, 'gy': 0.7, 'gz': 5.27}, {'t_us': 965713338, 'ax': -0.9, 'ay': -0.11, 'az': -0.16, 'gx': -5.45, 'gy': 4.58, 'gz': 11.01}, {'t_us': 965733301, 'ax': -0.88, 'ay': 0.01, 'az': -0.11, 'gx': -8.89, 'gy': 7.95, 'gz': 15.73}]",2026-02-13 10:16:08,0.0
"[{'t_us': 965759442, 'ax': -0.89, 'ay': 0.1, 'az': -0.13, 'gx': -10.24, 'gy': 10.55, 'gz': 18.29}, {'t_us': 965773274, 'ax': -0.91, 'ay': 0.12, 'az': -0.15, 'gx': -9.25, 'gy': 9.08, 'gz': 16.75}, {'t_us': 965793302, 'ax': -0.94, 'ay': 0.09, 'az': -0.19, 'gx': -5.15, 'gy': 6.43, 'gz': 10.55}, {'t_us': 965813333, 'ax': -0.95, 'ay': 0.05, 'az': -0.2, 'gx': -1.42, 'gy': 2.08, 'gz': 5.15}, {'t_us': 965833293, 'ax': -0.95, 'ay': 0.02, 'az': -0.19, 'gx': 2.09, 'gy': -1.44, 'gz': 1.76}]",2026-02-13 10:16:08,0.0
"[{'t_us': 965859137, 'ax': -0.89, 'ay': -0.01, 'az': -0.17, 'gx': 2.47, 'gy': -4.76, 'gz': 1.63}, {'t_us': 965873963, 'ax': -0.84, 'ay': 0.0, 'az': -0.15, 'gx': 0.84, 'gy': -1.27, 'gz': 1.27}, {'t_us': 965893321, 'ax': -0.8, 'ay': 0.04, 'az': -0.15, 'gx': -0.7, 'gy': 6.67, 'gz': 0.7}, {'t_us': 965913274, 'ax': -0.8, 'ay': 0.07, 'az': -0.15, 'gx': -0.61, 'gy': 9.56, 'gz': 0.89}, {'t_us': 965933317, 'ax': -0.8, 'ay': 0.05, 'az': -0.16, 'gx': 2.23, 'gy': 9.86, 'gz': 0.61}]",2026-02-13 10:16:08,0.0
"[{'t_us': 965959895, 'ax': -0.84, 'ay': -0.05, 'az': -0.19, 'gx': 9.04, 'gy': 8.03, 'gz': -3.4}, {'t_us': 965973311, 'ax': -0.85, 'ay': -0.07, 'az': -0.23, 'gx': 11.05, 'gy': 9.07, 'gz': -7.89}, {'t_us': 965993311, 'ax': -0.89, 'ay': -0.04, 'az': -0.33, 'gx': 9.19, 'gy': 21.94, 'gz': -10.15}, {'t_us': 966013338, 'ax': -1.07, 'ay': -0.03, 'az': -0.41, 'gx': 8.7, 'gy': 43.92, 'gz': -0.52}, {'t_us': 966033292, 'ax': -1.2, 'ay': -0.04, 'az': -0.28, 'gx': 6.47, 'gy': 32.08, 'gz': 8.27}]",2026-02-13 10:16:09,0.0
"[{'t_us': 966059663, 'ax': -1.18, 'ay': -0.06, 'az': -0.31, 'gx': -3.08, 'gy': 14.75, 'gz': 9.33}, {'t_us': 966073338, 'ax': -1.15, 'ay': -0.06, 'az': -0.4, 'gx': 0.55, 'gy': 16.93, 'gz': 2.5}, {'t_us': 966093274, 'ax': -1.15, 'ay': -0.06, 'az': -0.43, 'gx': 8.06, 'gy': 12.27, 'gz': -2.61}, {'t_us': 966113306, 'ax': -1.1, 'ay': -0.09, 'az': -0.36, 'gx': 12.0, 'gy': -0.18, 'gz': -8.84}, {'t_us': 966133279, 'ax': -1.04, 'ay': -0.1, 'az': -0.26, 'gx': 10.52, 'gy': -5.24, 'gz': -10.29}]",2026-02-13 10:16:09,0.0
"[{'t_us': 966159389, 'ax': -0.98, 'ay': -0.08, 'az': -0.24, 'gx': 1.69, 'gy': -3.36, 'gz': -7.24}, {'t_us': 966174014, 'ax': -0.95, 'ay': -0.05, 'az': -0.27, 'gx': -2.73, 'gy': -2.37, 'gz': -5.98}, {'t_us': 966193338, 'ax': -0.94, 'ay': -0.04, 'az': -0.32, 'gx': -5.28, 'gy': -2.43, 'gz': -7.44}, {'t_us': 966213306, 'ax': -0.98, 'ay': -0.08, 'az': -0.33, 'gx': -3.8, 'gy': -2.67, 'gz': -7.8}, {'t_us': 966233321, 'ax': -1.01, 'ay': -0.13, 'az': -0.33, 'gx': 0.92, 'gy': -5.13, 'gz': -11.86}]",2026-02-13 10:16:09,0.0
"[{'t_us': 966258135, 'ax': -0.98, 'ay': -0.15, 'az': -0.34, 'gx': 5.39, 'gy': -11.19, 'gz': -14.09}, {'t_us': 966273308, 'ax': -0.94, 'ay': -0.14, 'az': -0.32, 'gx': 7.44, 'gy': -13.73, 'gz': -13.86}, {'t_us': 966293288, 'ax': -0.9, 'ay': -0.15, 'az': -0.31, 'gx': 9.91, 'gy': -14.87, 'gz': -12.02}, {'t_us': 966313330, 'ax': -0.89, 'ay': -0.15, 'az': -0.3, 'gx': 13.4, 'gy': -16.79, 'gz': -9.73}, {'t_us': 966333317, 'ax': -0.87, 'ay': -0.17, 'az': -0.29, 'gx': 16.49, 'gy': -17.62, 'gz': -7.53}]",2026-02-13 10:16:09,0.0
"[{'t_us': 966359437, 'ax': -0.88, 'ay': -0.19, 'az': -0.28, 'gx': 19.65, 'gy': -11.94, 'gz': -5.88}, {'t_us': 966373338, 'ax': -0.88, 'ay': -0.19, 'az': -0.28, 'gx': 20.98, 'gy': -10.52, 'gz': -5.01}, {'t_us': 966393321, 'ax': -0.85, 'ay': -0.18, 'az': -0.29, 'gx': 22.47, 'gy': -9.28, 'gz': -3.22}, {'t_us': 966413274, 'ax': -0.85, 'ay': -0.15, 'az': -0.28, 'gx': 23.57, 'gy': -7.56, 'gz': -2.23}, {'t_us': 966433338, 'ax': -0.86, 'ay': -0.12, 'az': -0.25, 'gx': 22.15, 'gy': -4.12, 'gz': -1.44}]",2026-02-13 10:16:09,0.0
"[{'t_us': 966457868, 'ax': -0.87, 'ay': -0.09, 'az': -0.23, 'gx': 17.88, 'gy': -1.01, 'gz': -0.44}, {'t_us': 966473338, 'ax': -0.88, 'ay': -0.08, 'az': -0.21, 'gx': 15.4, 'gy': 0.85, 'gz': -0.64}, {'t_us': 966493279, 'ax': -0.91, 'ay': -0.09, 'az': -0.2, 'gx': 13.94, 'gy': 1.48, 'gz': -2.05}, {'t_us': 966513280, 'ax': -0.94, 'ay': -0.11, 'az': -0.21, 'gx': 14.56, 'gy': 0.09, 'gz': -3.15}, {'t_us': 966533311, 'ax': -0.93, 'ay': -0.12, 'az': -0.21, 'gx': 13.95, 'gy': -0.35, 'gz': -3.39}]",2026-02-13 10:16:09,0.0
"[{'t_us': 966559452, 'ax': -0.95, 'ay': -0.13, 'az': -0.19, 'gx': 13.66, 'gy': -1.68, 'gz': -3.94}, {'t_us': 966573304, 'ax': -0.94, 'ay': -0.14, 'az': -0.19, 'gx': 13.51, 'gy': -2.4, 'gz': -4.38}, {'t_us': 966593331, 'ax': -0.94, 'ay': -0.15, 'az': -0.18, 'gx': 14.49, 'gy': -2.9, 'gz': -5.27}, {'t_us': 966613284, 'ax': -0.94, 'ay': -0.18, 'az': -0.15, 'gx': 16.12, 'gy': -4.14, 'gz': -6.06}, {'t_us': 966633270, 'ax': -0.92, 'ay': -0.2, 'az': -0.13, 'gx': 16.63, 'gy': -4.64, 'gz': -4.49}]",2026-02-13 10:16:09,0.0
"[{'t_us': 966657581, 'ax': -0.9, 'ay': -0.21, 'az': -0.11, 'gx': 14.29, 'gy': -3.88, 'gz': -0.66}, {'t_us': 966673321, 'ax': -0.9, 'ay': -0.19, 'az': -0.09, 'gx': 9.68, 'gy': -3.3, 'gz': 2.32}, {'t_us': 966693326, 'ax': -0.89, 'ay': -0.14, 'az': -0.08, 'gx': 5.21, 'gy': -2.34, 'gz': 4.84}, {'t_us': 966713280, 'ax': -0.88, 'ay': -0.13, 'az': -0.09, 'gx': 2.0, 'gy': -1.22, 'gz': 6.08}, {'t_us': 966733280, 'ax': -0.87, 'ay': -0.13, 'az': -0.06, 'gx': -0.56, 'gy': -0.18, 'gz': 6.41}]",2026-02-13 10:16:09,0.0
"[{'t_us': 966759376, 'ax': -0.87, 'ay': -0.13, 'az': -0.05, 'gx': -4.64, 'gy': 0.38, 'gz': 6.05}, {'t_us': 966773304, 'ax': -0.88, 'ay': -0.13, 'az': -0.05, 'gx': -7.01, 'gy': -0.89, 'gz': 5.53}, {'t_us': 966793321, 'ax': -0.87, 'ay': -0.11, 'az': -0.1, 'gx': -8.03, 'gy': -2.76, 'gz': 4.37}, {'t_us': 966813330, 'ax': -0.86, 'ay': -0.08, 'az': -0.18, 'gx': -6.84, 'gy': -2.66, 'gz': 6.69}, {'t_us': 966833270, 'ax': -0.89, 'ay': -0.15, 'az': -0.26, 'gx': -1.4, 'gy': 10.21, 'gz': 7.62}]",2026-02-13 10:16:09,0.0
"[{'t_us': 966859468, 'ax': -1.07, 'ay': -0.32, 'az': -0.25, 'gx': 12.18, 'gy': 18.47, 'gz': 0.6}, {'t_us': 966873324, 'ax': -1.09, 'ay': -0.36, 'az': -0.25, 'gx': 21.6, 'gy': 18.11, 'gz': -2.4}, {'t_us': 966893293, 'ax': -1.06, 'ay': -0.26, 'az': -0.27, 'gx': 27.91, 'gy': 17.22, 'gz': -3.4}, {'t_us': 966913274, 'ax': -0.98, 'ay': -0.11, 'az': -0.24, 'gx': 25.1, 'gy': 15.16, 'gz': 1.22}, {'t_us': 966933284, 'ax': -0.93, 'ay': 0.04, 'az': -0.19, 'gx': 16.26, 'gy': 14.79, 'gz': 7.39}]",2026-02-13 10:16:09,0.0
"[{'t_us': 966958205, 'ax': -0.97, 'ay': 0.11, 'az': -0.2, 'gx': 6.58, 'gy': 17.59, 'gz': 10.17}, {'t_us': 966973293, 'ax': -1.03, 'ay': 0.06, 'az': -0.2, 'gx': 2.87, 'gy': 15.51, 'gz': 8.37}, {'t_us': 966993311, 'ax': -1.03, 'ay': -0.02, 'az': -0.2, 'gx': 0.46, 'gy': 10.63, 'gz': 6.02}, {'t_us': 967013329, 'ax': -0.99, 'ay': -0.07, 'az': -0.21, 'gx': -1.25, 'gy': 7.57, 'gz': 4.12}, {'t_us': 967033333, 'ax': -0.93, 'ay': -0.06, 'az': -0.22, 'gx': -2.81, 'gy': 4.47, 'gz': 2.18}]",2026-02-13 10:16:10,0.0
"[{'t_us': 967059372, 'ax': -0.86, 'ay': -0.0, 'az': -0.24, 'gx': -1.91, 'gy': 2.84, 'gz': 1.5}, {'t_us': 967073310, 'ax': -0.89, 'ay': 0.02, 'az': -0.24, 'gx': -0.81, 'gy': 4.43, 'gz': 1.01}, {'t_us': 967093317, 'ax': -0.93, 'ay': 0.0, 'az': -0.23, 'gx': 0.35, 'gy': 0.66, 'gz': 0.21}, {'t_us': 967113326, 'ax': -0.95, 'ay': -0.02, 'az': -0.22, 'gx': -0.53, 'gy': -3.79, 'gz': 0.93}, {'t_us': 967133274, 'ax': -0.97, 'ay': -0.03, 'az': -0.21, 'gx': -2.43, 'gy': -5.76, 'gz': 1.62}]",2026-02-13 10:16:10,0.0
"[{'t_us': 967157657, 'ax': -0.97, 'ay': -0.03, 'az': -0.19, 'gx': -4.64, 'gy': -6.76, 'gz': 1.33}, {'t_us': 967173893, 'ax': -0.98, 'ay': -0.02, 'az': -0.16, 'gx': -5.57, 'gy': -7.11, 'gz': 0.95}, {'t_us': 967193321, 'ax': -0.98, 'ay': -0.03, 'az': -0.17, 'gx': -6.73, 'gy': -4.9, 'gz': 0.32}, {'t_us': 967213278, 'ax': -1.0, 'ay': -0.04, 'az': -0.17, 'gx': -6.56, 'gy': -4.31, 'gz': 0.58}, {'t_us': 967233338, 'ax': -1.0, 'ay': -0.05, 'az': -0.17, 'gx': -5.8, 'gy': -6.32, 'gz': 0.0}]",2026-02-13 10:16:10,0.0
"[{'t_us': 967259822, 'ax': -0.99, 'ay': -0.05, 'az': -0.18, 'gx': -6.87, 'gy': -5.91, 'gz': -2.26}, {'t_us': 967273278, 'ax': -0.97, 'ay': -0.04, 'az': -0.18, 'gx': -8.09, 'gy': -4.95, 'gz': -2.56}, {'t_us': 967293280, 'ax': -0.92, 'ay': -0.03, 'az': -0.17, 'gx': -8.41, 'gy': -3.01, 'gz': -2.66}, {'t_us': 967313338, 'ax': -0.9, 'ay': -0.02, 'az': -0.16, 'gx': -7.85, 'gy': -0.66, 'gz': -0.02}, {'t_us': 967333333, 'ax': -0.87, 'ay': -0.04, 'az': -0.15, 'gx': -7.39, 'gy': 1.08, 'gz': 1.89}]",2026-02-13 10:16:10,0.0
"[{'t_us': 967359384, 'ax': -0.88, 'ay': -0.09, 'az': -0.18, 'gx': -4.34, 'gy': 3.6, 'gz': 1.79}, {'t_us': 967373330, 'ax': -0.9, 'ay': -0.09, 'az': -0.17, 'gx': -2.23, 'gy': 4.31, 'gz': 1.02}, {'t_us': 967393293, 'ax': -0.92, 'ay': -0.06, 'az': -0.14, 'gx': -0.08, 'gy': 3.76, 'gz': 0.85}, {'t_us': 967413326, 'ax': -0.93, 'ay': -0.02, 'az': -0.14, 'gx': 1.08, 'gy': 3.69, 'gz': 1.39}, {'t_us': 967433338, 'ax': -0.95, 'ay': -0.01, 'az': -0.15, 'gx': 2.7, 'gy': 1.04, 'gz': 1.76}]",2026-02-13 10:16:10,0.0
"[{'t_us': 967458102, 'ax': -0.96, 'ay': -0.02, 'az': -0.14, 'gx': 5.48, 'gy': -3.19, 'gz': 2.0}, {'t_us': 967473436, 'ax': -0.99, 'ay': -0.03, 'az': -0.12, 'gx': 7.16, 'gy': -5.05, 'gz': 1.18}, {'t_us': 967493311, 'ax': -0.99, 'ay': -0.04, 'az': -0.09, 'gx': 8.11, 'gy': -7.1, 'gz': 1.08}, {'t_us': 967513338, 'ax': -1.0, 'ay': -0.03, 'az': -0.09, 'gx': 5.36, 'gy': -6.66, 'gz': 1.3}, {'t_us': 967533301, 'ax': -0.97, 'ay': -0.02, 'az': -0.06, 'gx': 0.72, 'gy': -5.71, 'gz': 1.97}]",2026-02-13 10:16:10,0.0
"[{'t_us': 967559833, 'ax': -0.96, 'ay': -0.0, 'az': -0.01, 'gx': -7.13, 'gy': -5.56, 'gz': 6.18}, {'t_us': 967573314, 'ax': -0.96, 'ay': 0.01, 'az': -0.0, 'gx': -10.29, 'gy': -5.33, 'gz': 6.26}, {'t_us': 967593317, 'ax': -0.96, 'ay': 0.03, 'az': -0.01, 'gx': -15.94, 'gy': -3.73, 'gz': 6.38}, {'t_us': 967613338, 'ax': -0.95, 'ay': 0.04, 'az': -0.04, 'gx': -20.37, 'gy': -3.97, 'gz': 4.92}, {'t_us': 967633338, 'ax': -0.92, 'ay': 0.03, 'az': -0.05, 'gx': -23.1, 'gy': -4.84, 'gz': 3.53}]",2026-02-13 10:16:11,0.0
"[{'t_us': 967659780, 'ax': -0.88, 'ay': 0.01, 'az': -0.04, 'gx': -24.41, 'gy': -5.47, 'gz': 2.08}, {'t_us': 967673274, 'ax': -0.87, 'ay': 0.0, 'az': -0.04, 'gx': -23.66, 'gy': -5.51, 'gz': 0.61}, {'t_us': 967693317, 'ax': -0.87, 'ay': -0.0, 'az': -0.03, 'gx': -21.21, 'gy': -5.31, 'gz': -1.39}, {'t_us': 967713338, 'ax': -0.88, 'ay': -0.0, 'az': -0.02, 'gx': -18.14, 'gy': -5.68, 'gz': -3.11}, {'t_us': 967733326, 'ax': -0.89, 'ay': -0.03, 'az': -0.0, 'gx': -14.63, 'gy': -6.43, 'gz': -4.55}]",2026-02-13 10:16:11,0.0
"[{'t_us': 967757956, 'ax': -0.94, 'ay': -0.06, 'az': 0.02, 'gx': -11.45, 'gy': -7.97, 'gz': -5.44}, {'t_us': 967773274, 'ax': -0.96, 'ay': -0.05, 'az': 0.03, 'gx': -10.17, 'gy': -8.84, 'gz': -6.82}, {'t_us': 967793306, 'ax': -0.95, 'ay': -0.03, 'az': 0.01, 'gx': -9.77, 'gy': -11.97, 'gz': -8.46}, {'t_us': 967813329, 'ax': -0.95, 'ay': 0.01, 'az': -0.04, 'gx': -12.66, 'gy': -10.58, 'gz': -7.4}, {'t_us': 967833311, 'ax': -0.97, 'ay': -0.02, 'az': -0.07, 'gx': -18.32, 'gy': -1.07, 'gz': 0.47}]",2026-02-13 10:16:11,0.0
"[{'t_us': 967857807, 'ax': -1.11, 'ay': -0.03, 'az': -0.0, 'gx': -28.61, 'gy': -0.87, 'gz': 17.11}, {'t_us': 967873317, 'ax': -1.06, 'ay': -0.02, 'az': 0.0, 'gx': -34.26, 'gy': -14.52, 'gz': 18.58}, {'t_us': 967893338, 'ax': -1.0, 'ay': -0.03, 'az': -0.09, 'gx': -35.42, 'gy': -17.45, 'gz': 14.41}, {'t_us': 967913271, 'ax': -0.95, 'ay': -0.06, 'az': -0.18, 'gx': -27.05, 'gy': -8.2, 'gz': 9.47}, {'t_us': 967933333, 'ax': -0.99, 'ay': -0.09, 'az': -0.22, 'gx': -14.67, 'gy': 1.16, 'gz': 3.19}]",2026-02-13 10:16:11,0.0
"[{'t_us': 967957734, 'ax': -1.02, 'ay': -0.18, 'az': -0.31, 'gx': 1.95, 'gy': 2.26, 'gz': -6.03}, {'t_us': 967973280, 'ax': -1.0, 'ay': -0.23, 'az': -0.34, 'gx': 12.03, 'gy': 1.01, 'gz': -12.35}, {'t_us': 967993311, 'ax': -0.91, 'ay': -0.29, 'az': -0.3, 'gx': 24.08, 'gy': -0.78, 'gz': -16.26}, {'t_us': 968013311, 'ax': -0.84, 'ay': -0.3, 'az': -0.22, 'gx': 29.85, 'gy': -0.35, 'gz': -13.3}, {'t_us': 968033321, 'ax': -0.82, 'ay': -0.22, 'az': -0.19, 'gx': 29.51, 'gy': 2.61, 'gz': -8.08}]",2026-02-13 10:16:11,0.0
"[{'t_us': 968059444, 'ax': -0.88, 'ay': -0.13, 'az': -0.14, 'gx': 23.33, 'gy': 9.77, 'gz': -0.76}, {'t_us': 968073332, 'ax': -0.92, 'ay': -0.1, 'az': -0.12, 'gx': 20.29, 'gy': 13.57, 'gz': 1.4}, {'t_us': 968093274, 'ax': -0.95, 'ay': -0.12, 'az': -0.11, 'gx': 16.9, 'gy': 17.18, 'gz': 1.73}, {'t_us': 968113333, 'ax': -0.98, 'ay': -0.12, 'az': -0.11, 'gx': 16.46, 'gy': 20.34, 'gz': -1.88}, {'t_us': 968133311, 'ax': -1.01, 'ay': -0.13, 'az': -0.13, 'gx': 18.58, 'gy': 21.76, 'gz': -7.22}]",2026-02-13 10:16:11,0.0
"[{'t_us': 968158197, 'ax': -1.03, 'ay': -0.15, 'az': -0.13, 'gx': 22.17, 'gy': 18.15, 'gz': -11.39}, {'t_us': 968173301, 'ax': -1.01, 'ay': -0.16, 'az': -0.14, 'gx': 23.62, 'gy': 17.66, 'gz': -12.06}, {'t_us': 968193311, 'ax': -1.01, 'ay': -0.13, 'az': -0.11, 'gx': 23.62, 'gy': 17.5, 'gz': -11.37}, {'t_us': 968213338, 'ax': -1.02, 'ay': -0.1, 'az': -0.11, 'gx': 22.17, 'gy': 12.52, 'gz': -11.71}, {'t_us': 968233277, 'ax': -0.99, 'ay': -0.07, 'az': -0.08, 'gx': 21.33, 'gy': 6.29, 'gz': -13.13}]",2026-02-13 10:16:11,0.0
"[{'t_us': 968259584, 'ax': -0.93, 'ay': -0.12, 'az': -0.06, 'gx': 18.5, 'gy': 3.56, 'gz': -13.07}, {'t_us': 968276118, 'ax': -0.89, 'ay': -0.15, 'az': -0.05, 'gx': 12.73, 'gy': 6.05, 'gz': -11.05}, {'t_us': 968293270, 'ax': -0.85, 'ay': -0.17, 'az': -0.07, 'gx': 6.87, 'gy': 8.92, 'gz': -7.27}, {'t_us': 968313306, 'ax': -0.87, 'ay': -0.16, 'az': -0.07, 'gx': -0.64, 'gy': 12.5, 'gz': -4.02}, {'t_us': 968333292, 'ax': -0.89, 'ay': -0.12, 'az': -0.05, 'gx': -7.95, 'gy': 14.64, 'gz': -1.73}]",2026-02-13 10:16:11,0.0
"[{'t_us': 968359654, 'ax': -0.91, 'ay': -0.1, 'az': -0.05, 'gx': -17.25, 'gy': 14.52, 'gz': -2.06}, {'t_us': 968373362, 'ax': -0.91, 'ay': -0.1, 'az': -0.05, 'gx': -21.15, 'gy': 13.02, 'gz': -2.29}, {'t_us': 968393311, 'ax': -0.94, 'ay': -0.1, 'az': -0.04, 'gx': -26.15, 'gy': 10.05, 'gz': -2.84}, {'t_us': 968413317, 'ax': -0.95, 'ay': -0.15, 'az': -0.03, 'gx': -29.76, 'gy': 3.86, 'gz': -2.35}, {'t_us': 968433342, 'ax': -0.93, 'ay': -0.22, 'az': -0.03, 'gx': -30.0, 'gy': -1.88, 'gz': -0.82}]",2026-02-13 10:16:11,0.0
"[{'t_us': 968458433, 'ax': -0.94, 'ay': -0.29, 'az': -0.03, 'gx': -25.36, 'gy': -6.32, 'gz': -0.06}, {'t_us': 968473274, 'ax': -0.95, 'ay': -0.31, 'az': -0.03, 'gx': -21.51, 'gy': -9.89, 'gz': -1.1}, {'t_us': 968493326, 'ax': -0.99, 'ay': -0.31, 'az': -0.06, 'gx': -14.56, 'gy': -14.85, 'gz': -2.6}, {'t_us': 968513330, 'ax': -1.01, 'ay': -0.32, 'az': -0.13, 'gx': -6.79, 'gy': -14.37, 'gz': -4.31}, {'t_us': 968533292, 'ax': -1.07, 'ay': -0.3, 'az': -0.18, 'gx': 1.45, 'gy': -8.06, 'gz': -5.13}]",2026-02-13 10:16:11,0.0
"[{'t_us': 968560156, 'ax': -1.17, 'ay': -0.27, 'az': -0.17, 'gx': 9.69, 'gy': 0.61, 'gz': -7.27}, {'t_us': 968575069, 'ax': -1.11, 'ay': -0.2, 'az': -0.11, 'gx': 11.62, 'gy': -9.98, 'gz': -6.58}, {'t_us': 968593306, 'ax': -1.02, 'ay': -0.11, 'az': -0.11, 'gx': 8.69, 'gy': -13.01, 'gz': -3.19}, {'t_us': 968613333, 'ax': -0.94, 'ay': -0.03, 'az': -0.11, 'gx': -0.11, 'gy': -18.84, 'gz': 1.68}, {'t_us': 968633316, 'ax': -0.92, 'ay': 0.03, 'az': -0.17, 'gx': -8.95, 'gy': -23.8, 'gz': 4.5}]",2026-02-13 10:16:11,0.0
"[{'t_us': 968658372, 'ax': -0.83, 'ay': 0.06, 'az': -0.14, 'gx': -18.29, 'gy': -21.65, 'gz': 7.57}, {'t_us': 968673333, 'ax': -0.8, 'ay': 0.05, 'az': -0.12, 'gx': -22.81, 'gy': -16.21, 'gz': 8.11}, {'t_us': 968693333, 'ax': -0.84, 'ay': 0.05, 'az': -0.14, 'gx': -23.19, 'gy': -11.6, 'gz': 5.07}, {'t_us': 968713293, 'ax': -0.87, 'ay': 0.02, 'az': -0.18, 'gx': -17.56, 'gy': -9.5, 'gz': 0.09}, {'t_us': 968733307, 'ax': -0.89, 'ay': -0.02, 'az': -0.15, 'gx': -14.52, 'gy': -5.36, 'gz': -1.02}]",2026-02-13 10:16:11,0.0
"[{'t_us': 968759750, 'ax': -0.93, 'ay': -0.03, 'az': 0.01, 'gx': -20.99, 'gy': -4.66, 'gz': 3.05}, {'t_us': 968773338, 'ax': -0.92, 'ay': -0.02, 'az': 0.03, 'gx': -26.89, 'gy': -2.31, 'gz': 5.57}, {'t_us': 968793330, 'ax': -0.94, 'ay': 0.05, 'az': -0.01, 'gx': -34.53, 'gy': 0.87, 'gz': 6.66}, {'t_us': 968813333, 'ax': -0.96, 'ay': 0.09, 'az': -0.07, 'gx': -39.28, 'gy': 3.53, 'gz': 5.83}, {'t_us': 968833326, 'ax': -0.95, 'ay': 0.08, 'az': -0.06, 'gx': -41.98, 'gy': 0.52, 'gz': 5.65}]",2026-02-13 10:16:11,0.0
"[{'t_us': 968860204, 'ax': -0.97, 'ay': -0.01, 'az': -0.03, 'gx': -50.49, 'gy': 0.24, 'gz': 8.31}, {'t_us': 968874289, 'ax': -1.02, 'ay': -0.04, 'az': -0.02, 'gx': -53.44, 'gy': 0.27, 'gz': 9.6}, {'t_us': 968893274, 'ax': -1.06, 'ay': -0.07, 'az': -0.05, 'gx': -53.33, 'gy': 1.16, 'gz': 10.7}, {'t_us': 968913306, 'ax': -1.01, 'ay': -0.11, 'az': -0.09, 'gx': -47.91, 'gy': 3.59, 'gz': 11.15}, {'t_us': 968933330, 'ax': -0.93, 'ay': -0.15, 'az': -0.07, 'gx': -41.13, 'gy': 6.64, 'gz': 13.15}]",2026-02-13 10:16:11,0.0
"[{'t_us': 968960175, 'ax': -0.87, 'ay': -0.15, 'az': -0.03, 'gx': -31.31, 'gy': 11.68, 'gz': 12.7}, {'t_us': 968973333, 'ax': -0.87, 'ay': -0.14, 'az': -0.02, 'gx': -28.12, 'gy': 13.89, 'gz': 12.78}, {'t_us': 968993311, 'ax': -0.91, 'ay': -0.05, 'az': -0.04, 'gx': -23.69, 'gy': 15.6, 'gz': 10.26}, {'t_us': 969013317, 'ax': -0.91, 'ay': -0.02, 'az': -0.06, 'gx': -18.89, 'gy': 18.02, 'gz': 9.69}, {'t_us': 969033335, 'ax': -0.94, 'ay': -0.03, 'az': -0.05, 'gx': -14.08, 'gy': 17.15, 'gz': 8.96}]",2026-02-13 10:16:12,0.0
"[{'t_us': 969060699, 'ax': -0.97, 'ay': -0.02, 'az': -0.02, 'gx': -8.84, 'gy': 11.62, 'gz': 6.44}, {'t_us': 969073338, 'ax': -0.96, 'ay': -0.01, 'az': -0.0, 'gx': -7.33, 'gy': 8.61, 'gz': 3.85}, {'t_us': 969093274, 'ax': -0.91, 'ay': -0.03, 'az': 0.0, 'gx': -4.56, 'gy': 2.84, 'gz': 2.06}, {'t_us': 969113274, 'ax': -0.88, 'ay': -0.04, 'az': 0.01, 'gx': -0.64, 'gy': 4.27, 'gz': 1.13}, {'t_us': 969133285, 'ax': -0.87, 'ay': -0.07, 'az': -0.02, 'gx': 3.73, 'gy': 9.95, 'gz': -0.41}]",2026-02-13 10:16:12,0.0
"[{'t_us': 969157848, 'ax': -0.83, 'ay': -0.05, 'az': 0.02, 'gx': 6.87, 'gy': 13.11, 'gz': -0.98}, {'t_us': 969173284, 'ax': -0.92, 'ay': -0.04, 'az': 0.06, 'gx': 7.53, 'gy': 12.4, 'gz': 2.85}, {'t_us': 969194730, 'ax': -0.98, 'ay': -0.01, 'az': 0.12, 'gx': 7.69, 'gy': 8.85, 'gz': -0.34}, {'t_us': 969213306, 'ax': -1.06, 'ay': 0.04, 'az': 0.11, 'gx': 7.27, 'gy': 2.61, 'gz': 1.02}, {'t_us': 969233333, 'ax': -1.04, 'ay': 0.08, 'az': 0.08, 'gx': 4.58, 'gy': -5.01, 'gz': 0.72}]",2026-02-13 10:16:12,0.0
"[{'t_us': 969259373, 'ax': -0.92, 'ay': 0.08, 'az': 0.12, 'gx': 0.63, 'gy': -3.68, 'gz': -0.76}, {'t_us': 969273311, 'ax': -0.93, 'ay': 0.08, 'az': 0.14, 'gx': -2.55, 'gy': -1.01, 'gz': -1.21}, {'t_us': 969293317, 'ax': -0.93, 'ay': 0.06, 'az': 0.1, 'gx': -8.14, 'gy': 0.87, 'gz': 0.46}, {'t_us': 969313338, 'ax': -0.93, 'ay': 0.02, 'az': -0.01, 'gx': -14.0, 'gy': 5.79, 'gz': 2.34}, {'t_us': 969333330, 'ax': -0.94, 'ay': -0.03, 'az': -0.13, 'gx': -15.86, 'gy': 20.35, 'gz': 9.77}]",2026-02-13 10:16:12,0.0
"[{'t_us': 969360408, 'ax': -1.09, 'ay': -0.04, 'az': -0.15, 'gx': -17.95, 'gy': 19.66, 'gz': 24.56}, {'t_us': 969373333, 'ax': -1.14, 'ay': -0.02, 'az': -0.18, 'gx': -17.71, 'gy': 11.86, 'gz': 26.76}, {'t_us': 969393284, 'ax': -1.14, 'ay': -0.02, 'az': -0.24, 'gx': -15.65, 'gy': 2.98, 'gz': 18.5}, {'t_us': 969413317, 'ax': -1.07, 'ay': -0.05, 'az': -0.34, 'gx': -7.21, 'gy': 0.87, 'gz': 9.56}, {'t_us': 969433274, 'ax': -0.94, 'ay': -0.11, 'az': -0.35, 'gx': 6.17, 'gy': 9.18, 'gz': -0.58}]",2026-02-13 10:16:12,0.0
"[{'t_us': 969459083, 'ax': -0.86, 'ay': -0.18, 'az': -0.32, 'gx': 16.67, 'gy': 19.31, 'gz': -6.95}, {'t_us': 969473276, 'ax': -0.84, 'ay': -0.18, 'az': -0.29, 'gx': 17.86, 'gy': 20.95, 'gz': -4.9}, {'t_us': 969493280, 'ax': -0.89, 'ay': -0.12, 'az': -0.26, 'gx': 12.67, 'gy': 21.68, 'gz': -0.64}, {'t_us': 969513311, 'ax': -0.93, 'ay': -0.02, 'az': -0.24, 'gx': 2.82, 'gy': 23.01, 'gz': 2.2}, {'t_us': 969533326, 'ax': -0.97, 'ay': 0.06, 'az': -0.21, 'gx': -7.77, 'gy': 18.09, 'gz': 4.49}]",2026-02-13 10:16:12,0.0
"[{'t_us': 969559246, 'ax': -1.04, 'ay': 0.04, 'az': -0.19, 'gx': -16.6, 'gy': 11.73, 'gz': -0.12}, {'t_us': 969573301, 'ax': -1.05, 'ay': -0.02, 'az': -0.21, 'gx': -16.84, 'gy': 9.11, 'gz': -4.23}, {'t_us': 969593333, 'ax': -1.03, 'ay': -0.11, 'az': -0.23, 'gx': -13.08, 'gy': 8.5, 'gz': -9.19}, {'t_us': 969613333, 'ax': -0.98, 'ay': -0.18, 'az': -0.22, 'gx': -8.67, 'gy': 11.97, 'gz': -12.29}, {'t_us': 969633301, 'ax': -0.93, 'ay': -0.19, 'az': -0.2, 'gx': -3.86, 'gy': 13.48, 'gz': -12.78}]",2026-02-13 10:16:12,0.0
"[{'t_us': 969657648, 'ax': -0.9, 'ay': -0.13, 'az': -0.18, 'gx': -1.63, 'gy': 16.56, 'gz': -12.58}, {'t_us': 969673318, 'ax': -0.91, 'ay': -0.09, 'az': -0.19, 'gx': -0.98, 'gy': 14.78, 'gz': -13.53}, {'t_us': 969693321, 'ax': -0.91, 'ay': -0.09, 'az': -0.18, 'gx': 1.44, 'gy': 11.95, 'gz': -13.44}, {'t_us': 969713274, 'ax': -0.94, 'ay': -0.12, 'az': -0.17, 'gx': 4.18, 'gy': 11.56, 'gz': -14.63}, {'t_us': 969733311, 'ax': -0.92, 'ay': -0.17, 'az': -0.18, 'gx': 6.23, 'gy': 12.0, 'gz': -14.96}]",2026-02-13 10:16:12,0.0
"[{'t_us': 969758019, 'ax': -0.91, 'ay': -0.16, 'az': -0.15, 'gx': 8.31, 'gy': 9.62, 'gz': -13.98}, {'t_us': 969776914, 'ax': -0.91, 'ay': -0.15, 'az': -0.13, 'gx': 9.48, 'gy': 5.31, 'gz': -13.77}, {'t_us': 969793274, 'ax': -0.89, 'ay': -0.15, 'az': -0.11, 'gx': 10.24, 'gy': 2.64, 'gz': -13.08}, {'t_us': 969813306, 'ax': -0.9, 'ay': -0.15, 'az': -0.09, 'gx': 10.81, 'gy': 2.27, 'gz': -11.8}, {'t_us': 969833305, 'ax': -0.92, 'ay': -0.15, 'az': -0.07, 'gx': 9.94, 'gy': 2.41, 'gz': -9.98}]",2026-02-13 10:16:12,0.0
"[{'t_us': 969859360, 'ax': -0.94, 'ay': -0.15, 'az': -0.08, 'gx': 7.56, 'gy': -1.65, 'gz': -5.82}, {'t_us': 969873268, 'ax': -0.96, 'ay': -0.13, 'az': -0.06, 'gx': 5.34, 'gy': -3.39, 'gz': -4.03}, {'t_us': 969893307, 'ax': -0.96, 'ay': -0.12, 'az': -0.06, 'gx': 0.12, 'gy': -5.63, 'gz': -2.49}, {'t_us': 969913311, 'ax': -0.95, 'ay': -0.11, 'az': -0.04, 'gx': -4.05, 'gy': -8.11, 'gz': -1.13}, {'t_us': 969933338, 'ax': -0.93, 'ay': -0.14, 'az': -0.04, 'gx': -8.23, 'gy': -8.82, 'gz': 0.98}]",2026-02-13 10:16:12,0.0
"[{'t_us': 969959142, 'ax': -0.91, 'ay': -0.15, 'az': -0.05, 'gx': -13.34, 'gy': -4.93, 'gz': 4.44}, {'t_us': 969973301, 'ax': -0.94, 'ay': -0.14, 'az': -0.03, 'gx': -16.34, 'gy': -3.56, 'gz': 4.87}, {'t_us': 969993270, 'ax': -0.99, 'ay': -0.13, 'az': -0.02, 'gx': -19.98, 'gy': -6.64, 'gz': 3.37}, {'t_us': 970013270, 'ax': -0.99, 'ay': -0.17, 'az': -0.04, 'gx': -21.53, 'gy': -9.56, 'gz': 0.0}, {'t_us': 970033276, 'ax': -0.94, 'ay': -0.22, 'az': -0.08, 'gx': -17.8, 'gy': -9.34, 'gz': -4.31}]",2026-02-13 10:16:13,0.0
"[{'t_us': 970059435, 'ax': -0.85, 'ay': -0.29, 'az': -0.07, 'gx': -9.69, 'gy': -10.58, 'gz': -7.19}, {'t_us': 970073274, 'ax': -0.84, 'ay': -0.3, 'az': -0.08, 'gx': -7.34, 'gy': -7.48, 'gz': -7.15}, {'t_us': 970093306, 'ax': -0.83, 'ay': -0.27, 'az': -0.07, 'gx': -3.69, 'gy': -0.9, 'gz': -5.91}, {'t_us': 970113317, 'ax': -0.87, 'ay': -0.21, 'az': -0.12, 'gx': -2.75, 'gy': 9.04, 'gz': -4.27}, {'t_us': 970133333, 'ax': -0.95, 'ay': -0.16, 'az': -0.14, 'gx': -1.98, 'gy': 16.82, 'gz': -5.92}]",2026-02-13 10:16:13,0.0
"[{'t_us': 970159801, 'ax': -1.01, 'ay': -0.12, 'az': -0.18, 'gx': -0.64, 'gy': 18.56, 'gz': -5.63}, {'t_us': 970173273, 'ax': -1.06, 'ay': -0.12, 'az': -0.2, 'gx': -0.03, 'gy': 20.82, 'gz': -5.22}, {'t_us': 970193333, 'ax': -1.07, 'ay': -0.15, 'az': -0.21, 'gx': 0.34, 'gy': 15.05, 'gz': -1.89}, {'t_us': 970213293, 'ax': -0.95, 'ay': -0.07, 'az': -0.17, 'gx': -4.27, 'gy': 7.25, 'gz': 6.2}, {'t_us': 970233270, 'ax': -0.83, 'ay': 0.03, 'az': -0.12, 'gx': -13.01, 'gy': 6.05, 'gz': 15.51}]",2026-02-13 10:16:13,0.0
"[{'t_us': 970259455, 'ax': -0.85, 'ay': 0.14, 'az': -0.14, 'gx': -24.09, 'gy': 11.15, 'gz': 19.77}, {'t_us': 970273291, 'ax': -0.9, 'ay': 0.16, 'az': -0.18, 'gx': -29.07, 'gy': 15.02, 'gz': 18.64}, {'t_us': 970293292, 'ax': -0.98, 'ay': 0.13, 'az': -0.23, 'gx': -34.18, 'gy': 18.53, 'gz': 15.18}, {'t_us': 970313306, 'ax': -1.02, 'ay': 0.04, 'az': -0.29, 'gx': -36.11, 'gy': 14.55, 'gz': 12.24}, {'t_us': 970333321, 'ax': -0.96, 'ay': -0.02, 'az': -0.35, 'gx': -32.52, 'gy': 12.66, 'gz': 9.22}]",2026-02-13 10:16:13,0.0
"[{'t_us': 970359532, 'ax': -0.92, 'ay': -0.05, 'az': -0.35, 'gx': -26.4, 'gy': 15.57, 'gz': 9.13}, {'t_us': 970373308, 'ax': -0.93, 'ay': -0.01, 'az': -0.3, 'gx': -24.38, 'gy': 15.74, 'gz': 9.88}, {'t_us': 970393279, 'ax': -0.98, 'ay': 0.05, 'az': -0.27, 'gx': -22.85, 'gy': 15.54, 'gz': 10.84}, {'t_us': 970413311, 'ax': -1.03, 'ay': 0.08, 'az': -0.27, 'gx': -22.87, 'gy': 13.85, 'gz': 10.67}, {'t_us': 970433338, 'ax': -1.06, 'ay': 0.06, 'az': -0.28, 'gx': -21.68, 'gy': 11.92, 'gz': 7.88}]",2026-02-13 10:16:13,0.0
"[{'t_us': 970459750, 'ax': -1.02, 'ay': 0.04, 'az': -0.25, 'gx': -19.98, 'gy': 7.47, 'gz': 6.4}, {'t_us': 970473326, 'ax': -0.98, 'ay': 0.05, 'az': -0.23, 'gx': -19.76, 'gy': 6.29, 'gz': 6.61}, {'t_us': 970493321, 'ax': -0.96, 'ay': 0.06, 'az': -0.2, 'gx': -21.53, 'gy': 6.05, 'gz': 8.55}, {'t_us': 970513279, 'ax': -0.96, 'ay': 0.06, 'az': -0.2, 'gx': -25.48, 'gy': 5.69, 'gz': 10.35}, {'t_us': 970533284, 'ax': -0.97, 'ay': 0.04, 'az': -0.23, 'gx': -29.36, 'gy': 5.15, 'gz': 9.77}]",2026-02-13 10:16:13,0.0
"[{'t_us': 970557918, 'ax': -0.97, 'ay': 0.02, 'az': -0.18, 'gx': -28.31, 'gy': -3.22, 'gz': 10.6}, {'t_us': 970573330, 'ax': -0.98, 'ay': 0.02, 'az': -0.18, 'gx': -26.5, 'gy': -6.08, 'gz': 9.48}, {'t_us': 970593278, 'ax': -0.92, 'ay': 0.04, 'az': -0.16, 'gx': -24.29, 'gy': -3.83, 'gz': 7.79}, {'t_us': 970613330, 'ax': -0.9, 'ay': 0.02, 'az': -0.16, 'gx': -20.52, 'gy': -2.6, 'gz': 6.21}, {'t_us': 970633307, 'ax': -0.9, 'ay': 0.0, 'az': -0.12, 'gx': -16.81, 'gy': -4.23, 'gz': 5.28}]",2026-02-13 10:16:13,0.0
"[{'t_us': 970657948, 'ax': -0.93, 'ay': 0.02, 'az': -0.13, 'gx': -9.82, 'gy': -7.86, 'gz': 2.14}, {'t_us': 970673857, 'ax': -0.89, 'ay': 0.03, 'az': -0.12, 'gx': -8.69, 'gy': -5.18, 'gz': 0.12}, {'t_us': 970693280, 'ax': -0.87, 'ay': 0.03, 'az': -0.11, 'gx': -7.11, 'gy': -2.05, 'gz': -0.75}, {'t_us': 970713311, 'ax': -0.9, 'ay': 0.01, 'az': -0.09, 'gx': -5.77, 'gy': -0.09, 'gz': -1.28}, {'t_us': 970733329, 'ax': -0.94, 'ay': 0.03, 'az': -0.07, 'gx': -3.4, 'gy': -5.66, 'gz': -1.47}]",2026-02-13 10:16:13,0.0
"[{'t_us': 970757854, 'ax': -0.97, 'ay': 0.03, 'az': -0.06, 'gx': -0.03, 'gy': -10.75, 'gz': -1.76}, {'t_us': 970773321, 'ax': -0.95, 'ay': 0.06, 'az': -0.07, 'gx': 0.31, 'gy': -12.0, 'gz': -3.33}, {'t_us': 970793330, 'ax': -0.91, 'ay': 0.08, 'az': -0.05, 'gx': 0.05, 'gy': -12.99, 'gz': -3.92}, {'t_us': 970813311, 'ax': -0.92, 'ay': 0.09, 'az': -0.02, 'gx': 0.78, 'gy': -13.19, 'gz': -4.11}, {'t_us': 970833280, 'ax': -0.94, 'ay': 0.07, 'az': 0.02, 'gx': 4.84, 'gy': -15.24, 'gz': -4.29}]",2026-02-13 10:16:13,0.0
"[{'t_us': 970859418, 'ax': -0.9, 'ay': 0.05, 'az': 0.02, 'gx': 11.01, 'gy': -17.76, 'gz': -9.63}, {'t_us': 970873278, 'ax': -0.81, 'ay': 0.0, 'az': 0.03, 'gx': 12.55, 'gy': -14.14, 'gz': -12.2}, {'t_us': 970893275, 'ax': -0.76, 'ay': 0.03, 'az': 0.01, 'gx': 14.47, 'gy': -11.18, 'gz': -11.73}, {'t_us': 970913301, 'ax': -0.76, 'ay': 0.06, 'az': -0.06, 'gx': 11.77, 'gy': -6.35, 'gz': -10.66}, {'t_us': 970933330, 'ax': -0.83, 'ay': 0.11, 'az': -0.17, 'gx': 4.4, 'gy': 5.18, 'gz': -8.37}]",2026-02-13 10:16:13,0.0
"[{'t_us': 970959481, 'ax': -1.09, 'ay': -0.0, 'az': -0.29, 'gx': 4.78, 'gy': 42.2, 'gz': 13.68}, {'t_us': 970973317, 'ax': -1.21, 'ay': -0.01, 'az': -0.26, 'gx': 2.02, 'gy': 25.4, 'gz': 21.04}, {'t_us': 970993293, 'ax': -1.26, 'ay': -0.07, 'az': -0.39, 'gx': -2.17, 'gy': -2.6, 'gz': 20.6}, {'t_us': 971013330, 'ax': -1.18, 'ay': -0.13, 'az': -0.48, 'gx': 12.32, 'gy': -1.3, 'gz': 8.4}, {'t_us': 971033330, 'ax': -1.08, 'ay': -0.15, 'az': -0.43, 'gx': 30.81, 'gy': 4.64, 'gz': -0.7}]",2026-02-13 10:16:14,0.0
"[{'t_us': 971059376, 'ax': -0.94, 'ay': -0.17, 'az': -0.28, 'gx': 38.93, 'gy': 17.04, 'gz': -3.95}, {'t_us': 971073274, 'ax': -0.92, 'ay': -0.09, 'az': -0.18, 'gx': 34.06, 'gy': 20.75, 'gz': -2.63}, {'t_us': 971093280, 'ax': -1.01, 'ay': 0.07, 'az': -0.12, 'gx': 18.26, 'gy': 22.75, 'gz': 0.32}, {'t_us': 971113333, 'ax': -1.06, 'ay': 0.22, 'az': -0.12, 'gx': 0.32, 'gy': 17.91, 'gz': -2.15}, {'t_us': 971133320, 'ax': -1.08, 'ay': 0.23, 'az': -0.17, 'gx': -12.08, 'gy': 12.49, 'gz': -6.92}]",2026-02-13 10:16:14,0.0
"[{'t_us': 971157867, 'ax': -1.06, 'ay': 0.04, 'az': -0.17, 'gx': -19.45, 'gy': 5.37, 'gz': -15.85}, {'t_us': 971173333, 'ax': -1.01, 'ay': -0.11, 'az': -0.18, 'gx': -20.43, 'gy': 1.74, 'gz': -19.13}, {'t_us': 971193333, 'ax': -0.94, 'ay': -0.21, 'az': -0.2, 'gx': -18.87, 'gy': -0.15, 'gz': -21.68}, {'t_us': 971213270, 'ax': -0.88, 'ay': -0.21, 'az': -0.22, 'gx': -18.24, 'gy': 4.11, 'gz': -21.48}, {'t_us': 971233326, 'ax': -0.86, 'ay': -0.18, 'az': -0.23, 'gx': -17.76, 'gy': 6.49, 'gz': -20.27}]",2026-02-13 10:16:14,0.0
"[{'t_us': 971259491, 'ax': -0.85, 'ay': -0.13, 'az': -0.21, 'gx': -15.94, 'gy': 0.79, 'gz': -18.34}, {'t_us': 971273301, 'ax': -0.86, 'ay': -0.11, 'az': -0.19, 'gx': -15.08, 'gy': -0.23, 'gz': -16.78}, {'t_us': 971293326, 'ax': -0.87, 'ay': -0.1, 'az': -0.19, 'gx': -15.11, 'gy': -0.03, 'gz': -15.6}, {'t_us': 971313326, 'ax': -0.9, 'ay': -0.1, 'az': -0.19, 'gx': -18.69, 'gy': 1.36, 'gz': -14.87}, {'t_us': 971333325, 'ax': -0.92, 'ay': -0.07, 'az': -0.19, 'gx': -24.21, 'gy': 1.85, 'gz': -14.2}]",2026-02-13 10:16:14,0.0
"[{'t_us': 971359487, 'ax': -0.9, 'ay': -0.05, 'az': -0.19, 'gx': -31.15, 'gy': -1.47, 'gz': -12.7}, {'t_us': 971373301, 'ax': -0.9, 'ay': -0.05, 'az': -0.2, 'gx': -32.6, 'gy': -2.4, 'gz': -11.92}, {'t_us': 971393284, 'ax': -0.9, 'ay': -0.09, 'az': -0.2, 'gx': -33.1, 'gy': -2.46, 'gz': -11.1}, {'t_us': 971413272, 'ax': -0.91, 'ay': -0.17, 'az': -0.23, 'gx': -30.46, 'gy': -0.76, 'gz': -11.95}, {'t_us': 971433317, 'ax': -0.93, 'ay': -0.21, 'az': -0.21, 'gx': -25.77, 'gy': -0.82, 'gz': -13.39}]",2026-02-13 10:16:14,0.0
"[{'t_us': 971459462, 'ax': -0.92, 'ay': -0.2, 'az': -0.2, 'gx': -20.27, 'gy': -1.97, 'gz': -12.98}, {'t_us': 971473317, 'ax': -0.91, 'ay': -0.18, 'az': -0.18, 'gx': -18.55, 'gy': -1.92, 'gz': -11.34}, {'t_us': 971493338, 'ax': -0.89, 'ay': -0.15, 'az': -0.16, 'gx': -15.48, 'gy': -1.79, 'gz': -8.27}, {'t_us': 971513338, 'ax': -0.93, 'ay': -0.16, 'az': -0.17, 'gx': -13.97, 'gy': -0.31, 'gz': -6.47}, {'t_us': 971533317, 'ax': -0.98, 'ay': -0.16, 'az': -0.2, 'gx': -11.34, 'gy': 1.34, 'gz': -5.6}]",2026-02-13 10:16:14,0.0
"[{'t_us': 971558018, 'ax': -0.97, 'ay': -0.13, 'az': -0.14, 'gx': -10.79, 'gy': 0.34, 'gz': -4.79}, {'t_us': 971573307, 'ax': -0.93, 'ay': -0.13, 'az': -0.13, 'gx': -10.73, 'gy': -0.73, 'gz': -3.65}, {'t_us': 971593311, 'ax': -0.91, 'ay': -0.15, 'az': -0.14, 'gx': -9.24, 'gy': -0.09, 'gz': -2.98}, {'t_us': 971613283, 'ax': -0.91, 'ay': -0.18, 'az': -0.14, 'gx': -5.63, 'gy': 2.2, 'gz': -4.37}, {'t_us': 971633301, 'ax': -0.94, 'ay': -0.21, 'az': -0.14, 'gx': -0.75, 'gy': 4.35, 'gz': -6.24}]",2026-02-13 10:16:14,0.0
"[{'t_us': 971658143, 'ax': -0.93, 'ay': -0.19, 'az': -0.15, 'gx': 4.79, 'gy': -0.37, 'gz': -6.53}, {'t_us': 971673307, 'ax': -0.9, 'ay': -0.17, 'az': -0.14, 'gx': 7.57, 'gy': -2.44, 'gz': -5.11}, {'t_us': 971693317, 'ax': -0.85, 'ay': -0.16, 'az': -0.11, 'gx': 9.65, 'gy': -3.22, 'gz': -2.85}, {'t_us': 971713327, 'ax': -0.87, 'ay': -0.15, 'az': -0.08, 'gx': 8.73, 'gy': -0.21, 'gz': -0.43}, {'t_us': 971733301, 'ax': -0.95, 'ay': -0.13, 'az': -0.09, 'gx': 7.92, 'gy': 4.67, 'gz': 2.0}]",2026-02-13 10:16:14,
"[{'t_us': 971758724, 'ax': -1.02, 'ay': -0.1, 'az': -0.07, 'gx': 6.34, 'gy': 0.82, 'gz': 4.82}, {'t_us': 971773280, 'ax': -1.0, 'ay': -0.08, 'az': -0.06, 'gx': 4.69, 'gy': -1.19, 'gz': 4.78}, {'t_us': 971793317, 'ax': -0.96, 'ay': -0.08, 'az': -0.07, 'gx': 6.32, 'gy': -1.37, 'gz': 3.82}, {'t_us': 971813321, 'ax': -0.92, 'ay': -0.14, 'az': -0.08, 'gx': 8.82, 'gy': -2.85, 'gz': 3.19}, {'t_us': 971833272, 'ax': -0.91, 'ay': -0.22, 'az': -0.09, 'gx': 12.43, 'gy': -3.22, 'gz': 3.25}]",2026-02-13 10:16:14,0.0
"[{'t_us': 971859365, 'ax': -0.93, 'ay': -0.26, 'az': -0.07, 'gx': 18.06, 'gy': 3.94, 'gz': 4.14}, {'t_us': 971873326, 'ax': -0.94, 'ay': -0.25, 'az': -0.08, 'gx': 20.93, 'gy': 5.83, 'gz': 4.41}, {'t_us': 971893301, 'ax': -0.94, 'ay': -0.22, 'az': -0.06, 'gx': 25.33, 'gy': 2.76, 'gz': 5.51}, {'t_us': 971913293, 'ax': -0.92, 'ay': -0.19, 'az': -0.07, 'gx': 30.32, 'gy': -2.23, 'gz': 7.47}, {'t_us': 971933280, 'ax': -0.9, 'ay': -0.19, 'az': -0.09, 'gx': 35.22, 'gy': 0.98, 'gz': 9.5}]",2026-02-13 10:16:14,0.0
"[{'t_us': 971959383, 'ax': -0.97, 'ay': -0.22, 'az': -0.15, 'gx': 45.54, 'gy': 10.12, 'gz': 10.2}, {'t_us': 971973293, 'ax': -1.01, 'ay': -0.26, 'az': -0.16, 'gx': 53.56, 'gy': 14.63, 'gz': 7.6}, {'t_us': 971993274, 'ax': -1.05, 'ay': -0.3, 'az': -0.19, 'gx': 64.0, 'gy': 18.12, 'gz': 3.57}, {'t_us': 972013274, 'ax': -1.09, 'ay': -0.31, 'az': -0.19, 'gx': 74.9, 'gy': 16.81, 'gz': -0.81}, {'t_us': 972033275, 'ax': -1.09, 'ay': -0.27, 'az': -0.13, 'gx': 79.47, 'gy': 10.18, 'gz': -5.69}]",2026-02-13 10:16:15,0.0
"[{'t_us': 972059438, 'ax': -0.98, 'ay': -0.13, 'az': -0.15, 'gx': 73.65, 'gy': 5.45, 'gz': -6.41}, {'t_us': 972073338, 'ax': -0.9, 'ay': -0.07, 'az': -0.17, 'gx': 67.63, 'gy': 8.24, 'gz': -1.19}, {'t_us': 972093301, 'ax': -0.89, 'ay': -0.03, 'az': -0.16, 'gx': 62.43, 'gy': 9.04, 'gz': 6.37}, {'t_us': 972113311, 'ax': -0.85, 'ay': -0.07, 'az': -0.17, 'gx': 58.03, 'gy': 7.65, 'gz': 6.82}, {'t_us': 972133270, 'ax': -0.83, 'ay': -0.09, 'az': -0.24, 'gx': 57.95, 'gy': 7.74, 'gz': 2.4}]",2026-02-13 10:16:15,0.0
"[{'t_us': 972157890, 'ax': -0.86, 'ay': -0.12, 'az': -0.31, 'gx': 67.25, 'gy': 10.73, 'gz': -2.53}, {'t_us': 972173284, 'ax': -0.93, 'ay': -0.15, 'az': -0.33, 'gx': 75.5, 'gy': 12.05, 'gz': -4.32}, {'t_us': 972193317, 'ax': -1.04, 'ay': -0.18, 'az': -0.31, 'gx': 87.33, 'gy': 11.01, 'gz': -2.98}, {'t_us': 972213311, 'ax': -1.08, 'ay': -0.13, 'az': -0.26, 'gx': 96.7, 'gy': 6.78, 'gz': 0.9}, {'t_us': 972233290, 'ax': -1.07, 'ay': -0.05, 'az': -0.23, 'gx': 100.52, 'gy': 0.63, 'gz': 8.35}]",2026-02-13 10:16:15,0.0
"[{'t_us': 972259734, 'ax': -0.98, 'ay': 0.03, 'az': -0.17, 'gx': 100.35, 'gy': -3.6, 'gz': 12.6}, {'t_us': 972273338, 'ax': -0.93, 'ay': 0.05, 'az': -0.15, 'gx': 97.47, 'gy': 0.31, 'gz': 12.82}, {'t_us': 972293306, 'ax': -0.86, 'ay': 0.05, 'az': -0.15, 'gx': 91.92, 'gy': 4.6, 'gz': 13.62}, {'t_us': 972313269, 'ax': -0.86, 'ay': 0.07, 'az': -0.15, 'gx': 86.0, 'gy': 7.25, 'gz': 15.77}, {'t_us': 972333284, 'ax': -0.88, 'ay': 0.09, 'az': -0.13, 'gx': 80.67, 'gy': 9.63, 'gz': 17.1}]",2026-02-13 10:16:15,0.0
"[{'t_us': 972359428, 'ax': -0.9, 'ay': 0.1, 'az': -0.1, 'gx': 74.05, 'gy': 14.73, 'gz': 17.47}, {'t_us': 972373301, 'ax': -0.97, 'ay': 0.08, 'az': -0.12, 'gx': 69.86, 'gy': 14.53, 'gz': 17.28}, {'t_us': 972393270, 'ax': -0.96, 'ay': 0.03, 'az': -0.13, 'gx': 67.44, 'gy': 15.4, 'gz': 13.82}, {'t_us': 972413317, 'ax': -0.92, 'ay': -0.03, 'az': -0.16, 'gx': 67.21, 'gy': 18.95, 'gz': 10.72}, {'t_us': 972433301, 'ax': -0.87, 'ay': -0.05, 'az': -0.13, 'gx': 66.46, 'gy': 19.97, 'gz': 10.24}]",2026-02-13 10:16:15,0.0
"[{'t_us': 972459707, 'ax': -0.91, 'ay': -0.04, 'az': -0.13, 'gx': 63.33, 'gy': 22.9, 'gz': 12.69}, {'t_us': 972473338, 'ax': -0.95, 'ay': -0.03, 'az': -0.12, 'gx': 59.34, 'gy': 27.83, 'gz': 14.5}, {'t_us': 972493338, 'ax': -1.04, 'ay': -0.04, 'az': -0.2, 'gx': 57.13, 'gy': 36.9, 'gz': 16.17}, {'t_us': 972513306, 'ax': -1.05, 'ay': -0.05, 'az': -0.28, 'gx': 59.25, 'gy': 31.44, 'gz': 16.63}, {'t_us': 972533272, 'ax': -0.98, 'ay': 0.01, 'az': -0.24, 'gx': 64.66, 'gy': 16.95, 'gz': 12.31}]",2026-02-13 10:16:15,0.0
"[{'t_us': 972559568, 'ax': -0.89, 'ay': 0.05, 'az': -0.11, 'gx': 72.76, 'gy': 12.84, 'gz': 0.72}, {'t_us': 972573301, 'ax': -0.86, 'ay': 0.03, 'az': -0.05, 'gx': 75.73, 'gy': 14.06, 'gz': -5.3}, {'t_us': 972593274, 'ax': -0.84, 'ay': -0.0, 'az': -0.1, 'gx': 80.09, 'gy': 14.61, 'gz': -9.59}, {'t_us': 972613274, 'ax': -0.87, 'ay': -0.02, 'az': -0.19, 'gx': 84.05, 'gy': 11.21, 'gz': -10.66}, {'t_us': 972633292, 'ax': -0.89, 'ay': -0.03, 'az': -0.24, 'gx': 86.53, 'gy': 14.06, 'gz': -14.15}]",2026-02-13 10:16:15,0.0
"[{'t_us': 972660235, 'ax': -1.04, 'ay': -0.06, 'az': -0.28, 'gx': 82.93, 'gy': 21.02, 'gz': -16.81}, {'t_us': 972673291, 'ax': -1.19, 'ay': -0.09, 'az': -0.23, 'gx': 74.12, 'gy': 25.07, 'gz': -10.92}, {'t_us': 972693306, 'ax': -1.15, 'ay': 0.02, 'az': -0.11, 'gx': 58.32, 'gy': 12.92, 'gz': 2.24}, {'t_us': 972713333, 'ax': -0.96, 'ay': 0.11, 'az': -0.08, 'gx': 42.85, 'gy': 0.52, 'gz': 10.98}, {'t_us': 972733285, 'ax': -0.83, 'ay': 0.06, 'az': -0.1, 'gx': 34.53, 'gy': 4.23, 'gz': 8.92}]",2026-02-13 10:16:15,0.0
"[{'t_us': 972758392, 'ax': -0.83, 'ay': -0.11, 'az': -0.19, 'gx': 33.07, 'gy': 10.69, 'gz': 1.28}, {'t_us': 972774411, 'ax': -0.91, 'ay': -0.19, 'az': -0.2, 'gx': 33.65, 'gy': 10.29, 'gz': -1.4}, {'t_us': 972793274, 'ax': -0.99, 'ay': -0.23, 'az': -0.22, 'gx': 33.77, 'gy': 5.01, 'gz': -1.92}, {'t_us': 972813306, 'ax': -1.03, 'ay': -0.2, 'az': -0.19, 'gx': 33.86, 'gy': 0.64, 'gz': -2.7}, {'t_us': 972833326, 'ax': -1.05, 'ay': -0.18, 'az': -0.18, 'gx': 35.98, 'gy': -8.69, 'gz': -6.0}]",2026-02-13 10:16:15,0.0
"[{'t_us': 972859688, 'ax': -0.96, 'ay': -0.19, 'az': -0.15, 'gx': 37.28, 'gy': -15.3, 'gz': -11.68}, {'t_us': 972873298, 'ax': -0.91, 'ay': -0.21, 'az': -0.17, 'gx': 37.39, 'gy': -12.99, 'gz': -11.73}, {'t_us': 972893306, 'ax': -0.88, 'ay': -0.2, 'az': -0.16, 'gx': 35.69, 'gy': -6.85, 'gz': -9.18}, {'t_us': 972913333, 'ax': -0.89, 'ay': -0.15, 'az': -0.15, 'gx': 33.47, 'gy': -1.59, 'gz': -5.91}, {'t_us': 972933293, 'ax': -0.93, 'ay': -0.13, 'az': -0.15, 'gx': 29.44, 'gy': -0.26, 'gz': -3.69}]",2026-02-13 10:16:15,0.0
"[{'t_us': 972957779, 'ax': -0.96, 'ay': -0.13, 'az': -0.13, 'gx': 24.38, 'gy': -1.25, 'gz': -5.4}, {'t_us': 972973321, 'ax': -0.96, 'ay': -0.15, 'az': -0.13, 'gx': 21.18, 'gy': -2.38, 'gz': -8.21}, {'t_us': 972993326, 'ax': -0.97, 'ay': -0.16, 'az': -0.15, 'gx': 19.16, 'gy': -4.55, 'gz': -11.54}, {'t_us': 973013280, 'ax': -0.96, 'ay': -0.18, 'az': -0.15, 'gx': 18.72, 'gy': -7.4, 'gz': -11.83}, {'t_us': 973033280, 'ax': -0.93, 'ay': -0.2, 'az': -0.15, 'gx': 18.53, 'gy': -10.15, 'gz': -10.26}]",2026-02-13 10:16:16,0.0
"[{'t_us': 973059583, 'ax': -0.89, 'ay': -0.2, 'az': -0.12, 'gx': 18.31, 'gy': -10.44, 'gz': -7.85}, {'t_us': 973073325, 'ax': -0.88, 'ay': -0.2, 'az': -0.11, 'gx': 17.79, 'gy': -8.64, 'gz': -7.11}, {'t_us': 973093293, 'ax': -0.9, 'ay': -0.19, 'az': -0.09, 'gx': 15.8, 'gy': -6.87, 'gz': -5.98}, {'t_us': 973113306, 'ax': -0.92, 'ay': -0.16, 'az': -0.12, 'gx': 12.2, 'gy': -3.68, 'gz': -5.57}, {'t_us': 973133275, 'ax': -0.96, 'ay': -0.15, 'az': -0.11, 'gx': 8.63, 'gy': -2.81, 'gz': -5.05}]",2026-02-13 10:16:16,0.0
"[{'t_us': 973159658, 'ax': -0.95, 'ay': -0.15, 'az': -0.09, 'gx': 4.79, 'gy': -4.84, 'gz': -5.37}, {'t_us': 973173311, 'ax': -0.96, 'ay': -0.17, 'az': -0.1, 'gx': 3.66, 'gy': -5.34, 'gz': -5.73}, {'t_us': 973193317, 'ax': -0.96, 'ay': -0.18, 'az': -0.11, 'gx': 2.03, 'gy': -3.59, 'gz': -5.71}, {'t_us': 973213338, 'ax': -0.95, 'ay': -0.18, 'az': -0.1, 'gx': 0.41, 'gy': -1.54, 'gz': -5.05}, {'t_us': 973233295, 'ax': -0.96, 'ay': -0.16, 'az': -0.08, 'gx': -1.91, 'gy': -0.15, 'gz': -4.11}]",2026-02-13 10:16:16,0.0
"[{'t_us': 973261484, 'ax': -0.95, 'ay': -0.15, 'az': -0.06, 'gx': -7.44, 'gy': 2.44, 'gz': -4.52}, {'t_us': 973273819, 'ax': -0.94, 'ay': -0.16, 'az': -0.08, 'gx': -9.68, 'gy': 3.47, 'gz': -4.61}, {'t_us': 973293317, 'ax': -0.92, 'ay': -0.18, 'az': -0.08, 'gx': -12.53, 'gy': 5.18, 'gz': -4.82}, {'t_us': 973313338, 'ax': -0.91, 'ay': -0.19, 'az': -0.07, 'gx': -14.63, 'gy': 8.43, 'gz': -5.4}, {'t_us': 973333321, 'ax': -0.94, 'ay': -0.2, 'az': -0.07, 'gx': -15.57, 'gy': 10.27, 'gz': -5.76}]",2026-02-13 10:16:16,0.0
"[{'t_us': 973360784, 'ax': -0.96, 'ay': -0.21, 'az': -0.08, 'gx': -16.69, 'gy': 9.11, 'gz': -5.36}, {'t_us': 973373300, 'ax': -0.96, 'ay': -0.21, 'az': -0.08, 'gx': -17.47, 'gy': 6.81, 'gz': -5.07}, {'t_us': 973393311, 'ax': -0.96, 'ay': -0.21, 'az': -0.09, 'gx': -19.24, 'gy': 2.64, 'gz': -4.52}, {'t_us': 973413321, 'ax': -0.94, 'ay': -0.2, 'az': -0.08, 'gx': -20.96, 'gy': 1.65, 'gz': -3.59}, {'t_us': 973433284, 'ax': -0.9, 'ay': -0.19, 'az': -0.08, 'gx': -22.24, 'gy': 1.57, 'gz': -1.82}]",2026-02-13 10:16:16,0.0
"[{'t_us': 973458469, 'ax': -0.91, 'ay': -0.2, 'az': -0.1, 'gx': -24.79, 'gy': 2.56, 'gz': 0.82}, {'t_us': 973473297, 'ax': -0.89, 'ay': -0.19, 'az': -0.11, 'gx': -26.18, 'gy': 3.48, 'gz': 3.08}, {'t_us': 973493326, 'ax': -0.91, 'ay': -0.17, 'az': -0.11, 'gx': -28.92, 'gy': 3.33, 'gz': 2.14}, {'t_us': 973513330, 'ax': -0.92, 'ay': -0.17, 'az': -0.1, 'gx': -31.05, 'gy': 2.38, 'gz': 1.6}, {'t_us': 973533284, 'ax': -0.95, 'ay': -0.17, 'az': -0.1, 'gx': -33.56, 'gy': 2.49, 'gz': 0.5}]",2026-02-13 10:16:16,0.0
"[{'t_us': 973558302, 'ax': -0.95, 'ay': -0.19, 'az': -0.1, 'gx': -36.43, 'gy': 2.4, 'gz': 1.57}, {'t_us': 973573311, 'ax': -0.98, 'ay': -0.2, 'az': -0.08, 'gx': -37.85, 'gy': 1.92, 'gz': 2.02}, {'t_us': 973593292, 'ax': -0.99, 'ay': -0.17, 'az': -0.08, 'gx': -39.39, 'gy': 0.81, 'gz': 1.95}, {'t_us': 973613306, 'ax': -0.99, 'ay': -0.18, 'az': -0.08, 'gx': -41.25, 'gy': -1.22, 'gz': 1.07}, {'t_us': 973633333, 'ax': -0.97, 'ay': -0.17, 'az': -0.08, 'gx': -43.62, 'gy': -2.4, 'gz': 0.79}]",2026-02-13 10:16:16,0.0
"[{'t_us': 973660490, 'ax': -0.95, 'ay': -0.18, 'az': -0.07, 'gx': -44.9, 'gy': -1.6, 'gz': 0.99}, {'t_us': 973674149, 'ax': -0.94, 'ay': -0.18, 'az': -0.06, 'gx': -45.51, 'gy': -0.66, 'gz': 1.56}, {'t_us': 973693306, 'ax': -0.94, 'ay': -0.17, 'az': -0.06, 'gx': -46.9, 'gy': 1.04, 'gz': 2.14}, {'t_us': 973713333, 'ax': -0.95, 'ay': -0.17, 'az': -0.07, 'gx': -48.58, 'gy': 0.81, 'gz': 1.04}, {'t_us': 973733271, 'ax': -0.96, 'ay': -0.17, 'az': -0.08, 'gx': -48.78, 'gy': -0.05, 'gz': -0.08}]",2026-02-13 10:16:16,0.0
"[{'t_us': 973757814, 'ax': -0.93, 'ay': -0.18, 'az': -0.07, 'gx': -48.85, 'gy': 0.2, 'gz': -1.21}, {'t_us': 973773326, 'ax': -0.92, 'ay': -0.18, 'az': -0.06, 'gx': -49.83, 'gy': -0.05, 'gz': -1.04}, {'t_us': 973793330, 'ax': -0.91, 'ay': -0.18, 'az': -0.05, 'gx': -51.31, 'gy': -0.12, 'gz': 0.27}, {'t_us': 973813284, 'ax': -0.92, 'ay': -0.17, 'az': -0.05, 'gx': -53.33, 'gy': -0.63, 'gz': 1.51}, {'t_us': 973833279, 'ax': -0.93, 'ay': -0.16, 'az': -0.05, 'gx': -55.07, 'gy': -1.79, 'gz': 2.46}]",2026-02-13 10:16:16,0.0
"[{'t_us': 973859368, 'ax': -0.91, 'ay': -0.15, 'az': -0.04, 'gx': -57.28, 'gy': -4.81, 'gz': 4.23}, {'t_us': 973873338, 'ax': -0.89, 'ay': -0.15, 'az': -0.03, 'gx': -59.15, 'gy': -6.98, 'gz': 5.37}, {'t_us': 973893326, 'ax': -0.86, 'ay': -0.16, 'az': -0.03, 'gx': -60.09, 'gy': -9.25, 'gz': 6.31}, {'t_us': 973913314, 'ax': -0.86, 'ay': -0.19, 'az': -0.02, 'gx': -59.53, 'gy': -11.22, 'gz': 7.28}, {'t_us': 973933338, 'ax': -0.89, 'ay': -0.23, 'az': -0.05, 'gx': -56.79, 'gy': -11.01, 'gz': 8.43}]",2026-02-13 10:16:16,0.0
"[{'t_us': 973957580, 'ax': -0.95, 'ay': -0.26, 'az': -0.06, 'gx': -51.02, 'gy': -13.94, 'gz': 8.79}, {'t_us': 973973280, 'ax': -0.96, 'ay': -0.26, 'az': -0.1, 'gx': -46.49, 'gy': -14.12, 'gz': 8.2}, {'t_us': 973993333, 'ax': -1.04, 'ay': -0.24, 'az': -0.16, 'gx': -39.21, 'gy': -1.36, 'gz': 4.92}, {'t_us': 974013293, 'ax': -1.14, 'ay': -0.22, 'az': -0.17, 'gx': -25.85, 'gy': 5.19, 'gz': -2.99}, {'t_us': 974033279, 'ax': -1.07, 'ay': -0.24, 'az': -0.1, 'gx': -12.0, 'gy': -6.96, 'gz': -8.2}]",2026-02-13 10:16:17,0.0
"[{'t_us': 974059400, 'ax': -0.87, 'ay': -0.28, 'az': -0.09, 'gx': -2.89, 'gy': -6.76, 'gz': -6.76}, {'t_us': 974073326, 'ax': -0.85, 'ay': -0.28, 'az': -0.12, 'gx': 1.11, 'gy': 4.12, 'gz': -2.87}, {'t_us': 974093330, 'ax': -0.91, 'ay': -0.26, 'az': -0.17, 'gx': 7.04, 'gy': 15.28, 'gz': 0.49}, {'t_us': 974113333, 'ax': -1.0, 'ay': -0.19, 'az': -0.17, 'gx': 12.49, 'gy': 15.91, 'gz': 0.85}, {'t_us': 974133333, 'ax': -1.0, 'ay': -0.12, 'az': -0.14, 'gx': 16.66, 'gy': 12.53, 'gz': -0.73}]",2026-02-13 10:16:17,0.0
"[{'t_us': 974159510, 'ax': -0.93, 'ay': -0.12, 'az': -0.16, 'gx': 19.62, 'gy': 13.69, 'gz': -1.19}, {'t_us': 974173576, 'ax': -0.91, 'ay': -0.12, 'az': -0.17, 'gx': 20.56, 'gy': 14.93, 'gz': -0.64}, {'t_us': 974193274, 'ax': -0.9, 'ay': -0.08, 'az': -0.18, 'gx': 18.4, 'gy': 15.4, 'gz': 0.93}, {'t_us': 974213306, 'ax': -0.94, 'ay': 0.01, 'az': -0.16, 'gx': 9.97, 'gy': 13.44, 'gz': 2.6}, {'t_us': 974233337, 'ax': -0.96, 'ay': 0.08, 'az': -0.14, 'gx': -2.26, 'gy': 10.2, 'gz': 4.2}]",2026-02-13 10:16:17,0.0
"[{'t_us': 974259522, 'ax': -0.97, 'ay': 0.14, 'az': -0.16, 'gx': -17.86, 'gy': 7.1, 'gz': 6.06}, {'t_us': 974273276, 'ax': -0.96, 'ay': 0.13, 'az': -0.16, 'gx': -25.5, 'gy': 5.05, 'gz': 6.89}, {'t_us': 974293321, 'ax': -0.96, 'ay': 0.08, 'az': -0.17, 'gx': -33.01, 'gy': 0.14, 'gz': 7.69}, {'t_us': 974313274, 'ax': -0.97, 'ay': 0.02, 'az': -0.17, 'gx': -38.23, 'gy': -5.45, 'gz': 7.31}, {'t_us': 974333280, 'ax': -0.96, 'ay': 0.0, 'az': -0.15, 'gx': -43.25, 'gy': -9.71, 'gz': 6.41}]",2026-02-13 10:16:17,0.0
"[{'t_us': 974359438, 'ax': -0.96, 'ay': -0.02, 'az': -0.11, 'gx': -50.96, 'gy': -9.62, 'gz': 10.4}, {'t_us': 974373285, 'ax': -0.92, 'ay': 0.02, 'az': -0.09, 'gx': -56.2, 'gy': -8.17, 'gz': 6.89}, {'t_us': 974393292, 'ax': -0.99, 'ay': -0.01, 'az': -0.07, 'gx': -63.98, 'gy': -9.54, 'gz': 15.63}, {'t_us': 974413294, 'ax': -0.99, 'ay': 0.05, 'az': -0.11, 'gx': -72.9, 'gy': -14.08, 'gz': 15.63}, {'t_us': 974433326, 'ax': -1.0, 'ay': 0.06, 'az': -0.13, 'gx': -79.48, 'gy': -14.6, 'gz': 14.38}]",2026-02-13 10:16:17,0.0
"[{'t_us': 974457816, 'ax': -0.99, 'ay': 0.03, 'az': -0.15, 'gx': -84.14, 'gy': -13.48, 'gz': 12.87}, {'t_us': 974473301, 'ax': -0.98, 'ay': 0.01, 'az': -0.13, 'gx': -85.83, 'gy': -14.24, 'gz': 12.23}, {'t_us': 974493317, 'ax': -0.94, 'ay': -0.02, 'az': -0.13, 'gx': -86.92, 'gy': -14.81, 'gz': 13.28}, {'t_us': 974513338, 'ax': -0.91, 'ay': -0.0, 'az': -0.11, 'gx': -88.03, 'gy': -11.8, 'gz': 12.96}, {'t_us': 974533292, 'ax': -0.89, 'ay': 0.02, 'az': -0.12, 'gx': -89.79, 'gy': -6.58, 'gz': 12.87}]",2026-02-13 10:16:17,0.0
"[{'t_us': 974559449, 'ax': -0.91, 'ay': 0.02, 'az': -0.1, 'gx': -89.31, 'gy': -6.4, 'gz': 13.18}, {'t_us': 974573333, 'ax': -0.91, 'ay': 0.02, 'az': -0.08, 'gx': -88.52, 'gy': -5.45, 'gz': 12.87}, {'t_us': 974593311, 'ax': -0.9, 'ay': 0.01, 'az': -0.05, 'gx': -88.23, 'gy': -1.1, 'gz': 12.17}, {'t_us': 974613317, 'ax': -0.91, 'ay': 0.02, 'az': -0.07, 'gx': -84.78, 'gy': 1.77, 'gz': 9.74}, {'t_us': 974633338, 'ax': -0.93, 'ay': 0.01, 'az': -0.06, 'gx': -83.82, 'gy': 4.4, 'gz': 6.64}]",2026-02-13 10:16:17,0.0
"[{'t_us': 974659840, 'ax': -0.95, 'ay': -0.0, 'az': -0.06, 'gx': -79.92, 'gy': 4.27, 'gz': 1.08}, {'t_us': 974673292, 'ax': -0.96, 'ay': 0.01, 'az': -0.05, 'gx': -77.56, 'gy': 4.2, 'gz': -1.6}, {'t_us': 974693317, 'ax': -0.97, 'ay': 0.01, 'az': -0.03, 'gx': -72.27, 'gy': 3.45, 'gz': -4.05}, {'t_us': 974713338, 'ax': -0.94, 'ay': 0.0, 'az': -0.03, 'gx': -67.66, 'gy': 4.03, 'gz': -6.44}, {'t_us': 974733307, 'ax': -0.89, 'ay': -0.0, 'az': -0.03, 'gx': -63.3, 'gy': 5.74, 'gz': -7.5}]",2026-02-13 10:16:17,0.0
"[{'t_us': 974759480, 'ax': -0.84, 'ay': -0.07, 'az': -0.01, 'gx': -54.99, 'gy': 6.14, 'gz': -8.32}, {'t_us': 974773274, 'ax': -0.84, 'ay': -0.07, 'az': -0.02, 'gx': -50.87, 'gy': 7.25, 'gz': -9.07}, {'t_us': 974793301, 'ax': -0.86, 'ay': -0.06, 'az': -0.04, 'gx': -43.56, 'gy': 7.79, 'gz': -11.59}, {'t_us': 974813326, 'ax': -0.86, 'ay': -0.08, 'az': -0.07, 'gx': -34.99, 'gy': 10.4, 'gz': -15.79}, {'t_us': 974833326, 'ax': -0.89, 'ay': -0.05, 'az': -0.09, 'gx': -28.73, 'gy': 12.08, 'gz': -20.4}]",2026-02-13 10:16:17,0.0
"[{'t_us': 974858159, 'ax': -0.98, 'ay': -0.06, 'az': -0.2, 'gx': -29.77, 'gy': 15.95, 'gz': -17.79}, {'t_us': 974873306, 'ax': -1.06, 'ay': -0.14, 'az': -0.24, 'gx': -28.72, 'gy': 28.75, 'gz': -6.75}, {'t_us': 974893342, 'ax': -1.13, 'ay': -0.14, 'az': -0.14, 'gx': -26.7, 'gy': 15.15, 'gz': 15.8}, {'t_us': 974913333, 'ax': -0.99, 'ay': -0.1, 'az': -0.15, 'gx': -25.47, 'gy': -0.29, 'gz': 24.31}, {'t_us': 974933317, 'ax': -0.84, 'ay': -0.11, 'az': -0.17, 'gx': -21.44, 'gy': 5.24, 'gz': 19.97}]",2026-02-13 10:16:17,0.0
"[{'t_us': 974959478, 'ax': -0.9, 'ay': -0.07, 'az': -0.1, 'gx': -5.16, 'gy': 6.03, 'gz': 5.57}, {'t_us': 974973274, 'ax': -0.93, 'ay': -0.07, 'az': -0.18, 'gx': -3.66, 'gy': 15.71, 'gz': 0.4}, {'t_us': 974993271, 'ax': -1.07, 'ay': -0.05, 'az': -0.16, 'gx': -3.91, 'gy': 26.0, 'gz': 0.72}, {'t_us': 975013330, 'ax': -1.1, 'ay': -0.03, 'az': -0.25, 'gx': -5.69, 'gy': 26.87, 'gz': 3.73}, {'t_us': 975033317, 'ax': -1.11, 'ay': -0.02, 'az': -0.26, 'gx': -7.57, 'gy': 19.04, 'gz': 6.66}]",2026-02-13 10:16:18,0.0
"[{'t_us': 975059421, 'ax': -0.95, 'ay': 0.01, 'az': -0.2, 'gx': -12.11, 'gy': 10.35, 'gz': 0.66}, {'t_us': 975074036, 'ax': -0.95, 'ay': 0.01, 'az': -0.19, 'gx': -15.48, 'gy': 10.87, 'gz': -3.59}, {'t_us': 975093301, 'ax': -0.93, 'ay': -0.02, 'az': -0.15, 'gx': -20.05, 'gy': 13.13, 'gz': -7.33}, {'t_us': 975113284, 'ax': -1.03, 'ay': -0.06, 'az': -0.14, 'gx': -26.43, 'gy': 11.95, 'gz': -9.71}, {'t_us': 975133317, 'ax': -1.09, 'ay': -0.09, 'az': -0.17, 'gx': -30.29, 'gy': 5.59, 'gz': -11.97}]",2026-02-13 10:16:18,0.0
"[{'t_us': 975159541, 'ax': -1.1, 'ay': -0.12, 'az': -0.18, 'gx': -30.49, 'gy': -7.3, 'gz': -14.24}, {'t_us': 975173333, 'ax': -1.05, 'ay': -0.15, 'az': -0.15, 'gx': -29.94, 'gy': -11.98, 'gz': -14.2}, {'t_us': 975193326, 'ax': -0.95, 'ay': -0.17, 'az': -0.14, 'gx': -28.67, 'gy': -14.47, 'gz': -12.75}, {'t_us': 975213306, 'ax': -0.9, 'ay': -0.18, 'az': -0.14, 'gx': -26.46, 'gy': -11.91, 'gz': -10.79}, {'t_us': 975233333, 'ax': -0.94, 'ay': -0.16, 'az': -0.17, 'gx': -23.88, 'gy': -11.83, 'gz': -11.54}]",2026-02-13 10:16:18,0.0
"[{'t_us': 975259895, 'ax': -0.93, 'ay': -0.14, 'az': -0.16, 'gx': -18.78, 'gy': -11.39, 'gz': -12.02}, {'t_us': 975273321, 'ax': -0.94, 'ay': -0.13, 'az': -0.15, 'gx': -17.48, 'gy': -13.69, 'gz': -13.27}, {'t_us': 975293321, 'ax': -0.92, 'ay': -0.1, 'az': -0.14, 'gx': -18.72, 'gy': -14.44, 'gz': -12.44}, {'t_us': 975313333, 'ax': -0.89, 'ay': -0.09, 'az': -0.11, 'gx': -21.98, 'gy': -14.17, 'gz': -9.85}, {'t_us': 975333301, 'ax': -0.88, 'ay': -0.08, 'az': -0.11, 'gx': -26.2, 'gy': -11.77, 'gz': -7.33}]",2026-02-13 10:16:18,0.0
"[{'t_us': 975359478, 'ax': -0.9, 'ay': -0.09, 'az': -0.12, 'gx': -29.94, 'gy': -10.55, 'gz': -5.94}, {'t_us': 975373317, 'ax': -0.91, 'ay': -0.09, 'az': -0.11, 'gx': -31.13, 'gy': -11.13, 'gz': -7.01}, {'t_us': 975393338, 'ax': -0.9, 'ay': -0.1, 'az': -0.13, 'gx': -32.06, 'gy': -10.46, 'gz': -8.12}, {'t_us': 975413272, 'ax': -0.9, 'ay': -0.12, 'az': -0.11, 'gx': -31.42, 'gy': -10.66, 'gz': -7.82}, {'t_us': 975433306, 'ax': -0.91, 'ay': -0.15, 'az': -0.11, 'gx': -30.21, 'gy': -9.94, 'gz': -8.63}]",2026-02-13 10:16:18,0.0
"[{'t_us': 975459672, 'ax': -0.93, 'ay': -0.19, 'az': -0.09, 'gx': -27.34, 'gy': -9.59, 'gz': -9.65}, {'t_us': 975473307, 'ax': -0.94, 'ay': -0.18, 'az': -0.09, 'gx': -25.24, 'gy': -9.92, 'gz': -9.33}, {'t_us': 975493311, 'ax': -0.93, 'ay': -0.17, 'az': -0.08, 'gx': -22.47, 'gy': -11.13, 'gz': -8.72}, {'t_us': 975513333, 'ax': -0.93, 'ay': -0.16, 'az': -0.05, 'gx': -21.65, 'gy': -12.31, 'gz': -7.62}, {'t_us': 975533333, 'ax': -0.93, 'ay': -0.16, 'az': -0.01, 'gx': -21.91, 'gy': -12.5, 'gz': -6.64}]",2026-02-13 10:16:18,0.0
"[{'t_us': 975559930, 'ax': -0.94, 'ay': -0.15, 'az': -0.01, 'gx': -20.66, 'gy': -10.31, 'gz': -6.96}, {'t_us': 975573338, 'ax': -0.93, 'ay': -0.16, 'az': -0.03, 'gx': -18.32, 'gy': -10.2, 'gz': -7.69}, {'t_us': 975593321, 'ax': -0.89, 'ay': -0.17, 'az': -0.02, 'gx': -13.66, 'gy': -9.22, 'gz': -8.6}, {'t_us': 975613274, 'ax': -0.86, 'ay': -0.2, 'az': 0.02, 'gx': -8.26, 'gy': -5.71, 'gz': -7.65}, {'t_us': 975633333, 'ax': -0.85, 'ay': -0.22, 'az': 0.07, 'gx': -4.92, 'gy': -3.1, 'gz': -4.55}]",2026-02-13 10:16:18,0.0
"[{'t_us': 975658598, 'ax': -0.87, 'ay': -0.22, 'az': 0.1, 'gx': -5.19, 'gy': 0.55, 'gz': 1.69}, {'t_us': 975673274, 'ax': -0.88, 'ay': -0.21, 'az': 0.09, 'gx': -5.19, 'gy': 1.62, 'gz': 5.19}, {'t_us': 975693274, 'ax': -0.86, 'ay': -0.18, 'az': 0.07, 'gx': -5.33, 'gy': 2.02, 'gz': 8.14}, {'t_us': 975713318, 'ax': -0.85, 'ay': -0.16, 'az': 0.04, 'gx': -5.62, 'gy': 6.79, 'gz': 8.26}, {'t_us': 975733301, 'ax': -0.88, 'ay': -0.16, 'az': -0.0, 'gx': -4.84, 'gy': 12.0, 'gz': 7.48}]",2026-02-13 10:16:18,0.0
"[{'t_us': 975759426, 'ax': -1.06, 'ay': -0.18, 'az': -0.11, 'gx': -1.54, 'gy': 14.02, 'gz': 3.57}, {'t_us': 975773330, 'ax': -1.15, 'ay': -0.2, 'az': -0.15, 'gx': 1.01, 'gy': 24.03, 'gz': -1.68}, {'t_us': 975793284, 'ax': -1.23, 'ay': -0.22, 'az': -0.18, 'gx': 5.11, 'gy': 26.66, 'gz': -8.63}, {'t_us': 975813329, 'ax': -1.16, 'ay': -0.17, 'az': -0.14, 'gx': 5.16, 'gy': 17.62, 'gz': -10.72}, {'t_us': 975833293, 'ax': -1.05, 'ay': -0.06, 'az': -0.11, 'gx': -2.53, 'gy': 14.73, 'gz': -7.15}]",2026-02-13 10:16:18,0.0
"[{'t_us': 975859496, 'ax': -0.97, 'ay': 0.02, 'az': -0.12, 'gx': -17.89, 'gy': 18.64, 'gz': -0.47}, {'t_us': 975873338, 'ax': -0.94, 'ay': 0.02, 'az': -0.13, 'gx': -25.45, 'gy': 19.6, 'gz': 3.86}, {'t_us': 975893301, 'ax': -0.94, 'ay': -0.01, 'az': -0.17, 'gx': -30.52, 'gy': 21.16, 'gz': 7.42}, {'t_us': 975913338, 'ax': -0.94, 'ay': -0.06, 'az': -0.18, 'gx': -31.74, 'gy': 17.85, 'gz': 6.95}, {'t_us': 975933311, 'ax': -0.9, 'ay': -0.11, 'az': -0.2, 'gx': -30.79, 'gy': 10.66, 'gz': 6.55}]",2026-02-13 10:16:18,0.0
"[{'t_us': 975957705, 'ax': -0.87, 'ay': -0.1, 'az': -0.19, 'gx': -28.53, 'gy': 7.31, 'gz': 7.68}, {'t_us': 975973317, 'ax': -0.91, 'ay': -0.07, 'az': -0.16, 'gx': -26.78, 'gy': 5.82, 'gz': 7.86}, {'t_us': 975993321, 'ax': -0.97, 'ay': -0.03, 'az': -0.11, 'gx': -26.87, 'gy': 1.74, 'gz': 8.53}, {'t_us': 976013274, 'ax': -1.05, 'ay': 0.01, 'az': -0.07, 'gx': -28.03, 'gy': -3.15, 'gz': 10.95}, {'t_us': 976033292, 'ax': -1.01, 'ay': 0.01, 'az': -0.09, 'gx': -32.27, 'gy': -4.75, 'gz': 11.6}]",2026-02-13 10:16:19,0.0
"[{'t_us': 976059524, 'ax': -0.95, 'ay': -0.01, 'az': -0.09, 'gx': -34.21, 'gy': -9.08, 'gz': 14.92}, {'t_us': 976073274, 'ax': -0.91, 'ay': -0.02, 'az': -0.08, 'gx': -34.11, 'gy': -11.6, 'gz': 14.99}, {'t_us': 976093280, 'ax': -0.89, 'ay': -0.05, 'az': -0.07, 'gx': -32.15, 'gy': -11.15, 'gz': 14.79}, {'t_us': 976113280, 'ax': -0.92, 'ay': -0.07, 'az': -0.11, 'gx': -28.76, 'gy': -9.15, 'gz': 13.98}, {'t_us': 976133317, 'ax': -0.96, 'ay': -0.07, 'az': -0.14, 'gx': -22.82, 'gy': -11.45, 'gz': 12.38}]",2026-02-13 10:16:19,0.0
"[{'t_us': 976159471, 'ax': -0.98, 'ay': -0.07, 'az': -0.13, 'gx': -11.37, 'gy': -19.53, 'gz': 11.33}, {'t_us': 976173274, 'ax': -0.95, 'ay': -0.07, 'az': -0.1, 'gx': -6.63, 'gy': -23.53, 'gz': 11.97}, {'t_us': 976193317, 'ax': -0.91, 'ay': -0.05, 'az': -0.05, 'gx': -1.02, 'gy': -25.94, 'gz': 12.96}, {'t_us': 976213321, 'ax': -0.89, 'ay': -0.05, 'az': -0.03, 'gx': 1.39, 'gy': -20.5, 'gz': 14.78}, {'t_us': 976233274, 'ax': -0.88, 'ay': -0.06, 'az': 0.0, 'gx': 1.86, 'gy': -14.99, 'gz': 16.87}]",2026-02-13 10:16:19,0.0
"[{'t_us': 976259391, 'ax': -0.89, 'ay': -0.05, 'az': -0.01, 'gx': -0.82, 'gy': -11.31, 'gz': 18.23}, {'t_us': 976273320, 'ax': -0.93, 'ay': -0.03, 'az': -0.04, 'gx': -1.73, 'gy': -10.64, 'gz': 17.47}, {'t_us': 976293333, 'ax': -0.94, 'ay': 0.04, 'az': -0.03, 'gx': -2.75, 'gy': -10.66, 'gz': 13.69}, {'t_us': 976313293, 'ax': -0.95, 'ay': 0.08, 'az': 0.01, 'gx': -3.92, 'gy': -9.86, 'gz': 9.33}, {'t_us': 976333311, 'ax': -0.92, 'ay': 0.08, 'az': 0.05, 'gx': -4.61, 'gy': -8.5, 'gz': 6.15}]",2026-02-13 10:16:19,0.0
"[{'t_us': 976360213, 'ax': -0.93, 'ay': 0.04, 'az': 0.07, 'gx': -4.15, 'gy': -6.44, 'gz': 4.09}, {'t_us': 976373280, 'ax': -0.92, 'ay': 0.04, 'az': 0.06, 'gx': -3.51, 'gy': -5.37, 'gz': 3.11}, {'t_us': 976393311, 'ax': -0.91, 'ay': 0.01, 'az': 0.06, 'gx': -1.27, 'gy': -2.5, 'gz': 1.48}, {'t_us': 976413321, 'ax': -0.87, 'ay': -0.03, 'az': 0.05, 'gx': 1.34, 'gy': 0.82, 'gz': 0.9}, {'t_us': 976433330, 'ax': -0.84, 'ay': -0.02, 'az': 0.06, 'gx': 3.4, 'gy': 4.63, 'gz': 0.84}]",2026-02-13 10:16:19,0.0
"[{'t_us': 976458145, 'ax': -0.85, 'ay': 0.02, 'az': 0.08, 'gx': 6.52, 'gy': 9.65, 'gz': 0.6}, {'t_us': 976473317, 'ax': -0.88, 'ay': 0.04, 'az': 0.09, 'gx': 7.24, 'gy': 12.81, 'gz': -0.76}, {'t_us': 976493321, 'ax': -0.88, 'ay': 0.08, 'az': 0.11, 'gx': 4.11, 'gy': 13.73, 'gz': -3.22}, {'t_us': 976513274, 'ax': -0.83, 'ay': 0.12, 'az': 0.11, 'gx': -0.96, 'gy': 16.99, 'gz': -4.61}, {'t_us': 976533297, 'ax': -0.8, 'ay': 0.12, 'az': 0.12, 'gx': -5.27, 'gy': 22.15, 'gz': -2.81}]",2026-02-13 10:16:19,0.0
"[{'t_us': 976559536, 'ax': -0.84, 'ay': 0.1, 'az': 0.15, 'gx': -8.9, 'gy': 24.58, 'gz': -1.63}, {'t_us': 976573339, 'ax': -0.87, 'ay': 0.09, 'az': 0.14, 'gx': -10.4, 'gy': 21.48, 'gz': -2.56}, {'t_us': 976593284, 'ax': -0.88, 'ay': 0.07, 'az': 0.07, 'gx': -9.45, 'gy': 17.92, 'gz': -4.64}, {'t_us': 976613284, 'ax': -0.9, 'ay': 0.06, 'az': -0.03, 'gx': -13.85, 'gy': 14.11, 'gz': -4.81}, {'t_us': 976633307, 'ax': -1.01, 'ay': 0.05, 'az': -0.17, 'gx': -26.26, 'gy': 29.91, 'gz': 6.58}]",2026-02-13 10:16:19,0.0
"[{'t_us': 976658169, 'ax': -1.38, 'ay': 0.02, 'az': -0.21, 'gx': -25.53, 'gy': 46.49, 'gz': 25.11}, {'t_us': 976673275, 'ax': -1.36, 'ay': -0.03, 'az': -0.07, 'gx': -23.18, 'gy': 4.79, 'gz': 29.95}, {'t_us': 976693274, 'ax': -1.19, 'ay': -0.13, 'az': -0.14, 'gx': -17.65, 'gy': -16.72, 'gz': 23.8}, {'t_us': 976713306, 'ax': -0.97, 'ay': -0.23, 'az': -0.24, 'gx': -0.55, 'gy': -9.77, 'gz': 2.96}, {'t_us': 976733329, 'ax': -0.86, 'ay': -0.19, 'az': -0.25, 'gx': 17.47, 'gy': 12.44, 'gz': -9.15}]",2026-02-13 10:16:19,0.0
"[{'t_us': 976759705, 'ax': -1.1, 'ay': -0.09, 'az': -0.24, 'gx': 30.4, 'gy': 23.4, 'gz': -13.65}, {'t_us': 976773347, 'ax': -1.16, 'ay': -0.07, 'az': -0.26, 'gx': 28.55, 'gy': 20.41, 'gz': -10.23}, {'t_us': 976793301, 'ax': -1.22, 'ay': -0.02, 'az': -0.31, 'gx': 24.23, 'gy': 11.37, 'gz': -1.82}, {'t_us': 976813280, 'ax': -1.12, 'ay': 0.03, 'az': -0.31, 'gx': 21.77, 'gy': 2.52, 'gz': -1.07}, {'t_us': 976833339, 'ax': -1.04, 'ay': 0.01, 'az': -0.24, 'gx': 19.71, 'gy': 3.85, 'gz': -4.9}]",2026-02-13 10:16:19,0.0
"[{'t_us': 976859470, 'ax': -1.0, 'ay': -0.04, 'az': -0.15, 'gx': 15.79, 'gy': 6.96, 'gz': -10.95}, {'t_us': 976873315, 'ax': -1.01, 'ay': -0.07, 'az': -0.13, 'gx': 14.78, 'gy': 6.99, 'gz': -14.31}, {'t_us': 976893330, 'ax': -1.03, 'ay': -0.07, 'az': -0.14, 'gx': 14.76, 'gy': 2.84, 'gz': -18.92}, {'t_us': 976913284, 'ax': -1.0, 'ay': -0.08, 'az': -0.15, 'gx': 16.78, 'gy': -1.98, 'gz': -22.4}, {'t_us': 976933301, 'ax': -0.93, 'ay': -0.09, 'az': -0.13, 'gx': 18.6, 'gy': -7.82, 'gz': -25.24}]",2026-02-13 10:16:19,0.0
"[{'t_us': 976958205, 'ax': -0.87, 'ay': -0.12, 'az': -0.11, 'gx': 17.15, 'gy': -9.05, 'gz': -23.79}, {'t_us': 976973817, 'ax': -0.85, 'ay': -0.14, 'az': -0.12, 'gx': 14.98, 'gy': -8.72, 'gz': -21.36}, {'t_us': 976993317, 'ax': -0.87, 'ay': -0.13, 'az': -0.11, 'gx': 14.69, 'gy': -8.46, 'gz': -21.04}, {'t_us': 977013338, 'ax': -0.87, 'ay': -0.11, 'az': -0.13, 'gx': 13.77, 'gy': -10.27, 'gz': -22.17}, {'t_us': 977033311, 'ax': -0.86, 'ay': -0.09, 'az': -0.12, 'gx': 12.38, 'gy': -11.56, 'gz': -23.53}]",2026-02-13 10:16:20,0.0
"[{'t_us': 977060057, 'ax': -0.86, 'ay': -0.09, 'az': -0.08, 'gx': 8.69, 'gy': -12.69, 'gz': -23.13}, {'t_us': 977073322, 'ax': -0.86, 'ay': -0.08, 'az': -0.07, 'gx': 5.59, 'gy': -10.98, 'gz': -22.05}, {'t_us': 977093326, 'ax': -0.87, 'ay': -0.07, 'az': -0.06, 'gx': -0.61, 'gy': -9.54, 'gz': -19.42}, {'t_us': 977113280, 'ax': -0.89, 'ay': -0.07, 'az': -0.04, 'gx': -7.94, 'gy': -10.11, 'gz': -17.28}, {'t_us': 977133270, 'ax': -0.88, 'ay': -0.06, 'az': -0.02, 'gx': -16.24, 'gy': -12.4, 'gz': -15.3}]",2026-02-13 10:16:20,0.0
"[{'t_us': 977159552, 'ax': -0.9, 'ay': -0.07, 'az': -0.02, 'gx': -22.53, 'gy': -9.98, 'gz': -12.76}, {'t_us': 977173826, 'ax': -0.92, 'ay': -0.11, 'az': -0.03, 'gx': -24.64, 'gy': -9.45, 'gz': -11.83}, {'t_us': 977193270, 'ax': -0.9, 'ay': -0.18, 'az': -0.01, 'gx': -25.95, 'gy': -7.53, 'gz': -10.95}, {'t_us': 977213306, 'ax': -0.9, 'ay': -0.23, 'az': -0.02, 'gx': -24.61, 'gy': -4.55, 'gz': -10.73}, {'t_us': 977233274, 'ax': -0.9, 'ay': -0.26, 'az': 0.0, 'gx': -19.83, 'gy': -1.8, 'gz': -8.0}]",2026-02-13 10:16:20,0.0
"[{'t_us': 977259525, 'ax': -0.92, 'ay': -0.27, 'az': 0.02, 'gx': -14.61, 'gy': 1.51, 'gz': -4.47}, {'t_us': 977273304, 'ax': -0.93, 'ay': -0.26, 'az': 0.02, 'gx': -12.76, 'gy': 3.83, 'gz': -2.84}, {'t_us': 977293321, 'ax': -0.95, 'ay': -0.23, 'az': 0.01, 'gx': -11.68, 'gy': 6.12, 'gz': -1.28}, {'t_us': 977313326, 'ax': -0.97, 'ay': -0.19, 'az': 0.01, 'gx': -9.4, 'gy': 2.23, 'gz': 0.27}, {'t_us': 977333317, 'ax': -0.97, 'ay': -0.19, 'az': 0.0, 'gx': -5.22, 'gy': -1.53, 'gz': 3.25}]",2026-02-13 10:16:20,0.0
"[{'t_us': 977358384, 'ax': -0.93, 'ay': -0.21, 'az': 0.05, 'gx': -4.89, 'gy': -2.84, 'gz': 7.66}, {'t_us': 977373308, 'ax': -0.92, 'ay': -0.2, 'az': 0.08, 'gx': -8.47, 'gy': -2.79, 'gz': 9.08}, {'t_us': 977393311, 'ax': -0.89, 'ay': -0.17, 'az': 0.12, 'gx': -12.34, 'gy': -2.05, 'gz': 10.63}, {'t_us': 977413317, 'ax': -0.84, 'ay': -0.12, 'az': 0.12, 'gx': -15.34, 'gy': 1.45, 'gz': 10.98}, {'t_us': 977433317, 'ax': -0.79, 'ay': -0.12, 'az': 0.11, 'gx': -17.69, 'gy': 3.71, 'gz': 12.78}]",2026-02-13 10:16:20,0.0
"[{'t_us': 977458330, 'ax': -0.74, 'ay': -0.18, 'az': 0.08, 'gx': -18.38, 'gy': 7.13, 'gz': 13.88}, {'t_us': 977473326, 'ax': -0.75, 'ay': -0.22, 'az': 0.07, 'gx': -15.37, 'gy': 10.41, 'gz': 13.59}, {'t_us': 977493280, 'ax': -0.83, 'ay': -0.26, 'az': 0.0, 'gx': -8.06, 'gy': 21.89, 'gz': 9.56}, {'t_us': 977513306, 'ax': -0.97, 'ay': -0.26, 'az': -0.09, 'gx': 2.58, 'gy': 25.69, 'gz': 2.81}, {'t_us': 977533317, 'ax': -1.1, 'ay': -0.32, 'az': -0.14, 'gx': 12.31, 'gy': 31.74, 'gz': -1.88}]",2026-02-13 10:16:20,0.0
"[{'t_us': 977562132, 'ax': -1.16, 'ay': -0.33, 'az': -0.18, 'gx': 21.31, 'gy': 28.14, 'gz': -5.66}, {'t_us': 977573284, 'ax': -1.14, 'ay': -0.26, 'az': -0.14, 'gx': 23.51, 'gy': 23.05, 'gz': -3.73}, {'t_us': 977593301, 'ax': -1.08, 'ay': -0.08, 'az': -0.07, 'gx': 19.1, 'gy': 21.77, 'gz': -0.05}, {'t_us': 977613311, 'ax': -0.99, 'ay': 0.11, 'az': -0.01, 'gx': 3.19, 'gy': 27.04, 'gz': 4.5}, {'t_us': 977633321, 'ax': -0.9, 'ay': 0.22, 'az': -0.05, 'gx': -20.06, 'gy': 38.5, 'gz': 10.78}]",2026-02-13 10:16:20,0.0
"[{'t_us': 977660925, 'ax': -0.87, 'ay': 0.13, 'az': -0.2, 'gx': -38.67, 'gy': 49.48, 'gz': 18.08}, {'t_us': 977673278, 'ax': -0.9, 'ay': 0.02, 'az': -0.27, 'gx': -38.02, 'gy': 46.64, 'gz': 19.5}, {'t_us': 977693293, 'ax': -0.99, 'ay': -0.14, 'az': -0.3, 'gx': -29.79, 'gy': 35.65, 'gz': 16.96}, {'t_us': 977713306, 'ax': -1.05, 'ay': -0.23, 'az': -0.3, 'gx': -19.11, 'gy': 27.37, 'gz': 12.14}, {'t_us': 977733333, 'ax': -1.05, 'ay': -0.22, 'az': -0.24, 'gx': -7.66, 'gy': 23.33, 'gz': 10.93}]",2026-02-13 10:16:20,0.0
"[{'t_us': 977758855, 'ax': -1.02, 'ay': -0.1, 'az': -0.14, 'gx': 0.98, 'gy': 21.04, 'gz': 10.92}, {'t_us': 977773307, 'ax': -1.03, 'ay': -0.01, 'az': -0.12, 'gx': 1.4, 'gy': 12.93, 'gz': 13.1}, {'t_us': 977793301, 'ax': -1.01, 'ay': 0.05, 'az': -0.18, 'gx': -0.49, 'gy': 8.27, 'gz': 12.4}, {'t_us': 977813311, 'ax': -1.01, 'ay': 0.07, 'az': -0.17, 'gx': -2.61, 'gy': 1.91, 'gz': 12.43}, {'t_us': 977833284, 'ax': -0.99, 'ay': 0.06, 'az': -0.12, 'gx': -5.59, 'gy': -6.43, 'gz': 12.49}]",2026-02-13 10:16:20,0.0
"[{'t_us': 977860437, 'ax': -0.92, 'ay': 0.03, 'az': -0.12, 'gx': -13.74, 'gy': -9.74, 'gz': 10.35}, {'t_us': 977873302, 'ax': -0.9, 'ay': 0.01, 'az': -0.13, 'gx': -17.3, 'gy': -8.23, 'gz': 10.35}, {'t_us': 977893280, 'ax': -0.92, 'ay': -0.01, 'az': -0.12, 'gx': -21.39, 'gy': -6.66, 'gz': 9.88}, {'t_us': 977913280, 'ax': -0.92, 'ay': -0.04, 'az': -0.13, 'gx': -21.39, 'gy': -9.57, 'gz': 9.92}, {'t_us': 977933307, 'ax': -0.91, 'ay': -0.06, 'az': -0.13, 'gx': -18.05, 'gy': -11.77, 'gz': 9.71}]",2026-02-13 10:16:20,0.0
"[{'t_us': 977959154, 'ax': -0.9, 'ay': -0.06, 'az': -0.12, 'gx': -13.4, 'gy': -10.41, 'gz': 11.13}, {'t_us': 977973340, 'ax': -0.92, 'ay': -0.04, 'az': -0.1, 'gx': -11.19, 'gy': -8.46, 'gz': 11.5}, {'t_us': 977993274, 'ax': -0.94, 'ay': -0.03, 'az': -0.07, 'gx': -9.65, 'gy': -9.13, 'gz': 10.31}, {'t_us': 978013274, 'ax': -0.92, 'ay': -0.03, 'az': -0.08, 'gx': -9.73, 'gy': -11.27, 'gz': 8.81}, {'t_us': 978033321, 'ax': -0.91, 'ay': -0.03, 'az': -0.11, 'gx': -8.56, 'gy': -9.3, 'gz': 7.33}]",2026-02-13 10:16:21,0.0
"[{'t_us': 978059601, 'ax': -0.86, 'ay': -0.06, 'az': -0.07, 'gx': 0.73, 'gy': -1.54, 'gz': 7.83}, {'t_us': 978073280, 'ax': -0.88, 'ay': -0.06, 'az': -0.08, 'gx': 4.93, 'gy': -0.55, 'gz': 8.41}, {'t_us': 978093293, 'ax': -0.9, 'ay': -0.05, 'az': -0.08, 'gx': 11.18, 'gy': -4.85, 'gz': 7.25}, {'t_us': 978113306, 'ax': -0.91, 'ay': -0.03, 'az': -0.07, 'gx': 15.39, 'gy': -6.05, 'gz': 6.18}, {'t_us': 978133317, 'ax': -0.91, 'ay': -0.0, 'az': -0.08, 'gx': 20.58, 'gy': -5.02, 'gz': 3.98}]",2026-02-13 10:16:21,0.0
"[{'t_us': 978159400, 'ax': -0.86, 'ay': 0.01, 'az': -0.07, 'gx': 29.08, 'gy': -2.56, 'gz': 1.28}, {'t_us': 978173292, 'ax': -0.87, 'ay': 0.03, 'az': -0.07, 'gx': 31.28, 'gy': -0.81, 'gz': 0.18}, {'t_us': 978193274, 'ax': -0.88, 'ay': 0.06, 'az': -0.09, 'gx': 33.92, 'gy': 0.87, 'gz': -2.32}, {'t_us': 978213274, 'ax': -0.87, 'ay': 0.11, 'az': -0.06, 'gx': 34.67, 'gy': 2.34, 'gz': -3.51}, {'t_us': 978233292, 'ax': -0.87, 'ay': 0.15, 'az': 0.02, 'gx': 30.14, 'gy': 3.16, 'gz': -0.89}]",2026-02-13 10:16:21,0.0
"[{'t_us': 978259164, 'ax': -0.91, 'ay': 0.17, 'az': 0.09, 'gx': 16.27, 'gy': 7.6, 'gz': 3.57}, {'t_us': 978273333, 'ax': -0.95, 'ay': 0.17, 'az': 0.1, 'gx': 9.76, 'gy': 7.66, 'gz': 3.98}, {'t_us': 978293293, 'ax': -0.97, 'ay': 0.16, 'az': 0.09, 'gx': 2.85, 'gy': 6.81, 'gz': 1.21}, {'t_us': 978313292, 'ax': -0.9, 'ay': 0.12, 'az': 0.07, 'gx': 0.47, 'gy': 7.62, 'gz': -2.63}, {'t_us': 978333301, 'ax': -0.83, 'ay': 0.06, 'az': 0.07, 'gx': 0.7, 'gy': 13.83, 'gz': -2.32}]",2026-02-13 10:16:21,0.0
"[{'t_us': 978357922, 'ax': -0.84, 'ay': 0.04, 'az': 0.03, 'gx': 0.67, 'gy': 19.22, 'gz': 1.82}, {'t_us': 978373306, 'ax': -0.91, 'ay': 0.03, 'az': -0.11, 'gx': -8.4, 'gy': 22.95, 'gz': 2.2}, {'t_us': 978393330, 'ax': -1.04, 'ay': -0.0, 'az': -0.32, 'gx': -15.15, 'gy': 58.79, 'gz': 15.73}, {'t_us': 978413295, 'ax': -1.4, 'ay': -0.03, 'az': -0.33, 'gx': -4.27, 'gy': 84.06, 'gz': 21.02}, {'t_us': 978433301, 'ax': -1.37, 'ay': -0.09, 'az': -0.29, 'gx': -8.38, 'gy': 32.89, 'gz': 19.13}]",2026-02-13 10:16:21,0.0
"[{'t_us': 978458028, 'ax': -1.11, 'ay': -0.15, 'az': -0.51, 'gx': -4.31, 'gy': 15.04, 'gz': 6.55}, {'t_us': 978473285, 'ax': -0.92, 'ay': -0.12, 'az': -0.49, 'gx': 10.0, 'gy': 25.21, 'gz': -3.69}, {'t_us': 978493317, 'ax': -0.88, 'ay': -0.03, 'az': -0.35, 'gx': 20.15, 'gy': 33.01, 'gz': -10.58}, {'t_us': 978513270, 'ax': -0.96, 'ay': 0.02, 'az': -0.24, 'gx': 17.34, 'gy': 34.41, 'gz': -12.95}, {'t_us': 978533270, 'ax': -1.07, 'ay': 0.05, 'az': -0.2, 'gx': 6.15, 'gy': 27.76, 'gz': -11.18}]",2026-02-13 10:16:21,0.0
"[{'t_us': 978557861, 'ax': -1.11, 'ay': 0.04, 'az': -0.32, 'gx': -8.27, 'gy': 4.23, 'gz': -6.76}, {'t_us': 978573403, 'ax': -1.08, 'ay': 0.03, 'az': -0.33, 'gx': -12.47, 'gy': 0.72, 'gz': -8.73}, {'t_us': 978593280, 'ax': -1.03, 'ay': -0.05, 'az': -0.35, 'gx': -11.98, 'gy': -1.21, 'gz': -12.15}, {'t_us': 978613311, 'ax': -0.97, 'ay': -0.13, 'az': -0.31, 'gx': -5.8, 'gy': -2.7, 'gz': -16.5}, {'t_us': 978633330, 'ax': -0.94, 'ay': -0.17, 'az': -0.3, 'gx': 0.75, 'gy': -1.86, 'gz': -19.34}]",2026-02-13 10:16:21,0.0
"[{'t_us': 978657927, 'ax': -0.92, 'ay': -0.16, 'az': -0.28, 'gx': 5.65, 'gy': -0.03, 'gz': -20.72}, {'t_us': 978673301, 'ax': -0.91, 'ay': -0.14, 'az': -0.3, 'gx': 8.08, 'gy': -0.55, 'gz': -21.25}, {'t_us': 978693274, 'ax': -0.91, 'ay': -0.11, 'az': -0.3, 'gx': 12.24, 'gy': -1.45, 'gz': -21.3}, {'t_us': 978713274, 'ax': -0.88, 'ay': -0.11, 'az': -0.27, 'gx': 14.43, 'gy': -3.77, 'gz': -18.66}, {'t_us': 978733301, 'ax': -0.86, 'ay': -0.11, 'az': -0.24, 'gx': 14.14, 'gy': -7.08, 'gz': -15.01}]",2026-02-13 10:16:21,0.0
"[{'t_us': 978759397, 'ax': -0.81, 'ay': -0.1, 'az': -0.22, 'gx': 12.41, 'gy': -3.65, 'gz': -13.13}, {'t_us': 978773293, 'ax': -0.78, 'ay': -0.09, 'az': -0.23, 'gx': 11.31, 'gy': 0.26, 'gz': -12.73}, {'t_us': 978793270, 'ax': -0.77, 'ay': -0.06, 'az': -0.19, 'gx': 9.37, 'gy': 5.28, 'gz': -11.34}, {'t_us': 978813270, 'ax': -0.81, 'ay': -0.07, 'az': -0.16, 'gx': 6.02, 'gy': 9.59, 'gz': -9.77}, {'t_us': 978833306, 'ax': -0.89, 'ay': -0.09, 'az': -0.17, 'gx': 2.44, 'gy': 11.63, 'gz': -9.08}]",2026-02-13 10:16:21,0.0
"[{'t_us': 978859431, 'ax': -0.95, 'ay': -0.12, 'az': -0.19, 'gx': -1.04, 'gy': 6.82, 'gz': -7.83}, {'t_us': 978873307, 'ax': -0.96, 'ay': -0.11, 'az': -0.19, 'gx': -3.63, 'gy': 1.47, 'gz': -7.02}, {'t_us': 978893321, 'ax': -0.94, 'ay': -0.12, 'az': -0.18, 'gx': -7.53, 'gy': -5.13, 'gz': -6.93}, {'t_us': 978913326, 'ax': -0.91, 'ay': -0.13, 'az': -0.18, 'gx': -10.17, 'gy': -9.66, 'gz': -6.64}, {'t_us': 978933333, 'ax': -0.89, 'ay': -0.16, 'az': -0.15, 'gx': -9.89, 'gy': -11.69, 'gz': -5.44}]",2026-02-13 10:16:21,0.0
"[{'t_us': 978957630, 'ax': -0.91, 'ay': -0.2, 'az': -0.12, 'gx': -9.91, 'gy': -11.73, 'gz': -2.32}, {'t_us': 978973307, 'ax': -0.94, 'ay': -0.18, 'az': -0.08, 'gx': -10.49, 'gy': -12.52, 'gz': -1.34}, {'t_us': 978993311, 'ax': -0.96, 'ay': -0.17, 'az': -0.07, 'gx': -12.63, 'gy': -16.64, 'gz': -1.79}, {'t_us': 979013338, 'ax': -0.96, 'ay': -0.15, 'az': -0.09, 'gx': -13.63, 'gy': -25.11, 'gz': -2.66}, {'t_us': 979033274, 'ax': -0.92, 'ay': -0.15, 'az': -0.09, 'gx': -13.5, 'gy': -30.93, 'gz': -3.69}]",2026-02-13 10:16:22,0.0
"[{'t_us': 979059870, 'ax': -0.9, 'ay': -0.18, 'az': 0.0, 'gx': -13.8, 'gy': -24.15, 'gz': -5.39}, {'t_us': 979073362, 'ax': -0.94, 'ay': -0.21, 'az': 0.04, 'gx': -13.97, 'gy': -20.02, 'gz': -7.02}, {'t_us': 979093307, 'ax': -0.94, 'ay': -0.25, 'az': 0.09, 'gx': -16.53, 'gy': -18.56, 'gz': -5.47}, {'t_us': 979113306, 'ax': -0.9, 'ay': -0.24, 'az': 0.09, 'gx': -20.38, 'gy': -21.27, 'gz': -1.02}, {'t_us': 979133333, 'ax': -0.84, 'ay': -0.23, 'az': 0.08, 'gx': -22.84, 'gy': -23.36, 'gz': 4.73}]",2026-02-13 10:16:22,0.0
"[{'t_us': 979159426, 'ax': -0.77, 'ay': -0.24, 'az': -0.04, 'gx': -23.05, 'gy': -15.71, 'gz': 14.66}, {'t_us': 979173307, 'ax': -0.8, 'ay': -0.25, 'az': -0.19, 'gx': -19.88, 'gy': -2.44, 'gz': 18.21}, {'t_us': 979193326, 'ax': -1.03, 'ay': -0.25, 'az': -0.37, 'gx': -7.85, 'gy': 25.04, 'gz': 11.3}, {'t_us': 979213333, 'ax': -1.32, 'ay': -0.32, 'az': -0.35, 'gx': 8.14, 'gy': 32.24, 'gz': -7.71}, {'t_us': 979233293, 'ax': -1.26, 'ay': -0.2, 'az': -0.3, 'gx': 20.75, 'gy': 5.39, 'gz': -21.51}]",2026-02-13 10:16:22,0.0
"[{'t_us': 979259626, 'ax': -0.91, 'ay': 0.05, 'az': -0.34, 'gx': 23.88, 'gy': -5.66, 'gz': -14.84}, {'t_us': 979273279, 'ax': -0.87, 'ay': 0.09, 'az': -0.27, 'gx': 16.6, 'gy': -1.8, 'gz': -2.95}, {'t_us': 979293273, 'ax': -0.86, 'ay': 0.14, 'az': -0.16, 'gx': 7.74, 'gy': 1.24, 'gz': 8.72}, {'t_us': 979313326, 'ax': -0.96, 'ay': 0.13, 'az': -0.13, 'gx': 3.25, 'gy': 8.44, 'gz': 11.37}, {'t_us': 979333280, 'ax': -1.02, 'ay': 0.06, 'az': -0.15, 'gx': 0.84, 'gy': 12.21, 'gz': 8.49}]",2026-02-13 10:16:22,0.0
"[{'t_us': 979359888, 'ax': -1.06, 'ay': -0.05, 'az': -0.24, 'gx': 1.65, 'gy': 12.98, 'gz': 2.47}, {'t_us': 979373321, 'ax': -1.03, 'ay': -0.07, 'az': -0.27, 'gx': 3.94, 'gy': 11.4, 'gz': 1.85}, {'t_us': 979393327, 'ax': -0.98, 'ay': -0.06, 'az': -0.24, 'gx': 6.43, 'gy': 9.73, 'gz': 5.77}, {'t_us': 979413301, 'ax': -0.97, 'ay': -0.03, 'az': -0.2, 'gx': 5.57, 'gy': 7.39, 'gz': 10.47}, {'t_us': 979433311, 'ax': -0.95, 'ay': 0.01, 'az': -0.17, 'gx': 0.52, 'gy': 6.12, 'gz': 16.23}]",2026-02-13 10:16:22,0.0
"[{'t_us': 979458123, 'ax': -0.92, 'ay': 0.05, 'az': -0.17, 'gx': -5.8, 'gy': 6.26, 'gz': 20.64}, {'t_us': 979473293, 'ax': -0.93, 'ay': 0.04, 'az': -0.17, 'gx': -7.95, 'gy': 7.11, 'gz': 21.59}, {'t_us': 979493311, 'ax': -0.93, 'ay': 0.01, 'az': -0.15, 'gx': -8.09, 'gy': 6.81, 'gz': 20.14}, {'t_us': 979513333, 'ax': -0.92, 'ay': -0.02, 'az': -0.15, 'gx': -6.12, 'gy': 4.92, 'gz': 17.68}, {'t_us': 979533317, 'ax': -0.92, 'ay': -0.01, 'az': -0.18, 'gx': -2.49, 'gy': 3.6, 'gz': 15.15}]",2026-02-13 10:16:22,0.0
"[{'t_us': 979559426, 'ax': -0.92, 'ay': -0.01, 'az': -0.18, 'gx': 2.37, 'gy': 1.21, 'gz': 13.05}, {'t_us': 979573333, 'ax': -0.93, 'ay': -0.01, 'az': -0.17, 'gx': 4.78, 'gy': 0.24, 'gz': 12.0}, {'t_us': 979593301, 'ax': -0.96, 'ay': -0.01, 'az': -0.14, 'gx': 7.16, 'gy': -2.14, 'gz': 11.92}, {'t_us': 979613330, 'ax': -0.95, 'ay': -0.02, 'az': -0.12, 'gx': 9.39, 'gy': -7.79, 'gz': 8.84}, {'t_us': 979633301, 'ax': -0.92, 'ay': -0.02, 'az': -0.12, 'gx': 12.03, 'gy': -11.02, 'gz': 6.78}]",2026-02-13 10:16:22,0.0
"[{'t_us': 979659418, 'ax': -0.89, 'ay': -0.01, 'az': -0.09, 'gx': 14.56, 'gy': -8.47, 'gz': 4.2}, {'t_us': 979673332, 'ax': -0.91, 'ay': 0.01, 'az': -0.07, 'gx': 15.76, 'gy': -7.94, 'gz': 2.93}, {'t_us': 979693280, 'ax': -0.92, 'ay': 0.02, 'az': -0.06, 'gx': 17.69, 'gy': -9.76, 'gz': -0.84}, {'t_us': 979713301, 'ax': -0.91, 'ay': 0.02, 'az': -0.05, 'gx': 18.95, 'gy': -13.22, 'gz': -2.17}, {'t_us': 979733330, 'ax': -0.9, 'ay': 0.02, 'az': -0.04, 'gx': 18.37, 'gy': -15.5, 'gz': -3.25}]",2026-02-13 10:16:22,0.0
"[{'t_us': 979759376, 'ax': -0.87, 'ay': 0.01, 'az': -0.03, 'gx': 18.08, 'gy': -12.81, 'gz': -3.79}, {'t_us': 979773274, 'ax': -0.88, 'ay': 0.01, 'az': -0.01, 'gx': 17.77, 'gy': -10.66, 'gz': -4.4}, {'t_us': 979793317, 'ax': -0.89, 'ay': 0.02, 'az': 0.01, 'gx': 16.56, 'gy': -7.5, 'gz': -6.87}, {'t_us': 979813311, 'ax': -0.88, 'ay': 0.02, 'az': 0.02, 'gx': 14.6, 'gy': -4.75, 'gz': -8.31}, {'t_us': 979833292, 'ax': -0.9, 'ay': 0.03, 'az': 0.02, 'gx': 11.83, 'gy': -1.74, 'gz': -7.71}]",2026-02-13 10:16:22,0.0
"[{'t_us': 979859464, 'ax': -0.91, 'ay': 0.06, 'az': 0.04, 'gx': 5.97, 'gy': -1.59, 'gz': -6.41}, {'t_us': 979873280, 'ax': -0.93, 'ay': 0.06, 'az': 0.06, 'gx': 2.61, 'gy': -1.56, 'gz': -6.02}, {'t_us': 979893293, 'ax': -0.93, 'ay': 0.06, 'az': 0.1, 'gx': -1.5, 'gy': -3.19, 'gz': -6.23}, {'t_us': 979913298, 'ax': -0.9, 'ay': 0.03, 'az': 0.14, 'gx': -7.27, 'gy': -3.54, 'gz': -4.52}, {'t_us': 979933326, 'ax': -0.91, 'ay': -0.0, 'az': 0.11, 'gx': -10.92, 'gy': -0.63, 'gz': -4.41}]",2026-02-13 10:16:22,0.0
"[{'t_us': 979957892, 'ax': -0.92, 'ay': -0.04, 'az': 0.11, 'gx': -8.49, 'gy': 6.6, 'gz': -1.68}, {'t_us': 979973301, 'ax': -0.94, 'ay': -0.06, 'az': 0.1, 'gx': -7.24, 'gy': 6.81, 'gz': 0.49}, {'t_us': 979995733, 'ax': -0.95, 'ay': -0.1, 'az': 0.01, 'gx': -10.17, 'gy': 16.69, 'gz': 8.4}, {'t_us': 980013326, 'ax': -1.06, 'ay': -0.04, 'az': -0.09, 'gx': -14.9, 'gy': 32.93, 'gz': 14.85}, {'t_us': 980033293, 'ax': -1.14, 'ay': 0.09, 'az': -0.18, 'gx': -24.14, 'gy': 44.4, 'gz': 25.24}]",2026-02-13 10:16:23,0.0
"[{'t_us': 980059407, 'ax': -1.2, 'ay': 0.17, 'az': -0.22, 'gx': -23.13, 'gy': 24.21, 'gz': 28.99}, {'t_us': 980073280, 'ax': -1.12, 'ay': 0.09, 'az': -0.26, 'gx': -20.29, 'gy': 12.14, 'gz': 21.24}, {'t_us': 980093284, 'ax': -0.96, 'ay': -0.06, 'az': -0.32, 'gx': -9.51, 'gy': 11.63, 'gz': 6.67}, {'t_us': 980113311, 'ax': -0.88, 'ay': -0.17, 'az': -0.38, 'gx': 8.6, 'gy': 18.56, 'gz': -5.76}, {'t_us': 980133311, 'ax': -0.88, 'ay': -0.18, 'az': -0.39, 'gx': 19.77, 'gy': 31.65, 'gz': -9.94}]",2026-02-13 10:16:23,0.0
"[{'t_us': 980158159, 'ax': -1.1, 'ay': -0.07, 'az': -0.29, 'gx': 16.6, 'gy': 32.52, 'gz': -5.33}, {'t_us': 980173274, 'ax': -1.15, 'ay': -0.0, 'az': -0.26, 'gx': 9.59, 'gy': 18.84, 'gz': -3.42}, {'t_us': 980193292, 'ax': -1.16, 'ay': 0.08, 'az': -0.24, 'gx': 6.15, 'gy': 2.78, 'gz': -5.98}, {'t_us': 980213331, 'ax': -1.06, 'ay': 0.05, 'az': -0.24, 'gx': 10.29, 'gy': -3.65, 'gz': -13.3}, {'t_us': 980233338, 'ax': -0.93, 'ay': -0.04, 'az': -0.2, 'gx': 17.01, 'gy': -4.26, 'gz': -18.96}]",2026-02-13 10:16:23,0.0
"[{'t_us': 980259437, 'ax': -0.82, 'ay': -0.18, 'az': -0.17, 'gx': 24.02, 'gy': 2.29, 'gz': -20.6}, {'t_us': 980274062, 'ax': -0.84, 'ay': -0.2, 'az': -0.16, 'gx': 23.73, 'gy': 7.25, 'gz': -19.1}, {'t_us': 980293301, 'ax': -0.88, 'ay': -0.15, 'az': -0.16, 'gx': 21.05, 'gy': 11.54, 'gz': -17.48}, {'t_us': 980313330, 'ax': -0.93, 'ay': -0.09, 'az': -0.18, 'gx': 17.68, 'gy': 10.78, 'gz': -17.62}, {'t_us': 980333330, 'ax': -0.93, 'ay': -0.04, 'az': -0.17, 'gx': 15.71, 'gy': 5.18, 'gz': -17.76}]",2026-02-13 10:16:23,0.0
"[{'t_us': 980359384, 'ax': -0.9, 'ay': -0.03, 'az': -0.14, 'gx': 12.43, 'gy': -0.06, 'gz': -16.15}, {'t_us': 980373306, 'ax': -0.88, 'ay': -0.04, 'az': -0.14, 'gx': 11.19, 'gy': -1.62, 'gz': -14.5}, {'t_us': 980393311, 'ax': -0.9, 'ay': -0.06, 'az': -0.11, 'gx': 8.09, 'gy': -1.48, 'gz': -11.97}, {'t_us': 980413317, 'ax': -0.91, 'ay': -0.08, 'az': -0.1, 'gx': 3.54, 'gy': -0.41, 'gz': -10.72}, {'t_us': 980433334, 'ax': -0.95, 'ay': -0.11, 'az': -0.09, 'gx': -2.24, 'gy': -0.55, 'gz': -11.4}]",2026-02-13 10:16:23,0.0
"[{'t_us': 980457926, 'ax': -0.94, 'ay': -0.17, 'az': -0.12, 'gx': -4.11, 'gy': -1.89, 'gz': -12.9}, {'t_us': 980473330, 'ax': -0.95, 'ay': -0.18, 'az': -0.14, 'gx': -1.94, 'gy': -2.89, 'gz': -12.72}, {'t_us': 980493301, 'ax': -0.92, 'ay': -0.19, 'az': -0.12, 'gx': 0.58, 'gy': -1.04, 'gz': -10.95}, {'t_us': 980513311, 'ax': -0.91, 'ay': -0.17, 'az': -0.09, 'gx': 1.56, 'gy': -1.16, 'gz': -7.57}, {'t_us': 980533317, 'ax': -0.93, 'ay': -0.14, 'az': -0.05, 'gx': 0.18, 'gy': -3.71, 'gz': -4.84}]",2026-02-13 10:16:23,0.0
"[{'t_us': 980559618, 'ax': -0.93, 'ay': -0.12, 'az': -0.03, 'gx': -3.54, 'gy': -5.13, 'gz': -2.6}, {'t_us': 980573301, 'ax': -0.93, 'ay': -0.11, 'az': -0.03, 'gx': -5.53, 'gy': -5.86, 'gz': -1.88}, {'t_us': 980593270, 'ax': -0.94, 'ay': -0.14, 'az': -0.02, 'gx': -7.56, 'gy': -6.34, 'gz': -1.85}, {'t_us': 980613270, 'ax': -0.95, 'ay': -0.17, 'az': -0.03, 'gx': -8.79, 'gy': -6.99, 'gz': -2.92}, {'t_us': 980633321, 'ax': -0.94, 'ay': -0.19, 'az': -0.04, 'gx': -9.79, 'gy': -8.03, 'gz': -4.35}]",2026-02-13 10:16:23,0.0
"[{'t_us': 980657836, 'ax': -0.9, 'ay': -0.18, 'az': -0.05, 'gx': -10.11, 'gy': -8.32, 'gz': -3.65}, {'t_us': 980673280, 'ax': -0.88, 'ay': -0.17, 'az': -0.02, 'gx': -10.63, 'gy': -8.98, 'gz': -2.08}, {'t_us': 980693301, 'ax': -0.87, 'ay': -0.16, 'az': 0.01, 'gx': -12.47, 'gy': -8.6, 'gz': 1.02}, {'t_us': 980713284, 'ax': -0.85, 'ay': -0.17, 'az': 0.02, 'gx': -14.99, 'gy': -7.71, 'gz': 3.4}, {'t_us': 980733333, 'ax': -0.86, 'ay': -0.18, 'az': 0.01, 'gx': -17.02, 'gy': -6.05, 'gz': 4.75}]",2026-02-13 10:16:23,0.0
"[{'t_us': 980759600, 'ax': -0.87, 'ay': -0.24, 'az': -0.01, 'gx': -17.27, 'gy': -1.79, 'gz': 3.71}, {'t_us': 980773307, 'ax': -0.89, 'ay': -0.25, 'az': -0.04, 'gx': -15.94, 'gy': 0.99, 'gz': 2.79}, {'t_us': 980793342, 'ax': -0.95, 'ay': -0.25, 'az': -0.14, 'gx': -12.03, 'gy': 6.87, 'gz': 0.95}, {'t_us': 980813306, 'ax': -1.05, 'ay': -0.25, 'az': -0.22, 'gx': -5.4, 'gy': 26.89, 'gz': -5.1}, {'t_us': 980833343, 'ax': -1.16, 'ay': -0.28, 'az': -0.25, 'gx': 2.32, 'gy': 30.11, 'gz': -13.01}]",2026-02-13 10:16:23,0.0
"[{'t_us': 980859432, 'ax': -1.09, 'ay': -0.19, 'az': -0.22, 'gx': 11.27, 'gy': 14.32, 'gz': -16.72}, {'t_us': 980873317, 'ax': -1.06, 'ay': -0.11, 'az': -0.2, 'gx': 10.12, 'gy': 9.31, 'gz': -14.92}, {'t_us': 980893285, 'ax': -0.99, 'ay': -0.01, 'az': -0.19, 'gx': -0.99, 'gy': 7.6, 'gz': -9.24}, {'t_us': 980913293, 'ax': -0.9, 'ay': 0.04, 'az': -0.19, 'gx': -13.02, 'gy': 9.79, 'gz': -0.34}, {'t_us': 980933280, 'ax': -0.87, 'ay': 0.05, 'az': -0.2, 'gx': -18.82, 'gy': 13.42, 'gz': 6.56}]",2026-02-13 10:16:23,0.0
"[{'t_us': 980959471, 'ax': -0.97, 'ay': -0.03, 'az': -0.23, 'gx': -19.45, 'gy': 9.24, 'gz': 12.26}, {'t_us': 980973280, 'ax': -1.02, 'ay': -0.08, 'az': -0.21, 'gx': -17.82, 'gy': 7.07, 'gz': 11.47}, {'t_us': 980993293, 'ax': -1.05, 'ay': -0.13, 'az': -0.23, 'gx': -11.39, 'gy': 3.51, 'gz': 8.21}, {'t_us': 981013306, 'ax': -1.05, 'ay': -0.11, 'az': -0.21, 'gx': -3.94, 'gy': 0.06, 'gz': 4.47}, {'t_us': 981033316, 'ax': -1.04, 'ay': -0.07, 'az': -0.16, 'gx': -0.81, 'gy': -5.5, 'gz': 4.5}]",2026-02-13 10:16:24,0.0
"[{'t_us': 981059623, 'ax': -0.96, 'ay': -0.02, 'az': -0.13, 'gx': -4.85, 'gy': -9.82, 'gz': 8.31}, {'t_us': 981073321, 'ax': -0.93, 'ay': 0.0, 'az': -0.11, 'gx': -9.36, 'gy': -10.53, 'gz': 12.75}, {'t_us': 981093317, 'ax': -0.91, 'ay': 0.03, 'az': -0.1, 'gx': -14.61, 'gy': -10.41, 'gz': 18.05}, {'t_us': 981113321, 'ax': -0.9, 'ay': 0.04, 'az': -0.09, 'gx': -19.34, 'gy': -10.29, 'gz': 18.85}, {'t_us': 981133274, 'ax': -0.88, 'ay': 0.02, 'az': -0.11, 'gx': -22.46, 'gy': -6.09, 'gz': 18.15}]",2026-02-13 10:16:24,0.0
"[{'t_us': 981159740, 'ax': -0.91, 'ay': -0.04, 'az': -0.16, 'gx': -22.2, 'gy': -1.48, 'gz': 17.66}, {'t_us': 981173338, 'ax': -0.91, 'ay': -0.06, 'az': -0.14, 'gx': -21.11, 'gy': -2.72, 'gz': 16.5}, {'t_us': 981193330, 'ax': -0.93, 'ay': -0.07, 'az': -0.11, 'gx': -17.62, 'gy': -4.85, 'gz': 15.44}, {'t_us': 981213317, 'ax': -0.94, 'ay': -0.04, 'az': -0.09, 'gx': -14.89, 'gy': -6.35, 'gz': 14.53}, {'t_us': 981233338, 'ax': -0.91, 'ay': -0.0, 'az': -0.08, 'gx': -13.47, 'gy': -7.6, 'gz': 13.66}]",2026-02-13 10:16:24,0.0
"[{'t_us': 981260160, 'ax': -0.9, 'ay': 0.02, 'az': -0.05, 'gx': -12.63, 'gy': -9.77, 'gz': 14.12}, {'t_us': 981273301, 'ax': -0.91, 'ay': 0.01, 'az': -0.04, 'gx': -13.04, 'gy': -10.31, 'gz': 14.03}, {'t_us': 981293330, 'ax': -0.91, 'ay': 0.01, 'az': -0.04, 'gx': -13.16, 'gy': -9.13, 'gz': 12.31}, {'t_us': 981313333, 'ax': -0.91, 'ay': 0.01, 'az': -0.02, 'gx': -13.13, 'gy': -7.45, 'gz': 10.7}, {'t_us': 981333293, 'ax': -0.92, 'ay': 0.01, 'az': -0.0, 'gx': -13.82, 'gy': -7.39, 'gz': 9.47}]",2026-02-13 10:16:24,0.0
"[{'t_us': 981359627, 'ax': -0.92, 'ay': 0.0, 'az': 0.01, 'gx': -13.45, 'gy': -8.52, 'gz': 7.39}, {'t_us': 981373293, 'ax': -0.92, 'ay': -0.0, 'az': 0.01, 'gx': -11.63, 'gy': -7.82, 'gz': 4.78}, {'t_us': 981393274, 'ax': -0.91, 'ay': -0.03, 'az': 0.01, 'gx': -6.06, 'gy': -6.6, 'gz': 2.03}, {'t_us': 981413274, 'ax': -0.9, 'ay': -0.05, 'az': 0.01, 'gx': -0.09, 'gy': -4.64, 'gz': -0.52}, {'t_us': 981433289, 'ax': -0.88, 'ay': -0.04, 'az': 0.0, 'gx': 4.98, 'gy': -2.2, 'gz': -3.11}]",2026-02-13 10:16:24,0.0
"[{'t_us': 981458019, 'ax': -0.86, 'ay': -0.02, 'az': 0.02, 'gx': 9.65, 'gy': 2.06, 'gz': -4.61}, {'t_us': 981473311, 'ax': -0.86, 'ay': -0.01, 'az': 0.04, 'gx': 11.77, 'gy': 3.59, 'gz': -4.26}, {'t_us': 981493317, 'ax': -0.88, 'ay': -0.0, 'az': 0.05, 'gx': 13.39, 'gy': 4.79, 'gz': -5.22}, {'t_us': 981513338, 'ax': -0.88, 'ay': -0.0, 'az': 0.06, 'gx': 14.08, 'gy': 7.65, 'gz': -6.14}, {'t_us': 981533292, 'ax': -0.89, 'ay': -0.01, 'az': 0.08, 'gx': 14.72, 'gy': 9.53, 'gz': -5.37}]",2026-02-13 10:16:24,0.0
"[{'t_us': 981558357, 'ax': -0.9, 'ay': 0.03, 'az': 0.12, 'gx': 12.56, 'gy': 11.95, 'gz': -4.05}, {'t_us': 981573293, 'ax': -0.91, 'ay': 0.06, 'az': 0.14, 'gx': 9.6, 'gy': 11.94, 'gz': -2.69}, {'t_us': 981593293, 'ax': -0.92, 'ay': 0.13, 'az': 0.16, 'gx': 3.4, 'gy': 10.14, 'gz': -1.88}, {'t_us': 981613306, 'ax': -0.97, 'ay': 0.19, 'az': 0.13, 'gx': -4.37, 'gy': 7.77, 'gz': -1.19}, {'t_us': 981633333, 'ax': -1.02, 'ay': 0.18, 'az': 0.1, 'gx': -12.29, 'gy': 13.73, 'gz': 2.67}]",2026-02-13 10:16:24,0.0
"[{'t_us': 981659828, 'ax': -1.15, 'ay': 0.07, 'az': 0.07, 'gx': -20.26, 'gy': 22.49, 'gz': 11.33}, {'t_us': 981673291, 'ax': -1.15, 'ay': 0.02, 'az': 0.03, 'gx': -24.17, 'gy': 19.77, 'gz': 14.78}, {'t_us': 981693306, 'ax': -1.12, 'ay': -0.07, 'az': -0.07, 'gx': -24.85, 'gy': 19.1, 'gz': 18.24}, {'t_us': 981713301, 'ax': -1.04, 'ay': -0.12, 'az': -0.18, 'gx': -22.15, 'gy': 18.05, 'gz': 16.93}, {'t_us': 981733330, 'ax': -0.98, 'ay': -0.15, 'az': -0.34, 'gx': -8.06, 'gy': 22.87, 'gz': 14.98}]",2026-02-13 10:16:24,
