samples,timestamp,label
"[{'t_us': 1078355057, 'ax': -0.94, 'ay': 0.04, 'az': 0.12, 'gx': -3.27, 'gy': 2.66, 'gz': -0.05}, {'t_us': 1078356924, 'ax': -0.94, 'ay': 0.04, 'az': 0.11, 'gx': -3.27, 'gy': 2.66, 'gz': -0.05}, {'t_us': 1078358774, 'ax': -0.94, 'ay': 0.04, 'az': 0.11, 'gx': -3.4, 'gy': 2.52, 'gz': -0.35}, {'t_us': 1078387881, 'ax': -0.94, 'ay': 0.03, 'az': 0.11, 'gx': -3.27, 'gy': 2.73, 'gz': -0.24}, {'t_us': 1078390158, 'ax': -0.94, 'ay': 0.03, 'az': 0.11, 'gx': -3.36, 'gy': 2.58, 'gz': -0.17}]",2026-02-13 11:33:05,0.0
"[{'t_us': 1078460319, 'ax': -0.94, 'ay': 0.05, 'az': 0.12, 'gx': -2.95, 'gy': 3.1, 'gz': -0.14}, {'t_us': 1078462442, 'ax': -0.94, 'ay': 0.05, 'az': 0.12, 'gx': -3.01, 'gy': 2.92, 'gz': -0.24}, {'t_us': 1078464378, 'ax': -0.94, 'ay': 0.04, 'az': 0.11, 'gx': -2.79, 'gy': 2.73, 'gz': -0.4}, {'t_us': 1078466314, 'ax': -0.94, 'ay': 0.04, 'az': 0.11, 'gx': -2.79, 'gy': 2.73, 'gz': -0.4}, {'t_us': 1078468251, 'ax': -0.94, 'ay': 0.05, 'az': 0.11, 'gx': -3.08, 'gy': 2.5, 'gz': -0.18}]",2026-02-13 11:33:05,0.0
"[{'t_us': 1078561111, 'ax': -0.93, 'ay': 0.04, 'az': 0.12, 'gx': -2.76, 'gy': 2.9, 'gz': -0.35}, {'t_us': 1078563194, 'ax': -0.94, 'ay': 0.04, 'az': 0.12, 'gx': -3.08, 'gy': 2.95, 'gz': -0.5}, {'t_us': 1078565131, 'ax': -0.93, 'ay': 0.04, 'az': 0.12, 'gx': -3.18, 'gy': 3.16, 'gz': -0.43}, {'t_us': 1078567068, 'ax': -0.93, 'ay': 0.04, 'az': 0.12, 'gx': -2.98, 'gy': 2.96, 'gz': -0.21}, {'t_us': 1078569015, 'ax': -0.94, 'ay': 0.04, 'az': 0.12, 'gx': -2.98, 'gy': 2.96, 'gz': -0.21}]",2026-02-13 11:33:05,0.0
"[{'t_us': 1078659152, 'ax': -0.93, 'ay': 0.04, 'az': 0.12, 'gx': -2.96, 'gy': 2.85, 'gz': -0.15}, {'t_us': 1078661257, 'ax': -0.94, 'ay': 0.04, 'az': 0.11, 'gx': -2.96, 'gy': 2.85, 'gz': -0.15}, {'t_us': 1078663193, 'ax': -0.93, 'ay': 0.04, 'az': 0.12, 'gx': -2.85, 'gy': 2.76, 'gz': -0.27}, {'t_us': 1078665131, 'ax': -0.93, 'ay': 0.04, 'az': 0.11, 'gx': -3.11, 'gy': 2.58, 'gz': -0.06}, {'t_us': 1078667068, 'ax': -0.93, 'ay': 0.04, 'az': 0.11, 'gx': -3.15, 'gy': 2.82, 'gz': -0.17}]",2026-02-13 11:33:05,0.0
"[{'t_us': 1078760157, 'ax': -0.94, 'ay': 0.04, 'az': 0.11, 'gx': -2.89, 'gy': 2.82, 'gz': -0.41}, {'t_us': 1078762276, 'ax': -0.94, 'ay': 0.04, 'az': 0.11, 'gx': -2.95, 'gy': 2.87, 'gz': -0.17}, {'t_us': 1078764226, 'ax': -0.94, 'ay': 0.04, 'az': 0.11, 'gx': -2.99, 'gy': 2.69, 'gz': -0.46}, {'t_us': 1078766162, 'ax': -0.93, 'ay': 0.04, 'az': 0.12, 'gx': -2.99, 'gy': 2.69, 'gz': -0.46}, {'t_us': 1078768102, 'ax': -0.93, 'ay': 0.04, 'az': 0.12, 'gx': -2.96, 'gy': 3.02, 'gz': -0.35}]",2026-02-13 11:33:06,0.0
"[{'t_us': 1078859431, 'ax': -0.94, 'ay': 0.04, 'az': 0.12, 'gx': -3.31, 'gy': 2.56, 'gz': -0.27}, {'t_us': 1078873330, 'ax': -0.94, 'ay': 0.05, 'az': 0.11, 'gx': -3.39, 'gy': 2.66, 'gz': -0.2}, {'t_us': 1078893283, 'ax': -0.93, 'ay': 0.04, 'az': 0.11, 'gx': -3.45, 'gy': 2.66, 'gz': -0.31}, {'t_us': 1078913315, 'ax': -0.93, 'ay': 0.04, 'az': 0.12, 'gx': -3.85, 'gy': 3.21, 'gz': -0.05}, {'t_us': 1078933330, 'ax': -0.93, 'ay': 0.04, 'az': 0.12, 'gx': -3.6, 'gy': 3.66, 'gz': 0.05}]",2026-02-13 11:33:06,0.0
"[{'t_us': 1078958094, 'ax': -0.94, 'ay': 0.04, 'az': 0.13, 'gx': -3.6, 'gy': 3.11, 'gz': -0.23}, {'t_us': 1078973289, 'ax': -0.93, 'ay': 0.04, 'az': 0.12, 'gx': -3.79, 'gy': 3.19, 'gz': -0.26}, {'t_us': 1078993296, 'ax': -0.94, 'ay': 0.04, 'az': 0.12, 'gx': -3.59, 'gy': 3.8, 'gz': -0.17}, {'t_us': 1079013325, 'ax': -0.93, 'ay': 0.05, 'az': 0.12, 'gx': -3.82, 'gy': 3.57, 'gz': -0.15}, {'t_us': 1079033325, 'ax': -0.93, 'ay': 0.04, 'az': 0.12, 'gx': -4.02, 'gy': 3.31, 'gz': -0.11}]",2026-02-13 11:33:06,0.0
"[{'t_us': 1079059838, 'ax': -0.92, 'ay': 0.04, 'az': 0.12, 'gx': -4.12, 'gy': 3.56, 'gz': 0.18}, {'t_us': 1079073325, 'ax': -0.93, 'ay': 0.03, 'az': 0.12, 'gx': -4.14, 'gy': 4.46, 'gz': 0.12}, {'t_us': 1079093307, 'ax': -0.94, 'ay': 0.04, 'az': 0.12, 'gx': -3.92, 'gy': 4.96, 'gz': -0.21}, {'t_us': 1079113296, 'ax': -0.93, 'ay': 0.04, 'az': 0.12, 'gx': -4.11, 'gy': 4.5, 'gz': -0.09}, {'t_us': 1079133333, 'ax': -0.94, 'ay': 0.04, 'az': 0.11, 'gx': -4.03, 'gy': 5.21, 'gz': 0.18}]",2026-02-13 11:33:06,0.0
"[{'t_us': 1079157713, 'ax': -0.93, 'ay': 0.04, 'az': 0.12, 'gx': -3.83, 'gy': 5.66, 'gz': -0.12}, {'t_us': 1079173274, 'ax': -0.94, 'ay': 0.04, 'az': 0.12, 'gx': -3.95, 'gy': 4.82, 'gz': -0.17}, {'t_us': 1079193300, 'ax': -0.93, 'ay': 0.04, 'az': 0.11, 'gx': -3.77, 'gy': 4.96, 'gz': -0.09}, {'t_us': 1079213271, 'ax': -0.92, 'ay': 0.04, 'az': 0.12, 'gx': -3.33, 'gy': 5.53, 'gz': -0.2}, {'t_us': 1079233333, 'ax': -0.94, 'ay': 0.03, 'az': 0.11, 'gx': -3.51, 'gy': 5.95, 'gz': -0.5}]",2026-02-13 11:33:06,0.0
"[{'t_us': 1079259845, 'ax': -0.94, 'ay': 0.04, 'az': 0.12, 'gx': -3.74, 'gy': 4.61, 'gz': -0.38}, {'t_us': 1079273315, 'ax': -0.94, 'ay': 0.04, 'az': 0.12, 'gx': -3.62, 'gy': 4.43, 'gz': -0.2}, {'t_us': 1079293266, 'ax': -0.93, 'ay': 0.04, 'az': 0.11, 'gx': -3.5, 'gy': 4.26, 'gz': -0.12}, {'t_us': 1079313296, 'ax': -0.93, 'ay': 0.04, 'az': 0.11, 'gx': -3.74, 'gy': 4.46, 'gz': -0.05}, {'t_us': 1079333271, 'ax': -0.93, 'ay': 0.04, 'az': 0.12, 'gx': -3.31, 'gy': 3.85, 'gz': 0.05}]",2026-02-13 11:33:06,0.0
"[{'t_us': 1079357797, 'ax': -0.92, 'ay': 0.03, 'az': 0.11, 'gx': -3.33, 'gy': 4.2, 'gz': -0.21}, {'t_us': 1079373321, 'ax': -0.93, 'ay': 0.04, 'az': 0.12, 'gx': -3.44, 'gy': 4.73, 'gz': -0.09}, {'t_us': 1079393283, 'ax': -0.93, 'ay': 0.04, 'az': 0.1, 'gx': -3.48, 'gy': 4.66, 'gz': -0.15}, {'t_us': 1079413330, 'ax': -0.94, 'ay': 0.04, 'az': 0.11, 'gx': -3.66, 'gy': 4.41, 'gz': -0.12}, {'t_us': 1079433297, 'ax': -0.94, 'ay': 0.03, 'az': 0.11, 'gx': -3.44, 'gy': 4.08, 'gz': -0.2}]",2026-02-13 11:33:06,0.0
"[{'t_us': 1079459882, 'ax': -0.93, 'ay': 0.04, 'az': 0.11, 'gx': -3.59, 'gy': 4.2, 'gz': 0.17}, {'t_us': 1079473321, 'ax': -0.94, 'ay': 0.04, 'az': 0.11, 'gx': -3.51, 'gy': 4.26, 'gz': -0.06}, {'t_us': 1079493325, 'ax': -0.93, 'ay': 0.05, 'az': 0.12, 'gx': -3.66, 'gy': 4.08, 'gz': -0.03}, {'t_us': 1079513330, 'ax': -0.94, 'ay': 0.04, 'az': 0.11, 'gx': -3.4, 'gy': 4.24, 'gz': 0.02}, {'t_us': 1079533283, 'ax': -0.94, 'ay': 0.04, 'az': 0.11, 'gx': -3.51, 'gy': 3.62, 'gz': -0.15}]",2026-02-13 11:33:07,0.0
"[{'t_us': 1079559423, 'ax': -0.93, 'ay': 0.04, 'az': 0.1, 'gx': -3.11, 'gy': 3.27, 'gz': -0.02}, {'t_us': 1079573315, 'ax': -0.94, 'ay': 0.03, 'az': 0.11, 'gx': -3.19, 'gy': 3.25, 'gz': -0.12}, {'t_us': 1079593271, 'ax': -0.94, 'ay': 0.04, 'az': 0.1, 'gx': -2.9, 'gy': 3.57, 'gz': -0.43}, {'t_us': 1079613317, 'ax': -0.93, 'ay': 0.04, 'az': 0.11, 'gx': -2.79, 'gy': 3.85, 'gz': -0.21}, {'t_us': 1079633283, 'ax': -0.94, 'ay': 0.04, 'az': 0.1, 'gx': -2.76, 'gy': 4.02, 'gz': -0.29}]",2026-02-13 11:33:07,0.0
"[{'t_us': 1079657890, 'ax': -0.94, 'ay': 0.05, 'az': 0.11, 'gx': -2.6, 'gy': 2.98, 'gz': -0.18}, {'t_us': 1079673315, 'ax': -0.93, 'ay': 0.04, 'az': 0.11, 'gx': -2.85, 'gy': 2.78, 'gz': 0.06}, {'t_us': 1079693271, 'ax': -0.93, 'ay': 0.05, 'az': 0.1, 'gx': -2.69, 'gy': 2.89, 'gz': -0.09}, {'t_us': 1079713315, 'ax': -0.93, 'ay': 0.04, 'az': 0.11, 'gx': -2.4, 'gy': 3.16, 'gz': 0.12}, {'t_us': 1079733310, 'ax': -0.93, 'ay': 0.05, 'az': 0.12, 'gx': -2.06, 'gy': 2.99, 'gz': 0.38}]",2026-02-13 11:33:07,0.0
"[{'t_us': 1079759703, 'ax': -0.93, 'ay': 0.05, 'az': 0.12, 'gx': -1.71, 'gy': 4.37, 'gz': 0.67}, {'t_us': 1079773283, 'ax': -0.93, 'ay': 0.06, 'az': 0.11, 'gx': -1.25, 'gy': 4.58, 'gz': 0.38}, {'t_us': 1079793315, 'ax': -0.94, 'ay': 0.06, 'az': 0.11, 'gx': -1.1, 'gy': 3.83, 'gz': 0.93}, {'t_us': 1079813271, 'ax': -0.92, 'ay': 0.06, 'az': 0.11, 'gx': -2.03, 'gy': 3.34, 'gz': 0.92}, {'t_us': 1079833315, 'ax': -0.93, 'ay': 0.06, 'az': 0.1, 'gx': -2.49, 'gy': 3.22, 'gz': 0.96}]",2026-02-13 11:33:07,0.0
"[{'t_us': 1079857990, 'ax': -0.95, 'ay': 0.06, 'az': 0.11, 'gx': -1.83, 'gy': 3.13, 'gz': 0.23}, {'t_us': 1079873274, 'ax': -0.96, 'ay': 0.06, 'az': 0.11, 'gx': -1.95, 'gy': 2.09, 'gz': -0.32}, {'t_us': 1079893271, 'ax': -0.94, 'ay': 0.07, 'az': 0.11, 'gx': -2.24, 'gy': 1.27, 'gz': -1.22}, {'t_us': 1079913271, 'ax': -0.93, 'ay': 0.06, 'az': 0.11, 'gx': -2.56, 'gy': 1.8, 'gz': -0.76}, {'t_us': 1079933304, 'ax': -0.91, 'ay': 0.07, 'az': 0.12, 'gx': -2.81, 'gy': 2.98, 'gz': -0.14}]",2026-02-13 11:33:07,0.0
"[{'t_us': 1079959898, 'ax': -0.91, 'ay': 0.07, 'az': 0.11, 'gx': -2.09, 'gy': 4.67, 'gz': -0.02}, {'t_us': 1079973296, 'ax': -0.92, 'ay': 0.07, 'az': 0.1, 'gx': -2.21, 'gy': 5.66, 'gz': -0.11}, {'t_us': 1079993310, 'ax': -0.93, 'ay': 0.06, 'az': 0.11, 'gx': -2.34, 'gy': 6.79, 'gz': -1.18}, {'t_us': 1080013297, 'ax': -0.96, 'ay': 0.06, 'az': 0.11, 'gx': -2.34, 'gy': 6.6, 'gz': -2.11}, {'t_us': 1080033310, 'ax': -0.95, 'ay': 0.06, 'az': 0.12, 'gx': -2.49, 'gy': 4.11, 'gz': -2.53}]",2026-02-13 11:33:07,0.0
"[{'t_us': 1080058715, 'ax': -0.93, 'ay': 0.05, 'az': 0.11, 'gx': -2.18, 'gy': 1.82, 'gz': -2.06}, {'t_us': 1080073274, 'ax': -0.93, 'ay': 0.05, 'az': 0.11, 'gx': -2.26, 'gy': 1.54, 'gz': -1.63}, {'t_us': 1080093274, 'ax': -0.92, 'ay': 0.06, 'az': 0.11, 'gx': -1.31, 'gy': 2.72, 'gz': -1.73}, {'t_us': 1080113266, 'ax': -0.92, 'ay': 0.06, 'az': 0.1, 'gx': -0.47, 'gy': 3.57, 'gz': -1.62}, {'t_us': 1080133274, 'ax': -0.93, 'ay': 0.06, 'az': 0.1, 'gx': -0.26, 'gy': 3.11, 'gz': -0.98}]",2026-02-13 11:33:07,0.0
"[{'t_us': 1080157657, 'ax': -0.93, 'ay': 0.05, 'az': 0.1, 'gx': 0.6, 'gy': 2.89, 'gz': -0.56}, {'t_us': 1080173310, 'ax': -0.93, 'ay': 0.06, 'az': 0.11, 'gx': 0.7, 'gy': 2.89, 'gz': -0.47}, {'t_us': 1080193315, 'ax': -0.93, 'ay': 0.07, 'az': 0.11, 'gx': 0.82, 'gy': 2.24, 'gz': -0.56}, {'t_us': 1080213289, 'ax': -0.93, 'ay': 0.06, 'az': 0.09, 'gx': 1.77, 'gy': 1.5, 'gz': -1.1}, {'t_us': 1080233266, 'ax': -0.94, 'ay': 0.06, 'az': 0.09, 'gx': 2.09, 'gy': 0.0, 'gz': -1.83}]",2026-02-13 11:33:07,0.0
"[{'t_us': 1080259879, 'ax': -0.94, 'ay': 0.05, 'az': 0.1, 'gx': 2.0, 'gy': -1.54, 'gz': -3.83}, {'t_us': 1080273294, 'ax': -0.93, 'ay': 0.04, 'az': 0.09, 'gx': 1.48, 'gy': -1.48, 'gz': -4.43}, {'t_us': 1080293330, 'ax': -0.94, 'ay': 0.04, 'az': 0.1, 'gx': 2.02, 'gy': -0.31, 'gz': -4.75}, {'t_us': 1080313334, 'ax': -0.94, 'ay': 0.04, 'az': 0.07, 'gx': 3.16, 'gy': -0.32, 'gz': -4.87}, {'t_us': 1080333315, 'ax': -0.92, 'ay': 0.03, 'az': 0.09, 'gx': 4.92, 'gy': -0.18, 'gz': -4.53}]",2026-02-13 11:33:07,0.0
"[{'t_us': 1080359456, 'ax': -0.93, 'ay': 0.04, 'az': 0.08, 'gx': 5.91, 'gy': 0.26, 'gz': -4.55}, {'t_us': 1080373321, 'ax': -0.93, 'ay': 0.03, 'az': 0.09, 'gx': 6.55, 'gy': 0.64, 'gz': -5.62}, {'t_us': 1080393304, 'ax': -0.94, 'ay': 0.04, 'az': 0.1, 'gx': 7.28, 'gy': 1.66, 'gz': -8.03}, {'t_us': 1080413315, 'ax': -0.94, 'ay': 0.05, 'az': 0.11, 'gx': 7.24, 'gy': 1.07, 'gz': -10.18}, {'t_us': 1080433325, 'ax': -0.95, 'ay': 0.01, 'az': 0.14, 'gx': 6.0, 'gy': -0.75, 'gz': -10.95}]",2026-02-13 11:33:07,0.0
"[{'t_us': 1080459925, 'ax': -0.95, 'ay': -0.06, 'az': 0.13, 'gx': 4.38, 'gy': 1.45, 'gz': -10.34}, {'t_us': 1080473321, 'ax': -0.97, 'ay': -0.05, 'az': 0.13, 'gx': 4.89, 'gy': 3.18, 'gz': -9.69}, {'t_us': 1080493325, 'ax': -0.98, 'ay': -0.05, 'az': 0.14, 'gx': 6.58, 'gy': 5.02, 'gz': -10.11}, {'t_us': 1080513278, 'ax': -0.93, 'ay': -0.03, 'az': 0.14, 'gx': 7.6, 'gy': 7.21, 'gz': -10.38}, {'t_us': 1080533315, 'ax': -0.92, 'ay': -0.02, 'az': 0.14, 'gx': 6.89, 'gy': 9.05, 'gz': -10.78}]",2026-02-13 11:33:07,0.0
"[{'t_us': 1080559623, 'ax': -0.88, 'ay': -0.02, 'az': 0.15, 'gx': 5.08, 'gy': 13.05, 'gz': -8.82}, {'t_us': 1080573347, 'ax': -0.91, 'ay': -0.02, 'az': 0.14, 'gx': 4.2, 'gy': 13.95, 'gz': -7.27}, {'t_us': 1080593304, 'ax': -0.93, 'ay': -0.03, 'az': 0.15, 'gx': 2.63, 'gy': 12.53, 'gz': -5.01}, {'t_us': 1080613315, 'ax': -0.93, 'ay': -0.03, 'az': 0.14, 'gx': 0.58, 'gy': 10.5, 'gz': -3.44}, {'t_us': 1080633271, 'ax': -0.96, 'ay': -0.04, 'az': 0.15, 'gx': -1.1, 'gy': 7.69, 'gz': -3.85}]",2026-02-13 11:33:07,0.0
"[{'t_us': 1080658156, 'ax': -0.94, 'ay': -0.05, 'az': 0.14, 'gx': -1.91, 'gy': 5.54, 'gz': -4.61}, {'t_us': 1080673330, 'ax': -0.92, 'ay': -0.06, 'az': 0.12, 'gx': -2.21, 'gy': 5.91, 'gz': -4.69}, {'t_us': 1080693333, 'ax': -0.91, 'ay': -0.08, 'az': 0.11, 'gx': -2.49, 'gy': 7.91, 'gz': -4.41}, {'t_us': 1080713283, 'ax': -0.92, 'ay': -0.07, 'az': 0.12, 'gx': -3.6, 'gy': 9.88, 'gz': -3.37}, {'t_us': 1080733274, 'ax': -0.92, 'ay': -0.06, 'az': 0.12, 'gx': -4.79, 'gy': 10.34, 'gz': -2.29}]",2026-02-13 11:33:07,0.0
"[{'t_us': 1080759551, 'ax': -0.94, 'ay': -0.03, 'az': 0.11, 'gx': -5.97, 'gy': 11.02, 'gz': -1.95}, {'t_us': 1080773273, 'ax': -0.94, 'ay': -0.03, 'az': 0.1, 'gx': -6.0, 'gy': 10.6, 'gz': -2.05}, {'t_us': 1080793333, 'ax': -0.94, 'ay': -0.05, 'az': 0.09, 'gx': -6.24, 'gy': 10.15, 'gz': -2.11}, {'t_us': 1080813266, 'ax': -0.93, 'ay': -0.06, 'az': 0.1, 'gx': -6.43, 'gy': 10.31, 'gz': -2.35}, {'t_us': 1080833265, 'ax': -0.92, 'ay': -0.06, 'az': 0.11, 'gx': -7.24, 'gy': 9.19, 'gz': -1.36}]",2026-02-13 11:33:08,0.0
"[{'t_us': 1080860102, 'ax': -0.92, 'ay': -0.04, 'az': 0.15, 'gx': -10.17, 'gy': 7.54, 'gz': 0.75}, {'t_us': 1080873459, 'ax': -0.92, 'ay': -0.03, 'az': 0.16, 'gx': -11.91, 'gy': 6.72, 'gz': 1.57}, {'t_us': 1080893296, 'ax': -0.91, 'ay': -0.01, 'az': 0.16, 'gx': -14.56, 'gy': 4.58, 'gz': 3.68}, {'t_us': 1080913325, 'ax': -0.91, 'ay': -0.0, 'az': 0.17, 'gx': -16.78, 'gy': 2.85, 'gz': 6.26}, {'t_us': 1080933289, 'ax': -0.89, 'ay': -0.01, 'az': 0.19, 'gx': -20.08, 'gy': 1.37, 'gz': 9.3}]",2026-02-13 11:33:08,0.0
"[{'t_us': 1080959618, 'ax': -0.9, 'ay': -0.01, 'az': 0.22, 'gx': -25.33, 'gy': 3.31, 'gz': 12.67}, {'t_us': 1080973943, 'ax': -0.92, 'ay': -0.01, 'az': 0.24, 'gx': -27.92, 'gy': 5.11, 'gz': 13.98}, {'t_us': 1080993315, 'ax': -0.95, 'ay': 0.02, 'az': 0.17, 'gx': -29.24, 'gy': 4.66, 'gz': 15.1}, {'t_us': 1081013271, 'ax': -0.97, 'ay': 0.03, 'az': 0.1, 'gx': -29.73, 'gy': -1.8, 'gz': 15.91}, {'t_us': 1081033329, 'ax': -0.96, 'ay': 0.01, 'az': 0.04, 'gx': -27.76, 'gy': -4.23, 'gz': 16.84}]",2026-02-13 11:33:08,0.0
"[{'t_us': 1081060102, 'ax': -0.97, 'ay': -0.06, 'az': 0.04, 'gx': -27.3, 'gy': 3.33, 'gz': 14.11}, {'t_us': 1081074603, 'ax': -0.98, 'ay': -0.06, 'az': 0.04, 'gx': -26.98, 'gy': 6.82, 'gz': 11.3}, {'t_us': 1081093271, 'ax': -0.99, 'ay': -0.05, 'az': 0.03, 'gx': -26.38, 'gy': 7.63, 'gz': 9.07}, {'t_us': 1081113304, 'ax': -0.98, 'ay': -0.0, 'az': 0.01, 'gx': -24.2, 'gy': 3.79, 'gz': 8.95}, {'t_us': 1081133329, 'ax': -0.97, 'ay': 0.04, 'az': -0.0, 'gx': -21.98, 'gy': -0.44, 'gz': 11.31}]",2026-02-13 11:33:08,0.0
"[{'t_us': 1081159505, 'ax': -0.92, 'ay': 0.05, 'az': 0.01, 'gx': -21.22, 'gy': -0.84, 'gz': 15.28}, {'t_us': 1081173325, 'ax': -0.91, 'ay': 0.07, 'az': 0.04, 'gx': -21.08, 'gy': 0.64, 'gz': 17.95}, {'t_us': 1081193333, 'ax': -0.9, 'ay': 0.08, 'az': 0.06, 'gx': -20.72, 'gy': 4.6, 'gz': 20.9}, {'t_us': 1081213283, 'ax': -0.92, 'ay': 0.11, 'az': 0.06, 'gx': -21.19, 'gy': 6.89, 'gz': 22.66}, {'t_us': 1081233304, 'ax': -0.96, 'ay': 0.14, 'az': 0.05, 'gx': -20.46, 'gy': 7.19, 'gz': 22.6}]",2026-02-13 11:33:08,0.0
"[{'t_us': 1081259531, 'ax': -0.98, 'ay': 0.15, 'az': 0.04, 'gx': -19.25, 'gy': 8.73, 'gz': 21.89}, {'t_us': 1081273282, 'ax': -0.98, 'ay': 0.14, 'az': 0.06, 'gx': -19.27, 'gy': 10.49, 'gz': 20.9}, {'t_us': 1081293283, 'ax': -0.97, 'ay': 0.11, 'az': 0.07, 'gx': -18.52, 'gy': 9.92, 'gz': 18.72}, {'t_us': 1081313315, 'ax': -0.94, 'ay': 0.05, 'az': 0.07, 'gx': -16.47, 'gy': 8.61, 'gz': 16.84}, {'t_us': 1081333274, 'ax': -0.92, 'ay': 0.01, 'az': 0.1, 'gx': -14.73, 'gy': 8.32, 'gz': 14.18}]",2026-02-13 11:33:08,0.0
"[{'t_us': 1081359611, 'ax': -0.93, 'ay': 0.01, 'az': 0.09, 'gx': -13.05, 'gy': 8.92, 'gz': 9.19}, {'t_us': 1081373462, 'ax': -0.93, 'ay': 0.04, 'az': 0.09, 'gx': -11.22, 'gy': 6.09, 'gz': 7.71}, {'t_us': 1081393315, 'ax': -0.96, 'ay': 0.1, 'az': 0.1, 'gx': -7.44, 'gy': 2.89, 'gz': 7.66}, {'t_us': 1081413271, 'ax': -0.98, 'ay': 0.16, 'az': 0.09, 'gx': -3.77, 'gy': -0.63, 'gz': 8.56}, {'t_us': 1081433333, 'ax': -0.99, 'ay': 0.17, 'az': 0.12, 'gx': -2.06, 'gy': -3.11, 'gz': 10.12}]",2026-02-13 11:33:08,0.0
"[{'t_us': 1081459550, 'ax': -0.96, 'ay': 0.17, 'az': 0.11, 'gx': -1.57, 'gy': -9.92, 'gz': 10.06}, {'t_us': 1081473333, 'ax': -0.94, 'ay': 0.17, 'az': 0.1, 'gx': -2.03, 'gy': -12.99, 'gz': 8.69}, {'t_us': 1081493266, 'ax': -0.89, 'ay': 0.15, 'az': 0.09, 'gx': -2.43, 'gy': -13.63, 'gz': 6.85}, {'t_us': 1081513266, 'ax': -0.87, 'ay': 0.15, 'az': 0.09, 'gx': -1.71, 'gy': -9.28, 'gz': 5.39}, {'t_us': 1081533279, 'ax': -0.87, 'ay': 0.16, 'az': 0.09, 'gx': -1.25, 'gy': -3.53, 'gz': 4.02}]",2026-02-13 11:33:08,0.0
"[{'t_us': 1081558451, 'ax': -0.9, 'ay': 0.17, 'az': 0.11, 'gx': -1.59, 'gy': 0.66, 'gz': 2.85}, {'t_us': 1081573278, 'ax': -0.92, 'ay': 0.18, 'az': 0.1, 'gx': -1.8, 'gy': 0.69, 'gz': 2.56}, {'t_us': 1081593278, 'ax': -0.93, 'ay': 0.19, 'az': 0.09, 'gx': -2.08, 'gy': -0.75, 'gz': 2.87}, {'t_us': 1081613310, 'ax': -0.92, 'ay': 0.18, 'az': 0.1, 'gx': -2.69, 'gy': -2.84, 'gz': 2.79}, {'t_us': 1081633325, 'ax': -0.9, 'ay': 0.17, 'az': 0.11, 'gx': -2.52, 'gy': -2.72, 'gz': 3.22}]",2026-02-13 11:33:08,0.0
"[{'t_us': 1081658159, 'ax': -0.92, 'ay': 0.16, 'az': 0.12, 'gx': -3.19, 'gy': -3.16, 'gz': 2.6}, {'t_us': 1081673296, 'ax': -0.92, 'ay': 0.14, 'az': 0.13, 'gx': -2.87, 'gy': -2.17, 'gz': 1.37}, {'t_us': 1081693310, 'ax': -0.92, 'ay': 0.15, 'az': 0.13, 'gx': -3.74, 'gy': -2.44, 'gz': -0.23}, {'t_us': 1081713266, 'ax': -0.93, 'ay': 0.17, 'az': 0.14, 'gx': -3.88, 'gy': -3.39, 'gz': -2.53}, {'t_us': 1081733283, 'ax': -0.92, 'ay': 0.18, 'az': 0.14, 'gx': -3.59, 'gy': -2.55, 'gz': -3.66}]",2026-02-13 11:33:08,0.0
"[{'t_us': 1081759709, 'ax': -0.91, 'ay': 0.17, 'az': 0.15, 'gx': -2.96, 'gy': -2.46, 'gz': -4.79}, {'t_us': 1081773265, 'ax': -0.91, 'ay': 0.17, 'az': 0.16, 'gx': -2.32, 'gy': 0.14, 'gz': -5.04}, {'t_us': 1081793266, 'ax': -0.9, 'ay': 0.14, 'az': 0.16, 'gx': -1.15, 'gy': 2.26, 'gz': -5.02}, {'t_us': 1081813296, 'ax': -0.89, 'ay': 0.12, 'az': 0.16, 'gx': 0.43, 'gy': 4.02, 'gz': -4.81}, {'t_us': 1081833304, 'ax': -0.91, 'ay': 0.1, 'az': 0.16, 'gx': 1.3, 'gy': 3.65, 'gz': -5.08}]",2026-02-13 11:33:09,0.0
"[{'t_us': 1081858400, 'ax': -0.9, 'ay': 0.13, 'az': 0.17, 'gx': 2.32, 'gy': 3.69, 'gz': -5.45}, {'t_us': 1081873302, 'ax': -0.9, 'ay': 0.14, 'az': 0.16, 'gx': 3.51, 'gy': 3.65, 'gz': -6.05}, {'t_us': 1081893288, 'ax': -0.9, 'ay': 0.17, 'az': 0.16, 'gx': 5.59, 'gy': 3.51, 'gz': -6.53}, {'t_us': 1081913321, 'ax': -0.89, 'ay': 0.18, 'az': 0.15, 'gx': 7.39, 'gy': 2.18, 'gz': -7.11}, {'t_us': 1081933321, 'ax': -0.88, 'ay': 0.18, 'az': 0.16, 'gx': 7.74, 'gy': 2.44, 'gz': -7.24}]",2026-02-13 11:33:09,0.0
"[{'t_us': 1081957779, 'ax': -0.9, 'ay': 0.17, 'az': 0.14, 'gx': 7.47, 'gy': 4.89, 'gz': -6.32}, {'t_us': 1081973333, 'ax': -0.91, 'ay': 0.16, 'az': 0.14, 'gx': 6.55, 'gy': 5.36, 'gz': -6.02}, {'t_us': 1081993266, 'ax': -0.93, 'ay': 0.16, 'az': 0.12, 'gx': 5.63, 'gy': 4.0, 'gz': -5.42}, {'t_us': 1082013296, 'ax': -0.94, 'ay': 0.15, 'az': 0.13, 'gx': 5.56, 'gy': 1.54, 'gz': -4.79}, {'t_us': 1082033325, 'ax': -0.93, 'ay': 0.13, 'az': 0.15, 'gx': 5.56, 'gy': -1.15, 'gz': -3.98}]",2026-02-13 11:33:09,0.0
"[{'t_us': 1082058064, 'ax': -0.93, 'ay': 0.11, 'az': 0.14, 'gx': 6.15, 'gy': -0.98, 'gz': -3.98}, {'t_us': 1082073296, 'ax': -0.93, 'ay': 0.1, 'az': 0.14, 'gx': 6.67, 'gy': 0.61, 'gz': -5.08}, {'t_us': 1082093325, 'ax': -0.95, 'ay': 0.09, 'az': 0.12, 'gx': 7.85, 'gy': 1.62, 'gz': -7.33}, {'t_us': 1082113310, 'ax': -0.93, 'ay': 0.07, 'az': 0.1, 'gx': 8.2, 'gy': 2.46, 'gz': -9.69}, {'t_us': 1082133310, 'ax': -0.92, 'ay': 0.07, 'az': 0.09, 'gx': 8.27, 'gy': 4.81, 'gz': -11.25}]",2026-02-13 11:33:09,0.0
"[{'t_us': 1082158329, 'ax': -0.92, 'ay': 0.08, 'az': 0.07, 'gx': 9.16, 'gy': 10.12, 'gz': -12.09}, {'t_us': 1082173283, 'ax': -0.93, 'ay': 0.09, 'az': 0.08, 'gx': 10.75, 'gy': 11.01, 'gz': -12.99}, {'t_us': 1082193283, 'ax': -0.93, 'ay': 0.07, 'az': 0.08, 'gx': 12.61, 'gy': 7.92, 'gz': -14.15}, {'t_us': 1082213315, 'ax': -0.92, 'ay': 0.04, 'az': 0.08, 'gx': 13.1, 'gy': 4.0, 'gz': -14.89}, {'t_us': 1082233304, 'ax': -0.93, 'ay': -0.01, 'az': 0.05, 'gx': 14.31, 'gy': 4.2, 'gz': -15.53}]",2026-02-13 11:33:09,0.0
"[{'t_us': 1082260596, 'ax': -0.93, 'ay': -0.04, 'az': 0.01, 'gx': 17.85, 'gy': 5.08, 'gz': -14.55}, {'t_us': 1082273265, 'ax': -0.94, 'ay': -0.05, 'az': -0.02, 'gx': 18.6, 'gy': 6.6, 'gz': -13.56}, {'t_us': 1082293266, 'ax': -0.94, 'ay': -0.04, 'az': 0.0, 'gx': 19.6, 'gy': 7.82, 'gz': -11.5}, {'t_us': 1082313296, 'ax': -0.96, 'ay': -0.02, 'az': 0.06, 'gx': 17.48, 'gy': 5.28, 'gz': -9.82}, {'t_us': 1082333333, 'ax': -0.96, 'ay': 0.03, 'az': 0.08, 'gx': 13.92, 'gy': 2.43, 'gz': -10.02}]",2026-02-13 11:33:09,0.0
"[{'t_us': 1082359088, 'ax': -0.95, 'ay': 0.06, 'az': 0.13, 'gx': 8.72, 'gy': 2.08, 'gz': -11.37}, {'t_us': 1082373415, 'ax': -0.96, 'ay': 0.08, 'az': 0.14, 'gx': 4.75, 'gy': 1.37, 'gz': -11.88}, {'t_us': 1082393315, 'ax': -0.96, 'ay': 0.06, 'az': 0.15, 'gx': -0.53, 'gy': -0.23, 'gz': -12.52}, {'t_us': 1082413271, 'ax': -0.95, 'ay': 0.01, 'az': 0.12, 'gx': -5.42, 'gy': -1.13, 'gz': -13.36}, {'t_us': 1082433264, 'ax': -0.93, 'ay': -0.01, 'az': 0.12, 'gx': -7.22, 'gy': -1.5, 'gz': -14.2}]",2026-02-13 11:33:09,0.0
"[{'t_us': 1082459528, 'ax': -0.92, 'ay': -0.03, 'az': 0.11, 'gx': -7.85, 'gy': 1.89, 'gz': -13.76}, {'t_us': 1082473274, 'ax': -0.92, 'ay': -0.06, 'az': 0.11, 'gx': -8.15, 'gy': 4.2, 'gz': -13.16}, {'t_us': 1082493278, 'ax': -0.93, 'ay': -0.08, 'az': 0.12, 'gx': -8.87, 'gy': 8.79, 'gz': -12.53}, {'t_us': 1082513278, 'ax': -0.96, 'ay': -0.1, 'az': 0.11, 'gx': -9.31, 'gy': 12.55, 'gz': -12.58}, {'t_us': 1082533288, 'ax': -0.98, 'ay': -0.1, 'az': 0.08, 'gx': -9.1, 'gy': 13.07, 'gz': -13.45}]",2026-02-13 11:33:09,0.0
"[{'t_us': 1082559429, 'ax': -0.98, 'ay': -0.09, 'az': 0.06, 'gx': -8.23, 'gy': 9.86, 'gz': -13.63}, {'t_us': 1082575083, 'ax': -0.98, 'ay': -0.05, 'az': 0.06, 'gx': -7.89, 'gy': 8.03, 'gz': -12.56}, {'t_us': 1082593304, 'ax': -0.94, 'ay': -0.04, 'az': 0.06, 'gx': -8.63, 'gy': 2.87, 'gz': -10.4}, {'t_us': 1082613333, 'ax': -0.92, 'ay': -0.0, 'az': 0.11, 'gx': -9.8, 'gy': 1.88, 'gz': -7.11}, {'t_us': 1082633332, 'ax': -0.89, 'ay': -0.01, 'az': 0.13, 'gx': -12.82, 'gy': 1.97, 'gz': -3.22}]",2026-02-13 11:33:09,0.0
"[{'t_us': 1082659211, 'ax': -0.86, 'ay': -0.03, 'az': 0.18, 'gx': -17.51, 'gy': 5.24, 'gz': 2.69}, {'t_us': 1082673297, 'ax': -0.86, 'ay': -0.04, 'az': 0.19, 'gx': -19.21, 'gy': 9.98, 'gz': 4.73}, {'t_us': 1082693321, 'ax': -0.89, 'ay': -0.01, 'az': 0.2, 'gx': -22.78, 'gy': 12.21, 'gz': 7.92}, {'t_us': 1082713325, 'ax': -0.91, 'ay': 0.03, 'az': 0.2, 'gx': -26.95, 'gy': 7.83, 'gz': 10.84}, {'t_us': 1082733278, 'ax': -0.92, 'ay': 0.05, 'az': 0.2, 'gx': -30.26, 'gy': 3.13, 'gz': 12.98}]",2026-02-13 11:33:09,0.0
"[{'t_us': 1082759906, 'ax': -0.9, 'ay': 0.07, 'az': 0.18, 'gx': -34.05, 'gy': -0.5, 'gz': 14.53}, {'t_us': 1082773304, 'ax': -0.91, 'ay': 0.02, 'az': 0.13, 'gx': -35.37, 'gy': 2.7, 'gz': 13.66}, {'t_us': 1082793274, 'ax': -0.95, 'ay': -0.05, 'az': 0.06, 'gx': -34.27, 'gy': 9.98, 'gz': 12.15}, {'t_us': 1082813310, 'ax': -1.02, 'ay': -0.09, 'az': 0.05, 'gx': -31.44, 'gy': 18.18, 'gz': 11.88}, {'t_us': 1082833296, 'ax': -1.06, 'ay': -0.1, 'az': 0.05, 'gx': -29.04, 'gy': 20.32, 'gz': 11.63}]",2026-02-13 11:33:10,0.0
"[{'t_us': 1082859472, 'ax': -1.05, 'ay': -0.07, 'az': 0.07, 'gx': -24.98, 'gy': 8.43, 'gz': 10.31}, {'t_us': 1082874508, 'ax': -1.02, 'ay': -0.04, 'az': 0.08, 'gx': -24.64, 'gy': 0.43, 'gz': 8.6}, {'t_us': 1082893304, 'ax': -0.92, 'ay': 0.01, 'az': 0.08, 'gx': -24.18, 'gy': -4.6, 'gz': 6.87}, {'t_us': 1082913330, 'ax': -0.86, 'ay': 0.04, 'az': 0.07, 'gx': -23.07, 'gy': -3.57, 'gz': 7.15}, {'t_us': 1082933274, 'ax': -0.88, 'ay': 0.04, 'az': 0.07, 'gx': -19.68, 'gy': 1.56, 'gz': 8.89}]",2026-02-13 11:33:10,0.0
"[{'t_us': 1082959377, 'ax': -0.93, 'ay': 0.04, 'az': 0.08, 'gx': -13.98, 'gy': 4.37, 'gz': 12.08}, {'t_us': 1082973302, 'ax': -0.95, 'ay': 0.07, 'az': 0.11, 'gx': -12.15, 'gy': 5.04, 'gz': 13.66}, {'t_us': 1082993283, 'ax': -1.01, 'ay': 0.09, 'az': 0.09, 'gx': -9.59, 'gy': 2.9, 'gz': 15.48}, {'t_us': 1083013283, 'ax': -1.03, 'ay': 0.1, 'az': 0.08, 'gx': -8.92, 'gy': -1.45, 'gz': 16.06}, {'t_us': 1083033315, 'ax': -1.01, 'ay': 0.11, 'az': 0.08, 'gx': -10.15, 'gy': -6.96, 'gz': 14.93}]",2026-02-13 11:33:10,0.0
"[{'t_us': 1083059396, 'ax': -0.95, 'ay': 0.11, 'az': 0.09, 'gx': -10.72, 'gy': -10.7, 'gz': 13.5}, {'t_us': 1083073304, 'ax': -0.94, 'ay': 0.1, 'az': 0.1, 'gx': -9.88, 'gy': -9.33, 'gz': 13.08}, {'t_us': 1083093274, 'ax': -0.91, 'ay': 0.1, 'az': 0.1, 'gx': -8.52, 'gy': -8.21, 'gz': 13.34}, {'t_us': 1083113310, 'ax': -0.89, 'ay': 0.1, 'az': 0.09, 'gx': -6.49, 'gy': -6.29, 'gz': 13.74}, {'t_us': 1083133336, 'ax': -0.92, 'ay': 0.09, 'az': 0.11, 'gx': -5.31, 'gy': -2.46, 'gz': 13.34}]",2026-02-13 11:33:10,0.0
"[{'t_us': 1083157921, 'ax': -0.95, 'ay': 0.09, 'az': 0.08, 'gx': -3.71, 'gy': -4.27, 'gz': 12.41}, {'t_us': 1083173321, 'ax': -0.95, 'ay': 0.1, 'az': 0.09, 'gx': -2.34, 'gy': -6.69, 'gz': 11.37}, {'t_us': 1083193325, 'ax': -0.92, 'ay': 0.13, 'az': 0.08, 'gx': -0.95, 'gy': -7.59, 'gz': 9.24}, {'t_us': 1083213278, 'ax': -0.89, 'ay': 0.13, 'az': 0.08, 'gx': 0.58, 'gy': -6.08, 'gz': 7.56}, {'t_us': 1083233288, 'ax': -0.88, 'ay': 0.14, 'az': 0.09, 'gx': 1.34, 'gy': -3.79, 'gz': 7.37}]",2026-02-13 11:33:10,0.0
"[{'t_us': 1083259862, 'ax': -0.89, 'ay': 0.14, 'az': 0.09, 'gx': 1.44, 'gy': -1.79, 'gz': 7.69}, {'t_us': 1083273283, 'ax': -0.89, 'ay': 0.16, 'az': 0.09, 'gx': 1.34, 'gy': -1.27, 'gz': 7.73}, {'t_us': 1083293333, 'ax': -0.89, 'ay': 0.15, 'az': 0.1, 'gx': 0.92, 'gy': -0.27, 'gz': 7.22}, {'t_us': 1083313283, 'ax': -0.88, 'ay': 0.14, 'az': 0.13, 'gx': -0.08, 'gy': 0.24, 'gz': 5.71}, {'t_us': 1083333310, 'ax': -0.88, 'ay': 0.16, 'az': 0.12, 'gx': -2.02, 'gy': 1.37, 'gz': 4.26}]",2026-02-13 11:33:10,0.0
"[{'t_us': 1083359971, 'ax': -0.89, 'ay': 0.19, 'az': 0.16, 'gx': -2.78, 'gy': 1.88, 'gz': 2.38}, {'t_us': 1083373297, 'ax': -0.91, 'ay': 0.19, 'az': 0.15, 'gx': -2.72, 'gy': 1.33, 'gz': 1.92}, {'t_us': 1083393283, 'ax': -0.91, 'ay': 0.18, 'az': 0.17, 'gx': -3.28, 'gy': -0.66, 'gz': 1.18}, {'t_us': 1083413296, 'ax': -0.91, 'ay': 0.17, 'az': 0.17, 'gx': -4.0, 'gy': -1.71, 'gz': 0.73}, {'t_us': 1083433325, 'ax': -0.9, 'ay': 0.15, 'az': 0.19, 'gx': -3.76, 'gy': -2.6, 'gz': -0.66}]",2026-02-13 11:33:10,0.0
"[{'t_us': 1083459388, 'ax': -0.89, 'ay': 0.13, 'az': 0.19, 'gx': -3.65, 'gy': -2.85, 'gz': -2.81}, {'t_us': 1083475398, 'ax': -0.9, 'ay': 0.12, 'az': 0.18, 'gx': -3.01, 'gy': -2.56, 'gz': -3.89}, {'t_us': 1083493289, 'ax': -0.9, 'ay': 0.12, 'az': 0.2, 'gx': -1.3, 'gy': -3.24, 'gz': -5.4}, {'t_us': 1083513321, 'ax': -0.9, 'ay': 0.12, 'az': 0.21, 'gx': 0.56, 'gy': -2.89, 'gz': -6.0}, {'t_us': 1083533271, 'ax': -0.89, 'ay': 0.14, 'az': 0.2, 'gx': 2.73, 'gy': -1.47, 'gz': -4.99}]",2026-02-13 11:33:10,0.0
"[{'t_us': 1083559382, 'ax': -0.91, 'ay': 0.12, 'az': 0.18, 'gx': 5.16, 'gy': -4.41, 'gz': -4.75}, {'t_us': 1083573898, 'ax': -0.9, 'ay': 0.12, 'az': 0.2, 'gx': 7.28, 'gy': -4.14, 'gz': -3.63}, {'t_us': 1083593279, 'ax': -0.89, 'ay': 0.12, 'az': 0.2, 'gx': 10.61, 'gy': -2.02, 'gz': -2.81}, {'t_us': 1083613310, 'ax': -0.93, 'ay': 0.13, 'az': 0.18, 'gx': 12.2, 'gy': 0.17, 'gz': -2.05}, {'t_us': 1083633315, 'ax': -0.95, 'ay': 0.14, 'az': 0.14, 'gx': 12.0, 'gy': 0.66, 'gz': -2.43}]",2026-02-13 11:33:10,0.0
"[{'t_us': 1083657571, 'ax': -0.94, 'ay': 0.14, 'az': 0.14, 'gx': 11.39, 'gy': 2.0, 'gz': -5.44}, {'t_us': 1083673266, 'ax': -0.94, 'ay': 0.13, 'az': 0.16, 'gx': 11.39, 'gy': 3.5, 'gz': -7.68}, {'t_us': 1083693268, 'ax': -0.92, 'ay': 0.12, 'az': 0.18, 'gx': 12.56, 'gy': 4.99, 'gz': -8.93}, {'t_us': 1083713315, 'ax': -0.94, 'ay': 0.13, 'az': 0.18, 'gx': 13.91, 'gy': 6.31, 'gz': -9.8}, {'t_us': 1083733296, 'ax': -0.96, 'ay': 0.13, 'az': 0.16, 'gx': 13.18, 'gy': 5.05, 'gz': -11.53}]",2026-02-13 11:33:10,0.0
"[{'t_us': 1083759886, 'ax': -0.95, 'ay': 0.07, 'az': 0.14, 'gx': 12.6, 'gy': 8.85, 'gz': -14.55}, {'t_us': 1083773730, 'ax': -0.94, 'ay': 0.05, 'az': 0.12, 'gx': 12.12, 'gy': 12.67, 'gz': -15.44}, {'t_us': 1083793321, 'ax': -0.94, 'ay': 0.05, 'az': 0.11, 'gx': 10.92, 'gy': 14.56, 'gz': -16.11}, {'t_us': 1083813330, 'ax': -0.94, 'ay': 0.05, 'az': 0.11, 'gx': 12.14, 'gy': 13.45, 'gz': -16.5}, {'t_us': 1083833333, 'ax': -0.93, 'ay': 0.06, 'az': 0.11, 'gx': 12.93, 'gy': 9.39, 'gz': -16.58}]",2026-02-13 11:33:11,0.0
"[{'t_us': 1083859403, 'ax': -0.93, 'ay': 0.01, 'az': 0.08, 'gx': 14.12, 'gy': 6.76, 'gz': -16.44}, {'t_us': 1083873333, 'ax': -0.93, 'ay': -0.02, 'az': 0.07, 'gx': 15.31, 'gy': 6.11, 'gz': -16.52}, {'t_us': 1083893320, 'ax': -0.93, 'ay': -0.03, 'az': 0.07, 'gx': 15.63, 'gy': 2.29, 'gz': -17.18}, {'t_us': 1083913310, 'ax': -0.91, 'ay': -0.06, 'az': 0.07, 'gx': 15.82, 'gy': 1.66, 'gz': -17.8}, {'t_us': 1083933266, 'ax': -0.93, 'ay': -0.05, 'az': 0.09, 'gx': 16.63, 'gy': 3.04, 'gz': -17.88}]",2026-02-13 11:33:11,0.0
"[{'t_us': 1083957906, 'ax': -0.95, 'ay': -0.0, 'az': 0.12, 'gx': 14.85, 'gy': 3.25, 'gz': -17.45}, {'t_us': 1083973333, 'ax': -0.96, 'ay': 0.01, 'az': 0.13, 'gx': 13.31, 'gy': 1.28, 'gz': -16.85}, {'t_us': 1083993266, 'ax': -0.96, 'ay': 0.01, 'az': 0.13, 'gx': 10.17, 'gy': -1.53, 'gz': -16.67}, {'t_us': 1084013325, 'ax': -0.96, 'ay': 0.0, 'az': 0.14, 'gx': 6.21, 'gy': -2.98, 'gz': -17.62}, {'t_us': 1084033321, 'ax': -0.96, 'ay': -0.01, 'az': 0.11, 'gx': 4.17, 'gy': -0.66, 'gz': -18.66}]",2026-02-13 11:33:11,0.0
"[{'t_us': 1084057966, 'ax': -0.96, 'ay': -0.04, 'az': 0.11, 'gx': 2.06, 'gy': -2.17, 'gz': -18.32}, {'t_us': 1084073325, 'ax': -0.94, 'ay': -0.04, 'az': 0.12, 'gx': 0.76, 'gy': -2.98, 'gz': -17.59}, {'t_us': 1084093333, 'ax': -0.92, 'ay': -0.05, 'az': 0.11, 'gx': -0.99, 'gy': -3.11, 'gz': -16.27}, {'t_us': 1084113305, 'ax': -0.9, 'ay': -0.07, 'az': 0.11, 'gx': -2.92, 'gy': 2.15, 'gz': -14.76}, {'t_us': 1084133289, 'ax': -0.92, 'ay': -0.07, 'az': 0.1, 'gx': -4.09, 'gy': 6.38, 'gz': -12.99}]",2026-02-13 11:33:11,0.0
"[{'t_us': 1084159412, 'ax': -0.92, 'ay': -0.08, 'az': 0.08, 'gx': -5.28, 'gy': 11.08, 'gz': -11.6}, {'t_us': 1084173274, 'ax': -0.92, 'ay': -0.08, 'az': 0.08, 'gx': -5.51, 'gy': 11.3, 'gz': -11.13}, {'t_us': 1084193274, 'ax': -0.91, 'ay': -0.07, 'az': 0.09, 'gx': -5.68, 'gy': 10.63, 'gz': -9.54}, {'t_us': 1084213330, 'ax': -0.91, 'ay': -0.08, 'az': 0.11, 'gx': -5.74, 'gy': 10.14, 'gz': -7.39}, {'t_us': 1084233278, 'ax': -0.9, 'ay': -0.07, 'az': 0.13, 'gx': -7.25, 'gy': 9.25, 'gz': -4.61}]",2026-02-13 11:33:11,0.0
"[{'t_us': 1084259451, 'ax': -0.91, 'ay': -0.08, 'az': 0.14, 'gx': -8.64, 'gy': 9.53, 'gz': -1.85}, {'t_us': 1084273305, 'ax': -0.9, 'ay': -0.08, 'az': 0.13, 'gx': -10.24, 'gy': 9.53, 'gz': -0.34}, {'t_us': 1084293315, 'ax': -0.91, 'ay': -0.07, 'az': 0.14, 'gx': -13.34, 'gy': 8.84, 'gz': 1.1}, {'t_us': 1084313319, 'ax': -0.91, 'ay': -0.05, 'az': 0.15, 'gx': -16.4, 'gy': 8.75, 'gz': 2.27}, {'t_us': 1084333274, 'ax': -0.9, 'ay': -0.04, 'az': 0.18, 'gx': -19.01, 'gy': 7.79, 'gz': 3.65}]",2026-02-13 11:33:11,0.0
"[{'t_us': 1084359507, 'ax': -0.88, 'ay': -0.03, 'az': 0.18, 'gx': -21.47, 'gy': 5.07, 'gz': 7.22}, {'t_us': 1084375503, 'ax': -0.87, 'ay': -0.03, 'az': 0.17, 'gx': -23.19, 'gy': 3.65, 'gz': 9.34}, {'t_us': 1084393275, 'ax': -0.86, 'ay': -0.05, 'az': 0.18, 'gx': -24.5, 'gy': 2.9, 'gz': 11.05}, {'t_us': 1084413333, 'ax': -0.87, 'ay': -0.08, 'az': 0.19, 'gx': -25.39, 'gy': 4.84, 'gz': 13.48}, {'t_us': 1084433329, 'ax': -0.88, 'ay': -0.06, 'az': 0.19, 'gx': -26.05, 'gy': 4.78, 'gz': 16.26}]",2026-02-13 11:33:11,0.0
"[{'t_us': 1084457796, 'ax': -0.9, 'ay': -0.05, 'az': 0.21, 'gx': -27.15, 'gy': 7.85, 'gz': 18.56}, {'t_us': 1084473296, 'ax': -0.94, 'ay': -0.05, 'az': 0.21, 'gx': -28.21, 'gy': 11.27, 'gz': 18.46}, {'t_us': 1084493310, 'ax': -1.0, 'ay': -0.06, 'az': 0.15, 'gx': -27.07, 'gy': 11.27, 'gz': 17.48}, {'t_us': 1084513279, 'ax': -1.04, 'ay': -0.07, 'az': 0.11, 'gx': -26.18, 'gy': 9.48, 'gz': 18.03}, {'t_us': 1084533289, 'ax': -1.05, 'ay': -0.04, 'az': 0.05, 'gx': -26.53, 'gy': 5.63, 'gz': 18.27}]",2026-02-13 11:33:11,0.0
"[{'t_us': 1084560237, 'ax': -1.03, 'ay': 0.02, 'az': 0.04, 'gx': -26.21, 'gy': 1.37, 'gz': 16.75}, {'t_us': 1084573305, 'ax': -1.01, 'ay': 0.04, 'az': 0.03, 'gx': -23.86, 'gy': 0.96, 'gz': 15.37}, {'t_us': 1084593325, 'ax': -0.97, 'ay': 0.04, 'az': 0.04, 'gx': -19.19, 'gy': 4.32, 'gz': 15.24}, {'t_us': 1084613333, 'ax': -0.94, 'ay': 0.01, 'az': 0.08, 'gx': -17.62, 'gy': 6.06, 'gz': 16.99}, {'t_us': 1084633296, 'ax': -0.91, 'ay': -0.01, 'az': 0.07, 'gx': -17.54, 'gy': 4.69, 'gz': 20.26}]",2026-02-13 11:33:11,0.0
"[{'t_us': 1084657867, 'ax': -0.89, 'ay': 0.02, 'az': 0.07, 'gx': -12.98, 'gy': 4.63, 'gz': 20.92}, {'t_us': 1084673330, 'ax': -0.9, 'ay': 0.05, 'az': 0.07, 'gx': -10.02, 'gy': 7.11, 'gz': 19.74}, {'t_us': 1084693333, 'ax': -0.98, 'ay': 0.09, 'az': 0.05, 'gx': -6.61, 'gy': 8.75, 'gz': 17.19}, {'t_us': 1084713283, 'ax': -1.0, 'ay': 0.13, 'az': 0.1, 'gx': -3.97, 'gy': 3.85, 'gz': 14.2}, {'t_us': 1084733279, 'ax': -1.01, 'ay': 0.15, 'az': 0.12, 'gx': -1.65, 'gy': -0.84, 'gz': 12.99}]",2026-02-13 11:33:11,0.0
"[{'t_us': 1084760159, 'ax': -1.02, 'ay': 0.11, 'az': 0.11, 'gx': 1.63, 'gy': -5.05, 'gz': 13.1}, {'t_us': 1084773321, 'ax': -1.01, 'ay': 0.11, 'az': 0.11, 'gx': 2.17, 'gy': -8.56, 'gz': 13.57}, {'t_us': 1084793325, 'ax': -0.98, 'ay': 0.11, 'az': 0.12, 'gx': 3.01, 'gy': -13.27, 'gz': 14.23}, {'t_us': 1084813278, 'ax': -0.95, 'ay': 0.11, 'az': 0.11, 'gx': 4.29, 'gy': -14.99, 'gz': 13.33}, {'t_us': 1084833304, 'ax': -0.93, 'ay': 0.12, 'az': 0.09, 'gx': 5.31, 'gy': -14.7, 'gz': 11.69}]",2026-02-13 11:33:12,0.0
"[{'t_us': 1084859657, 'ax': -0.93, 'ay': 0.13, 'az': 0.08, 'gx': 6.55, 'gy': -11.57, 'gz': 8.73}, {'t_us': 1084873271, 'ax': -0.92, 'ay': 0.14, 'az': 0.09, 'gx': 6.76, 'gy': -11.89, 'gz': 7.65}, {'t_us': 1084893330, 'ax': -0.9, 'ay': 0.16, 'az': 0.09, 'gx': 7.31, 'gy': -11.15, 'gz': 5.69}, {'t_us': 1084913288, 'ax': -0.88, 'ay': 0.16, 'az': 0.1, 'gx': 8.11, 'gy': -8.55, 'gz': 4.81}, {'t_us': 1084933271, 'ax': -0.88, 'ay': 0.14, 'az': 0.09, 'gx': 8.81, 'gy': -6.7, 'gz': 4.08}]",2026-02-13 11:33:12,0.0
"[{'t_us': 1084960411, 'ax': -0.9, 'ay': 0.15, 'az': 0.09, 'gx': 9.69, 'gy': -6.12, 'gz': 3.54}, {'t_us': 1084973277, 'ax': -0.91, 'ay': 0.16, 'az': 0.11, 'gx': 10.02, 'gy': -6.03, 'gz': 3.5}, {'t_us': 1084993288, 'ax': -0.91, 'ay': 0.17, 'az': 0.14, 'gx': 10.56, 'gy': -6.47, 'gz': 2.03}, {'t_us': 1085013288, 'ax': -0.92, 'ay': 0.18, 'az': 0.15, 'gx': 11.8, 'gy': -5.48, 'gz': -0.02}, {'t_us': 1085033329, 'ax': -0.91, 'ay': 0.17, 'az': 0.17, 'gx': 12.34, 'gy': -8.41, 'gz': -1.76}]",2026-02-13 11:33:12,0.0
"[{'t_us': 1085059503, 'ax': -0.89, 'ay': 0.17, 'az': 0.17, 'gx': 12.23, 'gy': -10.06, 'gz': -4.29}, {'t_us': 1085073304, 'ax': -0.88, 'ay': 0.17, 'az': 0.18, 'gx': 12.47, 'gy': -10.31, 'gz': -5.45}, {'t_us': 1085093325, 'ax': -0.86, 'ay': 0.14, 'az': 0.2, 'gx': 11.57, 'gy': -8.92, 'gz': -7.27}, {'t_us': 1085113333, 'ax': -0.84, 'ay': 0.17, 'az': 0.21, 'gx': 10.55, 'gy': -6.34, 'gz': -9.25}, {'t_us': 1085133313, 'ax': -0.83, 'ay': 0.19, 'az': 0.21, 'gx': 11.95, 'gy': -1.74, 'gz': -10.46}]",2026-02-13 11:33:12,0.0
"[{'t_us': 1085158236, 'ax': -0.87, 'ay': 0.17, 'az': 0.21, 'gx': 13.86, 'gy': 1.53, 'gz': -10.96}, {'t_us': 1085173321, 'ax': -0.87, 'ay': 0.14, 'az': 0.23, 'gx': 15.51, 'gy': 0.15, 'gz': -10.64}, {'t_us': 1085193266, 'ax': -0.88, 'ay': 0.11, 'az': 0.24, 'gx': 15.65, 'gy': 0.38, 'gz': -9.79}, {'t_us': 1085213266, 'ax': -0.88, 'ay': 0.1, 'az': 0.23, 'gx': 15.53, 'gy': -0.05, 'gz': -10.76}, {'t_us': 1085233304, 'ax': -0.88, 'ay': 0.12, 'az': 0.23, 'gx': 16.24, 'gy': 0.46, 'gz': -12.64}]",2026-02-13 11:33:12,0.0
"[{'t_us': 1085259806, 'ax': -0.84, 'ay': 0.17, 'az': 0.23, 'gx': 18.69, 'gy': 2.38, 'gz': -13.24}, {'t_us': 1085273322, 'ax': -0.87, 'ay': 0.19, 'az': 0.22, 'gx': 18.75, 'gy': 6.44, 'gz': -12.29}, {'t_us': 1085293325, 'ax': -0.98, 'ay': 0.17, 'az': 0.2, 'gx': 18.18, 'gy': 9.25, 'gz': -8.67}, {'t_us': 1085313278, 'ax': -1.04, 'ay': 0.14, 'az': 0.18, 'gx': 15.97, 'gy': 6.95, 'gz': -4.67}, {'t_us': 1085333282, 'ax': -1.04, 'ay': 0.16, 'az': 0.18, 'gx': 12.66, 'gy': 0.27, 'gz': -4.29}]",2026-02-13 11:33:12,0.0
"[{'t_us': 1085360185, 'ax': -0.93, 'ay': 0.17, 'az': 0.19, 'gx': 9.79, 'gy': -8.18, 'gz': -8.9}, {'t_us': 1085373325, 'ax': -0.88, 'ay': 0.17, 'az': 0.19, 'gx': 9.1, 'gy': -8.21, 'gz': -10.81}, {'t_us': 1085393333, 'ax': -0.83, 'ay': 0.16, 'az': 0.2, 'gx': 9.56, 'gy': -2.9, 'gz': -12.44}, {'t_us': 1085413304, 'ax': -0.82, 'ay': 0.14, 'az': 0.17, 'gx': 10.02, 'gy': 4.23, 'gz': -11.68}, {'t_us': 1085433333, 'ax': -0.84, 'ay': 0.11, 'az': 0.17, 'gx': 9.1, 'gy': 9.79, 'gz': -11.33}]",2026-02-13 11:33:12,0.0
"[{'t_us': 1085459449, 'ax': -0.94, 'ay': 0.08, 'az': 0.16, 'gx': 7.59, 'gy': 11.89, 'gz': -13.36}, {'t_us': 1085473310, 'ax': -0.96, 'ay': 0.06, 'az': 0.16, 'gx': 7.83, 'gy': 10.18, 'gz': -15.1}, {'t_us': 1085493315, 'ax': -0.98, 'ay': 0.05, 'az': 0.15, 'gx': 8.08, 'gy': 6.89, 'gz': -17.95}, {'t_us': 1085513271, 'ax': -0.96, 'ay': 0.02, 'az': 0.11, 'gx': 9.85, 'gy': 2.12, 'gz': -20.03}, {'t_us': 1085533283, 'ax': -0.92, 'ay': -0.01, 'az': 0.1, 'gx': 11.33, 'gy': -2.11, 'gz': -20.64}]",2026-02-13 11:33:12,0.0
"[{'t_us': 1085559622, 'ax': -0.87, 'ay': -0.06, 'az': 0.09, 'gx': 12.85, 'gy': -3.19, 'gz': -18.85}, {'t_us': 1085574412, 'ax': -0.84, 'ay': -0.08, 'az': 0.07, 'gx': 14.84, 'gy': 0.41, 'gz': -18.17}, {'t_us': 1085593278, 'ax': -0.85, 'ay': -0.08, 'az': 0.1, 'gx': 16.85, 'gy': 5.15, 'gz': -17.5}, {'t_us': 1085613310, 'ax': -0.86, 'ay': -0.07, 'az': 0.14, 'gx': 16.49, 'gy': 6.53, 'gz': -17.28}, {'t_us': 1085633275, 'ax': -0.88, 'ay': -0.04, 'az': 0.17, 'gx': 15.71, 'gy': 10.02, 'gz': -16.18}]",2026-02-13 11:33:12,0.0
"[{'t_us': 1085659848, 'ax': -0.95, 'ay': -0.02, 'az': 0.21, 'gx': 11.48, 'gy': 11.48, 'gz': -15.4}, {'t_us': 1085673380, 'ax': -0.99, 'ay': -0.02, 'az': 0.21, 'gx': 9.11, 'gy': 10.78, 'gz': -15.91}, {'t_us': 1085693330, 'ax': -1.02, 'ay': -0.01, 'az': 0.18, 'gx': 6.32, 'gy': 5.24, 'gz': -16.92}, {'t_us': 1085713333, 'ax': -1.0, 'ay': -0.03, 'az': 0.17, 'gx': 4.15, 'gy': -0.67, 'gz': -17.56}, {'t_us': 1085733333, 'ax': -0.95, 'ay': -0.03, 'az': 0.16, 'gx': 2.05, 'gy': -2.52, 'gz': -16.49}]",2026-02-13 11:33:12,0.0
"[{'t_us': 1085758427, 'ax': -0.93, 'ay': -0.05, 'az': 0.14, 'gx': 0.53, 'gy': 2.53, 'gz': -14.24}, {'t_us': 1085773310, 'ax': -0.91, 'ay': -0.05, 'az': 0.14, 'gx': -0.43, 'gy': 6.73, 'gz': -12.24}, {'t_us': 1085793315, 'ax': -0.92, 'ay': -0.05, 'az': 0.14, 'gx': -1.48, 'gy': 15.18, 'gz': -10.9}, {'t_us': 1085813271, 'ax': -0.94, 'ay': -0.07, 'az': 0.13, 'gx': -2.9, 'gy': 19.4, 'gz': -10.41}, {'t_us': 1085833271, 'ax': -0.96, 'ay': -0.08, 'az': 0.1, 'gx': -4.89, 'gy': 19.53, 'gz': -10.55}]",2026-02-13 11:33:13,0.0
"[{'t_us': 1085859633, 'ax': -0.98, 'ay': -0.06, 'az': 0.1, 'gx': -6.53, 'gy': 17.82, 'gz': -10.35}, {'t_us': 1085873296, 'ax': -0.98, 'ay': -0.07, 'az': 0.11, 'gx': -8.18, 'gy': 12.89, 'gz': -10.56}, {'t_us': 1085893288, 'ax': -0.95, 'ay': -0.06, 'az': 0.1, 'gx': -10.31, 'gy': 10.46, 'gz': -9.16}, {'t_us': 1085913278, 'ax': -0.92, 'ay': -0.05, 'az': 0.13, 'gx': -12.23, 'gy': 10.44, 'gz': -6.4}, {'t_us': 1085933278, 'ax': -0.89, 'ay': -0.05, 'az': 0.15, 'gx': -15.07, 'gy': 12.63, 'gz': -2.76}]",2026-02-13 11:33:13,0.0
"[{'t_us': 1085958275, 'ax': -0.87, 'ay': -0.05, 'az': 0.17, 'gx': -16.85, 'gy': 17.39, 'gz': 2.14}, {'t_us': 1085973655, 'ax': -0.85, 'ay': -0.05, 'az': 0.19, 'gx': -17.73, 'gy': 18.31, 'gz': 5.57}, {'t_us': 1085993333, 'ax': -0.85, 'ay': -0.05, 'az': 0.21, 'gx': -20.14, 'gy': 18.18, 'gz': 10.02}, {'t_us': 1086013283, 'ax': -0.87, 'ay': -0.05, 'az': 0.21, 'gx': -22.46, 'gy': 17.08, 'gz': 12.14}, {'t_us': 1086033315, 'ax': -0.89, 'ay': -0.04, 'az': 0.22, 'gx': -23.18, 'gy': 16.18, 'gz': 13.15}]",2026-02-13 11:33:13,0.0
"[{'t_us': 1086060320, 'ax': -0.91, 'ay': -0.04, 'az': 0.26, 'gx': -24.08, 'gy': 15.6, 'gz': 14.84}, {'t_us': 1086073280, 'ax': -0.93, 'ay': -0.04, 'az': 0.25, 'gx': -23.95, 'gy': 14.32, 'gz': 16.11}, {'t_us': 1086093278, 'ax': -0.94, 'ay': -0.03, 'az': 0.26, 'gx': -23.97, 'gy': 10.79, 'gz': 17.91}, {'t_us': 1086113310, 'ax': -0.98, 'ay': -0.07, 'az': 0.23, 'gx': -27.1, 'gy': 9.51, 'gz': 18.79}, {'t_us': 1086133330, 'ax': -1.0, 'ay': -0.06, 'az': 0.16, 'gx': -28.99, 'gy': 5.73, 'gz': 18.81}]",2026-02-13 11:33:13,0.0
"[{'t_us': 1086162565, 'ax': -1.06, 'ay': -0.04, 'az': 0.03, 'gx': -27.79, 'gy': 3.47, 'gz': 17.88}, {'t_us': 1086173329, 'ax': -1.07, 'ay': -0.04, 'az': 0.01, 'gx': -26.29, 'gy': 1.34, 'gz': 16.55}, {'t_us': 1086193333, 'ax': -1.03, 'ay': -0.05, 'az': 0.05, 'gx': -23.47, 'gy': -1.21, 'gz': 15.16}, {'t_us': 1086213283, 'ax': -0.97, 'ay': -0.02, 'az': 0.08, 'gx': -21.28, 'gy': -3.92, 'gz': 13.31}, {'t_us': 1086233330, 'ax': -0.92, 'ay': 0.02, 'az': 0.07, 'gx': -16.67, 'gy': -4.55, 'gz': 14.92}]",2026-02-13 11:33:13,0.0
"[{'t_us': 1086258390, 'ax': -0.9, 'ay': 0.04, 'az': 0.02, 'gx': -12.92, 'gy': -2.37, 'gz': 19.28}, {'t_us': 1086273266, 'ax': -0.92, 'ay': 0.04, 'az': 0.04, 'gx': -11.54, 'gy': 0.56, 'gz': 20.21}, {'t_us': 1086293266, 'ax': -0.93, 'ay': 0.06, 'az': 0.04, 'gx': -8.7, 'gy': 0.7, 'gz': 20.4}, {'t_us': 1086313296, 'ax': -0.97, 'ay': 0.08, 'az': 0.05, 'gx': -4.14, 'gy': -1.51, 'gz': 18.21}, {'t_us': 1086333330, 'ax': -0.99, 'ay': 0.08, 'az': 0.06, 'gx': 0.23, 'gy': -4.7, 'gz': 14.11}]",2026-02-13 11:33:13,0.0
"[{'t_us': 1086359186, 'ax': -0.98, 'ay': 0.09, 'az': 0.09, 'gx': 3.91, 'gy': -10.43, 'gz': 10.34}, {'t_us': 1086373317, 'ax': -0.99, 'ay': 0.08, 'az': 0.07, 'gx': 6.58, 'gy': -13.01, 'gz': 9.33}, {'t_us': 1086393321, 'ax': -0.97, 'ay': 0.08, 'az': 0.08, 'gx': 9.45, 'gy': -16.02, 'gz': 9.65}, {'t_us': 1086413329, 'ax': -0.95, 'ay': 0.08, 'az': 0.07, 'gx': 11.76, 'gy': -17.04, 'gz': 10.34}, {'t_us': 1086433283, 'ax': -0.95, 'ay': 0.11, 'az': 0.07, 'gx': 12.92, 'gy': -14.76, 'gz': 10.73}]",2026-02-13 11:33:13,0.0
"[{'t_us': 1086457630, 'ax': -0.92, 'ay': 0.13, 'az': 0.06, 'gx': 14.52, 'gy': -14.56, 'gz': 9.92}, {'t_us': 1086473296, 'ax': -0.9, 'ay': 0.17, 'az': 0.06, 'gx': 15.62, 'gy': -11.89, 'gz': 9.01}, {'t_us': 1086493274, 'ax': -0.89, 'ay': 0.18, 'az': 0.05, 'gx': 16.49, 'gy': -8.23, 'gz': 7.86}, {'t_us': 1086513274, 'ax': -0.87, 'ay': 0.18, 'az': 0.06, 'gx': 17.16, 'gy': -3.85, 'gz': 7.31}, {'t_us': 1086533310, 'ax': -0.87, 'ay': 0.16, 'az': 0.08, 'gx': 17.33, 'gy': 0.63, 'gz': 6.64}]",2026-02-13 11:33:13,0.0
"[{'t_us': 1086559124, 'ax': -0.89, 'ay': 0.16, 'az': 0.07, 'gx': 17.16, 'gy': 1.53, 'gz': 5.71}, {'t_us': 1086573326, 'ax': -0.89, 'ay': 0.16, 'az': 0.08, 'gx': 17.01, 'gy': 2.21, 'gz': 4.49}, {'t_us': 1086593266, 'ax': -0.89, 'ay': 0.17, 'az': 0.09, 'gx': 17.45, 'gy': 0.96, 'gz': 3.62}, {'t_us': 1086613266, 'ax': -0.88, 'ay': 0.18, 'az': 0.12, 'gx': 17.97, 'gy': 0.02, 'gz': 2.92}, {'t_us': 1086633330, 'ax': -0.88, 'ay': 0.18, 'az': 0.13, 'gx': 18.72, 'gy': 1.73, 'gz': 2.09}]",2026-02-13 11:33:13,0.0
"[{'t_us': 1086658067, 'ax': -0.89, 'ay': 0.18, 'az': 0.15, 'gx': 18.6, 'gy': 4.11, 'gz': 0.79}, {'t_us': 1086673748, 'ax': -0.91, 'ay': 0.2, 'az': 0.15, 'gx': 19.11, 'gy': 5.47, 'gz': 0.63}, {'t_us': 1086693266, 'ax': -0.9, 'ay': 0.18, 'az': 0.15, 'gx': 19.37, 'gy': 4.87, 'gz': -0.08}, {'t_us': 1086713296, 'ax': -0.89, 'ay': 0.18, 'az': 0.15, 'gx': 20.27, 'gy': 5.11, 'gz': -0.98}, {'t_us': 1086733290, 'ax': -0.88, 'ay': 0.17, 'az': 0.17, 'gx': 21.31, 'gy': 3.74, 'gz': -2.2}]",2026-02-13 11:33:13,0.0
"[{'t_us': 1086759855, 'ax': -0.85, 'ay': 0.16, 'az': 0.18, 'gx': 20.93, 'gy': 4.15, 'gz': -4.52}, {'t_us': 1086773960, 'ax': -0.86, 'ay': 0.16, 'az': 0.22, 'gx': 21.33, 'gy': 3.91, 'gz': -6.58}, {'t_us': 1086793330, 'ax': -0.87, 'ay': 0.16, 'az': 0.25, 'gx': 22.56, 'gy': 3.88, 'gz': -9.53}, {'t_us': 1086813283, 'ax': -0.87, 'ay': 0.14, 'az': 0.28, 'gx': 23.91, 'gy': 1.63, 'gz': -13.08}, {'t_us': 1086833325, 'ax': -0.85, 'ay': 0.13, 'az': 0.26, 'gx': 23.94, 'gy': -0.5, 'gz': -15.24}]",2026-02-13 11:33:14,0.0
"[{'t_us': 1086859388, 'ax': -0.81, 'ay': 0.12, 'az': 0.25, 'gx': 24.18, 'gy': -4.24, 'gz': -18.37}, {'t_us': 1086873312, 'ax': -0.8, 'ay': 0.17, 'az': 0.23, 'gx': 24.11, 'gy': 0.58, 'gz': -19.05}, {'t_us': 1086893310, 'ax': -0.92, 'ay': 0.19, 'az': 0.14, 'gx': 24.55, 'gy': 12.5, 'gz': -18.18}, {'t_us': 1086913317, 'ax': -1.11, 'ay': 0.16, 'az': 0.15, 'gx': 24.26, 'gy': 17.98, 'gz': -13.51}, {'t_us': 1086933310, 'ax': -1.21, 'ay': 0.08, 'az': 0.14, 'gx': 21.22, 'gy': 10.53, 'gz': -9.11}]",2026-02-13 11:33:14,0.0
"[{'t_us': 1086957784, 'ax': -1.14, 'ay': 0.13, 'az': 0.15, 'gx': 17.13, 'gy': -8.61, 'gz': -8.43}, {'t_us': 1086973325, 'ax': -1.06, 'ay': 0.16, 'az': 0.15, 'gx': 17.57, 'gy': -17.97, 'gz': -12.38}, {'t_us': 1086993303, 'ax': -0.92, 'ay': 0.13, 'az': 0.13, 'gx': 20.75, 'gy': -18.03, 'gz': -16.81}, {'t_us': 1087013266, 'ax': -0.83, 'ay': 0.08, 'az': 0.12, 'gx': 22.78, 'gy': -6.89, 'gz': -18.99}, {'t_us': 1087033266, 'ax': -0.83, 'ay': 0.08, 'az': 0.09, 'gx': 23.04, 'gy': 7.28, 'gz': -19.92}]",2026-02-13 11:33:14,0.0
"[{'t_us': 1087057938, 'ax': -0.89, 'ay': 0.06, 'az': 0.07, 'gx': 24.61, 'gy': 17.18, 'gz': -22.55}, {'t_us': 1087073296, 'ax': -0.93, 'ay': 0.06, 'az': 0.07, 'gx': 26.34, 'gy': 18.66, 'gz': -25.19}, {'t_us': 1087093296, 'ax': -0.98, 'ay': 0.04, 'az': 0.08, 'gx': 27.31, 'gy': 13.79, 'gz': -28.53}, {'t_us': 1087113310, 'ax': -0.98, 'ay': 0.0, 'az': 0.08, 'gx': 28.03, 'gy': 4.14, 'gz': -31.88}, {'t_us': 1087133329, 'ax': -0.93, 'ay': -0.03, 'az': 0.05, 'gx': 28.23, 'gy': -3.47, 'gz': -33.11}]",2026-02-13 11:33:14,0.0
"[{'t_us': 1087159428, 'ax': -0.89, 'ay': -0.07, 'az': 0.02, 'gx': 30.46, 'gy': -4.35, 'gz': -30.06}, {'t_us': 1087173274, 'ax': -0.9, 'ay': -0.09, 'az': 0.03, 'gx': 32.11, 'gy': -3.11, 'gz': -27.85}, {'t_us': 1087193315, 'ax': -0.91, 'ay': -0.09, 'az': 0.03, 'gx': 34.55, 'gy': -0.84, 'gz': -24.38}, {'t_us': 1087213271, 'ax': -0.91, 'ay': -0.03, 'az': 0.07, 'gx': 35.11, 'gy': 0.67, 'gz': -21.94}, {'t_us': 1087233315, 'ax': -0.91, 'ay': -0.0, 'az': 0.09, 'gx': 34.29, 'gy': 3.48, 'gz': -20.66}]",2026-02-13 11:33:14,0.0
"[{'t_us': 1087259972, 'ax': -0.97, 'ay': 0.02, 'az': 0.13, 'gx': 28.63, 'gy': 5.45, 'gz': -20.44}, {'t_us': 1087273274, 'ax': -1.0, 'ay': -0.01, 'az': 0.12, 'gx': 25.73, 'gy': 5.25, 'gz': -20.78}, {'t_us': 1087293274, 'ax': -1.01, 'ay': -0.04, 'az': 0.08, 'gx': 22.49, 'gy': -0.23, 'gz': -21.36}, {'t_us': 1087313310, 'ax': -0.97, 'ay': -0.04, 'az': 0.09, 'gx': 21.25, 'gy': -5.68, 'gz': -20.73}, {'t_us': 1087333266, 'ax': -0.9, 'ay': -0.06, 'az': 0.09, 'gx': 20.24, 'gy': -7.76, 'gz': -19.69}]",2026-02-13 11:33:14,0.0
"[{'t_us': 1087359473, 'ax': -0.86, 'ay': -0.09, 'az': 0.05, 'gx': 18.47, 'gy': 0.81, 'gz': -18.72}, {'t_us': 1087373830, 'ax': -0.87, 'ay': -0.09, 'az': 0.05, 'gx': 17.77, 'gy': 8.92, 'gz': -18.37}, {'t_us': 1087393278, 'ax': -0.89, 'ay': -0.11, 'az': 0.06, 'gx': 16.93, 'gy': 16.0, 'gz': -16.32}, {'t_us': 1087413300, 'ax': -0.93, 'ay': -0.08, 'az': 0.06, 'gx': 14.72, 'gy': 19.15, 'gz': -13.04}, {'t_us': 1087433278, 'ax': -0.95, 'ay': -0.07, 'az': 0.07, 'gx': 11.18, 'gy': 17.42, 'gz': -9.53}]",2026-02-13 11:33:14,0.0
"[{'t_us': 1087459410, 'ax': -0.96, 'ay': -0.03, 'az': 0.1, 'gx': 6.26, 'gy': 9.8, 'gz': -5.71}, {'t_us': 1087473289, 'ax': -0.94, 'ay': -0.02, 'az': 0.09, 'gx': 4.75, 'gy': 7.05, 'gz': -4.2}, {'t_us': 1087493325, 'ax': -0.91, 'ay': -0.02, 'az': 0.08, 'gx': 4.32, 'gy': 7.73, 'gz': -2.06}, {'t_us': 1087513278, 'ax': -0.9, 'ay': -0.05, 'az': 0.09, 'gx': 3.45, 'gy': 9.27, 'gz': 0.05}, {'t_us': 1087533333, 'ax': -0.9, 'ay': -0.08, 'az': 0.12, 'gx': 2.34, 'gy': 11.79, 'gz': 1.4}]",2026-02-13 11:33:14,0.0
"[{'t_us': 1087558062, 'ax': -0.91, 'ay': -0.08, 'az': 0.11, 'gx': -0.76, 'gy': 15.3, 'gz': 1.05}, {'t_us': 1087573266, 'ax': -0.92, 'ay': -0.08, 'az': 0.12, 'gx': -2.38, 'gy': 17.91, 'gz': 0.55}, {'t_us': 1087593271, 'ax': -0.93, 'ay': -0.07, 'az': 0.14, 'gx': -3.54, 'gy': 18.38, 'gz': 0.14}, {'t_us': 1087613304, 'ax': -0.93, 'ay': -0.06, 'az': 0.14, 'gx': -4.15, 'gy': 16.21, 'gz': 1.27}, {'t_us': 1087633296, 'ax': -0.91, 'ay': -0.05, 'az': 0.15, 'gx': -4.63, 'gy': 14.06, 'gz': 3.8}]",2026-02-13 11:33:14,0.0
"[{'t_us': 1087657922, 'ax': -0.9, 'ay': -0.04, 'az': 0.18, 'gx': -4.92, 'gy': 11.53, 'gz': 7.82}, {'t_us': 1087673271, 'ax': -0.88, 'ay': -0.05, 'az': 0.2, 'gx': -6.82, 'gy': 8.9, 'gz': 12.11}, {'t_us': 1087693296, 'ax': -0.85, 'ay': -0.05, 'az': 0.23, 'gx': -9.62, 'gy': 8.58, 'gz': 15.54}, {'t_us': 1087713325, 'ax': -0.85, 'ay': -0.05, 'az': 0.22, 'gx': -12.46, 'gy': 8.85, 'gz': 17.68}, {'t_us': 1087733330, 'ax': -0.88, 'ay': -0.04, 'az': 0.23, 'gx': -13.3, 'gy': 7.76, 'gz': 18.72}]",2026-02-13 11:33:14,0.0
"[{'t_us': 1087757801, 'ax': -0.95, 'ay': -0.05, 'az': 0.19, 'gx': -14.15, 'gy': 6.66, 'gz': 18.11}, {'t_us': 1087773330, 'ax': -0.99, 'ay': -0.08, 'az': 0.13, 'gx': -16.14, 'gy': 3.45, 'gz': 14.09}, {'t_us': 1087793283, 'ax': -1.02, 'ay': -0.04, 'az': 0.06, 'gx': -16.43, 'gy': 8.61, 'gz': 4.75}, {'t_us': 1087813315, 'ax': -1.1, 'ay': -0.02, 'az': 0.05, 'gx': -12.18, 'gy': 14.32, 'gz': -3.74}, {'t_us': 1087833278, 'ax': -1.16, 'ay': -0.07, 'az': 0.06, 'gx': -4.85, 'gy': 11.76, 'gz': -4.72}]",2026-02-13 11:33:15,0.0
"[{'t_us': 1087857974, 'ax': -1.13, 'ay': -0.13, 'az': 0.1, 'gx': -0.69, 'gy': -3.33, 'gz': 0.6}, {'t_us': 1087873303, 'ax': -1.04, 'ay': -0.14, 'az': 0.11, 'gx': -0.2, 'gy': -14.93, 'gz': 6.05}, {'t_us': 1087893329, 'ax': -0.95, 'ay': -0.12, 'az': 0.09, 'gx': 2.41, 'gy': -22.35, 'gz': 12.73}, {'t_us': 1087913296, 'ax': -0.91, 'ay': -0.09, 'az': 0.07, 'gx': 4.84, 'gy': -20.63, 'gz': 14.87}, {'t_us': 1087933266, 'ax': -0.87, 'ay': -0.0, 'az': 0.06, 'gx': 6.98, 'gy': -16.93, 'gz': 14.52}]",2026-02-13 11:33:15,0.0
"[{'t_us': 1087957655, 'ax': -0.89, 'ay': 0.09, 'az': 0.04, 'gx': 12.66, 'gy': -5.63, 'gz': 12.67}, {'t_us': 1087973330, 'ax': -0.94, 'ay': 0.11, 'az': 0.03, 'gx': 17.74, 'gy': -0.43, 'gz': 11.95}, {'t_us': 1087993333, 'ax': -0.98, 'ay': 0.11, 'az': 0.05, 'gx': 20.12, 'gy': -3.04, 'gz': 11.48}, {'t_us': 1088013288, 'ax': -0.99, 'ay': 0.07, 'az': 0.05, 'gx': 21.05, 'gy': -10.46, 'gz': 9.94}, {'t_us': 1088033296, 'ax': -0.96, 'ay': 0.07, 'az': 0.06, 'gx': 22.37, 'gy': -16.15, 'gz': 7.98}]",2026-02-13 11:33:15,0.0
"[{'t_us': 1088057921, 'ax': -0.93, 'ay': 0.06, 'az': 0.04, 'gx': 22.98, 'gy': -13.39, 'gz': 4.82}, {'t_us': 1088073274, 'ax': -0.93, 'ay': 0.08, 'az': 0.04, 'gx': 22.44, 'gy': -10.44, 'gz': 3.76}, {'t_us': 1088093274, 'ax': -0.94, 'ay': 0.12, 'az': 0.06, 'gx': 22.05, 'gy': -12.99, 'gz': 3.4}, {'t_us': 1088113274, 'ax': -0.92, 'ay': 0.14, 'az': 0.05, 'gx': 22.0, 'gy': -15.79, 'gz': 3.82}, {'t_us': 1088133310, 'ax': -0.89, 'ay': 0.13, 'az': 0.06, 'gx': 21.31, 'gy': -16.44, 'gz': 4.47}]",2026-02-13 11:33:15,0.0
"[{'t_us': 1088159986, 'ax': -0.89, 'ay': 0.13, 'az': 0.05, 'gx': 20.66, 'gy': -13.11, 'gz': 5.24}, {'t_us': 1088173289, 'ax': -0.9, 'ay': 0.13, 'az': 0.05, 'gx': 20.66, 'gy': -10.31, 'gz': 5.39}, {'t_us': 1088193288, 'ax': -0.9, 'ay': 0.11, 'az': 0.04, 'gx': 21.11, 'gy': -5.8, 'gz': 5.42}, {'t_us': 1088213296, 'ax': -0.92, 'ay': 0.09, 'az': 0.05, 'gx': 20.66, 'gy': -1.69, 'gz': 4.95}, {'t_us': 1088233304, 'ax': -0.91, 'ay': 0.08, 'az': 0.06, 'gx': 20.89, 'gy': 1.16, 'gz': 3.85}]",2026-02-13 11:33:15,0.0
"[{'t_us': 1088259719, 'ax': -0.93, 'ay': 0.1, 'az': 0.07, 'gx': 21.94, 'gy': 1.05, 'gz': 1.22}, {'t_us': 1088273321, 'ax': -0.94, 'ay': 0.11, 'az': 0.09, 'gx': 23.15, 'gy': -0.79, 'gz': -0.49}, {'t_us': 1088293274, 'ax': -0.94, 'ay': 0.13, 'az': 0.1, 'gx': 25.22, 'gy': -2.81, 'gz': -1.51}, {'t_us': 1088313333, 'ax': -0.93, 'ay': 0.14, 'az': 0.1, 'gx': 26.24, 'gy': -1.86, 'gz': -2.58}, {'t_us': 1088333283, 'ax': -0.94, 'ay': 0.15, 'az': 0.12, 'gx': 27.1, 'gy': -0.72, 'gz': -3.25}]",2026-02-13 11:33:15,
"[{'t_us': 1088359278, 'ax': -0.92, 'ay': 0.15, 'az': 0.14, 'gx': 27.83, 'gy': -0.18, 'gz': -2.46}, {'t_us': 1088373283, 'ax': -0.9, 'ay': 0.15, 'az': 0.16, 'gx': 27.25, 'gy': 1.13, 'gz': -2.17}, {'t_us': 1088393271, 'ax': -0.89, 'ay': 0.16, 'az': 0.17, 'gx': 26.06, 'gy': 3.13, 'gz': -1.21}, {'t_us': 1088413315, 'ax': -0.89, 'ay': 0.17, 'az': 0.18, 'gx': 24.38, 'gy': 7.21, 'gz': -1.01}, {'t_us': 1088433283, 'ax': -0.91, 'ay': 0.17, 'az': 0.19, 'gx': 22.9, 'gy': 10.37, 'gz': -1.6}]",2026-02-13 11:33:15,0.0
"[{'t_us': 1088457649, 'ax': -0.92, 'ay': 0.17, 'az': 0.18, 'gx': 21.51, 'gy': 8.15, 'gz': -3.15}, {'t_us': 1088473325, 'ax': -0.93, 'ay': 0.15, 'az': 0.19, 'gx': 20.99, 'gy': 6.24, 'gz': -4.26}, {'t_us': 1088493333, 'ax': -0.92, 'ay': 0.14, 'az': 0.2, 'gx': 21.45, 'gy': 3.47, 'gz': -6.08}, {'t_us': 1088513327, 'ax': -0.9, 'ay': 0.12, 'az': 0.21, 'gx': 23.3, 'gy': 2.76, 'gz': -8.21}, {'t_us': 1088533288, 'ax': -0.88, 'ay': 0.08, 'az': 0.24, 'gx': 24.15, 'gy': 1.74, 'gz': -9.86}]",2026-02-13 11:33:15,0.0
"[{'t_us': 1088559427, 'ax': -0.87, 'ay': 0.05, 'az': 0.23, 'gx': 25.82, 'gy': 1.45, 'gz': -12.49}, {'t_us': 1088573331, 'ax': -0.86, 'ay': 0.05, 'az': 0.22, 'gx': 26.72, 'gy': 2.5, 'gz': -14.92}, {'t_us': 1088593333, 'ax': -0.86, 'ay': 0.07, 'az': 0.21, 'gx': 27.39, 'gy': 2.9, 'gz': -18.52}, {'t_us': 1088613271, 'ax': -0.85, 'ay': 0.12, 'az': 0.2, 'gx': 27.01, 'gy': 4.63, 'gz': -21.34}, {'t_us': 1088633310, 'ax': -0.9, 'ay': 0.18, 'az': 0.17, 'gx': 28.49, 'gy': 7.71, 'gz': -19.82}]",2026-02-13 11:33:15,0.0
"[{'t_us': 1088659446, 'ax': -1.01, 'ay': 0.12, 'az': 0.19, 'gx': 30.05, 'gy': 4.84, 'gz': -11.13}, {'t_us': 1088674161, 'ax': -1.04, 'ay': 0.1, 'az': 0.14, 'gx': 27.76, 'gy': -0.18, 'gz': -6.55}, {'t_us': 1088693315, 'ax': -1.03, 'ay': 0.09, 'az': 0.09, 'gx': 24.03, 'gy': -7.33, 'gz': -1.47}, {'t_us': 1088713310, 'ax': -0.97, 'ay': 0.08, 'az': 0.1, 'gx': 22.32, 'gy': -8.21, 'gz': -0.61}, {'t_us': 1088733266, 'ax': -0.88, 'ay': 0.09, 'az': 0.1, 'gx': 21.31, 'gy': -5.5, 'gz': -2.81}]",2026-02-13 11:33:16,0.0
"[{'t_us': 1088759955, 'ax': -0.82, 'ay': 0.08, 'az': 0.12, 'gx': 23.8, 'gy': -2.73, 'gz': -7.68}, {'t_us': 1088773332, 'ax': -0.8, 'ay': 0.05, 'az': 0.11, 'gx': 24.76, 'gy': 1.53, 'gz': -9.97}, {'t_us': 1088793266, 'ax': -0.87, 'ay': 0.04, 'az': 0.1, 'gx': 26.79, 'gy': 9.22, 'gz': -11.85}, {'t_us': 1088813323, 'ax': -0.95, 'ay': 0.02, 'az': 0.08, 'gx': 28.05, 'gy': 12.66, 'gz': -13.04}, {'t_us': 1088833278, 'ax': -1.01, 'ay': 0.0, 'az': 0.06, 'gx': 28.55, 'gy': 11.95, 'gz': -13.51}]",2026-02-13 11:33:16,0.0
"[{'t_us': 1088858315, 'ax': -1.06, 'ay': -0.02, 'az': 0.05, 'gx': 27.79, 'gy': 6.73, 'gz': -13.3}, {'t_us': 1088873304, 'ax': -1.04, 'ay': -0.0, 'az': 0.05, 'gx': 27.62, 'gy': 2.52, 'gz': -14.87}, {'t_us': 1088893315, 'ax': -1.01, 'ay': 0.01, 'az': 0.07, 'gx': 25.6, 'gy': -2.31, 'gz': -17.53}, {'t_us': 1088913271, 'ax': -0.97, 'ay': 0.03, 'az': 0.09, 'gx': 23.22, 'gy': -3.45, 'gz': -20.49}, {'t_us': 1088933333, 'ax': -0.94, 'ay': 0.06, 'az': 0.16, 'gx': 20.56, 'gy': -3.79, 'gz': -22.27}]",2026-02-13 11:33:16,0.0
"[{'t_us': 1088959357, 'ax': -0.94, 'ay': 0.05, 'az': 0.16, 'gx': 17.83, 'gy': -1.76, 'gz': -23.79}, {'t_us': 1088973325, 'ax': -0.96, 'ay': 0.01, 'az': 0.14, 'gx': 17.1, 'gy': 0.34, 'gz': -24.2}, {'t_us': 1088993333, 'ax': -0.98, 'ay': -0.05, 'az': 0.15, 'gx': 14.66, 'gy': -0.2, 'gz': -23.36}, {'t_us': 1089013283, 'ax': -0.97, 'ay': -0.08, 'az': 0.14, 'gx': 12.56, 'gy': -0.18, 'gz': -22.29}, {'t_us': 1089033333, 'ax': -0.96, 'ay': -0.09, 'az': 0.11, 'gx': 11.88, 'gy': -0.14, 'gz': -21.4}]",2026-02-13 11:33:16,0.0
"[{'t_us': 1089059603, 'ax': -0.94, 'ay': -0.08, 'az': 0.11, 'gx': 11.36, 'gy': 0.47, 'gz': -20.43}, {'t_us': 1089073274, 'ax': -0.91, 'ay': -0.07, 'az': 0.1, 'gx': 10.52, 'gy': 0.6, 'gz': -20.02}, {'t_us': 1089093310, 'ax': -0.88, 'ay': -0.06, 'az': 0.08, 'gx': 10.06, 'gy': 6.79, 'gz': -19.73}, {'t_us': 1089113300, 'ax': -0.88, 'ay': -0.05, 'az': 0.07, 'gx': 9.79, 'gy': 12.72, 'gz': -19.36}, {'t_us': 1089133325, 'ax': -0.89, 'ay': -0.04, 'az': 0.07, 'gx': 9.83, 'gy': 17.79, 'gz': -18.17}]",2026-02-13 11:33:16,0.0
"[{'t_us': 1089159470, 'ax': -0.91, 'ay': -0.06, 'az': 0.09, 'gx': 9.15, 'gy': 16.61, 'gz': -14.56}, {'t_us': 1089173315, 'ax': -0.9, 'ay': -0.05, 'az': 0.09, 'gx': 8.52, 'gy': 15.33, 'gz': -12.5}, {'t_us': 1089193296, 'ax': -0.9, 'ay': -0.05, 'az': 0.11, 'gx': 6.29, 'gy': 12.98, 'gz': -9.62}, {'t_us': 1089213283, 'ax': -0.9, 'ay': -0.07, 'az': 0.1, 'gx': 4.24, 'gy': 10.79, 'gz': -7.01}, {'t_us': 1089233288, 'ax': -0.89, 'ay': -0.08, 'az': 0.12, 'gx': 1.59, 'gy': 12.63, 'gz': -5.27}]",2026-02-13 11:33:16,0.0
"[{'t_us': 1089258015, 'ax': -0.88, 'ay': -0.07, 'az': 0.13, 'gx': -3.68, 'gy': 17.69, 'gz': -2.66}, {'t_us': 1089273325, 'ax': -0.89, 'ay': -0.07, 'az': 0.15, 'gx': -6.15, 'gy': 20.64, 'gz': -1.22}, {'t_us': 1089293333, 'ax': -0.9, 'ay': -0.05, 'az': 0.18, 'gx': -9.28, 'gy': 23.07, 'gz': 1.19}, {'t_us': 1089313283, 'ax': -0.92, 'ay': -0.03, 'az': 0.17, 'gx': -11.83, 'gy': 18.63, 'gz': 4.02}, {'t_us': 1089333275, 'ax': -0.92, 'ay': -0.05, 'az': 0.21, 'gx': -14.61, 'gy': 10.21, 'gz': 6.92}]",2026-02-13 11:33:16,0.0
"[{'t_us': 1089359630, 'ax': -0.93, 'ay': -0.07, 'az': 0.2, 'gx': -17.6, 'gy': 6.47, 'gz': 8.47}, {'t_us': 1089373321, 'ax': -0.94, 'ay': -0.08, 'az': 0.18, 'gx': -19.11, 'gy': 5.08, 'gz': 8.78}, {'t_us': 1089393274, 'ax': -0.96, 'ay': -0.09, 'az': 0.15, 'gx': -22.12, 'gy': 5.79, 'gz': 7.68}, {'t_us': 1089413342, 'ax': -0.95, 'ay': -0.07, 'az': 0.11, 'gx': -24.87, 'gy': 9.79, 'gz': 5.66}, {'t_us': 1089433327, 'ax': -0.97, 'ay': -0.05, 'az': 0.06, 'gx': -24.46, 'gy': 11.77, 'gz': 4.34}]",2026-02-13 11:33:16,0.0
"[{'t_us': 1089459431, 'ax': -0.98, 'ay': -0.08, 'az': 0.07, 'gx': -22.06, 'gy': 12.61, 'gz': 4.37}, {'t_us': 1089473274, 'ax': -0.99, 'ay': -0.09, 'az': 0.07, 'gx': -20.12, 'gy': 12.6, 'gz': 5.1}, {'t_us': 1089493271, 'ax': -1.01, 'ay': -0.09, 'az': 0.08, 'gx': -17.71, 'gy': 9.05, 'gz': 8.52}, {'t_us': 1089513304, 'ax': -1.02, 'ay': -0.07, 'az': 0.06, 'gx': -14.76, 'gy': 5.4, 'gz': 12.4}, {'t_us': 1089533315, 'ax': -1.02, 'ay': -0.05, 'az': 0.03, 'gx': -10.56, 'gy': 1.04, 'gz': 15.51}]",2026-02-13 11:33:16,0.0
"[{'t_us': 1089558425, 'ax': -0.97, 'ay': -0.03, 'az': 0.0, 'gx': -7.79, 'gy': 0.06, 'gz': 18.23}, {'t_us': 1089573266, 'ax': -0.94, 'ay': -0.02, 'az': 0.02, 'gx': -7.27, 'gy': -0.15, 'gz': 18.82}, {'t_us': 1089593325, 'ax': -0.89, 'ay': 0.01, 'az': 0.02, 'gx': -8.41, 'gy': 1.07, 'gz': 19.48}, {'t_us': 1089613310, 'ax': -0.88, 'ay': 0.05, 'az': -0.01, 'gx': -8.78, 'gy': 3.36, 'gz': 19.94}, {'t_us': 1089633324, 'ax': -0.9, 'ay': 0.08, 'az': -0.03, 'gx': -6.84, 'gy': 4.02, 'gz': 20.15}]",2026-02-13 11:33:16,0.0
"[{'t_us': 1089659388, 'ax': -0.95, 'ay': 0.12, 'az': -0.03, 'gx': -5.65, 'gy': 2.9, 'gz': 21.07}, {'t_us': 1089673325, 'ax': -0.95, 'ay': 0.11, 'az': -0.01, 'gx': -5.4, 'gy': -0.06, 'gz': 20.89}, {'t_us': 1089693304, 'ax': -0.94, 'ay': 0.13, 'az': 0.01, 'gx': -5.05, 'gy': -3.73, 'gz': 19.16}, {'t_us': 1089713315, 'ax': -0.95, 'ay': 0.1, 'az': 0.01, 'gx': -5.15, 'gy': -6.12, 'gz': 16.63}, {'t_us': 1089733304, 'ax': -0.97, 'ay': 0.08, 'az': 0.04, 'gx': -3.21, 'gy': -7.3, 'gz': 13.27}]",2026-02-13 11:33:16,0.0
"[{'t_us': 1089758169, 'ax': -0.96, 'ay': 0.06, 'az': 0.07, 'gx': 1.86, 'gy': -8.99, 'gz': 9.47}, {'t_us': 1089773315, 'ax': -0.97, 'ay': 0.05, 'az': 0.07, 'gx': 6.03, 'gy': -8.29, 'gz': 8.72}, {'t_us': 1089793321, 'ax': -1.0, 'ay': 0.04, 'az': 0.09, 'gx': 10.29, 'gy': -10.41, 'gz': 8.15}, {'t_us': 1089813274, 'ax': -0.99, 'ay': 0.05, 'az': 0.09, 'gx': 14.41, 'gy': -15.33, 'gz': 7.42}, {'t_us': 1089833283, 'ax': -0.94, 'ay': 0.09, 'az': 0.09, 'gx': 16.75, 'gy': -21.01, 'gz': 4.69}]",2026-02-13 11:33:17,0.0
"[{'t_us': 1089859611, 'ax': -0.89, 'ay': 0.11, 'az': 0.09, 'gx': 19.47, 'gy': -20.92, 'gz': -0.43}, {'t_us': 1089873310, 'ax': -0.87, 'ay': 0.14, 'az': 0.09, 'gx': 19.98, 'gy': -16.61, 'gz': -3.19}, {'t_us': 1089893271, 'ax': -0.86, 'ay': 0.15, 'az': 0.09, 'gx': 20.64, 'gy': -6.18, 'gz': -4.55}, {'t_us': 1089913271, 'ax': -0.89, 'ay': 0.14, 'az': 0.12, 'gx': 20.64, 'gy': -0.02, 'gz': -5.05}, {'t_us': 1089933266, 'ax': -0.92, 'ay': 0.12, 'az': 0.09, 'gx': 20.05, 'gy': -0.14, 'gz': -5.53}]",2026-02-13 11:33:17,0.0
"[{'t_us': 1089958193, 'ax': -0.93, 'ay': 0.11, 'az': 0.09, 'gx': 18.95, 'gy': -0.85, 'gz': -3.21}, {'t_us': 1089973278, 'ax': -0.94, 'ay': 0.11, 'az': 0.1, 'gx': 18.5, 'gy': -1.68, 'gz': -2.93}, {'t_us': 1089993278, 'ax': -0.92, 'ay': 0.11, 'az': 0.11, 'gx': 18.0, 'gy': -3.24, 'gz': -2.66}, {'t_us': 1090013310, 'ax': -0.92, 'ay': 0.11, 'az': 0.11, 'gx': 17.01, 'gy': -4.7, 'gz': -2.46}, {'t_us': 1090033330, 'ax': -0.89, 'ay': 0.1, 'az': 0.16, 'gx': 18.69, 'gy': -4.78, 'gz': -2.75}]",2026-02-13 11:33:17,0.0
"[{'t_us': 1090059530, 'ax': -0.88, 'ay': 0.09, 'az': 0.2, 'gx': 19.34, 'gy': -2.98, 'gz': -1.42}, {'t_us': 1090074282, 'ax': -0.89, 'ay': 0.1, 'az': 0.21, 'gx': 18.09, 'gy': -3.36, 'gz': -0.44}, {'t_us': 1090093296, 'ax': -0.89, 'ay': 0.11, 'az': 0.21, 'gx': 15.45, 'gy': -5.39, 'gz': 1.86}, {'t_us': 1090113325, 'ax': -0.92, 'ay': 0.1, 'az': 0.16, 'gx': 13.08, 'gy': -2.27, 'gz': 3.15}, {'t_us': 1090133333, 'ax': -0.91, 'ay': 0.11, 'az': 0.15, 'gx': 11.04, 'gy': -5.05, 'gz': 3.97}]",2026-02-13 11:33:17,0.0
"[{'t_us': 1090160113, 'ax': -0.87, 'ay': 0.11, 'az': 0.18, 'gx': 9.33, 'gy': -2.73, 'gz': 3.65}, {'t_us': 1090173315, 'ax': -0.87, 'ay': 0.1, 'az': 0.2, 'gx': 8.7, 'gy': 0.08, 'gz': 2.92}, {'t_us': 1090193433, 'ax': -0.85, 'ay': 0.11, 'az': 0.22, 'gx': 9.36, 'gy': 4.14, 'gz': 2.63}, {'t_us': 1090213315, 'ax': -0.86, 'ay': 0.17, 'az': 0.25, 'gx': 8.89, 'gy': 8.76, 'gz': 2.43}, {'t_us': 1090233271, 'ax': -0.92, 'ay': 0.22, 'az': 0.28, 'gx': 8.69, 'gy': 12.82, 'gz': 4.03}]",2026-02-13 11:33:17,0.0
"[{'t_us': 1090259781, 'ax': -0.95, 'ay': 0.27, 'az': 0.25, 'gx': 12.72, 'gy': 1.48, 'gz': 9.15}, {'t_us': 1090273321, 'ax': -0.91, 'ay': 0.16, 'az': 0.21, 'gx': 14.49, 'gy': 1.65, 'gz': 11.6}, {'t_us': 1090293296, 'ax': -0.94, 'ay': -0.11, 'az': 0.03, 'gx': 10.58, 'gy': 15.54, 'gz': 13.95}, {'t_us': 1090313310, 'ax': -1.13, 'ay': -0.15, 'az': -0.11, 'gx': 4.92, 'gy': 11.73, 'gz': 12.81}, {'t_us': 1090333266, 'ax': -1.32, 'ay': -0.15, 'az': -0.07, 'gx': -4.38, 'gy': -41.47, 'gz': 6.78}]",2026-02-13 11:33:17,0.0
"[{'t_us': 1090360708, 'ax': -0.94, 'ay': -0.2, 'az': 0.16, 'gx': 0.41, 'gy': -41.8, 'gz': 10.75}, {'t_us': 1090373870, 'ax': -0.87, 'ay': -0.17, 'az': 0.22, 'gx': -4.66, 'gy': -34.79, 'gz': 15.71}, {'t_us': 1090393315, 'ax': -0.98, 'ay': -0.03, 'az': 0.15, 'gx': -9.76, 'gy': -32.4, 'gz': 20.38}, {'t_us': 1090413271, 'ax': -1.02, 'ay': -0.08, 'az': 0.23, 'gx': -4.18, 'gy': -52.17, 'gz': 24.09}, {'t_us': 1090433266, 'ax': -0.93, 'ay': -0.16, 'az': 0.18, 'gx': -2.49, 'gy': -50.46, 'gz': 27.91}]",2026-02-13 11:33:17,0.0
"[{'t_us': 1090460899, 'ax': -0.66, 'ay': -0.14, 'az': 0.09, 'gx': -2.87, 'gy': -51.79, 'gz': 36.23}, {'t_us': 1090473281, 'ax': -0.58, 'ay': -0.14, 'az': 0.05, 'gx': -5.68, 'gy': -46.72, 'gz': 35.57}, {'t_us': 1090493283, 'ax': -0.55, 'ay': -0.08, 'az': -0.01, 'gx': -8.64, 'gy': -25.88, 'gz': 26.67}, {'t_us': 1090513315, 'ax': -0.71, 'ay': 0.13, 'az': -0.08, 'gx': -9.68, 'gy': -0.95, 'gz': 21.21}, {'t_us': 1090533304, 'ax': -0.67, 'ay': 0.21, 'az': 0.42, 'gx': -12.43, 'gy': 15.59, 'gz': 21.86}]",2026-02-13 11:33:17,0.0
"[{'t_us': 1090558469, 'ax': -0.88, 'ay': 0.2, 'az': 0.37, 'gx': 0.92, 'gy': 19.94, 'gz': 17.53}, {'t_us': 1090573328, 'ax': -0.74, 'ay': 0.28, 'az': 0.5, 'gx': -2.52, 'gy': 7.56, 'gz': 24.02}, {'t_us': 1090593333, 'ax': -0.76, 'ay': 0.32, 'az': 0.45, 'gx': -7.51, 'gy': -3.34, 'gz': 29.59}, {'t_us': 1090613283, 'ax': -0.77, 'ay': 0.3, 'az': 0.38, 'gx': -24.47, 'gy': -17.08, 'gz': 33.11}, {'t_us': 1090633321, 'ax': -0.93, 'ay': 0.4, 'az': 0.48, 'gx': -39.44, 'gy': -25.24, 'gz': 33.08}]",2026-02-13 11:33:17,0.0
"[{'t_us': 1090659729, 'ax': -1.22, 'ay': 0.42, 'az': 0.67, 'gx': -65.62, 'gy': -35.08, 'gz': 41.07}, {'t_us': 1090673304, 'ax': -1.24, 'ay': 0.34, 'az': 0.58, 'gx': -78.67, 'gy': -34.44, 'gz': 40.14}, {'t_us': 1090693271, 'ax': -1.04, 'ay': 0.12, 'az': 0.43, 'gx': -101.51, 'gy': -66.0, 'gz': 41.65}, {'t_us': 1090713271, 'ax': -0.89, 'ay': -0.3, 'az': 0.02, 'gx': -105.24, 'gy': -77.1, 'gz': 36.35}, {'t_us': 1090733321, 'ax': -0.92, 'ay': -0.45, 'az': -0.28, 'gx': -89.91, 'gy': -67.57, 'gz': 34.52}]",2026-02-13 11:33:17,0.0
"[{'t_us': 1090760373, 'ax': -0.8, 'ay': -1.18, 'az': -0.29, 'gx': -42.95, 'gy': -25.39, 'gz': 31.16}, {'t_us': 1090773321, 'ax': -1.01, 'ay': -1.35, 'az': -0.25, 'gx': -26.73, 'gy': -32.41, 'gz': 34.75}, {'t_us': 1090793325, 'ax': -0.89, 'ay': -1.27, 'az': -0.32, 'gx': 12.24, 'gy': -30.7, 'gz': 42.85}, {'t_us': 1090813278, 'ax': -0.79, 'ay': -0.41, 'az': -0.23, 'gx': 43.42, 'gy': -71.53, 'gz': 65.83}, {'t_us': 1090833271, 'ax': -0.95, 'ay': 0.03, 'az': -0.07, 'gx': 48.7, 'gy': -118.23, 'gz': 78.67}]",2026-02-13 11:33:18,0.0
"[{'t_us': 1090858046, 'ax': -0.41, 'ay': 0.18, 'az': 0.22, 'gx': 32.18, 'gy': -135.89, 'gz': 81.92}, {'t_us': 1090873324, 'ax': -0.08, 'ay': 0.31, 'az': 0.08, 'gx': 29.95, 'gy': -105.98, 'gz': 90.35}, {'t_us': 1090893333, 'ax': 0.13, 'ay': 0.47, 'az': 0.07, 'gx': 29.08, 'gy': -48.9, 'gz': 90.73}, {'t_us': 1090913283, 'ax': 0.14, 'ay': 0.45, 'az': -0.0, 'gx': 29.98, 'gy': -0.87, 'gz': 76.82}, {'t_us': 1090933304, 'ax': 0.03, 'ay': 0.57, 'az': -0.06, 'gx': 23.05, 'gy': 5.31, 'gz': 72.53}]",2026-02-13 11:33:18,0.0
"[{'t_us': 1090957729, 'ax': -0.04, 'ay': 0.57, 'az': -0.2, 'gx': -14.9, 'gy': 16.58, 'gz': 66.93}, {'t_us': 1090974428, 'ax': -0.17, 'ay': 0.43, 'az': -0.25, 'gx': -29.21, 'gy': 14.32, 'gz': 57.63}, {'t_us': 1090993304, 'ax': -0.31, 'ay': 0.38, 'az': 0.05, 'gx': -34.41, 'gy': -3.11, 'gz': 50.84}, {'t_us': 1091013333, 'ax': -0.62, 'ay': 0.28, 'az': 0.33, 'gx': -16.11, 'gy': -20.63, 'gz': 37.65}, {'t_us': 1091033266, 'ax': -1.06, 'ay': 0.15, 'az': 0.59, 'gx': 2.76, 'gy': -45.34, 'gz': 39.54}]",2026-02-13 11:33:18,0.0
"[{'t_us': 1091057779, 'ax': -0.91, 'ay': -0.38, 'az': 0.5, 'gx': 16.0, 'gy': -3.31, 'gz': 95.69}, {'t_us': 1091073276, 'ax': -0.72, 'ay': -0.25, 'az': -0.01, 'gx': 15.73, 'gy': -24.24, 'gz': 141.33}, {'t_us': 1091093310, 'ax': -0.42, 'ay': -0.11, 'az': -0.11, 'gx': 35.54, 'gy': -89.16, 'gz': 149.53}, {'t_us': 1091113266, 'ax': 0.09, 'ay': 0.03, 'az': -0.05, 'gx': 41.25, 'gy': -116.5, 'gz': 162.99}, {'t_us': 1091133296, 'ax': 0.32, 'ay': -0.04, 'az': 0.12, 'gx': 41.01, 'gy': -84.79, 'gz': 170.61}]",2026-02-13 11:33:18,0.0
"[{'t_us': 1091159941, 'ax': 0.3, 'ay': -0.37, 'az': 0.3, 'gx': 51.48, 'gy': -17.16, 'gz': 164.18}, {'t_us': 1091173271, 'ax': 0.43, 'ay': 0.49, 'az': 0.42, 'gx': 64.82, 'gy': -21.89, 'gz': 172.44}, {'t_us': 1091193333, 'ax': 0.05, 'ay': 1.57, 'az': 1.12, 'gx': 25.74, 'gy': -28.63, 'gz': 140.95}, {'t_us': 1091213283, 'ax': 0.35, 'ay': 0.94, 'az': 0.45, 'gx': 26.2, 'gy': -98.24, 'gz': 135.79}, {'t_us': 1091233315, 'ax': 0.56, 'ay': 2.0, 'az': 2.0, 'gx': 28.34, 'gy': -178.66, 'gz': 127.02}]",2026-02-13 11:33:18,0.0
"[{'t_us': 1091259133, 'ax': -0.12, 'ay': 2.0, 'az': 2.0, 'gx': -32.32, 'gy': -198.23, 'gz': 109.19}, {'t_us': 1091273266, 'ax': 1.6, 'ay': 2.0, 'az': 2.0, 'gx': 3.6, 'gy': -204.69, 'gz': 191.31}, {'t_us': 1091293330, 'ax': 1.23, 'ay': 2.0, 'az': 1.46, 'gx': 109.62, 'gy': -108.05, 'gz': 273.74}, {'t_us': 1091313283, 'ax': 0.12, 'ay': 1.71, 'az': 0.57, 'gx': 121.3, 'gy': -16.76, 'gz': 194.87}, {'t_us': 1091333304, 'ax': 0.53, 'ay': 0.7, 'az': 0.6, 'gx': 82.9, 'gy': -30.82, 'gz': 69.88}]",2026-02-13 11:33:18,0.0
"[{'t_us': 1091359480, 'ax': 0.74, 'ay': 1.72, 'az': 0.4, 'gx': 18.2, 'gy': -27.54, 'gz': 8.23}, {'t_us': 1091373300, 'ax': 0.52, 'ay': 1.03, 'az': 0.15, 'gx': 4.63, 'gy': -27.28, 'gz': -0.87}, {'t_us': 1091393274, 'ax': 0.72, 'ay': 0.92, 'az': 0.24, 'gx': 3.22, 'gy': -42.44, 'gz': 4.03}, {'t_us': 1091413310, 'ax': 0.54, 'ay': 0.27, 'az': 0.06, 'gx': -22.95, 'gy': -43.34, 'gz': -4.43}, {'t_us': 1091433282, 'ax': 0.51, 'ay': 0.17, 'az': -0.03, 'gx': -37.94, 'gy': -68.66, 'gz': -9.07}]",2026-02-13 11:33:18,0.0
"[{'t_us': 1091457867, 'ax': 0.5, 'ay': 0.23, 'az': 0.18, 'gx': -36.31, 'gy': -53.71, 'gz': -21.15}, {'t_us': 1091473321, 'ax': 0.58, 'ay': 0.25, 'az': 0.25, 'gx': -26.92, 'gy': -42.46, 'gz': -10.76}, {'t_us': 1091493310, 'ax': 0.44, 'ay': 0.42, 'az': 0.3, 'gx': -33.11, 'gy': -10.47, 'gz': 13.07}, {'t_us': 1091513266, 'ax': 0.51, 'ay': 0.66, 'az': 0.4, 'gx': -38.31, 'gy': 12.15, 'gz': 17.94}, {'t_us': 1091533296, 'ax': 0.56, 'ay': 0.72, 'az': 0.38, 'gx': -45.44, 'gy': 32.43, 'gz': 14.4}]",2026-02-13 11:33:18,0.0
"[{'t_us': 1091559446, 'ax': 0.48, 'ay': 0.57, 'az': 0.21, 'gx': -45.51, 'gy': 40.85, 'gz': 2.84}, {'t_us': 1091573314, 'ax': 0.49, 'ay': 0.45, 'az': 0.23, 'gx': -44.72, 'gy': 32.0, 'gz': -0.5}, {'t_us': 1091593271, 'ax': 0.64, 'ay': 0.48, 'az': 0.36, 'gx': -46.23, 'gy': 16.66, 'gz': -8.63}, {'t_us': 1091613304, 'ax': 0.42, 'ay': 0.39, 'az': 0.4, 'gx': -54.66, 'gy': 31.97, 'gz': -6.0}, {'t_us': 1091633289, 'ax': 0.27, 'ay': 0.65, 'az': 0.58, 'gx': -58.46, 'gy': 26.08, 'gz': -15.4}]",2026-02-13 11:33:18,0.0
"[{'t_us': 1091659432, 'ax': 0.74, 'ay': 0.85, 'az': 0.64, 'gx': -60.08, 'gy': 14.09, 'gz': 8.72}, {'t_us': 1091673325, 'ax': 0.8, 'ay': 0.9, 'az': 0.58, 'gx': -55.15, 'gy': 30.02, 'gz': 19.92}, {'t_us': 1091693310, 'ax': 0.62, 'ay': 0.78, 'az': 0.55, 'gx': -45.92, 'gy': 34.55, 'gz': 23.21}, {'t_us': 1091713266, 'ax': 0.47, 'ay': 0.68, 'az': 0.64, 'gx': -43.98, 'gy': 13.05, 'gz': 23.04}, {'t_us': 1091733296, 'ax': 0.51, 'ay': 0.69, 'az': 0.65, 'gx': -47.83, 'gy': -6.44, 'gz': 10.24}]",2026-02-13 11:33:19,0.0
"[{'t_us': 1091757882, 'ax': 0.46, 'ay': 0.74, 'az': 0.64, 'gx': -46.93, 'gy': -23.63, 'gz': -2.56}, {'t_us': 1091773325, 'ax': 0.39, 'ay': 0.72, 'az': 0.61, 'gx': -34.31, 'gy': -30.34, 'gz': -8.69}, {'t_us': 1091793288, 'ax': 0.36, 'ay': 0.56, 'az': 0.68, 'gx': -20.29, 'gy': -30.96, 'gz': -11.98}, {'t_us': 1091813296, 'ax': 0.3, 'ay': 0.48, 'az': 0.73, 'gx': -15.65, 'gy': -22.32, 'gz': -12.12}, {'t_us': 1091833304, 'ax': 0.27, 'ay': 0.59, 'az': 0.71, 'gx': -17.16, 'gy': -9.34, 'gz': -12.08}]",2026-02-13 11:33:19,0.0
"[{'t_us': 1091857707, 'ax': 0.34, 'ay': 0.63, 'az': 0.65, 'gx': -18.6, 'gy': 1.34, 'gz': -9.36}, {'t_us': 1091873271, 'ax': 0.36, 'ay': 0.62, 'az': 0.61, 'gx': -19.89, 'gy': 7.22, 'gz': -4.58}, {'t_us': 1091893279, 'ax': 0.34, 'ay': 0.61, 'az': 0.55, 'gx': -23.22, 'gy': 9.97, 'gz': -0.23}, {'t_us': 1091913310, 'ax': 0.31, 'ay': 0.59, 'az': 0.58, 'gx': -25.53, 'gy': 12.55, 'gz': 1.71}, {'t_us': 1091933321, 'ax': 0.24, 'ay': 0.55, 'az': 0.62, 'gx': -27.08, 'gy': 11.42, 'gz': 0.44}]",2026-02-13 11:33:19,0.0
"[{'t_us': 1091959759, 'ax': 0.21, 'ay': 0.55, 'az': 0.65, 'gx': -23.77, 'gy': 5.47, 'gz': -0.4}, {'t_us': 1091973310, 'ax': 0.22, 'ay': 0.55, 'az': 0.67, 'gx': -19.94, 'gy': 1.28, 'gz': 1.33}, {'t_us': 1091993297, 'ax': 0.27, 'ay': 0.55, 'az': 0.69, 'gx': -14.67, 'gy': -2.61, 'gz': 3.04}, {'t_us': 1092013271, 'ax': 0.31, 'ay': 0.56, 'az': 0.71, 'gx': -11.73, 'gy': -3.37, 'gz': 4.11}, {'t_us': 1092033266, 'ax': 0.32, 'ay': 0.57, 'az': 0.73, 'gx': -9.95, 'gy': -2.53, 'gz': 4.11}]",2026-02-13 11:33:19,0.0
"[{'t_us': 1092059748, 'ax': 0.34, 'ay': 0.57, 'az': 0.72, 'gx': -7.94, 'gy': 1.62, 'gz': 2.61}, {'t_us': 1092073272, 'ax': 0.36, 'ay': 0.56, 'az': 0.73, 'gx': -6.76, 'gy': 2.58, 'gz': 1.62}, {'t_us': 1092093333, 'ax': 0.37, 'ay': 0.53, 'az': 0.72, 'gx': -6.98, 'gy': 3.37, 'gz': 1.88}, {'t_us': 1092113266, 'ax': 0.37, 'ay': 0.5, 'az': 0.69, 'gx': -6.43, 'gy': 3.25, 'gz': 2.85}, {'t_us': 1092133282, 'ax': 0.36, 'ay': 0.5, 'az': 0.69, 'gx': -5.19, 'gy': 2.95, 'gz': 4.12}]",2026-02-13 11:33:19,0.0
"[{'t_us': 1092157799, 'ax': 0.38, 'ay': 0.52, 'az': 0.68, 'gx': -2.96, 'gy': 4.09, 'gz': 4.05}, {'t_us': 1092173290, 'ax': 0.38, 'ay': 0.52, 'az': 0.69, 'gx': -1.59, 'gy': 4.63, 'gz': 2.7}, {'t_us': 1092193277, 'ax': 0.39, 'ay': 0.55, 'az': 0.67, 'gx': -0.49, 'gy': 4.0, 'gz': 0.55}, {'t_us': 1092213266, 'ax': 0.4, 'ay': 0.56, 'az': 0.66, 'gx': 0.35, 'gy': 4.46, 'gz': -1.74}, {'t_us': 1092233296, 'ax': 0.41, 'ay': 0.59, 'az': 0.66, 'gx': 0.7, 'gy': 7.19, 'gz': -3.42}]",2026-02-13 11:33:19,0.0
"[{'t_us': 1092259359, 'ax': 0.37, 'ay': 0.61, 'az': 0.65, 'gx': 1.22, 'gy': 8.52, 'gz': -4.76}, {'t_us': 1092274907, 'ax': 0.35, 'ay': 0.62, 'az': 0.65, 'gx': 0.69, 'gy': 7.42, 'gz': -4.75}, {'t_us': 1092293271, 'ax': 0.34, 'ay': 0.63, 'az': 0.64, 'gx': 0.08, 'gy': 6.89, 'gz': -4.32}, {'t_us': 1092313283, 'ax': 0.34, 'ay': 0.61, 'az': 0.65, 'gx': -0.4, 'gy': 5.5, 'gz': -3.16}, {'t_us': 1092333287, 'ax': 0.34, 'ay': 0.61, 'az': 0.66, 'gx': -0.98, 'gy': 3.77, 'gz': -1.88}]",2026-02-13 11:33:19,0.0
"[{'t_us': 1092359404, 'ax': 0.34, 'ay': 0.61, 'az': 0.67, 'gx': -2.67, 'gy': 5.36, 'gz': -0.95}, {'t_us': 1092373271, 'ax': 0.34, 'ay': 0.61, 'az': 0.66, 'gx': -3.37, 'gy': 6.79, 'gz': -0.79}, {'t_us': 1092393271, 'ax': 0.33, 'ay': 0.61, 'az': 0.66, 'gx': -3.88, 'gy': 6.76, 'gz': -0.93}, {'t_us': 1092413283, 'ax': 0.33, 'ay': 0.61, 'az': 0.66, 'gx': -4.43, 'gy': 6.15, 'gz': -0.73}, {'t_us': 1092433271, 'ax': 0.33, 'ay': 0.61, 'az': 0.66, 'gx': -4.93, 'gy': 5.66, 'gz': -0.34}]",2026-02-13 11:33:19,0.0
"[{'t_us': 1092457896, 'ax': 0.35, 'ay': 0.6, 'az': 0.66, 'gx': -6.4, 'gy': 4.66, 'gz': 0.82}, {'t_us': 1092473271, 'ax': 0.34, 'ay': 0.6, 'az': 0.67, 'gx': -6.7, 'gy': 3.92, 'gz': 1.42}, {'t_us': 1092493271, 'ax': 0.35, 'ay': 0.59, 'az': 0.67, 'gx': -6.63, 'gy': 3.65, 'gz': 1.63}, {'t_us': 1092513304, 'ax': 0.35, 'ay': 0.58, 'az': 0.67, 'gx': -6.7, 'gy': 4.89, 'gz': 2.18}, {'t_us': 1092533315, 'ax': 0.35, 'ay': 0.57, 'az': 0.68, 'gx': -6.7, 'gy': 6.18, 'gz': 2.58}]",2026-02-13 11:33:19,0.0
"[{'t_us': 1092559944, 'ax': 0.34, 'ay': 0.57, 'az': 0.67, 'gx': -6.63, 'gy': 7.66, 'gz': 2.47}, {'t_us': 1092574449, 'ax': 0.35, 'ay': 0.57, 'az': 0.67, 'gx': -6.53, 'gy': 7.79, 'gz': 2.37}, {'t_us': 1092593321, 'ax': 0.35, 'ay': 0.56, 'az': 0.68, 'gx': -5.98, 'gy': 7.91, 'gz': 1.66}, {'t_us': 1092613288, 'ax': 0.35, 'ay': 0.56, 'az': 0.68, 'gx': -5.28, 'gy': 7.21, 'gz': 0.98}, {'t_us': 1092633296, 'ax': 0.34, 'ay': 0.56, 'az': 0.67, 'gx': -4.76, 'gy': 6.56, 'gz': 0.29}]",2026-02-13 11:33:19,0.0
"[{'t_us': 1092659399, 'ax': 0.35, 'ay': 0.57, 'az': 0.68, 'gx': -4.23, 'gy': 5.83, 'gz': -0.05}, {'t_us': 1092673282, 'ax': 0.35, 'ay': 0.57, 'az': 0.68, 'gx': -3.63, 'gy': 5.73, 'gz': -0.06}, {'t_us': 1092693266, 'ax': 0.35, 'ay': 0.57, 'az': 0.66, 'gx': -3.8, 'gy': 5.45, 'gz': -0.46}, {'t_us': 1092713315, 'ax': 0.34, 'ay': 0.58, 'az': 0.67, 'gx': -3.65, 'gy': 5.47, 'gz': -0.29}, {'t_us': 1092733271, 'ax': 0.34, 'ay': 0.57, 'az': 0.67, 'gx': -3.5, 'gy': 4.6, 'gz': -0.6}]",2026-02-13 11:33:19,0.0
"[{'t_us': 1092759425, 'ax': 0.34, 'ay': 0.57, 'az': 0.68, 'gx': -3.74, 'gy': 4.27, 'gz': -0.56}, {'t_us': 1092773278, 'ax': 0.34, 'ay': 0.57, 'az': 0.68, 'gx': -3.48, 'gy': 4.55, 'gz': -0.7}, {'t_us': 1092793278, 'ax': 0.33, 'ay': 0.57, 'az': 0.67, 'gx': -3.16, 'gy': 3.11, 'gz': -0.7}, {'t_us': 1092813314, 'ax': 0.33, 'ay': 0.58, 'az': 0.68, 'gx': -3.53, 'gy': 1.21, 'gz': -0.55}, {'t_us': 1092833333, 'ax': 0.34, 'ay': 0.57, 'az': 0.69, 'gx': -3.59, 'gy': 0.73, 'gz': -0.41}]",2026-02-13 11:33:20,0.0
"[{'t_us': 1092859679, 'ax': 0.33, 'ay': 0.58, 'az': 0.68, 'gx': -3.97, 'gy': 0.12, 'gz': -0.15}, {'t_us': 1092873293, 'ax': 0.34, 'ay': 0.57, 'az': 0.67, 'gx': -3.88, 'gy': -0.43, 'gz': 0.05}, {'t_us': 1092893288, 'ax': 0.35, 'ay': 0.58, 'az': 0.67, 'gx': -4.34, 'gy': -0.03, 'gz': 0.11}, {'t_us': 1092913266, 'ax': 0.34, 'ay': 0.58, 'az': 0.66, 'gx': -4.18, 'gy': 0.24, 'gz': 0.37}, {'t_us': 1092933321, 'ax': 0.35, 'ay': 0.58, 'az': 0.67, 'gx': -4.32, 'gy': 0.72, 'gz': 0.53}]",2026-02-13 11:33:20,0.0
"[{'t_us': 1092959891, 'ax': 0.35, 'ay': 0.58, 'az': 0.67, 'gx': -4.82, 'gy': 1.57, 'gz': 0.5}, {'t_us': 1092973278, 'ax': 0.35, 'ay': 0.57, 'az': 0.68, 'gx': -5.16, 'gy': 1.77, 'gz': 0.43}, {'t_us': 1092993278, 'ax': 0.35, 'ay': 0.58, 'az': 0.68, 'gx': -5.08, 'gy': 2.26, 'gz': 0.6}, {'t_us': 1093013329, 'ax': 0.35, 'ay': 0.58, 'az': 0.68, 'gx': -4.93, 'gy': 2.27, 'gz': 0.31}, {'t_us': 1093033315, 'ax': 0.35, 'ay': 0.58, 'az': 0.69, 'gx': -4.73, 'gy': 2.31, 'gz': 0.09}]",2026-02-13 11:33:20,0.0
"[{'t_us': 1093059569, 'ax': 0.35, 'ay': 0.57, 'az': 0.67, 'gx': -4.9, 'gy': 2.7, 'gz': 0.06}, {'t_us': 1093073318, 'ax': 0.35, 'ay': 0.57, 'az': 0.68, 'gx': -4.87, 'gy': 2.58, 'gz': 0.15}, {'t_us': 1093093325, 'ax': 0.35, 'ay': 0.57, 'az': 0.67, 'gx': -5.13, 'gy': 2.6, 'gz': 0.49}, {'t_us': 1093113278, 'ax': 0.35, 'ay': 0.57, 'az': 0.68, 'gx': -5.63, 'gy': 2.95, 'gz': 0.27}, {'t_us': 1093133271, 'ax': 0.35, 'ay': 0.57, 'az': 0.68, 'gx': -5.65, 'gy': 3.15, 'gz': 0.35}]",2026-02-13 11:33:20,0.0
"[{'t_us': 1093159434, 'ax': 0.35, 'ay': 0.56, 'az': 0.68, 'gx': -4.95, 'gy': 3.19, 'gz': 0.29}, {'t_us': 1093173342, 'ax': 0.35, 'ay': 0.56, 'az': 0.68, 'gx': -4.87, 'gy': 3.28, 'gz': 0.18}, {'t_us': 1093193287, 'ax': 0.35, 'ay': 0.56, 'az': 0.68, 'gx': -4.4, 'gy': 3.1, 'gz': 0.43}, {'t_us': 1093213288, 'ax': 0.34, 'ay': 0.57, 'az': 0.68, 'gx': -4.26, 'gy': 3.36, 'gz': 0.21}, {'t_us': 1093233315, 'ax': 0.35, 'ay': 0.57, 'az': 0.68, 'gx': -4.23, 'gy': 3.65, 'gz': 0.02}]",2026-02-13 11:33:20,0.0
"[{'t_us': 1093259869, 'ax': 0.35, 'ay': 0.57, 'az': 0.67, 'gx': -4.27, 'gy': 3.11, 'gz': 0.18}, {'t_us': 1093273310, 'ax': 0.35, 'ay': 0.58, 'az': 0.68, 'gx': -4.38, 'gy': 2.89, 'gz': 0.17}, {'t_us': 1093293321, 'ax': 0.35, 'ay': 0.57, 'az': 0.68, 'gx': -4.29, 'gy': 3.31, 'gz': 0.21}, {'t_us': 1093313274, 'ax': 0.35, 'ay': 0.57, 'az': 0.69, 'gx': -3.98, 'gy': 3.89, 'gz': 0.29}, {'t_us': 1093333333, 'ax': 0.35, 'ay': 0.56, 'az': 0.68, 'gx': -4.18, 'gy': 2.63, 'gz': 0.05}]",2026-02-13 11:33:20,0.0
"[{'t_us': 1093359648, 'ax': 0.35, 'ay': 0.56, 'az': 0.67, 'gx': -3.77, 'gy': 2.64, 'gz': 0.26}, {'t_us': 1093373310, 'ax': 0.35, 'ay': 0.57, 'az': 0.68, 'gx': -3.62, 'gy': 2.89, 'gz': 0.17}, {'t_us': 1093393298, 'ax': 0.35, 'ay': 0.56, 'az': 0.67, 'gx': -4.0, 'gy': 2.46, 'gz': 0.24}, {'t_us': 1093413321, 'ax': 0.35, 'ay': 0.57, 'az': 0.68, 'gx': -4.06, 'gy': 2.49, 'gz': 0.27}, {'t_us': 1093433278, 'ax': 0.35, 'ay': 0.56, 'az': 0.67, 'gx': -4.2, 'gy': 2.85, 'gz': 0.38}]",2026-02-13 11:33:20,0.0
"[{'t_us': 1093457691, 'ax': 0.36, 'ay': 0.56, 'az': 0.68, 'gx': -3.73, 'gy': 2.69, 'gz': 0.23}, {'t_us': 1093473278, 'ax': 0.35, 'ay': 0.56, 'az': 0.68, 'gx': -4.18, 'gy': 2.63, 'gz': 0.11}, {'t_us': 1093493304, 'ax': 0.35, 'ay': 0.57, 'az': 0.68, 'gx': -3.88, 'gy': 2.63, 'gz': -0.06}, {'t_us': 1093513315, 'ax': 0.35, 'ay': 0.57, 'az': 0.68, 'gx': -3.82, 'gy': 2.85, 'gz': -0.11}, {'t_us': 1093533333, 'ax': 0.36, 'ay': 0.56, 'az': 0.68, 'gx': -3.77, 'gy': 3.08, 'gz': -0.12}]",2026-02-13 11:33:20,0.0
"[{'t_us': 1093559407, 'ax': 0.34, 'ay': 0.56, 'az': 0.68, 'gx': -3.8, 'gy': 3.31, 'gz': -0.2}, {'t_us': 1093573383, 'ax': 0.34, 'ay': 0.56, 'az': 0.68, 'gx': -3.69, 'gy': 3.33, 'gz': -0.15}, {'t_us': 1093593330, 'ax': 0.35, 'ay': 0.57, 'az': 0.67, 'gx': -3.69, 'gy': 3.27, 'gz': 0.37}, {'t_us': 1093613333, 'ax': 0.35, 'ay': 0.57, 'az': 0.68, 'gx': -3.97, 'gy': 4.4, 'gz': 0.43}, {'t_us': 1093633296, 'ax': 0.35, 'ay': 0.57, 'az': 0.68, 'gx': -4.0, 'gy': 4.7, 'gz': 0.34}]",2026-02-13 11:33:20,0.0
"[{'t_us': 1093659962, 'ax': 0.35, 'ay': 0.57, 'az': 0.68, 'gx': -3.6, 'gy': 4.6, 'gz': 0.03}, {'t_us': 1093673328, 'ax': 0.35, 'ay': 0.56, 'az': 0.69, 'gx': -3.45, 'gy': 4.87, 'gz': 0.26}, {'t_us': 1093693288, 'ax': 0.35, 'ay': 0.56, 'az': 0.68, 'gx': -3.27, 'gy': 5.54, 'gz': 0.21}, {'t_us': 1093713321, 'ax': 0.36, 'ay': 0.56, 'az': 0.68, 'gx': -3.07, 'gy': 6.21, 'gz': -0.05}, {'t_us': 1093733304, 'ax': 0.35, 'ay': 0.56, 'az': 0.69, 'gx': -2.96, 'gy': 6.12, 'gz': -0.05}]",2026-02-13 11:33:20,0.0
"[{'t_us': 1093758438, 'ax': 0.34, 'ay': 0.57, 'az': 0.67, 'gx': -3.27, 'gy': 6.05, 'gz': -0.05}, {'t_us': 1093773304, 'ax': 0.35, 'ay': 0.57, 'az': 0.69, 'gx': -3.08, 'gy': 6.12, 'gz': -0.03}, {'t_us': 1093793315, 'ax': 0.35, 'ay': 0.56, 'az': 0.67, 'gx': -3.47, 'gy': 6.29, 'gz': -0.14}, {'t_us': 1093813271, 'ax': 0.35, 'ay': 0.56, 'az': 0.68, 'gx': -3.48, 'gy': 6.0, 'gz': -0.24}, {'t_us': 1093833296, 'ax': 0.35, 'ay': 0.56, 'az': 0.68, 'gx': -3.22, 'gy': 6.21, 'gz': -0.35}]",2026-02-13 11:33:21,0.0
"[{'t_us': 1093858311, 'ax': 0.33, 'ay': 0.56, 'az': 0.69, 'gx': -2.85, 'gy': 5.45, 'gz': -0.05}, {'t_us': 1093873271, 'ax': 0.33, 'ay': 0.56, 'az': 0.68, 'gx': -3.28, 'gy': 3.74, 'gz': -0.18}, {'t_us': 1093893271, 'ax': 0.34, 'ay': 0.56, 'az': 0.69, 'gx': -3.34, 'gy': 2.96, 'gz': -0.23}, {'t_us': 1093913304, 'ax': 0.34, 'ay': 0.56, 'az': 0.68, 'gx': -3.33, 'gy': 2.35, 'gz': -0.03}, {'t_us': 1093933299, 'ax': 0.35, 'ay': 0.57, 'az': 0.68, 'gx': -3.59, 'gy': 1.45, 'gz': 0.0}]",2026-02-13 11:33:21,0.0
"[{'t_us': 1093957596, 'ax': 0.35, 'ay': 0.56, 'az': 0.68, 'gx': -3.36, 'gy': 1.97, 'gz': 0.05}, {'t_us': 1093973321, 'ax': 0.34, 'ay': 0.57, 'az': 0.68, 'gx': -3.63, 'gy': 2.5, 'gz': 0.12}, {'t_us': 1093993325, 'ax': 0.35, 'ay': 0.56, 'az': 0.68, 'gx': -3.8, 'gy': 2.55, 'gz': -0.11}, {'t_us': 1094013278, 'ax': 0.35, 'ay': 0.57, 'az': 0.68, 'gx': -4.12, 'gy': 2.11, 'gz': -0.03}, {'t_us': 1094033271, 'ax': 0.34, 'ay': 0.56, 'az': 0.65, 'gx': -3.47, 'gy': 1.37, 'gz': -0.2}]",2026-02-13 11:33:21,0.0
"[{'t_us': 1094057945, 'ax': 0.35, 'ay': 0.56, 'az': 0.68, 'gx': -3.69, 'gy': 1.39, 'gz': 0.05}, {'t_us': 1094073310, 'ax': 0.35, 'ay': 0.57, 'az': 0.68, 'gx': -3.66, 'gy': 1.91, 'gz': 0.06}, {'t_us': 1094093315, 'ax': 0.35, 'ay': 0.56, 'az': 0.68, 'gx': -3.63, 'gy': 2.29, 'gz': 0.03}, {'t_us': 1094113271, 'ax': 0.34, 'ay': 0.56, 'az': 0.68, 'gx': -3.73, 'gy': 1.8, 'gz': -0.14}, {'t_us': 1094133274, 'ax': 0.34, 'ay': 0.57, 'az': 0.67, 'gx': -3.83, 'gy': 1.36, 'gz': 0.02}]",2026-02-13 11:33:21,0.0
"[{'t_us': 1094159644, 'ax': 0.36, 'ay': 0.56, 'az': 0.68, 'gx': -3.82, 'gy': 1.6, 'gz': -0.06}, {'t_us': 1094173333, 'ax': 0.35, 'ay': 0.57, 'az': 0.69, 'gx': -3.74, 'gy': 1.82, 'gz': -0.05}, {'t_us': 1094193266, 'ax': 0.34, 'ay': 0.56, 'az': 0.68, 'gx': -3.66, 'gy': 2.34, 'gz': -0.09}, {'t_us': 1094213271, 'ax': 0.35, 'ay': 0.57, 'az': 0.68, 'gx': -3.77, 'gy': 2.67, 'gz': -0.02}, {'t_us': 1094233304, 'ax': 0.35, 'ay': 0.56, 'az': 0.69, 'gx': -3.69, 'gy': 2.82, 'gz': 0.08}]",2026-02-13 11:33:21,0.0
"[{'t_us': 1094257874, 'ax': 0.34, 'ay': 0.57, 'az': 0.68, 'gx': -3.79, 'gy': 2.75, 'gz': 0.05}, {'t_us': 1094273304, 'ax': 0.35, 'ay': 0.56, 'az': 0.68, 'gx': -3.69, 'gy': 2.79, 'gz': 0.0}, {'t_us': 1094293315, 'ax': 0.35, 'ay': 0.57, 'az': 0.69, 'gx': -3.65, 'gy': 2.98, 'gz': -0.05}, {'t_us': 1094313271, 'ax': 0.35, 'ay': 0.57, 'az': 0.69, 'gx': -3.51, 'gy': 3.24, 'gz': -0.09}, {'t_us': 1094333266, 'ax': 0.35, 'ay': 0.56, 'az': 0.68, 'gx': -3.79, 'gy': 3.4, 'gz': -0.03}]",2026-02-13 11:33:21,0.0
"[{'t_us': 1094359623, 'ax': 0.35, 'ay': 0.57, 'az': 0.68, 'gx': -3.91, 'gy': 3.05, 'gz': -0.05}, {'t_us': 1094373308, 'ax': 0.35, 'ay': 0.56, 'az': 0.68, 'gx': -3.8, 'gy': 3.39, 'gz': -0.11}, {'t_us': 1094393315, 'ax': 0.35, 'ay': 0.56, 'az': 0.69, 'gx': -3.8, 'gy': 4.31, 'gz': 0.14}, {'t_us': 1094413271, 'ax': 0.34, 'ay': 0.56, 'az': 0.68, 'gx': -3.77, 'gy': 2.26, 'gz': 0.09}, {'t_us': 1094433321, 'ax': 0.35, 'ay': 0.56, 'az': 0.68, 'gx': -3.73, 'gy': 2.03, 'gz': -0.11}]",2026-02-13 11:33:21,0.0
"[{'t_us': 1094460246, 'ax': 0.35, 'ay': 0.56, 'az': 0.68, 'gx': -3.4, 'gy': 2.53, 'gz': -0.11}, {'t_us': 1094473307, 'ax': 0.36, 'ay': 0.56, 'az': 0.68, 'gx': -3.6, 'gy': 2.35, 'gz': 0.11}, {'t_us': 1094493315, 'ax': 0.35, 'ay': 0.56, 'az': 0.69, 'gx': -3.66, 'gy': 2.7, 'gz': -0.08}, {'t_us': 1094513271, 'ax': 0.35, 'ay': 0.56, 'az': 0.68, 'gx': -3.69, 'gy': 2.61, 'gz': 0.05}, {'t_us': 1094533278, 'ax': 0.35, 'ay': 0.56, 'az': 0.68, 'gx': -3.56, 'gy': 2.52, 'gz': -0.14}]",2026-02-13 11:33:21,0.0
"[{'t_us': 1094559764, 'ax': 0.36, 'ay': 0.57, 'az': 0.69, 'gx': -3.63, 'gy': 3.07, 'gz': -0.14}, {'t_us': 1094573266, 'ax': 0.35, 'ay': 0.57, 'az': 0.69, 'gx': -3.33, 'gy': 3.33, 'gz': -0.15}, {'t_us': 1094593266, 'ax': 0.35, 'ay': 0.56, 'az': 0.68, 'gx': -4.02, 'gy': 3.34, 'gz': 0.14}, {'t_us': 1094613296, 'ax': 0.35, 'ay': 0.56, 'az': 0.68, 'gx': -3.86, 'gy': 3.4, 'gz': -0.06}, {'t_us': 1094633278, 'ax': 0.35, 'ay': 0.56, 'az': 0.69, 'gx': -3.85, 'gy': 3.48, 'gz': -0.34}]",2026-02-13 11:33:21,0.0
"[{'t_us': 1094658441, 'ax': 0.35, 'ay': 0.57, 'az': 0.68, 'gx': -3.51, 'gy': 2.63, 'gz': 0.02}, {'t_us': 1094673296, 'ax': 0.36, 'ay': 0.56, 'az': 0.68, 'gx': -3.39, 'gy': 2.85, 'gz': 0.08}, {'t_us': 1094693325, 'ax': 0.35, 'ay': 0.55, 'az': 0.69, 'gx': -3.71, 'gy': 3.37, 'gz': 0.02}, {'t_us': 1094713330, 'ax': 0.34, 'ay': 0.56, 'az': 0.69, 'gx': -3.88, 'gy': 3.3, 'gz': 0.11}, {'t_us': 1094733325, 'ax': 0.35, 'ay': 0.56, 'az': 0.69, 'gx': -3.71, 'gy': 3.36, 'gz': 0.05}]",2026-02-13 11:33:21,0.0
"[{'t_us': 1094757657, 'ax': 0.35, 'ay': 0.56, 'az': 0.68, 'gx': -3.69, 'gy': 3.28, 'gz': 0.06}, {'t_us': 1094773321, 'ax': 0.36, 'ay': 0.57, 'az': 0.68, 'gx': -3.57, 'gy': 3.5, 'gz': 0.18}, {'t_us': 1094793283, 'ax': 0.35, 'ay': 0.56, 'az': 0.68, 'gx': -3.51, 'gy': 3.73, 'gz': 0.05}, {'t_us': 1094813271, 'ax': 0.35, 'ay': 0.55, 'az': 0.68, 'gx': -3.73, 'gy': 3.44, 'gz': 0.24}, {'t_us': 1094833311, 'ax': 0.36, 'ay': 0.57, 'az': 0.68, 'gx': -3.53, 'gy': 3.44, 'gz': 0.08}]",2026-02-13 11:33:22,0.0
"[{'t_us': 1094858692, 'ax': 0.35, 'ay': 0.56, 'az': 0.68, 'gx': -3.33, 'gy': 3.66, 'gz': -0.03}, {'t_us': 1094873312, 'ax': 0.35, 'ay': 0.56, 'az': 0.69, 'gx': -3.39, 'gy': 3.83, 'gz': -0.17}, {'t_us': 1094893321, 'ax': 0.34, 'ay': 0.56, 'az': 0.68, 'gx': -3.47, 'gy': 4.0, 'gz': -0.18}, {'t_us': 1094913274, 'ax': 0.35, 'ay': 0.56, 'az': 0.68, 'gx': -3.45, 'gy': 3.54, 'gz': -0.12}, {'t_us': 1094933321, 'ax': 0.35, 'ay': 0.56, 'az': 0.68, 'gx': -3.76, 'gy': 3.3, 'gz': 0.05}]",2026-02-13 11:33:22,0.0
"[{'t_us': 1094960680, 'ax': 0.35, 'ay': 0.56, 'az': 0.69, 'gx': -3.59, 'gy': 4.6, 'gz': -0.09}, {'t_us': 1094973274, 'ax': 0.34, 'ay': 0.57, 'az': 0.69, 'gx': -3.4, 'gy': 3.86, 'gz': -0.05}, {'t_us': 1094993288, 'ax': 0.35, 'ay': 0.56, 'az': 0.67, 'gx': -3.27, 'gy': 3.57, 'gz': -0.02}, {'t_us': 1095013321, 'ax': 0.35, 'ay': 0.56, 'az': 0.68, 'gx': -2.95, 'gy': 4.18, 'gz': -0.08}, {'t_us': 1095033296, 'ax': 0.35, 'ay': 0.56, 'az': 0.68, 'gx': -2.87, 'gy': 4.11, 'gz': 0.2}]",2026-02-13 11:33:22,0.0
"[{'t_us': 1095060353, 'ax': 0.35, 'ay': 0.56, 'az': 0.68, 'gx': -3.25, 'gy': 4.27, 'gz': 0.31}, {'t_us': 1095073296, 'ax': 0.35, 'ay': 0.56, 'az': 0.68, 'gx': -3.21, 'gy': 4.56, 'gz': 0.08}, {'t_us': 1095093310, 'ax': 0.35, 'ay': 0.56, 'az': 0.68, 'gx': -3.39, 'gy': 4.47, 'gz': -0.05}, {'t_us': 1095113266, 'ax': 0.35, 'ay': 0.55, 'az': 0.68, 'gx': -3.53, 'gy': 4.5, 'gz': 0.18}, {'t_us': 1095133304, 'ax': 0.35, 'ay': 0.57, 'az': 0.69, 'gx': -3.62, 'gy': 4.37, 'gz': 0.09}]",2026-02-13 11:33:22,0.0
"[{'t_us': 1095159882, 'ax': 0.35, 'ay': 0.56, 'az': 0.69, 'gx': -3.65, 'gy': 3.88, 'gz': 0.0}, {'t_us': 1095173329, 'ax': 0.35, 'ay': 0.56, 'az': 0.68, 'gx': -3.68, 'gy': 3.89, 'gz': 0.02}, {'t_us': 1095193304, 'ax': 0.35, 'ay': 0.56, 'az': 0.69, 'gx': -3.65, 'gy': 4.26, 'gz': 0.0}, {'t_us': 1095213321, 'ax': 0.35, 'ay': 0.56, 'az': 0.69, 'gx': -3.68, 'gy': 4.67, 'gz': 0.02}, {'t_us': 1095233274, 'ax': 0.36, 'ay': 0.56, 'az': 0.7, 'gx': -3.8, 'gy': 4.85, 'gz': -0.02}]",2026-02-13 11:33:22,0.0
"[{'t_us': 1095257537, 'ax': 0.35, 'ay': 0.56, 'az': 0.69, 'gx': -3.57, 'gy': 5.4, 'gz': 0.15}, {'t_us': 1095273912, 'ax': 0.35, 'ay': 0.56, 'az': 0.68, 'gx': -3.37, 'gy': 5.53, 'gz': -0.09}, {'t_us': 1095293278, 'ax': 0.35, 'ay': 0.56, 'az': 0.69, 'gx': -3.01, 'gy': 6.08, 'gz': 0.17}, {'t_us': 1095313310, 'ax': 0.35, 'ay': 0.56, 'az': 0.69, 'gx': -3.08, 'gy': 6.31, 'gz': 0.03}, {'t_us': 1095333304, 'ax': 0.35, 'ay': 0.56, 'az': 0.69, 'gx': -3.34, 'gy': 6.49, 'gz': -0.17}]",2026-02-13 11:33:22,0.0
"[{'t_us': 1095359790, 'ax': 0.34, 'ay': 0.56, 'az': 0.68, 'gx': -3.48, 'gy': 5.4, 'gz': -0.06}, {'t_us': 1095373268, 'ax': 0.34, 'ay': 0.56, 'az': 0.68, 'gx': -3.44, 'gy': 5.05, 'gz': -0.11}, {'t_us': 1095393325, 'ax': 0.34, 'ay': 0.56, 'az': 0.69, 'gx': -3.45, 'gy': 4.46, 'gz': -0.09}, {'t_us': 1095413278, 'ax': 0.34, 'ay': 0.56, 'az': 0.68, 'gx': -3.5, 'gy': 4.23, 'gz': -0.02}, {'t_us': 1095433296, 'ax': 0.34, 'ay': 0.56, 'az': 0.69, 'gx': -3.6, 'gy': 3.66, 'gz': -0.24}]",2026-02-13 11:33:22,0.0
"[{'t_us': 1095459460, 'ax': 0.34, 'ay': 0.56, 'az': 0.69, 'gx': -3.5, 'gy': 2.72, 'gz': -0.14}, {'t_us': 1095473289, 'ax': 0.34, 'ay': 0.56, 'az': 0.69, 'gx': -3.66, 'gy': 2.26, 'gz': -0.23}, {'t_us': 1095493296, 'ax': 0.34, 'ay': 0.56, 'az': 0.69, 'gx': -3.69, 'gy': 2.53, 'gz': -0.02}, {'t_us': 1095513325, 'ax': 0.34, 'ay': 0.56, 'az': 0.68, 'gx': -3.74, 'gy': 2.09, 'gz': -0.02}, {'t_us': 1095533296, 'ax': 0.35, 'ay': 0.55, 'az': 0.68, 'gx': -3.77, 'gy': 2.0, 'gz': 0.02}]",2026-02-13 11:33:22,0.0
"[{'t_us': 1095558136, 'ax': 0.35, 'ay': 0.56, 'az': 0.69, 'gx': -3.53, 'gy': 2.18, 'gz': 0.14}, {'t_us': 1095573293, 'ax': 0.34, 'ay': 0.55, 'az': 0.69, 'gx': -3.76, 'gy': 2.38, 'gz': -0.05}, {'t_us': 1095593333, 'ax': 0.35, 'ay': 0.56, 'az': 0.69, 'gx': -3.76, 'gy': 0.69, 'gz': 0.05}, {'t_us': 1095613266, 'ax': 0.35, 'ay': 0.56, 'az': 0.68, 'gx': -3.62, 'gy': 1.13, 'gz': -0.18}, {'t_us': 1095633304, 'ax': 0.34, 'ay': 0.56, 'az': 0.68, 'gx': -3.47, 'gy': 1.36, 'gz': 0.17}]",2026-02-13 11:33:22,0.0
"[{'t_us': 1095659777, 'ax': 0.34, 'ay': 0.55, 'az': 0.69, 'gx': -3.62, 'gy': 0.49, 'gz': 0.11}, {'t_us': 1095673325, 'ax': 0.35, 'ay': 0.55, 'az': 0.68, 'gx': -3.5, 'gy': 0.58, 'gz': 0.18}, {'t_us': 1095693296, 'ax': 0.35, 'ay': 0.56, 'az': 0.69, 'gx': -3.36, 'gy': 0.9, 'gz': 0.02}, {'t_us': 1095713323, 'ax': 0.35, 'ay': 0.56, 'az': 0.69, 'gx': -3.73, 'gy': 1.62, 'gz': -0.05}, {'t_us': 1095733278, 'ax': 0.35, 'ay': 0.55, 'az': 0.69, 'gx': -3.77, 'gy': 2.2, 'gz': -0.17}]",2026-02-13 11:33:22,0.0
"[{'t_us': 1095757633, 'ax': 0.35, 'ay': 0.56, 'az': 0.69, 'gx': -3.51, 'gy': 2.0, 'gz': -0.32}, {'t_us': 1095773333, 'ax': 0.35, 'ay': 0.56, 'az': 0.68, 'gx': -3.66, 'gy': 1.85, 'gz': -0.08}, {'t_us': 1095793304, 'ax': 0.36, 'ay': 0.56, 'az': 0.68, 'gx': -3.63, 'gy': 2.05, 'gz': -0.09}, {'t_us': 1095813333, 'ax': 0.35, 'ay': 0.55, 'az': 0.69, 'gx': -3.66, 'gy': 2.06, 'gz': -0.2}, {'t_us': 1095833283, 'ax': 0.34, 'ay': 0.55, 'az': 0.69, 'gx': -3.59, 'gy': 1.71, 'gz': -0.08}]",2026-02-13 11:33:23,0.0
"[{'t_us': 1095859389, 'ax': 0.35, 'ay': 0.56, 'az': 0.69, 'gx': -3.83, 'gy': 1.73, 'gz': 0.09}, {'t_us': 1095874748, 'ax': 0.35, 'ay': 0.56, 'az': 0.68, 'gx': -4.05, 'gy': 1.83, 'gz': 0.08}, {'t_us': 1095893288, 'ax': 0.36, 'ay': 0.55, 'az': 0.68, 'gx': -3.66, 'gy': 1.89, 'gz': 0.2}, {'t_us': 1095913321, 'ax': 0.35, 'ay': 0.56, 'az': 0.69, 'gx': -3.8, 'gy': 2.43, 'gz': 0.06}, {'t_us': 1095933299, 'ax': 0.36, 'ay': 0.56, 'az': 0.7, 'gx': -3.65, 'gy': 2.4, 'gz': 0.06}]",2026-02-13 11:33:23,0.0
"[{'t_us': 1095957904, 'ax': 0.35, 'ay': 0.56, 'az': 0.68, 'gx': -3.86, 'gy': 2.35, 'gz': 0.11}, {'t_us': 1095973279, 'ax': 0.36, 'ay': 0.55, 'az': 0.69, 'gx': -3.65, 'gy': 2.4, 'gz': 0.14}, {'t_us': 1095993271, 'ax': 0.36, 'ay': 0.55, 'az': 0.68, 'gx': -3.45, 'gy': 2.46, 'gz': 0.11}, {'t_us': 1096013304, 'ax': 0.35, 'ay': 0.56, 'az': 0.69, 'gx': -3.65, 'gy': 2.9, 'gz': -0.11}, {'t_us': 1096033333, 'ax': 0.36, 'ay': 0.56, 'az': 0.68, 'gx': -3.69, 'gy': 3.18, 'gz': -0.02}]",2026-02-13 11:33:23,0.0
"[{'t_us': 1096059367, 'ax': 0.36, 'ay': 0.55, 'az': 0.68, 'gx': -3.76, 'gy': 3.15, 'gz': -0.29}, {'t_us': 1096073315, 'ax': 0.35, 'ay': 0.55, 'az': 0.69, 'gx': -3.59, 'gy': 2.87, 'gz': -0.26}, {'t_us': 1096093278, 'ax': 0.35, 'ay': 0.56, 'az': 0.68, 'gx': -3.3, 'gy': 3.25, 'gz': -0.15}, {'t_us': 1096113310, 'ax': 0.36, 'ay': 0.55, 'az': 0.69, 'gx': -3.27, 'gy': 3.42, 'gz': -0.38}, {'t_us': 1096133266, 'ax': 0.36, 'ay': 0.55, 'az': 0.69, 'gx': -3.45, 'gy': 3.39, 'gz': -0.08}]",2026-02-13 11:33:23,0.0
"[{'t_us': 1096158088, 'ax': 0.36, 'ay': 0.55, 'az': 0.69, 'gx': -3.3, 'gy': 3.3, 'gz': 0.03}, {'t_us': 1096173271, 'ax': 0.35, 'ay': 0.56, 'az': 0.68, 'gx': -3.56, 'gy': 3.88, 'gz': 0.09}, {'t_us': 1096193307, 'ax': 0.35, 'ay': 0.56, 'az': 0.69, 'gx': -3.68, 'gy': 3.74, 'gz': -0.09}, {'t_us': 1096213309, 'ax': 0.36, 'ay': 0.56, 'az': 0.69, 'gx': -3.77, 'gy': 4.12, 'gz': 0.11}, {'t_us': 1096233266, 'ax': 0.36, 'ay': 0.56, 'az': 0.7, 'gx': -3.62, 'gy': 5.65, 'gz': 0.05}]",2026-02-13 11:33:23,0.0
"[{'t_us': 1096259322, 'ax': 0.35, 'ay': 0.56, 'az': 0.68, 'gx': -3.21, 'gy': 4.44, 'gz': 0.08}, {'t_us': 1096273297, 'ax': 0.36, 'ay': 0.55, 'az': 0.68, 'gx': -3.16, 'gy': 4.24, 'gz': 0.14}, {'t_us': 1096293271, 'ax': 0.36, 'ay': 0.55, 'az': 0.67, 'gx': -2.87, 'gy': 5.21, 'gz': -0.14}, {'t_us': 1096313330, 'ax': 0.35, 'ay': 0.56, 'az': 0.68, 'gx': -3.05, 'gy': 5.16, 'gz': 0.23}, {'t_us': 1096333333, 'ax': 0.34, 'ay': 0.56, 'az': 0.68, 'gx': -3.21, 'gy': 4.52, 'gz': 0.05}]",2026-02-13 11:33:23,0.0
"[{'t_us': 1096359419, 'ax': 0.35, 'ay': 0.55, 'az': 0.69, 'gx': -3.4, 'gy': 4.18, 'gz': 0.14}, {'t_us': 1096373326, 'ax': 0.35, 'ay': 0.56, 'az': 0.68, 'gx': -3.57, 'gy': 3.77, 'gz': 0.15}, {'t_us': 1096393304, 'ax': 0.36, 'ay': 0.55, 'az': 0.7, 'gx': -3.42, 'gy': 4.46, 'gz': -0.08}, {'t_us': 1096413278, 'ax': 0.35, 'ay': 0.55, 'az': 0.69, 'gx': -3.79, 'gy': 5.15, 'gz': -0.12}, {'t_us': 1096433283, 'ax': 0.35, 'ay': 0.56, 'az': 0.69, 'gx': -3.65, 'gy': 5.65, 'gz': -0.17}]",2026-02-13 11:33:23,0.0
"[{'t_us': 1096459583, 'ax': 0.35, 'ay': 0.56, 'az': 0.68, 'gx': -3.4, 'gy': 6.11, 'gz': -0.14}, {'t_us': 1096473271, 'ax': 0.35, 'ay': 0.56, 'az': 0.69, 'gx': -3.21, 'gy': 5.97, 'gz': -0.26}, {'t_us': 1096493329, 'ax': 0.35, 'ay': 0.55, 'az': 0.68, 'gx': -2.99, 'gy': 6.24, 'gz': -0.17}, {'t_us': 1096513315, 'ax': 0.34, 'ay': 0.56, 'az': 0.69, 'gx': -3.13, 'gy': 5.6, 'gz': 0.02}, {'t_us': 1096533271, 'ax': 0.34, 'ay': 0.55, 'az': 0.69, 'gx': -3.47, 'gy': 5.45, 'gz': -0.21}]",2026-02-13 11:33:23,0.0
"[{'t_us': 1096557941, 'ax': 0.35, 'ay': 0.56, 'az': 0.68, 'gx': -3.45, 'gy': 5.25, 'gz': -0.34}, {'t_us': 1096573333, 'ax': 0.34, 'ay': 0.56, 'az': 0.68, 'gx': -3.31, 'gy': 4.95, 'gz': -0.27}, {'t_us': 1096593266, 'ax': 0.35, 'ay': 0.56, 'az': 0.69, 'gx': -3.4, 'gy': 3.79, 'gz': -0.24}, {'t_us': 1096613283, 'ax': 0.35, 'ay': 0.56, 'az': 0.69, 'gx': -3.24, 'gy': 3.24, 'gz': -0.09}, {'t_us': 1096633315, 'ax': 0.34, 'ay': 0.56, 'az': 0.67, 'gx': -3.69, 'gy': 2.76, 'gz': 0.03}]",2026-02-13 11:33:23,0.0
"[{'t_us': 1096659473, 'ax': 0.34, 'ay': 0.56, 'az': 0.68, 'gx': -3.62, 'gy': 2.35, 'gz': 0.18}, {'t_us': 1096673299, 'ax': 0.34, 'ay': 0.56, 'az': 0.69, 'gx': -3.48, 'gy': 2.34, 'gz': 0.0}, {'t_us': 1096693330, 'ax': 0.35, 'ay': 0.55, 'az': 0.69, 'gx': -3.79, 'gy': 2.32, 'gz': 0.09}, {'t_us': 1096713303, 'ax': 0.34, 'ay': 0.56, 'az': 0.69, 'gx': -3.74, 'gy': 2.32, 'gz': 0.03}, {'t_us': 1096733278, 'ax': 0.35, 'ay': 0.55, 'az': 0.7, 'gx': -3.56, 'gy': 2.37, 'gz': -0.24}]",2026-02-13 11:33:23,0.0
"[{'t_us': 1096757634, 'ax': 0.35, 'ay': 0.55, 'az': 0.69, 'gx': -3.34, 'gy': 3.07, 'gz': -0.4}, {'t_us': 1096773333, 'ax': 0.35, 'ay': 0.56, 'az': 0.69, 'gx': -3.31, 'gy': 3.04, 'gz': -0.38}, {'t_us': 1096793266, 'ax': 0.34, 'ay': 0.55, 'az': 0.7, 'gx': -3.21, 'gy': 2.75, 'gz': -0.49}, {'t_us': 1096813271, 'ax': 0.35, 'ay': 0.56, 'az': 0.69, 'gx': -2.53, 'gy': 3.24, 'gz': -0.7}, {'t_us': 1096833289, 'ax': 0.34, 'ay': 0.56, 'az': 0.7, 'gx': -2.46, 'gy': 3.42, 'gz': -0.29}]",2026-02-13 11:33:24,0.0
"[{'t_us': 1096859341, 'ax': 0.35, 'ay': 0.56, 'az': 0.69, 'gx': -2.21, 'gy': 3.85, 'gz': -0.64}, {'t_us': 1096873296, 'ax': 0.35, 'ay': 0.57, 'az': 0.69, 'gx': -2.14, 'gy': 4.5, 'gz': -1.19}, {'t_us': 1096893325, 'ax': 0.34, 'ay': 0.56, 'az': 0.7, 'gx': -2.02, 'gy': 4.89, 'gz': -1.27}, {'t_us': 1096913315, 'ax': 0.34, 'ay': 0.56, 'az': 0.7, 'gx': -2.11, 'gy': 4.4, 'gz': -1.37}, {'t_us': 1096933304, 'ax': 0.34, 'ay': 0.56, 'az': 0.68, 'gx': -2.02, 'gy': 3.1, 'gz': -0.63}]",2026-02-13 11:33:24,0.0
"[{'t_us': 1096957978, 'ax': 0.35, 'ay': 0.56, 'az': 0.68, 'gx': -2.09, 'gy': 3.51, 'gz': -0.55}, {'t_us': 1096973271, 'ax': 0.34, 'ay': 0.56, 'az': 0.68, 'gx': -2.69, 'gy': 3.18, 'gz': -0.03}, {'t_us': 1096993304, 'ax': 0.34, 'ay': 0.56, 'az': 0.68, 'gx': -2.96, 'gy': 2.34, 'gz': -0.17}, {'t_us': 1097013299, 'ax': 0.35, 'ay': 0.56, 'az': 0.68, 'gx': -2.92, 'gy': 2.2, 'gz': -0.12}, {'t_us': 1097033321, 'ax': 0.35, 'ay': 0.55, 'az': 0.69, 'gx': -2.98, 'gy': 2.49, 'gz': -0.35}]",2026-02-13 11:33:24,0.0
"[{'t_us': 1097059900, 'ax': 0.35, 'ay': 0.55, 'az': 0.69, 'gx': -2.98, 'gy': 3.8, 'gz': -0.2}, {'t_us': 1097073279, 'ax': 0.34, 'ay': 0.56, 'az': 0.69, 'gx': -3.19, 'gy': 3.82, 'gz': -0.11}, {'t_us': 1097093325, 'ax': 0.35, 'ay': 0.56, 'az': 0.68, 'gx': -3.11, 'gy': 4.05, 'gz': -0.32}, {'t_us': 1097113301, 'ax': 0.34, 'ay': 0.57, 'az': 0.68, 'gx': -2.99, 'gy': 3.54, 'gz': -0.27}, {'t_us': 1097133278, 'ax': 0.35, 'ay': 0.56, 'az': 0.69, 'gx': -3.16, 'gy': 3.53, 'gz': -0.24}]",2026-02-13 11:33:24,0.0
"[{'t_us': 1097159428, 'ax': 0.34, 'ay': 0.56, 'az': 0.69, 'gx': -3.74, 'gy': 3.15, 'gz': 0.18}, {'t_us': 1097173333, 'ax': 0.35, 'ay': 0.57, 'az': 0.69, 'gx': -3.54, 'gy': 3.16, 'gz': 0.23}, {'t_us': 1097193266, 'ax': 0.35, 'ay': 0.56, 'az': 0.69, 'gx': -3.57, 'gy': 3.42, 'gz': 0.37}, {'t_us': 1097213325, 'ax': 0.35, 'ay': 0.56, 'az': 0.69, 'gx': -3.48, 'gy': 3.68, 'gz': 0.38}, {'t_us': 1097233301, 'ax': 0.34, 'ay': 0.56, 'az': 0.69, 'gx': -3.71, 'gy': 3.45, 'gz': 0.03}]",2026-02-13 11:33:24,0.0
"[{'t_us': 1097257703, 'ax': 0.34, 'ay': 0.56, 'az': 0.69, 'gx': -3.88, 'gy': 3.15, 'gz': 0.06}, {'t_us': 1097273304, 'ax': 0.35, 'ay': 0.57, 'az': 0.69, 'gx': -3.97, 'gy': 3.68, 'gz': 0.03}, {'t_us': 1097293315, 'ax': 0.34, 'ay': 0.57, 'az': 0.69, 'gx': -3.91, 'gy': 3.68, 'gz': 0.14}, {'t_us': 1097313299, 'ax': 0.35, 'ay': 0.56, 'az': 0.68, 'gx': -3.89, 'gy': 3.62, 'gz': 0.18}, {'t_us': 1097333310, 'ax': 0.35, 'ay': 0.56, 'az': 0.68, 'gx': -3.83, 'gy': 3.79, 'gz': 0.21}]",2026-02-13 11:33:24,0.0
"[{'t_us': 1097359915, 'ax': 0.35, 'ay': 0.56, 'az': 0.68, 'gx': -4.11, 'gy': 3.62, 'gz': 0.12}, {'t_us': 1097373299, 'ax': 0.34, 'ay': 0.55, 'az': 0.68, 'gx': -4.27, 'gy': 3.57, 'gz': 0.31}, {'t_us': 1097393310, 'ax': 0.34, 'ay': 0.55, 'az': 0.69, 'gx': -4.2, 'gy': 3.53, 'gz': 0.31}, {'t_us': 1097413266, 'ax': 0.35, 'ay': 0.56, 'az': 0.7, 'gx': -4.37, 'gy': 3.71, 'gz': 0.38}, {'t_us': 1097433266, 'ax': 0.34, 'ay': 0.56, 'az': 0.69, 'gx': -4.2, 'gy': 3.47, 'gz': 0.23}]",2026-02-13 11:33:24,0.0
"[{'t_us': 1097459620, 'ax': 0.34, 'ay': 0.56, 'az': 0.69, 'gx': -4.09, 'gy': 3.05, 'gz': 0.21}, {'t_us': 1097473325, 'ax': 0.35, 'ay': 0.55, 'az': 0.69, 'gx': -3.98, 'gy': 3.07, 'gz': 0.29}, {'t_us': 1097493296, 'ax': 0.35, 'ay': 0.55, 'az': 0.69, 'gx': -4.06, 'gy': 2.82, 'gz': 0.27}, {'t_us': 1097513310, 'ax': 0.35, 'ay': 0.56, 'az': 0.68, 'gx': -4.0, 'gy': 2.32, 'gz': 0.2}, {'t_us': 1097533290, 'ax': 0.34, 'ay': 0.56, 'az': 0.69, 'gx': -3.66, 'gy': 2.08, 'gz': -0.08}]",2026-02-13 11:33:24,0.0
"[{'t_us': 1097559472, 'ax': 0.34, 'ay': 0.56, 'az': 0.67, 'gx': -3.76, 'gy': 1.59, 'gz': -0.12}, {'t_us': 1097573304, 'ax': 0.35, 'ay': 0.56, 'az': 0.69, 'gx': -3.97, 'gy': 1.24, 'gz': 0.02}, {'t_us': 1097593315, 'ax': 0.35, 'ay': 0.56, 'az': 0.69, 'gx': -3.86, 'gy': 1.76, 'gz': -0.09}, {'t_us': 1097613271, 'ax': 0.33, 'ay': 0.56, 'az': 0.68, 'gx': -3.83, 'gy': 0.95, 'gz': -0.08}, {'t_us': 1097633271, 'ax': 0.35, 'ay': 0.56, 'az': 0.69, 'gx': -3.91, 'gy': -0.73, 'gz': 0.11}]",2026-02-13 11:33:24,0.0
"[{'t_us': 1097659647, 'ax': 0.35, 'ay': 0.55, 'az': 0.69, 'gx': -3.98, 'gy': 0.61, 'gz': 0.38}, {'t_us': 1097673289, 'ax': 0.35, 'ay': 0.56, 'az': 0.69, 'gx': -3.97, 'gy': 0.93, 'gz': 0.44}, {'t_us': 1097693288, 'ax': 0.35, 'ay': 0.56, 'az': 0.68, 'gx': -3.91, 'gy': 0.81, 'gz': 0.27}, {'t_us': 1097713321, 'ax': 0.35, 'ay': 0.55, 'az': 0.68, 'gx': -4.02, 'gy': 1.11, 'gz': 0.2}, {'t_us': 1097733315, 'ax': 0.35, 'ay': 0.55, 'az': 0.69, 'gx': -3.8, 'gy': 1.24, 'gz': 0.17}]",2026-02-13 11:33:24,0.0
"[{'t_us': 1097760185, 'ax': 0.36, 'ay': 0.55, 'az': 0.69, 'gx': -3.82, 'gy': 1.73, 'gz': -0.08}, {'t_us': 1097773330, 'ax': 0.35, 'ay': 0.55, 'az': 0.69, 'gx': -3.88, 'gy': 1.8, 'gz': 0.21}, {'t_us': 1097793333, 'ax': 0.36, 'ay': 0.56, 'az': 0.69, 'gx': -3.88, 'gy': 2.27, 'gz': -0.24}, {'t_us': 1097813283, 'ax': 0.35, 'ay': 0.56, 'az': 0.68, 'gx': -3.98, 'gy': 2.76, 'gz': -0.03}, {'t_us': 1097833305, 'ax': 0.35, 'ay': 0.55, 'az': 0.68, 'gx': -3.8, 'gy': 2.67, 'gz': 0.02}]",2026-02-13 11:33:25,0.0
"[{'t_us': 1097859572, 'ax': 0.35, 'ay': 0.56, 'az': 0.68, 'gx': -3.8, 'gy': 2.26, 'gz': 0.12}, {'t_us': 1097873278, 'ax': 0.36, 'ay': 0.56, 'az': 0.69, 'gx': -3.79, 'gy': 2.06, 'gz': -0.12}, {'t_us': 1097893278, 'ax': 0.35, 'ay': 0.55, 'az': 0.69, 'gx': -3.63, 'gy': 1.91, 'gz': 0.2}, {'t_us': 1097913310, 'ax': 0.36, 'ay': 0.56, 'az': 0.69, 'gx': -3.48, 'gy': 2.34, 'gz': -0.08}, {'t_us': 1097933321, 'ax': 0.36, 'ay': 0.55, 'az': 0.69, 'gx': -3.31, 'gy': 2.87, 'gz': 0.21}]",2026-02-13 11:33:25,0.0
"[{'t_us': 1097958442, 'ax': 0.35, 'ay': 0.55, 'az': 0.69, 'gx': -3.53, 'gy': 3.22, 'gz': 0.09}, {'t_us': 1097973411, 'ax': 0.35, 'ay': 0.55, 'az': 0.68, 'gx': -3.28, 'gy': 2.81, 'gz': 0.08}, {'t_us': 1097993283, 'ax': 0.35, 'ay': 0.56, 'az': 0.68, 'gx': -3.4, 'gy': 2.63, 'gz': 0.11}, {'t_us': 1098013315, 'ax': 0.36, 'ay': 0.55, 'az': 0.68, 'gx': -3.15, 'gy': 1.95, 'gz': 0.11}, {'t_us': 1098033311, 'ax': 0.36, 'ay': 0.55, 'az': 0.69, 'gx': -3.39, 'gy': 2.17, 'gz': 0.34}]",2026-02-13 11:33:25,0.0
"[{'t_us': 1098060097, 'ax': 0.35, 'ay': 0.55, 'az': 0.68, 'gx': -3.65, 'gy': 3.11, 'gz': 0.4}, {'t_us': 1098073266, 'ax': 0.36, 'ay': 0.56, 'az': 0.69, 'gx': -3.65, 'gy': 3.33, 'gz': 0.2}, {'t_us': 1098093296, 'ax': 0.36, 'ay': 0.55, 'az': 0.69, 'gx': -3.37, 'gy': 3.82, 'gz': 0.32}, {'t_us': 1098113305, 'ax': 0.36, 'ay': 0.55, 'az': 0.68, 'gx': -3.31, 'gy': 4.12, 'gz': 0.2}, {'t_us': 1098133297, 'ax': 0.36, 'ay': 0.55, 'az': 0.7, 'gx': -3.22, 'gy': 5.01, 'gz': -0.11}]",2026-02-13 11:33:25,0.0
"[{'t_us': 1098158169, 'ax': 0.35, 'ay': 0.55, 'az': 0.69, 'gx': -3.16, 'gy': 5.47, 'gz': -0.06}, {'t_us': 1098173330, 'ax': 0.35, 'ay': 0.55, 'az': 0.69, 'gx': -3.24, 'gy': 5.47, 'gz': -0.12}, {'t_us': 1098193310, 'ax': 0.35, 'ay': 0.56, 'az': 0.69, 'gx': -3.31, 'gy': 5.19, 'gz': 0.26}, {'t_us': 1098213321, 'ax': 0.35, 'ay': 0.56, 'az': 0.69, 'gx': -3.16, 'gy': 5.07, 'gz': 0.08}, {'t_us': 1098233304, 'ax': 0.35, 'ay': 0.55, 'az': 0.69, 'gx': -3.31, 'gy': 5.34, 'gz': 0.18}]",2026-02-13 11:33:25,0.0
"[{'t_us': 1098258158, 'ax': 0.35, 'ay': 0.56, 'az': 0.69, 'gx': -3.53, 'gy': 5.18, 'gz': 0.2}, {'t_us': 1098273310, 'ax': 0.35, 'ay': 0.55, 'az': 0.68, 'gx': -3.36, 'gy': 5.51, 'gz': 0.06}, {'t_us': 1098293321, 'ax': 0.35, 'ay': 0.56, 'az': 0.7, 'gx': -2.98, 'gy': 6.73, 'gz': -0.14}, {'t_us': 1098313274, 'ax': 0.34, 'ay': 0.55, 'az': 0.69, 'gx': -3.07, 'gy': 5.24, 'gz': 0.2}, {'t_us': 1098333304, 'ax': 0.35, 'ay': 0.55, 'az': 0.69, 'gx': -3.25, 'gy': 4.98, 'gz': 0.09}]",2026-02-13 11:33:25,
