samples,timestamp,label
"[{'t_us': 2089655588, 'ax': -1.03, 'ay': -0.13, 'az': -0.28, 'gx': 3.91, 'gy': 27.92, 'gz': 8.76}, {'t_us': 2089657612, 'ax': -1.03, 'ay': -0.13, 'az': -0.28, 'gx': 3.63, 'gy': 27.91, 'gz': 8.52}, {'t_us': 2089659551, 'ax': -1.02, 'ay': -0.13, 'az': -0.29, 'gx': 3.36, 'gy': 27.95, 'gz': 8.17}, {'t_us': 2089661517, 'ax': -1.04, 'ay': -0.12, 'az': -0.29, 'gx': 3.36, 'gy': 27.95, 'gz': 8.17}, {'t_us': 2089664099, 'ax': -1.04, 'ay': -0.12, 'az': -0.3, 'gx': 2.93, 'gy': 27.48, 'gz': 8.05}]",2026-02-13 11:14:13,0.0
"[{'t_us': 2089762509, 'ax': -0.86, 'ay': 0.05, 'az': -0.38, 'gx': -37.65, 'gy': 22.52, 'gz': -18.18}, {'t_us': 2089764679, 'ax': -0.86, 'ay': 0.05, 'az': -0.38, 'gx': -38.32, 'gy': 22.73, 'gz': -18.98}, {'t_us': 2089766629, 'ax': -0.86, 'ay': 0.06, 'az': -0.38, 'gx': -38.98, 'gy': 22.72, 'gz': -19.74}, {'t_us': 2089768575, 'ax': -0.85, 'ay': 0.06, 'az': -0.37, 'gx': -38.98, 'gy': 22.72, 'gz': -19.74}, {'t_us': 2089770513, 'ax': -0.85, 'ay': 0.07, 'az': -0.37, 'gx': -40.18, 'gy': 22.73, 'gz': -20.24}]",2026-02-13 11:14:13,0.0
"[{'t_us': 2089859245, 'ax': -0.9, 'ay': -0.17, 'az': -0.49, 'gx': -35.24, 'gy': 15.05, 'gz': -7.45}, {'t_us': 2089861379, 'ax': -0.9, 'ay': -0.17, 'az': -0.49, 'gx': -35.24, 'gy': 15.05, 'gz': -7.45}, {'t_us': 2089863353, 'ax': -0.9, 'ay': -0.17, 'az': -0.49, 'gx': -34.56, 'gy': 13.94, 'gz': -5.86}, {'t_us': 2089865316, 'ax': -0.91, 'ay': -0.17, 'az': -0.48, 'gx': -34.02, 'gy': 11.53, 'gz': -4.46}, {'t_us': 2089867261, 'ax': -0.91, 'ay': -0.17, 'az': -0.48, 'gx': -33.37, 'gy': 8.38, 'gz': -3.11}]",2026-02-13 11:14:13,0.0
"[{'t_us': 2089960030, 'ax': -0.92, 'ay': 0.0, 'az': -0.42, 'gx': -18.53, 'gy': -5.54, 'gz': 12.49}, {'t_us': 2089962128, 'ax': -0.92, 'ay': 0.0, 'az': -0.42, 'gx': -18.32, 'gy': -6.55, 'gz': 12.55}, {'t_us': 2089964095, 'ax': -0.93, 'ay': 0.0, 'az': -0.43, 'gx': -18.4, 'gy': -6.31, 'gz': 12.49}, {'t_us': 2089973275, 'ax': -0.91, 'ay': 0.01, 'az': -0.43, 'gx': -18.46, 'gy': -5.31, 'gz': 12.0}, {'t_us': 2089993310, 'ax': -0.86, 'ay': 0.01, 'az': -0.42, 'gx': -20.37, 'gy': -2.26, 'gz': 11.21}]",2026-02-13 11:14:14,0.0
"[{'t_us': 2090057651, 'ax': -0.94, 'ay': 0.05, 'az': -0.42, 'gx': -27.37, 'gy': 1.83, 'gz': 3.02}, {'t_us': 2090073311, 'ax': -0.9, 'ay': 0.03, 'az': -0.41, 'gx': -29.71, 'gy': 2.66, 'gz': 1.59}, {'t_us': 2090093315, 'ax': -0.9, 'ay': 0.06, 'az': -0.42, 'gx': -33.44, 'gy': 2.56, 'gz': -0.41}, {'t_us': 2090113310, 'ax': -0.94, 'ay': 0.05, 'az': -0.41, 'gx': -34.7, 'gy': 2.75, 'gz': 0.27}, {'t_us': 2090133267, 'ax': -0.95, 'ay': -0.01, 'az': -0.43, 'gx': -31.59, 'gy': 2.21, 'gz': 1.04}]",2026-02-13 11:14:14,0.0
"[{'t_us': 2090158072, 'ax': -0.94, 'ay': -0.02, 'az': -0.42, 'gx': -25.19, 'gy': -0.55, 'gz': 0.31}, {'t_us': 2090173285, 'ax': -0.9, 'ay': -0.0, 'az': -0.41, 'gx': -20.35, 'gy': 0.27, 'gz': 0.18}, {'t_us': 2090193317, 'ax': -0.88, 'ay': 0.0, 'az': -0.42, 'gx': -13.66, 'gy': 2.95, 'gz': 1.83}, {'t_us': 2090213329, 'ax': -0.92, 'ay': -0.01, 'az': -0.44, 'gx': -6.5, 'gy': 2.64, 'gz': 4.73}, {'t_us': 2090233284, 'ax': -0.9, 'ay': -0.02, 'az': -0.41, 'gx': 1.48, 'gy': -6.87, 'gz': 6.18}]",2026-02-13 11:14:14,0.0
"[{'t_us': 2090257760, 'ax': -0.76, 'ay': -0.02, 'az': -0.37, 'gx': 13.79, 'gy': -11.11, 'gz': 7.15}, {'t_us': 2090273321, 'ax': -0.68, 'ay': -0.02, 'az': -0.37, 'gx': 21.08, 'gy': -9.27, 'gz': 8.29}, {'t_us': 2090293292, 'ax': -0.64, 'ay': -0.03, 'az': -0.41, 'gx': 27.82, 'gy': 1.59, 'gz': 8.98}, {'t_us': 2090313292, 'ax': -0.69, 'ay': -0.01, 'az': -0.43, 'gx': 27.36, 'gy': 6.38, 'gz': 8.08}, {'t_us': 2090333310, 'ax': -0.76, 'ay': 0.05, 'az': -0.41, 'gx': 21.24, 'gy': -3.98, 'gz': 10.82}]",2026-02-13 11:14:14,0.0
"[{'t_us': 2090357751, 'ax': -0.85, 'ay': 0.08, 'az': -0.41, 'gx': 15.13, 'gy': -13.19, 'gz': 7.63}, {'t_us': 2090373323, 'ax': -0.9, 'ay': 0.07, 'az': -0.43, 'gx': 14.64, 'gy': -8.69, 'gz': -0.09}, {'t_us': 2090393279, 'ax': -1.08, 'ay': 0.02, 'az': -0.47, 'gx': 16.72, 'gy': 4.47, 'gz': -5.16}, {'t_us': 2090413303, 'ax': -1.21, 'ay': -0.1, 'az': -0.49, 'gx': 18.12, 'gy': 5.1, 'gz': -1.86}, {'t_us': 2090433317, 'ax': -1.14, 'ay': -0.14, 'az': -0.4, 'gx': 23.25, 'gy': -7.85, 'gz': 0.78}]",2026-02-13 11:14:14,0.0
"[{'t_us': 2090459837, 'ax': -1.07, 'ay': -0.05, 'az': -0.39, 'gx': 26.08, 'gy': -1.98, 'gz': -5.39}, {'t_us': 2090473310, 'ax': -1.05, 'ay': -0.03, 'az': -0.38, 'gx': 26.78, 'gy': 5.62, 'gz': -9.15}, {'t_us': 2090493310, 'ax': -1.09, 'ay': -0.05, 'az': -0.4, 'gx': 24.69, 'gy': 7.18, 'gz': -10.81}, {'t_us': 2090513329, 'ax': -1.03, 'ay': -0.05, 'az': -0.39, 'gx': 21.82, 'gy': 3.89, 'gz': -12.23}, {'t_us': 2090533329, 'ax': -0.95, 'ay': -0.07, 'az': -0.36, 'gx': 18.21, 'gy': 3.62, 'gz': -11.59}]",2026-02-13 11:14:14,0.0
"[{'t_us': 2090559457, 'ax': -0.92, 'ay': -0.07, 'az': -0.39, 'gx': 14.21, 'gy': 6.73, 'gz': -7.98}, {'t_us': 2090573291, 'ax': -0.95, 'ay': -0.05, 'az': -0.44, 'gx': 13.48, 'gy': 5.77, 'gz': -8.41}, {'t_us': 2090593329, 'ax': -0.98, 'ay': -0.09, 'az': -0.49, 'gx': 15.19, 'gy': -0.29, 'gz': -11.3}, {'t_us': 2090613274, 'ax': -0.9, 'ay': -0.11, 'az': -0.38, 'gx': 16.75, 'gy': -8.08, 'gz': -15.07}, {'t_us': 2090633310, 'ax': -0.83, 'ay': -0.1, 'az': -0.29, 'gx': 14.37, 'gy': -10.31, 'gz': -14.05}]",2026-02-13 11:14:14,0.0
"[{'t_us': 2090658097, 'ax': -0.82, 'ay': -0.12, 'az': -0.28, 'gx': 12.85, 'gy': -5.24, 'gz': -11.02}, {'t_us': 2090673333, 'ax': -0.83, 'ay': -0.18, 'az': -0.34, 'gx': 12.92, 'gy': -5.77, 'gz': -9.83}, {'t_us': 2090693292, 'ax': -0.87, 'ay': -0.21, 'az': -0.33, 'gx': 12.93, 'gy': -5.04, 'gz': -8.47}, {'t_us': 2090713270, 'ax': -0.86, 'ay': -0.18, 'az': -0.33, 'gx': 15.65, 'gy': -1.86, 'gz': -7.92}, {'t_us': 2090733270, 'ax': -0.83, 'ay': -0.17, 'az': -0.36, 'gx': 22.58, 'gy': 5.3, 'gz': -8.29}]",2026-02-13 11:14:14,0.0
"[{'t_us': 2090757505, 'ax': -0.85, 'ay': -0.19, 'az': -0.34, 'gx': 25.51, 'gy': 2.4, 'gz': -6.32}, {'t_us': 2090773284, 'ax': -0.87, 'ay': -0.22, 'az': -0.32, 'gx': 24.08, 'gy': -2.7, 'gz': -2.84}, {'t_us': 2090793274, 'ax': -0.85, 'ay': -0.24, 'az': -0.32, 'gx': 23.71, 'gy': -6.95, 'gz': 1.77}, {'t_us': 2090813279, 'ax': -0.85, 'ay': -0.21, 'az': -0.26, 'gx': 23.36, 'gy': -1.13, 'gz': 3.21}, {'t_us': 2090833310, 'ax': -0.88, 'ay': -0.14, 'az': -0.24, 'gx': 21.6, 'gy': 3.77, 'gz': 3.56}]",2026-02-13 11:14:14,0.0
"[{'t_us': 2090859603, 'ax': -0.94, 'ay': -0.11, 'az': -0.25, 'gx': 15.21, 'gy': 12.32, 'gz': 3.54}, {'t_us': 2090873270, 'ax': -0.95, 'ay': -0.09, 'az': -0.27, 'gx': 10.66, 'gy': 12.55, 'gz': 2.29}, {'t_us': 2090893292, 'ax': -0.96, 'ay': -0.11, 'az': -0.29, 'gx': 6.55, 'gy': 13.57, 'gz': -0.6}, {'t_us': 2090913300, 'ax': -0.95, 'ay': -0.13, 'az': -0.29, 'gx': 3.66, 'gy': 13.07, 'gz': -3.34}, {'t_us': 2090933310, 'ax': -0.97, 'ay': -0.16, 'az': -0.29, 'gx': 1.82, 'gy': 10.66, 'gz': -4.69}]",2026-02-13 11:14:14,0.0
"[{'t_us': 2090958354, 'ax': -0.94, 'ay': -0.21, 'az': -0.27, 'gx': -0.12, 'gy': 7.65, 'gz': -4.46}, {'t_us': 2090973317, 'ax': -0.93, 'ay': -0.2, 'az': -0.29, 'gx': -1.54, 'gy': 9.56, 'gz': -3.45}, {'t_us': 2090993273, 'ax': -0.91, 'ay': -0.17, 'az': -0.27, 'gx': -5.28, 'gy': 11.56, 'gz': -2.23}, {'t_us': 2091013274, 'ax': -0.88, 'ay': -0.14, 'az': -0.27, 'gx': -9.34, 'gy': 11.02, 'gz': -1.77}, {'t_us': 2091033310, 'ax': -0.86, 'ay': -0.13, 'az': -0.3, 'gx': -10.89, 'gy': 12.78, 'gz': -2.46}]",2026-02-13 11:14:14,0.0
"[{'t_us': 2091059595, 'ax': -0.86, 'ay': -0.14, 'az': -0.28, 'gx': -13.08, 'gy': 13.69, 'gz': -2.5}, {'t_us': 2091073267, 'ax': -0.87, 'ay': -0.15, 'az': -0.3, 'gx': -13.63, 'gy': 14.84, 'gz': -2.08}, {'t_us': 2091093317, 'ax': -0.9, 'ay': -0.19, 'az': -0.34, 'gx': -15.07, 'gy': 14.12, 'gz': -0.98}, {'t_us': 2091113270, 'ax': -0.9, 'ay': -0.2, 'az': -0.33, 'gx': -14.79, 'gy': 12.06, 'gz': 0.7}, {'t_us': 2091133279, 'ax': -0.91, 'ay': -0.2, 'az': -0.33, 'gx': -12.46, 'gy': 11.11, 'gz': 1.33}]",2026-02-13 11:14:14,0.0
"[{'t_us': 2091159485, 'ax': -0.91, 'ay': -0.22, 'az': -0.39, 'gx': -7.48, 'gy': 10.29, 'gz': 2.15}, {'t_us': 2091173320, 'ax': -0.92, 'ay': -0.23, 'az': -0.39, 'gx': -6.7, 'gy': 8.0, 'gz': 1.3}, {'t_us': 2091193267, 'ax': -0.94, 'ay': -0.2, 'az': -0.4, 'gx': -4.49, 'gy': 7.22, 'gz': -0.55}, {'t_us': 2091213306, 'ax': -0.97, 'ay': -0.14, 'az': -0.38, 'gx': -4.4, 'gy': 0.31, 'gz': -2.9}, {'t_us': 2091233317, 'ax': -0.9, 'ay': -0.11, 'az': -0.37, 'gx': -10.98, 'gy': -9.83, 'gz': -2.95}]",2026-02-13 11:14:15,0.0
"[{'t_us': 2091258127, 'ax': -0.87, 'ay': -0.11, 'az': -0.37, 'gx': -17.98, 'gy': -6.43, 'gz': -3.73}, {'t_us': 2091273317, 'ax': -0.88, 'ay': -0.11, 'az': -0.4, 'gx': -21.48, 'gy': 0.72, 'gz': -3.27}, {'t_us': 2091293267, 'ax': -0.89, 'ay': -0.14, 'az': -0.41, 'gx': -24.17, 'gy': 2.06, 'gz': -1.42}, {'t_us': 2091313306, 'ax': -0.88, 'ay': -0.17, 'az': -0.42, 'gx': -21.4, 'gy': 0.34, 'gz': 1.68}, {'t_us': 2091333321, 'ax': -0.85, 'ay': -0.17, 'az': -0.42, 'gx': -19.47, 'gy': -1.28, 'gz': 5.79}]",2026-02-13 11:14:15,0.0
"[{'t_us': 2091357924, 'ax': -0.87, 'ay': -0.12, 'az': -0.47, 'gx': -19.65, 'gy': -2.92, 'gz': 9.89}, {'t_us': 2091373300, 'ax': -0.9, 'ay': -0.09, 'az': -0.44, 'gx': -21.11, 'gy': -4.84, 'gz': 13.8}, {'t_us': 2091393301, 'ax': -0.87, 'ay': -0.06, 'az': -0.42, 'gx': -25.98, 'gy': -5.01, 'gz': 19.76}, {'t_us': 2091413270, 'ax': -0.87, 'ay': -0.02, 'az': -0.52, 'gx': -33.07, 'gy': 2.76, 'gz': 21.39}, {'t_us': 2091433306, 'ax': -0.96, 'ay': 0.04, 'az': -0.51, 'gx': -30.67, 'gy': -2.18, 'gz': 13.44}]",2026-02-13 11:14:15,0.0
"[{'t_us': 2091459482, 'ax': -0.86, 'ay': -0.01, 'az': -0.52, 'gx': -19.69, 'gy': -7.65, 'gz': 10.66}, {'t_us': 2091473300, 'ax': -0.81, 'ay': -0.06, 'az': -0.51, 'gx': -17.31, 'gy': -9.71, 'gz': 11.16}, {'t_us': 2091493275, 'ax': -0.75, 'ay': -0.11, 'az': -0.36, 'gx': -17.97, 'gy': -4.84, 'gz': 9.68}, {'t_us': 2091513284, 'ax': -0.84, 'ay': -0.04, 'az': -0.29, 'gx': -22.23, 'gy': 3.24, 'gz': 10.0}, {'t_us': 2091533321, 'ax': -0.94, 'ay': -0.0, 'az': -0.24, 'gx': -26.23, 'gy': 14.79, 'gz': 9.47}]",2026-02-13 11:14:15,0.0
"[{'t_us': 2091557920, 'ax': -1.07, 'ay': -0.05, 'az': -0.36, 'gx': -29.98, 'gy': 16.2, 'gz': 11.54}, {'t_us': 2091573306, 'ax': -1.08, 'ay': -0.04, 'az': -0.42, 'gx': -31.16, 'gy': 10.32, 'gz': 12.84}, {'t_us': 2091593288, 'ax': -1.04, 'ay': 0.01, 'az': -0.41, 'gx': -33.22, 'gy': -1.36, 'gz': 11.73}, {'t_us': 2091613267, 'ax': -0.99, 'ay': 0.04, 'az': -0.37, 'gx': -29.69, 'gy': -2.78, 'gz': 7.6}, {'t_us': 2091633267, 'ax': -0.98, 'ay': 0.01, 'az': -0.36, 'gx': -23.56, 'gy': 4.75, 'gz': 2.46}]",2026-02-13 11:14:15,0.0
"[{'t_us': 2091658252, 'ax': -0.97, 'ay': -0.04, 'az': -0.37, 'gx': -16.38, 'gy': 9.24, 'gz': 1.91}, {'t_us': 2091673274, 'ax': -0.95, 'ay': -0.04, 'az': -0.38, 'gx': -10.5, 'gy': 10.7, 'gz': 4.03}, {'t_us': 2091693279, 'ax': -0.91, 'ay': -0.04, 'az': -0.39, 'gx': -3.3, 'gy': 16.08, 'gz': 4.63}, {'t_us': 2091713267, 'ax': -0.91, 'ay': -0.01, 'az': -0.42, 'gx': 1.18, 'gy': 20.18, 'gz': 4.2}, {'t_us': 2091733317, 'ax': -0.86, 'ay': 0.02, 'az': -0.39, 'gx': 2.72, 'gy': 19.02, 'gz': 3.76}]",2026-02-13 11:14:15,0.0
"[{'t_us': 2091759478, 'ax': -0.84, 'ay': 0.05, 'az': -0.41, 'gx': 2.98, 'gy': 13.39, 'gz': 4.95}, {'t_us': 2091773274, 'ax': -0.81, 'ay': 0.01, 'az': -0.4, 'gx': 1.98, 'gy': 12.72, 'gz': 5.47}, {'t_us': 2091793317, 'ax': -0.82, 'ay': 0.01, 'az': -0.44, 'gx': 1.5, 'gy': 13.07, 'gz': 6.23}, {'t_us': 2091813300, 'ax': -0.83, 'ay': 0.01, 'az': -0.48, 'gx': 3.57, 'gy': 6.79, 'gz': 6.49}, {'t_us': 2091833310, 'ax': -0.82, 'ay': -0.01, 'az': -0.49, 'gx': 9.88, 'gy': -3.79, 'gz': 8.29}]",2026-02-13 11:14:15,0.0
"[{'t_us': 2091859596, 'ax': -0.76, 'ay': -0.04, 'az': -0.48, 'gx': 21.54, 'gy': -7.25, 'gz': 12.87}, {'t_us': 2091873370, 'ax': -0.76, 'ay': -0.05, 'az': -0.42, 'gx': 25.22, 'gy': -5.48, 'gz': 13.51}, {'t_us': 2091893333, 'ax': -0.82, 'ay': 0.01, 'az': -0.37, 'gx': 27.39, 'gy': -2.76, 'gz': 11.24}, {'t_us': 2091913279, 'ax': -0.89, 'ay': 0.07, 'az': -0.38, 'gx': 29.48, 'gy': -1.39, 'gz': 6.43}, {'t_us': 2091933300, 'ax': -0.91, 'ay': 0.08, 'az': -0.39, 'gx': 31.08, 'gy': 5.31, 'gz': 0.85}]",2026-02-13 11:14:15,0.0
"[{'t_us': 2091959451, 'ax': -0.94, 'ay': 0.07, 'az': -0.34, 'gx': 17.86, 'gy': 3.89, 'gz': -2.69}, {'t_us': 2091973317, 'ax': -0.95, 'ay': 0.1, 'az': -0.28, 'gx': 7.04, 'gy': 10.37, 'gz': -1.74}, {'t_us': 2091993270, 'ax': -0.99, 'ay': 0.12, 'az': -0.26, 'gx': -6.0, 'gy': 13.5, 'gz': 0.85}, {'t_us': 2092013325, 'ax': -1.01, 'ay': 0.08, 'az': -0.3, 'gx': -8.98, 'gy': 13.48, 'gz': -1.44}, {'t_us': 2092033270, 'ax': -0.99, 'ay': -0.04, 'az': -0.35, 'gx': -5.6, 'gy': 22.32, 'gz': -5.83}]",2026-02-13 11:14:15,0.0
"[{'t_us': 2092057624, 'ax': -0.97, 'ay': -0.08, 'az': -0.5, 'gx': 3.88, 'gy': 21.88, 'gz': -7.44}, {'t_us': 2092073303, 'ax': -0.93, 'ay': -0.08, 'az': -0.54, 'gx': 8.84, 'gy': 20.46, 'gz': -5.59}, {'t_us': 2092093310, 'ax': -0.85, 'ay': -0.07, 'az': -0.56, 'gx': 15.94, 'gy': 15.1, 'gz': -4.23}, {'t_us': 2092113289, 'ax': -0.82, 'ay': -0.06, 'az': -0.53, 'gx': 21.31, 'gy': 9.91, 'gz': -2.96}, {'t_us': 2092133278, 'ax': -0.79, 'ay': -0.04, 'az': -0.45, 'gx': 20.55, 'gy': 8.05, 'gz': -1.13}]",2026-02-13 11:14:16,0.0
"[{'t_us': 2092159429, 'ax': -0.83, 'ay': 0.02, 'az': -0.53, 'gx': 24.9, 'gy': 8.37, 'gz': -2.11}, {'t_us': 2092173300, 'ax': -0.85, 'ay': 0.03, 'az': -0.58, 'gx': 27.77, 'gy': 8.35, 'gz': -3.51}, {'t_us': 2092193329, 'ax': -0.85, 'ay': 0.03, 'az': -0.59, 'gx': 27.53, 'gy': 6.61, 'gz': -7.47}, {'t_us': 2092213472, 'ax': -0.8, 'ay': 0.02, 'az': -0.54, 'gx': 21.05, 'gy': 10.05, 'gz': -7.86}, {'t_us': 2092233326, 'ax': -0.85, 'ay': -0.04, 'az': -0.35, 'gx': 14.02, 'gy': 0.79, 'gz': -8.44}]",2026-02-13 11:14:16,0.0
"[{'t_us': 2092258158, 'ax': -0.77, 'ay': -0.05, 'az': -0.26, 'gx': 4.43, 'gy': 10.61, 'gz': -6.63}, {'t_us': 2092273326, 'ax': -0.81, 'ay': -0.05, 'az': -0.33, 'gx': 1.25, 'gy': 30.41, 'gz': -6.93}, {'t_us': 2092293326, 'ax': -0.94, 'ay': -0.1, 'az': -0.44, 'gx': -4.05, 'gy': 44.61, 'gz': -5.47}, {'t_us': 2092313267, 'ax': -0.95, 'ay': -0.15, 'az': -0.56, 'gx': -8.73, 'gy': 30.82, 'gz': -6.31}, {'t_us': 2092333279, 'ax': -0.88, 'ay': -0.15, 'az': -0.36, 'gx': -13.63, 'gy': 20.55, 'gz': -7.16}]",2026-02-13 11:14:16,0.0
"[{'t_us': 2092359556, 'ax': -0.82, 'ay': -0.15, 'az': -0.44, 'gx': -8.41, 'gy': 36.84, 'gz': -5.54}, {'t_us': 2092373317, 'ax': -0.92, 'ay': -0.2, 'az': -0.49, 'gx': -5.25, 'gy': 43.22, 'gz': -8.46}, {'t_us': 2092393317, 'ax': -1.06, 'ay': -0.24, 'az': -0.54, 'gx': -2.6, 'gy': 35.76, 'gz': -14.49}, {'t_us': 2092413330, 'ax': -1.08, 'ay': -0.24, 'az': -0.56, 'gx': 3.04, 'gy': 16.61, 'gz': -13.25}, {'t_us': 2092433310, 'ax': -0.98, 'ay': -0.19, 'az': -0.61, 'gx': 7.05, 'gy': 12.17, 'gz': -13.25}]",2026-02-13 11:14:16,0.0
"[{'t_us': 2092458137, 'ax': -0.87, 'ay': -0.15, 'az': -0.6, 'gx': 10.47, 'gy': 9.69, 'gz': -13.82}, {'t_us': 2092473278, 'ax': -0.84, 'ay': -0.17, 'az': -0.58, 'gx': 11.19, 'gy': 7.77, 'gz': -13.27}, {'t_us': 2092493279, 'ax': -0.87, 'ay': -0.18, 'az': -0.55, 'gx': 11.82, 'gy': 4.4, 'gz': -10.9}, {'t_us': 2092513284, 'ax': -0.81, 'ay': -0.18, 'az': -0.52, 'gx': 13.19, 'gy': 1.95, 'gz': -10.2}, {'t_us': 2092533317, 'ax': -0.76, 'ay': -0.16, 'az': -0.5, 'gx': 13.57, 'gy': 9.4, 'gz': -8.55}]",2026-02-13 11:14:16,0.0
"[{'t_us': 2092559425, 'ax': -0.76, 'ay': -0.12, 'az': -0.55, 'gx': 15.74, 'gy': 20.34, 'gz': -8.87}, {'t_us': 2092573310, 'ax': -0.78, 'ay': -0.12, 'az': -0.53, 'gx': 15.42, 'gy': 18.31, 'gz': -7.69}, {'t_us': 2092593317, 'ax': -0.83, 'ay': -0.13, 'az': -0.49, 'gx': 15.15, 'gy': 14.17, 'gz': -7.24}, {'t_us': 2092613270, 'ax': -0.72, 'ay': -0.1, 'az': -0.38, 'gx': 10.52, 'gy': 2.73, 'gz': -2.31}, {'t_us': 2092633326, 'ax': -0.75, 'ay': -0.1, 'az': -0.31, 'gx': 1.8, 'gy': 4.67, 'gz': -1.07}]",2026-02-13 11:14:16,0.0
"[{'t_us': 2092660023, 'ax': -0.81, 'ay': -0.14, 'az': -0.3, 'gx': -12.67, 'gy': 11.02, 'gz': -4.79}, {'t_us': 2092673329, 'ax': -0.86, 'ay': -0.11, 'az': -0.23, 'gx': -22.79, 'gy': 13.18, 'gz': -8.63}, {'t_us': 2092693267, 'ax': -0.77, 'ay': -0.08, 'az': -0.3, 'gx': -40.89, 'gy': 22.82, 'gz': -6.82}, {'t_us': 2092713267, 'ax': -0.86, 'ay': -0.07, 'az': -0.44, 'gx': -50.49, 'gy': 29.33, 'gz': -7.34}, {'t_us': 2092733300, 'ax': -1.0, 'ay': -0.08, 'az': -0.52, 'gx': -54.53, 'gy': 19.28, 'gz': -10.26}]",2026-02-13 11:14:16,0.0
"[{'t_us': 2092760008, 'ax': -1.02, 'ay': -0.2, 'az': -0.58, 'gx': -51.4, 'gy': 6.34, 'gz': -9.21}, {'t_us': 2092773326, 'ax': -0.97, 'ay': -0.26, 'az': -0.62, 'gx': -43.18, 'gy': -0.93, 'gz': -8.52}, {'t_us': 2092793279, 'ax': -0.8, 'ay': -0.33, 'az': -0.65, 'gx': -26.14, 'gy': 3.89, 'gz': -2.79}, {'t_us': 2092813320, 'ax': -0.81, 'ay': -0.38, 'az': -0.64, 'gx': -4.69, 'gy': 9.33, 'gz': 2.5}, {'t_us': 2092833301, 'ax': -0.82, 'ay': -0.38, 'az': -0.59, 'gx': 14.69, 'gy': 10.96, 'gz': 7.77}]",2026-02-13 11:14:16,0.0
"[{'t_us': 2092857644, 'ax': -0.9, 'ay': -0.34, 'az': -0.57, 'gx': 25.54, 'gy': 18.4, 'gz': 11.74}, {'t_us': 2092873274, 'ax': -0.95, 'ay': -0.26, 'az': -0.51, 'gx': 22.79, 'gy': 20.03, 'gz': 12.41}, {'t_us': 2092893310, 'ax': -0.86, 'ay': -0.14, 'az': -0.51, 'gx': 15.19, 'gy': 23.85, 'gz': 13.42}, {'t_us': 2092913310, 'ax': -0.89, 'ay': -0.03, 'az': -0.52, 'gx': 11.15, 'gy': 22.87, 'gz': 8.87}, {'t_us': 2092933286, 'ax': -0.87, 'ay': -0.01, 'az': -0.56, 'gx': 5.83, 'gy': 18.49, 'gz': 5.98}]",2026-02-13 11:14:16,0.0
"[{'t_us': 2092959712, 'ax': -0.91, 'ay': -0.11, 'az': -0.64, 'gx': 4.82, 'gy': 10.12, 'gz': 1.13}, {'t_us': 2092973306, 'ax': -0.88, 'ay': -0.13, 'az': -0.64, 'gx': 7.31, 'gy': -2.89, 'gz': -0.18}, {'t_us': 2092993317, 'ax': -0.75, 'ay': -0.16, 'az': -0.55, 'gx': 13.56, 'gy': -3.69, 'gz': 0.52}, {'t_us': 2093013270, 'ax': -0.7, 'ay': -0.19, 'az': -0.46, 'gx': 18.7, 'gy': 1.07, 'gz': 4.66}, {'t_us': 2093033329, 'ax': -0.73, 'ay': -0.22, 'az': -0.46, 'gx': 16.21, 'gy': 0.85, 'gz': 7.74}]",2026-02-13 11:14:16,0.0
"[{'t_us': 2093058008, 'ax': -0.78, 'ay': -0.21, 'az': -0.48, 'gx': 6.18, 'gy': 5.85, 'gz': 9.5}, {'t_us': 2093073292, 'ax': -0.86, 'ay': -0.13, 'az': -0.51, 'gx': 3.1, 'gy': 11.6, 'gz': 7.85}, {'t_us': 2093093321, 'ax': -0.94, 'ay': -0.02, 'az': -0.63, 'gx': 2.26, 'gy': 8.75, 'gz': 1.3}, {'t_us': 2093113306, 'ax': -0.94, 'ay': 0.01, 'az': -0.66, 'gx': 1.95, 'gy': 2.93, 'gz': -6.09}, {'t_us': 2093133274, 'ax': -0.9, 'ay': -0.06, 'az': -0.67, 'gx': -0.15, 'gy': -12.89, 'gz': -7.34}]",2026-02-13 11:14:16,0.0
"[{'t_us': 2093158267, 'ax': -0.68, 'ay': -0.14, 'az': -0.55, 'gx': -6.14, 'gy': -16.17, 'gz': 3.08}, {'t_us': 2093173284, 'ax': -0.61, 'ay': -0.2, 'az': -0.56, 'gx': -10.0, 'gy': 0.4, 'gz': 10.4}, {'t_us': 2093193279, 'ax': -0.62, 'ay': -0.21, 'az': -0.58, 'gx': -14.81, 'gy': 10.5, 'gz': 14.92}, {'t_us': 2093213279, 'ax': -0.77, 'ay': -0.16, 'az': -0.64, 'gx': -12.87, 'gy': 8.78, 'gz': 17.54}, {'t_us': 2093233310, 'ax': -0.8, 'ay': -0.11, 'az': -0.62, 'gx': -1.21, 'gy': 5.71, 'gz': 18.27}]",2026-02-13 11:14:17,0.0
"[{'t_us': 2093259962, 'ax': -0.88, 'ay': -0.06, 'az': -0.71, 'gx': 0.18, 'gy': -1.21, 'gz': 12.89}, {'t_us': 2093273333, 'ax': -0.76, 'ay': 0.05, 'az': -0.67, 'gx': -6.38, 'gy': -1.8, 'gz': 7.24}, {'t_us': 2093293300, 'ax': -0.81, 'ay': 0.04, 'az': -0.6, 'gx': -7.85, 'gy': -9.6, 'gz': 10.61}, {'t_us': 2093313333, 'ax': -0.77, 'ay': 0.02, 'az': -0.6, 'gx': -8.41, 'gy': -4.02, 'gz': 14.27}, {'t_us': 2093333267, 'ax': -0.86, 'ay': -0.04, 'az': -0.58, 'gx': -10.58, 'gy': -5.3, 'gz': 14.89}]",2026-02-13 11:14:17,0.0
"[{'t_us': 2093358320, 'ax': -0.87, 'ay': -0.07, 'az': -0.55, 'gx': -17.88, 'gy': -7.33, 'gz': 10.38}, {'t_us': 2093373333, 'ax': -0.89, 'ay': -0.03, 'az': -0.54, 'gx': -21.1, 'gy': -4.89, 'gz': 8.99}, {'t_us': 2093393278, 'ax': -0.93, 'ay': 0.03, 'az': -0.55, 'gx': -27.82, 'gy': -3.39, 'gz': 8.64}, {'t_us': 2093413279, 'ax': -0.92, 'ay': 0.07, 'az': -0.54, 'gx': -33.22, 'gy': -12.5, 'gz': 6.0}, {'t_us': 2093433310, 'ax': -0.87, 'ay': 0.05, 'az': -0.52, 'gx': -33.74, 'gy': -12.81, 'gz': 2.78}]",2026-02-13 11:14:17,0.0
"[{'t_us': 2093457840, 'ax': -0.85, 'ay': 0.0, 'az': -0.58, 'gx': -34.21, 'gy': -8.24, 'gz': -0.37}, {'t_us': 2093473300, 'ax': -0.84, 'ay': -0.01, 'az': -0.6, 'gx': -30.44, 'gy': -8.27, 'gz': -2.09}, {'t_us': 2093493280, 'ax': -0.79, 'ay': -0.03, 'az': -0.6, 'gx': -22.32, 'gy': -9.6, 'gz': -3.98}, {'t_us': 2093513300, 'ax': -0.77, 'ay': -0.01, 'az': -0.55, 'gx': -17.85, 'gy': -8.99, 'gz': -1.74}, {'t_us': 2093533310, 'ax': -0.71, 'ay': -0.02, 'az': -0.5, 'gx': -19.51, 'gy': -12.47, 'gz': 1.6}]",2026-02-13 11:14:17,0.0
"[{'t_us': 2093557842, 'ax': -0.73, 'ay': -0.04, 'az': -0.46, 'gx': -26.05, 'gy': 2.81, 'gz': 2.52}, {'t_us': 2093573310, 'ax': -0.83, 'ay': 0.0, 'az': -0.52, 'gx': -29.53, 'gy': 13.3, 'gz': 0.0}, {'t_us': 2093593317, 'ax': -0.95, 'ay': 0.06, 'az': -0.61, 'gx': -28.52, 'gy': 6.81, 'gz': -4.24}, {'t_us': 2093613270, 'ax': -0.95, 'ay': 0.1, 'az': -0.62, 'gx': -22.82, 'gy': -4.61, 'gz': -6.63}, {'t_us': 2093633292, 'ax': -0.88, 'ay': 0.03, 'az': -0.6, 'gx': -15.25, 'gy': -11.42, 'gz': -5.6}]",2026-02-13 11:14:17,0.0
"[{'t_us': 2093659881, 'ax': -0.81, 'ay': -0.03, 'az': -0.52, 'gx': -10.63, 'gy': -12.49, 'gz': -3.24}, {'t_us': 2093673270, 'ax': -0.81, 'ay': -0.02, 'az': -0.49, 'gx': -8.17, 'gy': -11.19, 'gz': -1.83}, {'t_us': 2093693334, 'ax': -0.84, 'ay': 0.0, 'az': -0.5, 'gx': -2.79, 'gy': -7.92, 'gz': -2.99}, {'t_us': 2093713300, 'ax': -0.84, 'ay': 0.02, 'az': -0.47, 'gx': 1.59, 'gy': -7.19, 'gz': -2.99}, {'t_us': 2093733310, 'ax': -0.83, 'ay': 0.03, 'az': -0.43, 'gx': 1.3, 'gy': -9.01, 'gz': -3.44}]",2026-02-13 11:14:17,0.0
"[{'t_us': 2093758104, 'ax': -0.81, 'ay': 0.02, 'az': -0.4, 'gx': -0.9, 'gy': -5.31, 'gz': -2.37}, {'t_us': 2093773271, 'ax': -0.82, 'ay': 0.02, 'az': -0.37, 'gx': -3.19, 'gy': 1.16, 'gz': -1.74}, {'t_us': 2093793284, 'ax': -0.9, 'ay': 0.08, 'az': -0.37, 'gx': -7.08, 'gy': 10.89, 'gz': -3.76}, {'t_us': 2093813329, 'ax': -0.94, 'ay': 0.11, 'az': -0.45, 'gx': -5.97, 'gy': 8.52, 'gz': -8.96}, {'t_us': 2093833284, 'ax': -0.93, 'ay': 0.08, 'az': -0.54, 'gx': -3.21, 'gy': 7.48, 'gz': -16.53}]",2026-02-13 11:14:17,0.0
"[{'t_us': 2093859633, 'ax': -0.93, 'ay': -0.01, 'az': -0.64, 'gx': -2.66, 'gy': 11.57, 'gz': -21.83}, {'t_us': 2093873306, 'ax': -0.98, 'ay': -0.07, 'az': -0.61, 'gx': -4.31, 'gy': 11.48, 'gz': -17.19}, {'t_us': 2093893279, 'ax': -0.88, 'ay': -0.07, 'az': -0.48, 'gx': -1.51, 'gy': -5.07, 'gz': -7.3}, {'t_us': 2093913279, 'ax': -0.78, 'ay': -0.06, 'az': -0.47, 'gx': 3.57, 'gy': -8.9, 'gz': -2.24}, {'t_us': 2093933310, 'ax': -0.73, 'ay': -0.1, 'az': -0.45, 'gx': 8.38, 'gy': -1.18, 'gz': -2.93}]",2026-02-13 11:14:17,0.0
"[{'t_us': 2093961365, 'ax': -0.94, 'ay': -0.08, 'az': -0.5, 'gx': 7.56, 'gy': 21.33, 'gz': -6.15}, {'t_us': 2093974605, 'ax': -0.96, 'ay': -0.03, 'az': -0.6, 'gx': 3.57, 'gy': 24.15, 'gz': -8.5}, {'t_us': 2093993267, 'ax': -0.9, 'ay': 0.01, 'az': -0.61, 'gx': -3.54, 'gy': 17.42, 'gz': -13.3}, {'t_us': 2094013306, 'ax': -0.83, 'ay': -0.01, 'az': -0.52, 'gx': -7.42, 'gy': 7.88, 'gz': -16.96}, {'t_us': 2094033317, 'ax': -0.77, 'ay': -0.1, 'az': -0.56, 'gx': -7.88, 'gy': 19.48, 'gz': -20.58}]",2026-02-13 11:14:17,0.0
"[{'t_us': 2094058411, 'ax': -0.86, 'ay': -0.21, 'az': -0.58, 'gx': -4.81, 'gy': 32.96, 'gz': -28.03}, {'t_us': 2094073306, 'ax': -0.85, 'ay': -0.26, 'az': -0.6, 'gx': -5.48, 'gy': 33.25, 'gz': -27.76}, {'t_us': 2094093317, 'ax': -0.84, 'ay': -0.25, 'az': -0.61, 'gx': -9.04, 'gy': 33.16, 'gz': -21.18}, {'t_us': 2094113270, 'ax': -0.87, 'ay': -0.19, 'az': -0.69, 'gx': -4.44, 'gy': 31.02, 'gz': -17.94}, {'t_us': 2094133274, 'ax': -0.83, 'ay': -0.18, 'az': -0.69, 'gx': 3.66, 'gy': 23.05, 'gz': -19.15}]",2026-02-13 11:14:17,0.0
"[{'t_us': 2094158003, 'ax': -0.8, 'ay': -0.16, 'az': -0.63, 'gx': 5.47, 'gy': 15.39, 'gz': -18.47}, {'t_us': 2094173320, 'ax': -0.76, 'ay': -0.13, 'az': -0.62, 'gx': 8.34, 'gy': 12.44, 'gz': -16.89}, {'t_us': 2094193329, 'ax': -0.75, 'ay': -0.14, 'az': -0.55, 'gx': 10.17, 'gy': 10.46, 'gz': -13.47}, {'t_us': 2094213284, 'ax': -0.74, 'ay': -0.15, 'az': -0.47, 'gx': 6.47, 'gy': 10.09, 'gz': -12.35}, {'t_us': 2094233274, 'ax': -0.73, 'ay': -0.15, 'az': -0.44, 'gx': -2.52, 'gy': 12.63, 'gz': -9.57}]",2026-02-13 11:14:18,0.0
"[{'t_us': 2094258468, 'ax': -0.77, 'ay': -0.12, 'az': -0.4, 'gx': -14.2, 'gy': 8.66, 'gz': -5.69}, {'t_us': 2094273310, 'ax': -0.71, 'ay': -0.19, 'az': -0.56, 'gx': -14.05, 'gy': -11.18, 'gz': 1.74}, {'t_us': 2094293267, 'ax': -0.86, 'ay': -0.32, 'az': -0.56, 'gx': -4.32, 'gy': -7.01, 'gz': 0.49}, {'t_us': 2094313310, 'ax': -0.91, 'ay': -0.25, 'az': -0.43, 'gx': -20.05, 'gy': 7.68, 'gz': -7.51}, {'t_us': 2094333333, 'ax': -0.88, 'ay': -0.08, 'az': -0.68, 'gx': -11.42, 'gy': 0.67, 'gz': -6.35}]",2026-02-13 11:14:18,0.0
"[{'t_us': 2094360421, 'ax': -0.86, 'ay': -0.19, 'az': -0.56, 'gx': -3.63, 'gy': -16.92, 'gz': -10.37}, {'t_us': 2094373333, 'ax': -0.78, 'ay': -0.23, 'az': -0.51, 'gx': -0.43, 'gy': -12.58, 'gz': -9.13}, {'t_us': 2094393333, 'ax': -0.74, 'ay': -0.27, 'az': -0.51, 'gx': 5.25, 'gy': -1.91, 'gz': -4.64}, {'t_us': 2094413267, 'ax': -0.8, 'ay': -0.26, 'az': -0.57, 'gx': 11.51, 'gy': 1.13, 'gz': -0.87}, {'t_us': 2094433306, 'ax': -0.83, 'ay': -0.23, 'az': -0.53, 'gx': 11.68, 'gy': 4.05, 'gz': 4.58}]",2026-02-13 11:14:18,0.0
"[{'t_us': 2094459554, 'ax': -0.81, 'ay': -0.18, 'az': -0.52, 'gx': 6.43, 'gy': 10.64, 'gz': 9.42}, {'t_us': 2094473321, 'ax': -0.81, 'ay': -0.16, 'az': -0.52, 'gx': 3.56, 'gy': 11.27, 'gz': 11.25}, {'t_us': 2094493329, 'ax': -0.83, 'ay': -0.15, 'az': -0.47, 'gx': -3.44, 'gy': 10.47, 'gz': 10.66}, {'t_us': 2094513284, 'ax': -0.86, 'ay': -0.16, 'az': -0.45, 'gx': -10.6, 'gy': 5.34, 'gz': 8.26}, {'t_us': 2094533267, 'ax': -0.9, 'ay': -0.2, 'az': -0.43, 'gx': -19.79, 'gy': 4.32, 'gz': 3.74}]",2026-02-13 11:14:18,0.0
"[{'t_us': 2094561462, 'ax': -0.96, 'ay': -0.1, 'az': -0.51, 'gx': -32.29, 'gy': 8.58, 'gz': -0.79}, {'t_us': 2094573311, 'ax': -0.94, 'ay': -0.05, 'az': -0.58, 'gx': -38.78, 'gy': 8.21, 'gz': -6.47}, {'t_us': 2094593326, 'ax': -0.88, 'ay': 0.0, 'az': -0.57, 'gx': -45.13, 'gy': 3.02, 'gz': -12.12}, {'t_us': 2094613329, 'ax': -0.85, 'ay': -0.05, 'az': -0.49, 'gx': -45.73, 'gy': 4.09, 'gz': -14.55}, {'t_us': 2094633279, 'ax': -0.81, 'ay': -0.19, 'az': -0.52, 'gx': -41.28, 'gy': 5.65, 'gz': -17.08}]",2026-02-13 11:14:18,0.0
"[{'t_us': 2094659128, 'ax': -0.79, 'ay': -0.28, 'az': -0.55, 'gx': -32.95, 'gy': 8.55, 'gz': -9.76}, {'t_us': 2094673333, 'ax': -0.75, 'ay': -0.31, 'az': -0.64, 'gx': -24.87, 'gy': 10.35, 'gz': -5.3}, {'t_us': 2094693326, 'ax': -0.84, 'ay': -0.32, 'az': -0.7, 'gx': -6.6, 'gy': 12.98, 'gz': -1.21}, {'t_us': 2094713329, 'ax': -0.86, 'ay': -0.32, 'az': -0.67, 'gx': 8.55, 'gy': 7.89, 'gz': 0.44}, {'t_us': 2094733310, 'ax': -0.82, 'ay': -0.26, 'az': -0.6, 'gx': 17.13, 'gy': -2.15, 'gz': 6.95}]",2026-02-13 11:14:18,0.0
"[{'t_us': 2094759739, 'ax': -0.85, 'ay': -0.11, 'az': -0.51, 'gx': 15.8, 'gy': -7.68, 'gz': 8.95}, {'t_us': 2094773274, 'ax': -0.78, 'ay': -0.09, 'az': -0.56, 'gx': 15.57, 'gy': -12.67, 'gz': 12.35}, {'t_us': 2094793329, 'ax': -0.75, 'ay': -0.14, 'az': -0.55, 'gx': 12.2, 'gy': -17.07, 'gz': 16.27}, {'t_us': 2094813310, 'ax': -0.81, 'ay': -0.17, 'az': -0.52, 'gx': 9.15, 'gy': -2.92, 'gz': 15.13}, {'t_us': 2094833321, 'ax': -0.86, 'ay': -0.14, 'az': -0.61, 'gx': 5.4, 'gy': 19.95, 'gz': 12.08}]",2026-02-13 11:14:18,0.0
"[{'t_us': 2094857826, 'ax': -0.89, 'ay': -0.07, 'az': -0.67, 'gx': -2.41, 'gy': 22.47, 'gz': 9.48}, {'t_us': 2094873281, 'ax': -0.89, 'ay': -0.06, 'az': -0.72, 'gx': -2.85, 'gy': 6.93, 'gz': 8.66}, {'t_us': 2094893317, 'ax': -0.8, 'ay': -0.1, 'az': -0.72, 'gx': 8.43, 'gy': -6.69, 'gz': 8.37}, {'t_us': 2094913329, 'ax': -0.69, 'ay': -0.14, 'az': -0.64, 'gx': 18.31, 'gy': -5.69, 'gz': 15.91}, {'t_us': 2094933329, 'ax': -0.7, 'ay': -0.18, 'az': -0.64, 'gx': 25.92, 'gy': 6.5, 'gz': 21.65}]",2026-02-13 11:14:18,0.0
"[{'t_us': 2094959325, 'ax': -0.74, 'ay': -0.12, 'az': -0.7, 'gx': 30.44, 'gy': 19.56, 'gz': 27.77}, {'t_us': 2094973283, 'ax': -0.79, 'ay': -0.08, 'az': -0.74, 'gx': 32.24, 'gy': 13.89, 'gz': 28.38}, {'t_us': 2094993292, 'ax': -0.82, 'ay': -0.05, 'az': -0.69, 'gx': 34.09, 'gy': 4.12, 'gz': 31.33}, {'t_us': 2095013321, 'ax': -0.81, 'ay': -0.01, 'az': -0.63, 'gx': 29.34, 'gy': 1.36, 'gz': 33.19}, {'t_us': 2095033329, 'ax': -0.83, 'ay': 0.02, 'az': -0.61, 'gx': 23.04, 'gy': 0.53, 'gz': 30.89}]",2026-02-13 11:14:18,0.0
"[{'t_us': 2095058160, 'ax': -0.84, 'ay': 0.02, 'az': -0.59, 'gx': 10.61, 'gy': 1.91, 'gz': 26.84}, {'t_us': 2095073304, 'ax': -0.85, 'ay': 0.02, 'az': -0.6, 'gx': 4.84, 'gy': 1.69, 'gz': 24.23}, {'t_us': 2095093279, 'ax': -0.82, 'ay': -0.0, 'az': -0.56, 'gx': -0.47, 'gy': 6.09, 'gz': 20.41}, {'t_us': 2095113279, 'ax': -0.79, 'ay': -0.01, 'az': -0.62, 'gx': -2.93, 'gy': 10.21, 'gz': 16.38}, {'t_us': 2095133317, 'ax': -0.75, 'ay': -0.01, 'az': -0.67, 'gx': 1.79, 'gy': 8.15, 'gz': 11.04}]",2026-02-13 11:14:18,0.0
"[{'t_us': 2095159473, 'ax': -0.72, 'ay': -0.08, 'az': -0.61, 'gx': 12.38, 'gy': 4.76, 'gz': 7.82}, {'t_us': 2095173267, 'ax': -0.73, 'ay': -0.11, 'az': -0.61, 'gx': 15.4, 'gy': 6.26, 'gz': 10.4}, {'t_us': 2095193333, 'ax': -0.77, 'ay': -0.11, 'az': -0.66, 'gx': 15.07, 'gy': 4.69, 'gz': 16.64}, {'t_us': 2095213267, 'ax': -0.77, 'ay': -0.07, 'az': -0.65, 'gx': 13.85, 'gy': -5.4, 'gz': 17.69}, {'t_us': 2095233328, 'ax': -0.78, 'ay': -0.02, 'az': -0.56, 'gx': 11.65, 'gy': 1.16, 'gz': 19.02}]",2026-02-13 11:14:19,0.0
"[{'t_us': 2095259461, 'ax': -0.85, 'ay': -0.03, 'az': -0.56, 'gx': 3.98, 'gy': 6.18, 'gz': 20.4}, {'t_us': 2095273332, 'ax': -0.89, 'ay': -0.01, 'az': -0.57, 'gx': -1.42, 'gy': 5.13, 'gz': 19.79}, {'t_us': 2095293326, 'ax': -0.92, 'ay': 0.02, 'az': -0.58, 'gx': -7.85, 'gy': 0.66, 'gz': 14.85}, {'t_us': 2095313347, 'ax': -0.95, 'ay': 0.05, 'az': -0.57, 'gx': -15.66, 'gy': -1.53, 'gz': 10.05}, {'t_us': 2095333267, 'ax': -0.9, 'ay': 0.05, 'az': -0.58, 'gx': -24.05, 'gy': -5.63, 'gz': 9.57}]",2026-02-13 11:14:19,0.0
"[{'t_us': 2095357751, 'ax': -0.79, 'ay': 0.08, 'az': -0.6, 'gx': -31.28, 'gy': 1.19, 'gz': 6.06}, {'t_us': 2095373317, 'ax': -0.68, 'ay': 0.03, 'az': -0.63, 'gx': -28.2, 'gy': 14.84, 'gz': 3.69}, {'t_us': 2095393317, 'ax': -0.65, 'ay': -0.04, 'az': -0.6, 'gx': -24.85, 'gy': 33.89, 'gz': 0.09}, {'t_us': 2095413270, 'ax': -0.69, 'ay': -0.07, 'az': -0.65, 'gx': -20.67, 'gy': 38.26, 'gz': 2.08}, {'t_us': 2095433301, 'ax': -0.75, 'ay': -0.02, 'az': -0.7, 'gx': -13.5, 'gy': 18.53, 'gz': 6.26}]",2026-02-13 11:14:19,0.0
"[{'t_us': 2095459504, 'ax': -0.76, 'ay': -0.03, 'az': -0.63, 'gx': -8.08, 'gy': -14.66, 'gz': 8.44}, {'t_us': 2095475383, 'ax': -0.73, 'ay': -0.01, 'az': -0.55, 'gx': -6.58, 'gy': -25.8, 'gz': 10.93}, {'t_us': 2095493326, 'ax': -0.65, 'ay': 0.02, 'az': -0.51, 'gx': -8.0, 'gy': -27.57, 'gz': 10.75}, {'t_us': 2095513284, 'ax': -0.67, 'ay': 0.06, 'az': -0.48, 'gx': -10.27, 'gy': -23.31, 'gz': 7.85}, {'t_us': 2095533310, 'ax': -0.73, 'ay': 0.13, 'az': -0.46, 'gx': -13.4, 'gy': -17.86, 'gz': 3.44}]",2026-02-13 11:14:19,0.0
"[{'t_us': 2095559419, 'ax': -0.82, 'ay': 0.1, 'az': -0.53, 'gx': -19.22, 'gy': -10.5, 'gz': 0.9}, {'t_us': 2095574084, 'ax': -0.89, 'ay': 0.06, 'az': -0.53, 'gx': -17.65, 'gy': -7.77, 'gz': -1.33}, {'t_us': 2095593270, 'ax': -0.94, 'ay': 0.08, 'az': -0.52, 'gx': -13.69, 'gy': -1.33, 'gz': -3.95}, {'t_us': 2095613279, 'ax': -0.95, 'ay': 0.09, 'az': -0.58, 'gx': -7.62, 'gy': 1.04, 'gz': -6.49}, {'t_us': 2095633310, 'ax': -0.93, 'ay': 0.05, 'az': -0.56, 'gx': -1.34, 'gy': 11.45, 'gz': -8.98}]",2026-02-13 11:14:19,0.0
"[{'t_us': 2095659479, 'ax': -0.98, 'ay': 0.08, 'az': -0.55, 'gx': 3.89, 'gy': 2.61, 'gz': -8.87}, {'t_us': 2095673326, 'ax': -0.93, 'ay': 0.08, 'az': -0.48, 'gx': 4.21, 'gy': 6.67, 'gz': -8.24}, {'t_us': 2095693275, 'ax': -0.93, 'ay': 0.08, 'az': -0.49, 'gx': 3.53, 'gy': 16.12, 'gz': -8.67}, {'t_us': 2095713279, 'ax': -0.93, 'ay': 0.09, 'az': -0.51, 'gx': 2.08, 'gy': 15.6, 'gz': -9.89}, {'t_us': 2095733300, 'ax': -0.91, 'ay': 0.09, 'az': -0.54, 'gx': 1.68, 'gy': 12.06, 'gz': -10.66}]",2026-02-13 11:14:19,0.0
"[{'t_us': 2095759934, 'ax': -0.88, 'ay': 0.08, 'az': -0.56, 'gx': 4.78, 'gy': 12.87, 'gz': -10.27}, {'t_us': 2095773317, 'ax': -0.85, 'ay': 0.09, 'az': -0.55, 'gx': 7.79, 'gy': 14.6, 'gz': -10.9}, {'t_us': 2095793293, 'ax': -0.81, 'ay': 0.09, 'az': -0.55, 'gx': 13.11, 'gy': 16.24, 'gz': -12.72}, {'t_us': 2095813273, 'ax': -0.74, 'ay': 0.07, 'az': -0.55, 'gx': 19.8, 'gy': 15.3, 'gz': -12.02}, {'t_us': 2095833274, 'ax': -0.73, 'ay': -0.05, 'az': -0.59, 'gx': 13.59, 'gy': 16.75, 'gz': -10.9}]",2026-02-13 11:14:19,0.0
"[{'t_us': 2095858700, 'ax': -0.92, 'ay': -0.08, 'az': -0.55, 'gx': 3.82, 'gy': 27.8, 'gz': -3.88}, {'t_us': 2095873292, 'ax': -1.01, 'ay': 0.0, 'az': -0.59, 'gx': 1.01, 'gy': 17.76, 'gz': -1.45}, {'t_us': 2095893321, 'ax': -0.9, 'ay': 0.06, 'az': -0.52, 'gx': 0.95, 'gy': -0.56, 'gz': 0.17}, {'t_us': 2095913310, 'ax': -0.86, 'ay': 0.06, 'az': -0.6, 'gx': 5.1, 'gy': -4.63, 'gz': -4.05}, {'t_us': 2095933306, 'ax': -0.82, 'ay': -0.0, 'az': -0.75, 'gx': 11.05, 'gy': -0.2, 'gz': -10.32}]",2026-02-13 11:14:19,0.0
"[{'t_us': 2095957981, 'ax': -0.82, 'ay': -0.07, 'az': -0.76, 'gx': 22.66, 'gy': -11.62, 'gz': -16.47}, {'t_us': 2095973324, 'ax': -0.75, 'ay': -0.15, 'az': -0.59, 'gx': 21.11, 'gy': -27.45, 'gz': -18.37}, {'t_us': 2095993333, 'ax': -0.61, 'ay': -0.25, 'az': -0.49, 'gx': 11.94, 'gy': -16.63, 'gz': -14.44}, {'t_us': 2096013306, 'ax': -0.62, 'ay': -0.21, 'az': -0.51, 'gx': 3.86, 'gy': -6.02, 'gz': -7.59}, {'t_us': 2096033270, 'ax': -0.67, 'ay': -0.15, 'az': -0.57, 'gx': 0.24, 'gy': 4.49, 'gz': -8.66}]",2026-02-13 11:14:19,0.0
"[{'t_us': 2096059900, 'ax': -0.88, 'ay': -0.18, 'az': -0.61, 'gx': 5.11, 'gy': 9.53, 'gz': -12.78}, {'t_us': 2096073333, 'ax': -0.92, 'ay': -0.21, 'az': -0.57, 'gx': 3.83, 'gy': 2.72, 'gz': -12.4}, {'t_us': 2096093326, 'ax': -0.88, 'ay': -0.25, 'az': -0.48, 'gx': -2.14, 'gy': -6.37, 'gz': -8.23}, {'t_us': 2096113284, 'ax': -0.82, 'ay': -0.18, 'az': -0.49, 'gx': -1.69, 'gy': 3.39, 'gz': -5.18}, {'t_us': 2096133317, 'ax': -0.9, 'ay': -0.25, 'az': -0.53, 'gx': -3.94, 'gy': 5.62, 'gz': -0.53}]",2026-02-13 11:14:19,0.0
"[{'t_us': 2096157906, 'ax': -0.93, 'ay': -0.28, 'az': -0.59, 'gx': -7.05, 'gy': 1.91, 'gz': -1.1}, {'t_us': 2096173300, 'ax': -0.89, 'ay': -0.21, 'az': -0.64, 'gx': -7.18, 'gy': 5.94, 'gz': -4.52}, {'t_us': 2096193310, 'ax': -0.88, 'ay': -0.13, 'az': -0.7, 'gx': -4.56, 'gy': 7.21, 'gz': -8.32}, {'t_us': 2096213306, 'ax': -0.85, 'ay': -0.17, 'az': -0.8, 'gx': -2.64, 'gy': 13.37, 'gz': -12.32}, {'t_us': 2096233333, 'ax': -0.83, 'ay': -0.2, 'az': -0.75, 'gx': 1.82, 'gy': -5.1, 'gz': -12.64}]",2026-02-13 11:14:20,0.0
"[{'t_us': 2096259675, 'ax': -0.69, 'ay': -0.16, 'az': -0.68, 'gx': 8.41, 'gy': -14.46, 'gz': -14.24}, {'t_us': 2096273321, 'ax': -0.67, 'ay': -0.14, 'az': -0.64, 'gx': 8.61, 'gy': -9.13, 'gz': -13.39}, {'t_us': 2096293329, 'ax': -0.65, 'ay': -0.17, 'az': -0.53, 'gx': 3.97, 'gy': -2.15, 'gz': -12.26}, {'t_us': 2096313329, 'ax': -0.69, 'ay': -0.17, 'az': -0.4, 'gx': -5.15, 'gy': 7.18, 'gz': -11.3}, {'t_us': 2096333317, 'ax': -0.8, 'ay': -0.12, 'az': -0.45, 'gx': -12.4, 'gy': 19.77, 'gz': -10.75}]",2026-02-13 11:14:20,0.0
"[{'t_us': 2096357780, 'ax': -0.92, 'ay': -0.1, 'az': -0.51, 'gx': -19.36, 'gy': 15.07, 'gz': -10.96}, {'t_us': 2096373388, 'ax': -0.94, 'ay': -0.08, 'az': -0.54, 'gx': -20.52, 'gy': 6.53, 'gz': -13.36}, {'t_us': 2096393333, 'ax': -0.96, 'ay': -0.08, 'az': -0.54, 'gx': -20.34, 'gy': -7.31, 'gz': -14.15}, {'t_us': 2096413304, 'ax': -0.91, 'ay': -0.13, 'az': -0.53, 'gx': -16.73, 'gy': -14.18, 'gz': -11.62}, {'t_us': 2096433333, 'ax': -0.84, 'ay': -0.21, 'az': -0.53, 'gx': -13.18, 'gy': -15.01, 'gz': -8.24}]",2026-02-13 11:14:20,0.0
"[{'t_us': 2096459879, 'ax': -0.83, 'ay': -0.27, 'az': -0.5, 'gx': -6.81, 'gy': -13.01, 'gz': -3.48}, {'t_us': 2096473300, 'ax': -0.79, 'ay': -0.24, 'az': -0.48, 'gx': -3.1, 'gy': -9.22, 'gz': -4.17}, {'t_us': 2096493310, 'ax': -0.81, 'ay': -0.17, 'az': -0.43, 'gx': -1.56, 'gy': -2.85, 'gz': -3.21}, {'t_us': 2096513310, 'ax': -0.82, 'ay': -0.17, 'az': -0.38, 'gx': -7.13, 'gy': -1.05, 'gz': -1.63}, {'t_us': 2096533310, 'ax': -0.81, 'ay': -0.15, 'az': -0.39, 'gx': -13.04, 'gy': 10.11, 'gz': 1.39}]",2026-02-13 11:14:20,0.0
"[{'t_us': 2096558131, 'ax': -0.88, 'ay': -0.13, 'az': -0.47, 'gx': -16.99, 'gy': 14.7, 'gz': 0.89}, {'t_us': 2096573305, 'ax': -0.9, 'ay': -0.15, 'az': -0.5, 'gx': -17.77, 'gy': 10.17, 'gz': 0.35}, {'t_us': 2096593310, 'ax': -0.88, 'ay': -0.18, 'az': -0.49, 'gx': -18.53, 'gy': 4.69, 'gz': 0.66}, {'t_us': 2096613332, 'ax': -0.83, 'ay': -0.21, 'az': -0.47, 'gx': -19.65, 'gy': -2.76, 'gz': 1.89}, {'t_us': 2096633326, 'ax': -0.76, 'ay': -0.23, 'az': -0.46, 'gx': -20.79, 'gy': -2.15, 'gz': 4.14}]",2026-02-13 11:14:20,0.0
"[{'t_us': 2096659968, 'ax': -0.75, 'ay': -0.22, 'az': -0.51, 'gx': -17.34, 'gy': 3.01, 'gz': 4.84}, {'t_us': 2096673290, 'ax': -0.75, 'ay': -0.21, 'az': -0.54, 'gx': -11.89, 'gy': 1.71, 'gz': 5.66}, {'t_us': 2096693306, 'ax': -0.76, 'ay': -0.21, 'az': -0.73, 'gx': 3.08, 'gy': 10.17, 'gz': 8.08}, {'t_us': 2096713333, 'ax': -0.95, 'ay': -0.21, 'az': -0.86, 'gx': 19.65, 'gy': 12.21, 'gz': 1.57}, {'t_us': 2096733317, 'ax': -1.03, 'ay': -0.2, 'az': -0.76, 'gx': 26.61, 'gy': -13.85, 'gz': -0.64}]",2026-02-13 11:14:20,0.0
"[{'t_us': 2096759900, 'ax': -0.74, 'ay': -0.07, 'az': -0.51, 'gx': 12.08, 'gy': -27.5, 'gz': 7.76}, {'t_us': 2096773334, 'ax': -0.66, 'ay': -0.04, 'az': -0.5, 'gx': 1.62, 'gy': -20.72, 'gz': 13.25}, {'t_us': 2096793279, 'ax': -0.67, 'ay': -0.04, 'az': -0.54, 'gx': -15.48, 'gy': -4.81, 'gz': 18.61}, {'t_us': 2096813310, 'ax': -0.81, 'ay': -0.06, 'az': -0.62, 'gx': -23.25, 'gy': 5.37, 'gz': 15.36}, {'t_us': 2096833310, 'ax': -0.93, 'ay': -0.12, 'az': -0.67, 'gx': -18.5, 'gy': 18.76, 'gz': 11.98}]",2026-02-13 11:14:20,0.0
"[{'t_us': 2096858247, 'ax': -0.92, 'ay': -0.16, 'az': -0.68, 'gx': -14.92, 'gy': 10.89, 'gz': 14.44}, {'t_us': 2096873331, 'ax': -0.88, 'ay': -0.06, 'az': -0.67, 'gx': -11.37, 'gy': 3.71, 'gz': 18.2}, {'t_us': 2096893333, 'ax': -0.81, 'ay': 0.02, 'az': -0.58, 'gx': -6.7, 'gy': -2.11, 'gz': 21.65}, {'t_us': 2096913292, 'ax': -0.73, 'ay': 0.02, 'az': -0.52, 'gx': -2.05, 'gy': 0.78, 'gz': 25.19}, {'t_us': 2096933274, 'ax': -0.7, 'ay': -0.0, 'az': -0.55, 'gx': 1.42, 'gy': 17.56, 'gz': 24.64}]",2026-02-13 11:14:20,0.0
"[{'t_us': 2096959654, 'ax': -0.86, 'ay': -0.05, 'az': -0.64, 'gx': 4.78, 'gy': 20.95, 'gz': 25.04}, {'t_us': 2096973297, 'ax': -0.86, 'ay': -0.05, 'az': -0.65, 'gx': 5.77, 'gy': 13.82, 'gz': 26.67}, {'t_us': 2096993310, 'ax': -0.86, 'ay': -0.01, 'az': -0.6, 'gx': 7.73, 'gy': 11.45, 'gz': 28.11}, {'t_us': 2097013267, 'ax': -0.85, 'ay': 0.0, 'az': -0.58, 'gx': 6.61, 'gy': 4.99, 'gz': 28.72}, {'t_us': 2097033270, 'ax': -0.85, 'ay': 0.05, 'az': -0.58, 'gx': 4.29, 'gy': -3.39, 'gz': 25.8}]",2026-02-13 11:14:20,0.0
"[{'t_us': 2097060124, 'ax': -0.84, 'ay': 0.02, 'az': -0.55, 'gx': 1.53, 'gy': -6.85, 'gz': 18.14}, {'t_us': 2097073740, 'ax': -0.84, 'ay': 0.02, 'az': -0.54, 'gx': -2.52, 'gy': -9.98, 'gz': 16.05}, {'t_us': 2097093333, 'ax': -0.78, 'ay': 0.06, 'az': -0.56, 'gx': -7.48, 'gy': -10.72, 'gz': 12.03}, {'t_us': 2097113292, 'ax': -0.77, 'ay': 0.06, 'az': -0.58, 'gx': -8.41, 'gy': -6.05, 'gz': 7.89}, {'t_us': 2097133298, 'ax': -0.72, 'ay': 0.02, 'az': -0.57, 'gx': -6.44, 'gy': -4.14, 'gz': 5.5}]",2026-02-13 11:14:20,0.0
"[{'t_us': 2097159657, 'ax': -0.59, 'ay': -0.04, 'az': -0.53, 'gx': -1.94, 'gy': 11.22, 'gz': 7.56}, {'t_us': 2097173279, 'ax': -0.6, 'ay': -0.04, 'az': -0.5, 'gx': -2.32, 'gy': 17.73, 'gz': 7.92}, {'t_us': 2097193278, 'ax': -0.72, 'ay': 0.01, 'az': -0.49, 'gx': -5.57, 'gy': 15.92, 'gz': 10.72}, {'t_us': 2097213310, 'ax': -0.82, 'ay': 0.06, 'az': -0.56, 'gx': -8.46, 'gy': 5.24, 'gz': 10.76}, {'t_us': 2097233313, 'ax': -0.89, 'ay': 0.1, 'az': -0.58, 'gx': -11.16, 'gy': -9.76, 'gz': 8.21}]",2026-02-13 11:14:21,0.0
"[{'t_us': 2097259596, 'ax': -0.9, 'ay': 0.09, 'az': -0.52, 'gx': -12.98, 'gy': -26.26, 'gz': 6.32}, {'t_us': 2097274789, 'ax': -0.86, 'ay': 0.05, 'az': -0.52, 'gx': -15.34, 'gy': -31.42, 'gz': 5.94}, {'t_us': 2097293306, 'ax': -0.86, 'ay': 0.04, 'az': -0.5, 'gx': -18.82, 'gy': -33.36, 'gz': 5.5}, {'t_us': 2097313333, 'ax': -0.9, 'ay': 0.04, 'az': -0.47, 'gx': -20.81, 'gy': -28.5, 'gz': 5.45}, {'t_us': 2097333284, 'ax': -0.96, 'ay': 0.04, 'az': -0.48, 'gx': -18.81, 'gy': -16.53, 'gz': 3.22}]",2026-02-13 11:14:21,0.0
"[{'t_us': 2097360225, 'ax': -1.0, 'ay': 0.1, 'az': -0.54, 'gx': -14.76, 'gy': -2.18, 'gz': -3.86}, {'t_us': 2097373318, 'ax': -0.94, 'ay': 0.11, 'az': -0.54, 'gx': -12.31, 'gy': -1.82, 'gz': -6.09}, {'t_us': 2097393267, 'ax': -0.91, 'ay': 0.06, 'az': -0.52, 'gx': -11.15, 'gy': 0.75, 'gz': -2.92}, {'t_us': 2097413267, 'ax': -0.87, 'ay': 0.06, 'az': -0.52, 'gx': -7.07, 'gy': 8.02, 'gz': -2.73}, {'t_us': 2097433286, 'ax': -0.88, 'ay': 0.05, 'az': -0.54, 'gx': -1.37, 'gy': 10.38, 'gz': -3.11}]",2026-02-13 11:14:21,0.0
"[{'t_us': 2097459977, 'ax': -0.84, 'ay': 0.05, 'az': -0.47, 'gx': 1.1, 'gy': 2.08, 'gz': 0.75}, {'t_us': 2097473325, 'ax': -0.82, 'ay': 0.05, 'az': -0.46, 'gx': -0.27, 'gy': 2.75, 'gz': 2.43}, {'t_us': 2097493329, 'ax': -0.86, 'ay': 0.09, 'az': -0.44, 'gx': -2.63, 'gy': 4.37, 'gz': 2.69}, {'t_us': 2097513284, 'ax': -0.88, 'ay': 0.11, 'az': -0.46, 'gx': -2.9, 'gy': 2.06, 'gz': -0.38}, {'t_us': 2097533284, 'ax': -0.87, 'ay': 0.12, 'az': -0.43, 'gx': -3.5, 'gy': 0.64, 'gz': -3.3}]",2026-02-13 11:14:21,0.0
"[{'t_us': 2097559580, 'ax': -0.85, 'ay': 0.11, 'az': -0.37, 'gx': -9.02, 'gy': 8.43, 'gz': -5.25}, {'t_us': 2097574843, 'ax': -0.89, 'ay': 0.1, 'az': -0.42, 'gx': -10.85, 'gy': 10.31, 'gz': -7.51}, {'t_us': 2097593274, 'ax': -0.88, 'ay': 0.1, 'az': -0.47, 'gx': -10.02, 'gy': 11.89, 'gz': -10.41}, {'t_us': 2097613310, 'ax': -0.82, 'ay': 0.1, 'az': -0.5, 'gx': -5.22, 'gy': 15.22, 'gz': -13.34}, {'t_us': 2097633329, 'ax': -0.73, 'ay': 0.07, 'az': -0.5, 'gx': 0.63, 'gy': 21.44, 'gz': -14.23}]",2026-02-13 11:14:21,0.0
"[{'t_us': 2097658379, 'ax': -0.61, 'ay': 0.04, 'az': -0.48, 'gx': 4.32, 'gy': 36.52, 'gz': -11.89}, {'t_us': 2097673699, 'ax': -0.62, 'ay': 0.03, 'az': -0.49, 'gx': 4.76, 'gy': 46.79, 'gz': -9.68}, {'t_us': 2097693300, 'ax': -0.77, 'ay': 0.07, 'az': -0.58, 'gx': 2.46, 'gy': 55.42, 'gz': -11.31}, {'t_us': 2097713329, 'ax': -0.9, 'ay': 0.06, 'az': -0.66, 'gx': 6.49, 'gy': 43.73, 'gz': -13.69}, {'t_us': 2097733267, 'ax': -0.97, 'ay': -0.02, 'az': -0.65, 'gx': 11.27, 'gy': 25.77, 'gz': -11.68}]",2026-02-13 11:14:21,0.0
"[{'t_us': 2097759985, 'ax': -0.91, 'ay': -0.03, 'az': -0.51, 'gx': 13.44, 'gy': 5.4, 'gz': 0.29}, {'t_us': 2097773325, 'ax': -0.92, 'ay': -0.04, 'az': -0.47, 'gx': 10.95, 'gy': 2.79, 'gz': 5.42}, {'t_us': 2097793329, 'ax': -0.95, 'ay': 0.01, 'az': -0.53, 'gx': 8.82, 'gy': 0.4, 'gz': 8.53}, {'t_us': 2097813284, 'ax': -1.02, 'ay': 0.05, 'az': -0.5, 'gx': 9.62, 'gy': -2.67, 'gz': 6.29}, {'t_us': 2097833274, 'ax': -1.03, 'ay': 0.07, 'az': -0.5, 'gx': 3.8, 'gy': -1.33, 'gz': 5.34}]",2026-02-13 11:14:21,0.0
"[{'t_us': 2097858217, 'ax': -1.03, 'ay': 0.04, 'az': -0.53, 'gx': -7.91, 'gy': -7.59, 'gz': -3.04}, {'t_us': 2097873325, 'ax': -0.96, 'ay': 0.03, 'az': -0.52, 'gx': -13.47, 'gy': 5.04, 'gz': -9.22}, {'t_us': 2097893329, 'ax': -0.97, 'ay': -0.0, 'az': -0.62, 'gx': -15.63, 'gy': 15.73, 'gz': -14.44}, {'t_us': 2097913284, 'ax': -0.96, 'ay': -0.09, 'az': -0.67, 'gx': -12.15, 'gy': 15.97, 'gz': -20.02}, {'t_us': 2097933310, 'ax': -0.9, 'ay': -0.14, 'az': -0.65, 'gx': -7.33, 'gy': 16.47, 'gz': -25.01}]",2026-02-13 11:14:21,0.0
"[{'t_us': 2097958538, 'ax': -0.84, 'ay': -0.12, 'az': -0.67, 'gx': -0.79, 'gy': 12.38, 'gz': -25.34}, {'t_us': 2097973306, 'ax': -0.84, 'ay': -0.14, 'az': -0.69, 'gx': 2.24, 'gy': 7.66, 'gz': -24.18}, {'t_us': 2097993317, 'ax': -0.8, 'ay': -0.17, 'az': -0.64, 'gx': 5.01, 'gy': -4.34, 'gz': -21.97}, {'t_us': 2098013329, 'ax': -0.7, 'ay': -0.16, 'az': -0.51, 'gx': 4.87, 'gy': -7.19, 'gz': -19.08}, {'t_us': 2098033333, 'ax': -0.65, 'ay': -0.16, 'az': -0.49, 'gx': 6.18, 'gy': 5.01, 'gz': -17.37}]",2026-02-13 11:14:21,0.0
"[{'t_us': 2098060072, 'ax': -0.72, 'ay': -0.15, 'az': -0.55, 'gx': 6.93, 'gy': 5.42, 'gz': -12.56}, {'t_us': 2098073444, 'ax': -0.77, 'ay': -0.16, 'az': -0.59, 'gx': 7.98, 'gy': 3.19, 'gz': -11.69}, {'t_us': 2098093284, 'ax': -0.8, 'ay': -0.2, 'az': -0.57, 'gx': 9.59, 'gy': -4.09, 'gz': -11.24}, {'t_us': 2098113317, 'ax': -0.75, 'ay': -0.15, 'az': -0.57, 'gx': 6.32, 'gy': -6.64, 'gz': -11.01}, {'t_us': 2098133292, 'ax': -0.71, 'ay': -0.1, 'az': -0.59, 'gx': 7.27, 'gy': -7.5, 'gz': -11.86}]",2026-02-13 11:14:21,0.0
"[{'t_us': 2098158338, 'ax': -0.71, 'ay': -0.11, 'az': -0.58, 'gx': 10.35, 'gy': -8.14, 'gz': -13.36}, {'t_us': 2098173454, 'ax': -0.73, 'ay': -0.14, 'az': -0.59, 'gx': 12.24, 'gy': -11.6, 'gz': -11.42}, {'t_us': 2098193329, 'ax': -0.77, 'ay': -0.24, 'az': -0.58, 'gx': 14.6, 'gy': -15.1, 'gz': -7.6}, {'t_us': 2098213284, 'ax': -0.8, 'ay': -0.26, 'az': -0.56, 'gx': 14.31, 'gy': -12.63, 'gz': -3.98}, {'t_us': 2098233306, 'ax': -0.83, 'ay': -0.18, 'az': -0.62, 'gx': 14.75, 'gy': -7.34, 'gz': 1.1}]",2026-02-13 11:14:22,0.0
"[{'t_us': 2098262255, 'ax': -0.9, 'ay': -0.14, 'az': -0.61, 'gx': 17.79, 'gy': -2.55, 'gz': 1.57}, {'t_us': 2098273286, 'ax': -0.9, 'ay': -0.16, 'az': -0.63, 'gx': 19.4, 'gy': -2.43, 'gz': 1.21}, {'t_us': 2098293300, 'ax': -0.88, 'ay': -0.2, 'az': -0.59, 'gx': 19.56, 'gy': -2.29, 'gz': 1.36}, {'t_us': 2098313329, 'ax': -0.85, 'ay': -0.24, 'az': -0.49, 'gx': 17.66, 'gy': 2.23, 'gz': 4.73}, {'t_us': 2098333305, 'ax': -0.85, 'ay': -0.26, 'az': -0.44, 'gx': 14.56, 'gy': 6.38, 'gz': 6.15}]",2026-02-13 11:14:22,0.0
"[{'t_us': 2098358055, 'ax': -0.77, 'ay': -0.16, 'az': -0.44, 'gx': 3.63, 'gy': 32.78, 'gz': 6.31}, {'t_us': 2098373349, 'ax': -0.79, 'ay': -0.12, 'az': -0.56, 'gx': -2.32, 'gy': 41.21, 'gz': 6.31}, {'t_us': 2098393300, 'ax': -0.85, 'ay': -0.12, 'az': -0.6, 'gx': -8.17, 'gy': 40.92, 'gz': 2.05}, {'t_us': 2098413310, 'ax': -0.85, 'ay': -0.16, 'az': -0.62, 'gx': -10.15, 'gy': 39.66, 'gz': -2.52}, {'t_us': 2098433267, 'ax': -0.83, 'ay': -0.22, 'az': -0.62, 'gx': -8.89, 'gy': 32.78, 'gz': -2.61}]",2026-02-13 11:14:22,0.0
"[{'t_us': 2098459242, 'ax': -0.82, 'ay': -0.28, 'az': -0.56, 'gx': -6.95, 'gy': 22.47, 'gz': -1.66}, {'t_us': 2098475201, 'ax': -0.78, 'ay': -0.26, 'az': -0.48, 'gx': -8.12, 'gy': 16.12, 'gz': 0.47}, {'t_us': 2098493279, 'ax': -0.73, 'ay': -0.19, 'az': -0.39, 'gx': -13.8, 'gy': 12.02, 'gz': 5.22}, {'t_us': 2098513310, 'ax': -0.59, 'ay': -0.14, 'az': -0.37, 'gx': -18.52, 'gy': 17.65, 'gz': 13.24}, {'t_us': 2098533326, 'ax': -0.61, 'ay': -0.18, 'az': -0.63, 'gx': -12.81, 'gy': 30.96, 'gz': 19.82}]",2026-02-13 11:14:22,0.0
"[{'t_us': 2098560067, 'ax': -1.03, 'ay': -0.3, 'az': -0.9, 'gx': 8.05, 'gy': 48.06, 'gz': 15.15}, {'t_us': 2098573303, 'ax': -1.19, 'ay': -0.29, 'az': -0.81, 'gx': 21.05, 'gy': 20.46, 'gz': 3.98}, {'t_us': 2098593292, 'ax': -1.02, 'ay': -0.09, 'az': -0.55, 'gx': 21.63, 'gy': -3.36, 'gz': 2.32}, {'t_us': 2098613321, 'ax': -0.82, 'ay': 0.05, 'az': -0.49, 'gx': 14.0, 'gy': -4.9, 'gz': 0.84}, {'t_us': 2098633274, 'ax': -0.69, 'ay': 0.03, 'az': -0.45, 'gx': 0.66, 'gy': -5.36, 'gz': 2.9}]",2026-02-13 11:14:22,0.0
"[{'t_us': 2098659118, 'ax': -0.69, 'ay': -0.04, 'az': -0.54, 'gx': -13.15, 'gy': 17.42, 'gz': 5.59}, {'t_us': 2098673283, 'ax': -0.81, 'ay': -0.09, 'az': -0.6, 'gx': -14.0, 'gy': 21.15, 'gz': 4.84}, {'t_us': 2098693274, 'ax': -0.83, 'ay': -0.11, 'az': -0.68, 'gx': -15.37, 'gy': 18.67, 'gz': 6.82}, {'t_us': 2098713284, 'ax': -0.83, 'ay': -0.06, 'az': -0.72, 'gx': -16.31, 'gy': 9.16, 'gz': 8.7}, {'t_us': 2098733317, 'ax': -0.79, 'ay': -0.04, 'az': -0.66, 'gx': -19.39, 'gy': 1.71, 'gz': 6.96}]",2026-02-13 11:14:22,0.0
"[{'t_us': 2098758126, 'ax': -0.69, 'ay': -0.07, 'az': -0.61, 'gx': -27.15, 'gy': -3.36, 'gz': 4.11}, {'t_us': 2098774789, 'ax': -0.67, 'ay': -0.07, 'az': -0.61, 'gx': -27.5, 'gy': -0.38, 'gz': 5.91}, {'t_us': 2098793306, 'ax': -0.71, 'ay': -0.1, 'az': -0.65, 'gx': -20.61, 'gy': 0.03, 'gz': 4.99}, {'t_us': 2098813333, 'ax': -0.75, 'ay': -0.1, 'az': -0.69, 'gx': -10.96, 'gy': -2.89, 'gz': 2.24}, {'t_us': 2098833286, 'ax': -0.75, 'ay': -0.05, 'az': -0.66, 'gx': -5.54, 'gy': 0.14, 'gz': 2.61}]",2026-02-13 11:14:22,0.0
"[{'t_us': 2098859467, 'ax': -0.76, 'ay': 0.03, 'az': -0.67, 'gx': -6.79, 'gy': -1.08, 'gz': 1.59}, {'t_us': 2098873302, 'ax': -0.74, 'ay': 0.02, 'az': -0.69, 'gx': -9.01, 'gy': -0.29, 'gz': 1.66}, {'t_us': 2098893306, 'ax': -0.76, 'ay': -0.03, 'az': -0.7, 'gx': -13.04, 'gy': -1.91, 'gz': 5.15}, {'t_us': 2098913333, 'ax': -0.73, 'ay': -0.03, 'az': -0.64, 'gx': -16.85, 'gy': -6.0, 'gz': 9.21}, {'t_us': 2098933306, 'ax': -0.74, 'ay': -0.01, 'az': -0.63, 'gx': -18.98, 'gy': -7.08, 'gz': 9.28}]",2026-02-13 11:14:22,0.0
"[{'t_us': 2098957997, 'ax': -0.81, 'ay': 0.01, 'az': -0.67, 'gx': -22.58, 'gy': -7.02, 'gz': 7.05}, {'t_us': 2098973285, 'ax': -0.84, 'ay': 0.03, 'az': -0.7, 'gx': -28.2, 'gy': -9.76, 'gz': 5.83}, {'t_us': 2098993329, 'ax': -0.84, 'ay': 0.03, 'az': -0.76, 'gx': -34.03, 'gy': -14.15, 'gz': 5.97}, {'t_us': 2099013333, 'ax': -0.81, 'ay': 0.02, 'az': -0.73, 'gx': -38.38, 'gy': -18.02, 'gz': 3.31}, {'t_us': 2099033327, 'ax': -0.77, 'ay': -0.01, 'az': -0.71, 'gx': -38.99, 'gy': -11.66, 'gz': 1.42}]",2026-02-13 11:14:22,0.0
"[{'t_us': 2099059399, 'ax': -0.78, 'ay': -0.01, 'az': -0.68, 'gx': -40.75, 'gy': -5.59, 'gz': 0.82}, {'t_us': 2099073279, 'ax': -0.81, 'ay': 0.0, 'az': -0.65, 'gx': -39.95, 'gy': -3.4, 'gz': -0.67}, {'t_us': 2099093300, 'ax': -0.82, 'ay': 0.02, 'az': -0.62, 'gx': -35.82, 'gy': 2.64, 'gz': -2.87}, {'t_us': 2099113279, 'ax': -0.81, 'ay': 0.03, 'az': -0.61, 'gx': -31.47, 'gy': 7.45, 'gz': -4.15}, {'t_us': 2099133267, 'ax': -0.81, 'ay': 0.04, 'az': -0.58, 'gx': -29.54, 'gy': 5.71, 'gz': -5.63}]",2026-02-13 11:14:22,0.0
"[{'t_us': 2099159251, 'ax': -0.8, 'ay': 0.09, 'az': -0.59, 'gx': -27.01, 'gy': 4.82, 'gz': -4.69}, {'t_us': 2099173326, 'ax': -0.79, 'ay': 0.07, 'az': -0.6, 'gx': -22.52, 'gy': 3.21, 'gz': -4.7}, {'t_us': 2099193300, 'ax': -0.77, 'ay': 0.02, 'az': -0.6, 'gx': -16.29, 'gy': 9.28, 'gz': -2.98}, {'t_us': 2099213329, 'ax': -0.82, 'ay': -0.0, 'az': -0.62, 'gx': -15.73, 'gy': 9.94, 'gz': -0.47}, {'t_us': 2099233292, 'ax': -0.9, 'ay': 0.06, 'az': -0.58, 'gx': -17.11, 'gy': 4.06, 'gz': -1.16}]",2026-02-13 11:14:23,0.0
"[{'t_us': 2099259506, 'ax': -0.9, 'ay': 0.13, 'az': -0.63, 'gx': -12.23, 'gy': 0.81, 'gz': 0.2}, {'t_us': 2099273310, 'ax': -0.96, 'ay': 0.1, 'az': -0.63, 'gx': -10.17, 'gy': -9.1, 'gz': -2.61}, {'t_us': 2099293274, 'ax': -0.85, 'ay': 0.05, 'az': -0.55, 'gx': -13.69, 'gy': -16.08, 'gz': -3.95}, {'t_us': 2099313310, 'ax': -0.83, 'ay': 0.09, 'az': -0.49, 'gx': -17.47, 'gy': -7.83, 'gz': -7.45}, {'t_us': 2099333329, 'ax': -0.86, 'ay': 0.13, 'az': -0.54, 'gx': -19.27, 'gy': -7.95, 'gz': -10.6}]",2026-02-13 11:14:23,0.0
"[{'t_us': 2099357893, 'ax': -0.83, 'ay': 0.1, 'az': -0.63, 'gx': -14.76, 'gy': -14.7, 'gz': -10.21}, {'t_us': 2099373317, 'ax': -0.8, 'ay': 0.04, 'az': -0.58, 'gx': -14.29, 'gy': -16.32, 'gz': -9.76}, {'t_us': 2099393284, 'ax': -0.8, 'ay': 0.02, 'az': -0.54, 'gx': -12.09, 'gy': -13.24, 'gz': -9.37}, {'t_us': 2099413317, 'ax': -0.82, 'ay': 0.06, 'az': -0.52, 'gx': -2.87, 'gy': 3.63, 'gz': -10.15}, {'t_us': 2099433333, 'ax': -0.82, 'ay': 0.05, 'az': -0.56, 'gx': 5.42, 'gy': 9.37, 'gz': -12.81}]",2026-02-13 11:14:23,0.0
"[{'t_us': 2099459417, 'ax': -0.8, 'ay': 0.0, 'az': -0.53, 'gx': 7.44, 'gy': 5.5, 'gz': -10.5}, {'t_us': 2099473300, 'ax': -0.83, 'ay': 0.0, 'az': -0.5, 'gx': 9.57, 'gy': 6.69, 'gz': -8.85}, {'t_us': 2099493333, 'ax': -0.85, 'ay': 0.06, 'az': -0.5, 'gx': 11.62, 'gy': 12.2, 'gz': -6.76}, {'t_us': 2099513349, 'ax': -0.88, 'ay': 0.07, 'az': -0.51, 'gx': 8.23, 'gy': 11.54, 'gz': -3.54}, {'t_us': 2099533292, 'ax': -0.85, 'ay': 0.09, 'az': -0.51, 'gx': 0.95, 'gy': 0.81, 'gz': -0.26}]",2026-02-13 11:14:23,0.0
"[{'t_us': 2099559820, 'ax': -0.75, 'ay': 0.11, 'az': -0.44, 'gx': -3.4, 'gy': -3.18, 'gz': 4.7}, {'t_us': 2099573274, 'ax': -0.7, 'ay': 0.06, 'az': -0.43, 'gx': -4.03, 'gy': 2.55, 'gz': 7.15}, {'t_us': 2099593315, 'ax': -0.69, 'ay': -0.05, 'az': -0.48, 'gx': -5.13, 'gy': 9.83, 'gz': 11.05}, {'t_us': 2099613275, 'ax': -0.71, 'ay': -0.07, 'az': -0.59, 'gx': -6.52, 'gy': 8.56, 'gz': 14.06}, {'t_us': 2099633321, 'ax': -0.8, 'ay': -0.04, 'az': -0.69, 'gx': -0.84, 'gy': 7.83, 'gz': 15.18}]",2026-02-13 11:14:23,
"[{'t_us': 2099658003, 'ax': -0.87, 'ay': 0.05, 'az': -0.71, 'gx': 5.63, 'gy': 2.38, 'gz': 9.42}, {'t_us': 2099673284, 'ax': -0.91, 'ay': 0.06, 'az': -0.67, 'gx': 7.89, 'gy': -2.26, 'gz': 5.33}, {'t_us': 2099693270, 'ax': -0.9, 'ay': 0.02, 'az': -0.64, 'gx': 7.19, 'gy': -10.37, 'gz': 0.55}, {'t_us': 2099713274, 'ax': -0.91, 'ay': -0.08, 'az': -0.7, 'gx': 12.89, 'gy': -12.78, 'gz': -10.06}, {'t_us': 2099733300, 'ax': -0.83, 'ay': -0.14, 'az': -0.63, 'gx': 23.71, 'gy': -18.29, 'gz': -19.48}]",2026-02-13 11:14:23,0.0
"[{'t_us': 2099759396, 'ax': -0.77, 'ay': -0.2, 'az': -0.54, 'gx': 27.18, 'gy': -10.37, 'gz': -10.0}, {'t_us': 2099773300, 'ax': -0.81, 'ay': -0.25, 'az': -0.54, 'gx': 27.73, 'gy': -7.65, 'gz': -6.15}, {'t_us': 2099793313, 'ax': -0.84, 'ay': -0.19, 'az': -0.58, 'gx': 28.66, 'gy': 2.99, 'gz': -3.94}, {'t_us': 2099813279, 'ax': -0.89, 'ay': -0.08, 'az': -0.67, 'gx': 34.95, 'gy': 10.44, 'gz': -3.05}, {'t_us': 2099833317, 'ax': -0.93, 'ay': -0.1, 'az': -0.62, 'gx': 42.46, 'gy': 7.07, 'gz': -1.3}]",2026-02-13 11:14:23,0.0
"[{'t_us': 2099857913, 'ax': -0.79, 'ay': -0.17, 'az': -0.51, 'gx': 44.96, 'gy': 2.61, 'gz': 2.34}, {'t_us': 2099873292, 'ax': -0.73, 'ay': -0.17, 'az': -0.45, 'gx': 43.53, 'gy': 3.85, 'gz': 8.27}, {'t_us': 2099893326, 'ax': -0.76, 'ay': -0.16, 'az': -0.45, 'gx': 40.76, 'gy': 3.66, 'gz': 13.05}, {'t_us': 2099913317, 'ax': -0.84, 'ay': -0.14, 'az': -0.44, 'gx': 37.68, 'gy': 2.4, 'gz': 12.64}, {'t_us': 2099933333, 'ax': -0.87, 'ay': -0.06, 'az': -0.51, 'gx': 29.37, 'gy': -3.97, 'gz': 7.65}]",2026-02-13 11:14:23,0.0
"[{'t_us': 2099959454, 'ax': -0.87, 'ay': -0.04, 'az': -0.47, 'gx': 22.0, 'gy': -14.05, 'gz': 3.07}, {'t_us': 2099973676, 'ax': -0.88, 'ay': -0.04, 'az': -0.46, 'gx': 18.18, 'gy': -7.98, 'gz': -0.31}, {'t_us': 2099993300, 'ax': -0.94, 'ay': -0.04, 'az': -0.5, 'gx': 14.72, 'gy': -1.98, 'gz': -4.81}, {'t_us': 2100013300, 'ax': -1.02, 'ay': -0.08, 'az': -0.53, 'gx': 12.34, 'gy': 2.76, 'gz': -8.2}, {'t_us': 2100033306, 'ax': -1.04, 'ay': -0.11, 'az': -0.56, 'gx': 9.59, 'gy': 6.17, 'gz': -10.95}]",2026-02-13 11:14:23,0.0
"[{'t_us': 2100058596, 'ax': -0.96, 'ay': -0.19, 'az': -0.55, 'gx': 7.95, 'gy': 0.96, 'gz': -8.47}, {'t_us': 2100073292, 'ax': -0.94, 'ay': -0.21, 'az': -0.55, 'gx': 8.92, 'gy': 0.55, 'gz': -9.66}, {'t_us': 2100093306, 'ax': -0.91, 'ay': -0.22, 'az': -0.53, 'gx': 10.31, 'gy': 6.14, 'gz': -8.93}, {'t_us': 2100113317, 'ax': -0.88, 'ay': -0.22, 'az': -0.53, 'gx': 9.54, 'gy': 5.28, 'gz': -5.21}, {'t_us': 2100133270, 'ax': -0.84, 'ay': -0.19, 'az': -0.46, 'gx': 5.63, 'gy': 1.8, 'gz': -1.66}]",2026-02-13 11:14:23,0.0
"[{'t_us': 2100158186, 'ax': -0.83, 'ay': -0.12, 'az': -0.42, 'gx': 0.11, 'gy': 5.66, 'gz': -1.3}, {'t_us': 2100173292, 'ax': -0.84, 'ay': -0.09, 'az': -0.42, 'gx': -4.17, 'gy': 5.5, 'gz': -2.0}, {'t_us': 2100193274, 'ax': -0.82, 'ay': -0.07, 'az': -0.41, 'gx': -10.99, 'gy': 2.43, 'gz': -2.64}, {'t_us': 2100213300, 'ax': -0.76, 'ay': -0.1, 'az': -0.4, 'gx': -17.42, 'gy': 0.41, 'gz': -1.25}, {'t_us': 2100233306, 'ax': -0.77, 'ay': -0.13, 'az': -0.38, 'gx': -22.05, 'gy': 0.87, 'gz': -1.27}]",2026-02-13 11:14:24,0.0
"[{'t_us': 2100257992, 'ax': -0.76, 'ay': -0.17, 'az': -0.41, 'gx': -23.77, 'gy': 0.38, 'gz': -0.26}, {'t_us': 2100273284, 'ax': -0.75, 'ay': -0.18, 'az': -0.43, 'gx': -22.87, 'gy': 1.77, 'gz': 2.79}, {'t_us': 2100294191, 'ax': -0.77, 'ay': -0.26, 'az': -0.64, 'gx': -14.14, 'gy': 16.03, 'gz': 6.47}, {'t_us': 2100313310, 'ax': -0.96, 'ay': -0.31, 'az': -0.83, 'gx': 6.46, 'gy': 28.08, 'gz': 0.41}, {'t_us': 2100333267, 'ax': -1.0, 'ay': -0.3, 'az': -0.72, 'gx': 16.63, 'gy': -4.41, 'gz': -1.27}]",2026-02-13 11:14:24,0.0
"[{'t_us': 2100359890, 'ax': -0.84, 'ay': -0.17, 'az': -0.45, 'gx': 11.88, 'gy': -1.22, 'gz': 5.01}, {'t_us': 2100373279, 'ax': -0.8, 'ay': -0.1, 'az': -0.49, 'gx': 1.86, 'gy': 2.49, 'gz': 7.19}, {'t_us': 2100393284, 'ax': -0.72, 'ay': -0.01, 'az': -0.5, 'gx': -11.18, 'gy': -1.3, 'gz': 9.21}, {'t_us': 2100413274, 'ax': -0.63, 'ay': -0.02, 'az': -0.59, 'gx': -14.0, 'gy': 7.82, 'gz': 10.26}, {'t_us': 2100433274, 'ax': -0.68, 'ay': -0.1, 'az': -0.62, 'gx': -17.24, 'gy': 16.92, 'gz': 7.56}]",2026-02-13 11:14:24,0.0
"[{'t_us': 2100458121, 'ax': -0.75, 'ay': -0.05, 'az': -0.6, 'gx': -22.66, 'gy': 15.79, 'gz': 12.52}, {'t_us': 2100473329, 'ax': -0.81, 'ay': -0.02, 'az': -0.66, 'gx': -20.9, 'gy': 12.23, 'gz': 15.62}, {'t_us': 2100493333, 'ax': -0.79, 'ay': -0.03, 'az': -0.62, 'gx': -20.89, 'gy': 1.74, 'gz': 17.21}, {'t_us': 2100513333, 'ax': -0.74, 'ay': -0.03, 'az': -0.54, 'gx': -24.56, 'gy': -9.48, 'gz': 19.31}, {'t_us': 2100533300, 'ax': -0.72, 'ay': -0.0, 'az': -0.5, 'gx': -25.71, 'gy': -6.32, 'gz': 17.39}]",2026-02-13 11:14:24,0.0
"[{'t_us': 2100559461, 'ax': -0.82, 'ay': 0.05, 'az': -0.55, 'gx': -24.23, 'gy': 5.27, 'gz': 12.12}, {'t_us': 2100573306, 'ax': -0.88, 'ay': 0.05, 'az': -0.6, 'gx': -22.93, 'gy': 1.53, 'gz': 9.68}, {'t_us': 2100593333, 'ax': -0.89, 'ay': 0.03, 'az': -0.63, 'gx': -20.41, 'gy': -8.67, 'gz': 5.98}, {'t_us': 2100615410, 'ax': -0.83, 'ay': -0.01, 'az': -0.62, 'gx': -18.06, 'gy': -10.09, 'gz': 4.6}, {'t_us': 2100633300, 'ax': -0.81, 'ay': -0.03, 'az': -0.6, 'gx': -16.69, 'gy': -5.82, 'gz': 5.56}]",2026-02-13 11:14:24,0.0
"[{'t_us': 2100657690, 'ax': -0.82, 'ay': -0.04, 'az': -0.61, 'gx': -12.72, 'gy': 7.11, 'gz': 5.73}, {'t_us': 2100673329, 'ax': -0.86, 'ay': -0.02, 'az': -0.64, 'gx': -10.05, 'gy': 11.42, 'gz': 4.66}, {'t_us': 2100693333, 'ax': -0.92, 'ay': 0.01, 'az': -0.65, 'gx': -5.01, 'gy': 16.0, 'gz': 3.11}, {'t_us': 2100713302, 'ax': -0.97, 'ay': 0.0, 'az': -0.67, 'gx': -2.73, 'gy': 13.11, 'gz': 2.37}, {'t_us': 2100733321, 'ax': -0.94, 'ay': 0.0, 'az': -0.62, 'gx': -1.1, 'gy': 8.18, 'gz': 2.78}]",2026-02-13 11:14:24,0.0
"[{'t_us': 2100757932, 'ax': -0.85, 'ay': 0.01, 'az': -0.56, 'gx': -3.04, 'gy': 8.41, 'gz': 5.53}, {'t_us': 2100773283, 'ax': -0.85, 'ay': 0.02, 'az': -0.55, 'gx': -4.03, 'gy': 11.73, 'gz': 6.29}, {'t_us': 2100793292, 'ax': -0.81, 'ay': 0.05, 'az': -0.54, 'gx': -6.18, 'gy': 12.38, 'gz': 7.05}, {'t_us': 2100813267, 'ax': -0.78, 'ay': 0.07, 'az': -0.54, 'gx': -9.51, 'gy': 9.53, 'gz': 6.98}, {'t_us': 2100833267, 'ax': -0.75, 'ay': 0.07, 'az': -0.49, 'gx': -12.11, 'gy': 1.47, 'gz': 8.08}]",2026-02-13 11:14:24,0.0
"[{'t_us': 2100858035, 'ax': -0.65, 'ay': 0.07, 'az': -0.41, 'gx': -17.04, 'gy': -6.69, 'gz': 9.28}, {'t_us': 2100875382, 'ax': -0.63, 'ay': 0.06, 'az': -0.39, 'gx': -20.61, 'gy': -8.32, 'gz': 8.32}, {'t_us': 2100893321, 'ax': -0.69, 'ay': 0.06, 'az': -0.38, 'gx': -22.47, 'gy': -7.48, 'gz': 6.7}, {'t_us': 2100913306, 'ax': -0.8, 'ay': 0.04, 'az': -0.44, 'gx': -24.43, 'gy': -10.35, 'gz': 5.4}, {'t_us': 2100933292, 'ax': -0.88, 'ay': 0.05, 'az': -0.45, 'gx': -25.11, 'gy': -22.26, 'gz': 3.68}]",2026-02-13 11:14:24,0.0
"[{'t_us': 2100957883, 'ax': -0.86, 'ay': 0.09, 'az': -0.45, 'gx': -23.48, 'gy': -32.67, 'gz': 0.75}, {'t_us': 2100973317, 'ax': -0.88, 'ay': 0.1, 'az': -0.48, 'gx': -22.02, 'gy': -32.26, 'gz': -1.98}, {'t_us': 2100993329, 'ax': -0.95, 'ay': 0.13, 'az': -0.53, 'gx': -19.1, 'gy': -26.47, 'gz': -4.89}, {'t_us': 2101013284, 'ax': -1.04, 'ay': 0.09, 'az': -0.59, 'gx': -16.02, 'gy': -19.91, 'gz': -2.89}, {'t_us': 2101033326, 'ax': -1.14, 'ay': 0.04, 'az': -0.68, 'gx': -11.08, 'gy': -7.6, 'gz': -2.76}]",2026-02-13 11:14:24,0.0
"[{'t_us': 2101060033, 'ax': -1.07, 'ay': 0.04, 'az': -0.67, 'gx': -3.47, 'gy': -3.18, 'gz': -2.75}, {'t_us': 2101073368, 'ax': -0.99, 'ay': 0.08, 'az': -0.57, 'gx': -2.9, 'gy': 0.87, 'gz': -1.37}, {'t_us': 2101093321, 'ax': -0.93, 'ay': 0.14, 'az': -0.54, 'gx': -6.0, 'gy': 12.76, 'gz': 0.37}, {'t_us': 2101113329, 'ax': -0.94, 'ay': 0.14, 'az': -0.57, 'gx': -8.4, 'gy': 20.2, 'gz': -0.89}, {'t_us': 2101133284, 'ax': -0.91, 'ay': 0.14, 'az': -0.58, 'gx': -8.05, 'gy': 22.98, 'gz': -2.31}]",2026-02-13 11:14:24,0.0
"[{'t_us': 2101158256, 'ax': -0.81, 'ay': 0.1, 'az': -0.54, 'gx': -4.11, 'gy': 20.03, 'gz': -5.19}, {'t_us': 2101173321, 'ax': -0.74, 'ay': 0.07, 'az': -0.49, 'gx': 0.02, 'gy': 20.09, 'gz': -6.78}, {'t_us': 2101193329, 'ax': -0.66, 'ay': 0.05, 'az': -0.46, 'gx': 5.21, 'gy': 22.17, 'gz': -7.21}, {'t_us': 2101213284, 'ax': -0.67, 'ay': 0.03, 'az': -0.48, 'gx': 10.99, 'gy': 25.42, 'gz': -8.21}, {'t_us': 2101233310, 'ax': -0.69, 'ay': 0.03, 'az': -0.49, 'gx': 16.76, 'gy': 21.98, 'gz': -8.49}]",2026-02-13 11:14:25,0.0
"[{'t_us': 2101260183, 'ax': -0.69, 'ay': 0.05, 'az': -0.49, 'gx': 24.38, 'gy': 13.68, 'gz': -11.22}, {'t_us': 2101273300, 'ax': -0.78, 'ay': 0.09, 'az': -0.5, 'gx': 23.53, 'gy': 11.54, 'gz': -13.21}, {'t_us': 2101293310, 'ax': -0.82, 'ay': 0.1, 'az': -0.61, 'gx': 15.62, 'gy': 1.4, 'gz': -16.46}, {'t_us': 2101313267, 'ax': -0.91, 'ay': 0.04, 'az': -0.66, 'gx': 3.98, 'gy': -2.7, 'gz': -10.0}, {'t_us': 2101333270, 'ax': -1.01, 'ay': -0.06, 'az': -0.61, 'gx': -0.85, 'gy': -21.88, 'gz': -2.56}]",2026-02-13 11:14:25,0.0
"[{'t_us': 2101359985, 'ax': -0.8, 'ay': -0.1, 'az': -0.5, 'gx': 20.12, 'gy': -21.73, 'gz': -2.67}, {'t_us': 2101373294, 'ax': -0.71, 'ay': -0.14, 'az': -0.46, 'gx': 27.98, 'gy': -15.4, 'gz': -6.34}, {'t_us': 2101393310, 'ax': -0.78, 'ay': -0.15, 'az': -0.4, 'gx': 29.91, 'gy': 5.98, 'gz': -10.27}, {'t_us': 2101413317, 'ax': -0.94, 'ay': -0.07, 'az': -0.47, 'gx': 21.63, 'gy': 18.53, 'gz': -8.14}, {'t_us': 2101433317, 'ax': -1.0, 'ay': -0.06, 'az': -0.49, 'gx': 12.87, 'gy': 13.54, 'gz': -4.06}]",2026-02-13 11:14:25,0.0
"[{'t_us': 2101458235, 'ax': -0.9, 'ay': -0.06, 'az': -0.55, 'gx': 7.25, 'gy': 11.44, 'gz': -10.14}, {'t_us': 2101473300, 'ax': -0.87, 'ay': -0.07, 'az': -0.53, 'gx': 7.66, 'gy': 6.96, 'gz': -13.98}, {'t_us': 2101493310, 'ax': -0.76, 'ay': -0.1, 'az': -0.53, 'gx': 7.24, 'gy': 11.69, 'gz': -14.18}, {'t_us': 2101513267, 'ax': -0.72, 'ay': -0.18, 'az': -0.58, 'gx': 9.92, 'gy': 21.53, 'gz': -9.44}, {'t_us': 2101533308, 'ax': -0.77, 'ay': -0.23, 'az': -0.61, 'gx': 14.41, 'gy': 27.01, 'gz': -9.25}]",2026-02-13 11:14:25,0.0
"[{'t_us': 2101559620, 'ax': -0.81, 'ay': -0.18, 'az': -0.58, 'gx': 20.78, 'gy': 11.5, 'gz': -7.63}, {'t_us': 2101573329, 'ax': -0.76, 'ay': -0.14, 'az': -0.57, 'gx': 26.12, 'gy': -2.2, 'gz': -6.0}, {'t_us': 2101593326, 'ax': -0.68, 'ay': -0.13, 'az': -0.5, 'gx': 34.6, 'gy': -9.71, 'gz': -3.63}, {'t_us': 2101613284, 'ax': -0.73, 'ay': -0.12, 'az': -0.44, 'gx': 38.06, 'gy': -0.44, 'gz': -2.82}, {'t_us': 2101633270, 'ax': -0.87, 'ay': -0.12, 'az': -0.48, 'gx': 32.95, 'gy': 2.85, 'gz': -0.7}]",2026-02-13 11:14:25,0.0
"[{'t_us': 2101658241, 'ax': -1.01, 'ay': -0.09, 'az': -0.48, 'gx': 21.39, 'gy': -9.66, 'gz': 1.39}, {'t_us': 2101673317, 'ax': -1.01, 'ay': -0.08, 'az': -0.48, 'gx': 14.95, 'gy': -14.14, 'gz': -1.08}, {'t_us': 2101693267, 'ax': -1.01, 'ay': -0.09, 'az': -0.46, 'gx': 6.69, 'gy': -13.53, 'gz': -6.12}, {'t_us': 2101713267, 'ax': -0.99, 'ay': -0.04, 'az': -0.39, 'gx': -4.27, 'gy': -19.76, 'gz': -10.87}, {'t_us': 2101733285, 'ax': -0.72, 'ay': -0.04, 'az': -0.34, 'gx': -11.34, 'gy': -2.61, 'gz': -16.09}]",2026-02-13 11:14:25,0.0
"[{'t_us': 2101759627, 'ax': -0.66, 'ay': -0.06, 'az': 0.29, 'gx': 0.14, 'gy': 99.19, 'gz': -24.14}, {'t_us': 2101773380, 'ax': -0.84, 'ay': -0.21, 'az': -0.23, 'gx': -16.29, 'gy': 165.71, 'gz': -41.16}, {'t_us': 2101793329, 'ax': -1.03, 'ay': -0.35, 'az': -1.44, 'gx': -19.39, 'gy': 85.33, 'gz': -43.68}, {'t_us': 2101813292, 'ax': -1.08, 'ay': -0.34, 'az': -0.97, 'gx': -21.65, 'gy': -32.75, 'gz': -26.08}, {'t_us': 2101833311, 'ax': -0.79, 'ay': -0.25, 'az': -0.66, 'gx': -18.64, 'gy': -69.53, 'gz': -12.02}]",2026-02-13 11:14:25,0.0
"[{'t_us': 2101858553, 'ax': -0.45, 'ay': -0.37, 'az': -0.48, 'gx': -10.85, 'gy': -37.04, 'gz': -10.87}, {'t_us': 2101873270, 'ax': -0.47, 'ay': -0.38, 'az': -0.48, 'gx': -6.72, 'gy': -10.35, 'gz': -8.92}, {'t_us': 2101893274, 'ax': -0.62, 'ay': -0.38, 'az': -0.56, 'gx': 5.91, 'gy': 8.6, 'gz': 1.24}, {'t_us': 2101913310, 'ax': -0.82, 'ay': -0.33, 'az': -0.48, 'gx': 6.69, 'gy': 10.31, 'gz': 11.01}, {'t_us': 2101933326, 'ax': -0.86, 'ay': -0.33, 'az': -0.44, 'gx': 6.15, 'gy': 8.56, 'gz': 17.91}]",2026-02-13 11:14:25,0.0
"[{'t_us': 2101959981, 'ax': -0.98, 'ay': -0.25, 'az': -0.41, 'gx': 9.08, 'gy': 14.29, 'gz': 17.83}, {'t_us': 2101973292, 'ax': -1.01, 'ay': -0.22, 'az': -0.36, 'gx': 8.23, 'gy': 12.26, 'gz': 13.89}, {'t_us': 2101993310, 'ax': -0.96, 'ay': -0.19, 'az': -0.36, 'gx': 1.91, 'gy': 6.78, 'gz': 11.95}, {'t_us': 2102013317, 'ax': -0.92, 'ay': -0.2, 'az': -0.39, 'gx': -5.59, 'gy': 5.47, 'gz': 12.32}, {'t_us': 2102033329, 'ax': -0.88, 'ay': -0.24, 'az': -0.55, 'gx': -12.14, 'gy': 12.35, 'gz': 8.92}]",2026-02-13 11:14:25,0.0
"[{'t_us': 2102059521, 'ax': -0.95, 'ay': -0.26, 'az': -0.75, 'gx': -13.54, 'gy': 13.44, 'gz': 10.32}, {'t_us': 2102075096, 'ax': -1.09, 'ay': -0.3, 'az': -0.85, 'gx': -5.69, 'gy': 16.0, 'gz': 10.37}, {'t_us': 2102093321, 'ax': -1.2, 'ay': -0.27, 'az': -0.67, 'gx': 4.14, 'gy': 5.39, 'gz': 3.94}, {'t_us': 2102113306, 'ax': -0.86, 'ay': -0.21, 'az': -0.46, 'gx': 2.69, 'gy': -9.6, 'gz': 12.56}, {'t_us': 2102133329, 'ax': -0.79, 'ay': -0.01, 'az': -0.4, 'gx': -9.94, 'gy': 3.25, 'gz': 13.92}]",2026-02-13 11:14:25,0.0
"[{'t_us': 2102158333, 'ax': -0.87, 'ay': 0.12, 'az': -0.52, 'gx': -25.24, 'gy': 5.33, 'gz': 4.44}, {'t_us': 2102173329, 'ax': -0.86, 'ay': 0.08, 'az': -0.6, 'gx': -22.06, 'gy': 1.33, 'gz': 2.98}, {'t_us': 2102193333, 'ax': -0.83, 'ay': -0.15, 'az': -0.63, 'gx': -16.67, 'gy': 1.53, 'gz': 1.51}, {'t_us': 2102213292, 'ax': -0.77, 'ay': -0.28, 'az': -0.6, 'gx': -6.9, 'gy': -0.92, 'gz': 0.89}, {'t_us': 2102233310, 'ax': -0.66, 'ay': -0.3, 'az': -0.61, 'gx': -3.34, 'gy': -0.64, 'gz': 6.52}]",2026-02-13 11:14:26,0.0
"[{'t_us': 2102258038, 'ax': -0.72, 'ay': -0.19, 'az': -0.6, 'gx': 0.47, 'gy': -6.18, 'gz': 15.59}, {'t_us': 2102273310, 'ax': -0.79, 'ay': -0.14, 'az': -0.54, 'gx': 4.64, 'gy': -14.06, 'gz': 23.54}, {'t_us': 2102293317, 'ax': -0.76, 'ay': -0.07, 'az': -0.52, 'gx': 4.31, 'gy': -16.0, 'gz': 27.5}, {'t_us': 2102313270, 'ax': -0.64, 'ay': -0.03, 'az': -0.55, 'gx': 3.1, 'gy': -0.73, 'gz': 22.78}, {'t_us': 2102333279, 'ax': -0.73, 'ay': 0.01, 'az': -0.54, 'gx': 0.18, 'gy': 11.34, 'gz': 16.32}]",2026-02-13 11:14:26,0.0
"[{'t_us': 2102360364, 'ax': -0.69, 'ay': -0.06, 'az': -0.6, 'gx': -1.11, 'gy': 11.83, 'gz': 18.31}, {'t_us': 2102373306, 'ax': -0.71, 'ay': -0.05, 'az': -0.62, 'gx': -5.62, 'gy': 15.82, 'gz': 21.27}, {'t_us': 2102393317, 'ax': -0.68, 'ay': -0.06, 'az': -0.72, 'gx': -12.5, 'gy': 20.38, 'gz': 17.48}, {'t_us': 2102413270, 'ax': -0.73, 'ay': -0.04, 'az': -0.75, 'gx': -20.55, 'gy': 28.06, 'gz': 10.75}, {'t_us': 2102433310, 'ax': -0.84, 'ay': -0.01, 'az': -0.71, 'gx': -26.11, 'gy': 18.64, 'gz': 7.07}]",2026-02-13 11:14:26,0.0
"[{'t_us': 2102458326, 'ax': -0.82, 'ay': 0.0, 'az': -0.68, 'gx': -27.04, 'gy': 1.47, 'gz': 7.27}, {'t_us': 2102473333, 'ax': -0.74, 'ay': -0.03, 'az': -0.65, 'gx': -24.84, 'gy': -0.69, 'gz': 7.16}, {'t_us': 2102493267, 'ax': -0.74, 'ay': -0.03, 'az': -0.62, 'gx': -22.21, 'gy': 1.92, 'gz': 2.06}, {'t_us': 2102513306, 'ax': -0.72, 'ay': -0.06, 'az': -0.61, 'gx': -20.47, 'gy': 6.95, 'gz': 3.36}, {'t_us': 2102533326, 'ax': -0.73, 'ay': -0.09, 'az': -0.64, 'gx': -15.54, 'gy': 6.67, 'gz': 0.64}]",2026-02-13 11:14:26,0.0
"[{'t_us': 2102560532, 'ax': -0.75, 'ay': -0.06, 'az': -0.62, 'gx': -8.06, 'gy': 4.87, 'gz': 2.26}, {'t_us': 2102573270, 'ax': -0.76, 'ay': -0.03, 'az': -0.62, 'gx': -7.22, 'gy': 3.73, 'gz': 4.56}, {'t_us': 2102593284, 'ax': -0.75, 'ay': -0.02, 'az': -0.58, 'gx': -8.23, 'gy': -0.37, 'gz': 6.46}, {'t_us': 2102613310, 'ax': -0.74, 'ay': -0.01, 'az': -0.55, 'gx': -11.59, 'gy': -3.86, 'gz': 3.83}, {'t_us': 2102633329, 'ax': -0.75, 'ay': 0.01, 'az': -0.52, 'gx': -15.24, 'gy': -3.6, 'gz': 2.06}]",2026-02-13 11:14:26,0.0
"[{'t_us': 2102657820, 'ax': -0.76, 'ay': 0.03, 'az': -0.54, 'gx': -16.78, 'gy': 0.35, 'gz': 1.77}, {'t_us': 2102676057, 'ax': -0.78, 'ay': 0.01, 'az': -0.56, 'gx': -18.99, 'gy': -0.31, 'gz': -0.44}, {'t_us': 2102693284, 'ax': -0.77, 'ay': -0.01, 'az': -0.54, 'gx': -23.34, 'gy': -5.59, 'gz': 0.72}, {'t_us': 2102713317, 'ax': -0.81, 'ay': -0.0, 'az': -0.54, 'gx': -27.63, 'gy': -13.71, 'gz': 3.6}, {'t_us': 2102733270, 'ax': -0.74, 'ay': 0.02, 'az': -0.54, 'gx': -29.6, 'gy': -14.55, 'gz': 6.29}]",2026-02-13 11:14:26,0.0
"[{'t_us': 2102759569, 'ax': -0.77, 'ay': 0.04, 'az': -0.52, 'gx': -28.31, 'gy': -8.81, 'gz': 5.33}, {'t_us': 2102773276, 'ax': -0.75, 'ay': 0.03, 'az': -0.55, 'gx': -29.47, 'gy': -7.47, 'gz': 1.51}, {'t_us': 2102793306, 'ax': -0.78, 'ay': 0.07, 'az': -0.55, 'gx': -36.98, 'gy': -8.47, 'gz': -1.44}, {'t_us': 2102813317, 'ax': -0.79, 'ay': 0.13, 'az': -0.56, 'gx': -40.6, 'gy': -17.08, 'gz': -3.76}, {'t_us': 2102833329, 'ax': -0.77, 'ay': 0.08, 'az': -0.51, 'gx': -36.27, 'gy': -21.85, 'gz': -1.69}]",2026-02-13 11:14:26,0.0
"[{'t_us': 2102860241, 'ax': -0.74, 'ay': -0.06, 'az': -0.56, 'gx': -24.7, 'gy': -24.95, 'gz': -1.86}, {'t_us': 2102873270, 'ax': -0.7, 'ay': -0.12, 'az': -0.55, 'gx': -16.69, 'gy': -22.58, 'gz': 0.2}, {'t_us': 2102893279, 'ax': -0.69, 'ay': -0.16, 'az': -0.52, 'gx': -8.95, 'gy': -20.24, 'gz': 7.21}, {'t_us': 2102913284, 'ax': -0.73, 'ay': -0.1, 'az': -0.58, 'gx': -10.12, 'gy': -14.58, 'gz': 13.91}, {'t_us': 2102933267, 'ax': -0.87, 'ay': 0.02, 'az': -0.57, 'gx': -5.97, 'gy': -23.91, 'gz': 11.22}]",2026-02-13 11:14:26,0.0
"[{'t_us': 2102959951, 'ax': -0.78, 'ay': 0.02, 'az': -0.44, 'gx': -6.44, 'gy': -18.14, 'gz': -3.36}, {'t_us': 2102975766, 'ax': -0.74, 'ay': 0.05, 'az': -0.46, 'gx': -8.81, 'gy': -9.27, 'gz': -5.07}, {'t_us': 2102993274, 'ax': -0.74, 'ay': 0.03, 'az': -0.57, 'gx': -14.58, 'gy': -4.73, 'gz': -8.9}, {'t_us': 2103013310, 'ax': -0.82, 'ay': 0.02, 'az': -0.61, 'gx': -23.04, 'gy': -10.73, 'gz': -7.8}, {'t_us': 2103033318, 'ax': -0.93, 'ay': -0.09, 'az': -0.65, 'gx': -24.06, 'gy': -16.4, 'gz': -16.09}]",2026-02-13 11:14:26,0.0
"[{'t_us': 2103059555, 'ax': -0.86, 'ay': -0.17, 'az': -0.58, 'gx': -26.26, 'gy': -23.85, 'gz': -25.73}, {'t_us': 2103073555, 'ax': -0.77, 'ay': -0.17, 'az': -0.6, 'gx': -26.69, 'gy': -22.23, 'gz': -25.44}, {'t_us': 2103093292, 'ax': -0.72, 'ay': -0.2, 'az': -0.62, 'gx': -23.86, 'gy': -19.83, 'gz': -18.95}, {'t_us': 2103113321, 'ax': -0.78, 'ay': -0.21, 'az': -0.62, 'gx': -17.95, 'gy': -21.65, 'gz': -13.22}, {'t_us': 2103133310, 'ax': -0.78, 'ay': -0.15, 'az': -0.59, 'gx': -9.15, 'gy': -30.82, 'gz': -12.7}]",2026-02-13 11:14:26,0.0
"[{'t_us': 2103157625, 'ax': -0.69, 'ay': -0.13, 'az': -0.52, 'gx': -2.02, 'gy': -32.38, 'gz': -13.68}, {'t_us': 2103173306, 'ax': -0.62, 'ay': -0.14, 'az': -0.47, 'gx': 0.47, 'gy': -26.67, 'gz': -12.69}, {'t_us': 2103193329, 'ax': -0.59, 'ay': -0.14, 'az': -0.41, 'gx': 2.53, 'gy': -29.07, 'gz': -9.76}, {'t_us': 2103213333, 'ax': -0.53, 'ay': -0.12, 'az': -0.45, 'gx': 5.42, 'gy': -34.43, 'gz': -3.3}, {'t_us': 2103233329, 'ax': -0.53, 'ay': -0.04, 'az': -0.46, 'gx': 12.47, 'gy': -34.99, 'gz': 0.78}]",2026-02-13 11:14:27,0.0
"[{'t_us': 2103259349, 'ax': -0.43, 'ay': -0.04, 'az': -0.4, 'gx': 8.67, 'gy': -45.73, 'gz': 3.18}, {'t_us': 2103274206, 'ax': -0.37, 'ay': -0.06, 'az': -0.37, 'gx': 8.37, 'gy': -47.94, 'gz': 10.82}, {'t_us': 2103293270, 'ax': -0.35, 'ay': -0.03, 'az': -0.36, 'gx': 11.51, 'gy': -51.97, 'gz': 25.53}, {'t_us': 2103313306, 'ax': -0.36, 'ay': 0.01, 'az': -0.32, 'gx': 13.51, 'gy': -64.76, 'gz': 29.19}, {'t_us': 2103333317, 'ax': -0.31, 'ay': 0.04, 'az': -0.23, 'gx': 13.98, 'gy': -79.21, 'gz': 30.23}]",2026-02-13 11:14:27,0.0
"[{'t_us': 2103357821, 'ax': -0.19, 'ay': -0.02, 'az': -0.23, 'gx': 12.24, 'gy': -108.52, 'gz': 43.22}, {'t_us': 2103373267, 'ax': -0.13, 'ay': -0.03, 'az': -0.26, 'gx': 21.27, 'gy': -119.45, 'gz': 56.17}, {'t_us': 2103393321, 'ax': -0.14, 'ay': -0.06, 'az': -0.24, 'gx': 33.18, 'gy': -111.01, 'gz': 77.22}, {'t_us': 2103413274, 'ax': -0.37, 'ay': 0.03, 'az': -0.22, 'gx': 43.68, 'gy': -85.47, 'gz': 99.37}, {'t_us': 2103433300, 'ax': -0.83, 'ay': 0.03, 'az': -0.06, 'gx': 56.66, 'gy': -63.24, 'gz': 124.15}]",2026-02-13 11:14:27,0.0
"[{'t_us': 2103459469, 'ax': -1.44, 'ay': 0.4, 'az': 0.28, 'gx': 52.18, 'gy': -134.47, 'gz': 159.79}, {'t_us': 2103473714, 'ax': -1.64, 'ay': 0.85, 'az': 0.31, 'gx': 41.05, 'gy': -209.73, 'gz': 183.71}, {'t_us': 2103493274, 'ax': -1.88, 'ay': 1.49, 'az': 0.63, 'gx': 15.19, 'gy': -272.64, 'gz': 172.75}, {'t_us': 2103513310, 'ax': -2.0, 'ay': 1.39, 'az': 0.27, 'gx': 15.76, 'gy': -191.5, 'gz': 121.16}, {'t_us': 2103533267, 'ax': -2.0, 'ay': 1.18, 'az': 0.4, 'gx': 16.4, 'gy': -243.59, 'gz': 89.15}]",2026-02-13 11:14:27,0.0
"[{'t_us': 2103559963, 'ax': -1.99, 'ay': 1.57, 'az': 0.91, 'gx': 6.15, 'gy': -234.58, 'gz': 119.6}, {'t_us': 2103575287, 'ax': -1.52, 'ay': 1.43, 'az': 0.67, 'gx': 28.24, 'gy': -175.31, 'gz': 109.83}, {'t_us': 2103593270, 'ax': -1.02, 'ay': 1.22, 'az': 0.61, 'gx': 37.39, 'gy': -110.56, 'gz': 95.19}, {'t_us': 2103613306, 'ax': -0.92, 'ay': 0.92, 'az': 0.31, 'gx': 30.58, 'gy': -83.19, 'gz': 68.5}, {'t_us': 2103633292, 'ax': -0.38, 'ay': 0.56, 'az': 0.07, 'gx': 0.34, 'gy': -72.0, 'gz': 60.17}]",2026-02-13 11:14:27,0.0
"[{'t_us': 2103657845, 'ax': -0.67, 'ay': 0.14, 'az': -0.12, 'gx': 8.14, 'gy': -75.76, 'gz': 81.07}, {'t_us': 2103673275, 'ax': -1.01, 'ay': 0.07, 'az': 0.27, 'gx': -20.09, 'gy': -137.3, 'gz': 107.82}, {'t_us': 2103693329, 'ax': -0.59, 'ay': 0.16, 'az': 0.23, 'gx': -75.68, 'gy': -130.67, 'gz': 97.5}, {'t_us': 2103713284, 'ax': -0.25, 'ay': 0.32, 'az': 0.38, 'gx': -77.98, 'gy': -191.5, 'gz': 102.82}, {'t_us': 2103733333, 'ax': -0.25, 'ay': 0.4, 'az': 0.58, 'gx': -78.05, 'gy': -138.11, 'gz': 88.9}]",2026-02-13 11:14:27,0.0
"[{'t_us': 2103759465, 'ax': -0.19, 'ay': 0.58, 'az': 0.51, 'gx': -91.04, 'gy': -165.77, 'gz': 94.79}, {'t_us': 2103773300, 'ax': -0.19, 'ay': 0.71, 'az': 0.57, 'gx': -95.91, 'gy': -197.18, 'gz': 92.76}, {'t_us': 2103793317, 'ax': 0.07, 'ay': 0.97, 'az': 0.68, 'gx': -100.64, 'gy': -202.72, 'gz': 98.43}, {'t_us': 2103813270, 'ax': 0.13, 'ay': 1.15, 'az': 0.86, 'gx': -91.3, 'gy': -197.08, 'gz': 95.21}, {'t_us': 2103833292, 'ax': 0.31, 'ay': 1.01, 'az': 0.99, 'gx': -69.68, 'gy': -129.56, 'gz': 70.11}]",2026-02-13 11:14:27,0.0
"[{'t_us': 2103859509, 'ax': 0.5, 'ay': 0.7, 'az': 0.82, 'gx': -55.54, 'gy': -98.03, 'gz': 40.79}, {'t_us': 2103874348, 'ax': 0.53, 'ay': 0.68, 'az': 0.81, 'gx': -48.67, 'gy': -82.02, 'gz': 26.27}, {'t_us': 2103893333, 'ax': 0.6, 'ay': 0.72, 'az': 0.89, 'gx': -28.05, 'gy': -35.54, 'gz': 0.18}, {'t_us': 2103913292, 'ax': 0.6, 'ay': 0.49, 'az': 0.83, 'gx': -3.79, 'gy': 59.19, 'gz': -19.13}, {'t_us': 2103933310, 'ax': 0.35, 'ay': 0.26, 'az': 0.68, 'gx': -2.78, 'gy': 63.02, 'gz': -12.0}]",2026-02-13 11:14:27,0.0
"[{'t_us': 2103957839, 'ax': 0.15, 'ay': 0.25, 'az': 0.66, 'gx': -20.15, 'gy': 34.17, 'gz': -4.58}, {'t_us': 2103973281, 'ax': 0.12, 'ay': 0.28, 'az': 0.74, 'gx': -20.41, 'gy': 27.94, 'gz': -5.15}, {'t_us': 2103993300, 'ax': 0.14, 'ay': 0.22, 'az': 0.87, 'gx': 1.5, 'gy': 28.41, 'gz': -9.37}, {'t_us': 2104013329, 'ax': 0.05, 'ay': 0.26, 'az': 1.0, 'gx': 17.08, 'gy': 32.5, 'gz': -11.66}, {'t_us': 2104033300, 'ax': -0.02, 'ay': 0.24, 'az': 0.95, 'gx': 16.02, 'gy': 15.08, 'gz': -12.24}]",2026-02-13 11:14:27,0.0
"[{'t_us': 2104058015, 'ax': -0.12, 'ay': 0.23, 'az': 0.89, 'gx': 8.78, 'gy': 9.73, 'gz': -16.09}, {'t_us': 2104073334, 'ax': -0.1, 'ay': 0.28, 'az': 0.92, 'gx': 3.66, 'gy': 14.99, 'gz': -21.3}, {'t_us': 2104093341, 'ax': -0.16, 'ay': 0.26, 'az': 0.94, 'gx': 1.88, 'gy': 35.97, 'gz': -22.29}, {'t_us': 2104113321, 'ax': -0.26, 'ay': 0.26, 'az': 0.9, 'gx': -3.62, 'gy': 32.49, 'gz': -15.66}, {'t_us': 2104133270, 'ax': -0.23, 'ay': 0.32, 'az': 0.74, 'gx': -7.13, 'gy': 28.89, 'gz': -8.31}]",2026-02-13 11:14:27,0.0
"[{'t_us': 2104157600, 'ax': -0.21, 'ay': 0.43, 'az': 0.68, 'gx': 1.47, 'gy': 31.69, 'gz': 7.56}, {'t_us': 2104173310, 'ax': -0.22, 'ay': 0.52, 'az': 0.75, 'gx': 0.72, 'gy': 14.12, 'gz': 14.61}, {'t_us': 2104193275, 'ax': -0.17, 'ay': 0.56, 'az': 0.71, 'gx': 10.34, 'gy': 33.76, 'gz': 17.13}, {'t_us': 2104213329, 'ax': -0.17, 'ay': 0.49, 'az': 0.59, 'gx': 31.4, 'gy': 52.58, 'gz': 21.77}, {'t_us': 2104233267, 'ax': -0.15, 'ay': 0.48, 'az': 0.66, 'gx': 40.47, 'gy': 41.83, 'gz': 16.93}]",2026-02-13 11:14:28,0.0
"[{'t_us': 2104259891, 'ax': -0.15, 'ay': 0.52, 'az': 0.72, 'gx': 38.5, 'gy': 58.56, 'gz': 15.31}, {'t_us': 2104273285, 'ax': -0.17, 'ay': 0.53, 'az': 0.65, 'gx': 34.99, 'gy': 65.85, 'gz': 17.45}, {'t_us': 2104293311, 'ax': -0.22, 'ay': 0.63, 'az': 0.55, 'gx': 29.68, 'gy': 31.16, 'gz': 10.85}, {'t_us': 2104313267, 'ax': -0.14, 'ay': 0.69, 'az': 0.5, 'gx': 32.11, 'gy': 4.24, 'gz': -6.64}, {'t_us': 2104333333, 'ax': 0.02, 'ay': 0.69, 'az': 0.65, 'gx': 32.0, 'gy': 11.36, 'gz': -14.21}]",2026-02-13 11:14:28,0.0
"[{'t_us': 2104358111, 'ax': -0.14, 'ay': 0.63, 'az': 0.67, 'gx': 19.18, 'gy': 31.57, 'gz': -10.34}, {'t_us': 2104373283, 'ax': -0.26, 'ay': 0.67, 'az': 0.64, 'gx': 11.42, 'gy': 21.79, 'gz': -10.38}, {'t_us': 2104393292, 'ax': -0.23, 'ay': 0.62, 'az': 0.55, 'gx': 5.24, 'gy': 6.85, 'gz': -10.63}, {'t_us': 2104413306, 'ax': -0.19, 'ay': 0.58, 'az': 0.52, 'gx': 12.21, 'gy': 6.31, 'gz': -5.57}, {'t_us': 2104433329, 'ax': -0.19, 'ay': 0.59, 'az': 0.52, 'gx': 8.82, 'gy': -3.33, 'gz': -0.32}]",2026-02-13 11:14:28,0.0
"[{'t_us': 2104459859, 'ax': -0.2, 'ay': 0.75, 'az': 0.74, 'gx': -9.86, 'gy': -24.41, 'gz': 1.27}, {'t_us': 2104473306, 'ax': -0.19, 'ay': 0.75, 'az': 0.72, 'gx': -17.36, 'gy': -34.95, 'gz': 3.24}, {'t_us': 2104493317, 'ax': -0.16, 'ay': 0.76, 'az': 0.73, 'gx': -16.18, 'gy': -17.25, 'gz': 0.14}, {'t_us': 2104513317, 'ax': -0.22, 'ay': 0.76, 'az': 0.69, 'gx': -11.73, 'gy': -3.97, 'gz': -1.47}, {'t_us': 2104533310, 'ax': -0.22, 'ay': 0.73, 'az': 0.68, 'gx': -11.47, 'gy': -1.77, 'gz': 1.88}]",2026-02-13 11:14:28,0.0
"[{'t_us': 2104557858, 'ax': -0.2, 'ay': 0.6, 'az': 0.7, 'gx': -11.01, 'gy': 3.86, 'gz': 2.84}, {'t_us': 2104573273, 'ax': -0.21, 'ay': 0.55, 'az': 0.69, 'gx': -12.4, 'gy': 1.53, 'gz': 2.63}, {'t_us': 2104593274, 'ax': -0.18, 'ay': 0.55, 'az': 0.7, 'gx': -13.1, 'gy': -0.4, 'gz': 3.01}, {'t_us': 2104613274, 'ax': -0.17, 'ay': 0.54, 'az': 0.69, 'gx': -12.61, 'gy': 3.56, 'gz': 1.98}, {'t_us': 2104633267, 'ax': -0.15, 'ay': 0.51, 'az': 0.68, 'gx': -9.39, 'gy': 3.33, 'gz': 2.0}]",2026-02-13 11:14:28,0.0
"[{'t_us': 2104657566, 'ax': -0.17, 'ay': 0.49, 'az': 0.71, 'gx': -7.68, 'gy': 3.65, 'gz': 1.65}, {'t_us': 2104673317, 'ax': -0.17, 'ay': 0.5, 'az': 0.72, 'gx': -8.11, 'gy': 3.18, 'gz': 0.76}, {'t_us': 2104693329, 'ax': -0.17, 'ay': 0.5, 'az': 0.71, 'gx': -6.9, 'gy': 4.92, 'gz': -1.02}, {'t_us': 2104713267, 'ax': -0.15, 'ay': 0.5, 'az': 0.69, 'gx': -5.33, 'gy': 2.81, 'gz': -1.16}, {'t_us': 2104733300, 'ax': -0.16, 'ay': 0.53, 'az': 0.7, 'gx': -3.39, 'gy': 3.45, 'gz': -1.5}]",2026-02-13 11:14:28,0.0
"[{'t_us': 2104759452, 'ax': -0.17, 'ay': 0.55, 'az': 0.7, 'gx': -2.52, 'gy': -0.17, 'gz': -2.2}, {'t_us': 2104773267, 'ax': -0.18, 'ay': 0.55, 'az': 0.68, 'gx': -2.0, 'gy': -2.53, 'gz': -2.61}, {'t_us': 2104793329, 'ax': -0.17, 'ay': 0.57, 'az': 0.69, 'gx': -2.4, 'gy': -6.92, 'gz': -2.61}, {'t_us': 2104813267, 'ax': -0.17, 'ay': 0.58, 'az': 0.69, 'gx': -2.61, 'gy': -5.37, 'gz': -2.47}, {'t_us': 2104833295, 'ax': -0.17, 'ay': 0.59, 'az': 0.69, 'gx': -2.6, 'gy': -3.97, 'gz': -2.67}]",2026-02-13 11:14:28,0.0
"[{'t_us': 2104859411, 'ax': -0.18, 'ay': 0.6, 'az': 0.7, 'gx': -2.96, 'gy': -2.0, 'gz': -2.21}, {'t_us': 2104873269, 'ax': -0.18, 'ay': 0.6, 'az': 0.7, 'gx': -3.11, 'gy': -1.5, 'gz': -1.62}, {'t_us': 2104893300, 'ax': -0.18, 'ay': 0.59, 'az': 0.71, 'gx': -2.9, 'gy': -0.76, 'gz': -1.01}, {'t_us': 2104913299, 'ax': -0.17, 'ay': 0.6, 'az': 0.73, 'gx': -3.69, 'gy': 1.13, 'gz': -0.43}, {'t_us': 2104933310, 'ax': -0.17, 'ay': 0.61, 'az': 0.72, 'gx': -5.31, 'gy': 4.43, 'gz': 0.15}]",2026-02-13 11:14:28,0.0
"[{'t_us': 2104959872, 'ax': -0.17, 'ay': 0.61, 'az': 0.71, 'gx': -5.76, 'gy': 4.27, 'gz': -0.15}, {'t_us': 2104973300, 'ax': -0.17, 'ay': 0.6, 'az': 0.71, 'gx': -6.12, 'gy': 3.66, 'gz': -0.15}, {'t_us': 2104993310, 'ax': -0.17, 'ay': 0.58, 'az': 0.72, 'gx': -5.47, 'gy': 5.76, 'gz': 0.44}, {'t_us': 2105013278, 'ax': -0.17, 'ay': 0.57, 'az': 0.7, 'gx': -5.04, 'gy': 3.88, 'gz': 0.24}, {'t_us': 2105033267, 'ax': -0.17, 'ay': 0.57, 'az': 0.71, 'gx': -4.75, 'gy': 3.08, 'gz': 0.18}]",2026-02-13 11:14:28,0.0
"[{'t_us': 2105059918, 'ax': -0.18, 'ay': 0.56, 'az': 0.72, 'gx': -3.91, 'gy': 1.74, 'gz': 0.11}, {'t_us': 2105073270, 'ax': -0.15, 'ay': 0.56, 'az': 0.71, 'gx': -4.08, 'gy': 4.06, 'gz': -0.06}, {'t_us': 2105093274, 'ax': -0.16, 'ay': 0.54, 'az': 0.71, 'gx': -4.92, 'gy': 7.83, 'gz': -0.12}, {'t_us': 2105113283, 'ax': -0.16, 'ay': 0.54, 'az': 0.68, 'gx': -3.56, 'gy': 3.47, 'gz': -0.46}, {'t_us': 2105133267, 'ax': -0.15, 'ay': 0.54, 'az': 0.7, 'gx': -2.14, 'gy': 4.9, 'gz': -0.67}]",2026-02-13 11:14:28,0.0
"[{'t_us': 2105159347, 'ax': -0.18, 'ay': 0.55, 'az': 0.71, 'gx': -1.59, 'gy': 6.72, 'gz': -0.99}, {'t_us': 2105173285, 'ax': -0.17, 'ay': 0.56, 'az': 0.72, 'gx': -1.94, 'gy': 6.5, 'gz': -1.19}, {'t_us': 2105193292, 'ax': -0.18, 'ay': 0.57, 'az': 0.71, 'gx': -1.8, 'gy': 9.27, 'gz': -1.25}, {'t_us': 2105213321, 'ax': -0.18, 'ay': 0.57, 'az': 0.71, 'gx': -1.1, 'gy': 9.47, 'gz': -1.51}, {'t_us': 2105233300, 'ax': -0.16, 'ay': 0.58, 'az': 0.72, 'gx': -1.76, 'gy': 8.73, 'gz': -1.57}]",2026-02-13 11:14:29,0.0
"[{'t_us': 2105259979, 'ax': -0.2, 'ay': 0.59, 'az': 0.7, 'gx': -1.28, 'gy': 12.53, 'gz': -1.88}, {'t_us': 2105273321, 'ax': -0.18, 'ay': 0.59, 'az': 0.69, 'gx': -1.5, 'gy': 9.92, 'gz': -1.73}, {'t_us': 2105293329, 'ax': -0.18, 'ay': 0.59, 'az': 0.67, 'gx': -1.79, 'gy': 10.35, 'gz': -0.85}, {'t_us': 2105313292, 'ax': -0.19, 'ay': 0.58, 'az': 0.72, 'gx': -2.02, 'gy': 9.39, 'gz': -1.16}, {'t_us': 2105333279, 'ax': -0.18, 'ay': 0.58, 'az': 0.71, 'gx': -3.63, 'gy': 12.61, 'gz': -1.59}]",2026-02-13 11:14:29,0.0
"[{'t_us': 2105358112, 'ax': -0.18, 'ay': 0.57, 'az': 0.7, 'gx': -3.18, 'gy': 14.09, 'gz': -0.21}, {'t_us': 2105373274, 'ax': -0.22, 'ay': 0.57, 'az': 0.68, 'gx': -2.69, 'gy': 14.29, 'gz': 0.82}, {'t_us': 2105393310, 'ax': -0.21, 'ay': 0.57, 'az': 0.71, 'gx': -2.47, 'gy': 13.05, 'gz': 0.38}, {'t_us': 2105413326, 'ax': -0.21, 'ay': 0.57, 'az': 0.71, 'gx': -2.49, 'gy': 16.06, 'gz': 0.37}, {'t_us': 2105433333, 'ax': -0.21, 'ay': 0.55, 'az': 0.69, 'gx': -1.69, 'gy': 15.15, 'gz': 0.85}]",2026-02-13 11:14:29,0.0
"[{'t_us': 2105457757, 'ax': -0.2, 'ay': 0.56, 'az': 0.67, 'gx': -1.28, 'gy': 9.57, 'gz': 1.65}, {'t_us': 2105473292, 'ax': -0.21, 'ay': 0.57, 'az': 0.68, 'gx': -1.37, 'gy': 6.99, 'gz': 1.77}, {'t_us': 2105493306, 'ax': -0.2, 'ay': 0.57, 'az': 0.68, 'gx': -2.55, 'gy': 2.82, 'gz': 1.27}, {'t_us': 2105513333, 'ax': -0.18, 'ay': 0.58, 'az': 0.67, 'gx': -3.07, 'gy': 1.02, 'gz': 0.73}, {'t_us': 2105533267, 'ax': -0.19, 'ay': 0.58, 'az': 0.68, 'gx': -3.65, 'gy': -1.08, 'gz': 0.72}]",2026-02-13 11:14:29,0.0
"[{'t_us': 2105559639, 'ax': -0.18, 'ay': 0.58, 'az': 0.67, 'gx': -4.89, 'gy': -2.35, 'gz': 0.7}, {'t_us': 2105573285, 'ax': -0.18, 'ay': 0.57, 'az': 0.67, 'gx': -4.5, 'gy': -2.27, 'gz': 0.72}, {'t_us': 2105593292, 'ax': -0.2, 'ay': 0.57, 'az': 0.68, 'gx': -3.85, 'gy': -3.68, 'gz': 0.53}, {'t_us': 2105613321, 'ax': -0.22, 'ay': 0.57, 'az': 0.69, 'gx': -4.44, 'gy': -5.97, 'gz': 0.35}, {'t_us': 2105633289, 'ax': -0.2, 'ay': 0.57, 'az': 0.72, 'gx': -6.56, 'gy': -4.46, 'gz': -0.26}]",2026-02-13 11:14:29,0.0
"[{'t_us': 2105657883, 'ax': -0.21, 'ay': 0.57, 'az': 0.68, 'gx': -8.44, 'gy': -7.13, 'gz': -0.67}, {'t_us': 2105673270, 'ax': -0.2, 'ay': 0.58, 'az': 0.7, 'gx': -7.47, 'gy': -9.56, 'gz': -0.67}, {'t_us': 2105693270, 'ax': -0.2, 'ay': 0.58, 'az': 0.72, 'gx': -5.11, 'gy': -4.12, 'gz': -0.31}, {'t_us': 2105713306, 'ax': -0.19, 'ay': 0.58, 'az': 0.72, 'gx': -4.21, 'gy': -1.04, 'gz': -0.11}, {'t_us': 2105733347, 'ax': -0.19, 'ay': 0.58, 'az': 0.73, 'gx': -3.34, 'gy': 1.31, 'gz': 0.0}]",2026-02-13 11:14:29,0.0
"[{'t_us': 2105759533, 'ax': -0.19, 'ay': 0.57, 'az': 0.71, 'gx': -2.98, 'gy': 3.73, 'gz': -0.23}, {'t_us': 2105773326, 'ax': -0.18, 'ay': 0.57, 'az': 0.71, 'gx': -2.56, 'gy': 4.34, 'gz': 0.05}, {'t_us': 2105793329, 'ax': -0.18, 'ay': 0.56, 'az': 0.7, 'gx': -2.52, 'gy': 5.33, 'gz': 0.21}, {'t_us': 2105813284, 'ax': -0.19, 'ay': 0.55, 'az': 0.68, 'gx': -2.58, 'gy': 5.36, 'gz': 0.27}, {'t_us': 2105833310, 'ax': -0.17, 'ay': 0.54, 'az': 0.67, 'gx': -2.44, 'gy': 3.74, 'gz': 0.72}]",2026-02-13 11:14:29,0.0
"[{'t_us': 2105859525, 'ax': -0.19, 'ay': 0.55, 'az': 0.67, 'gx': -2.23, 'gy': 0.96, 'gz': 1.15}, {'t_us': 2105873353, 'ax': -0.19, 'ay': 0.56, 'az': 0.7, 'gx': -3.47, 'gy': -1.02, 'gz': 1.21}, {'t_us': 2105893333, 'ax': -0.18, 'ay': 0.58, 'az': 0.7, 'gx': -4.17, 'gy': -4.18, 'gz': 0.47}, {'t_us': 2105913267, 'ax': -0.18, 'ay': 0.59, 'az': 0.73, 'gx': -4.15, 'gy': -1.54, 'gz': 0.12}, {'t_us': 2105933329, 'ax': -0.18, 'ay': 0.59, 'az': 0.7, 'gx': -4.46, 'gy': 1.01, 'gz': -0.47}]",2026-02-13 11:14:29,0.0
"[{'t_us': 2105960179, 'ax': -0.19, 'ay': 0.57, 'az': 0.71, 'gx': -4.31, 'gy': 2.69, 'gz': -0.49}, {'t_us': 2105974208, 'ax': -0.19, 'ay': 0.57, 'az': 0.7, 'gx': -4.03, 'gy': 1.66, 'gz': -0.58}, {'t_us': 2105993300, 'ax': -0.18, 'ay': 0.56, 'az': 0.71, 'gx': -3.65, 'gy': 2.12, 'gz': -0.46}, {'t_us': 2106013329, 'ax': -0.18, 'ay': 0.57, 'az': 0.71, 'gx': -3.31, 'gy': 2.67, 'gz': -0.58}, {'t_us': 2106033310, 'ax': -0.18, 'ay': 0.57, 'az': 0.69, 'gx': -3.37, 'gy': 2.0, 'gz': -0.44}]",2026-02-13 11:14:29,0.0
"[{'t_us': 2106058801, 'ax': -0.18, 'ay': 0.55, 'az': 0.68, 'gx': -3.89, 'gy': -0.87, 'gz': -0.46}, {'t_us': 2106073292, 'ax': -0.18, 'ay': 0.55, 'az': 0.7, 'gx': -4.27, 'gy': -1.65, 'gz': -0.4}, {'t_us': 2106093306, 'ax': -0.17, 'ay': 0.56, 'az': 0.7, 'gx': -4.03, 'gy': -1.77, 'gz': -0.64}, {'t_us': 2106113333, 'ax': -0.18, 'ay': 0.56, 'az': 0.7, 'gx': -3.97, 'gy': 1.59, 'gz': -0.56}, {'t_us': 2106133267, 'ax': -0.19, 'ay': 0.58, 'az': 0.7, 'gx': -3.31, 'gy': 1.28, 'gz': 0.18}]",2026-02-13 11:14:29,0.0
"[{'t_us': 2106158147, 'ax': -0.19, 'ay': 0.58, 'az': 0.71, 'gx': -2.66, 'gy': -0.63, 'gz': 0.12}, {'t_us': 2106173300, 'ax': -0.17, 'ay': 0.57, 'az': 0.7, 'gx': -2.67, 'gy': -0.46, 'gz': 0.34}, {'t_us': 2106193310, 'ax': -0.17, 'ay': 0.57, 'az': 0.73, 'gx': -3.66, 'gy': 3.36, 'gz': 0.56}, {'t_us': 2106213267, 'ax': -0.18, 'ay': 0.56, 'az': 0.7, 'gx': -4.31, 'gy': 4.09, 'gz': 0.44}, {'t_us': 2106233279, 'ax': -0.17, 'ay': 0.57, 'az': 0.71, 'gx': -3.77, 'gy': 1.82, 'gz': 0.38}]",2026-02-13 11:14:30,0.0
"[{'t_us': 2106260089, 'ax': -0.17, 'ay': 0.56, 'az': 0.7, 'gx': -2.98, 'gy': 4.06, 'gz': 0.56}, {'t_us': 2106273333, 'ax': -0.17, 'ay': 0.56, 'az': 0.7, 'gx': -2.26, 'gy': 3.51, 'gz': 0.73}, {'t_us': 2106293267, 'ax': -0.18, 'ay': 0.56, 'az': 0.72, 'gx': -2.14, 'gy': 2.08, 'gz': 0.87}, {'t_us': 2106313306, 'ax': -0.18, 'ay': 0.56, 'az': 0.7, 'gx': -0.78, 'gy': 1.5, 'gz': 0.84}, {'t_us': 2106333329, 'ax': -0.17, 'ay': 0.56, 'az': 0.71, 'gx': 0.64, 'gy': 1.98, 'gz': 1.18}]",2026-02-13 11:14:30,0.0
"[{'t_us': 2106358333, 'ax': -0.18, 'ay': 0.57, 'az': 0.71, 'gx': 0.66, 'gy': 1.24, 'gz': 0.61}, {'t_us': 2106373310, 'ax': -0.17, 'ay': 0.57, 'az': 0.71, 'gx': 0.24, 'gy': 2.11, 'gz': 0.49}, {'t_us': 2106393333, 'ax': -0.17, 'ay': 0.57, 'az': 0.71, 'gx': 0.24, 'gy': 3.02, 'gz': 0.56}, {'t_us': 2106413292, 'ax': -0.16, 'ay': 0.58, 'az': 0.7, 'gx': 0.31, 'gy': 3.45, 'gz': 0.73}, {'t_us': 2106433321, 'ax': -0.17, 'ay': 0.58, 'az': 0.69, 'gx': -0.08, 'gy': 2.63, 'gz': 0.72}]",2026-02-13 11:14:30,0.0
"[{'t_us': 2106460203, 'ax': -0.17, 'ay': 0.59, 'az': 0.69, 'gx': -1.73, 'gy': 1.65, 'gz': 0.46}, {'t_us': 2106473317, 'ax': -0.16, 'ay': 0.59, 'az': 0.69, 'gx': -2.53, 'gy': 1.57, 'gz': 0.0}, {'t_us': 2106493329, 'ax': -0.16, 'ay': 0.59, 'az': 0.67, 'gx': -3.24, 'gy': 1.53, 'gz': -0.24}, {'t_us': 2106513284, 'ax': -0.16, 'ay': 0.59, 'az': 0.69, 'gx': -3.69, 'gy': 1.57, 'gz': -0.55}, {'t_us': 2106533292, 'ax': -0.15, 'ay': 0.58, 'az': 0.7, 'gx': -4.09, 'gy': 1.91, 'gz': -0.37}]",2026-02-13 11:14:30,0.0
"[{'t_us': 2106558403, 'ax': -0.17, 'ay': 0.59, 'az': 0.7, 'gx': -4.96, 'gy': 2.27, 'gz': -0.35}, {'t_us': 2106573321, 'ax': -0.17, 'ay': 0.59, 'az': 0.7, 'gx': -5.25, 'gy': 2.32, 'gz': -0.37}, {'t_us': 2106593284, 'ax': -0.15, 'ay': 0.57, 'az': 0.7, 'gx': -4.84, 'gy': 2.53, 'gz': -0.53}, {'t_us': 2106613284, 'ax': -0.16, 'ay': 0.57, 'az': 0.71, 'gx': -4.92, 'gy': 2.61, 'gz': -0.27}, {'t_us': 2106633292, 'ax': -0.17, 'ay': 0.57, 'az': 0.7, 'gx': -4.69, 'gy': 2.78, 'gz': -0.21}]",2026-02-13 11:14:30,0.0
"[{'t_us': 2106659348, 'ax': -0.17, 'ay': 0.57, 'az': 0.71, 'gx': -4.46, 'gy': 2.23, 'gz': -0.14}, {'t_us': 2106673317, 'ax': -0.18, 'ay': 0.57, 'az': 0.7, 'gx': -4.5, 'gy': 1.74, 'gz': -0.38}, {'t_us': 2106693329, 'ax': -0.16, 'ay': 0.57, 'az': 0.72, 'gx': -4.06, 'gy': 2.41, 'gz': -0.24}, {'t_us': 2106713284, 'ax': -0.17, 'ay': 0.56, 'az': 0.71, 'gx': -3.45, 'gy': 4.18, 'gz': -0.29}, {'t_us': 2106733310, 'ax': -0.18, 'ay': 0.57, 'az': 0.71, 'gx': -2.78, 'gy': 3.04, 'gz': -0.5}]",2026-02-13 11:14:30,0.0
"[{'t_us': 2106761472, 'ax': -0.17, 'ay': 0.58, 'az': 0.7, 'gx': -1.85, 'gy': 2.96, 'gz': -0.41}, {'t_us': 2106773311, 'ax': -0.18, 'ay': 0.57, 'az': 0.71, 'gx': -1.83, 'gy': 3.21, 'gz': -0.26}, {'t_us': 2106793317, 'ax': -0.16, 'ay': 0.56, 'az': 0.72, 'gx': -2.29, 'gy': 5.71, 'gz': -0.26}, {'t_us': 2106813270, 'ax': -0.17, 'ay': 0.55, 'az': 0.7, 'gx': -1.86, 'gy': 2.24, 'gz': -0.17}, {'t_us': 2106833274, 'ax': -0.15, 'ay': 0.57, 'az': 0.71, 'gx': -1.31, 'gy': 3.21, 'gz': -0.12}]",2026-02-13 11:14:30,0.0
"[{'t_us': 2106861267, 'ax': -0.17, 'ay': 0.56, 'az': 0.69, 'gx': -0.98, 'gy': 4.11, 'gz': -0.08}, {'t_us': 2106875152, 'ax': -0.16, 'ay': 0.58, 'az': 0.68, 'gx': -1.8, 'gy': 1.8, 'gz': -0.23}, {'t_us': 2106893279, 'ax': -0.16, 'ay': 0.58, 'az': 0.69, 'gx': -2.34, 'gy': 1.22, 'gz': -0.09}, {'t_us': 2106913317, 'ax': -0.16, 'ay': 0.59, 'az': 0.7, 'gx': -2.92, 'gy': 2.43, 'gz': -0.21}, {'t_us': 2106933301, 'ax': -0.17, 'ay': 0.59, 'az': 0.7, 'gx': -3.33, 'gy': 3.02, 'gz': -0.03}]",2026-02-13 11:14:30,0.0
"[{'t_us': 2106958628, 'ax': -0.15, 'ay': 0.58, 'az': 0.69, 'gx': -3.47, 'gy': 4.29, 'gz': -0.06}, {'t_us': 2106973325, 'ax': -0.17, 'ay': 0.59, 'az': 0.69, 'gx': -3.77, 'gy': 4.46, 'gz': -0.31}, {'t_us': 2106993329, 'ax': -0.17, 'ay': 0.58, 'az': 0.69, 'gx': -4.11, 'gy': 3.1, 'gz': -0.34}, {'t_us': 2107013284, 'ax': -0.17, 'ay': 0.58, 'az': 0.69, 'gx': -3.92, 'gy': 1.97, 'gz': -0.08}, {'t_us': 2107033333, 'ax': -0.17, 'ay': 0.58, 'az': 0.71, 'gx': -4.61, 'gy': 1.68, 'gz': -0.27}]",2026-02-13 11:14:30,0.0
"[{'t_us': 2107060241, 'ax': -0.16, 'ay': 0.58, 'az': 0.7, 'gx': -4.52, 'gy': 1.63, 'gz': -0.15}, {'t_us': 2107073270, 'ax': -0.16, 'ay': 0.57, 'az': 0.71, 'gx': -3.95, 'gy': 2.27, 'gz': 0.15}, {'t_us': 2107093274, 'ax': -0.16, 'ay': 0.58, 'az': 0.71, 'gx': -3.47, 'gy': 3.51, 'gz': 0.11}, {'t_us': 2107113310, 'ax': -0.17, 'ay': 0.57, 'az': 0.7, 'gx': -3.44, 'gy': 2.95, 'gz': -0.14}, {'t_us': 2107133333, 'ax': -0.15, 'ay': 0.57, 'az': 0.7, 'gx': -3.68, 'gy': 2.63, 'gz': -0.06}]",2026-02-13 11:14:30,0.0
"[{'t_us': 2107157805, 'ax': -0.16, 'ay': 0.57, 'az': 0.7, 'gx': -3.15, 'gy': 2.46, 'gz': -0.06}, {'t_us': 2107173267, 'ax': -0.17, 'ay': 0.57, 'az': 0.71, 'gx': -3.4, 'gy': 2.92, 'gz': 0.0}, {'t_us': 2107193267, 'ax': -0.16, 'ay': 0.58, 'az': 0.71, 'gx': -3.34, 'gy': 4.14, 'gz': -0.24}, {'t_us': 2107213306, 'ax': -0.16, 'ay': 0.58, 'az': 0.7, 'gx': -3.22, 'gy': 4.55, 'gz': -0.21}, {'t_us': 2107233310, 'ax': -0.16, 'ay': 0.58, 'az': 0.7, 'gx': -2.98, 'gy': 4.67, 'gz': -0.32}]",2026-02-13 11:14:31,0.0
"[{'t_us': 2107259375, 'ax': -0.16, 'ay': 0.57, 'az': 0.69, 'gx': -2.75, 'gy': 3.88, 'gz': -0.18}, {'t_us': 2107273303, 'ax': -0.17, 'ay': 0.57, 'az': 0.7, 'gx': -2.81, 'gy': 2.89, 'gz': -0.18}, {'t_us': 2107293333, 'ax': -0.16, 'ay': 0.58, 'az': 0.7, 'gx': -3.34, 'gy': 3.65, 'gz': -0.21}, {'t_us': 2107313267, 'ax': -0.16, 'ay': 0.58, 'az': 0.71, 'gx': -3.19, 'gy': 3.59, 'gz': -0.11}, {'t_us': 2107333310, 'ax': -0.16, 'ay': 0.57, 'az': 0.71, 'gx': -3.37, 'gy': 4.93, 'gz': -0.4}]",2026-02-13 11:14:31,0.0
"[{'t_us': 2107359872, 'ax': -0.17, 'ay': 0.58, 'az': 0.69, 'gx': -2.82, 'gy': 3.53, 'gz': -0.52}, {'t_us': 2107373333, 'ax': -0.17, 'ay': 0.57, 'az': 0.7, 'gx': -2.49, 'gy': 2.6, 'gz': -0.5}, {'t_us': 2107393291, 'ax': -0.18, 'ay': 0.57, 'az': 0.7, 'gx': -2.61, 'gy': 1.71, 'gz': -0.31}, {'t_us': 2107413300, 'ax': -0.16, 'ay': 0.57, 'az': 0.72, 'gx': -3.82, 'gy': 4.14, 'gz': -0.05}, {'t_us': 2107433329, 'ax': -0.17, 'ay': 0.57, 'az': 0.69, 'gx': -4.26, 'gy': 2.53, 'gz': -0.41}]",2026-02-13 11:14:31,0.0
"[{'t_us': 2107459106, 'ax': -0.16, 'ay': 0.58, 'az': 0.71, 'gx': -3.77, 'gy': 2.69, 'gz': 0.18}, {'t_us': 2107476531, 'ax': -0.16, 'ay': 0.58, 'az': 0.71, 'gx': -3.44, 'gy': 4.14, 'gz': 0.12}, {'t_us': 2107493321, 'ax': -0.17, 'ay': 0.57, 'az': 0.7, 'gx': -3.66, 'gy': 3.33, 'gz': -0.15}, {'t_us': 2107513274, 'ax': -0.16, 'ay': 0.57, 'az': 0.71, 'gx': -4.0, 'gy': 2.75, 'gz': 0.06}, {'t_us': 2107533270, 'ax': -0.16, 'ay': 0.58, 'az': 0.7, 'gx': -3.77, 'gy': 3.37, 'gz': 0.08}]",2026-02-13 11:14:31,0.0
"[{'t_us': 2107559305, 'ax': -0.17, 'ay': 0.57, 'az': 0.7, 'gx': -3.13, 'gy': 3.54, 'gz': 0.14}, {'t_us': 2107573333, 'ax': -0.17, 'ay': 0.57, 'az': 0.71, 'gx': -3.3, 'gy': 3.66, 'gz': 0.0}, {'t_us': 2107593274, 'ax': -0.16, 'ay': 0.57, 'az': 0.7, 'gx': -3.16, 'gy': 4.12, 'gz': -0.17}, {'t_us': 2107613310, 'ax': -0.17, 'ay': 0.57, 'az': 0.7, 'gx': -2.96, 'gy': 4.23, 'gz': -0.17}, {'t_us': 2107633279, 'ax': -0.17, 'ay': 0.58, 'az': 0.69, 'gx': -2.95, 'gy': 2.69, 'gz': -0.06}]",2026-02-13 11:14:31,0.0
"[{'t_us': 2107657788, 'ax': -0.16, 'ay': 0.58, 'az': 0.7, 'gx': -3.04, 'gy': 2.63, 'gz': 0.05}, {'t_us': 2107673317, 'ax': -0.16, 'ay': 0.57, 'az': 0.7, 'gx': -3.05, 'gy': 3.18, 'gz': -0.17}, {'t_us': 2107693284, 'ax': -0.16, 'ay': 0.58, 'az': 0.7, 'gx': -3.34, 'gy': 2.29, 'gz': -0.37}, {'t_us': 2107713317, 'ax': -0.17, 'ay': 0.58, 'az': 0.7, 'gx': -3.36, 'gy': 2.11, 'gz': -0.32}, {'t_us': 2107733267, 'ax': -0.16, 'ay': 0.58, 'az': 0.7, 'gx': -3.51, 'gy': 2.35, 'gz': -0.11}]",2026-02-13 11:14:31,0.0
"[{'t_us': 2107759447, 'ax': -0.16, 'ay': 0.58, 'az': 0.7, 'gx': -4.11, 'gy': 2.95, 'gz': -0.05}, {'t_us': 2107773310, 'ax': -0.16, 'ay': 0.57, 'az': 0.7, 'gx': -4.17, 'gy': 2.64, 'gz': 0.08}, {'t_us': 2107793317, 'ax': -0.16, 'ay': 0.57, 'az': 0.7, 'gx': -4.55, 'gy': 2.44, 'gz': -0.08}, {'t_us': 2107813270, 'ax': -0.16, 'ay': 0.58, 'az': 0.7, 'gx': -4.47, 'gy': 2.7, 'gz': 0.26}, {'t_us': 2107833320, 'ax': -0.16, 'ay': 0.57, 'az': 0.69, 'gx': -4.55, 'gy': 3.08, 'gz': 0.02}]",2026-02-13 11:14:31,0.0
"[{'t_us': 2107857903, 'ax': -0.17, 'ay': 0.57, 'az': 0.7, 'gx': -4.21, 'gy': 3.6, 'gz': 0.21}, {'t_us': 2107873283, 'ax': -0.16, 'ay': 0.58, 'az': 0.71, 'gx': -4.29, 'gy': 3.97, 'gz': 0.27}, {'t_us': 2107893292, 'ax': -0.16, 'ay': 0.57, 'az': 0.7, 'gx': -4.21, 'gy': 4.29, 'gz': -0.08}, {'t_us': 2107913310, 'ax': -0.16, 'ay': 0.57, 'az': 0.7, 'gx': -3.83, 'gy': 3.82, 'gz': 0.02}, {'t_us': 2107933267, 'ax': -0.16, 'ay': 0.57, 'az': 0.7, 'gx': -3.76, 'gy': 2.61, 'gz': -0.08}]",2026-02-13 11:14:31,0.0
"[{'t_us': 2107958398, 'ax': -0.16, 'ay': 0.57, 'az': 0.71, 'gx': -3.82, 'gy': 2.24, 'gz': -0.21}, {'t_us': 2107973333, 'ax': -0.16, 'ay': 0.57, 'az': 0.7, 'gx': -3.65, 'gy': 1.91, 'gz': -0.11}, {'t_us': 2107993292, 'ax': -0.16, 'ay': 0.57, 'az': 0.71, 'gx': -3.37, 'gy': 2.82, 'gz': -0.08}, {'t_us': 2108013321, 'ax': -0.16, 'ay': 0.57, 'az': 0.7, 'gx': -3.07, 'gy': 3.86, 'gz': -0.47}, {'t_us': 2108033313, 'ax': -0.16, 'ay': 0.57, 'az': 0.7, 'gx': -2.49, 'gy': 2.64, 'gz': -0.38}]",2026-02-13 11:14:31,0.0
"[{'t_us': 2108059369, 'ax': -0.16, 'ay': 0.57, 'az': 0.72, 'gx': -1.63, 'gy': 1.98, 'gz': 0.02}, {'t_us': 2108073279, 'ax': -0.16, 'ay': 0.58, 'az': 0.71, 'gx': -2.4, 'gy': 3.71, 'gz': -0.05}, {'t_us': 2108093270, 'ax': -0.16, 'ay': 0.58, 'az': 0.71, 'gx': -3.97, 'gy': 5.85, 'gz': -0.34}, {'t_us': 2108113306, 'ax': -0.17, 'ay': 0.57, 'az': 0.69, 'gx': -2.99, 'gy': 2.82, 'gz': -0.32}, {'t_us': 2108133329, 'ax': -0.16, 'ay': 0.58, 'az': 0.7, 'gx': -2.85, 'gy': 4.32, 'gz': -0.09}]",2026-02-13 11:14:31,0.0
"[{'t_us': 2108159371, 'ax': -0.17, 'ay': 0.58, 'az': 0.7, 'gx': -2.41, 'gy': 4.64, 'gz': 0.0}, {'t_us': 2108173325, 'ax': -0.16, 'ay': 0.58, 'az': 0.7, 'gx': -3.19, 'gy': 3.56, 'gz': -0.18}, {'t_us': 2108193325, 'ax': -0.16, 'ay': 0.58, 'az': 0.7, 'gx': -3.71, 'gy': 2.75, 'gz': -0.17}, {'t_us': 2108213279, 'ax': -0.16, 'ay': 0.58, 'az': 0.71, 'gx': -3.63, 'gy': 3.36, 'gz': -0.24}, {'t_us': 2108233321, 'ax': -0.16, 'ay': 0.58, 'az': 0.7, 'gx': -3.59, 'gy': 3.97, 'gz': -0.2}]",2026-02-13 11:14:32,0.0
"[{'t_us': 2108259484, 'ax': -0.16, 'ay': 0.57, 'az': 0.7, 'gx': -3.62, 'gy': 4.84, 'gz': -0.14}, {'t_us': 2108274046, 'ax': -0.16, 'ay': 0.57, 'az': 0.69, 'gx': -3.39, 'gy': 4.58, 'gz': -0.17}, {'t_us': 2108293279, 'ax': -0.16, 'ay': 0.57, 'az': 0.7, 'gx': -3.18, 'gy': 3.45, 'gz': -0.18}, {'t_us': 2108313317, 'ax': -0.17, 'ay': 0.57, 'az': 0.69, 'gx': -3.19, 'gy': 2.63, 'gz': -0.11}, {'t_us': 2108333274, 'ax': -0.17, 'ay': 0.57, 'az': 0.71, 'gx': -3.76, 'gy': 3.01, 'gz': 0.05}]",2026-02-13 11:14:32,0.0
"[{'t_us': 2108359488, 'ax': -0.16, 'ay': 0.57, 'az': 0.7, 'gx': -3.45, 'gy': 3.3, 'gz': -0.18}, {'t_us': 2108373709, 'ax': -0.16, 'ay': 0.58, 'az': 0.71, 'gx': -3.48, 'gy': 3.1, 'gz': -0.2}, {'t_us': 2108393326, 'ax': -0.16, 'ay': 0.57, 'az': 0.71, 'gx': -2.92, 'gy': 3.15, 'gz': 0.0}, {'t_us': 2108413310, 'ax': -0.16, 'ay': 0.58, 'az': 0.7, 'gx': -2.82, 'gy': 3.6, 'gz': -0.11}, {'t_us': 2108433310, 'ax': -0.17, 'ay': 0.58, 'az': 0.71, 'gx': -2.69, 'gy': 3.74, 'gz': -0.27}]",2026-02-13 11:14:32,0.0
"[{'t_us': 2108459357, 'ax': -0.16, 'ay': 0.58, 'az': 0.71, 'gx': -2.85, 'gy': 4.18, 'gz': -0.11}, {'t_us': 2108473300, 'ax': -0.16, 'ay': 0.58, 'az': 0.71, 'gx': -3.13, 'gy': 4.14, 'gz': -0.4}, {'t_us': 2108493279, 'ax': -0.16, 'ay': 0.57, 'az': 0.7, 'gx': -2.92, 'gy': 4.02, 'gz': -0.32}, {'t_us': 2108513292, 'ax': -0.16, 'ay': 0.57, 'az': 0.69, 'gx': -3.04, 'gy': 3.51, 'gz': -0.23}, {'t_us': 2108533333, 'ax': -0.16, 'ay': 0.58, 'az': 0.69, 'gx': -3.66, 'gy': 2.56, 'gz': -0.12}]",2026-02-13 11:14:32,0.0
"[{'t_us': 2108559441, 'ax': -0.17, 'ay': 0.58, 'az': 0.71, 'gx': -4.26, 'gy': 2.75, 'gz': -0.12}, {'t_us': 2108573297, 'ax': -0.17, 'ay': 0.58, 'az': 0.7, 'gx': -4.26, 'gy': 3.37, 'gz': -0.11}, {'t_us': 2108593331, 'ax': -0.16, 'ay': 0.57, 'az': 0.7, 'gx': -4.21, 'gy': 4.18, 'gz': -0.03}, {'t_us': 2108613292, 'ax': -0.16, 'ay': 0.57, 'az': 0.7, 'gx': -3.77, 'gy': 3.56, 'gz': 0.06}, {'t_us': 2108633274, 'ax': -0.17, 'ay': 0.57, 'az': 0.7, 'gx': -3.91, 'gy': 2.87, 'gz': 0.46}]",2026-02-13 11:14:32,0.0
"[{'t_us': 2108657672, 'ax': -0.17, 'ay': 0.58, 'az': 0.7, 'gx': -4.66, 'gy': 0.92, 'gz': 0.11}, {'t_us': 2108673311, 'ax': -0.16, 'ay': 0.58, 'az': 0.71, 'gx': -4.55, 'gy': 1.51, 'gz': 0.15}, {'t_us': 2108693317, 'ax': -0.15, 'ay': 0.58, 'az': 0.71, 'gx': -4.31, 'gy': 2.32, 'gz': 0.03}, {'t_us': 2108713267, 'ax': -0.16, 'ay': 0.57, 'az': 0.71, 'gx': -3.85, 'gy': 4.14, 'gz': 0.05}, {'t_us': 2108733278, 'ax': -0.17, 'ay': 0.57, 'az': 0.69, 'gx': -3.25, 'gy': 3.51, 'gz': -0.2}]",2026-02-13 11:14:32,0.0
"[{'t_us': 2108759405, 'ax': -0.16, 'ay': 0.57, 'az': 0.72, 'gx': -2.82, 'gy': 3.28, 'gz': -0.4}, {'t_us': 2108773286, 'ax': -0.17, 'ay': 0.57, 'az': 0.71, 'gx': -2.7, 'gy': 4.18, 'gz': 0.0}, {'t_us': 2108793300, 'ax': -0.15, 'ay': 0.56, 'az': 0.71, 'gx': -2.61, 'gy': 7.15, 'gz': 0.14}, {'t_us': 2108813329, 'ax': -0.16, 'ay': 0.56, 'az': 0.68, 'gx': -3.53, 'gy': 6.17, 'gz': 0.08}, {'t_us': 2108833270, 'ax': -0.18, 'ay': 0.56, 'az': 0.67, 'gx': -3.19, 'gy': -1.01, 'gz': -0.11}]",2026-02-13 11:14:32,0.0
"[{'t_us': 2108859422, 'ax': -0.16, 'ay': 0.57, 'az': 0.71, 'gx': -2.79, 'gy': -0.79, 'gz': -0.14}, {'t_us': 2108873279, 'ax': -0.16, 'ay': 0.58, 'az': 0.71, 'gx': -2.78, 'gy': 0.66, 'gz': -0.12}, {'t_us': 2108893284, 'ax': -0.16, 'ay': 0.58, 'az': 0.72, 'gx': -3.24, 'gy': 2.41, 'gz': -0.02}, {'t_us': 2108913329, 'ax': -0.16, 'ay': 0.59, 'az': 0.7, 'gx': -2.95, 'gy': 4.55, 'gz': -0.18}, {'t_us': 2108933284, 'ax': -0.17, 'ay': 0.58, 'az': 0.69, 'gx': -3.28, 'gy': 3.57, 'gz': -0.49}]",2026-02-13 11:14:32,0.0
"[{'t_us': 2108958111, 'ax': -0.15, 'ay': 0.58, 'az': 0.71, 'gx': -3.69, 'gy': 1.91, 'gz': -0.56}, {'t_us': 2108973270, 'ax': -0.15, 'ay': 0.57, 'az': 0.71, 'gx': -3.86, 'gy': 3.1, 'gz': -0.12}, {'t_us': 2108993270, 'ax': -0.17, 'ay': 0.58, 'az': 0.7, 'gx': -3.82, 'gy': 3.39, 'gz': 0.03}, {'t_us': 2109013300, 'ax': -0.17, 'ay': 0.57, 'az': 0.7, 'gx': -3.85, 'gy': 1.51, 'gz': 0.09}, {'t_us': 2109033306, 'ax': -0.17, 'ay': 0.57, 'az': 0.71, 'gx': -3.63, 'gy': 1.34, 'gz': 0.17}]",2026-02-13 11:14:32,0.0
"[{'t_us': 2109059755, 'ax': -0.16, 'ay': 0.58, 'az': 0.7, 'gx': -3.95, 'gy': 1.94, 'gz': 0.09}, {'t_us': 2109073326, 'ax': -0.16, 'ay': 0.58, 'az': 0.7, 'gx': -3.92, 'gy': 1.5, 'gz': 0.05}, {'t_us': 2109093329, 'ax': -0.16, 'ay': 0.57, 'az': 0.7, 'gx': -3.8, 'gy': 0.5, 'gz': 0.09}, {'t_us': 2109113326, 'ax': -0.15, 'ay': 0.57, 'az': 0.7, 'gx': -3.68, 'gy': 0.7, 'gz': -0.14}, {'t_us': 2109133329, 'ax': -0.16, 'ay': 0.57, 'az': 0.71, 'gx': -3.6, 'gy': 1.07, 'gz': -0.05}]",2026-02-13 11:14:32,0.0
"[{'t_us': 2109159959, 'ax': -0.16, 'ay': 0.57, 'az': 0.71, 'gx': -4.05, 'gy': 1.53, 'gz': -0.12}, {'t_us': 2109173320, 'ax': -0.16, 'ay': 0.57, 'az': 0.71, 'gx': -4.03, 'gy': 1.59, 'gz': -0.23}, {'t_us': 2109193329, 'ax': -0.16, 'ay': 0.57, 'az': 0.71, 'gx': -4.14, 'gy': 1.65, 'gz': -0.27}, {'t_us': 2109213353, 'ax': -0.15, 'ay': 0.57, 'az': 0.7, 'gx': -3.86, 'gy': 2.06, 'gz': -0.18}, {'t_us': 2109233321, 'ax': -0.15, 'ay': 0.57, 'az': 0.71, 'gx': -4.26, 'gy': 2.79, 'gz': -0.47}]",2026-02-13 11:14:33,0.0
"[{'t_us': 2109259925, 'ax': -0.16, 'ay': 0.57, 'az': 0.7, 'gx': -4.78, 'gy': 3.54, 'gz': -0.66}, {'t_us': 2109273289, 'ax': -0.16, 'ay': 0.58, 'az': 0.7, 'gx': -5.22, 'gy': 3.5, 'gz': -0.5}, {'t_us': 2109293300, 'ax': -0.15, 'ay': 0.58, 'az': 0.71, 'gx': -5.28, 'gy': 3.07, 'gz': -0.43}, {'t_us': 2109313292, 'ax': -0.15, 'ay': 0.57, 'az': 0.71, 'gx': -5.11, 'gy': 3.62, 'gz': -0.32}, {'t_us': 2109333300, 'ax': -0.16, 'ay': 0.57, 'az': 0.71, 'gx': -4.23, 'gy': 2.99, 'gz': 0.55}]",2026-02-13 11:14:33,0.0
"[{'t_us': 2109359411, 'ax': -0.16, 'ay': 0.57, 'az': 0.72, 'gx': -3.89, 'gy': 2.11, 'gz': 0.34}, {'t_us': 2109373317, 'ax': -0.17, 'ay': 0.57, 'az': 0.71, 'gx': -4.06, 'gy': 1.91, 'gz': 0.09}, {'t_us': 2109393329, 'ax': -0.15, 'ay': 0.57, 'az': 0.71, 'gx': -3.79, 'gy': 1.83, 'gz': -0.27}, {'t_us': 2109413297, 'ax': -0.16, 'ay': 0.55, 'az': 0.7, 'gx': -3.82, 'gy': 3.39, 'gz': -0.03}, {'t_us': 2109433321, 'ax': -0.15, 'ay': 0.56, 'az': 0.72, 'gx': -3.4, 'gy': 3.69, 'gz': -0.15}]",2026-02-13 11:14:33,0.0
"[{'t_us': 2109458252, 'ax': -0.16, 'ay': 0.56, 'az': 0.7, 'gx': -2.55, 'gy': 4.79, 'gz': -0.24}, {'t_us': 2109473274, 'ax': -0.16, 'ay': 0.57, 'az': 0.71, 'gx': -2.37, 'gy': 3.16, 'gz': -0.26}, {'t_us': 2109493279, 'ax': -0.16, 'ay': 0.57, 'az': 0.7, 'gx': -1.59, 'gy': 3.21, 'gz': -0.11}, {'t_us': 2109513310, 'ax': -0.16, 'ay': 0.57, 'az': 0.71, 'gx': -1.42, 'gy': 3.31, 'gz': -0.18}, {'t_us': 2109533321, 'ax': -0.15, 'ay': 0.57, 'az': 0.73, 'gx': -1.88, 'gy': 6.89, 'gz': -0.11}]",2026-02-13 11:14:33,0.0
"[{'t_us': 2109558014, 'ax': -0.16, 'ay': 0.57, 'az': 0.68, 'gx': -2.67, 'gy': 3.98, 'gz': -0.08}, {'t_us': 2109573326, 'ax': -0.15, 'ay': 0.58, 'az': 0.71, 'gx': -2.92, 'gy': 2.32, 'gz': -0.2}, {'t_us': 2109593326, 'ax': -0.14, 'ay': 0.58, 'az': 0.71, 'gx': -2.89, 'gy': 4.92, 'gz': -0.2}, {'t_us': 2109613321, 'ax': -0.15, 'ay': 0.58, 'az': 0.71, 'gx': -2.79, 'gy': 5.74, 'gz': -0.21}, {'t_us': 2109633329, 'ax': -0.16, 'ay': 0.58, 'az': 0.7, 'gx': -3.27, 'gy': 5.22, 'gz': -0.09}]",2026-02-13 11:14:33,
